Date,Open,High,Low,Close,Volume
2012-10-01,234.0,234.0,229.0,233.0,119000
2012-10-02,232.0,235.0,231.0,231.0,145000
2012-10-03,230.0,232.0,228.0,230.0,180000
2012-10-04,231.0,238.0,229.0,235.0,163000
2012-10-05,236.0,236.0,230.0,235.0,142000
2012-10-09,236.0,238.0,233.0,235.0,245000
2012-10-10,231.0,236.0,229.0,234.0,243000
2012-10-11,231.0,234.0,227.0,227.0,360000
2012-10-12,227.0,228.0,221.0,226.0,362000
2012-10-15,225.0,228.0,222.0,226.0,182000
2012-10-16,225.0,226.0,223.0,224.0,137000
2012-10-17,222.0,230.0,221.0,227.0,220000
2012-10-18,228.0,231.0,227.0,229.0,172000
2012-10-19,227.0,231.0,227.0,228.0,186000
2012-10-22,227.0,232.0,225.0,231.0,206000
2012-10-23,231.0,231.0,228.0,229.0,143000
2012-10-24,226.0,227.0,226.0,227.0,207000
2012-10-25,226.0,237.0,226.0,236.0,327000
2012-10-26,237.0,238.0,231.0,233.0,291000
2012-10-29,234.0,241.0,233.0,240.0,487000
2012-10-30,241.0,242.0,235.0,236.0,687000
2012-10-31,238.0,243.0,237.0,241.0,501000
2012-11-01,226.0,238.0,219.0,220.0,930000
2012-11-02,227.0,227.0,215.0,221.0,680000
2012-11-05,220.0,220.0,212.0,215.0,195000
2012-11-06,214.0,214.0,207.0,210.0,287000
2012-11-07,210.0,210.0,207.0,207.0,254000
2012-11-08,205.0,206.0,199.0,200.0,589000
2012-11-09,200.0,200.0,192.0,194.0,487000
2012-11-12,193.0,193.0,186.0,190.0,543000
2012-11-13,190.0,190.0,183.0,187.0,431000
2012-11-14,188.0,191.0,186.0,190.0,375000
2012-11-15,192.0,198.0,192.0,197.0,359000
2012-11-16,197.0,201.0,196.0,201.0,573000
2012-11-19,202.0,205.0,201.0,203.0,644000
2012-11-20,206.0,207.0,200.0,201.0,415000
2012-11-21,203.0,203.0,200.0,201.0,273000
2012-11-22,204.0,206.0,203.0,206.0,284000
2012-11-26,209.0,210.0,205.0,207.0,565000
2012-11-27,208.0,212.0,207.0,210.0,505000
2012-11-28,208.0,209.0,204.0,204.0,344000
2012-11-29,205.0,206.0,204.0,204.0,287000
2012-11-30,204.0,205.0,200.0,201.0,582000
2012-12-03,208.0,213.0,203.0,210.0,802000
2012-12-04,210.0,210.0,206.0,207.0,425000
2012-12-05,207.0,207.0,203.0,204.0,550000
2012-12-06,206.0,207.0,204.0,206.0,658000
2012-12-07,205.0,209.0,205.0,207.0,580000
2012-12-10,210.0,210.0,205.0,206.0,494000
2012-12-11,208.0,209.0,207.0,209.0,298000
2012-12-12,209.0,210.0,207.0,209.0,344000
2012-12-13,212.0,212.0,210.0,210.0,386000
2012-12-14,212.0,221.0,211.0,219.0,1191000
2012-12-17,222.0,224.0,219.0,219.0,742000
2012-12-18,221.0,230.0,220.0,227.0,1190000
2012-12-19,229.0,252.0,229.0,246.0,2428000
2012-12-20,247.0,250.0,242.0,246.0,1127000
2012-12-21,254.0,260.0,246.0,249.0,1606000
2012-12-25,258.0,258.0,252.0,253.0,661000
2012-12-26,260.0,263.0,255.0,263.0,1146000
2012-12-27,267.0,268.0,264.0,266.0,991000
2012-12-28,269.0,269.0,259.0,262.0,713000
2013-01-04,270.0,272.0,265.0,268.0,774000
2013-01-07,270.0,270.0,264.0,268.0,679000
2013-01-08,270.0,273.0,264.0,266.0,632000
2013-01-09,262.0,270.0,261.0,268.0,587000
2013-01-10,269.0,271.0,267.0,271.0,361000
2013-01-11,272.0,273.0,267.0,267.0,605000
2013-01-15,270.0,272.0,267.0,269.0,493000
2013-01-16,269.0,269.0,261.0,262.0,745000
2013-01-17,262.0,262.0,247.0,253.0,1052000
2013-01-18,256.0,257.0,248.0,255.0,895000
2013-01-21,261.0,262.0,253.0,257.0,684000
2013-01-22,257.0,257.0,250.0,252.0,649000
2013-01-23,250.0,250.0,241.0,243.0,634000
2013-01-24,238.0,247.0,238.0,246.0,441000
2013-01-25,252.0,255.0,249.0,253.0,606000
2013-01-28,256.0,256.0,245.0,246.0,752000
2013-01-29,246.0,247.0,238.0,242.0,871000
2013-01-30,243.0,254.0,242.0,251.0,684000
2013-01-31,253.0,255.0,249.0,251.0,689000
2013-02-01,252.0,254.0,246.0,246.0,568000
2013-02-04,248.0,248.0,242.0,245.0,437000
2013-02-05,242.0,247.0,240.0,240.0,862000
2013-02-06,242.0,245.0,241.0,242.0,740000
2013-02-07,241.0,245.0,240.0,244.0,687000
2013-02-08,245.0,245.0,239.0,241.0,578000
2013-02-12,242.0,244.0,236.0,241.0,875000
2013-02-13,217.0,226.0,213.0,215.0,2858000
2013-02-14,210.0,211.0,205.0,205.0,1780000
2013-02-15,206.0,208.0,197.0,200.0,1258000
2013-02-18,201.0,210.0,201.0,208.0,1256000
2013-02-19,206.0,211.0,205.0,207.0,1043000
2013-02-20,209.0,210.0,206.0,208.0,796000
2013-02-21,208.0,211.0,207.0,210.0,544000
2013-02-22,208.0,209.0,203.0,206.0,946000
2013-02-25,209.0,210.0,206.0,207.0,603000
2013-02-26,206.0,208.0,205.0,205.0,589000
2013-02-27,208.0,213.0,206.0,210.0,1033000
2013-02-28,209.0,210.0,205.0,208.0,1336000
2013-03-01,207.0,209.0,207.0,209.0,767000
2013-03-04,213.0,213.0,208.0,210.0,812000
2013-03-05,212.0,212.0,210.0,211.0,497000
2013-03-06,212.0,214.0,212.0,213.0,394000
2013-03-07,214.0,214.0,211.0,213.0,677000
2013-03-08,212.0,215.0,212.0,214.0,1121000
2013-03-11,217.0,225.0,216.0,219.0,1243000
2013-03-12,221.0,223.0,218.0,219.0,1733000
2013-03-13,221.0,224.0,220.0,220.0,703000
2013-03-14,221.0,223.0,218.0,221.0,1062000
2013-03-15,223.0,227.0,221.0,227.0,1451000
2013-03-18,219.0,223.0,217.0,220.0,1180000
2013-03-19,222.0,224.0,220.0,223.0,528000
2013-03-21,224.0,227.0,224.0,226.0,867000
2013-03-22,227.0,227.0,224.0,224.0,552000
2013-03-25,225.0,226.0,223.0,225.0,641000
2013-03-26,223.0,225.0,220.0,225.0,1010000
2013-03-27,224.0,226.0,221.0,225.0,700000
2013-03-28,224.0,224.0,219.0,224.0,390000
2013-03-29,224.0,224.0,219.0,221.0,715000
2013-04-01,219.0,225.0,218.0,222.0,685000
2013-04-02,220.0,220.0,212.0,217.0,941000
2013-04-03,215.0,219.0,213.0,218.0,523000
2013-04-04,215.0,225.0,213.0,225.0,723000
2013-04-05,227.0,230.0,224.0,227.0,1297000
2013-04-08,230.0,240.0,230.0,240.0,1193000
2013-04-09,240.0,248.0,240.0,244.0,1012000
2013-04-10,243.0,243.0,235.0,241.0,834000
2013-04-11,245.0,248.0,240.0,241.0,572000
2013-04-12,240.0,241.0,235.0,236.0,1019000
2013-04-15,235.0,238.0,233.0,234.0,490000
2013-04-16,232.0,235.0,230.0,230.0,735000
2013-04-17,233.0,234.0,231.0,232.0,321000
2013-04-18,232.0,235.0,231.0,232.0,390000
2013-04-19,231.0,241.0,231.0,238.0,1071000
2013-04-22,243.0,258.0,243.0,258.0,1869000
2013-04-23,258.0,310.0,258.0,304.0,5039000
2013-04-24,291.0,300.0,288.0,298.0,2260000
2013-04-25,298.0,299.0,288.0,294.0,1049000
2013-04-26,294.0,295.0,284.0,289.0,1192000
2013-04-30,290.0,294.0,287.0,287.0,449000
2013-05-01,287.0,297.0,285.0,292.0,821000
2013-05-02,293.0,293.0,280.0,283.0,735000
2013-05-07,290.0,299.0,290.0,293.0,786000
2013-05-08,295.0,298.0,292.0,293.0,562000
2013-05-09,293.0,294.0,289.0,289.0,304000
2013-05-10,294.0,296.0,286.0,289.0,720000
2013-05-13,294.0,295.0,288.0,291.0,408000
2013-05-14,288.0,320.0,288.0,319.0,3374000
2013-05-15,315.0,317.0,300.0,301.0,1640000
2013-05-16,301.0,301.0,286.0,290.0,994000
2013-05-17,290.0,316.0,290.0,313.0,2002000
2013-05-20,313.0,316.0,306.0,314.0,687000
2013-05-21,310.0,319.0,310.0,317.0,899000
2013-05-22,315.0,319.0,312.0,318.0,653000
2013-05-23,321.0,329.0,294.0,294.0,1813000
2013-05-24,300.0,310.0,292.0,301.0,1041000
2013-05-27,297.0,297.0,283.0,283.0,847000
2013-05-28,280.0,287.0,276.0,281.0,667000
2013-05-29,288.0,294.0,282.0,288.0,456000
2013-05-30,286.0,286.0,273.0,275.0,929000
2013-05-31,284.0,289.0,272.0,274.0,1070000
2013-06-03,271.0,271.0,265.0,266.0,847000
2013-06-04,260.0,270.0,256.0,268.0,965000
2013-06-05,269.0,286.0,266.0,269.0,1440000
2013-06-06,261.0,274.0,260.0,262.0,650000
2013-06-07,255.0,265.0,251.0,259.0,920000
2013-06-10,266.0,271.0,260.0,271.0,729000
2013-06-11,271.0,276.0,267.0,272.0,564000
2013-06-12,265.0,273.0,257.0,270.0,540000
2013-06-13,260.0,262.0,252.0,258.0,797000
2013-06-14,259.0,265.0,256.0,257.0,1171000
2013-06-17,256.0,269.0,256.0,269.0,523000
2013-06-18,274.0,277.0,261.0,264.0,575000
2013-06-19,272.0,279.0,271.0,275.0,821000
2013-06-20,271.0,275.0,268.0,269.0,606000
2013-06-21,261.0,266.0,259.0,264.0,945000
2013-06-24,270.0,271.0,266.0,267.0,291000
2013-06-25,268.0,268.0,258.0,264.0,296000
2013-06-26,267.0,267.0,254.0,254.0,423000
2013-06-27,257.0,262.0,254.0,260.0,433000
2013-06-28,265.0,276.0,263.0,275.0,728000
2013-07-01,279.0,284.0,275.0,283.0,581000
2013-07-02,289.0,295.0,285.0,295.0,682000
2013-07-03,295.0,296.0,288.0,292.0,314000
2013-07-04,292.0,293.0,288.0,289.0,148000
2013-07-05,289.0,295.0,288.0,295.0,345000
2013-07-08,298.0,298.0,288.0,288.0,371000
2013-07-09,293.0,296.0,289.0,296.0,207000
2013-07-10,296.0,297.0,291.0,295.0,253000
2013-07-11,290.0,303.0,290.0,302.0,499000
2013-07-12,300.0,315.0,298.0,312.0,1234000
2013-07-16,312.0,317.0,311.0,313.0,895000
2013-07-17,313.0,313.0,306.0,309.0,467000
2013-07-18,308.0,308.0,297.0,299.0,4256000
2013-07-19,301.0,305.0,295.0,298.0,502000
2013-07-22,300.0,305.0,296.0,303.0,596000
2013-07-23,303.0,307.0,302.0,303.0,508000
2013-07-24,303.0,303.0,299.0,300.0,362000
2013-07-25,301.0,301.0,291.0,291.0,499000
2013-07-26,290.0,290.0,284.0,287.0,578000
2013-07-29,285.0,285.0,277.0,281.0,499000
2013-07-30,279.0,284.0,277.0,283.0,430000
2013-07-31,283.0,285.0,277.0,279.0,366000
2013-08-01,280.0,286.0,278.0,286.0,230000
2013-08-02,289.0,292.0,282.0,292.0,359000
2013-08-05,290.0,293.0,288.0,291.0,223000
2013-08-06,289.0,293.0,284.0,292.0,274000
2013-08-07,290.0,290.0,284.0,284.0,229000
2013-08-08,281.0,293.0,281.0,286.0,488000
2013-08-09,302.0,316.0,299.0,312.0,2581000
2013-08-12,309.0,320.0,307.0,314.0,1187000
2013-08-13,313.0,314.0,308.0,312.0,730000
2013-08-14,314.0,320.0,313.0,319.0,749000
2013-08-15,317.0,317.0,311.0,312.0,415000
2013-08-16,310.0,314.0,309.0,311.0,368000
2013-08-19,311.0,315.0,309.0,315.0,235000
2013-08-20,311.0,316.0,308.0,309.0,262000
2013-08-21,311.0,313.0,303.0,305.0,368000
2013-08-22,305.0,315.0,305.0,312.0,279000
2013-08-23,313.0,318.0,312.0,315.0,396000
2013-08-26,316.0,321.0,315.0,316.0,613000
2013-08-27,314.0,314.0,309.0,311.0,386000
2013-08-28,305.0,305.0,298.0,302.0,378000
2013-08-29,303.0,304.0,300.0,302.0,201000
2013-08-30,302.0,305.0,293.0,295.0,424000
2013-09-02,296.0,306.0,296.0,304.0,370000
2013-09-03,310.0,312.0,305.0,306.0,310000
2013-09-04,303.0,307.0,299.0,305.0,481000
2013-09-05,305.0,306.0,301.0,302.0,246000
2013-09-06,305.0,305.0,292.0,295.0,539000
2013-09-09,343.0,343.0,324.0,336.0,2824000
2013-09-10,343.0,384.0,343.0,367.0,5070000
2013-09-11,375.0,377.0,346.0,349.0,2803000
2013-09-12,349.0,352.0,339.0,346.0,1313000
2013-09-13,343.0,346.0,339.0,344.0,1061000
2013-09-17,345.0,352.0,343.0,344.0,851000
2013-09-18,345.0,345.0,332.0,336.0,1087000
2013-09-19,338.0,346.0,336.0,344.0,1322000
2013-09-20,348.0,350.0,342.0,347.0,975000
2013-09-24,344.0,346.0,338.0,344.0,534000
2013-09-25,343.0,343.0,333.0,335.0,662000
2013-09-26,330.0,344.0,326.0,344.0,1002000
2013-09-27,345.0,346.0,337.0,338.0,598000
2013-09-30,335.0,339.0,329.0,336.0,535000
2013-10-01,336.0,336.0,331.0,332.0,764000
2013-10-02,332.0,334.0,322.0,323.0,856000
2013-10-03,321.0,324.0,316.0,320.0,549000
2013-10-04,317.0,322.0,315.0,318.0,592000
2013-10-07,316.0,317.0,307.0,308.0,519000
2013-10-08,303.0,315.0,301.0,314.0,617000
2013-10-09,310.0,319.0,306.0,318.0,510000
2013-10-10,319.0,321.0,314.0,318.0,423000
2013-10-11,323.0,327.0,321.0,326.0,455000
2013-10-15,331.0,334.0,325.0,327.0,805000
2013-10-16,326.0,331.0,322.0,327.0,624000
2013-10-17,330.0,333.0,325.0,329.0,310000
2013-10-18,328.0,333.0,327.0,332.0,415000
2013-10-21,335.0,335.0,329.0,332.0,336000
2013-10-22,332.0,334.0,327.0,333.0,518000
2013-10-23,334.0,336.0,324.0,325.0,827000
2013-10-24,323.0,333.0,322.0,333.0,1030000
2013-10-25,333.0,340.0,330.0,333.0,800000
2013-10-28,350.0,352.0,334.0,343.0,1620000
2013-10-29,340.0,348.0,338.0,345.0,861000
2013-10-30,385.0,386.0,346.0,361.0,8963000
2013-10-31,362.0,367.0,356.0,358.0,1513000
2013-11-01,359.0,359.0,348.0,355.0,1249000
2013-11-05,356.0,356.0,347.0,351.0,825000
2013-11-06,350.0,353.0,346.0,352.0,565000
2013-11-07,354.0,361.0,348.0,350.0,889000
2013-11-08,345.0,352.0,345.0,351.0,545000
2013-11-11,353.0,354.0,345.0,351.0,752000
2013-11-12,351.0,360.0,346.0,354.0,1312000
2013-11-13,352.0,352.0,340.0,347.0,1161000
2013-11-14,347.0,357.0,346.0,352.0,958000
2013-11-15,354.0,357.0,351.0,355.0,943000
2013-11-18,360.0,360.0,351.0,353.0,657000
2013-11-19,351.0,356.0,350.0,353.0,471000
2013-11-20,354.0,359.0,354.0,357.0,843000
2013-11-21,358.0,362.0,357.0,361.0,824000
2013-11-22,363.0,363.0,356.0,361.0,754000
2013-11-25,362.0,364.0,357.0,361.0,708000
2013-11-26,357.0,363.0,357.0,359.0,679000
2013-11-27,357.0,358.0,344.0,348.0,1068000
2013-11-28,351.0,351.0,345.0,347.0,422000
2013-11-29,344.0,349.0,344.0,347.0,429000
2013-12-02,352.0,355.0,349.0,353.0,845000
2013-12-03,356.0,357.0,352.0,352.0,438000
2013-12-04,354.0,354.0,343.0,347.0,696000
2013-12-05,347.0,352.0,344.0,346.0,655000
2013-12-06,344.0,346.0,340.0,345.0,662000
2013-12-09,348.0,348.0,342.0,344.0,342000
2013-12-10,346.0,353.0,344.0,346.0,819000
2013-12-11,345.0,354.0,344.0,351.0,591000
2013-12-12,349.0,351.0,345.0,346.0,393000
2013-12-13,344.0,350.0,340.0,345.0,1232000
2013-12-16,345.0,345.0,334.0,334.0,716000
2013-12-17,334.0,339.0,334.0,337.0,392000
2013-12-18,335.0,343.0,335.0,342.0,392000
2013-12-19,345.0,348.0,340.0,342.0,535000
2013-12-20,344.0,344.0,338.0,341.0,528000
2013-12-24,342.0,345.0,336.0,338.0,617000
2013-12-25,335.0,342.0,335.0,340.0,668000
2013-12-26,340.0,355.0,340.0,355.0,888000
2013-12-27,356.0,360.0,353.0,360.0,844000
2013-12-30,365.0,368.0,362.0,365.0,1081000
2014-01-06,368.0,370.0,364.0,368.0,928000
2014-01-07,370.0,377.0,369.0,370.0,1036000
2014-01-08,377.0,384.0,375.0,384.0,1425000
2014-01-09,385.0,385.0,379.0,383.0,821000
2014-01-10,380.0,382.0,372.0,381.0,769000
2014-01-14,375.0,375.0,366.0,368.0,801000
2014-01-15,372.0,377.0,370.0,377.0,520000
2014-01-16,378.0,381.0,372.0,373.0,562000
2014-01-17,373.0,380.0,373.0,376.0,730000
2014-01-20,377.0,384.0,377.0,382.0,876000
2014-01-21,383.0,384.0,374.0,374.0,949000
2014-01-22,375.0,375.0,367.0,372.0,503000
2014-01-23,375.0,378.0,369.0,370.0,628000
2014-01-24,365.0,365.0,358.0,360.0,906000
2014-01-27,355.0,355.0,348.0,348.0,797000
2014-01-28,348.0,349.0,341.0,341.0,982000
2014-01-29,344.0,354.0,344.0,354.0,517000
2014-01-30,346.0,349.0,343.0,346.0,571000
2014-01-31,350.0,352.0,342.0,344.0,748000
2014-02-03,342.0,345.0,335.0,335.0,600000
2014-02-04,323.0,323.0,308.0,308.0,1134000
2014-02-05,314.0,320.0,306.0,313.0,962000
2014-02-06,316.0,331.0,315.0,325.0,862000
2014-02-07,330.0,338.0,324.0,329.0,634000
2014-02-10,337.0,338.0,331.0,336.0,375000
2014-02-12,339.0,342.0,336.0,338.0,381000
2014-02-13,341.0,344.0,335.0,337.0,610000
2014-02-14,334.0,336.0,324.0,327.0,910000
2014-02-17,326.0,335.0,318.0,334.0,387000
2014-02-18,334.0,339.0,329.0,337.0,521000
2014-02-19,329.0,330.0,325.0,326.0,1047000
2014-02-20,323.0,324.0,313.0,314.0,1073000
2014-02-21,317.0,322.0,317.0,321.0,531000
2014-02-24,323.0,330.0,321.0,327.0,615000
2014-02-25,329.0,332.0,326.0,330.0,430000
2014-02-26,327.0,334.0,327.0,330.0,448000
2014-02-27,329.0,331.0,325.0,327.0,417000
2014-02-28,325.0,326.0,321.0,322.0,591000
2014-03-03,320.0,324.0,316.0,323.0,609000
2014-03-04,321.0,327.0,318.0,325.0,385000
2014-03-05,329.0,329.0,323.0,325.0,451000
2014-03-06,321.0,332.0,321.0,331.0,694000
2014-03-07,334.0,337.0,331.0,335.0,299000
2014-03-10,336.0,337.0,333.0,335.0,278000
2014-03-11,335.0,340.0,335.0,338.0,382000
2014-03-12,335.0,336.0,327.0,328.0,329000
2014-03-13,328.0,330.0,326.0,329.0,333000
2014-03-14,325.0,327.0,318.0,320.0,1062000
2014-03-17,319.0,320.0,311.0,313.0,608000
2014-03-18,320.0,323.0,317.0,318.0,890000
2014-03-19,320.0,323.0,312.0,316.0,754000
2014-03-20,318.0,318.0,306.0,307.0,927000
2014-03-24,312.0,323.0,310.0,316.0,842000
2014-03-25,316.0,328.0,316.0,320.0,821000
2014-03-26,323.0,330.0,321.0,328.0,1066000
2014-03-27,327.0,338.0,322.0,336.0,1129000
2014-03-28,334.0,341.0,331.0,340.0,1079000
2014-03-31,342.0,342.0,329.0,339.0,798000
2014-04-01,341.0,343.0,336.0,341.0,861000
2014-04-02,342.0,344.0,336.0,336.0,945000
2014-04-03,338.0,340.0,331.0,331.0,709000
2014-04-04,328.0,332.0,323.0,327.0,885000
2014-04-07,324.0,328.0,320.0,322.0,525000
2014-04-08,319.0,322.0,315.0,317.0,560000
2014-04-09,315.0,317.0,308.0,308.0,842000
2014-04-10,312.0,314.0,310.0,311.0,626000
2014-04-11,306.0,315.0,304.0,312.0,950000
2014-04-14,310.0,317.0,310.0,312.0,596000
2014-04-15,315.0,320.0,313.0,317.0,825000
2014-04-16,320.0,330.0,320.0,328.0,671000
2014-04-17,330.0,343.0,330.0,341.0,1537000
2014-04-18,342.0,343.0,335.0,340.0,621000
2014-04-21,340.0,346.0,337.0,342.0,1027000
2014-04-22,345.0,357.0,343.0,352.0,1813000
2014-04-23,353.0,355.0,345.0,350.0,755000
2014-04-24,349.0,356.0,345.0,355.0,751000
2014-04-25,354.0,364.0,348.0,363.0,1242000
2014-04-28,362.0,362.0,355.0,358.0,541000
2014-04-30,360.0,360.0,352.0,358.0,610000
2014-05-01,358.0,361.0,350.0,361.0,500000
2014-05-02,359.0,359.0,353.0,357.0,379000
2014-05-07,351.0,354.0,335.0,338.0,1316000
2014-05-08,339.0,343.0,332.0,332.0,1250000
2014-05-09,331.0,335.0,328.0,331.0,779000
2014-05-12,332.0,334.0,331.0,332.0,754000
2014-05-13,336.0,339.0,334.0,338.0,466000
2014-05-14,337.0,341.0,333.0,335.0,1067000
2014-05-15,334.0,341.0,311.0,340.0,2543000
2014-05-16,335.0,335.0,313.0,315.0,1523000
2014-05-19,313.0,314.0,304.0,308.0,1505000
2014-05-20,308.0,314.0,308.0,312.0,1160000
2014-05-21,311.0,314.0,307.0,311.0,1044000
2014-05-22,310.0,314.0,308.0,313.0,935000
2014-05-23,313.0,318.0,312.0,317.0,1322000
2014-05-26,317.0,317.0,312.0,315.0,634000
2014-05-27,315.0,320.0,315.0,318.0,682000
2014-05-28,320.0,329.0,320.0,324.0,794000
2014-05-29,323.0,327.0,319.0,323.0,293000
2014-05-30,325.0,327.0,323.0,323.0,957000
2014-06-02,328.0,333.0,327.0,330.0,880000
2014-06-03,331.0,332.0,325.0,326.0,621000
2014-06-04,324.0,340.0,323.0,337.0,1245000
2014-06-05,340.0,342.0,335.0,337.0,681000
2014-06-06,340.0,345.0,339.0,344.0,1036000
2014-06-09,345.0,348.0,342.0,343.0,625000
2014-06-10,342.0,347.0,338.0,339.0,745000
2014-06-11,339.0,358.0,339.0,357.0,2985000
2014-06-12,351.0,359.0,346.0,357.0,1300000
2014-06-13,357.0,357.0,349.0,355.0,1262000
2014-06-16,355.0,355.0,347.0,352.0,615000
2014-06-17,352.0,355.0,348.0,354.0,812000
2014-06-18,354.0,360.0,354.0,359.0,841000
2014-06-19,359.0,369.0,357.0,365.0,1314000
2014-06-20,365.0,372.0,364.0,371.0,1209000
2014-06-23,371.0,372.0,366.0,369.0,486000
2014-06-24,370.0,372.0,363.0,372.0,569000
2014-06-25,370.0,376.0,369.0,371.0,494000
2014-06-26,403.0,406.0,393.0,403.0,4447000
2014-06-27,403.0,403.0,383.0,394.0,2912000
2014-06-30,393.0,398.0,390.0,394.0,2271000
2014-07-01,395.0,399.0,392.0,395.0,1696000
2014-07-02,398.0,398.0,393.0,394.0,922000
2014-07-03,392.0,393.0,387.0,389.0,1118000
2014-07-04,392.0,394.0,386.0,393.0,1081000
2014-07-07,392.0,394.0,391.0,394.0,531000
2014-07-08,393.0,397.0,388.0,396.0,839000
2014-07-09,391.0,395.0,389.0,391.0,560000
2014-07-10,391.0,394.0,386.0,388.0,619000
2014-07-11,382.0,391.0,380.0,391.0,499000
2014-07-14,387.0,393.0,385.0,390.0,613000
2014-07-15,393.0,396.0,392.0,394.0,556000
2014-07-16,391.0,398.0,389.0,395.0,861000
2014-07-17,397.0,405.0,397.0,400.0,1088000
2014-07-18,393.0,402.0,389.0,400.0,677000
2014-07-22,406.0,428.0,406.0,425.0,2150000
2014-07-23,425.0,436.0,425.0,429.0,1193000
2014-07-24,425.0,427.0,420.0,425.0,1055000
2014-07-25,430.0,444.0,429.0,436.0,1538000
2014-07-28,440.0,454.0,438.0,446.0,1377000
2014-07-29,450.0,454.0,444.0,449.0,913000
2014-07-30,449.0,450.0,443.0,447.0,1035000
2014-07-31,449.0,449.0,443.0,446.0,668000
2014-08-01,438.0,446.0,437.0,443.0,781000
2014-08-04,443.0,450.0,440.0,448.0,835000
2014-08-05,445.0,452.0,442.0,442.0,1203000
2014-08-06,441.0,450.0,441.0,442.0,1281000
2014-08-07,438.0,450.0,434.0,447.0,1309000
2014-08-08,503.0,509.0,472.0,487.0,6615000
2014-08-11,500.0,553.0,497.0,547.0,5939000
2014-08-12,540.0,569.0,523.0,525.0,7264000
2014-08-13,530.0,532.0,512.0,514.0,4112000
2014-08-14,520.0,536.0,510.0,533.0,3977000
2014-08-15,528.0,554.0,525.0,541.0,3729000
2014-08-18,547.0,559.0,539.0,554.0,2856000
2014-08-19,557.0,563.0,548.0,558.0,1466000
2014-08-20,559.0,561.0,549.0,553.0,1460000
2014-08-21,556.0,556.0,543.0,554.0,1321000
2014-08-22,554.0,555.0,533.0,536.0,1839000
2014-08-25,537.0,553.0,535.0,548.0,1651000
2014-08-26,546.0,568.0,546.0,564.0,2629000
2014-08-27,562.0,574.0,556.0,561.0,2897000
2014-08-28,562.0,567.0,551.0,555.0,2733000
2014-08-29,547.0,551.0,544.0,548.0,1250000
2014-09-01,550.0,558.0,546.0,557.0,1247000
2014-09-02,560.0,560.0,548.0,552.0,1595000
2014-09-03,557.0,557.0,546.0,550.0,2330000
2014-09-04,548.0,552.0,540.0,542.0,1775000
2014-09-05,547.0,551.0,542.0,544.0,1641000
2014-09-08,542.0,552.0,538.0,550.0,1173000
2014-09-09,549.0,558.0,547.0,548.0,1599000
2014-09-10,543.0,548.0,527.0,540.0,1476000
2014-09-11,541.0,541.0,522.0,525.0,1196000
2014-09-12,529.0,533.0,520.0,524.0,1274000
2014-09-16,521.0,527.0,519.0,525.0,708000
2014-09-17,526.0,528.0,521.0,522.0,551000
2014-09-18,527.0,528.0,517.0,519.0,700000
2014-09-19,524.0,532.0,522.0,527.0,1682000
2014-09-22,525.0,526.0,514.0,521.0,1072000
2014-09-24,519.0,545.0,516.0,543.0,1919000
2014-09-25,545.0,545.0,537.0,541.0,863000
2014-09-26,531.0,547.0,531.0,546.0,736000
2014-09-29,550.0,560.0,546.0,555.0,1040000
2014-09-30,551.0,554.0,540.0,551.0,1108000
2014-10-01,553.0,553.0,536.0,536.0,694000
2014-10-02,528.0,528.0,509.0,509.0,1875000
2014-10-03,505.0,527.0,504.0,521.0,1457000
2014-10-06,528.0,528.0,518.0,522.0,892000
2014-10-07,523.0,523.0,508.0,508.0,978000
2014-10-08,500.0,512.0,499.0,509.0,1128000
2014-10-09,508.0,509.0,474.0,475.0,1695000
2014-10-10,459.0,470.0,457.0,464.0,2488000
2014-10-14,450.0,460.0,448.0,454.0,1081000
2014-10-15,454.0,469.0,454.0,466.0,1217000
2014-10-16,453.0,460.0,448.0,449.0,1265000
2014-10-17,450.0,458.0,444.0,445.0,1240000
2014-10-20,458.0,474.0,458.0,472.0,1280000
2014-10-21,471.0,477.0,464.0,471.0,1497000
2014-10-22,481.0,490.0,478.0,489.0,1615000
2014-10-23,486.0,495.0,478.0,489.0,2473000
2014-10-24,494.0,495.0,479.0,481.0,1126000
2014-10-27,483.0,488.0,479.0,484.0,1064000
2014-10-28,483.0,488.0,477.0,478.0,1175000
2014-10-29,482.0,489.0,481.0,483.0,1550000
2014-10-30,480.0,490.0,476.0,479.0,1711000
2014-10-31,485.0,492.0,473.0,490.0,3554000
2014-11-04,512.0,515.0,491.0,492.0,1950000
2014-11-05,492.0,508.0,491.0,506.0,1946000
2014-11-06,512.0,514.0,501.0,504.0,1277000
2014-11-07,504.0,506.0,493.0,495.0,1106000
2014-11-10,493.0,496.0,485.0,487.0,836000
2014-11-11,486.0,492.0,480.0,491.0,911000
2014-11-12,494.0,498.0,461.0,463.0,3039000
2014-11-13,463.0,469.0,454.0,461.0,1788000
2014-11-14,468.0,468.0,452.0,467.0,2062000
2014-11-17,464.0,467.0,450.0,453.0,1505000
2014-11-18,458.0,472.0,458.0,471.0,1358000
2014-11-19,475.0,487.0,475.0,482.0,1239000
2014-11-20,485.0,490.0,475.0,475.0,715000
2014-11-21,475.0,478.0,466.0,476.0,1050000
2014-11-25,477.0,480.0,468.0,470.0,771000
2014-11-26,468.0,474.0,467.0,471.0,665000
2014-11-27,474.0,489.0,473.0,483.0,1920000
2014-11-28,485.0,498.0,482.0,491.0,1472000
2014-12-01,493.0,496.0,485.0,491.0,841000
2014-12-02,489.0,496.0,485.0,495.0,985000
2014-12-03,495.0,498.0,486.0,488.0,940000
2014-12-04,489.0,491.0,482.0,484.0,673000
2014-12-05,481.0,481.0,475.0,477.0,660000
2014-12-08,473.0,477.0,472.0,474.0,765000
2014-12-09,470.0,475.0,462.0,462.0,566000
2014-12-10,461.0,466.0,454.0,458.0,850000
2014-12-11,453.0,464.0,450.0,463.0,1113000
2014-12-12,457.0,473.0,457.0,467.0,1567000
2014-12-15,464.0,466.0,457.0,458.0,920000
2014-12-16,451.0,455.0,447.0,447.0,1278000
2014-12-17,446.0,454.0,445.0,445.0,958000
2014-12-18,458.0,464.0,452.0,460.0,1097000
2014-12-19,470.0,472.0,463.0,466.0,912000
2014-12-22,465.0,466.0,453.0,457.0,1228000
2014-12-24,465.0,465.0,454.0,457.0,612000
2014-12-25,453.0,458.0,452.0,456.0,737000
2014-12-26,452.0,465.0,452.0,464.0,1036000
2014-12-29,469.0,481.0,468.0,480.0,1578000
2014-12-30,482.0,482.0,471.0,478.0,1065000
2015-01-05,477.0,479.0,469.0,476.0,849000
2015-01-06,466.0,468.0,455.0,457.0,1496000
2015-01-07,456.0,460.0,450.0,450.0,813000
2015-01-08,453.0,457.0,448.0,450.0,784000
2015-01-09,453.0,455.0,448.0,450.0,929000
2015-01-13,446.0,446.0,441.0,446.0,573000
2015-01-14,444.0,447.0,437.0,438.0,615000
2015-01-15,438.0,453.0,438.0,450.0,942000
2015-01-16,439.0,444.0,434.0,443.0,916000
2015-01-19,443.0,446.0,437.0,442.0,569000
2015-01-20,441.0,444.0,436.0,440.0,913000
2015-01-21,440.0,440.0,433.0,437.0,729000
2015-01-22,436.0,437.0,427.0,431.0,776000
2015-01-23,434.0,435.0,429.0,433.0,599000
2015-01-26,429.0,435.0,427.0,429.0,603000
2015-01-27,430.0,435.0,429.0,434.0,679000
2015-01-28,432.0,438.0,431.0,435.0,913000
2015-01-29,432.0,434.0,428.0,429.0,673000
2015-01-30,434.0,434.0,423.0,424.0,1105000
2015-02-02,420.0,420.0,411.0,413.0,936000
2015-02-03,415.0,420.0,414.0,416.0,955000
2015-02-04,420.0,429.0,420.0,424.0,749000
2015-02-05,425.0,427.0,420.0,424.0,766000
2015-02-06,425.0,427.0,422.0,424.0,874000
2015-02-09,429.0,430.0,423.0,426.0,702000
2015-02-10,426.0,429.0,424.0,425.0,505000
2015-02-12,432.0,438.0,428.0,428.0,831000
2015-02-13,432.0,433.0,427.0,429.0,878000
2015-02-16,449.0,457.0,439.0,442.0,2236000
2015-02-17,439.0,439.0,432.0,436.0,1103000
2015-02-18,435.0,447.0,435.0,437.0,1372000
2015-02-19,438.0,447.0,438.0,447.0,1001000
2015-02-20,449.0,458.0,448.0,457.0,1183000
2015-02-23,463.0,466.0,460.0,464.0,1323000
2015-02-24,466.0,471.0,462.0,470.0,1396000
2015-02-25,472.0,477.0,469.0,475.0,1198000
2015-02-26,477.0,481.0,477.0,480.0,903000
2015-02-27,479.0,484.0,472.0,478.0,1417000
2015-03-02,479.0,479.0,472.0,476.0,838000
2015-03-03,474.0,479.0,466.0,471.0,1117000
2015-03-04,466.0,468.0,460.0,464.0,864000
2015-03-05,461.0,463.0,459.0,462.0,584000
2015-03-06,465.0,470.0,460.0,462.0,1105000
2015-03-09,459.0,460.0,454.0,456.0,765000
2015-03-10,459.0,460.0,454.0,456.0,580000
2015-03-11,452.0,473.0,452.0,471.0,1252000
2015-03-12,474.0,482.0,474.0,479.0,1149000
2015-03-13,483.0,483.0,469.0,474.0,1327000
2015-03-16,475.0,477.0,470.0,475.0,543000
2015-03-17,477.0,480.0,472.0,476.0,598000
2015-03-18,478.0,478.0,472.0,476.0,442000
2015-03-19,474.0,474.0,465.0,470.0,508000
2015-03-20,471.0,471.0,463.0,470.0,716000
2015-03-23,472.0,473.0,466.0,472.0,667000
2015-03-24,471.0,499.0,471.0,496.0,2267000
2015-03-25,506.0,518.0,501.0,518.0,3002000
2015-03-26,510.0,527.0,503.0,523.0,2271000
2015-03-27,522.0,526.0,509.0,513.0,1434000
2015-03-30,510.0,510.0,496.0,505.0,1557000
2015-03-31,515.0,520.0,504.0,507.0,843000
2015-04-01,505.0,508.0,493.0,504.0,898000
2015-04-02,504.0,519.0,504.0,514.0,1174000
2015-04-03,517.0,520.0,514.0,517.0,617000
2015-04-06,515.0,516.0,510.0,512.0,358000
2015-04-07,516.0,523.0,514.0,519.0,763000
2015-04-08,519.0,534.0,519.0,527.0,883000
2015-04-09,530.0,534.0,524.0,531.0,1261000
2015-04-10,533.0,536.0,526.0,533.0,904000
2015-04-13,529.0,536.0,527.0,529.0,485000
2015-04-14,527.0,536.0,527.0,536.0,538000
2015-04-15,532.0,544.0,532.0,544.0,1116000
2015-04-16,544.0,545.0,530.0,535.0,750000
2015-04-17,533.0,533.0,517.0,517.0,916000
2015-04-20,511.0,516.0,506.0,511.0,833000
2015-04-21,516.0,521.0,512.0,519.0,642000
2015-04-22,523.0,527.0,512.0,514.0,939000
2015-04-23,514.0,524.0,510.0,520.0,762000
2015-04-24,519.0,523.0,514.0,521.0,819000
2015-04-27,520.0,522.0,515.0,521.0,365000
2015-04-28,521.0,522.0,518.0,520.0,373000
2015-04-30,523.0,524.0,493.0,495.0,2286000
2015-05-01,495.0,496.0,484.0,488.0,1103000
2015-05-07,489.0,496.0,487.0,491.0,862000
2015-05-08,487.0,488.0,480.0,482.0,1124000
2015-05-11,491.0,494.0,487.0,491.0,1001000
2015-05-12,488.0,500.0,486.0,498.0,1232000
2015-05-13,495.0,501.0,491.0,499.0,1087000
2015-05-14,502.0,509.0,486.0,507.0,2672000
2015-05-15,510.0,510.0,492.0,495.0,1426000
2015-05-18,502.0,503.0,495.0,500.0,894000
2015-05-19,502.0,507.0,498.0,502.0,892000
2015-05-20,506.0,514.0,506.0,513.0,955000
2015-05-21,515.0,515.0,504.0,510.0,849000
2015-05-22,510.0,512.0,496.0,498.0,926000
2015-05-25,501.0,501.0,486.0,489.0,874000
2015-05-26,487.0,492.0,486.0,487.0,456000
2015-05-27,491.0,499.0,490.0,497.0,723000
2015-05-28,498.0,504.0,495.0,503.0,578000
2015-05-29,495.0,507.0,495.0,500.0,922000
2015-06-01,499.0,504.0,499.0,503.0,471000
2015-06-02,505.0,510.0,500.0,502.0,672000
2015-06-03,503.0,505.0,499.0,501.0,681000
2015-06-04,501.0,510.0,500.0,509.0,730000
2015-06-05,500.0,506.0,500.0,505.0,620000
2015-06-08,502.0,505.0,497.0,499.0,714000
2015-06-09,498.0,518.0,497.0,512.0,1602000
2015-06-10,510.0,513.0,505.0,505.0,748000
2015-06-11,505.0,522.0,505.0,518.0,761000
2015-06-12,525.0,525.0,520.0,521.0,972000
2015-06-15,517.0,517.0,509.0,515.0,500000
2015-06-16,524.0,527.0,514.0,522.0,1136000
2015-06-17,524.0,531.0,521.0,529.0,1154000
2015-06-18,529.0,529.0,515.0,522.0,1008000
2015-06-19,526.0,539.0,522.0,538.0,1492000
2015-06-22,540.0,549.0,540.0,548.0,968000
2015-06-23,548.0,550.0,539.0,543.0,1090000
2015-06-24,545.0,549.0,536.0,544.0,1096000
2015-06-25,546.0,554.0,544.0,547.0,1186000
2015-06-26,551.0,560.0,547.0,560.0,1492000
2015-06-29,545.0,556.0,544.0,547.0,1146000
2015-06-30,557.0,565.0,554.0,562.0,1657000
2015-07-01,556.0,569.0,553.0,568.0,1032000
2015-07-02,573.0,588.0,572.0,579.0,1687000
2015-07-03,581.0,584.0,574.0,582.0,871000
2015-07-06,576.0,579.0,569.0,571.0,834000
2015-07-07,575.0,579.0,560.0,562.0,1187000
2015-07-08,562.0,562.0,545.0,545.0,1123000
2015-07-09,535.0,544.0,516.0,544.0,1813000
2015-07-10,540.0,549.0,537.0,539.0,855000
2015-07-13,544.0,550.0,541.0,548.0,958000
2015-07-14,561.0,563.0,552.0,560.0,1013000
2015-07-15,565.0,577.0,565.0,576.0,880000
2015-07-16,576.0,576.0,569.0,575.0,634000
2015-07-17,571.0,571.0,551.0,554.0,1511000
2015-07-21,561.0,562.0,555.0,561.0,970000
2015-07-22,558.0,561.0,556.0,558.0,705000
2015-07-23,558.0,573.0,558.0,572.0,746000
2015-07-24,571.0,574.0,566.0,567.0,380000
2015-07-27,566.0,566.0,548.0,549.0,732000
2015-07-28,547.0,568.0,543.0,565.0,1373000
2015-07-29,565.0,565.0,558.0,560.0,482000
2015-07-30,567.0,571.0,558.0,560.0,571000
2015-07-31,563.0,568.0,557.0,568.0,559000
2015-08-03,567.0,567.0,555.0,562.0,499000
2015-08-04,556.0,580.0,545.0,578.0,1543000
2015-08-05,585.0,604.0,584.0,591.0,2378000
2015-08-06,600.0,600.0,578.0,580.0,1700000
2015-08-07,577.0,615.0,574.0,614.0,2429000
2015-08-10,620.0,662.0,619.0,661.0,2206000
2015-08-11,664.0,683.0,661.0,668.0,2116000
2015-08-12,659.0,677.0,657.0,666.0,1335000
2015-08-13,658.0,673.0,658.0,670.0,907000
2015-08-14,669.0,670.0,657.0,666.0,853000
2015-08-17,659.0,675.0,659.0,673.0,727000
2015-08-18,674.0,689.0,670.0,677.0,1047000
2015-08-19,667.0,667.0,648.0,651.0,1845000
2015-08-20,651.0,656.0,634.0,635.0,1268000
2015-08-21,620.0,642.0,620.0,626.0,1360000
2015-08-24,606.0,621.0,581.0,582.0,1496000
2015-08-25,562.0,592.0,556.0,561.0,1564000
2015-08-26,561.0,577.0,560.0,574.0,1181000
2015-08-27,584.0,599.0,577.0,587.0,1191000
2015-08-28,606.0,607.0,599.0,603.0,813000
2015-08-31,603.0,620.0,595.0,618.0,1154000
2015-09-01,626.0,628.0,604.0,606.0,1316000
2015-09-02,606.0,626.0,596.0,612.0,1410000
2015-09-03,620.0,627.0,600.0,602.0,727000
2015-09-04,608.0,609.0,586.0,589.0,1080000
2015-09-07,583.0,593.0,571.0,575.0,1027000
2015-09-08,577.0,584.0,551.0,555.0,841000
2015-09-09,571.0,577.0,562.0,576.0,770000
2015-09-10,561.0,584.0,558.0,583.0,712000
2015-09-11,573.0,585.0,572.0,574.0,991000
2015-09-14,581.0,592.0,575.0,579.0,654000
2015-09-15,588.0,590.0,561.0,561.0,1137000
2015-09-16,567.0,569.0,548.0,554.0,595000
2015-09-17,560.0,570.0,551.0,568.0,779000
2015-09-18,558.0,563.0,551.0,554.0,640000
2015-09-24,544.0,546.0,525.0,527.0,1018000
2015-09-25,525.0,543.0,523.0,543.0,1095000
2015-09-28,551.0,563.0,547.0,561.0,878000
2015-09-29,550.0,550.0,528.0,528.0,965000
2015-09-30,529.0,535.0,515.0,528.0,1348000
2015-10-01,535.0,537.0,517.0,522.0,904000
2015-10-02,520.0,526.0,515.0,519.0,720000
2015-10-05,527.0,530.0,519.0,526.0,787000
2015-10-06,531.0,540.0,528.0,537.0,943000
2015-10-07,538.0,538.0,521.0,535.0,830000
2015-10-08,539.0,547.0,534.0,540.0,1084000
2015-10-09,544.0,574.0,535.0,574.0,1425000
2015-10-13,574.0,588.0,566.0,571.0,1531000
2015-10-14,564.0,575.0,557.0,561.0,966000
2015-10-15,564.0,586.0,562.0,583.0,1464000
2015-10-16,585.0,588.0,564.0,565.0,1142000
2015-10-19,618.0,665.0,607.0,663.0,12337000
2015-10-20,663.0,677.0,651.0,660.0,8942000
2015-10-21,669.0,700.0,664.0,694.0,5416000
2015-10-22,691.0,708.0,682.0,686.0,2825000
2015-10-23,693.0,697.0,677.0,689.0,2112000
2015-10-26,685.0,690.0,667.0,671.0,2466000
2015-10-27,664.0,674.0,659.0,662.0,1614000
2015-10-28,662.0,673.0,660.0,660.0,1191000
2015-10-29,660.0,665.0,651.0,658.0,2528000
2015-10-30,664.0,667.0,652.0,661.0,1216000
2015-11-02,654.0,654.0,636.0,644.0,1371000
2015-11-04,627.0,636.0,601.0,603.0,3427000
2015-11-05,605.0,619.0,597.0,609.0,1460000
2015-11-06,615.0,620.0,609.0,618.0,965000
2015-11-09,612.0,627.0,611.0,625.0,1349000
2015-11-10,616.0,628.0,614.0,623.0,1247000
2015-11-11,626.0,632.0,618.0,629.0,1363000
2015-11-12,646.0,671.0,641.0,667.0,5534000
2015-11-13,667.0,735.0,663.0,734.0,6043000
2015-11-16,742.0,743.0,715.0,722.0,2408000
2015-11-17,722.0,730.0,697.0,701.0,2898000
2015-11-18,707.0,711.0,696.0,699.0,1251000
2015-11-19,724.0,728.0,703.0,706.0,2459000
2015-11-20,705.0,718.0,701.0,716.0,1172000
2015-11-24,719.0,736.0,717.0,728.0,1552000
2015-11-25,727.0,728.0,713.0,718.0,1081000
2015-11-26,718.0,732.0,713.0,722.0,1018000
2015-11-27,721.0,721.0,699.0,703.0,1018000
2015-11-30,708.0,711.0,695.0,698.0,847000
2015-12-01,707.0,720.0,707.0,712.0,965000
2015-12-02,715.0,729.0,715.0,720.0,876000
2015-12-03,726.0,751.0,724.0,738.0,2996000
2015-12-04,721.0,723.0,712.0,716.0,1762000
2015-12-07,724.0,728.0,707.0,707.0,882000
2015-12-08,707.0,708.0,696.0,697.0,854000
2015-12-09,687.0,694.0,675.0,676.0,1161000
2015-12-10,667.0,676.0,663.0,668.0,1107000
2015-12-11,657.0,672.0,657.0,666.0,1245000
2015-12-14,646.0,663.0,641.0,661.0,1353000
2015-12-15,660.0,663.0,644.0,646.0,1114000
2015-12-16,660.0,663.0,654.0,663.0,870000
2015-12-17,667.0,684.0,667.0,675.0,835000
2015-12-18,666.0,681.0,662.0,670.0,1763000
2015-12-21,665.0,665.0,639.0,644.0,1385000
2015-12-22,649.0,659.0,647.0,656.0,827000
2015-12-24,658.0,660.0,631.0,633.0,810000
2015-12-25,633.0,633.0,633.0,633.0,0
2015-12-28,632.0,635.0,618.0,633.0,731000
2015-12-29,630.0,648.0,621.0,645.0,925000
2015-12-30,646.0,648.0,636.0,648.0,602000
2016-01-04,636.0,641.0,621.0,623.0,1076000
2016-01-05,618.0,629.0,613.0,622.0,574000
2016-01-06,623.0,626.0,610.0,616.0,815000
2016-01-07,611.0,621.0,605.0,610.0,1107000
2016-01-08,603.0,610.0,594.0,598.0,1459000
2016-01-12,585.0,595.0,569.0,572.0,1207000
2016-01-13,582.0,606.0,582.0,601.0,1103000
2016-01-14,584.0,587.0,568.0,581.0,1010000
2016-01-15,591.0,596.0,572.0,575.0,736000
2016-01-18,560.0,573.0,557.0,571.0,985000
2016-01-19,573.0,575.0,561.0,568.0,753000
2016-01-20,568.0,573.0,537.0,537.0,1880000
2016-01-21,547.0,553.0,513.0,514.0,2496000
2016-01-22,534.0,544.0,523.0,544.0,1551000
2016-01-25,550.0,555.0,536.0,545.0,1062000
2016-01-26,538.0,548.0,531.0,538.0,1135000
2016-01-27,546.0,557.0,544.0,552.0,1088000
2016-01-28,551.0,561.0,547.0,556.0,1096000
2016-01-29,560.0,575.0,544.0,574.0,1683000
2016-02-01,589.0,607.0,589.0,602.0,1646000
2016-02-02,602.0,604.0,590.0,594.0,1184000
2016-02-03,584.0,587.0,557.0,565.0,1405000
2016-02-04,564.0,566.0,551.0,552.0,902000
2016-02-05,550.0,554.0,538.0,549.0,1120000
2016-02-08,541.0,570.0,541.0,566.0,1034000
2016-02-09,539.0,546.0,524.0,542.0,1643000
2016-02-10,552.0,559.0,512.0,527.0,1547000
2016-02-12,473.0,479.0,434.0,454.0,3854000
2016-02-15,494.0,501.0,471.0,496.0,2337000
2016-02-16,489.0,509.0,482.0,490.0,1701000
2016-02-17,487.0,504.0,481.0,490.0,2149000
2016-02-18,500.0,501.0,473.0,476.0,2414000
2016-02-19,470.0,470.0,438.0,446.0,4244000
2016-02-22,450.0,467.0,446.0,455.0,1963000
2016-02-23,460.0,461.0,442.0,445.0,1341000
2016-02-24,438.0,453.0,436.0,443.0,1364000
2016-02-25,449.0,475.0,449.0,470.0,2604000
2016-02-26,473.0,480.0,468.0,473.0,1734000
2016-02-29,479.0,479.0,466.0,466.0,2010000
2016-03-01,465.0,484.0,465.0,477.0,1879000
2016-03-02,490.0,490.0,482.0,484.0,1191000
2016-03-03,484.0,487.0,477.0,482.0,970000
2016-03-04,482.0,495.0,476.0,495.0,2150000
2016-03-07,503.0,510.0,496.0,506.0,1574000
2016-03-08,503.0,508.0,493.0,504.0,1093000
2016-03-09,498.0,500.0,487.0,496.0,1678000
2016-03-10,499.0,508.0,496.0,506.0,1386000
2016-03-11,497.0,514.0,497.0,514.0,1285000
2016-03-14,524.0,538.0,523.0,528.0,1259000
2016-03-15,524.0,538.0,519.0,531.0,1550000
2016-03-16,525.0,541.0,524.0,530.0,1082000
2016-03-17,540.0,556.0,537.0,545.0,2286000
2016-03-18,549.0,553.0,538.0,542.0,1453000
2016-03-22,554.0,562.0,547.0,562.0,1562000
2016-03-23,567.0,576.0,562.0,566.0,1514000
2016-03-24,560.0,574.0,560.0,561.0,874000
2016-03-25,565.0,565.0,545.0,551.0,1117000
2016-03-28,555.0,555.0,542.0,554.0,1048000
2016-03-29,545.0,560.0,545.0,556.0,763000
2016-03-30,558.0,564.0,550.0,551.0,1289000
2016-03-31,555.0,558.0,544.0,544.0,892000
2016-04-01,541.0,541.0,523.0,526.0,1437000
2016-04-04,522.0,536.0,518.0,525.0,944000
2016-04-05,519.0,520.0,502.0,504.0,886000
2016-04-06,498.0,503.0,488.0,503.0,1017000
2016-04-07,505.0,518.0,504.0,511.0,847000
2016-04-08,502.0,519.0,496.0,513.0,997000
2016-04-11,516.0,517.0,504.0,511.0,664000
2016-04-12,517.0,519.0,512.0,518.0,940000
2016-04-13,521.0,521.0,512.0,518.0,1159000
2016-04-14,526.0,530.0,522.0,530.0,1227000
2016-04-15,532.0,542.0,530.0,534.0,938000
2016-04-18,525.0,543.0,517.0,540.0,1455000
2016-04-19,554.0,556.0,545.0,549.0,1028000
2016-04-20,552.0,557.0,542.0,546.0,847000
2016-04-21,551.0,551.0,540.0,543.0,1041000
2016-04-22,543.0,543.0,529.0,539.0,1381000
2016-04-25,539.0,539.0,524.0,528.0,1293000
2016-04-26,528.0,531.0,518.0,522.0,713000
2016-04-27,525.0,532.0,523.0,529.0,657000
2016-04-28,533.0,538.0,512.0,515.0,941000
2016-05-02,498.0,505.0,497.0,502.0,912000
2016-05-06,503.0,507.0,489.0,493.0,902000
2016-05-09,494.0,502.0,493.0,500.0,611000
2016-05-10,502.0,517.0,501.0,514.0,746000
2016-05-11,520.0,522.0,512.0,516.0,787000
2016-05-12,515.0,522.0,512.0,520.0,642000
2016-05-13,516.0,518.0,488.0,498.0,1875000
2016-05-16,499.0,510.0,489.0,494.0,1057000
2016-05-17,491.0,494.0,487.0,494.0,1137000
2016-05-18,495.0,500.0,486.0,493.0,1478000
2016-05-19,498.0,503.0,494.0,497.0,1200000
2016-05-20,494.0,503.0,494.0,498.0,532000
2016-05-23,492.0,492.0,476.0,485.0,2171000
2016-05-24,484.0,501.0,483.0,490.0,1813000
2016-05-25,496.0,500.0,494.0,494.0,1114000
2016-05-26,494.0,502.0,494.0,496.0,816000
2016-05-27,500.0,503.0,496.0,496.0,633000
2016-05-30,500.0,504.0,496.0,502.0,655000
2016-05-31,501.0,503.0,497.0,502.0,697000
2016-06-01,499.0,500.0,491.0,492.0,896000
2016-06-02,487.0,490.0,472.0,473.0,1205000
2016-06-03,468.0,470.0,462.0,463.0,1439000
2016-06-06,452.0,456.0,445.0,455.0,1650000
2016-06-07,456.0,456.0,448.0,451.0,1329000
2016-06-08,454.0,457.0,450.0,455.0,957000
2016-06-09,454.0,464.0,451.0,453.0,1156000
2016-06-10,453.0,454.0,443.0,447.0,1266000
2016-06-13,440.0,440.0,424.0,425.0,1113000
2016-06-14,422.0,428.0,417.0,421.0,1268000
2016-06-15,418.0,421.0,415.0,415.0,1000000
2016-06-16,415.0,416.0,401.0,402.0,1189000
2016-06-17,406.0,410.0,400.0,400.0,1133000
2016-06-20,408.0,419.0,407.0,418.0,1332000
2016-06-21,419.0,428.0,415.0,425.0,1250000
2016-06-22,422.0,423.0,417.0,419.0,1141000
2016-06-23,421.0,427.0,420.0,426.0,1164000
2016-06-24,431.0,434.0,390.0,397.0,1897000
2016-06-27,410.0,427.0,406.0,426.0,1793000
2016-06-28,418.0,442.0,418.0,434.0,1562000
2016-06-29,443.0,453.0,441.0,444.0,1429000
2016-06-30,450.0,451.0,439.0,440.0,963000
2016-07-01,446.0,447.0,439.0,441.0,919000
2016-07-04,442.0,448.0,438.0,447.0,1435000
2016-07-05,448.0,454.0,445.0,453.0,1103000
2016-07-06,445.0,449.0,440.0,447.0,1525000
2016-07-07,450.0,450.0,439.0,442.0,1171000
2016-07-08,442.0,448.0,436.0,436.0,925000
2016-07-11,436.0,436.0,436.0,436.0,0
2016-07-12,474.0,482.0,470.0,473.0,1100000
2016-07-13,481.0,483.0,474.0,479.0,890000
2016-07-14,480.0,489.0,480.0,487.0,900000
2016-07-15,488.0,493.0,487.0,488.0,1184000
2016-07-19,490.0,496.0,488.0,495.0,952000
2016-07-20,495.0,508.0,494.0,506.0,1335000
2016-07-21,513.0,526.0,512.0,524.0,2079000
2016-07-22,516.0,525.0,512.0,524.0,1375000
2016-07-25,523.0,523.0,512.0,515.0,1216000
2016-07-26,513.0,519.0,508.0,515.0,1019000
2016-07-27,518.0,529.0,512.0,525.0,1253000
2016-07-28,523.0,524.0,512.0,515.0,949000
2016-07-29,514.0,521.0,509.0,518.0,1174000
2016-08-01,511.0,513.0,503.0,510.0,1168000
2016-08-02,508.0,509.0,503.0,505.0,568000
2016-08-03,496.0,496.0,484.0,485.0,1473000
2016-08-04,484.0,488.0,478.0,480.0,885000
2016-08-05,475.0,478.0,464.0,465.0,1607000
2016-08-08,478.0,490.0,473.0,487.0,1606000
2016-08-09,481.0,484.0,470.0,484.0,1077000
2016-08-10,528.0,542.0,525.0,535.0,3903000
2016-08-12,538.0,545.0,534.0,540.0,1512000
2016-08-15,540.0,540.0,532.0,533.0,643000
2016-08-16,532.0,532.0,521.0,521.0,724000
2016-08-17,517.0,519.0,506.0,514.0,1071000
2016-08-18,509.0,517.0,506.0,512.0,915000
2016-08-19,508.0,511.0,503.0,510.0,585000
2016-08-22,520.0,530.0,517.0,529.0,1051000
2016-08-23,532.0,539.0,532.0,539.0,858000
2016-08-24,539.0,544.0,535.0,541.0,690000
2016-08-25,539.0,541.0,532.0,535.0,649000
2016-08-26,531.0,533.0,526.0,526.0,509000
2016-08-29,536.0,538.0,534.0,536.0,406000
2016-08-30,527.0,527.0,517.0,518.0,730000
2016-08-31,525.0,527.0,518.0,527.0,550000
2016-09-01,525.0,539.0,522.0,539.0,837000
2016-09-02,535.0,537.0,532.0,536.0,668000
2016-09-05,538.0,540.0,534.0,534.0,419000
2016-09-06,534.0,541.0,532.0,540.0,435000
2016-09-07,538.0,549.0,534.0,548.0,1003000
2016-09-08,547.0,547.0,536.0,539.0,789000
2016-09-09,531.0,536.0,528.0,530.0,929000
2016-09-12,517.0,525.0,516.0,524.0,571000
2016-09-13,526.0,531.0,525.0,529.0,528000
2016-09-14,520.0,525.0,519.0,521.0,769000
2016-09-15,517.0,522.0,517.0,520.0,507000
2016-09-16,524.0,525.0,521.0,523.0,699000
2016-09-20,516.0,521.0,514.0,515.0,803000
2016-09-21,511.0,529.0,505.0,529.0,937000
2016-09-23,532.0,542.0,528.0,539.0,1073000
2016-09-26,539.0,540.0,530.0,532.0,297000
2016-09-27,526.0,540.0,518.0,540.0,565000
2016-09-28,540.0,549.0,538.0,549.0,816000
2016-09-29,546.0,548.0,542.0,545.0,597000
2016-09-30,530.0,532.0,523.0,530.0,1145000
2016-10-03,540.0,541.0,534.0,537.0,531000
2016-10-04,543.0,543.0,535.0,542.0,385000
2016-10-05,544.0,551.0,539.0,548.0,885000
2016-10-06,543.0,548.0,542.0,544.0,550000
2016-10-07,542.0,542.0,536.0,541.0,380000
2016-10-11,539.0,549.0,537.0,544.0,656000
2016-10-12,540.0,549.0,537.0,543.0,774000
2016-10-13,543.0,558.0,540.0,558.0,933000
2016-10-14,558.0,572.0,554.0,570.0,1114000
2016-10-17,576.0,576.0,568.0,573.0,803000
2016-10-18,558.0,559.0,530.0,551.0,4042000
2016-10-19,551.0,554.0,547.0,551.0,1530000
2016-10-20,553.0,559.0,552.0,558.0,780000
2016-10-21,552.0,553.0,541.0,550.0,1801000
2016-10-24,555.0,573.0,554.0,568.0,1530000
2016-10-25,570.0,574.0,567.0,569.0,780000
2016-10-26,570.0,579.0,568.0,578.0,769000
2016-10-27,582.0,582.0,571.0,572.0,867000
2016-10-28,574.0,580.0,569.0,578.0,931000
2016-10-31,576.0,579.0,568.0,570.0,644000
2016-11-01,566.0,574.0,561.0,573.0,521000
2016-11-02,564.0,566.0,557.0,559.0,440000
2016-11-04,554.0,557.0,549.0,553.0,697000
2016-11-07,562.0,564.0,555.0,561.0,418000
2016-11-08,565.0,566.0,559.0,562.0,385000
2016-11-09,562.0,565.0,520.0,529.0,1139000
2016-11-10,558.0,564.0,553.0,562.0,713000
2016-11-11,572.0,574.0,515.0,538.0,2237000
2016-11-14,538.0,542.0,527.0,532.0,1579000
2016-11-15,532.0,535.0,527.0,533.0,1307000
2016-11-16,542.0,542.0,535.0,539.0,1013000
2016-11-17,536.0,542.0,532.0,536.0,1026000
2016-11-18,546.0,566.0,544.0,566.0,1724000
2016-11-21,570.0,580.0,570.0,577.0,2099000
2016-11-22,578.0,602.0,574.0,600.0,1952000
2016-11-24,605.0,607.0,592.0,594.0,1110000
2016-11-25,598.0,600.0,589.0,593.0,913000
2016-11-28,595.0,613.0,593.0,612.0,1650000
2016-11-29,611.0,613.0,604.0,612.0,1168000
2016-11-30,620.0,643.0,620.0,641.0,2845000
2016-12-01,640.0,643.0,628.0,631.0,1611000
2016-12-02,628.0,632.0,625.0,627.0,766000
2016-12-05,621.0,625.0,606.0,617.0,1241000
2016-12-06,624.0,627.0,620.0,623.0,1225000
2016-12-07,623.0,624.0,617.0,623.0,831000
2016-12-08,629.0,632.0,623.0,632.0,983000
2016-12-09,632.0,634.0,627.0,634.0,1009000
2016-12-12,636.0,644.0,632.0,639.0,1213000
2016-12-13,639.0,641.0,633.0,640.0,946000
2016-12-14,640.0,642.0,636.0,636.0,515000
2016-12-15,639.0,640.0,629.0,633.0,667000
2016-12-16,638.0,642.0,634.0,641.0,1094000
2016-12-19,641.0,641.0,632.0,636.0,633000
2016-12-20,636.0,644.0,634.0,644.0,469000
2016-12-21,645.0,645.0,630.0,631.0,747000
2016-12-22,631.0,633.0,624.0,630.0,587000
2016-12-26,635.0,635.0,625.0,627.0,515000
2016-12-27,621.0,629.0,619.0,620.0,517000
2016-12-28,619.0,627.0,619.0,625.0,407000
2016-12-29,624.0,626.0,616.0,620.0,641000
2016-12-30,622.0,622.0,610.0,617.0,560000
2017-01-04,625.0,645.0,622.0,643.0,1069000
2017-01-05,646.0,646.0,634.0,637.0,584000
2017-01-06,630.0,637.0,629.0,635.0,497000
2017-01-10,640.0,644.0,635.0,644.0,1118000
2017-01-11,645.0,654.0,640.0,653.0,1198000
2017-01-12,650.0,650.0,632.0,636.0,762000
2017-01-13,639.0,642.0,637.0,639.0,473000
2017-01-16,641.0,643.0,634.0,636.0,460000
2017-01-17,635.0,635.0,620.0,622.0,777000
2017-01-18,618.0,623.0,613.0,623.0,686000
2017-01-19,620.0,629.0,617.0,622.0,573000
2017-01-20,621.0,624.0,616.0,622.0,457000
2017-01-23,613.0,614.0,602.0,610.0,728000
2017-01-24,615.0,617.0,609.0,615.0,499000
2017-01-25,625.0,626.0,613.0,614.0,378000
2017-01-26,623.0,625.0,617.0,623.0,514000
2017-01-27,627.0,628.0,619.0,624.0,599000
2017-01-30,625.0,629.0,621.0,628.0,501000
2017-01-31,620.0,628.0,618.0,620.0,796000
2017-02-01,618.0,628.0,612.0,627.0,431000
2017-02-02,627.0,627.0,610.0,612.0,536000
2017-02-03,611.0,621.0,611.0,615.0,508000
2017-02-06,625.0,631.0,623.0,631.0,804000
2017-02-07,627.0,636.0,626.0,636.0,730000
2017-02-08,637.0,637.0,629.0,632.0,583000
2017-02-09,629.0,630.0,620.0,627.0,580000
2017-02-10,637.0,639.0,625.0,630.0,965000
2017-02-13,636.0,664.0,634.0,664.0,1935000
2017-02-14,670.0,686.0,662.0,662.0,1262000
2017-02-15,671.0,673.0,663.0,665.0,915000
2017-02-16,673.0,689.0,673.0,683.0,1376000
2017-02-17,673.0,674.0,662.0,668.0,1082000
2017-02-20,664.0,670.0,654.0,668.0,905000
2017-02-21,669.0,676.0,666.0,673.0,625000
2017-02-22,673.0,683.0,672.0,683.0,1395000
2017-02-23,685.0,692.0,674.0,691.0,1179000
2017-02-24,683.0,698.0,683.0,694.0,795000
2017-02-27,689.0,693.0,681.0,684.0,842000
2017-02-28,690.0,692.0,680.0,683.0,893000
2017-03-01,679.0,690.0,674.0,690.0,754000
2017-03-02,694.0,699.0,691.0,694.0,529000
2017-03-03,692.0,694.0,688.0,693.0,578000
2017-03-06,693.0,698.0,691.0,693.0,565000
2017-03-07,698.0,725.0,696.0,722.0,1660000
2017-03-08,719.0,719.0,713.0,719.0,904000
2017-03-09,720.0,724.0,717.0,720.0,442000
2017-03-10,727.0,729.0,716.0,721.0,907000
2017-03-13,722.0,723.0,716.0,717.0,685000
2017-03-14,718.0,719.0,712.0,718.0,480000
2017-03-15,713.0,718.0,711.0,717.0,461000
2017-03-16,707.0,713.0,702.0,713.0,750000
2017-03-17,711.0,720.0,707.0,717.0,860000
2017-03-21,715.0,720.0,711.0,713.0,533000
2017-03-22,705.0,710.0,702.0,704.0,698000
2017-03-23,703.0,707.0,694.0,699.0,571000
2017-03-24,699.0,710.0,696.0,705.0,561000
2017-03-27,693.0,693.0,681.0,685.0,993000
2017-03-28,695.0,706.0,690.0,706.0,775000
2017-03-29,701.0,705.0,690.0,695.0,608000
2017-03-30,691.0,691.0,675.0,676.0,527000
2017-03-31,678.0,688.0,670.0,670.0,913000
2017-04-03,668.0,676.0,665.0,671.0,763000
2017-04-04,661.0,668.0,654.0,659.0,722000
2017-04-05,657.0,662.0,652.0,654.0,598000
2017-04-06,656.0,657.0,637.0,640.0,649000
2017-04-07,648.0,658.0,644.0,654.0,1038000
2017-04-10,654.0,661.0,635.0,653.0,1456000
2017-04-11,654.0,665.0,653.0,664.0,1018000
2017-04-12,654.0,668.0,654.0,665.0,974000
2017-04-13,660.0,660.0,651.0,653.0,699000
2017-04-14,648.0,650.0,644.0,645.0,637000
2017-04-17,644.0,650.0,640.0,649.0,485000
2017-04-18,656.0,661.0,656.0,657.0,641000
2017-04-19,647.0,653.0,643.0,652.0,986000
2017-04-20,644.0,653.0,644.0,651.0,667000
2017-04-21,653.0,662.0,653.0,656.0,663000
2017-04-24,666.0,669.0,658.0,668.0,611000
2017-04-25,665.0,676.0,665.0,674.0,826000
2017-04-26,679.0,684.0,676.0,683.0,509000
2017-04-27,680.0,684.0,679.0,682.0,482000
2017-04-28,682.0,691.0,681.0,688.0,681000
2017-05-01,688.0,698.0,688.0,696.0,476000
2017-05-02,693.0,702.0,693.0,697.0,531000
2017-05-08,704.0,724.0,703.0,724.0,820000
2017-05-09,720.0,725.0,718.0,719.0,803000
2017-05-10,720.0,724.0,717.0,719.0,531000
2017-05-11,712.0,721.0,712.0,715.0,391000
2017-05-12,711.0,718.0,657.0,666.0,2672000
2017-05-15,656.0,711.0,656.0,701.0,2445000
2017-05-16,714.0,716.0,702.0,712.0,1278000
2017-05-17,704.0,716.0,702.0,712.0,1005000
2017-05-18,702.0,721.0,702.0,720.0,1336000
2017-05-19,718.0,723.0,710.0,714.0,720000
2017-05-22,719.0,726.0,714.0,724.0,722000
2017-05-23,718.0,734.0,716.0,730.0,1116000
2017-05-24,729.0,731.0,716.0,718.0,849000
2017-05-25,718.0,728.0,718.0,721.0,718000
2017-05-26,718.0,722.0,710.0,716.0,720000
2017-05-29,712.0,716.0,706.0,706.0,667000
2017-05-30,705.0,711.0,700.0,708.0,1109000
2017-05-31,702.0,707.0,696.0,698.0,1345000
2017-06-01,695.0,706.0,694.0,698.0,1139000
2017-06-02,696.0,714.0,695.0,713.0,1246000
2017-06-05,709.0,717.0,708.0,716.0,709000
2017-06-06,716.0,717.0,706.0,710.0,718000
2017-06-07,707.0,710.0,701.0,702.0,945000
2017-06-08,694.0,701.0,689.0,689.0,941000
2017-06-09,689.0,695.0,686.0,692.0,750000
2017-06-12,689.0,706.0,685.0,705.0,650000
2017-06-13,697.0,715.0,697.0,710.0,708000
2017-06-14,709.0,714.0,708.0,710.0,656000
2017-06-15,710.0,720.0,709.0,710.0,822000
2017-06-16,718.0,727.0,709.0,714.0,1053000
2017-06-19,713.0,718.0,711.0,712.0,600000
2017-06-20,719.0,723.0,716.0,720.0,958000
2017-06-21,719.0,724.0,715.0,721.0,778000
2017-06-22,723.0,727.0,719.0,720.0,748000
2017-06-23,727.0,727.0,719.0,723.0,632000
2017-06-26,722.0,724.0,718.0,719.0,477000
2017-06-27,719.0,720.0,711.0,714.0,689000
2017-06-28,707.0,711.0,703.0,706.0,857000
2017-06-29,714.0,714.0,705.0,710.0,528000
2017-06-30,704.0,705.0,693.0,700.0,865000
2017-07-03,715.0,724.0,700.0,700.0,1204000
2017-07-04,706.0,706.0,690.0,693.0,1091000
2017-07-05,693.0,707.0,686.0,707.0,1042000
2017-07-06,708.0,725.0,708.0,723.0,1000000
2017-07-07,717.0,719.0,706.0,709.0,642000
2017-07-10,715.0,715.0,704.0,711.0,453000
2017-07-11,711.0,743.0,710.0,741.0,1288000
2017-07-12,742.0,742.0,730.0,732.0,714000
2017-07-13,732.0,740.0,728.0,729.0,839000
2017-07-14,729.0,742.0,723.0,738.0,678000
2017-07-17,738.0,738.0,738.0,738.0,0
2017-07-18,730.0,746.0,727.0,744.0,915000
2017-07-19,737.0,759.0,737.0,753.0,1003000
2017-07-20,750.0,764.0,750.0,760.0,783000
2017-07-21,763.0,763.0,755.0,757.0,793000
2017-07-24,753.0,759.0,749.0,755.0,745000
2017-07-25,750.0,752.0,741.0,749.0,1401000
2017-07-26,753.0,763.0,752.0,756.0,1838000
2017-07-27,765.0,773.0,749.0,750.0,770000
2017-07-28,751.0,762.0,751.0,756.0,738000
2017-07-31,754.0,768.0,749.0,759.0,862000
2017-08-01,759.0,779.0,759.0,778.0,1053000
2017-08-02,776.0,778.0,764.0,770.0,614000
2017-08-03,770.0,780.0,770.0,780.0,686000
2017-08-04,783.0,807.0,783.0,802.0,1609000
2017-08-07,805.0,828.0,802.0,824.0,1317000
2017-08-08,824.0,829.0,809.0,814.0,1720000
2017-08-09,799.0,807.0,782.0,789.0,1796000
2017-08-10,794.0,797.0,772.0,780.0,1491000
2017-08-11,780.0,780.0,780.0,780.0,0
2017-08-14,795.0,795.0,771.0,774.0,1281000
2017-08-15,772.0,782.0,767.0,776.0,1019000
2017-08-16,772.0,778.0,768.0,772.0,967000
2017-08-17,780.0,810.0,779.0,806.0,2113000
2017-08-18,796.0,796.0,784.0,787.0,1458000
2017-08-21,788.0,798.0,785.0,798.0,1541000
2017-08-22,794.0,797.0,788.0,794.0,1621000
2017-08-23,803.0,805.0,796.0,797.0,1152000
2017-08-24,791.0,804.0,791.0,798.0,855000
2017-08-25,794.0,795.0,782.0,783.0,1201000
2017-08-28,785.0,788.0,780.0,785.0,968000
2017-08-29,781.0,801.0,780.0,799.0,1411000
2017-08-30,802.0,802.0,785.0,788.0,3468000
2017-08-31,787.0,798.0,782.0,790.0,1398000
2017-09-01,790.0,798.0,785.0,795.0,1160000
2017-09-04,794.0,795.0,782.0,786.0,857000
2017-09-05,787.0,793.0,775.0,779.0,1040000
2017-09-06,774.0,791.0,772.0,789.0,590000
2017-09-07,795.0,800.0,791.0,794.0,544000
2017-09-08,791.0,814.0,791.0,804.0,1598000
2017-09-11,815.0,818.0,807.0,809.0,536000
2017-09-12,820.0,820.0,808.0,810.0,559000
2017-09-13,807.0,817.0,807.0,811.0,583000
2017-09-14,813.0,814.0,805.0,811.0,375000
2017-09-15,811.0,818.0,809.0,811.0,947000
2017-09-18,811.0,811.0,811.0,811.0,0
2017-09-19,818.0,835.0,813.0,834.0,981000
2017-09-20,831.0,841.0,826.0,828.0,608000
2017-09-21,830.0,838.0,827.0,832.0,553000
2017-09-22,836.0,844.0,833.0,837.0,643000
2017-09-25,838.0,846.0,837.0,844.0,595000
2017-09-26,845.0,863.0,845.0,859.0,869000
2017-09-27,865.0,867.0,858.0,864.0,763000
2017-09-28,869.0,877.0,863.0,876.0,589000
2017-09-29,878.0,882.0,874.0,877.0,823000
2017-10-02,885.0,888.0,881.0,883.0,806000
2017-10-03,892.0,896.0,878.0,884.0,696000
2017-10-04,884.0,884.0,874.0,878.0,532000
2017-10-05,877.0,879.0,865.0,867.0,435000
2017-10-06,869.0,871.0,860.0,862.0,372000
2017-10-09,862.0,862.0,862.0,862.0,0
2017-10-10,858.0,887.0,856.0,884.0,907000
2017-10-11,881.0,884.0,872.0,874.0,708000
2017-10-12,874.0,880.0,866.0,867.0,751000
2017-10-13,861.0,878.0,857.0,876.0,1056000
2017-10-16,885.0,893.0,881.0,890.0,712000
2017-10-17,893.0,894.0,885.0,891.0,549000
2017-10-18,890.0,894.0,879.0,888.0,539000
2017-10-19,888.0,888.0,854.0,865.0,2900000
2017-10-20,861.0,877.0,857.0,874.0,1161000
2017-10-23,887.0,888.0,875.0,881.0,1061000
2017-10-24,878.0,890.0,878.0,886.0,749000
2017-10-25,890.0,892.0,883.0,889.0,953000
2017-10-26,892.0,905.0,890.0,896.0,836000
2017-10-27,903.0,914.0,898.0,913.0,911000
2017-10-30,913.0,918.0,905.0,918.0,975000
2017-10-31,919.0,922.0,913.0,921.0,594000
2017-11-01,928.0,940.0,919.0,937.0,773000
2017-11-02,941.0,961.0,932.0,961.0,1053000
2017-11-03,961.0,961.0,961.0,961.0,0
2017-11-06,980.0,981.0,965.0,973.0,1065000
2017-11-07,975.0,976.0,958.0,974.0,990000
2017-11-08,974.0,979.0,960.0,963.0,1066000
2017-11-09,968.0,982.0,963.0,977.0,1702000
2017-11-10,969.0,978.0,888.0,927.0,2604000
2017-11-13,925.0,928.0,877.0,882.0,2001000
2017-11-14,892.0,899.0,867.0,873.0,2108000
2017-11-15,872.0,875.0,840.0,845.0,1581000
2017-11-16,844.0,859.0,837.0,854.0,707000
2017-11-17,865.0,869.0,847.0,852.0,1024000
2017-11-20,843.0,871.0,841.0,866.0,1121000
2017-11-21,870.0,881.0,867.0,873.0,894000
2017-11-22,866.0,881.0,860.0,874.0,1050000
2017-11-23,874.0,874.0,874.0,874.0,0
2017-11-24,870.0,871.0,861.0,868.0,671000
2017-11-27,864.0,871.0,857.0,860.0,562000
2017-11-28,860.0,871.0,860.0,862.0,506000
2017-11-29,869.0,875.0,859.0,874.0,542000
2017-11-30,883.0,896.0,876.0,896.0,1128000
2017-12-01,896.0,899.0,881.0,888.0,724000
2017-12-04,888.0,898.0,879.0,881.0,703000
2017-12-05,882.0,905.0,882.0,901.0,805000
2017-12-06,898.0,899.0,877.0,879.0,738000
2017-12-07,883.0,899.0,880.0,895.0,604000
2017-12-08,888.0,911.0,888.0,908.0,1182000
2017-12-11,901.0,903.0,870.0,875.0,2079000
2017-12-12,877.0,895.0,877.0,889.0,734000
2017-12-13,894.0,898.0,886.0,892.0,798000
2017-12-14,893.0,904.0,892.0,894.0,1010000
2017-12-15,890.0,890.0,873.0,877.0,988000
2017-12-18,896.0,899.0,887.0,892.0,1423000
2017-12-19,896.0,896.0,873.0,874.0,866000
2017-12-20,874.0,877.0,862.0,869.0,1125000
2017-12-21,869.0,893.0,865.0,890.0,777000
2017-12-22,898.0,901.0,891.0,893.0,573000
2017-12-25,900.0,900.0,888.0,890.0,270000
2017-12-26,899.0,902.0,892.0,897.0,453000
2017-12-27,897.0,909.0,897.0,906.0,311000
2017-12-28,908.0,913.0,901.0,901.0,460000
2017-12-29,904.0,909.0,899.0,904.0,291000
2018-01-01,904.0,904.0,904.0,904.0,0
2018-01-02,904.0,904.0,904.0,904.0,0
2018-01-03,904.0,904.0,904.0,904.0,0
2018-01-04,915.0,928.0,907.0,927.0,868000
2018-01-05,932.0,934.0,919.0,924.0,773000
2018-01-08,924.0,924.0,924.0,924.0,0
2018-01-09,923.0,926.0,911.0,915.0,683000
2018-01-10,922.0,922.0,910.0,914.0,538000
2018-01-11,916.0,917.0,907.0,913.0,448000
2018-01-12,915.0,916.0,905.0,908.0,483000
2018-01-15,911.0,914.0,898.0,899.0,446000
2018-01-16,899.0,904.0,895.0,901.0,368000
2018-01-17,901.0,904.0,889.0,894.0,561000
2018-01-18,900.0,900.0,880.0,880.0,767000
2018-01-19,883.0,899.0,881.0,898.0,462000
2018-01-22,897.0,897.0,884.0,892.0,500000
2018-01-23,900.0,901.0,888.0,892.0,437000
2018-01-24,887.0,898.0,884.0,889.0,472000
2018-01-25,888.0,888.0,881.0,884.0,427000
2018-01-26,884.0,896.0,884.0,890.0,570000
2018-01-29,890.0,893.0,881.0,889.0,444000
2018-01-30,887.0,887.0,866.0,870.0,715000
2018-01-31,871.0,878.0,858.0,858.0,929000
2018-02-01,864.0,871.0,852.0,868.0,1150000
2018-02-02,867.0,875.0,862.0,872.0,763000
2018-02-05,857.0,863.0,842.0,852.0,1016000
2018-02-06,822.0,822.0,775.0,796.0,1693000
2018-02-07,813.0,828.0,787.0,788.0,1268000
2018-02-08,798.0,806.0,792.0,798.0,1117000
2018-02-09,771.0,789.0,771.0,789.0,818000
2018-02-12,789.0,789.0,789.0,789.0,0
2018-02-13,809.0,810.0,775.0,784.0,1816000
2018-02-14,796.0,797.0,763.0,771.0,1256000
2018-02-15,783.0,799.0,779.0,784.0,1273000
2018-02-16,789.0,803.0,784.0,796.0,980000
2018-02-19,797.0,809.0,797.0,808.0,796000
2018-02-20,810.0,817.0,802.0,813.0,1108000
2018-02-21,813.0,832.0,808.0,824.0,763000
2018-02-22,818.0,820.0,805.0,813.0,626000
2018-02-23,811.0,822.0,811.0,819.0,765000
2018-02-26,826.0,826.0,814.0,818.0,582000
2018-02-27,825.0,834.0,824.0,830.0,544000
2018-02-28,826.0,840.0,821.0,821.0,766000
2018-03-01,810.0,810.0,790.0,794.0,855000
2018-03-02,779.0,787.0,776.0,781.0,833000
2018-03-05,772.0,783.0,767.0,779.0,732000
2018-03-06,786.0,795.0,777.0,780.0,816000
2018-03-07,767.0,793.0,767.0,781.0,1005000
2018-03-08,790.0,790.0,769.0,779.0,1135000
2018-03-09,792.0,804.0,786.0,790.0,1428000
2018-03-12,801.0,806.0,790.0,797.0,1230000
2018-03-13,796.0,802.0,789.0,801.0,573000
2018-03-14,795.0,799.0,793.0,794.0,398000
2018-03-15,792.0,793.0,778.0,787.0,412000
2018-03-16,796.0,797.0,783.0,785.0,602000
2018-03-19,781.0,788.0,771.0,776.0,437000
2018-03-20,773.0,778.0,766.0,777.0,542000
2018-03-21,777.0,777.0,777.0,777.0,0
2018-03-22,782.0,786.0,773.0,785.0,635000
2018-03-23,760.0,767.0,746.0,749.0,1090000
2018-03-26,740.0,747.0,732.0,747.0,675000
2018-03-27,748.0,772.0,748.0,772.0,902000
2018-03-28,756.0,759.0,748.0,759.0,507000
2018-03-29,765.0,776.0,753.0,764.0,493000
2018-03-30,768.0,772.0,760.0,771.0,446000
2018-04-02,770.0,772.0,761.0,761.0,407000
2018-04-03,750.0,762.0,748.0,756.0,601000
2018-04-04,756.0,773.0,753.0,771.0,677000
2018-04-05,780.0,784.0,773.0,779.0,604000
2018-04-06,787.0,794.0,784.0,787.0,645000
2018-04-09,784.0,789.0,777.0,787.0,387000
2018-04-10,788.0,799.0,787.0,797.0,411000
2018-04-11,798.0,798.0,786.0,790.0,423000
2018-04-12,790.0,791.0,784.0,785.0,325000
2018-04-13,788.0,796.0,786.0,794.0,454000
2018-04-16,794.0,802.0,792.0,800.0,409000
2018-04-17,799.0,804.0,793.0,801.0,459000
2018-04-18,846.0,880.0,834.0,871.0,4312000
2018-04-19,886.0,898.0,871.0,882.0,1570000
2018-04-20,884.0,884.0,874.0,877.0,620000
2018-04-23,878.0,878.0,861.0,864.0,759000
2018-04-24,872.0,877.0,864.0,875.0,538000
2018-04-25,874.0,883.0,868.0,881.0,563000
2018-04-26,885.0,894.0,877.0,892.0,596000
2018-04-27,895.0,904.0,893.0,904.0,732000
2018-04-30,904.0,904.0,904.0,904.0,0
2018-05-01,896.0,898.0,887.0,890.0,801000
2018-05-02,893.0,895.0,883.0,884.0,564000
2018-05-03,884.0,884.0,884.0,884.0,0
2018-05-04,884.0,884.0,884.0,884.0,0
2018-05-07,889.0,891.0,875.0,888.0,488000
2018-05-08,891.0,904.0,889.0,897.0,656000
2018-05-09,897.0,899.0,889.0,891.0,636000
2018-05-10,894.0,902.0,884.0,899.0,497000
2018-05-11,888.0,942.0,887.0,942.0,1601000
2018-05-14,946.0,976.0,946.0,958.0,1373000
2018-05-15,964.0,968.0,955.0,964.0,932000
2018-05-16,958.0,966.0,954.0,958.0,1195000
2018-05-17,960.0,968.0,946.0,958.0,1515000
2018-05-18,966.0,972.0,959.0,971.0,1296000
2018-05-21,975.0,987.0,975.0,983.0,1497000
2018-05-22,982.0,995.0,969.0,980.0,1403000
2018-05-23,987.0,1008.0,983.0,985.0,1235000
2018-05-24,994.0,1003.0,987.0,990.0,1585000
2018-05-25,993.0,1003.0,989.0,999.0,1152000
2018-05-28,996.0,996.0,970.0,977.0,1104000
2018-05-29,970.0,983.0,961.0,966.0,1145000
2018-05-30,955.0,967.0,954.0,956.0,1400000
2018-05-31,964.0,967.0,952.0,958.0,2489000
2018-06-01,953.0,970.0,952.0,964.0,1127000
2018-06-04,975.0,991.0,975.0,986.0,1080000
2018-06-05,987.0,993.0,981.0,990.0,751000
2018-06-06,991.0,999.0,985.0,999.0,1271000
2018-06-07,1000.0,1001.0,979.0,988.0,1349000
2018-06-08,978.0,988.0,973.0,985.0,1222000
2018-06-11,986.0,1002.0,986.0,1000.0,774000
2018-06-12,1007.0,1013.0,988.0,994.0,763000
2018-06-13,986.0,1002.0,986.0,998.0,467000
2018-06-14,994.0,999.0,990.0,992.0,623000
2018-06-15,995.0,997.0,984.0,988.0,782000
2018-06-18,985.0,991.0,977.0,987.0,781000
2018-06-19,981.0,989.0,955.0,957.0,1072000
2018-06-20,952.0,960.0,928.0,954.0,2185000
2018-06-21,956.0,968.0,952.0,963.0,1093000
2018-06-22,954.0,963.0,952.0,961.0,702000
2018-06-25,964.0,965.0,948.0,950.0,558000
2018-06-26,941.0,964.0,939.0,963.0,496000
2018-06-27,964.0,977.0,959.0,973.0,724000
2018-06-28,970.0,971.0,958.0,964.0,502000
2018-06-29,962.0,968.0,949.0,964.0,576000
2018-07-02,965.0,974.0,934.0,936.0,869600
2018-07-03,940.0,940.0,921.0,925.0,705100
2018-07-04,916.0,945.0,916.0,938.0,580800
2018-07-05,936.0,941.0,919.0,924.0,489000
2018-07-06,919.0,937.0,913.0,930.0,769900
2018-07-09,944.0,956.0,936.0,954.0,876800
2018-07-10,963.0,966.0,952.0,953.0,998700
2018-07-11,942.0,952.0,937.0,949.0,622200
2018-07-12,953.0,957.0,943.0,943.0,302700
2018-07-13,943.0,945.0,925.0,937.0,548900
2018-07-16,937.0,937.0,937.0,937.0,0
2018-07-17,936.0,959.0,933.0,952.0,719800
2018-07-18,959.0,972.0,953.0,957.0,466600
2018-07-19,957.0,959.0,949.0,949.0,376300
2018-07-20,947.0,956.0,939.0,947.0,595900
2018-07-23,937.0,946.0,930.0,937.0,574400
2018-07-24,941.0,955.0,935.0,954.0,491600
2018-07-25,953.0,959.0,936.0,956.0,530100
2018-07-26,962.0,984.0,962.0,982.0,384800
2018-07-27,984.0,986.0,976.0,979.0,435500
2018-07-30,990.0,997.0,987.0,988.0,995100
2018-07-31,990.0,991.0,972.0,977.0,932700
2018-08-01,980.0,980.0,959.0,967.0,729700
2018-08-02,969.0,980.0,946.0,948.0,599200
2018-08-03,954.0,955.0,931.0,933.0,473000
2018-08-06,930.0,930.0,892.0,894.0,770700
2018-08-07,889.0,910.0,886.0,909.0,1017800
2018-08-08,895.0,896.0,874.0,878.0,931400
2018-08-09,867.0,878.0,862.0,868.0,946800
2018-08-10,861.0,866.0,810.0,844.0,2367300
2018-08-13,822.0,832.0,786.0,789.0,1636300
2018-08-14,798.0,800.0,783.0,800.0,852800
2018-08-15,803.0,804.0,774.0,780.0,883800
2018-08-16,772.0,775.0,760.0,773.0,905800
2018-08-17,771.0,781.0,762.0,781.0,850700
2018-08-20,773.0,786.0,766.0,771.0,847200
2018-08-21,767.0,770.0,757.0,766.0,546100
2018-08-22,767.0,778.0,764.0,774.0,645200
2018-08-23,770.0,773.0,758.0,762.0,676300
2018-08-24,776.0,777.0,764.0,771.0,392100
2018-08-27,772.0,780.0,765.0,777.0,612600
2018-08-28,783.0,786.0,770.0,770.0,726100
2018-08-29,772.0,782.0,770.0,778.0,672100
2018-08-30,785.0,790.0,776.0,776.0,913700
2018-08-31,772.0,781.0,771.0,772.0,747400
2018-09-03,770.0,773.0,750.0,755.0,590000
2018-09-04,755.0,761.0,750.0,750.0,507100
2018-09-05,753.0,765.0,747.0,754.0,893400
2018-09-06,739.0,753.0,733.0,746.0,1127300
2018-09-07,758.0,758.0,746.0,752.0,1088000
2018-09-10,753.0,761.0,750.0,753.0,801700
2018-09-11,755.0,757.0,743.0,755.0,966800
2018-09-12,754.0,759.0,743.0,754.0,1297400
2018-09-13,756.0,778.0,755.0,771.0,823600
2018-09-14,784.0,788.0,774.0,778.0,1150300
2018-09-17,778.0,778.0,778.0,778.0,0
2018-09-18,775.0,794.0,768.0,792.0,850900
2018-09-19,803.0,804.0,790.0,798.0,639000
2018-09-20,802.0,802.0,791.0,799.0,634700
2018-09-21,804.0,818.0,800.0,814.0,1486300
2018-09-24,814.0,814.0,814.0,814.0,0
2018-09-25,823.0,833.0,818.0,830.0,1355600
2018-09-26,827.0,834.0,818.0,833.0,855000
2018-09-27,819.0,823.0,804.0,805.0,980000
2018-09-28,820.0,829.0,817.0,820.0,859200
2018-10-01,811.0,813.0,803.0,807.0,760700
2018-10-02,820.0,830.0,811.0,812.0,933000
2018-10-03,818.0,826.0,810.0,814.0,1299200
2018-10-04,822.0,832.0,818.0,828.0,1163800
2018-10-05,821.0,828.0,819.0,821.0,729600
2018-10-08,821.0,821.0,821.0,821.0,0
2018-10-09,820.0,826.0,802.0,809.0,1142000
2018-10-10,818.0,824.0,811.0,820.0,692400
2018-10-11,798.0,803.0,783.0,789.0,1126200
2018-10-12,784.0,800.0,784.0,797.0,847300
2018-10-15,786.0,791.0,778.0,778.0,725600
2018-10-16,774.0,795.0,774.0,793.0,1101500
2018-10-17,808.0,816.0,803.0,813.0,856300
2018-10-18,814.0,814.0,787.0,790.0,1202900
2018-10-19,781.0,796.0,779.0,794.0,784400
2018-10-22,785.0,803.0,784.0,800.0,585300
2018-10-23,787.0,787.0,750.0,750.0,898500
2018-10-24,762.0,773.0,753.0,770.0,986900
2018-10-25,742.0,747.0,727.0,729.0,770300
2018-10-26,739.0,751.0,728.0,737.0,1171100
2018-10-29,748.0,760.0,745.0,748.0,917200
2018-10-30,749.0,764.0,747.0,762.0,892600
2018-10-31,766.0,768.0,757.0,761.0,858200
2018-11-01,758.0,772.0,752.0,772.0,828800
2018-11-02,772.0,777.0,759.0,771.0,565800
2018-11-05,757.0,781.0,749.0,779.0,1006800
2018-11-06,773.0,786.0,760.0,781.0,881100
2018-11-07,772.0,784.0,760.0,774.0,1293500
2018-11-08,795.0,809.0,770.0,771.0,1846300
2018-11-09,765.0,788.0,765.0,775.0,1046900
2018-11-12,753.0,759.0,740.0,754.0,1437800
2018-11-13,729.0,731.0,713.0,723.0,1863900
2018-11-14,729.0,742.0,724.0,740.0,1021000
2018-11-15,731.0,732.0,720.0,730.0,1003500
2018-11-16,728.0,738.0,725.0,734.0,915500
2018-11-19,730.0,738.0,723.0,729.0,989500
2018-11-20,722.0,738.0,716.0,736.0,1116900
2018-11-21,713.0,721.0,696.0,713.0,1722700
2018-11-22,703.0,715.0,699.0,715.0,1087500
2018-11-23,715.0,715.0,715.0,715.0,0
2018-11-26,717.0,735.0,714.0,733.0,698100
2018-11-27,738.0,746.0,735.0,738.0,880200
2018-11-28,751.0,755.0,731.0,747.0,1210800
2018-11-29,761.0,768.0,758.0,760.0,816800
2018-11-30,752.0,769.0,749.0,764.0,906900
2018-12-03,774.0,776.0,766.0,768.0,539300
2018-12-04,767.0,767.0,734.0,734.0,666100
2018-12-05,719.0,738.0,717.0,734.0,601500
2018-12-06,728.0,734.0,710.0,718.0,887800
2018-12-07,711.0,717.0,700.0,704.0,873500
2018-12-10,690.0,697.0,683.0,686.0,685800
2018-12-11,685.0,687.0,657.0,658.0,970600
2018-12-12,668.0,683.0,668.0,681.0,719400
2018-12-13,687.0,701.0,682.0,696.0,484900
2018-12-14,701.0,702.0,684.0,688.0,1236800
2018-12-17,688.0,697.0,682.0,688.0,677900
2018-12-18,679.0,685.0,670.0,673.0,938600
2018-12-19,672.0,689.0,672.0,687.0,659400
2018-12-20,686.0,692.0,668.0,670.0,795900
2018-12-21,669.0,670.0,640.0,650.0,1019700
2018-12-24,650.0,650.0,650.0,650.0,0
2018-12-25,639.0,639.0,620.0,626.0,804100
2018-12-26,636.0,654.0,632.0,644.0,983600
2018-12-27,664.0,687.0,664.0,687.0,733900
2018-12-28,683.0,693.0,681.0,686.0,436400
2018-12-31,686.0,686.0,686.0,686.0,0
2019-01-04,676.0,690.0,666.0,690.0,930400
2019-01-07,714.0,719.0,699.0,704.0,641000
2019-01-08,698.0,709.0,695.0,701.0,635700
2019-01-09,703.0,703.0,683.0,687.0,991700
2019-01-10,686.0,692.0,682.0,689.0,694500
2019-01-11,693.0,695.0,686.0,688.0,385100
2019-01-15,680.0,701.0,680.0,698.0,380700
2019-01-16,704.0,709.0,683.0,685.0,461100
2019-01-17,688.0,696.0,682.0,685.0,483800
2019-01-18,686.0,709.0,686.0,699.0,734600
2019-01-21,706.0,709.0,701.0,702.0,401700
2019-01-22,707.0,708.0,693.0,694.0,288600
2019-01-23,690.0,690.0,681.0,685.0,620900
2019-01-24,678.0,689.0,674.0,680.0,396600
2019-01-25,674.0,692.0,672.0,682.0,706800
2019-01-28,685.0,692.0,682.0,682.0,488500
2019-01-29,680.0,693.0,680.0,691.0,499100
2019-01-30,683.0,689.0,680.0,684.0,934400
2019-01-31,694.0,700.0,689.0,697.0,545100
2019-02-01,695.0,704.0,695.0,696.0,428500
2019-02-04,703.0,717.0,701.0,717.0,517300
2019-02-05,719.0,725.0,708.0,718.0,718700
2019-02-06,725.0,725.0,714.0,722.0,449600
2019-02-07,722.0,725.0,697.0,704.0,513000
2019-02-08,689.0,694.0,664.0,678.0,806700
2019-02-12,684.0,689.0,667.0,681.0,856900
2019-02-13,686.0,690.0,680.0,688.0,631800
2019-02-14,686.0,699.0,686.0,689.0,687000
2019-02-15,690.0,694.0,685.0,693.0,585900
2019-02-18,703.0,712.0,699.0,708.0,486300
2019-02-19,707.0,709.0,703.0,705.0,314200
2019-02-20,705.0,711.0,703.0,706.0,334300
2019-02-21,710.0,712.0,702.0,706.0,368700
2019-02-22,696.0,697.0,687.0,690.0,582700
2019-02-25,700.0,707.0,696.0,707.0,428800
2019-02-26,710.0,710.0,700.0,703.0,299300
2019-02-27,698.0,705.0,695.0,697.0,911600
2019-02-28,702.0,711.0,696.0,707.0,520900
2019-03-01,703.0,708.0,699.0,703.0,451000
2019-03-04,710.0,719.0,704.0,717.0,746900
2019-03-05,710.0,713.0,704.0,707.0,691700
2019-03-06,708.0,713.0,703.0,708.0,706700
2019-03-07,698.0,703.0,692.0,696.0,582000
2019-03-08,686.0,690.0,676.0,678.0,647300
2019-03-11,680.0,683.0,672.0,680.0,315500
2019-03-12,692.0,703.0,689.0,697.0,352700
2019-03-13,698.0,704.0,689.0,692.0,396200
2019-03-14,693.0,697.0,689.0,693.0,243600
2019-03-15,693.0,698.0,692.0,693.0,505200
2019-03-18,702.0,705.0,695.0,700.0,221300
2019-03-19,704.0,710.0,699.0,708.0,283100
2019-03-20,708.0,713.0,705.0,713.0,451700
2019-03-22,718.0,719.0,710.0,715.0,413000
2019-03-25,710.0,710.0,689.0,691.0,311700
2019-03-26,704.0,728.0,703.0,727.0,501900
2019-03-27,711.0,711.0,688.0,694.0,615900
2019-03-28,683.0,685.0,669.0,670.0,466800
2019-03-29,680.0,682.0,673.0,680.0,455800
2019-04-01,694.0,703.0,689.0,702.0,484300
2019-04-02,709.0,709.0,694.0,696.0,217700
2019-04-03,693.0,696.0,688.0,696.0,269800
2019-04-04,697.0,700.0,692.0,694.0,257400
2019-04-05,688.0,699.0,687.0,696.0,378000
2019-04-08,702.0,702.0,692.0,696.0,130700
2019-04-09,690.0,692.0,682.0,688.0,349500
2019-04-10,688.0,688.0,676.0,681.0,266100
2019-04-11,674.0,678.0,670.0,676.0,371200
2019-04-12,682.0,682.0,674.0,676.0,374100
2019-04-15,696.0,696.0,683.0,691.0,456800
2019-04-16,691.0,693.0,686.0,690.0,288200
2019-04-17,689.0,693.0,685.0,689.0,290500
2019-04-18,685.0,685.0,671.0,674.0,440400
2019-04-19,680.0,683.0,667.0,672.0,322800
2019-04-22,670.0,670.0,660.0,667.0,338600
2019-04-23,672.0,678.0,670.0,677.0,437700
2019-04-24,678.0,679.0,659.0,663.0,508500
2019-04-25,669.0,683.0,665.0,683.0,537400
2019-04-26,674.0,688.0,669.0,685.0,397000
2019-05-07,681.0,681.0,667.0,672.0,595000
2019-05-08,662.0,664.0,648.0,651.0,579000
2019-05-09,643.0,643.0,626.0,628.0,608800
2019-05-10,622.0,641.0,622.0,634.0,543100
2019-05-13,635.0,648.0,631.0,641.0,535300
2019-05-14,623.0,657.0,616.0,655.0,883800
2019-05-15,657.0,662.0,626.0,631.0,717700
2019-05-16,628.0,629.0,613.0,620.0,806400
2019-05-17,630.0,638.0,629.0,632.0,471900
2019-05-20,632.0,640.0,624.0,630.0,500900
2019-05-21,620.0,623.0,613.0,618.0,680000
2019-05-22,622.0,626.0,614.0,617.0,414800
2019-05-23,611.0,613.0,600.0,604.0,492200
2019-05-24,598.0,609.0,594.0,608.0,558100
2019-05-27,610.0,611.0,604.0,606.0,322800
2019-05-28,606.0,608.0,598.0,601.0,914400
2019-05-29,587.0,594.0,577.0,592.0,991600
2019-05-30,591.0,607.0,587.0,602.0,1268900
2019-05-31,599.0,605.0,595.0,599.0,1048900
2019-06-03,589.0,604.0,589.0,602.0,742100
2019-06-04,609.0,614.0,599.0,608.0,811500
2019-06-05,613.0,616.0,603.0,610.0,1273100
2019-06-06,610.0,621.0,609.0,615.0,884100
2019-06-07,619.0,625.0,613.0,622.0,791900
2019-06-10,625.0,626.0,615.0,622.0,886500
2019-06-11,624.0,635.0,624.0,629.0,627100
2019-06-12,622.0,623.0,616.0,617.0,977700
2019-06-13,607.0,613.0,593.0,601.0,868400
2019-06-14,604.0,606.0,593.0,595.0,754100
2019-06-17,594.0,601.0,593.0,597.0,798800
2019-06-18,597.0,601.0,583.0,585.0,834200
2019-06-19,594.0,601.0,591.0,600.0,929300
2019-06-20,601.0,605.0,597.0,602.0,506100
2019-06-21,598.0,599.0,592.0,595.0,1374600
2019-06-24,594.0,600.0,593.0,595.0,438600
2019-06-25,595.0,597.0,582.0,583.0,790500
2019-06-26,582.0,586.0,579.0,585.0,724300
2019-06-27,586.0,598.0,583.0,597.0,706300
2019-06-28,597.0,602.0,589.0,596.0,894600
2019-07-01,614.0,622.0,610.0,622.0,915400
2019-07-02,623.0,631.0,619.0,630.0,577200
2019-07-03,623.0,626.0,618.0,625.0,549600
2019-07-04,635.0,641.0,634.0,639.0,534000
2019-07-05,649.0,650.0,641.0,643.0,540200
2019-07-08,636.0,644.0,627.0,629.0,406500
2019-07-09,634.0,638.0,619.0,622.0,485700
2019-07-10,615.0,615.0,607.0,612.0,791900
2019-07-11,616.0,619.0,608.0,614.0,547200
2019-07-12,613.0,613.0,608.0,609.0,364300
2019-07-16,607.0,614.0,601.0,604.0,411000
2019-07-17,601.0,604.0,596.0,598.0,535700
2019-07-18,592.0,594.0,576.0,578.0,866600
2019-07-19,580.0,593.0,578.0,592.0,590900
2019-07-22,595.0,600.0,591.0,593.0,472800
2019-07-23,590.0,601.0,587.0,598.0,510900
2019-07-24,600.0,602.0,596.0,598.0,610000
2019-07-25,604.0,609.0,601.0,605.0,413100
2019-07-26,604.0,606.0,598.0,604.0,633400
2019-07-29,601.0,603.0,588.0,592.0,407000
2019-07-30,600.0,605.0,599.0,603.0,583000
2019-07-31,604.0,607.0,600.0,600.0,669000
2019-08-01,593.0,597.0,588.0,592.0,496200
2019-08-02,573.0,580.0,562.0,564.0,721500
2019-08-05,559.0,560.0,536.0,549.0,772900
2019-08-06,529.0,544.0,526.0,544.0,742800
2019-08-07,535.0,542.0,532.0,536.0,475600
2019-08-08,533.0,537.0,528.0,531.0,656400
2019-08-09,541.0,567.0,530.0,553.0,1337000
2019-08-13,543.0,555.0,541.0,555.0,1001700
2019-08-14,565.0,570.0,562.0,568.0,783800
2019-08-15,553.0,564.0,550.0,562.0,500300
2019-08-16,556.0,562.0,550.0,560.0,477600
2019-08-19,568.0,572.0,564.0,570.0,386000
2019-08-20,573.0,580.0,569.0,578.0,479400
2019-08-21,572.0,575.0,568.0,572.0,606200
2019-08-22,582.0,584.0,575.0,580.0,741800
2019-08-23,588.0,590.0,578.0,578.0,482600
2019-08-26,558.0,567.0,556.0,563.0,702200
2019-08-27,571.0,575.0,569.0,571.0,512400
2019-08-28,569.0,571.0,563.0,564.0,391200
2019-08-29,572.0,575.0,562.0,575.0,533200
2019-08-30,585.0,592.0,579.0,591.0,698400
2019-09-02,585.0,586.0,575.0,577.0,543600
2019-09-03,572.0,577.0,569.0,576.0,408400
2019-09-04,570.0,570.0,562.0,562.0,518000
2019-09-05,571.0,579.0,564.0,575.0,639000
2019-09-06,576.0,578.0,573.0,574.0,415200
2019-09-09,577.0,584.0,572.0,583.0,348900
2019-09-10,590.0,603.0,590.0,600.0,604600
2019-09-11,609.0,621.0,605.0,618.0,604700
2019-09-12,618.0,626.0,615.0,620.0,764000
2019-09-13,625.0,630.0,617.0,629.0,941200
2019-09-17,625.0,636.0,625.0,629.0,692300
2019-09-18,634.0,634.0,620.0,622.0,478800
2019-09-19,631.0,645.0,628.0,640.0,814500
2019-09-20,642.0,642.0,620.0,623.0,970500
2019-09-24,625.0,636.0,625.0,626.0,600100
2019-09-25,626.0,632.0,618.0,632.0,544100
2019-09-26,647.0,649.0,631.0,634.0,792600
2019-09-27,631.0,634.0,622.0,630.0,525000
2019-09-30,621.0,626.0,619.0,621.0,380600
2019-10-01,625.0,634.0,624.0,628.0,314500
2019-10-02,624.0,631.0,623.0,628.0,355100
2019-10-03,609.0,615.0,602.0,608.0,488500
2019-10-04,604.0,609.0,598.0,609.0,361200
2019-10-07,611.0,615.0,607.0,611.0,283700
2019-10-08,618.0,626.0,618.0,621.0,424800
2019-10-09,613.0,624.0,613.0,624.0,373100
2019-10-10,626.0,628.0,614.0,618.0,346500
2019-10-11,624.0,627.0,620.0,625.0,352800
2019-10-15,644.0,654.0,643.0,651.0,579600
2019-10-16,659.0,667.0,653.0,656.0,577000
2019-10-17,656.0,664.0,651.0,653.0,779200
2019-10-18,659.0,668.0,650.0,652.0,797400
2019-10-21,658.0,669.0,658.0,667.0,500500
2019-10-23,676.0,677.0,655.0,673.0,807600
2019-10-24,679.0,680.0,672.0,679.0,369700
2019-10-25,678.0,683.0,671.0,682.0,485500
2019-10-28,695.0,696.0,676.0,676.0,581200
2019-10-29,682.0,688.0,680.0,686.0,423000
2019-10-30,684.0,687.0,679.0,684.0,501900
2019-10-31,680.0,684.0,677.0,682.0,404800
2019-11-01,673.0,678.0,670.0,673.0,396000
2019-11-05,684.0,692.0,677.0,691.0,859600
2019-11-06,700.0,702.0,692.0,697.0,493100
2019-11-07,693.0,701.0,691.0,700.0,419600
2019-11-08,715.0,717.0,687.0,698.0,1126300
2019-11-11,708.0,708.0,689.0,693.0,665300
2019-11-12,699.0,713.0,694.0,710.0,549700
2019-11-13,707.0,712.0,706.0,708.0,474200
2019-11-14,704.0,708.0,688.0,688.0,641800
2019-11-15,691.0,699.0,685.0,694.0,735200
2019-11-18,694.0,694.0,685.0,691.0,377400
2019-11-19,687.0,689.0,680.0,680.0,593900
2019-11-20,674.0,678.0,665.0,672.0,626000
2019-11-21,671.0,678.0,665.0,676.0,564500
2019-11-22,678.0,681.0,672.0,674.0,515200
2019-11-25,678.0,683.0,673.0,677.0,415300
2019-11-26,682.0,683.0,669.0,670.0,456800
2019-11-27,673.0,681.0,672.0,677.0,400300
2019-11-28,680.0,680.0,669.0,675.0,332400
2019-11-29,678.0,679.0,668.0,670.0,428100
2019-12-02,673.0,684.0,673.0,682.0,313800
2019-12-03,672.0,680.0,669.0,679.0,304800
2019-12-04,675.0,690.0,673.0,690.0,556700
2019-12-05,693.0,708.0,693.0,707.0,594000
2019-12-06,708.0,716.0,706.0,714.0,611600
2019-12-09,722.0,726.0,716.0,720.0,388600
2019-12-10,724.0,725.0,719.0,722.0,384500
2019-12-11,724.0,724.0,715.0,720.0,430600
2019-12-12,730.0,734.0,725.0,725.0,595000
2019-12-13,746.0,748.0,734.0,738.0,1120800
2019-12-16,746.0,746.0,738.0,738.0,429100
2019-12-17,742.0,742.0,731.0,741.0,614900
2019-12-18,744.0,744.0,736.0,739.0,567200
2019-12-19,738.0,738.0,728.0,730.0,468000
2019-12-20,730.0,734.0,722.0,723.0,669400
2019-12-23,728.0,728.0,717.0,719.0,260700
2019-12-24,723.0,723.0,715.0,721.0,244700
2019-12-25,716.0,719.0,713.0,717.0,178500
2019-12-26,720.0,729.0,720.0,729.0,326900
2019-12-27,732.0,739.0,732.0,737.0,269600
2019-12-30,733.0,733.0,725.0,726.0,543200
2020-01-06,708.0,720.0,706.0,718.0,542300
2020-01-07,719.0,740.0,719.0,738.0,515400
2020-01-08,718.0,719.0,704.0,715.0,654300
2020-01-09,721.0,725.0,718.0,720.0,352300
2020-01-10,720.0,723.0,717.0,720.0,394600
2020-01-14,720.0,723.0,711.0,715.0,542400
2020-01-15,712.0,714.0,708.0,711.0,303300
2020-01-16,716.0,721.0,709.0,719.0,428900
2020-01-17,722.0,729.0,720.0,723.0,349400
2020-01-20,726.0,737.0,726.0,736.0,288300
2020-01-21,733.0,743.0,731.0,741.0,368600
2020-01-22,738.0,745.0,731.0,742.0,638200
2020-01-23,737.0,742.0,733.0,737.0,371900
2020-01-24,733.0,740.0,730.0,732.0,416100
2020-01-27,720.0,727.0,719.0,722.0,477100
2020-01-28,710.0,720.0,708.0,718.0,441600
2020-01-29,714.0,719.0,711.0,718.0,386400
2020-01-30,718.0,720.0,706.0,713.0,462500
2020-01-31,713.0,720.0,712.0,713.0,349500
2020-02-03,700.0,714.0,699.0,709.0,466200
2020-02-04,701.0,725.0,700.0,724.0,486100
2020-02-05,732.0,735.0,727.0,732.0,343900
2020-02-06,740.0,763.0,740.0,758.0,702300
2020-02-07,758.0,758.0,750.0,754.0,241300
2020-02-10,744.0,755.0,742.0,750.0,284300
2020-02-12,750.0,752.0,737.0,738.0,460500
2020-02-13,744.0,753.0,736.0,747.0,457800
2020-02-14,744.0,744.0,729.0,737.0,734600
2020-02-17,728.0,728.0,715.0,722.0,496200
2020-02-18,715.0,722.0,710.0,712.0,307700
2020-02-19,712.0,719.0,711.0,712.0,395800
2020-02-20,712.0,723.0,711.0,712.0,408300
2020-02-21,712.0,721.0,712.0,713.0,502000
2020-02-25,678.0,691.0,677.0,678.0,789600
2020-02-26,670.0,687.0,666.0,686.0,669700
2020-02-27,677.0,685.0,669.0,673.0,845100
2020-02-28,655.0,658.0,639.0,646.0,812000
2020-03-02,638.0,674.0,637.0,668.0,892200
2020-03-03,668.0,669.0,642.0,643.0,1121600
2020-03-04,636.0,650.0,629.0,643.0,743600
2020-03-05,644.0,648.0,628.0,629.0,1057300
2020-03-06,617.0,620.0,597.0,600.0,837400
2020-03-09,576.0,585.0,558.0,563.0,651600
2020-03-10,553.0,564.0,534.0,563.0,755800
2020-03-11,566.0,587.0,566.0,572.0,1018400
2020-03-12,567.0,571.0,551.0,558.0,1230100
2020-03-13,518.0,537.0,502.0,522.0,1657100
2020-03-16,525.0,543.0,511.0,516.0,796900
2020-03-17,492.0,540.0,484.0,535.0,1118400
2020-03-18,533.0,556.0,524.0,528.0,1512100
2020-03-19,544.0,557.0,531.0,542.0,1551400
2020-03-23,552.0,598.0,530.0,590.0,2038100
2020-03-24,607.0,627.0,605.0,610.0,1380500
2020-03-25,640.0,648.0,603.0,629.0,1342400
2020-03-26,622.0,638.0,607.0,627.0,968400
2020-03-27,640.0,668.0,632.0,668.0,1432800
2020-03-30,636.0,641.0,602.0,641.0,834700
2020-03-31,641.0,654.0,619.0,629.0,750200
2020-04-01,620.0,638.0,599.0,602.0,582600
2020-04-02,592.0,603.0,576.0,580.0,475100
2020-04-03,628.0,638.0,569.0,575.0,432300
2020-04-06,572.0,612.0,572.0,607.0,532500
2020-04-07,617.0,632.0,605.0,622.0,445100
2020-04-08,632.0,642.0,620.0,630.0,607900
2020-04-09,628.0,631.0,616.0,626.0,527300
2020-04-10,632.0,647.0,623.0,646.0,537600
2020-04-13,646.0,649.0,633.0,635.0,457300
2020-04-14,630.0,630.0,612.0,621.0,476000
2020-04-15,621.0,621.0,602.0,607.0,550600
2020-04-16,593.0,608.0,587.0,605.0,619800
2020-04-17,619.0,635.0,611.0,618.0,625300
2020-04-20,617.0,625.0,605.0,606.0,474400
2020-04-21,598.0,623.0,594.0,621.0,600500
2020-04-22,611.0,624.0,611.0,618.0,695300
2020-04-23,620.0,629.0,616.0,628.0,600400
2020-04-24,630.0,630.0,603.0,605.0,1231200
2020-04-27,612.0,618.0,609.0,615.0,800700
2020-04-28,621.0,630.0,614.0,625.0,461700
2020-04-30,635.0,637.0,623.0,630.0,616900
2020-05-01,630.0,633.0,613.0,615.0,432100
2020-05-07,617.0,627.0,615.0,623.0,380100
2020-05-08,631.0,640.0,627.0,638.0,358900
2020-05-11,645.0,654.0,641.0,652.0,351200
2020-05-12,652.0,654.0,640.0,640.0,176300
2020-05-13,634.0,640.0,629.0,635.0,427500
2020-05-14,635.0,642.0,622.0,622.0,341900
2020-05-15,638.0,639.0,623.0,629.0,404300
2020-05-18,639.0,645.0,630.0,639.0,226000
2020-05-19,653.0,656.0,643.0,647.0,332700
2020-05-20,647.0,657.0,642.0,653.0,317000
2020-05-21,653.0,655.0,638.0,641.0,450100
2020-05-22,641.0,647.0,628.0,630.0,285400
2020-05-25,637.0,641.0,633.0,637.0,225200
2020-05-26,645.0,659.0,643.0,657.0,394000
2020-05-27,657.0,671.0,654.0,667.0,670300
2020-05-28,674.0,685.0,672.0,683.0,481600
2020-05-29,683.0,690.0,661.0,664.0,757300
2020-06-01,665.0,696.0,665.0,692.0,630000
2020-06-02,702.0,713.0,696.0,698.0,711600
2020-06-03,701.0,720.0,701.0,713.0,562100
2020-06-04,713.0,719.0,706.0,715.0,583600
2020-06-05,709.0,725.0,707.0,724.0,565400
2020-06-08,724.0,737.0,724.0,735.0,554800
2020-06-09,735.0,744.0,727.0,728.0,598200
2020-06-10,721.0,723.0,700.0,704.0,632600
2020-06-11,696.0,706.0,694.0,698.0,477300
2020-06-12,688.0,693.0,678.0,684.0,749200
2020-06-15,684.0,686.0,668.0,668.0,406900
2020-06-16,681.0,702.0,680.0,698.0,592200
2020-06-17,698.0,700.0,688.0,691.0,429400
2020-06-18,683.0,695.0,679.0,693.0,436300
2020-06-19,701.0,722.0,699.0,718.0,1131100
2020-06-22,711.0,711.0,690.0,690.0,689000
2020-06-23,695.0,708.0,692.0,700.0,379100
2020-06-24,700.0,700.0,689.0,690.0,259500
2020-06-25,681.0,681.0,666.0,669.0,404000
2020-06-26,676.0,686.0,675.0,682.0,462400
2020-06-29,672.0,686.0,671.0,683.0,329100
2020-06-30,703.0,706.0,692.0,695.0,840300
2020-07-01,689.0,689.0,670.0,671.0,400800
2020-07-02,678.0,686.0,675.0,682.0,438000
2020-07-03,688.0,691.0,674.0,679.0,249100
2020-07-06,683.0,705.0,683.0,701.0,490400
2020-07-07,701.0,701.0,685.0,693.0,433200
2020-07-08,689.0,699.0,688.0,688.0,419600
2020-07-09,686.0,700.0,685.0,693.0,439800
2020-07-10,698.0,698.0,681.0,681.0,357600
2020-07-13,699.0,713.0,699.0,711.0,530100
2020-07-14,712.0,718.0,707.0,707.0,420700
2020-07-15,719.0,731.0,715.0,722.0,465900
2020-07-16,722.0,732.0,718.0,718.0,419900
2020-07-17,718.0,722.0,712.0,717.0,388700
2020-07-20,725.0,733.0,717.0,729.0,445300
2020-07-21,718.0,718.0,698.0,709.0,890500
2020-07-22,706.0,712.0,702.0,702.0,308600
2020-07-27,691.0,705.0,691.0,705.0,451000
2020-07-28,705.0,715.0,703.0,708.0,467600
2020-07-29,702.0,705.0,697.0,699.0,361600
2020-07-30,702.0,707.0,696.0,696.0,295400
2020-07-31,690.0,693.0,670.0,673.0,337800
2020-08-03,690.0,690.0,677.0,680.0,233000
2020-08-04,680.0,698.0,628.0,647.0,1266700
2020-08-05,642.0,660.0,632.0,654.0,678500
2020-08-06,654.0,671.0,654.0,666.0,453100
2020-08-07,666.0,670.0,658.0,660.0,461100
2020-08-11,663.0,683.0,663.0,681.0,443400
2020-08-12,685.0,698.0,683.0,692.0,429200
2020-08-13,696.0,706.0,695.0,701.0,392100
2020-08-14,698.0,698.0,692.0,692.0,301700
2020-08-17,688.0,696.0,683.0,683.0,347300
2020-08-18,686.0,695.0,686.0,690.0,454500
2020-08-19,688.0,693.0,686.0,690.0,421200
2020-08-20,687.0,692.0,680.0,685.0,451500
2020-08-21,688.0,692.0,685.0,686.0,284600
2020-08-24,696.0,696.0,686.0,687.0,210000
2020-08-25,700.0,703.0,693.0,700.0,377400
2020-08-26,698.0,699.0,693.0,697.0,197200
2020-08-27,695.0,697.0,690.0,693.0,237000
2020-08-28,699.0,705.0,682.0,689.0,436900
2020-08-31,696.0,703.0,690.0,693.0,323800
2020-09-01,687.0,689.0,681.0,686.0,261700
2020-09-02,682.0,684.0,679.0,681.0,231700
2020-09-03,693.0,693.0,680.0,683.0,262000
2020-09-04,675.0,678.0,670.0,675.0,419200
2020-09-07,675.0,687.0,675.0,676.0,359000
2020-09-08,676.0,684.0,675.0,681.0,336300
2020-09-09,670.0,679.0,666.0,676.0,574000
2020-09-10,676.0,692.0,676.0,690.0,386800
2020-09-11,692.0,695.0,688.0,693.0,612700
2020-09-14,703.0,718.0,703.0,715.0,459300
2020-09-15,711.0,712.0,701.0,706.0,250400
2020-09-16,706.0,707.0,701.0,701.0,263400
2020-09-17,701.0,708.0,699.0,701.0,270400
2020-09-18,701.0,725.0,700.0,723.0,1233200
2020-09-23,712.0,719.0,708.0,711.0,487400
2020-09-24,714.0,716.0,708.0,713.0,412300
2020-09-25,716.0,727.0,714.0,717.0,512000
2020-09-28,731.0,748.0,728.0,748.0,747300
2020-09-29,741.0,747.0,735.0,740.0,572000
2020-09-30,738.0,739.0,720.0,720.0,490400
2020-10-02,722.0,729.0,707.0,710.0,396800
2020-10-05,720.0,730.0,715.0,719.0,333500
2020-10-06,719.0,724.0,715.0,720.0,276900
2020-10-07,714.0,719.0,708.0,715.0,350300
2020-10-08,715.0,721.0,715.0,719.0,373000
2020-10-09,719.0,722.0,711.0,712.0,355300
2020-10-12,710.0,714.0,702.0,707.0,241900
2020-10-13,703.0,708.0,698.0,705.0,186100
2020-10-14,698.0,700.0,687.0,694.0,294100
2020-10-15,690.0,693.0,680.0,682.0,312400
2020-10-16,676.0,680.0,670.0,672.0,267000
2020-10-19,650.0,652.0,639.0,646.0,893800
2020-10-20,636.0,637.0,620.0,620.0,638000
2020-10-21,620.0,631.0,615.0,623.0,760200
2020-10-22,620.0,628.0,609.0,613.0,690400
2020-10-23,610.0,618.0,606.0,608.0,409200
2020-10-26,606.0,614.0,606.0,609.0,376100
2020-10-27,603.0,604.0,592.0,601.0,542000
2020-10-28,591.0,594.0,582.0,592.0,574800
2020-10-29,585.0,597.0,584.0,588.0,476200
2020-10-30,593.0,602.0,590.0,594.0,811100
2020-11-02,600.0,613.0,599.0,602.0,551800
2020-11-04,609.0,616.0,601.0,608.0,740700
2020-11-05,603.0,612.0,599.0,610.0,1095500
2020-11-06,610.0,620.0,606.0,618.0,649600
2020-11-09,625.0,629.0,617.0,620.0,432700
2020-11-10,639.0,642.0,628.0,640.0,775900
2020-11-11,653.0,662.0,644.0,650.0,703700
2020-11-12,646.0,646.0,633.0,638.0,425600
2020-11-13,640.0,644.0,625.0,625.0,701100
2020-11-16,632.0,639.0,630.0,635.0,648200
2020-11-17,640.0,643.0,629.0,633.0,594900
2020-11-18,632.0,638.0,629.0,632.0,529500
2020-11-19,630.0,638.0,630.0,633.0,620900
2020-11-20,630.0,634.0,626.0,631.0,456800
2020-11-24,646.0,649.0,633.0,633.0,526400
2020-11-25,650.0,650.0,627.0,630.0,521800
2020-11-26,623.0,627.0,617.0,624.0,435700
2020-11-27,623.0,639.0,623.0,634.0,685100
2020-11-30,636.0,639.0,613.0,613.0,625000
2020-12-01,617.0,632.0,616.0,629.0,549600
2020-12-02,642.0,645.0,635.0,637.0,738100
2020-12-03,635.0,646.0,630.0,643.0,651300
2020-12-04,641.0,645.0,636.0,637.0,277300
2020-12-07,640.0,646.0,636.0,636.0,328600
2020-12-08,635.0,641.0,634.0,638.0,231800
2020-12-09,643.0,649.0,640.0,648.0,223300
2020-12-10,648.0,648.0,643.0,643.0,222900
2020-12-11,642.0,643.0,633.0,640.0,292700
2020-12-14,642.0,656.0,642.0,650.0,329800
2020-12-15,649.0,657.0,646.0,653.0,241600
2020-12-16,663.0,668.0,656.0,656.0,307900
2020-12-17,658.0,659.0,652.0,658.0,371500
2020-12-18,667.0,668.0,657.0,667.0,548800
2020-12-21,670.0,675.0,655.0,658.0,405700
2020-12-22,655.0,655.0,647.0,648.0,421500
2020-12-23,658.0,658.0,651.0,657.0,333700
2020-12-24,661.0,670.0,661.0,664.0,383700
2020-12-25,673.0,679.0,668.0,678.0,310000
2020-12-28,686.0,689.0,679.0,686.0,436700
2020-12-29,692.0,702.0,690.0,701.0,399100
2020-12-30,695.0,695.0,683.0,683.0,414700
2021-01-04,689.0,691.0,668.0,675.0,321600
2021-01-05,674.0,687.0,674.0,684.0,426200
2021-01-06,690.0,701.0,688.0,697.0,465600
2021-01-07,722.0,728.0,714.0,719.0,836300
2021-01-08,721.0,739.0,717.0,733.0,787100
2021-01-12,734.0,743.0,729.0,743.0,446900
2021-01-13,745.0,757.0,729.0,741.0,761100
2021-01-14,737.0,752.0,736.0,749.0,497900
2021-01-15,755.0,757.0,738.0,738.0,340600
2021-01-18,730.0,733.0,726.0,729.0,190000
2021-01-19,730.0,736.0,726.0,730.0,199400
2021-01-20,727.0,736.0,718.0,734.0,336700
2021-01-21,740.0,749.0,733.0,736.0,396100
2021-01-22,727.0,730.0,725.0,726.0,296500
2021-01-25,734.0,741.0,730.0,737.0,286600
2021-01-26,737.0,746.0,735.0,745.0,265100
2021-01-27,750.0,761.0,746.0,760.0,432100
2021-01-28,745.0,762.0,740.0,757.0,755900
2021-01-29,755.0,764.0,734.0,737.0,715900
2021-02-01,733.0,751.0,730.0,735.0,318300
2021-02-02,745.0,755.0,744.0,751.0,374800
2021-02-03,752.0,766.0,749.0,766.0,278600
2021-02-04,760.0,761.0,749.0,752.0,374900
2021-02-05,753.0,757.0,746.0,757.0,437900
2021-02-08,760.0,794.0,759.0,793.0,727200
2021-02-09,778.0,782.0,764.0,778.0,739800
2021-02-10,768.0,770.0,760.0,768.0,429200
2021-02-12,772.0,776.0,766.0,767.0,250400
2021-02-15,781.0,787.0,774.0,780.0,281100
2021-02-16,780.0,783.0,771.0,774.0,207300
2021-02-17,764.0,769.0,759.0,763.0,368700
2021-02-18,758.0,760.0,746.0,748.0,323000
2021-02-19,742.0,749.0,737.0,744.0,317100
2021-02-22,749.0,752.0,741.0,743.0,353400
2021-02-24,743.0,748.0,736.0,739.0,333400
2021-02-25,753.0,753.0,740.0,749.0,381600
2021-02-26,742.0,743.0,728.0,728.0,517300
2021-03-01,741.0,758.0,741.0,758.0,449400
2021-03-02,764.0,766.0,754.0,764.0,340700
2021-03-03,763.0,783.0,760.0,777.0,642600
2021-03-04,762.0,774.0,760.0,773.0,532300
2021-03-05,770.0,784.0,757.0,783.0,691200
2021-03-08,792.0,794.0,775.0,780.0,501000
2021-03-09,790.0,808.0,785.0,808.0,666600
2021-03-10,810.0,810.0,793.0,801.0,539300
2021-03-11,807.0,823.0,804.0,820.0,518100
2021-03-12,818.0,819.0,801.0,814.0,499900
2021-03-15,820.0,845.0,819.0,844.0,614200
2021-03-16,840.0,844.0,829.0,833.0,571500
2021-03-17,824.0,840.0,823.0,839.0,378400
2021-03-18,847.0,858.0,844.0,855.0,561400
2021-03-19,841.0,869.0,835.0,859.0,1261300
2021-03-22,859.0,872.0,853.0,866.0,558000
2021-03-23,860.0,874.0,849.0,849.0,505200
2021-03-24,844.0,846.0,821.0,821.0,519000
2021-03-25,836.0,851.0,835.0,841.0,507100
2021-03-26,855.0,857.0,845.0,847.0,383400
2021-03-29,865.0,867.0,849.0,862.0,758500
2021-03-30,839.0,839.0,816.0,830.0,507900
2021-03-31,821.0,826.0,811.0,811.0,521800
2021-04-01,809.0,824.0,805.0,808.0,365800
2021-04-02,822.0,823.0,804.0,808.0,266300
2021-04-05,819.0,819.0,802.0,816.0,304200
2021-04-06,819.0,821.0,796.0,800.0,361700
2021-04-07,803.0,815.0,801.0,812.0,248400
2021-04-08,808.0,810.0,797.0,802.0,340300
2021-04-09,816.0,820.0,807.0,807.0,347200
2021-04-12,814.0,827.0,808.0,821.0,493200
2021-04-13,821.0,847.0,821.0,837.0,754900
2021-04-14,827.0,843.0,817.0,841.0,417400
2021-04-15,845.0,855.0,841.0,850.0,352900
2021-04-16,845.0,845.0,830.0,839.0,304700
2021-04-19,839.0,839.0,830.0,831.0,293900
2021-04-20,820.0,820.0,807.0,811.0,329600
2021-04-21,794.0,794.0,782.0,793.0,351700
2021-04-22,802.0,805.0,788.0,795.0,204900
2021-04-23,793.0,795.0,787.0,790.0,149500
2021-04-26,793.0,793.0,780.0,788.0,245400
2021-04-27,787.0,792.0,781.0,789.0,286500
2021-04-28,789.0,794.0,785.0,785.0,217900
2021-04-30,785.0,789.0,777.0,779.0,336500
2021-05-06,788.0,802.0,786.0,793.0,376700
2021-05-07,793.0,804.0,792.0,800.0,262800
2021-05-10,801.0,814.0,800.0,811.0,229400
2021-05-11,796.0,801.0,779.0,785.0,467300
2021-05-12,776.0,777.0,759.0,772.0,605300
2021-05-13,766.0,777.0,760.0,762.0,276000
2021-05-14,777.0,789.0,774.0,783.0,411900
2021-05-17,783.0,787.0,764.0,773.0,553100
2021-05-18,786.0,806.0,786.0,805.0,470000
2021-05-19,788.0,804.0,787.0,800.0,351900
2021-05-20,799.0,818.0,798.0,815.0,330500
2021-05-21,814.0,824.0,810.0,817.0,290000
2021-05-24,825.0,835.0,824.0,825.0,313000
2021-05-25,823.0,825.0,813.0,819.0,408900
2021-05-26,808.0,820.0,807.0,814.0,319500
2021-05-27,814.0,814.0,790.0,797.0,983700
2021-05-28,806.0,814.0,797.0,804.0,482700
2021-05-31,795.0,795.0,772.0,777.0,474100
2021-06-01,779.0,779.0,768.0,776.0,393600
2021-06-02,772.0,783.0,766.0,778.0,405000
2021-06-03,772.0,782.0,772.0,778.0,229800
2021-06-04,778.0,780.0,771.0,772.0,247600
2021-06-07,774.0,778.0,771.0,775.0,323100
2021-06-08,768.0,788.0,768.0,788.0,448300
2021-06-09,795.0,803.0,793.0,799.0,312100
2021-06-10,794.0,797.0,786.0,795.0,306700
2021-06-11,780.0,781.0,761.0,762.0,845100
2021-06-14,774.0,775.0,759.0,759.0,376900
2021-06-15,759.0,767.0,758.0,764.0,246700
2021-06-16,766.0,771.0,762.0,768.0,262500
2021-06-17,760.0,766.0,755.0,755.0,238700
2021-06-18,753.0,758.0,749.0,751.0,459000
2021-06-21,736.0,737.0,726.0,735.0,462400
2021-06-22,758.0,770.0,752.0,770.0,371400
2021-06-23,767.0,771.0,760.0,762.0,219000
2021-06-24,762.0,768.0,759.0,768.0,219400
2021-06-25,770.0,778.0,769.0,774.0,296800
2021-06-28,777.0,780.0,771.0,778.0,236800
2021-06-29,768.0,776.0,763.0,770.0,368100
2021-06-30,769.0,775.0,765.0,765.0,456900
2021-07-01,772.0,774.0,758.0,761.0,570800
2021-07-02,761.0,770.0,760.0,769.0,227100
2021-07-05,761.0,764.0,756.0,761.0,166500
2021-07-06,773.0,776.0,767.0,771.0,225200
2021-07-07,752.0,760.0,748.0,749.0,287000
2021-07-08,750.0,750.0,736.0,742.0,403300
2021-07-09,727.0,743.0,725.0,741.0,482800
2021-07-12,766.0,777.0,762.0,774.0,523800
2021-07-13,785.0,792.0,781.0,787.0,309900
2021-07-14,784.0,801.0,781.0,796.0,358600
2021-07-15,788.0,794.0,777.0,778.0,336700
2021-07-16,773.0,783.0,773.0,773.0,191700
2021-07-19,767.0,776.0,766.0,770.0,339700
2021-07-20,763.0,768.0,758.0,760.0,224800
2021-07-21,773.0,782.0,771.0,772.0,260600
2021-07-26,787.0,788.0,778.0,783.0,326100
2021-07-27,789.0,795.0,785.0,794.0,274400
2021-07-28,789.0,794.0,783.0,792.0,142700
2021-07-29,793.0,796.0,789.0,796.0,261600
2021-07-30,788.0,789.0,776.0,776.0,267300
2021-08-02,788.0,807.0,788.0,806.0,445600
2021-08-03,795.0,802.0,792.0,796.0,179500
2021-08-04,798.0,800.0,791.0,795.0,159200
2021-08-05,780.0,791.0,778.0,783.0,267500
2021-08-06,785.0,794.0,779.0,789.0,417400
2021-08-10,778.0,789.0,767.0,779.0,489500
2021-08-11,791.0,792.0,783.0,786.0,240100
2021-08-12,787.0,789.0,782.0,785.0,236400
2021-08-13,789.0,794.0,786.0,792.0,184100
2021-08-16,785.0,785.0,770.0,776.0,250100
2021-08-17,781.0,784.0,771.0,771.0,147100
2021-08-18,775.0,787.0,774.0,784.0,193500
2021-08-19,780.0,782.0,772.0,775.0,237700
2021-08-20,771.0,782.0,770.0,780.0,287600
2021-08-23,780.0,795.0,779.0,789.0,356000
2021-08-24,789.0,800.0,786.0,798.0,317100
2021-08-25,795.0,801.0,790.0,792.0,255500
2021-08-26,790.0,793.0,783.0,790.0,228000
2021-08-27,782.0,790.0,778.0,789.0,289300
2021-08-30,793.0,810.0,793.0,810.0,423100
2021-08-31,802.0,809.0,798.0,804.0,431300
2021-09-01,802.0,813.0,800.0,803.0,405800
2021-09-02,803.0,805.0,795.0,803.0,355800
2021-09-03,805.0,836.0,798.0,835.0,597000
2021-09-06,837.0,840.0,826.0,830.0,351300
2021-09-07,839.0,848.0,834.0,841.0,457000
2021-09-08,835.0,857.0,835.0,857.0,661800
2021-09-09,845.0,847.0,831.0,836.0,426300
2021-09-10,834.0,846.0,833.0,846.0,602300
2021-09-13,841.0,850.0,836.0,850.0,341300
2021-09-14,850.0,850.0,840.0,848.0,507000
2021-09-15,830.0,830.0,820.0,825.0,459100
2021-09-16,836.0,844.0,829.0,841.0,439200
2021-09-17,845.0,849.0,838.0,842.0,798300
2021-09-21,834.0,841.0,824.0,825.0,424600
2021-09-22,819.0,821.0,810.0,811.0,314900
2021-09-24,826.0,829.0,817.0,820.0,503400
2021-09-27,816.0,820.0,809.0,813.0,412800
2021-09-28,820.0,820.0,803.0,814.0,366700
2021-09-29,795.0,797.0,783.0,792.0,468700
2021-09-30,790.0,798.0,785.0,787.0,303400
2021-10-01,781.0,781.0,758.0,762.0,405000
2021-10-04,772.0,777.0,769.0,774.0,244300
2021-10-05,762.0,772.0,761.0,763.0,312100
2021-10-06,762.0,776.0,761.0,768.0,327400
2021-10-07,766.0,767.0,757.0,757.0,359800
2021-10-08,771.0,776.0,766.0,769.0,259900
2021-10-11,760.0,774.0,760.0,774.0,337600
2021-10-12,771.0,773.0,758.0,758.0,312100
2021-10-13,757.0,761.0,756.0,756.0,224500
2021-10-14,752.0,752.0,744.0,752.0,239300
2021-10-15,760.0,765.0,755.0,763.0,336700
2021-10-18,763.0,768.0,753.0,761.0,371600
2021-10-19,766.0,766.0,753.0,754.0,338600
2021-10-20,762.0,762.0,752.0,752.0,210200
2021-10-21,751.0,758.0,745.0,745.0,273000
2021-10-22,739.0,743.0,733.0,735.0,257100
2021-10-25,730.0,742.0,729.0,731.0,193400
2021-10-26,738.0,744.0,731.0,736.0,215900
2021-10-27,721.0,726.0,714.0,716.0,404800
2021-10-28,710.0,723.0,705.0,716.0,407800
2021-10-29,714.0,719.0,705.0,717.0,306600
2021-11-01,732.0,741.0,729.0,741.0,357800
2021-11-02,735.0,735.0,727.0,728.0,304200
2021-11-04,737.0,766.0,730.0,760.0,783000
2021-11-05,745.0,746.0,730.0,730.0,373200
2021-11-08,739.0,740.0,721.0,722.0,360200
2021-11-09,719.0,727.0,715.0,724.0,345200
2021-11-10,727.0,730.0,714.0,716.0,259800
2021-11-11,711.0,717.0,705.0,709.0,260800
2021-11-12,706.0,729.0,706.0,729.0,387500
2021-11-15,722.0,733.0,720.0,724.0,458300
2021-11-16,739.0,743.0,729.0,730.0,344100
2021-11-17,722.0,725.0,714.0,715.0,245600
2021-11-18,707.0,717.0,707.0,713.0,315100
2021-11-19,713.0,722.0,713.0,720.0,276600
2021-11-22,715.0,717.0,709.0,709.0,261300
2021-11-24,712.0,717.0,703.0,703.0,234900
2021-11-25,704.0,710.0,700.0,701.0,184700
2021-11-26,699.0,700.0,686.0,688.0,333000
2021-11-29,678.0,680.0,669.0,669.0,461100
2021-11-30,679.0,693.0,667.0,668.0,786400
2021-12-01,664.0,688.0,664.0,684.0,414700
2021-12-02,680.0,697.0,677.0,688.0,443500
2021-12-03,694.0,711.0,688.0,710.0,350800
2021-12-06,716.0,730.0,716.0,721.0,496000
2021-12-07,726.0,740.0,721.0,737.0,366800
2021-12-08,743.0,745.0,732.0,733.0,376900
2021-12-09,727.0,728.0,719.0,722.0,327000
2021-12-10,726.0,731.0,723.0,725.0,272400
2021-12-13,733.0,735.0,723.0,726.0,191700
2021-12-14,731.0,736.0,728.0,735.0,429900
2021-12-15,723.0,739.0,723.0,735.0,215200
2021-12-16,744.0,749.0,739.0,747.0,287300
2021-12-17,751.0,751.0,733.0,738.0,350800
2021-12-20,723.0,729.0,718.0,718.0,212200
2021-12-21,729.0,739.0,728.0,729.0,284600
2021-12-22,732.0,733.0,718.0,721.0,196900
2021-12-23,727.0,728.0,719.0,727.0,132400
2021-12-24,722.0,729.0,722.0,724.0,125000
2021-12-27,720.0,721.0,714.0,716.0,252100
2021-12-28,727.0,733.0,720.0,729.0,240600
2021-12-29,732.0,740.0,732.0,738.0,208000
2021-12-30,730.0,734.0,726.0,728.0,131500
2022-01-04,736.0,738.0,727.0,736.0,240300
2022-01-05,744.0,744.0,733.0,739.0,317900
2022-01-06,738.0,746.0,729.0,729.0,245200
2022-01-07,726.0,735.0,721.0,724.0,222600
2022-01-11,725.0,725.0,710.0,724.0,341900
2022-01-12,721.0,740.0,721.0,737.0,246400
2022-01-13,738.0,738.0,723.0,725.0,232600
2022-01-14,724.0,729.0,714.0,727.0,359700
2022-01-17,728.0,739.0,726.0,736.0,124000
2022-01-18,750.0,753.0,726.0,729.0,268200
2022-01-19,717.0,725.0,714.0,716.0,348000
2022-01-20,714.0,730.0,714.0,724.0,275600
2022-01-21,720.0,737.0,720.0,734.0,275900
2022-01-24,738.0,745.0,734.0,744.0,254600
2022-01-25,735.0,741.0,728.0,740.0,328400
2022-01-26,738.0,745.0,729.0,729.0,252500
2022-01-27,732.0,738.0,716.0,720.0,422500
2022-01-28,734.0,745.0,732.0,740.0,333800
2022-01-31,731.0,739.0,726.0,738.0,288000
2022-02-01,729.0,741.0,726.0,731.0,263500
2022-02-02,730.0,749.0,729.0,749.0,338200
2022-02-03,740.0,752.0,740.0,746.0,226400
2022-02-04,752.0,758.0,747.0,754.0,259500
2022-02-07,746.0,747.0,735.0,744.0,292700
2022-02-08,754.0,756.0,747.0,754.0,181200
2022-02-09,758.0,760.0,754.0,754.0,221000
2022-02-10,759.0,763.0,753.0,760.0,401500
2022-02-14,758.0,776.0,752.0,771.0,498200
2022-02-15,777.0,780.0,765.0,770.0,449000
2022-02-16,781.0,787.0,779.0,785.0,378400
2022-02-17,779.0,782.0,764.0,771.0,243200
2022-02-18,764.0,773.0,764.0,770.0,269500
2022-02-21,758.0,772.0,757.0,769.0,219300
2022-02-22,765.0,771.0,759.0,767.0,176200
2022-02-24,767.0,774.0,763.0,771.0,329900
2022-02-25,765.0,768.0,760.0,764.0,235500
2022-02-28,770.0,775.0,760.0,768.0,577400
2022-03-01,777.0,778.0,767.0,770.0,368800
2022-03-02,757.0,757.0,741.0,741.0,345200
2022-03-03,748.0,755.0,745.0,749.0,315000
2022-03-04,749.0,759.0,748.0,751.0,204600
2022-03-07,749.0,750.0,739.0,745.0,279200
2022-03-08,743.0,749.0,736.0,740.0,354400
2022-03-09,735.0,750.0,734.0,744.0,242300
2022-03-10,757.0,764.0,750.0,762.0,518200
2022-03-11,750.0,754.0,745.0,747.0,504700
2022-03-14,756.0,756.0,747.0,748.0,293000
2022-03-15,749.0,758.0,748.0,753.0,325900
2022-03-16,750.0,754.0,744.0,748.0,400600
2022-03-17,755.0,762.0,747.0,758.0,502300
2022-03-18,750.0,756.0,745.0,750.0,874800
2022-03-22,762.0,776.0,759.0,771.0,562800
2022-03-23,780.0,791.0,769.0,788.0,537700
2022-03-24,777.0,779.0,768.0,775.0,326400
2022-03-25,775.0,779.0,770.0,775.0,350400
2022-03-28,779.0,784.0,771.0,776.0,350300
2022-03-29,773.0,782.0,770.0,781.0,724100
2022-03-30,764.0,769.0,746.0,752.0,496200
2022-03-31,746.0,754.0,741.0,741.0,486600
2022-04-01,739.0,758.0,735.0,757.0,341100
2022-04-04,756.0,760.0,751.0,752.0,206000
2022-04-05,756.0,756.0,749.0,750.0,346500
2022-04-06,748.0,752.0,742.0,745.0,308600
2022-04-07,735.0,735.0,725.0,731.0,352800
2022-04-08,735.0,743.0,732.0,743.0,497000
2022-04-11,739.0,745.0,736.0,742.0,362700
2022-04-12,738.0,746.0,737.0,741.0,500400
2022-04-13,739.0,748.0,737.0,744.0,704700
2022-04-14,741.0,752.0,738.0,749.0,257100
2022-04-15,750.0,756.0,750.0,751.0,184000
2022-04-18,746.0,748.0,734.0,736.0,227400
2022-04-19,744.0,746.0,739.0,743.0,233900
2022-04-20,749.0,757.0,743.0,745.0,524600
2022-04-21,750.0,756.0,746.0,747.0,379300
2022-04-22,735.0,746.0,734.0,742.0,296900
2022-04-25,729.0,735.0,727.0,727.0,327800
2022-04-26,731.0,738.0,726.0,731.0,344700
2022-04-27,716.0,724.0,707.0,707.0,619700
2022-04-28,714.0,749.0,712.0,746.0,556500
2022-05-02,743.0,753.0,741.0,748.0,333200
2022-05-06,745.0,756.0,743.0,749.0,462000
2022-05-09,745.0,746.0,737.0,737.0,299900
2022-05-10,733.0,747.0,732.0,743.0,376400
2022-05-11,733.0,736.0,730.0,731.0,293100
2022-05-12,730.0,733.0,725.0,726.0,312700
2022-05-13,722.0,744.0,710.0,713.0,931500
2022-05-16,720.0,720.0,695.0,701.0,756300
2022-05-17,705.0,708.0,690.0,691.0,390600
2022-05-18,692.0,697.0,683.0,686.0,370800
2022-05-19,668.0,678.0,653.0,678.0,721600
2022-05-20,669.0,677.0,665.0,675.0,626200
2022-05-23,680.0,680.0,669.0,674.0,501900
2022-05-24,672.0,673.0,657.0,664.0,471600
2022-05-25,668.0,673.0,661.0,667.0,425200
2022-05-26,664.0,673.0,664.0,666.0,392800
2022-05-27,672.0,673.0,660.0,665.0,452700
2022-05-30,670.0,683.0,668.0,678.0,653800
2022-05-31,670.0,678.0,667.0,676.0,1460800
2022-06-01,679.0,695.0,679.0,692.0,415600
2022-06-02,687.0,693.0,679.0,690.0,262500
2022-06-03,700.0,700.0,688.0,691.0,285100
2022-06-06,685.0,689.0,684.0,687.0,320200
2022-06-07,687.0,695.0,686.0,693.0,289700
2022-06-08,750.0,754.0,724.0,730.0,883400
2022-06-09,730.0,739.0,727.0,727.0,587300
2022-06-10,719.0,732.0,715.0,723.0,591900
2022-06-13,717.0,722.0,712.0,713.0,371900
2022-06-14,699.0,715.0,699.0,709.0,347400
2022-06-15,706.0,713.0,705.0,705.0,417100
2022-06-16,711.0,717.0,700.0,705.0,400200
2022-06-17,683.0,703.0,680.0,688.0,1520000
2022-06-20,693.0,701.0,684.0,688.0,457000
2022-06-21,695.0,702.0,693.0,695.0,394100
2022-06-22,703.0,707.0,699.0,699.0,292100
2022-06-23,697.0,709.0,696.0,706.0,205900
2022-06-24,711.0,718.0,705.0,713.0,288600
2022-06-27,725.0,726.0,706.0,709.0,393700
2022-06-28,708.0,718.0,705.0,718.0,354100
2022-06-29,716.0,721.0,711.0,717.0,428300
2022-06-30,719.0,729.0,718.0,720.0,402500
2022-07-01,723.0,732.0,713.0,716.0,864500
2022-07-04,725.0,727.0,716.0,719.0,378500
2022-07-05,725.0,725.0,711.0,717.0,511500
2022-07-06,705.0,707.0,690.0,693.0,383700
2022-07-07,702.0,706.0,694.0,699.0,431200
2022-07-08,698.0,711.0,698.0,699.0,722000
2022-07-11,714.0,727.0,712.0,725.0,619700
2022-07-12,724.0,727.0,709.0,713.0,343100
2022-07-13,720.0,722.0,705.0,705.0,265600
2022-07-14,702.0,709.0,700.0,706.0,254000
2022-07-15,710.0,710.0,696.0,697.0,276500
2022-07-19,705.0,705.0,693.0,694.0,278800
2022-07-20,704.0,715.0,701.0,713.0,386000
2022-07-21,712.0,715.0,707.0,714.0,207000
2022-07-22,713.0,722.0,711.0,718.0,316500
2022-07-25,720.0,724.0,718.0,719.0,332600
2022-07-26,724.0,727.0,719.0,724.0,295900
2022-07-27,726.0,726.0,718.0,719.0,253600
2022-07-28,725.0,726.0,717.0,723.0,328900
2022-07-29,728.0,728.0,710.0,712.0,365600
2022-08-01,716.0,717.0,709.0,712.0,326400
2022-08-02,705.0,707.0,691.0,692.0,400400
2022-08-03,693.0,693.0,685.0,688.0,345300
2022-08-04,693.0,693.0,683.0,687.0,296000
2022-08-05,681.0,704.0,681.0,698.0,513900
2022-08-08,700.0,702.0,695.0,700.0,336300
2022-08-09,700.0,706.0,679.0,681.0,437800
2022-08-10,682.0,701.0,672.0,693.0,686900
2022-08-12,685.0,708.0,685.0,693.0,526300
2022-08-15,695.0,695.0,690.0,691.0,246400
2022-08-16,688.0,690.0,684.0,687.0,317800
2022-08-17,693.0,705.0,693.0,701.0,437000
2022-08-18,698.0,702.0,694.0,696.0,354800
2022-08-19,704.0,704.0,695.0,699.0,250400
2022-08-22,691.0,705.0,691.0,703.0,326300
2022-08-23,694.0,697.0,689.0,692.0,401100
2022-08-24,689.0,693.0,686.0,692.0,503200
2022-08-25,690.0,697.0,687.0,696.0,334700
2022-08-26,692.0,696.0,691.0,694.0,368600
2022-08-29,684.0,687.0,681.0,683.0,591100
2022-08-30,690.0,696.0,687.0,696.0,420800
2022-08-31,684.0,689.0,684.0,688.0,901700
2022-09-01,680.0,688.0,678.0,685.0,630000
2022-09-02,676.0,679.0,669.0,676.0,667300
2022-09-05,677.0,679.0,669.0,673.0,507100
2022-09-06,678.0,678.0,670.0,672.0,461400
2022-09-07,676.0,683.0,672.0,681.0,727400
2022-09-08,686.0,702.0,684.0,700.0,701900
2022-09-09,715.0,728.0,704.0,726.0,1460600
2022-09-12,730.0,762.0,727.0,762.0,1316800
2022-09-13,763.0,789.0,751.0,778.0,1379800
2022-09-14,768.0,770.0,753.0,758.0,1391000
2022-09-15,760.0,769.0,755.0,765.0,1092600
2022-09-16,767.0,774.0,762.0,770.0,1012200
2022-09-20,775.0,777.0,765.0,769.0,1002900
2022-09-21,763.0,771.0,762.0,766.0,1038100
2022-09-22,762.0,771.0,759.0,771.0,995600
2022-09-26,759.0,759.0,752.0,759.0,828600
2022-09-27,752.0,755.0,745.0,746.0,767700
2022-09-28,740.0,748.0,735.0,748.0,756700
2022-09-29,744.0,749.0,735.0,747.0,818200
2022-09-30,747.0,752.0,743.0,744.0,552800
2022-10-03,736.0,736.0,722.0,732.0,580900
2022-10-04,747.0,758.0,747.0,757.0,1016600
2022-10-05,764.0,764.0,745.0,749.0,986500
2022-10-06,755.0,758.0,751.0,754.0,1025300
2022-10-07,746.0,751.0,740.0,747.0,698100
2022-10-11,740.0,749.0,736.0,739.0,657800
2022-10-12,740.0,741.0,733.0,738.0,575200
2022-10-13,734.0,741.0,730.0,738.0,541400
2022-10-14,747.0,754.0,738.0,748.0,835500
2022-10-17,740.0,745.0,736.0,742.0,626700
2022-10-18,750.0,752.0,742.0,750.0,691800
2022-10-19,748.0,758.0,747.0,757.0,721800
2022-10-20,750.0,756.0,748.0,753.0,755400
2022-10-21,743.0,753.0,741.0,748.0,713600
2022-10-24,752.0,752.0,742.0,746.0,735200
2022-10-25,749.0,753.0,745.0,751.0,670300
2022-10-26,753.0,759.0,749.0,755.0,705100
2022-10-27,749.0,751.0,739.0,740.0,755900
2022-10-28,732.0,741.0,723.0,738.0,3588000
2022-10-31,746.0,746.0,737.0,743.0,774100
2022-11-01,742.0,742.0,704.0,708.0,1007500
2022-11-02,708.0,710.0,703.0,706.0,681400
2022-11-04,700.0,710.0,700.0,709.0,555700
2022-11-07,714.0,719.0,713.0,713.0,452400
2022-11-08,717.0,719.0,713.0,716.0,453400
2022-11-09,715.0,722.0,714.0,719.0,442800
2022-11-10,720.0,722.0,714.0,719.0,423300
2022-11-11,729.0,732.0,705.0,707.0,824800
2022-11-14,700.0,701.0,677.0,680.0,1019200
2022-11-15,677.0,684.0,667.0,671.0,795700
2022-11-16,671.0,673.0,666.0,673.0,424300
2022-11-17,670.0,678.0,669.0,676.0,465800
2022-11-18,680.0,695.0,680.0,692.0,884600
2022-11-21,697.0,708.0,692.0,705.0,654100
2022-11-22,709.0,718.0,709.0,716.0,531600
2022-11-24,720.0,725.0,718.0,724.0,739000
2022-11-25,738.0,740.0,726.0,734.0,1052600
2022-11-28,729.0,736.0,727.0,731.0,878000
2022-11-29,727.0,738.0,725.0,733.0,592900
2022-11-30,734.0,739.0,727.0,732.0,836900
2022-12-01,733.0,733.0,721.0,723.0,533200
2022-12-02,713.0,714.0,697.0,704.0,684900
2022-12-05,708.0,710.0,698.0,705.0,402300
2022-12-06,704.0,710.0,700.0,706.0,492700
2022-12-07,709.0,717.0,708.0,713.0,390000
2022-12-08,713.0,716.0,705.0,712.0,448000
2022-12-09,710.0,719.0,709.0,718.0,406500
2022-12-12,721.0,732.0,720.0,722.0,629900
2022-12-13,727.0,730.0,726.0,727.0,389100
2022-12-14,726.0,729.0,723.0,727.0,343500
2022-12-15,726.0,731.0,725.0,730.0,310200
2022-12-16,728.0,731.0,717.0,720.0,703200
2022-12-19,717.0,725.0,714.0,721.0,294000
2022-12-20,726.0,726.0,702.0,714.0,452700
2022-12-21,712.0,713.0,702.0,707.0,393200
2022-12-22,709.0,718.0,705.0,717.0,282900
2022-12-23,710.0,715.0,709.0,713.0,229900
2022-12-26,716.0,717.0,707.0,715.0,249400
2022-12-27,718.0,721.0,715.0,716.0,261700
2022-12-28,716.0,719.0,713.0,719.0,386900
2022-12-29,715.0,715.0,707.0,710.0,365100
2022-12-30,710.0,715.0,709.0,710.0,320500
2023-01-04,710.0,712.0,697.0,700.0,398600
2023-01-05,696.0,697.0,681.0,681.0,354200
2023-01-06,684.0,691.0,679.0,684.0,351200
2023-01-10,686.0,690.0,685.0,687.0,296700
2023-01-11,693.0,698.0,691.0,695.0,362800
2023-01-12,693.0,701.0,687.0,690.0,437600
2023-01-13,695.0,698.0,690.0,691.0,313600
2023-01-16,691.0,691.0,680.0,680.0,452800
2023-01-17,680.0,683.0,673.0,679.0,379100
2023-01-18,683.0,694.0,673.0,686.0,459400
2023-01-19,685.0,691.0,684.0,686.0,461600
2023-01-20,688.0,692.0,685.0,689.0,189600
2023-01-23,691.0,695.0,687.0,695.0,337500
2023-01-24,697.0,706.0,696.0,701.0,395200
2023-01-25,698.0,708.0,698.0,706.0,381300
2023-01-26,704.0,707.0,696.0,698.0,696700
2023-01-27,696.0,701.0,693.0,700.0,578300
2023-01-30,700.0,702.0,694.0,695.0,607900
2023-01-31,701.0,708.0,699.0,707.0,457300
2023-02-01,711.0,711.0,698.0,698.0,417200
2023-02-02,696.0,697.0,688.0,688.0,328000
2023-02-03,684.0,684.0,676.0,681.0,313200
2023-02-06,691.0,697.0,688.0,688.0,463700
2023-02-07,690.0,691.0,685.0,686.0,293900
2023-02-08,689.0,693.0,685.0,687.0,321800
2023-02-09,683.0,689.0,682.0,688.0,308900
2023-02-10,685.0,693.0,684.0,690.0,271500
2023-02-13,687.0,691.0,682.0,690.0,537100
2023-02-14,700.0,709.0,697.0,705.0,707300
2023-02-15,709.0,710.0,703.0,708.0,368100
2023-02-16,710.0,711.0,701.0,704.0,411100
2023-02-17,702.0,709.0,701.0,707.0,201600
2023-02-20,710.0,711.0,708.0,710.0,372200
2023-02-21,708.0,714.0,708.0,711.0,804500
2023-02-22,710.0,717.0,709.0,712.0,581300
2023-02-24,717.0,720.0,713.0,716.0,721700
2023-02-27,713.0,719.0,711.0,718.0,460200
2023-02-28,714.0,716.0,706.0,710.0,774500
2023-03-01,707.0,711.0,707.0,710.0,485100
2023-03-02,714.0,714.0,709.0,710.0,452300
2023-03-03,715.0,717.0,710.0,711.0,677500
2023-03-06,711.0,716.0,709.0,711.0,769100
2023-03-07,712.0,717.0,711.0,716.0,765700
2023-03-08,716.0,724.0,715.0,723.0,765600
2023-03-09,729.0,748.0,728.0,745.0,835000
2023-03-10,733.0,744.0,731.0,737.0,712100
2023-03-13,731.0,733.0,708.0,714.0,595100
2023-03-14,706.0,708.0,685.0,692.0,927400
2023-03-15,698.0,702.0,695.0,698.0,496900
2023-03-16,683.0,691.0,683.0,690.0,442200
2023-03-17,700.0,701.0,687.0,690.0,794500
2023-03-20,687.0,690.0,683.0,684.0,640500
2023-03-22,698.0,698.0,691.0,693.0,564800
2023-03-23,693.0,700.0,688.0,697.0,507100
2023-03-24,691.0,700.0,691.0,696.0,504600
2023-03-27,701.0,705.0,699.0,700.0,575900
2023-03-28,705.0,705.0,693.0,695.0,609900
2023-03-29,701.0,704.0,697.0,703.0,1006100
2023-03-30,688.0,691.0,682.0,687.0,958300
2023-03-31,690.0,694.0,688.0,691.0,719800
2023-04-03,694.0,696.0,686.0,696.0,787200
2023-04-04,698.0,698.0,689.0,693.0,845400
2023-04-05,687.0,689.0,676.0,679.0,834000
2023-04-06,673.0,676.0,668.0,675.0,608500
2023-04-07,674.0,679.0,673.0,675.0,305700
2023-04-10,679.0,681.0,676.0,679.0,342700
2023-04-11,683.0,685.0,679.0,682.0,371300
2023-04-12,682.0,686.0,680.0,681.0,394800
2023-04-13,680.0,683.0,677.0,682.0,540500
2023-04-14,691.0,698.0,688.0,697.0,922600
2023-04-17,702.0,708.0,698.0,706.0,555900
2023-04-18,710.0,717.0,707.0,714.0,666100
2023-04-19,712.0,718.0,709.0,717.0,698400
2023-04-20,720.0,736.0,718.0,734.0,957100
2023-04-21,728.0,738.0,724.0,735.0,1049200
2023-04-24,739.0,745.0,734.0,741.0,548200
2023-04-25,745.0,751.0,743.0,750.0,631500
2023-04-26,760.0,791.0,750.0,789.0,1707800
2023-04-27,787.0,788.0,768.0,776.0,1157600
2023-04-28,785.0,793.0,780.0,793.0,650900
2023-05-01,794.0,806.0,789.0,806.0,779600
2023-05-02,808.0,808.0,788.0,798.0,646600
2023-05-08,803.0,822.0,802.0,819.0,793100
2023-05-09,825.0,834.0,821.0,833.0,582200
2023-05-10,828.0,836.0,826.0,830.0,691600
2023-05-11,825.0,832.0,816.0,822.0,546100
2023-05-12,822.0,826.0,813.0,826.0,641500
2023-05-15,833.0,843.0,799.0,826.0,2145000
2023-05-16,821.0,829.0,821.0,825.0,1082800
2023-05-17,825.0,828.0,818.0,825.0,723500
2023-05-18,830.0,830.0,809.0,809.0,888700
2023-05-19,807.0,818.0,805.0,812.0,668900
2023-05-22,814.0,824.0,812.0,816.0,677800
2023-05-23,816.0,821.0,813.0,816.0,689400
2023-05-24,812.0,815.0,808.0,811.0,545100
2023-05-25,803.0,812.0,800.0,807.0,499700
2023-05-26,809.0,809.0,799.0,799.0,563900
2023-05-29,799.0,801.0,794.0,796.0,640100
2023-05-30,794.0,796.0,783.0,786.0,519800
2023-05-31,776.0,779.0,770.0,773.0,1259900
2023-06-01,768.0,778.0,766.0,773.0,579000
2023-06-02,773.0,792.0,773.0,790.0,750500
2023-06-05,803.4000244140625,804.0,791.2000122070312,795.5999755859375,861800
2023-06-06,794.0,802.2999877929688,790.2000122070312,801.7999877929688,747000
2023-06-07,807.4000244140625,811.2000122070312,800.0,803.2000122070312,1195900
2023-06-08,811.4000244140625,816.0,797.0999755859375,802.0999755859375,522100
2023-06-09,803.0,808.7000122070312,799.2999877929688,807.0999755859375,669400
2023-06-12,813.5,816.7999877929688,811.4000244140625,814.7999877929688,608400
2023-06-13,817.0,818.9000244140625,812.5,812.7999877929688,611800
2023-06-14,818.7999877929688,822.5999755859375,815.5999755859375,819.5,614200
2023-06-15,812.9000244140625,815.7999877929688,808.9000244140625,811.9000244140625,497500
2023-06-16,806.5,808.5999755859375,797.0999755859375,803.5999755859375,812200
2023-06-19,804.2000122070312,810.0999755859375,797.9000244140625,805.7000122070312,683700
2023-06-20,801.0999755859375,807.4000244140625,800.4000244140625,804.9000244140625,612900
2023-06-21,804.2000122070312,812.7999877929688,804.2000122070312,812.2000122070312,612600
2023-06-22,816.4000244140625,820.7000122070312,812.0,817.5,459800
2023-06-23,819.5,820.2999877929688,799.4000244140625,803.4000244140625,379500
2023-06-26,802.7999877929688,804.5,790.5999755859375,798.9000244140625,310400
2023-06-27,798.2999877929688,802.0999755859375,793.2999877929688,801.7000122070312,286700
2023-06-28,805.2000122070312,816.5,804.2999877929688,816.5,439200
2023-06-29,816.0,819.0,803.0,807.5999755859375,413400
2023-06-30,805.7000122070312,809.7999877929688,800.0999755859375,808.0,498300
2023-07-03,810.0,815.9000244140625,808.5,813.7999877929688,741500
2023-07-04,810.0,812.4000244140625,798.2000122070312,798.4000244140625,731700
2023-07-05,797.7999877929688,802.2000122070312,787.0,789.0999755859375,731900
2023-07-06,784.0,785.5999755859375,772.2999877929688,772.2999877929688,818900
2023-07-07,774.0,784.0,767.7999877929688,770.7000122070312,856700
2023-07-10,774.5,783.0,771.2000122070312,774.0,960300
2023-07-11,773.0,775.7999877929688,765.0999755859375,767.5999755859375,489500
2023-07-12,773.0999755859375,773.2999877929688,763.7000122070312,767.2999877929688,389600
2023-07-13,764.7999877929688,768.2999877929688,754.0,759.2999877929688,476200
2023-07-14,755.4000244140625,759.0999755859375,747.0,754.5,617200
2023-07-18,751.0999755859375,754.7999877929688,749.0,752.0,398000
2023-07-19,760.0,761.7999877929688,754.0999755859375,760.4000244140625,536200
2023-07-20,765.0,765.0999755859375,756.5999755859375,758.5999755859375,385800
2023-07-21,759.0,766.7000122070312,755.9000244140625,761.0999755859375,480500
2023-07-24,765.4000244140625,768.5,761.7999877929688,766.7000122070312,435700
2023-07-25,769.2000122070312,779.7999877929688,767.0,779.7999877929688,686700
2023-07-26,780.4000244140625,780.9000244140625,768.0,778.2000122070312,443200
2023-07-27,775.9000244140625,778.9000244140625,769.7999877929688,778.4000244140625,555400
2023-07-28,775.0,781.7000122070312,767.5999755859375,779.2000122070312,670200
2023-07-31,790.0,793.2999877929688,785.0,791.5999755859375,656200
2023-08-01,792.0,796.2000122070312,789.2999877929688,795.7000122070312,449100
2023-08-02,789.5999755859375,797.5999755859375,786.2999877929688,789.2999877929688,499600
2023-08-03,786.2999877929688,790.7000122070312,781.7999877929688,783.2000122070312,696600
2023-08-04,782.2999877929688,783.7999877929688,775.5999755859375,777.4000244140625,569800
2023-08-07,777.2999877929688,785.0,775.0999755859375,776.5999755859375,793800
2023-08-08,779.7999877929688,792.7000122070312,779.4000244140625,789.5,711800
2023-08-09,793.7000122070312,794.0,782.2999877929688,791.0,559000
2023-08-10,791.2999877929688,818.2000122070312,786.0999755859375,812.7999877929688,1796800
2023-08-14,802.7999877929688,810.9000244140625,798.5,802.2000122070312,1022300
2023-08-15,802.5999755859375,805.0999755859375,792.7999877929688,803.9000244140625,781100
2023-08-16,796.0999755859375,805.4000244140625,788.0999755859375,800.7999877929688,831400
2023-08-17,804.7000122070312,804.7000122070312,789.4000244140625,798.7000122070312,740200
2023-08-18,793.7999877929688,800.5,788.4000244140625,791.0,589300
2023-08-21,798.0,806.2000122070312,792.7000122070312,801.5999755859375,589500
2023-08-22,805.0,805.0,797.2999877929688,804.5,461100
2023-08-23,800.2000122070312,814.0999755859375,799.2999877929688,813.7999877929688,689800
2023-08-24,811.0999755859375,818.4000244140625,808.9000244140625,813.7000122070312,1042400
2023-08-25,816.0999755859375,816.0999755859375,801.5,804.2000122070312,1153800
2023-08-28,806.4000244140625,814.2000122070312,804.7000122070312,812.5999755859375,794200
2023-08-29,815.0,819.7999877929688,812.0999755859375,813.0,880200
2023-08-30,810.9000244140625,819.7999877929688,810.7000122070312,818.7999877929688,2441000
2023-08-31,820.0,822.4000244140625,817.9000244140625,819.2999877929688,685300
2023-09-01,817.4000244140625,823.5999755859375,815.2000122070312,823.5999755859375,554800
2023-09-04,821.0999755859375,823.5,816.0,823.5,640300
2023-09-05,824.0,824.5,814.4000244140625,818.5,650400
2023-09-06,818.0999755859375,820.4000244140625,815.2000122070312,818.0,604600
2023-09-07,816.0,830.4000244140625,815.5999755859375,823.5999755859375,701700
2023-09-08,820.0,824.0,810.7999877929688,812.0999755859375,718500
2023-09-11,816.7000122070312,820.2999877929688,809.7999877929688,812.5999755859375,474800
2023-09-12,815.0,818.7000122070312,807.0999755859375,815.7000122070312,493500
2023-09-13,818.4000244140625,823.7999877929688,814.0,820.4000244140625,616900
2023-09-14,822.0,839.2999877929688,821.9000244140625,835.0999755859375,723600
2023-09-15,843.0,847.2000122070312,837.7999877929688,840.0,1006000
2023-09-19,845.0,845.0999755859375,835.0999755859375,845.0999755859375,1030200
2023-09-20,846.7999877929688,848.4000244140625,833.2999877929688,835.7000122070312,935300
2023-09-21,835.0,843.5999755859375,832.0,837.0999755859375,943400
2023-09-22,835.0999755859375,842.7000122070312,831.7000122070312,836.0,997200
2023-09-25,837.0999755859375,837.0999755859375,817.2999877929688,820.9000244140625,1152100
2023-09-26,822.9000244140625,827.0,819.2000122070312,823.0,765400
2023-09-27,821.2000122070312,828.5999755859375,808.5,828.5999755859375,808600
2023-09-28,819.0,819.0,806.4000244140625,811.5999755859375,883900
2023-09-29,813.4000244140625,815.7000122070312,804.0,809.5999755859375,813700
2023-10-02,815.4000244140625,831.9000244140625,811.4000244140625,814.7000122070312,1013500
2023-10-03,814.2999877929688,814.2999877929688,786.7000122070312,788.2000122070312,901500
2023-10-04,780.9000244140625,784.2999877929688,761.2999877929688,762.5999755859375,997100
2023-10-05,768.2000122070312,786.4000244140625,765.7999877929688,786.0,729300
2023-10-06,787.0,791.2999877929688,785.0999755859375,786.4000244140625,487700
2023-10-10,801.0,808.0999755859375,794.0,804.7999877929688,737300
2023-10-11,803.2000122070312,808.2999877929688,797.0999755859375,804.4000244140625,494100
2023-10-12,806.5,810.4000244140625,801.7999877929688,809.0,514800
2023-10-13,804.0,814.7999877929688,803.0,808.0999755859375,639500
2023-10-16,805.2000122070312,807.9000244140625,792.5999755859375,796.9000244140625,508900
2023-10-17,806.0999755859375,808.2000122070312,793.7999877929688,799.9000244140625,497000
2023-10-18,810.2999877929688,810.7999877929688,799.2999877929688,807.2999877929688,640700
2023-10-19,799.2000122070312,808.2000122070312,798.0,803.2999877929688,461600
2023-10-20,803.0,806.0,798.9000244140625,799.4000244140625,436200
2023-10-23,798.0,802.5999755859375,790.2000122070312,790.2000122070312,708200
2023-10-24,792.2000122070312,795.0,772.5999755859375,789.9000244140625,495800
2023-10-25,787.0999755859375,803.2000122070312,786.0,795.9000244140625,592800
2023-10-26,801.0,811.9000244140625,798.5,804.7000122070312,940300
2023-10-27,815.0,829.4000244140625,814.4000244140625,827.0,839900
2023-10-30,823.5,829.2999877929688,810.2999877929688,814.4000244140625,3058800
2023-10-31,817.2000122070312,836.0,816.4000244140625,835.5999755859375,904800
2023-11-01,848.7000122070312,858.9000244140625,842.7000122070312,857.2999877929688,919000
2023-11-02,869.9000244140625,876.0,866.2000122070312,871.4000244140625,1236500
2023-11-06,890.0999755859375,892.7999877929688,869.2999877929688,875.2999877929688,1112600
2023-11-07,875.7999877929688,887.2999877929688,872.7999877929688,873.2000122070312,826200
2023-11-08,875.0,877.7000122070312,841.2000122070312,849.0,1229600
2023-11-09,850.0,855.7999877929688,842.5999755859375,852.4000244140625,737000
2023-11-10,858.0,877.0,854.9000244140625,877.0,537700
2023-11-13,882.0,905.0,875.0999755859375,902.5,1422700
2023-11-14,909.9000244140624,914.2999877929688,890.7000122070312,896.5999755859375,1085400
2023-11-15,904.2999877929688,917.4000244140624,898.5,913.5,880000
2023-11-16,910.0,925.9000244140624,904.5999755859376,920.9000244140624,789700
2023-11-17,923.0,928.4000244140624,915.0,918.5,1016700
2023-11-20,915.7999877929688,921.5999755859376,872.0,872.0,1823500
2023-11-21,849.0,850.5999755859375,827.0999755859375,831.2999877929688,2282500
2023-11-22,835.7000122070312,835.7000122070312,824.0,824.5999755859375,1372900
2023-11-24,833.5,839.5999755859375,824.2000122070312,836.2999877929688,998000
2023-11-27,836.5,841.5,831.7999877929688,836.2000122070312,754100
2023-11-28,840.2999877929688,859.0999755859375,840.2999877929688,856.2999877929688,834800
2023-11-29,851.2999877929688,857.5999755859375,848.4000244140625,848.4000244140625,674200
2023-11-30,848.0,852.0999755859375,841.2000122070312,844.2999877929688,1208800
2023-12-01,859.2999877929688,863.0,847.2999877929688,853.7000122070312,726200
2023-12-04,850.0,852.2000122070312,843.5999755859375,849.5999755859375,731700
2023-12-05,879.5999755859375,884.2999877929688,864.7999877929688,865.7000122070312,1224000
2023-12-06,863.0,893.4000244140625,862.0,892.0999755859375,1083700
2023-12-07,889.5,892.2999877929688,878.7999877929688,886.2000122070312,908900
2023-12-08,883.2999877929688,894.4000244140625,882.0,886.0,1157400
2023-12-11,908.0,931.5999755859376,903.2000122070312,930.7000122070312,1440100
2023-12-12,939.4000244140624,942.9000244140624,924.0,929.0,1008500
2023-12-13,922.4000244140624,923.5,913.4000244140624,917.5,715400
2023-12-14,928.0,930.7999877929688,911.5,913.7999877929688,849800
2023-12-15,912.7000122070312,913.5,901.9000244140624,909.9000244140624,872900
2023-12-18,901.0,909.2000122070312,897.4000244140625,905.4000244140624,634400
2023-12-19,908.7000122070312,910.0,896.2000122070312,904.0999755859376,722900
2023-12-20,904.0999755859376,917.7000122070312,904.0,914.7999877929688,546000
2023-12-21,920.0,930.5999755859376,917.2999877929688,920.9000244140624,693000
2023-12-22,923.5,939.2000122070312,923.5,933.5999755859376,498700
2023-12-25,941.0,941.0,917.7999877929688,919.4000244140624,259600
2023-12-26,919.4000244140624,924.4000244140624,915.4000244140624,923.7999877929688,342900
2023-12-27,931.0,939.4000244140624,929.9000244140624,936.7999877929688,434800
2023-12-28,936.0,938.7000122070312,925.5999755859376,927.2000122070312,268800
2023-12-29,931.0,934.4000244140624,925.7000122070312,932.7999877929688,326600
2024-01-04,945.0,948.5999755859376,932.9000244140624,945.4000244140624,548800
2024-01-05,943.4000244140624,944.0,930.0,933.4000244140624,625300
2024-01-09,935.0,945.0,933.2999877929688,940.9000244140624,598000
2024-01-10,939.0,952.4000244140624,938.0999755859376,943.4000244140624,700100
2024-01-11,951.5,955.0999755859376,944.0999755859376,944.4000244140624,535700
2024-01-12,946.0,950.0999755859376,932.7999877929688,935.0,466600
2024-01-15,935.0,938.7000122070312,932.5,938.5999755859376,77200
2024-01-16,935.0,946.7000122070312,931.0,934.5999755859376,501200
2024-01-17,940.0,949.9000244140624,936.5,937.2999877929688,613900
2024-01-18,935.0,941.0,933.0,933.5,434300
2024-01-19,936.0,942.7000122070312,932.9000244140624,939.0,825500
2024-01-22,936.7000122070312,952.5,931.2999877929688,952.0999755859376,969000
2024-01-23,952.0999755859376,953.7000122070312,930.2999877929688,934.9000244140624,820500
2024-01-24,933.4000244140624,934.9000244140624,924.2999877929688,930.2000122070312,564500
2024-01-25,925.7000122070312,939.5999755859376,925.4000244140624,936.2000122070312,670700
2024-01-26,923.7000122070312,936.0999755859376,922.2000122070312,925.9000244140624,784400
2024-01-29,925.0,941.7000122070312,924.5999755859376,934.0,840400
2024-01-30,935.0999755859376,935.7999877929688,921.5999755859376,922.5,593100
2024-01-31,915.0,941.7000122070312,914.4000244140624,933.0,1856600
2024-02-01,918.0,945.4000244140624,916.2999877929688,934.0999755859376,2229000
2024-02-02,938.0,964.2999877929688,933.5999755859376,941.0,1254000
2024-02-05,944.2999877929688,954.5,940.0999755859376,950.7000122070312,659500
2024-02-06,945.5,971.7000122070312,945.5,954.9000244140624,722100
2024-02-07,952.7999877929688,961.0,951.0999755859376,957.0999755859376,524200
2024-02-08,955.4000244140624,959.7999877929688,937.9000244140624,943.7000122070312,728900
2024-02-09,939.0,948.0999755859376,929.0999755859376,930.0,528300
2024-02-13,939.4000244140624,951.7999877929688,931.0,937.4000244140624,1161400
2024-02-14,935.0,953.0,925.0999755859376,941.0,977700
2024-02-15,949.0999755859376,953.7999877929688,921.0,922.2999877929688,771500
2024-02-16,929.5,964.9000244140624,924.0,961.2000122070312,1023900
2024-02-19,962.0,967.7000122070312,948.7999877929688,958.0,824400
2024-02-20,966.5,984.0999755859376,957.4000244140624,960.2999877929688,1161100
2024-02-21,966.2999877929688,977.4000244140624,951.0,957.7999877929688,804800
2024-02-22,955.4000244140624,966.7000122070312,951.7999877929688,965.0999755859376,636900
2024-02-26,970.0,981.2999877929688,960.7999877929688,965.0999755859376,544600
2024-02-27,958.4000244140624,962.5999755859376,946.5999755859376,946.5999755859376,675200
2024-02-28,945.0,954.9000244140624,937.5999755859376,940.0,548100
2024-02-29,942.4000244140624,945.7000122070312,925.5999755859376,926.2000122070312,1161800
2024-03-01,928.0999755859376,941.0,921.4000244140624,938.2000122070312,635700
2024-03-04,947.2000122070312,953.0,930.4000244140624,937.7000122070312,670100
2024-03-05,939.5999755859376,1016.5,937.5,994.2000122070312,1170400
2024-03-06,991.7000122070312,999.9000244140624,980.5999755859376,988.7999877929688,695800
2024-03-07,992.0,1021.0,992.0,1008.5,789000
2024-03-08,1003.5,1037.5,1003.5,1034.0,807900
2024-03-11,1027.5,1032.0,975.7000122070312,999.2000122070312,845400
2024-03-12,987.0999755859376,1001.5,973.5999755859376,1001.0,601400
2024-03-13,1011.0,1021.0,997.5,1005.5,519400
2024-03-14,1004.0,1010.5,993.0999755859376,1003.5,352100
2024-03-15,1004.5,1014.5,999.0,1009.0,608700
2024-03-18,1031.5,1035.0,1019.0,1019.5,360000
2024-03-19,1025.5,1039.0,1021.0,1035.5,491200
2024-03-21,1051.0,1063.0,1025.5,1044.0,861800
2024-03-22,1046.0,1058.5,1038.0,1050.5,733600
2024-03-25,1055.0,1055.5,1038.5,1039.5,685900
2024-03-26,1034.5,1039.5,1021.0,1031.5,337100
2024-03-27,1040.5,1054.5,1038.0,1043.0,866500
2024-03-28,1023.0,1032.0,1005.5,1009.0,537300
2024-03-29,1011.0,1024.0,1005.0,1020.0,173100
2024-04-01,1031.0,1031.5,1000.5,1004.0,339000
2024-04-02,1000.5,1001.0,964.2000122070312,981.5999755859376,755100
2024-04-03,968.0,979.5,951.0,971.2999877929688,488500
2024-04-04,980.0,998.5999755859376,966.7000122070312,985.0,571400
2024-04-05,976.0999755859376,986.5,963.2000122070312,984.7000122070312,287200
2024-04-08,989.0,998.9000244140624,985.7999877929688,996.7000122070312,239500
2024-04-09,1000.0,1007.0,985.5,992.9000244140624,306800
2024-04-10,990.0,1025.5,985.7999877929688,997.0,894900
2024-04-11,987.0,1017.5,984.0,1009.5,534100
2024-04-12,1014.0,1024.0,1011.0,1018.5,477300
2024-04-15,1008.0,1013.0,1000.5,1008.0,335200
2024-04-16,995.5,1009.0,988.5999755859376,994.5,488800
2024-04-17,1001.5,1001.5,973.7000122070312,982.7000122070312,617700
2024-04-18,989.4000244140624,1002.5,981.2000122070312,991.9000244140624,465900
2024-04-19,985.7999877929688,992.9000244140624,965.0,978.2000122070312,481400
2024-04-22,990.5999755859376,1002.5,980.9000244140624,988.2000122070312,624400
2024-04-23,992.5999755859376,1007.5,981.2000122070312,999.7999877929688,464400
2024-04-24,1003.5,1011.5,991.4000244140624,1007.0,476800
2024-04-25,1005.0,1005.5,987.2000122070312,993.4000244140624,450300
2024-04-26,990.0,1020.5,986.7000122070312,1019.5,697900
2024-04-30,1027.5,1037.0,1018.5,1031.5,515600
2024-05-01,1027.5,1038.0,1016.0,1032.0,523300
2024-05-02,1040.5,1049.0,1031.5,1045.5,498200
2024-05-07,1045.5,1049.5,1036.0,1041.0,404700
2024-05-08,1040.0,1045.0,1028.0,1042.5,491400
2024-05-09,1048.5,1061.0,1040.5,1051.0,562100
2024-05-10,1062.5,1074.5,1053.5,1065.0,436300
2024-05-13,1067.0,1081.0,1053.5,1062.0,432300
2024-05-14,1051.0,1054.0,1014.5,1026.5,448600
2024-05-15,1022.0,1126.5,995.5999755859376,1112.0,1861300
2024-05-16,1105.5,1105.5,1068.5,1077.5,1240300
2024-05-17,1073.0,1077.5,1064.0,1071.5,450100
2024-05-20,1075.0,1090.0,1071.0,1075.0,593400
2024-05-21,1080.0,1093.5,1077.5,1086.0,526900
2024-05-22,1085.0,1113.5,1082.0,1085.5,692100
2024-05-23,1091.0,1100.5,1074.5,1090.5,661200
2024-05-24,1081.5,1090.5,1068.0,1075.0,579900
2024-05-27,1065.0,1095.0,1065.0,1092.5,719600
2024-05-28,1090.0,1095.0,1080.0,1085.5,452700
2024-05-29,1085.5,1096.0,1076.5,1077.5,392200
2024-05-30,1065.0,1085.5,1065.0,1076.5,593300
2024-05-31,1090.0,1097.0,1080.0,1089.5,2210000
2024-06-03,1094.5,1097.0,1086.0,1092.0,589800
2024-06-04,1107.0,1109.5,1084.5,1095.0,680900
2024-06-05,1085.0,1087.5,1047.0,1050.5,603200
2024-06-06,1055.0,1068.0,1043.5,1058.5,756400
2024-06-07,1058.0,1060.0,1047.0,1050.5,422000
2024-06-10,1057.0,1076.5,1057.0,1074.5,854600
2024-06-11,1076.5,1081.0,1060.5,1060.5,534600
2024-06-12,1053.0,1056.5,1027.0,1027.0,836300
2024-06-13,1057.0,1065.5,1039.5,1044.0,907600
2024-06-14,1044.5,1060.5,1044.0,1057.5,852000
2024-06-17,1060.0,1061.0,1037.0,1041.0,790400
2024-06-18,1049.5,1060.0,1042.0,1043.5,601700
2024-06-19,1058.0,1063.5,1050.0,1055.5,691900
2024-06-20,1045.0,1048.0,1021.0,1036.0,691800
2024-06-21,1041.0,1045.0,1032.0,1032.5,1355200
2024-06-24,1035.5,1046.5,1034.5,1042.0,531700
2024-06-25,1040.0,1057.5,1031.5,1057.0,754700
2024-06-26,1049.0,1054.5,1041.0,1052.0,622700
2024-06-27,1042.0,1056.0,1037.0,1050.5,572500
2024-06-28,1056.0,1057.5,1043.5,1052.0,595600
2024-07-01,1054.5,1061.5,1035.0,1040.5,1011500
2024-07-02,1059.5,1061.0,1031.5,1039.0,901800
2024-07-03,1039.0,1050.5,1038.5,1043.0,752800
2024-07-04,1056.5,1081.0,1053.5,1081.0,847200
2024-07-05,1081.0,1089.0,1063.5,1063.5,610900
2024-07-08,1052.0,1059.5,1038.5,1040.0,612700
2024-07-09,1040.0,1062.0,1033.0,1054.0,522200
2024-07-10,1045.0,1057.0,1045.0,1053.0,599500
2024-07-11,1053.0,1062.0,1049.0,1060.0,634000
2024-07-12,1057.0,1079.0,1055.0,1068.5,393500
2024-07-16,1068.5,1073.5,1062.0,1065.0,377300
2024-07-17,1074.5,1087.0,1069.5,1079.5,577400
2024-07-18,1070.0,1081.0,1068.0,1068.0,462600
2024-07-19,1071.0,1075.5,1058.5,1068.0,402400
2024-07-22,1070.5,1074.0,1061.5,1064.0,382100
2024-07-23,1064.0,1078.0,1063.0,1074.0,363200
2024-07-24,1066.5,1073.0,1055.0,1055.0,404400
2024-07-25,1055.0,1055.0,1042.0,1043.5,422700
2024-07-26,1053.0,1065.5,1050.0,1053.5,612500
2024-07-29,1060.0,1075.5,1056.5,1075.0,495200
2024-07-30,1067.5,1072.5,1057.0,1062.5,460700
2024-07-31,1076.0,1095.0,1066.5,1090.5,701300
2024-08-01,1081.0,1082.0,1058.0,1069.5,445000
2024-08-02,1044.0,1048.0,1004.5,1005.0,617900
2024-08-05,949.9000244140624,959.2999877929688,893.7000122070312,893.7999877929688,1066800
2024-08-06,998.7999877929688,1044.0,998.7999877929688,1044.0,563400
2024-08-07,1051.0,1066.5,1009.0,1012.5,1080100
2024-08-08,982.5,1015.0,980.0,985.0,803900
2024-08-09,992.9000244140624,1043.5,939.0,969.2999877929688,1475900
2024-08-13,912.5999755859376,965.2000122070312,901.0999755859376,958.0,1201200
2024-08-14,957.0999755859376,972.0,947.0,971.0,682500
2024-08-15,973.7999877929688,983.0,964.4000244140624,964.4000244140624,478900
2024-08-16,982.0,996.0,980.0999755859376,985.0999755859376,387200
2024-08-19,983.0,997.0,972.0,975.0999755859376,461000
2024-08-20,986.5,991.0999755859376,981.4000244140624,988.7999877929688,463400
2024-08-21,978.4000244140624,993.5999755859376,976.0,985.2000122070312,531800
2024-08-22,994.7999877929688,995.5999755859376,983.0,988.5999755859376,447400
2024-08-23,988.5999755859376,1005.0,988.0999755859376,1002.0,373400
2024-08-26,1002.0,1019.0,1000.0,1014.5,509600
2024-08-27,1007.0,1023.5,996.7000122070312,1017.5,590300
2024-08-28,1012.0,1016.5,999.5999755859376,1011.0,494000
2024-08-29,1002.0,1017.0,995.5,997.0999755859376,417600
2024-08-30,995.5,1004.5,990.9000244140624,1004.5,983700
2024-09-02,1011.0,1014.5,995.5,996.4000244140624,448500
2024-09-03,1000.0,1024.0,999.5,1008.5,496300
2024-09-04,990.2000122070312,1009.0,985.0,996.5999755859376,546800
2024-09-05,996.9000244140624,1012.0,994.7000122070312,1004.0,419400
2024-09-06,1000.0,1004.5,984.2999877929688,990.2000122070312,484500
2024-09-09,975.2000122070312,992.7999877929688,970.0999755859376,983.9000244140624,636300
2024-09-10,979.9000244140624,999.9000244140624,976.2999877929688,993.5,653000
2024-09-11,986.4000244140624,995.5999755859376,962.5999755859376,969.2000122070312,751000
2024-09-12,996.0,1006.0,988.0,994.4000244140624,580000
2024-09-13,992.7999877929688,999.5,989.0,995.2000122070312,726300
2024-09-17,995.2000122070312,997.7000122070312,961.4000244140624,985.5999755859376,538800
2024-09-18,983.0,985.5,962.2000122070312,976.7999877929688,444600
2024-09-19,977.0,990.5999755859376,973.0999755859376,981.0,418400
2024-09-20,988.0,992.9000244140624,976.0999755859376,979.0999755859376,819000
2024-09-24,986.5,986.5,962.2000122070312,968.2000122070312,930100
2024-09-25,959.0999755859376,968.7000122070312,948.9000244140624,954.2000122070312,1023500
2024-09-26,966.4000244140624,982.2999877929688,960.5999755859376,978.5,1054900
2024-09-27,964.0,974.5,956.5,967.2999877929688,705000
2024-09-30,922.2999877929688,950.9000244140624,918.0,941.9000244140624,876500
2024-10-01,945.5999755859376,952.0999755859376,942.0999755859376,949.7000122070312,448400
2024-10-02,944.9000244140624,956.5999755859376,935.4000244140624,941.5999755859376,533600
2024-10-03,962.2999877929688,963.0,947.7999877929688,950.2000122070312,423200
2024-10-04,954.0,970.2000122070312,942.0,962.2999877929688,656000
2024-10-07,970.0,973.5999755859376,952.9000244140624,964.5,848300
2024-10-08,959.5,966.2000122070312,948.2000122070312,955.5,701300
2024-10-09,954.9000244140624,958.2999877929688,947.7000122070312,952.7000122070312,497600
2024-10-10,952.7999877929688,959.9000244140624,943.0,949.5,411200
2024-10-11,945.5,957.0,938.0999755859376,944.7999877929688,579500
2024-10-15,947.4000244140624,954.5999755859376,942.2000122070312,946.0,568500
2024-10-16,936.0999755859376,957.0,932.0,942.5999755859376,514300
2024-10-17,946.4000244140624,949.0,936.9000244140624,939.2999877929688,476800
2024-10-18,943.5,944.2000122070312,932.2999877929688,934.0999755859376,607700
2024-10-21,932.5,940.9000244140624,923.2000122070312,934.7999877929688,593600
2024-10-22,925.0,928.9000244140624,905.7000122070312,911.0,629200
2024-10-23,905.4000244140624,915.9000244140624,903.0999755859376,906.4000244140624,358600
2024-10-24,900.0,906.2000122070312,891.5999755859375,899.9000244140625,526700
2024-10-25,902.9000244140624,905.0,892.9000244140625,900.0999755859375,530300
2024-10-28,893.0999755859375,906.2999877929688,890.0999755859375,897.9000244140625,493200
2024-10-29,898.4000244140625,907.7000122070312,896.0,902.7000122070312,486600
2024-10-30,905.5,920.4000244140624,903.0999755859376,915.0,3122600
2024-10-31,919.4000244140624,934.0,916.0,927.5999755859376,601300
2024-11-01,916.9000244140624,923.0,910.0,915.9000244140624,324600
2024-11-05,923.5999755859376,930.2000122070312,911.9000244140624,919.0,373400
2024-11-06,930.7999877929688,940.0,921.7999877929688,929.9000244140624,428500
2024-11-07,931.7000122070312,953.7999877929688,931.7000122070312,950.2000122070312,551200
2024-11-08,950.2000122070312,955.0,937.7000122070312,940.7999877929688,498000
2024-11-11,937.0,942.2999877929688,931.0,935.0,412300
2024-11-12,947.4000244140624,955.7000122070312,939.0999755859376,952.7999877929688,613300
2024-11-13,954.2999877929688,1026.0,952.7999877929688,1006.0,2440800
2024-11-14,1001.0,1024.5,988.2999877929688,1004.0,1269300
2024-11-15,1007.0,1009.5,985.0,986.9000244140624,839100
2024-11-18,993.0,997.4000244140624,977.7000122070312,984.0999755859376,589800
2024-11-19,986.7999877929688,1008.0,986.7999877929688,1003.0,526300
2024-11-20,1003.0,1004.0,978.7999877929688,992.0,701300
2024-11-21,986.0999755859376,990.0999755859376,976.9000244140624,976.9000244140624,393300
2024-11-22,980.0,986.5,979.0,979.9000244140624,379600
2024-11-25,990.0,992.7999877929688,958.7999877929688,958.7999877929688,482600
2024-11-26,959.5,971.7000122070312,955.5,971.2999877929688,447900
2024-11-27,964.5,968.7000122070312,940.9000244140624,948.5,392800
2024-11-28,948.0999755859376,969.7000122070312,947.7999877929688,962.4000244140624,443700
2024-11-29,960.0,960.0,942.5,943.2999877929688,598600
2024-12-02,940.0,942.2000122070312,932.5,936.7999877929688,678000
2024-12-03,938.7000122070312,951.0,938.0,941.2999877929688,532900
2024-12-04,935.2000122070312,939.2999877929688,920.9000244140624,921.0,412800
2024-12-05,926.5999755859376,932.5999755859376,922.2000122070312,926.0999755859376,485700
2024-12-06,927.5,935.2999877929688,921.7000122070312,932.0,653600
2024-12-09,938.7999877929688,941.9000244140624,930.0999755859376,932.0999755859376,585800
2024-12-10,941.0,943.0,914.2000122070312,917.5,497500
2024-12-11,919.5999755859376,926.9000244140624,910.0,918.9000244140624,799300
2024-12-12,927.0,939.2000122070312,925.0,928.9000244140624,561000
2024-12-13,922.0,933.0,911.2999877929688,920.7999877929688,696200
2024-12-16,920.7000122070312,930.7999877929688,918.7999877929688,926.7000122070312,420200
2024-12-17,925.9000244140624,927.0999755859376,914.5,914.7999877929688,368200
2024-12-18,914.0,925.4000244140624,910.0999755859376,920.9000244140624,1101000
2024-12-19,910.0,930.5,907.2000122070312,926.0999755859376,1111900
2024-12-20,933.2000122070312,944.0999755859376,933.2000122070312,940.0999755859376,879700
2024-12-23,940.0,942.7000122070312,934.5999755859376,937.9000244140624,527700
2024-12-24,947.2000122070312,972.5,947.2000122070312,967.5,461400
2024-12-25,967.5,975.0,950.7999877929688,975.0,605400
2024-12-26,977.7000122070312,985.4000244140624,942.4000244140624,974.5,1146500
2024-12-27,972.0,972.0,951.0999755859376,965.5,810300
2024-12-30,965.4000244140624,970.2999877929688,955.0999755859376,962.5,521000
2025-01-06,972.2000122070312,974.2000122070312,946.7000122070312,950.2000122070312,800700
2025-01-07,950.2000122070312,965.7000122070312,941.0999755859376,948.7000122070312,866700
2025-01-08,941.0999755859376,947.4000244140624,934.5999755859376,938.9000244140624,692000
2025-01-09,940.7000122070312,956.5,940.2999877929688,954.0,670900
2025-01-10,944.0,945.7999877929688,927.2000122070312,928.0,677700
2025-01-14,925.0,927.4000244140624,908.0,910.2999877929688,710100
2025-01-15,917.0999755859376,917.7000122070312,902.2000122070312,907.9000244140624,516300
2025-01-16,905.0,908.5,896.2000122070312,896.2000122070312,564300
2025-01-17,889.0999755859375,894.0,883.0,893.4000244140625,576300
2025-01-20,893.4000244140625,913.7000122070312,893.0,913.4000244140624,704900
2025-01-21,917.5,919.2000122070312,907.5999755859376,912.0,604700
2025-01-22,915.5999755859376,929.0,911.7000122070312,912.7999877929688,904400
2025-01-23,911.5999755859376,914.4000244140624,906.0,912.2999877929688,1034900
2025-01-24,919.0,926.0,913.7000122070312,914.0,480200
2025-01-27,928.0,935.0999755859376,923.2000122070312,934.5999755859376,446200
2025-01-28,929.2999877929688,938.0,929.0999755859376,932.9000244140624,446700
2025-01-29,932.9000244140624,937.4000244140624,928.5,930.2999877929688,268100
2025-01-30,930.0,948.0999755859376,930.0,945.0999755859376,643000
2025-01-31,948.9000244140624,949.0,935.5999755859376,940.9000244140624,477800
2025-02-03,931.9000244140624,931.9000244140624,910.5,913.7999877929688,673400
2025-02-04,926.2999877929688,928.7000122070312,897.0999755859375,900.0,540400
2025-02-05,904.9000244140624,910.0,896.2999877929688,898.5999755859375,538100
2025-02-06,903.5999755859376,911.4000244140624,901.0,904.0999755859376,412300
2025-02-07,902.0,918.2999877929688,901.0,915.5999755859376,499700
2025-02-10,925.2999877929688,929.5,918.7000122070312,929.5,405900
2025-02-12,945.0,1003.0,937.5999755859376,982.9000244140624,1880800
2025-02-13,972.0,974.5,951.0,969.0,1389400
2025-02-14,965.0,968.5999755859376,948.2999877929688,951.2000122070312,617600
2025-02-17,957.0,967.7000122070312,943.7000122070312,943.7000122070312,420200
2025-02-18,942.7000122070312,952.4000244140624,941.4000244140624,948.0999755859376,272900
2025-02-19,947.7000122070312,966.2000122070312,946.2999877929688,961.4000244140624,412600
2025-02-20,969.5,994.7999877929688,964.2000122070312,989.7999877929688,872100
2025-02-21,980.0,980.0,963.2999877929688,968.5999755859376,908900
2025-02-25,960.2000122070312,970.0,955.4000244140624,956.4000244140624,541800
2025-02-26,955.0,957.0999755859376,931.2999877929688,940.0,363300
2025-02-27,940.0,940.7000122070312,931.0,940.4000244140624,480900
2025-02-28,944.0999755859376,950.9000244140624,918.2000122070312,922.7999877929688,898100
2025-03-03,924.5,933.9000244140624,920.2000122070312,929.4000244140624,546700
2025-03-04,921.7000122070312,935.5999755859376,921.7000122070312,929.0,700700
2025-03-05,924.0,935.2999877929688,923.0,928.7999877929688,676900
2025-03-06,935.0,938.5,920.2999877929688,922.5,549900
2025-03-07,915.0,930.5999755859376,909.0999755859376,928.5999755859376,960800
2025-03-10,926.4000244140624,930.0999755859376,913.7000122070312,915.4000244140624,579500
2025-03-11,912.0999755859376,912.9000244140624,872.2999877929688,875.5999755859375,1224600
2025-03-12,885.0,902.0,884.9000244140625,895.2000122070312,905900
2025-03-13,901.5999755859376,911.7999877929688,897.9000244140625,906.0,636300
2025-03-14,894.9000244140625,902.5999755859376,893.0,900.5,606800
2025-03-17,903.0,918.4000244140624,902.7000122070312,914.5999755859376,421400
2025-03-18,920.0,934.0,919.2999877929688,928.7999877929688,733700
2025-03-19,921.0,930.7999877929688,920.0,927.0,397700
2025-03-21,925.0,933.9000244140624,920.7000122070312,920.7000122070312,729500
2025-03-24,918.0,925.0,912.0999755859376,921.7000122070312,378700
2025-03-25,923.0,933.0,922.7000122070312,930.0,519600
2025-03-26,925.5,930.9000244140624,915.0,926.5,700300
2025-03-27,923.0,926.0,915.7000122070312,925.0,776400
2025-03-28,905.0999755859376,913.0,903.5999755859376,905.0,624700
2025-03-31,891.2999877929688,895.2999877929688,878.5999755859375,882.0999755859375,587300
2025-04-01,901.2000122070312,901.2999877929688,885.0,885.0,433300
2025-04-02,890.0,890.0,867.5999755859375,870.0,510200
2025-04-03,832.4000244140625,855.7999877929688,831.0,853.0,635100
2025-04-04,840.0,848.4000244140625,826.5999755859375,838.7000122070312,632600
2025-04-07,766.2999877929688,805.0,758.2999877929688,779.2000122070312,719900
2025-04-08,794.2000122070312,820.0999755859375,780.0,812.5,597100
2025-04-09,797.5,810.4000244140625,786.5,796.7000122070312,834800
2025-04-10,837.2999877929688,846.9000244140625,816.4000244140625,838.7000122070312,835000
2025-04-11,808.7000122070312,828.7999877929688,802.5,823.7999877929688,840600
2025-04-14,833.0,843.0,832.4000244140625,832.4000244140625,394000
2025-04-15,836.5,839.9000244140625,828.4000244140625,828.5,309600
2025-04-16,834.2999877929688,838.5,828.9000244140625,834.2999877929688,336000
2025-04-17,841.0,844.5,836.5,836.5,286000
2025-04-18,842.5,861.0999755859375,840.2000122070312,858.9000244140625,361300
2025-04-21,862.0,871.5,857.0,862.9000244140625,590400
2025-04-22,855.0,864.0,853.2000122070312,860.7999877929688,399900
2025-04-23,873.0999755859375,880.0,865.5,876.7999877929688,803400
2025-04-24,876.7000122070312,883.5999755859375,870.2000122070312,877.5,679000
2025-04-25,870.0,889.9000244140625,866.7999877929688,876.5,748800
2025-04-28,880.7000122070312,883.2999877929688,870.0,878.0,591600
2025-04-30,880.0,918.0,870.2999877929688,908.0,1308600
2025-05-01,903.0,907.7000122070312,896.2999877929688,898.7000122070312,535400
2025-05-02,897.0,899.5,885.2999877929688,889.0,440000
2025-05-07,894.7000122070312,898.9000244140625,888.2000122070312,891.7999877929688,446900
2025-05-08,888.0,892.7000122070312,881.0,891.5,318500
2025-05-09,894.0,912.9000244140624,890.0,902.0999755859376,549300
2025-05-12,907.7000122070312,914.2999877929688,905.0999755859376,914.2999877929688,604500
2025-05-13,920.7000122070312,920.7000122070312,893.5999755859375,900.7000122070312,730100
2025-05-14,898.5,901.4000244140624,880.4000244140625,894.0,537800
2025-05-15,882.5999755859375,930.9000244140624,861.2000122070312,921.2000122070312,2489700
2025-05-16,926.0,942.9000244140624,906.0999755859376,919.9000244140624,1445600
2025-05-19,919.7999877929688,923.5999755859376,905.5,911.5,1393100
2025-05-20,916.5,926.7000122070312,908.0,913.0999755859376,1074600
2025-05-21,913.5999755859376,943.4000244140624,912.5999755859376,928.4000244140624,1083500
2025-05-22,918.0,923.7000122070312,913.2000122070312,920.0,633800
2025-05-23,913.0999755859376,920.0,911.9000244140624,918.2999877929688,303800
2025-05-26,926.9000244140624,933.9000244140624,912.0999755859376,913.5999755859376,504700
2025-05-27,907.0,913.0,901.0999755859376,902.5999755859376,576400
2025-05-28,916.0,917.0,903.5999755859376,903.5999755859376,546800
2025-05-29,909.0999755859376,914.2999877929688,898.0,900.0999755859375,428500
2025-05-30,895.0,899.4000244140625,889.0,895.2000122070312,726600
2025-06-02,891.5999755859375,899.5999755859375,886.5,889.9000244140625,602600
2025-06-03,892.2999877929688,898.0,887.7999877929688,890.0,608100
2025-06-04,896.0,903.0,891.2000122070312,896.9000244140625,451700
2025-06-05,889.0,899.7000122070312,888.7999877929688,894.7000122070312,619600
2025-06-06,904.0999755859376,910.7000122070312,901.5999755859376,906.0,454700
2025-06-09,909.5999755859376,912.9000244140624,903.5999755859376,903.5999755859376,438500
2025-06-10,904.5999755859376,914.0,903.7000122070312,905.5999755859376,606000
2025-06-11,909.2000122070312,910.5,897.2999877929688,901.0,590800
2025-06-12,896.0,900.4000244140625,884.4000244140625,890.0,538700
2025-06-13,890.0,903.9000244140624,890.0,901.7000122070312,627700
2025-06-16,905.0,909.0999755859376,898.5999755859375,898.9000244140625,389800
2025-06-17,900.0,905.0,897.4000244140625,899.0,548600
2025-06-18,898.5999755859375,927.5999755859376,898.4000244140625,921.7999877929688,693100
2025-06-19,914.7999877929688,916.5999755859376,901.4000244140624,908.2999877929688,481700
2025-06-20,904.5,917.9000244140624,900.5,912.9000244140624,2140300
2025-06-23,904.0,918.5,900.2999877929688,903.0,564100
2025-06-24,916.0,917.2000122070312,901.0,901.5999755859376,494000
2025-06-25,900.0,900.0,885.4000244140625,888.0,421900
2025-06-26,897.5,902.4000244140624,895.5,900.0,630700
2025-06-27,900.0,910.0,898.0,900.9000244140624,643400
2025-06-30,910.0,918.4000244140624,907.4000244140624,915.7999877929688,716800
2025-07-01,906.2000122070312,922.7999877929688,906.0,918.7999877929688,665300
2025-07-02,910.2999877929688,928.7000122070312,907.5,925.2000122070312,635600
2025-07-03,925.0999755859376,926.9000244140624,915.7999877929688,923.7000122070312,490400
2025-07-04,924.2999877929688,941.5,922.7999877929688,940.9000244140624,719300
2025-07-07,940.0,983.7000122070312,938.0999755859376,979.7999877929688,1386400
2025-07-08,933.0,962.2000122070312,931.7000122070312,957.5,1032200
2025-07-09,960.0,974.5999755859376,959.2000122070312,961.4000244140624,799900
2025-07-10,960.0,961.5999755859376,951.0,957.4000244140624,550000
2025-07-11,961.7000122070312,965.0,942.2999877929688,943.2000122070312,555300
2025-07-14,943.2999877929688,952.0999755859376,940.0,949.7000122070312,363000
2025-07-15,952.4000244140624,954.0,937.5999755859376,937.7999877929688,236300
2025-07-16,940.2999877929688,944.9000244140624,936.2999877929688,942.0999755859376,303700
2025-07-17,938.5999755859376,954.0,938.0,952.5,316800
2025-07-18,957.9000244140624,959.0,941.0,943.5999755859376,428400
2025-07-22,942.0,955.0,940.2999877929688,948.5999755859376,373400
2025-07-23,957.2999877929688,959.7999877929688,944.7000122070312,947.9000244140624,728700
2025-07-24,955.0,957.5,945.7000122070312,955.0,371400
2025-07-25,957.0,958.7999877929688,947.4000244140624,955.0,483600
2025-07-28,955.0,961.5999755859376,952.9000244140624,957.0,611400
2025-07-29,952.0,957.0,942.2999877929688,949.2999877929688,606300
2025-07-30,952.2999877929688,961.0999755859376,945.5999755859376,961.0999755859376,509400
2025-07-31,963.5,971.7000122070312,959.0999755859376,965.5,763900
2025-08-01,964.5,992.7999877929688,960.4000244140624,988.5,532200
2025-08-04,973.5,1007.5,969.9000244140624,1003.0,1056500
2025-08-05,1001.0,1027.5,995.9000244140624,1018.5,816200
2025-08-06,1025.5,1053.5,1020.5,1051.5,699700
2025-08-07,1055.0,1072.5,1040.0,1050.0,1123200
2025-08-08,1058.5,1060.0,1042.0,1042.0,1161700
2025-08-12,1050.0,1059.5,1044.0,1049.5,968900
2025-08-13,1040.0,1043.5,1029.0,1030.5,900300
2025-08-14,1019.0,1026.0,1000.5,1017.5,739200
2025-08-15,1013.0,1017.5,1004.0,1012.0,848600
2025-08-18,1013.0,1028.0,1010.5,1022.0,616800
2025-08-19,1026.0,1030.0,1020.0,1022.5,458600
2025-08-20,1022.5,1028.0,1013.5,1026.5,469400
2025-08-21,1025.0,1025.0,1012.0,1015.0,594600
2025-08-22,1015.0,1029.5,1012.5,1027.0,521400
2025-08-25,1027.0,1030.5,1007.5,1007.5,529000
2025-08-26,1010.0,1012.0,1000.0,1006.0,459800
2025-08-27,1000.5,1014.0,1000.0,1013.0,361100
2025-08-28,1012.0,1035.5,1010.0,1033.0,576600
2025-08-29,1028.5,1055.0,1028.0,1050.5,622100
2025-09-01,1040.5,1055.0,1039.0,1050.0,382000
2025-09-02,1054.0,1058.5,1045.0,1050.0,325900
2025-09-03,1053.0,1058.5,1038.0,1044.5,396000
2025-09-04,1047.0,1062.0,1047.0,1061.5,401700
2025-09-05,1068.0,1069.0,1047.5,1055.5,384700
2025-09-08,1059.5,1070.0,1054.5,1064.5,340500
2025-09-09,1069.5,1079.0,1066.5,1070.5,408800
2025-09-10,1066.0,1070.0,1057.5,1063.5,296700
2025-09-11,1060.0,1068.5,1052.5,1057.0,334000
2025-09-12,1068.5,1068.5,1050.5,1056.5,451700
2025-09-16,1048.5,1064.5,1045.5,1051.0,270100
2025-09-17,1045.0,1047.0,1036.0,1036.0,301500
2025-09-18,1037.0,1046.5,1028.5,1043.0,324400
2025-09-19,1054.0,1059.0,1050.0,1053.0,966300
2025-09-22,1048.5,1058.5,1044.0,1050.5,375800
2025-09-24,1045.5,1050.5,1037.5,1040.5,354000
2025-09-25,1037.0,1050.5,1034.5,1045.0,349400
2025-09-26,1046.0,1059.0,1043.5,1051.0,516900
2025-09-29,1035.5,1035.5,1017.0,1024.0,439900
2025-09-30,1020.0,1024.5,1012.5,1020.0,412900
2025-10-01,1012.0,1018.0,1000.0,1012.5,477700
2025-10-02,1000.0,1004.5,985.5,992.0,409500
2025-10-03,990.0,1001.0,990.0,1000.5,248900
2025-10-06,1025.0,1031.5,1014.5,1027.0,387200
2025-10-07,1027.0,1034.0,1017.0,1028.5,369000
2025-10-08,1033.0,1047.0,1030.5,1034.0,315900
2025-10-09,1033.0,1042.0,1025.0,1038.0,367900
2025-10-10,1021.5,1022.5,1005.5,1005.5,462300
2025-10-14,989.9000244140624,1013.5,988.0,1000.5,395600
2025-10-15,1011.0,1016.0,1009.0,1016.0,242200
2025-10-16,1028.0,1032.0,1018.5,1025.0,394800
2025-10-17,1016.0,1025.0,1013.5,1018.5,241900
2025-10-20,1030.0,1034.0,1020.0,1033.5,283400
2025-10-21,1029.5,1039.5,1025.0,1031.0,386000
2025-10-22,1031.5,1051.0,1029.5,1047.5,335400
2025-10-23,1042.0,1060.0,1039.0,1059.5,430800
2025-10-24,1065.0,1070.0,1054.5,1070.0,310200
2025-10-27,1074.0,1087.5,1071.0,1081.0,525400
2025-10-28,1072.0,1075.0,1037.0,1044.0,672100
2025-10-29,1048.5,1056.5,1038.0,1045.5,559700
2025-10-30,1037.0,1042.0,1027.5,1037.5,757200
2025-10-31,1045.0,1046.5,1031.0,1039.5,522400
2025-11-04,1035.0,1055.0,1032.0,1049.5,341400
2025-11-05,1045.5,1079.0,1016.5,1077.5,802500
2025-11-06,1070.0,1081.0,1056.0,1079.5,482500
2025-11-07,1077.0,1082.0,1061.5,1069.5,432600
2025-11-10,1079.5,1088.0,1074.0,1088.0,389200
2025-11-11,1083.0,1093.5,1072.0,1087.5,387200
2025-11-12,1082.5,1099.5,1080.5,1090.5,659700
2025-11-13,1111.0,1158.5,1080.5,1107.5,2188300
2025-11-14,1103.5,1126.5,1100.5,1114.0,990300
2025-11-17,1114.0,1124.5,1091.0,1119.0,808400
2025-11-18,1109.5,1124.0,1093.5,1095.0,706100
2025-11-19,1107.0,1125.0,1099.5,1118.0,641200
2025-11-20,1117.5,1134.5,1116.0,1127.0,685400
2025-11-21,1125.0,1158.0,1122.0,1152.0,765100
2025-11-25,1166.0,1175.5,1148.0,1169.0,602600
2025-11-26,1178.5,1201.5,1172.5,1195.5,602400
2025-11-27,1200.0,1209.5,1191.0,1191.0,350300
2025-11-28,1190.5,1219.5,1190.0,1214.0,763400
2025-12-01,1230.0,1237.0,1209.5,1220.5,681200
2025-12-02,1210.0,1218.5,1186.0,1201.5,824000
2025-12-03,1198.0,1201.0,1186.0,1200.5,485400
2025-12-04,1193.0,1208.0,1190.0,1198.5,599900
2025-12-05,1202.0,1215.0,1194.5,1197.0,623900
2025-12-08,1212.0,1228.0,1203.5,1221.5,572200
2025-12-09,1226.0,1244.0,1214.0,1230.0,433300
2025-12-10,1245.0,1278.5,1241.0,1270.0,998600
2025-12-11,1281.5,1286.5,1238.0,1242.0,764100
2025-12-12,1261.0,1261.0,1242.0,1259.0,544800
2025-12-15,1258.0,1262.0,1245.0,1256.5,444900
2025-12-16,1260.0,1265.0,1237.5,1241.0,602600
2025-12-17,1238.5,1238.5,1205.5,1227.5,597200
2025-12-18,1234.0,1242.0,1223.0,1239.5,475400
2025-12-19,1244.5,1268.0,1236.5,1263.0,612500
2025-12-22,1267.0,1274.0,1258.5,1264.5,649100
2025-12-23,1264.5,1271.5,1257.0,1261.5,359400
2025-12-24,1265.5,1274.5,1263.0,1266.0,299400
2025-12-25,1274.0,1275.0,1261.5,1268.0,169300
2025-12-26,1287.5,1293.0,1254.0,1263.5,331800
2025-12-29,1267.5,1279.0,1262.5,1271.5,340800
2025-12-30,1275.0,1278.5,1266.0,1266.0,387400
2026-01-05,1279.0,1296.0,1276.0,1292.5,393100
2026-01-06,1304.5,1322.5,1294.5,1315.0,434700
2026-01-07,1295.5,1316.5,1291.5,1312.5,436700
2026-01-08,1308.0,1337.0,1308.0,1320.0,472500
2026-01-09,1325.0,1335.0,1306.0,1327.5,602500
2026-01-13,1357.5,1366.0,1344.5,1365.0,601800
2026-01-14,1365.0,1378.0,1354.5,1378.0,694600
2026-01-15,1370.0,1391.5,1365.5,1388.0,554800
2026-01-16,1376.5,1415.0,1374.0,1413.5,495100
2026-01-19,1410.0,1413.0,1377.0,1397.5,499000
2026-01-20,1395.0,1395.5,1379.5,1386.5,458600
2026-01-21,1363.0,1398.5,1348.0,1394.5,540800
2026-01-22,1392.0,1401.5,1379.5,1393.5,701000
2026-01-23,1400.5,1410.0,1395.0,1405.0,353400
2026-01-26,1386.0,1397.0,1368.0,1374.0,498400
2026-01-27,1365.0,1373.0,1349.5,1373.0,589200
2026-01-28,1356.5,1366.5,1349.5,1350.0,326000
2026-01-29,1339.5,1366.0,1320.0,1364.0,473300
2026-01-30,1360.5,1365.0,1342.5,1349.5,503400
2026-02-02,1354.0,1380.5,1347.0,1347.0,520900
2026-02-03,1369.5,1407.0,1363.5,1399.0,520200
2026-02-04,1405.0,1424.0,1399.0,1417.5,554800
2026-02-05,1435.5,1439.0,1407.5,1430.0,447400
2026-02-06,1426.0,1473.0,1426.0,1470.5,599700
2026-02-09,1538.5,1546.0,1507.5,1530.0,829600
2026-02-10,1540.5,1559.0,1529.0,1557.0,697200
2026-02-12,1558.0,1592.5,1553.5,1580.5,884200
2026-02-13,1578.5,1589.0,1480.5,1529.5,2531100
2026-02-16,1544.5,1556.0,1504.5,1517.0,1437100
2026-02-17,1518.0,1535.0,1500.5,1519.5,721300
2026-02-18,1515.0,1525.5,1504.0,1517.0,640500
2026-02-19,1526.0,1544.0,1504.0,1542.0,611300
2026-02-20,1525.0,1538.0,1516.0,1528.5,648500
2026-02-24,1568.5,1573.0,1525.0,1573.0,1043600
2026-02-25,1573.0,1594.0,1548.0,1578.5,767900
2026-02-26,1575.0,1597.0,1567.5,1579.0,815500
2026-02-27,1592.0,1630.5,1583.5,1630.5,1118900
2026-03-02,1572.5,1609.5,1553.0,1609.5,944400
2026-03-03,1594.0,1613.5,1561.5,1572.0,881700
2026-03-04,1598.0,1630.0,1560.0,1600.5,1655600
2026-03-05,1640.5,1665.0,1601.0,1614.5,1410300
2026-03-06,1589.0,1596.0,1558.5,1584.0,659900
2026-03-09,1470.0,1522.5,1450.0,1511.0,1175500
2026-03-10,1550.0,1557.0,1522.5,1543.5,752500
2026-03-11,1572.5,1579.0,1552.5,1552.5,486000
2026-03-12,1525.0,1535.0,1492.0,1506.5,708000
2026-03-13,1472.5,1514.0,1472.0,1512.5,975200
2026-03-16,1501.5,1517.0,1498.0,1498.5,843000
2026-03-17,1519.0,1520.0,1501.0,1513.5,528500
2026-03-18,1521.5,1563.0,1519.5,1563.0,603800
2026-03-19,1534.0,1543.5,1512.5,1512.5,703300
2026-03-23,1477.5,1477.5,1411.0,1440.0,743200
2026-03-24,1475.5,1483.0,1458.0,1478.5,540200
2026-03-25,1513.0,1519.0,1496.0,1505.0,634200
2026-03-26,1511.0,1511.0,1486.0,1500.0,583600
2026-03-27,1497.0,1505.0,1475.0,1493.0,989300
2026-03-30,1378.0,1450.5,1378.0,1444.5,1151900
2026-03-31,1414.5,1457.5,1414.5,1448.0,1015900
2026-04-01,1492.0,1519.0,1483.5,1519.0,603400
2026-04-02,1520.0,1537.5,1468.0,1470.5,1293900
2026-04-03,1477.0,1494.5,1468.5,1479.0,653500
2026-04-06,1473.0,1479.5,1446.5,1449.0,578100
2026-04-07,1448.5,1465.5,1437.5,1446.5,716100
2026-04-08,1506.5,1511.0,1485.0,1505.0,800400
2026-04-09,1505.0,1510.0,1482.5,1487.5,691900
2026-04-10,1483.0,1500.0,1450.0,1452.0,840100
2026-04-13,1446.0,1470.0,1442.0,1458.5,692500
2026-04-14,1469.0,1476.5,1462.5,1469.0,565800
2026-04-15,1485.0,1492.0,1465.5,1466.5,584300
2026-04-16,1464.0,1464.0,1437.5,1437.5,1190000
2026-04-17,1431.5,1440.5,1406.5,1422.0,945400
2026-04-20,1425.0,1425.0,1404.5,1414.5,1044700
2026-04-21,1419.5,1423.0,1407.5,1416.5,1131400
2026-04-22,1408.0,1417.0,1401.5,1402.5,788600
2026-04-23,1382.5,1410.0,1368.0,1393.0,862000
2026-04-24,1393.0,1400.5,1371.0,1385.0,677100
2026-04-27,1386.5,1434.0,1374.0,1414.0,910700
2026-04-28,1418.5,1447.0,1418.5,1445.0,784400
2026-04-30,1421.0,1431.0,1390.0,1417.0,889500
2026-05-01,1417.0,1426.0,1400.5,1415.0,565100
2026-05-07,1438.0,1440.5,1422.0,1430.5,920400
2026-05-08,1435.0,1450.0,1418.5,1442.5,1098100
2026-05-11,1448.0,1458.5,1435.5,1450.0,697100
2026-05-12,1472.5,1504.0,1458.5,1479.0,954400
2026-05-13,1479.0,1491.0,1452.0,1460.5,853100
2026-05-14,1448.0,1449.5,1377.0,1377.0,1256700
2026-05-15,1403.0,1507.5,1380.5,1491.5,2468900
2026-05-18,1461.5,1506.5,1444.5,1470.5,1687100
2026-05-19,1462.5,1504.0,1460.5,1494.5,1394200
2026-05-20,1467.0,1468.5,1411.0,1459.0,1796300
2026-05-21,1455.0,1497.5,1452.5,1458.5,1466800
2026-05-22,1461.0,1461.0,1438.0,1448.5,768200
2026-05-25,1455.0,1490.0,1446.0,1454.0,970600
2026-05-26,1450.0,1485.5,1439.0,1474.5,969700
2026-05-27,1482.0,1492.5,1460.5,1474.0,782400
2026-05-28,1503.0,1546.5,1491.0,1521.0,1365500
2026-05-29,1534.5,1557.0,1509.5,1556.5,1404200
2026-06-01,1550.0,1600.5,1542.0,1597.5,1454800
2026-06-02,1609.0,1610.0,1529.0,1585.5,1426500
2026-06-03,1585.0,1590.0,1559.5,1567.5,984200
2026-06-04,1562.5,1563.5,1529.0,1538.5,754700
2026-06-05,1525.0,1546.5,1510.0,1523.0,884700
2026-06-08,1508.5,1524.0,1482.5,1521.5,855100
2026-06-09,1529.0,1547.0,1512.0,1527.0,588600
2026-06-10,1525.0,1539.5,1520.0,1539.0,678400
2026-06-11,1539.5,1548.5,1510.0,1524.0,677500
2026-06-12,1536.5,1553.5,1528.0,1530.0,802300
2026-06-15,1562.0,1604.5,1562.0,1604.5,1341900
2026-06-16,1597.0,1597.0,1565.0,1582.0,1041200
2026-06-17,1610.0,1624.0,1585.5,1605.5,594100
2026-06-18,1605.5,1640.5,1605.5,1631.5,639300
2026-06-19,1625.5,1639.5,1615.0,1633.5,1176900
2026-06-22,1602.5,1626.5,1581.5,1618.0,1166900
2026-06-23,1620.5,1632.0,1582.0,1588.0,1156800
2026-06-24,1590.0,1609.0,1582.0,1599.5,911600
2026-06-25,1629.5,1629.5,1609.5,1609.5,803100
2026-06-26,1616.0,1632.0,1608.5,1624.0,846700
2026-06-29,1611.5,1633.5,1607.0,1631.5,953500
2026-06-30,1644.0,1650.5,1619.5,1628.5,1134600
2026-07-01,1657.0,1657.0,1596.5,1607.0,1759400
2026-07-02,1602.0,1626.0,1580.5,1606.5,1209700
2026-07-03,1622.0,1626.0,1595.5,1616.0,694300
2026-07-06,1627.5,1643.0,1616.5,1630.0,758700
2026-07-07,1630.5,1645.5,1598.0,1605.0,864000
2026-07-08,1587.0,1605.5,1577.0,1597.0,814500
2026-07-09,1604.0,1628.5,1582.0,1588.5,1093500
2026-07-10,1600.0,1607.5,1552.0,1558.0,1126400
2026-07-13,1558.0,1568.5,1505.5,1513.0,1133300
2026-07-14,1526.5,1527.5,1497.0,1505.5,809400
2026-07-15,1521.0,1531.5,1492.5,1515.5,925000
2026-07-16,1520.0,1538.0,1509.0,1512.5,832400
2026-07-17,1501.5,1517.0,1483.0,1499.5,1129700
2026-07-21,1525.5,1537.0,1504.5,1524.5,1195400
2026-07-22,1504.0,1546.0,1500.0,1523.5,1042700
2026-07-23,1528.5,1548.5,1528.5,1543.0,893200
2026-07-24,1528.5,1539.0,1518.5,1525.0,695000
2026-07-27,1543.0,1548.0,1522.5,1544.0,722700
2026-07-28,1531.0,1543.0,1517.5,1520.5,831000
2026-07-29,1534.5,1534.5,1485.5,1504.0,1277200
2026-07-30,1488.5,1508.5,1484.0,1487.5,1105200
2026-07-31,1490.0,1506.5,1470.5,1490.5,1050900
2026-08-03,1516.5,1516.5,1469.0,1484.5,1473800
2026-08-04,1483.5,1498.0,1478.5,1481.5,817200
2026-08-05,1492.5,1504.0,1474.0,1492.5,760200
2026-08-06,1498.5,1511.0,1483.5,1495.0,857900
2026-08-07,1487.0,1545.5,1478.0,1489.5,1325300
2026-08-10,1496.0,1499.5,1455.5,1461.0,1190800
2026-08-12,1467.0,1475.0,1457.0,1473.0,1035600
2026-08-13,1473.0,1496.5,1470.0,1488.5,1300000
2026-08-14,1482.5,1491.5,1472.0,1487.0,622400
2026-08-17,1494.0,1512.0,1491.0,1501.5,593700
2026-08-18,1511.5,1516.5,1495.0,1495.0,980800
2026-08-19,1490.5,1493.5,1462.0,1466.5,1140200
2026-08-20,1478.0,1491.5,1463.0,1489.5,997900
2026-08-21,1492.5,1500.0,1479.5,1493.0,865800
2026-08-24,1494.0,1528.0,1494.0,1523.5,1234300
2026-08-25,1531.0,1537.5,1507.5,1515.0,880000
2026-08-26,1510.0,1536.5,1509.5,1520.0,820000
2026-08-27,1525.0,1525.5,1511.0,1522.0,576000
2026-08-28,1521.0,1521.0,1510.0,1518.0,576300
2026-08-31,1515.0,1536.0,1510.0,1533.5,1442300
2026-09-01,1533.5,1568.5,1531.0,1568.0,1003600
2026-09-02,1554.5,1563.5,1525.5,1534.5,882200
2026-09-03,1544.0,1548.5,1530.5,1542.0,690100
2026-09-04,1528.0,1530.0,1507.5,1515.0,938200
2026-09-07,1527.5,1530.0,1506.5,1506.5,755400
2026-09-08,1510.0,1527.5,1498.0,1513.5,938800
2026-09-09,1508.0,1534.5,1506.5,1529.0,620100
2026-09-10,1509.5,1521.0,1484.0,1487.0,800500
2026-09-11,1461.5,1488.5,1458.0,1472.0,849400
2026-09-14,1486.0,1496.5,1474.5,1486.5,546200
2026-09-15,1488.0,1490.5,1472.5,1477.0,552900
2026-09-16,1488.5,1506.0,1480.0,1494.5,402200
2026-09-17,1515.0,1526.0,1509.0,1526.0,455100
2026-09-18,1524.5,1537.5,1500.5,1518.5,1068500
2026-09-24,1518.5,1522.0,1500.5,1508.5,668300
2026-09-25,1510.0,1513.5,1488.0,1491.0,701000
2026-09-28,1506.0,1506.0,1489.5,1489.5,682900
2026-09-29,1456.0,1460.5,1432.5,1433.0,653500
