Date,Open,High,Low,Close,Volume
2012-10-01,639.0,642.3333129882812,637.3333129882812,641.6666870117188,2897700
2012-10-02,640.6666870117188,643.0,637.6666870117188,641.3333129882812,1910400
2012-10-03,640.6666870117188,640.6666870117188,630.6666870117188,633.3333129882812,2677500
2012-10-04,636.6666870117188,644.0,633.3333129882812,640.6666870117188,4025100
2012-10-05,643.0,648.0,640.3333129882812,643.0,4277100
2012-10-09,641.3333129882812,646.3333129882812,638.3333129882812,638.3333129882812,4102200
2012-10-10,633.3333129882812,637.6666870117188,626.6666870117188,627.3333129882812,5493900
2012-10-11,625.6666870117188,636.6666870117188,623.6666870117188,625.0,3317400
2012-10-12,637.3333129882812,641.6666870117188,632.6666870117188,634.0,6257700
2012-10-15,633.3333129882812,636.6666870117188,628.0,634.0,3777300
2012-10-16,633.6666870117188,635.6666870117188,628.6666870117188,632.0,4374900
2012-10-17,633.0,646.0,633.0,640.3333129882812,4457400
2012-10-18,643.3333129882812,645.0,638.0,644.3333129882812,2901600
2012-10-19,636.6666870117188,638.6666870117188,625.3333129882812,632.0,5576400
2012-10-22,629.0,629.6666870117188,623.0,627.3333129882812,4379400
2012-10-23,627.6666870117188,630.0,620.0,627.0,4766400
2012-10-24,623.3333129882812,630.3333129882812,622.6666870117188,626.3333129882812,2762100
2012-10-25,626.0,630.0,624.3333129882812,630.0,2526900
2012-10-26,630.6666870117188,634.6666870117188,626.3333129882812,626.3333129882812,2871000
2012-10-29,625.0,630.6666870117188,623.6666870117188,628.0,2686500
2012-10-30,631.6666870117188,633.0,616.6666870117188,616.6666870117188,3735000
2012-10-31,601.6666870117188,608.6666870117188,587.3333129882812,606.3333129882812,10223400
2012-11-01,609.6666870117188,611.0,594.0,603.0,4675500
2012-11-02,604.0,613.3333129882812,602.3333129882812,605.6666870117188,4068900
2012-11-05,603.3333129882812,618.3333129882812,602.3333129882812,613.6666870117188,4529100
2012-11-06,615.6666870117188,621.0,613.3333129882812,618.3333129882812,3906300
2012-11-07,619.0,620.3333129882812,605.3333129882812,608.6666870117188,5454900
2012-11-08,605.3333129882812,605.6666870117188,596.3333129882812,598.3333129882812,4037700
2012-11-09,595.6666870117188,604.3333129882812,593.6666870117188,600.6666870117188,3816000
2012-11-12,596.0,599.0,592.0,592.6666870117188,2262300
2012-11-13,593.0,593.6666870117188,586.3333129882812,587.3333129882812,3282600
2012-11-14,589.3333129882812,591.3333129882812,586.0,590.3333129882812,1704000
2012-11-15,591.0,591.0,585.0,589.0,3616800
2012-11-16,590.0,590.6666870117188,580.0,585.6666870117188,7414500
2012-11-19,591.6666870117188,599.0,591.0,597.3333129882812,4033800
2012-11-20,596.0,596.6666870117188,591.3333129882812,594.3333129882812,3648600
2012-11-21,598.6666870117188,603.0,593.6666870117188,602.6666870117188,3905700
2012-11-22,610.6666870117188,612.3333129882812,597.0,601.6666870117188,3981000
2012-11-26,604.3333129882812,610.6666870117188,598.6666870117188,605.3333129882812,4268400
2012-11-27,606.6666870117188,611.6666870117188,605.6666870117188,608.6666870117188,3381900
2012-11-28,608.6666870117188,616.0,608.3333129882812,609.6666870117188,2909700
2012-11-29,610.0,614.6666870117188,609.6666870117188,612.6666870117188,2674500
2012-11-30,616.3333129882812,619.6666870117188,613.3333129882812,617.6666870117188,4370100
2012-12-03,614.3333129882812,622.6666870117188,610.3333129882812,617.0,4412700
2012-12-04,619.3333129882812,622.3333129882812,617.3333129882812,617.6666870117188,3177000
2012-12-05,616.0,629.0,613.0,625.0,4089300
2012-12-06,628.6666870117188,632.0,627.6666870117188,631.3333129882812,3624900
2012-12-07,632.3333129882812,639.6666870117188,632.0,635.0,4572300
2012-12-10,633.3333129882812,636.0,631.0,636.0,3040500
2012-12-11,632.3333129882812,635.0,630.6666870117188,634.3333129882812,2581500
2012-12-12,634.6666870117188,635.3333129882812,628.6666870117188,629.3333129882812,4063200
2012-12-13,631.6666870117188,631.6666870117188,614.0,617.6666870117188,6804000
2012-12-14,614.6666870117188,622.6666870117188,611.3333129882812,613.6666870117188,11988000
2012-12-17,626.6666870117188,626.6666870117188,615.6666870117188,617.0,3675300
2012-12-18,617.3333129882812,622.3333129882812,616.6666870117188,620.3333129882812,3287400
2012-12-19,619.6666870117188,626.3333129882812,616.0,626.3333129882812,3902700
2012-12-20,625.6666870117188,626.6666870117188,619.6666870117188,620.6666870117188,3600600
2012-12-21,625.0,626.3333129882812,622.0,622.0,4655400
2012-12-25,622.6666870117188,626.3333129882812,622.3333129882812,625.0,3740700
2012-12-26,621.3333129882812,621.6666870117188,616.0,619.3333129882812,5990400
2012-12-27,620.3333129882812,621.3333129882812,618.0,618.3333129882812,4899000
2012-12-28,617.3333129882812,618.3333129882812,610.6666870117188,612.3333129882812,5974500
2013-01-04,621.3333129882812,622.3333129882812,615.6666870117188,617.6666870117188,6073500
2013-01-07,617.6666870117188,623.3333129882812,616.3333129882812,622.0,8355900
2013-01-08,619.3333129882812,629.0,618.0,624.3333129882812,8796300
2013-01-09,620.3333129882812,624.0,615.3333129882812,615.3333129882812,8283600
2013-01-10,611.3333129882812,613.6666870117188,599.0,611.0,10419600
2013-01-11,614.0,615.0,608.6666870117188,613.3333129882812,6852900
2013-01-15,617.6666870117188,628.0,617.6666870117188,627.3333129882812,6192000
2013-01-16,625.6666870117188,634.3333129882812,623.6666870117188,624.3333129882812,6712500
2013-01-17,627.6666870117188,633.3333129882812,622.6666870117188,628.6666870117188,8971800
2013-01-18,633.3333129882812,635.6666870117188,627.3333129882812,633.3333129882812,6068100
2013-01-21,633.3333129882812,638.3333129882812,624.0,624.0,6093000
2013-01-22,627.3333129882812,630.3333129882812,616.3333129882812,622.0,6388500
2013-01-23,620.0,621.3333129882812,615.0,620.0,6362700
2013-01-24,616.6666870117188,627.6666870117188,616.3333129882812,627.3333129882812,5538900
2013-01-25,630.0,640.0,625.3333129882812,640.0,4452300
2013-01-28,642.6666870117188,648.0,637.6666870117188,637.6666870117188,5007300
2013-01-29,629.6666870117188,641.0,625.6666870117188,637.3333129882812,6577800
2013-01-30,640.0,649.0,637.0,647.6666870117188,5225400
2013-01-31,645.0,647.6666870117188,639.0,646.3333129882812,5380800
2013-02-01,646.6666870117188,658.0,645.3333129882812,655.0,4262100
2013-02-04,656.0,667.0,655.6666870117188,662.3333129882812,4871700
2013-02-05,657.6666870117188,661.6666870117188,655.3333129882812,658.0,3486300
2013-02-06,666.6666870117188,684.0,666.3333129882812,684.0,9746100
2013-02-07,679.0,680.0,665.3333129882812,668.3333129882812,7812600
2013-02-08,655.0,670.3333129882812,654.3333129882812,661.3333129882812,7218300
2013-02-12,671.3333129882812,673.3333129882812,666.0,667.6666870117188,5925300
2013-02-13,666.0,678.3333129882812,664.0,669.3333129882812,4430100
2013-02-14,716.6666870117188,730.6666870117188,707.0,708.3333129882812,24321600
2013-02-15,709.0,726.0,707.6666870117188,710.3333129882812,17895900
2013-02-18,712.0,739.0,712.0,735.3333129882812,15133500
2013-02-19,735.3333129882812,751.6666870117188,734.0,746.0,14969100
2013-02-20,758.6666870117188,766.0,756.6666870117188,762.0,15253800
2013-02-21,760.6666870117188,761.3333129882812,753.3333129882812,756.6666870117188,12737100
2013-02-22,761.0,769.6666870117188,757.6666870117188,768.3333129882812,12450000
2013-02-25,776.3333129882812,785.3333129882812,773.6666870117188,779.3333129882812,13185900
2013-02-26,771.6666870117188,779.0,762.0,774.6666870117188,13610700
2013-02-27,774.6666870117188,775.3333129882812,766.6666870117188,769.0,9960300
2013-02-28,771.6666870117188,781.6666870117188,767.3333129882812,780.0,12021900
2013-03-01,769.6666870117188,771.0,718.6666870117188,764.0,16191900
2013-03-04,753.6666870117188,759.6666870117188,742.6666870117188,746.3333129882812,13056300
2013-03-05,749.3333129882812,762.3333129882812,748.6666870117188,758.0,7193400
2013-03-06,761.6666870117188,764.0,753.6666870117188,755.6666870117188,7579200
2013-03-07,753.3333129882812,766.0,753.3333129882812,764.3333129882812,6153600
2013-03-08,764.6666870117188,768.3333129882812,759.6666870117188,761.3333129882812,18719100
2013-03-11,756.6666870117188,758.0,740.6666870117188,744.0,11041800
2013-03-12,743.6666870117188,755.0,737.3333129882812,747.0,9569100
2013-03-13,740.3333129882812,748.3333129882812,739.0,742.0,5126700
2013-03-14,749.3333129882812,750.0,735.0,742.0,7826100
2013-03-15,740.6666870117188,758.3333129882812,735.0,757.3333129882812,9443700
2013-03-18,750.0,751.6666870117188,736.0,737.3333129882812,7191000
2013-03-19,747.0,755.6666870117188,744.3333129882812,746.3333129882812,5197800
2013-03-21,753.0,759.6666870117188,748.6666870117188,755.6666870117188,5553000
2013-03-22,752.3333129882812,753.0,730.3333129882812,731.0,6862800
2013-03-25,737.6666870117188,746.0,735.3333129882812,740.3333129882812,4651500
2013-03-26,733.3333129882812,746.3333129882812,732.3333129882812,743.3333129882812,3767400
2013-03-27,745.0,747.6666870117188,738.6666870117188,745.3333129882812,2901300
2013-03-28,741.6666870117188,753.0,741.0,749.6666870117188,5646600
2013-03-29,753.6666870117188,754.0,745.0,749.6666870117188,3500700
2013-04-01,750.0,755.0,739.0,739.0,6551100
2013-04-02,736.6666870117188,736.6666870117188,704.6666870117188,718.3333129882812,8258400
2013-04-03,722.3333129882812,737.0,719.0,737.0,5622900
2013-04-04,736.6666870117188,751.0,728.6666870117188,750.6666870117188,7417200
2013-04-05,757.6666870117188,776.6666870117188,749.0,767.0,17479500
2013-04-08,778.0,785.6666870117188,759.6666870117188,774.6666870117188,6706200
2013-04-09,783.3333129882812,783.3333129882812,771.6666870117188,778.6666870117188,5023800
2013-04-10,782.6666870117188,797.3333129882812,777.6666870117188,794.0,10029000
2013-04-11,800.0,800.0,791.0,793.6666870117188,6638700
2013-04-12,793.6666870117188,795.3333129882812,774.0,776.0,10503900
2013-04-15,778.0,785.0,773.6666870117188,780.6666870117188,5700300
2013-04-16,764.0,778.0,750.6666870117188,774.3333129882812,7014600
2013-04-17,776.3333129882812,781.0,767.6666870117188,775.0,4823100
2013-04-18,767.6666870117188,769.6666870117188,753.6666870117188,758.3333129882812,7632000
2013-04-19,761.6666870117188,764.6666870117188,750.6666870117188,762.6666870117188,5012100
2013-04-22,783.3333129882812,786.3333129882812,773.6666870117188,777.6666870117188,4914900
2013-04-23,777.3333129882812,783.0,771.6666870117188,774.0,3768600
2013-04-24,785.3333129882812,806.6666870117188,781.6666870117188,806.6666870117188,7604400
2013-04-25,810.0,817.6666870117188,808.6666870117188,813.0,6198300
2013-04-26,809.3333129882812,812.6666870117188,792.3333129882812,795.6666870117188,8265600
2013-04-30,792.0,808.0,789.6666870117188,808.0,5268900
2013-05-01,804.3333129882812,807.3333129882812,797.6666870117188,799.0,4634700
2013-05-02,801.0,804.6666870117188,790.3333129882812,797.3333129882812,5304900
2013-05-07,833.3333129882812,854.3333129882812,830.0,854.3333129882812,12314100
2013-05-08,854.6666870117188,917.0,854.3333129882812,912.3333129882812,18911400
2013-05-09,906.0,910.3333129882812,887.0,887.3333129882812,6491100
2013-05-10,900.6666870117188,917.6666870117188,896.0,906.3333129882812,11818200
2013-05-13,901.6666870117188,905.6666870117188,894.0,899.0,5224500
2013-05-14,899.3333129882812,909.0,897.3333129882812,904.6666870117188,3988800
2013-05-15,906.6666870117188,922.6666870117188,906.6666870117188,922.0,5198700
2013-05-16,927.0,928.3333129882812,909.0,916.0,6634800
2013-05-17,905.0,905.3333129882812,893.0,896.6666870117188,7040400
2013-05-20,899.6666870117188,902.6666870117188,893.3333129882812,895.3333129882812,5000100
2013-05-21,890.6666870117188,893.0,873.0,885.0,6594000
2013-05-22,874.6666870117188,882.0,870.0,880.3333129882812,6006900
2013-05-23,869.0,880.6666870117188,816.0,816.0,14361600
2013-05-24,830.0,874.6666870117188,830.0,859.3333129882812,19430400
2013-05-27,840.6666870117188,853.0,826.0,835.3333129882812,11125800
2013-05-28,823.0,841.6666870117188,817.0,831.3333129882812,5956500
2013-05-29,837.0,843.3333129882812,825.0,832.6666870117188,6596400
2013-05-30,817.0,822.3333129882812,793.6666870117188,799.0,10244700
2013-05-31,807.0,823.0,805.6666870117188,814.6666870117188,6715500
2013-06-03,795.0,816.0,794.3333129882812,801.6666870117188,7020600
2013-06-04,801.3333129882812,811.0,790.6666870117188,807.0,6005100
2013-06-05,811.0,833.0,793.3333129882812,793.3333129882812,6792900
2013-06-06,793.6666870117188,819.6666870117188,790.6666870117188,804.3333129882812,11877900
2013-06-07,787.6666870117188,806.6666870117188,782.6666870117188,793.3333129882812,8394000
2013-06-10,807.0,827.6666870117188,804.3333129882812,827.6666870117188,5244600
2013-06-11,836.0,848.3333129882812,820.3333129882812,824.0,6675600
2013-06-12,807.3333129882812,826.3333129882812,803.0,822.6666870117188,4539900
2013-06-13,812.3333129882812,814.0,770.0,776.0,9401400
2013-06-14,784.0,806.3333129882812,783.6666870117188,788.3333129882812,11509500
2013-06-17,792.0,810.0,783.3333129882812,807.6666870117188,4014300
2013-06-18,804.3333129882812,814.3333129882812,796.0,800.0,3903300
2013-06-19,803.0,814.3333129882812,792.0,801.0,4392300
2013-06-20,789.6666870117188,833.3333129882812,787.3333129882812,833.3333129882812,5777400
2013-06-21,787.0,813.3333129882812,778.6666870117188,811.6666870117188,9432000
2013-06-24,820.6666870117188,825.0,805.0,808.0,4835400
2013-06-25,808.3333129882812,818.0,780.6666870117188,786.3333129882812,9521400
2013-06-26,788.3333129882812,800.3333129882812,774.3333129882812,775.0,5226300
2013-06-27,779.6666870117188,795.6666870117188,779.0,793.6666870117188,4191000
2013-06-28,801.0,826.3333129882812,800.6666870117188,820.3333129882812,9095400
2013-07-01,826.6666870117188,845.6666870117188,819.0,843.0,11137800
2013-07-02,854.3333129882812,858.6666870117188,843.3333129882812,850.3333129882812,8259600
2013-07-03,854.6666870117188,856.3333129882812,839.0,846.3333129882812,5162700
2013-07-04,834.6666870117188,861.6666870117188,833.6666870117188,856.3333129882812,4830000
2013-07-05,854.0,863.0,844.0,852.0,7643700
2013-07-08,858.3333129882812,864.3333129882812,854.0,854.6666870117188,5928900
2013-07-09,866.6666870117188,880.3333129882812,860.6666870117188,876.3333129882812,9435000
2013-07-10,880.6666870117188,895.6666870117188,880.0,894.0,9535800
2013-07-11,892.3333129882812,914.0,890.6666870117188,908.0,9700800
2013-07-12,910.3333129882812,925.3333129882812,909.6666870117188,924.0,9542400
2013-07-16,924.3333129882812,931.0,920.3333129882812,923.6666870117188,7916700
2013-07-17,915.6666870117188,915.6666870117188,897.6666870117188,914.3333129882812,5730600
2013-07-18,912.6666870117188,927.6666870117188,912.6666870117188,921.6666870117188,25662300
2013-07-19,926.3333129882812,927.3333129882812,905.0,911.0,6920400
2013-07-22,909.0,911.0,873.0,877.6666870117188,11912400
2013-07-23,879.0,906.0,875.3333129882812,896.3333129882812,6482400
2013-07-24,889.6666870117188,893.3333129882812,870.3333129882812,870.3333129882812,5819700
2013-07-25,873.0,879.6666870117188,867.6666870117188,871.6666870117188,3888000
2013-07-26,870.6666870117188,876.0,863.6666870117188,863.6666870117188,6766800
2013-07-29,862.0,865.3333129882812,839.3333129882812,839.3333129882812,7093800
2013-07-30,845.0,856.3333129882812,837.0,851.0,5693100
2013-07-31,839.3333129882812,844.3333129882812,832.0,833.0,4774500
2013-08-01,830.0,841.3333129882812,825.3333129882812,841.0,5966100
2013-08-02,861.6666870117188,888.3333129882812,861.6666870117188,888.3333129882812,6968400
2013-08-05,871.6666870117188,887.0,871.6666870117188,880.0,3591900
2013-08-06,875.6666870117188,891.3333129882812,869.0,890.0,3302400
2013-08-07,870.0,871.0,851.3333129882812,851.6666870117188,5402100
2013-08-08,845.3333129882812,861.0,833.6666870117188,837.3333129882812,3879000
2013-08-09,842.0,849.3333129882812,833.3333129882812,846.6666870117188,5126100
2013-08-12,840.6666870117188,855.3333129882812,838.3333129882812,847.3333129882812,2748900
2013-08-13,859.3333129882812,870.6666870117188,854.3333129882812,870.3333129882812,3315600
2013-08-14,868.3333129882812,871.6666870117188,851.0,868.0,6078900
2013-08-15,852.0,858.6666870117188,846.0,848.6666870117188,2959800
2013-08-16,837.0,846.3333129882812,835.3333129882812,842.0,2580000
2013-08-19,836.6666870117188,848.3333129882812,836.6666870117188,847.6666870117188,2043300
2013-08-20,837.3333129882812,846.0,829.0,829.6666870117188,3549600
2013-08-21,828.6666870117188,836.6666870117188,817.3333129882812,835.0,3766200
2013-08-22,833.3333129882812,843.0,824.0,842.0,3595500
2013-08-23,850.3333129882812,856.3333129882812,843.0,850.3333129882812,3585000
2013-08-26,850.3333129882812,852.3333129882812,839.0,842.3333129882812,2383200
2013-08-27,848.6666870117188,861.6666870117188,841.6666870117188,847.6666870117188,2719200
2013-08-28,828.3333129882812,839.0,825.6666870117188,834.3333129882812,2812800
2013-08-29,828.3333129882812,846.0,824.6666870117188,841.3333129882812,5377200
2013-08-30,846.3333129882812,846.6666870117188,810.3333129882812,814.6666870117188,8204100
2013-09-02,815.3333129882812,840.3333129882812,813.3333129882812,838.3333129882812,5604000
2013-09-03,840.6666870117188,856.3333129882812,840.6666870117188,855.3333129882812,3189900
2013-09-04,841.3333129882812,849.6666870117188,838.6666870117188,849.3333129882812,2266800
2013-09-05,851.3333129882812,857.3333129882812,845.3333129882812,848.0,3461100
2013-09-06,853.6666870117188,857.3333129882812,827.0,830.3333129882812,4684200
2013-09-09,856.0,857.3333129882812,844.0,852.0,2661600
2013-09-10,851.6666870117188,855.0,837.6666870117188,843.0,6825300
2013-09-11,846.6666870117188,856.6666870117188,839.3333129882812,840.6666870117188,3591900
2013-09-12,840.6666870117188,845.6666870117188,834.0,838.3333129882812,3058800
2013-09-13,830.6666870117188,840.6666870117188,827.0,836.0,8183100
2013-09-17,843.3333129882812,844.3333129882812,826.3333129882812,826.3333129882812,2839200
2013-09-18,834.3333129882812,840.6666870117188,829.3333129882812,832.6666870117188,3708000
2013-09-19,844.3333129882812,850.6666870117188,837.3333129882812,849.6666870117188,4715700
2013-09-20,854.6666870117188,860.6666870117188,833.3333129882812,841.6666870117188,6019800
2013-09-24,829.0,838.0,827.0,830.6666870117188,5684100
2013-09-25,829.0,844.0,826.6666870117188,837.6666870117188,4949400
2013-09-26,848.3333129882812,856.6666870117188,839.0,855.3333129882812,5231700
2013-09-27,860.6666870117188,871.0,857.3333129882812,865.0,5719200
2013-09-30,857.6666870117188,869.6666870117188,848.0,859.6666870117188,5330400
2013-10-01,866.6666870117188,878.3333129882812,863.3333129882812,864.3333129882812,6816900
2013-10-02,876.0,881.6666870117188,861.6666870117188,869.6666870117188,10442700
2013-10-03,883.3333129882812,895.0,877.6666870117188,891.6666870117188,10582200
2013-10-04,883.3333129882812,901.3333129882812,882.0,894.3333129882812,9336300
2013-10-07,894.0,903.3333129882812,890.6666870117188,895.3333129882812,5641800
2013-10-08,895.6666870117188,899.6666870117188,885.6666870117188,885.6666870117188,5942400
2013-10-09,889.6666870117188,900.0,876.3333129882812,896.3333129882812,6806700
2013-10-10,897.3333129882812,920.6666870117188,897.3333129882812,920.0,7382700
2013-10-11,932.3333129882812,932.6666870117188,916.0,922.3333129882812,8594700
2013-10-15,921.6666870117188,922.6666870117188,906.6666870117188,920.0,6999600
2013-10-16,920.3333129882812,920.3333129882812,911.0,920.3333129882812,3834000
2013-10-17,926.6666870117188,936.3333129882812,920.6666870117188,936.0,5067300
2013-10-18,941.6666870117188,953.3333129882812,941.0,948.0,5048100
2013-10-21,938.6666870117188,945.3333129882812,925.0,930.0,6138000
2013-10-22,923.0,927.0,918.3333129882812,920.0,4714500
2013-10-23,909.6666870117188,921.3333129882812,902.3333129882812,902.6666870117188,6576300
2013-10-24,890.0,904.0,880.0,902.6666870117188,6748800
2013-10-25,896.3333129882812,900.3333129882812,878.6666870117188,880.0,4238100
2013-10-28,882.6666870117188,893.6666870117188,879.3333129882812,892.3333129882812,3181800
2013-10-29,887.3333129882812,899.6666870117188,883.3333129882812,896.0,3079200
2013-10-30,906.6666870117188,909.0,899.6666870117188,902.6666870117188,4617900
2013-10-31,901.6666870117188,906.3333129882812,883.3333129882812,883.3333129882812,6678300
2013-11-01,906.3333129882812,907.3333129882812,886.0,889.3333129882812,4371000
2013-11-05,920.0,933.0,905.3333129882812,909.0,4542900
2013-11-06,906.6666870117188,928.0,905.6666870117188,920.0,5619000
2013-11-07,930.0,933.3333129882812,908.3333129882812,908.6666870117188,6194700
2013-11-08,892.0,908.0,891.6666870117188,899.3333129882812,5733000
2013-11-11,907.0,910.0,897.0,899.3333129882812,4165800
2013-11-12,901.3333129882812,913.0,896.3333129882812,909.3333129882812,4709400
2013-11-13,903.0,908.3333129882812,900.3333129882812,901.3333129882812,3843000
2013-11-14,911.3333129882812,921.3333129882812,905.0,914.3333129882812,6504300
2013-11-15,916.0,928.0,911.3333129882812,924.3333129882812,6940500
2013-11-18,918.6666870117188,929.3333129882812,914.0,915.0,6042600
2013-11-19,912.6666870117188,922.3333129882812,912.0,914.6666870117188,4033500
2013-11-20,920.6666870117188,924.0,915.0,915.3333129882812,4064100
2013-11-21,924.6666870117188,927.6666870117188,918.3333129882812,920.3333129882812,6018000
2013-11-22,927.3333129882812,929.0,914.0,918.3333129882812,8358000
2013-11-25,921.6666870117188,924.6666870117188,916.0,922.0,3491400
2013-11-26,922.3333129882812,922.3333129882812,914.0,914.0,4932900
2013-11-27,913.3333129882812,921.0,910.0,917.6666870117188,3888600
2013-11-28,923.3333129882812,931.0,917.6666870117188,931.0,4617600
2013-11-29,933.3333129882812,936.6666870117188,925.0,934.6666870117188,5398200
2013-12-02,933.3333129882812,938.0,928.3333129882812,933.0,6518100
2013-12-03,943.0,948.0,938.3333129882812,943.3333129882812,7518000
2013-12-04,945.0,946.6666870117188,928.6666870117188,934.0,6462900
2013-12-05,934.0,942.0,932.0,937.0,6718800
2013-12-06,933.3333129882812,943.3333129882812,930.3333129882812,942.0,5594700
2013-12-09,948.0,981.6666870117188,947.3333129882812,981.3333129882812,10941000
2013-12-10,976.6666870117188,989.6666870117188,968.3333129882812,989.0,7980000
2013-12-11,972.3333129882812,983.3333129882812,964.3333129882812,967.3333129882812,7395300
2013-12-12,957.0,968.0,950.3333129882812,960.0,5903400
2013-12-13,963.3333129882812,992.3333129882812,963.3333129882812,984.3333129882812,16916400
2013-12-16,978.3333129882812,979.0,963.3333129882812,963.3333129882812,5899500
2013-12-17,978.0,978.3333129882812,964.0,966.0,4820700
2013-12-18,964.0,966.0,957.6666870117188,964.3333129882812,7509000
2013-12-19,979.3333129882812,991.3333129882812,973.0,989.0,9919800
2013-12-20,986.6666870117188,988.6666870117188,980.0,988.0,6099000
2013-12-24,994.0,998.6666870117188,986.6666870117188,989.0,5992500
2013-12-25,976.6666870117188,985.3333129882812,976.6666870117188,982.0,5190000
2013-12-26,973.6666870117188,989.0,972.3333129882812,986.3333129882812,3868500
2013-12-27,990.3333129882812,995.0,975.0,981.0,5381700
2013-12-30,983.6666870117188,988.3333129882812,968.6666870117188,988.0,7314600
2014-01-06,987.3333129882812,990.0,971.3333129882812,976.0,4900500
2014-01-07,966.6666870117188,976.3333129882812,965.0,969.0,4247400
2014-01-08,981.3333129882812,982.0,968.0,972.6666870117188,3551400
2014-01-09,964.0,968.6666870117188,949.0,953.0,6087000
2014-01-10,939.3333129882812,951.3333129882812,937.6666870117188,946.3333129882812,8672700
2014-01-14,950.6666870117188,952.3333129882812,920.3333129882812,923.0,8097600
2014-01-15,927.6666870117188,953.0,926.6666870117188,953.0,5346600
2014-01-16,952.6666870117188,958.0,947.0,956.0,4420200
2014-01-17,942.0,956.6666870117188,942.0,948.0,4895400
2014-01-20,946.6666870117188,948.3333129882812,936.3333129882812,946.0,3344700
2014-01-21,946.6666870117188,965.6666870117188,944.3333129882812,963.3333129882812,3899700
2014-01-22,958.3333129882812,965.6666870117188,952.3333129882812,961.3333129882812,3364800
2014-01-23,973.3333129882812,976.3333129882812,956.3333129882812,959.6666870117188,3891600
2014-01-24,938.3333129882812,944.3333129882812,925.0,928.3333129882812,8313900
2014-01-27,903.3333129882812,911.0,896.6666870117188,907.0,9275400
2014-01-28,923.6666870117188,927.6666870117188,907.0,907.0,5496000
2014-01-29,930.0,948.3333129882812,927.6666870117188,945.6666870117188,7679700
2014-01-30,913.6666870117188,926.3333129882812,910.3333129882812,925.3333129882812,6605400
2014-01-31,938.0,944.6666870117188,930.3333129882812,937.6666870117188,6788700
2014-02-03,937.6666870117188,939.6666870117188,925.0,933.3333129882812,4857600
2014-02-04,910.0,917.3333129882812,884.6666870117188,887.0,8020500
2014-02-05,885.0,900.0,875.6666870117188,898.3333129882812,5908200
2014-02-06,909.0,913.3333129882812,885.3333129882812,886.3333129882812,5041500
2014-02-07,894.6666870117188,913.0,891.3333129882812,907.0,4554600
2014-02-10,915.0,928.0,908.3333129882812,928.0,4350600
2014-02-12,926.0,940.3333129882812,916.0,939.6666870117188,7790700
2014-02-13,883.3333129882812,915.6666870117188,880.6666870117188,897.3333129882812,13919700
2014-02-14,895.3333129882812,903.3333129882812,870.0,875.0,10521900
2014-02-17,870.0,870.0,846.0,863.3333129882812,9886500
2014-02-18,872.3333129882812,885.6666870117188,865.6666870117188,878.6666870117188,8076300
2014-02-19,876.0,880.3333129882812,865.0,867.6666870117188,6206400
2014-02-20,863.0,866.3333129882812,845.6666870117188,849.0,8146500
2014-02-21,874.3333129882812,892.3333129882812,870.3333129882812,888.6666870117188,10962000
2014-02-24,893.6666870117188,912.6666870117188,891.0,911.6666870117188,11174700
2014-02-25,932.0,936.6666870117188,923.6666870117188,935.3333129882812,12004500
2014-02-26,934.3333129882812,941.0,933.3333129882812,938.3333129882812,6597600
2014-02-27,938.0,952.3333129882812,933.3333129882812,942.3333129882812,6193200
2014-02-28,944.6666870117188,951.6666870117188,942.3333129882812,950.6666870117188,5729100
2014-03-03,945.3333129882812,945.3333129882812,924.3333129882812,937.0,4658400
2014-03-04,954.0,955.3333129882812,943.3333129882812,949.3333129882812,7035300
2014-03-05,950.0,951.0,935.0,938.6666870117188,6620700
2014-03-06,938.6666870117188,951.3333129882812,932.3333129882812,946.3333129882812,5772900
2014-03-07,948.3333129882812,949.0,927.6666870117188,938.0,5084400
2014-03-10,930.0,942.6666870117188,928.3333129882812,940.0,4147200
2014-03-11,946.3333129882812,953.0,937.6666870117188,946.3333129882812,4759800
2014-03-12,935.3333129882812,947.6666870117188,930.0,932.0,4877400
2014-03-13,926.6666870117188,929.6666870117188,917.0,919.3333129882812,4856700
2014-03-14,902.3333129882812,912.6666870117188,896.3333129882812,896.6666870117188,10410300
2014-03-17,892.0,903.3333129882812,892.0,896.6666870117188,3621300
2014-03-18,915.0,920.0,903.0,903.0,3999900
2014-03-19,914.0,928.0,912.6666870117188,917.0,5877900
2014-03-20,922.0,922.0,894.6666870117188,898.3333129882812,4812300
2014-03-24,910.3333129882812,942.3333129882812,907.3333129882812,940.0,9423600
2014-03-25,916.6666870117188,929.6666870117188,910.0,919.0,5457000
2014-03-26,933.3333129882812,944.3333129882812,916.0,929.0,8019600
2014-03-27,913.0,938.0,898.0,932.3333129882812,10120800
2014-03-28,932.6666870117188,954.3333129882812,924.3333129882812,953.6666870117188,7100700
2014-03-31,957.0,965.6666870117188,949.3333129882812,963.0,5018100
2014-04-01,967.6666870117188,976.0,953.3333129882812,955.6666870117188,4622100
2014-04-02,963.3333129882812,967.6666870117188,952.6666870117188,956.0,3960600
2014-04-03,956.6666870117188,972.6666870117188,956.6666870117188,969.3333129882812,4288200
2014-04-04,964.0,977.3333129882812,963.3333129882812,976.6666870117188,3955200
2014-04-07,973.3333129882812,973.6666870117188,960.3333129882812,967.3333129882812,2983800
2014-04-08,961.3333129882812,969.6666870117188,956.3333129882812,956.3333129882812,4197900
2014-04-09,950.3333129882812,956.0,947.0,948.6666870117188,4547400
2014-04-10,960.0,960.3333129882812,943.6666870117188,946.6666870117188,4944000
2014-04-11,928.6666870117188,935.3333129882812,920.3333129882812,925.0,8073300
2014-04-14,926.3333129882812,943.3333129882812,925.3333129882812,927.0,3337800
2014-04-15,934.3333129882812,936.6666870117188,924.3333129882812,932.3333129882812,3252300
2014-04-16,936.6666870117188,950.0,933.3333129882812,947.6666870117188,3430200
2014-04-17,949.6666870117188,966.6666870117188,946.0,961.3333129882812,4980300
2014-04-18,962.3333129882812,970.6666870117188,962.3333129882812,970.6666870117188,2911200
2014-04-21,969.3333129882812,973.6666870117188,964.0,967.0,1893600
2014-04-22,975.0,975.3333129882812,962.0,962.0,2161500
2014-04-23,962.0,962.0,935.0,944.6666870117188,7866900
2014-04-24,955.0,958.3333129882812,933.6666870117188,934.0,7282800
2014-04-25,932.6666870117188,939.3333129882812,920.6666870117188,925.6666870117188,4882800
2014-04-28,922.6666870117188,935.0,919.0,933.3333129882812,3704100
2014-04-30,934.0,942.6666870117188,930.6666870117188,939.3333129882812,3912000
2014-05-01,940.3333129882812,943.3333129882812,933.0,941.6666870117188,4554600
2014-05-02,944.0,944.0,935.0,939.3333129882812,3232500
2014-05-07,956.3333129882812,963.0,939.3333129882812,940.3333129882812,9867300
2014-05-08,936.6666870117188,960.6666870117188,936.6666870117188,951.0,5866800
2014-05-09,940.0,956.3333129882812,940.0,948.6666870117188,5019600
2014-05-12,946.0,959.3333129882812,944.6666870117188,950.6666870117188,3676200
2014-05-13,963.3333129882812,974.0,959.6666870117188,971.0,4766100
2014-05-14,973.3333129882812,974.6666870117188,963.6666870117188,972.0,4187700
2014-05-15,966.6666870117188,974.6666870117188,965.3333129882812,971.6666870117188,3873600
2014-05-16,960.0,962.3333129882812,950.3333129882812,955.0,4216800
2014-05-19,952.3333129882812,971.6666870117188,950.6666870117188,959.6666870117188,4611900
2014-05-20,957.6666870117188,966.0,954.0,958.0,5234700
2014-05-21,956.3333129882812,966.0,954.6666870117188,961.0,2936700
2014-05-22,966.6666870117188,970.3333129882812,962.0,967.3333129882812,4140600
2014-05-23,972.3333129882812,974.3333129882812,963.0,968.3333129882812,5541000
2014-05-26,976.0,983.0,973.0,981.3333129882812,4145400
2014-05-27,983.0,984.6666870117188,974.6666870117188,975.3333129882812,4778700
2014-05-28,980.0,987.6666870117188,976.6666870117188,984.0,2977200
2014-05-29,981.6666870117188,984.6666870117188,973.6666870117188,976.3333129882812,3190500
2014-05-30,972.6666870117188,973.0,955.6666870117188,956.3333129882812,7288500
2014-06-02,970.0,974.3333129882812,965.3333129882812,969.6666870117188,6412500
2014-06-03,982.3333129882812,982.6666870117188,973.3333129882812,980.0,3893700
2014-06-04,982.6666870117188,984.6666870117188,977.3333129882812,983.0,2949900
2014-06-05,1032.0,1041.3333740234375,1014.6666870117188,1036.3333740234375,18066900
2014-06-06,1023.6666870117188,1036.3333740234375,1018.3333129882812,1026.6666259765625,9078900
2014-06-09,1026.6666259765625,1027.3333740234375,1016.3333129882812,1023.3333129882812,5382000
2014-06-10,1026.6666259765625,1033.3333740234375,1020.6666870117188,1023.0,4454100
2014-06-11,1025.0,1028.0,1019.6666870117188,1023.3333129882812,4055100
2014-06-12,1023.3333129882812,1031.3333740234375,1021.0,1024.6666259765625,5306100
2014-06-13,1024.6666259765625,1032.6666259765625,1017.6666870117188,1032.0,9206100
2014-06-16,1032.3333740234375,1049.3333740234375,1028.3333740234375,1041.3333740234375,7332600
2014-06-17,1046.6666259765625,1055.3333740234375,1041.6666259765625,1044.3333740234375,6391800
2014-06-18,1038.0,1039.3333740234375,1027.6666259765625,1034.6666259765625,5187300
2014-06-19,1042.0,1055.0,1041.3333740234375,1048.3333740234375,6118800
2014-06-20,1048.3333740234375,1049.6666259765625,1041.6666259765625,1043.0,4301400
2014-06-23,1041.6666259765625,1049.3333740234375,1038.3333740234375,1040.3333740234375,4435800
2014-06-24,1034.6666259765625,1057.6666259765625,1034.0,1047.6666259765625,5580600
2014-06-25,1035.3333740234375,1043.3333740234375,1034.3333740234375,1037.0,5690100
2014-06-26,1043.3333740234375,1056.0,1041.0,1053.3333740234375,4899900
2014-06-27,1054.6666259765625,1060.0,1041.0,1044.6666259765625,6747000
2014-06-30,1055.0,1069.6666259765625,1052.0,1060.0,5993100
2014-07-01,1065.6666259765625,1068.6666259765625,1052.6666259765625,1063.3333740234375,5334900
2014-07-02,1069.6666259765625,1075.3333740234375,1060.6666259765625,1071.0,5122200
2014-07-03,1071.0,1078.3333740234375,1068.3333740234375,1070.0,4816500
2014-07-04,1080.0,1080.0,1073.3333740234375,1077.3333740234375,4715400
2014-07-07,1085.0,1098.3333740234375,1081.6666259765625,1090.0,7291200
2014-07-08,1088.6666259765625,1095.6666259765625,1083.0,1091.6666259765625,5370300
2014-07-09,1088.6666259765625,1101.3333740234375,1085.0,1096.0,6009300
2014-07-10,1097.6666259765625,1104.3333740234375,1088.6666259765625,1088.6666259765625,6087900
2014-07-11,1078.3333740234375,1088.6666259765625,1074.3333740234375,1085.0,7083000
2014-07-14,1082.6666259765625,1082.6666259765625,1061.3333740234375,1065.6666259765625,8683200
2014-07-15,1066.0,1071.3333740234375,1065.3333740234375,1066.6666259765625,6651600
2014-07-16,1066.6666259765625,1069.0,1060.6666259765625,1062.6666259765625,5466600
2014-07-17,1061.6666259765625,1063.0,1056.3333740234375,1060.0,5163000
2014-07-18,1050.0,1050.6666259765625,1038.6666259765625,1048.0,5642700
2014-07-22,1043.3333740234375,1052.3333740234375,1039.5,1049.6666259765625,7229700
2014-07-23,1073.0,1075.8333740234375,1043.0,1047.6666259765625,9643200
2014-07-24,1047.6666259765625,1052.8333740234375,1043.3333740234375,1045.5,6438600
2014-07-25,1045.5,1057.3333740234375,1041.0,1056.1666259765625,5794800
2014-07-28,1056.0,1056.5,1033.5,1048.0,6932700
2014-07-29,1049.0,1055.0,1042.3333740234375,1052.6666259765625,5221200
2014-07-30,1050.8333740234375,1060.0,1045.1666259765625,1056.0,6700200
2014-07-31,1058.0,1059.5,1045.0,1045.0,5299500
2014-08-01,1045.1666259765625,1054.1666259765625,1037.6666259765625,1052.8333740234375,5215200
2014-08-04,1049.3333740234375,1061.1666259765625,1041.8333740234375,1056.5,5716200
2014-08-05,1054.6666259765625,1062.8333740234375,1049.6666259765625,1050.3333740234375,5274600
2014-08-06,1049.5,1058.3333740234375,1039.0,1043.1666259765625,5268000
2014-08-07,1063.3333740234375,1070.0,1033.3333740234375,1041.0,8231100
2014-08-08,1029.1666259765625,1039.3333740234375,1009.1666870117188,1011.8333129882812,8337600
2014-08-11,1037.8333740234375,1056.5,1032.1666259765625,1055.5,4783500
2014-08-12,1055.6666259765625,1060.5,1047.6666259765625,1054.8333740234375,4164900
2014-08-13,1057.6666259765625,1076.5,1055.0,1074.8333740234375,7296600
2014-08-14,1076.3333740234375,1080.5,1070.3333740234375,1078.0,4524000
2014-08-15,1071.6666259765625,1074.3333740234375,1068.3333740234375,1070.0,4004700
2014-08-18,1074.3333740234375,1081.0,1070.8333740234375,1075.5,3500700
2014-08-19,1079.0,1085.8333740234375,1071.6666259765625,1081.6666259765625,4116900
2014-08-20,1078.5,1099.3333740234375,1078.5,1094.3333740234375,4803900
2014-08-21,1095.6666259765625,1098.3333740234375,1087.5,1096.8333740234375,5029200
2014-08-22,1100.0,1116.0,1097.3333740234375,1107.0,4833600
2014-08-25,1107.1666259765625,1113.6666259765625,1104.8333740234375,1105.5,3650400
2014-08-26,1102.0,1113.0,1102.0,1105.1666259765625,4155900
2014-08-27,1105.0,1108.1666259765625,1093.8333740234375,1101.1666259765625,4003200
2014-08-28,1094.6666259765625,1098.8333740234375,1086.6666259765625,1092.0,3675900
2014-08-29,1092.0,1095.1666259765625,1087.1666259765625,1093.6666259765625,4424700
2014-09-01,1093.6666259765625,1095.6666259765625,1084.6666259765625,1095.3333740234375,3185700
2014-09-02,1095.3333740234375,1112.6666259765625,1093.8333740234375,1105.8333740234375,4364100
2014-09-03,1112.3333740234375,1118.1666259765625,1108.1666259765625,1115.0,4767000
2014-09-04,1116.6666259765625,1132.5,1114.1666259765625,1130.3333740234375,5574600
2014-09-05,1139.1666259765625,1141.5,1124.0,1125.1666259765625,5699400
2014-09-08,1121.6666259765625,1121.6666259765625,1106.1666259765625,1113.1666259765625,5491200
2014-09-09,1114.1666259765625,1114.1666259765625,1108.1666259765625,1113.1666259765625,4992900
2014-09-10,1105.8333740234375,1124.8333740234375,1103.3333740234375,1123.6666259765625,4368600
2014-09-11,1122.5,1124.1666259765625,1091.0,1092.5,9244500
2014-09-12,1045.8333740234375,1083.0,1045.6666259765625,1081.3333740234375,15697200
2014-09-16,1076.6666259765625,1079.5,1045.6666259765625,1070.6666259765625,7283400
2014-09-17,1076.8333740234375,1076.8333740234375,1062.6666259765625,1070.6666259765625,5035500
2014-09-18,1071.6666259765625,1074.6666259765625,1050.0,1066.5,7490100
2014-09-19,1066.3333740234375,1073.3333740234375,1059.0,1061.0,7638000
2014-09-22,1060.5,1062.0,1047.3333740234375,1052.3333740234375,6302400
2014-09-24,1051.6666259765625,1059.0,1050.5,1057.5,4812600
2014-09-25,1060.6666259765625,1070.8333740234375,1057.3333740234375,1070.6666259765625,3885900
2014-09-26,1059.0,1064.8333740234375,1056.8333740234375,1058.3333740234375,3662100
2014-09-29,1069.3333740234375,1085.1666259765625,1065.5,1078.5,4750500
2014-09-30,1081.5,1083.3333740234375,1054.6666259765625,1057.6666259765625,7056000
2014-10-01,1057.6666259765625,1065.0,1050.8333740234375,1055.5,4689000
2014-10-02,1049.3333740234375,1049.3333740234375,1033.6666259765625,1033.8333740234375,6221700
2014-10-03,1037.8333740234375,1064.5,1037.8333740234375,1063.3333740234375,6249300
2014-10-06,1080.0,1083.0,1065.0,1071.0,5465400
2014-10-07,1064.6666259765625,1081.6666259765625,1064.6666259765625,1070.1666259765625,4563000
2014-10-08,1061.8333740234375,1081.5,1061.8333740234375,1076.0,5376300
2014-10-09,1078.8333740234375,1090.0,1069.8333740234375,1073.5,6540600
2014-10-10,1059.3333740234375,1067.8333740234375,1057.0,1059.1666259765625,5197200
2014-10-14,1034.6666259765625,1057.6666259765625,1034.6666259765625,1036.3333740234375,6248400
2014-10-15,1042.0,1057.5,1038.1666259765625,1054.5,5471100
2014-10-16,1039.1666259765625,1049.1666259765625,1034.6666259765625,1040.6666259765625,6167400
2014-10-17,1039.8333740234375,1041.6666259765625,1008.6666870117188,1010.8333129882812,5315700
2014-10-20,1031.0,1042.8333740234375,1030.3333740234375,1042.3333740234375,5247600
2014-10-21,1048.3333740234375,1053.6666259765625,1030.5,1035.8333740234375,3918000
2014-10-22,1045.0,1058.0,1042.3333740234375,1057.3333740234375,4068900
2014-10-23,1051.6666259765625,1054.3333740234375,1042.3333740234375,1046.6666259765625,3179700
2014-10-24,1066.6666259765625,1073.1666259765625,1056.6666259765625,1072.3333740234375,4085100
2014-10-27,1071.6666259765625,1088.1666259765625,1069.1666259765625,1087.8333740234375,4072800
2014-10-28,1091.6666259765625,1101.5,1088.3333740234375,1094.8333740234375,3439800
2014-10-29,1100.0,1110.8333740234375,1099.0,1108.6666259765625,4501500
2014-10-30,1112.6666259765625,1112.6666259765625,1100.3333740234375,1104.1666259765625,5268600
2014-10-31,1116.0,1160.0,1110.6666259765625,1142.3333740234375,7964700
2014-11-04,1165.6666259765625,1190.6666259765625,1143.6666259765625,1172.0,11613000
2014-11-05,1157.6666259765625,1173.1666259765625,1150.0,1167.6666259765625,8524500
2014-11-06,1169.3333740234375,1176.6666259765625,1148.8333740234375,1155.3333740234375,5950500
2014-11-07,1166.6666259765625,1166.6666259765625,1148.8333740234375,1158.1666259765625,4201500
2014-11-10,1146.0,1154.3333740234375,1137.1666259765625,1141.5,4562100
2014-11-11,1141.6666259765625,1155.8333740234375,1138.6666259765625,1151.3333740234375,5862000
2014-11-12,1154.6666259765625,1163.1666259765625,1143.0,1145.1666259765625,5672700
2014-11-13,1150.6666259765625,1172.3333740234375,1147.1666259765625,1170.0,7308600
2014-11-14,1188.0,1188.6666259765625,1149.6666259765625,1158.8333740234375,9768600
2014-11-17,1153.0,1156.1666259765625,1130.3333740234375,1134.0,4887900
2014-11-18,1143.6666259765625,1149.8333740234375,1136.0,1149.6666259765625,4647900
2014-11-19,1153.3333740234375,1182.1666259765625,1151.1666259765625,1174.8333740234375,6416400
2014-11-20,1190.6666259765625,1217.8333740234375,1188.5,1207.3333740234375,6945600
2014-11-21,1207.3333740234375,1231.3333740234375,1200.1666259765625,1217.0,6566100
2014-11-25,1233.3333740234375,1236.6666259765625,1209.1666259765625,1211.3333740234375,5645100
2014-11-26,1203.0,1216.1666259765625,1195.5,1210.0,4117200
2014-11-27,1210.0,1226.0,1208.3333740234375,1221.3333740234375,5286900
2014-11-28,1221.6666259765625,1236.0,1221.6666259765625,1234.1666259765625,4678500
2014-12-01,1246.5,1261.0,1242.8333740234375,1246.3333740234375,5527500
2014-12-02,1235.6666259765625,1250.5,1231.0,1242.6666259765625,9004500
2014-12-03,1262.1666259765625,1271.5,1255.8333740234375,1269.6666259765625,10368000
2014-12-04,1293.0,1304.8333740234375,1270.0,1274.0,6549600
2014-12-05,1270.6666259765625,1277.6666259765625,1259.1666259765625,1270.1666259765625,4677900
2014-12-08,1287.3333740234375,1290.5,1273.3333740234375,1283.3333740234375,6875400
2014-12-09,1270.1666259765625,1293.5,1270.1666259765625,1290.3333740234375,10436400
2014-12-10,1267.0,1272.3333740234375,1233.6666259765625,1240.0,9351900
2014-12-11,1233.3333740234375,1248.3333740234375,1220.0,1223.8333740234375,7042800
2014-12-12,1218.3333740234375,1237.5,1216.8333740234375,1223.0,12467700
2014-12-15,1213.1666259765625,1253.0,1207.0,1250.0,7266300
2014-12-16,1226.6666259765625,1232.8333740234375,1203.8333740234375,1206.1666259765625,7431600
2014-12-17,1200.0,1209.0,1190.5,1193.1666259765625,5280900
2014-12-18,1228.8333740234375,1252.8333740234375,1220.0,1241.3333740234375,6136200
2014-12-19,1273.3333740234375,1284.6666259765625,1262.8333740234375,1284.6666259765625,6476100
2014-12-22,1291.5,1291.6666259765625,1258.8333740234375,1273.3333740234375,4189800
2014-12-24,1287.3333740234375,1288.0,1274.8333740234375,1283.3333740234375,3542400
2014-12-25,1282.6666259765625,1290.6666259765625,1274.8333740234375,1288.6666259765625,2701500
2014-12-26,1279.6666259765625,1280.0,1262.8333740234375,1269.1666259765625,2919300
2014-12-29,1275.6666259765625,1276.5,1247.3333740234375,1257.6666259765625,3351000
2014-12-30,1256.8333740234375,1264.3333740234375,1246.3333740234375,1248.8333740234375,2614800
2015-01-05,1235.3333740234375,1245.3333740234375,1221.8333740234375,1228.0,3816000
2015-01-06,1200.0,1201.6666259765625,1184.1666259765625,1186.6666259765625,5940000
2015-01-07,1183.3333740234375,1199.8333740234375,1183.3333740234375,1185.0,4569600
2015-01-08,1204.5,1219.0,1196.0,1212.0,4641600
2015-01-09,1225.6666259765625,1229.6666259765625,1202.6666259765625,1205.1666259765625,5795100
2015-01-13,1200.0,1203.1666259765625,1183.5,1197.5,4703100
2015-01-14,1185.0,1209.6666259765625,1183.8333740234375,1194.3333740234375,4223100
2015-01-15,1204.0,1240.0,1202.6666259765625,1234.8333740234375,4349400
2015-01-16,1204.6666259765625,1215.1666259765625,1185.0,1203.5,6108600
2015-01-19,1214.5,1221.1666259765625,1200.8333740234375,1207.8333740234375,4740600
2015-01-20,1208.0,1228.8333740234375,1205.0,1228.8333740234375,3386100
2015-01-21,1229.3333740234375,1232.6666259765625,1216.0,1224.5,2961000
2015-01-22,1233.3333740234375,1251.3333740234375,1223.6666259765625,1242.1666259765625,4145400
2015-01-23,1263.3333740234375,1273.0,1253.6666259765625,1260.0,4941600
2015-01-26,1247.3333740234375,1266.6666259765625,1243.3333740234375,1264.8333740234375,3454500
2015-01-27,1273.3333740234375,1295.5,1273.0,1294.3333740234375,3654300
2015-01-28,1287.1666259765625,1309.1666259765625,1286.3333740234375,1297.8333740234375,4183200
2015-01-29,1284.1666259765625,1305.6666259765625,1284.1666259765625,1292.5,2993700
2015-01-30,1311.8333740234375,1322.3333740234375,1296.0,1296.3333740234375,4154400
2015-02-02,1278.8333740234375,1302.3333740234375,1278.6666259765625,1290.5,2692800
2015-02-03,1306.8333740234375,1321.0,1267.5,1271.3333740234375,4865100
2015-02-04,1274.6666259765625,1283.0,1243.8333740234375,1253.8333740234375,6377400
2015-02-05,1253.6666259765625,1256.6666259765625,1240.1666259765625,1243.3333740234375,4987200
2015-02-06,1258.5,1260.0,1238.0,1240.8333740234375,2522400
2015-02-09,1243.3333740234375,1246.0,1221.5,1226.1666259765625,5175000
2015-02-10,1213.1666259765625,1232.5,1209.5,1231.8333740234375,5847600
2015-02-12,1255.0,1270.6666259765625,1248.5,1262.6666259765625,4828500
2015-02-13,1249.3333740234375,1261.1666259765625,1216.0,1238.6666259765625,9597000
2015-02-16,1238.6666259765625,1239.1666259765625,1211.5,1213.3333740234375,6825900
2015-02-17,1212.6666259765625,1213.0,1187.3333740234375,1206.6666259765625,7389300
2015-02-18,1219.5,1244.0,1217.3333740234375,1239.5,5080200
2015-02-19,1250.8333740234375,1272.0,1246.6666259765625,1266.1666259765625,5465400
2015-02-20,1271.1666259765625,1275.0,1246.8333740234375,1249.8333740234375,3613200
2015-02-23,1263.0,1264.5,1238.3333740234375,1241.6666259765625,4555200
2015-02-24,1236.1666259765625,1240.5,1228.3333740234375,1240.5,3510300
2015-02-25,1241.6666259765625,1246.6666259765625,1234.0,1239.8333740234375,4257900
2015-02-26,1223.6666259765625,1245.5,1218.3333740234375,1245.3333740234375,4182900
2015-02-27,1248.3333740234375,1249.5,1231.0,1232.1666259765625,4586400
2015-03-02,1232.0,1242.8333740234375,1230.0,1233.6666259765625,2876100
2015-03-03,1246.0,1266.6666259765625,1238.8333740234375,1266.6666259765625,5781300
2015-03-04,1270.0,1272.0,1243.5,1246.6666259765625,4068300
2015-03-05,1253.3333740234375,1255.3333740234375,1238.6666259765625,1248.3333740234375,5038200
2015-03-06,1241.6666259765625,1255.6666259765625,1237.1666259765625,1251.5,5893200
2015-03-09,1242.0,1257.3333740234375,1232.0,1251.3333740234375,5623800
2015-03-10,1248.5,1259.5,1241.8333740234375,1256.3333740234375,6571200
2015-03-11,1256.3333740234375,1260.3333740234375,1237.0,1237.8333740234375,4570800
2015-03-12,1237.6666259765625,1238.3333740234375,1220.1666259765625,1222.6666259765625,6961800
2015-03-13,1228.6666259765625,1241.0,1212.3333740234375,1235.6666259765625,11260500
2015-03-16,1236.0,1260.6666259765625,1235.6666259765625,1248.3333740234375,4907700
2015-03-17,1266.6666259765625,1274.8333740234375,1246.8333740234375,1256.1666259765625,4123500
2015-03-18,1257.5,1264.5,1248.3333740234375,1264.0,3855600
2015-03-19,1263.3333740234375,1266.0,1237.5,1244.8333740234375,6147300
2015-03-20,1253.1666259765625,1266.3333740234375,1243.8333740234375,1265.5,6326400
2015-03-23,1267.5,1268.3333740234375,1253.1666259765625,1264.3333740234375,2955300
2015-03-24,1258.6666259765625,1276.3333740234375,1250.3333740234375,1274.8333740234375,5131800
2015-03-25,1277.5,1292.6666259765625,1268.6666259765625,1292.6666259765625,5638200
2015-03-26,1292.5,1311.3333740234375,1290.3333740234375,1302.6666259765625,7469700
2015-03-27,1309.8333740234375,1336.0,1281.6666259765625,1306.3333740234375,7712400
2015-03-30,1312.0,1322.1666259765625,1290.1666259765625,1293.0,4642800
2015-03-31,1298.3333740234375,1307.5,1271.1666259765625,1271.1666259765625,5901300
2015-04-01,1282.3333740234375,1298.0,1267.8333740234375,1279.1666259765625,5909700
2015-04-02,1295.5,1316.0,1291.3333740234375,1306.5,5501400
2015-04-03,1312.3333740234375,1314.6666259765625,1296.0,1300.5,2725800
2015-04-06,1296.1666259765625,1325.3333740234375,1296.0,1316.5,2962800
2015-04-07,1319.6666259765625,1324.8333740234375,1309.5,1317.0,4075500
2015-04-08,1333.3333740234375,1366.5,1332.6666259765625,1354.0,7195500
2015-04-09,1363.3333740234375,1392.3333740234375,1363.1666259765625,1383.3333740234375,6531000
2015-04-10,1390.8333740234375,1392.5,1373.3333740234375,1378.8333740234375,6453900
2015-04-13,1382.5,1382.6666259765625,1363.8333740234375,1371.6666259765625,3434400
2015-04-14,1363.3333740234375,1367.0,1345.8333740234375,1360.5,4312800
2015-04-15,1360.0,1362.6666259765625,1348.5,1358.5,3317100
2015-04-16,1348.3333740234375,1356.5,1346.6666259765625,1347.5,5033100
2015-04-17,1340.0,1354.5,1334.6666259765625,1348.6666259765625,4339800
2015-04-20,1338.8333740234375,1343.3333740234375,1318.3333740234375,1342.8333740234375,5502000
2015-04-21,1327.0,1352.8333740234375,1317.0,1351.0,4700400
2015-04-22,1356.5,1363.8333740234375,1348.3333740234375,1356.0,3596700
2015-04-23,1357.6666259765625,1360.0,1346.1666259765625,1350.6666259765625,3114600
2015-04-24,1345.6666259765625,1349.8333740234375,1332.0,1342.6666259765625,3340800
2015-04-27,1340.3333740234375,1343.1666259765625,1319.3333740234375,1322.6666259765625,4298400
2015-04-28,1330.1666259765625,1334.6666259765625,1315.0,1315.8333740234375,4323900
2015-04-30,1293.3333740234375,1302.8333740234375,1278.3333740234375,1285.1666259765625,5757000
2015-05-01,1289.3333740234375,1311.0,1288.6666259765625,1295.0,4058400
2015-05-07,1279.6666259765625,1305.6666259765625,1272.0,1291.8333740234375,4756800
2015-05-08,1303.0,1324.3333740234375,1300.3333740234375,1304.1666259765625,5500500
2015-05-11,1315.0,1327.5,1306.8333740234375,1308.6666259765625,3692700
2015-05-12,1300.3333740234375,1316.0,1300.3333740234375,1309.8333740234375,2986500
2015-05-13,1302.6666259765625,1314.8333740234375,1285.6666259765625,1310.6666259765625,3114600
2015-05-14,1299.3333740234375,1310.3333740234375,1293.8333740234375,1296.6666259765625,3255600
2015-05-15,1303.6666259765625,1349.5,1302.6666259765625,1348.1666259765625,5242500
2015-05-18,1348.0,1348.5,1335.1666259765625,1340.8333740234375,3683400
2015-05-19,1344.3333740234375,1357.5,1338.8333740234375,1349.1666259765625,3910500
2015-05-20,1360.0,1375.8333740234375,1353.5,1363.1666259765625,4232100
2015-05-21,1363.8333740234375,1377.8333740234375,1350.8333740234375,1369.8333740234375,3119100
2015-05-22,1369.8333740234375,1372.6666259765625,1353.8333740234375,1369.0,3172200
2015-05-25,1364.3333740234375,1364.3333740234375,1338.3333740234375,1341.8333740234375,5205300
2015-05-26,1345.0,1355.8333740234375,1333.6666259765625,1335.0,4845900
2015-05-27,1333.3333740234375,1342.1666259765625,1326.6666259765625,1337.6666259765625,4032600
2015-05-28,1340.8333740234375,1350.8333740234375,1326.8333740234375,1349.1666259765625,4742400
2015-05-29,1337.1666259765625,1346.5,1327.1666259765625,1327.1666259765625,6745500
2015-06-01,1327.0,1332.8333740234375,1320.0,1331.0,3882600
2015-06-02,1333.3333740234375,1333.3333740234375,1322.0,1324.6666259765625,3774000
2015-06-03,1321.5,1321.5,1303.6666259765625,1309.0,5274900
2015-06-04,1326.1666259765625,1326.1666259765625,1295.1666259765625,1300.1666259765625,6524400
2015-06-05,1302.8333740234375,1334.0,1297.0,1329.8333740234375,5792700
2015-06-08,1323.0,1324.1666259765625,1308.6666259765625,1322.6666259765625,3602100
2015-06-09,1325.5,1346.3333740234375,1323.5,1332.0,6645900
2015-06-10,1340.0,1366.1666259765625,1328.3333740234375,1351.8333740234375,8346300
2015-06-11,1351.8333740234375,1380.0,1351.6666259765625,1380.0,8712900
2015-06-12,1389.1666259765625,1393.1666259765625,1368.3333740234375,1374.0,12354000
2015-06-15,1358.3333740234375,1380.1666259765625,1356.6666259765625,1379.0,3701100
2015-06-16,1378.1666259765625,1389.3333740234375,1373.3333740234375,1374.5,5044500
2015-06-17,1374.6666259765625,1375.0,1361.0,1367.3333740234375,4461900
2015-06-18,1368.3333740234375,1371.8333740234375,1345.6666259765625,1346.1666259765625,4277100
2015-06-19,1348.6666259765625,1354.0,1337.5,1338.8333740234375,4506900
2015-06-22,1349.1666259765625,1350.5,1335.3333740234375,1344.6666259765625,3193200
2015-06-23,1360.0,1365.3333740234375,1351.5,1365.1666259765625,3975900
2015-06-24,1371.8333740234375,1378.6666259765625,1363.5,1375.3333740234375,3975900
2015-06-25,1373.5,1381.5,1360.3333740234375,1361.3333740234375,3130800
2015-06-26,1353.0,1354.3333740234375,1329.6666259765625,1333.3333740234375,4340700
2015-06-29,1310.0,1318.6666259765625,1291.8333740234375,1299.1666259765625,4293600
2015-06-30,1303.3333740234375,1316.0,1293.6666259765625,1297.5,4321800
2015-07-01,1300.0,1304.6666259765625,1268.0,1272.5,7010100
2015-07-02,1288.8333740234375,1289.3333740234375,1263.8333740234375,1267.5,5026800
2015-07-03,1283.3333740234375,1283.5,1262.3333740234375,1264.3333740234375,5632500
2015-07-06,1246.6666259765625,1253.8333740234375,1236.1666259765625,1238.6666259765625,5952300
2015-07-07,1261.0,1261.6666259765625,1246.6666259765625,1250.5,4224600
2015-07-08,1243.6666259765625,1260.5,1239.6666259765625,1243.5,8900400
2015-07-09,1223.8333740234375,1224.0,1188.1666259765625,1219.6666259765625,7065900
2015-07-10,1231.3333740234375,1258.8333740234375,1226.0,1244.8333740234375,7262100
2015-07-13,1259.5,1303.8333740234375,1255.0,1300.5,8064000
2015-07-14,1321.3333740234375,1321.3333740234375,1290.3333740234375,1300.5,6216300
2015-07-15,1309.6666259765625,1318.6666259765625,1300.0,1312.8333740234375,4451700
2015-07-16,1328.5,1331.1666259765625,1320.8333740234375,1324.0,3835500
2015-07-17,1317.5,1332.8333740234375,1316.5,1331.1666259765625,2997300
2015-07-21,1333.3333740234375,1342.1666259765625,1325.1666259765625,1338.6666259765625,4276500
2015-07-22,1338.1666259765625,1344.5,1331.0,1338.6666259765625,3962400
2015-07-23,1344.5,1356.6666259765625,1333.6666259765625,1354.5,3833700
2015-07-24,1353.0,1355.0,1340.1666259765625,1346.8333740234375,3084900
2015-07-27,1344.1666259765625,1359.0,1330.0,1352.1666259765625,3965100
2015-07-28,1346.0,1363.3333740234375,1343.5,1358.5,4179600
2015-07-29,1361.6666259765625,1385.5,1361.6666259765625,1385.0,4569300
2015-07-30,1390.0,1412.1666259765625,1380.8333740234375,1383.0,12526500
2015-07-31,1395.8333740234375,1396.6666259765625,1375.6666259765625,1385.6666259765625,4573200
2015-08-03,1395.0,1400.0,1381.6666259765625,1400.0,3584100
2015-08-04,1393.5,1415.0,1393.3333740234375,1405.8333740234375,4876800
2015-08-05,1399.5,1425.0,1394.8333740234375,1414.6666259765625,5069700
2015-08-06,1422.6666259765625,1433.0,1396.6666259765625,1404.5,4766400
2015-08-07,1409.6666259765625,1437.3333740234375,1401.0,1436.0,4490700
2015-08-10,1432.0,1464.8333740234375,1431.5,1460.1666259765625,5262000
2015-08-11,1463.3333740234375,1465.0,1435.8333740234375,1450.8333740234375,4269000
2015-08-12,1456.8333740234375,1462.6666259765625,1440.5,1448.1666259765625,4218600
2015-08-13,1452.0,1462.6666259765625,1436.5,1455.5,3555600
2015-08-14,1461.6666259765625,1464.5,1446.5,1447.5,3286200
2015-08-17,1448.1666259765625,1463.0,1437.3333740234375,1452.8333740234375,2520000
2015-08-18,1437.3333740234375,1452.1666259765625,1424.5,1425.0,4751400
2015-08-19,1419.0,1421.3333740234375,1397.0,1398.8333740234375,5303700
2015-08-20,1396.0,1407.8333740234375,1384.6666259765625,1387.6666259765625,3735600
2015-08-21,1365.6666259765625,1371.1666259765625,1342.3333740234375,1345.0,4384800
2015-08-24,1300.0,1328.0,1276.6666259765625,1287.6666259765625,9097200
2015-08-25,1250.1666259765625,1273.1666259765625,1225.0,1225.0,9112800
2015-08-26,1226.6666259765625,1244.0,1213.6666259765625,1236.6666259765625,6475500
2015-08-27,1258.5,1300.5,1246.6666259765625,1287.8333740234375,6018000
2015-08-28,1316.1666259765625,1317.0,1288.5,1307.5,4132200
2015-08-31,1306.6666259765625,1334.5,1286.6666259765625,1334.1666259765625,6595200
2015-09-01,1333.3333740234375,1348.3333740234375,1298.3333740234375,1298.3333740234375,6732600
2015-09-02,1267.8333740234375,1300.6666259765625,1256.3333740234375,1267.6666259765625,5355600
2015-09-03,1272.0,1313.3333740234375,1268.5,1268.8333740234375,5703000
2015-09-04,1282.8333740234375,1282.8333740234375,1220.3333740234375,1230.5,5374500
2015-09-07,1223.3333740234375,1229.3333740234375,1200.1666259765625,1213.0,4310400
2015-09-08,1216.8333740234375,1217.5,1169.1666259765625,1174.6666259765625,5834700
2015-09-09,1220.0,1241.5,1205.0,1237.6666259765625,5975100
2015-09-10,1199.8333740234375,1212.8333740234375,1181.8333740234375,1206.1666259765625,4199400
2015-09-11,1185.1666259765625,1210.0,1185.0,1189.6666259765625,8778000
2015-09-14,1201.1666259765625,1202.0,1187.1666259765625,1188.3333740234375,3277800
2015-09-15,1198.3333740234375,1218.6666259765625,1191.6666259765625,1200.3333740234375,3518100
2015-09-16,1242.6666259765625,1262.8333740234375,1230.1666259765625,1257.8333740234375,8729100
2015-09-17,1286.0,1305.1666259765625,1283.6666259765625,1297.1666259765625,7129500
2015-09-18,1296.5,1307.0,1263.8333740234375,1269.1666259765625,8429100
2015-09-24,1246.0,1288.3333740234375,1246.0,1251.6666259765625,5294700
2015-09-25,1260.6666259765625,1297.0,1250.0,1296.3333740234375,5031600
2015-09-28,1282.0,1306.0,1274.6666259765625,1293.0,3826500
2015-09-29,1293.0,1294.6666259765625,1251.6666259765625,1255.0,4160700
2015-09-30,1300.0,1300.0,1276.0,1290.0,3654600
2015-10-01,1291.0,1300.6666259765625,1267.0,1274.3333740234375,5538300
2015-10-02,1263.3333740234375,1272.6666259765625,1239.6666259765625,1248.3333740234375,5795700
2015-10-05,1258.3333740234375,1268.0,1247.0,1265.0,4838700
2015-10-06,1273.6666259765625,1274.6666259765625,1233.6666259765625,1243.3333740234375,7815300
2015-10-07,1245.0,1247.0,1220.3333740234375,1240.0,6145500
2015-10-08,1235.3333740234375,1235.3333740234375,1211.0,1215.0,7153200
2015-10-09,1221.6666259765625,1251.0,1215.0,1247.3333740234375,6926100
2015-10-13,1233.6666259765625,1259.0,1229.6666259765625,1255.3333740234375,2901000
2015-10-14,1263.0,1276.6666259765625,1243.3333740234375,1251.3333740234375,6073500
2015-10-15,1240.6666259765625,1258.3333740234375,1214.6666259765625,1219.3333740234375,7345200
2015-10-16,1233.3333740234375,1247.6666259765625,1219.3333740234375,1247.0,7579800
2015-10-19,1235.6666259765625,1246.0,1222.3333740234375,1226.6666259765625,6514800
2015-10-20,1221.0,1228.3333740234375,1194.3333740234375,1202.6666259765625,8451900
2015-10-21,1200.0,1235.0,1200.0,1229.3333740234375,7388700
2015-10-22,1229.3333740234375,1276.3333740234375,1229.0,1257.6666259765625,8089800
2015-10-23,1272.0,1292.3333740234375,1272.0,1275.0,5565300
2015-10-26,1276.6666259765625,1276.6666259765625,1258.0,1259.0,4815600
2015-10-27,1259.3333740234375,1276.6666259765625,1250.6666259765625,1256.6666259765625,3647700
2015-10-28,1258.3333740234375,1263.3333740234375,1247.6666259765625,1251.6666259765625,4003200
2015-10-29,1258.3333740234375,1269.6666259765625,1253.6666259765625,1254.6666259765625,3388200
2015-10-30,1255.0,1261.3333740234375,1241.6666259765625,1249.0,6402000
2015-11-02,1237.0,1237.6666259765625,1213.0,1218.0,4913100
2015-11-04,1241.3333740234375,1247.6666259765625,1222.3333740234375,1223.3333740234375,3514200
2015-11-05,1284.3333740234375,1291.3333740234375,1264.3333740234375,1275.6666259765625,6847200
2015-11-06,1273.6666259765625,1285.0,1268.0,1280.0,3826200
2015-11-09,1289.3333740234375,1290.6666259765625,1269.6666259765625,1272.3333740234375,5228100
2015-11-10,1266.6666259765625,1276.6666259765625,1259.0,1270.3333740234375,3237900
2015-11-11,1270.6666259765625,1284.0,1270.3333740234375,1282.6666259765625,2636100
2015-11-12,1283.3333740234375,1284.6666259765625,1272.3333740234375,1278.6666259765625,2773500
2015-11-13,1272.3333740234375,1284.6666259765625,1267.6666259765625,1281.0,3735600
2015-11-16,1266.6666259765625,1293.6666259765625,1264.0,1290.6666259765625,4031400
2015-11-17,1300.0,1303.0,1283.3333740234375,1283.3333740234375,4678500
2015-11-18,1293.6666259765625,1296.0,1280.0,1287.0,2880300
2015-11-19,1297.6666259765625,1301.3333740234375,1284.6666259765625,1294.3333740234375,3357900
2015-11-20,1300.0,1303.0,1285.3333740234375,1297.6666259765625,3369300
2015-11-24,1297.6666259765625,1303.0,1277.0,1289.6666259765625,4728900
2015-11-25,1283.3333740234375,1296.6666259765625,1283.3333740234375,1290.6666259765625,4024200
2015-11-26,1297.3333740234375,1306.3333740234375,1293.0,1298.6666259765625,4056600
2015-11-27,1306.3333740234375,1314.3333740234375,1292.6666259765625,1293.6666259765625,5177100
2015-11-30,1298.6666259765625,1303.3333740234375,1286.0,1286.6666259765625,4826400
2015-12-01,1305.0,1308.3333740234375,1297.3333740234375,1302.3333740234375,5082600
2015-12-02,1303.0,1303.3333740234375,1293.6666259765625,1297.6666259765625,3128700
2015-12-03,1306.6666259765625,1318.6666259765625,1300.0,1315.6666259765625,5163900
2015-12-04,1315.3333740234375,1316.3333740234375,1303.6666259765625,1309.3333740234375,6870900
2015-12-07,1326.6666259765625,1341.3333740234375,1305.0,1327.0,6152700
2015-12-08,1330.3333740234375,1341.3333740234375,1318.0,1319.6666259765625,5597100
2015-12-09,1326.0,1326.3333740234375,1295.0,1303.0,5371200
2015-12-10,1296.3333740234375,1306.0,1289.3333740234375,1303.0,5535300
2015-12-11,1313.3333740234375,1320.6666259765625,1310.0,1314.6666259765625,8251500
2015-12-14,1293.3333740234375,1310.6666259765625,1284.6666259765625,1307.6666259765625,3944100
2015-12-15,1301.6666259765625,1305.6666259765625,1275.3333740234375,1275.3333740234375,3736500
2015-12-16,1294.0,1304.6666259765625,1273.0,1303.6666259765625,4802700
2015-12-17,1331.6666259765625,1351.0,1325.3333740234375,1331.0,7560300
2015-12-18,1331.0,1354.6666259765625,1289.0,1289.0,6709200
2015-12-21,1289.0,1305.3333740234375,1266.6666259765625,1300.0,4732800
2015-12-22,1299.0,1299.0,1277.3333740234375,1280.0,3027300
2015-12-24,1310.0,1312.6666259765625,1276.6666259765625,1278.6666259765625,4834200
2015-12-25,1278.6666259765625,1278.6666259765625,1278.6666259765625,1278.6666259765625,0
2015-12-28,1262.3333740234375,1269.3333740234375,1249.3333740234375,1254.6666259765625,2911500
2015-12-29,1249.0,1263.0,1243.0,1259.3333740234375,2407500
2015-12-30,1261.6666259765625,1271.0,1258.6666259765625,1266.3333740234375,2463000
2016-01-04,1253.6666259765625,1265.3333740234375,1228.6666259765625,1233.3333740234375,3559500
2016-01-05,1251.6666259765625,1266.0,1241.0,1244.3333740234375,4010400
2016-01-06,1261.0,1271.3333740234375,1240.6666259765625,1250.3333740234375,5490300
2016-01-07,1256.6666259765625,1281.0,1250.0,1255.6666259765625,7091100
2016-01-08,1244.6666259765625,1284.0,1239.6666259765625,1256.3333740234375,7966500
2016-01-12,1226.6666259765625,1244.6666259765625,1214.0,1215.0,5966400
2016-01-13,1238.3333740234375,1242.0,1217.6666259765625,1230.6666259765625,5226000
2016-01-14,1206.0,1209.6666259765625,1180.6666259765625,1198.3333740234375,4288500
2016-01-15,1209.6666259765625,1221.6666259765625,1190.0,1198.0,3904500
2016-01-18,1174.6666259765625,1181.0,1160.0,1178.0,2902500
2016-01-19,1174.3333740234375,1180.3333740234375,1152.6666259765625,1162.0,3720000
2016-01-20,1167.3333740234375,1178.3333740234375,1134.6666259765625,1137.6666259765625,4625700
2016-01-21,1138.0,1145.0,1092.0,1095.6666259765625,5871900
2016-01-22,1116.6666259765625,1159.3333740234375,1108.0,1155.6666259765625,5422500
2016-01-25,1163.0,1178.6666259765625,1153.6666259765625,1175.3333740234375,3856800
2016-01-26,1156.3333740234375,1175.6666259765625,1154.3333740234375,1164.3333740234375,3081900
2016-01-27,1193.0,1202.6666259765625,1182.6666259765625,1197.6666259765625,3688200
2016-01-28,1203.6666259765625,1224.6666259765625,1192.3333740234375,1214.3333740234375,4319400
2016-01-29,1226.3333740234375,1297.3333740234375,1219.0,1279.0,7988400
2016-02-01,1278.3333740234375,1291.3333740234375,1268.0,1290.6666259765625,4105800
2016-02-02,1268.0,1306.3333740234375,1266.6666259765625,1304.0,3501000
2016-02-03,1280.6666259765625,1294.3333740234375,1267.0,1284.3333740234375,3261300
2016-02-04,1272.3333740234375,1274.3333740234375,1254.3333740234375,1262.3333740234375,2780700
2016-02-05,1236.0,1251.0,1224.3333740234375,1249.0,3007500
2016-02-08,1225.6666259765625,1251.0,1220.0,1245.3333740234375,3943200
2016-02-09,1205.6666259765625,1224.0,1201.0,1208.3333740234375,3898200
2016-02-10,1189.0,1191.0,1087.6666259765625,1111.3333740234375,10623000
2016-02-12,1089.0,1136.3333740234375,1087.6666259765625,1109.3333740234375,14417100
2016-02-15,1154.6666259765625,1192.3333740234375,1153.0,1180.6666259765625,6268500
2016-02-16,1155.0,1165.3333740234375,1136.6666259765625,1136.6666259765625,6351900
2016-02-17,1130.3333740234375,1142.3333740234375,1099.0,1109.3333740234375,7140600
2016-02-18,1132.6666259765625,1138.0,1123.6666259765625,1128.6666259765625,5098200
2016-02-19,1120.0,1133.3333740234375,1103.6666259765625,1120.0,5468100
2016-02-22,1136.0,1172.6666259765625,1131.0,1165.6666259765625,7362300
2016-02-23,1166.0,1174.0,1118.6666259765625,1127.6666259765625,5376000
2016-02-24,1116.6666259765625,1121.3333740234375,1098.6666259765625,1104.3333740234375,6556800
2016-02-25,1102.6666259765625,1121.6666259765625,1097.3333740234375,1116.6666259765625,8659800
2016-02-26,1126.3333740234375,1147.3333740234375,1121.6666259765625,1136.3333740234375,6216900
2016-02-29,1159.3333740234375,1160.3333740234375,1105.3333740234375,1105.3333740234375,7713900
2016-03-01,1103.0,1115.3333740234375,1095.6666259765625,1107.3333740234375,4834200
2016-03-02,1122.3333740234375,1140.3333740234375,1118.6666259765625,1131.6666259765625,6008700
2016-03-03,1109.0,1150.0,1104.3333740234375,1146.3333740234375,5547000
2016-03-04,1145.0,1155.3333740234375,1132.0,1150.0,5916300
2016-03-07,1145.0,1150.0,1122.3333740234375,1146.0,5885100
2016-03-08,1143.0,1158.3333740234375,1129.3333740234375,1138.3333740234375,6581400
2016-03-09,1127.3333740234375,1135.6666259765625,1115.6666259765625,1118.6666259765625,5504400
2016-03-10,1112.6666259765625,1117.0,1098.0,1114.3333740234375,8153700
2016-03-11,1110.0,1142.0,1102.3333740234375,1131.6666259765625,12105600
2016-03-14,1136.3333740234375,1147.6666259765625,1127.3333740234375,1141.3333740234375,5194200
2016-03-15,1150.0,1159.6666259765625,1136.6666259765625,1142.0,5015700
2016-03-16,1131.3333740234375,1151.0,1129.0,1142.0,3888600
2016-03-17,1140.0,1143.3333740234375,1111.3333740234375,1117.0,6018600
2016-03-18,1120.6666259765625,1124.0,1095.3333740234375,1102.3333740234375,6442200
2016-03-22,1113.3333740234375,1134.3333740234375,1106.3333740234375,1133.6666259765625,6655500
2016-03-23,1133.3333740234375,1141.6666259765625,1121.0,1123.3333740234375,4178400
2016-03-24,1136.0,1146.3333740234375,1130.0,1141.0,5295000
2016-03-25,1141.0,1158.6666259765625,1140.6666259765625,1141.6666259765625,3134700
2016-03-28,1158.3333740234375,1170.6666259765625,1149.3333740234375,1166.0,3744300
2016-03-29,1161.6666259765625,1178.0,1158.6666259765625,1171.3333740234375,3192600
2016-03-30,1165.3333740234375,1184.0,1162.3333740234375,1170.6666259765625,3569100
2016-03-31,1200.0,1200.0,1168.0,1169.0,6719400
2016-04-01,1156.6666259765625,1161.0,1117.0,1118.0,6885000
2016-04-04,1129.3333740234375,1150.3333740234375,1127.6666259765625,1136.0,4001700
2016-04-05,1132.6666259765625,1135.6666259765625,1098.6666259765625,1101.0,4580400
2016-04-06,1106.0,1116.3333740234375,1092.6666259765625,1110.0,3843900
2016-04-07,1108.0,1118.3333740234375,1094.3333740234375,1113.0,4052400
2016-04-08,1107.6666259765625,1142.3333740234375,1102.6666259765625,1128.6666259765625,5001900
2016-04-11,1129.3333740234375,1130.0,1115.0,1124.0,2760300
2016-04-12,1110.0,1133.3333740234375,1106.6666259765625,1118.3333740234375,3494700
2016-04-13,1125.6666259765625,1150.0,1120.0,1141.6666259765625,4234200
2016-04-14,1154.3333740234375,1177.0,1152.3333740234375,1177.0,5151000
2016-04-15,1169.0,1186.6666259765625,1162.0,1180.6666259765625,3959400
2016-04-18,1157.3333740234375,1171.3333740234375,1150.6666259765625,1162.3333740234375,4278600
2016-04-19,1191.3333740234375,1201.6666259765625,1180.0,1185.3333740234375,3813300
2016-04-20,1208.6666259765625,1210.6666259765625,1185.3333740234375,1191.0,4929600
2016-04-21,1214.3333740234375,1229.0,1198.3333740234375,1227.6666259765625,5223900
2016-04-22,1221.6666259765625,1229.3333740234375,1212.3333740234375,1228.6666259765625,5698500
2016-04-25,1227.3333740234375,1228.0,1210.3333740234375,1213.0,2892000
2016-04-26,1217.6666259765625,1227.0,1207.6666259765625,1220.3333740234375,2342100
2016-04-27,1229.6666259765625,1240.3333740234375,1216.0,1226.6666259765625,4048800
2016-04-28,1247.0,1247.0,1138.3333740234375,1169.6666259765625,5532000
2016-05-02,1146.3333740234375,1173.6666259765625,1146.3333740234375,1173.0,6867000
2016-05-06,1171.6666259765625,1182.3333740234375,1160.6666259765625,1174.3333740234375,4262700
2016-05-09,1174.3333740234375,1176.6666259765625,1154.3333740234375,1167.6666259765625,6585600
2016-05-10,1151.6666259765625,1197.6666259765625,1150.3333740234375,1192.3333740234375,5853600
2016-05-11,1200.0,1208.6666259765625,1177.0,1181.6666259765625,3669900
2016-05-12,1178.0,1192.3333740234375,1169.0,1188.3333740234375,3832800
2016-05-13,1200.3333740234375,1203.0,1180.6666259765625,1183.3333740234375,4533900
2016-05-16,1185.6666259765625,1201.6666259765625,1184.0,1187.6666259765625,2392800
2016-05-17,1200.6666259765625,1209.6666259765625,1191.6666259765625,1209.6666259765625,2638500
2016-05-18,1201.6666259765625,1224.6666259765625,1200.0,1209.3333740234375,3677100
2016-05-19,1213.6666259765625,1227.6666259765625,1206.6666259765625,1207.6666259765625,3156000
2016-05-20,1202.3333740234375,1212.6666259765625,1193.3333740234375,1203.3333740234375,4297200
2016-05-23,1198.0,1198.0,1177.3333740234375,1185.0,2509200
2016-05-24,1184.3333740234375,1189.6666259765625,1171.0,1173.3333740234375,2832300
2016-05-25,1204.0,1234.6666259765625,1186.3333740234375,1233.3333740234375,5960400
2016-05-26,1249.6666259765625,1257.3333740234375,1242.0,1245.6666259765625,4295100
2016-05-27,1245.3333740234375,1252.6666259765625,1234.0,1235.0,3168000
2016-05-30,1253.6666259765625,1256.6666259765625,1242.0,1253.3333740234375,2097000
2016-05-31,1247.0,1261.3333740234375,1242.0,1258.0,2696100
2016-06-01,1234.6666259765625,1246.0,1225.3333740234375,1228.3333740234375,3114600
2016-06-02,1228.3333740234375,1233.0,1203.3333740234375,1207.6666259765625,3388500
2016-06-03,1215.0,1219.6666259765625,1208.6666259765625,1218.3333740234375,2886300
2016-06-06,1189.0,1195.3333740234375,1168.3333740234375,1191.0,5791500
2016-06-07,1193.3333740234375,1197.3333740234375,1186.3333740234375,1192.0,3175200
2016-06-08,1197.3333740234375,1204.6666259765625,1188.6666259765625,1204.6666259765625,2683800
2016-06-09,1195.0,1200.0,1182.0,1190.6666259765625,3166800
2016-06-10,1198.3333740234375,1199.6666259765625,1182.6666259765625,1194.3333740234375,5703600
2016-06-13,1179.6666259765625,1190.6666259765625,1171.0,1177.0,4464900
2016-06-14,1173.0,1189.6666259765625,1160.0,1168.0,4135800
2016-06-15,1170.3333740234375,1181.0,1149.6666259765625,1155.0,4405800
2016-06-16,1149.6666259765625,1159.0,1123.3333740234375,1126.0,3821100
2016-06-17,1140.6666259765625,1148.0,1111.6666259765625,1112.3333740234375,4753200
2016-06-20,1123.3333740234375,1130.0,1114.3333740234375,1118.3333740234375,4610700
2016-06-21,1118.6666259765625,1142.0,1118.6666259765625,1140.3333740234375,3755400
2016-06-22,1140.0,1146.0,1130.3333740234375,1137.0,3507300
2016-06-23,1138.6666259765625,1140.0,1125.3333740234375,1128.0,2760600
2016-06-24,1133.3333740234375,1139.0,1042.3333740234375,1054.6666259765625,6749100
2016-06-27,1078.6666259765625,1107.6666259765625,1078.6666259765625,1103.0,4486200
2016-06-28,1073.0,1109.6666259765625,1073.0,1094.6666259765625,4504800
2016-06-29,1103.6666259765625,1105.3333740234375,1087.0,1092.6666259765625,3920400
2016-06-30,1110.0,1115.0,1101.6666259765625,1102.0,4645200
2016-07-01,1113.0,1120.0,1108.3333740234375,1116.0,3281700
2016-07-04,1111.6666259765625,1132.6666259765625,1111.6666259765625,1129.0,2944200
2016-07-05,1128.3333740234375,1131.6666259765625,1118.0,1125.6666259765625,2023800
2016-07-06,1115.0,1133.3333740234375,1111.6666259765625,1132.0,3837600
2016-07-07,1131.0,1153.0,1131.0,1140.6666259765625,4976100
2016-07-08,1150.0,1151.6666259765625,1117.3333740234375,1122.0,7205400
2016-07-11,1122.0,1122.0,1122.0,1122.0,0
2016-07-12,1171.3333740234375,1178.0,1152.0,1156.3333740234375,4380000
2016-07-13,1158.0,1163.3333740234375,1130.0,1134.0,6193800
2016-07-14,1143.6666259765625,1152.6666259765625,1139.0,1150.6666259765625,4471200
2016-07-15,1150.0,1152.6666259765625,1131.6666259765625,1134.3333740234375,5162100
2016-07-19,1146.3333740234375,1159.3333740234375,1134.0,1157.6666259765625,4615500
2016-07-20,1157.3333740234375,1159.6666259765625,1145.0,1158.3333740234375,3231600
2016-07-21,1178.0,1178.0,1162.3333740234375,1167.0,2895600
2016-07-22,1165.0,1172.0,1145.6666259765625,1152.3333740234375,3576000
2016-07-25,1151.6666259765625,1161.6666259765625,1137.3333740234375,1145.6666259765625,3816900
2016-07-26,1145.0,1154.0,1137.0,1146.3333740234375,3235500
2016-07-27,1181.6666259765625,1216.3333740234375,1181.0,1183.6666259765625,8378400
2016-07-28,1178.3333740234375,1185.3333740234375,1163.3333740234375,1180.6666259765625,4906800
2016-07-29,1180.6666259765625,1195.6666259765625,1148.6666259765625,1165.3333740234375,6326700
2016-08-01,1161.6666259765625,1169.0,1145.0,1157.6666259765625,3852900
2016-08-02,1147.0,1156.3333740234375,1131.6666259765625,1132.3333740234375,3577800
2016-08-03,1101.0,1114.6666259765625,1100.6666259765625,1102.3333740234375,5349900
2016-08-04,1113.3333740234375,1116.3333740234375,1063.3333740234375,1069.6666259765625,7041300
2016-08-05,1086.0,1108.0,1083.0,1106.6666259765625,7108500
2016-08-08,1108.0,1116.6666259765625,1102.0,1114.3333740234375,3652800
2016-08-09,1114.6666259765625,1130.3333740234375,1111.3333740234375,1127.0,3561600
2016-08-10,1133.3333740234375,1147.3333740234375,1122.0,1138.3333740234375,4026300
2016-08-12,1154.3333740234375,1155.0,1146.3333740234375,1152.0,4325700
2016-08-15,1152.6666259765625,1163.6666259765625,1145.6666259765625,1151.0,2825700
2016-08-16,1146.6666259765625,1146.6666259765625,1119.0,1123.6666259765625,3872100
2016-08-17,1119.0,1123.0,1101.6666259765625,1106.6666259765625,4768800
2016-08-18,1110.3333740234375,1113.0,1100.0,1100.0,4037100
2016-08-19,1100.0,1100.0,1077.0,1091.3333740234375,4155900
2016-08-22,1099.6666259765625,1101.0,1080.6666259765625,1088.0,5334900
2016-08-23,1090.3333740234375,1109.0,1087.6666259765625,1103.3333740234375,6448200
2016-08-24,1101.3333740234375,1108.6666259765625,1096.0,1103.3333740234375,5231400
2016-08-25,1105.0,1110.0,1100.3333740234375,1103.3333740234375,4787100
2016-08-26,1098.3333740234375,1109.3333740234375,1096.6666259765625,1104.0,5025600
2016-08-29,1118.6666259765625,1137.6666259765625,1106.0,1136.3333740234375,5883000
2016-08-30,1131.6666259765625,1134.3333740234375,1114.3333740234375,1115.3333740234375,3549300
2016-08-31,1121.0,1131.6666259765625,1113.3333740234375,1128.6666259765625,3891000
2016-09-01,1145.6666259765625,1155.6666259765625,1139.3333740234375,1151.3333740234375,3825300
2016-09-02,1151.3333740234375,1175.0,1150.0,1166.6666259765625,4536300
2016-09-05,1176.6666259765625,1177.6666259765625,1161.3333740234375,1167.0,2827500
2016-09-06,1172.3333740234375,1189.3333740234375,1169.6666259765625,1188.6666259765625,4618500
2016-09-07,1202.0,1213.3333740234375,1187.6666259765625,1192.6666259765625,5339400
2016-09-08,1189.6666259765625,1205.6666259765625,1181.6666259765625,1188.0,4443600
2016-09-09,1211.3333740234375,1212.3333740234375,1187.0,1187.0,6651000
2016-09-12,1175.3333740234375,1189.0,1164.6666259765625,1187.0,3752400
2016-09-13,1198.3333740234375,1205.3333740234375,1189.6666259765625,1194.3333740234375,3918300
2016-09-14,1194.0,1200.3333740234375,1188.6666259765625,1192.0,3283500
2016-09-15,1190.3333740234375,1201.0,1188.6666259765625,1192.0,4691100
2016-09-16,1198.3333740234375,1198.3333740234375,1178.0,1190.6666259765625,4618800
2016-09-20,1181.3333740234375,1188.6666259765625,1176.6666259765625,1185.6666259765625,5243100
2016-09-21,1175.0,1213.3333740234375,1175.0,1212.3333740234375,5780700
2016-09-23,1223.0,1235.3333740234375,1219.6666259765625,1232.0,5365200
2016-09-26,1229.0,1236.6666259765625,1217.3333740234375,1221.0,3868500
2016-09-27,1209.6666259765625,1232.0,1204.0,1232.0,5772000
2016-09-28,1239.6666259765625,1244.3333740234375,1228.3333740234375,1236.0,2990400
2016-09-29,1234.0,1238.3333740234375,1225.3333740234375,1233.0,3887400
2016-09-30,1218.3333740234375,1227.6666259765625,1214.6666259765625,1222.0,4690500
2016-10-03,1249.3333740234375,1279.3333740234375,1247.0,1266.0,5904900
2016-10-04,1266.6666259765625,1268.0,1253.3333740234375,1266.3333740234375,3883200
2016-10-05,1260.0,1266.3333740234375,1245.0,1245.3333740234375,4059300
2016-10-06,1237.6666259765625,1250.6666259765625,1229.3333740234375,1240.0,3720600
2016-10-07,1233.3333740234375,1237.0,1220.0,1235.3333740234375,3785700
2016-10-11,1236.0,1240.6666259765625,1230.0,1235.6666259765625,3426000
2016-10-12,1225.6666259765625,1234.6666259765625,1224.0,1224.0,4354800
2016-10-13,1220.6666259765625,1220.6666259765625,1197.6666259765625,1209.3333740234375,7527300
2016-10-14,1199.0,1209.3333740234375,1198.0,1200.6666259765625,8648700
2016-10-17,1197.0,1203.6666259765625,1196.3333740234375,1203.3333740234375,6880200
2016-10-18,1202.0,1222.0,1200.0,1221.3333740234375,5152200
2016-10-19,1218.3333740234375,1229.0,1216.3333740234375,1224.0,3406200
2016-10-20,1217.0,1224.0,1210.3333740234375,1224.0,4356300
2016-10-21,1228.6666259765625,1228.6666259765625,1209.6666259765625,1212.0,3195000
2016-10-24,1216.0,1219.0,1210.3333740234375,1218.6666259765625,3193800
2016-10-25,1218.6666259765625,1234.6666259765625,1215.3333740234375,1230.3333740234375,3502500
2016-10-26,1200.0,1222.3333740234375,1194.0,1205.6666259765625,7251900
2016-10-27,1216.3333740234375,1225.3333740234375,1209.0,1211.6666259765625,4597200
2016-10-28,1221.0,1229.3333740234375,1212.0,1226.3333740234375,6156000
2016-10-31,1227.6666259765625,1250.3333740234375,1226.3333740234375,1250.3333740234375,4995600
2016-11-01,1245.6666259765625,1248.3333740234375,1233.3333740234375,1248.3333740234375,3057000
2016-11-02,1242.6666259765625,1245.6666259765625,1230.6666259765625,1239.6666259765625,2856600
2016-11-04,1232.3333740234375,1236.6666259765625,1210.0,1216.3333740234375,5594100
2016-11-07,1226.6666259765625,1227.3333740234375,1204.6666259765625,1223.3333740234375,3633000
2016-11-08,1229.0,1229.0,1210.3333740234375,1218.3333740234375,2894400
2016-11-09,1227.6666259765625,1246.0,1165.3333740234375,1179.6666259765625,6189300
2016-11-10,1226.3333740234375,1226.3333740234375,1195.0,1220.3333740234375,5152200
2016-11-11,1213.3333740234375,1213.6666259765625,1188.0,1190.3333740234375,6620400
2016-11-14,1191.6666259765625,1202.6666259765625,1189.6666259765625,1196.0,4517700
2016-11-15,1201.0,1206.0,1182.3333740234375,1188.3333740234375,5073300
2016-11-16,1195.3333740234375,1200.6666259765625,1186.3333740234375,1194.0,4002000
2016-11-17,1191.6666259765625,1206.6666259765625,1191.6666259765625,1203.3333740234375,3117900
2016-11-18,1202.3333740234375,1215.0,1197.3333740234375,1209.3333740234375,3818700
2016-11-21,1209.6666259765625,1240.6666259765625,1203.0,1237.3333740234375,5895600
2016-11-22,1233.6666259765625,1244.0,1231.6666259765625,1236.6666259765625,3812400
2016-11-24,1228.3333740234375,1247.0,1226.3333740234375,1235.0,3968100
2016-11-25,1233.6666259765625,1238.0,1229.3333740234375,1235.3333740234375,3279000
2016-11-28,1240.6666259765625,1248.0,1234.6666259765625,1241.6666259765625,2763300
2016-11-29,1233.3333740234375,1242.3333740234375,1233.3333740234375,1237.3333740234375,4012200
2016-11-30,1240.3333740234375,1247.3333740234375,1234.3333740234375,1240.6666259765625,4666800
2016-12-01,1243.6666259765625,1246.6666259765625,1229.6666259765625,1233.3333740234375,4603500
2016-12-02,1222.3333740234375,1225.6666259765625,1202.6666259765625,1209.0,4978800
2016-12-05,1200.0,1209.3333740234375,1192.6666259765625,1196.0,4971900
2016-12-06,1200.0,1200.0,1188.3333740234375,1190.0,5269500
2016-12-07,1189.6666259765625,1191.3333740234375,1175.3333740234375,1178.3333740234375,5463600
2016-12-08,1190.0,1192.0,1178.3333740234375,1182.6666259765625,5322900
2016-12-09,1191.3333740234375,1205.0,1182.6666259765625,1198.3333740234375,9025800
2016-12-12,1206.6666259765625,1227.0,1204.3333740234375,1222.0,4986000
2016-12-13,1210.6666259765625,1228.0,1143.6666259765625,1165.6666259765625,16628100
2016-12-14,1166.6666259765625,1179.0,1118.3333740234375,1149.0,21035700
2016-12-15,1156.3333740234375,1158.0,1143.3333740234375,1143.3333740234375,9920700
2016-12-16,1157.0,1173.0,1150.3333740234375,1165.0,14571300
2016-12-19,1171.3333740234375,1174.0,1166.0,1171.6666259765625,6197400
2016-12-20,1185.0,1214.6666259765625,1182.3333740234375,1210.6666259765625,11211600
2016-12-21,1209.3333740234375,1239.6666259765625,1207.3333740234375,1224.6666259765625,9698100
2016-12-22,1234.3333740234375,1235.6666259765625,1213.6666259765625,1223.0,5965500
2016-12-26,1226.6666259765625,1244.3333740234375,1224.6666259765625,1240.3333740234375,4259400
2016-12-27,1238.6666259765625,1242.0,1231.0,1237.3333740234375,4854900
2016-12-28,1220.3333740234375,1232.6666259765625,1220.0,1231.3333740234375,4161600
2016-12-29,1233.0,1237.3333740234375,1226.3333740234375,1235.0,4145100
2016-12-30,1230.0,1236.0,1223.3333740234375,1230.0,3020700
2017-01-04,1238.6666259765625,1245.3333740234375,1235.6666259765625,1240.6666259765625,4630500
2017-01-05,1232.3333740234375,1244.6666259765625,1228.0,1236.6666259765625,3711900
2017-01-06,1241.6666259765625,1249.0,1237.0,1247.3333740234375,4200900
2017-01-10,1235.0,1242.3333740234375,1226.0,1236.0,5091600
2017-01-11,1246.6666259765625,1256.6666259765625,1239.0,1254.3333740234375,5213700
2017-01-12,1238.0,1252.3333740234375,1228.6666259765625,1234.6666259765625,4379700
2017-01-13,1246.0,1257.0,1239.0,1254.0,4836000
2017-01-16,1249.3333740234375,1260.6666259765625,1246.0,1254.3333740234375,5504100
2017-01-17,1261.0,1262.3333740234375,1243.0,1243.0,4327800
2017-01-18,1247.6666259765625,1257.3333740234375,1227.0,1235.6666259765625,4462200
2017-01-19,1239.3333740234375,1246.3333740234375,1237.6666259765625,1243.3333740234375,4314900
2017-01-20,1240.6666259765625,1245.3333740234375,1229.0,1238.3333740234375,4866600
2017-01-23,1227.0,1234.0,1222.0,1225.6666259765625,3778200
2017-01-24,1242.3333740234375,1257.3333740234375,1233.3333740234375,1250.0,5207400
2017-01-25,1266.6666259765625,1281.6666259765625,1266.3333740234375,1281.6666259765625,6597000
2017-01-26,1292.0,1304.6666259765625,1290.6666259765625,1303.0,7219800
2017-01-27,1306.6666259765625,1318.0,1298.6666259765625,1303.3333740234375,6247800
2017-01-30,1329.6666259765625,1344.6666259765625,1320.0,1336.0,7707300
2017-01-31,1327.3333740234375,1336.0,1322.3333740234375,1323.3333740234375,5504700
2017-02-01,1321.0,1333.3333740234375,1315.3333740234375,1324.0,5404800
2017-02-02,1320.3333740234375,1327.3333740234375,1314.0,1322.0,4496400
2017-02-03,1322.0,1349.6666259765625,1321.0,1335.0,3921000
2017-02-06,1321.6666259765625,1331.3333740234375,1316.3333740234375,1325.6666259765625,3255300
2017-02-07,1293.3333740234375,1311.6666259765625,1293.3333740234375,1303.3333740234375,5022900
2017-02-08,1316.3333740234375,1320.0,1307.0,1318.6666259765625,2520300
2017-02-09,1311.6666259765625,1316.6666259765625,1307.6666259765625,1312.6666259765625,3307800
2017-02-10,1336.0,1337.6666259765625,1323.6666259765625,1335.3333740234375,4784100
2017-02-13,1350.6666259765625,1360.0,1338.0,1352.6666259765625,5597700
2017-02-14,1347.0,1348.6666259765625,1307.0,1307.3333740234375,7559100
2017-02-15,1307.3333740234375,1315.3333740234375,1304.6666259765625,1307.3333740234375,4557300
2017-02-16,1323.3333740234375,1347.3333740234375,1318.0,1333.6666259765625,6339300
2017-02-17,1333.3333740234375,1378.0,1330.0,1376.0,8358900
2017-02-20,1367.0,1371.6666259765625,1348.0,1370.0,4011300
2017-02-21,1374.6666259765625,1374.6666259765625,1357.6666259765625,1366.3333740234375,4108800
2017-02-22,1356.3333740234375,1358.0,1329.6666259765625,1336.3333740234375,6799800
2017-02-23,1341.6666259765625,1347.6666259765625,1331.6666259765625,1343.3333740234375,3491400
2017-02-24,1343.0,1364.6666259765625,1340.0,1346.0,3327600
2017-02-27,1334.0,1350.3333740234375,1333.0,1342.0,4286700
2017-02-28,1343.0,1344.0,1320.6666259765625,1323.0,6993000
2017-03-01,1329.6666259765625,1343.0,1323.3333740234375,1333.0,3722700
2017-03-02,1356.3333740234375,1360.6666259765625,1343.0,1346.6666259765625,5817300
2017-03-03,1356.6666259765625,1358.3333740234375,1340.3333740234375,1344.0,3424800
2017-03-06,1345.3333740234375,1366.6666259765625,1344.6666259765625,1364.0,3241200
2017-03-07,1364.3333740234375,1372.0,1360.6666259765625,1365.3333740234375,4124400
2017-03-08,1365.0,1366.6666259765625,1347.0,1349.0,3655500
2017-03-09,1358.3333740234375,1358.3333740234375,1347.0,1350.6666259765625,2145300
2017-03-10,1364.3333740234375,1386.3333740234375,1360.6666259765625,1379.0,6894600
2017-03-13,1380.6666259765625,1389.6666259765625,1375.6666259765625,1382.0,2603100
2017-03-14,1374.0,1384.0,1373.3333740234375,1377.6666259765625,3076200
2017-03-15,1373.3333740234375,1382.6666259765625,1368.6666259765625,1380.0,3098400
2017-03-16,1367.3333740234375,1377.3333740234375,1361.3333740234375,1372.3333740234375,4115100
2017-03-17,1370.6666259765625,1383.0,1367.6666259765625,1379.3333740234375,3603300
2017-03-21,1375.3333740234375,1404.0,1373.3333740234375,1400.0,5109000
2017-03-22,1400.0,1407.6666259765625,1390.0,1393.3333740234375,6155100
2017-03-23,1412.6666259765625,1431.6666259765625,1406.0,1429.3333740234375,6792000
2017-03-24,1419.3333740234375,1427.6666259765625,1413.3333740234375,1422.3333740234375,6215700
2017-03-27,1408.6666259765625,1418.3333740234375,1397.3333740234375,1413.0,4168500
2017-03-28,1411.0,1428.6666259765625,1401.0,1424.0,5171100
2017-03-29,1424.0,1436.0,1416.0,1428.6666259765625,3867900
2017-03-30,1426.6666259765625,1435.3333740234375,1415.0,1418.0,3675900
2017-03-31,1421.6666259765625,1423.3333740234375,1402.3333740234375,1402.6666259765625,4462800
2017-04-03,1401.6666259765625,1420.6666259765625,1398.6666259765625,1415.6666259765625,3444600
2017-04-04,1421.0,1432.3333740234375,1413.0,1420.6666259765625,5158200
2017-04-05,1435.6666259765625,1441.0,1414.0,1417.6666259765625,4260900
2017-04-06,1411.6666259765625,1413.3333740234375,1395.3333740234375,1404.0,6172200
2017-04-07,1427.3333740234375,1439.6666259765625,1418.0,1435.0,8316300
2017-04-10,1448.0,1454.6666259765625,1433.6666259765625,1444.0,7290600
2017-04-11,1437.6666259765625,1438.6666259765625,1415.0,1425.6666259765625,5664600
2017-04-12,1416.0,1426.3333740234375,1407.3333740234375,1426.3333740234375,4948800
2017-04-13,1430.3333740234375,1437.6666259765625,1421.3333740234375,1430.3333740234375,5092200
2017-04-14,1443.3333740234375,1443.3333740234375,1420.3333740234375,1429.0,5409000
2017-04-17,1424.6666259765625,1453.6666259765625,1422.6666259765625,1453.0,3571200
2017-04-18,1435.6666259765625,1436.0,1412.6666259765625,1429.3333740234375,5804400
2017-04-19,1420.3333740234375,1433.0,1408.3333740234375,1411.0,6068700
2017-04-20,1402.0,1402.0,1373.6666259765625,1379.0,7949400
2017-04-21,1384.6666259765625,1392.6666259765625,1383.3333740234375,1390.6666259765625,5721900
2017-04-24,1408.0,1421.3333740234375,1400.3333740234375,1415.3333740234375,4194300
2017-04-25,1412.3333740234375,1419.6666259765625,1407.3333740234375,1414.6666259765625,4170000
2017-04-26,1423.3333740234375,1423.3333740234375,1405.0,1409.6666259765625,4996500
2017-04-27,1408.3333740234375,1438.6666259765625,1407.0,1428.6666259765625,6212100
2017-04-28,1425.0,1427.3333740234375,1398.0,1401.6666259765625,5704200
2017-05-01,1420.3333740234375,1422.6666259765625,1407.6666259765625,1413.6666259765625,3901800
2017-05-02,1408.0,1420.6666259765625,1401.3333740234375,1406.6666259765625,3993600
2017-05-08,1430.0,1458.6666259765625,1421.6666259765625,1458.6666259765625,8028000
2017-05-09,1463.6666259765625,1466.0,1456.0,1461.6666259765625,3599100
2017-05-10,1460.6666259765625,1468.6666259765625,1453.3333740234375,1463.6666259765625,3618300
2017-05-11,1466.0,1470.3333740234375,1461.6666259765625,1466.0,3099600
2017-05-12,1465.6666259765625,1473.3333740234375,1457.0,1466.6666259765625,5411400
2017-05-15,1452.0,1475.6666259765625,1446.3333740234375,1471.6666259765625,5559600
2017-05-16,1511.3333740234375,1528.3333740234375,1496.6666259765625,1511.3333740234375,7218000
2017-05-17,1500.0,1510.3333740234375,1492.0,1509.3333740234375,4708500
2017-05-18,1493.6666259765625,1504.6666259765625,1486.0,1493.0,4904700
2017-05-19,1492.0,1499.3333740234375,1481.6666259765625,1488.3333740234375,3212700
2017-05-22,1488.3333740234375,1494.0,1482.0,1483.6666259765625,2820300
2017-05-23,1464.3333740234375,1483.3333740234375,1462.0,1475.0,4080300
2017-05-24,1478.6666259765625,1487.6666259765625,1475.0,1484.3333740234375,4305600
2017-05-25,1476.6666259765625,1482.3333740234375,1465.0,1471.6666259765625,5667600
2017-05-26,1473.0,1482.6666259765625,1472.0,1477.3333740234375,2496600
2017-05-29,1475.6666259765625,1498.3333740234375,1474.3333740234375,1494.6666259765625,2855100
2017-05-30,1492.3333740234375,1495.6666259765625,1469.3333740234375,1477.0,4209900
2017-05-31,1471.3333740234375,1475.6666259765625,1465.6666259765625,1473.6666259765625,5630700
2017-06-01,1475.0,1505.3333740234375,1474.0,1504.0,5135700
2017-06-02,1496.0,1498.0,1472.3333740234375,1488.3333740234375,6975300
2017-06-05,1475.0,1504.6666259765625,1475.0,1500.0,4629300
2017-06-06,1510.6666259765625,1525.6666259765625,1504.3333740234375,1517.6666259765625,6813600
2017-06-07,1516.6666259765625,1523.0,1512.3333740234375,1517.0,4243500
2017-06-08,1511.0,1514.0,1491.3333740234375,1493.0,4769100
2017-06-09,1489.3333740234375,1491.6666259765625,1460.3333740234375,1462.3333740234375,6713400
2017-06-12,1467.6666259765625,1480.6666259765625,1464.6666259765625,1475.3333740234375,4110300
2017-06-13,1475.3333740234375,1481.6666259765625,1473.3333740234375,1476.6666259765625,3185700
2017-06-14,1475.3333740234375,1478.3333740234375,1468.0,1474.3333740234375,3078900
2017-06-15,1466.6666259765625,1477.6666259765625,1457.6666259765625,1462.3333740234375,3060600
2017-06-16,1470.0,1473.3333740234375,1455.6666259765625,1457.3333740234375,4864200
2017-06-19,1451.0,1461.0,1445.6666259765625,1448.6666259765625,4089600
2017-06-20,1450.0,1457.3333740234375,1444.0,1447.0,5186400
2017-06-21,1444.3333740234375,1445.0,1426.3333740234375,1433.6666259765625,5146500
2017-06-22,1432.0,1446.0,1427.0,1439.3333740234375,4305600
2017-06-23,1434.6666259765625,1437.3333740234375,1421.6666259765625,1427.0,3406500
2017-06-26,1426.3333740234375,1432.6666259765625,1422.3333740234375,1427.6666259765625,2940600
2017-06-27,1424.3333740234375,1432.6666259765625,1415.6666259765625,1424.6666259765625,4116600
2017-06-28,1413.3333740234375,1430.6666259765625,1412.6666259765625,1417.0,4708500
2017-06-29,1421.0,1421.0,1409.6666259765625,1415.6666259765625,3825900
2017-06-30,1411.3333740234375,1413.6666259765625,1396.6666259765625,1409.3333740234375,5545200
2017-07-03,1417.3333740234375,1441.3333740234375,1412.3333740234375,1433.3333740234375,5610600
2017-07-04,1439.6666259765625,1442.6666259765625,1421.3333740234375,1426.3333740234375,3723900
2017-07-05,1426.6666259765625,1431.0,1418.6666259765625,1428.6666259765625,3526800
2017-07-06,1435.0,1457.3333740234375,1433.3333740234375,1439.3333740234375,5112300
2017-07-07,1438.6666259765625,1452.3333740234375,1436.6666259765625,1450.6666259765625,4788300
2017-07-10,1457.0,1462.0,1455.3333740234375,1459.3333740234375,3472800
2017-07-11,1459.0,1480.3333740234375,1458.6666259765625,1479.3333740234375,3381300
2017-07-12,1474.6666259765625,1475.3333740234375,1445.0,1449.3333740234375,4445400
2017-07-13,1451.3333740234375,1461.3333740234375,1448.0,1454.0,3280800
2017-07-14,1461.0,1469.3333740234375,1458.3333740234375,1458.6666259765625,3150900
2017-07-17,1458.6666259765625,1458.6666259765625,1458.6666259765625,1458.6666259765625,0
2017-07-18,1458.0,1461.3333740234375,1443.3333740234375,1448.6666259765625,3411600
2017-07-19,1447.6666259765625,1468.6666259765625,1446.0,1461.6666259765625,2694000
2017-07-20,1461.6666259765625,1482.3333740234375,1460.6666259765625,1478.3333740234375,3253200
2017-07-21,1470.0,1488.0,1465.0,1482.6666259765625,2856600
2017-07-24,1479.6666259765625,1480.0,1463.6666259765625,1473.0,2246400
2017-07-25,1472.0,1486.6666259765625,1470.0,1470.6666259765625,2942100
2017-07-26,1494.0,1502.3333740234375,1479.6666259765625,1485.0,6259200
2017-07-27,1484.3333740234375,1506.3333740234375,1479.3333740234375,1498.3333740234375,3343500
2017-07-28,1499.3333740234375,1502.0,1493.6666259765625,1501.6666259765625,2920800
2017-07-31,1493.0,1502.3333740234375,1491.0,1499.6666259765625,3461700
2017-08-01,1491.0,1509.6666259765625,1490.6666259765625,1509.6666259765625,2917800
2017-08-02,1513.3333740234375,1522.3333740234375,1502.3333740234375,1519.0,3241500
2017-08-03,1520.0,1520.3333740234375,1510.0,1516.0,3333600
2017-08-04,1530.6666259765625,1552.3333740234375,1519.0,1544.0,6480900
2017-08-07,1544.0,1552.3333740234375,1532.0,1551.0,3412500
2017-08-08,1541.3333740234375,1550.0,1540.3333740234375,1542.0,3348600
2017-08-09,1541.3333740234375,1549.3333740234375,1537.0,1543.0,4358100
2017-08-10,1549.3333740234375,1552.3333740234375,1541.6666259765625,1549.3333740234375,3767100
2017-08-11,1549.3333740234375,1549.3333740234375,1549.3333740234375,1549.3333740234375,0
2017-08-14,1553.3333740234375,1565.0,1548.0,1560.3333740234375,4678200
2017-08-15,1566.6666259765625,1567.0,1552.6666259765625,1553.0,3718800
2017-08-16,1551.6666259765625,1562.0,1539.3333740234375,1549.6666259765625,3470400
2017-08-17,1543.3333740234375,1543.3333740234375,1530.0,1534.6666259765625,2514600
2017-08-18,1534.0,1564.6666259765625,1532.0,1558.6666259765625,4791900
2017-08-21,1570.3333740234375,1572.6666259765625,1544.3333740234375,1548.3333740234375,3616800
2017-08-22,1547.0,1547.6666259765625,1536.3333740234375,1541.0,2194800
2017-08-23,1557.6666259765625,1561.3333740234375,1543.0,1550.0,2566200
2017-08-24,1541.0,1547.0,1538.3333740234375,1545.6666259765625,1969800
2017-08-25,1537.6666259765625,1544.3333740234375,1514.6666259765625,1534.6666259765625,2783100
2017-08-28,1549.3333740234375,1552.3333740234375,1539.0,1545.3333740234375,2879400
2017-08-29,1554.3333740234375,1571.6666259765625,1554.3333740234375,1563.3333740234375,4155900
2017-08-30,1580.0,1595.6666259765625,1577.3333740234375,1594.6666259765625,4042200
2017-08-31,1600.0,1600.0,1587.3333740234375,1596.3333740234375,3196500
2017-09-01,1600.0,1603.3333740234375,1578.3333740234375,1584.3333740234375,1965900
2017-09-04,1584.3333740234375,1587.0,1569.6666259765625,1578.3333740234375,2501100
2017-09-05,1569.3333740234375,1576.6666259765625,1553.0,1557.3333740234375,2309400
2017-09-06,1559.0,1577.3333740234375,1549.3333740234375,1575.0,3914400
2017-09-07,1577.3333740234375,1590.3333740234375,1566.6666259765625,1570.0,3313800
2017-09-08,1546.6666259765625,1552.3333740234375,1530.0,1536.6666259765625,9291000
2017-09-11,1538.3333740234375,1539.0,1521.3333740234375,1528.6666259765625,4327800
2017-09-12,1536.6666259765625,1556.3333740234375,1528.6666259765625,1553.0,4187700
2017-09-13,1548.3333740234375,1549.6666259765625,1539.3333740234375,1541.3333740234375,2577900
2017-09-14,1535.0,1542.3333740234375,1526.3333740234375,1530.0,3936600
2017-09-15,1532.6666259765625,1536.6666259765625,1515.3333740234375,1520.0,5592600
2017-09-18,1520.0,1520.0,1520.0,1520.0,0
2017-09-19,1518.0,1531.3333740234375,1516.0,1528.0,5004600
2017-09-20,1516.6666259765625,1521.3333740234375,1504.6666259765625,1509.0,4517400
2017-09-21,1508.0,1519.3333740234375,1506.6666259765625,1513.0,4163700
2017-09-22,1526.3333740234375,1535.0,1520.0,1531.3333740234375,5410800
2017-09-25,1531.3333740234375,1533.3333740234375,1517.0,1525.6666259765625,3283200
2017-09-26,1517.6666259765625,1531.0,1511.0,1530.0,4290600
2017-09-27,1524.6666259765625,1528.3333740234375,1507.3333740234375,1515.3333740234375,2701500
2017-09-28,1511.0,1524.0,1509.0,1518.6666259765625,3882900
2017-09-29,1515.3333740234375,1521.0,1505.3333740234375,1518.6666259765625,4767300
2017-10-02,1518.6666259765625,1521.6666259765625,1506.0,1509.3333740234375,3096300
2017-10-03,1509.3333740234375,1526.6666259765625,1506.3333740234375,1523.3333740234375,3606300
2017-10-04,1543.3333740234375,1573.0,1532.3333740234375,1564.6666259765625,6801600
2017-10-05,1622.0,1662.3333740234375,1615.0,1651.6666259765625,14148900
2017-10-06,1651.6666259765625,1654.0,1632.0,1636.6666259765625,5574000
2017-10-09,1636.6666259765625,1636.6666259765625,1636.6666259765625,1636.6666259765625,0
2017-10-10,1629.3333740234375,1657.6666259765625,1629.0,1648.3333740234375,4303500
2017-10-11,1639.6666259765625,1649.0,1632.6666259765625,1640.3333740234375,3790800
2017-10-12,1632.0,1641.0,1625.3333740234375,1637.6666259765625,4278900
2017-10-13,1639.0,1679.6666259765625,1638.6666259765625,1667.3333740234375,10280400
2017-10-16,1670.0,1685.6666259765625,1662.3333740234375,1670.0,6948600
2017-10-17,1675.0,1675.6666259765625,1659.0,1661.3333740234375,3410100
2017-10-18,1664.6666259765625,1673.6666259765625,1657.0,1663.0,3168900
2017-10-19,1669.0,1684.6666259765625,1663.0,1679.0,3213000
2017-10-20,1670.6666259765625,1685.0,1668.0,1675.3333740234375,2982300
2017-10-23,1690.0,1700.0,1683.6666259765625,1698.3333740234375,4360500
2017-10-24,1700.0,1705.0,1689.6666259765625,1696.0,3011100
2017-10-25,1698.6666259765625,1711.3333740234375,1687.6666259765625,1705.0,3819000
2017-10-26,1701.3333740234375,1715.3333740234375,1696.6666259765625,1703.3333740234375,2412000
2017-10-27,1716.6666259765625,1716.6666259765625,1698.0,1714.3333740234375,2256900
2017-10-30,1704.6666259765625,1708.0,1699.6666259765625,1704.3333740234375,3834600
2017-10-31,1701.0,1721.6666259765625,1693.6666259765625,1720.3333740234375,3601200
2017-11-01,1734.0,1736.3333740234375,1721.3333740234375,1732.3333740234375,2859900
2017-11-02,1746.3333740234375,1749.3333740234375,1730.3333740234375,1745.0,3963000
2017-11-03,1745.0,1745.0,1745.0,1745.0,0
2017-11-06,1833.3333740234373,1836.6666259765625,1775.3333740234375,1793.3333740234375,7424700
2017-11-07,1733.3333740234375,1781.0,1718.6666259765625,1776.6666259765625,8301000
2017-11-08,1775.6666259765625,1780.6666259765625,1758.6666259765625,1779.0,3726900
2017-11-09,1775.0,1808.3333740234373,1756.0,1773.6666259765625,4589400
2017-11-10,1756.3333740234375,1786.6666259765625,1756.3333740234375,1783.3333740234375,4487700
2017-11-13,1778.3333740234375,1789.3333740234375,1768.3333740234375,1768.6666259765625,2536200
2017-11-14,1771.0,1791.0,1767.0,1778.6666259765625,3642600
2017-11-15,1767.6666259765625,1791.6666259765625,1764.3333740234375,1776.3333740234375,4191900
2017-11-16,1763.3333740234375,1790.0,1760.6666259765625,1786.6666259765625,3952200
2017-11-17,1827.3333740234373,1840.3333740234373,1808.0,1827.6666259765625,8171100
2017-11-20,1823.6666259765625,1846.0,1817.0,1844.6666259765625,5263200
2017-11-21,1851.6666259765625,1862.6666259765625,1847.3333740234373,1856.3333740234373,4901700
2017-11-22,1873.6666259765625,1878.3333740234373,1868.0,1873.3333740234373,5020500
2017-11-23,1873.3333740234373,1873.3333740234373,1873.3333740234373,1873.3333740234373,0
2017-11-24,1852.0,1868.6666259765625,1849.6666259765625,1866.0,3372900
2017-11-27,1865.3333740234373,1866.3333740234373,1837.0,1843.0,3859500
2017-11-28,1846.6666259765625,1868.6666259765625,1845.3333740234373,1865.0,3247800
2017-11-29,1882.3333740234373,1882.3333740234373,1858.6666259765625,1862.0,2804100
2017-11-30,1883.0,1913.0,1863.0,1902.3333740234373,6904200
2017-12-01,1909.6666259765625,1916.0,1873.0,1885.0,4239900
2017-12-04,1904.3333740234373,1905.3333740234373,1882.3333740234373,1884.0,3039600
2017-12-05,1907.6666259765625,1908.0,1868.0,1870.3333740234373,5166300
2017-12-06,1879.0,1894.0,1862.6666259765625,1876.0,6197100
2017-12-07,1878.6666259765625,1908.3333740234373,1876.0,1905.6666259765625,4610100
2017-12-08,1903.6666259765625,1910.3333740234373,1879.6666259765625,1908.3333740234373,8214600
2017-12-11,1909.3333740234373,1915.3333740234373,1894.0,1914.3333740234373,3473700
2017-12-12,1916.6666259765625,1929.3333740234373,1913.6666259765625,1921.0,2868300
2017-12-13,1916.6666259765625,1922.3333740234373,1903.3333740234373,1909.6666259765625,3804600
2017-12-14,1904.3333740234373,1910.0,1897.0,1906.6666259765625,2535000
2017-12-15,1910.0,1918.0,1893.6666259765625,1903.3333740234373,3451500
2017-12-18,1924.0,1942.3333740234373,1907.6666259765625,1936.6666259765625,4039500
2017-12-19,1926.6666259765625,1929.6666259765625,1913.3333740234373,1913.3333740234373,2761500
2017-12-20,1906.6666259765625,1906.6666259765625,1890.3333740234373,1896.0,3956100
2017-12-21,1891.6666259765625,1909.0,1886.3333740234373,1908.3333740234373,2828700
2017-12-22,1900.0,1923.0,1899.6666259765625,1917.3333740234373,3648000
2017-12-25,1897.0,1920.6666259765625,1897.0,1916.6666259765625,2081100
2017-12-26,1917.0,1920.3333740234373,1906.0,1907.0,2623800
2017-12-27,1893.0,1899.3333740234373,1882.6666259765625,1886.3333740234373,2377200
2017-12-28,1888.3333740234373,1895.0,1870.3333740234373,1873.3333740234373,2170500
2017-12-29,1874.3333740234373,1875.3333740234373,1858.3333740234373,1863.3333740234373,1948200
2018-01-01,1863.3333740234373,1863.3333740234373,1863.3333740234373,1863.3333740234373,0
2018-01-02,1863.3333740234373,1863.3333740234373,1863.3333740234373,1863.3333740234373,0
2018-01-03,1863.3333740234373,1863.3333740234373,1863.3333740234373,1863.3333740234373,0
2018-01-04,1877.6666259765625,1896.3333740234373,1864.0,1895.6666259765625,4045500
2018-01-05,1962.3333740234373,2002.3333740234373,1938.6666259765625,1987.0,11439300
2018-01-08,1987.0,1987.0,1987.0,1987.0,0
2018-01-09,2000.0,2025.3333740234373,1992.0,2017.6666259765625,9155400
2018-01-10,2002.0,2002.3333740234373,1934.0,1938.3333740234373,6681900
2018-01-11,1928.0,1928.0,1890.0,1897.6666259765625,5695500
2018-01-12,1878.0,1886.3333740234373,1848.3333740234373,1873.3333740234373,6409200
2018-01-15,1875.6666259765625,1882.3333740234373,1843.3333740234373,1844.0,4593600
2018-01-16,1863.3333740234373,1888.0,1858.6666259765625,1874.6666259765625,3230100
2018-01-17,1876.6666259765625,1892.6666259765625,1872.3333740234373,1880.3333740234373,3971100
2018-01-18,1890.0,1890.0,1847.0,1851.0,5781600
2018-01-19,1880.3333740234373,1920.3333740234373,1870.3333740234373,1906.3333740234373,5158800
2018-01-22,1898.3333740234373,1909.3333740234373,1875.3333740234373,1900.6666259765625,3236100
2018-01-23,1910.0,1915.3333740234373,1902.0,1912.6666259765625,3114900
2018-01-24,1921.6666259765625,1932.0,1917.0,1929.0,3354000
2018-01-25,1929.0,1932.3333740234373,1910.3333740234373,1924.0,3724200
2018-01-26,1934.6666259765625,1943.3333740234373,1918.0,1921.0,3224700
2018-01-29,1917.3333740234373,1920.3333740234373,1874.6666259765625,1876.6666259765625,3254700
2018-01-30,1866.6666259765625,1875.3333740234373,1846.3333740234373,1852.0,3930600
2018-01-31,1865.0,1873.6666259765625,1827.3333740234373,1830.3333740234373,5246700
2018-02-01,1836.6666259765625,1891.3333740234373,1834.0,1889.0,4461300
2018-02-02,1877.6666259765625,1913.0,1874.0,1904.0,3822900
2018-02-05,1873.3333740234373,1883.0,1827.0,1828.3333740234373,3827700
2018-02-06,1754.6666259765625,1764.3333740234375,1699.0,1733.6666259765625,7362300
2018-02-07,1763.3333740234375,1823.0,1763.3333740234375,1766.6666259765625,6556500
2018-02-08,1771.0,1805.6666259765625,1767.6666259765625,1800.6666259765625,4732800
2018-02-09,1767.3333740234375,1811.3333740234373,1763.3333740234375,1807.3333740234373,7926300
2018-02-12,1807.3333740234373,1807.3333740234373,1807.3333740234373,1807.3333740234373,0
2018-02-13,1802.0,1809.0,1781.0,1801.6666259765625,6291300
2018-02-14,1801.6666259765625,1828.3333740234373,1799.3333740234375,1816.3333740234373,4722900
2018-02-15,1833.3333740234373,1837.3333740234373,1808.6666259765625,1818.0,4164600
2018-02-16,1849.6666259765625,1905.0,1823.3333740234373,1897.0,7198500
2018-02-19,1897.0,1905.0,1878.6666259765625,1892.3333740234373,4168500
2018-02-20,1883.0,1894.0,1848.0,1851.6666259765625,3600000
2018-02-21,1842.3333740234373,1852.3333740234373,1828.6666259765625,1835.0,4029300
2018-02-22,1823.6666259765625,1837.6666259765625,1812.0,1833.0,4720800
2018-02-23,1834.6666259765625,1835.3333740234373,1821.0,1833.3333740234373,2364300
2018-02-26,1845.3333740234373,1850.6666259765625,1823.6666259765625,1839.3333740234373,3019800
2018-02-27,1851.0,1874.0,1840.3333740234373,1862.0,3796800
2018-02-28,1847.6666259765625,1860.3333740234373,1829.0,1830.3333740234373,3916800
2018-03-01,1830.6666259765625,1846.0,1829.3333740234373,1837.0,3786000
2018-03-02,1817.6666259765625,1832.6666259765625,1797.6666259765625,1812.3333740234373,5434200
2018-03-05,1800.0,1818.0,1790.0,1815.6666259765625,4255800
2018-03-06,1831.3333740234373,1845.3333740234373,1816.6666259765625,1838.3333740234373,3764100
2018-03-07,1834.0,1853.3333740234373,1828.3333740234373,1838.3333740234373,4873200
2018-03-08,1844.3333740234373,1845.0,1823.6666259765625,1834.0,4064400
2018-03-09,1846.6666259765625,1902.6666259765625,1846.0,1865.3333740234373,8159700
2018-03-12,1890.0,1892.0,1848.3333740234373,1870.3333740234373,3258600
2018-03-13,1867.3333740234373,1886.0,1859.3333740234373,1885.6666259765625,2405400
2018-03-14,1880.0,1898.0,1877.3333740234373,1895.0,2471100
2018-03-15,1866.6666259765625,1895.3333740234373,1854.0,1893.6666259765625,4105800
2018-03-16,1892.6666259765625,1898.0,1880.6666259765625,1883.6666259765625,5046900
2018-03-19,1874.6666259765625,1877.6666259765625,1845.6666259765625,1852.0,2428800
2018-03-20,1833.6666259765625,1839.6666259765625,1809.6666259765625,1828.3333740234373,3536400
2018-03-21,1828.3333740234373,1828.3333740234373,1828.3333740234373,1828.3333740234373,0
2018-03-22,1828.6666259765625,1870.3333740234373,1826.6666259765625,1865.3333740234373,3685800
2018-03-23,1822.6666259765625,1827.0,1794.6666259765625,1797.3333740234375,6561900
2018-03-26,1778.3333740234375,1816.6666259765625,1769.0,1816.6666259765625,4340100
2018-03-27,1822.3333740234373,1856.0,1817.3333740234373,1855.3333740234373,5354700
2018-03-28,1838.0,1846.3333740234373,1816.0,1832.3333740234373,3693300
2018-03-29,1865.0,1896.6666259765625,1862.3333740234373,1896.6666259765625,4779900
2018-03-30,1908.6666259765625,1909.0,1878.6666259765625,1889.0,3482100
2018-04-02,1894.0,1899.0,1875.3333740234373,1875.3333740234373,2251500
2018-04-03,1859.0,1897.0,1858.0,1892.6666259765625,3126000
2018-04-04,1895.0,1906.6666259765625,1873.3333740234373,1899.0,3621300
2018-04-05,1911.3333740234373,1930.0,1899.0,1921.3333740234373,3350700
2018-04-06,1919.3333740234373,1936.3333740234373,1911.0,1918.3333740234373,3650100
2018-04-09,1921.0,1953.3333740234373,1920.6666259765625,1942.0,2700900
2018-04-10,1934.0,1959.6666259765625,1916.3333740234373,1916.3333740234373,4282200
2018-04-11,1905.6666259765625,1908.0,1864.3333740234373,1874.6666259765625,3807600
2018-04-12,1876.6666259765625,1887.3333740234373,1868.6666259765625,1880.0,2590800
2018-04-13,1874.6666259765625,1875.3333740234373,1838.3333740234373,1847.0,4362900
2018-04-16,1854.3333740234373,1859.0,1831.0,1836.3333740234373,3409800
2018-04-17,1832.3333740234373,1848.3333740234373,1824.3333740234373,1828.3333740234373,3519900
2018-04-18,1835.3333740234373,1846.6666259765625,1821.6666259765625,1829.0,4930800
2018-04-19,1829.0,1845.6666259765625,1824.0,1832.6666259765625,3863100
2018-04-20,1828.0,1838.3333740234373,1820.0,1826.6666259765625,3669300
2018-04-23,1828.0,1845.0,1810.0,1812.6666259765625,3611400
2018-04-24,1820.0,1824.0,1801.3333740234375,1803.6666259765625,3742500
2018-04-25,1799.0,1818.0,1795.6666259765625,1811.6666259765625,3856500
2018-04-26,1820.6666259765625,1839.0,1805.0,1835.0,3788100
2018-04-27,1846.0,1859.0,1838.3333740234373,1845.3333740234373,4401900
2018-04-30,1845.3333740234373,1845.3333740234373,1845.3333740234373,1845.3333740234373,0
2018-05-01,1856.6666259765625,1887.3333740234373,1846.3333740234373,1873.3333740234373,4589400
2018-05-02,1866.6666259765625,1869.0,1853.0,1862.3333740234373,3812400
2018-05-03,1862.3333740234373,1862.3333740234373,1862.3333740234373,1862.3333740234373,0
2018-05-04,1862.3333740234373,1862.3333740234373,1862.3333740234373,1862.3333740234373,0
2018-05-07,1849.0,1855.0,1827.6666259765625,1830.6666259765625,3489000
2018-05-08,1838.3333740234373,1844.6666259765625,1824.6666259765625,1836.6666259765625,4149600
2018-05-09,1970.0,1993.3333740234373,1945.0,1968.0,9666900
2018-05-10,1968.0,1973.0,1938.3333740234373,1948.3333740234373,4263300
2018-05-11,1977.6666259765625,2023.0,1960.0,2014.6666259765625,8134200
2018-05-14,2000.0,2002.3333740234373,1967.6666259765625,1971.0,4295100
2018-05-15,1970.6666259765625,1978.6666259765625,1936.3333740234373,1937.6666259765625,8482200
2018-05-16,1937.6666259765625,1952.3333740234373,1916.6666259765625,1945.3333740234373,7500000
2018-05-17,1945.3333740234373,1946.6666259765625,1926.6666259765625,1936.6666259765625,3578700
2018-05-18,1942.0,1943.3333740234373,1927.6666259765625,1936.0,2502000
2018-05-21,1925.6666259765625,1934.6666259765625,1918.3333740234373,1920.0,2601000
2018-05-22,1925.0,1929.0,1903.0,1909.0,3280500
2018-05-23,1903.3333740234373,1916.0,1888.3333740234373,1894.0,4823100
2018-05-24,1883.3333740234373,1899.3333740234373,1863.3333740234373,1875.0,4360500
2018-05-25,1871.6666259765625,1880.0,1867.3333740234373,1876.3333740234373,3819000
2018-05-28,1922.0,1927.3333740234373,1913.3333740234373,1920.0,3400200
2018-05-29,1904.0,1909.3333740234373,1889.6666259765625,1897.0,3396600
2018-05-30,1874.3333740234373,1880.0,1855.3333740234373,1865.0,3739500
2018-05-31,1871.3333740234373,1905.6666259765625,1867.3333740234373,1898.6666259765625,11834700
2018-06-01,1865.3333740234373,1883.6666259765625,1856.6666259765625,1866.6666259765625,4994700
2018-06-04,1877.0,1879.6666259765625,1864.6666259765625,1866.3333740234373,3447000
2018-06-05,1877.3333740234373,1891.0,1876.3333740234373,1880.3333740234373,3536400
2018-06-06,1871.0,1880.3333740234373,1863.0,1864.3333740234373,4156200
2018-06-07,1866.6666259765625,1878.3333740234373,1864.3333740234373,1872.0,4109700
2018-06-08,1856.6666259765625,1864.6666259765625,1841.6666259765625,1848.3333740234373,5428800
2018-06-11,1852.0,1874.0,1849.0,1861.6666259765625,2445000
2018-06-12,1862.6666259765625,1904.3333740234373,1861.6666259765625,1899.6666259765625,3501300
2018-06-13,1903.0,1940.0,1901.0,1934.6666259765625,5105700
2018-06-14,1927.6666259765625,1927.6666259765625,1881.6666259765625,1898.6666259765625,4094100
2018-06-15,1902.3333740234373,1912.3333740234373,1890.0,1900.6666259765625,4770000
2018-06-18,1904.3333740234373,1908.0,1866.6666259765625,1867.6666259765625,2601300
2018-06-19,1868.6666259765625,1877.6666259765625,1853.6666259765625,1858.0,3744900
2018-06-20,1883.3333740234373,1915.6666259765625,1882.6666259765625,1909.3333740234373,5173500
2018-06-21,1892.3333740234373,1916.3333740234373,1889.0,1909.6666259765625,3666600
2018-06-22,1901.0,1909.0,1872.0,1884.0,6184200
2018-06-25,1888.3333740234373,1891.3333740234373,1843.6666259765625,1848.6666259765625,3584700
2018-06-26,1863.0,1892.6666259765625,1841.6666259765625,1889.6666259765625,4379400
2018-06-27,1889.0,1902.3333740234373,1876.3333740234373,1888.3333740234373,3578700
2018-06-28,1880.0,1883.6666259765625,1865.6666259765625,1882.3333740234373,2585400
2018-06-29,1892.3333740234373,1897.0,1872.0,1890.6666259765625,3100200
2018-07-02,1883.6666259765625,1889.6666259765625,1821.3333740234373,1822.0,3064500
2018-07-03,1831.6666259765625,1831.6666259765625,1790.0,1806.0,3340800
2018-07-04,1796.6666259765625,1819.0,1784.3333740234375,1815.3333740234373,2367900
2018-07-05,1848.3333740234373,1862.3333740234373,1814.6666259765625,1822.6666259765625,3801900
2018-07-06,1849.0,1862.6666259765625,1833.0,1855.3333740234373,3998700
2018-07-09,1864.3333740234373,1881.6666259765625,1846.6666259765625,1876.3333740234373,3219000
2018-07-10,1865.0,1874.6666259765625,1833.0,1835.0,3407700
2018-07-11,1810.6666259765625,1830.6666259765625,1807.3333740234373,1821.3333740234373,4159500
2018-07-12,1810.6666259765625,1876.3333740234373,1810.0,1863.6666259765625,4740600
2018-07-13,1886.6666259765625,1905.3333740234373,1873.0,1891.0,4175100
2018-07-16,1891.0,1891.0,1891.0,1891.0,0
2018-07-17,1874.3333740234373,1919.6666259765625,1874.3333740234373,1909.6666259765625,3850500
2018-07-18,1913.0,1923.0,1882.0,1884.0,3241500
2018-07-19,1842.6666259765625,1852.3333740234373,1830.6666259765625,1843.0,3980400
2018-07-20,1850.0,1873.3333740234373,1848.0,1870.6666259765625,3729300
2018-07-23,1852.0,1863.0,1841.6666259765625,1847.0,3068100
2018-07-24,1849.6666259765625,1850.6666259765625,1826.6666259765625,1828.0,3550200
2018-07-25,1833.3333740234373,1850.0,1829.6666259765625,1842.3333740234373,3042300
2018-07-26,1857.6666259765625,1859.0,1838.3333740234373,1851.6666259765625,2684100
2018-07-27,1856.0,1859.3333740234373,1843.3333740234373,1856.3333740234373,2691300
2018-07-30,1841.0,1842.0,1824.0,1833.0,2093700
2018-07-31,1822.6666259765625,1823.3333740234373,1792.0,1807.3333740234373,4574400
2018-08-01,1812.0,1815.0,1783.3333740234375,1804.3333740234373,2920500
2018-08-02,1792.3333740234375,1806.6666259765625,1774.0,1785.3333740234375,3252600
2018-08-03,1752.0,1776.3333740234375,1684.6666259765625,1696.0,10320900
2018-08-06,1690.0,1694.0,1654.0,1654.0,5514600
2018-08-07,1657.0,1665.0,1641.0,1663.3333740234375,3672600
2018-08-08,1661.6666259765625,1662.0,1642.6666259765625,1646.3333740234375,4293000
2018-08-09,1623.3333740234375,1646.0,1623.0,1637.3333740234375,4553100
2018-08-10,1655.6666259765625,1661.3333740234375,1640.6666259765625,1649.6666259765625,6244200
2018-08-13,1633.3333740234375,1642.0,1621.6666259765625,1624.3333740234375,4717500
2018-08-14,1647.6666259765625,1667.0,1643.3333740234375,1667.0,4433400
2018-08-15,1663.3333740234375,1672.0,1636.0,1641.6666259765625,3375900
2018-08-16,1632.6666259765625,1639.0,1615.3333740234375,1637.3333740234375,4715100
2018-08-17,1623.0,1643.3333740234375,1622.6666259765625,1635.3333740234375,2899800
2018-08-20,1635.3333740234375,1654.6666259765625,1634.3333740234375,1642.3333740234375,2894100
2018-08-21,1634.6666259765625,1644.3333740234375,1624.3333740234375,1632.6666259765625,3125400
2018-08-22,1635.3333740234375,1642.6666259765625,1628.0,1636.0,2292900
2018-08-23,1641.3333740234375,1656.0,1640.3333740234375,1652.6666259765625,2351100
2018-08-24,1644.3333740234375,1658.0,1627.6666259765625,1656.0,3350700
2018-08-27,1660.0,1674.6666259765625,1657.6666259765625,1669.6666259765625,2281200
2018-08-28,1676.3333740234375,1683.3333740234375,1662.3333740234375,1664.6666259765625,2812500
2018-08-29,1656.3333740234375,1674.3333740234375,1654.3333740234375,1670.3333740234375,3044400
2018-08-30,1682.0,1693.3333740234375,1667.3333740234375,1675.3333740234375,3619800
2018-08-31,1676.6666259765625,1696.6666259765625,1667.3333740234375,1673.0,3930600
2018-09-03,1664.3333740234375,1669.6666259765625,1653.3333740234375,1658.0,2199000
2018-09-04,1650.3333740234375,1661.0,1638.0,1650.6666259765625,2845800
2018-09-05,1650.6666259765625,1659.3333740234375,1638.6666259765625,1640.0,3114000
2018-09-06,1620.3333740234375,1624.3333740234375,1594.3333740234375,1599.6666259765625,5475900
2018-09-07,1589.3333740234375,1606.3333740234375,1569.6666259765625,1595.0,5025000
2018-09-10,1587.6666259765625,1601.6666259765625,1583.3333740234375,1595.3333740234375,3376200
2018-09-11,1594.0,1604.6666259765625,1587.0,1594.3333740234375,2922900
2018-09-12,1596.6666259765625,1611.6666259765625,1591.6666259765625,1610.3333740234375,2787000
2018-09-13,1616.6666259765625,1627.3333740234375,1602.6666259765625,1615.0,2816400
2018-09-14,1620.0,1638.3333740234375,1610.3333740234375,1633.6666259765625,6186600
2018-09-17,1633.6666259765625,1633.6666259765625,1633.6666259765625,1633.6666259765625,0
2018-09-18,1641.0,1658.0,1636.6666259765625,1653.6666259765625,4477200
2018-09-19,1666.6666259765625,1671.3333740234375,1642.0,1642.0,5877600
2018-09-20,1633.0,1634.6666259765625,1614.3333740234375,1619.6666259765625,7311300
2018-09-21,1630.6666259765625,1661.6666259765625,1626.6666259765625,1661.3333740234375,8021100
2018-09-24,1661.3333740234375,1661.3333740234375,1661.3333740234375,1661.3333740234375,0
2018-09-25,1649.6666259765625,1667.6666259765625,1649.0,1665.6666259765625,6140100
2018-09-26,1658.0,1658.6666259765625,1622.0,1644.0,6861900
2018-09-27,1640.0,1657.6666259765625,1626.6666259765625,1629.3333740234375,5121300
2018-09-28,1646.0,1658.3333740234375,1632.6666259765625,1641.6666259765625,6042300
2018-10-01,1655.0,1684.3333740234375,1653.3333740234375,1670.6666259765625,4755900
2018-10-02,1674.3333740234375,1683.0,1655.6666259765625,1677.3333740234375,5944500
2018-10-03,1666.6666259765625,1668.0,1632.6666259765625,1639.0,4507500
2018-10-04,1636.6666259765625,1643.3333740234375,1628.3333740234375,1635.6666259765625,4569000
2018-10-05,1650.0,1656.0,1632.0,1635.6666259765625,4722900
2018-10-08,1635.6666259765625,1635.6666259765625,1635.6666259765625,1635.6666259765625,0
2018-10-09,1633.6666259765625,1635.3333740234375,1602.3333740234375,1605.0,5165100
2018-10-10,1617.3333740234375,1636.3333740234375,1617.3333740234375,1623.6666259765625,3752100
2018-10-11,1599.3333740234375,1602.6666259765625,1556.6666259765625,1557.6666259765625,6310800
2018-10-12,1564.3333740234375,1599.6666259765625,1563.0,1599.3333740234375,6704400
2018-10-15,1612.0,1615.3333740234375,1587.6666259765625,1588.3333740234375,5321400
2018-10-16,1603.0,1603.6666259765625,1584.0,1602.6666259765625,4698300
2018-10-17,1619.6666259765625,1634.3333740234375,1619.0,1633.0,3313500
2018-10-18,1630.6666259765625,1638.0,1616.0,1620.6666259765625,3023700
2018-10-19,1599.0,1606.6666259765625,1574.0,1603.3333740234375,4145700
2018-10-22,1599.3333740234375,1621.6666259765625,1585.3333740234375,1614.6666259765625,2949900
2018-10-23,1592.0,1599.3333740234375,1578.6666259765625,1596.6666259765625,4336800
2018-10-24,1619.6666259765625,1623.3333740234375,1597.0,1611.6666259765625,4467900
2018-10-25,1588.3333740234375,1596.0,1569.3333740234375,1582.3333740234375,4829700
2018-10-26,1584.0,1599.0,1578.6666259765625,1594.6666259765625,5549100
2018-10-29,1602.6666259765625,1617.6666259765625,1580.6666259765625,1608.0,3537000
2018-10-30,1590.0,1616.6666259765625,1588.0,1610.3333740234375,4472400
2018-10-31,1620.0,1657.6666259765625,1614.3333740234375,1656.0,4956900
2018-11-01,1653.6666259765625,1661.0,1627.3333740234375,1631.6666259765625,3650100
2018-11-02,1637.6666259765625,1649.0,1620.3333740234375,1648.6666259765625,6313800
2018-11-05,1662.3333740234375,1663.3333740234375,1627.3333740234375,1652.0,4802100
2018-11-06,1660.0,1725.6666259765625,1658.0,1717.0,6916200
2018-11-07,1708.3333740234375,1718.6666259765625,1651.6666259765625,1659.0,6330000
2018-11-08,1676.6666259765625,1688.3333740234375,1673.0,1679.3333740234375,3322200
2018-11-09,1690.6666259765625,1699.3333740234375,1682.3333740234375,1693.0,4164900
2018-11-12,1676.0,1689.3333740234375,1650.6666259765625,1682.6666259765625,2922300
2018-11-13,1666.0,1666.0,1632.3333740234375,1651.6666259765625,4338600
2018-11-14,1643.6666259765625,1661.3333740234375,1638.0,1654.0,2800500
2018-11-15,1641.6666259765625,1667.3333740234375,1641.6666259765625,1665.6666259765625,2835000
2018-11-16,1666.6666259765625,1685.0,1665.6666259765625,1675.6666259765625,4635600
2018-11-19,1685.0,1692.0,1653.6666259765625,1666.6666259765625,2130000
2018-11-20,1653.6666259765625,1666.0,1631.0,1635.3333740234375,3028800
2018-11-21,1632.0,1639.6666259765625,1602.0,1617.6666259765625,3965400
2018-11-22,1597.3333740234375,1614.3333740234375,1588.3333740234375,1610.6666259765625,4738500
2018-11-23,1610.6666259765625,1610.6666259765625,1610.6666259765625,1610.6666259765625,0
2018-11-26,1626.0,1639.6666259765625,1609.0,1614.3333740234375,2825700
2018-11-27,1614.3333740234375,1624.0,1612.3333740234375,1615.3333740234375,3050100
2018-11-28,1609.6666259765625,1611.6666259765625,1587.6666259765625,1595.0,6457500
2018-11-29,1589.6666259765625,1594.3333740234375,1573.0,1575.0,6852900
2018-11-30,1576.0,1590.6666259765625,1573.6666259765625,1584.6666259765625,5656800
2018-12-03,1598.3333740234375,1603.6666259765625,1589.6666259765625,1594.0,3398700
2018-12-04,1583.3333740234375,1592.0,1556.3333740234375,1557.0,3770700
2018-12-05,1549.3333740234375,1592.3333740234375,1548.3333740234375,1591.6666259765625,4518600
2018-12-06,1569.0,1577.6666259765625,1530.6666259765625,1538.3333740234375,4830000
2018-12-07,1531.6666259765625,1535.3333740234375,1510.0,1531.6666259765625,4501500
2018-12-10,1500.0,1505.3333740234375,1454.3333740234375,1457.6666259765625,5953800
2018-12-11,1494.0,1494.3333740234375,1459.6666259765625,1460.0,6175200
2018-12-12,1486.0,1496.0,1477.3333740234375,1494.6666259765625,5311500
2018-12-13,1494.6666259765625,1519.0,1492.3333740234375,1513.0,3454800
2018-12-14,1511.0,1517.6666259765625,1495.3333740234375,1498.0,6330900
2018-12-17,1510.6666259765625,1516.6666259765625,1489.0,1511.0,3523800
2018-12-18,1491.3333740234375,1501.0,1482.0,1483.3333740234375,3321000
2018-12-19,1466.3333740234375,1497.6666259765625,1462.3333740234375,1485.3333740234375,3452400
2018-12-20,1463.6666259765625,1489.0,1449.0,1456.6666259765625,3966600
2018-12-21,1456.6666259765625,1476.3333740234375,1449.6666259765625,1463.6666259765625,5715600
2018-12-24,1463.6666259765625,1463.6666259765625,1463.6666259765625,1463.6666259765625,0
2018-12-25,1413.6666259765625,1413.6666259765625,1378.3333740234375,1378.6666259765625,4945800
2018-12-26,1370.0,1388.3333740234375,1341.0,1364.0,4203600
2018-12-27,1402.6666259765625,1449.0,1402.6666259765625,1436.3333740234375,4347900
2018-12-28,1419.0,1436.0,1411.6666259765625,1423.0,2977800
2018-12-31,1423.0,1423.0,1423.0,1423.0,0
2019-01-04,1399.6666259765625,1418.6666259765625,1393.0,1418.6666259765625,4011600
2019-01-07,1460.0,1467.3333740234375,1443.0,1455.0,4050600
2019-01-08,1468.6666259765625,1472.6666259765625,1440.6666259765625,1441.6666259765625,4629300
2019-01-09,1451.0,1475.0,1448.6666259765625,1466.6666259765625,3103800
2019-01-10,1440.3333740234375,1447.0,1423.3333740234375,1446.3333740234375,3444300
2019-01-11,1460.0,1463.3333740234375,1444.3333740234375,1453.0,4346700
2019-01-15,1400.3333740234375,1430.0,1390.3333740234375,1424.0,3827100
2019-01-16,1433.3333740234375,1439.6666259765625,1424.6666259765625,1439.6666259765625,3045600
2019-01-17,1447.0,1457.3333740234375,1443.0,1451.6666259765625,1978200
2019-01-18,1459.6666259765625,1472.6666259765625,1448.0,1468.3333740234375,2317200
2019-01-21,1481.6666259765625,1493.0,1474.6666259765625,1480.6666259765625,2226600
2019-01-22,1486.0,1490.0,1468.3333740234375,1482.0,2919600
2019-01-23,1491.6666259765625,1491.6666259765625,1467.3333740234375,1476.6666259765625,2695800
2019-01-24,1463.0,1463.6666259765625,1444.6666259765625,1456.6666259765625,2547600
2019-01-25,1445.3333740234375,1460.3333740234375,1445.3333740234375,1449.0,3033000
2019-01-28,1441.3333740234375,1442.3333740234375,1418.6666259765625,1419.0,3286500
2019-01-29,1461.3333740234375,1463.3333740234375,1443.0,1457.6666259765625,3866700
2019-01-30,1481.0,1524.0,1475.3333740234375,1515.0,8571900
2019-01-31,1536.6666259765625,1543.0,1507.0,1515.0,4917600
2019-02-01,1519.6666259765625,1539.6666259765625,1507.0,1519.6666259765625,3082200
2019-02-04,1525.0,1539.3333740234375,1517.6666259765625,1534.6666259765625,2499000
2019-02-05,1541.6666259765625,1546.0,1529.0,1539.3333740234375,1666500
2019-02-06,1546.6666259765625,1583.0,1544.6666259765625,1583.0,4873500
2019-02-07,1591.0,1591.3333740234375,1570.6666259765625,1577.3333740234375,3622500
2019-02-08,1566.6666259765625,1575.3333740234375,1521.3333740234375,1524.0,4086600
2019-02-12,1534.3333740234375,1560.0,1527.0,1558.6666259765625,2808900
2019-02-13,1556.3333740234375,1565.0,1547.0,1553.0,2484600
2019-02-14,1557.6666259765625,1564.6666259765625,1541.0,1545.6666259765625,2895600
2019-02-15,1592.0,1599.6666259765625,1545.6666259765625,1580.6666259765625,4649100
2019-02-18,1598.0,1598.0,1581.0,1589.6666259765625,2425500
2019-02-19,1581.6666259765625,1596.6666259765625,1571.0,1596.0,2773500
2019-02-20,1596.0,1609.6666259765625,1593.3333740234375,1609.6666259765625,3033600
2019-02-21,1600.6666259765625,1616.0,1592.6666259765625,1607.6666259765625,3398100
2019-02-22,1612.6666259765625,1619.0,1605.6666259765625,1607.0,3039300
2019-02-25,1624.6666259765625,1629.0,1613.3333740234375,1626.0,2871600
2019-02-26,1619.0,1627.3333740234375,1611.6666259765625,1625.0,2844900
2019-02-27,1615.0,1624.0,1611.3333740234375,1615.3333740234375,5160000
2019-02-28,1623.6666259765625,1624.6666259765625,1600.0,1602.3333740234375,3263100
2019-03-01,1605.6666259765625,1621.3333740234375,1605.3333740234375,1619.0,3006000
2019-03-04,1639.6666259765625,1644.6666259765625,1625.0,1635.0,3194100
2019-03-05,1633.0,1639.6666259765625,1607.6666259765625,1612.0,2793000
2019-03-06,1624.6666259765625,1628.6666259765625,1599.0,1601.6666259765625,3952200
2019-03-07,1555.0,1583.3333740234375,1554.6666259765625,1578.6666259765625,5271600
2019-03-08,1559.6666259765625,1571.6666259765625,1536.3333740234375,1537.3333740234375,8164800
2019-03-11,1553.6666259765625,1575.3333740234375,1551.6666259765625,1566.6666259765625,2389500
2019-03-12,1586.3333740234375,1607.3333740234375,1585.0,1598.0,2622900
2019-03-13,1591.0,1599.6666259765625,1573.6666259765625,1577.0,2211000
2019-03-14,1597.6666259765625,1599.3333740234375,1561.0,1567.3333740234375,2128200
2019-03-15,1563.3333740234375,1569.0,1557.0,1562.3333740234375,4407600
2019-03-18,1577.3333740234375,1586.3333740234375,1568.3333740234375,1571.0,2082600
2019-03-19,1566.3333740234375,1578.3333740234375,1564.0,1576.0,2286000
2019-03-20,1583.3333740234375,1610.6666259765625,1577.0,1610.6666259765625,3416400
2019-03-22,1630.0,1630.6666259765625,1608.3333740234375,1617.0,4148700
2019-03-25,1595.6666259765625,1597.0,1561.0,1564.6666259765625,2003100
2019-03-26,1577.0,1616.0,1575.6666259765625,1612.6666259765625,2388900
2019-03-27,1627.6666259765625,1636.0,1613.6666259765625,1630.3333740234375,2122800
2019-03-28,1620.3333740234375,1627.6666259765625,1593.6666259765625,1602.3333740234375,2455200
2019-03-29,1607.0,1644.0,1605.0,1643.3333740234375,5371200
2019-04-01,1666.6666259765625,1672.6666259765625,1647.6666259765625,1649.0,2345700
2019-04-02,1655.0,1660.3333740234375,1637.6666259765625,1641.0,2213700
2019-04-03,1630.3333740234375,1637.0,1617.3333740234375,1619.3333740234375,2485500
2019-04-04,1623.6666259765625,1623.6666259765625,1601.0,1613.0,1770300
2019-04-05,1615.0,1616.6666259765625,1578.3333740234375,1583.0,4055700
2019-04-08,1596.6666259765625,1600.6666259765625,1588.0,1590.0,884400
2019-04-09,1575.3333740234375,1576.6666259765625,1565.6666259765625,1572.3333740234375,1610700
2019-04-10,1575.3333740234375,1592.6666259765625,1570.6666259765625,1581.3333740234375,2287200
2019-04-11,1571.0,1600.6666259765625,1571.0,1597.6666259765625,2486400
2019-04-12,1618.6666259765625,1618.6666259765625,1579.6666259765625,1603.6666259765625,5029500
2019-04-15,1631.3333740234375,1640.6666259765625,1622.6666259765625,1634.0,4102800
2019-04-16,1647.6666259765625,1658.0,1641.6666259765625,1647.0,4581300
2019-04-17,1653.6666259765625,1653.6666259765625,1637.0,1646.3333740234375,4415700
2019-04-18,1638.3333740234375,1643.0,1617.6666259765625,1621.3333740234375,3213900
2019-04-19,1635.6666259765625,1635.6666259765625,1609.3333740234375,1613.0,1474200
2019-04-22,1602.0,1614.6666259765625,1598.6666259765625,1607.0,1839000
2019-04-23,1607.3333740234375,1627.3333740234375,1606.6666259765625,1624.6666259765625,2703900
2019-04-24,1625.6666259765625,1635.3333740234375,1602.6666259765625,1609.0,2673000
2019-04-25,1620.0,1625.3333740234375,1607.6666259765625,1616.0,2396400
2019-04-26,1602.6666259765625,1609.6666259765625,1591.0,1609.6666259765625,3187500
2019-05-07,1623.0,1624.0,1593.3333740234375,1613.0,5854800
2019-05-08,1605.3333740234375,1606.6666259765625,1564.0,1579.3333740234375,5090700
2019-05-09,1650.0,1653.3333740234375,1562.6666259765625,1577.3333740234375,6369000
2019-05-10,1555.6666259765625,1564.6666259765625,1513.6666259765625,1542.6666259765625,6048000
2019-05-13,1543.0,1553.3333740234375,1525.6666259765625,1546.3333740234375,3001500
2019-05-14,1534.0,1565.3333740234375,1534.0,1561.6666259765625,4102200
2019-05-15,1567.0,1591.3333740234375,1555.0,1591.3333740234375,4080900
2019-05-16,1582.0,1586.0,1556.6666259765625,1568.6666259765625,3477600
2019-05-17,1583.3333740234375,1584.6666259765625,1570.0,1574.3333740234375,3020700
2019-05-20,1575.3333740234375,1595.0,1571.0,1591.6666259765625,2501100
2019-05-21,1610.3333740234375,1621.0,1590.6666259765625,1614.3333740234375,5003100
2019-05-22,1626.0,1626.0,1611.6666259765625,1617.6666259765625,5525400
2019-05-23,1617.6666259765625,1660.0,1617.6666259765625,1660.0,4919100
2019-05-24,1650.0,1656.6666259765625,1631.3333740234375,1646.3333740234375,3858600
2019-05-27,1640.3333740234375,1652.0,1636.3333740234375,1648.0,1884600
2019-05-28,1637.6666259765625,1638.3333740234375,1617.3333740234375,1624.3333740234375,4047900
2019-05-29,1602.0,1611.3333740234375,1592.0,1594.0,3077700
2019-05-30,1595.3333740234375,1596.6666259765625,1571.3333740234375,1581.6666259765625,3214500
2019-05-31,1574.3333740234375,1594.6666259765625,1570.6666259765625,1592.3333740234375,5279700
2019-06-03,1585.0,1604.3333740234375,1582.6666259765625,1604.3333740234375,3523500
2019-06-04,1616.6666259765625,1620.6666259765625,1584.0,1596.6666259765625,4959300
2019-06-05,1628.0,1637.6666259765625,1612.0,1618.6666259765625,4747800
2019-06-06,1628.3333740234375,1629.3333740234375,1612.6666259765625,1616.6666259765625,2718900
2019-06-07,1614.6666259765625,1618.0,1606.3333740234375,1616.6666259765625,2976300
2019-06-10,1628.6666259765625,1646.3333740234375,1627.6666259765625,1642.3333740234375,3112800
2019-06-11,1652.0,1662.6666259765625,1648.0,1660.3333740234375,2302200
2019-06-12,1652.0,1669.6666259765625,1647.3333740234375,1666.3333740234375,3255900
2019-06-13,1664.6666259765625,1665.0,1642.6666259765625,1644.6666259765625,2988600
2019-06-14,1651.6666259765625,1656.6666259765625,1617.3333740234375,1642.3333740234375,4778700
2019-06-17,1630.6666259765625,1649.0,1628.3333740234375,1639.0,2336700
2019-06-18,1639.6666259765625,1649.6666259765625,1635.3333740234375,1641.0,2278800
2019-06-19,1667.3333740234375,1671.6666259765625,1657.6666259765625,1667.0,3826500
2019-06-20,1657.3333740234375,1663.6666259765625,1633.6666259765625,1635.0,3105000
2019-06-21,1651.6666259765625,1654.6666259765625,1637.0,1648.6666259765625,5798100
2019-06-24,1642.3333740234375,1647.3333740234375,1631.6666259765625,1640.0,1761900
2019-06-25,1633.6666259765625,1652.3333740234375,1630.3333740234375,1636.3333740234375,2569800
2019-06-26,1601.0,1618.0,1597.3333740234375,1614.6666259765625,3242700
2019-06-27,1603.3333740234375,1613.0,1592.0,1613.0,4099800
2019-06-28,1608.6666259765625,1615.0,1594.6666259765625,1615.0,5168700
2019-07-01,1621.0,1625.3333740234375,1615.0,1623.0,3211200
2019-07-02,1618.3333740234375,1624.3333740234375,1607.0,1616.6666259765625,5011500
2019-07-03,1618.0,1623.0,1601.3333740234375,1604.6666259765625,3335100
2019-07-04,1613.0,1629.0,1608.6666259765625,1616.0,3850500
2019-07-05,1611.0,1613.6666259765625,1595.0,1600.6666259765625,3538800
2019-07-08,1600.0,1613.3333740234375,1600.0,1611.3333740234375,4290000
2019-07-09,1621.3333740234375,1656.0,1621.3333740234375,1653.6666259765625,5231400
2019-07-10,1653.6666259765625,1678.0,1651.3333740234375,1674.6666259765625,5440800
2019-07-11,1675.0,1678.0,1660.0,1666.6666259765625,3520500
2019-07-12,1690.0,1699.3333740234375,1683.6666259765625,1692.3333740234375,4968000
2019-07-16,1696.6666259765625,1705.0,1662.0,1677.6666259765625,5206800
2019-07-17,1679.3333740234375,1684.6666259765625,1662.0,1673.3333740234375,3919200
2019-07-18,1680.3333740234375,1687.3333740234375,1649.0,1655.3333740234375,4747800
2019-07-19,1658.3333740234375,1686.6666259765625,1658.3333740234375,1679.3333740234375,4605300
2019-07-22,1599.3333740234375,1604.3333740234375,1529.6666259765625,1530.3333740234375,18124200
2019-07-23,1550.0,1582.0,1543.6666259765625,1566.3333740234375,10401300
2019-07-24,1582.0,1582.6666259765625,1562.0,1570.0,6493800
2019-07-25,1566.3333740234375,1567.3333740234375,1543.6666259765625,1547.0,5282400
2019-07-26,1546.6666259765625,1564.0,1542.3333740234375,1543.0,4298400
2019-07-29,1533.6666259765625,1556.3333740234375,1533.6666259765625,1556.3333740234375,4072500
2019-07-30,1553.3333740234375,1574.6666259765625,1552.6666259765625,1571.3333740234375,4233000
2019-07-31,1569.3333740234375,1592.6666259765625,1563.3333740234375,1578.3333740234375,5197500
2019-08-01,1567.6666259765625,1591.0,1555.6666259765625,1590.0,4323300
2019-08-02,1591.6666259765625,1614.3333740234375,1580.3333740234375,1593.3333740234375,5677800
2019-08-05,1571.6666259765625,1609.3333740234375,1570.3333740234375,1598.0,4629000
2019-08-06,1569.3333740234375,1583.0,1543.3333740234375,1581.3333740234375,3852000
2019-08-07,1578.0,1614.0,1575.3333740234375,1612.6666259765625,4709100
2019-08-08,1602.6666259765625,1631.6666259765625,1596.6666259765625,1631.0,3144000
2019-08-09,1636.3333740234375,1639.6666259765625,1614.3333740234375,1622.3333740234375,3258000
2019-08-13,1606.6666259765625,1611.0,1581.6666259765625,1594.3333740234375,3238800
2019-08-14,1596.0,1609.0,1586.6666259765625,1599.6666259765625,3224700
2019-08-15,1576.0,1599.0,1568.3333740234375,1593.6666259765625,3095400
2019-08-16,1603.0,1609.6666259765625,1591.0,1604.6666259765625,2557500
2019-08-19,1609.0,1610.6666259765625,1588.6666259765625,1598.6666259765625,1554900
2019-08-20,1592.3333740234375,1607.3333740234375,1590.3333740234375,1597.0,2136600
2019-08-21,1583.0,1641.3333740234375,1577.6666259765625,1637.3333740234375,4490700
2019-08-22,1622.3333740234375,1636.6666259765625,1620.3333740234375,1634.3333740234375,4887900
2019-08-23,1644.0,1662.3333740234375,1638.3333740234375,1661.3333740234375,6035700
2019-08-26,1640.0,1654.3333740234375,1632.6666259765625,1653.3333740234375,3962700
2019-08-27,1650.0,1655.3333740234375,1634.6666259765625,1636.0,3120600
2019-08-28,1637.6666259765625,1651.0,1631.3333740234375,1638.3333740234375,2516400
2019-08-29,1631.0,1636.6666259765625,1620.6666259765625,1635.3333740234375,2212200
2019-08-30,1632.3333740234375,1652.3333740234375,1626.3333740234375,1652.0,3326100
2019-09-02,1636.6666259765625,1666.3333740234375,1631.0,1658.6666259765625,2403900
2019-09-03,1657.3333740234375,1675.3333740234375,1652.3333740234375,1672.6666259765625,2411400
2019-09-04,1673.3333740234375,1691.6666259765625,1664.0,1680.0,2661300
2019-09-05,1680.0,1703.0,1665.0,1694.3333740234375,6170400
2019-09-06,1699.6666259765625,1712.6666259765625,1685.3333740234375,1693.3333740234375,4024500
2019-09-09,1695.3333740234375,1711.6666259765625,1690.0,1711.6666259765625,2988900
2019-09-10,1704.0,1714.0,1697.0,1701.0,2583000
2019-09-11,1696.0,1729.0,1690.3333740234375,1727.0,4303500
2019-09-12,1731.6666259765625,1740.3333740234375,1723.3333740234375,1732.3333740234375,4437900
2019-09-13,1760.0,1769.6666259765625,1743.6666259765625,1759.0,7392300
2019-09-17,1759.3333740234375,1764.3333740234375,1742.6666259765625,1758.0,4179900
2019-09-18,1766.0,1793.3333740234375,1760.6666259765625,1773.3333740234375,3219300
2019-09-19,1786.6666259765625,1801.6666259765625,1771.0,1776.6666259765625,3734700
2019-09-20,1789.0,1793.3333740234375,1764.3333740234375,1768.6666259765625,4524900
2019-09-24,1769.6666259765625,1798.0,1767.6666259765625,1792.3333740234375,3914100
2019-09-25,1792.6666259765625,1796.6666259765625,1768.3333740234375,1784.0,2683800
2019-09-26,1781.6666259765625,1794.3333740234375,1770.6666259765625,1789.0,4590300
2019-09-27,1800.3333740234375,1808.6666259765625,1776.3333740234375,1797.0,3703800
2019-09-30,1791.6666259765625,1795.3333740234375,1775.0,1783.3333740234375,3372300
2019-10-01,1796.6666259765625,1804.0,1786.6666259765625,1795.6666259765625,2113800
2019-10-02,1796.6666259765625,1812.3333740234373,1791.3333740234375,1802.6666259765625,2508600
2019-10-03,1777.6666259765625,1790.6666259765625,1771.6666259765625,1784.6666259765625,2868300
2019-10-04,1786.0,1803.6666259765625,1774.0,1803.6666259765625,2668800
2019-10-07,1799.3333740234375,1803.0,1776.6666259765625,1783.0,2575800
2019-10-08,1790.6666259765625,1792.6666259765625,1772.6666259765625,1785.3333740234375,3253800
2019-10-09,1784.3333740234375,1805.0,1780.0,1801.6666259765625,3863400
2019-10-10,1801.3333740234375,1819.0,1788.3333740234375,1816.6666259765625,3795000
2019-10-11,1833.0,1833.0,1814.0,1826.6666259765625,4236900
2019-10-15,1844.3333740234373,1845.3333740234373,1817.0,1830.0,3873600
2019-10-16,1843.3333740234373,1859.3333740234373,1802.0,1811.3333740234373,4841100
2019-10-17,1800.0,1820.3333740234373,1799.0,1815.0,4079400
2019-10-18,1799.3333740234375,1801.0,1752.3333740234375,1763.3333740234375,5360100
2019-10-21,1769.3333740234375,1796.6666259765625,1768.6666259765625,1786.3333740234375,1805700
2019-10-23,1798.3333740234375,1822.6666259765625,1796.0,1815.3333740234373,3672600
2019-10-24,1822.6666259765625,1824.3333740234373,1802.3333740234373,1805.3333740234373,2105400
2019-10-25,1802.3333740234373,1814.0,1801.0,1812.3333740234373,1938900
2019-10-28,1800.0,1805.6666259765625,1793.0,1800.0,1649100
2019-10-29,1813.3333740234373,1814.0,1790.6666259765625,1797.6666259765625,2304300
2019-10-30,1796.3333740234375,1816.6666259765625,1795.6666259765625,1810.0,3485400
2019-10-31,1816.6666259765625,1826.6666259765625,1805.6666259765625,1810.0,2654400
2019-11-01,1802.3333740234373,1814.3333740234373,1798.0,1809.3333740234373,1481100
2019-11-05,1828.0,1842.3333740234373,1810.3333740234373,1838.3333740234373,4934100
2019-11-06,1738.3333740234375,1752.0,1706.0,1727.0,9255900
2019-11-07,1723.0,1748.0,1717.6666259765625,1726.0,6797700
2019-11-08,1740.3333740234375,1758.6666259765625,1725.6666259765625,1730.0,8400600
2019-11-11,1731.6666259765625,1778.3333740234375,1728.6666259765625,1772.0,4033200
2019-11-12,1750.6666259765625,1768.0,1745.3333740234375,1763.6666259765625,2792700
2019-11-13,1754.6666259765625,1763.0,1739.3333740234375,1739.3333740234375,3433800
2019-11-14,1749.6666259765625,1758.3333740234375,1735.0,1747.6666259765625,2216400
2019-11-15,1761.3333740234375,1769.0,1751.3333740234375,1764.3333740234375,2980800
2019-11-18,1745.6666259765625,1761.6666259765625,1734.3333740234375,1756.0,2411400
2019-11-19,1765.0,1775.0,1752.3333740234375,1758.3333740234375,1799400
2019-11-20,1763.6666259765625,1784.6666259765625,1761.6666259765625,1783.3333740234375,3282600
2019-11-21,1778.3333740234375,1797.3333740234375,1761.3333740234375,1779.6666259765625,4123500
2019-11-22,1779.3333740234375,1793.0,1773.6666259765625,1775.0,2341800
2019-11-25,1782.0,1790.3333740234375,1776.0,1786.6666259765625,1716300
2019-11-26,1773.3333740234375,1781.3333740234375,1733.3333740234375,1733.3333740234375,5999100
2019-11-27,1746.6666259765625,1751.6666259765625,1733.6666259765625,1733.6666259765625,2891400
2019-11-28,1740.0,1758.0,1738.3333740234375,1755.3333740234375,2253300
2019-11-29,1763.6666259765625,1767.6666259765625,1749.6666259765625,1755.3333740234375,2448600
2019-12-02,1757.6666259765625,1767.3333740234375,1750.6666259765625,1755.3333740234375,2668500
2019-12-03,1752.3333740234375,1768.6666259765625,1752.3333740234375,1757.0,2960100
2019-12-04,1748.6666259765625,1758.6666259765625,1744.6666259765625,1758.0,2298600
2019-12-05,1760.0,1760.0,1740.6666259765625,1746.0,2531700
2019-12-06,1744.6666259765625,1746.6666259765625,1719.3333740234375,1721.0,3583800
2019-12-09,1740.0,1740.3333740234375,1719.6666259765625,1723.3333740234375,2927400
2019-12-10,1729.6666259765625,1736.3333740234375,1716.3333740234375,1716.3333740234375,2737200
2019-12-11,1729.6666259765625,1736.0,1702.6666259765625,1712.3333740234375,4317600
2019-12-12,1707.3333740234375,1710.3333740234375,1685.6666259765625,1693.3333740234375,3920100
2019-12-13,1711.0,1730.6666259765625,1703.3333740234375,1727.0,6372300
2019-12-16,1727.0,1730.0,1710.0,1718.0,3211500
2019-12-17,1721.3333740234375,1727.3333740234375,1702.0,1709.6666259765625,3804900
2019-12-18,1725.6666259765625,1733.3333740234375,1713.0,1725.0,3119700
2019-12-19,1708.6666259765625,1721.6666259765625,1708.0,1714.0,2556600
2019-12-20,1714.3333740234375,1722.6666259765625,1709.6666259765625,1709.6666259765625,3000600
2019-12-23,1717.0,1721.0,1691.3333740234375,1696.0,3410700
2019-12-24,1691.6666259765625,1696.6666259765625,1682.3333740234375,1686.0,2355300
2019-12-25,1682.0,1690.3333740234375,1678.6666259765625,1683.3333740234375,1722000
2019-12-26,1683.3333740234375,1694.3333740234375,1680.3333740234375,1693.3333740234375,2347200
2019-12-27,1680.0,1682.3333740234375,1674.0,1675.0,1808100
2019-12-30,1674.0,1678.6666259765625,1661.0,1661.0,1770300
2020-01-06,1642.6666259765625,1649.3333740234375,1615.3333740234375,1618.6666259765625,3097500
2020-01-07,1637.6666259765625,1637.6666259765625,1621.6666259765625,1632.3333740234375,3519900
2020-01-08,1633.0,1647.3333740234375,1622.0,1639.6666259765625,5098500
2020-01-09,1643.0,1651.6666259765625,1635.0,1649.0,3024600
2020-01-10,1661.0,1667.0,1642.3333740234375,1651.3333740234375,2732400
2020-01-14,1654.3333740234375,1659.3333740234375,1644.3333740234375,1657.6666259765625,2851500
2020-01-15,1649.6666259765625,1659.3333740234375,1639.3333740234375,1646.6666259765625,2672400
2020-01-16,1663.3333740234375,1665.0,1646.0,1657.0,2004300
2020-01-17,1665.0,1674.6666259765625,1664.0,1668.0,2870100
2020-01-20,1681.6666259765625,1681.6666259765625,1664.6666259765625,1665.6666259765625,1486200
2020-01-21,1664.3333740234375,1673.3333740234375,1650.6666259765625,1655.3333740234375,2649900
2020-01-22,1673.3333740234375,1709.0,1671.6666259765625,1702.6666259765625,6043500
2020-01-23,1684.0,1706.3333740234375,1681.6666259765625,1695.6666259765625,3442800
2020-01-24,1691.0,1711.6666259765625,1689.0,1702.6666259765625,3264300
2020-01-27,1683.0,1704.6666259765625,1671.0,1700.3333740234375,2869200
2020-01-28,1683.3333740234375,1690.6666259765625,1676.6666259765625,1683.3333740234375,2696400
2020-01-29,1694.3333740234375,1694.3333740234375,1670.6666259765625,1678.6666259765625,2748300
2020-01-30,1667.3333740234375,1685.6666259765625,1665.6666259765625,1678.3333740234375,2724000
2020-01-31,1710.0,1713.3333740234375,1686.6666259765625,1695.3333740234375,4226700
2020-02-03,1688.3333740234375,1693.3333740234375,1668.6666259765625,1673.6666259765625,3213000
2020-02-04,1657.0,1673.6666259765625,1649.0,1673.6666259765625,3156900
2020-02-05,1682.3333740234375,1696.6666259765625,1680.3333740234375,1687.0,3532200
2020-02-06,1699.6666259765625,1710.0,1688.6666259765625,1701.3333740234375,3248700
2020-02-07,1701.0,1709.3333740234375,1694.3333740234375,1704.0,2198700
2020-02-10,1697.6666259765625,1724.6666259765625,1695.0,1721.6666259765625,3136200
2020-02-12,1722.3333740234375,1733.3333740234375,1717.0,1731.6666259765625,4024500
2020-02-13,1698.3333740234375,1705.6666259765625,1681.3333740234375,1702.3333740234375,4299300
2020-02-14,1695.3333740234375,1696.0,1643.6666259765625,1670.3333740234375,5149200
2020-02-17,1653.0,1661.6666259765625,1606.3333740234375,1609.0,3972900
2020-02-18,1592.3333740234375,1602.3333740234375,1563.6666259765625,1578.3333740234375,5294400
2020-02-19,1590.0,1618.0,1585.0,1608.3333740234375,3694800
2020-02-20,1628.3333740234375,1631.3333740234375,1602.6666259765625,1608.0,3124800
2020-02-21,1601.0,1612.3333740234375,1596.0,1600.0,3092700
2020-02-25,1527.6666259765625,1527.6666259765625,1497.0,1498.6666259765625,6169200
2020-02-26,1475.3333740234375,1480.0,1462.0,1469.3333740234375,5611800
2020-02-27,1455.0,1460.3333740234375,1430.3333740234375,1433.6666259765625,5160300
2020-02-28,1393.6666259765625,1407.6666259765625,1370.3333740234375,1383.3333740234375,7640400
2020-03-02,1341.0,1382.6666259765625,1333.0,1366.6666259765625,13771500
2020-03-03,1403.0,1407.3333740234375,1358.0,1358.6666259765625,7811100
2020-03-04,1346.3333740234375,1380.6666259765625,1335.0,1361.3333740234375,4938000
2020-03-05,1370.3333740234375,1376.6666259765625,1360.3333740234375,1366.3333740234375,5550600
2020-03-06,1343.3333740234375,1351.6666259765625,1314.3333740234375,1320.0,7761600
2020-03-09,1273.3333740234375,1285.6666259765625,1238.6666259765625,1255.3333740234375,8034300
2020-03-10,1230.0,1233.3333740234375,1181.6666259765625,1230.3333740234375,7974900
2020-03-11,1246.6666259765625,1276.3333740234375,1232.6666259765625,1243.6666259765625,7993200
2020-03-12,1203.6666259765625,1210.6666259765625,1148.6666259765625,1173.3333740234375,8976300
2020-03-13,1060.0,1126.6666259765625,1034.0,1083.6666259765625,12503100
2020-03-16,1086.6666259765625,1107.6666259765625,1030.6666259765625,1042.0,12505500
2020-03-17,1019.6666870117188,1071.3333740234375,1005.6666870117188,1029.3333740234375,13144500
2020-03-18,1038.3333740234375,1054.0,1025.3333740234375,1038.0,14503200
2020-03-19,1038.3333740234375,1123.0,1002.0,1076.0,12785700
2020-03-23,1084.0,1118.3333740234375,1038.6666259765625,1087.0,12990600
2020-03-24,1120.3333740234375,1149.3333740234375,1111.3333740234375,1143.0,8088300
2020-03-25,1236.3333740234375,1245.6666259765625,1190.6666259765625,1216.6666259765625,8751000
2020-03-26,1201.3333740234375,1216.6666259765625,1130.3333740234375,1142.3333740234375,6813300
2020-03-27,1180.6666259765625,1188.0,1118.0,1176.3333740234375,9359700
2020-03-30,1169.3333740234375,1222.0,1150.6666259765625,1220.3333740234375,6119700
2020-03-31,1232.3333740234375,1233.0,1166.3333740234375,1170.0,6040800
2020-04-01,1153.6666259765625,1171.0,1125.0,1138.0,6545100
2020-04-02,1115.0,1139.0,1107.6666259765625,1118.6666259765625,6450900
2020-04-03,1123.3333740234375,1152.3333740234375,1107.0,1110.6666259765625,4465800
2020-04-06,1099.3333740234375,1131.3333740234375,1086.6666259765625,1128.3333740234375,5530500
2020-04-07,1149.6666259765625,1162.3333740234375,1115.3333740234375,1152.6666259765625,5068500
2020-04-08,1169.6666259765625,1211.3333740234375,1151.3333740234375,1204.0,4814100
2020-04-09,1204.0,1221.3333740234375,1181.6666259765625,1217.0,4132500
2020-04-10,1230.0,1230.0,1197.3333740234375,1223.6666259765625,6241500
2020-04-13,1220.0,1220.0,1174.3333740234375,1179.0,3832500
2020-04-14,1195.6666259765625,1209.6666259765625,1186.0,1205.6666259765625,3443700
2020-04-15,1220.3333740234375,1222.0,1206.6666259765625,1213.3333740234375,5421600
2020-04-16,1203.3333740234375,1211.6666259765625,1166.0,1166.0,7498800
2020-04-17,1187.0,1188.0,1174.0,1187.3333740234375,4781700
2020-04-20,1174.6666259765625,1196.3333740234375,1172.3333740234375,1183.0,5049000
2020-04-21,1170.0,1189.0,1166.6666259765625,1183.0,5516400
2020-04-22,1166.6666259765625,1174.6666259765625,1151.6666259765625,1167.3333740234375,5055600
2020-04-23,1167.3333740234375,1201.0,1167.3333740234375,1200.3333740234375,2949900
2020-04-24,1215.3333740234375,1225.3333740234375,1204.6666259765625,1216.0,6078300
2020-04-27,1224.6666259765625,1247.0,1211.6666259765625,1244.0,4992000
2020-04-28,1224.3333740234375,1233.6666259765625,1207.6666259765625,1217.0,3831900
2020-04-30,1255.3333740234375,1261.6666259765625,1234.0,1246.6666259765625,5168400
2020-05-01,1233.3333740234375,1245.6666259765625,1195.6666259765625,1197.3333740234375,4249800
2020-05-07,1174.0,1219.0,1174.0,1216.3333740234375,5628300
2020-05-08,1239.6666259765625,1246.6666259765625,1218.6666259765625,1233.3333740234375,3900900
2020-05-11,1244.0,1284.6666259765625,1240.6666259765625,1271.0,4128600
2020-05-12,1250.0,1270.0,1238.6666259765625,1262.0,4600800
2020-05-13,1250.3333740234375,1262.0,1231.6666259765625,1234.0,4719900
2020-05-14,1235.0,1240.6666259765625,1212.6666259765625,1217.3333740234375,3492300
2020-05-15,1232.3333740234375,1235.0,1207.0,1215.0,3331800
2020-05-18,1233.3333740234375,1240.6666259765625,1221.3333740234375,1236.3333740234375,2230200
2020-05-19,1259.6666259765625,1264.6666259765625,1245.3333740234375,1251.0,3826800
2020-05-20,1248.3333740234375,1248.3333740234375,1230.6666259765625,1230.6666259765625,4522200
2020-05-21,1254.0,1258.3333740234375,1244.6666259765625,1245.3333740234375,3351000
2020-05-22,1233.0,1240.0,1219.3333740234375,1224.3333740234375,3318300
2020-05-25,1242.3333740234375,1251.3333740234375,1234.0,1248.3333740234375,3002100
2020-05-26,1271.6666259765625,1344.6666259765625,1268.6666259765625,1341.3333740234375,6773100
2020-05-27,1347.0,1394.6666259765625,1343.0,1381.0,9473400
2020-05-28,1397.3333740234375,1419.6666259765625,1370.6666259765625,1377.6666259765625,8169000
2020-05-29,1366.6666259765625,1391.6666259765625,1352.6666259765625,1352.6666259765625,12821100
2020-06-01,1364.6666259765625,1369.3333740234375,1353.6666259765625,1363.6666259765625,4086000
2020-06-02,1393.3333740234375,1451.6666259765625,1388.0,1439.0,7165500
2020-06-03,1452.0,1458.0,1407.6666259765625,1421.6666259765625,6000300
2020-06-04,1421.0,1430.6666259765625,1395.3333740234375,1429.0,4852200
2020-06-05,1436.3333740234375,1446.6666259765625,1421.3333740234375,1445.6666259765625,4449900
2020-06-08,1463.6666259765625,1495.6666259765625,1455.3333740234375,1495.3333740234375,5668800
2020-06-09,1496.6666259765625,1516.0,1475.6666259765625,1479.6666259765625,5229600
2020-06-10,1433.0,1474.6666259765625,1432.6666259765625,1472.0,4477800
2020-06-11,1451.0,1457.3333740234375,1405.6666259765625,1407.0,4725900
2020-06-12,1337.0,1368.6666259765625,1330.0,1362.0,8515500
2020-06-15,1353.0,1373.0,1298.6666259765625,1298.6666259765625,5543400
2020-06-16,1333.3333740234375,1405.3333740234375,1330.6666259765625,1399.6666259765625,5175900
2020-06-17,1390.0,1390.0,1358.6666259765625,1365.3333740234375,3808500
2020-06-18,1354.3333740234375,1370.0,1350.6666259765625,1360.0,2839200
2020-06-19,1349.6666259765625,1354.6666259765625,1338.6666259765625,1346.3333740234375,4652700
2020-06-22,1337.3333740234375,1340.0,1319.3333740234375,1333.0,2966100
2020-06-23,1344.6666259765625,1354.0,1322.6666259765625,1343.6666259765625,2799900
2020-06-24,1354.3333740234375,1356.0,1315.6666259765625,1322.3333740234375,3949800
2020-06-25,1300.0,1303.6666259765625,1281.6666259765625,1293.3333740234375,4636800
2020-06-26,1290.0,1295.3333740234375,1275.0,1276.3333740234375,5014200
2020-06-29,1235.3333740234375,1244.3333740234375,1221.6666259765625,1233.6666259765625,5538300
2020-06-30,1261.6666259765625,1266.6666259765625,1243.3333740234375,1258.6666259765625,4408800
2020-07-01,1252.3333740234375,1257.3333740234375,1228.0,1233.3333740234375,3120000
2020-07-02,1222.0,1243.6666259765625,1209.0,1232.6666259765625,4061100
2020-07-03,1248.3333740234375,1253.3333740234375,1215.6666259765625,1225.3333740234375,1964400
2020-07-06,1231.0,1259.6666259765625,1224.6666259765625,1258.3333740234375,2802000
2020-07-07,1265.0,1265.0,1239.3333740234375,1251.0,2799600
2020-07-08,1238.0,1253.0,1226.6666259765625,1227.3333740234375,3666600
2020-07-09,1220.0,1225.0,1211.0,1212.0,3432900
2020-07-10,1212.0,1217.3333740234375,1193.3333740234375,1195.6666259765625,5939700
2020-07-13,1219.0,1236.6666259765625,1216.3333740234375,1233.3333740234375,3924900
2020-07-14,1231.3333740234375,1233.0,1212.6666259765625,1223.6666259765625,2984400
2020-07-15,1245.0,1250.6666259765625,1235.6666259765625,1243.6666259765625,2741400
2020-07-16,1279.3333740234375,1283.3333740234375,1235.3333740234375,1244.6666259765625,4253400
2020-07-17,1230.3333740234375,1245.0,1229.0,1241.0,2186400
2020-07-20,1250.0,1256.3333740234375,1224.3333740234375,1226.6666259765625,2611200
2020-07-21,1223.3333740234375,1228.0,1213.0,1218.3333740234375,2965500
2020-07-22,1225.0,1226.3333740234375,1212.0,1214.6666259765625,2407500
2020-07-27,1183.3333740234375,1204.3333740234375,1170.0,1203.3333740234375,3341400
2020-07-28,1207.6666259765625,1212.3333740234375,1190.6666259765625,1194.6666259765625,2457900
2020-07-29,1191.0,1191.0,1172.3333740234375,1173.6666259765625,2265300
2020-07-30,1180.6666259765625,1195.0,1180.0,1187.3333740234375,2937000
2020-07-31,1184.3333740234375,1184.6666259765625,1147.3333740234375,1148.0,5080500
2020-08-03,1141.3333740234375,1157.3333740234375,1127.0,1143.3333740234375,4068300
2020-08-04,1169.6666259765625,1192.3333740234375,1166.6666259765625,1190.0,3746700
2020-08-05,1197.3333740234375,1209.6666259765625,1183.0,1199.0,4241100
2020-08-06,1201.0,1217.0,1155.3333740234375,1158.0,5152800
2020-08-07,1156.0,1171.3333740234375,1152.6666259765625,1159.6666259765625,2744400
2020-08-11,1142.3333740234375,1204.6666259765625,1142.3333740234375,1203.0,4373400
2020-08-12,1214.6666259765625,1242.3333740234375,1201.3333740234375,1236.0,3846300
2020-08-13,1259.3333740234375,1263.3333740234375,1236.0,1242.3333740234375,4539000
2020-08-14,1231.6666259765625,1246.0,1228.3333740234375,1237.0,2894400
2020-08-17,1221.6666259765625,1236.6666259765625,1216.3333740234375,1219.3333740234375,2678100
2020-08-18,1209.3333740234375,1230.6666259765625,1208.0,1221.3333740234375,2315700
2020-08-19,1203.6666259765625,1219.6666259765625,1196.3333740234375,1210.6666259765625,2791800
2020-08-20,1209.6666259765625,1217.3333740234375,1200.0,1200.3333740234375,2679000
2020-08-21,1200.6666259765625,1222.3333740234375,1200.6666259765625,1220.0,2563200
2020-08-24,1220.0,1220.0,1196.3333740234375,1203.6666259765625,2151900
2020-08-25,1227.0,1238.6666259765625,1210.0,1218.6666259765625,4794300
2020-08-26,1178.3333740234375,1206.6666259765625,1168.6666259765625,1187.0,9331800
2020-08-27,1179.6666259765625,1196.6666259765625,1176.0,1184.0,5373900
2020-08-28,1192.0,1244.0,1188.6666259765625,1223.6666259765625,7280100
2020-08-31,1239.3333740234375,1255.0,1225.3333740234375,1237.6666259765625,6972900
2020-09-01,1226.6666259765625,1236.0,1211.0,1229.6666259765625,5589600
2020-09-02,1229.3333740234375,1233.0,1212.6666259765625,1221.3333740234375,5150700
2020-09-03,1232.6666259765625,1255.6666259765625,1224.6666259765625,1239.6666259765625,7845300
2020-09-04,1223.0,1230.0,1180.6666259765625,1186.3333740234375,12175200
2020-09-07,1174.3333740234375,1181.0,1153.3333740234375,1153.6666259765625,25445100
2020-09-08,1176.6666259765625,1235.0,1175.0,1233.3333740234375,50981400
2020-09-09,1220.0,1229.3333740234375,1201.0,1210.3333740234375,16889400
2020-09-10,1210.0,1256.0,1209.6666259765625,1252.6666259765625,18049200
2020-09-11,1278.3333740234375,1285.3333740234375,1259.6666259765625,1268.0,29774400
2020-09-14,1276.6666259765625,1311.6666259765625,1270.6666259765625,1298.3333740234375,23113500
2020-09-15,1284.3333740234375,1285.0,1236.0,1259.6666259765625,63138300
2020-09-16,1272.6666259765625,1288.0,1263.3333740234375,1275.0,11468400
2020-09-17,1274.6666259765625,1278.6666259765625,1256.0,1258.6666259765625,9132600
2020-09-18,1266.3333740234375,1275.0,1260.0,1266.3333740234375,9055500
2020-09-23,1273.3333740234375,1275.0,1229.0,1242.0,9784800
2020-09-24,1230.0,1232.3333740234375,1199.6666259765625,1206.6666259765625,7711500
2020-09-25,1219.6666259765625,1219.6666259765625,1197.3333740234375,1211.6666259765625,5753100
2020-09-28,1221.0,1234.6666259765625,1214.6666259765625,1234.0,5089500
2020-09-29,1232.3333740234375,1237.6666259765625,1219.0,1229.6666259765625,6194700
2020-09-30,1242.0,1252.6666259765625,1216.6666259765625,1218.6666259765625,7211700
2020-10-02,1225.3333740234375,1251.0,1207.6666259765625,1208.3333740234375,7860900
2020-10-05,1215.0,1271.6666259765625,1211.6666259765625,1269.0,9284700
2020-10-06,1262.3333740234375,1278.3333740234375,1256.6666259765625,1270.0,6163200
2020-10-07,1255.3333740234375,1257.3333740234375,1232.6666259765625,1246.6666259765625,5036400
2020-10-08,1265.6666259765625,1268.0,1252.6666259765625,1255.0,4679100
2020-10-09,1255.0,1267.3333740234375,1251.6666259765625,1256.6666259765625,3807900
2020-10-12,1266.0,1273.0,1250.6666259765625,1253.3333740234375,3366000
2020-10-13,1265.6666259765625,1271.0,1257.6666259765625,1269.6666259765625,3482400
2020-10-14,1274.3333740234375,1274.3333740234375,1256.0,1259.0,4756500
2020-10-15,1233.3333740234375,1235.6666259765625,1204.0,1206.0,7259700
2020-10-16,1196.3333740234375,1214.0,1193.6666259765625,1198.0,4605900
2020-10-19,1208.6666259765625,1221.0,1202.6666259765625,1212.0,3915600
2020-10-20,1208.0,1211.0,1191.0,1195.6666259765625,5113200
2020-10-21,1198.6666259765625,1213.3333740234375,1195.3333740234375,1206.0,4417500
2020-10-22,1192.3333740234375,1202.6666259765625,1188.3333740234375,1191.6666259765625,4815600
2020-10-23,1202.0,1206.6666259765625,1188.6666259765625,1188.6666259765625,3609900
2020-10-26,1176.0,1176.6666259765625,1154.6666259765625,1159.6666259765625,11222400
2020-10-27,1152.3333740234375,1167.3333740234375,1148.6666259765625,1154.6666259765625,6366600
2020-10-28,1142.6666259765625,1150.3333740234375,1115.3333740234375,1115.6666259765625,6647400
2020-10-29,1121.6666259765625,1138.3333740234375,1106.6666259765625,1116.6666259765625,7952400
2020-10-30,1103.3333740234375,1115.0,1074.3333740234375,1074.3333740234375,6582300
2020-11-02,1090.6666259765625,1123.0,1090.6666259765625,1116.3333740234375,6168300
2020-11-04,1139.0,1145.3333740234375,1120.3333740234375,1126.0,5083500
2020-11-05,1102.6666259765625,1136.3333740234375,1097.3333740234375,1136.3333740234375,6186600
2020-11-06,1199.3333740234375,1218.6666259765625,1187.3333740234375,1205.3333740234375,11788800
2020-11-09,1226.6666259765625,1245.0,1221.3333740234375,1230.0,7793700
2020-11-10,1296.6666259765625,1352.3333740234375,1295.3333740234375,1349.6666259765625,18554700
2020-11-11,1355.3333740234375,1379.6666259765625,1335.3333740234375,1352.0,13220700
2020-11-12,1342.0,1366.6666259765625,1339.3333740234375,1365.3333740234375,8564400
2020-11-13,1346.6666259765625,1346.6666259765625,1299.0,1308.0,8061300
2020-11-16,1346.6666259765625,1382.6666259765625,1333.3333740234375,1371.3333740234375,7579200
2020-11-17,1400.0,1407.0,1372.0,1398.6666259765625,7156800
2020-11-18,1394.6666259765625,1401.0,1377.3333740234375,1391.6666259765625,5451600
2020-11-19,1375.3333740234375,1387.3333740234375,1343.3333740234375,1352.3333740234375,7902900
2020-11-20,1343.6666259765625,1349.0,1334.0,1337.3333740234375,4858800
2020-11-24,1379.0,1401.6666259765625,1362.3333740234375,1397.3333740234375,5919900
2020-11-25,1401.6666259765625,1405.6666259765625,1380.0,1389.3333740234375,6063600
2020-11-26,1393.3333740234375,1397.6666259765625,1377.6666259765625,1396.0,4203600
2020-11-27,1386.6666259765625,1386.6666259765625,1368.0,1374.6666259765625,5010600
2020-11-30,1373.0,1373.3333740234375,1339.6666259765625,1345.6666259765625,9568500
2020-12-01,1372.6666259765625,1405.6666259765625,1370.3333740234375,1403.0,6213000
2020-12-02,1409.3333740234375,1438.6666259765625,1395.6666259765625,1432.6666259765625,6483900
2020-12-03,1432.6666259765625,1460.0,1430.0,1454.3333740234375,6717300
2020-12-04,1477.6666259765625,1525.3333740234375,1471.0,1516.6666259765625,9680100
2020-12-07,1515.6666259765625,1518.3333740234375,1475.0,1479.3333740234375,7162500
2020-12-08,1469.0,1510.6666259765625,1469.0,1506.3333740234375,5165700
2020-12-09,1503.0,1529.3333740234375,1502.6666259765625,1512.3333740234375,4701600
2020-12-10,1516.6666259765625,1534.0,1514.3333740234375,1521.3333740234375,3969900
2020-12-11,1510.0,1515.3333740234375,1481.6666259765625,1491.3333740234375,5060100
2020-12-14,1472.6666259765625,1487.0,1470.0,1471.6666259765625,4435200
2020-12-15,1440.3333740234375,1447.0,1421.0,1430.6666259765625,7292400
2020-12-16,1416.6666259765625,1439.3333740234375,1415.0,1421.3333740234375,5231400
2020-12-17,1415.3333740234375,1423.6666259765625,1402.0,1414.6666259765625,4387200
2020-12-18,1429.3333740234375,1429.6666259765625,1415.3333740234375,1417.6666259765625,5544900
2020-12-21,1427.3333740234375,1437.0,1398.3333740234375,1406.6666259765625,3658500
2020-12-22,1393.3333740234375,1424.6666259765625,1390.0,1416.3333740234375,3387900
2020-12-23,1416.6666259765625,1424.6666259765625,1412.0,1418.3333740234375,2027700
2020-12-24,1431.3333740234375,1439.3333740234375,1426.3333740234375,1430.3333740234375,2160600
2020-12-25,1436.6666259765625,1440.6666259765625,1433.6666259765625,1434.0,1397700
2020-12-28,1441.6666259765625,1445.3333740234375,1419.3333740234375,1425.6666259765625,4076100
2020-12-29,1414.0,1434.0,1406.6666259765625,1429.6666259765625,3411300
2020-12-30,1433.3333740234375,1434.0,1412.0,1414.6666259765625,2599500
2021-01-04,1421.0,1424.0,1386.6666259765625,1399.0,2830200
2021-01-05,1391.6666259765625,1397.3333740234375,1384.3333740234375,1389.6666259765625,2433000
2021-01-06,1379.6666259765625,1393.6666259765625,1375.6666259765625,1384.0,2638200
2021-01-07,1401.6666259765625,1410.6666259765625,1385.3333740234375,1394.6666259765625,3886200
2021-01-08,1405.0,1411.6666259765625,1383.3333740234375,1409.0,4656600
2021-01-12,1408.3333740234375,1408.3333740234375,1378.3333740234375,1381.3333740234375,5072100
2021-01-13,1387.3333740234375,1394.0,1379.0,1390.6666259765625,2594400
2021-01-14,1383.3333740234375,1420.0,1382.3333740234375,1405.6666259765625,4292100
2021-01-15,1397.6666259765625,1415.6666259765625,1391.6666259765625,1411.0,3501300
2021-01-18,1408.6666259765625,1409.6666259765625,1391.0,1400.0,1892100
2021-01-19,1400.0,1424.6666259765625,1399.3333740234375,1417.0,3708000
2021-01-20,1415.0,1417.6666259765625,1393.0,1417.6666259765625,2556900
2021-01-21,1428.3333740234375,1460.6666259765625,1426.6666259765625,1430.6666259765625,4348500
2021-01-22,1436.3333740234375,1463.0,1435.3333740234375,1447.0,5006400
2021-01-25,1443.6666259765625,1447.0,1428.6666259765625,1431.3333740234375,3211200
2021-01-26,1417.3333740234375,1422.0,1405.0,1413.0,2934900
2021-01-27,1424.0,1443.0,1417.3333740234375,1441.3333740234375,2792700
2021-01-28,1394.6666259765625,1404.0,1373.3333740234375,1395.0,8728800
2021-01-29,1400.0,1426.6666259765625,1398.0,1404.0,6294000
2021-02-01,1420.6666259765625,1432.6666259765625,1395.0,1401.0,4138800
2021-02-02,1397.0,1432.0,1397.0,1431.0,4340400
2021-02-03,1425.0,1445.0,1419.3333740234375,1440.0,4910700
2021-02-04,1424.0,1425.0,1403.6666259765625,1408.3333740234375,6026400
2021-02-05,1420.0,1441.6666259765625,1415.0,1437.6666259765625,5604600
2021-02-08,1439.0,1482.0,1429.3333740234375,1479.6666259765625,6738300
2021-02-09,1472.0,1476.3333740234375,1455.3333740234375,1460.0,3691200
2021-02-10,1457.6666259765625,1490.3333740234375,1451.6666259765625,1482.0,5253000
2021-02-12,1482.0,1490.3333740234375,1460.0,1476.0,5081100
2021-02-15,1496.6666259765625,1539.0,1493.0,1528.0,8298600
2021-02-16,1540.0,1575.0,1539.0,1568.3333740234375,6759600
2021-02-17,1560.3333740234375,1576.0,1533.6666259765625,1567.6666259765625,6314400
2021-02-18,1562.6666259765625,1571.6666259765625,1536.6666259765625,1539.6666259765625,8262300
2021-02-19,1538.3333740234375,1543.0,1503.3333740234375,1507.0,7322400
2021-02-22,1510.3333740234375,1532.6666259765625,1510.0,1516.0,3243900
2021-02-24,1530.3333740234375,1565.3333740234375,1503.6666259765625,1561.3333740234375,7065000
2021-02-25,1608.0,1616.6666259765625,1588.3333740234375,1598.6666259765625,6290100
2021-02-26,1581.6666259765625,1585.3333740234375,1536.0,1537.3333740234375,6801300
2021-03-01,1545.3333740234375,1553.0,1527.6666259765625,1535.0,3637800
2021-03-02,1559.6666259765625,1568.0,1533.3333740234375,1541.3333740234375,5670300
2021-03-03,1557.3333740234375,1581.3333740234375,1553.0,1577.3333740234375,4082700
2021-03-04,1566.6666259765625,1570.3333740234375,1538.3333740234375,1552.3333740234375,8578800
2021-03-05,1575.6666259765625,1590.6666259765625,1550.0,1590.3333740234375,6472800
2021-03-08,1613.0,1635.6666259765625,1605.0,1614.0,6540900
2021-03-09,1643.3333740234375,1682.0,1637.3333740234375,1682.0,9045000
2021-03-10,1653.6666259765625,1668.6666259765625,1622.0,1630.3333740234375,6228000
2021-03-11,1631.3333740234375,1632.6666259765625,1591.0,1596.0,6246900
2021-03-12,1619.3333740234375,1635.3333740234375,1602.6666259765625,1625.0,9613500
2021-03-15,1635.3333740234375,1651.6666259765625,1625.0,1630.6666259765625,4106100
2021-03-16,1623.3333740234375,1629.0,1611.6666259765625,1627.6666259765625,4465500
2021-03-17,1595.3333740234375,1622.3333740234375,1595.3333740234375,1617.0,5873100
2021-03-18,1600.0,1627.3333740234375,1578.3333740234375,1594.6666259765625,7857900
2021-03-19,1575.3333740234375,1599.6666259765625,1575.3333740234375,1586.0,10605000
2021-03-22,1568.6666259765625,1587.6666259765625,1567.3333740234375,1576.3333740234375,3992400
2021-03-23,1582.3333740234375,1588.0,1576.3333740234375,1578.6666259765625,3242100
2021-03-24,1593.6666259765625,1594.3333740234375,1524.3333740234375,1526.3333740234375,5522700
2021-03-25,1529.6666259765625,1555.6666259765625,1527.0,1542.0,5703900
2021-03-26,1557.6666259765625,1585.0,1557.0,1577.6666259765625,4640100
2021-03-29,1578.6666259765625,1587.3333740234375,1547.0,1562.3333740234375,6030600
2021-03-30,1576.0,1595.0,1570.0,1587.6666259765625,4254300
2021-03-31,1564.3333740234375,1572.6666259765625,1552.6666259765625,1555.0,4107000
2021-04-01,1568.0,1569.6666259765625,1533.6666259765625,1536.3333740234375,3144900
2021-04-02,1535.6666259765625,1539.3333740234375,1527.0,1533.3333740234375,2808900
2021-04-05,1542.3333740234375,1553.0,1538.3333740234375,1540.0,2572200
2021-04-06,1552.6666259765625,1554.0,1519.6666259765625,1521.0,3173400
2021-04-07,1530.6666259765625,1586.6666259765625,1521.0,1575.0,7192200
2021-04-08,1580.0,1586.0,1556.6666259765625,1567.0,3636000
2021-04-09,1580.3333740234375,1619.3333740234375,1569.6666259765625,1585.6666259765625,5649000
2021-04-12,1597.6666259765625,1615.0,1593.6666259765625,1597.3333740234375,5040300
2021-04-13,1600.3333740234375,1605.3333740234375,1571.6666259765625,1575.6666259765625,3047700
2021-04-14,1570.0,1573.0,1557.6666259765625,1561.0,2352300
2021-04-15,1572.6666259765625,1596.3333740234375,1571.3333740234375,1588.6666259765625,2376600
2021-04-16,1600.0,1603.6666259765625,1585.6666259765625,1589.0,5007600
2021-04-19,1584.3333740234375,1594.0,1571.6666259765625,1572.3333740234375,3774000
2021-04-20,1556.6666259765625,1560.3333740234375,1510.6666259765625,1516.3333740234375,6615000
2021-04-21,1497.0,1504.0,1474.6666259765625,1484.6666259765625,4398000
2021-04-22,1502.6666259765625,1532.3333740234375,1498.6666259765625,1520.0,5601300
2021-04-23,1511.6666259765625,1542.0,1503.6666259765625,1541.0,4114800
2021-04-26,1540.6666259765625,1554.3333740234375,1528.6666259765625,1547.0,3726600
2021-04-27,1557.6666259765625,1561.6666259765625,1535.6666259765625,1542.0,3299700
2021-04-28,1547.3333740234375,1549.6666259765625,1532.0,1541.6666259765625,2612400
2021-04-30,1559.0,1559.6666259765625,1515.0,1521.6666259765625,6062100
2021-05-06,1543.6666259765625,1558.6666259765625,1534.6666259765625,1546.3333740234375,5851200
2021-05-07,1556.0,1598.3333740234375,1551.0,1596.0,5477400
2021-05-10,1585.3333740234375,1599.0,1574.3333740234375,1580.3333740234375,3640800
2021-05-11,1572.6666259765625,1585.0,1556.0,1565.6666259765625,3387900
2021-05-12,1578.3333740234375,1595.0,1566.6666259765625,1583.6666259765625,5983500
2021-05-13,1599.6666259765625,1619.3333740234375,1579.3333740234375,1595.6666259765625,6807000
2021-05-14,1608.6666259765625,1624.6666259765625,1585.0,1614.0,5943600
2021-05-17,1750.6666259765625,1816.0,1654.6666259765625,1677.6666259765625,13859400
2021-05-18,1697.6666259765625,1740.3333740234375,1693.6666259765625,1720.3333740234375,10282800
2021-05-19,1707.0,1708.0,1667.0,1679.6666259765625,7069500
2021-05-20,1676.0,1695.3333740234375,1665.0,1691.0,3786000
2021-05-21,1701.6666259765625,1724.3333740234375,1696.6666259765625,1707.3333740234375,5592600
2021-05-24,1706.6666259765625,1742.6666259765625,1706.3333740234375,1736.0,4125900
2021-05-25,1743.6666259765625,1754.3333740234375,1736.6666259765625,1744.3333740234375,3880500
2021-05-26,1749.6666259765625,1776.0,1744.3333740234375,1744.3333740234375,5713200
2021-05-27,1742.3333740234375,1794.0,1739.6666259765625,1784.6666259765625,16962600
2021-05-28,1798.0,1814.0,1774.3333740234375,1776.6666259765625,6776100
2021-05-31,1764.3333740234375,1777.6666259765625,1735.3333740234375,1739.6666259765625,4997100
2021-06-01,1754.6666259765625,1766.3333740234375,1732.6666259765625,1748.6666259765625,3800400
2021-06-02,1751.3333740234375,1773.0,1737.0,1772.6666259765625,4006800
2021-06-03,1775.6666259765625,1815.3333740234373,1766.6666259765625,1812.6666259765625,4018200
2021-06-04,1800.0,1822.3333740234373,1794.3333740234375,1814.0,3643200
2021-06-07,1826.6666259765625,1842.6666259765625,1800.0,1818.6666259765625,3864900
2021-06-08,1821.0,1827.3333740234373,1810.0,1814.0,2791800
2021-06-09,1804.6666259765625,1828.0,1804.3333740234373,1826.3333740234373,5356500
2021-06-10,1830.3333740234373,1841.6666259765625,1809.3333740234373,1814.3333740234373,3773100
2021-06-11,1816.6666259765625,1827.6666259765625,1796.6666259765625,1797.6666259765625,5370000
2021-06-14,1818.3333740234373,1828.3333740234373,1791.3333740234375,1797.6666259765625,2470200
2021-06-15,1812.3333740234373,1840.0,1800.0,1835.0,3779100
2021-06-16,1840.0,1883.6666259765625,1821.6666259765625,1826.0,5577000
2021-06-17,1825.6666259765625,1837.0,1817.0,1821.0,2394300
2021-06-18,1826.0,1835.0,1807.3333740234373,1811.0,4623000
2021-06-21,1778.3333740234375,1782.3333740234375,1748.3333740234375,1760.0,4284900
2021-06-22,1802.0,1835.6666259765625,1797.3333740234375,1826.0,4718700
2021-06-23,1818.3333740234373,1825.0,1801.0,1802.0,2856900
2021-06-24,1807.0,1808.0,1782.3333740234375,1783.3333740234375,2970000
2021-06-25,1798.3333740234375,1805.6666259765625,1790.3333740234375,1802.0,2798400
2021-06-28,1800.0,1800.0,1763.3333740234375,1773.6666259765625,3864300
2021-06-29,1736.6666259765625,1738.0,1710.0,1731.3333740234375,7043700
2021-06-30,1710.3333740234375,1745.0,1710.3333740234375,1730.3333740234375,4643400
2021-07-01,1728.6666259765625,1730.6666259765625,1706.6666259765625,1715.6666259765625,2608800
2021-07-02,1715.6666259765625,1736.3333740234375,1715.6666259765625,1735.3333740234375,4865700
2021-07-05,1716.0,1735.0,1696.6666259765625,1713.3333740234375,2288700
2021-07-06,1722.6666259765625,1735.0,1711.3333740234375,1731.3333740234375,2483100
2021-07-07,1700.0,1724.0,1698.0,1714.0,3482100
2021-07-08,1734.3333740234375,1742.3333740234375,1713.6666259765625,1715.0,5958000
2021-07-09,1683.3333740234375,1686.0,1646.0,1681.0,6627900
2021-07-12,1709.6666259765625,1720.6666259765625,1691.0,1702.0,3909300
2021-07-13,1708.3333740234375,1731.3333740234375,1708.0,1721.6666259765625,3563400
2021-07-14,1708.0,1736.3333740234375,1705.0,1726.3333740234375,3514200
2021-07-15,1726.0,1733.0,1689.3333740234375,1693.6666259765625,3037500
2021-07-16,1685.3333740234375,1694.0,1672.0,1674.6666259765625,3261000
2021-07-19,1657.0,1668.6666259765625,1636.0,1646.6666259765625,3705600
2021-07-20,1616.0,1655.6666259765625,1610.0,1644.0,4431600
2021-07-21,1659.0,1671.3333740234375,1644.6666259765625,1654.0,2866200
2021-07-26,1683.6666259765625,1687.3333740234375,1670.6666259765625,1677.3333740234375,4058100
2021-07-27,1695.0,1723.0,1684.3333740234375,1714.6666259765625,5093700
2021-07-28,1684.6666259765625,1696.0,1675.3333740234375,1680.3333740234375,4117200
2021-07-29,1682.3333740234375,1695.6666259765625,1666.3333740234375,1677.3333740234375,14408700
2021-07-30,1663.6666259765625,1672.6666259765625,1635.0,1637.0,5220300
2021-08-02,1653.0,1692.6666259765625,1642.6666259765625,1685.3333740234375,3565200
2021-08-03,1641.3333740234375,1661.0,1625.3333740234375,1632.0,5567700
2021-08-04,1639.6666259765625,1652.3333740234375,1630.6666259765625,1647.0,3313800
2021-08-05,1626.6666259765625,1669.6666259765625,1624.0,1667.6666259765625,2956200
2021-08-06,1660.0,1676.6666259765625,1655.0,1663.3333740234375,2944200
2021-08-10,1671.3333740234375,1677.6666259765625,1652.6666259765625,1661.0,3539100
2021-08-11,1711.0,1736.6666259765625,1673.3333740234375,1680.6666259765625,6965100
2021-08-12,1687.0,1694.0,1653.0,1656.0,3315600
2021-08-13,1671.6666259765625,1689.3333740234375,1660.6666259765625,1677.3333740234375,3512100
2021-08-16,1677.0,1688.3333740234375,1666.0,1685.3333740234375,3854700
2021-08-17,1680.3333740234375,1714.0,1670.3333740234375,1709.0,4104900
2021-08-18,1716.6666259765625,1725.6666259765625,1698.3333740234375,1703.0,3235500
2021-08-19,1685.6666259765625,1690.6666259765625,1663.3333740234375,1669.6666259765625,4605600
2021-08-20,1667.0,1674.0,1639.3333740234375,1641.6666259765625,4549200
2021-08-23,1674.6666259765625,1705.0,1662.3333740234375,1687.6666259765625,4609800
2021-08-24,1700.0,1735.0,1696.6666259765625,1727.6666259765625,3869100
2021-08-25,1726.3333740234375,1734.6666259765625,1715.3333740234375,1724.6666259765625,2726100
2021-08-26,1726.6666259765625,1738.0,1716.6666259765625,1738.0,3983400
2021-08-27,1715.3333740234375,1721.0,1681.6666259765625,1683.3333740234375,4174200
2021-08-30,1686.6666259765625,1702.3333740234375,1683.3333740234375,1698.3333740234375,3815100
2021-08-31,1693.6666259765625,1709.0,1681.6666259765625,1704.6666259765625,4553700
2021-09-01,1716.6666259765625,1760.6666259765625,1715.0,1760.3333740234375,4399500
2021-09-02,1747.6666259765625,1758.0,1730.3333740234375,1753.6666259765625,5061600
2021-09-03,1763.3333740234375,1769.3333740234375,1739.0,1760.6666259765625,5408700
2021-09-06,1783.0,1797.3333740234375,1781.0,1794.3333740234375,4492200
2021-09-07,1810.0,1819.6666259765625,1790.3333740234375,1792.3333740234375,4202100
2021-09-08,1809.3333740234373,1809.6666259765625,1758.3333740234375,1769.6666259765625,5648700
2021-09-09,1774.3333740234375,1811.3333740234373,1771.3333740234375,1808.6666259765625,5980800
2021-09-10,1819.3333740234373,1833.0,1797.3333740234375,1814.3333740234373,7633200
2021-09-13,1819.0,1859.6666259765625,1819.0,1851.0,5145900
2021-09-14,1858.3333740234373,1894.6666259765625,1857.6666259765625,1893.0,5722500
2021-09-15,1871.0,1890.0,1814.3333740234373,1815.0,6833100
2021-09-16,1836.6666259765625,1861.0,1832.6666259765625,1837.3333740234373,4856700
2021-09-17,1844.0,1851.6666259765625,1825.0,1849.0,5175600
2021-09-21,1821.0,1841.3333740234373,1807.0,1828.3333740234373,4418700
2021-09-22,1822.3333740234373,1822.3333740234373,1783.6666259765625,1786.6666259765625,3492600
2021-09-24,1805.0,1818.3333740234373,1794.6666259765625,1818.0,6088200
2021-09-27,1816.6666259765625,1823.3333740234373,1803.6666259765625,1808.3333740234373,3378600
2021-09-28,1807.3333740234373,1828.0,1800.0,1823.6666259765625,6028800
2021-09-29,1804.3333740234373,1820.0,1795.0,1815.0,4458000
2021-09-30,1819.6666259765625,1833.0,1805.6666259765625,1807.0,8376300
2021-10-01,1790.0,1791.0,1755.0,1779.6666259765625,5372700
2021-10-04,1797.6666259765625,1816.3333740234373,1784.6666259765625,1807.3333740234373,6180300
2021-10-05,1840.0,1876.0,1822.0,1856.3333740234373,8868900
2021-10-06,1876.3333740234373,1886.3333740234373,1828.6666259765625,1858.6666259765625,6636600
2021-10-07,1872.6666259765625,1888.3333740234373,1848.6666259765625,1865.0,5145900
2021-10-08,1866.6666259765625,1875.0,1841.3333740234373,1845.3333740234373,4480500
2021-10-11,1848.6666259765625,1871.0,1844.0,1866.0,3918900
2021-10-12,1850.0,1860.6666259765625,1816.6666259765625,1817.6666259765625,5167800
2021-10-13,1805.0,1830.3333740234373,1797.6666259765625,1805.3333740234373,4879800
2021-10-14,1808.6666259765625,1819.3333740234373,1797.3333740234375,1797.6666259765625,4239600
2021-10-15,1800.0,1807.0,1757.0,1771.3333740234375,6645300
2021-10-18,1782.6666259765625,1793.3333740234375,1748.0,1750.3333740234375,5424900
2021-10-19,1741.0,1758.3333740234375,1729.3333740234375,1747.3333740234375,3311400
2021-10-20,1747.6666259765625,1756.6666259765625,1736.0,1743.6666259765625,3159300
2021-10-21,1733.6666259765625,1737.3333740234375,1704.0,1704.0,3870300
2021-10-22,1683.3333740234375,1701.3333740234375,1681.3333740234375,1694.6666259765625,3753300
2021-10-25,1678.3333740234375,1678.3333740234375,1644.0,1644.3333740234375,6103200
2021-10-26,1657.3333740234375,1691.6666259765625,1650.3333740234375,1682.3333740234375,5270700
2021-10-27,1682.3333740234375,1710.6666259765625,1682.3333740234375,1690.6666259765625,4109700
2021-10-28,1679.3333740234375,1691.6666259765625,1674.3333740234375,1681.3333740234375,5073000
2021-10-29,1681.6666259765625,1720.0,1671.3333740234375,1719.0,5929800
2021-11-01,1738.0,1762.6666259765625,1726.3333740234375,1746.3333740234375,6289800
2021-11-02,1762.6666259765625,1762.6666259765625,1723.6666259765625,1730.6666259765625,3201300
2021-11-04,1739.3333740234375,1740.3333740234375,1710.6666259765625,1721.6666259765625,3717600
2021-11-05,1700.3333740234375,1705.3333740234375,1669.6666259765625,1696.0,5754000
2021-11-08,1703.3333740234375,1731.6666259765625,1701.6666259765625,1726.6666259765625,4106100
2021-11-09,1733.3333740234375,1739.6666259765625,1684.3333740234375,1688.3333740234375,3324600
2021-11-10,1661.0,1663.0,1630.3333740234375,1639.6666259765625,7664400
2021-11-11,1523.0,1605.6666259765625,1522.6666259765625,1575.0,14459100
2021-11-12,1561.6666259765625,1609.6666259765625,1559.0,1596.3333740234375,5917800
2021-11-15,1590.3333740234375,1603.0,1584.3333740234375,1595.0,4030500
2021-11-16,1588.0,1599.3333740234375,1580.0,1587.6666259765625,4628400
2021-11-17,1583.6666259765625,1588.3333740234375,1543.3333740234375,1543.6666259765625,6686400
2021-11-18,1534.6666259765625,1551.0,1528.6666259765625,1540.0,4742400
2021-11-19,1529.0,1550.0,1528.3333740234375,1534.0,3546600
2021-11-22,1506.6666259765625,1517.3333740234375,1496.6666259765625,1515.3333740234375,4427100
2021-11-24,1494.0,1533.3333740234375,1494.0,1502.3333740234375,5655600
2021-11-25,1496.6666259765625,1505.6666259765625,1481.6666259765625,1486.0,5904300
2021-11-26,1474.6666259765625,1486.6666259765625,1458.3333740234375,1470.6666259765625,6970800
2021-11-29,1447.3333740234375,1464.3333740234375,1431.6666259765625,1441.3333740234375,5864100
2021-11-30,1437.0,1453.6666259765625,1398.0,1398.0,8905800
2021-12-01,1409.3333740234375,1421.0,1393.3333740234375,1407.0,5284800
2021-12-02,1387.0,1415.6666259765625,1380.0,1408.3333740234375,6225000
2021-12-03,1431.0,1460.0,1409.3333740234375,1459.3333740234375,6716400
2021-12-06,1472.0,1483.0,1461.0,1476.3333740234375,5597700
2021-12-07,1509.0,1537.3333740234375,1489.6666259765625,1528.6666259765625,8158800
2021-12-08,1527.6666259765625,1531.0,1518.0,1522.6666259765625,5442300
2021-12-09,1528.3333740234375,1545.6666259765625,1523.6666259765625,1539.6666259765625,3907200
2021-12-10,1540.0,1549.0,1513.3333740234375,1516.6666259765625,5778000
2021-12-13,1545.3333740234375,1555.6666259765625,1534.3333740234375,1534.3333740234375,4026600
2021-12-14,1528.3333740234375,1547.3333740234375,1507.6666259765625,1517.3333740234375,3754200
2021-12-15,1507.0,1514.3333740234375,1495.0,1501.0,3993600
2021-12-16,1526.0,1530.3333740234375,1510.6666259765625,1528.3333740234375,3171300
2021-12-17,1528.3333740234375,1541.6666259765625,1510.3333740234375,1517.3333740234375,4797900
2021-12-20,1499.6666259765625,1515.6666259765625,1495.0,1500.0,3133200
2021-12-21,1523.3333740234375,1527.3333740234375,1513.6666259765625,1519.6666259765625,2953500
2021-12-22,1512.6666259765625,1523.0,1508.6666259765625,1515.6666259765625,2655600
2021-12-23,1523.3333740234375,1526.3333740234375,1512.3333740234375,1525.0,2493900
2021-12-24,1529.6666259765625,1530.0,1512.3333740234375,1520.3333740234375,1965900
2021-12-27,1520.0,1520.0,1503.3333740234375,1508.0,2516100
2021-12-28,1527.0,1531.6666259765625,1518.0,1531.6666259765625,3882600
2021-12-29,1515.0,1519.0,1488.3333740234375,1495.6666259765625,3710100
2021-12-30,1495.6666259765625,1504.6666259765625,1480.0,1491.3333740234375,4007100
2022-01-04,1508.0,1538.6666259765625,1494.6666259765625,1538.6666259765625,5837100
2022-01-05,1530.3333740234375,1531.6666259765625,1506.6666259765625,1527.6666259765625,4116600
2022-01-06,1527.6666259765625,1532.0,1500.3333740234375,1504.3333740234375,4040100
2022-01-07,1520.3333740234375,1534.3333740234375,1510.6666259765625,1529.6666259765625,5248800
2022-01-11,1534.6666259765625,1540.0,1512.6666259765625,1529.0,3710400
2022-01-12,1549.6666259765625,1573.3333740234375,1544.0,1566.3333740234375,4845900
2022-01-13,1546.6666259765625,1560.3333740234375,1540.6666259765625,1546.6666259765625,3659400
2022-01-14,1550.0,1559.6666259765625,1544.6666259765625,1550.0,5123400
2022-01-17,1586.6666259765625,1598.0,1560.3333740234375,1562.0,4951800
2022-01-18,1570.0,1585.0,1565.3333740234375,1568.0,5703900
2022-01-19,1564.3333740234375,1586.3333740234375,1549.6666259765625,1556.6666259765625,5108100
2022-01-20,1548.6666259765625,1589.3333740234375,1548.6666259765625,1589.3333740234375,4268400
2022-01-21,1568.3333740234375,1620.6666259765625,1560.6666259765625,1617.0,5304900
2022-01-24,1625.0,1636.6666259765625,1590.6666259765625,1607.0,4430100
2022-01-25,1600.0,1609.6666259765625,1577.6666259765625,1608.3333740234375,4569900
2022-01-26,1606.3333740234375,1613.0,1584.0,1588.6666259765625,3246600
2022-01-27,1581.6666259765625,1595.3333740234375,1545.3333740234375,1565.0,4785300
2022-01-28,1586.0,1601.3333740234375,1580.6666259765625,1599.0,4094700
2022-01-31,1585.3333740234375,1586.0,1549.0,1556.0,4918800
2022-02-01,1555.3333740234375,1586.6666259765625,1547.3333740234375,1574.0,3671400
2022-02-02,1577.0,1601.6666259765625,1572.6666259765625,1594.3333740234375,3433500
2022-02-03,1592.6666259765625,1605.6666259765625,1589.0,1596.6666259765625,3192600
2022-02-04,1583.0,1589.0,1540.6666259765625,1583.6666259765625,5047500
2022-02-07,1567.0,1591.6666259765625,1558.3333740234375,1590.0,2991300
2022-02-08,1597.0,1613.3333740234375,1592.6666259765625,1603.3333740234375,4061700
2022-02-09,1616.6666259765625,1621.0,1588.6666259765625,1612.3333740234375,4297800
2022-02-10,1623.0,1632.3333740234375,1611.3333740234375,1623.0,4155000
2022-02-14,1632.3333740234375,1636.0,1601.3333740234375,1616.3333740234375,5471700
2022-02-15,1626.6666259765625,1641.3333740234375,1614.0,1624.3333740234375,6970200
2022-02-16,1733.3333740234375,1738.3333740234375,1688.0,1704.0,10599900
2022-02-17,1711.0,1742.6666259765625,1704.6666259765625,1739.6666259765625,7488000
2022-02-18,1722.3333740234375,1725.6666259765625,1696.3333740234375,1715.6666259765625,5023800
2022-02-21,1700.0,1714.6666259765625,1688.6666259765625,1705.0,3768000
2022-02-22,1671.6666259765625,1673.6666259765625,1653.6666259765625,1664.3333740234375,5070900
2022-02-24,1657.0,1662.0,1564.3333740234375,1578.3333740234375,13909500
2022-02-25,1571.0,1575.3333740234375,1553.0,1556.6666259765625,9667800
2022-02-28,1556.6666259765625,1573.3333740234375,1529.3333740234375,1548.0,7626300
2022-03-01,1549.3333740234375,1577.0,1548.6666259765625,1559.3333740234375,5318100
2022-03-02,1540.6666259765625,1548.0,1498.6666259765625,1499.3333740234375,4481400
2022-03-03,1518.3333740234375,1535.3333740234375,1505.0,1519.6666259765625,6381300
2022-03-04,1513.6666259765625,1528.0,1461.6666259765625,1473.3333740234375,6304800
2022-03-07,1426.6666259765625,1432.3333740234375,1350.0,1371.0,8402100
2022-03-08,1364.0,1371.0,1317.6666259765625,1323.3333740234375,10236600
2022-03-09,1306.0,1395.0,1306.0,1349.0,10043700
2022-03-10,1386.6666259765625,1438.3333740234375,1375.0,1411.6666259765625,10938600
2022-03-11,1369.6666259765625,1371.0,1318.6666259765625,1338.6666259765625,12411900
2022-03-14,1373.3333740234375,1385.0,1357.3333740234375,1369.3333740234375,5637300
2022-03-15,1365.6666259765625,1426.6666259765625,1362.6666259765625,1401.3333740234375,6747900
2022-03-16,1409.6666259765625,1410.0,1390.0,1402.0,5295900
2022-03-17,1443.3333740234375,1443.3333740234375,1419.0,1441.0,7115400
2022-03-18,1436.0,1452.6666259765625,1428.0,1443.0,7923600
2022-03-22,1450.0,1484.0,1450.0,1463.3333740234375,5689800
2022-03-23,1480.0,1495.6666259765625,1472.0,1482.3333740234375,5415900
2022-03-24,1472.3333740234375,1490.6666259765625,1469.0,1485.0,6014700
2022-03-25,1500.6666259765625,1504.0,1474.6666259765625,1481.6666259765625,3512400
2022-03-28,1480.6666259765625,1484.0,1467.0,1475.6666259765625,7767600
2022-03-29,1481.6666259765625,1491.3333740234375,1470.3333740234375,1480.6666259765625,7740000
2022-03-30,1496.0,1515.6666259765625,1481.3333740234375,1496.0,6698100
2022-03-31,1480.6666259765625,1498.6666259765625,1478.3333740234375,1487.0,6742500
2022-04-01,1472.3333740234375,1496.3333740234375,1464.3333740234375,1488.0,5255700
2022-04-04,1493.3333740234375,1502.0,1483.3333740234375,1492.0,3670800
2022-04-05,1487.6666259765625,1491.6666259765625,1472.3333740234375,1491.0,3919500
2022-04-06,1477.3333740234375,1496.0,1475.0,1487.3333740234375,5515800
2022-04-07,1471.6666259765625,1474.0,1438.3333740234375,1465.0,4573200
2022-04-08,1488.3333740234375,1493.6666259765625,1455.0,1480.3333740234375,5871300
2022-04-11,1485.3333740234375,1518.6666259765625,1481.0,1506.6666259765625,5081700
2022-04-12,1495.6666259765625,1503.3333740234375,1482.0,1485.0,3825300
2022-04-13,1487.6666259765625,1494.6666259765625,1473.3333740234375,1491.6666259765625,4321500
2022-04-14,1486.6666259765625,1496.0,1478.6666259765625,1490.0,2491200
2022-04-15,1503.6666259765625,1518.0,1493.3333740234375,1498.6666259765625,3157500
2022-04-18,1485.0,1489.6666259765625,1462.6666259765625,1476.3333740234375,3183600
2022-04-19,1499.6666259765625,1499.6666259765625,1477.6666259765625,1488.6666259765625,3030900
2022-04-20,1491.6666259765625,1506.3333740234375,1482.6666259765625,1505.3333740234375,4648200
2022-04-21,1509.3333740234375,1537.3333740234375,1502.6666259765625,1533.6666259765625,5412600
2022-04-22,1516.6666259765625,1536.6666259765625,1507.3333740234375,1516.0,4036500
2022-04-25,1492.6666259765625,1514.6666259765625,1488.6666259765625,1511.0,4421100
2022-04-26,1515.3333740234375,1540.0,1512.3333740234375,1538.6666259765625,6133500
2022-04-27,1621.3333740234375,1646.6666259765625,1594.3333740234375,1604.6666259765625,17637600
2022-04-28,1581.6666259765625,1625.0,1573.0,1621.0,6214200
2022-05-02,1630.6666259765625,1631.3333740234375,1600.6666259765625,1608.0,4332300
2022-05-06,1603.6666259765625,1644.3333740234375,1602.6666259765625,1641.6666259765625,5248800
2022-05-09,1628.0,1628.0,1584.3333740234375,1607.3333740234375,3632100
2022-05-10,1598.6666259765625,1608.6666259765625,1570.3333740234375,1570.6666259765625,5856600
2022-05-11,1565.3333740234375,1590.0,1551.6666259765625,1586.3333740234375,4982700
2022-05-12,1575.0,1599.0,1559.3333740234375,1593.6666259765625,3625500
2022-05-13,1597.0,1615.0,1579.0,1588.0,4810800
2022-05-16,1581.6666259765625,1601.3333740234375,1560.6666259765625,1562.0,6131100
2022-05-17,1383.6666259765625,1399.3333740234375,1356.6666259765625,1392.3333740234375,22182900
2022-05-18,1421.0,1443.6666259765625,1413.0,1424.3333740234375,11541300
2022-05-19,1401.6666259765625,1421.0,1377.6666259765625,1410.3333740234375,7872000
2022-05-20,1409.0,1423.3333740234375,1393.6666259765625,1415.0,6989400
2022-05-23,1422.3333740234375,1429.6666259765625,1404.0,1411.6666259765625,5365200
2022-05-24,1430.0,1438.0,1411.0,1411.0,6796200
2022-05-25,1417.6666259765625,1425.3333740234375,1392.0,1394.3333740234375,6197700
2022-05-26,1410.0,1449.0,1410.0,1415.0,7075800
2022-05-27,1436.3333740234375,1438.0,1402.0,1412.6666259765625,4858200
2022-05-30,1420.6666259765625,1458.0,1417.0,1452.3333740234375,10998000
2022-05-31,1446.0,1450.6666259765625,1429.6666259765625,1446.6666259765625,8799600
2022-06-01,1452.3333740234375,1480.6666259765625,1450.3333740234375,1472.0,3947400
2022-06-02,1470.3333740234375,1491.3333740234375,1465.3333740234375,1476.3333740234375,5617500
2022-06-03,1470.0,1485.3333740234375,1466.6666259765625,1476.6666259765625,5380200
2022-06-06,1475.0,1488.3333740234375,1473.0,1480.6666259765625,4677000
2022-06-07,1488.3333740234375,1489.0,1469.3333740234375,1477.0,4628700
2022-06-08,1484.0,1487.6666259765625,1467.6666259765625,1481.6666259765625,6822600
2022-06-09,1479.0,1496.3333740234375,1474.0,1489.0,5340300
2022-06-10,1491.3333740234375,1499.0,1474.0,1477.0,5121000
2022-06-13,1462.0,1471.3333740234375,1455.0,1462.6666259765625,4702500
2022-06-14,1436.6666259765625,1452.0,1430.0,1445.6666259765625,5165100
2022-06-15,1433.6666259765625,1439.6666259765625,1406.3333740234375,1407.6666259765625,6818700
2022-06-16,1426.6666259765625,1463.0,1425.0,1450.0,6405300
2022-06-17,1426.6666259765625,1458.3333740234375,1419.6666259765625,1451.0,15590100
2022-06-20,1448.3333740234375,1450.3333740234375,1410.3333740234375,1418.3333740234375,4468200
2022-06-21,1429.6666259765625,1458.6666259765625,1420.6666259765625,1451.3333740234375,4902000
2022-06-22,1459.0,1474.3333740234375,1448.6666259765625,1469.6666259765625,4451100
2022-06-23,1479.6666259765625,1505.0,1478.6666259765625,1504.0,4992900
2022-06-24,1500.0,1509.0,1491.6666259765625,1508.0,4065300
2022-06-27,1521.6666259765625,1522.3333740234375,1494.3333740234375,1497.6666259765625,4267500
2022-06-28,1489.6666259765625,1517.6666259765625,1482.0,1517.3333740234375,5923500
2022-06-29,1499.0,1511.3333740234375,1492.6666259765625,1499.6666259765625,9351300
2022-06-30,1485.0,1509.0,1480.3333740234375,1481.6666259765625,6810600
2022-07-01,1499.3333740234375,1514.6666259765625,1461.6666259765625,1468.6666259765625,5368500
2022-07-04,1449.3333740234375,1478.0,1444.6666259765625,1475.6666259765625,5309700
2022-07-05,1480.6666259765625,1489.0,1472.6666259765625,1484.3333740234375,4205400
2022-07-06,1482.6666259765625,1494.3333740234375,1463.3333740234375,1467.6666259765625,6002100
2022-07-07,1486.0,1508.6666259765625,1473.0,1498.3333740234375,7462800
2022-07-08,1503.3333740234375,1507.6666259765625,1481.0,1485.6666259765625,6279000
2022-07-11,1514.6666259765625,1531.6666259765625,1509.0,1528.0,5920200
2022-07-12,1517.3333740234375,1521.0,1499.0,1504.0,4054200
2022-07-13,1504.6666259765625,1529.6666259765625,1504.6666259765625,1515.6666259765625,3653700
2022-07-14,1514.3333740234375,1530.6666259765625,1509.3333740234375,1523.6666259765625,3882900
2022-07-15,1524.6666259765625,1526.3333740234375,1498.3333740234375,1508.0,3372600
2022-07-19,1511.3333740234375,1516.3333740234375,1492.3333740234375,1509.6666259765625,5234400
2022-07-20,1522.0,1536.6666259765625,1514.3333740234375,1528.0,4530600
2022-07-21,1519.6666259765625,1522.6666259765625,1502.0,1513.0,4508700
2022-07-22,1522.0,1547.6666259765625,1511.3333740234375,1545.3333740234375,5094900
2022-07-25,1540.0,1557.3333740234375,1539.3333740234375,1557.3333740234375,3138000
2022-07-26,1553.6666259765625,1557.3333740234375,1538.6666259765625,1543.0,3033000
2022-07-27,1533.6666259765625,1556.0,1530.3333740234375,1550.3333740234375,4558200
2022-07-28,1556.6666259765625,1558.0,1532.0,1553.6666259765625,16045500
2022-07-29,1549.3333740234375,1552.6666259765625,1534.3333740234375,1540.0,4765800
2022-08-01,1539.0,1562.6666259765625,1532.6666259765625,1550.6666259765625,4785600
2022-08-02,1535.3333740234375,1538.0,1519.3333740234375,1522.0,4252200
2022-08-03,1526.6666259765625,1541.3333740234375,1518.0,1532.3333740234375,4879500
2022-08-04,1547.0,1551.0,1526.6666259765625,1534.3333740234375,5586600
2022-08-05,1527.3333740234375,1543.0,1523.3333740234375,1542.3333740234375,3638400
2022-08-08,1537.6666259765625,1547.0,1525.3333740234375,1541.6666259765625,3167400
2022-08-09,1541.3333740234375,1546.0,1493.0,1496.6666259765625,5090400
2022-08-10,1538.3333740234375,1547.6666259765625,1502.3333740234375,1538.0,7387500
2022-08-12,1569.0,1616.3333740234375,1545.6666259765625,1616.0,10425900
2022-08-15,1597.3333740234375,1611.0,1592.3333740234375,1595.3333740234375,4090800
2022-08-16,1605.6666259765625,1612.0,1594.3333740234375,1598.0,2445300
2022-08-17,1591.3333740234375,1613.6666259765625,1588.0,1611.3333740234375,3553800
2022-08-18,1593.6666259765625,1602.3333740234375,1584.6666259765625,1586.6666259765625,3308700
2022-08-19,1586.6666259765625,1614.0,1585.3333740234375,1598.0,5051400
2022-08-22,1589.3333740234375,1601.0,1584.0,1601.0,2262300
2022-08-23,1599.3333740234375,1618.3333740234375,1595.0,1615.3333740234375,4446000
2022-08-24,1618.0,1618.0,1594.0,1596.6666259765625,2998200
2022-08-25,1605.3333740234375,1619.6666259765625,1599.3333740234375,1616.6666259765625,2808900
2022-08-26,1605.3333740234375,1613.6666259765625,1573.3333740234375,1573.3333740234375,4824900
2022-08-29,1551.6666259765625,1568.0,1543.0,1560.0,4663500
2022-08-30,1575.3333740234375,1585.6666259765625,1571.3333740234375,1577.3333740234375,2678700
2022-08-31,1579.0,1585.0,1555.6666259765625,1557.6666259765625,6538800
2022-09-01,1550.0,1566.6666259765625,1547.6666259765625,1554.3333740234375,3899400
2022-09-02,1557.0,1560.3333740234375,1544.0,1552.6666259765625,3120900
2022-09-05,1543.0,1549.3333740234375,1524.6666259765625,1524.6666259765625,3809400
2022-09-06,1524.6666259765625,1542.6666259765625,1514.0,1519.3333740234375,4478400
2022-09-07,1519.0,1525.3333740234375,1496.6666259765625,1513.0,3530400
2022-09-08,1520.6666259765625,1551.0,1517.0,1549.0,3312300
2022-09-09,1531.6666259765625,1561.6666259765625,1531.6666259765625,1552.0,4549200
2022-09-12,1565.3333740234375,1568.6666259765625,1553.6666259765625,1561.0,2088300
2022-09-13,1563.0,1567.6666259765625,1544.0,1564.3333740234375,3465900
2022-09-14,1541.0,1553.3333740234375,1528.3333740234375,1530.6666259765625,4734600
2022-09-15,1534.3333740234375,1556.0,1531.6666259765625,1552.6666259765625,3861000
2022-09-16,1543.3333740234375,1564.0,1542.3333740234375,1560.0,4037700
2022-09-20,1581.0,1592.6666259765625,1574.6666259765625,1583.3333740234375,4182000
2022-09-21,1578.0,1578.0,1552.6666259765625,1560.3333740234375,3927300
2022-09-22,1545.0,1552.3333740234375,1537.0,1548.3333740234375,3613800
2022-09-26,1532.0,1548.0,1528.6666259765625,1534.3333740234375,4186200
2022-09-27,1533.3333740234375,1556.3333740234375,1524.0,1553.3333740234375,4189500
2022-09-28,1528.3333740234375,1530.3333740234375,1469.0,1483.3333740234375,7751700
2022-09-29,1491.3333740234375,1520.0,1485.0,1516.0,4869900
2022-09-30,1513.0,1520.6666259765625,1487.0,1494.6666259765625,5932200
2022-10-03,1490.3333740234375,1492.3333740234375,1468.6666259765625,1491.6666259765625,4789500
2022-10-04,1515.0,1549.6666259765625,1513.3333740234375,1545.3333740234375,4446000
2022-10-05,1550.0,1555.6666259765625,1527.6666259765625,1531.6666259765625,5115600
2022-10-06,1537.3333740234375,1565.3333740234375,1531.6666259765625,1541.3333740234375,4257900
2022-10-07,1513.0,1523.6666259765625,1509.0,1517.3333740234375,5137800
2022-10-11,1503.3333740234375,1511.3333740234375,1441.3333740234375,1446.6666259765625,9521700
2022-10-12,1443.0,1468.3333740234375,1442.0,1445.0,10804200
2022-10-13,1437.6666259765625,1438.0,1402.6666259765625,1425.0,10220700
2022-10-14,1446.6666259765625,1479.0,1442.3333740234375,1472.3333740234375,6779700
2022-10-17,1461.3333740234375,1483.3333740234375,1457.3333740234375,1461.0,3752400
2022-10-18,1476.6666259765625,1484.6666259765625,1455.6666259765625,1464.3333740234375,5475300
2022-10-19,1463.6666259765625,1473.3333740234375,1448.6666259765625,1459.3333740234375,6199200
2022-10-20,1430.0,1435.3333740234375,1415.3333740234375,1425.6666259765625,8189700
2022-10-21,1433.3333740234375,1436.3333740234375,1413.0,1413.0,4894200
2022-10-24,1432.6666259765625,1432.6666259765625,1408.6666259765625,1408.6666259765625,3272700
2022-10-25,1425.6666259765625,1429.0,1417.3333740234375,1421.6666259765625,4103100
2022-10-26,1433.3333740234375,1453.0,1429.3333740234375,1443.0,4096500
2022-10-27,1400.0,1405.6666259765625,1359.3333740234375,1379.6666259765625,13215900
2022-10-28,1383.3333740234375,1395.6666259765625,1377.3333740234375,1385.6666259765625,16694700
2022-10-31,1393.3333740234375,1395.3333740234375,1375.3333740234375,1388.0,5170500
2022-11-01,1395.0,1402.6666259765625,1388.6666259765625,1390.3333740234375,4157700
2022-11-02,1391.6666259765625,1416.6666259765625,1384.0,1411.3333740234375,6206700
2022-11-04,1391.6666259765625,1395.6666259765625,1377.0,1386.6666259765625,6441000
2022-11-07,1401.3333740234375,1418.3333740234375,1397.0,1416.3333740234375,5628300
2022-11-08,1421.3333740234375,1432.0,1416.3333740234375,1426.0,5099700
2022-11-09,1433.0,1435.0,1418.0,1424.6666259765625,3873300
2022-11-10,1417.0,1431.6666259765625,1408.3333740234375,1424.3333740234375,4146000
2022-11-11,1457.6666259765625,1464.6666259765625,1426.6666259765625,1445.0,8157900
2022-11-14,1425.0,1457.3333740234375,1425.0,1432.6666259765625,6006900
2022-11-15,1441.3333740234375,1456.3333740234375,1438.6666259765625,1440.3333740234375,3840600
2022-11-16,1435.6666259765625,1437.0,1407.3333740234375,1424.6666259765625,5146200
2022-11-17,1424.6666259765625,1430.6666259765625,1419.6666259765625,1420.0,3581700
2022-11-18,1422.0,1428.6666259765625,1417.6666259765625,1423.3333740234375,3115200
2022-11-21,1424.3333740234375,1435.3333740234375,1422.3333740234375,1434.6666259765625,2561400
2022-11-22,1444.6666259765625,1458.6666259765625,1444.6666259765625,1454.0,3626400
2022-11-24,1473.3333740234375,1484.0,1471.6666259765625,1475.6666259765625,6896400
2022-11-25,1477.6666259765625,1486.0,1471.6666259765625,1483.6666259765625,3201600
2022-11-28,1486.6666259765625,1487.6666259765625,1471.0,1476.3333740234375,4540800
2022-11-29,1470.6666259765625,1485.6666259765625,1467.0,1482.6666259765625,3574500
2022-11-30,1474.6666259765625,1482.6666259765625,1465.6666259765625,1466.0,5917500
2022-12-01,1479.6666259765625,1479.6666259765625,1457.6666259765625,1458.3333740234375,4136700
2022-12-02,1456.6666259765625,1459.0,1440.0,1450.6666259765625,4526100
2022-12-05,1448.3333740234375,1450.6666259765625,1427.6666259765625,1436.3333740234375,3644100
2022-12-06,1438.3333740234375,1451.3333740234375,1430.6666259765625,1448.3333740234375,3166800
2022-12-07,1444.6666259765625,1464.0,1442.0,1451.3333740234375,4119900
2022-12-08,1447.6666259765625,1448.6666259765625,1433.0,1440.0,3695400
2022-12-09,1429.6666259765625,1453.0,1429.6666259765625,1446.6666259765625,4304700
2022-12-12,1436.6666259765625,1438.0,1424.3333740234375,1424.3333740234375,3859200
2022-12-13,1431.6666259765625,1441.0,1428.6666259765625,1438.0,3315900
2022-12-14,1434.0,1450.3333740234375,1427.3333740234375,1447.0,3309300
2022-12-15,1445.6666259765625,1451.0,1433.0,1438.3333740234375,3525300
2022-12-16,1426.6666259765625,1435.0,1417.6666259765625,1430.0,4460700
2022-12-19,1416.0,1421.6666259765625,1410.3333740234375,1413.6666259765625,3204900
2022-12-20,1412.3333740234375,1422.6666259765625,1382.0,1389.3333740234375,5127300
2022-12-21,1389.0,1407.0,1383.6666259765625,1387.0,3439500
2022-12-22,1397.0,1400.6666259765625,1384.3333740234375,1397.6666259765625,2533200
2022-12-23,1388.3333740234375,1392.6666259765625,1382.0,1384.6666259765625,3206400
2022-12-26,1387.0,1393.0,1379.3333740234375,1384.3333740234375,2478900
2022-12-27,1396.6666259765625,1403.3333740234375,1394.6666259765625,1397.0,2458500
2022-12-28,1397.0,1410.3333740234375,1395.0,1409.0,5216700
2022-12-29,1380.0,1381.6666259765625,1367.0,1377.3333740234375,3018000
2022-12-30,1377.6666259765625,1382.3333740234375,1370.6666259765625,1373.0,2606100
2023-01-04,1358.3333740234375,1362.3333740234375,1335.6666259765625,1350.6666259765625,4650600
2023-01-05,1344.0,1351.6666259765625,1331.0,1351.6666259765625,4006500
2023-01-06,1349.3333740234375,1361.0,1345.6666259765625,1356.6666259765625,4327200
2023-01-10,1358.6666259765625,1365.3333740234375,1346.3333740234375,1352.3333740234375,4379700
2023-01-11,1357.0,1367.6666259765625,1352.6666259765625,1363.0,4506300
2023-01-12,1375.6666259765625,1394.3333740234375,1368.3333740234375,1385.3333740234375,6531600
2023-01-13,1364.6666259765625,1374.3333740234375,1351.6666259765625,1354.3333740234375,5298600
2023-01-16,1360.0,1360.0,1342.3333740234375,1345.3333740234375,3801300
2023-01-17,1347.3333740234375,1357.3333740234375,1346.0,1354.6666259765625,3875700
2023-01-18,1369.0,1399.0,1359.3333740234375,1393.0,5364300
2023-01-19,1372.3333740234375,1384.3333740234375,1368.3333740234375,1373.3333740234375,4479300
2023-01-20,1383.3333740234375,1385.6666259765625,1372.6666259765625,1382.6666259765625,3178500
2023-01-23,1393.0,1396.6666259765625,1383.0,1384.6666259765625,3615600
2023-01-24,1399.0,1412.3333740234375,1394.0,1410.6666259765625,3525600
2023-01-25,1416.6666259765625,1432.0,1411.0,1432.0,4416900
2023-01-26,1439.0,1443.3333740234375,1426.6666259765625,1428.3333740234375,4171500
2023-01-27,1428.3333740234375,1433.6666259765625,1416.6666259765625,1421.0,3473100
2023-01-30,1412.6666259765625,1419.3333740234375,1404.3333740234375,1411.0,3992400
2023-01-31,1423.6666259765625,1433.6666259765625,1420.0,1427.3333740234375,3858300
2023-02-01,1436.6666259765625,1441.3333740234375,1424.0,1424.3333740234375,2709600
2023-02-02,1431.6666259765625,1435.0,1425.0,1431.0,3356700
2023-02-03,1434.3333740234375,1446.0,1432.3333740234375,1441.3333740234375,3645000
2023-02-06,1453.3333740234375,1458.3333740234375,1443.6666259765625,1445.3333740234375,4097700
2023-02-07,1459.3333740234375,1462.6666259765625,1437.3333740234375,1441.6666259765625,2728500
2023-02-08,1431.3333740234375,1433.6666259765625,1405.6666259765625,1422.0,4850400
2023-02-09,1424.0,1430.6666259765625,1412.6666259765625,1426.0,3865500
2023-02-10,1428.6666259765625,1433.3333740234375,1416.0,1424.6666259765625,5022000
2023-02-13,1431.6666259765625,1438.3333740234375,1423.6666259765625,1436.3333740234375,4668300
2023-02-14,1472.0,1481.3333740234375,1458.0,1479.3333740234375,7320000
2023-02-15,1467.6666259765625,1480.6666259765625,1451.0,1468.6666259765625,6345000
2023-02-16,1483.0,1518.0,1468.3333740234375,1515.0,8970300
2023-02-17,1533.3333740234375,1556.3333740234375,1524.0,1556.0,14606100
2023-02-20,1575.0,1592.3333740234375,1563.6666259765625,1570.3333740234375,10746000
2023-02-21,1577.0,1589.0,1568.6666259765625,1578.6666259765625,8925600
2023-02-22,1577.6666259765625,1586.6666259765625,1567.0,1583.6666259765625,12393000
2023-02-24,1583.3333740234375,1598.6666259765625,1573.6666259765625,1582.3333740234375,14250300
2023-02-27,1593.3333740234375,1610.6666259765625,1592.3333740234375,1604.0,10611000
2023-02-28,1612.0,1630.6666259765625,1604.0,1605.3333740234375,9176700
2023-03-01,1594.0,1604.6666259765625,1571.6666259765625,1603.0,7422600
2023-03-02,1601.6666259765625,1625.0,1592.6666259765625,1621.6666259765625,6293700
2023-03-03,1622.6666259765625,1624.3333740234375,1602.6666259765625,1612.0,6838500
2023-03-06,1626.3333740234375,1627.6666259765625,1614.0,1620.6666259765625,5131200
2023-03-07,1621.0,1627.0,1614.0,1616.0,3447300
2023-03-08,1616.0,1631.3333740234375,1612.0,1625.6666259765625,4202400
2023-03-09,1627.3333740234375,1630.0,1610.6666259765625,1617.0,4699200
2023-03-10,1620.0,1631.0,1614.6666259765625,1622.0,6343200
2023-03-13,1609.6666259765625,1614.6666259765625,1580.3333740234375,1596.3333740234375,4840500
2023-03-14,1578.3333740234375,1578.3333740234375,1527.6666259765625,1551.3333740234375,7183200
2023-03-15,1569.0,1574.0,1550.3333740234375,1562.6666259765625,4432200
2023-03-16,1539.3333740234375,1580.0,1535.3333740234375,1574.3333740234375,5723700
2023-03-17,1572.0,1584.0,1567.6666259765625,1580.0,5181300
2023-03-20,1582.3333740234375,1583.6666259765625,1551.0,1557.3333740234375,4143900
2023-03-22,1580.6666259765625,1603.6666259765625,1574.6666259765625,1584.0,5019000
2023-03-23,1571.0,1597.3333740234375,1571.0,1588.0,2907600
2023-03-24,1585.0,1602.0,1577.6666259765625,1593.6666259765625,3716100
2023-03-27,1603.3333740234375,1617.6666259765625,1597.6666259765625,1603.3333740234375,3956700
2023-03-28,1612.6666259765625,1619.0,1600.3333740234375,1608.3333740234375,2574900
2023-03-29,1623.3333740234375,1629.6666259765625,1606.6666259765625,1629.6666259765625,5179500
2023-03-30,1645.0,1648.3333740234375,1634.3333740234375,1644.6666259765625,4685400
2023-03-31,1643.3333740234375,1647.6666259765625,1634.6666259765625,1641.3333740234375,5777400
2023-04-03,1637.3333740234375,1658.3333740234375,1633.0,1653.6666259765625,4063500
2023-04-04,1645.3333740234375,1673.6666259765625,1642.6666259765625,1671.3333740234375,5487600
2023-04-05,1666.6666259765625,1667.3333740234375,1643.3333740234375,1644.0,4777800
2023-04-06,1644.0,1657.6666259765625,1638.0,1651.6666259765625,4025100
2023-04-07,1649.3333740234375,1656.3333740234375,1642.6666259765625,1642.6666259765625,3232500
2023-04-10,1653.3333740234375,1659.6666259765625,1642.6666259765625,1650.0,2609700
2023-04-11,1658.3333740234375,1663.6666259765625,1642.6666259765625,1645.6666259765625,3108000
2023-04-12,1644.6666259765625,1654.0,1642.0,1646.6666259765625,3114000
2023-04-13,1633.3333740234375,1636.0,1617.6666259765625,1623.3333740234375,4507500
2023-04-14,1600.0,1624.3333740234375,1592.0,1623.3333740234375,6187500
2023-04-17,1633.3333740234375,1635.6666259765625,1618.0,1628.6666259765625,2761800
2023-04-18,1645.0,1669.6666259765625,1645.0,1658.0,4756500
2023-04-19,1661.6666259765625,1672.6666259765625,1656.6666259765625,1670.0,4053600
2023-04-20,1681.0,1691.3333740234375,1680.0,1687.6666259765625,4184700
2023-04-21,1683.3333740234375,1699.3333740234375,1680.0,1697.6666259765625,4066500
2023-04-24,1707.0,1708.6666259765625,1685.6666259765625,1695.0,4386900
2023-04-25,1711.3333740234375,1721.6666259765625,1706.3333740234375,1721.0,5558100
2023-04-26,1786.6666259765625,1811.6666259765625,1737.3333740234375,1750.0,10891200
2023-04-27,1742.6666259765625,1752.6666259765625,1734.3333740234375,1742.0,4248900
2023-04-28,1752.0,1758.6666259765625,1735.0,1747.6666259765625,4346100
2023-05-01,1750.3333740234375,1772.0,1748.3333740234375,1765.3333740234375,3784500
2023-05-02,1771.6666259765625,1773.0,1751.0,1756.0,2940300
2023-05-08,1744.0,1760.6666259765625,1739.0,1745.6666259765625,5502900
2023-05-09,1753.6666259765625,1766.6666259765625,1749.0,1765.3333740234375,4429800
2023-05-10,1761.0,1763.3333740234375,1742.6666259765625,1745.6666259765625,4606800
2023-05-11,1735.6666259765625,1745.0,1725.6666259765625,1743.6666259765625,4051500
2023-05-12,1771.0,1789.6666259765625,1751.6666259765625,1785.0,6928800
2023-05-15,1849.3333740234373,1862.3333740234373,1829.3333740234373,1845.0,8542800
2023-05-16,1845.0,1862.3333740234373,1826.6666259765625,1858.6666259765625,6572700
2023-05-17,1867.3333740234373,1889.0,1861.3333740234373,1885.6666259765625,6345300
2023-05-18,1902.3333740234373,1904.0,1857.6666259765625,1857.6666259765625,5788500
2023-05-19,1859.0,1862.0,1847.6666259765625,1850.0,3409500
2023-05-22,1829.6666259765625,1863.6666259765625,1828.3333740234373,1857.6666259765625,3366900
2023-05-23,1845.6666259765625,1866.3333740234373,1838.3333740234373,1846.6666259765625,4287300
2023-05-24,1826.6666259765625,1838.0,1813.3333740234373,1813.3333740234373,3697500
2023-05-25,1802.3333740234373,1810.6666259765625,1787.6666259765625,1794.6666259765625,5278500
2023-05-26,1801.6666259765625,1804.0,1791.3333740234375,1799.3333740234375,4500600
2023-05-29,1826.3333740234373,1826.3333740234373,1784.6666259765625,1784.6666259765625,4682700
2023-05-30,1778.3333740234375,1783.3333740234375,1768.0,1771.3333740234375,3688200
2023-05-31,1784.6666259765625,1821.6666259765625,1780.0,1803.0,15564000
2023-06-01,1803.0,1816.3333740234373,1785.6666259765625,1789.6666259765625,6659400
2023-06-02,1788.3333740234375,1808.3333740234373,1778.0,1800.6666259765625,4933500
2023-06-05,1818.0,1837.0,1805.3333740234373,1836.3333740234373,5047500
2023-06-06,1838.3333740234373,1855.0,1820.3333740234373,1851.6666259765625,4611900
2023-06-07,1855.0,1866.0,1817.3333740234373,1823.3333740234373,5977500
2023-06-08,1840.3333740234373,1849.0,1815.6666259765625,1827.0,4153500
2023-06-09,1860.3333740234373,1874.3333740234373,1841.6666259765625,1864.6666259765625,6802500
2023-06-12,1871.6666259765625,1898.6666259765625,1868.0,1887.3333740234373,4351800
2023-06-13,1891.3333740234373,1906.6666259765625,1882.3333740234373,1896.3333740234373,5741700
2023-06-14,1906.6666259765625,1938.3333740234373,1901.6666259765625,1922.3333740234373,4939500
2023-06-15,1923.6666259765625,1932.0,1915.0,1917.3333740234373,3921900
2023-06-16,1897.6666259765625,1909.6666259765625,1880.3333740234373,1896.6666259765625,10431600
2023-06-19,1887.3333740234373,1895.3333740234373,1860.6666259765625,1868.3333740234373,5412000
2023-06-20,1869.6666259765625,1873.3333740234373,1854.6666259765625,1863.6666259765625,5119500
2023-06-21,1856.6666259765625,1891.6666259765625,1853.0,1887.6666259765625,4268100
2023-06-22,1878.0,1907.0,1873.6666259765625,1885.3333740234373,3323100
2023-06-23,1900.6666259765625,1917.6666259765625,1875.6666259765625,1886.3333740234373,4513200
2023-06-26,1867.3333740234373,1888.3333740234373,1858.3333740234373,1880.3333740234373,3271800
2023-06-27,1874.3333740234373,1878.6666259765625,1850.6666259765625,1869.6666259765625,4452600
2023-06-28,1879.0,1908.0,1872.3333740234373,1901.0,3854700
2023-06-29,1885.6666259765625,1895.0,1877.6666259765625,1880.3333740234373,3788700
2023-06-30,1872.0,1879.0,1847.0,1858.0,6960000
2023-07-03,1866.6666259765625,1889.3333740234373,1866.3333740234373,1884.3333740234373,3504600
2023-07-04,1880.0,1886.6666259765625,1867.3333740234373,1871.0,2610600
2023-07-05,1856.6666259765625,1876.3333740234373,1851.6666259765625,1861.3333740234373,2900100
2023-07-06,1864.0,1879.3333740234373,1858.0,1859.6666259765625,3932100
2023-07-07,1868.6666259765625,1880.6666259765625,1847.3333740234373,1852.6666259765625,4864500
2023-07-10,1843.3333740234373,1846.6666259765625,1807.6666259765625,1817.3333740234373,4964400
2023-07-11,1818.3333740234373,1823.3333740234373,1795.3333740234375,1798.0,3702000
2023-07-12,1808.6666259765625,1809.3333740234373,1787.0,1795.0,2699400
2023-07-13,1795.3333740234375,1800.3333740234375,1787.0,1795.3333740234375,3026700
2023-07-14,1817.3333740234373,1833.0,1789.6666259765625,1795.6666259765625,4532700
2023-07-18,1804.0,1827.3333740234373,1799.0,1815.6666259765625,3186000
2023-07-19,1826.0,1837.3333740234373,1818.3333740234373,1829.3333740234373,2805300
2023-07-20,1836.0,1847.6666259765625,1825.0,1829.0,2544600
2023-07-21,1837.0,1855.0,1833.0,1846.6666259765625,3170400
2023-07-24,1861.6666259765625,1893.0,1859.3333740234373,1888.6666259765625,4497600
2023-07-25,1894.0,1894.6666259765625,1879.6666259765625,1887.3333740234373,2889600
2023-07-26,1894.0,1919.0,1887.0,1906.3333740234373,4438800
2023-07-27,1896.0,1896.0,1876.3333740234373,1894.3333740234373,3202200
2023-07-28,1867.0,1893.0,1849.3333740234373,1871.3333740234373,5873100
2023-07-31,1888.6666259765625,1910.6666259765625,1834.6666259765625,1865.0,7284600
2023-08-01,1873.3333740234373,1877.0,1849.0,1876.6666259765625,4246200
2023-08-02,1875.3333740234373,1876.0,1832.0,1838.3333740234373,6371700
2023-08-03,1828.0,1838.0,1815.0,1827.0,4611300
2023-08-04,1816.3333740234373,1828.3333740234373,1800.3333740234375,1826.0,3934800
2023-08-07,1817.3333740234373,1831.3333740234373,1801.6666259765625,1825.6666259765625,3391200
2023-08-08,1837.6666259765625,1849.6666259765625,1835.3333740234373,1836.3333740234373,3259800
2023-08-09,1816.6666259765625,1821.3333740234373,1777.0,1805.3333740234373,6693000
2023-08-10,1903.6666259765625,1923.0,1829.3333740234373,1896.6666259765625,11598900
2023-08-14,1884.6666259765625,1895.0,1834.3333740234373,1847.6666259765625,5751000
2023-08-15,1853.0,1864.3333740234373,1851.3333740234373,1856.6666259765625,3478200
2023-08-16,1848.0,1853.0,1827.0,1829.3333740234373,3048600
2023-08-17,1830.0,1834.6666259765625,1796.3333740234375,1819.3333740234373,4390800
2023-08-18,1800.0,1802.6666259765625,1767.0,1775.3333740234375,4359900
2023-08-21,1766.6666259765625,1784.6666259765625,1758.6666259765625,1767.3333740234375,4861500
2023-08-22,1760.0,1776.0,1752.6666259765625,1775.3333740234375,3779400
2023-08-23,1778.0,1800.6666259765625,1778.0,1797.3333740234375,3466500
2023-08-24,1795.3333740234375,1806.0,1781.3333740234375,1803.0,2923500
2023-08-25,1790.6666259765625,1826.0,1790.6666259765625,1818.0,4206900
2023-08-28,1826.0,1850.3333740234373,1823.3333740234373,1847.6666259765625,3158400
2023-08-29,1854.6666259765625,1860.6666259765625,1841.6666259765625,1848.3333740234373,2815800
2023-08-30,1848.6666259765625,1884.3333740234373,1844.3333740234373,1864.3333740234373,5182800
2023-08-31,1866.3333740234373,1898.0,1857.0,1892.0,9363600
2023-09-01,1900.0,1930.6666259765625,1898.3333740234373,1928.3333740234373,6706200
2023-09-04,1933.6666259765625,1955.0,1922.0,1950.3333740234373,5201100
2023-09-05,1962.6666259765625,1975.6666259765625,1942.0,1964.6666259765625,4901700
2023-09-06,1966.0,1966.0,1905.0,1917.0,8156400
2023-09-07,1921.6666259765625,1945.0,1915.3333740234373,1922.3333740234373,6504300
2023-09-08,1912.0,1938.6666259765625,1906.6666259765625,1928.3333740234373,5361300
2023-09-11,1933.6666259765625,1937.6666259765625,1904.3333740234373,1917.6666259765625,2714700
2023-09-12,1924.0,1946.6666259765625,1924.0,1942.3333740234373,3095400
2023-09-13,1946.0,1950.6666259765625,1932.6666259765625,1936.3333740234373,4080900
2023-09-14,1941.3333740234373,1966.6666259765625,1939.0,1966.6666259765625,4267200
2023-09-15,1974.6666259765625,1991.0,1962.0,1983.3333740234373,6786600
2023-09-19,1983.3333740234373,1987.3333740234373,1962.3333740234373,1975.6666259765625,4061100
2023-09-20,1968.3333740234373,1976.3333740234373,1947.6666259765625,1952.0,4908900
2023-09-21,1937.6666259765625,1949.3333740234373,1922.0,1924.0,3830100
2023-09-22,1900.0,1916.3333740234373,1881.3333740234373,1905.0,5295600
2023-09-25,1909.0,1922.6666259765625,1900.6666259765625,1919.0,3108600
2023-09-26,1925.6666259765625,1932.6666259765625,1907.0,1916.3333740234373,3701700
2023-09-27,1905.0,1912.0,1878.3333740234373,1912.0,4445400
2023-09-28,1900.0,1909.3333740234373,1859.0,1873.3333740234373,6937500
2023-09-29,1873.3333740234373,1876.3333740234373,1854.6666259765625,1863.3333740234373,6675900
2023-10-02,1855.3333740234373,1886.3333740234373,1845.6666259765625,1854.0,4781400
2023-10-03,1853.3333740234373,1854.0,1815.3333740234373,1818.0,4919700
2023-10-04,1790.0,1790.0,1750.0,1758.0,5751300
2023-10-05,1777.6666259765625,1809.6666259765625,1768.0,1804.6666259765625,4000800
2023-10-06,1807.3333740234373,1841.3333740234373,1804.6666259765625,1838.0,4182900
2023-10-10,1845.0,1872.6666259765625,1841.6666259765625,1862.0,3968700
2023-10-11,1865.6666259765625,1868.0,1846.3333740234373,1847.6666259765625,2738700
2023-10-12,1866.3333740234373,1870.6666259765625,1850.6666259765625,1855.6666259765625,3470400
2023-10-13,1844.3333740234373,1866.6666259765625,1842.0,1854.0,4170900
2023-10-16,1848.0,1851.0,1788.0,1792.0,5915100
2023-10-17,1801.6666259765625,1810.6666259765625,1778.6666259765625,1781.6666259765625,5367300
2023-10-18,1774.3333740234375,1776.3333740234375,1734.0,1755.0,6782700
2023-10-19,1750.0,1776.0,1750.0,1761.3333740234375,3339900
2023-10-20,1760.0,1772.3333740234375,1750.0,1760.3333740234375,2485200
2023-10-23,1769.6666259765625,1785.0,1758.3333740234375,1766.6666259765625,2928000
2023-10-24,1778.0,1784.0,1738.0,1779.0,4142400
2023-10-25,1785.0,1798.0,1779.6666259765625,1785.6666259765625,3220200
2023-10-26,1767.3333740234375,1775.3333740234375,1760.0,1765.6666259765625,4022700
2023-10-27,1766.6666259765625,1792.3333740234375,1760.6666259765625,1790.0,3668400
2023-10-30,1780.0,1797.0,1777.0,1795.0,2790900
2023-10-31,1801.3333740234375,1827.3333740234373,1796.3333740234375,1812.0,3588300
2023-11-01,1836.6666259765625,1863.3333740234373,1833.6666259765625,1860.3333740234373,4199700
2023-11-02,1874.3333740234373,1876.6666259765625,1836.0,1853.3333740234373,3555300
2023-11-06,1883.0,1905.6666259765625,1879.0,1887.3333740234373,5362200
2023-11-07,1884.6666259765625,1895.0,1863.6666259765625,1870.3333740234373,3011100
2023-11-08,1866.6666259765625,1875.3333740234373,1837.6666259765625,1852.3333740234373,2731500
2023-11-09,1852.3333740234373,1892.6666259765625,1835.0,1890.6666259765625,3393600
2023-11-10,1883.3333740234373,1893.3333740234373,1871.0,1889.3333740234373,3460500
2023-11-13,1946.6666259765625,1971.6666259765625,1925.6666259765625,1956.6666259765625,6267300
2023-11-14,1967.0,1980.0,1959.6666259765625,1977.3333740234373,4979400
2023-11-15,1967.6666259765625,1981.3333740234373,1940.3333740234373,1969.3333740234373,5766600
2023-11-16,1940.0,1952.0,1917.3333740234373,1934.6666259765625,4586100
2023-11-17,1833.3333740234373,1868.3333740234373,1831.0,1856.6666259765625,10727700
2023-11-20,1850.0,1871.0,1841.3333740234373,1841.6666259765625,4512300
2023-11-21,1836.6666259765625,1842.6666259765625,1809.6666259765625,1810.0,5280600
2023-11-22,1800.6666259765625,1818.6666259765625,1794.0,1807.3333740234373,6522600
2023-11-24,1826.6666259765625,1852.0,1814.3333740234373,1836.3333740234373,5508000
2023-11-27,1836.6666259765625,1845.3333740234373,1810.3333740234373,1814.0,4957800
2023-11-28,1817.0,1822.0,1801.0,1816.6666259765625,8346900
2023-11-29,1803.3333740234373,1851.6666259765625,1801.0,1830.3333740234373,22934700
2023-11-30,1833.3333740234373,1841.6666259765625,1792.0,1818.3333740234373,14164500
2023-12-01,1830.0,1842.6666259765625,1824.3333740234373,1834.0,9719100
2023-12-04,1834.6666259765625,1837.6666259765625,1805.0,1813.6666259765625,7261500
2023-12-05,1826.3333740234373,1847.3333740234373,1820.0,1825.6666259765625,6383100
2023-12-06,1825.3333740234373,1866.6666259765625,1822.3333740234373,1864.6666259765625,11585400
2023-12-07,1866.6666259765625,1866.6666259765625,1837.6666259765625,1855.3333740234373,7586400
2023-12-08,1827.3333740234373,1829.3333740234373,1811.3333740234373,1821.6666259765625,8061900
2023-12-11,1832.6666259765625,1841.3333740234373,1825.0,1831.0,3784500
2023-12-12,1848.3333740234373,1853.6666259765625,1832.3333740234373,1839.3333740234373,4737300
2023-12-13,1842.6666259765625,1843.0,1808.0,1813.6666259765625,5253000
2023-12-14,1802.0,1807.6666259765625,1752.3333740234375,1788.6666259765625,10420800
2023-12-15,1788.6666259765625,1790.3333740234375,1763.0,1771.6666259765625,7263600
2023-12-18,1751.6666259765625,1752.6666259765625,1719.0,1733.3333740234375,7168500
2023-12-19,1740.0,1773.0,1738.3333740234375,1768.6666259765625,4218600
2023-12-20,1773.0,1795.6666259765625,1773.0,1792.6666259765625,5328600
2023-12-21,1783.0,1787.3333740234375,1776.0,1781.6666259765625,2682000
2023-12-22,1783.3333740234375,1796.3333740234375,1774.6666259765625,1778.6666259765625,3372300
2023-12-25,1781.6666259765625,1792.6666259765625,1777.0,1785.6666259765625,2280000
2023-12-26,1795.6666259765625,1795.6666259765625,1777.0,1788.0,2546100
2023-12-27,1798.0,1802.6666259765625,1787.6666259765625,1799.3333740234375,5906700
2023-12-28,1753.3333740234375,1767.0,1742.0,1742.6666259765625,5277300
2023-12-29,1738.3333740234375,1761.0,1738.0,1752.6666259765625,4647000
2024-01-04,1761.3333740234375,1780.3333740234375,1739.3333740234375,1780.3333740234375,6228600
2024-01-05,1790.0,1791.6666259765625,1768.0,1788.6666259765625,6442200
2024-01-09,1829.3333740234373,1829.3333740234373,1780.6666259765625,1806.0,7866000
2024-01-10,1811.6666259765625,1819.3333740234373,1801.0,1816.3333740234373,6513000
2024-01-11,1840.3333740234373,1846.6666259765625,1827.6666259765625,1840.0,7012500
2024-01-12,1886.3333740234373,1903.3333740234373,1866.6666259765625,1902.0,9198300
2024-01-15,1910.6666259765625,1910.6666259765625,1897.6666259765625,1901.3333740234373,938400
2024-01-16,1916.6666259765625,1923.3333740234373,1904.3333740234373,1910.0,3871500
2024-01-17,1902.6666259765625,1919.0,1871.6666259765625,1871.6666259765625,5761200
2024-01-18,1863.3333740234373,1876.3333740234373,1859.3333740234373,1861.3333740234373,3511800
2024-01-19,1886.6666259765625,1888.0,1840.0,1852.3333740234373,5192700
2024-01-22,1833.3333740234373,1839.6666259765625,1813.6666259765625,1833.3333740234373,7293000
2024-01-23,1842.6666259765625,1851.6666259765625,1827.0,1846.0,5648100
2024-01-24,1841.3333740234373,1841.6666259765625,1809.3333740234373,1810.0,4366500
2024-01-25,1811.3333740234373,1824.6666259765625,1805.0,1824.6666259765625,3565500
2024-01-26,1841.0,1843.6666259765625,1809.3333740234373,1811.6666259765625,5105100
2024-01-29,1824.3333740234373,1844.3333740234373,1823.6666259765625,1837.0,3326100
2024-01-30,1827.3333740234373,1837.6666259765625,1816.6666259765625,1817.3333740234373,3728400
2024-01-31,1807.3333740234373,1837.0,1805.3333740234373,1836.6666259765625,3359100
2024-02-01,1812.6666259765625,1838.3333740234373,1808.3333740234373,1833.3333740234373,4333500
2024-02-02,1842.3333740234373,1842.3333740234373,1815.6666259765625,1831.3333740234373,3709800
2024-02-05,1844.0,1851.3333740234373,1832.3333740234373,1850.0,2878200
2024-02-06,1854.0,1861.6666259765625,1840.0,1850.0,3775500
2024-02-07,1866.6666259765625,1869.6666259765625,1845.0,1866.6666259765625,6566700
2024-02-08,1866.6666259765625,1879.6666259765625,1835.6666259765625,1847.6666259765625,6014400
2024-02-09,1846.6666259765625,1858.6666259765625,1831.6666259765625,1850.3333740234373,4514400
2024-02-13,1848.0,1878.0,1827.0,1878.0,5438400
2024-02-14,1811.3333740234373,1834.6666259765625,1794.0,1805.3333740234373,9885900
2024-02-15,1799.3333740234375,1800.6666259765625,1750.3333740234375,1771.6666259765625,9081600
2024-02-16,1782.3333740234375,1791.0,1748.3333740234375,1771.6666259765625,7363200
2024-02-19,1771.6666259765625,1775.6666259765625,1759.0,1775.6666259765625,4786800
2024-02-20,1783.3333740234375,1798.0,1767.3333740234375,1775.0,4268100
2024-02-21,1783.3333740234375,1812.6666259765625,1779.3333740234375,1811.3333740234373,5602800
2024-02-22,1819.3333740234373,1819.3333740234373,1819.3333740234373,1819.3333740234373,5858700
2024-02-26,1804.3333740234373,1825.0,1770.3333740234375,1770.3333740234375,7491300
2024-02-27,1740.6666259765625,1755.3333740234375,1731.6666259765625,1743.3333740234375,9737700
2024-02-28,1732.3333740234375,1739.6666259765625,1716.0,1721.3333740234375,8215200
2024-02-29,1722.3333740234375,1729.0,1695.6666259765625,1711.0,8218200
2024-03-01,1710.0,1731.6666259765625,1702.6666259765625,1720.0,7261500
2024-03-04,1735.0,1748.0,1707.3333740234375,1708.3333740234375,7508100
2024-03-05,1702.6666259765625,1715.0,1687.0,1709.3333740234375,7116000
2024-03-06,1714.6666259765625,1744.0,1706.6666259765625,1740.3333740234375,7156800
2024-03-07,1745.0,1748.3333740234375,1726.3333740234375,1733.3333740234375,6841500
2024-03-08,1738.0,1738.0,1706.0,1720.6666259765625,7189800
2024-03-11,1720.6666259765625,1741.6666259765625,1711.3333740234375,1740.6666259765625,6505800
2024-03-12,1740.6666259765625,1741.6666259765625,1727.0,1736.0,4719900
2024-03-13,1745.3333740234375,1767.0,1741.0,1760.6666259765625,7078500
2024-03-14,1772.3333740234375,1798.6666259765625,1771.3333740234375,1788.3333740234375,7558200
2024-03-15,1769.6666259765625,1788.0,1763.6666259765625,1784.3333740234375,9657600
2024-03-18,1800.0,1832.6666259765625,1788.6666259765625,1829.3333740234373,6311700
2024-03-19,1820.0,1844.6666259765625,1813.0,1844.0,5166000
2024-03-21,1849.6666259765625,1857.6666259765625,1823.6666259765625,1834.6666259765625,5430300
2024-03-22,1836.6666259765625,1844.0,1813.0,1820.0,5241300
2024-03-25,1827.3333740234373,1833.0,1808.0,1808.6666259765625,4179000
2024-03-26,1816.6666259765625,1827.3333740234373,1799.3333740234375,1821.0,3854400
2024-03-27,1827.0,1864.6666259765625,1825.3333740234373,1859.3333740234373,5988000
2024-03-28,1843.3333740234373,1868.0,1836.6666259765625,1848.0,6254100
2024-03-29,1840.3333740234373,1867.3333740234373,1833.6666259765625,1863.0,2804100
2024-04-01,1873.3333740234373,1883.0,1847.6666259765625,1853.6666259765625,4309200
2024-04-02,1856.6666259765625,1877.3333740234373,1835.3333740234373,1839.3333740234373,4578300
2024-04-03,1825.0,1850.0,1804.6666259765625,1848.3333740234373,5335500
2024-04-04,1854.6666259765625,1864.3333740234373,1841.6666259765625,1843.3333740234373,4140600
2024-04-05,1835.3333740234373,1849.6666259765625,1819.6666259765625,1844.3333740234373,3130800
2024-04-08,1854.0,1877.6666259765625,1853.3333740234373,1860.3333740234373,4662900
2024-04-09,1876.6666259765625,1880.6666259765625,1858.3333740234373,1880.6666259765625,3166800
2024-04-10,1877.3333740234373,1882.3333740234373,1854.3333740234373,1858.3333740234373,3651000
2024-04-11,1838.3333740234373,1840.3333740234373,1822.6666259765625,1834.3333740234373,4602900
2024-04-12,1834.3333740234373,1865.3333740234373,1827.6666259765625,1856.6666259765625,3936300
2024-04-15,1846.0,1846.0,1809.3333740234373,1822.6666259765625,5175600
2024-04-16,1790.0,1790.6666259765625,1763.6666259765625,1768.0,6713700
2024-04-17,1754.3333740234375,1782.0,1748.3333740234375,1775.0,6229800
2024-04-18,1775.0,1787.3333740234375,1766.0,1776.0,4447500
2024-04-19,1772.0,1773.3333740234375,1742.6666259765625,1766.3333740234375,6702600
2024-04-22,1783.3333740234375,1832.0,1783.3333740234375,1824.3333740234373,6030600
2024-04-23,1834.3333740234373,1859.3333740234373,1832.3333740234373,1847.3333740234373,4646100
2024-04-24,1833.3333740234373,1856.6666259765625,1823.3333740234373,1841.0,7174200
2024-04-25,1833.3333740234373,1839.3333740234373,1801.0,1805.3333740234373,6660300
2024-04-26,1798.3333740234375,1833.3333740234373,1784.3333740234375,1821.6666259765625,5979000
2024-04-30,1828.3333740234373,1829.3333740234373,1789.6666259765625,1801.6666259765625,9807900
2024-05-01,1796.3333740234375,1811.0,1790.3333740234375,1809.3333740234373,4245600
2024-05-02,1790.6666259765625,1809.6666259765625,1782.0,1809.6666259765625,4530000
2024-05-07,1814.0,1825.3333740234373,1802.3333740234373,1821.3333740234373,4995300
2024-05-08,1833.3333740234373,1837.6666259765625,1810.0,1821.6666259765625,7258500
2024-05-09,1832.6666259765625,1836.0,1811.0,1828.0,4022400
2024-05-10,1804.0,1830.6666259765625,1800.3333740234375,1827.6666259765625,6019200
2024-05-13,1829.0,1836.3333740234373,1809.3333740234373,1816.6666259765625,4600200
2024-05-14,1810.0,1854.0,1806.0,1840.3333740234373,6878100
2024-05-15,1930.0,1955.3333740234373,1903.3333740234373,1937.0,11295000
2024-05-16,1920.3333740234373,1966.6666259765625,1917.6666259765625,1966.6666259765625,8066700
2024-05-17,1966.6666259765625,1993.0,1959.0,1974.3333740234373,7857000
2024-05-20,1974.0,1981.6666259765625,1962.0,1981.6666259765625,3956400
2024-05-21,1983.3333740234373,2000.3333740234373,1968.6666259765625,1968.6666259765625,4143900
2024-05-22,1975.0,1981.6666259765625,1953.6666259765625,1954.3333740234373,3819000
2024-05-23,1964.0,1964.0,1936.6666259765625,1948.6666259765625,3301800
2024-05-24,1945.6666259765625,1950.0,1932.0,1946.6666259765625,2719800
2024-05-27,1956.0,1973.3333740234373,1939.3333740234373,1973.3333740234373,2376900
2024-05-28,1968.6666259765625,1975.6666259765625,1950.3333740234373,1950.3333740234373,2815800
2024-05-29,1933.3333740234373,1933.3333740234373,1891.3333740234373,1897.6666259765625,4459500
2024-05-30,1893.3333740234373,1909.0,1876.6666259765625,1907.6666259765625,5078400
2024-05-31,1914.0,1917.6666259765625,1891.6666259765625,1913.6666259765625,6012000
2024-06-03,1923.0,1944.3333740234373,1910.3333740234373,1931.0,3723600
2024-06-04,1916.6666259765625,1942.6666259765625,1903.6666259765625,1933.3333740234373,4175400
2024-06-05,1936.6666259765625,1946.3333740234373,1929.3333740234373,1945.0,3996900
2024-06-06,1971.0,1971.6666259765625,1938.3333740234373,1938.3333740234373,3813600
2024-06-07,1932.0,1949.6666259765625,1921.0,1941.3333740234373,3154800
2024-06-10,1965.3333740234373,1977.0,1957.3333740234373,1960.0,3948900
2024-06-11,1966.3333740234373,1983.6666259765625,1954.0,1955.0,3132900
2024-06-12,1941.3333740234373,1953.3333740234373,1918.0,1926.0,3408300
2024-06-13,1907.3333740234373,1913.6666259765625,1858.3333740234373,1871.3333740234373,7061100
2024-06-14,1838.0,1880.0,1829.0,1856.0,9637500
2024-06-17,1875.0,1878.0,1842.6666259765625,1876.6666259765625,5263500
2024-06-18,1906.6666259765625,1929.6666259765625,1893.3333740234373,1906.0,5571900
2024-06-19,1926.0,1926.6666259765625,1904.6666259765625,1910.3333740234373,3398400
2024-06-20,1921.0,1923.0,1879.0,1898.6666259765625,2709300
2024-06-21,1883.3333740234373,1924.6666259765625,1883.3333740234373,1899.0,4352100
2024-06-24,1902.6666259765625,1910.6666259765625,1884.6666259765625,1903.6666259765625,3417300
2024-06-25,1914.0,1935.3333740234373,1904.0,1931.3333740234373,3707100
2024-06-26,1948.3333740234373,1949.3333740234373,1927.3333740234373,1940.6666259765625,4498500
2024-06-27,1887.3333740234373,1922.6666259765625,1881.3333740234373,1914.3333740234373,4249800
2024-06-28,1909.3333740234373,1912.0,1878.6666259765625,1891.6666259765625,4769700
2024-07-01,1888.6666259765625,1894.0,1859.0,1860.3333740234373,4605600
2024-07-02,1869.0,1871.6666259765625,1847.0,1863.6666259765625,4464600
2024-07-03,1870.3333740234373,1882.0,1863.3333740234373,1875.3333740234373,2463000
2024-07-04,1870.6666259765625,1885.3333740234373,1859.0,1883.0,3067500
2024-07-05,1886.6666259765625,1886.6666259765625,1845.6666259765625,1850.0,2844000
2024-07-08,1877.0,1880.3333740234373,1841.6666259765625,1857.0,3596100
2024-07-09,1840.3333740234373,1873.0,1840.3333740234373,1864.3333740234373,4690500
2024-07-10,1883.3333740234373,1906.0,1870.6666259765625,1897.3333740234373,5330100
2024-07-11,1904.0,1928.3333740234373,1903.6666259765625,1925.3333740234373,4142100
2024-07-12,1911.6666259765625,1924.3333740234373,1901.6666259765625,1920.6666259765625,5032800
2024-07-16,1918.0,1923.3333740234373,1878.6666259765625,1882.0,4459200
2024-07-17,1873.3333740234373,1900.0,1869.0,1898.0,4877400
2024-07-18,1913.3333740234373,1972.6666259765625,1903.0,1960.0,8169300
2024-07-19,1944.6666259765625,1953.6666259765625,1922.0,1944.0,3771300
2024-07-22,1948.3333740234373,1956.6666259765625,1933.0,1956.6666259765625,4312500
2024-07-23,1945.0,1950.6666259765625,1921.3333740234373,1939.3333740234373,4491900
2024-07-24,1920.0,1921.3333740234373,1873.3333740234373,1881.0,5089800
2024-07-25,1865.0,1895.0,1851.6666259765625,1876.3333740234373,5585700
2024-07-26,1885.3333740234373,1923.3333740234373,1883.3333740234373,1911.3333740234373,4885200
2024-07-29,1920.0,1921.6666259765625,1879.3333740234373,1888.6666259765625,5726100
2024-07-30,1883.3333740234373,1895.0,1836.0,1847.3333740234373,17578500
2024-07-31,1833.3333740234373,1860.0,1819.3333740234373,1851.6666259765625,6366000
2024-08-01,1834.0,1841.0,1772.3333740234375,1782.0,7512000
2024-08-02,1750.0,1772.6666259765625,1715.6666259765625,1715.6666259765625,8639700
2024-08-05,1682.3333740234375,1703.6666259765625,1525.0,1551.3333740234375,12723900
2024-08-06,1633.3333740234375,1692.6666259765625,1625.3333740234375,1670.0,8130600
2024-08-07,1628.0,1683.0,1623.0,1652.3333740234375,8831400
2024-08-08,1746.6666259765625,1785.6666259765625,1743.0,1771.0,11703000
2024-08-09,1770.6666259765625,1778.3333740234375,1704.3333740234375,1732.3333740234375,10558800
2024-08-13,1753.0,1753.3333740234375,1717.3333740234375,1732.3333740234375,5281800
2024-08-14,1760.3333740234375,1771.0,1730.0,1734.0,3082500
2024-08-15,1730.6666259765625,1750.0,1722.0,1734.3333740234375,3423300
2024-08-16,1766.3333740234375,1778.6666259765625,1740.6666259765625,1778.3333740234375,3692100
2024-08-19,1780.3333740234375,1796.0,1762.3333740234375,1763.6666259765625,3613200
2024-08-20,1783.3333740234375,1814.6666259765625,1781.0,1792.3333740234375,4393200
2024-08-21,1790.0,1804.0,1781.6666259765625,1794.6666259765625,3121500
2024-08-22,1802.3333740234373,1833.3333740234373,1802.0,1833.3333740234373,3487200
2024-08-23,1827.6666259765625,1837.3333740234373,1813.3333740234373,1815.0,3350400
2024-08-26,1800.0,1808.3333740234373,1784.6666259765625,1796.6666259765625,2589900
2024-08-27,1803.3333740234373,1809.6666259765625,1779.0,1788.3333740234375,2785800
2024-08-28,1784.3333740234375,1811.0,1781.6666259765625,1804.6666259765625,2937000
2024-08-29,1804.6666259765625,1813.6666259765625,1794.6666259765625,1813.6666259765625,2829900
2024-08-30,1814.0,1816.0,1800.6666259765625,1809.0,3849300
2024-09-02,1806.3333740234373,1808.0,1776.0,1790.0,3643500
2024-09-03,1773.3333740234375,1799.3333740234375,1771.6666259765625,1777.0,2419500
2024-09-04,1773.3333740234375,1809.6666259765625,1772.3333740234375,1783.3333740234375,5544000
2024-09-05,1779.3333740234375,1821.6666259765625,1767.6666259765625,1821.6666259765625,4994700
2024-09-06,1825.3333740234373,1842.3333740234373,1802.0,1813.3333740234373,4669200
2024-09-09,1789.3333740234375,1861.6666259765625,1783.6666259765625,1861.6666259765625,5704800
2024-09-10,1882.0,1885.6666259765625,1860.0,1860.3333740234373,4377000
2024-09-11,1846.3333740234373,1853.3333740234373,1792.0,1812.3333740234373,5539500
2024-09-12,1834.6666259765625,1839.3333740234373,1801.6666259765625,1828.3333740234373,5073600
2024-09-13,1824.6666259765625,1836.0,1807.3333740234373,1822.0,6285600
2024-09-17,1823.6666259765625,1828.0,1795.0,1826.3333740234373,5044200
2024-09-18,1840.3333740234373,1860.6666259765625,1832.6666259765625,1840.6666259765625,4909200
2024-09-19,1865.0,1882.0,1841.0,1844.0,4646400
2024-09-20,1875.3333740234373,1875.6666259765625,1847.6666259765625,1856.3333740234373,5058300
2024-09-24,1874.0,1892.0,1867.6666259765625,1876.0,4509000
2024-09-25,1888.6666259765625,1888.6666259765625,1867.3333740234373,1877.6666259765625,3373200
2024-09-26,1889.6666259765625,1918.6666259765625,1882.6666259765625,1918.6666259765625,5574600
2024-09-27,1923.5,1959.0,1913.0,1958.0,3916600
2024-09-30,1890.0,1903.5,1866.5,1878.5,7171800
2024-10-01,1900.0,1925.0,1847.0,1855.5,6121700
2024-10-02,1838.5,1850.0,1818.0,1846.5,6508600
2024-10-03,1870.0,1889.5,1840.5,1846.0,4437200
2024-10-04,1848.0,1860.0,1845.5,1851.5,3888400
2024-10-07,1863.5,1873.5,1837.0,1859.0,4991100
2024-10-08,1844.0,1845.5,1817.0,1829.0,5088000
2024-10-09,1829.0,1836.0,1813.0,1826.0,4030800
2024-10-10,1836.0,1857.0,1830.0,1840.0,4921600
2024-10-11,1822.0,1825.0,1791.0,1797.0,5802500
2024-10-15,1811.5,1831.0,1807.0,1817.5,5731800
2024-10-16,1799.0,1817.0,1785.0,1793.0,4214400
2024-10-17,1800.0,1815.5,1781.0,1788.5,5540100
2024-10-18,1777.0,1784.0,1749.0,1755.5,5143200
2024-10-21,1760.0,1768.0,1748.5,1752.0,4521400
2024-10-22,1745.0,1758.0,1731.0,1744.0,5001100
2024-10-23,1810.0,1815.0,1786.0,1798.0,6833200
2024-10-24,1804.5,1836.0,1796.0,1836.0,6850700
2024-10-25,1829.5,1835.0,1807.5,1825.5,4292200
2024-10-28,1826.0,1839.5,1815.5,1839.5,4129900
2024-10-29,1847.0,1848.5,1834.0,1841.0,2828900
2024-10-30,1836.0,1845.0,1829.5,1839.5,5957800
2024-10-31,1833.0,1842.5,1808.5,1839.5,5374400
2024-11-01,1820.5,1821.0,1797.5,1801.5,5080300
2024-11-05,1801.5,1802.5,1781.5,1799.5,3378200
2024-11-06,1811.5,1819.5,1786.0,1793.0,4008500
2024-11-07,1796.5,1813.5,1788.5,1807.5,4076000
2024-11-08,1807.5,1812.0,1781.5,1791.0,4476900
2024-11-11,1768.0,1781.0,1759.0,1768.5,4079300
2024-11-12,1766.0,1767.0,1742.0,1757.5,4529800
2024-11-13,1757.5,1764.0,1744.0,1744.0,4406400
2024-11-14,1752.0,1761.0,1742.5,1753.0,6187900
2024-11-15,1601.0,1688.0,1600.5,1675.5,12066600
2024-11-18,1644.5,1656.5,1631.0,1656.5,8045500
2024-11-19,1648.5,1652.5,1616.0,1619.5,11169600
2024-11-20,1620.0,1633.5,1608.0,1618.5,12183900
2024-11-21,1618.0,1629.5,1606.5,1611.5,7079200
2024-11-22,1600.0,1617.0,1591.0,1605.0,9360300
2024-11-25,1614.0,1614.5,1594.0,1596.5,9046300
2024-11-26,1592.0,1606.0,1578.5,1606.0,5892000
2024-11-27,1601.0,1605.0,1575.0,1588.0,5963700
2024-11-28,1598.0,1637.5,1596.0,1626.0,5394500
2024-11-29,1619.0,1631.5,1601.0,1629.5,5001200
2024-12-02,1638.0,1638.0,1612.5,1615.0,4706100
2024-12-03,1615.5,1644.5,1610.0,1633.5,6485700
2024-12-04,1630.0,1630.5,1614.0,1621.0,4746200
2024-12-05,1613.0,1621.0,1606.0,1615.0,4815500
2024-12-06,1621.5,1623.0,1602.0,1615.0,4622700
2024-12-09,1616.5,1636.0,1611.0,1628.0,5079900
2024-12-10,1640.0,1640.0,1613.0,1623.5,4245000
2024-12-11,1624.0,1637.0,1613.5,1634.5,6032400
2024-12-12,1650.0,1669.5,1642.5,1662.5,6783800
2024-12-13,1646.0,1667.5,1646.0,1660.5,6515400
2024-12-16,1662.5,1669.0,1653.0,1660.0,3581000
2024-12-17,1660.0,1671.5,1644.0,1647.5,4096600
2024-12-18,1648.5,1662.0,1646.0,1646.0,4126800
2024-12-19,1637.5,1669.0,1636.0,1664.5,4121400
2024-12-20,1671.0,1687.5,1663.0,1663.0,9647100
2024-12-23,1674.0,1677.0,1654.0,1672.0,3454600
2024-12-24,1673.0,1680.0,1657.0,1660.0,2141400
2024-12-25,1659.0,1666.5,1645.0,1658.5,2738200
2024-12-26,1658.0,1672.0,1656.0,1668.5,3401600
2024-12-27,1650.0,1665.5,1643.0,1664.0,3757400
2024-12-30,1666.0,1672.0,1650.5,1657.0,2882100
2025-01-06,1644.5,1646.5,1592.0,1609.5,9415800
2025-01-07,1613.0,1622.5,1592.0,1597.5,5344500
2025-01-08,1581.0,1588.0,1562.5,1575.5,7160200
2025-01-09,1581.0,1589.5,1567.5,1583.5,4868000
2025-01-10,1599.0,1617.0,1593.0,1606.0,7363000
2025-01-14,1610.0,1614.0,1569.5,1588.0,4624000
2025-01-15,1603.5,1604.0,1579.0,1592.5,3820100
2025-01-16,1582.0,1585.5,1574.0,1578.5,4204400
2025-01-17,1566.5,1581.0,1563.0,1580.5,6582300
2025-01-20,1586.5,1596.0,1578.5,1587.5,3332200
2025-01-21,1617.0,1617.0,1591.5,1605.5,3890900
2025-01-22,1606.0,1622.0,1606.0,1617.5,4554900
2025-01-23,1606.0,1618.0,1589.0,1616.0,4649900
2025-01-24,1623.0,1658.0,1617.5,1643.0,5163200
2025-01-27,1666.5,1673.5,1659.0,1665.5,4062200
2025-01-28,1687.5,1714.5,1685.0,1687.5,5898500
2025-01-29,1690.5,1698.0,1686.0,1689.0,2816800
2025-01-30,1692.0,1698.5,1682.0,1698.5,2970400
2025-01-31,1693.0,1697.5,1678.5,1684.0,3450800
2025-02-03,1664.0,1670.5,1651.5,1659.5,4402700
2025-02-04,1675.0,1675.5,1636.0,1638.5,4196100
2025-02-05,1638.5,1648.0,1630.0,1638.5,3504800
2025-02-06,1630.5,1642.5,1626.0,1637.0,3433200
2025-02-07,1636.5,1654.0,1632.5,1650.0,4783100
2025-02-10,1638.0,1650.0,1631.0,1640.0,3614800
2025-02-12,1638.5,1647.5,1626.0,1633.0,5748600
2025-02-13,1655.0,1697.0,1651.0,1685.0,8055700
2025-02-14,1668.5,1756.0,1639.0,1697.5,14400700
2025-02-17,1725.0,1818.5,1722.5,1789.0,10099400
2025-02-18,1811.0,1813.0,1781.5,1799.5,5504500
2025-02-19,1807.0,1808.5,1780.0,1800.0,5044900
2025-02-20,1799.5,1800.5,1773.0,1785.0,4294700
2025-02-21,1770.0,1772.0,1752.5,1761.5,4146000
2025-02-25,1758.0,1777.0,1753.5,1773.5,4482900
2025-02-26,1777.5,1824.5,1774.5,1824.5,5744300
2025-02-27,1822.5,1853.5,1808.5,1846.5,5165200
2025-02-28,1865.0,1888.0,1844.5,1863.0,11132600
2025-03-03,1885.0,1916.0,1881.5,1901.0,8443700
2025-03-04,1913.5,1921.5,1883.0,1892.5,6035700
2025-03-05,1891.0,1926.0,1885.0,1906.0,5452800
2025-03-06,1905.0,1921.0,1900.0,1908.5,4531400
2025-03-07,1900.0,1931.0,1881.5,1925.5,5974100
2025-03-10,1930.0,1933.5,1904.0,1907.5,3962600
2025-03-11,1901.0,1909.0,1853.0,1875.5,7992400
2025-03-12,1875.0,1937.0,1871.5,1927.5,5177700
2025-03-13,1930.0,1932.5,1907.0,1910.5,4715500
2025-03-14,1909.5,1919.5,1896.5,1908.0,6046100
2025-03-17,1899.0,1933.0,1894.5,1924.5,4577000
2025-03-18,1959.0,1978.0,1952.5,1957.5,4781200
2025-03-19,1955.0,1970.5,1948.5,1948.5,2978900
2025-03-21,1945.0,1967.0,1940.5,1953.5,6086900
2025-03-24,1956.0,1963.0,1937.0,1956.0,3480100
2025-03-25,1952.0,1967.0,1946.5,1958.0,4832000
2025-03-26,1961.5,1962.0,1932.5,1935.0,5291100
2025-03-27,1940.0,1964.0,1937.5,1964.0,5930000
2025-03-28,1944.0,1976.0,1944.0,1959.0,4832100
2025-03-31,1927.5,1934.5,1905.0,1912.0,5466300
2025-04-01,1933.5,1957.0,1917.0,1922.0,5264300
2025-04-02,1904.0,1921.0,1897.5,1904.0,4317100
2025-04-03,1845.5,1911.0,1845.5,1908.0,5650400
2025-04-04,1908.0,1937.5,1894.0,1917.0,5992400
2025-04-07,1848.5,1904.0,1815.0,1850.0,8248600
2025-04-08,1902.0,1921.0,1878.0,1902.5,6876300
2025-04-09,1877.0,1884.5,1831.0,1864.0,5440700
2025-04-10,1930.0,1953.0,1890.0,1953.0,5183800
2025-04-11,1850.5,1938.0,1850.5,1923.0,5941200
2025-04-14,1924.0,1956.5,1920.5,1950.0,3250400
2025-04-15,1960.0,1965.0,1943.0,1959.5,4343900
2025-04-16,1970.0,1994.0,1969.0,1994.0,4548600
2025-04-17,2020.0,2023.0,2001.0,2013.5,4076300
2025-04-18,2013.0,2026.0,1992.5,2022.5,2769100
2025-04-21,2033.0,2047.0,2019.0,2026.0,3134200
2025-04-22,2030.0,2042.5,2008.5,2022.5,2591400
2025-04-23,2036.0,2040.5,2011.0,2030.0,4471700
2025-04-24,2020.0,2023.0,1953.5,1963.5,5799400
2025-04-25,1958.0,1960.0,1942.0,1948.0,6227100
2025-04-28,1941.5,1964.5,1938.0,1959.0,5211900
2025-04-30,1953.0,1974.0,1945.5,1972.5,5851600
2025-05-01,1972.5,2005.0,1968.0,2000.0,3742900
2025-05-02,1990.0,2009.5,1984.5,1992.0,3849600
2025-05-07,1997.5,2007.0,1985.0,1991.5,4804400
2025-05-08,1986.0,1997.0,1968.0,1997.0,3192400
2025-05-09,2010.0,2020.0,1991.5,2015.0,4887200
2025-05-12,2002.5,2040.5,1969.0,2017.0,6290600
2025-05-13,1975.0,2004.0,1942.0,1977.0,6901400
2025-05-14,1970.0,1976.0,1912.5,1926.5,6586700
2025-05-15,1920.0,1967.5,1917.0,1956.5,4034800
2025-05-16,1974.0,1980.0,1927.5,1932.0,3136800
2025-05-19,1932.0,1949.0,1921.5,1932.0,3161900
2025-05-20,1925.0,1927.0,1874.0,1885.0,5140500
2025-05-21,1900.0,1900.0,1878.5,1878.5,3650500
2025-05-22,1877.5,1882.0,1858.0,1869.0,3264900
2025-05-23,1865.5,1878.0,1858.5,1869.0,3437800
2025-05-26,1867.0,1881.0,1848.0,1881.0,3731900
2025-05-27,1885.5,1893.0,1874.0,1877.0,2507500
2025-05-28,1898.5,1907.0,1885.0,1899.5,3641000
2025-05-29,1910.5,1920.0,1894.0,1899.0,4026900
2025-05-30,1898.0,1915.0,1892.5,1906.0,5858300
2025-06-02,1895.0,1903.5,1875.0,1900.0,3073000
2025-06-03,1890.0,1897.0,1875.5,1897.0,3002100
2025-06-04,1913.0,1927.0,1901.5,1906.5,3014300
2025-06-05,1900.0,1921.0,1893.5,1900.0,3230700
2025-06-06,1903.0,1914.0,1887.0,1894.5,2781500
2025-06-09,1890.0,1897.0,1880.0,1882.5,3278900
2025-06-10,1891.0,1899.0,1880.5,1896.0,3584300
2025-06-11,1890.0,1905.5,1882.0,1905.5,2405400
2025-06-12,1903.5,1926.5,1897.5,1903.5,4777900
2025-06-13,1900.0,1911.5,1875.5,1881.5,4358700
2025-06-16,1900.0,1928.5,1893.0,1923.5,3517400
2025-06-17,1923.5,1932.0,1903.0,1905.5,2661000
2025-06-18,1915.0,1958.5,1915.0,1932.5,4951200
2025-06-19,1932.0,1944.0,1916.5,1940.0,3168900
2025-06-20,1955.0,1961.0,1936.5,1944.0,9771100
2025-06-23,1939.0,1965.0,1935.5,1962.0,3152400
2025-06-24,1994.5,2004.5,1968.5,1968.5,3500400
2025-06-25,1951.0,1963.5,1939.5,1946.0,3987600
2025-06-26,1939.5,1944.5,1911.5,1924.5,4514200
2025-06-27,1924.0,1924.0,1891.0,1898.5,5493900
2025-06-30,1919.5,1931.0,1912.0,1927.5,4918300
2025-07-01,1950.0,1959.5,1930.5,1950.0,4245600
2025-07-02,1941.0,1969.5,1938.0,1964.0,3692600
2025-07-03,1956.0,1965.0,1939.5,1940.0,4630600
2025-07-04,1917.5,1938.0,1915.0,1929.0,5609800
2025-07-07,1934.0,1945.0,1913.0,1922.5,4190400
2025-07-08,1908.5,1931.0,1863.0,1872.0,6420400
2025-07-09,1895.0,1898.0,1874.5,1883.0,4738000
2025-07-10,1891.0,1893.0,1850.0,1855.0,6018600
2025-07-11,1856.5,1860.5,1836.5,1847.0,6507500
2025-07-14,1841.0,1863.0,1839.0,1855.0,3576300
2025-07-15,1850.0,1853.5,1832.5,1838.5,4007700
2025-07-16,1865.0,1899.0,1857.0,1893.5,6973100
2025-07-17,1874.5,1880.5,1860.0,1866.5,4648500
2025-07-18,1880.0,1886.5,1861.5,1877.0,3882900
2025-07-22,1872.5,1908.0,1865.5,1878.5,3742600
2025-07-23,1870.0,1928.5,1868.5,1918.0,5847700
2025-07-24,1937.0,1975.0,1932.0,1961.5,7578700
2025-07-25,1967.0,1971.0,1927.0,1934.0,3815600
2025-07-28,1927.5,1941.0,1918.5,1933.5,3379000
2025-07-29,1909.0,1909.0,1873.0,1885.0,4839100
2025-07-30,1884.0,1913.5,1881.0,1913.5,3969100
2025-07-31,1933.5,1939.5,1916.0,1919.0,3939600
2025-08-01,1933.5,1955.0,1923.0,1931.0,3430500
2025-08-04,1911.5,1922.5,1888.5,1904.0,3146800
2025-08-05,1904.0,1912.5,1883.0,1900.0,3828600
2025-08-06,1907.5,1925.5,1903.0,1910.0,4051700
2025-08-07,1920.0,1937.5,1869.0,1919.5,7526900
2025-08-08,1950.0,1989.0,1941.0,1979.0,8303400
2025-08-12,1976.0,2005.5,1952.5,1979.5,6910300
2025-08-13,1973.5,1985.0,1952.0,1952.0,4506900
2025-08-14,1927.0,1942.0,1913.5,1922.5,5164700
2025-08-15,1913.0,1915.0,1892.0,1910.0,4950900
2025-08-18,1920.0,1943.0,1905.0,1905.0,4589200
2025-08-19,1905.0,1934.0,1901.0,1923.0,4741000
2025-08-20,1936.5,1948.5,1929.5,1932.5,4402300
2025-08-21,1952.0,1960.0,1910.5,1910.5,4008200
2025-08-22,1910.0,1923.5,1906.5,1916.0,3954200
2025-08-25,1906.0,1908.0,1879.0,1882.0,3181300
2025-08-26,1875.0,1881.0,1856.5,1856.5,5631000
2025-08-27,1855.0,1861.5,1846.0,1854.5,4235100
2025-08-28,1870.0,1880.0,1863.0,1874.0,2749600
2025-08-29,1874.0,1876.0,1854.5,1856.5,3211300
2025-09-01,1856.5,1918.5,1856.0,1896.5,4787100
2025-09-02,1902.5,1953.5,1902.5,1953.5,5554500
2025-09-03,1952.0,1964.0,1898.0,1898.5,4785700
2025-09-04,1900.0,1905.5,1881.5,1887.5,4249100
2025-09-05,1902.0,1912.5,1884.5,1896.5,3373800
2025-09-08,1896.0,1914.0,1872.0,1879.5,5513600
2025-09-09,1880.0,1885.0,1866.0,1866.0,3893100
2025-09-10,1860.0,1871.0,1854.0,1854.0,4491300
2025-09-11,1850.0,1853.0,1827.0,1841.0,5298700
2025-09-12,1835.5,1842.5,1810.0,1819.0,8135300
2025-09-16,1800.0,1825.0,1790.5,1815.0,8988300
2025-09-17,1820.0,1825.5,1799.0,1801.0,4559500
2025-09-18,1815.5,1820.5,1790.0,1790.0,5918000
2025-09-19,1783.5,1799.5,1773.5,1780.0,7520200
2025-09-22,1780.0,1783.5,1765.0,1766.0,3896000
2025-09-24,1763.0,1794.0,1760.5,1787.0,5413500
2025-09-25,1803.5,1806.5,1791.0,1800.0,5004400
2025-09-26,1818.0,1842.0,1810.0,1839.0,6653300
2025-09-29,1829.0,1833.0,1782.5,1782.5,6868800
2025-09-30,1761.0,1790.5,1745.0,1775.5,8369300
2025-10-01,1780.0,1795.5,1769.0,1778.5,8153000
2025-10-02,1761.5,1770.5,1727.5,1731.5,8270700
2025-10-03,1715.0,1732.0,1709.5,1709.5,10599700
2025-10-06,1745.0,1749.5,1716.5,1736.5,12389500
2025-10-07,1745.0,1763.0,1744.0,1750.5,7764600
2025-10-08,1785.0,1799.5,1778.5,1785.5,8382800
2025-10-09,1766.0,1770.0,1747.0,1757.5,8069800
2025-10-10,1760.0,1767.0,1748.0,1759.0,9974100
2025-10-14,1727.5,1750.5,1723.0,1740.0,8286600
2025-10-15,1735.0,1736.5,1700.5,1716.0,9217300
2025-10-16,1705.0,1714.0,1696.0,1705.0,10320000
2025-10-17,1706.0,1726.0,1699.0,1726.0,10643000
2025-10-20,1758.0,1761.5,1736.5,1747.0,7115700
2025-10-21,1730.0,1746.5,1726.0,1736.5,6620700
2025-10-22,1736.5,1749.5,1736.5,1743.5,7648800
2025-10-23,1744.0,1752.5,1737.5,1745.0,5694800
2025-10-24,1740.5,1742.0,1715.5,1718.5,7062000
2025-10-27,1730.0,1738.0,1722.0,1731.0,5912300
2025-10-28,1741.5,1743.0,1726.0,1727.0,5776900
2025-10-29,1710.5,1718.0,1682.5,1683.0,8806700
2025-10-30,1665.0,1677.0,1651.5,1675.0,8568800
2025-10-31,1675.5,1679.0,1654.0,1661.0,10643700
2025-11-04,1686.5,1700.0,1682.0,1689.0,10850500
2025-11-05,1709.5,1721.5,1680.0,1693.0,9653400
2025-11-06,1700.0,1714.0,1698.5,1703.0,5883000
2025-11-07,1703.0,1731.5,1700.0,1731.5,7992300
2025-11-10,1731.5,1734.0,1717.5,1733.0,5595400
2025-11-11,1733.0,1740.5,1712.5,1731.0,6437400
2025-11-12,1749.0,1775.0,1726.5,1739.0,9181600
2025-11-13,1721.5,1773.0,1720.0,1769.5,7276100
2025-11-14,1778.0,1798.5,1763.0,1784.5,9905000
2025-11-17,1784.0,1817.0,1782.0,1795.0,6900200
2025-11-18,1788.0,1791.5,1761.0,1761.0,5710500
2025-11-19,1758.0,1777.0,1751.0,1760.0,6486800
2025-11-20,1748.0,1771.0,1733.0,1745.0,6512700
2025-11-21,1759.5,1763.5,1741.5,1749.0,26043700
2025-11-25,1743.0,1790.0,1740.0,1789.5,9497500
2025-11-26,1785.0,1799.5,1772.5,1799.5,5669500
2025-11-27,1800.0,1810.0,1771.0,1786.5,7340300
2025-11-28,1815.0,1835.5,1808.5,1812.5,8081700
2025-12-01,1802.0,1811.0,1787.0,1793.5,5633200
2025-12-02,1798.0,1809.5,1791.0,1805.0,5661500
2025-12-03,1792.0,1795.0,1773.0,1778.5,4804600
2025-12-04,1758.0,1781.5,1751.5,1778.5,5864100
2025-12-05,1761.5,1769.5,1718.0,1740.5,7362100
2025-12-08,1740.5,1755.5,1728.0,1750.0,5083100
2025-12-09,1750.0,1759.5,1741.5,1756.0,4357700
2025-12-10,1764.5,1764.5,1744.0,1759.5,5942700
2025-12-11,1764.5,1764.5,1746.0,1749.5,4590700
2025-12-12,1752.5,1768.0,1750.0,1762.5,5311500
2025-12-15,1764.0,1765.0,1731.5,1740.0,9263900
2025-12-16,1731.0,1744.5,1721.0,1731.5,9604600
2025-12-17,1730.0,1738.0,1722.5,1731.5,6160800
2025-12-18,1611.5,1661.5,1601.0,1632.5,29609300
2025-12-19,1642.5,1661.0,1640.0,1640.0,12358300
2025-12-22,1677.5,1679.0,1633.5,1645.0,8525700
2025-12-23,1640.5,1655.0,1637.0,1640.0,5562000
2025-12-24,1647.5,1653.5,1637.0,1640.0,5553000
2025-12-25,1650.0,1655.5,1643.0,1654.0,4285200
2025-12-26,1662.0,1677.5,1652.0,1667.5,5859900
2025-12-29,1650.0,1658.5,1640.0,1648.5,5888900
2025-12-30,1659.0,1659.5,1638.5,1639.5,5313700
2026-01-05,1651.0,1675.5,1649.5,1664.5,8486800
2026-01-06,1667.0,1689.5,1661.0,1683.0,6971500
2026-01-07,1662.0,1668.5,1645.0,1658.5,6055600
2026-01-08,1650.0,1656.0,1643.0,1646.0,8077400
2026-01-09,1675.0,1675.0,1654.5,1655.0,5977400
2026-01-13,1672.0,1673.0,1652.0,1652.0,11042100
2026-01-14,1650.0,1665.0,1645.0,1660.0,7541700
2026-01-15,1656.5,1662.0,1648.0,1652.0,7226900
2026-01-16,1649.0,1653.5,1641.0,1645.5,8771600
2026-01-19,1660.0,1676.0,1655.0,1676.0,6368600
2026-01-20,1686.0,1704.0,1678.5,1700.5,6219400
2026-01-21,1688.0,1691.0,1663.5,1665.0,6936800
2026-01-22,1665.0,1668.0,1651.0,1651.0,7264100
2026-01-23,1648.0,1653.0,1642.5,1647.0,8048900
2026-01-26,1655.0,1656.5,1644.0,1654.0,6765200
2026-01-27,1648.0,1648.5,1630.0,1630.0,7961800
2026-01-28,1609.0,1615.5,1597.0,1597.0,10077200
2026-01-29,1596.0,1602.5,1575.0,1602.5,9965600
2026-01-30,1591.0,1612.5,1577.0,1612.5,10548900
2026-02-02,1649.0,1653.5,1623.5,1653.5,7805300
2026-02-03,1640.5,1649.5,1633.5,1645.0,6841300
2026-02-04,1639.5,1662.0,1630.0,1653.0,5947600
2026-02-05,1680.0,1716.5,1674.0,1703.0,9610400
2026-02-06,1717.0,1727.0,1705.0,1727.0,6977400
2026-02-09,1740.0,1742.0,1693.5,1695.5,10000000
2026-02-10,1688.0,1706.5,1676.0,1683.5,7617500
2026-02-12,1680.0,1691.5,1665.5,1673.0,8873300
2026-02-13,1692.0,1696.5,1672.0,1696.5,7504400
2026-02-16,1675.0,1705.0,1670.0,1675.0,5894600
2026-02-17,1675.0,1691.5,1667.0,1680.0,6402200
2026-02-18,1680.0,1708.0,1679.0,1708.0,7334900
2026-02-19,1702.5,1709.0,1683.0,1694.0,5724100
2026-02-20,1705.0,1708.5,1684.0,1708.5,7302300
2026-02-24,1708.5,1716.0,1687.5,1703.0,7731600
2026-02-25,1716.0,1716.0,1692.5,1704.5,5944200
2026-02-26,1720.0,1745.0,1718.0,1732.0,8690400
2026-02-27,1720.0,1723.0,1687.0,1699.5,16261800
2026-03-02,1697.0,1705.5,1683.5,1691.0,7169400
2026-03-03,1688.5,1689.0,1663.5,1667.5,6763800
2026-03-04,1650.0,1658.0,1636.5,1647.0,8972100
2026-03-05,1670.0,1678.5,1636.5,1646.0,12144500
2026-03-06,1645.0,1665.5,1637.5,1648.0,9845900
2026-03-09,1620.0,1630.5,1605.5,1627.0,9287900
2026-03-10,1626.0,1630.0,1583.0,1606.0,11281800
2026-03-11,1608.0,1615.0,1588.0,1593.5,10329200
2026-03-12,1595.0,1602.0,1583.0,1597.0,9653200
2026-03-13,1590.5,1612.5,1588.5,1600.0,7465800
2026-03-16,1600.0,1601.0,1585.0,1587.0,5908800
2026-03-17,1587.0,1600.5,1581.0,1584.5,4063500
2026-03-18,1584.0,1604.5,1582.0,1598.5,4935800
2026-03-19,1582.0,1598.5,1571.0,1576.0,9209300
2026-03-23,1558.0,1577.0,1553.5,1557.5,10966500
2026-03-24,1560.0,1579.5,1560.0,1564.0,8569100
2026-03-25,1577.0,1578.0,1561.0,1564.5,7047100
2026-03-26,1562.5,1564.0,1543.0,1553.5,8073800
2026-03-27,1570.0,1582.0,1563.5,1575.0,6826700
2026-03-30,1560.0,1581.5,1544.0,1578.0,8698800
2026-03-31,1592.0,1609.0,1585.0,1585.0,6272600
2026-04-01,1591.0,1613.0,1583.0,1610.0,5769800
2026-04-02,1613.0,1638.0,1606.0,1619.0,6516500
2026-04-03,1604.0,1640.0,1603.0,1640.0,5258100
2026-04-06,1645.0,1649.5,1630.0,1630.0,3451500
2026-04-07,1634.5,1647.0,1623.0,1627.0,3719100
2026-04-08,1646.0,1650.5,1630.5,1633.5,7055100
2026-04-09,1632.5,1642.5,1620.5,1624.0,7298300
2026-04-10,1620.0,1623.5,1597.0,1600.5,7366100
2026-04-13,1590.5,1633.5,1587.5,1615.5,5623200
2026-04-14,1619.5,1634.5,1617.0,1622.5,5214600
2026-04-15,1615.0,1647.5,1614.5,1646.0,5908000
2026-04-16,1640.0,1660.0,1632.0,1659.5,6275200
2026-04-17,1670.0,1675.5,1652.0,1652.0,4867900
2026-04-20,1663.0,1666.0,1643.0,1643.0,3901000
2026-04-21,1635.0,1644.0,1625.0,1625.0,4514400
2026-04-22,1620.0,1623.0,1580.5,1581.5,7030600
2026-04-23,1567.0,1571.0,1550.5,1568.0,6705600
2026-04-24,1580.0,1584.5,1556.0,1558.0,5420900
2026-04-27,1554.0,1556.5,1532.0,1532.0,7245200
2026-04-28,1533.5,1560.0,1531.0,1560.0,6499900
2026-04-30,1551.0,1553.5,1531.5,1548.0,8261500
2026-05-01,1532.0,1550.0,1525.0,1550.0,6537500
2026-05-07,1540.0,1554.5,1535.5,1544.0,7082800
2026-05-08,1554.0,1554.5,1518.0,1529.0,8977800
2026-05-11,1518.0,1540.5,1515.5,1520.0,7533300
2026-05-12,1515.0,1523.0,1501.5,1519.0,5311400
2026-05-13,1535.0,1551.5,1529.0,1535.5,4477600
2026-05-14,1530.5,1535.5,1518.0,1527.0,4137000
2026-05-15,1520.0,1536.0,1509.0,1536.0,5549500
2026-05-18,1548.5,1557.0,1539.0,1543.5,5484500
2026-05-19,1568.5,1590.0,1555.5,1580.5,7978900
2026-05-20,1596.5,1608.5,1591.0,1602.0,6316600
2026-05-21,1589.0,1589.5,1573.0,1581.0,4141300
2026-05-22,1569.0,1577.5,1551.5,1563.5,4800700
2026-05-25,1541.0,1545.0,1487.0,1498.0,10456800
2026-05-26,1503.5,1509.0,1495.0,1501.0,4422800
2026-05-27,1507.0,1517.5,1501.0,1517.5,5044800
2026-05-28,1531.5,1543.5,1523.5,1531.0,4736900
2026-05-29,1508.0,1532.5,1507.0,1523.5,15439700
2026-06-01,1511.0,1516.0,1484.0,1489.0,7450300
2026-06-02,1459.0,1496.0,1452.5,1473.5,7663900
2026-06-03,1472.0,1497.5,1468.0,1490.0,5076900
2026-06-04,1493.0,1495.5,1484.5,1488.0,3925900
2026-06-05,1490.5,1497.0,1472.0,1475.5,4633600
2026-06-08,1485.5,1511.0,1483.5,1505.0,8739700
2026-06-09,1500.0,1509.0,1489.0,1492.5,6988200
2026-06-10,1507.5,1548.5,1503.5,1543.5,7327700
2026-06-11,1551.0,1562.0,1532.0,1545.0,4341900
2026-06-12,1510.0,1532.5,1493.5,1496.5,10338700
2026-06-15,1499.0,1521.0,1494.5,1510.0,6294800
2026-06-16,1496.0,1507.5,1485.0,1503.5,6564700
2026-06-17,1507.0,1523.0,1505.0,1515.5,5150200
2026-06-18,1515.0,1528.0,1506.5,1523.0,5314100
2026-06-19,1511.0,1519.0,1495.0,1519.0,6344300
2026-06-22,1525.5,1536.5,1508.5,1510.0,4163900
2026-06-23,1503.0,1522.5,1491.0,1514.0,5039100
2026-06-24,1517.0,1540.5,1503.5,1525.0,5017900
2026-06-25,1530.0,1548.0,1521.5,1540.0,4918400
2026-06-26,1551.0,1563.5,1542.0,1563.0,6916100
2026-06-29,1539.0,1580.0,1537.0,1573.5,7433100
2026-06-30,1575.0,1577.0,1543.0,1548.0,6191500
2026-07-01,1535.0,1541.5,1508.0,1512.5,4623500
2026-07-02,1540.0,1567.5,1526.0,1544.0,5856600
2026-07-03,1575.0,1586.0,1553.0,1553.0,5292200
2026-07-06,1571.0,1608.0,1564.0,1602.0,5190600
2026-07-07,1582.5,1613.0,1581.0,1610.5,5843700
2026-07-08,1595.0,1709.5,1593.0,1660.5,14959400
2026-07-09,1669.5,1675.0,1626.0,1626.5,8456800
2026-07-10,1616.0,1625.0,1578.5,1581.0,9040800
2026-07-13,1595.0,1612.0,1587.5,1601.5,5682400
2026-07-14,1615.0,1632.0,1600.0,1604.5,6173700
2026-07-15,1600.5,1614.5,1588.0,1588.0,8262500
2026-07-16,1581.5,1588.5,1571.0,1583.0,7192200
2026-07-17,1606.5,1626.5,1592.5,1603.0,7506500
2026-07-21,1617.0,1657.0,1615.0,1628.5,8038200
2026-07-22,1601.0,1635.5,1598.0,1629.5,9022400
2026-07-23,1627.0,1635.0,1616.5,1631.5,6730400
2026-07-24,1629.0,1655.5,1619.0,1648.0,5891200
2026-07-27,1657.0,1680.0,1650.5,1674.0,7251800
2026-07-28,1685.0,1726.0,1677.5,1720.5,10095100
2026-07-29,1730.5,1805.5,1723.5,1776.5,11871100
2026-07-30,1777.0,1790.0,1727.0,1749.0,9498300
2026-07-31,1669.0,1710.0,1659.5,1666.5,9547000
2026-08-03,1661.0,1664.0,1629.0,1657.5,7380200
2026-08-04,1645.0,1653.5,1619.5,1628.5,6158600
2026-08-05,1623.5,1639.5,1605.0,1622.0,7805600
2026-08-06,1625.0,1669.0,1623.0,1669.0,5626000
2026-08-07,1665.5,1704.5,1657.5,1694.5,6703400
2026-08-10,1676.0,1693.5,1667.5,1686.0,5045800
2026-08-12,1696.0,1709.5,1670.0,1679.0,7125300
2026-08-13,1679.0,1691.5,1660.5,1683.5,8319900
2026-08-14,1687.0,1753.0,1667.0,1743.5,14799200
2026-08-17,1720.0,1720.5,1661.0,1661.0,8929700
2026-08-18,1660.0,1675.0,1647.0,1649.0,7858800
2026-08-19,1659.0,1663.5,1635.0,1655.0,7706000
2026-08-20,1671.5,1683.0,1652.5,1671.5,6085500
2026-08-21,1672.0,1684.0,1663.5,1680.5,5763400
2026-08-24,1671.0,1687.0,1664.0,1672.0,3761200
2026-08-25,1690.0,1702.0,1683.5,1688.0,4869900
2026-08-26,1685.0,1689.5,1676.0,1679.0,3570000
2026-08-27,1676.0,1686.5,1663.0,1664.0,4759000
2026-08-28,1651.0,1670.5,1637.0,1670.5,12851300
2026-08-31,1675.0,1680.0,1667.0,1676.0,7999000
2026-09-01,1677.5,1699.0,1674.0,1693.0,4021600
2026-09-02,1680.0,1685.0,1648.5,1660.0,7927000
2026-09-03,1660.0,1663.5,1647.0,1649.5,5470400
2026-09-04,1657.5,1657.5,1632.5,1639.0,5504200
2026-09-07,1640.0,1646.0,1628.0,1628.0,5291400
2026-09-08,1623.0,1633.0,1616.0,1633.0,5175700
2026-09-09,1620.0,1621.0,1605.0,1605.0,5917300
2026-09-10,1601.0,1605.0,1586.0,1594.0,6449400
2026-09-11,1580.0,1601.0,1580.0,1586.5,5737700
2026-09-14,1602.0,1622.0,1599.0,1613.5,4720200
2026-09-15,1632.5,1634.5,1609.0,1621.0,4788900
2026-09-16,1629.0,1632.5,1607.0,1610.0,4916900
2026-09-17,1615.5,1645.0,1615.5,1645.0,4689100
2026-09-18,1634.0,1636.5,1610.0,1610.0,7765000
2026-09-24,1606.5,1614.5,1597.5,1605.5,6708800
2026-09-25,1604.5,1621.5,1604.0,1614.0,4475000
2026-09-28,1620.5,1620.5,1596.0,1597.0,6072400
2026-09-29,1599.5,1599.5,1578.5,1582.0,5894900
2026-09-30,1582.0,1593.0,1575.0,1591.0,8037000
2026-10-01,1573.5,1606.0,1569.0,1595.0,6755600
2026-10-02,1579.0,1582.5,1568.5,1572.0,5182400
2026-10-05,1564.5,1584.5,1560.5,1584.5,5683100
2026-10-06,1591.0,1594.5,1576.0,1592.5,4037200
2026-10-07,1597.0,1606.0,1553.0,1577.0,12054000
2026-10-08,1577.0,1578.5,1540.5,1559.0,8707200
