Date,Open,High,Low,Close,Volume
2012-10-01,735.0,735.0,725.0,726.0,4100
2012-10-02,733.0,734.0,730.0,730.0,1100
2012-10-03,730.0,733.0,730.0,731.0,600
2012-10-04,731.0,734.0,731.0,734.0,1600
2012-10-05,734.0,739.0,732.0,739.0,3100
2012-10-09,730.0,730.0,720.0,730.0,5200
2012-10-10,730.0,730.0,729.0,730.0,700
2012-10-11,730.0,731.0,727.0,730.0,2500
2012-10-12,726.0,731.0,725.0,731.0,900
2012-10-15,731.0,735.0,731.0,735.0,3400
2012-10-16,729.0,733.0,725.0,733.0,2300
2012-10-17,733.0,734.0,731.0,733.0,300
2012-10-18,729.0,733.0,729.0,732.0,1100
2012-10-19,732.0,733.0,729.0,732.0,2600
2012-10-22,732.0,734.0,732.0,733.0,400
2012-10-23,733.0,733.0,726.0,731.0,1400
2012-10-24,730.0,730.0,730.0,730.0,300
2012-10-25,730.0,732.0,730.0,731.0,400
2012-10-26,731.0,732.0,726.0,731.0,2800
2012-10-29,728.0,733.0,728.0,728.0,2700
2012-10-30,728.0,729.0,728.0,729.0,400
2012-10-31,737.0,737.0,730.0,731.0,2500
2012-11-01,733.0,733.0,725.0,733.0,4400
2012-11-02,733.0,735.0,733.0,734.0,2100
2012-11-05,735.0,736.0,735.0,736.0,1600
2012-11-06,736.0,736.0,732.0,736.0,1200
2012-11-07,736.0,736.0,734.0,736.0,1000
2012-11-08,736.0,736.0,733.0,734.0,1700
2012-11-09,731.0,735.0,731.0,735.0,500
2012-11-12,734.0,736.0,733.0,736.0,1200
2012-11-13,736.0,736.0,730.0,735.0,1600
2012-11-14,735.0,735.0,732.0,732.0,1300
2012-11-15,733.0,735.0,733.0,735.0,300
2012-11-16,735.0,737.0,735.0,737.0,3400
2012-11-19,738.0,738.0,737.0,737.0,1000
2012-11-20,738.0,738.0,736.0,736.0,1500
2012-11-21,737.0,738.0,737.0,738.0,1800
2012-11-22,736.0,739.0,736.0,738.0,900
2012-11-26,739.0,740.0,738.0,738.0,3200
2012-11-27,740.0,740.0,739.0,739.0,900
2012-11-28,740.0,741.0,740.0,741.0,1100
2012-11-29,741.0,741.0,738.0,741.0,3000
2012-11-30,742.0,742.0,740.0,741.0,2100
2012-12-03,743.0,745.0,743.0,745.0,3600
2012-12-04,746.0,747.0,745.0,746.0,3200
2012-12-05,747.0,747.0,746.0,747.0,1800
2012-12-06,747.0,749.0,746.0,749.0,4000
2012-12-07,750.0,750.0,748.0,748.0,2100
2012-12-10,750.0,750.0,749.0,750.0,2300
2012-12-11,750.0,751.0,748.0,751.0,7900
2012-12-12,748.0,750.0,739.0,743.0,9300
2012-12-13,745.0,748.0,742.0,748.0,2700
2012-12-14,744.0,747.0,741.0,746.0,3700
2012-12-17,751.0,752.0,749.0,750.0,6000
2012-12-18,750.0,751.0,750.0,751.0,1200
2012-12-19,751.0,752.0,748.0,750.0,6000
2012-12-20,751.0,751.0,751.0,751.0,1000
2012-12-21,751.0,758.0,750.0,757.0,5800
2012-12-25,757.0,759.0,757.0,757.0,4000
2012-12-26,760.0,766.0,759.0,766.0,4700
2012-12-27,770.0,777.0,768.0,776.0,9800
2012-12-28,780.0,780.0,778.0,778.0,6000
2013-01-04,785.0,793.0,781.0,792.0,9200
2013-01-07,793.0,799.0,792.0,799.0,16300
2013-01-08,797.0,810.0,797.0,810.0,11000
2013-01-09,825.0,830.0,812.0,825.0,7200
2013-01-10,830.0,874.0,823.0,840.0,29200
2013-01-11,840.0,843.0,812.0,819.0,38300
2013-01-15,819.0,828.0,819.0,824.0,8200
2013-01-16,837.0,837.0,824.0,827.0,4900
2013-01-17,824.0,830.0,824.0,825.0,7200
2013-01-18,828.0,832.0,825.0,826.0,6600
2013-01-21,831.0,835.0,827.0,835.0,9600
2013-01-22,837.0,843.0,837.0,839.0,6300
2013-01-23,850.0,850.0,830.0,841.0,13300
2013-01-24,840.0,843.0,835.0,841.0,4900
2013-01-25,842.0,845.0,840.0,840.0,6800
2013-01-28,846.0,857.0,841.0,851.0,8500
2013-01-29,855.0,866.0,853.0,866.0,6500
2013-01-30,870.0,870.0,865.0,866.0,8000
2013-01-31,870.0,879.0,870.0,875.0,5000
2013-02-01,886.0,894.0,878.0,892.0,8000
2013-02-04,893.0,894.0,888.0,892.0,8200
2013-02-05,893.0,893.0,881.0,887.0,7000
2013-02-06,885.0,887.0,882.0,882.0,7500
2013-02-07,883.0,885.0,876.0,878.0,11600
2013-02-08,877.0,877.0,868.0,871.0,9100
2013-02-12,868.0,871.0,861.0,863.0,15500
2013-02-13,860.0,868.0,860.0,861.0,10800
2013-02-14,859.0,859.0,840.0,845.0,14400
2013-02-15,845.0,846.0,835.0,837.0,7600
2013-02-18,836.0,843.0,830.0,830.0,15400
2013-02-19,830.0,844.0,830.0,833.0,10200
2013-02-20,840.0,865.0,840.0,856.0,18600
2013-02-21,859.0,867.0,859.0,862.0,10800
2013-02-22,865.0,870.0,863.0,868.0,11500
2013-02-25,873.0,884.0,871.0,878.0,30900
2013-02-26,798.0,823.0,781.0,815.0,37100
2013-02-27,818.0,818.0,811.0,813.0,8700
2013-02-28,813.0,817.0,808.0,809.0,4300
2013-03-01,811.0,813.0,807.0,809.0,6500
2013-03-04,807.0,807.0,800.0,802.0,9600
2013-03-05,800.0,800.0,797.0,798.0,7700
2013-03-06,797.0,798.0,779.0,788.0,21100
2013-03-07,780.0,783.0,777.0,780.0,13200
2013-03-08,780.0,785.0,778.0,783.0,7500
2013-03-11,796.0,796.0,782.0,788.0,6700
2013-03-12,789.0,792.0,789.0,791.0,6200
2013-03-13,791.0,792.0,790.0,791.0,3900
2013-03-14,798.0,800.0,792.0,794.0,6500
2013-03-15,800.0,805.0,796.0,801.0,6700
2013-03-18,802.0,803.0,801.0,803.0,4500
2013-03-19,805.0,805.0,800.0,801.0,8100
2013-03-21,812.0,820.0,803.0,806.0,5700
2013-03-22,814.0,814.0,804.0,806.0,4500
2013-03-25,807.0,810.0,804.0,809.0,6800
2013-03-26,815.0,817.0,806.0,806.0,1400
2013-03-27,806.0,809.0,804.0,804.0,3800
2013-03-28,810.0,811.0,807.0,807.0,2500
2013-03-29,810.0,810.0,804.0,810.0,4300
2013-04-01,806.0,806.0,796.0,796.0,6500
2013-04-02,781.0,795.0,778.0,795.0,8200
2013-04-03,794.0,795.0,778.0,794.0,3500
2013-04-04,793.0,793.0,785.0,785.0,2700
2013-04-05,785.0,798.0,785.0,788.0,3600
2013-04-08,796.0,801.0,788.0,796.0,5800
2013-04-09,798.0,811.0,798.0,811.0,6400
2013-04-10,811.0,812.0,808.0,809.0,7200
2013-04-11,810.0,813.0,801.0,813.0,5000
2013-04-12,816.0,820.0,809.0,820.0,4500
2013-04-15,820.0,823.0,820.0,821.0,2600
2013-04-16,818.0,818.0,812.0,815.0,1200
2013-04-17,818.0,818.0,814.0,815.0,600
2013-04-18,815.0,816.0,813.0,813.0,1500
2013-04-19,816.0,818.0,813.0,818.0,2000
2013-04-22,820.0,820.0,816.0,816.0,1700
2013-04-23,819.0,821.0,816.0,816.0,2800
2013-04-24,820.0,830.0,820.0,821.0,3500
2013-04-25,830.0,830.0,823.0,825.0,1500
2013-04-26,826.0,828.0,825.0,828.0,3200
2013-04-30,825.0,828.0,820.0,828.0,6200
2013-05-01,831.0,831.0,827.0,828.0,2500
2013-05-02,835.0,835.0,829.0,834.0,2400
2013-05-07,848.0,860.0,836.0,852.0,12900
2013-05-08,852.0,855.0,850.0,850.0,5400
2013-05-09,851.0,855.0,850.0,851.0,2800
2013-05-10,855.0,855.0,850.0,851.0,2800
2013-05-13,852.0,856.0,848.0,848.0,13600
2013-05-14,848.0,851.0,840.0,842.0,4600
2013-05-15,846.0,846.0,838.0,838.0,6900
2013-05-16,840.0,847.0,831.0,835.0,6100
2013-05-17,835.0,856.0,835.0,850.0,3500
2013-05-20,870.0,919.0,870.0,893.0,37500
2013-05-21,878.0,896.0,878.0,882.0,10500
2013-05-22,894.0,896.0,874.0,876.0,4300
2013-05-23,876.0,885.0,860.0,870.0,6400
2013-05-24,855.0,882.0,855.0,856.0,5700
2013-05-27,856.0,860.0,844.0,844.0,8300
2013-05-28,846.0,850.0,843.0,843.0,3400
2013-05-29,850.0,858.0,847.0,858.0,1400
2013-05-30,855.0,855.0,847.0,847.0,2200
2013-05-31,847.0,847.0,840.0,847.0,4400
2013-06-03,847.0,847.0,835.0,838.0,1500
2013-06-04,839.0,839.0,825.0,828.0,5300
2013-06-05,838.0,838.0,825.0,825.0,3500
2013-06-06,823.0,825.0,812.0,812.0,3300
2013-06-07,800.0,805.0,790.0,801.0,7700
2013-06-10,801.0,819.0,801.0,819.0,3200
2013-06-11,828.0,828.0,822.0,822.0,1600
2013-06-12,825.0,825.0,823.0,825.0,1200
2013-06-13,825.0,827.0,822.0,827.0,1300
2013-06-14,828.0,834.0,825.0,834.0,1000
2013-06-17,834.0,848.0,834.0,848.0,6100
2013-06-18,848.0,860.0,848.0,860.0,4700
2013-06-19,860.0,860.0,860.0,860.0,4500
2013-06-20,880.0,880.0,860.0,860.0,4400
2013-06-21,860.0,865.0,840.0,844.0,2600
2013-06-24,845.0,865.0,843.0,843.0,700
2013-06-25,844.0,847.0,839.0,839.0,1700
2013-06-26,835.0,835.0,831.0,831.0,1900
2013-06-27,831.0,831.0,825.0,826.0,2400
2013-06-28,834.0,839.0,833.0,835.0,2700
2013-07-01,860.0,860.0,840.0,850.0,1600
2013-07-02,855.0,860.0,854.0,855.0,2100
2013-07-03,866.0,867.0,851.0,860.0,1700
2013-07-04,855.0,860.0,850.0,859.0,2500
2013-07-05,856.0,860.0,850.0,856.0,2000
2013-07-08,862.0,862.0,855.0,859.0,4300
2013-07-09,860.0,862.0,852.0,860.0,3500
2013-07-10,863.0,863.0,856.0,861.0,2500
2013-07-11,864.0,866.0,861.0,861.0,4300
2013-07-12,861.0,866.0,861.0,863.0,2300
2013-07-16,865.0,868.0,865.0,867.0,2200
2013-07-17,874.0,874.0,870.0,871.0,3000
2013-07-18,871.0,872.0,870.0,870.0,5700
2013-07-19,865.0,868.0,865.0,866.0,1900
2013-07-22,868.0,870.0,865.0,870.0,1000
2013-07-23,870.0,870.0,865.0,865.0,1200
2013-07-24,871.0,871.0,865.0,865.0,600
2013-07-25,865.0,880.0,865.0,880.0,7100
2013-07-26,880.0,880.0,861.0,878.0,2500
2013-07-29,874.0,874.0,861.0,874.0,1900
2013-07-30,875.0,877.0,861.0,861.0,1800
2013-07-31,878.0,878.0,861.0,861.0,900
2013-08-01,861.0,863.0,856.0,856.0,2100
2013-08-02,861.0,861.0,856.0,860.0,800
2013-08-05,860.0,864.0,856.0,857.0,1800
2013-08-06,866.0,866.0,860.0,860.0,1400
2013-08-07,860.0,865.0,855.0,855.0,1300
2013-08-08,865.0,865.0,853.0,853.0,1200
2013-08-09,851.0,851.0,850.0,850.0,3100
2013-08-12,850.0,851.0,850.0,851.0,400
2013-08-13,850.0,856.0,850.0,856.0,1000
2013-08-14,856.0,860.0,850.0,855.0,1100
2013-08-15,855.0,856.0,855.0,855.0,1200
2013-08-16,855.0,855.0,850.0,850.0,1900
2013-08-19,850.0,855.0,850.0,854.0,1100
2013-08-20,859.0,859.0,850.0,858.0,800
2013-08-21,858.0,859.0,855.0,859.0,1300
2013-08-22,859.0,859.0,856.0,856.0,1000
2013-08-23,855.0,855.0,850.0,850.0,1200
2013-08-26,850.0,852.0,850.0,851.0,1000
2013-08-27,855.0,859.0,852.0,859.0,400
2013-08-28,859.0,859.0,850.0,850.0,1400
2013-08-29,850.0,858.0,845.0,858.0,2700
2013-08-30,850.0,852.0,845.0,845.0,900
2013-09-02,857.0,857.0,850.0,850.0,300
2013-09-03,858.0,858.0,850.0,850.0,2400
2013-09-04,850.0,850.0,849.0,850.0,400
2013-09-05,849.0,857.0,849.0,857.0,1000
2013-09-06,851.0,851.0,850.0,850.0,1200
2013-09-09,850.0,851.0,848.0,849.0,3900
2013-09-10,856.0,856.0,846.0,846.0,3300
2013-09-11,851.0,859.0,850.0,850.0,1000
2013-09-12,852.0,857.0,850.0,850.0,2100
2013-09-13,857.0,857.0,857.0,857.0,400
2013-09-17,857.0,859.0,857.0,857.0,4900
2013-09-18,859.0,859.0,857.0,858.0,1500
2013-09-19,858.0,859.0,855.0,859.0,1800
2013-09-20,859.0,859.0,858.0,858.0,1300
2013-09-24,858.0,860.0,855.0,858.0,4300
2013-09-25,858.0,861.0,858.0,859.0,1800
2013-09-26,859.0,861.0,859.0,860.0,3000
2013-09-27,862.0,878.0,861.0,874.0,5200
2013-09-30,875.0,875.0,870.0,872.0,2400
2013-10-01,875.0,875.0,871.0,871.0,1700
2013-10-02,875.0,875.0,868.0,868.0,4300
2013-10-03,876.0,876.0,870.0,873.0,2100
2013-10-04,876.0,876.0,866.0,876.0,3000
2013-10-07,876.0,878.0,860.0,877.0,3300
2013-10-08,873.0,874.0,870.0,874.0,1700
2013-10-09,870.0,876.0,867.0,876.0,2900
2013-10-10,876.0,908.0,870.0,870.0,15300
2013-10-11,870.0,875.0,870.0,875.0,3000
2013-10-15,875.0,875.0,871.0,872.0,3600
2013-10-16,872.0,872.0,868.0,870.0,3700
2013-10-17,870.0,872.0,868.0,872.0,5700
2013-10-18,871.0,874.0,871.0,874.0,1800
2013-10-21,875.0,878.0,874.0,878.0,5100
2013-10-22,878.0,878.0,877.0,878.0,2000
2013-10-23,878.0,880.0,877.0,877.0,1800
2013-10-24,878.0,880.0,876.0,879.0,1600
2013-10-25,879.0,883.0,878.0,880.0,4100
2013-10-28,895.0,895.0,887.0,887.0,2400
2013-10-29,892.0,897.0,888.0,896.0,2800
2013-10-30,896.0,904.0,888.0,904.0,5000
2013-10-31,904.0,904.0,904.0,904.0,0
2013-11-01,907.0,907.0,888.0,903.0,2100
2013-11-05,900.0,901.0,895.0,901.0,1700
2013-11-06,900.0,900.0,896.0,896.0,2800
2013-11-07,902.0,906.0,900.0,901.0,3100
2013-11-08,900.0,900.0,891.0,892.0,2000
2013-11-11,893.0,896.0,893.0,893.0,1500
2013-11-12,901.0,901.0,893.0,893.0,1600
2013-11-13,895.0,910.0,895.0,904.0,6300
2013-11-14,908.0,908.0,898.0,900.0,2700
2013-11-15,902.0,905.0,901.0,901.0,2700
2013-11-18,905.0,909.0,903.0,906.0,2100
2013-11-19,907.0,908.0,906.0,906.0,3300
2013-11-20,909.0,909.0,905.0,907.0,2700
2013-11-21,909.0,910.0,907.0,908.0,2500
2013-11-22,909.0,912.0,909.0,911.0,6700
2013-11-25,915.0,915.0,912.0,914.0,5100
2013-11-26,915.0,918.0,914.0,918.0,3500
2013-11-27,919.0,930.0,916.0,924.0,5900
2013-11-28,934.0,949.0,934.0,942.0,7300
2013-11-29,942.0,970.0,941.0,961.0,17200
2013-12-02,970.0,998.0,968.0,997.0,10800
2013-12-03,1000.0,1019.0,999.0,1001.0,15000
2013-12-04,1000.0,1000.0,973.0,990.0,8800
2013-12-05,985.0,997.0,980.0,983.0,7200
2013-12-06,973.0,978.0,958.0,960.0,9800
2013-12-09,982.0,982.0,950.0,951.0,12800
2013-12-10,951.0,973.0,950.0,965.0,5900
2013-12-11,978.0,980.0,965.0,979.0,4400
2013-12-12,977.0,985.0,976.0,982.0,4100
2013-12-13,983.0,985.0,980.0,981.0,2900
2013-12-16,981.0,985.0,970.0,970.0,6900
2013-12-17,975.0,980.0,973.0,973.0,6600
2013-12-18,980.0,980.0,950.0,966.0,5200
2013-12-19,958.0,976.0,958.0,960.0,3300
2013-12-20,961.0,969.0,960.0,969.0,7600
2013-12-24,969.0,969.0,955.0,955.0,10500
2013-12-25,955.0,957.0,950.0,956.0,5600
2013-12-26,969.0,1020.0,969.0,1020.0,15700
2013-12-27,1014.0,1015.0,980.0,1000.0,12800
2013-12-30,1000.0,1015.0,1000.0,1011.0,5000
2014-01-06,1029.0,1029.0,1011.0,1012.0,7000
2014-01-07,1015.0,1028.0,1015.0,1021.0,4900
2014-01-08,1030.0,1033.0,1021.0,1025.0,5100
2014-01-09,1025.0,1037.0,1025.0,1034.0,3900
2014-01-10,1036.0,1057.0,1035.0,1055.0,8400
2014-01-14,1070.0,1070.0,1040.0,1060.0,14000
2014-01-15,1060.0,1065.0,1033.0,1044.0,10300
2014-01-16,1044.0,1065.0,1044.0,1064.0,8500
2014-01-17,1065.0,1066.0,1055.0,1066.0,2900
2014-01-20,1066.0,1067.0,1059.0,1059.0,4100
2014-01-21,1061.0,1068.0,1060.0,1068.0,4200
2014-01-22,1072.0,1078.0,1068.0,1075.0,6000
2014-01-23,1080.0,1084.0,1080.0,1084.0,4900
2014-01-24,1070.0,1075.0,1062.0,1075.0,6100
2014-01-27,1050.0,1093.0,1030.0,1046.0,11000
2014-01-28,1045.0,1080.0,1045.0,1065.0,3800
2014-01-29,1080.0,1085.0,1066.0,1085.0,7100
2014-01-30,1080.0,1080.0,1060.0,1071.0,3300
2014-01-31,1079.0,1079.0,1065.0,1066.0,6000
2014-02-03,1061.0,1075.0,1056.0,1060.0,5200
2014-02-04,1043.0,1045.0,1016.0,1021.0,14300
2014-02-05,1026.0,1030.0,1026.0,1028.0,4400
2014-02-06,1030.0,1040.0,1030.0,1038.0,2600
2014-02-07,1048.0,1058.0,1048.0,1057.0,1800
2014-02-10,1066.0,1077.0,1065.0,1077.0,4900
2014-02-12,1079.0,1079.0,1070.0,1078.0,6400
2014-02-13,1081.0,1081.0,1055.0,1057.0,6700
2014-02-14,1068.0,1068.0,1044.0,1052.0,5000
2014-02-17,1060.0,1080.0,1060.0,1079.0,6200
2014-02-18,1083.0,1083.0,1072.0,1081.0,5700
2014-02-19,1082.0,1083.0,1070.0,1082.0,3100
2014-02-20,1082.0,1084.0,1071.0,1080.0,4600
2014-02-21,1070.0,1082.0,1067.0,1075.0,5000
2014-02-24,1083.0,1084.0,1078.0,1082.0,8800
2014-02-25,1082.0,1090.0,1080.0,1090.0,14100
2014-02-26,999.0,1021.0,995.0,995.0,29600
2014-02-27,995.0,1004.0,985.0,985.0,9700
2014-02-28,985.0,999.0,984.0,984.0,8400
2014-03-03,979.0,979.0,966.0,975.0,5500
2014-03-04,960.0,980.0,960.0,980.0,5600
2014-03-05,980.0,980.0,965.0,972.0,2300
2014-03-06,960.0,975.0,960.0,962.0,4300
2014-03-07,960.0,968.0,960.0,962.0,3100
2014-03-10,962.0,971.0,962.0,970.0,2700
2014-03-11,970.0,971.0,951.0,954.0,3400
2014-03-12,954.0,959.0,951.0,952.0,4700
2014-03-13,952.0,953.0,952.0,953.0,500
2014-03-14,950.0,951.0,912.0,922.0,10700
2014-03-17,923.0,930.0,920.0,920.0,5100
2014-03-18,921.0,926.0,915.0,919.0,2600
2014-03-19,915.0,916.0,912.0,913.0,2100
2014-03-20,913.0,913.0,887.0,898.0,7500
2014-03-24,883.0,885.0,875.0,878.0,5600
2014-03-25,884.0,890.0,870.0,877.0,5400
2014-03-26,872.0,895.0,870.0,872.0,2300
2014-03-27,890.0,895.0,873.0,885.0,1500
2014-03-28,896.0,913.0,896.0,912.0,2100
2014-03-31,905.0,909.0,900.0,904.0,3600
2014-04-01,911.0,914.0,904.0,914.0,4100
2014-04-02,914.0,918.0,910.0,910.0,2700
2014-04-03,910.0,916.0,910.0,910.0,3200
2014-04-04,921.0,921.0,912.0,912.0,800
2014-04-07,910.0,910.0,909.0,909.0,2500
2014-04-08,925.0,929.0,925.0,929.0,1100
2014-04-09,927.0,927.0,910.0,912.0,2900
2014-04-10,927.0,927.0,905.0,906.0,1600
2014-04-11,916.0,916.0,903.0,915.0,1600
2014-04-14,905.0,926.0,900.0,926.0,1200
2014-04-15,926.0,929.0,926.0,926.0,2300
2014-04-16,925.0,925.0,903.0,923.0,700
2014-04-17,909.0,942.0,908.0,942.0,3200
2014-04-18,929.0,940.0,926.0,926.0,1000
2014-04-21,927.0,927.0,910.0,911.0,2000
2014-04-22,915.0,915.0,905.0,905.0,2100
2014-04-23,905.0,908.0,905.0,908.0,1700
2014-04-24,908.0,908.0,908.0,908.0,500
2014-04-25,909.0,963.0,909.0,950.0,9200
2014-04-28,951.0,951.0,936.0,937.0,1300
2014-04-30,931.0,931.0,925.0,925.0,2800
2014-05-01,938.0,938.0,923.0,935.0,1100
2014-05-02,932.0,938.0,930.0,937.0,1100
2014-05-07,937.0,952.0,935.0,938.0,3200
2014-05-08,950.0,950.0,930.0,944.0,2400
2014-05-09,944.0,944.0,931.0,942.0,500
2014-05-12,940.0,940.0,936.0,940.0,1300
2014-05-13,937.0,937.0,914.0,914.0,2200
2014-05-14,914.0,929.0,914.0,919.0,400
2014-05-15,919.0,920.0,919.0,920.0,1400
2014-05-16,920.0,925.0,920.0,922.0,1700
2014-05-19,926.0,927.0,922.0,923.0,2300
2014-05-20,927.0,927.0,922.0,922.0,2100
2014-05-21,922.0,922.0,918.0,920.0,1300
2014-05-22,920.0,920.0,920.0,920.0,0
2014-05-23,920.0,920.0,920.0,920.0,0
2014-05-26,920.0,922.0,920.0,921.0,800
2014-05-27,923.0,923.0,921.0,922.0,2000
2014-05-28,929.0,929.0,920.0,920.0,1200
2014-05-29,920.0,929.0,920.0,927.0,500
2014-05-30,930.0,939.0,927.0,939.0,900
2014-06-02,948.0,948.0,938.0,940.0,2300
2014-06-03,940.0,949.0,937.0,945.0,900
2014-06-04,950.0,951.0,949.0,949.0,1000
2014-06-05,952.0,952.0,952.0,952.0,300
2014-06-06,945.0,952.0,945.0,952.0,1800
2014-06-09,960.0,963.0,955.0,956.0,2200
2014-06-10,956.0,970.0,956.0,970.0,2500
2014-06-11,968.0,969.0,964.0,969.0,2300
2014-06-12,968.0,970.0,966.0,969.0,1300
2014-06-13,970.0,978.0,959.0,978.0,3000
2014-06-16,978.0,982.0,978.0,982.0,4500
2014-06-17,982.0,991.0,982.0,991.0,4700
2014-06-18,991.0,999.0,991.0,999.0,2600
2014-06-19,992.0,999.0,981.0,996.0,9000
2014-06-20,994.0,994.0,990.0,990.0,500
2014-06-23,990.0,996.0,990.0,996.0,1000
2014-06-24,996.0,998.0,996.0,997.0,1300
2014-06-25,997.0,998.0,995.0,998.0,1300
2014-06-26,999.0,999.0,995.0,996.0,1600
2014-06-27,998.0,998.0,995.0,995.0,800
2014-06-30,1000.0,1006.0,993.0,1006.0,6000
2014-07-01,1000.0,1001.0,997.0,1001.0,2900
2014-07-02,1001.0,1005.0,998.0,1002.0,1600
2014-07-03,1001.0,1001.0,997.0,1000.0,1500
2014-07-04,999.0,1008.0,995.0,1008.0,4900
2014-07-07,1000.0,1000.0,998.0,999.0,1500
2014-07-08,1000.0,1003.0,997.0,997.0,3300
2014-07-09,997.0,997.0,990.0,996.0,1700
2014-07-10,1090.0,1090.0,1002.0,1008.0,19300
2014-07-11,996.0,1008.0,996.0,1007.0,4000
2014-07-14,1010.0,1016.0,1000.0,1002.0,5800
2014-07-15,1003.0,1007.0,1002.0,1005.0,1000
2014-07-16,1010.0,1010.0,1005.0,1009.0,3400
2014-07-17,1009.0,1023.0,1009.0,1012.0,2400
2014-07-18,1027.0,1027.0,1013.0,1014.0,1700
2014-07-22,1016.0,1016.0,1015.0,1015.0,1600
2014-07-23,1015.0,1017.0,1014.0,1014.0,1900
2014-07-24,1012.0,1014.0,1010.0,1014.0,1800
2014-07-25,1014.0,1015.0,1014.0,1015.0,300
2014-07-28,1017.0,1018.0,1015.0,1018.0,800
2014-07-29,1019.0,1019.0,1010.0,1010.0,1600
2014-07-30,1023.0,1023.0,1011.0,1020.0,2100
2014-07-31,1027.0,1028.0,1020.0,1022.0,1900
2014-08-01,1022.0,1023.0,1011.0,1023.0,5100
2014-08-04,1022.0,1022.0,1012.0,1012.0,1300
2014-08-05,1012.0,1028.0,1007.0,1007.0,3000
2014-08-06,1007.0,1007.0,1002.0,1005.0,1000
2014-08-07,1001.0,1009.0,1001.0,1002.0,1400
2014-08-08,1000.0,1000.0,991.0,996.0,7800
2014-08-11,1000.0,1007.0,1000.0,1007.0,1600
2014-08-12,1002.0,1020.0,1000.0,1020.0,2900
2014-08-13,1020.0,1020.0,1013.0,1013.0,200
2014-08-14,1017.0,1017.0,1010.0,1010.0,800
2014-08-15,1011.0,1012.0,1010.0,1010.0,1800
2014-08-18,1017.0,1017.0,1010.0,1010.0,1400
2014-08-19,1010.0,1016.0,1010.0,1011.0,600
2014-08-20,1010.0,1011.0,1009.0,1009.0,800
2014-08-21,1012.0,1013.0,1010.0,1010.0,900
2014-08-22,1010.0,1012.0,1010.0,1012.0,600
2014-08-25,1012.0,1012.0,1006.0,1006.0,1300
2014-08-26,1007.0,1008.0,1006.0,1006.0,800
2014-08-27,1007.0,1010.0,1007.0,1008.0,600
2014-08-28,1010.0,1011.0,1008.0,1008.0,1300
2014-08-29,1008.0,1008.0,1002.0,1008.0,2000
2014-09-01,1010.0,1010.0,1008.0,1008.0,3500
2014-09-02,1010.0,1013.0,1008.0,1010.0,4000
2014-09-03,1021.0,1021.0,1017.0,1018.0,1000
2014-09-04,1012.0,1015.0,1012.0,1015.0,700
2014-09-05,1014.0,1019.0,1014.0,1018.0,1400
2014-09-08,1019.0,1020.0,1018.0,1018.0,3000
2014-09-09,1018.0,1036.0,1011.0,1036.0,9500
2014-09-10,1045.0,1050.0,1038.0,1040.0,4500
2014-09-11,1037.0,1040.0,1037.0,1037.0,1200
2014-09-12,1037.0,1040.0,1036.0,1040.0,2500
2014-09-16,1020.0,1038.0,1020.0,1026.0,7500
2014-09-17,1026.0,1035.0,1026.0,1026.0,800
2014-09-18,1038.0,1040.0,1027.0,1035.0,2000
2014-09-19,1039.0,1040.0,1036.0,1040.0,2200
2014-09-22,1041.0,1050.0,1040.0,1050.0,3400
2014-09-24,1350.0,1350.0,1121.0,1123.0,131800
2014-09-25,1124.0,1125.0,1088.0,1096.0,41400
2014-09-26,1080.0,1119.0,1080.0,1090.0,7600
2014-09-29,1099.0,1126.0,1099.0,1124.0,11700
2014-09-30,1117.0,1123.0,1105.0,1123.0,4900
2014-10-01,1125.0,1160.0,1120.0,1124.0,8000
2014-10-02,1121.0,1124.0,1110.0,1120.0,8600
2014-10-03,1124.0,1170.0,1120.0,1168.0,7900
2014-10-06,1198.0,1254.0,1165.0,1228.0,33600
2014-10-07,1240.0,1240.0,1201.0,1212.0,8000
2014-10-08,1190.0,1200.0,1184.0,1190.0,5600
2014-10-09,1239.0,1239.0,1190.0,1190.0,5700
2014-10-10,1218.0,1218.0,1150.0,1174.0,7700
2014-10-14,1151.0,1151.0,1108.0,1137.0,10000
2014-10-15,1137.0,1152.0,1102.0,1128.0,24800
2014-10-16,1127.0,1173.0,1100.0,1150.0,22800
2014-10-17,1150.0,1156.0,1148.0,1150.0,10300
2014-10-20,1158.0,1158.0,1150.0,1151.0,4800
2014-10-21,1150.0,1150.0,1141.0,1150.0,6100
2014-10-22,1150.0,1155.0,1150.0,1152.0,4600
2014-10-23,1158.0,1185.0,1158.0,1185.0,5600
2014-10-24,1188.0,1198.0,1188.0,1196.0,2900
2014-10-27,1200.0,1260.0,1200.0,1247.0,9300
2014-10-28,1277.0,1278.0,1250.0,1271.0,6000
2014-10-29,1278.0,1279.0,1250.0,1250.0,5500
2014-10-30,1249.0,1270.0,1208.0,1265.0,7100
2014-10-31,1232.0,1265.0,1232.0,1245.0,4900
2014-11-04,1246.0,1270.0,1246.0,1258.0,7000
2014-11-05,1258.0,1258.0,1250.0,1251.0,4700
2014-11-06,1258.0,1265.0,1251.0,1261.0,3300
2014-11-07,1261.0,1261.0,1259.0,1259.0,1200
2014-11-10,1265.0,1265.0,1249.0,1253.0,6100
2014-11-11,1261.0,1264.0,1259.0,1264.0,5200
2014-11-12,1264.0,1268.0,1263.0,1266.0,6900
2014-11-13,1266.0,1270.0,1266.0,1270.0,2600
2014-11-14,1270.0,1285.0,1260.0,1284.0,7300
2014-11-17,1291.0,1291.0,1270.0,1270.0,5500
2014-11-18,1270.0,1273.0,1268.0,1273.0,3600
2014-11-19,1275.0,1276.0,1271.0,1271.0,1600
2014-11-20,1271.0,1278.0,1271.0,1278.0,1500
2014-11-21,1279.0,1299.0,1279.0,1299.0,4800
2014-11-25,1299.0,1309.0,1296.0,1309.0,4900
2014-11-26,1300.0,1320.0,1299.0,1320.0,5400
2014-11-27,1320.0,1320.0,1310.0,1314.0,4100
2014-11-28,1320.0,1320.0,1313.0,1315.0,1900
2014-12-01,1315.0,1320.0,1310.0,1312.0,3600
2014-12-02,1310.0,1310.0,1306.0,1306.0,2400
2014-12-03,1310.0,1310.0,1304.0,1308.0,2800
2014-12-04,1301.0,1310.0,1301.0,1301.0,6100
2014-12-05,1301.0,1302.0,1297.0,1300.0,3600
2014-12-08,1292.0,1298.0,1288.0,1288.0,3000
2014-12-09,1287.0,1287.0,1261.0,1269.0,5300
2014-12-10,1270.0,1283.0,1270.0,1270.0,8200
2014-12-11,1270.0,1288.0,1270.0,1288.0,5800
2014-12-12,1288.0,1288.0,1270.0,1275.0,2700
2014-12-15,1284.0,1284.0,1275.0,1275.0,2000
2014-12-16,1275.0,1275.0,1260.0,1262.0,6500
2014-12-17,1260.0,1264.0,1250.0,1262.0,3200
2014-12-18,1260.0,1274.0,1260.0,1263.0,3400
2014-12-19,1275.0,1275.0,1250.0,1260.0,5600
2014-12-22,1261.0,1287.0,1261.0,1267.0,3300
2014-12-24,1280.0,1297.0,1275.0,1297.0,6400
2014-12-25,1300.0,1315.0,1299.0,1306.0,9500
2014-12-26,1313.0,1316.0,1306.0,1306.0,4000
2014-12-29,1316.0,1323.0,1316.0,1323.0,4900
2014-12-30,1323.0,1355.0,1323.0,1355.0,6600
2015-01-05,1353.0,1359.0,1340.0,1359.0,7400
2015-01-06,1357.0,1360.0,1339.0,1360.0,4700
2015-01-07,1360.0,1366.0,1349.0,1349.0,4400
2015-01-08,1359.0,1376.0,1353.0,1376.0,6500
2015-01-09,1358.0,1380.0,1358.0,1378.0,7400
2015-01-13,1388.0,1400.0,1381.0,1398.0,13000
2015-01-14,1416.0,1421.0,1401.0,1420.0,6000
2015-01-15,1420.0,1420.0,1400.0,1405.0,7400
2015-01-16,1400.0,1400.0,1330.0,1400.0,7200
2015-01-19,1460.0,1460.0,1420.0,1433.0,10700
2015-01-20,1459.0,1461.0,1434.0,1460.0,8400
2015-01-21,1498.0,1500.0,1453.0,1494.0,12200
2015-01-22,1500.0,1521.0,1468.0,1489.0,12500
2015-01-23,1481.0,1481.0,1445.0,1450.0,8300
2015-01-26,1445.0,1450.0,1398.0,1428.0,8500
2015-01-27,1428.0,1438.0,1380.0,1401.0,12000
2015-01-28,1380.0,1420.0,1380.0,1420.0,8800
2015-01-29,1429.0,1429.0,1390.0,1402.0,4600
2015-01-30,1399.0,1406.0,1391.0,1391.0,6400
2015-02-02,1393.0,1394.0,1381.0,1389.0,5600
2015-02-03,1383.0,1393.0,1330.0,1330.0,15200
2015-02-04,1330.0,1355.0,1330.0,1354.0,6700
2015-02-05,1370.0,1375.0,1367.0,1367.0,3700
2015-02-06,1367.0,1385.0,1367.0,1385.0,6300
2015-02-09,1399.0,1399.0,1375.0,1375.0,9600
2015-02-10,1375.0,1379.0,1366.0,1374.0,6600
2015-02-12,1372.0,1375.0,1358.0,1363.0,10200
2015-02-13,1365.0,1370.0,1363.0,1363.0,3800
2015-02-16,1363.0,1370.0,1360.0,1363.0,7800
2015-02-17,1362.0,1369.0,1362.0,1369.0,4300
2015-02-18,1372.0,1379.0,1370.0,1379.0,5700
2015-02-19,1378.0,1379.0,1372.0,1376.0,5000
2015-02-20,1375.0,1381.0,1375.0,1380.0,6900
2015-02-23,1383.0,1389.0,1382.0,1383.0,10600
2015-02-24,1389.0,1420.0,1380.0,1398.0,18800
2015-02-25,1300.0,1338.0,1299.0,1338.0,25900
2015-02-26,1330.0,1337.0,1329.0,1330.0,6900
2015-02-27,1330.0,1330.0,1322.0,1325.0,10000
2015-03-02,1324.0,1330.0,1303.0,1330.0,9500
2015-03-03,1330.0,1330.0,1308.0,1317.0,5000
2015-03-04,1317.0,1317.0,1315.0,1315.0,3200
2015-03-05,1315.0,1315.0,1307.0,1307.0,4300
2015-03-06,1307.0,1310.0,1304.0,1310.0,2700
2015-03-09,1310.0,1310.0,1301.0,1301.0,2500
2015-03-10,1301.0,1301.0,1299.0,1301.0,5600
2015-03-11,1300.0,1301.0,1299.0,1300.0,4100
2015-03-12,1300.0,1300.0,1290.0,1290.0,4100
2015-03-13,1290.0,1290.0,1279.0,1279.0,5900
2015-03-16,1280.0,1300.0,1279.0,1288.0,4000
2015-03-17,1289.0,1289.0,1280.0,1285.0,6400
2015-03-18,1287.0,1289.0,1280.0,1288.0,3200
2015-03-19,1289.0,1289.0,1280.0,1280.0,1500
2015-03-20,1280.0,1285.0,1276.0,1276.0,3900
2015-03-23,1280.0,1280.0,1273.0,1273.0,2100
2015-03-24,1272.0,1276.0,1263.0,1275.0,3500
2015-03-25,1275.0,1275.0,1261.0,1261.0,1900
2015-03-26,1262.0,1263.0,1256.0,1256.0,6000
2015-03-27,1256.0,1280.0,1256.0,1276.0,800
2015-03-30,1264.0,1265.0,1255.0,1255.0,2300
2015-03-31,1255.0,1261.0,1251.0,1252.0,1500
2015-04-01,1250.0,1255.0,1250.0,1254.0,2300
2015-04-02,1252.0,1269.0,1252.0,1265.0,2000
2015-04-03,1270.0,1316.0,1270.0,1307.0,4600
2015-04-06,1350.0,1350.0,1320.0,1323.0,8200
2015-04-07,1330.0,1330.0,1327.0,1327.0,1400
2015-04-08,1326.0,1329.0,1316.0,1329.0,5400
2015-04-09,1328.0,1328.0,1302.0,1328.0,2600
2015-04-10,1331.0,1380.0,1306.0,1355.0,14800
2015-04-13,1320.0,1345.0,1317.0,1332.0,5500
2015-04-14,1346.0,1355.0,1325.0,1331.0,5000
2015-04-15,1331.0,1359.0,1331.0,1332.0,6200
2015-04-16,1332.0,1334.0,1330.0,1330.0,2900
2015-04-17,1330.0,1334.0,1322.0,1334.0,2500
2015-04-20,1315.0,1320.0,1300.0,1301.0,11400
2015-04-21,1309.0,1314.0,1290.0,1295.0,4500
2015-04-22,1319.0,1320.0,1275.0,1278.0,12500
2015-04-23,1308.0,1308.0,1274.0,1275.0,9800
2015-04-24,1276.0,1291.0,1265.0,1266.0,9000
2015-04-27,1270.0,1270.0,1255.0,1255.0,16300
2015-04-28,1260.0,1260.0,1258.0,1259.0,1300
2015-04-30,1259.0,1259.0,1249.0,1250.0,7900
2015-05-01,1250.0,1251.0,1248.0,1248.0,6000
2015-05-07,1250.0,1289.0,1241.0,1275.0,8500
2015-05-08,1253.0,1270.0,1253.0,1270.0,3200
2015-05-11,1279.0,1279.0,1270.0,1275.0,1000
2015-05-12,1270.0,1279.0,1270.0,1279.0,1400
2015-05-13,1279.0,1279.0,1272.0,1272.0,1200
2015-05-14,1271.0,1273.0,1265.0,1266.0,2100
2015-05-15,1266.0,1275.0,1266.0,1270.0,2800
2015-05-18,1270.0,1272.0,1266.0,1269.0,3100
2015-05-19,1270.0,1280.0,1266.0,1267.0,4300
2015-05-20,1283.0,1283.0,1268.0,1282.0,3000
2015-05-21,1282.0,1282.0,1272.0,1276.0,4000
2015-05-22,1276.0,1283.0,1276.0,1282.0,2600
2015-05-25,1293.0,1294.0,1283.0,1292.0,5300
2015-05-26,1293.0,1300.0,1291.0,1297.0,6100
2015-05-27,1299.0,1319.0,1297.0,1312.0,8200
2015-05-28,1318.0,1319.0,1301.0,1302.0,7800
2015-05-29,1302.0,1310.0,1300.0,1300.0,5400
2015-06-01,1300.0,1312.0,1300.0,1308.0,2100
2015-06-02,1308.0,1315.0,1300.0,1300.0,4900
2015-06-03,1305.0,1312.0,1300.0,1305.0,1500
2015-06-04,1301.0,1310.0,1301.0,1305.0,1800
2015-06-05,1310.0,1310.0,1300.0,1301.0,2200
2015-06-08,1313.0,1330.0,1305.0,1319.0,5300
2015-06-09,1328.0,1328.0,1319.0,1319.0,2700
2015-06-10,1319.0,1323.0,1317.0,1323.0,1900
2015-06-11,1326.0,1329.0,1319.0,1329.0,3300
2015-06-12,1325.0,1332.0,1324.0,1328.0,2200
2015-06-15,1330.0,1336.0,1329.0,1336.0,6000
2015-06-16,1340.0,1345.0,1338.0,1345.0,4900
2015-06-17,1345.0,1350.0,1345.0,1350.0,9000
2015-06-18,1355.0,1356.0,1348.0,1356.0,4300
2015-06-19,1357.0,1358.0,1356.0,1358.0,4100
2015-06-22,1360.0,1368.0,1360.0,1367.0,4100
2015-06-23,1369.0,1371.0,1367.0,1370.0,7200
2015-06-24,1375.0,1375.0,1365.0,1367.0,4600
2015-06-25,1367.0,1367.0,1350.0,1355.0,5500
2015-06-26,1347.0,1347.0,1325.0,1342.0,4500
2015-06-29,1332.0,1332.0,1310.0,1310.0,6100
2015-06-30,1301.0,1309.0,1301.0,1307.0,2800
2015-07-01,1315.0,1350.0,1315.0,1341.0,3700
2015-07-02,1350.0,1350.0,1335.0,1335.0,2000
2015-07-03,1343.0,1343.0,1327.0,1333.0,900
2015-07-06,1333.0,1333.0,1318.0,1320.0,1900
2015-07-07,1321.0,1331.0,1321.0,1326.0,2000
2015-07-08,1326.0,1326.0,1301.0,1302.0,6300
2015-07-09,1285.0,1300.0,1275.0,1298.0,8200
2015-07-10,1302.0,1307.0,1290.0,1295.0,3600
2015-07-13,1305.0,1307.0,1300.0,1303.0,1600
2015-07-14,1307.0,1327.0,1307.0,1326.0,2100
2015-07-15,1343.0,1343.0,1330.0,1337.0,1800
2015-07-16,1337.0,1337.0,1330.0,1337.0,3600
2015-07-17,1318.0,1335.0,1314.0,1335.0,2300
2015-07-21,1342.0,1342.0,1320.0,1330.0,3000
2015-07-22,1322.0,1339.0,1321.0,1327.0,1500
2015-07-23,1336.0,1336.0,1302.0,1331.0,4300
2015-07-24,1315.0,1332.0,1315.0,1332.0,2800
2015-07-27,1333.0,1333.0,1321.0,1328.0,1500
2015-07-28,1325.0,1333.0,1325.0,1333.0,3100
2015-07-29,1335.0,1345.0,1334.0,1334.0,3500
2015-07-30,1342.0,1342.0,1326.0,1337.0,2000
2015-07-31,1337.0,1344.0,1330.0,1340.0,1000
2015-08-03,1340.0,1340.0,1325.0,1330.0,2900
2015-08-04,1330.0,1330.0,1318.0,1318.0,6500
2015-08-05,1311.0,1320.0,1301.0,1303.0,7200
2015-08-06,1303.0,1320.0,1303.0,1319.0,1300
2015-08-07,1319.0,1319.0,1303.0,1304.0,4000
2015-08-10,1300.0,1300.0,1260.0,1268.0,17700
2015-08-11,1268.0,1274.0,1261.0,1264.0,8900
2015-08-12,1261.0,1265.0,1247.0,1247.0,20300
2015-08-13,1248.0,1274.0,1247.0,1259.0,4000
2015-08-14,1277.0,1277.0,1259.0,1263.0,4400
2015-08-17,1276.0,1276.0,1265.0,1265.0,2600
2015-08-18,1265.0,1274.0,1265.0,1265.0,2200
2015-08-19,1266.0,1269.0,1260.0,1260.0,4400
2015-08-20,1258.0,1261.0,1244.0,1244.0,11300
2015-08-21,1241.0,1250.0,1231.0,1233.0,8500
2015-08-24,1205.0,1229.0,1200.0,1200.0,14700
2015-08-25,1020.0,1200.0,997.0,1163.0,23000
2015-08-26,1167.0,1205.0,1164.0,1188.0,9300
2015-08-27,1200.0,1210.0,1188.0,1208.0,3900
2015-08-28,1208.0,1212.0,1199.0,1208.0,6700
2015-08-31,1208.0,1208.0,1185.0,1191.0,4900
2015-09-01,1205.0,1205.0,1176.0,1176.0,3700
2015-09-02,1134.0,1148.0,1104.0,1131.0,5800
2015-09-03,1145.0,1145.0,1135.0,1135.0,1600
2015-09-04,1130.0,1130.0,1101.0,1102.0,4300
2015-09-07,1096.0,1099.0,1080.0,1099.0,5700
2015-09-08,1099.0,1122.0,1089.0,1112.0,3300
2015-09-09,1113.0,1125.0,1098.0,1119.0,4400
2015-09-10,1122.0,1129.0,1111.0,1117.0,3500
2015-09-11,1125.0,1134.0,1119.0,1134.0,3300
2015-09-14,1140.0,1200.0,1140.0,1150.0,2800
2015-09-15,1150.0,1169.0,1139.0,1145.0,3000
2015-09-16,1140.0,1157.0,1140.0,1140.0,1700
2015-09-17,1140.0,1140.0,1135.0,1138.0,1900
2015-09-18,1138.0,1138.0,1120.0,1120.0,6400
2015-09-24,1120.0,1129.0,1113.0,1129.0,2300
2015-09-25,1129.0,1132.0,1129.0,1132.0,1800
2015-09-28,1132.0,1142.0,1128.0,1142.0,1700
2015-09-29,1150.0,1150.0,1121.0,1123.0,2600
2015-09-30,1142.0,1142.0,1111.0,1119.0,3400
2015-10-01,1119.0,1119.0,1112.0,1115.0,1500
2015-10-02,1119.0,1125.0,1117.0,1125.0,12900
2015-10-05,1130.0,1140.0,1130.0,1140.0,600
2015-10-06,1140.0,1179.0,1140.0,1179.0,2300
2015-10-07,1190.0,1193.0,1180.0,1190.0,2900
2015-10-08,1190.0,1198.0,1180.0,1198.0,2000
2015-10-09,1200.0,1228.0,1200.0,1212.0,3300
2015-10-13,1205.0,1223.0,1201.0,1222.0,3800
2015-10-14,1210.0,1223.0,1199.0,1210.0,2700
2015-10-15,1210.0,1224.0,1210.0,1220.0,3300
2015-10-16,1220.0,1231.0,1218.0,1231.0,2100
2015-10-19,1231.0,1233.0,1231.0,1233.0,900
2015-10-20,1233.0,1251.0,1233.0,1250.0,2900
2015-10-21,1252.0,1275.0,1252.0,1260.0,3000
2015-10-22,1260.0,1274.0,1255.0,1267.0,3000
2015-10-23,1275.0,1275.0,1261.0,1274.0,2200
2015-10-26,1274.0,1275.0,1246.0,1246.0,5000
2015-10-27,1261.0,1262.0,1245.0,1260.0,1400
2015-10-28,1260.0,1263.0,1248.0,1263.0,900
2015-10-29,1264.0,1264.0,1248.0,1250.0,900
2015-10-30,1249.0,1268.0,1249.0,1250.0,1900
2015-11-02,1250.0,1268.0,1250.0,1265.0,600
2015-11-04,1265.0,1266.0,1253.0,1257.0,1100
2015-11-05,1257.0,1265.0,1257.0,1265.0,400
2015-11-06,1268.0,1269.0,1259.0,1269.0,2800
2015-11-09,1270.0,1273.0,1270.0,1270.0,2200
2015-11-10,1269.0,1269.0,1267.0,1267.0,600
2015-11-11,1265.0,1273.0,1265.0,1271.0,1200
2015-11-12,1271.0,1274.0,1271.0,1274.0,900
2015-11-13,1274.0,1275.0,1271.0,1271.0,2300
2015-11-16,1271.0,1274.0,1268.0,1268.0,2600
2015-11-17,1268.0,1275.0,1268.0,1270.0,1500
2015-11-18,1270.0,1274.0,1269.0,1270.0,1000
2015-11-19,1274.0,1274.0,1268.0,1268.0,2100
2015-11-20,1270.0,1271.0,1270.0,1270.0,1100
2015-11-24,1271.0,1271.0,1266.0,1270.0,2600
2015-11-25,1270.0,1274.0,1270.0,1274.0,3800
2015-11-26,1274.0,1274.0,1273.0,1274.0,2400
2015-11-27,1275.0,1276.0,1274.0,1275.0,2100
2015-11-30,1275.0,1283.0,1275.0,1283.0,5800
2015-12-01,1282.0,1286.0,1271.0,1286.0,3900
2015-12-02,1286.0,1290.0,1280.0,1280.0,5200
2015-12-03,1282.0,1287.0,1280.0,1280.0,2100
2015-12-04,1280.0,1280.0,1270.0,1271.0,4600
2015-12-07,1289.0,1293.0,1272.0,1277.0,4000
2015-12-08,1277.0,1289.0,1276.0,1285.0,1200
2015-12-09,1287.0,1289.0,1286.0,1289.0,1100
2015-12-10,1286.0,1287.0,1280.0,1287.0,1200
2015-12-11,1287.0,1290.0,1275.0,1280.0,4300
2015-12-14,1269.0,1271.0,1251.0,1254.0,5200
2015-12-15,1255.0,1269.0,1245.0,1245.0,4200
2015-12-16,1250.0,1262.0,1230.0,1230.0,4100
2015-12-17,1250.0,1250.0,1215.0,1228.0,5100
2015-12-18,1226.0,1240.0,1226.0,1228.0,4700
2015-12-21,1229.0,1237.0,1213.0,1213.0,11300
2015-12-22,1213.0,1221.0,1213.0,1216.0,7500
2015-12-24,1219.0,1230.0,1216.0,1216.0,4700
2015-12-25,1216.0,1216.0,1216.0,1216.0,0
2015-12-28,1244.0,1259.0,1236.0,1257.0,2700
2015-12-29,1256.0,1269.0,1251.0,1260.0,3200
2015-12-30,1268.0,1274.0,1265.0,1274.0,2600
2016-01-04,1288.0,1290.0,1270.0,1279.0,6000
2016-01-05,1279.0,1289.0,1279.0,1287.0,3200
2016-01-06,1287.0,1287.0,1270.0,1270.0,2600
2016-01-07,1269.0,1280.0,1251.0,1269.0,2800
2016-01-08,1258.0,1260.0,1255.0,1256.0,2400
2016-01-12,1269.0,1269.0,1221.0,1222.0,5500
2016-01-13,1224.0,1258.0,1224.0,1241.0,1500
2016-01-14,1236.0,1249.0,1215.0,1216.0,4900
2016-01-15,1220.0,1240.0,1220.0,1234.0,1100
2016-01-18,1229.0,1229.0,1200.0,1227.0,3900
2016-01-19,1212.0,1226.0,1212.0,1220.0,1200
2016-01-20,1220.0,1224.0,1198.0,1198.0,5500
2016-01-21,1190.0,1198.0,1080.0,1150.0,8400
2016-01-22,1120.0,1149.0,1120.0,1149.0,4900
2016-01-25,1209.0,1232.0,1160.0,1217.0,6800
2016-01-26,1150.0,1220.0,1150.0,1220.0,8800
2016-01-27,1222.0,1222.0,1180.0,1203.0,3400
2016-01-28,1199.0,1199.0,1197.0,1199.0,2700
2016-01-29,1199.0,1206.0,1199.0,1204.0,2000
2016-02-01,1208.0,1236.0,1208.0,1225.0,2700
2016-02-02,1236.0,1236.0,1225.0,1234.0,1100
2016-02-03,1225.0,1225.0,1218.0,1220.0,4000
2016-02-04,1220.0,1220.0,1213.0,1219.0,3500
2016-02-05,1220.0,1222.0,1210.0,1212.0,2800
2016-02-08,1205.0,1229.0,1205.0,1228.0,4300
2016-02-09,1222.0,1222.0,1213.0,1216.0,1500
2016-02-10,1210.0,1210.0,1200.0,1201.0,5100
2016-02-12,1180.0,1180.0,1150.0,1152.0,7400
2016-02-15,1179.0,1195.0,1163.0,1195.0,5900
2016-02-16,1194.0,1194.0,1170.0,1190.0,3300
2016-02-17,1174.0,1195.0,1174.0,1187.0,1900
2016-02-18,1181.0,1199.0,1181.0,1199.0,2400
2016-02-19,1189.0,1196.0,1176.0,1180.0,4200
2016-02-22,1189.0,1195.0,1184.0,1184.0,4300
2016-02-23,1189.0,1193.0,1187.0,1190.0,4200
2016-02-24,1190.0,1201.0,1189.0,1200.0,13200
2016-02-25,1110.0,1125.0,1098.0,1119.0,14000
2016-02-26,1119.0,1120.0,1110.0,1111.0,3400
2016-02-29,1111.0,1111.0,1100.0,1105.0,4200
2016-03-01,1100.0,1100.0,1095.0,1098.0,2200
2016-03-02,1098.0,1102.0,1095.0,1095.0,4100
2016-03-03,1095.0,1101.0,1092.0,1101.0,1900
2016-03-04,1105.0,1110.0,1101.0,1109.0,1100
2016-03-07,1111.0,1120.0,1090.0,1096.0,3700
2016-03-08,1120.0,1120.0,1092.0,1092.0,5500
2016-03-09,1090.0,1095.0,1081.0,1095.0,1500
2016-03-10,1095.0,1105.0,1091.0,1095.0,1600
2016-03-11,1092.0,1101.0,1088.0,1096.0,700
2016-03-14,1096.0,1100.0,1094.0,1099.0,4000
2016-03-15,1099.0,1100.0,1099.0,1099.0,4300
2016-03-16,1100.0,1105.0,1097.0,1097.0,4600
2016-03-17,1104.0,1104.0,1097.0,1097.0,600
2016-03-18,1092.0,1100.0,1090.0,1098.0,3000
2016-03-22,1094.0,1105.0,1092.0,1093.0,2700
2016-03-23,1100.0,1100.0,1085.0,1085.0,7500
2016-03-24,1085.0,1091.0,1085.0,1085.0,1500
2016-03-25,1085.0,1095.0,1064.0,1073.0,4900
2016-03-28,1073.0,1079.0,1054.0,1063.0,5700
2016-03-29,1072.0,1082.0,1050.0,1058.0,9300
2016-03-30,1061.0,1065.0,1055.0,1059.0,3200
2016-03-31,1060.0,1060.0,1050.0,1055.0,3600
2016-04-01,1064.0,1064.0,1024.0,1027.0,4800
2016-04-04,1030.0,1030.0,1026.0,1026.0,1400
2016-04-05,1026.0,1026.0,1021.0,1021.0,1900
2016-04-06,1020.0,1020.0,1000.0,1001.0,4900
2016-04-07,1004.0,1005.0,1002.0,1005.0,3000
2016-04-08,1004.0,1011.0,1000.0,1008.0,1700
2016-04-11,1012.0,1017.0,1009.0,1010.0,1600
2016-04-12,1008.0,1017.0,1008.0,1016.0,1400
2016-04-13,1017.0,1028.0,1017.0,1027.0,1400
2016-04-14,1035.0,1078.0,1024.0,1034.0,2600
2016-04-15,1035.0,1058.0,1034.0,1036.0,2900
2016-04-18,1026.0,1026.0,1018.0,1018.0,2900
2016-04-19,1018.0,1028.0,1018.0,1028.0,1600
2016-04-20,1028.0,1028.0,1020.0,1020.0,1000
2016-04-21,1028.0,1028.0,1020.0,1020.0,1900
2016-04-22,1021.0,1025.0,1021.0,1025.0,900
2016-04-25,1025.0,1030.0,1025.0,1030.0,4200
2016-04-26,1030.0,1030.0,1019.0,1030.0,2100
2016-04-27,1040.0,1057.0,1040.0,1050.0,1000
2016-04-28,1050.0,1050.0,1031.0,1035.0,2300
2016-05-02,1036.0,1048.0,1029.0,1048.0,1500
2016-05-06,1035.0,1035.0,1028.0,1028.0,700
2016-05-09,1030.0,1030.0,1026.0,1030.0,1100
2016-05-10,1030.0,1030.0,1023.0,1030.0,1300
2016-05-11,1030.0,1035.0,1022.0,1035.0,2100
2016-05-12,1022.0,1026.0,1022.0,1026.0,600
2016-05-13,1029.0,1030.0,1021.0,1030.0,600
2016-05-16,1030.0,1030.0,1022.0,1022.0,2300
2016-05-17,1022.0,1024.0,1022.0,1024.0,400
2016-05-18,1024.0,1030.0,1023.0,1030.0,2200
2016-05-19,1021.0,1029.0,1021.0,1029.0,500
2016-05-20,1022.0,1030.0,1022.0,1029.0,500
2016-05-23,1026.0,1026.0,1026.0,1026.0,100
2016-05-24,1026.0,1030.0,1021.0,1021.0,1600
2016-05-25,1030.0,1030.0,1023.0,1023.0,500
2016-05-26,1024.0,1024.0,1020.0,1020.0,2900
2016-05-27,1024.0,1028.0,1020.0,1026.0,1000
2016-05-30,1045.0,1045.0,1025.0,1030.0,3400
2016-05-31,1030.0,1030.0,1029.0,1030.0,1700
2016-06-01,1035.0,1039.0,1035.0,1038.0,1000
2016-06-02,1035.0,1035.0,1022.0,1023.0,3900
2016-06-03,1021.0,1029.0,1021.0,1022.0,1000
2016-06-06,1020.0,1021.0,1020.0,1020.0,2200
2016-06-07,1020.0,1020.0,1004.0,1012.0,5300
2016-06-08,1007.0,1013.0,1007.0,1012.0,2500
2016-06-09,1012.0,1017.0,1010.0,1017.0,900
2016-06-10,1017.0,1018.0,1016.0,1016.0,1100
2016-06-13,1016.0,1016.0,1003.0,1006.0,5700
2016-06-14,1006.0,1010.0,1001.0,1010.0,1600
2016-06-15,1010.0,1011.0,1002.0,1005.0,9500
2016-06-16,1010.0,1010.0,1002.0,1002.0,2000
2016-06-17,1002.0,1010.0,1002.0,1010.0,600
2016-06-20,1006.0,1009.0,1006.0,1006.0,1100
2016-06-21,1006.0,1009.0,1004.0,1005.0,2000
2016-06-22,1005.0,1005.0,1001.0,1002.0,2500
2016-06-23,1002.0,1005.0,1001.0,1005.0,1700
2016-06-24,1010.0,1010.0,998.0,999.0,6700
2016-06-27,999.0,1000.0,998.0,998.0,4300
2016-06-28,999.0,1010.0,998.0,998.0,4200
2016-06-29,1000.0,1005.0,1000.0,1003.0,700
2016-06-30,1000.0,1000.0,999.0,999.0,3200
2016-07-01,1000.0,1000.0,999.0,999.0,2100
2016-07-04,1000.0,1008.0,998.0,998.0,3200
2016-07-05,998.0,999.0,998.0,999.0,2500
2016-07-06,999.0,1000.0,997.0,998.0,5400
2016-07-07,1003.0,1003.0,968.0,989.0,14700
2016-07-08,990.0,990.0,984.0,986.0,2100
2016-07-11,986.0,986.0,986.0,986.0,0
2016-07-12,990.0,990.0,980.0,981.0,7900
2016-07-13,990.0,990.0,987.0,988.0,2900
2016-07-14,985.0,988.0,985.0,986.0,1900
2016-07-15,986.0,988.0,970.0,975.0,8100
2016-07-19,980.0,980.0,976.0,980.0,1500
2016-07-20,978.0,978.0,974.0,974.0,1700
2016-07-21,974.0,978.0,973.0,978.0,4000
2016-07-22,976.0,979.0,970.0,976.0,3500
2016-07-25,970.0,978.0,965.0,965.0,3600
2016-07-26,975.0,978.0,968.0,968.0,600
2016-07-27,968.0,975.0,965.0,972.0,2400
2016-07-28,976.0,976.0,966.0,966.0,1800
2016-07-29,966.0,969.0,965.0,965.0,1900
2016-08-01,966.0,970.0,962.0,962.0,1900
2016-08-02,968.0,968.0,963.0,963.0,300
2016-08-03,964.0,965.0,961.0,963.0,1900
2016-08-04,963.0,968.0,962.0,968.0,1000
2016-08-05,968.0,968.0,965.0,965.0,400
2016-08-08,967.0,969.0,965.0,965.0,1200
2016-08-09,980.0,980.0,970.0,970.0,400
2016-08-10,970.0,978.0,970.0,977.0,400
2016-08-12,979.0,979.0,973.0,973.0,200
2016-08-15,974.0,979.0,974.0,975.0,300
2016-08-16,976.0,976.0,976.0,976.0,500
2016-08-17,976.0,979.0,971.0,978.0,2500
2016-08-18,978.0,978.0,973.0,973.0,300
2016-08-19,973.0,975.0,973.0,975.0,1200
2016-08-22,975.0,975.0,973.0,973.0,700
2016-08-23,973.0,973.0,973.0,973.0,300
2016-08-24,975.0,975.0,974.0,974.0,600
2016-08-25,972.0,974.0,972.0,974.0,1600
2016-08-26,975.0,975.0,972.0,972.0,1200
2016-08-29,974.0,975.0,973.0,975.0,1700
2016-08-30,975.0,975.0,972.0,972.0,1000
2016-08-31,975.0,975.0,972.0,972.0,1900
2016-09-01,975.0,975.0,971.0,973.0,700
2016-09-02,973.0,975.0,972.0,975.0,500
2016-09-05,975.0,975.0,972.0,974.0,2900
2016-09-06,974.0,975.0,973.0,973.0,400
2016-09-07,974.0,975.0,974.0,975.0,4200
2016-09-08,975.0,975.0,974.0,975.0,1100
2016-09-09,975.0,980.0,975.0,976.0,2900
2016-09-12,976.0,977.0,974.0,976.0,3000
2016-09-13,976.0,976.0,975.0,976.0,3200
2016-09-14,978.0,984.0,978.0,984.0,600
2016-09-15,984.0,985.0,978.0,978.0,3300
2016-09-16,977.0,980.0,976.0,978.0,1100
2016-09-20,975.0,977.0,975.0,975.0,2200
2016-09-21,975.0,975.0,975.0,975.0,1700
2016-09-23,975.0,976.0,974.0,974.0,4400
2016-09-26,980.0,995.0,975.0,981.0,2200
2016-09-27,990.0,994.0,983.0,985.0,3500
2016-09-28,985.0,994.0,979.0,981.0,6900
2016-09-29,992.0,992.0,979.0,979.0,7000
2016-09-30,985.0,994.0,985.0,992.0,3800
2016-10-03,992.0,996.0,989.0,990.0,8700
2016-10-04,990.0,992.0,988.0,989.0,4300
2016-10-05,990.0,999.0,990.0,999.0,2600
2016-10-06,1000.0,1005.0,998.0,1000.0,3500
2016-10-07,1000.0,1004.0,999.0,1000.0,2300
2016-10-11,999.0,999.0,997.0,997.0,2100
2016-10-12,999.0,1000.0,998.0,998.0,1600
2016-10-13,998.0,999.0,996.0,997.0,2700
2016-10-14,996.0,996.0,983.0,983.0,8200
2016-10-17,994.0,994.0,988.0,988.0,1500
2016-10-18,988.0,996.0,985.0,987.0,5100
2016-10-19,990.0,990.0,989.0,989.0,3800
2016-10-20,990.0,990.0,989.0,989.0,2800
2016-10-21,990.0,990.0,989.0,989.0,1700
2016-10-24,990.0,990.0,989.0,990.0,4700
2016-10-25,991.0,994.0,990.0,993.0,3800
2016-10-26,994.0,1004.0,994.0,1002.0,2800
2016-10-27,1000.0,1009.0,999.0,999.0,3600
2016-10-28,1011.0,1012.0,998.0,999.0,3300
2016-10-31,1005.0,1012.0,1005.0,1009.0,1100
2016-11-01,1012.0,1014.0,1008.0,1013.0,2300
2016-11-02,1016.0,1018.0,1004.0,1010.0,4800
2016-11-04,1004.0,1008.0,1003.0,1004.0,3000
2016-11-07,1002.0,1002.0,1000.0,1001.0,2200
2016-11-08,1002.0,1005.0,1002.0,1005.0,2000
2016-11-09,1006.0,1010.0,980.0,980.0,13700
2016-11-10,1005.0,1005.0,990.0,998.0,3600
2016-11-11,1010.0,1010.0,1000.0,1001.0,1300
2016-11-14,1000.0,1005.0,1000.0,1004.0,1200
2016-11-15,1006.0,1010.0,1005.0,1009.0,2800
2016-11-16,1010.0,1012.0,1009.0,1010.0,3800
2016-11-17,1010.0,1013.0,1004.0,1009.0,3600
2016-11-18,1008.0,1015.0,1006.0,1006.0,6000
2016-11-21,1010.0,1015.0,1005.0,1010.0,5800
2016-11-22,1011.0,1016.0,1009.0,1009.0,1500
2016-11-24,1009.0,1010.0,1005.0,1005.0,3700
2016-11-25,1008.0,1015.0,1006.0,1008.0,3100
2016-11-28,1018.0,1018.0,1008.0,1012.0,5900
2016-11-29,1012.0,1016.0,1008.0,1009.0,3400
2016-11-30,1010.0,1017.0,1010.0,1010.0,2500
2016-12-01,1011.0,1018.0,1010.0,1013.0,3200
2016-12-02,1013.0,1016.0,1011.0,1016.0,3300
2016-12-05,1016.0,1019.0,1014.0,1015.0,2900
2016-12-06,1020.0,1020.0,1015.0,1015.0,2500
2016-12-07,1018.0,1073.0,1012.0,1013.0,19000
2016-12-08,1014.0,1019.0,1014.0,1014.0,4100
2016-12-09,1018.0,1030.0,1016.0,1030.0,4300
2016-12-12,1030.0,1034.0,1030.0,1030.0,4200
2016-12-13,1030.0,1037.0,1029.0,1037.0,5800
2016-12-14,1038.0,1040.0,1036.0,1037.0,3700
2016-12-15,1037.0,1040.0,1036.0,1036.0,3300
2016-12-16,1036.0,1036.0,1033.0,1033.0,4400
2016-12-19,1034.0,1034.0,1032.0,1034.0,4400
2016-12-20,1035.0,1037.0,1035.0,1035.0,2900
2016-12-21,1035.0,1037.0,1033.0,1036.0,5900
2016-12-22,1033.0,1036.0,1031.0,1034.0,5900
2016-12-26,1040.0,1042.0,1037.0,1042.0,5100
2016-12-27,1050.0,1050.0,1045.0,1045.0,4100
2016-12-28,1055.0,1060.0,1052.0,1056.0,4000
2016-12-29,1059.0,1062.0,1055.0,1055.0,3500
2016-12-30,1056.0,1064.0,1056.0,1064.0,3600
2017-01-04,1060.0,1070.0,1060.0,1067.0,7500
2017-01-05,1069.0,1071.0,1068.0,1071.0,5100
2017-01-06,1067.0,1070.0,1065.0,1069.0,2700
2017-01-10,1075.0,1075.0,1070.0,1073.0,5200
2017-01-11,1070.0,1083.0,1070.0,1083.0,8200
2017-01-12,1087.0,1090.0,1083.0,1090.0,4100
2017-01-13,1090.0,1090.0,1080.0,1090.0,5400
2017-01-16,1092.0,1099.0,1088.0,1089.0,6900
2017-01-17,1090.0,1090.0,1078.0,1088.0,6800
2017-01-18,1073.0,1081.0,1070.0,1079.0,4700
2017-01-19,1071.0,1079.0,1071.0,1073.0,2400
2017-01-20,1073.0,1077.0,1070.0,1075.0,3800
2017-01-23,1079.0,1087.0,1076.0,1087.0,5300
2017-01-24,1075.0,1079.0,1075.0,1077.0,2100
2017-01-25,1078.0,1090.0,1078.0,1090.0,3900
2017-01-26,1090.0,1098.0,1090.0,1096.0,3800
2017-01-27,1098.0,1103.0,1095.0,1095.0,8200
2017-01-30,1103.0,1103.0,1100.0,1102.0,3100
2017-01-31,1102.0,1104.0,1100.0,1103.0,5200
2017-02-01,1099.0,1101.0,1098.0,1101.0,4200
2017-02-02,1100.0,1100.0,1097.0,1100.0,4900
2017-02-03,1096.0,1099.0,1086.0,1092.0,7300
2017-02-06,1092.0,1096.0,1091.0,1093.0,3700
2017-02-07,1090.0,1092.0,1085.0,1091.0,4900
2017-02-08,1091.0,1092.0,1090.0,1092.0,3000
2017-02-09,1092.0,1093.0,1090.0,1093.0,5300
2017-02-10,1093.0,1094.0,1089.0,1093.0,7200
2017-02-13,1095.0,1096.0,1092.0,1095.0,6100
2017-02-14,1096.0,1097.0,1095.0,1095.0,2500
2017-02-15,1096.0,1099.0,1095.0,1097.0,2500
2017-02-16,1098.0,1100.0,1098.0,1100.0,3100
2017-02-17,1100.0,1104.0,1097.0,1097.0,10800
2017-02-20,1097.0,1100.0,1096.0,1096.0,8600
2017-02-21,1097.0,1099.0,1095.0,1095.0,17000
2017-02-22,1100.0,1103.0,1095.0,1103.0,9300
2017-02-23,1105.0,1126.0,1100.0,1126.0,20400
2017-02-24,1009.0,1049.0,1005.0,1036.0,36100
2017-02-27,1036.0,1036.0,1010.0,1015.0,13100
2017-02-28,1012.0,1019.0,1012.0,1015.0,3500
2017-03-01,1015.0,1015.0,1011.0,1012.0,5900
2017-03-02,1013.0,1015.0,1010.0,1010.0,5300
2017-03-03,1010.0,1015.0,1010.0,1012.0,4300
2017-03-06,1012.0,1014.0,1009.0,1010.0,2700
2017-03-07,1010.0,1015.0,1009.0,1014.0,3200
2017-03-08,1014.0,1014.0,1011.0,1014.0,1300
2017-03-09,1014.0,1014.0,1010.0,1011.0,2000
2017-03-10,1014.0,1015.0,1010.0,1011.0,3700
2017-03-13,1015.0,1015.0,1011.0,1015.0,1200
2017-03-14,1015.0,1017.0,1013.0,1013.0,1500
2017-03-15,1013.0,1013.0,1011.0,1012.0,3300
2017-03-16,1011.0,1012.0,1010.0,1012.0,2500
2017-03-17,1010.0,1013.0,1010.0,1012.0,2400
2017-03-21,1012.0,1013.0,1009.0,1009.0,2900
2017-03-22,1009.0,1010.0,1006.0,1006.0,3800
2017-03-23,1006.0,1009.0,1005.0,1008.0,2900
2017-03-24,1008.0,1010.0,1007.0,1009.0,1200
2017-03-27,1009.0,1010.0,1007.0,1007.0,4000
2017-03-28,1008.0,1008.0,1005.0,1005.0,1400
2017-03-29,1010.0,1020.0,1006.0,1013.0,2600
2017-03-30,1020.0,1026.0,1015.0,1015.0,6300
2017-03-31,1020.0,1020.0,1010.0,1012.0,3300
2017-04-03,1038.0,1040.0,1015.0,1015.0,12300
2017-04-04,1016.0,1023.0,1000.0,1001.0,14900
2017-04-05,1003.0,1018.0,1003.0,1007.0,1000
2017-04-06,1018.0,1018.0,1000.0,1000.0,3900
2017-04-07,1005.0,1008.0,1000.0,1007.0,2900
2017-04-10,1014.0,1021.0,999.0,1005.0,10200
2017-04-11,1002.0,1005.0,1000.0,1004.0,2900
2017-04-12,1004.0,1004.0,999.0,1000.0,3600
2017-04-13,1000.0,1001.0,999.0,999.0,3900
2017-04-14,999.0,1004.0,999.0,999.0,2100
2017-04-17,1001.0,1005.0,1001.0,1005.0,1600
2017-04-18,1006.0,1006.0,1002.0,1004.0,2400
2017-04-19,1004.0,1006.0,1004.0,1006.0,500
2017-04-20,1003.0,1005.0,1003.0,1004.0,2500
2017-04-21,1009.0,1009.0,1006.0,1006.0,600
2017-04-24,1006.0,1010.0,1003.0,1003.0,2800
2017-04-25,1006.0,1010.0,1006.0,1007.0,900
2017-04-26,1009.0,1014.0,1007.0,1010.0,1800
2017-04-27,1021.0,1021.0,1012.0,1012.0,1200
2017-04-28,1020.0,1020.0,1012.0,1014.0,700
2017-05-01,1015.0,1020.0,1014.0,1018.0,2000
2017-05-02,1022.0,1022.0,1014.0,1014.0,3000
2017-05-08,1019.0,1019.0,1013.0,1018.0,1600
2017-05-09,1017.0,1020.0,1013.0,1019.0,1400
2017-05-10,1015.0,1018.0,1015.0,1017.0,1000
2017-05-11,1017.0,1017.0,1016.0,1017.0,1700
2017-05-12,1018.0,1020.0,1018.0,1020.0,1900
2017-05-15,1021.0,1026.0,1019.0,1025.0,4800
2017-05-16,1029.0,1030.0,1024.0,1024.0,1000
2017-05-17,1026.0,1026.0,1019.0,1019.0,2900
2017-05-18,1019.0,1023.0,1018.0,1018.0,1200
2017-05-19,1019.0,1019.0,1016.0,1019.0,2200
2017-05-22,1025.0,1025.0,1024.0,1024.0,900
2017-05-23,1025.0,1028.0,1023.0,1023.0,700
2017-05-24,1023.0,1026.0,1020.0,1023.0,3000
2017-05-25,1028.0,1028.0,1021.0,1021.0,3000
2017-05-26,1020.0,1024.0,1020.0,1020.0,1600
2017-05-29,1025.0,1030.0,1020.0,1022.0,2400
2017-05-30,1028.0,1028.0,1020.0,1020.0,2900
2017-05-31,1027.0,1028.0,1021.0,1022.0,1400
2017-06-01,1024.0,1024.0,1018.0,1024.0,3100
2017-06-02,1025.0,1027.0,1020.0,1026.0,1800
2017-06-05,1026.0,1026.0,1022.0,1025.0,1000
2017-06-06,1025.0,1025.0,1020.0,1024.0,1900
2017-06-07,1025.0,1025.0,1022.0,1025.0,1800
2017-06-08,1024.0,1024.0,1020.0,1020.0,2500
2017-06-09,1020.0,1023.0,1020.0,1023.0,700
2017-06-12,1023.0,1025.0,1023.0,1025.0,3500
2017-06-13,1026.0,1026.0,1020.0,1022.0,4400
2017-06-14,1025.0,1025.0,1021.0,1022.0,700
2017-06-15,1022.0,1025.0,1022.0,1025.0,5400
2017-06-16,1026.0,1026.0,1023.0,1023.0,3500
2017-06-19,1023.0,1025.0,1023.0,1025.0,700
2017-06-20,1023.0,1023.0,1021.0,1023.0,1600
2017-06-21,1025.0,1025.0,1023.0,1023.0,1100
2017-06-22,1023.0,1024.0,1023.0,1024.0,500
2017-06-23,1024.0,1024.0,1021.0,1024.0,1300
2017-06-26,1026.0,1026.0,1024.0,1024.0,1000
2017-06-27,1024.0,1025.0,1024.0,1025.0,700
2017-06-28,1025.0,1025.0,1023.0,1025.0,1700
2017-06-29,1026.0,1026.0,1025.0,1026.0,1800
2017-06-30,1024.0,1026.0,1022.0,1022.0,700
2017-07-03,1026.0,1026.0,1021.0,1026.0,1900
2017-07-04,1030.0,1030.0,1023.0,1023.0,2200
2017-07-05,1024.0,1025.0,1021.0,1021.0,1200
2017-07-06,1021.0,1023.0,1021.0,1023.0,1300
2017-07-07,1025.0,1025.0,1021.0,1022.0,600
2017-07-10,1023.0,1023.0,1022.0,1022.0,1600
2017-07-11,1021.0,1024.0,1020.0,1024.0,3600
2017-07-12,1025.0,1026.0,1021.0,1021.0,1300
2017-07-13,1027.0,1027.0,1027.0,1027.0,300
2017-07-14,1026.0,1027.0,1026.0,1026.0,800
2017-07-17,1026.0,1026.0,1026.0,1026.0,0
2017-07-18,1028.0,1030.0,1026.0,1026.0,2800
2017-07-19,1025.0,1025.0,1020.0,1021.0,3600
2017-07-20,1024.0,1025.0,1024.0,1025.0,400
2017-07-21,1029.0,1029.0,1025.0,1025.0,500
2017-07-24,1029.0,1030.0,1025.0,1029.0,1400
2017-07-25,1029.0,1030.0,1028.0,1029.0,1500
2017-07-26,1029.0,1029.0,1027.0,1029.0,1700
2017-07-27,1029.0,1037.0,1028.0,1029.0,3400
2017-07-28,1030.0,1033.0,1028.0,1029.0,1900
2017-07-31,1036.0,1036.0,1035.0,1035.0,500
2017-08-01,1031.0,1031.0,1028.0,1028.0,1200
2017-08-02,1029.0,1033.0,1029.0,1032.0,1200
2017-08-03,1035.0,1035.0,1030.0,1030.0,1600
2017-08-04,1035.0,1035.0,1030.0,1030.0,2900
2017-08-07,1030.0,1031.0,1029.0,1030.0,1800
2017-08-08,1030.0,1030.0,1030.0,1030.0,1100
2017-08-09,1030.0,1030.0,1027.0,1030.0,2000
2017-08-10,1027.0,1028.0,1024.0,1024.0,1900
2017-08-11,1024.0,1024.0,1024.0,1024.0,0
2017-08-14,1020.0,1027.0,1020.0,1025.0,2100
2017-08-15,1026.0,1030.0,1025.0,1030.0,1800
2017-08-16,1030.0,1032.0,1030.0,1031.0,2100
2017-08-17,1031.0,1032.0,1030.0,1030.0,500
2017-08-18,1030.0,1033.0,1025.0,1033.0,1300
2017-08-21,1033.0,1035.0,1033.0,1034.0,600
2017-08-22,1035.0,1035.0,1029.0,1029.0,1300
2017-08-23,1034.0,1034.0,1032.0,1032.0,200
2017-08-24,1035.0,1035.0,1033.0,1034.0,1800
2017-08-25,1034.0,1035.0,1034.0,1035.0,900
2017-08-28,1034.0,1038.0,1033.0,1038.0,2100
2017-08-29,1038.0,1038.0,1030.0,1031.0,1800
2017-08-30,1040.0,1040.0,1032.0,1035.0,1900
2017-08-31,1042.0,1043.0,1033.0,1040.0,900
2017-09-01,1040.0,1043.0,1038.0,1043.0,1300
2017-09-04,1043.0,1043.0,1040.0,1041.0,1900
2017-09-05,1041.0,1041.0,1036.0,1036.0,1700
2017-09-06,1030.0,1034.0,1027.0,1028.0,3000
2017-09-07,1033.0,1033.0,1029.0,1029.0,500
2017-09-08,1035.0,1035.0,1031.0,1031.0,700
2017-09-11,1031.0,1038.0,1031.0,1038.0,800
2017-09-12,1038.0,1050.0,1038.0,1042.0,3700
2017-09-13,1048.0,1048.0,1044.0,1044.0,900
2017-09-14,1043.0,1047.0,1040.0,1047.0,1200
2017-09-15,1047.0,1049.0,1040.0,1040.0,3300
2017-09-18,1040.0,1040.0,1040.0,1040.0,0
2017-09-19,1044.0,1046.0,1042.0,1042.0,3400
2017-09-20,1042.0,1046.0,1042.0,1046.0,500
2017-09-21,1048.0,1050.0,1048.0,1048.0,1000
2017-09-22,1050.0,1050.0,1045.0,1050.0,2200
2017-09-25,1050.0,1052.0,1050.0,1051.0,3900
2017-09-26,1049.0,1055.0,1049.0,1050.0,3200
2017-09-27,1059.0,1061.0,1051.0,1061.0,4600
2017-09-28,1065.0,1066.0,1054.0,1054.0,4400
2017-09-29,1055.0,1060.0,1053.0,1053.0,2300
2017-10-02,1064.0,1064.0,1057.0,1064.0,3600
2017-10-03,1065.0,1068.0,1055.0,1055.0,4700
2017-10-04,1060.0,1066.0,1058.0,1063.0,3200
2017-10-05,1068.0,1069.0,1065.0,1065.0,2400
2017-10-06,1072.0,1091.0,1070.0,1073.0,18100
2017-10-09,1073.0,1073.0,1073.0,1073.0,0
2017-10-10,1081.0,1083.0,1073.0,1077.0,4100
2017-10-11,1081.0,1081.0,1069.0,1071.0,3300
2017-10-12,1071.0,1082.0,1071.0,1082.0,2500
2017-10-13,1082.0,1083.0,1077.0,1080.0,2500
2017-10-16,1081.0,1087.0,1081.0,1084.0,2800
2017-10-17,1084.0,1085.0,1082.0,1082.0,2300
2017-10-18,1085.0,1090.0,1082.0,1085.0,4400
2017-10-19,1085.0,1089.0,1080.0,1089.0,2700
2017-10-20,1078.0,1088.0,1077.0,1079.0,2500
2017-10-23,1085.0,1085.0,1074.0,1074.0,2600
2017-10-24,1082.0,1082.0,1075.0,1079.0,1600
2017-10-25,1080.0,1083.0,1079.0,1079.0,1500
2017-10-26,1088.0,1088.0,1077.0,1077.0,2400
2017-10-27,1079.0,1088.0,1079.0,1085.0,1700
2017-10-30,1089.0,1090.0,1086.0,1086.0,1600
2017-10-31,1090.0,1099.0,1090.0,1094.0,3700
2017-11-01,1098.0,1100.0,1094.0,1094.0,6400
2017-11-02,1092.0,1103.0,1092.0,1102.0,2500
2017-11-03,1102.0,1102.0,1102.0,1102.0,0
2017-11-06,1103.0,1105.0,1102.0,1105.0,4700
2017-11-07,1108.0,1110.0,1105.0,1108.0,3100
2017-11-08,1108.0,1108.0,1108.0,1108.0,0
2017-11-09,1113.0,1120.0,1102.0,1102.0,8900
2017-11-10,1099.0,1099.0,1090.0,1090.0,5600
2017-11-13,1094.0,1100.0,1094.0,1094.0,1900
2017-11-14,1098.0,1102.0,1096.0,1102.0,1100
2017-11-15,1091.0,1100.0,1091.0,1100.0,300
2017-11-16,1100.0,1100.0,1100.0,1100.0,0
2017-11-17,1100.0,1108.0,1090.0,1090.0,2100
2017-11-20,1106.0,1107.0,1093.0,1094.0,1700
2017-11-21,1100.0,1104.0,1095.0,1103.0,2100
2017-11-22,1103.0,1103.0,1103.0,1103.0,0
2017-11-23,1103.0,1103.0,1103.0,1103.0,0
2017-11-24,1106.0,1106.0,1100.0,1102.0,1700
2017-11-27,1105.0,1108.0,1105.0,1107.0,1800
2017-11-28,1110.0,1111.0,1107.0,1107.0,3300
2017-11-29,1113.0,1113.0,1108.0,1110.0,2000
2017-11-30,1113.0,1113.0,1106.0,1112.0,2600
2017-12-01,1112.0,1112.0,1108.0,1111.0,2000
2017-12-04,1124.0,1124.0,1116.0,1124.0,2200
2017-12-05,1124.0,1124.0,1124.0,1124.0,0
2017-12-06,1118.0,1124.0,1118.0,1124.0,2600
2017-12-07,1125.0,1127.0,1125.0,1127.0,2300
2017-12-08,1128.0,1139.0,1128.0,1130.0,5600
2017-12-11,1135.0,1140.0,1135.0,1136.0,3300
2017-12-12,1140.0,1149.0,1138.0,1149.0,3500
2017-12-13,1150.0,1150.0,1137.0,1147.0,4800
2017-12-14,1147.0,1147.0,1141.0,1144.0,5200
2017-12-15,1145.0,1146.0,1140.0,1141.0,2800
2017-12-18,1143.0,1147.0,1141.0,1143.0,2800
2017-12-19,1149.0,1149.0,1145.0,1148.0,2000
2017-12-20,1149.0,1149.0,1144.0,1145.0,2300
2017-12-21,1145.0,1147.0,1142.0,1147.0,3400
2017-12-22,1147.0,1150.0,1143.0,1150.0,2800
2017-12-25,1150.0,1150.0,1141.0,1143.0,2900
2017-12-26,1145.0,1146.0,1143.0,1143.0,2100
2017-12-27,1143.0,1152.0,1143.0,1152.0,4700
2017-12-28,1152.0,1171.0,1152.0,1163.0,9400
2017-12-29,1170.0,1170.0,1164.0,1169.0,3500
2018-01-01,1169.0,1169.0,1169.0,1169.0,0
2018-01-02,1169.0,1169.0,1169.0,1169.0,0
2018-01-03,1169.0,1169.0,1169.0,1169.0,0
2018-01-04,1171.0,1178.0,1171.0,1178.0,8400
2018-01-05,1184.0,1186.0,1178.0,1186.0,8700
2018-01-08,1186.0,1186.0,1186.0,1186.0,0
2018-01-09,1187.0,1200.0,1186.0,1194.0,19600
2018-01-10,1195.0,1224.0,1195.0,1215.0,18200
2018-01-11,1230.0,1247.0,1217.0,1243.0,7100
2018-01-12,1243.0,1243.0,1200.0,1201.0,13300
2018-01-15,1205.0,1215.0,1203.0,1214.0,6000
2018-01-16,1214.0,1229.0,1214.0,1227.0,4900
2018-01-17,1229.0,1229.0,1220.0,1225.0,4200
2018-01-18,1230.0,1230.0,1220.0,1220.0,3200
2018-01-19,1220.0,1230.0,1219.0,1222.0,5200
2018-01-22,1222.0,1222.0,1222.0,1222.0,0
2018-01-23,1225.0,1235.0,1220.0,1234.0,9400
2018-01-24,1245.0,1248.0,1234.0,1243.0,9400
2018-01-25,1248.0,1248.0,1243.0,1248.0,6300
2018-01-26,1249.0,1250.0,1237.0,1247.0,11200
2018-01-29,1249.0,1257.0,1248.0,1249.0,10000
2018-01-30,1249.0,1249.0,1230.0,1231.0,11300
2018-01-31,1230.0,1230.0,1200.0,1200.0,12800
2018-02-01,1193.0,1218.0,1181.0,1218.0,8100
2018-02-02,1217.0,1217.0,1205.0,1211.0,4000
2018-02-05,1204.0,1205.0,1198.0,1205.0,7400
2018-02-06,1168.0,1187.0,1148.0,1164.0,22000
2018-02-07,1180.0,1200.0,1180.0,1190.0,5100
2018-02-08,1192.0,1197.0,1180.0,1189.0,4500
2018-02-09,1180.0,1181.0,1166.0,1180.0,5200
2018-02-12,1180.0,1180.0,1180.0,1180.0,0
2018-02-13,1181.0,1195.0,1181.0,1193.0,3700
2018-02-14,1193.0,1200.0,1182.0,1193.0,4600
2018-02-15,1193.0,1193.0,1185.0,1185.0,3800
2018-02-16,1181.0,1188.0,1176.0,1182.0,5400
2018-02-19,1183.0,1192.0,1183.0,1191.0,2900
2018-02-20,1193.0,1206.0,1193.0,1202.0,6400
2018-02-21,1203.0,1215.0,1203.0,1213.0,6900
2018-02-22,1214.0,1215.0,1212.0,1212.0,6500
2018-02-23,1212.0,1226.0,1205.0,1212.0,27300
2018-02-26,1122.0,1134.0,1115.0,1125.0,30300
2018-02-27,1130.0,1138.0,1125.0,1128.0,6200
2018-02-28,1128.0,1128.0,1121.0,1123.0,2600
2018-03-01,1123.0,1123.0,1105.0,1105.0,5900
2018-03-02,1109.0,1109.0,1080.0,1086.0,4800
2018-03-05,1086.0,1114.0,1072.0,1072.0,5000
2018-03-06,1074.0,1099.0,1074.0,1080.0,1500
2018-03-07,1098.0,1098.0,1080.0,1080.0,2000
2018-03-08,1080.0,1080.0,1075.0,1075.0,1400
2018-03-09,1079.0,1079.0,1069.0,1070.0,2600
2018-03-12,1070.0,1075.0,1068.0,1075.0,2000
2018-03-13,1079.0,1079.0,1068.0,1068.0,2200
2018-03-14,1068.0,1068.0,1062.0,1062.0,1000
2018-03-15,1062.0,1070.0,1062.0,1063.0,1200
2018-03-16,1070.0,1070.0,1065.0,1066.0,700
2018-03-19,1068.0,1068.0,1062.0,1062.0,2800
2018-03-20,1064.0,1066.0,1060.0,1064.0,1200
2018-03-21,1064.0,1064.0,1064.0,1064.0,0
2018-03-22,1064.0,1070.0,1060.0,1060.0,3300
2018-03-23,1060.0,1060.0,1052.0,1052.0,2200
2018-03-26,1050.0,1050.0,1023.0,1025.0,5200
2018-03-27,1025.0,1025.0,1020.0,1024.0,7200
2018-03-28,1025.0,1045.0,1021.0,1032.0,3500
2018-03-29,1042.0,1043.0,1039.0,1043.0,2000
2018-03-30,1041.0,1041.0,1041.0,1041.0,300
2018-04-02,1037.0,1051.0,1037.0,1051.0,1700
2018-04-03,1058.0,1076.0,1053.0,1069.0,2700
2018-04-04,1069.0,1069.0,1069.0,1069.0,0
2018-04-05,1058.0,1060.0,1058.0,1060.0,600
2018-04-06,1065.0,1065.0,1062.0,1063.0,1300
2018-04-09,1072.0,1080.0,1069.0,1079.0,1900
2018-04-10,1084.0,1143.0,1082.0,1120.0,15400
2018-04-11,1130.0,1160.0,1120.0,1121.0,12100
2018-04-12,1120.0,1120.0,1090.0,1092.0,5400
2018-04-13,1093.0,1110.0,1089.0,1092.0,2600
2018-04-16,1092.0,1092.0,1080.0,1080.0,3600
2018-04-17,1080.0,1080.0,1080.0,1080.0,0
2018-04-18,1104.0,1104.0,1060.0,1075.0,2900
2018-04-19,1075.0,1080.0,1070.0,1074.0,1300
2018-04-20,1074.0,1081.0,1074.0,1075.0,300
2018-04-23,1087.0,1092.0,1080.0,1092.0,1900
2018-04-24,1095.0,1095.0,1081.0,1090.0,1800
2018-04-25,1090.0,1100.0,1090.0,1100.0,1300
2018-04-26,1115.0,1117.0,1100.0,1100.0,1000
2018-04-27,1106.0,1113.0,1100.0,1100.0,900
2018-04-30,1100.0,1100.0,1100.0,1100.0,0
2018-05-01,1105.0,1105.0,1100.0,1101.0,1600
2018-05-02,1111.0,1113.0,1110.0,1112.0,900
2018-05-03,1112.0,1112.0,1112.0,1112.0,0
2018-05-04,1112.0,1112.0,1112.0,1112.0,0
2018-05-07,1112.0,1112.0,1110.0,1111.0,1900
2018-05-08,1111.0,1116.0,1106.0,1116.0,2300
2018-05-09,1116.0,1123.0,1116.0,1116.0,800
2018-05-10,1117.0,1119.0,1110.0,1110.0,1800
2018-05-11,1110.0,1110.0,1110.0,1110.0,0
2018-05-14,1112.0,1117.0,1110.0,1115.0,600
2018-05-15,1115.0,1115.0,1111.0,1111.0,2700
2018-05-16,1100.0,1101.0,1100.0,1100.0,2700
2018-05-17,1100.0,1100.0,1095.0,1097.0,600
2018-05-18,1095.0,1100.0,1095.0,1095.0,800
2018-05-21,1095.0,1095.0,1091.0,1091.0,1200
2018-05-22,1090.0,1098.0,1088.0,1092.0,2900
2018-05-23,1093.0,1100.0,1093.0,1100.0,1400
2018-05-24,1099.0,1099.0,1099.0,1099.0,200
2018-05-25,1099.0,1100.0,1097.0,1097.0,900
2018-05-28,1103.0,1110.0,1090.0,1100.0,2600
2018-05-29,1100.0,1105.0,1091.0,1091.0,1900
2018-05-30,1095.0,1105.0,1090.0,1090.0,2100
2018-05-31,1090.0,1090.0,1090.0,1090.0,0
2018-06-01,1102.0,1103.0,1102.0,1102.0,400
2018-06-04,1098.0,1102.0,1095.0,1102.0,600
2018-06-05,1101.0,1103.0,1101.0,1103.0,800
2018-06-06,1103.0,1104.0,1103.0,1104.0,400
2018-06-07,1105.0,1108.0,1103.0,1103.0,1600
2018-06-08,1103.0,1103.0,1103.0,1103.0,0
2018-06-11,1107.0,1110.0,1104.0,1110.0,2400
2018-06-12,1113.0,1113.0,1109.0,1112.0,900
2018-06-13,1112.0,1116.0,1111.0,1116.0,2200
2018-06-14,1120.0,1124.0,1118.0,1118.0,3100
2018-06-15,1122.0,1129.0,1122.0,1126.0,3400
2018-06-18,1130.0,1135.0,1127.0,1133.0,4500
2018-06-19,1133.0,1139.0,1133.0,1133.0,7400
2018-06-20,1142.0,1142.0,1106.0,1115.0,3900
2018-06-21,1130.0,1130.0,1120.0,1120.0,800
2018-06-22,1129.0,1129.0,1120.0,1125.0,600
2018-06-25,1132.0,1132.0,1125.0,1127.0,2600
2018-06-26,1127.0,1127.0,1125.0,1125.0,900
2018-06-27,1123.0,1127.0,1120.0,1120.0,1500
2018-06-28,1124.0,1130.0,1120.0,1125.0,800
2018-06-29,1121.0,1121.0,1119.0,1119.0,2300
2018-07-02,1120.0,1121.0,1119.0,1119.0,700
2018-07-03,1119.0,1119.0,1100.0,1101.0,2100
2018-07-04,1103.0,1103.0,1103.0,1103.0,300
2018-07-05,1103.0,1108.0,1100.0,1108.0,1100
2018-07-06,1108.0,1108.0,1096.0,1096.0,3900
2018-07-09,1097.0,1097.0,1084.0,1084.0,1900
2018-07-10,1085.0,1118.0,1085.0,1100.0,1500
2018-07-11,1100.0,1129.0,1081.0,1104.0,3400
2018-07-12,1100.0,1100.0,1079.0,1079.0,4000
2018-07-13,1094.0,1098.0,1087.0,1087.0,1400
2018-07-16,1087.0,1087.0,1087.0,1087.0,0
2018-07-17,1100.0,1100.0,1088.0,1099.0,1400
2018-07-18,1099.0,1102.0,1099.0,1102.0,2600
2018-07-19,1102.0,1105.0,1095.0,1095.0,800
2018-07-20,1091.0,1127.0,1091.0,1097.0,2300
2018-07-23,1098.0,1119.0,1098.0,1119.0,400
2018-07-24,1110.0,1116.0,1103.0,1106.0,700
2018-07-25,1106.0,1106.0,1106.0,1106.0,0
2018-07-26,1111.0,1114.0,1109.0,1109.0,800
2018-07-27,1109.0,1114.0,1109.0,1114.0,600
2018-07-30,1115.0,1115.0,1111.0,1111.0,700
2018-07-31,1118.0,1118.0,1110.0,1110.0,400
2018-08-01,1111.0,1115.0,1111.0,1115.0,400
2018-08-02,1110.0,1117.0,1110.0,1117.0,1200
2018-08-03,1115.0,1117.0,1106.0,1117.0,1600
2018-08-06,1119.0,1131.0,1119.0,1119.0,6400
2018-08-07,1117.0,1119.0,1110.0,1112.0,3600
2018-08-08,1114.0,1114.0,1110.0,1111.0,1700
2018-08-09,1129.0,1129.0,1120.0,1128.0,900
2018-08-10,1121.0,1135.0,1121.0,1134.0,2200
2018-08-13,1130.0,1130.0,1116.0,1116.0,3800
2018-08-14,1117.0,1133.0,1117.0,1133.0,1400
2018-08-15,1133.0,1133.0,1133.0,1133.0,0
2018-08-16,1133.0,1133.0,1133.0,1133.0,0
2018-08-17,1122.0,1130.0,1121.0,1121.0,1000
2018-08-20,1121.0,1133.0,1120.0,1124.0,2300
2018-08-21,1115.0,1125.0,1115.0,1118.0,2400
2018-08-22,1117.0,1122.0,1115.0,1115.0,2400
2018-08-23,1115.0,1117.0,1115.0,1117.0,600
2018-08-24,1120.0,1123.0,1120.0,1123.0,500
2018-08-27,1123.0,1135.0,1123.0,1135.0,1400
2018-08-28,1136.0,1140.0,1135.0,1140.0,2700
2018-08-29,1132.0,1134.0,1132.0,1133.0,2500
2018-08-30,1145.0,1145.0,1135.0,1135.0,800
2018-08-31,1135.0,1149.0,1135.0,1149.0,1400
2018-09-03,1149.0,1149.0,1141.0,1148.0,900
2018-09-04,1148.0,1155.0,1147.0,1155.0,2600
2018-09-05,1155.0,1160.0,1151.0,1158.0,1500
2018-09-06,1167.0,1168.0,1154.0,1154.0,6200
2018-09-07,1154.0,1160.0,1150.0,1150.0,2300
2018-09-10,1150.0,1155.0,1150.0,1155.0,500
2018-09-11,1155.0,1159.0,1155.0,1157.0,1100
2018-09-12,1157.0,1167.0,1157.0,1167.0,2400
2018-09-13,1167.0,1167.0,1167.0,1167.0,0
2018-09-14,1165.0,1176.0,1163.0,1164.0,1300
2018-09-17,1164.0,1164.0,1164.0,1164.0,0
2018-09-18,1165.0,1165.0,1164.0,1164.0,2700
2018-09-19,1165.0,1173.0,1165.0,1169.0,2100
2018-09-20,1170.0,1170.0,1161.0,1166.0,4800
2018-09-21,1172.0,1175.0,1170.0,1173.0,3600
2018-09-24,1173.0,1173.0,1173.0,1173.0,0
2018-09-25,1176.0,1188.0,1176.0,1188.0,3900
2018-09-26,1190.0,1201.0,1188.0,1190.0,10800
2018-09-27,1203.0,1203.0,1189.0,1189.0,1700
2018-09-28,1190.0,1195.0,1181.0,1181.0,2300
2018-10-01,1208.0,1219.0,1195.0,1198.0,13600
2018-10-02,1200.0,1218.0,1199.0,1213.0,4600
2018-10-03,1213.0,1213.0,1197.0,1201.0,2600
2018-10-04,1201.0,1205.0,1200.0,1202.0,1000
2018-10-05,1201.0,1202.0,1200.0,1200.0,1100
2018-10-08,1200.0,1200.0,1200.0,1200.0,0
2018-10-09,1201.0,1235.0,1200.0,1227.0,18600
2018-10-10,1235.0,1235.0,1206.0,1211.0,9800
2018-10-11,1185.0,1220.0,1182.0,1196.0,13800
2018-10-12,1190.0,1227.0,1190.0,1193.0,5800
2018-10-15,1225.0,1225.0,1200.0,1200.0,5100
2018-10-16,1202.0,1230.0,1202.0,1220.0,7400
2018-10-17,1220.0,1230.0,1215.0,1215.0,5500
2018-10-18,1206.0,1215.0,1206.0,1215.0,900
2018-10-19,1210.0,1217.0,1202.0,1204.0,1600
2018-10-22,1204.0,1210.0,1201.0,1209.0,1000
2018-10-23,1210.0,1213.0,1202.0,1202.0,600
2018-10-24,1215.0,1219.0,1201.0,1203.0,3200
2018-10-25,1215.0,1215.0,1196.0,1196.0,3100
2018-10-26,1210.0,1210.0,1195.0,1197.0,3500
2018-10-29,1198.0,1199.0,1188.0,1188.0,3800
2018-10-30,1188.0,1188.0,1188.0,1188.0,0
2018-10-31,1190.0,1198.0,1182.0,1183.0,2000
2018-11-01,1197.0,1198.0,1180.0,1180.0,1700
2018-11-02,1192.0,1198.0,1185.0,1185.0,500
2018-11-05,1185.0,1198.0,1185.0,1198.0,1700
2018-11-06,1188.0,1200.0,1188.0,1200.0,3400
2018-11-07,1200.0,1203.0,1195.0,1201.0,2000
2018-11-08,1200.0,1209.0,1200.0,1202.0,2200
2018-11-09,1198.0,1209.0,1198.0,1209.0,2000
2018-11-12,1208.0,1220.0,1208.0,1220.0,3100
2018-11-13,1220.0,1220.0,1203.0,1206.0,2800
2018-11-14,1206.0,1210.0,1206.0,1210.0,1500
2018-11-15,1211.0,1220.0,1210.0,1219.0,3100
2018-11-16,1219.0,1228.0,1209.0,1209.0,2900
2018-11-19,1210.0,1218.0,1210.0,1212.0,1600
2018-11-20,1212.0,1224.0,1212.0,1215.0,1000
2018-11-21,1220.0,1223.0,1215.0,1223.0,1000
2018-11-22,1224.0,1230.0,1224.0,1225.0,2500
2018-11-23,1225.0,1225.0,1225.0,1225.0,0
2018-11-26,1225.0,1230.0,1221.0,1224.0,2400
2018-11-27,1227.0,1230.0,1218.0,1221.0,2200
2018-11-28,1221.0,1221.0,1221.0,1221.0,0
2018-11-29,1228.0,1228.0,1222.0,1226.0,400
2018-11-30,1227.0,1230.0,1220.0,1229.0,1600
2018-12-03,1223.0,1229.0,1222.0,1225.0,900
2018-12-04,1223.0,1225.0,1223.0,1223.0,1300
2018-12-05,1223.0,1224.0,1216.0,1217.0,1400
2018-12-06,1217.0,1223.0,1215.0,1215.0,1200
2018-12-07,1215.0,1215.0,1215.0,1215.0,0
2018-12-10,1223.0,1224.0,1220.0,1220.0,1600
2018-12-11,1220.0,1220.0,1220.0,1220.0,0
2018-12-12,1220.0,1223.0,1211.0,1212.0,1900
2018-12-13,1219.0,1219.0,1213.0,1213.0,300
2018-12-14,1219.0,1219.0,1218.0,1219.0,800
2018-12-17,1200.0,1218.0,1200.0,1210.0,5600
2018-12-18,1202.0,1202.0,1140.0,1140.0,7300
2018-12-19,1162.0,1174.0,1139.0,1156.0,5100
2018-12-20,1148.0,1148.0,1075.0,1102.0,8100
2018-12-21,1102.0,1155.0,1072.0,1072.0,13400
2018-12-24,1072.0,1072.0,1072.0,1072.0,0
2018-12-25,1030.0,1048.0,985.0,1048.0,36400
2018-12-26,1048.0,1070.0,1021.0,1030.0,16400
2018-12-27,1120.0,1123.0,1072.0,1098.0,7900
2018-12-28,1103.0,1103.0,1050.0,1073.0,15400
2018-12-31,1073.0,1073.0,1073.0,1073.0,0
2019-01-04,1039.0,1089.0,1039.0,1073.0,4200
2019-01-07,1092.0,1105.0,1080.0,1087.0,6600
2019-01-08,1098.0,1109.0,1091.0,1109.0,5600
2019-01-09,1112.0,1150.0,1112.0,1113.0,9000
2019-01-10,1118.0,1119.0,1113.0,1119.0,2000
2019-01-11,1119.0,1129.0,1119.0,1122.0,2700
2019-01-15,1123.0,1126.0,1122.0,1126.0,2500
2019-01-16,1119.0,1125.0,1117.0,1117.0,2600
2019-01-17,1117.0,1125.0,1117.0,1120.0,1000
2019-01-18,1120.0,1133.0,1120.0,1132.0,3200
2019-01-21,1135.0,1147.0,1134.0,1145.0,2700
2019-01-22,1145.0,1146.0,1140.0,1146.0,2500
2019-01-23,1146.0,1150.0,1134.0,1149.0,3000
2019-01-24,1143.0,1150.0,1136.0,1140.0,1500
2019-01-25,1145.0,1147.0,1140.0,1140.0,2100
2019-01-28,1144.0,1151.0,1144.0,1151.0,3300
2019-01-29,1153.0,1158.0,1148.0,1158.0,4400
2019-01-30,1158.0,1158.0,1150.0,1155.0,2500
2019-01-31,1154.0,1155.0,1151.0,1152.0,4000
2019-02-01,1152.0,1152.0,1141.0,1141.0,3300
2019-02-04,1145.0,1154.0,1145.0,1152.0,3400
2019-02-05,1154.0,1155.0,1142.0,1155.0,6800
2019-02-06,1155.0,1156.0,1151.0,1154.0,4400
2019-02-07,1154.0,1156.0,1150.0,1155.0,3900
2019-02-08,1155.0,1155.0,1148.0,1155.0,3000
2019-02-12,1156.0,1158.0,1152.0,1152.0,2800
2019-02-13,1154.0,1156.0,1150.0,1150.0,4900
2019-02-14,1155.0,1156.0,1151.0,1154.0,3300
2019-02-15,1154.0,1154.0,1131.0,1140.0,11800
2019-02-18,1145.0,1150.0,1141.0,1150.0,2900
2019-02-19,1150.0,1154.0,1148.0,1153.0,5100
2019-02-20,1154.0,1155.0,1149.0,1155.0,6300
2019-02-21,1155.0,1158.0,1151.0,1153.0,7900
2019-02-22,1151.0,1156.0,1149.0,1156.0,10900
2019-02-25,1157.0,1170.0,1152.0,1170.0,22800
2019-02-26,1080.0,1105.0,1072.0,1089.0,20500
2019-02-27,1089.0,1100.0,1081.0,1081.0,5400
2019-02-28,1082.0,1092.0,1081.0,1089.0,2200
2019-03-01,1088.0,1090.0,1083.0,1087.0,2900
2019-03-04,1087.0,1088.0,1080.0,1080.0,5100
2019-03-05,1078.0,1082.0,1078.0,1079.0,1700
2019-03-06,1081.0,1081.0,1078.0,1080.0,2200
2019-03-07,1080.0,1082.0,1072.0,1072.0,2400
2019-03-08,1075.0,1075.0,1071.0,1071.0,3500
2019-03-11,1071.0,1071.0,1071.0,1071.0,0
2019-03-12,1070.0,1070.0,1061.0,1061.0,5100
2019-03-13,1059.0,1066.0,1051.0,1060.0,2400
2019-03-14,1056.0,1064.0,1056.0,1064.0,800
2019-03-15,1060.0,1069.0,1060.0,1060.0,900
2019-03-18,1060.0,1063.0,1060.0,1063.0,1600
2019-03-19,1066.0,1067.0,1059.0,1059.0,2500
2019-03-20,1060.0,1064.0,1052.0,1053.0,2100
2019-03-22,1055.0,1059.0,1050.0,1050.0,2000
2019-03-25,1051.0,1051.0,1040.0,1041.0,4400
2019-03-26,1048.0,1058.0,1047.0,1058.0,1700
2019-03-27,1067.0,1071.0,1040.0,1060.0,4400
2019-03-28,1060.0,1060.0,1060.0,1060.0,0
2019-03-29,1045.0,1050.0,1045.0,1046.0,900
2019-04-01,1050.0,1055.0,1040.0,1050.0,2000
2019-04-02,1050.0,1050.0,1050.0,1050.0,0
2019-04-03,1058.0,1058.0,1041.0,1045.0,2500
2019-04-04,1043.0,1056.0,1043.0,1044.0,500
2019-04-05,1054.0,1057.0,1038.0,1048.0,4300
2019-04-08,1049.0,1063.0,1048.0,1048.0,1600
2019-04-09,1061.0,1130.0,1058.0,1074.0,25700
2019-04-10,1069.0,1070.0,1064.0,1064.0,3200
2019-04-11,1060.0,1060.0,1044.0,1050.0,2500
2019-04-12,1045.0,1055.0,1045.0,1050.0,1200
2019-04-15,1050.0,1055.0,1050.0,1052.0,1300
2019-04-16,1052.0,1065.0,1052.0,1064.0,1100
2019-04-17,1065.0,1069.0,1065.0,1069.0,1100
2019-04-18,1070.0,1080.0,1070.0,1071.0,4600
2019-04-19,1072.0,1075.0,1072.0,1072.0,600
2019-04-22,1072.0,1072.0,1057.0,1069.0,2000
2019-04-23,1066.0,1074.0,1066.0,1069.0,500
2019-04-24,1073.0,1075.0,1070.0,1075.0,800
2019-04-25,1075.0,1086.0,1075.0,1079.0,1500
2019-04-26,1079.0,1079.0,1073.0,1076.0,2400
2019-05-07,1076.0,1076.0,1066.0,1069.0,1500
2019-05-08,1075.0,1075.0,1060.0,1068.0,2400
2019-05-09,1068.0,1070.0,1059.0,1059.0,1700
2019-05-10,1069.0,1070.0,1054.0,1065.0,3200
2019-05-13,1061.0,1073.0,1061.0,1073.0,500
2019-05-14,1062.0,1068.0,1060.0,1063.0,1700
2019-05-15,1063.0,1067.0,1055.0,1055.0,2600
2019-05-16,1065.0,1065.0,1060.0,1060.0,500
2019-05-17,1065.0,1065.0,1060.0,1060.0,500
2019-05-20,1060.0,1060.0,1060.0,1060.0,0
2019-05-21,1061.0,1061.0,1055.0,1055.0,1100
2019-05-22,1060.0,1062.0,1052.0,1053.0,1600
2019-05-23,1053.0,1058.0,1052.0,1052.0,800
2019-05-24,1052.0,1053.0,1052.0,1053.0,200
2019-05-27,1062.0,1063.0,1055.0,1055.0,500
2019-05-28,1055.0,1056.0,1055.0,1055.0,1400
2019-05-29,1062.0,1063.0,1056.0,1063.0,1100
2019-05-30,1061.0,1061.0,1057.0,1057.0,300
2019-05-31,1059.0,1059.0,1056.0,1057.0,600
2019-06-03,1060.0,1060.0,1056.0,1056.0,1200
2019-06-04,1056.0,1058.0,1055.0,1056.0,1300
2019-06-05,1056.0,1060.0,1056.0,1056.0,500
2019-06-06,1060.0,1060.0,1056.0,1056.0,300
2019-06-07,1052.0,1055.0,1052.0,1054.0,2100
2019-06-10,1053.0,1053.0,1052.0,1052.0,1200
2019-06-11,1057.0,1060.0,1057.0,1059.0,2700
2019-06-12,1062.0,1065.0,1059.0,1064.0,2100
2019-06-13,1066.0,1066.0,1060.0,1060.0,1200
2019-06-14,1060.0,1066.0,1059.0,1066.0,900
2019-06-17,1066.0,1068.0,1066.0,1068.0,3300
2019-06-18,1068.0,1077.0,1068.0,1076.0,3700
2019-06-19,1080.0,1082.0,1076.0,1077.0,3400
2019-06-20,1096.0,1096.0,1077.0,1082.0,4300
2019-06-21,1083.0,1092.0,1083.0,1090.0,1400
2019-06-24,1090.0,1094.0,1081.0,1088.0,1800
2019-06-25,1088.0,1090.0,1083.0,1084.0,1300
2019-06-26,1084.0,1084.0,1080.0,1080.0,600
2019-06-27,1084.0,1090.0,1084.0,1088.0,1300
2019-06-28,1089.0,1093.0,1086.0,1093.0,1900
2019-07-01,1097.0,1100.0,1094.0,1096.0,2000
2019-07-02,1100.0,1100.0,1086.0,1088.0,1900
2019-07-03,1101.0,1101.0,1096.0,1099.0,2100
2019-07-04,1093.0,1098.0,1088.0,1093.0,1800
2019-07-05,1093.0,1094.0,1090.0,1090.0,800
2019-07-08,1090.0,1091.0,1089.0,1090.0,800
2019-07-09,1090.0,1090.0,1090.0,1090.0,300
2019-07-10,1090.0,1090.0,1083.0,1085.0,1500
2019-07-11,1090.0,1090.0,1081.0,1088.0,1500
2019-07-12,1088.0,1088.0,1080.0,1083.0,1400
2019-07-16,1083.0,1084.0,1083.0,1084.0,11300
2019-07-17,1084.0,1085.0,1084.0,1084.0,900
2019-07-18,1085.0,1086.0,1081.0,1083.0,1000
2019-07-19,1083.0,1085.0,1083.0,1085.0,200
2019-07-22,1085.0,1092.0,1085.0,1092.0,800
2019-07-23,1087.0,1090.0,1085.0,1090.0,900
2019-07-24,1090.0,1098.0,1088.0,1098.0,900
2019-07-25,1097.0,1097.0,1090.0,1091.0,2100
2019-07-26,1092.0,1092.0,1084.0,1085.0,2000
2019-07-29,1080.0,1099.0,1080.0,1096.0,4600
2019-07-30,1094.0,1094.0,1090.0,1094.0,1200
2019-07-31,1094.0,1095.0,1091.0,1091.0,700
2019-08-01,1094.0,1102.0,1094.0,1098.0,1700
2019-08-02,1090.0,1097.0,1090.0,1094.0,700
2019-08-05,1094.0,1094.0,1083.0,1090.0,2300
2019-08-06,1090.0,1090.0,1081.0,1083.0,1100
2019-08-07,1085.0,1085.0,1080.0,1080.0,1300
2019-08-08,1080.0,1080.0,1073.0,1073.0,1300
2019-08-09,1073.0,1075.0,1070.0,1073.0,1800
2019-08-13,1067.0,1073.0,1067.0,1072.0,1400
2019-08-14,1073.0,1079.0,1073.0,1077.0,600
2019-08-15,1075.0,1080.0,1074.0,1074.0,3200
2019-08-16,1071.0,1104.0,1071.0,1090.0,6800
2019-08-19,1081.0,1084.0,1081.0,1084.0,600
2019-08-20,1077.0,1080.0,1077.0,1080.0,2700
2019-08-21,1083.0,1087.0,1080.0,1080.0,900
2019-08-22,1088.0,1088.0,1081.0,1082.0,1500
2019-08-23,1092.0,1092.0,1089.0,1089.0,1100
2019-08-26,1089.0,1089.0,1084.0,1084.0,1000
2019-08-27,1085.0,1086.0,1085.0,1085.0,500
2019-08-28,1055.0,1064.0,1053.0,1056.0,19000
2019-08-29,1070.0,1070.0,1058.0,1064.0,3000
2019-08-30,1067.0,1071.0,1067.0,1070.0,700
2019-09-02,1075.0,1075.0,1073.0,1073.0,500
2019-09-03,1073.0,1078.0,1073.0,1077.0,700
2019-09-04,1077.0,1077.0,1063.0,1069.0,1300
2019-09-05,1065.0,1070.0,1065.0,1066.0,4700
2019-09-06,1066.0,1066.0,1066.0,1066.0,200
2019-09-09,1066.0,1071.0,1063.0,1063.0,1700
2019-09-10,1078.0,1078.0,1066.0,1070.0,1800
2019-09-11,1075.0,1084.0,1070.0,1083.0,3200
2019-09-12,1083.0,1084.0,1076.0,1080.0,1000
2019-09-13,1083.0,1085.0,1081.0,1081.0,2500
2019-09-17,1081.0,1081.0,1081.0,1081.0,1400
2019-09-18,1082.0,1085.0,1082.0,1085.0,1000
2019-09-19,1086.0,1086.0,1084.0,1085.0,1600
2019-09-20,1086.0,1086.0,1080.0,1081.0,2500
2019-09-24,1082.0,1084.0,1080.0,1083.0,1500
2019-09-25,1084.0,1087.0,1083.0,1084.0,1200
2019-09-26,1087.0,1092.0,1087.0,1092.0,1100
2019-09-27,1090.0,1095.0,1085.0,1095.0,2500
2019-09-30,1097.0,1097.0,1095.0,1097.0,1700
2019-10-01,1099.0,1100.0,1098.0,1100.0,2000
2019-10-02,1109.0,1110.0,1103.0,1110.0,3000
2019-10-03,1109.0,1109.0,1095.0,1096.0,2500
2019-10-04,1100.0,1109.0,1100.0,1109.0,1100
2019-10-07,1102.0,1103.0,1102.0,1103.0,600
2019-10-08,1105.0,1126.0,1095.0,1096.0,7800
2019-10-09,1094.0,1094.0,1083.0,1086.0,2900
2019-10-10,1048.0,1080.0,1048.0,1068.0,12600
2019-10-11,1069.0,1085.0,1069.0,1076.0,1800
2019-10-15,1077.0,1084.0,1076.0,1084.0,1900
2019-10-16,1085.0,1093.0,1085.0,1086.0,1400
2019-10-17,1086.0,1090.0,1086.0,1089.0,2000
2019-10-18,1088.0,1096.0,1088.0,1091.0,1400
2019-10-21,1099.0,1100.0,1086.0,1092.0,2500
2019-10-23,1092.0,1095.0,1090.0,1090.0,1500
2019-10-24,1095.0,1095.0,1090.0,1092.0,2800
2019-10-25,1095.0,1096.0,1094.0,1096.0,700
2019-10-28,1100.0,1120.0,1100.0,1102.0,2400
2019-10-29,1107.0,1109.0,1100.0,1109.0,1800
2019-10-30,1110.0,1110.0,1103.0,1108.0,1900
2019-10-31,1110.0,1110.0,1105.0,1110.0,1000
2019-11-01,1111.0,1111.0,1103.0,1103.0,1200
2019-11-05,1110.0,1111.0,1098.0,1111.0,3200
2019-11-06,1110.0,1110.0,1105.0,1105.0,1700
2019-11-07,1101.0,1108.0,1101.0,1108.0,300
2019-11-08,1110.0,1111.0,1093.0,1099.0,9400
2019-11-11,1095.0,1108.0,1095.0,1106.0,1000
2019-11-12,1102.0,1109.0,1101.0,1103.0,1100
2019-11-13,1108.0,1108.0,1103.0,1105.0,800
2019-11-14,1106.0,1109.0,1102.0,1102.0,1700
2019-11-15,1103.0,1110.0,1103.0,1110.0,600
2019-11-18,1111.0,1111.0,1109.0,1111.0,2500
2019-11-19,1114.0,1119.0,1114.0,1116.0,2000
2019-11-20,1114.0,1119.0,1114.0,1116.0,2000
2019-11-21,1119.0,1119.0,1114.0,1114.0,700
2019-11-22,1119.0,1119.0,1114.0,1114.0,700
2019-11-25,1115.0,1117.0,1115.0,1117.0,1800
2019-11-26,1115.0,1122.0,1106.0,1113.0,5700
2019-11-27,1113.0,1122.0,1113.0,1117.0,2000
2019-11-28,1117.0,1121.0,1117.0,1118.0,500
2019-11-29,1117.0,1121.0,1117.0,1118.0,500
2019-12-02,1122.0,1122.0,1110.0,1114.0,4900
2019-12-03,1117.0,1119.0,1114.0,1116.0,3700
2019-12-04,1117.0,1119.0,1113.0,1117.0,1800
2019-12-05,1110.0,1116.0,1105.0,1115.0,4700
2019-12-06,1110.0,1115.0,1110.0,1113.0,900
2019-12-09,1113.0,1113.0,1110.0,1113.0,3800
2019-12-10,1118.0,1118.0,1111.0,1111.0,3200
2019-12-11,1111.0,1114.0,1111.0,1114.0,900
2019-12-12,1114.0,1115.0,1110.0,1113.0,5200
2019-12-13,1113.0,1117.0,1109.0,1113.0,3800
2019-12-16,1114.0,1117.0,1114.0,1117.0,1600
2019-12-17,1118.0,1119.0,1117.0,1118.0,2000
2019-12-18,1118.0,1123.0,1118.0,1123.0,3400
2019-12-19,1125.0,1127.0,1122.0,1127.0,3500
2019-12-20,1128.0,1131.0,1126.0,1126.0,3300
2019-12-23,1131.0,1131.0,1125.0,1129.0,1500
2019-12-24,1126.0,1132.0,1125.0,1127.0,3000
2019-12-25,1133.0,1133.0,1129.0,1129.0,2400
2019-12-26,1130.0,1134.0,1129.0,1131.0,3100
2019-12-27,1135.0,1140.0,1131.0,1139.0,4900
2019-12-30,1137.0,1146.0,1133.0,1146.0,4400
2020-01-06,1146.0,1155.0,1145.0,1155.0,6000
2020-01-07,1155.0,1165.0,1153.0,1165.0,3600
2020-01-08,1165.0,1170.0,1152.0,1170.0,8400
2020-01-09,1169.0,1169.0,1164.0,1168.0,3400
2020-01-10,1168.0,1169.0,1160.0,1162.0,4900
2020-01-14,1142.0,1142.0,1112.0,1122.0,26000
2020-01-15,1127.0,1127.0,1111.0,1119.0,10200
2020-01-16,1123.0,1123.0,1117.0,1121.0,2500
2020-01-17,1130.0,1130.0,1124.0,1129.0,3600
2020-01-20,1132.0,1144.0,1132.0,1139.0,6000
2020-01-21,1139.0,1143.0,1137.0,1142.0,4900
2020-01-22,1142.0,1144.0,1141.0,1144.0,3900
2020-01-23,1144.0,1144.0,1135.0,1137.0,3800
2020-01-24,1135.0,1142.0,1135.0,1137.0,3200
2020-01-27,1137.0,1137.0,1130.0,1131.0,3600
2020-01-28,1128.0,1131.0,1120.0,1127.0,5600
2020-01-29,1129.0,1132.0,1129.0,1130.0,2600
2020-01-30,1132.0,1132.0,1117.0,1117.0,4800
2020-01-31,1115.0,1121.0,1112.0,1120.0,6500
2020-02-03,1110.0,1113.0,1110.0,1111.0,5600
2020-02-04,1110.0,1119.0,1110.0,1116.0,3000
2020-02-05,1116.0,1129.0,1116.0,1127.0,3000
2020-02-06,1128.0,1131.0,1127.0,1130.0,3100
2020-02-07,1132.0,1133.0,1128.0,1133.0,2500
2020-02-10,1131.0,1135.0,1131.0,1133.0,2300
2020-02-12,1131.0,1133.0,1130.0,1131.0,2600
2020-02-13,1132.0,1133.0,1130.0,1131.0,4100
2020-02-14,1130.0,1132.0,1127.0,1127.0,4000
2020-02-17,1127.0,1128.0,1125.0,1128.0,3800
2020-02-18,1127.0,1128.0,1125.0,1128.0,3800
2020-02-19,1125.0,1132.0,1125.0,1132.0,2000
2020-02-20,1132.0,1133.0,1130.0,1130.0,2100
2020-02-21,1130.0,1132.0,1130.0,1132.0,5200
2020-02-25,1129.0,1130.0,1111.0,1129.0,11800
2020-02-26,1120.0,1133.0,1115.0,1133.0,10400
2020-02-27,1043.0,1068.0,1017.0,1017.0,18700
2020-02-28,1010.0,1010.0,991.0,1001.0,14100
2020-03-02,990.0,1027.0,990.0,1014.0,6300
2020-03-03,1023.0,1043.0,1017.0,1017.0,3400
2020-03-04,1004.0,1017.0,1000.0,1005.0,2700
2020-03-05,1010.0,1016.0,1010.0,1013.0,1500
2020-03-06,1012.0,1016.0,1005.0,1005.0,2000
2020-03-09,1000.0,1001.0,989.0,991.0,8800
2020-03-10,956.0,988.0,945.0,988.0,10300
2020-03-11,998.0,1000.0,975.0,986.0,2400
2020-03-12,981.0,981.0,951.0,966.0,4500
2020-03-13,950.0,950.0,900.0,904.0,8700
2020-03-16,904.0,949.0,904.0,911.0,5400
2020-03-17,901.0,915.0,900.0,910.0,5700
2020-03-18,940.0,989.0,932.0,985.0,2600
2020-03-19,940.0,955.0,939.0,939.0,2100
2020-03-23,945.0,949.0,935.0,935.0,1200
2020-03-24,950.0,964.0,945.0,964.0,1400
2020-03-25,965.0,980.0,965.0,976.0,1800
2020-03-26,976.0,976.0,965.0,965.0,1300
2020-03-27,973.0,973.0,960.0,963.0,2700
2020-03-30,950.0,952.0,930.0,930.0,4600
2020-03-31,962.0,962.0,938.0,938.0,500
2020-04-01,930.0,959.0,927.0,927.0,1300
2020-04-02,942.0,944.0,911.0,911.0,3000
2020-04-03,938.0,938.0,910.0,911.0,1700
2020-04-06,900.0,901.0,880.0,898.0,9500
2020-04-07,910.0,916.0,902.0,902.0,1600
2020-04-08,902.0,926.0,902.0,917.0,1500
2020-04-09,929.0,940.0,929.0,940.0,1000
2020-04-10,940.0,943.0,940.0,940.0,800
2020-04-13,940.0,940.0,936.0,936.0,700
2020-04-14,937.0,944.0,937.0,940.0,2500
2020-04-15,940.0,945.0,940.0,945.0,1400
2020-04-16,945.0,947.0,945.0,947.0,300
2020-04-17,947.0,950.0,940.0,940.0,2300
2020-04-20,940.0,943.0,935.0,935.0,700
2020-04-21,935.0,935.0,930.0,933.0,900
2020-04-22,930.0,931.0,927.0,927.0,700
2020-04-23,927.0,927.0,927.0,927.0,200
2020-04-24,923.0,923.0,918.0,920.0,600
2020-04-27,925.0,930.0,923.0,928.0,900
2020-04-28,929.0,936.0,929.0,936.0,700
2020-04-30,949.0,950.0,937.0,945.0,1500
2020-05-01,940.0,978.0,921.0,921.0,10800
2020-05-07,926.0,930.0,920.0,921.0,2300
2020-05-08,921.0,934.0,921.0,934.0,1500
2020-05-11,939.0,961.0,939.0,961.0,1900
2020-05-12,986.0,986.0,970.0,975.0,1100
2020-05-13,976.0,976.0,969.0,975.0,1000
2020-05-14,975.0,975.0,975.0,975.0,0
2020-05-15,975.0,980.0,975.0,978.0,1800
2020-05-18,988.0,989.0,978.0,989.0,1400
2020-05-19,980.0,985.0,980.0,981.0,500
2020-05-20,985.0,990.0,980.0,990.0,1300
2020-05-21,990.0,990.0,980.0,980.0,2400
2020-05-22,980.0,990.0,980.0,989.0,1100
2020-05-25,990.0,1000.0,989.0,1000.0,4500
2020-05-26,1004.0,1012.0,1002.0,1006.0,1600
2020-05-27,1040.0,1041.0,1013.0,1034.0,2600
2020-05-28,1040.0,1040.0,1027.0,1038.0,1600
2020-05-29,1038.0,1040.0,1035.0,1040.0,1100
2020-06-01,1045.0,1051.0,1041.0,1051.0,2400
2020-06-02,1051.0,1060.0,1051.0,1051.0,2700
2020-06-03,1051.0,1055.0,1051.0,1053.0,800
2020-06-04,1051.0,1051.0,1051.0,1051.0,400
2020-06-05,1051.0,1054.0,1047.0,1051.0,2200
2020-06-08,1080.0,1080.0,1035.0,1037.0,3000
2020-06-09,1044.0,1044.0,1040.0,1040.0,500
2020-06-10,1040.0,1048.0,1039.0,1039.0,1800
2020-06-11,1039.0,1045.0,1038.0,1038.0,800
2020-06-12,1031.0,1032.0,1022.0,1031.0,1700
2020-06-15,1031.0,1042.0,1031.0,1042.0,2000
2020-06-16,1045.0,1050.0,1045.0,1050.0,3200
2020-06-17,1050.0,1054.0,1050.0,1051.0,5500
2020-06-18,1063.0,1064.0,1058.0,1058.0,1200
2020-06-19,1051.0,1057.0,1050.0,1050.0,400
2020-06-22,1050.0,1050.0,1041.0,1049.0,1600
2020-06-23,1049.0,1056.0,1041.0,1056.0,400
2020-06-24,1050.0,1056.0,1040.0,1055.0,600
2020-06-25,1055.0,1058.0,1041.0,1057.0,1500
2020-06-26,1060.0,1064.0,1045.0,1057.0,1200
2020-06-29,1041.0,1057.0,1033.0,1056.0,1000
2020-06-30,1058.0,1058.0,1044.0,1050.0,500
2020-07-01,1056.0,1057.0,1048.0,1049.0,700
2020-07-02,1049.0,1049.0,1049.0,1049.0,100
2020-07-03,1046.0,1050.0,1045.0,1045.0,600
2020-07-06,1045.0,1045.0,1039.0,1039.0,700
2020-07-07,1032.0,1039.0,1032.0,1035.0,400
2020-07-08,1027.0,1035.0,1027.0,1035.0,1100
2020-07-09,1038.0,1038.0,1035.0,1035.0,500
2020-07-10,1035.0,1041.0,1035.0,1035.0,1100
2020-07-13,1040.0,1040.0,1035.0,1035.0,600
2020-07-14,1035.0,1038.0,1031.0,1032.0,700
2020-07-15,1032.0,1038.0,1032.0,1035.0,700
2020-07-16,1035.0,1035.0,1035.0,1035.0,200
2020-07-17,1035.0,1038.0,1035.0,1036.0,1000
2020-07-20,1038.0,1038.0,1025.0,1032.0,2100
2020-07-21,1025.0,1027.0,1025.0,1027.0,200
2020-07-22,1015.0,1019.0,1006.0,1006.0,1500
2020-07-27,1020.0,1020.0,1020.0,1020.0,700
2020-07-28,1020.0,1021.0,1010.0,1010.0,1200
2020-07-29,1001.0,1009.0,1000.0,1000.0,1800
2020-07-30,1000.0,1002.0,999.0,1002.0,1500
2020-07-31,999.0,1000.0,995.0,995.0,1200
2020-08-03,999.0,999.0,986.0,999.0,1300
2020-08-04,999.0,1033.0,999.0,1010.0,1900
2020-08-05,1005.0,1005.0,991.0,998.0,1000
2020-08-06,998.0,1000.0,996.0,1000.0,1200
2020-08-07,1000.0,1008.0,1000.0,1008.0,600
2020-08-11,999.0,1016.0,999.0,1016.0,1000
2020-08-12,1001.0,1010.0,1001.0,1003.0,300
2020-08-13,1005.0,1005.0,1003.0,1003.0,900
2020-08-14,1006.0,1007.0,1005.0,1007.0,700
2020-08-17,1007.0,1008.0,1007.0,1007.0,1500
2020-08-18,1007.0,1007.0,1006.0,1006.0,800
2020-08-19,1007.0,1019.0,1001.0,1006.0,1700
2020-08-20,1006.0,1006.0,1006.0,1006.0,100
2020-08-21,1007.0,1014.0,1006.0,1006.0,800
2020-08-24,1006.0,1006.0,1004.0,1006.0,600
2020-08-25,1010.0,1010.0,1006.0,1006.0,200
2020-08-26,1008.0,1008.0,1008.0,1008.0,300
2020-08-27,1012.0,1015.0,1010.0,1015.0,1000
2020-08-28,1014.0,1019.0,1010.0,1010.0,700
2020-08-31,1018.0,1018.0,1001.0,1005.0,1200
2020-09-01,1013.0,1014.0,1013.0,1014.0,300
2020-09-02,1004.0,1008.0,1003.0,1003.0,400
2020-09-03,1003.0,1006.0,1003.0,1003.0,400
2020-09-04,1005.0,1005.0,1004.0,1004.0,200
2020-09-07,1001.0,1004.0,1001.0,1001.0,900
2020-09-08,1002.0,1009.0,1001.0,1008.0,1100
2020-09-09,1003.0,1010.0,1003.0,1003.0,400
2020-09-10,1002.0,1014.0,1002.0,1010.0,2000
2020-09-11,1007.0,1013.0,1005.0,1011.0,1000
2020-09-14,1003.0,1013.0,1003.0,1013.0,900
2020-09-15,1013.0,1013.0,1009.0,1010.0,1500
2020-09-16,1014.0,1014.0,1009.0,1014.0,800
2020-09-17,1013.0,1013.0,1007.0,1008.0,400
2020-09-18,1008.0,1012.0,1008.0,1008.0,500
2020-09-23,1008.0,1008.0,1006.0,1006.0,700
2020-09-24,1014.0,1014.0,1005.0,1010.0,1000
2020-09-25,1010.0,1012.0,1010.0,1011.0,1200
2020-09-28,1017.0,1020.0,1007.0,1011.0,1700
2020-09-29,1011.0,1014.0,1009.0,1014.0,600
2020-09-30,1020.0,1020.0,1011.0,1013.0,1300
2020-10-02,1012.0,1018.0,1010.0,1010.0,1800
2020-10-05,1008.0,1014.0,1008.0,1013.0,600
2020-10-06,1014.0,1014.0,1007.0,1007.0,2100
2020-10-07,1007.0,1015.0,1007.0,1015.0,1000
2020-10-08,1011.0,1017.0,1011.0,1016.0,400
2020-10-09,1015.0,1025.0,1010.0,1010.0,4900
2020-10-12,1011.0,1020.0,1011.0,1019.0,1600
2020-10-13,1019.0,1019.0,1010.0,1012.0,1700
2020-10-14,1011.0,1026.0,1010.0,1018.0,5500
2020-10-15,1018.0,1022.0,1010.0,1010.0,1900
2020-10-16,1020.0,1020.0,1009.0,1009.0,800
2020-10-19,1018.0,1096.0,1000.0,1003.0,24200
2020-10-20,1002.0,1040.0,1002.0,1030.0,4900
2020-10-21,1035.0,1050.0,1027.0,1027.0,3300
2020-10-22,1020.0,1021.0,1007.0,1011.0,3000
2020-10-23,1012.0,1015.0,1010.0,1010.0,1000
2020-10-26,1010.0,1010.0,1010.0,1010.0,800
2020-10-27,1011.0,1016.0,1010.0,1012.0,1000
2020-10-28,1015.0,1015.0,1008.0,1008.0,1400
2020-10-29,1008.0,1020.0,1008.0,1013.0,1700
2020-10-30,1014.0,1014.0,1005.0,1009.0,500
2020-11-02,1005.0,1015.0,1005.0,1007.0,1000
2020-11-04,1011.0,1013.0,1011.0,1013.0,1100
2020-11-05,1014.0,1015.0,1013.0,1013.0,1400
2020-11-06,1011.0,1015.0,1010.0,1015.0,1500
2020-11-09,1015.0,1019.0,1011.0,1011.0,3500
2020-11-10,1013.0,1013.0,1010.0,1010.0,1400
2020-11-11,1012.0,1018.0,1012.0,1015.0,2200
2020-11-12,1015.0,1016.0,1013.0,1013.0,2000
2020-11-13,1015.0,1015.0,1014.0,1014.0,1100
2020-11-16,1014.0,1015.0,1012.0,1015.0,3300
2020-11-17,1015.0,1015.0,1012.0,1012.0,1000
2020-11-18,1013.0,1015.0,1011.0,1015.0,1400
2020-11-19,1014.0,1015.0,1011.0,1011.0,700
2020-11-20,1012.0,1013.0,1012.0,1012.0,1000
2020-11-24,1012.0,1021.0,1012.0,1013.0,3100
2020-11-25,1013.0,1017.0,1013.0,1014.0,2300
2020-11-26,1013.0,1015.0,1010.0,1010.0,4000
2020-11-27,1010.0,1017.0,1010.0,1011.0,1600
2020-11-30,1011.0,1017.0,1011.0,1013.0,2000
2020-12-01,1015.0,1016.0,1015.0,1016.0,1200
2020-12-02,1014.0,1020.0,1014.0,1020.0,1800
2020-12-03,1020.0,1025.0,1015.0,1025.0,3000
2020-12-04,1030.0,1030.0,1020.0,1025.0,1600
2020-12-07,1024.0,1024.0,1024.0,1024.0,400
2020-12-08,1017.0,1022.0,1017.0,1022.0,300
2020-12-09,1020.0,1022.0,1018.0,1022.0,1100
2020-12-10,1020.0,1020.0,1019.0,1019.0,1000
2020-12-11,1020.0,1024.0,1019.0,1019.0,700
2020-12-14,1019.0,1030.0,1019.0,1026.0,1300
2020-12-15,1029.0,1048.0,1029.0,1047.0,5600
2020-12-16,1047.0,1080.0,1044.0,1068.0,8700
2020-12-17,1070.0,1086.0,1064.0,1071.0,3600
2020-12-18,1062.0,1065.0,1057.0,1060.0,4600
2020-12-21,1052.0,1085.0,1052.0,1085.0,4200
2020-12-22,1085.0,1151.0,1084.0,1133.0,18600
2020-12-23,1122.0,1200.0,1114.0,1195.0,34500
2020-12-24,1200.0,1269.0,1200.0,1251.0,43500
2020-12-25,1237.0,1251.0,1214.0,1216.0,17000
2020-12-28,1216.0,1251.0,1212.0,1251.0,14600
2020-12-29,1250.0,1250.0,1200.0,1247.0,13000
2020-12-30,1247.0,1247.0,1221.0,1246.0,5400
2021-01-04,1229.0,1229.0,1125.0,1144.0,29500
2021-01-05,1126.0,1144.0,1071.0,1123.0,6600
2021-01-06,1123.0,1140.0,1115.0,1140.0,1500
2021-01-07,1140.0,1140.0,1118.0,1118.0,1900
2021-01-08,1132.0,1140.0,1101.0,1101.0,2600
2021-01-12,1119.0,1119.0,1091.0,1091.0,3600
2021-01-13,1090.0,1096.0,1090.0,1091.0,1300
2021-01-14,1091.0,1092.0,1050.0,1062.0,7500
2021-01-15,1062.0,1098.0,1062.0,1086.0,4700
2021-01-18,1070.0,1089.0,1070.0,1079.0,2200
2021-01-19,1071.0,1085.0,1071.0,1080.0,1700
2021-01-20,1082.0,1087.0,1070.0,1070.0,3000
2021-01-21,1066.0,1079.0,1066.0,1070.0,1100
2021-01-22,1066.0,1078.0,1050.0,1055.0,7600
2021-01-25,1076.0,1076.0,1052.0,1070.0,3400
2021-01-26,1068.0,1068.0,1055.0,1055.0,2700
2021-01-27,1054.0,1054.0,1041.0,1050.0,6600
2021-01-28,1060.0,1064.0,1057.0,1064.0,1900
2021-01-29,1070.0,1073.0,1060.0,1060.0,1800
2021-02-01,1060.0,1064.0,1050.0,1059.0,3100
2021-02-02,1057.0,1070.0,1057.0,1057.0,1900
2021-02-03,1066.0,1070.0,1065.0,1069.0,1000
2021-02-04,1065.0,1070.0,1064.0,1064.0,2300
2021-02-05,1064.0,1070.0,1064.0,1068.0,2200
2021-02-08,1067.0,1073.0,1067.0,1073.0,2900
2021-02-09,1077.0,1090.0,1076.0,1085.0,3300
2021-02-10,1098.0,1102.0,1095.0,1095.0,4100
2021-02-12,1110.0,1114.0,1097.0,1114.0,2600
2021-02-15,1119.0,1119.0,1103.0,1103.0,4600
2021-02-16,1103.0,1107.0,1101.0,1102.0,1700
2021-02-17,1100.0,1100.0,1080.0,1086.0,2200
2021-02-18,1097.0,1097.0,1084.0,1090.0,2900
2021-02-19,1092.0,1099.0,1086.0,1099.0,2100
2021-02-22,1099.0,1102.0,1090.0,1098.0,3600
2021-02-24,1071.0,1110.0,1071.0,1089.0,11500
2021-02-25,1044.0,1050.0,1014.0,1035.0,7700
2021-02-26,1035.0,1041.0,1032.0,1036.0,1900
2021-03-01,1031.0,1034.0,997.0,998.0,20700
2021-03-02,1000.0,1017.0,995.0,996.0,10300
2021-03-03,996.0,999.0,980.0,987.0,25700
2021-03-04,987.0,998.0,987.0,998.0,6000
2021-03-05,1000.0,1000.0,997.0,1000.0,3800
2021-03-08,1001.0,1020.0,1001.0,1003.0,2300
2021-03-09,1014.0,1014.0,1003.0,1003.0,1100
2021-03-10,1017.0,1017.0,1005.0,1009.0,900
2021-03-11,1010.0,1010.0,1007.0,1007.0,1200
2021-03-12,1007.0,1012.0,1005.0,1005.0,1800
2021-03-15,1006.0,1011.0,1006.0,1006.0,1400
2021-03-16,1007.0,1010.0,1007.0,1008.0,1200
2021-03-17,1009.0,1011.0,1009.0,1010.0,1100
2021-03-18,1037.0,1037.0,1016.0,1033.0,2400
2021-03-19,1033.0,1033.0,1014.0,1018.0,2500
2021-03-22,1018.0,1018.0,1010.0,1011.0,1700
2021-03-23,1012.0,1014.0,1010.0,1014.0,1500
2021-03-24,1011.0,1015.0,1009.0,1009.0,2000
2021-03-25,1018.0,1018.0,1011.0,1011.0,300
2021-03-26,1018.0,1018.0,1012.0,1017.0,600
2021-03-29,1024.0,1024.0,1009.0,1014.0,1800
2021-03-30,1017.0,1017.0,1010.0,1012.0,400
2021-03-31,1011.0,1015.0,1008.0,1008.0,1500
2021-04-01,1011.0,1011.0,1003.0,1003.0,3000
2021-04-02,1015.0,1015.0,1000.0,1006.0,1600
2021-04-05,1032.0,1032.0,1000.0,1011.0,4100
2021-04-06,1021.0,1021.0,1011.0,1018.0,1100
2021-04-07,1018.0,1018.0,1012.0,1018.0,400
2021-04-08,1018.0,1018.0,1015.0,1015.0,300
2021-04-09,1020.0,1050.0,1012.0,1013.0,9800
2021-04-12,1013.0,1016.0,1013.0,1016.0,1400
2021-04-13,1023.0,1027.0,1020.0,1027.0,1000
2021-04-14,1013.0,1021.0,1013.0,1014.0,2500
2021-04-15,1015.0,1025.0,1014.0,1024.0,1400
2021-04-16,1024.0,1025.0,1021.0,1021.0,1400
2021-04-19,1020.0,1065.0,1000.0,1000.0,11500
2021-04-20,1004.0,1007.0,1004.0,1006.0,800
2021-04-21,1006.0,1006.0,1003.0,1005.0,500
2021-04-22,1006.0,1010.0,1003.0,1004.0,1000
2021-04-23,1004.0,1005.0,1002.0,1005.0,400
2021-04-26,1008.0,1008.0,1005.0,1005.0,700
2021-04-27,1022.0,1022.0,1017.0,1017.0,500
2021-04-28,1017.0,1018.0,1007.0,1017.0,700
2021-04-30,1017.0,1020.0,1016.0,1020.0,1000
2021-05-06,1020.0,1020.0,1012.0,1018.0,800
2021-05-07,1014.0,1019.0,1011.0,1011.0,800
2021-05-10,1021.0,1021.0,1015.0,1015.0,1000
2021-05-11,1015.0,1021.0,1015.0,1016.0,900
2021-05-12,1023.0,1023.0,1017.0,1017.0,500
2021-05-13,1017.0,1023.0,1015.0,1021.0,2000
2021-05-14,1020.0,1022.0,1019.0,1022.0,400
2021-05-17,1022.0,1024.0,1015.0,1015.0,2800
2021-05-18,1022.0,1022.0,1014.0,1020.0,1500
2021-05-19,1020.0,1022.0,1020.0,1021.0,900
2021-05-20,1017.0,1020.0,1009.0,1017.0,4400
2021-05-21,1017.0,1020.0,1014.0,1014.0,400
2021-05-24,1013.0,1013.0,1013.0,1013.0,200
2021-05-25,1013.0,1016.0,1013.0,1016.0,1400
2021-05-26,1016.0,1016.0,1011.0,1011.0,300
2021-05-27,1012.0,1016.0,1012.0,1016.0,600
2021-05-28,1014.0,1019.0,1014.0,1019.0,600
2021-05-31,1019.0,1028.0,1019.0,1023.0,2300
2021-06-01,1039.0,1039.0,1022.0,1030.0,1600
2021-06-02,1030.0,1030.0,1019.0,1019.0,1100
2021-06-03,1019.0,1027.0,1018.0,1022.0,1300
2021-06-04,1027.0,1027.0,1020.0,1020.0,1200
2021-06-07,1020.0,1040.0,1020.0,1039.0,4800
2021-06-08,1024.0,1038.0,1023.0,1038.0,1400
2021-06-09,1029.0,1029.0,1021.0,1027.0,1200
2021-06-10,1024.0,1034.0,1023.0,1028.0,1400
2021-06-11,1028.0,1036.0,1025.0,1026.0,700
2021-06-14,1036.0,1036.0,1029.0,1029.0,1400
2021-06-15,1029.0,1032.0,1028.0,1032.0,5200
2021-06-16,1028.0,1034.0,1026.0,1026.0,700
2021-06-17,1025.0,1030.0,1025.0,1029.0,400
2021-06-18,1029.0,1030.0,1020.0,1026.0,2100
2021-06-21,1026.0,1028.0,1025.0,1028.0,1400
2021-06-22,1028.0,1029.0,1028.0,1029.0,300
2021-06-23,1026.0,1029.0,1026.0,1029.0,300
2021-06-24,1025.0,1028.0,1025.0,1025.0,1000
2021-06-25,1025.0,1027.0,1025.0,1027.0,200
2021-06-28,1027.0,1027.0,1025.0,1025.0,1100
2021-06-29,1029.0,1030.0,1029.0,1030.0,500
2021-06-30,1030.0,1031.0,1030.0,1031.0,600
2021-07-01,1031.0,1031.0,1031.0,1031.0,200
2021-07-02,1032.0,1034.0,1026.0,1026.0,2200
2021-07-05,1028.0,1032.0,1028.0,1030.0,800
2021-07-06,1030.0,1030.0,1030.0,1030.0,300
2021-07-07,1034.0,1034.0,1028.0,1028.0,1100
2021-07-08,1032.0,1032.0,1026.0,1026.0,500
2021-07-09,1026.0,1033.0,1025.0,1033.0,600
2021-07-12,1026.0,1027.0,1026.0,1027.0,400
2021-07-13,1027.0,1033.0,1027.0,1033.0,300
2021-07-14,1027.0,1030.0,1027.0,1030.0,300
2021-07-15,1033.0,1033.0,1030.0,1030.0,800
2021-07-16,1030.0,1035.0,1030.0,1030.0,1600
2021-07-19,1030.0,1039.0,1030.0,1038.0,800
2021-07-20,1034.0,1039.0,1034.0,1036.0,500
2021-07-21,1036.0,1036.0,1032.0,1032.0,200
2021-07-26,1034.0,1040.0,1032.0,1032.0,800
2021-07-27,1039.0,1040.0,1035.0,1035.0,700
2021-07-28,1046.0,1046.0,1036.0,1036.0,700
2021-07-29,1045.0,1045.0,1036.0,1036.0,500
2021-07-30,1036.0,1036.0,1035.0,1035.0,200
2021-08-02,1035.0,1035.0,1032.0,1032.0,300
2021-08-03,1032.0,1032.0,1029.0,1029.0,600
2021-08-04,1029.0,1037.0,1029.0,1037.0,500
2021-08-05,1036.0,1036.0,1029.0,1030.0,400
2021-08-06,1030.0,1030.0,1028.0,1028.0,1100
2021-08-10,1030.0,1031.0,1030.0,1031.0,600
2021-08-11,1034.0,1035.0,1034.0,1035.0,500
2021-08-12,1032.0,1039.0,1032.0,1032.0,400
2021-08-13,1032.0,1032.0,1032.0,1032.0,200
2021-08-16,1032.0,1032.0,1032.0,1032.0,200
2021-08-17,1034.0,1034.0,1033.0,1033.0,600
2021-08-18,1040.0,1040.0,1034.0,1034.0,600
2021-08-19,1044.0,1044.0,1040.0,1041.0,1700
2021-08-20,1042.0,1042.0,1032.0,1032.0,900
2021-08-23,1034.0,1038.0,1034.0,1038.0,800
2021-08-24,1033.0,1035.0,1033.0,1035.0,300
2021-08-25,1035.0,1039.0,1035.0,1039.0,300
2021-08-26,1039.0,1039.0,1039.0,1039.0,500
2021-08-27,1040.0,1040.0,1034.0,1034.0,1000
2021-08-30,1034.0,1035.0,1034.0,1034.0,2400
2021-08-31,1036.0,1037.0,1036.0,1037.0,2000
2021-09-01,1043.0,1043.0,1035.0,1043.0,1600
2021-09-02,1042.0,1042.0,1028.0,1028.0,4300
2021-09-03,1028.0,1031.0,1027.0,1030.0,2500
2021-09-06,1038.0,1038.0,1030.0,1030.0,1400
2021-09-07,1034.0,1037.0,1028.0,1037.0,900
2021-09-08,1034.0,1035.0,1032.0,1032.0,600
2021-09-09,1031.0,1035.0,1031.0,1031.0,600
2021-09-10,1032.0,1035.0,1030.0,1035.0,1700
2021-09-13,1030.0,1031.0,1029.0,1031.0,1200
2021-09-14,1031.0,1037.0,1029.0,1037.0,800
2021-09-15,1037.0,1042.0,1034.0,1034.0,2400
2021-09-16,1032.0,1041.0,1031.0,1041.0,1800
2021-09-17,1032.0,1035.0,1032.0,1033.0,700
2021-09-21,1033.0,1034.0,1030.0,1030.0,800
2021-09-22,1030.0,1031.0,1030.0,1031.0,600
2021-09-24,1032.0,1032.0,1031.0,1031.0,500
2021-09-27,1040.0,1040.0,1032.0,1034.0,1400
2021-09-28,1034.0,1039.0,1034.0,1034.0,1400
2021-09-29,1040.0,1041.0,1040.0,1040.0,1000
2021-09-30,1044.0,1045.0,1042.0,1044.0,800
2021-10-01,1045.0,1045.0,1045.0,1045.0,1100
2021-10-04,1049.0,1054.0,1046.0,1050.0,4200
2021-10-05,1055.0,1055.0,1047.0,1047.0,1400
2021-10-06,1070.0,1076.0,1052.0,1054.0,3300
2021-10-07,1084.0,1084.0,1056.0,1064.0,2500
2021-10-08,1064.0,1064.0,1050.0,1050.0,1900
2021-10-11,1052.0,1053.0,1052.0,1052.0,1100
2021-10-12,1041.0,1058.0,1040.0,1043.0,1100
2021-10-13,1042.0,1050.0,1040.0,1050.0,1100
2021-10-14,1042.0,1045.0,1042.0,1042.0,600
2021-10-15,1043.0,1047.0,1043.0,1044.0,1800
2021-10-18,1045.0,1058.0,1045.0,1058.0,2700
2021-10-19,1072.0,1072.0,1060.0,1068.0,1100
2021-10-20,1077.0,1077.0,1062.0,1062.0,1600
2021-10-21,1054.0,1062.0,1054.0,1062.0,600
2021-10-22,1062.0,1062.0,1052.0,1060.0,400
2021-10-25,1062.0,1062.0,1055.0,1055.0,700
2021-10-26,1069.0,1070.0,1056.0,1056.0,1000
2021-10-27,1067.0,1067.0,1057.0,1058.0,400
2021-10-28,1060.0,1070.0,1060.0,1070.0,1400
2021-10-29,1070.0,1076.0,1062.0,1074.0,2900
2021-11-01,1080.0,1085.0,1070.0,1070.0,1800
2021-11-02,1077.0,1077.0,1060.0,1060.0,900
2021-11-04,1066.0,1076.0,1063.0,1076.0,700
2021-11-05,1076.0,1096.0,1071.0,1071.0,5500
2021-11-08,1071.0,1075.0,1070.0,1070.0,600
2021-11-09,1066.0,1066.0,1001.0,1041.0,6600
2021-11-10,1047.0,1059.0,1047.0,1057.0,1300
2021-11-11,1057.0,1086.0,1056.0,1086.0,2300
2021-11-12,1080.0,1080.0,1048.0,1048.0,800
2021-11-15,1054.0,1079.0,1054.0,1079.0,1200
2021-11-16,1080.0,1080.0,1065.0,1065.0,1500
2021-11-17,1065.0,1072.0,1065.0,1072.0,400
2021-11-18,1066.0,1078.0,1064.0,1078.0,1700
2021-11-19,1073.0,1073.0,1063.0,1063.0,900
2021-11-22,1062.0,1065.0,1062.0,1065.0,700
2021-11-24,1061.0,1061.0,1060.0,1060.0,500
2021-11-25,1063.0,1063.0,1060.0,1060.0,600
2021-11-26,1060.0,1062.0,1050.0,1061.0,3300
2021-11-29,1069.0,1069.0,1053.0,1053.0,1300
2021-11-30,1053.0,1060.0,1052.0,1052.0,800
2021-12-01,1051.0,1053.0,1045.0,1048.0,2500
2021-12-02,1050.0,1050.0,1044.0,1044.0,400
2021-12-03,1051.0,1054.0,1050.0,1054.0,900
2021-12-06,1069.0,1069.0,1054.0,1064.0,900
2021-12-07,1053.0,1061.0,1053.0,1061.0,800
2021-12-08,1065.0,1065.0,1050.0,1061.0,1400
2021-12-09,1061.0,1062.0,1053.0,1053.0,500
2021-12-10,1051.0,1055.0,1050.0,1050.0,900
2021-12-13,1068.0,1068.0,1050.0,1055.0,3700
2021-12-14,1053.0,1055.0,1051.0,1055.0,1200
2021-12-15,1059.0,1059.0,1050.0,1050.0,2700
2021-12-16,1055.0,1055.0,1050.0,1050.0,200
2021-12-17,1053.0,1053.0,1053.0,1053.0,100
2021-12-20,1057.0,1057.0,1050.0,1051.0,2300
2021-12-21,1056.0,1056.0,1049.0,1049.0,1100
2021-12-22,1047.0,1049.0,1045.0,1048.0,1000
2021-12-23,1050.0,1050.0,1048.0,1048.0,900
2021-12-24,1048.0,1048.0,1043.0,1043.0,2000
2021-12-27,1043.0,1043.0,1039.0,1040.0,2300
2021-12-28,1041.0,1041.0,1036.0,1036.0,1900
2021-12-29,1036.0,1042.0,1036.0,1042.0,600
2021-12-30,1036.0,1048.0,1036.0,1048.0,700
2022-01-04,1050.0,1060.0,1050.0,1051.0,1100
2022-01-05,1051.0,1051.0,1050.0,1050.0,800
2022-01-06,1050.0,1053.0,1050.0,1053.0,400
2022-01-07,1053.0,1069.0,1049.0,1065.0,4500
2022-01-11,1094.0,1094.0,1050.0,1055.0,6500
2022-01-12,1055.0,1060.0,1054.0,1060.0,1100
2022-01-13,1060.0,1060.0,1058.0,1060.0,800
2022-01-14,1070.0,1070.0,1060.0,1060.0,500
2022-01-17,1060.0,1063.0,1060.0,1063.0,700
2022-01-18,1065.0,1068.0,1065.0,1068.0,900
2022-01-19,1070.0,1075.0,1068.0,1074.0,3700
2022-01-20,1083.0,1083.0,1070.0,1078.0,700
2022-01-21,1080.0,1080.0,1070.0,1078.0,1000
2022-01-24,1078.0,1078.0,1078.0,1078.0,400
2022-01-25,1078.0,1078.0,1068.0,1068.0,2800
2022-01-26,1078.0,1078.0,1065.0,1065.0,1600
2022-01-27,1075.0,1075.0,1050.0,1050.0,3000
2022-01-28,1067.0,1067.0,1050.0,1052.0,1500
2022-01-31,1076.0,1076.0,1067.0,1067.0,1400
2022-02-01,1075.0,1080.0,1060.0,1065.0,2000
2022-02-02,1078.0,1078.0,1063.0,1071.0,800
2022-02-03,1071.0,1072.0,1066.0,1072.0,600
2022-02-04,1067.0,1069.0,1067.0,1069.0,500
2022-02-07,1074.0,1074.0,1070.0,1070.0,1300
2022-02-08,1070.0,1074.0,1070.0,1074.0,800
2022-02-09,1073.0,1073.0,1070.0,1070.0,400
2022-02-10,1070.0,1073.0,1070.0,1073.0,400
2022-02-14,1074.0,1074.0,1070.0,1074.0,900
2022-02-15,1074.0,1074.0,1070.0,1074.0,3400
2022-02-16,1073.0,1074.0,1065.0,1074.0,2100
2022-02-17,1074.0,1074.0,1066.0,1070.0,1300
2022-02-18,1061.0,1073.0,1061.0,1070.0,800
2022-02-21,1070.0,1070.0,1055.0,1055.0,3300
2022-02-22,1059.0,1066.0,1053.0,1060.0,2900
2022-02-24,1050.0,1070.0,1050.0,1070.0,8900
2022-02-25,990.0,1040.0,990.0,1025.0,6400
2022-02-28,1022.0,1025.0,1018.0,1018.0,5600
2022-03-01,1026.0,1030.0,1026.0,1030.0,1200
2022-03-02,1021.0,1027.0,1015.0,1015.0,2200
2022-03-03,1027.0,1027.0,1008.0,1008.0,2000
2022-03-04,1011.0,1022.0,1008.0,1008.0,1200
2022-03-07,1016.0,1016.0,1005.0,1009.0,1400
2022-03-08,1006.0,1021.0,1006.0,1007.0,900
2022-03-09,1007.0,1009.0,996.0,996.0,9300
2022-03-10,1001.0,1011.0,1001.0,1007.0,1100
2022-03-11,1000.0,1011.0,999.0,1007.0,1200
2022-03-14,1001.0,1009.0,1001.0,1002.0,600
2022-03-15,1003.0,1008.0,1003.0,1008.0,400
2022-03-16,1008.0,1014.0,1008.0,1011.0,700
2022-03-17,1011.0,1013.0,1011.0,1011.0,2100
2022-03-18,1017.0,1017.0,1014.0,1015.0,700
2022-03-22,1019.0,1019.0,1016.0,1016.0,700
2022-03-23,1016.0,1020.0,1016.0,1020.0,1100
2022-03-24,1020.0,1020.0,1019.0,1019.0,400
2022-03-25,1020.0,1020.0,1014.0,1019.0,1400
2022-03-28,1021.0,1021.0,1019.0,1020.0,600
2022-03-29,1023.0,1023.0,1015.0,1015.0,2500
2022-03-30,1020.0,1020.0,1016.0,1017.0,600
2022-03-31,1017.0,1017.0,1017.0,1017.0,0
2022-04-01,1016.0,1022.0,1016.0,1022.0,500
2022-04-04,1022.0,1024.0,1022.0,1024.0,400
2022-04-05,1025.0,1027.0,1021.0,1027.0,2600
2022-04-06,1027.0,1034.0,1024.0,1034.0,1300
2022-04-07,1034.0,1034.0,1028.0,1033.0,500
2022-04-08,1035.0,1035.0,1030.0,1030.0,700
2022-04-11,1031.0,1063.0,1031.0,1046.0,14000
2022-04-12,1055.0,1055.0,1005.0,1040.0,5500
2022-04-13,1039.0,1039.0,1030.0,1034.0,500
2022-04-14,1034.0,1035.0,1030.0,1032.0,1000
2022-04-15,1032.0,1035.0,1032.0,1032.0,1900
2022-04-18,1031.0,1031.0,1030.0,1030.0,500
2022-04-19,1015.0,1020.0,1010.0,1012.0,3000
2022-04-20,1011.0,1025.0,1011.0,1025.0,900
2022-04-21,1023.0,1027.0,1022.0,1027.0,700
2022-04-22,1020.0,1030.0,1020.0,1030.0,600
2022-04-25,1030.0,1032.0,1029.0,1032.0,1100
2022-04-26,1028.0,1032.0,1028.0,1032.0,700
2022-04-27,1033.0,1033.0,1033.0,1033.0,700
2022-04-28,1023.0,1033.0,1023.0,1028.0,500
2022-05-02,1031.0,1035.0,1031.0,1035.0,1300
2022-05-06,1035.0,1037.0,1030.0,1037.0,1300
2022-05-09,1031.0,1033.0,1031.0,1033.0,200
2022-05-10,1035.0,1040.0,1035.0,1040.0,600
2022-05-11,1040.0,1041.0,1035.0,1041.0,800
2022-05-12,1042.0,1044.0,1038.0,1044.0,800
2022-05-13,1036.0,1040.0,1035.0,1040.0,400
2022-05-16,1040.0,1040.0,1038.0,1038.0,1500
2022-05-17,1031.0,1042.0,1031.0,1042.0,500
2022-05-18,1042.0,1042.0,1042.0,1042.0,0
2022-05-19,1034.0,1034.0,1034.0,1034.0,100
2022-05-20,1031.0,1037.0,1031.0,1037.0,400
2022-05-23,1037.0,1038.0,1030.0,1038.0,1300
2022-05-24,1024.0,1031.0,1024.0,1026.0,1000
2022-05-25,1026.0,1026.0,1026.0,1026.0,0
2022-05-26,1026.0,1029.0,1023.0,1023.0,1400
2022-05-27,1031.0,1038.0,1029.0,1037.0,3500
2022-05-30,1037.0,1038.0,1037.0,1037.0,1400
2022-05-31,1040.0,1069.0,1040.0,1044.0,1000
2022-06-01,1044.0,1050.0,1044.0,1050.0,900
2022-06-02,1064.0,1064.0,1064.0,1064.0,300
2022-06-03,1063.0,1063.0,1020.0,1044.0,4300
2022-06-06,1050.0,1053.0,1050.0,1053.0,800
2022-06-07,1053.0,1053.0,1046.0,1046.0,400
2022-06-08,1044.0,1046.0,1044.0,1046.0,900
2022-06-09,1060.0,1060.0,1056.0,1060.0,2400
2022-06-10,1060.0,1062.0,1058.0,1058.0,1300
2022-06-13,1058.0,1059.0,1053.0,1053.0,1400
2022-06-14,1053.0,1054.0,1045.0,1045.0,500
2022-06-15,1050.0,1057.0,1047.0,1057.0,3100
2022-06-16,1060.0,1060.0,1057.0,1057.0,2000
2022-06-17,1057.0,1065.0,1057.0,1065.0,3300
2022-06-20,1090.0,1090.0,1062.0,1062.0,4800
2022-06-21,1066.0,1066.0,1063.0,1063.0,200
2022-06-22,1063.0,1072.0,1063.0,1072.0,500
2022-06-23,1083.0,1083.0,1072.0,1072.0,1000
2022-06-24,1063.0,1063.0,1063.0,1063.0,100
2022-06-27,1081.0,1081.0,1065.0,1075.0,500
2022-06-28,1075.0,1075.0,1070.0,1072.0,800
2022-06-29,1075.0,1075.0,1074.0,1074.0,500
2022-06-30,1071.0,1071.0,1065.0,1065.0,1200
2022-07-01,1074.0,1074.0,1066.0,1066.0,300
2022-07-04,1070.0,1077.0,1070.0,1074.0,900
2022-07-05,1077.0,1077.0,1073.0,1077.0,800
2022-07-06,1077.0,1077.0,1077.0,1077.0,300
2022-07-07,1071.0,1077.0,1071.0,1077.0,200
2022-07-08,1070.0,1079.0,1064.0,1079.0,4700
2022-07-11,1049.0,1080.0,1048.0,1080.0,5900
2022-07-12,1066.0,1066.0,1065.0,1065.0,200
2022-07-13,1077.0,1077.0,1064.0,1077.0,700
2022-07-14,1063.0,1066.0,1063.0,1066.0,300
2022-07-15,1067.0,1070.0,1065.0,1065.0,1700
2022-07-19,1070.0,1070.0,1047.0,1051.0,2000
2022-07-20,1070.0,1070.0,1060.0,1060.0,800
2022-07-21,1060.0,1060.0,1060.0,1060.0,0
2022-07-22,1060.0,1065.0,1060.0,1065.0,500
2022-07-25,1065.0,1065.0,1065.0,1065.0,600
2022-07-26,1067.0,1067.0,1066.0,1067.0,1200
2022-07-27,1070.0,1070.0,1061.0,1061.0,500
2022-07-28,1075.0,1075.0,1075.0,1075.0,200
2022-07-29,1075.0,1075.0,1062.0,1062.0,400
2022-08-01,1062.0,1062.0,1062.0,1062.0,100
2022-08-02,1062.0,1062.0,1062.0,1062.0,200
2022-08-03,1062.0,1062.0,1062.0,1062.0,0
2022-08-04,1062.0,1062.0,1062.0,1062.0,0
2022-08-05,1062.0,1062.0,1062.0,1062.0,100
2022-08-08,1061.0,1062.0,1061.0,1061.0,700
2022-08-09,1074.0,1074.0,1072.0,1072.0,300
2022-08-10,1071.0,1072.0,1070.0,1070.0,600
2022-08-12,1070.0,1070.0,1069.0,1069.0,500
2022-08-15,1069.0,1069.0,1069.0,1069.0,200
2022-08-16,1069.0,1069.0,1069.0,1069.0,400
2022-08-17,1070.0,1070.0,1069.0,1069.0,800
2022-08-18,1072.0,1072.0,1061.0,1061.0,1900
2022-08-19,1061.0,1061.0,1061.0,1061.0,100
2022-08-22,1067.0,1074.0,1060.0,1065.0,2600
2022-08-23,1072.0,1072.0,1064.0,1064.0,300
2022-08-24,1065.0,1065.0,1062.0,1065.0,700
2022-08-25,1065.0,1065.0,1065.0,1065.0,0
2022-08-26,1074.0,1074.0,1015.0,1051.0,8100
2022-08-29,1074.0,1075.0,1051.0,1075.0,800
2022-08-30,1075.0,1075.0,1060.0,1060.0,900
2022-08-31,1060.0,1060.0,1060.0,1060.0,100
2022-09-01,1060.0,1060.0,1060.0,1060.0,300
2022-09-02,1060.0,1060.0,1055.0,1055.0,800
2022-09-05,1062.0,1063.0,1061.0,1062.0,500
2022-09-06,1062.0,1062.0,1062.0,1062.0,1200
2022-09-07,1062.0,1062.0,1055.0,1055.0,1100
2022-09-08,1055.0,1055.0,1055.0,1055.0,100
2022-09-09,1055.0,1055.0,1055.0,1055.0,100
2022-09-12,1056.0,1056.0,1056.0,1056.0,900
2022-09-13,1067.0,1067.0,1065.0,1065.0,500
2022-09-14,1065.0,1070.0,1057.0,1057.0,1100
2022-09-15,1067.0,1070.0,1067.0,1070.0,900
2022-09-16,1070.0,1072.0,1070.0,1070.0,1900
2022-09-20,1070.0,1070.0,1065.0,1070.0,500
2022-09-21,1071.0,1071.0,1070.0,1070.0,200
2022-09-22,1070.0,1070.0,1070.0,1070.0,200
2022-09-26,1070.0,1072.0,1059.0,1070.0,1600
2022-09-27,1072.0,1072.0,1071.0,1071.0,500
2022-09-28,1071.0,1071.0,1062.0,1062.0,600
2022-09-29,1069.0,1075.0,1062.0,1071.0,2000
2022-09-30,1071.0,1074.0,1062.0,1074.0,1000
2022-10-03,1074.0,1074.0,1062.0,1062.0,800
2022-10-04,1070.0,1074.0,1067.0,1068.0,900
2022-10-05,1075.0,1075.0,1073.0,1073.0,800
2022-10-06,1072.0,1075.0,1070.0,1070.0,1600
2022-10-07,1070.0,1090.0,1061.0,1075.0,11000
2022-10-11,1061.0,1080.0,1060.0,1061.0,4300
2022-10-12,1065.0,1065.0,1062.0,1062.0,600
2022-10-13,1062.0,1063.0,1062.0,1062.0,600
2022-10-14,1062.0,1063.0,1062.0,1063.0,300
2022-10-17,1063.0,1065.0,1061.0,1062.0,2400
2022-10-18,1060.0,1062.0,1055.0,1056.0,2700
2022-10-19,1056.0,1056.0,1056.0,1056.0,0
2022-10-20,1059.0,1060.0,1057.0,1060.0,2400
2022-10-21,1062.0,1064.0,1060.0,1064.0,700
2022-10-24,1078.0,1079.0,1061.0,1075.0,3000
2022-10-25,1080.0,1080.0,1075.0,1075.0,2400
2022-10-26,1075.0,1075.0,1062.0,1062.0,500
2022-10-27,1075.0,1080.0,1075.0,1079.0,1400
2022-10-28,1079.0,1079.0,1079.0,1079.0,200
2022-10-31,1078.0,1078.0,1077.0,1077.0,500
2022-11-01,1077.0,1079.0,1077.0,1079.0,700
2022-11-02,1079.0,1079.0,1071.0,1072.0,300
2022-11-04,1072.0,1072.0,1072.0,1072.0,200
2022-11-07,1080.0,1080.0,1073.0,1073.0,500
2022-11-08,1075.0,1075.0,1073.0,1075.0,300
2022-11-09,1075.0,1079.0,1074.0,1079.0,900
2022-11-10,1080.0,1080.0,1073.0,1079.0,900
2022-11-11,1080.0,1082.0,1080.0,1080.0,1200
2022-11-14,1080.0,1080.0,1076.0,1077.0,400
2022-11-15,1077.0,1080.0,1077.0,1080.0,500
2022-11-16,1080.0,1080.0,1076.0,1080.0,1700
2022-11-17,1081.0,1081.0,1080.0,1080.0,200
2022-11-18,1080.0,1080.0,1079.0,1079.0,500
2022-11-21,1083.0,1083.0,1083.0,1083.0,300
2022-11-22,1083.0,1083.0,1081.0,1083.0,1000
2022-11-24,1084.0,1085.0,1081.0,1081.0,1300
2022-11-25,1081.0,1085.0,1081.0,1085.0,800
2022-11-28,1085.0,1085.0,1085.0,1085.0,800
2022-11-29,1085.0,1086.0,1083.0,1083.0,400
2022-11-30,1085.0,1085.0,1084.0,1084.0,400
2022-12-01,1084.0,1087.0,1084.0,1087.0,1300
2022-12-02,1088.0,1088.0,1081.0,1083.0,800
2022-12-05,1083.0,1084.0,1083.0,1084.0,700
2022-12-06,1084.0,1088.0,1084.0,1088.0,300
2022-12-07,1089.0,1089.0,1086.0,1086.0,800
2022-12-08,1086.0,1088.0,1086.0,1088.0,400
2022-12-09,1088.0,1089.0,1088.0,1089.0,1800
2022-12-12,1089.0,1092.0,1089.0,1092.0,3300
2022-12-13,1093.0,1094.0,1085.0,1085.0,500
2022-12-14,1085.0,1090.0,1085.0,1090.0,200
2022-12-15,1090.0,1096.0,1090.0,1096.0,2800
2022-12-16,1096.0,1096.0,1093.0,1093.0,1400
2022-12-19,1096.0,1097.0,1096.0,1097.0,300
2022-12-20,1097.0,1097.0,1090.0,1097.0,1100
2022-12-21,1098.0,1106.0,1098.0,1106.0,2200
2022-12-22,1110.0,1115.0,1107.0,1115.0,2900
2022-12-23,1115.0,1115.0,1110.0,1111.0,2200
2022-12-26,1115.0,1115.0,1104.0,1115.0,1900
2022-12-27,1110.0,1115.0,1108.0,1115.0,1300
2022-12-28,1115.0,1115.0,1107.0,1107.0,500
2022-12-29,1107.0,1107.0,1106.0,1107.0,600
2022-12-30,1107.0,1115.0,1107.0,1115.0,1000
2023-01-04,1113.0,1123.0,1110.0,1116.0,1800
2023-01-05,1116.0,1125.0,1116.0,1125.0,4100
2023-01-06,1123.0,1125.0,1123.0,1125.0,2100
2023-01-10,1125.0,1153.0,1115.0,1153.0,4400
2023-01-11,1150.0,1150.0,1120.0,1150.0,4300
2023-01-12,1150.0,1150.0,1131.0,1131.0,1000
2023-01-13,1139.0,1139.0,1123.0,1135.0,2300
2023-01-16,1135.0,1138.0,1135.0,1138.0,900
2023-01-17,1138.0,1141.0,1136.0,1136.0,1200
2023-01-18,1136.0,1136.0,1128.0,1130.0,1100
2023-01-19,1120.0,1125.0,1120.0,1125.0,800
2023-01-20,1128.0,1130.0,1128.0,1128.0,1000
2023-01-23,1128.0,1129.0,1127.0,1127.0,1200
2023-01-24,1127.0,1127.0,1125.0,1125.0,1600
2023-01-25,1125.0,1125.0,1125.0,1125.0,900
2023-01-26,1126.0,1127.0,1126.0,1126.0,600
2023-01-27,1126.0,1126.0,1111.0,1115.0,1300
2023-01-30,1115.0,1123.0,1110.0,1123.0,2900
2023-01-31,1118.0,1121.0,1114.0,1117.0,1500
2023-02-01,1118.0,1119.0,1117.0,1119.0,1200
2023-02-02,1118.0,1129.0,1118.0,1129.0,2000
2023-02-03,1119.0,1119.0,1118.0,1119.0,400
2023-02-06,1120.0,1125.0,1120.0,1122.0,500
2023-02-07,1123.0,1124.0,1123.0,1123.0,600
2023-02-08,1129.0,1129.0,1123.0,1127.0,1000
2023-02-09,1127.0,1129.0,1127.0,1129.0,600
2023-02-10,1129.0,1129.0,1128.0,1129.0,700
2023-02-13,1126.0,1128.0,1125.0,1128.0,1000
2023-02-14,1128.0,1130.0,1126.0,1130.0,700
2023-02-15,1130.0,1139.0,1130.0,1139.0,2600
2023-02-16,1139.0,1145.0,1131.0,1131.0,3600
2023-02-17,1140.0,1141.0,1137.0,1138.0,700
2023-02-20,1138.0,1138.0,1136.0,1136.0,1600
2023-02-21,1137.0,1140.0,1137.0,1140.0,2200
2023-02-22,1140.0,1146.0,1138.0,1146.0,4500
2023-02-24,1145.0,1155.0,1145.0,1155.0,8400
2023-02-27,1101.0,1114.0,1099.0,1104.0,5700
2023-02-28,1105.0,1110.0,1101.0,1110.0,3100
2023-03-01,1110.0,1119.0,1109.0,1114.0,2600
2023-03-02,1114.0,1114.0,1105.0,1113.0,1000
2023-03-03,1113.0,1113.0,1110.0,1112.0,700
2023-03-06,1109.0,1112.0,1105.0,1105.0,1200
2023-03-07,1105.0,1105.0,1057.0,1082.0,5300
2023-03-08,1099.0,1100.0,1090.0,1090.0,900
2023-03-09,1102.0,1110.0,1097.0,1110.0,1100
2023-03-10,1102.0,1102.0,1102.0,1102.0,400
2023-03-13,1101.0,1101.0,1100.0,1100.0,600
2023-03-14,1098.0,1098.0,1084.0,1084.0,1500
2023-03-15,1084.0,1090.0,1084.0,1085.0,1000
2023-03-16,1085.0,1085.0,1074.0,1074.0,1400
2023-03-17,1072.0,1072.0,1070.0,1070.0,800
2023-03-20,1072.0,1072.0,1072.0,1072.0,200
2023-03-22,1072.0,1080.0,1072.0,1076.0,1100
2023-03-23,1097.0,1097.0,1093.0,1095.0,700
2023-03-24,1098.0,1098.0,1086.0,1086.0,700
2023-03-27,1098.0,1098.0,1086.0,1090.0,600
2023-03-28,1090.0,1106.0,1090.0,1106.0,2300
2023-03-29,1106.0,1106.0,1092.0,1103.0,700
2023-03-30,1094.0,1094.0,1088.0,1089.0,800
2023-03-31,1090.0,1090.0,1090.0,1090.0,100
2023-04-03,1092.0,1095.0,1088.0,1088.0,1400
2023-04-04,1093.0,1098.0,1087.0,1098.0,1400
2023-04-05,1081.0,1112.0,1081.0,1112.0,8000
2023-04-06,1112.0,1112.0,1087.0,1087.0,500
2023-04-07,1086.0,1108.0,1086.0,1107.0,1000
2023-04-10,1088.0,1095.0,1083.0,1083.0,1800
2023-04-11,1090.0,1120.0,1090.0,1117.0,7200
2023-04-12,1087.0,1114.0,1078.0,1092.0,5900
2023-04-13,1097.0,1097.0,1088.0,1090.0,400
2023-04-14,1091.0,1091.0,1070.0,1071.0,5000
2023-04-17,1072.0,1088.0,1072.0,1087.0,1700
2023-04-18,1087.0,1087.0,1079.0,1083.0,2300
2023-04-19,1082.0,1085.0,1082.0,1083.0,1100
2023-04-20,1090.0,1090.0,1079.0,1079.0,3300
2023-04-21,1079.0,1082.0,1078.0,1079.0,1500
2023-04-24,1089.0,1089.0,1078.0,1085.0,2000
2023-04-25,1085.0,1085.0,1080.0,1081.0,1300
2023-04-26,1081.0,1090.0,1081.0,1090.0,900
2023-04-27,1090.0,1090.0,1084.0,1084.0,500
2023-04-28,1089.0,1089.0,1085.0,1085.0,600
2023-05-01,1089.0,1090.0,1083.0,1083.0,2100
2023-05-02,1083.0,1099.0,1083.0,1099.0,2000
2023-05-08,1090.0,1090.0,1086.0,1087.0,1300
2023-05-09,1086.0,1086.0,1085.0,1085.0,500
2023-05-10,1085.0,1088.0,1082.0,1082.0,1800
2023-05-11,1082.0,1083.0,1078.0,1083.0,1500
2023-05-12,1083.0,1089.0,1078.0,1082.0,3700
2023-05-15,1082.0,1087.0,1082.0,1082.0,1700
2023-05-16,1082.0,1100.0,1082.0,1084.0,2700
2023-05-17,1088.0,1093.0,1086.0,1087.0,500
2023-05-18,1095.0,1095.0,1084.0,1087.0,900
2023-05-19,1090.0,1110.0,1088.0,1089.0,3700
2023-05-22,1145.0,1145.0,1083.0,1083.0,7900
2023-05-23,1083.0,1096.0,1083.0,1086.0,1300
2023-05-24,1086.0,1092.0,1084.0,1086.0,1200
2023-05-25,1086.0,1087.0,1084.0,1084.0,1200
2023-05-26,1084.0,1089.0,1082.0,1082.0,1700
2023-05-29,1085.0,1089.0,1085.0,1088.0,700
2023-05-30,1094.0,1094.0,1088.0,1088.0,2200
2023-05-31,1093.0,1093.0,1085.0,1086.0,1000
2023-06-01,1086.0,1087.0,1086.0,1087.0,200
2023-06-02,1092.0,1093.0,1084.0,1088.0,2000
2023-06-05,1088.0,1094.0,1088.0,1088.0,1200
2023-06-06,1088.0,1088.0,1082.0,1083.0,2900
2023-06-07,1082.0,1088.0,1082.0,1088.0,800
2023-06-08,1088.0,1088.0,1084.0,1085.0,1500
2023-06-09,1088.0,1088.0,1085.0,1085.0,400
2023-06-12,1085.0,1088.0,1085.0,1087.0,2500
2023-06-13,1090.0,1092.0,1087.0,1089.0,800
2023-06-14,1089.0,1091.0,1089.0,1091.0,400
2023-06-15,1091.0,1094.0,1091.0,1091.0,2300
2023-06-16,1091.0,1092.0,1091.0,1092.0,2700
2023-06-19,1093.0,1096.0,1092.0,1094.0,2400
2023-06-20,1100.0,1100.0,1090.0,1090.0,5400
2023-06-21,1090.0,1095.0,1089.0,1090.0,3500
2023-06-22,1094.0,1095.0,1085.0,1085.0,2500
2023-06-23,1086.0,1094.0,1085.0,1086.0,2100
2023-06-26,1086.0,1087.0,1082.0,1082.0,4500
2023-06-27,1082.0,1085.0,1080.0,1080.0,5100
2023-06-28,1092.0,1092.0,1080.0,1081.0,4000
2023-06-29,1080.0,1081.0,1079.0,1080.0,800
2023-06-30,1080.0,1080.0,1075.0,1075.0,4400
2023-07-03,1085.0,1085.0,1074.0,1074.0,3300
2023-07-04,1074.0,1086.0,1074.0,1085.0,5600
2023-07-05,1075.0,1079.0,1074.0,1077.0,1700
2023-07-06,1077.0,1078.0,1077.0,1078.0,300
2023-07-07,1080.0,1085.0,1079.0,1083.0,1000
2023-07-10,1083.0,1094.0,1083.0,1094.0,2400
2023-07-11,1092.0,1120.0,1090.0,1110.0,10200
2023-07-12,1250.0,1250.0,1118.0,1120.0,117800
2023-07-13,1149.0,1149.0,1122.0,1126.0,12000
2023-07-14,1113.0,1119.0,1093.0,1097.0,18200
2023-07-18,1101.0,1113.0,1101.0,1108.0,1700
2023-07-19,1109.0,1113.0,1105.0,1105.0,3800
2023-07-20,1110.0,1117.0,1110.0,1114.0,1900
2023-07-21,1112.0,1114.0,1111.0,1111.0,1800
2023-07-24,1114.0,1119.0,1110.0,1119.0,2200
2023-07-25,1119.0,1119.0,1112.0,1117.0,1000
2023-07-26,1110.0,1120.0,1110.0,1115.0,1700
2023-07-27,1115.0,1120.0,1115.0,1119.0,1100
2023-07-28,1121.0,1121.0,1120.0,1120.0,500
2023-07-31,1125.0,1125.0,1118.0,1118.0,800
2023-08-01,1120.0,1120.0,1111.0,1114.0,2900
2023-08-02,1114.0,1114.0,1112.0,1112.0,500
2023-08-03,1112.0,1117.0,1112.0,1117.0,400
2023-08-04,1110.0,1115.0,1109.0,1115.0,1300
2023-08-07,1115.0,1146.0,1114.0,1114.0,2700
2023-08-08,1111.0,1111.0,1111.0,1111.0,600
2023-08-09,1124.0,1124.0,1112.0,1112.0,1000
2023-08-10,1112.0,1113.0,1112.0,1113.0,700
2023-08-14,1114.0,1130.0,1113.0,1120.0,1600
2023-08-15,1120.0,1120.0,1114.0,1118.0,1500
2023-08-16,1118.0,1118.0,1113.0,1113.0,1000
2023-08-17,1113.0,1120.0,1112.0,1118.0,1400
2023-08-18,1120.0,1120.0,1117.0,1117.0,1500
2023-08-21,1131.0,1131.0,1111.0,1128.0,2800
2023-08-22,1120.0,1120.0,1117.0,1118.0,500
2023-08-23,1118.0,1130.0,1118.0,1128.0,2200
2023-08-24,1128.0,1129.0,1120.0,1120.0,1100
2023-08-25,1121.0,1121.0,1121.0,1121.0,100
2023-08-28,1137.0,1137.0,1121.0,1121.0,1300
2023-08-29,1135.0,1135.0,1124.0,1124.0,2600
2023-08-30,1115.0,1180.0,1115.0,1134.0,8600
2023-08-31,1134.0,1134.0,1125.0,1128.0,700
2023-09-01,1127.0,1134.0,1124.0,1134.0,2300
2023-09-04,1141.0,1148.0,1139.0,1139.0,2100
2023-09-05,1140.0,1143.0,1131.0,1141.0,3800
2023-09-06,1141.0,1141.0,1131.0,1131.0,700
2023-09-07,1137.0,1147.0,1133.0,1138.0,1300
2023-09-08,1138.0,1146.0,1136.0,1146.0,1300
2023-09-11,1141.0,1144.0,1138.0,1144.0,1200
2023-09-12,1146.0,1149.0,1142.0,1142.0,1300
2023-09-13,1149.0,1155.0,1147.0,1155.0,2200
2023-09-14,1157.0,1158.0,1144.0,1157.0,1800
2023-09-15,1160.0,1160.0,1143.0,1145.0,3000
2023-09-19,1145.0,1162.0,1145.0,1150.0,5200
2023-09-20,1152.0,1163.0,1152.0,1153.0,700
2023-09-21,1153.0,1153.0,1153.0,1153.0,0
2023-09-22,1152.0,1162.0,1152.0,1157.0,1600
2023-09-25,1162.0,1170.0,1159.0,1170.0,3300
2023-09-26,1171.0,1176.0,1170.0,1170.0,2300
2023-09-27,1175.0,1175.0,1162.0,1173.0,1200
2023-09-28,1170.0,1170.0,1166.0,1170.0,700
2023-09-29,1170.0,1173.0,1165.0,1173.0,900
2023-10-02,1178.0,1187.0,1175.0,1187.0,5300
2023-10-03,1187.0,1195.0,1184.0,1185.0,3900
2023-10-04,1175.0,1177.0,1164.0,1175.0,7300
2023-10-05,1179.0,1181.0,1170.0,1179.0,3300
2023-10-06,1176.0,1190.0,1170.0,1190.0,8800
2023-10-10,1199.0,1249.0,1167.0,1167.0,32800
2023-10-11,1168.0,1170.0,1102.0,1136.0,28300
2023-10-12,1131.0,1145.0,1131.0,1145.0,3000
2023-10-13,1143.0,1149.0,1132.0,1143.0,2000
2023-10-16,1145.0,1151.0,1143.0,1143.0,3700
2023-10-17,1159.0,1159.0,1143.0,1143.0,900
2023-10-18,1143.0,1158.0,1143.0,1147.0,800
2023-10-19,1148.0,1150.0,1145.0,1147.0,2100
2023-10-20,1143.0,1148.0,1143.0,1144.0,1600
2023-10-23,1143.0,1147.0,1140.0,1147.0,1500
2023-10-24,1159.0,1159.0,1139.0,1145.0,3300
2023-10-25,1150.0,1150.0,1145.0,1145.0,1000
2023-10-26,1150.0,1156.0,1140.0,1153.0,3000
2023-10-27,1157.0,1157.0,1101.0,1132.0,8700
2023-10-30,1132.0,1147.0,1132.0,1147.0,700
2023-10-31,1151.0,1152.0,1135.0,1145.0,2400
2023-11-01,1159.0,1159.0,1143.0,1143.0,3000
2023-11-02,1145.0,1152.0,1133.0,1133.0,3300
2023-11-06,1148.0,1148.0,1139.0,1140.0,2000
2023-11-07,1140.0,1144.0,1140.0,1140.0,500
2023-11-08,1140.0,1140.0,1137.0,1138.0,800
2023-11-09,1137.0,1137.0,1137.0,1137.0,1900
2023-11-10,1132.0,1140.0,1132.0,1134.0,1400
2023-11-13,1137.0,1141.0,1133.0,1141.0,1000
2023-11-14,1141.0,1143.0,1135.0,1140.0,2500
2023-11-15,1140.0,1145.0,1140.0,1145.0,700
2023-11-16,1145.0,1146.0,1145.0,1145.0,1500
2023-11-17,1150.0,1151.0,1145.0,1151.0,1300
2023-11-20,1151.0,1152.0,1150.0,1152.0,700
2023-11-21,1154.0,1155.0,1149.0,1155.0,900
2023-11-22,1155.0,1157.0,1150.0,1157.0,1300
2023-11-24,1156.0,1166.0,1156.0,1164.0,1700
2023-11-27,1165.0,1195.0,1165.0,1180.0,4500
2023-11-28,1184.0,1190.0,1178.0,1178.0,3100
2023-11-29,1178.0,1185.0,1170.0,1178.0,1200
2023-11-30,1180.0,1180.0,1177.0,1177.0,500
2023-12-01,1171.0,1183.0,1171.0,1179.0,1100
2023-12-04,1179.0,1185.0,1179.0,1185.0,1800
2023-12-05,1196.0,1196.0,1185.0,1188.0,2200
2023-12-06,1190.0,1190.0,1186.0,1186.0,1100
2023-12-07,1186.0,1186.0,1181.0,1186.0,1700
2023-12-08,1185.0,1185.0,1172.0,1175.0,1900
2023-12-11,1175.0,1183.0,1175.0,1182.0,700
2023-12-12,1182.0,1182.0,1170.0,1171.0,2700
2023-12-13,1169.0,1169.0,1160.0,1161.0,4500
2023-12-14,1162.0,1163.0,1158.0,1161.0,2200
2023-12-15,1161.0,1165.0,1161.0,1161.0,300
2023-12-18,1165.0,1179.0,1165.0,1174.0,1100
2023-12-19,1174.0,1180.0,1165.0,1173.0,4900
2023-12-20,1170.0,1171.0,1163.0,1164.0,4600
2023-12-21,1163.0,1166.0,1163.0,1164.0,600
2023-12-22,1165.0,1170.0,1162.0,1163.0,1900
2023-12-25,1165.0,1168.0,1163.0,1168.0,2500
2023-12-26,1170.0,1177.0,1170.0,1175.0,1300
2023-12-27,1173.0,1175.0,1171.0,1175.0,3000
2023-12-28,1175.0,1183.0,1175.0,1176.0,3500
2023-12-29,1184.0,1185.0,1177.0,1184.0,1600
2024-01-04,1186.0,1206.0,1186.0,1205.0,5900
2024-01-05,1214.0,1214.0,1205.0,1209.0,1900
2024-01-09,1209.0,1214.0,1203.0,1204.0,4800
2024-01-10,1210.0,1210.0,1202.0,1210.0,4100
2024-01-11,1212.0,1230.0,1212.0,1212.0,22400
2024-01-12,1182.0,1210.0,1161.0,1210.0,37800
2024-01-15,1210.0,1210.0,1200.0,1200.0,3100
2024-01-16,1205.0,1208.0,1199.0,1208.0,3900
2024-01-17,1209.0,1209.0,1199.0,1206.0,4500
2024-01-18,1206.0,1210.0,1206.0,1208.0,2300
2024-01-19,1208.0,1215.0,1206.0,1215.0,3400
2024-01-22,1222.0,1228.0,1220.0,1227.0,4200
2024-01-23,1230.0,1230.0,1223.0,1223.0,1500
2024-01-24,1223.0,1230.0,1223.0,1230.0,3000
2024-01-25,1230.0,1231.0,1229.0,1231.0,2600
2024-01-26,1234.0,1234.0,1221.0,1231.0,1700
2024-01-29,1235.0,1235.0,1229.0,1231.0,3000
2024-01-30,1231.0,1240.0,1228.0,1233.0,2800
2024-01-31,1231.0,1239.0,1231.0,1231.0,3600
2024-02-01,1232.0,1232.0,1232.0,1232.0,100
2024-02-02,1232.0,1239.0,1232.0,1232.0,2800
2024-02-05,1246.0,1246.0,1234.0,1240.0,2600
2024-02-06,1240.0,1244.0,1235.0,1242.0,3200
2024-02-07,1242.0,1247.0,1240.0,1247.0,3600
2024-02-08,1247.0,1247.0,1240.0,1245.0,2500
2024-02-09,1245.0,1245.0,1237.0,1243.0,5100
2024-02-13,1244.0,1244.0,1235.0,1240.0,4900
2024-02-14,1242.0,1242.0,1230.0,1240.0,2300
2024-02-15,1240.0,1242.0,1238.0,1242.0,4600
2024-02-16,1242.0,1245.0,1240.0,1243.0,2900
2024-02-19,1240.0,1246.0,1235.0,1241.0,4500
2024-02-20,1248.0,1248.0,1243.0,1243.0,2900
2024-02-21,1243.0,1247.0,1236.0,1240.0,4600
2024-02-22,1237.0,1250.0,1237.0,1241.0,3900
2024-02-26,1251.0,1260.0,1246.0,1260.0,7100
2024-02-27,1261.0,1277.0,1257.0,1267.0,11000
2024-02-28,1194.0,1221.0,1192.0,1206.0,11300
2024-02-29,1210.0,1210.0,1200.0,1200.0,3800
2024-03-01,1207.0,1207.0,1180.0,1196.0,8500
2024-03-04,1198.0,1198.0,1185.0,1185.0,6500
2024-03-05,1185.0,1185.0,1175.0,1176.0,3500
2024-03-06,1179.0,1179.0,1175.0,1178.0,2500
2024-03-07,1198.0,1208.0,1180.0,1200.0,8600
2024-03-08,1200.0,1200.0,1191.0,1195.0,1200
2024-03-11,1195.0,1195.0,1182.0,1183.0,1100
2024-03-12,1184.0,1194.0,1184.0,1194.0,1300
2024-03-13,1196.0,1198.0,1194.0,1194.0,500
2024-03-14,1199.0,1199.0,1194.0,1194.0,1100
2024-03-15,1194.0,1203.0,1194.0,1201.0,3300
2024-03-18,1203.0,1203.0,1191.0,1197.0,3500
2024-03-19,1201.0,1202.0,1194.0,1194.0,1900
2024-03-21,1200.0,1200.0,1195.0,1195.0,2100
2024-03-22,1197.0,1216.0,1197.0,1215.0,5900
2024-03-25,1215.0,1215.0,1206.0,1215.0,5300
2024-03-26,1211.0,1216.0,1206.0,1215.0,2900
2024-03-27,1215.0,1215.0,1210.0,1210.0,3100
2024-03-28,1217.0,1259.0,1217.0,1236.0,10100
2024-03-29,1262.0,1262.0,1236.0,1242.0,2300
2024-04-01,1250.0,1250.0,1242.0,1246.0,2700
2024-04-02,1246.0,1250.0,1241.0,1250.0,1900
2024-04-03,1245.0,1245.0,1225.0,1241.0,5500
2024-04-04,1232.0,1239.0,1222.0,1231.0,4400
2024-04-05,1200.0,1264.0,1200.0,1264.0,12700
2024-04-08,1259.0,1267.0,1190.0,1237.0,9300
2024-04-09,1234.0,1300.0,1220.0,1267.0,43700
2024-04-10,1185.0,1220.0,1183.0,1218.0,31800
2024-04-11,1214.0,1214.0,1191.0,1210.0,7500
2024-04-12,1210.0,1210.0,1181.0,1181.0,17800
2024-04-15,1188.0,1190.0,1185.0,1185.0,1700
2024-04-16,1185.0,1192.0,1185.0,1187.0,1100
2024-04-17,1188.0,1190.0,1187.0,1190.0,1000
2024-04-18,1206.0,1206.0,1193.0,1200.0,1600
2024-04-19,1200.0,1200.0,1188.0,1196.0,600
2024-04-22,1198.0,1198.0,1190.0,1192.0,1300
2024-04-23,1197.0,1199.0,1190.0,1193.0,800
2024-04-24,1193.0,1198.0,1191.0,1191.0,1300
2024-04-25,1191.0,1199.0,1190.0,1191.0,2400
2024-04-26,1191.0,1192.0,1190.0,1192.0,400
2024-04-30,1199.0,1203.0,1199.0,1203.0,1300
2024-05-01,1203.0,1203.0,1200.0,1203.0,800
2024-05-02,1203.0,1204.0,1201.0,1201.0,1000
2024-05-07,1204.0,1205.0,1200.0,1204.0,2500
2024-05-08,1201.0,1204.0,1197.0,1197.0,3800
2024-05-09,1193.0,1197.0,1193.0,1197.0,700
2024-05-10,1200.0,1202.0,1196.0,1202.0,900
2024-05-13,1198.0,1202.0,1198.0,1200.0,1000
2024-05-14,1202.0,1203.0,1200.0,1203.0,700
2024-05-15,1204.0,1205.0,1204.0,1205.0,700
2024-05-16,1205.0,1205.0,1200.0,1200.0,1200
2024-05-17,1203.0,1203.0,1199.0,1199.0,300
2024-05-20,1199.0,1206.0,1195.0,1206.0,3100
2024-05-21,1204.0,1208.0,1200.0,1208.0,1300
2024-05-22,1208.0,1208.0,1207.0,1207.0,300
2024-05-23,1199.0,1207.0,1199.0,1207.0,400
2024-05-24,1206.0,1207.0,1201.0,1207.0,700
2024-05-27,1207.0,1208.0,1201.0,1201.0,1800
2024-05-28,1201.0,1210.0,1185.0,1205.0,3100
2024-05-29,1198.0,1205.0,1198.0,1205.0,1100
2024-05-30,1204.0,1204.0,1203.0,1203.0,300
2024-05-31,1203.0,1203.0,1199.0,1199.0,900
2024-06-03,1204.0,1205.0,1200.0,1202.0,1400
2024-06-04,1200.0,1205.0,1200.0,1200.0,1400
2024-06-05,1200.0,1205.0,1200.0,1201.0,1000
2024-06-06,1201.0,1205.0,1201.0,1205.0,300
2024-06-07,1202.0,1205.0,1202.0,1205.0,300
2024-06-10,1206.0,1211.0,1205.0,1209.0,2000
2024-06-11,1208.0,1210.0,1208.0,1209.0,500
2024-06-12,1208.0,1214.0,1208.0,1211.0,2200
2024-06-13,1211.0,1217.0,1211.0,1217.0,300
2024-06-14,1216.0,1216.0,1216.0,1216.0,100
2024-06-17,1216.0,1234.0,1216.0,1234.0,3800
2024-06-18,1234.0,1240.0,1234.0,1239.0,3800
2024-06-19,1239.0,1240.0,1230.0,1239.0,4200
2024-06-20,1235.0,1235.0,1230.0,1230.0,500
2024-06-21,1230.0,1230.0,1208.0,1220.0,1900
2024-06-24,1226.0,1226.0,1218.0,1218.0,1400
2024-06-25,1218.0,1225.0,1218.0,1225.0,900
2024-06-26,1225.0,1235.0,1218.0,1228.0,3000
2024-06-27,1239.0,1244.0,1216.0,1226.0,3200
2024-06-28,1231.0,1242.0,1222.0,1242.0,1100
2024-07-01,1243.0,1243.0,1240.0,1243.0,700
2024-07-02,1243.0,1243.0,1238.0,1240.0,900
2024-07-03,1243.0,1244.0,1234.0,1234.0,2800
2024-07-04,1242.0,1242.0,1232.0,1241.0,900
2024-07-05,1240.0,1240.0,1232.0,1232.0,1400
2024-07-08,1242.0,1245.0,1230.0,1245.0,3800
2024-07-09,1245.0,1262.0,1230.0,1241.0,10800
2024-07-10,1241.0,1241.0,1226.0,1235.0,6300
2024-07-11,1240.0,1240.0,1232.0,1232.0,800
2024-07-12,1232.0,1232.0,1231.0,1232.0,300
2024-07-16,1232.0,1233.0,1232.0,1233.0,1600
2024-07-17,1231.0,1235.0,1231.0,1235.0,1100
2024-07-18,1238.0,1238.0,1235.0,1238.0,400
2024-07-19,1238.0,1240.0,1235.0,1235.0,800
2024-07-22,1241.0,1241.0,1233.0,1239.0,2300
2024-07-23,1240.0,1240.0,1239.0,1240.0,1800
2024-07-24,1242.0,1248.0,1232.0,1232.0,1400
2024-07-25,1233.0,1244.0,1233.0,1235.0,300
2024-07-26,1231.0,1237.0,1231.0,1236.0,1500
2024-07-29,1236.0,1243.0,1234.0,1243.0,900
2024-07-30,1243.0,1243.0,1243.0,1243.0,700
2024-07-31,1244.0,1249.0,1238.0,1249.0,800
2024-08-01,1239.0,1245.0,1239.0,1245.0,400
2024-08-02,1244.0,1244.0,1225.0,1225.0,2700
2024-08-05,1225.0,1225.0,1200.0,1205.0,6100
2024-08-06,1198.0,1217.0,1198.0,1217.0,3100
2024-08-07,1220.0,1224.0,1203.0,1224.0,600
2024-08-08,1206.0,1210.0,1206.0,1210.0,300
2024-08-09,1224.0,1224.0,1210.0,1211.0,900
2024-08-13,1220.0,1220.0,1210.0,1220.0,900
2024-08-14,1215.0,1219.0,1215.0,1219.0,1400
2024-08-15,1219.0,1219.0,1211.0,1212.0,2000
2024-08-16,1218.0,1218.0,1218.0,1218.0,400
2024-08-19,1223.0,1223.0,1212.0,1221.0,1300
2024-08-20,1221.0,1221.0,1215.0,1216.0,700
2024-08-21,1220.0,1220.0,1215.0,1220.0,600
2024-08-22,1220.0,1220.0,1215.0,1220.0,900
2024-08-23,1220.0,1220.0,1216.0,1220.0,600
2024-08-26,1220.0,1221.0,1220.0,1221.0,500
2024-08-27,1221.0,1223.0,1221.0,1223.0,800
2024-08-28,1224.0,1235.0,1224.0,1226.0,1300
2024-08-29,1230.0,1269.0,1211.0,1222.0,1600
2024-08-30,1250.0,1250.0,1212.0,1250.0,1300
2024-09-02,1246.0,1246.0,1223.0,1223.0,400
2024-09-03,1224.0,1240.0,1224.0,1226.0,1100
2024-09-04,1225.0,1228.0,1225.0,1227.0,600
2024-09-05,1230.0,1232.0,1225.0,1231.0,1200
2024-09-06,1227.0,1234.0,1227.0,1234.0,200
2024-09-09,1224.0,1230.0,1222.0,1226.0,800
2024-09-10,1223.0,1225.0,1223.0,1225.0,700
2024-09-11,1221.0,1222.0,1221.0,1222.0,300
2024-09-12,1222.0,1222.0,1222.0,1222.0,600
2024-09-13,1222.0,1222.0,1222.0,1222.0,200
2024-09-17,1222.0,1230.0,1222.0,1230.0,2000
2024-09-18,1233.0,1234.0,1233.0,1234.0,600
2024-09-19,1230.0,1234.0,1229.0,1234.0,800
2024-09-20,1234.0,1234.0,1231.0,1231.0,500
2024-09-24,1234.0,1234.0,1230.0,1230.0,700
2024-09-25,1233.0,1233.0,1230.0,1230.0,300
2024-09-26,1231.0,1232.0,1230.0,1230.0,1400
2024-09-27,1236.0,1240.0,1235.0,1235.0,1700
2024-09-30,1227.0,1235.0,1227.0,1235.0,1800
2024-10-01,1234.0,1234.0,1226.0,1228.0,1300
2024-10-02,1229.0,1233.0,1229.0,1229.0,900
2024-10-03,1230.0,1230.0,1229.0,1229.0,500
2024-10-04,1228.0,1232.0,1228.0,1232.0,300
2024-10-07,1235.0,1238.0,1233.0,1238.0,1800
2024-10-08,1238.0,1250.0,1234.0,1250.0,8800
2024-10-09,1250.0,1251.0,1224.0,1228.0,10100
2024-10-10,1229.0,1229.0,1226.0,1226.0,2800
2024-10-11,1240.0,1242.0,1227.0,1230.0,1000
2024-10-15,1231.0,1240.0,1231.0,1238.0,1800
2024-10-16,1238.0,1243.0,1238.0,1243.0,2500
2024-10-17,1249.0,1250.0,1238.0,1248.0,1100
2024-10-18,1248.0,1248.0,1240.0,1240.0,400
2024-10-21,1242.0,1244.0,1238.0,1238.0,800
2024-10-22,1242.0,1242.0,1235.0,1240.0,1400
2024-10-23,1239.0,1239.0,1235.0,1235.0,600
2024-10-24,1238.0,1238.0,1236.0,1236.0,300
2024-10-25,1237.0,1240.0,1236.0,1240.0,1400
2024-10-28,1240.0,1249.0,1240.0,1241.0,1500
2024-10-29,1243.0,1243.0,1240.0,1240.0,500
2024-10-30,1244.0,1246.0,1237.0,1246.0,900
2024-10-31,1246.0,1247.0,1240.0,1247.0,400
2024-11-01,1249.0,1250.0,1245.0,1249.0,1700
2024-11-05,1249.0,1249.0,1246.0,1246.0,500
2024-11-06,1245.0,1247.0,1240.0,1240.0,400
2024-11-07,1248.0,1248.0,1237.0,1247.0,800
2024-11-08,1247.0,1247.0,1247.0,1247.0,100
2024-11-11,1247.0,1247.0,1241.0,1245.0,600
2024-11-12,1242.0,1242.0,1242.0,1242.0,400
2024-11-13,1248.0,1249.0,1244.0,1249.0,1500
2024-11-14,1250.0,1250.0,1247.0,1247.0,900
2024-11-15,1248.0,1252.0,1248.0,1252.0,1700
2024-11-18,1259.0,1279.0,1254.0,1259.0,4500
2024-11-19,1264.0,1265.0,1259.0,1265.0,1500
2024-11-20,1273.0,1274.0,1253.0,1265.0,2900
2024-11-21,1274.0,1274.0,1265.0,1265.0,700
2024-11-22,1272.0,1274.0,1254.0,1255.0,2000
2024-11-25,1257.0,1263.0,1257.0,1263.0,1900
2024-11-26,1269.0,1269.0,1263.0,1265.0,400
2024-11-27,1266.0,1266.0,1258.0,1259.0,1000
2024-11-28,1260.0,1261.0,1260.0,1261.0,300
2024-11-29,1264.0,1268.0,1262.0,1268.0,2200
2024-12-02,1269.0,1269.0,1260.0,1260.0,1600
2024-12-03,1261.0,1265.0,1261.0,1265.0,600
2024-12-04,1261.0,1266.0,1261.0,1266.0,300
2024-12-05,1266.0,1266.0,1261.0,1261.0,600
2024-12-06,1261.0,1268.0,1261.0,1261.0,1100
2024-12-09,1261.0,1269.0,1261.0,1268.0,1300
2024-12-10,1268.0,1270.0,1267.0,1268.0,1400
2024-12-11,1268.0,1270.0,1268.0,1270.0,500
2024-12-12,1270.0,1271.0,1270.0,1270.0,1500
2024-12-13,1270.0,1270.0,1268.0,1268.0,1000
2024-12-16,1270.0,1270.0,1266.0,1266.0,4600
2024-12-17,1266.0,1267.0,1264.0,1264.0,2800
2024-12-18,1266.0,1267.0,1265.0,1267.0,1600
2024-12-19,1267.0,1267.0,1260.0,1260.0,3400
2024-12-20,1263.0,1263.0,1261.0,1261.0,1100
2024-12-23,1261.0,1263.0,1261.0,1261.0,2000
2024-12-24,1261.0,1263.0,1260.0,1263.0,1800
2024-12-25,1263.0,1267.0,1260.0,1267.0,1900
2024-12-26,1268.0,1270.0,1267.0,1268.0,3500
2024-12-27,1269.0,1271.0,1260.0,1270.0,2200
2024-12-30,1272.0,1282.0,1272.0,1281.0,3100
2025-01-06,1281.0,1283.0,1275.0,1275.0,1800
2025-01-07,1278.0,1282.0,1270.0,1273.0,3500
2025-01-08,1281.0,1283.0,1275.0,1280.0,3200
2025-01-09,1281.0,1283.0,1280.0,1282.0,1800
2025-01-10,1285.0,1285.0,1280.0,1280.0,1100
2025-01-14,1285.0,1290.0,1284.0,1290.0,4000
2025-01-15,1290.0,1292.0,1283.0,1290.0,4000
2025-01-16,1290.0,1295.0,1280.0,1295.0,3500
2025-01-17,1300.0,1300.0,1280.0,1283.0,4100
2025-01-20,1280.0,1283.0,1270.0,1270.0,6800
2025-01-21,1273.0,1289.0,1269.0,1269.0,4300
2025-01-22,1269.0,1269.0,1260.0,1265.0,6400
2025-01-23,1261.0,1267.0,1243.0,1243.0,7200
2025-01-24,1243.0,1264.0,1240.0,1261.0,2200
2025-01-27,1271.0,1271.0,1255.0,1269.0,2000
2025-01-28,1268.0,1269.0,1260.0,1269.0,1900
2025-01-29,1275.0,1275.0,1265.0,1265.0,2900
2025-01-30,1265.0,1265.0,1255.0,1256.0,3400
2025-01-31,1261.0,1280.0,1250.0,1251.0,4600
2025-02-03,1256.0,1256.0,1250.0,1253.0,4200
2025-02-04,1252.0,1252.0,1251.0,1251.0,1700
2025-02-05,1251.0,1269.0,1251.0,1256.0,2600
2025-02-06,1268.0,1268.0,1252.0,1267.0,1600
2025-02-07,1266.0,1266.0,1256.0,1257.0,1600
2025-02-10,1255.0,1255.0,1252.0,1255.0,3800
2025-02-12,1255.0,1260.0,1251.0,1251.0,2300
2025-02-13,1253.0,1254.0,1253.0,1253.0,1200
2025-02-14,1250.0,1252.0,1246.0,1252.0,3600
2025-02-17,1252.0,1254.0,1249.0,1254.0,3900
2025-02-18,1253.0,1253.0,1247.0,1250.0,2400
2025-02-19,1248.0,1251.0,1247.0,1247.0,2500
2025-02-20,1247.0,1249.0,1243.0,1249.0,4700
2025-02-21,1249.0,1251.0,1246.0,1248.0,2400
2025-02-25,1250.0,1255.0,1248.0,1249.0,4900
2025-02-26,1249.0,1290.0,1249.0,1266.0,7100
2025-02-27,1206.0,1222.0,1206.0,1211.0,7000
2025-02-28,1215.0,1229.0,1200.0,1224.0,6700
2025-03-03,1225.0,1228.0,1214.0,1224.0,3900
2025-03-04,1220.0,1229.0,1218.0,1225.0,3000
2025-03-05,1227.0,1227.0,1201.0,1201.0,2500
2025-03-06,1203.0,1218.0,1203.0,1218.0,1500
2025-03-07,1217.0,1219.0,1206.0,1215.0,1300
2025-03-10,1211.0,1212.0,1211.0,1212.0,800
2025-03-11,1212.0,1218.0,1211.0,1211.0,400
2025-03-12,1205.0,1207.0,1205.0,1206.0,600
2025-03-13,1207.0,1210.0,1207.0,1207.0,700
2025-03-14,1210.0,1210.0,1203.0,1203.0,1200
2025-03-17,1204.0,1206.0,1204.0,1204.0,1800
2025-03-18,1205.0,1206.0,1204.0,1204.0,900
2025-03-19,1208.0,1208.0,1206.0,1206.0,300
2025-03-21,1210.0,1210.0,1204.0,1209.0,2400
2025-03-24,1209.0,1209.0,1201.0,1206.0,1400
2025-03-25,1207.0,1207.0,1202.0,1202.0,1600
2025-03-26,1202.0,1203.0,1200.0,1203.0,3400
2025-03-27,1203.0,1209.0,1199.0,1200.0,2200
2025-03-28,1210.0,1210.0,1200.0,1207.0,1400
2025-03-31,1207.0,1207.0,1199.0,1202.0,2900
2025-04-01,1201.0,1208.0,1201.0,1202.0,3100
2025-04-02,1206.0,1208.0,1201.0,1205.0,400
2025-04-03,1196.0,1203.0,1196.0,1200.0,3600
2025-04-04,1196.0,1208.0,1150.0,1188.0,6400
2025-04-07,1170.0,1170.0,1100.0,1103.0,10100
2025-04-08,1193.0,1193.0,1130.0,1155.0,5800
2025-04-09,1160.0,1165.0,1150.0,1157.0,4100
2025-04-10,1180.0,1182.0,1150.0,1150.0,6000
2025-04-11,1148.0,1151.0,1140.0,1141.0,2800
2025-04-14,1171.0,1171.0,1141.0,1143.0,2100
2025-04-15,1144.0,1170.0,1143.0,1143.0,2300
2025-04-16,1145.0,1167.0,1143.0,1143.0,1100
2025-04-17,1165.0,1165.0,1145.0,1163.0,1000
2025-04-18,1161.0,1178.0,1145.0,1153.0,2600
2025-04-21,1160.0,1163.0,1153.0,1156.0,800
2025-04-22,1152.0,1166.0,1152.0,1159.0,800
2025-04-23,1157.0,1157.0,1150.0,1156.0,2100
2025-04-24,1155.0,1155.0,1149.0,1149.0,600
2025-04-25,1170.0,1170.0,1150.0,1150.0,600
2025-04-28,1150.0,1173.0,1150.0,1151.0,1200
2025-04-30,1161.0,1177.0,1153.0,1153.0,2100
2025-05-01,1157.0,1173.0,1151.0,1151.0,1500
2025-05-02,1151.0,1162.0,1150.0,1150.0,1500
2025-05-07,1153.0,1165.0,1153.0,1153.0,2500
2025-05-08,1153.0,1163.0,1152.0,1163.0,3600
2025-05-09,1163.0,1175.0,1154.0,1167.0,1800
2025-05-12,1173.0,1174.0,1160.0,1160.0,1400
2025-05-13,1165.0,1179.0,1165.0,1175.0,1200
2025-05-14,1175.0,1175.0,1156.0,1156.0,1300
2025-05-15,1177.0,1180.0,1156.0,1161.0,1800
2025-05-16,1165.0,1166.0,1165.0,1166.0,700
2025-05-19,1188.0,1188.0,1186.0,1186.0,1900
2025-05-20,1188.0,1188.0,1180.0,1180.0,1300
2025-05-21,1188.0,1188.0,1177.0,1177.0,800
2025-05-22,1179.0,1185.0,1173.0,1185.0,600
2025-05-23,1184.0,1184.0,1173.0,1173.0,700
2025-05-26,1179.0,1180.0,1177.0,1180.0,800
2025-05-27,1187.0,1187.0,1182.0,1185.0,1200
2025-05-28,1191.0,1191.0,1186.0,1190.0,2400
2025-05-29,1192.0,1193.0,1186.0,1192.0,1500
2025-05-30,1192.0,1199.0,1191.0,1199.0,800
2025-06-02,1200.0,1202.0,1200.0,1200.0,1700
2025-06-03,1200.0,1204.0,1200.0,1200.0,700
2025-06-04,1200.0,1200.0,1197.0,1197.0,1800
2025-06-05,1200.0,1200.0,1198.0,1198.0,500
2025-06-06,1203.0,1204.0,1198.0,1198.0,700
2025-06-09,1196.0,1198.0,1191.0,1198.0,1300
2025-06-10,1204.0,1204.0,1190.0,1199.0,1100
2025-06-11,1200.0,1204.0,1198.0,1204.0,1300
2025-06-12,1201.0,1207.0,1200.0,1204.0,1900
2025-06-13,1204.0,1209.0,1202.0,1202.0,600
2025-06-16,1202.0,1209.0,1202.0,1209.0,2900
2025-06-17,1209.0,1214.0,1209.0,1214.0,2400
2025-06-18,1214.0,1217.0,1214.0,1217.0,1300
2025-06-19,1235.0,1235.0,1218.0,1229.0,3900
2025-06-20,1229.0,1229.0,1217.0,1217.0,1400
2025-06-23,1215.0,1215.0,1210.0,1210.0,800
2025-06-24,1206.0,1206.0,1190.0,1191.0,3100
2025-06-25,1191.0,1192.0,1191.0,1192.0,500
2025-06-26,1196.0,1196.0,1192.0,1194.0,700
2025-06-27,1205.0,1205.0,1192.0,1200.0,500
2025-06-30,1200.0,1203.0,1199.0,1199.0,700
2025-07-01,1209.0,1209.0,1200.0,1204.0,1000
2025-07-02,1207.0,1207.0,1204.0,1204.0,700
2025-07-03,1206.0,1206.0,1204.0,1204.0,200
2025-07-04,1209.0,1209.0,1204.0,1204.0,1200
2025-07-07,1212.0,1212.0,1205.0,1212.0,2200
2025-07-08,1206.0,1246.0,1201.0,1246.0,5900
2025-07-09,1250.0,1250.0,1200.0,1219.0,15300
2025-07-10,1219.0,1219.0,1200.0,1203.0,4100
2025-07-11,1203.0,1215.0,1194.0,1205.0,3100
2025-07-14,1208.0,1208.0,1196.0,1196.0,1900
2025-07-15,1196.0,1203.0,1195.0,1195.0,1900
2025-07-16,1197.0,1197.0,1195.0,1195.0,300
2025-07-17,1195.0,1209.0,1194.0,1199.0,2100
2025-07-18,1200.0,1220.0,1199.0,1220.0,2900
2025-07-22,1220.0,1221.0,1205.0,1205.0,2400
2025-07-23,1210.0,1212.0,1204.0,1204.0,1900
2025-07-24,1200.0,1205.0,1180.0,1185.0,11600
2025-07-25,1185.0,1185.0,1180.0,1184.0,3500
2025-07-28,1182.0,1189.0,1181.0,1185.0,2600
2025-07-29,1185.0,1194.0,1180.0,1187.0,1600
2025-07-30,1187.0,1199.0,1187.0,1190.0,2200
2025-07-31,1190.0,1190.0,1188.0,1188.0,2800
2025-08-01,1190.0,1198.0,1189.0,1189.0,1200
2025-08-04,1189.0,1199.0,1189.0,1199.0,1900
2025-08-05,1198.0,1199.0,1188.0,1196.0,1000
2025-08-06,1191.0,1209.0,1190.0,1202.0,1600
2025-08-07,1202.0,1204.0,1202.0,1204.0,1900
2025-08-08,1200.0,1209.0,1199.0,1201.0,3000
2025-08-12,1200.0,1213.0,1199.0,1212.0,3500
2025-08-13,1206.0,1208.0,1202.0,1206.0,2300
2025-08-14,1211.0,1211.0,1199.0,1202.0,4000
2025-08-15,1201.0,1206.0,1198.0,1206.0,1600
2025-08-18,1202.0,1209.0,1202.0,1209.0,1100
2025-08-19,1209.0,1209.0,1207.0,1208.0,800
2025-08-20,1207.0,1210.0,1207.0,1209.0,1600
2025-08-21,1209.0,1209.0,1205.0,1209.0,700
2025-08-22,1205.0,1213.0,1203.0,1213.0,2300
2025-08-25,1213.0,1213.0,1204.0,1204.0,2300
2025-08-26,1204.0,1207.0,1204.0,1204.0,1800
2025-08-27,1204.0,1213.0,1203.0,1203.0,1500
2025-08-28,1200.0,1213.0,1199.0,1213.0,1000
2025-08-29,1210.0,1210.0,1201.0,1210.0,1300
2025-09-01,1202.0,1204.0,1202.0,1204.0,900
2025-09-02,1204.0,1204.0,1202.0,1202.0,3400
2025-09-03,1201.0,1203.0,1199.0,1203.0,2600
2025-09-04,1203.0,1203.0,1201.0,1201.0,800
2025-09-05,1207.0,1207.0,1200.0,1207.0,800
2025-09-08,1206.0,1206.0,1200.0,1200.0,4000
2025-09-09,1200.0,1203.0,1200.0,1202.0,1000
2025-09-10,1202.0,1202.0,1201.0,1201.0,1600
2025-09-11,1200.0,1209.0,1200.0,1209.0,2200
2025-09-12,1202.0,1202.0,1201.0,1201.0,1500
2025-09-16,1202.0,1208.0,1202.0,1205.0,1700
2025-09-17,1205.0,1205.0,1200.0,1204.0,2700
2025-09-18,1207.0,1207.0,1207.0,1207.0,200
2025-09-19,1205.0,1205.0,1200.0,1202.0,1800
2025-09-22,1202.0,1204.0,1202.0,1204.0,600
2025-09-24,1204.0,1207.0,1202.0,1202.0,1400
2025-09-25,1202.0,1207.0,1202.0,1202.0,1900
2025-09-26,1202.0,1207.0,1202.0,1202.0,1500
2025-09-29,1208.0,1213.0,1206.0,1210.0,2800
2025-09-30,1210.0,1267.0,1200.0,1201.0,22200
2025-10-01,1203.0,1214.0,1203.0,1211.0,5300
2025-10-02,1217.0,1218.0,1209.0,1218.0,2200
2025-10-03,1217.0,1217.0,1209.0,1211.0,1100
2025-10-06,1213.0,1228.0,1213.0,1225.0,5300
2025-10-07,1223.0,1235.0,1216.0,1216.0,15100
2025-10-08,1228.0,1235.0,1220.0,1227.0,13600
2025-10-09,1228.0,1229.0,1220.0,1226.0,3500
2025-10-10,1227.0,1227.0,1214.0,1215.0,1400
2025-10-14,1210.0,1223.0,1210.0,1223.0,2300
2025-10-15,1226.0,1237.0,1220.0,1237.0,4200
2025-10-16,1240.0,1240.0,1224.0,1237.0,1500
2025-10-17,1230.0,1235.0,1225.0,1226.0,2300
2025-10-20,1226.0,1230.0,1226.0,1230.0,1000
2025-10-21,1235.0,1235.0,1228.0,1230.0,2000
2025-10-22,1230.0,1232.0,1227.0,1232.0,600
2025-10-23,1223.0,1235.0,1223.0,1235.0,3300
2025-10-24,1235.0,1240.0,1235.0,1240.0,1000
2025-10-27,1247.0,1247.0,1234.0,1245.0,2800
2025-10-28,1245.0,1245.0,1239.0,1239.0,1100
2025-10-29,1246.0,1246.0,1227.0,1234.0,2500
2025-10-30,1238.0,1248.0,1238.0,1248.0,1900
2025-10-31,1248.0,1249.0,1239.0,1239.0,1100
2025-11-04,1239.0,1250.0,1239.0,1250.0,2100
2025-11-05,1250.0,1250.0,1240.0,1249.0,1400
2025-11-06,1249.0,1249.0,1240.0,1249.0,600
2025-11-07,1240.0,1241.0,1240.0,1240.0,1500
2025-11-10,1241.0,1245.0,1234.0,1236.0,2800
2025-11-11,1246.0,1246.0,1237.0,1244.0,1900
2025-11-12,1244.0,1250.0,1240.0,1240.0,1500
2025-11-13,1248.0,1250.0,1247.0,1250.0,1000
2025-11-14,1250.0,1325.0,1240.0,1249.0,16200
2025-11-17,1250.0,1263.0,1249.0,1263.0,2500
2025-11-18,1262.0,1262.0,1250.0,1262.0,800
2025-11-19,1261.0,1261.0,1242.0,1250.0,1100
2025-11-20,1255.0,1255.0,1245.0,1245.0,600
2025-11-21,1241.0,1244.0,1241.0,1244.0,600
2025-11-25,1270.0,1270.0,1249.0,1259.0,2400
2025-11-26,1259.0,1263.0,1259.0,1259.0,900
2025-11-27,1259.0,1259.0,1255.0,1258.0,900
2025-11-28,1263.0,1264.0,1255.0,1257.0,1400
2025-12-01,1263.0,1264.0,1260.0,1262.0,1300
2025-12-02,1262.0,1269.0,1262.0,1263.0,1100
2025-12-03,1263.0,1269.0,1255.0,1260.0,2000
2025-12-04,1269.0,1269.0,1266.0,1266.0,400
2025-12-05,1270.0,1270.0,1267.0,1270.0,800
2025-12-08,1271.0,1285.0,1271.0,1282.0,2500
2025-12-09,1288.0,1288.0,1282.0,1285.0,1200
2025-12-10,1289.0,1289.0,1280.0,1288.0,1700
2025-12-11,1289.0,1290.0,1289.0,1289.0,1800
2025-12-12,1289.0,1299.0,1289.0,1299.0,2800
2025-12-15,1305.0,1305.0,1291.0,1303.0,3800
2025-12-16,1303.0,1303.0,1292.0,1292.0,1500
2025-12-17,1295.0,1295.0,1294.0,1294.0,2000
2025-12-18,1294.0,1296.0,1294.0,1296.0,2600
2025-12-19,1296.0,1296.0,1289.0,1296.0,3500
2025-12-22,1296.0,1296.0,1286.0,1286.0,3400
2025-12-23,1286.0,1287.0,1286.0,1287.0,500
2025-12-24,1287.0,1287.0,1287.0,1287.0,1300
2025-12-25,1287.0,1288.0,1286.0,1286.0,2000
2025-12-26,1286.0,1288.0,1285.0,1285.0,2200
2025-12-29,1288.0,1300.0,1283.0,1300.0,3300
2025-12-30,1300.0,1305.0,1297.0,1305.0,1300
2026-01-05,1305.0,1308.0,1294.0,1305.0,3700
2026-01-06,1305.0,1307.0,1303.0,1306.0,3000
2026-01-07,1306.0,1309.0,1300.0,1309.0,2200
2026-01-08,1309.0,1309.0,1300.0,1303.0,1600
2026-01-09,1301.0,1309.0,1298.0,1309.0,3000
2026-01-13,1309.0,1309.0,1304.0,1306.0,4800
2026-01-14,1310.0,1313.0,1300.0,1311.0,10700
2026-01-15,1311.0,1312.0,1301.0,1309.0,4300
2026-01-16,1310.0,1310.0,1304.0,1309.0,3700
2026-01-19,1306.0,1310.0,1300.0,1309.0,5800
2026-01-20,1309.0,1310.0,1300.0,1303.0,3200
2026-01-21,1301.0,1303.0,1300.0,1300.0,1500
2026-01-22,1298.0,1310.0,1298.0,1303.0,3100
2026-01-23,1300.0,1302.0,1294.0,1299.0,2500
2026-01-26,1310.0,1310.0,1302.0,1310.0,2100
2026-01-27,1310.0,1312.0,1305.0,1305.0,2600
2026-01-28,1310.0,1310.0,1303.0,1308.0,1000
2026-01-29,1310.0,1311.0,1303.0,1303.0,1500
2026-01-30,1300.0,1303.0,1300.0,1300.0,2700
2026-02-02,1306.0,1310.0,1302.0,1309.0,2500
2026-02-03,1304.0,1313.0,1304.0,1307.0,2300
2026-02-04,1313.0,1313.0,1310.0,1310.0,500
2026-02-05,1310.0,1310.0,1302.0,1309.0,2000
2026-02-06,1309.0,1310.0,1301.0,1310.0,3700
2026-02-09,1305.0,1309.0,1305.0,1306.0,4200
2026-02-10,1306.0,1306.0,1305.0,1306.0,1900
2026-02-12,1306.0,1307.0,1300.0,1306.0,3500
2026-02-13,1310.0,1315.0,1306.0,1308.0,4900
2026-02-16,1310.0,1315.0,1310.0,1310.0,3500
2026-02-17,1314.0,1315.0,1308.0,1311.0,2100
2026-02-18,1300.0,1314.0,1300.0,1314.0,1600
2026-02-19,1304.0,1315.0,1304.0,1306.0,3800
2026-02-20,1308.0,1312.0,1306.0,1307.0,2700
2026-02-24,1308.0,1320.0,1308.0,1315.0,6600
2026-02-25,1345.0,1345.0,1315.0,1315.0,8600
2026-02-26,1271.0,1286.0,1251.0,1270.0,10500
2026-02-27,1270.0,1275.0,1266.0,1272.0,1700
2026-03-02,1279.0,1279.0,1272.0,1276.0,2900
2026-03-03,1278.0,1278.0,1262.0,1262.0,1500
2026-03-04,1261.0,1262.0,1251.0,1251.0,2400
2026-03-05,1261.0,1263.0,1251.0,1251.0,1200
2026-03-06,1251.0,1272.0,1246.0,1272.0,1700
2026-03-09,1270.0,1270.0,1231.0,1242.0,1500
2026-03-10,1245.0,1262.0,1245.0,1251.0,400
2026-03-11,1251.0,1264.0,1251.0,1259.0,800
2026-03-12,1259.0,1263.0,1234.0,1234.0,1900
2026-03-13,1234.0,1241.0,1223.0,1223.0,2800
2026-03-16,1243.0,1243.0,1239.0,1239.0,1600
2026-03-17,1225.0,1285.0,1225.0,1279.0,6100
2026-03-18,1263.0,1270.0,1233.0,1244.0,2200
2026-03-19,1238.0,1238.0,1220.0,1225.0,2200
2026-03-23,1224.0,1224.0,1215.0,1220.0,1400
2026-03-24,1220.0,1220.0,1203.0,1203.0,2100
2026-03-25,1206.0,1215.0,1206.0,1215.0,500
2026-03-26,1243.0,1243.0,1220.0,1223.0,1100
2026-03-27,1246.0,1246.0,1223.0,1228.0,1500
2026-03-30,1251.0,1252.0,1225.0,1252.0,1800
2026-03-31,1260.0,1260.0,1231.0,1260.0,1000
2026-04-01,1261.0,1261.0,1260.0,1260.0,300
2026-04-02,1260.0,1260.0,1250.0,1250.0,600
2026-04-03,1230.0,1230.0,1229.0,1229.0,200
2026-04-06,1230.0,1230.0,1228.0,1228.0,700
2026-04-07,1228.0,1236.0,1228.0,1236.0,500
2026-04-08,1250.0,1275.0,1237.0,1268.0,1800
2026-04-09,1243.0,1243.0,1225.0,1235.0,2000
2026-04-10,1252.0,1255.0,1240.0,1240.0,500
2026-04-13,1247.0,1273.0,1241.0,1273.0,1100
2026-04-14,1270.0,1270.0,1241.0,1270.0,1700
2026-04-15,1270.0,1270.0,1240.0,1250.0,2100
2026-04-16,1260.0,1270.0,1245.0,1259.0,2200
2026-04-17,1250.0,1250.0,1243.0,1243.0,200
2026-04-20,1243.0,1258.0,1243.0,1244.0,500
2026-04-21,1244.0,1250.0,1244.0,1249.0,1600
2026-04-22,1243.0,1243.0,1239.0,1239.0,1300
2026-04-23,1235.0,1250.0,1232.0,1250.0,6100
2026-04-24,1251.0,1251.0,1236.0,1236.0,200
2026-04-27,1236.0,1255.0,1236.0,1238.0,600
2026-04-28,1238.0,1246.0,1238.0,1246.0,600
2026-04-30,1272.0,1272.0,1245.0,1245.0,1200
2026-05-01,1245.0,1279.0,1245.0,1278.0,1400
2026-05-07,1277.0,1277.0,1260.0,1270.0,500
2026-05-08,1263.0,1263.0,1259.0,1259.0,1900
2026-05-11,1272.0,1272.0,1259.0,1260.0,800
2026-05-12,1258.0,1258.0,1254.0,1254.0,700
2026-05-13,1255.0,1258.0,1255.0,1255.0,300
2026-05-14,1248.0,1248.0,1247.0,1247.0,400
2026-05-15,1268.0,1270.0,1247.0,1270.0,1300
2026-05-18,1255.0,1258.0,1252.0,1258.0,800
2026-05-19,1258.0,1258.0,1258.0,1258.0,0
2026-05-20,1258.0,1258.0,1251.0,1251.0,300
2026-05-21,1250.0,1273.0,1250.0,1256.0,2700
2026-05-22,1260.0,1279.0,1260.0,1277.0,2400
2026-05-25,1277.0,1278.0,1277.0,1277.0,1200
2026-05-26,1277.0,1279.0,1265.0,1270.0,1600
2026-05-27,1258.0,1274.0,1258.0,1261.0,800
2026-05-28,1261.0,1261.0,1251.0,1251.0,800
2026-05-29,1271.0,1271.0,1256.0,1270.0,1100
2026-06-01,1260.0,1265.0,1251.0,1251.0,1700
2026-06-02,1252.0,1261.0,1252.0,1261.0,300
2026-06-03,1266.0,1266.0,1244.0,1245.0,2300
2026-06-04,1248.0,1250.0,1241.0,1241.0,500
2026-06-05,1251.0,1251.0,1240.0,1244.0,1000
2026-06-08,1244.0,1249.0,1244.0,1249.0,1700
2026-06-09,1249.0,1270.0,1243.0,1269.0,1600
2026-06-10,1261.0,1264.0,1253.0,1264.0,800
2026-06-11,1265.0,1265.0,1263.0,1263.0,200
2026-06-12,1258.0,1266.0,1258.0,1266.0,700
2026-06-15,1304.0,1304.0,1260.0,1280.0,6500
2026-06-16,1280.0,1280.0,1265.0,1266.0,600
2026-06-17,1256.0,1265.0,1256.0,1261.0,1100
2026-06-18,1262.0,1262.0,1260.0,1261.0,500
2026-06-19,1261.0,1261.0,1259.0,1260.0,700
2026-06-22,1260.0,1265.0,1260.0,1260.0,1500
2026-06-23,1261.0,1262.0,1261.0,1262.0,600
2026-06-24,1267.0,1268.0,1260.0,1266.0,900
2026-06-25,1269.0,1269.0,1256.0,1257.0,900
2026-06-26,1257.0,1261.0,1257.0,1261.0,300
2026-06-29,1261.0,1269.0,1257.0,1268.0,2100
2026-06-30,1270.0,1270.0,1257.0,1257.0,700
2026-07-01,1266.0,1267.0,1257.0,1257.0,700
2026-07-02,1257.0,1260.0,1256.0,1256.0,1700
2026-07-03,1264.0,1264.0,1255.0,1262.0,800
2026-07-06,1262.0,1269.0,1260.0,1260.0,400
2026-07-07,1259.0,1260.0,1259.0,1260.0,600
2026-07-08,1261.0,1265.0,1261.0,1265.0,200
2026-07-09,1269.0,1269.0,1260.0,1266.0,2900
2026-07-10,1265.0,1270.0,1256.0,1256.0,2800
2026-07-13,1259.0,1259.0,1250.0,1259.0,4000
2026-07-14,1261.0,1265.0,1259.0,1265.0,1600
2026-07-15,1266.0,1266.0,1257.0,1266.0,3300
2026-07-16,1259.0,1266.0,1258.0,1258.0,1200
2026-07-17,1260.0,1260.0,1256.0,1258.0,1000
2026-07-21,1258.0,1265.0,1250.0,1255.0,3500
2026-07-22,1244.0,1254.0,1244.0,1254.0,600
2026-07-23,1255.0,1255.0,1251.0,1251.0,500
2026-07-24,1247.0,1264.0,1247.0,1260.0,1100
2026-07-27,1260.0,1266.0,1260.0,1260.0,1000
2026-07-28,1260.0,1260.0,1258.0,1260.0,300
2026-07-29,1257.0,1261.0,1257.0,1260.0,900
2026-07-30,1260.0,1267.0,1260.0,1260.0,600
2026-07-31,1260.0,1260.0,1259.0,1259.0,700
2026-08-03,1261.0,1264.0,1260.0,1264.0,700
2026-08-04,1261.0,1265.0,1261.0,1265.0,400
2026-08-05,1265.0,1270.0,1261.0,1269.0,1500
2026-08-06,1264.0,1267.0,1264.0,1265.0,900
2026-08-07,1265.0,1265.0,1264.0,1265.0,500
2026-08-10,1269.0,1269.0,1263.0,1264.0,700
2026-08-12,1265.0,1267.0,1264.0,1267.0,1500
2026-08-13,1269.0,1270.0,1263.0,1270.0,800
2026-08-14,1265.0,1265.0,1263.0,1263.0,400
2026-08-17,1274.0,1274.0,1266.0,1266.0,900
2026-08-18,1267.0,1267.0,1267.0,1267.0,400
2026-08-19,1269.0,1270.0,1268.0,1270.0,600
2026-08-20,1270.0,1272.0,1270.0,1272.0,900
2026-08-21,1271.0,1273.0,1271.0,1272.0,400
2026-08-24,1273.0,1273.0,1269.0,1269.0,2100
2026-08-25,1269.0,1269.0,1268.0,1268.0,900
2026-08-26,1274.0,1274.0,1270.0,1270.0,1000
2026-08-27,1274.0,1275.0,1267.0,1275.0,3700
2026-08-28,1274.0,1274.0,1265.0,1266.0,2900
2026-08-31,1265.0,1269.0,1265.0,1269.0,900
2026-09-01,1268.0,1269.0,1266.0,1266.0,1400
2026-09-02,1265.0,1272.0,1265.0,1272.0,900
2026-09-03,1273.0,1273.0,1272.0,1272.0,200
2026-09-04,1271.0,1273.0,1263.0,1263.0,1200
2026-09-07,1261.0,1271.0,1261.0,1269.0,1600
2026-09-08,1262.0,1262.0,1262.0,1262.0,100
2026-09-09,1269.0,1269.0,1264.0,1264.0,300
2026-09-10,1264.0,1269.0,1264.0,1269.0,400
2026-09-11,1269.0,1269.0,1260.0,1269.0,1300
2026-09-14,1269.0,1270.0,1260.0,1270.0,1300
2026-09-15,1275.0,1275.0,1270.0,1270.0,1000
2026-09-16,1273.0,1274.0,1273.0,1274.0,600
2026-09-17,1273.0,1273.0,1270.0,1270.0,500
2026-09-18,1270.0,1274.0,1270.0,1274.0,800
2026-09-24,1268.0,1268.0,1268.0,1268.0,800
2026-09-25,1272.0,1275.0,1272.0,1275.0,200
2026-09-28,1275.0,1275.0,1272.0,1275.0,900
2026-09-29,1275.0,1275.0,1275.0,1275.0,200
2026-09-30,1276.0,1276.0,1273.0,1273.0,700
2026-10-01,1274.0,1277.0,1273.0,1277.0,1300
2026-10-02,1276.0,1276.0,1273.0,1273.0,400
2026-10-05,1278.0,1278.0,1274.0,1278.0,900
2026-10-06,1275.0,1279.0,1275.0,1279.0,300
2026-10-07,1279.0,1279.0,1275.0,1275.0,200
