Date,Open,High,Low,Close,Volume
2012-10-01,89.75,90.4499969482422,89.05000305175781,90.1999969482422,28800
2012-10-02,89.6500015258789,92.9000015258789,89.6500015258789,92.9000015258789,70800
2012-10-03,92.75,96.0,92.4499969482422,95.0,122800
2012-10-04,95.0,97.4499969482422,95.0,97.4000015258789,107800
2012-10-05,95.9000015258789,98.5,95.75,98.0,100000
2012-10-09,98.5,101.0,98.25,100.0,182200
2012-10-10,99.0,100.5,98.4000015258789,100.0,43000
2012-10-11,99.1999969482422,106.5,99.1999969482422,100.25,164800
2012-10-12,100.75,102.25,98.1500015258789,99.9000015258789,102200
2012-10-15,100.0,102.0,98.0500030517578,100.0,71600
2012-10-16,100.0,100.0,94.5500030517578,96.5,84400
2012-10-17,94.9000015258789,96.75,94.4000015258789,96.0,59000
2012-10-18,96.5,99.9499969482422,96.5,98.4499969482422,63800
2012-10-19,98.5,98.5,96.6500015258789,98.5,44000
2012-10-22,96.5500030517578,100.8499984741211,96.3499984741211,100.8000030517578,86800
2012-10-23,102.25,102.25,99.0,99.3499984741211,54600
2012-10-24,98.5999984741211,100.4499969482422,95.5999984741211,99.9499969482422,52600
2012-10-25,99.0,101.75,98.0,100.8499984741211,60000
2012-10-26,102.1500015258789,104.0500030517578,101.25,104.0,108200
2012-10-29,105.5999984741211,108.75,105.5999984741211,107.3000030517578,80000
2012-10-30,107.6999969482422,107.6999969482422,104.0,107.5,44000
2012-10-31,105.0500030517578,111.1999969482422,105.0500030517578,111.1999969482422,304200
2012-11-01,113.75,114.9499969482422,112.1500015258789,112.9000015258789,195800
2012-11-02,114.5,115.0,112.9000015258789,114.6500015258789,109600
2012-11-05,120.0,124.5999984741211,116.1500015258789,116.1500015258789,135000
2012-11-06,116.1500015258789,116.25,109.1500015258789,111.5500030517578,135200
2012-11-07,110.0,112.0,108.6500015258789,110.0500030517578,134200
2012-11-08,105.5,132.5,105.5,118.5,724600
2012-11-09,118.5,124.5500030517578,113.75,118.0,350200
2012-11-12,125.3000030517578,129.4499969482422,123.5,126.4000015258789,345600
2012-11-13,124.75,124.75,119.9000015258789,122.25,128000
2012-11-14,120.0,122.1999969482422,117.5,121.4000015258789,84000
2012-11-15,121.1999969482422,130.0,121.1999969482422,130.0,167000
2012-11-16,129.9499969482422,133.5,126.5,132.0,329000
2012-11-19,139.5,142.25,135.5,141.25,333400
2012-11-20,142.5,147.5,138.5,144.89999389648438,217200
2012-11-21,146.25,147.5,141.75,146.0,126800
2012-11-22,145.0,145.5,143.0,145.5,96000
2012-11-26,141.5,142.5,131.10000610351562,133.5500030517578,497600
2012-11-27,132.35000610351562,133.75,129.0,131.85000610351562,262400
2012-11-28,133.75,138.89999389648438,133.75,135.3000030517578,132200
2012-11-29,134.3000030517578,144.9499969482422,134.3000030517578,144.9499969482422,135200
2012-11-30,144.35000610351562,148.75,141.0,145.0,229600
2012-12-03,142.5,147.0,138.10000610351562,141.0,121200
2012-12-04,140.0,142.5,139.5,140.75,57400
2012-12-05,141.0,141.89999389648438,137.85000610351562,139.64999389648438,115800
2012-12-06,139.64999389648438,139.64999389648438,132.9499969482422,139.0,146200
2012-12-07,135.25,137.25,134.10000610351562,137.25,94600
2012-12-10,135.0,143.39999389648438,134.89999389648438,143.0,115200
2012-12-11,142.75,142.75,136.89999389648438,138.60000610351562,102800
2012-12-12,137.14999389648438,142.5,137.0500030517578,142.4499969482422,80200
2012-12-13,142.4499969482422,144.5,140.85000610351562,143.89999389648438,94400
2012-12-14,145.0,150.0,143.5500030517578,150.0,192800
2012-12-17,154.25,162.5,150.75,156.5,284800
2012-12-18,162.5,167.0,156.75,160.5,362800
2012-12-19,160.0,160.5,150.5,159.75,168600
2012-12-20,154.0,157.5,150.0,153.0,120800
2012-12-21,150.25,163.75,146.60000610351562,152.5,274200
2012-12-25,155.5,165.0,155.5,164.5,213800
2012-12-26,164.5,164.5,164.5,164.5,0
2012-12-27,169.5,183.75,169.0,178.5,305800
2012-12-28,172.5,177.0,169.0,177.0,95200
2013-01-04,182.5,194.0,181.5,188.5,180200
2013-01-07,195.5,198.5,188.5,197.5,121800
2013-01-08,195.0,200.0,192.5,195.5,91200
2013-01-09,194.25,202.25,185.0,202.25,109000
2013-01-10,205.0,219.0,205.0,212.5,194600
2013-01-11,219.5,219.5,205.0,211.0,136400
2013-01-15,207.5,215.5,207.5,215.0,138800
2013-01-16,215.75,215.75,202.75,202.75,74600
2013-01-17,197.0,205.0,185.75,200.0,267000
2013-01-18,201.5,210.0,201.5,206.5,125800
2013-01-21,210.0,210.0,203.0,203.5,81400
2013-01-22,207.0,207.5,198.75,203.75,83600
2013-01-23,203.75,207.5,203.0,203.25,69200
2013-01-24,203.0,211.0,199.5,211.0,83000
2013-01-25,214.5,242.5,211.0,240.75,333000
2013-01-28,245.5,269.5,242.5,258.0,270800
2013-01-29,253.0,258.0,236.5,240.0,210000
2013-01-30,245.0,275.0,245.0,274.0,409600
2013-01-31,275.0,278.0,261.0,269.0,155200
2013-02-01,267.5,294.0,267.5,280.5,220000
2013-02-04,275.5,298.5,269.5,285.5,263800
2013-02-05,275.5,284.5,265.0,266.5,156000
2013-02-06,270.0,285.0,270.0,276.5,331800
2013-02-07,278.0,279.5,258.0,272.5,252200
2013-02-08,267.5,267.5,236.0,239.75,717000
2013-02-12,236.25,239.0,215.0,218.0,787800
2013-02-13,217.5,235.0,213.75,218.5,494400
2013-02-14,215.5,217.0,212.25,212.75,145600
2013-02-15,208.5,208.5,186.5,204.75,582400
2013-02-18,210.0,219.5,209.0,218.25,494800
2013-02-19,215.25,222.25,210.0,217.0,246200
2013-02-20,219.0,229.5,219.0,228.75,276400
2013-02-21,232.5,241.25,231.0,240.75,231000
2013-02-22,241.25,243.0,223.75,235.5,218400
2013-02-25,245.0,247.0,235.0,242.75,164600
2013-02-26,239.25,244.0,231.0,243.25,200200
2013-02-27,246.25,246.25,235.5,242.75,103400
2013-02-28,240.5,253.5,240.5,252.0,190000
2013-03-01,254.0,272.5,254.0,268.0,300000
2013-03-04,285.0,286.5,269.0,280.0,396600
2013-03-05,286.5,292.5,277.0,287.5,226800
2013-03-06,285.0,289.5,265.5,282.0,269800
2013-03-07,278.0,278.5,257.5,261.5,223800
2013-03-08,265.0,270.5,251.0,256.0,194400
2013-03-11,253.0,262.5,248.75,249.5,269800
2013-03-12,249.5,255.0,237.5,241.75,174400
2013-03-13,242.5,257.5,238.5,257.0,154000
2013-03-14,254.5,271.0,253.0,270.0,179400
2013-03-15,274.5,275.0,261.5,266.5,150800
2013-03-18,266.0,273.0,257.5,265.5,101800
2013-03-19,274.0,290.0,266.5,286.5,383000
2013-03-21,295.5,305.0,279.0,287.5,515600
2013-03-22,292.5,292.5,274.0,277.5,198000
2013-03-25,290.0,290.0,273.5,281.0,95200
2013-03-26,276.0,278.5,270.5,274.0,121400
2013-03-27,275.5,292.5,273.0,288.5,304800
2013-03-28,296.0,296.5,281.5,289.5,228400
2013-03-29,289.5,289.5,272.5,280.0,181200
2013-04-01,288.5,288.5,260.0,260.0,273200
2013-04-02,250.0,268.5,232.75,260.0,263400
2013-04-03,270.0,279.5,265.0,273.0,172800
2013-04-04,265.0,281.0,260.0,280.0,192200
2013-04-05,300.0,330.0,288.5,330.0,2051600
2013-04-08,380.0,380.0,380.0,380.0,37800
2013-04-09,432.5,455.0,400.0,455.0,2819400
2013-04-10,426.0,489.0,416.0,434.0,1535200
2013-04-11,454.5,462.5,376.0,398.0,1257200
2013-04-12,383.0,424.5,383.0,409.0,598600
2013-04-15,395.0,395.5,370.0,379.0,476400
2013-04-16,349.0,397.0,348.0,369.5,765200
2013-04-17,388.0,392.0,378.5,382.5,297800
2013-04-18,375.0,385.0,360.0,368.0,345000
2013-04-19,372.5,373.0,356.0,364.0,251600
2013-04-22,385.0,417.5,374.0,411.5,801800
2013-04-23,396.0,404.5,383.0,394.0,565600
2013-04-24,399.0,400.0,376.5,379.5,381600
2013-04-25,377.0,382.0,365.5,379.0,343800
2013-04-26,382.0,383.0,365.0,370.5,272800
2013-04-30,360.0,381.5,355.0,381.5,439000
2013-05-01,384.0,406.0,384.0,392.5,659000
2013-05-02,386.0,393.0,379.5,393.0,351000
2013-05-07,409.0,437.0,402.0,435.0,619000
2013-05-08,461.5,463.5,426.5,449.5,681200
2013-05-09,464.5,524.5,445.0,524.5,1542200
2013-05-10,539.5,560.0,461.5,477.5,1241800
2013-05-13,455.0,460.0,435.0,440.5,778400
2013-05-14,434.5,440.0,418.5,425.0,516800
2013-05-15,420.0,421.0,351.0,371.0,912600
2013-05-16,375.5,414.5,340.0,400.0,731200
2013-05-17,395.0,423.5,380.0,420.0,466000
2013-05-20,435.0,435.5,405.0,416.5,433000
2013-05-21,413.0,415.0,370.0,388.5,510400
2013-05-22,375.0,400.0,370.0,372.5,399200
2013-05-23,365.0,370.0,312.5,320.5,832400
2013-05-24,340.0,354.5,309.0,337.5,425600
2013-05-27,320.0,357.5,312.5,354.5,316000
2013-05-28,342.0,355.0,330.0,345.0,214200
2013-05-29,353.5,381.5,337.5,371.5,451000
2013-05-30,352.5,359.0,346.5,349.0,230400
2013-05-31,352.5,367.5,341.0,342.5,216200
2013-06-03,330.5,347.5,327.5,329.0,127600
2013-06-04,337.5,350.0,315.0,350.0,207800
2013-06-05,350.0,350.0,350.0,350.0,0
2013-06-06,322.5,338.0,300.0,305.0,265800
2013-06-07,275.5,296.0,262.5,282.5,388200
2013-06-10,307.5,318.5,298.0,318.5,173200
2013-06-11,308.5,322.5,300.0,314.0,165000
2013-06-12,294.5,320.0,290.0,315.5,116400
2013-06-13,308.0,322.0,300.0,302.5,90000
2013-06-14,317.5,320.0,307.0,315.0,102600
2013-06-17,320.0,320.0,310.0,320.0,71200
2013-06-18,318.5,345.0,318.5,343.5,167600
2013-06-19,353.5,361.0,335.0,356.0,293600
2013-06-20,344.0,360.0,344.0,360.0,105600
2013-06-21,350.0,360.0,335.0,359.5,176800
2013-06-24,365.0,374.0,343.0,347.5,213800
2013-06-25,342.5,345.0,317.5,332.0,213800
2013-06-26,331.0,346.0,263.0,271.0,193600
2013-06-27,287.0,301.0,258.0,294.0,210100
2013-06-28,320.0,330.0,305.0,323.0,155600
2013-07-01,323.0,334.0,317.0,328.0,143200
2013-07-02,335.0,336.0,320.0,330.0,170700
2013-07-03,335.0,339.0,320.0,322.0,187800
2013-07-04,323.0,355.0,315.0,348.0,326800
2013-07-05,352.0,357.0,341.0,349.0,158100
2013-07-08,360.0,369.0,350.0,358.0,238600
2013-07-09,361.0,374.0,353.0,373.0,232000
2013-07-10,369.0,372.0,346.0,371.0,231700
2013-07-11,368.0,385.0,357.0,384.0,197100
2013-07-12,385.0,385.0,363.0,373.0,219100
2013-07-16,377.0,377.0,357.0,362.0,258700
2013-07-17,358.0,358.0,345.0,350.0,107400
2013-07-18,345.0,358.0,345.0,355.0,323000
2013-07-19,364.0,364.0,322.0,343.0,117100
2013-07-22,342.0,350.0,331.0,342.0,40800
2013-07-23,342.0,359.0,333.0,347.0,74000
2013-07-24,342.0,351.0,336.0,346.0,84700
2013-07-25,345.0,345.0,339.0,340.0,53700
2013-07-26,335.0,337.0,327.0,337.0,89600
2013-07-29,320.0,330.0,311.0,312.0,142800
2013-07-30,304.0,320.0,292.0,320.0,194600
2013-07-31,319.0,323.0,311.0,316.0,73900
2013-08-01,314.0,339.0,311.0,339.0,103200
2013-08-02,350.0,359.0,341.0,350.0,154700
2013-08-05,354.0,372.0,350.0,363.0,245600
2013-08-06,365.0,365.0,340.0,360.0,125900
2013-08-07,350.0,358.0,335.0,337.0,116900
2013-08-08,330.0,348.0,315.0,342.0,203500
2013-08-09,322.0,325.0,290.0,300.0,616300
2013-08-12,292.0,300.0,269.0,269.0,441900
2013-08-13,274.0,292.0,273.0,291.0,207900
2013-08-14,294.0,320.0,280.0,309.0,437000
2013-08-15,301.0,306.0,291.0,294.0,159800
2013-08-16,290.0,300.0,285.0,297.0,174100
2013-08-19,297.0,297.0,282.0,287.0,205300
2013-08-20,283.0,287.0,279.0,281.0,182200
2013-08-21,284.0,293.0,275.0,288.0,280800
2013-08-22,285.0,290.0,280.0,282.0,130300
2013-08-23,285.0,288.0,281.0,284.0,94200
2013-08-26,285.0,285.0,274.0,275.0,149800
2013-08-27,274.0,275.0,250.0,272.0,321800
2013-08-28,256.0,265.0,251.0,251.0,188200
2013-08-29,254.0,260.0,249.0,253.0,180900
2013-08-30,254.0,259.0,252.0,254.0,70400
2013-09-02,258.0,287.0,257.0,286.0,225400
2013-09-03,294.0,294.0,271.0,284.0,215900
2013-09-04,278.0,289.0,276.0,280.0,97300
2013-09-05,283.0,283.0,269.0,274.0,114400
2013-09-06,273.0,273.0,258.0,258.0,172700
2013-09-09,298.0,301.0,280.0,293.0,603200
2013-09-10,305.0,307.0,290.0,294.0,411200
2013-09-11,294.0,294.0,284.0,286.0,135600
2013-09-12,284.0,293.0,281.0,293.0,114300
2013-09-13,295.0,304.0,295.0,304.0,156800
2013-09-17,313.0,314.0,300.0,304.0,127100
2013-09-18,316.0,334.0,308.0,334.0,402700
2013-09-19,334.0,344.0,326.0,339.0,288600
2013-09-20,340.0,340.0,325.0,334.0,224300
2013-09-24,326.0,333.0,307.0,311.0,299500
2013-09-25,311.0,313.0,295.0,298.0,284900
2013-09-26,294.0,321.0,292.0,318.0,150600
2013-09-27,316.0,325.0,311.0,321.0,100700
2013-09-30,315.0,320.0,308.0,319.0,80900
2013-10-01,314.0,315.0,302.0,305.0,152800
2013-10-02,305.0,307.0,297.0,302.0,125800
2013-10-03,301.0,301.0,298.0,299.0,33100
2013-10-04,298.0,310.0,291.0,310.0,102900
2013-10-07,309.0,309.0,292.0,293.0,75600
2013-10-08,288.0,300.0,285.0,295.0,70600
2013-10-09,288.0,303.0,288.0,300.0,51700
2013-10-10,303.0,305.0,300.0,302.0,46700
2013-10-11,309.0,309.0,302.0,305.0,52000
2013-10-15,303.0,303.0,295.0,300.0,47800
2013-10-16,296.0,300.0,294.0,298.0,53700
2013-10-17,299.0,305.0,299.0,301.0,61900
2013-10-18,300.0,306.0,299.0,303.0,57300
2013-10-21,302.0,314.0,301.0,313.0,159800
2013-10-22,316.0,318.0,307.0,314.0,92500
2013-10-23,316.0,318.0,305.0,309.0,89000
2013-10-24,305.0,312.0,302.0,312.0,58100
2013-10-25,311.0,312.0,303.0,306.0,75300
2013-10-28,308.0,308.0,300.0,304.0,39200
2013-10-29,304.0,304.0,304.0,304.0,0
2013-10-30,301.0,307.0,290.0,295.0,150100
2013-10-31,295.0,295.0,295.0,295.0,0
2013-11-01,292.0,294.0,285.0,291.0,87300
2013-11-05,290.0,294.0,288.0,294.0,37200
2013-11-06,293.0,294.0,292.0,293.0,19100
2013-11-07,297.0,300.0,289.0,290.0,132600
2013-11-08,272.0,274.0,263.0,271.0,306300
2013-11-11,265.0,272.0,264.0,268.0,118300
2013-11-12,263.0,269.0,259.0,267.0,154900
2013-11-13,269.0,305.0,268.0,283.0,383000
2013-11-14,282.0,290.0,280.0,286.0,135100
2013-11-15,283.0,293.0,283.0,291.0,184200
2013-11-18,299.0,301.0,293.0,295.0,147500
2013-11-19,296.0,299.0,294.0,295.0,84000
2013-11-20,295.0,297.0,291.0,294.0,70500
2013-11-21,295.0,295.0,289.0,290.0,90300
2013-11-22,286.0,291.0,286.0,289.0,92300
2013-11-25,285.0,289.0,281.0,286.0,67900
2013-11-26,281.0,285.0,275.0,283.0,87200
2013-11-27,277.0,283.0,277.0,282.0,37200
2013-11-28,280.0,285.0,270.0,283.0,165600
2013-11-29,283.0,283.0,279.0,283.0,36200
2013-12-02,285.0,287.0,279.0,284.0,69000
2013-12-03,284.0,288.0,280.0,283.0,63900
2013-12-04,280.0,281.0,278.0,281.0,27800
2013-12-05,278.0,280.0,276.0,277.0,62500
2013-12-06,275.0,277.0,273.0,275.0,56700
2013-12-09,275.0,279.0,275.0,277.0,94600
2013-12-10,277.0,280.0,277.0,280.0,32000
2013-12-11,280.0,280.0,276.0,280.0,24300
2013-12-12,278.0,280.0,276.0,278.0,31600
2013-12-13,277.0,281.0,276.0,278.0,46200
2013-12-16,278.0,278.0,268.0,269.0,119000
2013-12-17,268.0,270.0,260.0,263.0,129900
2013-12-18,263.0,268.0,260.0,267.0,49600
2013-12-19,267.0,279.0,267.0,274.0,199900
2013-12-20,277.0,278.0,273.0,276.0,54500
2013-12-24,276.0,278.0,265.0,267.0,109900
2013-12-25,265.0,267.0,262.0,266.0,176100
2013-12-26,275.0,277.0,267.0,277.0,68200
2013-12-27,276.0,279.0,275.0,278.0,62700
2013-12-30,280.0,292.0,279.0,287.0,148400
2014-01-06,290.0,292.0,288.0,290.0,152800
2014-01-07,291.0,294.0,289.0,292.0,55100
2014-01-08,295.0,298.0,293.0,297.0,84300
2014-01-09,299.0,307.0,299.0,306.0,188800
2014-01-10,307.0,309.0,300.0,307.0,129000
2014-01-14,304.0,307.0,296.0,304.0,174900
2014-01-15,305.0,314.0,305.0,312.0,150900
2014-01-16,315.0,325.0,296.0,299.0,567100
2014-01-17,306.0,314.0,302.0,304.0,249800
2014-01-20,306.0,307.0,304.0,306.0,69600
2014-01-21,303.0,306.0,302.0,303.0,120600
2014-01-22,303.0,304.0,301.0,301.0,70500
2014-01-23,303.0,313.0,303.0,304.0,188000
2014-01-24,300.0,312.0,298.0,307.0,138400
2014-01-27,293.0,300.0,292.0,296.0,104600
2014-01-28,296.0,300.0,292.0,300.0,67600
2014-01-29,298.0,310.0,298.0,308.0,82200
2014-01-30,300.0,301.0,294.0,297.0,91000
2014-01-31,297.0,299.0,290.0,294.0,153400
2014-02-03,286.0,287.0,272.0,272.0,136700
2014-02-04,232.0,265.0,232.0,245.0,229700
2014-02-05,257.0,260.0,245.0,259.0,122200
2014-02-06,253.0,259.0,248.0,255.0,115900
2014-02-07,253.0,263.0,253.0,259.0,99000
2014-02-10,263.0,265.0,261.0,265.0,25400
2014-02-12,270.0,284.0,270.0,282.0,107600
2014-02-13,277.0,281.0,274.0,274.0,52600
2014-02-14,275.0,278.0,267.0,270.0,87800
2014-02-17,271.0,273.0,258.0,270.0,85800
2014-02-18,273.0,277.0,265.0,274.0,71100
2014-02-19,270.0,276.0,270.0,273.0,26200
2014-02-20,271.0,271.0,263.0,263.0,42800
2014-02-21,263.0,267.0,263.0,266.0,24200
2014-02-24,263.0,271.0,263.0,266.0,24800
2014-02-25,266.0,271.0,260.0,265.0,40600
2014-02-26,265.0,270.0,262.0,268.0,25500
2014-02-27,266.0,267.0,263.0,263.0,30200
2014-02-28,261.0,263.0,256.0,261.0,46000
2014-03-03,256.0,256.0,244.0,253.0,57300
2014-03-04,247.0,256.0,247.0,256.0,57000
2014-03-05,260.0,265.0,253.0,259.0,47500
2014-03-06,261.0,264.0,256.0,261.0,59300
2014-03-07,262.0,266.0,261.0,263.0,36000
2014-03-10,265.0,267.0,263.0,266.0,51100
2014-03-11,267.0,268.0,263.0,267.0,57900
2014-03-12,264.0,267.0,261.0,261.0,34900
2014-03-13,262.0,264.0,259.0,259.0,27200
2014-03-14,250.0,254.0,248.0,251.0,58900
2014-03-17,243.0,250.0,241.0,243.0,136300
2014-03-18,247.0,252.0,245.0,252.0,41400
2014-03-19,251.0,256.0,250.0,254.0,60100
2014-03-20,250.0,253.0,239.0,242.0,70000
2014-03-24,237.0,248.0,237.0,245.0,72700
2014-03-25,240.0,245.0,240.0,240.0,27200
2014-03-26,240.0,245.0,239.0,240.0,33400
2014-03-27,236.0,244.0,236.0,244.0,21300
2014-03-28,244.0,249.0,244.0,249.0,21700
2014-03-31,253.0,256.0,248.0,256.0,49500
2014-04-01,256.0,259.0,253.0,258.0,29400
2014-04-02,258.0,264.0,258.0,264.0,41000
2014-04-03,264.0,264.0,261.0,261.0,25200
2014-04-04,261.0,262.0,257.0,257.0,22500
2014-04-07,249.0,255.0,249.0,254.0,58400
2014-04-08,251.0,254.0,249.0,254.0,22700
2014-04-09,254.0,254.0,250.0,250.0,27900
2014-04-10,251.0,253.0,247.0,248.0,25500
2014-04-11,242.0,250.0,241.0,246.0,26900
2014-04-14,241.0,246.0,241.0,244.0,29700
2014-04-15,245.0,247.0,243.0,244.0,19900
2014-04-16,245.0,249.0,245.0,249.0,9800
2014-04-17,248.0,249.0,246.0,248.0,22000
2014-04-18,246.0,249.0,246.0,248.0,19600
2014-04-21,247.0,248.0,244.0,248.0,16800
2014-04-22,248.0,249.0,243.0,243.0,26400
2014-04-23,243.0,246.0,242.0,246.0,19900
2014-04-24,248.0,248.0,245.0,246.0,15600
2014-04-25,240.0,245.0,240.0,244.0,66400
2014-04-28,240.0,244.0,238.0,240.0,57700
2014-04-30,243.0,243.0,237.0,238.0,33200
2014-05-01,238.0,242.0,238.0,242.0,12000
2014-05-02,240.0,245.0,238.0,245.0,34100
2014-05-07,245.0,251.0,245.0,250.0,48800
2014-05-08,246.0,252.0,246.0,251.0,22100
2014-05-09,245.0,246.0,232.0,238.0,98800
2014-05-12,236.0,236.0,228.0,231.0,61300
2014-05-13,229.0,235.0,229.0,231.0,37200
2014-05-14,233.0,239.0,232.0,238.0,35700
2014-05-15,236.0,236.0,226.0,231.0,217900
2014-05-16,226.0,228.0,224.0,228.0,44800
2014-05-19,227.0,228.0,215.0,215.0,129700
2014-05-20,214.0,215.0,210.0,214.0,63400
2014-05-21,216.0,216.0,212.0,214.0,32400
2014-05-22,218.0,225.0,216.0,222.0,43900
2014-05-23,222.0,229.0,221.0,229.0,36200
2014-05-26,237.0,239.0,234.0,239.0,46300
2014-05-27,239.0,239.0,233.0,235.0,53600
2014-05-28,239.0,240.0,238.0,239.0,24200
2014-05-29,238.0,241.0,238.0,239.0,23400
2014-05-30,242.0,243.0,240.0,242.0,38200
2014-06-02,245.0,245.0,241.0,243.0,39900
2014-06-03,246.0,246.0,243.0,244.0,32900
2014-06-04,244.0,245.0,242.0,244.0,44900
2014-06-05,244.0,244.0,241.0,243.0,18600
2014-06-06,243.0,243.0,238.0,243.0,43400
2014-06-09,244.0,247.0,244.0,247.0,48400
2014-06-10,248.0,248.0,246.0,247.0,38500
2014-06-11,245.0,246.0,244.0,245.0,34700
2014-06-12,245.0,245.0,242.0,244.0,26300
2014-06-13,244.0,247.0,242.0,247.0,24400
2014-06-16,251.0,252.0,248.0,252.0,51800
2014-06-17,253.0,255.0,252.0,255.0,40400
2014-06-18,255.0,256.0,254.0,256.0,43900
2014-06-19,257.0,257.0,254.0,255.0,31300
2014-06-20,255.0,260.0,255.0,259.0,79800
2014-06-23,261.0,263.0,259.0,261.0,84200
2014-06-24,258.0,260.0,257.0,260.0,97700
2014-06-25,258.0,259.0,254.0,258.0,93600
2014-06-26,247.0,254.0,247.0,253.0,56600
2014-06-27,251.0,252.0,244.0,246.0,52900
2014-06-30,244.0,251.0,244.0,248.0,35600
2014-07-01,250.0,250.0,246.0,250.0,13700
2014-07-02,250.0,250.0,238.0,240.0,350900
2014-07-03,240.0,243.0,239.0,241.0,51700
2014-07-04,242.0,243.0,239.0,241.0,114400
2014-07-07,242.0,243.0,242.0,243.0,21100
2014-07-08,243.0,244.0,241.0,244.0,37300
2014-07-09,241.0,245.0,241.0,242.0,95900
2014-07-10,241.0,242.0,239.0,240.0,32400
2014-07-11,254.0,319.0,253.0,271.0,4975500
2014-07-14,265.0,270.0,258.0,264.0,420300
2014-07-15,268.0,268.0,261.0,263.0,182000
2014-07-16,262.0,262.0,253.0,255.0,346800
2014-07-17,256.0,263.0,256.0,263.0,182100
2014-07-18,261.0,262.0,256.0,259.0,190300
2014-07-22,261.0,268.0,260.0,261.0,135700
2014-07-23,262.0,263.0,261.0,261.0,90900
2014-07-24,261.0,262.0,260.0,261.0,89600
2014-07-25,261.0,263.0,260.0,263.0,70900
2014-07-28,263.0,265.0,262.0,265.0,115600
2014-07-29,269.0,281.0,268.0,277.0,360200
2014-07-30,281.0,285.0,276.0,280.0,239800
2014-07-31,285.0,286.0,280.0,280.0,147800
2014-08-01,274.0,282.0,272.0,279.0,102200
2014-08-04,281.0,286.0,281.0,285.0,106200
2014-08-05,285.0,289.0,282.0,282.0,190100
2014-08-06,284.0,285.0,277.0,282.0,207400
2014-08-07,279.0,281.0,273.0,277.0,132300
2014-08-08,256.0,261.0,246.0,250.0,456900
2014-08-11,255.0,255.0,247.0,251.0,130800
2014-08-12,251.0,251.0,247.0,249.0,91100
2014-08-13,248.0,248.0,246.0,247.0,56900
2014-08-14,247.0,248.0,245.0,248.0,64300
2014-08-15,248.0,255.0,247.0,255.0,52700
2014-08-18,255.0,261.0,253.0,253.0,92800
2014-08-19,256.0,256.0,250.0,252.0,60700
2014-08-20,252.0,253.0,250.0,251.0,42400
2014-08-21,250.0,251.0,249.0,251.0,79800
2014-08-22,253.0,253.0,249.0,251.0,51400
2014-08-25,250.0,253.0,249.0,253.0,96800
2014-08-26,254.0,262.0,253.0,254.0,155700
2014-08-27,255.0,256.0,251.0,253.0,61100
2014-08-28,251.0,252.0,251.0,251.0,46100
2014-08-29,251.0,252.0,250.0,250.0,47700
2014-09-01,250.0,252.0,249.0,251.0,75800
2014-09-02,252.0,255.0,251.0,255.0,81100
2014-09-03,257.0,261.0,255.0,261.0,97200
2014-09-04,260.0,260.0,255.0,255.0,57100
2014-09-05,258.0,258.0,255.0,255.0,40500
2014-09-08,257.0,257.0,255.0,256.0,31300
2014-09-09,256.0,258.0,255.0,257.0,61700
2014-09-10,258.0,262.0,256.0,260.0,81700
2014-09-11,261.0,266.0,260.0,266.0,64700
2014-09-12,267.0,270.0,261.0,263.0,70200
2014-09-16,263.0,263.0,257.0,258.0,75700
2014-09-17,257.0,258.0,255.0,256.0,52100
2014-09-18,256.0,257.0,256.0,257.0,28700
2014-09-19,259.0,259.0,258.0,258.0,19800
2014-09-22,258.0,259.0,257.0,257.0,30900
2014-09-24,259.0,259.0,256.0,256.0,26400
2014-09-25,255.0,256.0,253.0,255.0,54100
2014-09-26,254.0,257.0,254.0,255.0,17200
2014-09-29,257.0,257.0,255.0,257.0,32400
2014-09-30,257.0,258.0,255.0,255.0,22200
2014-10-01,255.0,256.0,253.0,253.0,44600
2014-10-02,253.0,253.0,250.0,251.0,72700
2014-10-03,250.0,270.0,250.0,263.0,204200
2014-10-06,265.0,266.0,262.0,264.0,119100
2014-10-07,264.0,265.0,262.0,263.0,25400
2014-10-08,258.0,263.0,257.0,263.0,68200
2014-10-09,263.0,263.0,256.0,256.0,42900
2014-10-10,253.0,255.0,251.0,254.0,123100
2014-10-14,254.0,254.0,250.0,252.0,61000
2014-10-15,250.0,253.0,250.0,251.0,35200
2014-10-16,248.0,249.0,244.0,246.0,79000
2014-10-17,245.0,247.0,241.0,244.0,53000
2014-10-20,245.0,250.0,244.0,249.0,32800
2014-10-21,251.0,251.0,247.0,248.0,15500
2014-10-22,249.0,252.0,248.0,252.0,13700
2014-10-23,251.0,254.0,251.0,252.0,28600
2014-10-24,252.0,254.0,251.0,253.0,44000
2014-10-27,253.0,254.0,252.0,253.0,44500
2014-10-28,254.0,255.0,253.0,253.0,22500
2014-10-29,253.0,254.0,251.0,253.0,33600
2014-10-30,253.0,254.0,251.0,252.0,29700
2014-10-31,253.0,264.0,251.0,260.0,174300
2014-11-04,283.0,283.0,266.0,270.0,536100
2014-11-05,275.0,275.0,267.0,271.0,109900
2014-11-06,273.0,273.0,264.0,266.0,166500
2014-11-07,271.0,272.0,267.0,268.0,161400
2014-11-10,268.0,269.0,265.0,269.0,76500
2014-11-11,269.0,270.0,266.0,270.0,71800
2014-11-12,269.0,272.0,268.0,269.0,165500
2014-11-13,267.0,267.0,263.0,263.0,161700
2014-11-14,265.0,268.0,262.0,267.0,67100
2014-11-17,267.0,268.0,264.0,266.0,111900
2014-11-18,267.0,276.0,267.0,275.0,123100
2014-11-19,273.0,273.0,268.0,271.0,107800
2014-11-20,271.0,276.0,271.0,272.0,112000
2014-11-21,273.0,274.0,271.0,274.0,62400
2014-11-25,277.0,290.0,276.0,290.0,250200
2014-11-26,290.0,293.0,289.0,290.0,138000
2014-11-27,292.0,293.0,288.0,293.0,101400
2014-11-28,293.0,298.0,293.0,296.0,124100
2014-12-01,300.0,307.0,299.0,305.0,197800
2014-12-02,303.0,309.0,303.0,307.0,168000
2014-12-03,315.0,317.0,310.0,312.0,191100
2014-12-04,310.0,314.0,300.0,303.0,229400
2014-12-05,305.0,309.0,303.0,308.0,103400
2014-12-08,314.0,320.0,311.0,319.0,170700
2014-12-09,315.0,316.0,309.0,309.0,101900
2014-12-10,302.0,307.0,300.0,306.0,118300
2014-12-11,300.0,305.0,300.0,304.0,52700
2014-12-12,308.0,310.0,305.0,309.0,48100
2014-12-15,308.0,310.0,305.0,307.0,52200
2014-12-16,302.0,302.0,286.0,296.0,165500
2014-12-17,284.0,294.0,282.0,292.0,82700
2014-12-18,299.0,299.0,295.0,295.0,56700
2014-12-19,295.0,296.0,285.0,289.0,123700
2014-12-22,290.0,292.0,287.0,292.0,66700
2014-12-24,292.0,292.0,289.0,292.0,60500
2014-12-25,287.0,288.0,280.0,286.0,132500
2014-12-26,276.0,283.0,276.0,281.0,63200
2014-12-29,289.0,289.0,282.0,283.0,23500
2014-12-30,283.0,286.0,282.0,284.0,44100
2015-01-05,287.0,288.0,283.0,286.0,46400
2015-01-06,284.0,285.0,280.0,280.0,42200
2015-01-07,279.0,283.0,278.0,279.0,72600
2015-01-08,282.0,284.0,279.0,282.0,64000
2015-01-09,284.0,284.0,277.0,277.0,67300
2015-01-13,274.0,276.0,270.0,272.0,125800
2015-01-14,270.0,273.0,269.0,270.0,28000
2015-01-15,268.0,278.0,268.0,277.0,103700
2015-01-16,275.0,276.0,270.0,276.0,43200
2015-01-19,276.0,280.0,273.0,273.0,31800
2015-01-20,274.0,276.0,267.0,273.0,55600
2015-01-21,273.0,275.0,270.0,273.0,31800
2015-01-22,273.0,274.0,270.0,271.0,44200
2015-01-23,319.0,320.0,282.0,288.0,1450400
2015-01-26,289.0,295.0,288.0,290.0,242400
2015-01-27,295.0,295.0,290.0,291.0,126800
2015-01-28,291.0,303.0,290.0,303.0,246600
2015-01-29,298.0,302.0,295.0,298.0,116400
2015-01-30,297.0,300.0,292.0,296.0,68800
2015-02-02,299.0,299.0,292.0,292.0,72400
2015-02-03,293.0,296.0,287.0,290.0,94800
2015-02-04,290.0,293.0,288.0,289.0,44300
2015-02-05,288.0,292.0,288.0,288.0,31700
2015-02-06,284.0,294.0,283.0,292.0,155800
2015-02-09,292.0,297.0,292.0,297.0,116300
2015-02-10,296.0,298.0,294.0,298.0,45600
2015-02-12,298.0,318.0,296.0,314.0,575400
2015-02-13,313.0,313.0,305.0,307.0,163100
2015-02-16,307.0,310.0,305.0,305.0,63800
2015-02-17,318.0,319.0,312.0,313.0,437500
2015-02-18,314.0,317.0,307.0,313.0,184000
2015-02-19,314.0,314.0,308.0,314.0,99200
2015-02-20,314.0,316.0,311.0,314.0,126100
2015-02-23,315.0,315.0,309.0,313.0,94400
2015-02-24,312.0,313.0,309.0,313.0,73200
2015-02-25,314.0,314.0,311.0,312.0,51300
2015-02-26,316.0,316.0,312.0,314.0,152900
2015-02-27,315.0,316.0,312.0,315.0,67900
2015-03-02,315.0,316.0,313.0,315.0,72100
2015-03-03,317.0,328.0,316.0,324.0,320900
2015-03-04,324.0,324.0,318.0,320.0,66200
2015-03-05,316.0,319.0,314.0,315.0,108500
2015-03-06,318.0,318.0,310.0,312.0,151000
2015-03-09,317.0,320.0,313.0,316.0,225700
2015-03-10,319.0,338.0,317.0,326.0,678300
2015-03-11,320.0,335.0,320.0,332.0,231600
2015-03-12,333.0,334.0,327.0,327.0,165500
2015-03-13,327.0,338.0,327.0,337.0,240600
2015-03-16,339.0,353.0,338.0,350.0,476400
2015-03-17,357.0,363.0,348.0,349.0,433800
2015-03-18,345.0,347.0,334.0,343.0,262300
2015-03-19,350.0,351.0,340.0,347.0,161700
2015-03-20,346.0,357.0,346.0,357.0,182900
2015-03-23,365.0,372.0,363.0,371.0,327000
2015-03-24,365.0,374.0,365.0,368.0,133700
2015-03-25,367.0,368.0,355.0,357.0,230600
2015-03-26,354.0,354.0,343.0,348.0,250500
2015-03-27,345.0,367.0,345.0,352.0,203800
2015-03-30,355.0,359.0,352.0,357.0,65700
2015-03-31,363.0,365.0,360.0,363.0,106900
2015-04-01,361.0,361.0,351.0,357.0,138900
2015-04-02,354.0,360.0,354.0,359.0,77200
2015-04-03,360.0,377.0,359.0,377.0,305000
2015-04-06,372.0,385.0,370.0,382.0,233700
2015-04-07,385.0,392.0,375.0,381.0,251800
2015-04-08,384.0,384.0,375.0,380.0,115400
2015-04-09,383.0,383.0,371.0,371.0,141700
2015-04-10,370.0,375.0,367.0,368.0,130400
2015-04-13,372.0,378.0,368.0,376.0,144300
2015-04-14,377.0,380.0,375.0,377.0,65200
2015-04-15,375.0,378.0,371.0,373.0,79600
2015-04-16,373.0,373.0,365.0,370.0,158700
2015-04-17,369.0,370.0,361.0,364.0,153000
2015-04-20,351.0,360.0,350.0,352.0,250800
2015-04-21,353.0,365.0,353.0,364.0,99900
2015-04-22,370.0,371.0,365.0,367.0,109400
2015-04-23,371.0,371.0,365.0,366.0,79700
2015-04-24,368.0,368.0,364.0,364.0,35000
2015-04-27,361.0,365.0,359.0,363.0,80100
2015-04-28,364.0,367.0,358.0,359.0,77400
2015-04-30,358.0,359.0,352.0,357.0,140400
2015-05-01,354.0,355.0,351.0,351.0,84000
2015-05-07,351.0,360.0,351.0,359.0,71500
2015-05-08,369.0,369.0,363.0,366.0,123100
2015-05-11,369.0,369.0,364.0,365.0,68800
2015-05-12,366.0,366.0,363.0,366.0,50000
2015-05-13,366.0,367.0,364.0,366.0,59400
2015-05-14,366.0,367.0,364.0,364.0,65200
2015-05-15,366.0,367.0,363.0,365.0,42100
2015-05-18,367.0,367.0,365.0,367.0,42000
2015-05-19,367.0,370.0,366.0,369.0,85500
2015-05-20,371.0,379.0,371.0,375.0,187200
2015-05-21,376.0,378.0,374.0,375.0,108000
2015-05-22,377.0,378.0,370.0,371.0,100700
2015-05-25,374.0,377.0,371.0,375.0,120500
2015-05-26,343.0,351.0,336.0,337.0,1665900
2015-05-27,336.0,336.0,333.0,336.0,499400
2015-05-28,334.0,334.0,330.0,331.0,701000
2015-05-29,329.0,332.0,328.0,330.0,471900
2015-06-01,330.0,344.0,330.0,334.0,563000
2015-06-02,337.0,345.0,336.0,345.0,999200
2015-06-03,343.0,344.0,340.0,341.0,1109100
2015-06-04,342.0,343.0,340.0,340.0,334800
2015-06-05,338.0,340.0,338.0,339.0,344800
2015-06-08,339.0,340.0,337.0,337.0,411000
2015-06-09,337.0,338.0,336.0,337.0,242200
2015-06-10,337.0,341.0,337.0,338.0,2065900
2015-06-11,341.0,341.0,337.0,339.0,242900
2015-06-12,340.0,340.0,337.0,339.0,238700
2015-06-15,340.0,344.0,340.0,344.0,353200
2015-06-16,342.0,344.0,340.0,342.0,321800
2015-06-17,343.0,344.0,341.0,343.0,190300
2015-06-18,341.0,342.0,340.0,340.0,194700
2015-06-19,341.0,342.0,340.0,340.0,229300
2015-06-22,340.0,345.0,339.0,345.0,435900
2015-06-23,344.0,345.0,342.0,344.0,243900
2015-06-24,343.0,344.0,342.0,342.0,285400
2015-06-25,343.0,344.0,342.0,343.0,794200
2015-06-26,333.0,337.0,332.0,334.0,420600
2015-06-29,329.0,329.0,326.0,328.0,253300
2015-06-30,325.0,328.0,325.0,326.0,168200
2015-07-01,324.0,334.0,324.0,334.0,211000
2015-07-02,335.0,336.0,330.0,332.0,134500
2015-07-03,329.0,332.0,329.0,329.0,128500
2015-07-06,327.0,329.0,321.0,325.0,224100
2015-07-07,329.0,329.0,324.0,325.0,137100
2015-07-08,326.0,327.0,315.0,316.0,283300
2015-07-09,304.0,312.0,285.0,310.0,634500
2015-07-10,310.0,313.0,305.0,306.0,137100
2015-07-13,310.0,316.0,308.0,316.0,105200
2015-07-14,317.0,321.0,317.0,318.0,133800
2015-07-15,321.0,321.0,316.0,319.0,90500
2015-07-16,317.0,321.0,317.0,321.0,41500
2015-07-17,320.0,322.0,318.0,320.0,73200
2015-07-21,321.0,321.0,319.0,320.0,85200
2015-07-22,320.0,320.0,318.0,320.0,44200
2015-07-23,320.0,320.0,316.0,317.0,115600
2015-07-24,314.0,317.0,314.0,315.0,81200
2015-07-27,315.0,317.0,312.0,312.0,67100
2015-07-28,310.0,315.0,307.0,315.0,77600
2015-07-29,313.0,315.0,311.0,312.0,75400
2015-07-30,309.0,313.0,309.0,313.0,101800
2015-07-31,312.0,315.0,311.0,315.0,61900
2015-08-03,314.0,319.0,314.0,318.0,185800
2015-08-04,319.0,319.0,312.0,315.0,167000
2015-08-05,315.0,323.0,315.0,320.0,232600
2015-08-06,322.0,338.0,320.0,332.0,400700
2015-08-07,331.0,335.0,324.0,330.0,459100
2015-08-10,332.0,332.0,328.0,332.0,178300
2015-08-11,332.0,333.0,329.0,331.0,111200
2015-08-12,330.0,331.0,327.0,329.0,90800
2015-08-13,328.0,330.0,327.0,329.0,76700
2015-08-14,325.0,329.0,325.0,328.0,88600
2015-08-17,330.0,332.0,328.0,331.0,80500
2015-08-18,332.0,332.0,330.0,332.0,59700
2015-08-19,332.0,339.0,331.0,337.0,248700
2015-08-20,338.0,338.0,333.0,335.0,133900
2015-08-21,332.0,332.0,325.0,326.0,224000
2015-08-24,315.0,317.0,287.0,296.0,425000
2015-08-25,272.0,296.0,267.0,280.0,623000
2015-08-26,276.0,300.0,276.0,299.0,335100
2015-08-27,305.0,308.0,300.0,301.0,128500
2015-08-28,307.0,309.0,305.0,308.0,105600
2015-08-31,312.0,315.0,307.0,315.0,190100
2015-09-01,313.0,314.0,302.0,302.0,111700
2015-09-02,295.0,309.0,292.0,302.0,103900
2015-09-03,305.0,310.0,301.0,302.0,76100
2015-09-04,301.0,303.0,280.0,290.0,317800
2015-09-07,282.0,291.0,280.0,285.0,116800
2015-09-08,285.0,294.0,280.0,281.0,179600
2015-09-09,291.0,295.0,288.0,295.0,113800
2015-09-10,289.0,294.0,288.0,293.0,51200
2015-09-11,294.0,308.0,292.0,302.0,110000
2015-09-14,301.0,304.0,297.0,299.0,53900
2015-09-15,302.0,303.0,296.0,296.0,50500
2015-09-16,297.0,301.0,297.0,298.0,47200
2015-09-17,299.0,303.0,299.0,303.0,41400
2015-09-18,303.0,303.0,298.0,299.0,58500
2015-09-24,296.0,298.0,292.0,293.0,90400
2015-09-25,293.0,297.0,285.0,295.0,88000
2015-09-28,291.0,300.0,291.0,297.0,35000
2015-09-29,293.0,296.0,290.0,292.0,130400
2015-09-30,292.0,297.0,292.0,294.0,37000
2015-10-01,296.0,298.0,295.0,298.0,30200
2015-10-02,298.0,305.0,297.0,304.0,94500
2015-10-05,305.0,309.0,304.0,308.0,70500
2015-10-06,310.0,311.0,306.0,308.0,42700
2015-10-07,308.0,310.0,306.0,307.0,22400
2015-10-08,307.0,308.0,305.0,306.0,27900
2015-10-09,307.0,308.0,306.0,306.0,30500
2015-10-13,305.0,306.0,304.0,305.0,41600
2015-10-14,305.0,305.0,299.0,299.0,68600
2015-10-15,299.0,303.0,296.0,302.0,62300
2015-10-16,302.0,304.0,301.0,301.0,37800
2015-10-19,303.0,303.0,299.0,299.0,34100
2015-10-20,300.0,301.0,299.0,299.0,22500
2015-10-21,299.0,303.0,298.0,301.0,64800
2015-10-22,301.0,301.0,298.0,301.0,41700
2015-10-23,303.0,304.0,301.0,302.0,77600
2015-10-26,302.0,305.0,300.0,305.0,108000
2015-10-27,303.0,304.0,303.0,303.0,47700
2015-10-28,304.0,305.0,303.0,303.0,34500
2015-10-29,304.0,305.0,302.0,303.0,36900
2015-10-30,304.0,305.0,303.0,303.0,51500
2015-11-02,304.0,306.0,303.0,306.0,40700
2015-11-04,306.0,306.0,304.0,304.0,58400
2015-11-05,303.0,303.0,296.0,298.0,173900
2015-11-06,281.0,288.0,280.0,288.0,472100
2015-11-09,286.0,290.0,286.0,287.0,91600
2015-11-10,285.0,289.0,285.0,287.0,62500
2015-11-11,289.0,290.0,288.0,288.0,60400
2015-11-12,289.0,291.0,288.0,291.0,48700
2015-11-13,291.0,291.0,289.0,291.0,40300
2015-11-16,288.0,291.0,288.0,289.0,39800
2015-11-17,290.0,291.0,289.0,289.0,40700
2015-11-18,292.0,292.0,289.0,290.0,65300
2015-11-19,290.0,291.0,288.0,290.0,61500
2015-11-20,290.0,291.0,288.0,288.0,47100
2015-11-24,290.0,291.0,289.0,291.0,57200
2015-11-25,292.0,293.0,290.0,292.0,52600
2015-11-26,292.0,294.0,292.0,294.0,114000
2015-11-27,294.0,295.0,292.0,293.0,102000
2015-11-30,295.0,297.0,294.0,294.0,81900
2015-12-01,295.0,297.0,295.0,295.0,64500
2015-12-02,296.0,300.0,296.0,300.0,83100
2015-12-03,300.0,301.0,298.0,299.0,40000
2015-12-04,298.0,299.0,297.0,298.0,63300
2015-12-07,300.0,301.0,299.0,300.0,52100
2015-12-08,300.0,301.0,298.0,299.0,57300
2015-12-09,299.0,300.0,297.0,299.0,87900
2015-12-10,296.0,300.0,296.0,297.0,62800
2015-12-11,298.0,299.0,297.0,298.0,59400
2015-12-14,293.0,296.0,292.0,296.0,98500
2015-12-15,296.0,296.0,291.0,294.0,81100
2015-12-16,294.0,297.0,293.0,294.0,77600
2015-12-17,294.0,299.0,294.0,298.0,83200
2015-12-18,296.0,298.0,295.0,295.0,50700
2015-12-21,295.0,296.0,292.0,295.0,84800
2015-12-22,295.0,296.0,294.0,294.0,93200
2015-12-24,294.0,295.0,292.0,292.0,162200
2015-12-25,292.0,292.0,292.0,292.0,0
2015-12-28,282.0,289.0,281.0,288.0,121900
2015-12-29,287.0,291.0,286.0,288.0,69100
2015-12-30,289.0,291.0,289.0,289.0,38100
2016-01-04,289.0,289.0,282.0,284.0,155700
2016-01-05,283.0,287.0,282.0,285.0,83200
2016-01-06,285.0,288.0,282.0,282.0,83900
2016-01-07,283.0,286.0,283.0,284.0,107800
2016-01-08,282.0,284.0,282.0,283.0,90000
2016-01-12,281.0,284.0,272.0,275.0,209300
2016-01-13,279.0,279.0,271.0,278.0,107500
2016-01-14,272.0,274.0,270.0,273.0,125800
2016-01-15,273.0,274.0,270.0,270.0,147500
2016-01-18,260.0,263.0,259.0,261.0,177500
2016-01-19,263.0,264.0,260.0,263.0,88600
2016-01-20,264.0,270.0,255.0,255.0,209700
2016-01-21,250.0,260.0,249.0,249.0,241500
2016-01-22,255.0,265.0,254.0,265.0,115100
2016-01-25,266.0,268.0,263.0,267.0,110700
2016-01-26,265.0,268.0,262.0,268.0,101200
2016-01-27,270.0,273.0,270.0,271.0,74400
2016-01-28,271.0,271.0,266.0,270.0,41300
2016-01-29,271.0,286.0,266.0,285.0,243200
2016-02-01,295.0,296.0,287.0,289.0,326100
2016-02-02,289.0,291.0,282.0,282.0,94800
2016-02-03,280.0,285.0,273.0,279.0,142900
2016-02-04,279.0,281.0,275.0,275.0,51900
2016-02-05,268.0,278.0,265.0,266.0,191600
2016-02-08,266.0,270.0,260.0,267.0,64700
2016-02-09,261.0,262.0,254.0,261.0,118100
2016-02-10,268.0,269.0,252.0,258.0,153000
2016-02-12,250.0,252.0,244.0,248.0,430700
2016-02-15,259.0,264.0,256.0,261.0,132800
2016-02-16,259.0,269.0,258.0,265.0,129000
2016-02-17,263.0,269.0,256.0,258.0,131200
2016-02-18,263.0,265.0,258.0,265.0,58200
2016-02-19,262.0,267.0,260.0,267.0,50300
2016-02-22,267.0,271.0,267.0,270.0,83500
2016-02-23,274.0,275.0,266.0,271.0,70200
2016-02-24,267.0,271.0,266.0,269.0,45400
2016-02-25,271.0,274.0,268.0,274.0,72400
2016-02-26,273.0,276.0,265.0,269.0,217100
2016-02-29,271.0,272.0,267.0,267.0,61500
2016-03-01,269.0,271.0,267.0,271.0,65700
2016-03-02,274.0,275.0,271.0,272.0,47800
2016-03-03,273.0,277.0,273.0,276.0,59200
2016-03-04,274.0,279.0,274.0,279.0,71300
2016-03-07,278.0,282.0,277.0,278.0,86800
2016-03-08,280.0,280.0,275.0,279.0,79300
2016-03-09,276.0,278.0,275.0,276.0,67500
2016-03-10,280.0,282.0,277.0,282.0,52800
2016-03-11,304.0,305.0,292.0,298.0,663000
2016-03-14,302.0,303.0,298.0,302.0,203500
2016-03-15,302.0,306.0,300.0,306.0,159800
2016-03-16,305.0,305.0,301.0,305.0,78600
2016-03-17,304.0,304.0,298.0,298.0,142300
2016-03-18,296.0,300.0,296.0,298.0,94800
2016-03-22,298.0,300.0,298.0,299.0,57700
2016-03-23,300.0,302.0,297.0,300.0,116800
2016-03-24,300.0,302.0,297.0,301.0,111800
2016-03-25,300.0,304.0,300.0,302.0,108700
2016-03-28,303.0,303.0,300.0,301.0,112000
2016-03-29,301.0,312.0,300.0,311.0,216600
2016-03-30,310.0,316.0,308.0,313.0,151300
2016-03-31,314.0,323.0,314.0,321.0,313200
2016-04-01,318.0,321.0,306.0,308.0,267000
2016-04-04,309.0,313.0,309.0,312.0,69300
2016-04-05,310.0,310.0,299.0,300.0,212800
2016-04-06,299.0,303.0,297.0,303.0,72400
2016-04-07,303.0,308.0,302.0,307.0,70800
2016-04-08,302.0,312.0,301.0,311.0,119200
2016-04-11,311.0,316.0,308.0,316.0,207800
2016-04-12,316.0,317.0,312.0,314.0,112100
2016-04-13,315.0,333.0,315.0,330.0,696700
2016-04-14,350.0,356.0,342.0,347.0,1653900
2016-04-15,344.0,348.0,339.0,348.0,349200
2016-04-18,339.0,346.0,331.0,341.0,409100
2016-04-19,347.0,364.0,345.0,363.0,1668100
2016-04-20,362.0,366.0,352.0,355.0,863300
2016-04-21,360.0,364.0,357.0,360.0,390800
2016-04-22,353.0,356.0,341.0,355.0,541000
2016-04-25,357.0,357.0,341.0,343.0,431500
2016-04-26,333.0,334.0,323.0,330.0,491200
2016-04-27,331.0,341.0,330.0,337.0,233700
2016-04-28,338.0,339.0,325.0,331.0,241900
2016-05-02,318.0,326.0,317.0,323.0,161800
2016-05-06,322.0,327.0,321.0,327.0,139100
2016-05-09,326.0,331.0,324.0,330.0,106400
2016-05-10,326.0,339.0,326.0,336.0,174800
2016-05-11,334.0,338.0,332.0,334.0,128900
2016-05-12,333.0,336.0,332.0,335.0,92600
2016-05-13,317.0,321.0,312.0,318.0,395700
2016-05-16,318.0,321.0,313.0,313.0,134000
2016-05-17,315.0,318.0,314.0,316.0,60100
2016-05-18,315.0,316.0,310.0,311.0,184200
2016-05-19,310.0,312.0,307.0,307.0,154200
2016-05-20,303.0,308.0,302.0,305.0,227100
2016-05-23,312.0,318.0,311.0,314.0,271100
2016-05-24,314.0,317.0,308.0,309.0,176200
2016-05-25,311.0,311.0,308.0,309.0,147200
2016-05-26,309.0,310.0,304.0,305.0,197800
2016-05-27,306.0,308.0,305.0,308.0,106300
2016-05-30,309.0,312.0,309.0,312.0,80900
2016-05-31,312.0,315.0,310.0,313.0,106600
2016-06-01,314.0,315.0,313.0,314.0,93700
2016-06-02,314.0,317.0,313.0,317.0,123500
2016-06-03,316.0,322.0,316.0,321.0,108100
2016-06-06,317.0,317.0,314.0,316.0,130100
2016-06-07,315.0,318.0,314.0,315.0,83500
2016-06-08,315.0,317.0,314.0,315.0,82500
2016-06-09,316.0,316.0,314.0,316.0,52500
2016-06-10,315.0,316.0,313.0,315.0,105500
2016-06-13,313.0,313.0,308.0,308.0,151200
2016-06-14,308.0,312.0,302.0,305.0,198100
2016-06-15,303.0,304.0,298.0,301.0,136500
2016-06-16,301.0,301.0,292.0,293.0,207000
2016-06-17,295.0,299.0,295.0,296.0,94200
2016-06-20,300.0,308.0,300.0,305.0,102600
2016-06-21,305.0,305.0,299.0,304.0,134400
2016-06-22,304.0,305.0,302.0,304.0,87900
2016-06-23,302.0,304.0,301.0,304.0,91900
2016-06-24,308.0,308.0,270.0,296.0,500400
2016-06-27,292.0,301.0,291.0,298.0,512100
2016-06-28,287.0,289.0,279.0,286.0,273900
2016-06-29,288.0,290.0,281.0,285.0,156200
2016-06-30,287.0,287.0,281.0,282.0,109200
2016-07-01,284.0,286.0,283.0,286.0,80200
2016-07-04,288.0,292.0,286.0,290.0,126500
2016-07-05,290.0,291.0,286.0,287.0,53400
2016-07-06,285.0,286.0,283.0,284.0,71200
2016-07-07,284.0,284.0,279.0,280.0,99600
2016-07-08,280.0,282.0,273.0,275.0,122800
2016-07-11,275.0,275.0,275.0,275.0,0
2016-07-12,280.0,288.0,279.0,283.0,130600
2016-07-13,286.0,287.0,282.0,285.0,118500
2016-07-14,286.0,287.0,283.0,284.0,93200
2016-07-15,289.0,292.0,288.0,290.0,142800
2016-07-19,290.0,294.0,290.0,294.0,59200
2016-07-20,294.0,294.0,291.0,294.0,54800
2016-07-21,295.0,296.0,293.0,295.0,82700
2016-07-22,294.0,294.0,292.0,294.0,38400
2016-07-25,294.0,298.0,294.0,297.0,88100
2016-07-26,298.0,299.0,292.0,294.0,97400
2016-07-27,292.0,301.0,292.0,300.0,168000
2016-07-28,299.0,299.0,295.0,296.0,91400
2016-07-29,296.0,297.0,293.0,297.0,148900
2016-08-01,294.0,298.0,294.0,297.0,91800
2016-08-02,296.0,298.0,294.0,294.0,34100
2016-08-03,293.0,296.0,292.0,294.0,40500
2016-08-04,293.0,295.0,292.0,294.0,66900
2016-08-05,295.0,296.0,292.0,293.0,56100
2016-08-08,296.0,296.0,291.0,294.0,130800
2016-08-09,294.0,296.0,293.0,296.0,47200
2016-08-10,325.0,332.0,315.0,320.0,1360600
2016-08-12,319.0,320.0,314.0,319.0,286000
2016-08-15,317.0,321.0,314.0,321.0,317100
2016-08-16,320.0,321.0,318.0,318.0,103800
2016-08-17,316.0,321.0,316.0,321.0,102600
2016-08-18,320.0,321.0,318.0,319.0,80300
2016-08-19,318.0,321.0,318.0,320.0,129100
2016-08-22,319.0,322.0,318.0,322.0,124200
2016-08-23,323.0,328.0,322.0,328.0,153800
2016-08-24,325.0,328.0,325.0,328.0,55500
2016-08-25,328.0,329.0,325.0,329.0,66500
2016-08-26,327.0,329.0,322.0,323.0,157400
2016-08-29,323.0,326.0,323.0,324.0,105400
2016-08-30,325.0,325.0,323.0,324.0,62000
2016-08-31,325.0,325.0,323.0,324.0,79100
2016-09-01,323.0,325.0,323.0,325.0,121700
2016-09-02,325.0,325.0,323.0,325.0,28000
2016-09-05,325.0,330.0,325.0,330.0,99900
2016-09-06,328.0,330.0,325.0,328.0,49200
2016-09-07,326.0,329.0,326.0,327.0,34100
2016-09-08,327.0,328.0,326.0,327.0,27000
2016-09-09,327.0,329.0,326.0,327.0,58800
2016-09-12,327.0,329.0,326.0,327.0,59300
2016-09-13,327.0,328.0,326.0,327.0,33100
2016-09-14,327.0,341.0,327.0,339.0,832800
2016-09-15,342.0,344.0,336.0,336.0,483800
2016-09-16,332.0,336.0,332.0,333.0,151900
2016-09-20,331.0,332.0,328.0,330.0,177500
2016-09-21,330.0,331.0,326.0,329.0,156200
2016-09-23,330.0,331.0,328.0,329.0,87600
2016-09-26,328.0,329.0,327.0,329.0,80100
2016-09-27,329.0,331.0,328.0,329.0,80800
2016-09-28,329.0,329.0,325.0,327.0,151600
2016-09-29,328.0,330.0,327.0,329.0,82400
2016-09-30,328.0,329.0,326.0,326.0,83600
2016-10-03,328.0,329.0,326.0,328.0,92200
2016-10-04,328.0,329.0,327.0,328.0,44400
2016-10-05,326.0,328.0,326.0,327.0,56800
2016-10-06,326.0,328.0,325.0,326.0,121900
2016-10-07,327.0,327.0,325.0,326.0,55900
2016-10-11,326.0,327.0,325.0,327.0,70800
2016-10-12,326.0,327.0,324.0,324.0,94100
2016-10-13,324.0,326.0,324.0,325.0,92400
2016-10-14,324.0,326.0,324.0,326.0,48500
2016-10-17,326.0,328.0,326.0,326.0,76700
2016-10-18,327.0,328.0,326.0,326.0,74600
2016-10-19,326.0,328.0,326.0,327.0,67500
2016-10-20,328.0,329.0,326.0,328.0,92000
2016-10-21,330.0,333.0,328.0,332.0,172600
2016-10-24,332.0,338.0,332.0,338.0,185400
2016-10-25,338.0,342.0,336.0,339.0,350900
2016-10-26,338.0,340.0,337.0,339.0,102200
2016-10-27,340.0,344.0,339.0,342.0,239800
2016-10-28,343.0,349.0,343.0,346.0,261900
2016-10-31,347.0,348.0,346.0,346.0,126000
2016-11-01,346.0,346.0,342.0,344.0,128400
2016-11-02,341.0,343.0,334.0,336.0,264000
2016-11-04,333.0,338.0,332.0,334.0,117000
2016-11-07,336.0,340.0,336.0,338.0,75400
2016-11-08,339.0,339.0,336.0,338.0,74600
2016-11-09,339.0,339.0,324.0,331.0,344600
2016-11-10,339.0,341.0,336.0,338.0,259300
2016-11-11,345.0,345.0,335.0,338.0,323200
2016-11-14,340.0,342.0,339.0,341.0,102700
2016-11-15,341.0,343.0,339.0,341.0,186600
2016-11-16,341.0,344.0,340.0,343.0,114400
2016-11-17,343.0,344.0,342.0,343.0,65000
2016-11-18,343.0,344.0,341.0,343.0,82200
2016-11-21,344.0,345.0,342.0,344.0,175500
2016-11-22,344.0,344.0,342.0,344.0,63700
2016-11-24,345.0,348.0,343.0,347.0,241200
2016-11-25,347.0,350.0,345.0,347.0,216100
2016-11-28,350.0,353.0,349.0,350.0,204300
2016-11-29,350.0,352.0,347.0,351.0,129000
2016-11-30,351.0,356.0,351.0,354.0,203800
2016-12-01,357.0,362.0,355.0,355.0,363100
2016-12-02,353.0,360.0,353.0,356.0,114000
2016-12-05,359.0,364.0,357.0,363.0,284200
2016-12-06,363.0,370.0,363.0,369.0,236200
2016-12-07,372.0,375.0,370.0,375.0,315500
2016-12-08,377.0,380.0,371.0,374.0,242600
2016-12-09,374.0,377.0,371.0,372.0,176800
2016-12-12,372.0,372.0,365.0,366.0,292900
2016-12-13,363.0,365.0,361.0,364.0,178000
2016-12-14,363.0,367.0,362.0,365.0,122000
2016-12-15,365.0,367.0,364.0,366.0,158000
2016-12-16,367.0,368.0,365.0,365.0,133100
2016-12-19,366.0,369.0,366.0,368.0,101100
2016-12-20,368.0,371.0,368.0,370.0,109700
2016-12-21,370.0,372.0,366.0,367.0,182000
2016-12-22,367.0,369.0,365.0,367.0,257700
2016-12-26,368.0,369.0,366.0,366.0,379900
2016-12-27,367.0,368.0,362.0,364.0,443300
2016-12-28,357.0,359.0,354.0,358.0,195000
2016-12-29,358.0,358.0,349.0,353.0,309000
2016-12-30,352.0,359.0,352.0,357.0,176900
2017-01-04,360.0,363.0,360.0,363.0,156400
2017-01-05,363.0,364.0,360.0,362.0,136500
2017-01-06,361.0,364.0,360.0,364.0,157300
2017-01-10,365.0,373.0,365.0,373.0,374900
2017-01-11,375.0,380.0,373.0,380.0,287300
2017-01-12,379.0,379.0,373.0,373.0,193800
2017-01-13,372.0,376.0,372.0,375.0,143900
2017-01-16,376.0,378.0,374.0,376.0,138300
2017-01-17,374.0,375.0,371.0,372.0,181500
2017-01-18,371.0,371.0,367.0,371.0,157100
2017-01-19,373.0,375.0,372.0,373.0,138600
2017-01-20,372.0,374.0,371.0,374.0,89800
2017-01-23,373.0,375.0,372.0,375.0,81900
2017-01-24,375.0,376.0,373.0,373.0,78000
2017-01-25,375.0,376.0,373.0,374.0,64300
2017-01-26,376.0,377.0,374.0,374.0,91100
2017-01-27,375.0,376.0,374.0,375.0,76200
2017-01-30,374.0,380.0,373.0,377.0,170200
2017-01-31,373.0,377.0,373.0,374.0,83700
2017-02-01,372.0,375.0,372.0,375.0,93500
2017-02-02,375.0,375.0,371.0,371.0,102600
2017-02-03,372.0,372.0,370.0,370.0,110800
2017-02-06,372.0,372.0,369.0,369.0,100200
2017-02-07,369.0,371.0,368.0,370.0,83000
2017-02-08,370.0,371.0,367.0,370.0,90100
2017-02-09,370.0,372.0,369.0,370.0,131200
2017-02-10,375.0,375.0,369.0,370.0,200600
2017-02-13,373.0,373.0,370.0,371.0,111100
2017-02-14,372.0,373.0,370.0,371.0,113200
2017-02-15,372.0,374.0,371.0,372.0,139900
2017-02-16,372.0,373.0,369.0,371.0,156600
2017-02-17,372.0,372.0,370.0,372.0,93500
2017-02-20,371.0,374.0,371.0,372.0,168900
2017-02-21,372.0,376.0,372.0,375.0,186400
2017-02-22,376.0,377.0,374.0,376.0,154700
2017-02-23,377.0,382.0,375.0,380.0,260500
2017-02-24,386.0,395.0,384.0,394.0,515200
2017-02-27,396.0,406.0,396.0,405.0,463200
2017-02-28,405.0,421.0,395.0,398.0,623800
2017-03-01,398.0,405.0,398.0,402.0,189100
2017-03-02,404.0,405.0,402.0,405.0,145200
2017-03-03,409.0,418.0,408.0,418.0,488600
2017-03-06,420.0,440.0,419.0,438.0,600200
2017-03-07,435.0,437.0,428.0,428.0,379500
2017-03-08,429.0,436.0,429.0,432.0,280900
2017-03-09,432.0,433.0,426.0,428.0,142200
2017-03-10,428.0,431.0,425.0,431.0,130900
2017-03-13,430.0,430.0,420.0,424.0,224900
2017-03-14,420.0,430.0,420.0,428.0,170200
2017-03-15,425.0,428.0,422.0,425.0,277200
2017-03-16,425.0,434.0,424.0,431.0,178900
2017-03-17,427.0,429.0,419.0,419.0,338100
2017-03-21,417.0,417.0,406.0,409.0,403500
2017-03-22,403.0,409.0,401.0,406.0,303500
2017-03-23,403.0,405.0,392.0,395.0,296600
2017-03-24,394.0,398.0,388.0,392.0,307000
2017-03-27,392.0,393.0,387.0,389.0,225200
2017-03-28,390.0,399.0,390.0,397.0,192700
2017-03-29,397.0,407.0,397.0,403.0,176900
2017-03-30,406.0,408.0,401.0,403.0,178900
2017-03-31,402.0,408.0,401.0,404.0,164800
2017-04-03,406.0,407.0,403.0,403.0,90000
2017-04-04,403.0,404.0,393.0,400.0,231700
2017-04-05,399.0,399.0,392.0,394.0,163800
2017-04-06,395.0,397.0,381.0,382.0,241500
2017-04-07,384.0,390.0,382.0,387.0,91300
2017-04-10,392.0,393.0,389.0,391.0,49500
2017-04-11,393.0,393.0,387.0,388.0,92300
2017-04-12,385.0,386.0,377.0,381.0,186100
2017-04-13,374.0,382.0,374.0,379.0,147100
2017-04-14,378.0,382.0,376.0,378.0,61800
2017-04-17,379.0,384.0,377.0,384.0,96500
2017-04-18,390.0,391.0,386.0,388.0,83400
2017-04-19,388.0,393.0,386.0,391.0,46900
2017-04-20,391.0,394.0,389.0,390.0,61600
2017-04-21,406.0,414.0,403.0,410.0,506900
2017-04-24,413.0,414.0,404.0,405.0,202100
2017-04-25,407.0,410.0,406.0,410.0,116200
2017-04-26,412.0,422.0,411.0,422.0,418800
2017-04-27,419.0,425.0,418.0,425.0,124700
2017-04-28,425.0,426.0,420.0,420.0,109000
2017-05-01,418.0,422.0,415.0,420.0,137200
2017-05-02,421.0,422.0,418.0,420.0,143500
2017-05-08,425.0,425.0,420.0,422.0,155100
2017-05-09,422.0,429.0,422.0,428.0,221000
2017-05-10,426.0,431.0,426.0,429.0,144000
2017-05-11,432.0,433.0,429.0,433.0,174400
2017-05-12,429.0,431.0,424.0,425.0,228100
2017-05-15,426.0,427.0,425.0,426.0,107700
2017-05-16,428.0,429.0,423.0,425.0,166800
2017-05-17,425.0,426.0,423.0,423.0,107600
2017-05-18,417.0,420.0,411.0,420.0,292300
2017-05-19,426.0,431.0,424.0,427.0,252100
2017-05-22,430.0,433.0,428.0,432.0,177900
2017-05-23,434.0,444.0,433.0,444.0,536800
2017-05-24,446.0,449.0,445.0,447.0,256400
2017-05-25,448.0,448.0,443.0,446.0,220000
2017-05-26,447.0,447.0,441.0,443.0,208700
2017-05-29,445.0,446.0,440.0,440.0,139800
2017-05-30,440.0,446.0,440.0,443.0,141500
2017-05-31,442.0,445.0,440.0,441.0,219500
2017-06-01,439.0,443.0,438.0,442.0,154600
2017-06-02,442.0,444.0,441.0,442.0,171500
2017-06-05,442.0,445.0,441.0,444.0,184400
2017-06-06,444.0,446.0,440.0,444.0,232800
2017-06-07,444.0,448.0,442.0,448.0,220900
2017-06-08,448.0,459.0,448.0,455.0,472500
2017-06-09,455.0,467.0,454.0,465.0,440200
2017-06-12,468.0,483.0,464.0,478.0,546500
2017-06-13,480.0,485.0,480.0,481.0,284500
2017-06-14,482.0,483.0,453.0,465.0,540100
2017-06-15,465.0,465.0,457.0,457.0,252500
2017-06-16,455.0,456.0,453.0,454.0,218000
2017-06-19,454.0,464.0,454.0,463.0,235500
2017-06-20,465.0,467.0,457.0,458.0,274600
2017-06-21,459.0,460.0,454.0,456.0,249400
2017-06-22,456.0,459.0,452.0,454.0,253000
2017-06-23,451.0,453.0,445.0,449.0,454900
2017-06-26,449.0,452.0,445.0,447.0,529800
2017-06-27,445.0,445.0,440.0,442.0,927700
2017-06-28,430.0,435.0,425.0,425.0,508800
2017-06-29,425.0,428.0,423.0,425.0,298900
2017-06-30,426.0,426.0,420.0,422.0,291800
2017-07-03,422.0,422.0,418.0,421.0,249500
2017-07-04,422.0,423.0,418.0,418.0,289900
2017-07-05,420.0,422.0,418.0,421.0,197400
2017-07-06,424.0,429.0,423.0,427.0,358700
2017-07-07,432.0,438.0,429.0,436.0,438400
2017-07-10,444.0,444.0,438.0,441.0,315500
2017-07-11,441.0,443.0,438.0,438.0,173000
2017-07-12,441.0,441.0,437.0,437.0,101300
2017-07-13,439.0,439.0,436.0,437.0,137100
2017-07-14,440.0,442.0,438.0,442.0,182500
2017-07-17,442.0,442.0,442.0,442.0,0
2017-07-18,442.0,442.0,439.0,442.0,128500
2017-07-19,441.0,442.0,439.0,441.0,94900
2017-07-20,441.0,442.0,438.0,438.0,110600
2017-07-21,439.0,441.0,438.0,440.0,100300
2017-07-24,440.0,444.0,440.0,444.0,150700
2017-07-25,444.0,445.0,442.0,445.0,99500
2017-07-26,445.0,446.0,443.0,444.0,106900
2017-07-27,443.0,444.0,442.0,442.0,62100
2017-07-28,443.0,443.0,440.0,440.0,97700
2017-07-31,440.0,442.0,438.0,441.0,132100
2017-08-01,441.0,441.0,433.0,436.0,218300
2017-08-02,438.0,439.0,435.0,435.0,182900
2017-08-03,436.0,438.0,435.0,436.0,126600
2017-08-04,436.0,437.0,435.0,436.0,48800
2017-08-07,437.0,437.0,434.0,436.0,100100
2017-08-08,436.0,438.0,434.0,438.0,115400
2017-08-09,437.0,437.0,431.0,434.0,190000
2017-08-10,354.0,354.0,354.0,354.0,278400
2017-08-11,354.0,354.0,354.0,354.0,0
2017-08-14,317.0,342.0,313.0,332.0,1504000
2017-08-15,334.0,349.0,334.0,345.0,578400
2017-08-16,350.0,353.0,343.0,344.0,307300
2017-08-17,349.0,350.0,341.0,345.0,237400
2017-08-18,341.0,345.0,339.0,343.0,238100
2017-08-21,340.0,343.0,333.0,337.0,281800
2017-08-22,337.0,337.0,335.0,337.0,115600
2017-08-23,337.0,338.0,334.0,337.0,109100
2017-08-24,335.0,337.0,334.0,334.0,147500
2017-08-25,334.0,337.0,333.0,333.0,168200
2017-08-28,333.0,336.0,332.0,334.0,111200
2017-08-29,332.0,335.0,330.0,330.0,148600
2017-08-30,330.0,332.0,330.0,330.0,174200
2017-08-31,330.0,330.0,325.0,326.0,269400
2017-09-01,325.0,327.0,323.0,326.0,276500
2017-09-04,326.0,326.0,323.0,324.0,142400
2017-09-05,324.0,324.0,318.0,318.0,212100
2017-09-06,315.0,321.0,314.0,320.0,177600
2017-09-07,322.0,322.0,319.0,321.0,87900
2017-09-08,321.0,321.0,317.0,319.0,93800
2017-09-11,320.0,321.0,318.0,319.0,125400
2017-09-12,321.0,329.0,321.0,329.0,396800
2017-09-13,328.0,332.0,327.0,330.0,122400
2017-09-14,333.0,337.0,332.0,337.0,155400
2017-09-15,333.0,338.0,332.0,333.0,141600
2017-09-18,333.0,333.0,333.0,333.0,0
2017-09-19,336.0,337.0,334.0,336.0,126400
2017-09-20,336.0,337.0,333.0,333.0,102600
2017-09-21,336.0,338.0,334.0,334.0,119300
2017-09-22,336.0,337.0,334.0,334.0,124600
2017-09-25,336.0,343.0,335.0,338.0,188500
2017-09-26,339.0,341.0,337.0,339.0,220700
2017-09-27,341.0,347.0,341.0,346.0,147500
2017-09-28,349.0,355.0,348.0,348.0,247600
2017-09-29,351.0,352.0,348.0,350.0,79600
2017-10-02,351.0,351.0,346.0,348.0,112700
2017-10-03,349.0,351.0,348.0,350.0,69000
2017-10-04,350.0,354.0,350.0,352.0,115200
2017-10-05,351.0,352.0,349.0,349.0,77600
2017-10-06,349.0,351.0,348.0,350.0,52400
2017-10-09,350.0,350.0,350.0,350.0,0
2017-10-10,350.0,351.0,348.0,348.0,74000
2017-10-11,349.0,350.0,347.0,347.0,81500
2017-10-12,348.0,351.0,348.0,349.0,79600
2017-10-13,348.0,349.0,347.0,347.0,53900
2017-10-16,349.0,349.0,347.0,349.0,67300
2017-10-17,348.0,349.0,346.0,346.0,62900
2017-10-18,346.0,348.0,344.0,344.0,97100
2017-10-19,346.0,346.0,344.0,346.0,56600
2017-10-20,345.0,345.0,343.0,343.0,65800
2017-10-23,343.0,344.0,339.0,341.0,207100
2017-10-24,340.0,340.0,337.0,337.0,104900
2017-10-25,337.0,340.0,336.0,337.0,78000
2017-10-26,337.0,339.0,335.0,335.0,85300
2017-10-27,335.0,338.0,335.0,337.0,34600
2017-10-30,338.0,341.0,337.0,341.0,93000
2017-10-31,342.0,343.0,340.0,341.0,63300
2017-11-01,342.0,346.0,342.0,343.0,138100
2017-11-02,343.0,346.0,343.0,343.0,77100
2017-11-03,343.0,343.0,343.0,343.0,0
2017-11-06,345.0,345.0,342.0,343.0,71100
2017-11-07,340.0,343.0,338.0,343.0,116600
2017-11-08,341.0,343.0,339.0,342.0,52900
2017-11-09,342.0,342.0,337.0,337.0,162700
2017-11-10,337.0,342.0,337.0,340.0,80400
2017-11-13,342.0,342.0,339.0,340.0,48100
2017-11-14,344.0,346.0,342.0,345.0,199200
2017-11-15,345.0,347.0,340.0,342.0,140700
2017-11-16,343.0,346.0,340.0,346.0,69100
2017-11-17,346.0,356.0,346.0,356.0,291800
2017-11-20,357.0,359.0,354.0,354.0,170700
2017-11-21,354.0,359.0,354.0,355.0,137400
2017-11-22,357.0,370.0,356.0,369.0,397000
2017-11-23,369.0,369.0,369.0,369.0,0
2017-11-24,379.0,379.0,369.0,372.0,324000
2017-11-27,371.0,372.0,358.0,365.0,206200
2017-11-28,365.0,366.0,360.0,366.0,114600
2017-11-29,366.0,367.0,364.0,364.0,96800
2017-11-30,364.0,365.0,361.0,362.0,93500
2017-12-01,362.0,365.0,361.0,363.0,105000
2017-12-04,362.0,365.0,361.0,362.0,61000
2017-12-05,362.0,363.0,358.0,359.0,147200
2017-12-06,359.0,359.0,354.0,356.0,135800
2017-12-07,355.0,357.0,354.0,357.0,91200
2017-12-08,357.0,359.0,355.0,358.0,78500
2017-12-11,358.0,364.0,358.0,364.0,99400
2017-12-12,364.0,367.0,363.0,366.0,163100
2017-12-13,366.0,367.0,364.0,364.0,55100
2017-12-14,364.0,365.0,363.0,364.0,68700
2017-12-15,363.0,363.0,358.0,359.0,120800
2017-12-18,360.0,360.0,354.0,354.0,159900
2017-12-19,355.0,356.0,353.0,355.0,81500
2017-12-20,354.0,357.0,351.0,351.0,158400
2017-12-21,351.0,352.0,347.0,347.0,174000
2017-12-22,350.0,352.0,347.0,350.0,135700
2017-12-25,349.0,351.0,348.0,350.0,181300
2017-12-26,349.0,350.0,347.0,349.0,294700
2017-12-27,339.0,345.0,338.0,344.0,168000
2017-12-28,344.0,345.0,342.0,343.0,50000
2017-12-29,343.0,344.0,340.0,341.0,73800
2018-01-01,341.0,341.0,341.0,341.0,0
2018-01-02,341.0,341.0,341.0,341.0,0
2018-01-03,341.0,341.0,341.0,341.0,0
2018-01-04,342.0,344.0,340.0,340.0,100400
2018-01-05,341.0,342.0,340.0,341.0,90400
2018-01-08,341.0,341.0,341.0,341.0,0
2018-01-09,341.0,343.0,341.0,341.0,84600
2018-01-10,342.0,344.0,342.0,343.0,92100
2018-01-11,343.0,350.0,343.0,348.0,129700
2018-01-12,348.0,349.0,346.0,346.0,77600
2018-01-15,348.0,350.0,347.0,350.0,94600
2018-01-16,350.0,353.0,350.0,351.0,89800
2018-01-17,352.0,352.0,350.0,351.0,67500
2018-01-18,352.0,352.0,346.0,347.0,126000
2018-01-19,359.0,362.0,350.0,354.0,572200
2018-01-22,359.0,359.0,353.0,359.0,160800
2018-01-23,359.0,364.0,357.0,360.0,146600
2018-01-24,361.0,361.0,357.0,359.0,122000
2018-01-25,357.0,359.0,355.0,357.0,85200
2018-01-26,358.0,358.0,355.0,355.0,55600
2018-01-29,355.0,356.0,354.0,355.0,52200
2018-01-30,354.0,356.0,350.0,350.0,131500
2018-01-31,346.0,351.0,345.0,347.0,125200
2018-02-01,351.0,352.0,348.0,350.0,43200
2018-02-02,348.0,349.0,347.0,347.0,54900
2018-02-05,345.0,346.0,343.0,346.0,117800
2018-02-06,330.0,333.0,321.0,330.0,389300
2018-02-07,339.0,341.0,333.0,335.0,137700
2018-02-08,338.0,342.0,335.0,339.0,113500
2018-02-09,368.0,378.0,347.0,378.0,1550500
2018-02-12,378.0,378.0,378.0,378.0,0
2018-02-13,377.0,377.0,355.0,355.0,350700
2018-02-14,358.0,359.0,341.0,348.0,272400
2018-02-15,355.0,358.0,348.0,351.0,132900
2018-02-16,356.0,357.0,353.0,354.0,57500
2018-02-19,357.0,362.0,355.0,362.0,107900
2018-02-20,360.0,372.0,360.0,371.0,171500
2018-02-21,371.0,375.0,369.0,371.0,74500
2018-02-22,370.0,370.0,364.0,370.0,71700
2018-02-23,371.0,372.0,369.0,370.0,53600
2018-02-26,373.0,376.0,372.0,374.0,100400
2018-02-27,373.0,377.0,372.0,372.0,90700
2018-02-28,372.0,374.0,366.0,367.0,65400
2018-03-01,367.0,367.0,362.0,363.0,44800
2018-03-02,360.0,362.0,356.0,361.0,73400
2018-03-05,362.0,362.0,352.0,354.0,68600
2018-03-06,359.0,362.0,356.0,358.0,210900
2018-03-07,360.0,370.0,353.0,362.0,103300
2018-03-08,367.0,367.0,360.0,362.0,50800
2018-03-09,367.0,367.0,360.0,360.0,53600
2018-03-12,363.0,366.0,363.0,364.0,29800
2018-03-13,363.0,368.0,362.0,367.0,53600
2018-03-14,367.0,368.0,366.0,367.0,20800
2018-03-15,365.0,369.0,363.0,367.0,42600
2018-03-16,369.0,369.0,364.0,366.0,30900
2018-03-19,366.0,368.0,360.0,363.0,73700
2018-03-20,360.0,365.0,359.0,360.0,102700
2018-03-21,360.0,360.0,360.0,360.0,0
2018-03-22,362.0,362.0,360.0,361.0,30600
2018-03-23,357.0,358.0,352.0,355.0,204900
2018-03-26,354.0,355.0,346.0,353.0,104300
2018-03-27,357.0,359.0,355.0,359.0,74300
2018-03-28,355.0,364.0,355.0,364.0,58300
2018-03-29,366.0,368.0,364.0,365.0,53100
2018-03-30,368.0,370.0,352.0,364.0,154100
2018-04-02,366.0,367.0,364.0,366.0,28800
2018-04-03,364.0,368.0,363.0,368.0,91300
2018-04-04,368.0,368.0,365.0,365.0,54100
2018-04-05,367.0,369.0,366.0,367.0,85800
2018-04-06,368.0,368.0,364.0,365.0,62600
2018-04-09,366.0,368.0,362.0,366.0,85400
2018-04-10,367.0,368.0,366.0,367.0,51500
2018-04-11,367.0,368.0,364.0,364.0,77400
2018-04-12,364.0,366.0,363.0,365.0,32100
2018-04-13,366.0,368.0,365.0,367.0,40400
2018-04-16,368.0,369.0,366.0,367.0,51100
2018-04-17,367.0,367.0,364.0,365.0,209900
2018-04-18,367.0,369.0,366.0,368.0,50100
2018-04-19,370.0,374.0,369.0,374.0,108600
2018-04-20,374.0,381.0,374.0,376.0,197000
2018-04-23,378.0,378.0,375.0,377.0,62000
2018-04-24,378.0,382.0,378.0,382.0,121000
2018-04-25,380.0,385.0,379.0,381.0,127800
2018-04-26,382.0,383.0,379.0,380.0,64600
2018-04-27,380.0,380.0,374.0,376.0,87900
2018-04-30,376.0,376.0,376.0,376.0,0
2018-05-01,377.0,377.0,373.0,376.0,79300
2018-05-02,376.0,379.0,376.0,379.0,51400
2018-05-03,379.0,379.0,379.0,379.0,0
2018-05-04,379.0,379.0,379.0,379.0,0
2018-05-07,380.0,382.0,379.0,382.0,68800
2018-05-08,382.0,384.0,379.0,383.0,62500
2018-05-09,383.0,384.0,381.0,382.0,51400
2018-05-10,384.0,384.0,379.0,381.0,92300
2018-05-11,385.0,406.0,385.0,402.0,519000
2018-05-14,400.0,401.0,392.0,396.0,136600
2018-05-15,396.0,400.0,395.0,397.0,136500
2018-05-16,395.0,400.0,395.0,400.0,95800
2018-05-17,400.0,402.0,398.0,401.0,100300
2018-05-18,402.0,405.0,400.0,403.0,115300
2018-05-21,404.0,406.0,403.0,405.0,57000
2018-05-22,405.0,406.0,404.0,405.0,58200
2018-05-23,405.0,405.0,401.0,402.0,58400
2018-05-24,404.0,404.0,397.0,399.0,83500
2018-05-25,398.0,400.0,396.0,400.0,64200
2018-05-28,403.0,403.0,400.0,401.0,35200
2018-05-29,403.0,403.0,397.0,398.0,57200
2018-05-30,396.0,396.0,392.0,395.0,83300
2018-05-31,395.0,398.0,394.0,397.0,34400
2018-06-01,397.0,398.0,394.0,397.0,31300
2018-06-04,395.0,399.0,394.0,395.0,66100
2018-06-05,395.0,395.0,388.0,391.0,77700
2018-06-06,388.0,391.0,387.0,390.0,60600
2018-06-07,390.0,395.0,390.0,395.0,63600
2018-06-08,395.0,396.0,394.0,396.0,57400
2018-06-11,397.0,399.0,396.0,398.0,33300
2018-06-12,398.0,402.0,398.0,400.0,67600
2018-06-13,401.0,403.0,401.0,402.0,70400
2018-06-14,402.0,403.0,399.0,399.0,78300
2018-06-15,399.0,401.0,397.0,399.0,45500
2018-06-18,400.0,400.0,395.0,396.0,79100
2018-06-19,396.0,397.0,388.0,388.0,135400
2018-06-20,387.0,391.0,386.0,390.0,89900
2018-06-21,391.0,394.0,390.0,391.0,46300
2018-06-22,390.0,391.0,386.0,389.0,87900
2018-06-25,393.0,393.0,383.0,385.0,240600
2018-06-26,382.0,382.0,375.0,375.0,1041500
2018-06-27,361.0,375.0,361.0,363.0,334100
2018-06-28,364.0,367.0,357.0,364.0,106000
2018-06-29,362.0,364.0,358.0,364.0,71800
2018-07-02,362.0,364.0,357.0,359.0,64500
2018-07-03,362.0,362.0,353.0,356.0,60000
2018-07-04,352.0,356.0,352.0,355.0,39000
2018-07-05,356.0,356.0,348.0,349.0,82000
2018-07-06,350.0,353.0,348.0,352.0,60300
2018-07-09,355.0,356.0,353.0,354.0,33900
2018-07-10,355.0,355.0,352.0,352.0,48100
2018-07-11,352.0,352.0,349.0,350.0,37500
2018-07-12,355.0,355.0,350.0,351.0,30100
2018-07-13,362.0,378.0,362.0,367.0,204600
2018-07-16,367.0,367.0,367.0,367.0,0
2018-07-17,373.0,373.0,366.0,370.0,94600
2018-07-18,371.0,374.0,370.0,371.0,35800
2018-07-19,374.0,375.0,371.0,372.0,44500
2018-07-20,371.0,374.0,371.0,373.0,33800
2018-07-23,372.0,372.0,368.0,369.0,51800
2018-07-24,371.0,372.0,369.0,370.0,14900
2018-07-25,370.0,372.0,368.0,369.0,65600
2018-07-26,370.0,370.0,366.0,367.0,62300
2018-07-27,368.0,370.0,366.0,369.0,37700
2018-07-30,369.0,372.0,368.0,368.0,21400
2018-07-31,367.0,370.0,367.0,369.0,15200
2018-08-01,368.0,370.0,366.0,369.0,48700
2018-08-02,368.0,370.0,366.0,369.0,71900
2018-08-03,367.0,367.0,364.0,364.0,49900
2018-08-06,366.0,367.0,365.0,367.0,30600
2018-08-07,367.0,368.0,364.0,367.0,40000
2018-08-08,367.0,369.0,364.0,368.0,40600
2018-08-09,368.0,370.0,365.0,365.0,57400
2018-08-10,364.0,365.0,352.0,353.0,149400
2018-08-13,351.0,352.0,348.0,350.0,80400
2018-08-14,354.0,355.0,350.0,354.0,48800
2018-08-15,353.0,356.0,352.0,353.0,49400
2018-08-16,351.0,351.0,345.0,350.0,76400
2018-08-17,350.0,353.0,347.0,353.0,35300
2018-08-20,353.0,355.0,351.0,353.0,31100
2018-08-21,350.0,352.0,347.0,347.0,57400
2018-08-22,347.0,347.0,344.0,345.0,34200
2018-08-23,345.0,350.0,345.0,348.0,41300
2018-08-24,350.0,350.0,346.0,347.0,40100
2018-08-27,348.0,350.0,347.0,349.0,19300
2018-08-28,352.0,352.0,349.0,350.0,31500
2018-08-29,351.0,353.0,347.0,353.0,49700
2018-08-30,353.0,354.0,346.0,348.0,81400
2018-08-31,345.0,352.0,345.0,352.0,46200
2018-09-03,352.0,352.0,342.0,342.0,149100
2018-09-04,342.0,343.0,338.0,340.0,90900
2018-09-05,337.0,339.0,333.0,334.0,120000
2018-09-06,334.0,337.0,334.0,334.0,44500
2018-09-07,334.0,334.0,331.0,331.0,67400
2018-09-10,332.0,337.0,332.0,335.0,39600
2018-09-11,334.0,334.0,332.0,332.0,87200
2018-09-12,331.0,334.0,327.0,328.0,74600
2018-09-13,330.0,332.0,329.0,332.0,34500
2018-09-14,333.0,337.0,332.0,333.0,53300
2018-09-17,333.0,333.0,333.0,333.0,0
2018-09-18,335.0,342.0,333.0,342.0,84500
2018-09-19,343.0,343.0,340.0,341.0,46300
2018-09-20,342.0,342.0,339.0,340.0,46200
2018-09-21,342.0,343.0,339.0,339.0,210300
2018-09-24,339.0,339.0,339.0,339.0,0
2018-09-25,336.0,342.0,336.0,340.0,70300
2018-09-26,342.0,346.0,341.0,346.0,77100
2018-09-27,346.0,349.0,346.0,347.0,56600
2018-09-28,348.0,350.0,348.0,348.0,55400
2018-10-01,352.0,352.0,348.0,350.0,47600
2018-10-02,351.0,353.0,349.0,349.0,97700
2018-10-03,349.0,350.0,345.0,347.0,61600
2018-10-04,345.0,347.0,344.0,344.0,40400
2018-10-05,344.0,349.0,343.0,343.0,49700
2018-10-08,343.0,343.0,343.0,343.0,0
2018-10-09,342.0,344.0,339.0,340.0,51600
2018-10-10,341.0,342.0,340.0,340.0,31200
2018-10-11,337.0,337.0,329.0,332.0,177700
2018-10-12,332.0,338.0,332.0,337.0,47900
2018-10-15,339.0,339.0,333.0,334.0,58100
2018-10-16,334.0,339.0,334.0,339.0,18500
2018-10-17,341.0,342.0,339.0,341.0,35300
2018-10-18,341.0,344.0,338.0,338.0,70100
2018-10-19,338.0,338.0,334.0,336.0,31100
2018-10-22,335.0,339.0,335.0,337.0,25700
2018-10-23,337.0,337.0,334.0,334.0,44200
2018-10-24,335.0,341.0,335.0,341.0,33100
2018-10-25,334.0,336.0,332.0,332.0,49600
2018-10-26,334.0,336.0,330.0,332.0,85900
2018-10-29,334.0,335.0,328.0,330.0,65100
2018-10-30,327.0,337.0,326.0,336.0,83800
2018-10-31,336.0,338.0,335.0,335.0,31000
2018-11-01,336.0,337.0,333.0,336.0,24000
2018-11-02,337.0,337.0,334.0,335.0,20300
2018-11-05,335.0,338.0,333.0,337.0,52000
2018-11-06,336.0,337.0,335.0,336.0,30200
2018-11-07,335.0,337.0,335.0,335.0,34300
2018-11-08,336.0,340.0,336.0,340.0,54400
2018-11-09,361.0,362.0,352.0,354.0,254600
2018-11-12,358.0,359.0,355.0,355.0,70900
2018-11-13,352.0,355.0,348.0,355.0,53400
2018-11-14,352.0,357.0,351.0,354.0,34900
2018-11-15,352.0,356.0,352.0,356.0,47800
2018-11-16,357.0,361.0,356.0,360.0,119700
2018-11-19,360.0,365.0,358.0,364.0,119200
2018-11-20,363.0,364.0,360.0,363.0,50000
2018-11-21,360.0,362.0,357.0,362.0,35300
2018-11-22,362.0,366.0,362.0,366.0,38400
2018-11-23,366.0,366.0,366.0,366.0,0
2018-11-26,366.0,368.0,363.0,365.0,40600
2018-11-27,366.0,369.0,364.0,368.0,49900
2018-11-28,368.0,369.0,367.0,368.0,41200
2018-11-29,371.0,373.0,367.0,370.0,107200
2018-11-30,369.0,372.0,368.0,372.0,36100
2018-12-03,372.0,373.0,370.0,370.0,37600
2018-12-04,370.0,373.0,364.0,364.0,90700
2018-12-05,361.0,366.0,361.0,364.0,61600
2018-12-06,362.0,363.0,356.0,357.0,56000
2018-12-07,358.0,362.0,358.0,362.0,43500
2018-12-10,359.0,359.0,355.0,357.0,44300
2018-12-11,357.0,357.0,352.0,353.0,56000
2018-12-12,353.0,355.0,351.0,353.0,29200
2018-12-13,353.0,354.0,351.0,352.0,24500
2018-12-14,367.0,371.0,358.0,360.0,137300
2018-12-17,360.0,363.0,356.0,358.0,45900
2018-12-18,353.0,358.0,351.0,352.0,55500
2018-12-19,352.0,352.0,348.0,348.0,50600
2018-12-20,348.0,349.0,338.0,338.0,76700
2018-12-21,334.0,337.0,327.0,330.0,129200
2018-12-24,330.0,330.0,330.0,330.0,0
2018-12-25,322.0,325.0,316.0,317.0,201200
2018-12-26,316.0,326.0,315.0,322.0,106600
2018-12-27,330.0,336.0,326.0,333.0,68200
2018-12-28,333.0,333.0,329.0,329.0,41500
2018-12-31,329.0,329.0,329.0,329.0,0
2019-01-04,322.0,330.0,322.0,326.0,83000
2019-01-07,334.0,334.0,327.0,332.0,91500
2019-01-08,331.0,335.0,331.0,333.0,40200
2019-01-09,334.0,336.0,329.0,332.0,93600
2019-01-10,331.0,333.0,330.0,331.0,27100
2019-01-11,333.0,333.0,331.0,333.0,17900
2019-01-15,331.0,336.0,330.0,335.0,27700
2019-01-16,335.0,335.0,332.0,332.0,21700
2019-01-17,334.0,337.0,333.0,336.0,45400
2019-01-18,335.0,342.0,335.0,342.0,39500
2019-01-21,342.0,343.0,339.0,340.0,34400
2019-01-22,340.0,342.0,339.0,341.0,24400
2019-01-23,339.0,340.0,339.0,340.0,15700
2019-01-24,339.0,342.0,338.0,342.0,44000
2019-01-25,341.0,342.0,339.0,339.0,61100
2019-01-28,340.0,341.0,338.0,341.0,28200
2019-01-29,341.0,341.0,337.0,338.0,43100
2019-01-30,339.0,340.0,337.0,337.0,20100
2019-01-31,339.0,339.0,335.0,335.0,36000
2019-02-01,337.0,337.0,334.0,334.0,47600
2019-02-04,334.0,337.0,334.0,337.0,38500
2019-02-05,339.0,340.0,336.0,338.0,54100
2019-02-06,339.0,341.0,337.0,339.0,65900
2019-02-07,341.0,345.0,340.0,345.0,98400
2019-02-08,331.0,336.0,331.0,331.0,115100
2019-02-12,333.0,334.0,330.0,331.0,59800
2019-02-13,333.0,333.0,331.0,331.0,22200
2019-02-14,330.0,331.0,328.0,328.0,80800
2019-02-15,328.0,329.0,327.0,327.0,30900
2019-02-18,330.0,330.0,327.0,327.0,35900
2019-02-19,328.0,329.0,326.0,327.0,80600
2019-02-20,327.0,328.0,325.0,327.0,58900
2019-02-21,327.0,327.0,324.0,326.0,87300
2019-02-22,326.0,327.0,325.0,325.0,29400
2019-02-25,327.0,328.0,326.0,327.0,32700
2019-02-26,328.0,330.0,326.0,326.0,70400
2019-02-27,328.0,333.0,328.0,333.0,71500
2019-02-28,333.0,333.0,330.0,330.0,28500
2019-03-01,332.0,334.0,330.0,330.0,44200
2019-03-04,333.0,336.0,332.0,336.0,210900
2019-03-05,335.0,338.0,333.0,337.0,54000
2019-03-06,337.0,338.0,334.0,336.0,26400
2019-03-07,336.0,336.0,330.0,331.0,85900
2019-03-08,331.0,331.0,325.0,326.0,128800
2019-03-11,328.0,328.0,323.0,324.0,52800
2019-03-12,328.0,330.0,327.0,330.0,42400
2019-03-13,331.0,331.0,326.0,326.0,62300
2019-03-14,327.0,328.0,326.0,326.0,29300
2019-03-15,328.0,331.0,327.0,331.0,44900
2019-03-18,331.0,332.0,330.0,332.0,65400
2019-03-19,331.0,333.0,328.0,329.0,64300
2019-03-20,332.0,334.0,331.0,332.0,91000
2019-03-22,332.0,335.0,332.0,335.0,56200
2019-03-25,333.0,333.0,331.0,332.0,35800
2019-03-26,334.0,340.0,334.0,339.0,94500
2019-03-27,339.0,347.0,339.0,345.0,62600
2019-03-28,346.0,348.0,340.0,341.0,110800
2019-03-29,340.0,342.0,339.0,339.0,40600
2019-04-01,343.0,343.0,339.0,342.0,46700
2019-04-02,343.0,343.0,333.0,337.0,92000
2019-04-03,336.0,338.0,335.0,337.0,75100
2019-04-04,338.0,342.0,338.0,339.0,26600
2019-04-05,340.0,343.0,340.0,340.0,38300
2019-04-08,343.0,344.0,341.0,342.0,37500
2019-04-09,343.0,343.0,341.0,341.0,37300
2019-04-10,341.0,342.0,341.0,342.0,23700
2019-04-11,341.0,343.0,340.0,341.0,26700
2019-04-12,343.0,343.0,341.0,343.0,32100
2019-04-15,343.0,346.0,343.0,343.0,45800
2019-04-16,345.0,345.0,343.0,345.0,24100
2019-04-17,345.0,346.0,344.0,344.0,22800
2019-04-18,346.0,346.0,342.0,342.0,40300
2019-04-19,344.0,345.0,342.0,343.0,20500
2019-04-22,344.0,344.0,341.0,344.0,52000
2019-04-23,342.0,344.0,341.0,344.0,46100
2019-04-24,344.0,344.0,342.0,343.0,10100
2019-04-25,345.0,345.0,343.0,344.0,40200
2019-04-26,345.0,346.0,342.0,345.0,79400
2019-05-07,343.0,345.0,342.0,345.0,29900
2019-05-08,344.0,347.0,343.0,347.0,40200
2019-05-09,347.0,349.0,344.0,349.0,73000
2019-05-10,351.0,353.0,347.0,349.0,145900
2019-05-13,350.0,350.0,347.0,347.0,48400
2019-05-14,344.0,347.0,340.0,343.0,104700
2019-05-15,345.0,348.0,343.0,347.0,50200
2019-05-16,347.0,347.0,345.0,347.0,20500
2019-05-17,347.0,348.0,346.0,347.0,31500
2019-05-20,347.0,349.0,347.0,347.0,24700
2019-05-21,349.0,352.0,347.0,352.0,76300
2019-05-22,353.0,356.0,352.0,352.0,71900
2019-05-23,354.0,354.0,349.0,349.0,62900
2019-05-24,347.0,351.0,346.0,351.0,49100
2019-05-27,353.0,356.0,352.0,356.0,55500
2019-05-28,356.0,357.0,355.0,357.0,48800
2019-05-29,356.0,356.0,352.0,355.0,46300
2019-05-30,352.0,356.0,352.0,356.0,34900
2019-05-31,354.0,357.0,353.0,356.0,60200
2019-06-03,354.0,355.0,350.0,351.0,69300
2019-06-04,352.0,353.0,350.0,351.0,32800
2019-06-05,354.0,355.0,352.0,353.0,54400
2019-06-06,354.0,357.0,354.0,355.0,68300
2019-06-07,355.0,356.0,353.0,353.0,77000
2019-06-10,354.0,357.0,353.0,355.0,67200
2019-06-11,356.0,361.0,356.0,360.0,100000
2019-06-12,362.0,362.0,359.0,359.0,55200
2019-06-13,358.0,361.0,356.0,356.0,48000
2019-06-14,358.0,367.0,357.0,367.0,275700
2019-06-17,367.0,369.0,364.0,364.0,118600
2019-06-18,363.0,364.0,358.0,358.0,183900
2019-06-19,360.0,364.0,360.0,362.0,110900
2019-06-20,364.0,371.0,363.0,370.0,231400
2019-06-21,370.0,371.0,363.0,364.0,165300
2019-06-24,360.0,365.0,360.0,363.0,174200
2019-06-25,363.0,365.0,362.0,363.0,731200
2019-06-26,353.0,357.0,350.0,352.0,330600
2019-06-27,353.0,355.0,350.0,350.0,117400
2019-06-28,351.0,352.0,348.0,348.0,143300
2019-07-01,347.0,350.0,346.0,347.0,81400
2019-07-02,349.0,351.0,349.0,350.0,31200
2019-07-03,350.0,354.0,350.0,352.0,66700
2019-07-04,351.0,353.0,351.0,351.0,78100
2019-07-05,351.0,356.0,350.0,353.0,60900
2019-07-08,353.0,358.0,353.0,357.0,42100
2019-07-09,358.0,358.0,355.0,358.0,27300
2019-07-10,356.0,359.0,356.0,359.0,31600
2019-07-11,359.0,359.0,357.0,359.0,19800
2019-07-12,356.0,358.0,355.0,355.0,28900
2019-07-16,354.0,356.0,353.0,353.0,35100
2019-07-17,352.0,352.0,348.0,350.0,60100
2019-07-18,351.0,351.0,345.0,345.0,53900
2019-07-19,345.0,349.0,344.0,344.0,35700
2019-07-22,348.0,348.0,344.0,345.0,19100
2019-07-23,347.0,348.0,344.0,347.0,29700
2019-07-24,347.0,348.0,345.0,345.0,28600
2019-07-25,344.0,348.0,344.0,348.0,30500
2019-07-26,346.0,347.0,344.0,345.0,36300
2019-07-29,345.0,347.0,345.0,345.0,7000
2019-07-30,345.0,346.0,344.0,345.0,27800
2019-07-31,345.0,347.0,344.0,345.0,15100
2019-08-01,343.0,346.0,343.0,346.0,21400
2019-08-02,344.0,345.0,343.0,345.0,34000
2019-08-05,343.0,343.0,336.0,336.0,49800
2019-08-06,332.0,337.0,330.0,337.0,57000
2019-08-07,339.0,342.0,338.0,340.0,22300
2019-08-08,341.0,345.0,340.0,345.0,40000
2019-08-09,360.0,368.0,357.0,368.0,331600
2019-08-13,366.0,367.0,362.0,365.0,95300
2019-08-14,366.0,369.0,366.0,369.0,130800
2019-08-15,364.0,368.0,361.0,368.0,110200
2019-08-16,365.0,370.0,365.0,369.0,74600
2019-08-19,369.0,374.0,369.0,372.0,71100
2019-08-20,373.0,374.0,371.0,373.0,55500
2019-08-21,373.0,374.0,371.0,374.0,52900
2019-08-22,374.0,378.0,373.0,373.0,79000
2019-08-23,373.0,375.0,372.0,373.0,44600
2019-08-26,370.0,371.0,367.0,369.0,30200
2019-08-27,369.0,372.0,369.0,371.0,17300
2019-08-28,370.0,372.0,369.0,371.0,25800
2019-08-29,371.0,373.0,369.0,372.0,17700
2019-08-30,370.0,374.0,370.0,372.0,59500
2019-09-02,372.0,372.0,370.0,371.0,21700
2019-09-03,371.0,372.0,368.0,369.0,49800
2019-09-04,369.0,374.0,368.0,371.0,43100
2019-09-05,373.0,376.0,372.0,374.0,77800
2019-09-06,373.0,375.0,372.0,372.0,18700
2019-09-09,373.0,377.0,373.0,376.0,50400
2019-09-10,377.0,382.0,377.0,380.0,105100
2019-09-11,381.0,382.0,379.0,380.0,64300
2019-09-12,380.0,383.0,380.0,380.0,69000
2019-09-13,380.0,382.0,379.0,380.0,57400
2019-09-17,379.0,381.0,378.0,379.0,60400
2019-09-18,380.0,383.0,380.0,380.0,62000
2019-09-19,380.0,393.0,380.0,391.0,183200
2019-09-20,393.0,396.0,392.0,393.0,101200
2019-09-24,397.0,401.0,395.0,398.0,266200
2019-09-25,400.0,403.0,398.0,400.0,80000
2019-09-26,402.0,403.0,399.0,402.0,90400
2019-09-27,404.0,407.0,403.0,405.0,84400
2019-09-30,408.0,412.0,406.0,411.0,83200
2019-10-01,414.0,422.0,413.0,422.0,131500
2019-10-02,421.0,422.0,416.0,416.0,109400
2019-10-03,410.0,413.0,402.0,408.0,124000
2019-10-04,410.0,417.0,407.0,417.0,73800
2019-10-07,417.0,417.0,413.0,415.0,35900
2019-10-08,413.0,416.0,413.0,413.0,44700
2019-10-09,413.0,414.0,412.0,414.0,18900
2019-10-10,412.0,414.0,406.0,406.0,49600
2019-10-11,407.0,408.0,405.0,405.0,76200
2019-10-15,405.0,406.0,402.0,404.0,55400
2019-10-16,404.0,405.0,402.0,402.0,41100
2019-10-17,402.0,403.0,399.0,401.0,78500
2019-10-18,400.0,406.0,400.0,406.0,38700
2019-10-21,401.0,406.0,401.0,406.0,34500
2019-10-23,405.0,409.0,404.0,408.0,71300
2019-10-24,407.0,411.0,407.0,407.0,35800
2019-10-25,407.0,411.0,406.0,408.0,58200
2019-10-28,408.0,410.0,407.0,410.0,39500
2019-10-29,410.0,410.0,408.0,408.0,46200
2019-10-30,407.0,410.0,407.0,409.0,47200
2019-10-31,409.0,410.0,407.0,409.0,31900
2019-11-01,408.0,409.0,407.0,408.0,30000
2019-11-05,410.0,411.0,409.0,411.0,57800
2019-11-06,410.0,411.0,410.0,411.0,51900
2019-11-07,411.0,412.0,409.0,412.0,114900
2019-11-08,409.0,413.0,408.0,411.0,120300
2019-11-11,410.0,411.0,406.0,409.0,66800
2019-11-12,408.0,410.0,406.0,409.0,53200
2019-11-13,410.0,411.0,408.0,409.0,40100
2019-11-14,409.0,410.0,407.0,407.0,30600
2019-11-15,407.0,410.0,407.0,408.0,29600
2019-11-18,409.0,410.0,408.0,408.0,14600
2019-11-19,409.0,410.0,408.0,410.0,24800
2019-11-20,410.0,410.0,408.0,408.0,20000
2019-11-21,410.0,410.0,408.0,409.0,20800
2019-11-22,410.0,411.0,409.0,411.0,30800
2019-11-25,360.0,369.0,356.0,361.0,3526100
2019-11-26,366.0,368.0,364.0,366.0,551200
2019-11-27,366.0,378.0,364.0,376.0,946300
2019-11-28,374.0,374.0,369.0,370.0,197600
2019-11-29,370.0,374.0,349.0,357.0,1075300
2019-12-02,358.0,362.0,357.0,358.0,250000
2019-12-03,357.0,359.0,354.0,355.0,683800
2019-12-04,352.0,354.0,351.0,352.0,666500
2019-12-05,353.0,356.0,353.0,354.0,240000
2019-12-06,354.0,356.0,353.0,353.0,317800
2019-12-09,356.0,362.0,354.0,356.0,590000
2019-12-10,354.0,357.0,352.0,356.0,2788700
2019-12-11,356.0,358.0,354.0,355.0,537700
2019-12-12,355.0,356.0,353.0,354.0,567100
2019-12-13,355.0,356.0,353.0,354.0,354600
2019-12-16,355.0,358.0,354.0,356.0,518400
2019-12-17,356.0,357.0,354.0,357.0,337000
2019-12-18,356.0,357.0,355.0,355.0,253100
2019-12-19,356.0,358.0,355.0,357.0,298300
2019-12-20,357.0,364.0,357.0,364.0,383500
2019-12-23,364.0,367.0,361.0,361.0,338700
2019-12-24,363.0,364.0,360.0,361.0,298500
2019-12-25,360.0,361.0,358.0,358.0,402900
2019-12-26,360.0,365.0,359.0,365.0,539500
2019-12-27,357.0,358.0,354.0,356.0,513200
2019-12-30,357.0,359.0,356.0,358.0,184400
2020-01-06,356.0,357.0,354.0,355.0,278700
2020-01-07,357.0,358.0,355.0,356.0,122400
2020-01-08,356.0,356.0,350.0,353.0,242600
2020-01-09,355.0,356.0,354.0,356.0,142600
2020-01-10,356.0,357.0,355.0,356.0,109600
2020-01-14,358.0,359.0,356.0,357.0,198400
2020-01-15,357.0,358.0,356.0,358.0,83000
2020-01-16,358.0,359.0,357.0,358.0,122400
2020-01-17,358.0,359.0,357.0,358.0,91100
2020-01-20,359.0,362.0,359.0,361.0,176800
2020-01-21,361.0,362.0,360.0,362.0,116400
2020-01-22,362.0,364.0,361.0,364.0,120200
2020-01-23,363.0,363.0,361.0,362.0,98400
2020-01-24,362.0,363.0,359.0,359.0,130600
2020-01-27,357.0,358.0,355.0,355.0,191400
2020-01-28,355.0,359.0,353.0,359.0,106200
2020-01-29,359.0,360.0,357.0,357.0,66900
2020-01-30,357.0,358.0,353.0,355.0,179300
2020-01-31,354.0,358.0,354.0,356.0,103000
2020-02-03,353.0,358.0,353.0,358.0,98700
2020-02-04,357.0,360.0,356.0,359.0,116300
2020-02-05,360.0,362.0,360.0,360.0,97300
2020-02-06,362.0,362.0,360.0,361.0,99300
2020-02-07,356.0,356.0,353.0,354.0,190000
2020-02-10,354.0,356.0,354.0,356.0,59300
2020-02-12,356.0,356.0,354.0,354.0,65500
2020-02-13,355.0,356.0,353.0,354.0,61300
2020-02-14,354.0,354.0,350.0,351.0,203400
2020-02-17,350.0,351.0,346.0,349.0,128700
2020-02-18,349.0,350.0,346.0,346.0,93000
2020-02-19,347.0,354.0,346.0,354.0,164300
2020-02-20,353.0,354.0,352.0,352.0,60900
2020-02-21,352.0,353.0,351.0,351.0,38900
2020-02-25,342.0,345.0,340.0,342.0,155000
2020-02-26,341.0,342.0,336.0,339.0,164300
2020-02-27,338.0,339.0,325.0,330.0,284200
2020-02-28,312.0,317.0,303.0,306.0,377100
2020-03-02,301.0,322.0,301.0,314.0,674400
2020-03-03,335.0,335.0,309.0,309.0,296000
2020-03-04,306.0,313.0,306.0,309.0,225900
2020-03-05,315.0,315.0,308.0,309.0,80500
2020-03-06,308.0,308.0,293.0,295.0,405900
2020-03-09,287.0,287.0,266.0,269.0,422000
2020-03-10,252.0,274.0,245.0,274.0,389600
2020-03-11,279.0,283.0,264.0,267.0,343100
2020-03-12,254.0,261.0,242.0,245.0,438300
2020-03-13,205.0,225.0,205.0,213.0,521500
2020-03-16,231.0,234.0,215.0,215.0,655500
2020-03-17,210.0,225.0,210.0,223.0,268100
2020-03-18,229.0,233.0,217.0,217.0,237400
2020-03-19,219.0,222.0,195.0,199.0,471500
2020-03-23,199.0,204.0,197.0,200.0,360900
2020-03-24,205.0,213.0,200.0,211.0,316100
2020-03-25,240.0,241.0,223.0,236.0,357300
2020-03-26,236.0,236.0,224.0,226.0,208900
2020-03-27,229.0,232.0,223.0,229.0,188800
2020-03-30,223.0,230.0,223.0,229.0,177400
2020-03-31,231.0,232.0,226.0,227.0,150300
2020-04-01,226.0,228.0,216.0,218.0,168900
2020-04-02,214.0,216.0,210.0,212.0,194200
2020-04-03,211.0,214.0,207.0,209.0,130200
2020-04-06,206.0,214.0,205.0,211.0,187600
2020-04-07,221.0,226.0,216.0,222.0,209200
2020-04-08,225.0,229.0,218.0,226.0,217400
2020-04-09,232.0,237.0,230.0,233.0,141700
2020-04-10,237.0,238.0,233.0,237.0,140800
2020-04-13,241.0,248.0,238.0,244.0,209800
2020-04-14,241.0,250.0,241.0,247.0,107900
2020-04-15,248.0,248.0,243.0,247.0,113100
2020-04-16,243.0,245.0,241.0,244.0,102700
2020-04-17,246.0,246.0,242.0,243.0,122100
2020-04-20,245.0,256.0,244.0,255.0,159300
2020-04-21,255.0,255.0,245.0,250.0,153500
2020-04-22,245.0,246.0,241.0,242.0,117100
2020-04-23,243.0,249.0,243.0,247.0,92200
2020-04-24,247.0,247.0,242.0,244.0,84700
2020-04-27,246.0,246.0,242.0,245.0,126300
2020-04-28,246.0,247.0,243.0,243.0,134000
2020-04-30,246.0,256.0,246.0,254.0,252900
2020-05-01,252.0,257.0,251.0,254.0,124700
2020-05-07,252.0,255.0,251.0,253.0,114400
2020-05-08,253.0,258.0,253.0,258.0,98600
2020-05-11,259.0,270.0,259.0,269.0,149200
2020-05-12,267.0,273.0,267.0,270.0,144000
2020-05-13,270.0,272.0,266.0,271.0,91600
2020-05-14,272.0,272.0,262.0,266.0,221200
2020-05-15,268.0,268.0,260.0,263.0,165300
2020-05-18,263.0,264.0,260.0,263.0,104400
2020-05-19,264.0,270.0,264.0,270.0,170500
2020-05-20,270.0,281.0,268.0,280.0,244300
2020-05-21,283.0,288.0,281.0,288.0,241000
2020-05-22,291.0,299.0,290.0,294.0,265700
2020-05-25,295.0,302.0,292.0,302.0,256500
2020-05-26,302.0,305.0,294.0,298.0,253200
2020-05-27,301.0,301.0,298.0,301.0,140100
2020-05-28,302.0,309.0,302.0,305.0,255300
2020-05-29,303.0,308.0,303.0,305.0,161100
2020-06-01,309.0,313.0,307.0,309.0,203700
2020-06-02,312.0,322.0,312.0,320.0,245600
2020-06-03,324.0,330.0,321.0,322.0,275400
2020-06-04,323.0,326.0,315.0,321.0,325100
2020-06-05,317.0,327.0,317.0,327.0,284300
2020-06-08,330.0,334.0,330.0,334.0,253700
2020-06-09,334.0,337.0,331.0,333.0,232100
2020-06-10,331.0,336.0,330.0,332.0,231400
2020-06-11,331.0,331.0,321.0,323.0,318600
2020-06-12,308.0,327.0,300.0,325.0,489700
2020-06-15,325.0,327.0,311.0,313.0,339500
2020-06-16,318.0,320.0,314.0,314.0,285400
2020-06-17,316.0,319.0,314.0,319.0,237700
2020-06-18,321.0,321.0,316.0,318.0,186700
2020-06-19,319.0,320.0,315.0,316.0,206200
2020-06-22,318.0,319.0,313.0,313.0,328900
2020-06-23,316.0,317.0,313.0,316.0,136100
2020-06-24,317.0,320.0,316.0,317.0,212300
2020-06-25,316.0,317.0,314.0,317.0,338300
2020-06-26,316.0,318.0,315.0,315.0,566100
2020-06-29,299.0,300.0,287.0,287.0,412900
2020-06-30,295.0,295.0,289.0,292.0,201300
2020-07-01,292.0,292.0,285.0,285.0,172600
2020-07-02,284.0,284.0,273.0,276.0,311600
2020-07-03,276.0,281.0,270.0,273.0,185400
2020-07-06,274.0,284.0,273.0,283.0,194000
2020-07-07,283.0,286.0,279.0,283.0,89800
2020-07-08,282.0,285.0,279.0,285.0,134100
2020-07-09,285.0,286.0,281.0,283.0,121700
2020-07-10,282.0,282.0,275.0,275.0,116100
2020-07-13,276.0,282.0,276.0,280.0,113400
2020-07-14,280.0,285.0,277.0,283.0,88200
2020-07-15,284.0,284.0,281.0,282.0,68200
2020-07-16,282.0,286.0,281.0,285.0,131800
2020-07-17,286.0,289.0,283.0,288.0,89900
2020-07-20,285.0,286.0,282.0,286.0,67700
2020-07-21,287.0,287.0,283.0,285.0,75300
2020-07-22,284.0,286.0,282.0,283.0,81600
2020-07-27,282.0,283.0,278.0,283.0,65100
2020-07-28,283.0,283.0,278.0,280.0,93800
2020-07-29,278.0,278.0,273.0,273.0,139500
2020-07-30,273.0,275.0,266.0,267.0,132600
2020-07-31,262.0,263.0,254.0,256.0,157600
2020-08-03,255.0,260.0,255.0,259.0,110800
2020-08-04,259.0,264.0,259.0,263.0,80900
2020-08-05,269.0,269.0,262.0,263.0,100000
2020-08-06,269.0,269.0,264.0,269.0,95400
2020-08-07,264.0,267.0,264.0,265.0,116300
2020-08-11,263.0,271.0,263.0,270.0,142400
2020-08-12,270.0,272.0,265.0,271.0,90800
2020-08-13,272.0,275.0,270.0,272.0,105400
2020-08-14,272.0,272.0,269.0,269.0,63400
2020-08-17,269.0,272.0,269.0,271.0,56500
2020-08-18,270.0,272.0,269.0,269.0,67000
2020-08-19,269.0,270.0,267.0,269.0,60500
2020-08-20,267.0,269.0,266.0,268.0,55500
2020-08-21,272.0,272.0,270.0,270.0,81700
2020-08-24,270.0,271.0,268.0,269.0,62300
2020-08-25,269.0,271.0,269.0,269.0,73500
2020-08-26,269.0,270.0,268.0,269.0,46400
2020-08-27,268.0,269.0,265.0,267.0,100700
2020-08-28,266.0,270.0,263.0,264.0,144700
2020-08-31,266.0,270.0,265.0,270.0,103800
2020-09-01,269.0,270.0,268.0,269.0,37900
2020-09-02,269.0,270.0,268.0,268.0,47300
2020-09-03,269.0,270.0,267.0,269.0,59000
2020-09-04,267.0,269.0,265.0,267.0,111400
2020-09-07,267.0,269.0,266.0,266.0,65700
2020-09-08,267.0,268.0,266.0,267.0,31300
2020-09-09,265.0,268.0,265.0,268.0,75100
2020-09-10,268.0,268.0,266.0,268.0,58500
2020-09-11,266.0,268.0,266.0,268.0,196800
2020-09-14,268.0,269.0,267.0,269.0,83000
2020-09-15,269.0,270.0,268.0,270.0,60200
2020-09-16,270.0,275.0,269.0,275.0,116100
2020-09-17,275.0,278.0,274.0,277.0,107800
2020-09-18,275.0,275.0,269.0,273.0,162400
2020-09-23,270.0,270.0,267.0,269.0,107400
2020-09-24,268.0,268.0,266.0,266.0,59700
2020-09-25,268.0,268.0,266.0,267.0,51300
2020-09-28,268.0,268.0,265.0,267.0,106000
2020-09-29,267.0,271.0,266.0,271.0,72400
2020-09-30,271.0,275.0,269.0,272.0,124400
2020-10-02,273.0,275.0,266.0,268.0,134500
2020-10-05,266.0,274.0,266.0,274.0,123500
2020-10-06,274.0,276.0,272.0,273.0,93400
2020-10-07,275.0,276.0,272.0,274.0,99900
2020-10-08,275.0,276.0,274.0,274.0,71500
2020-10-09,275.0,275.0,273.0,273.0,59100
2020-10-12,274.0,275.0,273.0,274.0,65600
2020-10-13,275.0,276.0,273.0,273.0,73200
2020-10-14,274.0,274.0,272.0,272.0,41600
2020-10-15,273.0,274.0,271.0,271.0,44400
2020-10-16,271.0,271.0,267.0,270.0,93600
2020-10-19,269.0,270.0,268.0,269.0,53400
2020-10-20,268.0,269.0,267.0,267.0,61800
2020-10-21,269.0,270.0,268.0,268.0,45300
2020-10-22,269.0,269.0,266.0,267.0,82400
2020-10-23,269.0,269.0,265.0,268.0,81400
2020-10-26,268.0,269.0,267.0,267.0,60800
2020-10-27,265.0,266.0,262.0,265.0,95600
2020-10-28,265.0,265.0,262.0,263.0,100800
2020-10-29,260.0,263.0,259.0,263.0,89600
2020-10-30,263.0,263.0,257.0,257.0,112700
2020-11-02,259.0,260.0,257.0,260.0,59800
2020-11-04,263.0,263.0,260.0,262.0,72600
2020-11-05,264.0,264.0,261.0,263.0,39400
2020-11-06,263.0,267.0,262.0,266.0,97700
2020-11-09,267.0,268.0,263.0,263.0,90600
2020-11-10,267.0,268.0,264.0,266.0,139200
2020-11-11,267.0,271.0,267.0,270.0,72600
2020-11-12,269.0,271.0,268.0,271.0,116000
2020-11-13,265.0,269.0,263.0,266.0,99200
2020-11-16,267.0,267.0,265.0,267.0,61100
2020-11-17,266.0,268.0,265.0,266.0,63700
2020-11-18,266.0,267.0,265.0,267.0,57400
2020-11-19,266.0,267.0,265.0,266.0,60200
2020-11-20,265.0,267.0,265.0,266.0,40200
2020-11-24,267.0,268.0,267.0,267.0,50000
2020-11-25,268.0,269.0,266.0,267.0,74800
2020-11-26,267.0,267.0,266.0,267.0,33400
2020-11-27,266.0,268.0,266.0,267.0,54000
2020-11-30,266.0,267.0,266.0,266.0,28100
2020-12-01,267.0,267.0,266.0,266.0,34500
2020-12-02,267.0,269.0,266.0,269.0,69600
2020-12-03,267.0,271.0,267.0,271.0,91900
2020-12-04,270.0,271.0,269.0,271.0,78300
2020-12-07,270.0,271.0,268.0,268.0,86500
2020-12-08,268.0,270.0,268.0,269.0,50500
2020-12-09,269.0,271.0,268.0,270.0,124200
2020-12-10,269.0,271.0,269.0,270.0,63900
2020-12-11,268.0,270.0,267.0,269.0,97300
2020-12-14,269.0,270.0,268.0,269.0,59200
2020-12-15,269.0,270.0,267.0,268.0,85200
2020-12-16,268.0,268.0,266.0,268.0,108900
2020-12-17,267.0,268.0,265.0,267.0,110900
2020-12-18,267.0,268.0,266.0,268.0,78600
2020-12-21,267.0,267.0,265.0,266.0,112300
2020-12-22,265.0,265.0,261.0,261.0,167900
2020-12-23,261.0,264.0,261.0,264.0,71200
2020-12-24,264.0,265.0,261.0,261.0,125500
2020-12-25,263.0,265.0,261.0,262.0,151200
2020-12-28,263.0,264.0,260.0,262.0,386100
2020-12-29,255.0,259.0,254.0,255.0,141300
2020-12-30,256.0,257.0,255.0,255.0,107700
2021-01-04,256.0,256.0,251.0,252.0,95400
2021-01-05,252.0,255.0,251.0,252.0,78000
2021-01-06,253.0,256.0,253.0,256.0,50200
2021-01-07,256.0,258.0,256.0,256.0,68100
2021-01-08,256.0,257.0,255.0,256.0,43200
2021-01-12,257.0,260.0,257.0,259.0,53600
2021-01-13,259.0,260.0,257.0,258.0,65200
2021-01-14,257.0,259.0,257.0,258.0,103900
2021-01-15,258.0,258.0,257.0,257.0,42600
2021-01-18,257.0,258.0,256.0,256.0,61000
2021-01-19,257.0,258.0,257.0,258.0,47800
2021-01-20,258.0,258.0,257.0,258.0,48000
2021-01-21,258.0,259.0,257.0,259.0,75300
2021-01-22,258.0,259.0,257.0,257.0,59900
2021-01-25,257.0,259.0,257.0,259.0,41200
2021-01-26,258.0,259.0,257.0,257.0,36800
2021-01-27,259.0,259.0,258.0,258.0,49600
2021-01-28,257.0,260.0,257.0,259.0,56900
2021-01-29,259.0,260.0,257.0,257.0,59100
2021-02-01,258.0,259.0,257.0,257.0,62300
2021-02-02,259.0,259.0,254.0,257.0,119800
2021-02-03,258.0,259.0,257.0,259.0,83400
2021-02-04,259.0,263.0,258.0,261.0,137100
2021-02-05,267.0,269.0,264.0,267.0,273800
2021-02-08,270.0,273.0,268.0,271.0,202300
2021-02-09,272.0,273.0,270.0,270.0,130400
2021-02-10,272.0,272.0,269.0,269.0,145100
2021-02-12,272.0,275.0,270.0,274.0,152700
2021-02-15,274.0,283.0,274.0,283.0,216700
2021-02-16,283.0,290.0,283.0,286.0,161100
2021-02-17,286.0,287.0,282.0,287.0,281300
2021-02-18,295.0,295.0,288.0,291.0,200000
2021-02-19,291.0,291.0,283.0,286.0,138000
2021-02-22,288.0,295.0,288.0,291.0,145900
2021-02-24,293.0,294.0,289.0,292.0,95900
2021-02-25,292.0,294.0,291.0,293.0,76500
2021-02-26,292.0,295.0,289.0,290.0,185600
2021-03-01,292.0,294.0,291.0,293.0,76100
2021-03-02,293.0,294.0,291.0,292.0,92600
2021-03-03,292.0,292.0,288.0,289.0,111500
2021-03-04,290.0,290.0,285.0,289.0,83900
2021-03-05,289.0,289.0,280.0,289.0,109500
2021-03-08,290.0,293.0,288.0,288.0,91700
2021-03-09,290.0,292.0,288.0,292.0,56100
2021-03-10,292.0,292.0,290.0,292.0,52500
2021-03-11,293.0,293.0,290.0,293.0,63400
2021-03-12,293.0,293.0,291.0,293.0,71500
2021-03-15,294.0,307.0,293.0,305.0,400300
2021-03-16,306.0,306.0,300.0,302.0,92100
2021-03-17,301.0,306.0,301.0,305.0,96100
2021-03-18,307.0,310.0,306.0,310.0,169600
2021-03-19,310.0,316.0,309.0,316.0,208300
2021-03-22,316.0,319.0,314.0,318.0,104700
2021-03-23,318.0,324.0,318.0,321.0,205800
2021-03-24,321.0,323.0,311.0,313.0,188700
2021-03-25,312.0,318.0,312.0,315.0,75400
2021-03-26,316.0,319.0,315.0,316.0,103200
2021-03-29,318.0,320.0,311.0,312.0,112700
2021-03-30,313.0,317.0,313.0,317.0,120400
2021-03-31,318.0,318.0,314.0,317.0,62600
2021-04-01,317.0,317.0,310.0,313.0,125100
2021-04-02,316.0,316.0,311.0,311.0,107700
2021-04-05,318.0,327.0,315.0,326.0,573300
2021-04-06,327.0,327.0,319.0,321.0,160800
2021-04-07,320.0,325.0,319.0,325.0,164800
2021-04-08,325.0,325.0,318.0,321.0,178700
2021-04-09,320.0,322.0,318.0,320.0,62200
2021-04-12,323.0,323.0,317.0,320.0,110400
2021-04-13,320.0,320.0,318.0,318.0,55100
2021-04-14,318.0,320.0,316.0,318.0,104400
2021-04-15,319.0,319.0,317.0,318.0,56500
2021-04-16,318.0,318.0,316.0,317.0,37700
2021-04-19,316.0,319.0,316.0,316.0,65000
2021-04-20,316.0,316.0,313.0,314.0,127600
2021-04-21,312.0,315.0,305.0,306.0,221500
2021-04-22,308.0,311.0,307.0,311.0,92100
2021-04-23,311.0,313.0,310.0,310.0,42900
2021-04-26,310.0,311.0,308.0,309.0,39900
2021-04-27,309.0,310.0,307.0,308.0,52400
2021-04-28,308.0,308.0,306.0,307.0,35600
2021-04-30,306.0,311.0,306.0,310.0,54300
2021-05-06,314.0,315.0,311.0,312.0,67600
2021-05-07,312.0,316.0,312.0,313.0,90300
2021-05-10,318.0,318.0,316.0,318.0,125000
2021-05-11,318.0,320.0,316.0,316.0,102300
2021-05-12,316.0,317.0,311.0,312.0,169700
2021-05-13,311.0,314.0,308.0,311.0,95000
2021-05-14,315.0,316.0,312.0,313.0,99600
2021-05-17,314.0,315.0,310.0,313.0,72100
2021-05-18,315.0,315.0,312.0,315.0,44400
2021-05-19,315.0,316.0,314.0,316.0,44100
2021-05-20,317.0,320.0,316.0,320.0,99100
2021-05-21,320.0,322.0,319.0,321.0,80300
2021-05-24,322.0,323.0,320.0,322.0,160000
2021-05-25,323.0,324.0,321.0,322.0,56700
2021-05-26,322.0,322.0,318.0,319.0,120500
2021-05-27,320.0,322.0,319.0,322.0,34800
2021-05-28,321.0,322.0,320.0,322.0,80200
2021-05-31,322.0,324.0,321.0,323.0,148900
2021-06-01,324.0,324.0,322.0,324.0,77500
2021-06-02,323.0,324.0,322.0,323.0,47100
2021-06-03,323.0,324.0,322.0,324.0,39700
2021-06-04,323.0,324.0,323.0,323.0,74100
2021-06-07,322.0,323.0,322.0,323.0,74900
2021-06-08,323.0,323.0,321.0,323.0,50600
2021-06-09,323.0,324.0,321.0,322.0,123100
2021-06-10,322.0,324.0,322.0,324.0,49300
2021-06-11,324.0,325.0,323.0,324.0,80800
2021-06-14,325.0,325.0,323.0,324.0,79200
2021-06-15,323.0,325.0,323.0,323.0,170800
2021-06-16,323.0,324.0,322.0,322.0,89000
2021-06-17,322.0,322.0,319.0,320.0,167900
2021-06-18,320.0,320.0,314.0,317.0,116300
2021-06-21,312.0,314.0,312.0,313.0,159600
2021-06-22,314.0,316.0,314.0,316.0,97800
2021-06-23,316.0,317.0,314.0,316.0,107700
2021-06-24,317.0,317.0,315.0,316.0,55700
2021-06-25,317.0,317.0,312.0,313.0,199200
2021-06-28,312.0,314.0,311.0,311.0,342200
2021-06-29,301.0,304.0,296.0,304.0,285300
2021-06-30,303.0,308.0,303.0,308.0,115700
2021-07-01,306.0,306.0,304.0,305.0,126700
2021-07-02,306.0,306.0,304.0,305.0,61000
2021-07-05,305.0,307.0,303.0,303.0,71400
2021-07-06,302.0,303.0,301.0,301.0,104000
2021-07-07,301.0,301.0,298.0,299.0,124800
2021-07-08,298.0,300.0,298.0,298.0,91000
2021-07-09,297.0,297.0,291.0,295.0,158300
2021-07-12,300.0,300.0,293.0,293.0,104500
2021-07-13,296.0,299.0,295.0,299.0,47000
2021-07-14,299.0,302.0,299.0,301.0,59600
2021-07-15,301.0,301.0,299.0,300.0,80800
2021-07-16,300.0,301.0,298.0,299.0,37800
2021-07-19,299.0,299.0,297.0,297.0,35700
2021-07-20,297.0,297.0,294.0,294.0,41100
2021-07-21,296.0,296.0,293.0,293.0,45300
2021-07-26,295.0,296.0,294.0,295.0,68300
2021-07-27,295.0,298.0,294.0,298.0,36700
2021-07-28,298.0,299.0,295.0,299.0,36600
2021-07-29,299.0,302.0,297.0,302.0,47700
2021-07-30,299.0,300.0,298.0,299.0,18700
2021-08-02,302.0,302.0,298.0,300.0,42700
2021-08-03,299.0,300.0,298.0,298.0,23900
2021-08-04,299.0,299.0,294.0,297.0,75500
2021-08-05,300.0,300.0,297.0,297.0,73000
2021-08-06,301.0,309.0,299.0,309.0,176900
2021-08-10,311.0,312.0,308.0,311.0,114300
2021-08-11,312.0,313.0,310.0,312.0,97600
2021-08-12,313.0,313.0,309.0,312.0,60800
2021-08-13,312.0,312.0,307.0,308.0,60500
2021-08-16,306.0,306.0,302.0,305.0,76000
2021-08-17,306.0,308.0,303.0,305.0,71000
2021-08-18,307.0,309.0,305.0,306.0,81500
2021-08-19,305.0,307.0,303.0,303.0,45000
2021-08-20,302.0,304.0,300.0,301.0,63300
2021-08-23,303.0,303.0,301.0,302.0,38500
2021-08-24,303.0,304.0,301.0,303.0,31600
2021-08-25,304.0,304.0,301.0,302.0,59200
2021-08-26,303.0,304.0,301.0,301.0,51500
2021-08-27,300.0,304.0,300.0,304.0,57000
2021-08-30,305.0,310.0,303.0,309.0,94000
2021-08-31,309.0,309.0,305.0,307.0,65700
2021-09-01,307.0,310.0,307.0,309.0,71600
2021-09-02,308.0,309.0,306.0,306.0,37600
2021-09-03,306.0,309.0,306.0,309.0,88600
2021-09-06,310.0,313.0,308.0,313.0,159500
2021-09-07,313.0,313.0,310.0,312.0,74400
2021-09-08,311.0,312.0,311.0,312.0,35900
2021-09-09,311.0,311.0,308.0,309.0,78800
2021-09-10,310.0,315.0,309.0,315.0,181100
2021-09-13,314.0,314.0,310.0,313.0,55000
2021-09-14,314.0,317.0,311.0,315.0,150200
2021-09-15,313.0,314.0,313.0,314.0,40900
2021-09-16,314.0,314.0,310.0,311.0,98200
2021-09-17,311.0,313.0,311.0,311.0,36900
2021-09-21,307.0,310.0,304.0,308.0,153500
2021-09-22,302.0,308.0,300.0,305.0,200500
2021-09-24,308.0,310.0,306.0,309.0,198100
2021-09-27,310.0,314.0,310.0,313.0,102200
2021-09-28,311.0,314.0,310.0,311.0,56400
2021-09-29,310.0,314.0,309.0,314.0,79800
2021-09-30,312.0,314.0,312.0,313.0,63200
2021-10-01,312.0,313.0,310.0,311.0,80900
2021-10-04,311.0,312.0,307.0,307.0,76400
2021-10-05,307.0,308.0,303.0,307.0,129600
2021-10-06,307.0,309.0,304.0,308.0,120700
2021-10-07,305.0,307.0,304.0,306.0,56000
2021-10-08,306.0,309.0,306.0,309.0,48900
2021-10-11,308.0,310.0,308.0,309.0,78000
2021-10-12,310.0,311.0,309.0,310.0,49400
2021-10-13,311.0,311.0,310.0,311.0,32900
2021-10-14,310.0,311.0,309.0,309.0,27500
2021-10-15,310.0,311.0,309.0,310.0,30100
2021-10-18,310.0,311.0,310.0,311.0,38300
2021-10-19,310.0,311.0,309.0,310.0,55200
2021-10-20,310.0,311.0,309.0,310.0,26300
2021-10-21,309.0,310.0,309.0,310.0,50300
2021-10-22,309.0,310.0,308.0,309.0,40800
2021-10-25,308.0,309.0,307.0,309.0,20400
2021-10-26,308.0,312.0,308.0,310.0,84300
2021-10-27,310.0,311.0,309.0,309.0,16400
2021-10-28,309.0,310.0,309.0,310.0,23400
2021-10-29,310.0,310.0,309.0,310.0,28600
2021-11-01,310.0,311.0,309.0,309.0,29500
2021-11-02,310.0,311.0,309.0,311.0,30500
2021-11-04,311.0,311.0,310.0,310.0,38300
2021-11-05,310.0,311.0,309.0,309.0,51800
2021-11-08,310.0,310.0,308.0,308.0,45300
2021-11-09,310.0,310.0,308.0,309.0,29900
2021-11-10,308.0,309.0,308.0,308.0,37400
2021-11-11,309.0,311.0,308.0,310.0,57800
2021-11-12,309.0,310.0,308.0,309.0,58500
2021-11-15,309.0,309.0,308.0,308.0,42600
2021-11-16,309.0,309.0,307.0,307.0,97100
2021-11-17,308.0,309.0,307.0,308.0,32300
2021-11-18,308.0,309.0,307.0,307.0,31200
2021-11-19,307.0,308.0,306.0,306.0,22000
2021-11-22,306.0,307.0,306.0,306.0,34200
2021-11-24,305.0,309.0,305.0,308.0,133200
2021-11-25,309.0,309.0,307.0,309.0,54000
2021-11-26,308.0,308.0,305.0,306.0,58100
2021-11-29,305.0,307.0,302.0,307.0,120800
2021-11-30,306.0,307.0,301.0,301.0,84300
2021-12-01,301.0,304.0,300.0,303.0,45100
2021-12-02,302.0,303.0,300.0,302.0,88500
2021-12-03,303.0,303.0,301.0,302.0,56000
2021-12-06,302.0,303.0,301.0,303.0,51700
2021-12-07,304.0,312.0,303.0,308.0,151000
2021-12-08,309.0,309.0,306.0,307.0,46500
2021-12-09,307.0,307.0,306.0,306.0,25300
2021-12-10,308.0,308.0,306.0,307.0,25600
2021-12-13,307.0,308.0,304.0,304.0,65200
2021-12-14,304.0,305.0,302.0,302.0,74400
2021-12-15,302.0,303.0,301.0,302.0,69600
2021-12-16,303.0,303.0,302.0,302.0,46400
2021-12-17,303.0,303.0,301.0,303.0,94100
2021-12-20,301.0,303.0,300.0,300.0,144000
2021-12-21,300.0,303.0,299.0,302.0,71000
2021-12-22,301.0,302.0,301.0,301.0,61200
2021-12-23,301.0,302.0,300.0,302.0,62100
2021-12-24,302.0,303.0,301.0,303.0,74300
2021-12-27,302.0,303.0,301.0,301.0,75800
2021-12-28,302.0,304.0,298.0,299.0,280700
2021-12-29,287.0,294.0,287.0,292.0,226100
2021-12-30,292.0,296.0,292.0,296.0,100300
2022-01-04,296.0,297.0,294.0,297.0,63700
2022-01-05,296.0,297.0,295.0,295.0,66800
2022-01-06,295.0,296.0,293.0,296.0,104100
2022-01-07,295.0,296.0,293.0,293.0,64700
2022-01-11,293.0,295.0,292.0,295.0,42100
2022-01-12,295.0,296.0,294.0,296.0,30900
2022-01-13,296.0,296.0,294.0,296.0,43700
2022-01-14,295.0,295.0,293.0,295.0,63500
2022-01-17,295.0,296.0,293.0,293.0,53900
2022-01-18,294.0,296.0,292.0,294.0,56700
2022-01-19,293.0,294.0,292.0,293.0,81500
2022-01-20,292.0,293.0,291.0,292.0,59900
2022-01-21,291.0,293.0,290.0,292.0,57500
2022-01-24,290.0,294.0,290.0,294.0,66500
2022-01-25,291.0,294.0,291.0,291.0,40800
2022-01-26,292.0,293.0,291.0,293.0,41000
2022-01-27,293.0,293.0,289.0,290.0,106900
2022-01-28,291.0,291.0,287.0,290.0,79600
2022-01-31,290.0,291.0,289.0,291.0,30800
2022-02-01,292.0,294.0,291.0,292.0,54900
2022-02-02,292.0,294.0,291.0,294.0,72000
2022-02-03,294.0,297.0,293.0,296.0,71400
2022-02-04,292.0,294.0,290.0,292.0,139000
2022-02-07,290.0,292.0,290.0,290.0,90600
2022-02-08,290.0,292.0,289.0,291.0,96300
2022-02-09,290.0,291.0,289.0,291.0,42900
2022-02-10,291.0,292.0,290.0,292.0,24100
2022-02-14,290.0,292.0,290.0,292.0,76300
2022-02-15,291.0,292.0,289.0,289.0,53400
2022-02-16,292.0,292.0,290.0,292.0,34400
2022-02-17,291.0,292.0,290.0,290.0,66700
2022-02-18,290.0,291.0,289.0,291.0,44400
2022-02-21,289.0,291.0,289.0,291.0,35700
2022-02-22,290.0,291.0,286.0,288.0,134700
2022-02-24,287.0,287.0,284.0,287.0,114900
2022-02-25,283.0,288.0,283.0,288.0,58300
2022-02-28,285.0,288.0,285.0,285.0,61300
2022-03-01,287.0,288.0,286.0,287.0,30700
2022-03-02,283.0,286.0,281.0,284.0,131800
2022-03-03,285.0,285.0,283.0,283.0,33600
2022-03-04,284.0,284.0,282.0,284.0,82700
2022-03-07,283.0,284.0,281.0,284.0,74800
2022-03-08,281.0,283.0,279.0,281.0,210000
2022-03-09,280.0,282.0,280.0,282.0,35600
2022-03-10,281.0,284.0,281.0,282.0,49900
2022-03-11,282.0,284.0,281.0,284.0,33600
2022-03-14,284.0,288.0,284.0,285.0,97700
2022-03-15,286.0,289.0,285.0,289.0,37900
2022-03-16,289.0,289.0,287.0,288.0,31700
2022-03-17,289.0,290.0,286.0,290.0,76700
2022-03-18,290.0,293.0,290.0,293.0,91300
2022-03-22,293.0,295.0,292.0,294.0,43600
2022-03-23,294.0,296.0,293.0,296.0,44600
2022-03-24,295.0,296.0,294.0,296.0,49900
2022-03-25,297.0,297.0,295.0,296.0,30400
2022-03-28,296.0,298.0,295.0,295.0,113700
2022-03-29,296.0,300.0,296.0,300.0,142000
2022-03-30,300.0,305.0,298.0,302.0,95500
2022-03-31,301.0,305.0,300.0,303.0,77800
2022-04-01,304.0,307.0,302.0,307.0,91900
2022-04-04,307.0,307.0,305.0,307.0,65600
2022-04-05,307.0,309.0,306.0,309.0,80700
2022-04-06,310.0,310.0,300.0,306.0,172200
2022-04-07,303.0,306.0,302.0,303.0,66200
2022-04-08,303.0,304.0,302.0,302.0,26900
2022-04-11,302.0,303.0,301.0,301.0,17000
2022-04-12,301.0,302.0,298.0,300.0,97800
2022-04-13,300.0,301.0,299.0,300.0,17300
2022-04-14,301.0,303.0,301.0,302.0,21300
2022-04-15,301.0,302.0,300.0,302.0,27000
2022-04-18,301.0,303.0,300.0,303.0,21800
2022-04-19,303.0,304.0,301.0,303.0,28600
2022-04-20,304.0,304.0,299.0,302.0,63700
2022-04-21,302.0,303.0,301.0,302.0,16900
2022-04-22,301.0,302.0,301.0,301.0,19400
2022-04-25,301.0,302.0,300.0,300.0,51300
2022-04-26,301.0,301.0,300.0,300.0,16400
2022-04-27,300.0,300.0,295.0,300.0,78800
2022-04-28,300.0,301.0,299.0,301.0,44100
2022-05-02,300.0,302.0,300.0,302.0,35000
2022-05-06,302.0,304.0,301.0,304.0,76100
2022-05-09,304.0,304.0,302.0,304.0,49600
2022-05-10,302.0,303.0,300.0,303.0,75400
2022-05-11,302.0,302.0,301.0,301.0,26500
2022-05-12,301.0,301.0,299.0,299.0,45700
2022-05-13,299.0,303.0,297.0,302.0,55500
2022-05-16,302.0,302.0,298.0,301.0,67500
2022-05-17,300.0,302.0,300.0,300.0,35200
2022-05-18,302.0,302.0,300.0,300.0,25400
2022-05-19,299.0,301.0,297.0,299.0,119300
2022-05-20,300.0,301.0,299.0,301.0,23000
2022-05-23,301.0,302.0,300.0,302.0,38600
2022-05-24,303.0,303.0,301.0,303.0,22600
2022-05-25,303.0,304.0,301.0,304.0,90400
2022-05-26,304.0,305.0,303.0,305.0,33000
2022-05-27,305.0,306.0,304.0,304.0,73100
2022-05-30,306.0,309.0,305.0,309.0,104500
2022-05-31,309.0,309.0,306.0,308.0,74500
2022-06-01,307.0,309.0,307.0,308.0,53900
2022-06-02,307.0,309.0,307.0,309.0,60400
2022-06-03,309.0,309.0,308.0,308.0,41700
2022-06-06,307.0,309.0,307.0,309.0,81500
2022-06-07,309.0,310.0,308.0,308.0,67400
2022-06-08,309.0,310.0,308.0,308.0,61500
2022-06-09,308.0,310.0,308.0,309.0,66100
2022-06-10,309.0,310.0,308.0,308.0,41100
2022-06-13,307.0,309.0,306.0,308.0,112900
2022-06-14,306.0,306.0,303.0,305.0,94900
2022-06-15,305.0,305.0,301.0,303.0,146300
2022-06-16,304.0,305.0,303.0,304.0,36800
2022-06-17,301.0,306.0,301.0,305.0,115500
2022-06-20,305.0,305.0,301.0,304.0,102600
2022-06-21,304.0,305.0,303.0,303.0,43700
2022-06-22,304.0,304.0,302.0,302.0,37900
2022-06-23,303.0,305.0,303.0,303.0,50600
2022-06-24,305.0,307.0,304.0,306.0,111000
2022-06-27,306.0,307.0,305.0,307.0,195100
2022-06-28,306.0,308.0,305.0,307.0,305200
2022-06-29,297.0,302.0,295.0,301.0,407400
2022-06-30,298.0,301.0,297.0,300.0,138100
2022-07-01,300.0,300.0,296.0,297.0,87400
2022-07-04,298.0,298.0,295.0,297.0,75600
2022-07-05,297.0,297.0,295.0,296.0,47200
2022-07-06,296.0,296.0,295.0,296.0,26500
2022-07-07,296.0,296.0,295.0,296.0,36100
2022-07-08,296.0,296.0,295.0,295.0,45800
2022-07-11,295.0,297.0,295.0,296.0,46000
2022-07-12,297.0,298.0,297.0,298.0,39600
2022-07-13,298.0,300.0,297.0,299.0,33200
2022-07-14,298.0,300.0,298.0,300.0,47100
2022-07-15,299.0,300.0,298.0,299.0,30900
2022-07-19,299.0,299.0,296.0,298.0,46800
2022-07-20,298.0,299.0,297.0,299.0,26400
2022-07-21,298.0,300.0,298.0,300.0,28200
2022-07-22,299.0,300.0,298.0,299.0,77500
2022-07-25,299.0,300.0,298.0,298.0,75700
2022-07-26,299.0,300.0,298.0,300.0,39100
2022-07-27,299.0,300.0,298.0,299.0,46400
2022-07-28,300.0,300.0,298.0,300.0,69100
2022-07-29,299.0,300.0,298.0,300.0,33700
2022-08-01,299.0,300.0,299.0,299.0,34900
2022-08-02,299.0,300.0,299.0,299.0,35600
2022-08-03,299.0,299.0,298.0,299.0,36000
2022-08-04,300.0,300.0,298.0,299.0,48600
2022-08-05,296.0,299.0,296.0,297.0,86000
2022-08-08,299.0,300.0,298.0,299.0,60500
2022-08-09,297.0,299.0,297.0,298.0,55900
2022-08-10,298.0,299.0,297.0,297.0,31500
2022-08-12,299.0,299.0,297.0,298.0,56400
2022-08-15,299.0,300.0,298.0,299.0,60100
2022-08-16,299.0,300.0,298.0,299.0,55100
2022-08-17,299.0,300.0,298.0,300.0,65200
2022-08-18,300.0,300.0,299.0,300.0,54200
2022-08-19,300.0,300.0,299.0,300.0,47400
2022-08-22,299.0,300.0,299.0,300.0,65200
2022-08-23,300.0,300.0,298.0,300.0,68500
2022-08-24,300.0,300.0,298.0,300.0,40000
2022-08-25,300.0,300.0,299.0,300.0,17600
2022-08-26,300.0,300.0,299.0,300.0,31500
2022-08-29,299.0,300.0,299.0,299.0,42500
2022-08-30,299.0,300.0,299.0,300.0,40700
2022-08-31,300.0,301.0,299.0,300.0,37700
2022-09-01,300.0,301.0,300.0,300.0,23200
2022-09-02,300.0,301.0,299.0,301.0,51100
2022-09-05,301.0,301.0,299.0,300.0,31700
2022-09-06,301.0,301.0,300.0,300.0,17400
2022-09-07,300.0,301.0,299.0,299.0,26800
2022-09-08,300.0,301.0,300.0,301.0,14400
2022-09-09,301.0,301.0,299.0,301.0,71600
2022-09-12,301.0,301.0,300.0,300.0,27600
2022-09-13,300.0,301.0,300.0,301.0,43000
2022-09-14,300.0,301.0,299.0,299.0,116000
2022-09-15,300.0,301.0,299.0,301.0,160100
2022-09-16,301.0,301.0,300.0,301.0,28500
2022-09-20,301.0,301.0,300.0,301.0,47400
2022-09-21,300.0,301.0,300.0,301.0,14200
2022-09-22,300.0,301.0,300.0,300.0,41800
2022-09-26,300.0,300.0,298.0,298.0,111600
2022-09-27,299.0,300.0,298.0,300.0,29600
2022-09-28,300.0,300.0,298.0,300.0,62200
2022-09-29,301.0,301.0,299.0,299.0,44600
2022-09-30,300.0,300.0,299.0,300.0,25500
2022-10-03,300.0,301.0,299.0,299.0,75800
2022-10-04,300.0,301.0,299.0,301.0,50700
2022-10-05,301.0,302.0,300.0,302.0,79300
2022-10-06,300.0,302.0,300.0,301.0,50800
2022-10-07,301.0,302.0,301.0,302.0,20800
2022-10-11,301.0,303.0,301.0,303.0,53800
2022-10-12,303.0,304.0,302.0,304.0,26400
2022-10-13,304.0,306.0,303.0,306.0,60900
2022-10-14,307.0,308.0,305.0,307.0,80600
2022-10-17,305.0,308.0,305.0,308.0,46800
2022-10-18,308.0,309.0,307.0,307.0,53400
2022-10-19,308.0,308.0,307.0,308.0,27700
2022-10-20,307.0,308.0,307.0,308.0,18200
2022-10-21,307.0,308.0,307.0,308.0,7800
2022-10-24,308.0,309.0,306.0,306.0,29700
2022-10-25,306.0,307.0,306.0,306.0,7600
2022-10-26,307.0,308.0,306.0,306.0,27600
2022-10-27,306.0,307.0,306.0,307.0,14400
2022-10-28,307.0,308.0,306.0,306.0,34900
2022-10-31,307.0,308.0,306.0,308.0,25100
2022-11-01,308.0,308.0,306.0,307.0,42700
2022-11-02,307.0,308.0,305.0,305.0,51800
2022-11-04,305.0,306.0,304.0,305.0,81700
2022-11-07,306.0,306.0,303.0,305.0,98200
2022-11-08,308.0,308.0,304.0,307.0,45900
2022-11-09,306.0,308.0,306.0,306.0,47200
2022-11-10,305.0,308.0,304.0,306.0,72300
2022-11-11,308.0,308.0,305.0,307.0,50600
2022-11-14,307.0,308.0,305.0,308.0,62700
2022-11-15,307.0,308.0,305.0,306.0,82100
2022-11-16,306.0,307.0,306.0,306.0,24300
2022-11-17,306.0,307.0,306.0,307.0,25500
2022-11-18,307.0,308.0,306.0,306.0,30200
2022-11-21,307.0,308.0,307.0,308.0,21000
2022-11-22,307.0,309.0,307.0,309.0,56300
2022-11-24,309.0,309.0,307.0,309.0,53400
2022-11-25,308.0,309.0,307.0,308.0,37500
2022-11-28,308.0,310.0,308.0,309.0,54200
2022-11-29,310.0,310.0,308.0,310.0,49900
2022-11-30,310.0,310.0,308.0,309.0,43400
2022-12-01,309.0,310.0,308.0,309.0,57300
2022-12-02,308.0,309.0,307.0,309.0,63900
2022-12-05,309.0,309.0,308.0,308.0,54900
2022-12-06,307.0,309.0,307.0,308.0,39200
2022-12-07,308.0,309.0,307.0,309.0,43500
2022-12-08,309.0,309.0,307.0,309.0,26700
2022-12-09,308.0,312.0,308.0,312.0,129300
2022-12-12,312.0,314.0,311.0,314.0,103400
2022-12-13,313.0,314.0,313.0,313.0,41400
2022-12-14,313.0,315.0,313.0,314.0,69900
2022-12-15,313.0,315.0,313.0,314.0,45900
2022-12-16,313.0,315.0,313.0,314.0,104100
2022-12-19,314.0,315.0,313.0,314.0,55700
2022-12-20,313.0,315.0,308.0,310.0,275700
2022-12-21,310.0,311.0,308.0,309.0,111300
2022-12-22,311.0,312.0,309.0,311.0,90800
2022-12-23,310.0,312.0,309.0,311.0,69800
2022-12-26,312.0,313.0,310.0,311.0,115600
2022-12-27,312.0,313.0,310.0,312.0,76800
2022-12-28,312.0,315.0,310.0,312.0,228200
2022-12-29,304.0,308.0,301.0,303.0,162800
2022-12-30,305.0,306.0,304.0,305.0,81400
2023-01-04,303.0,304.0,299.0,299.0,142600
2023-01-05,300.0,301.0,299.0,299.0,66400
2023-01-06,300.0,301.0,299.0,300.0,54300
2023-01-10,302.0,303.0,301.0,302.0,64700
2023-01-11,303.0,304.0,302.0,303.0,45200
2023-01-12,304.0,304.0,302.0,302.0,64200
2023-01-13,303.0,304.0,303.0,303.0,76500
2023-01-16,304.0,304.0,302.0,303.0,31800
2023-01-17,303.0,304.0,302.0,304.0,48500
2023-01-18,304.0,307.0,303.0,305.0,119200
2023-01-19,305.0,307.0,305.0,306.0,38300
2023-01-20,306.0,308.0,306.0,307.0,39100
2023-01-23,306.0,308.0,305.0,306.0,73100
2023-01-24,307.0,307.0,305.0,306.0,45600
2023-01-25,305.0,307.0,305.0,306.0,25000
2023-01-26,307.0,307.0,306.0,307.0,18300
2023-01-27,306.0,307.0,305.0,306.0,37000
2023-01-30,305.0,307.0,305.0,306.0,18900
2023-01-31,306.0,307.0,305.0,307.0,41800
2023-02-01,306.0,306.0,304.0,306.0,55800
2023-02-02,305.0,307.0,305.0,305.0,37000
2023-02-03,306.0,307.0,305.0,307.0,28900
2023-02-06,307.0,307.0,305.0,307.0,49100
2023-02-07,307.0,307.0,306.0,307.0,29600
2023-02-08,307.0,307.0,306.0,306.0,12500
2023-02-09,306.0,308.0,305.0,307.0,55000
2023-02-10,306.0,307.0,305.0,306.0,48700
2023-02-13,307.0,309.0,306.0,307.0,64800
2023-02-14,308.0,309.0,306.0,307.0,68300
2023-02-15,308.0,310.0,307.0,309.0,42400
2023-02-16,308.0,309.0,305.0,307.0,80800
2023-02-17,308.0,309.0,307.0,308.0,66300
2023-02-20,309.0,310.0,308.0,310.0,87200
2023-02-21,310.0,312.0,309.0,312.0,65800
2023-02-22,312.0,315.0,311.0,313.0,148500
2023-02-24,313.0,316.0,313.0,313.0,99100
2023-02-27,314.0,318.0,313.0,317.0,93900
2023-02-28,318.0,319.0,317.0,319.0,70900
2023-03-01,319.0,320.0,313.0,318.0,131600
2023-03-02,319.0,320.0,314.0,319.0,199200
2023-03-03,319.0,319.0,314.0,318.0,71800
2023-03-06,319.0,321.0,318.0,320.0,127900
2023-03-07,320.0,320.0,318.0,318.0,45000
2023-03-08,318.0,320.0,317.0,319.0,51900
2023-03-09,320.0,320.0,319.0,320.0,39100
2023-03-10,320.0,320.0,317.0,317.0,80100
2023-03-13,315.0,316.0,312.0,313.0,109200
2023-03-14,312.0,312.0,308.0,311.0,212800
2023-03-15,312.0,317.0,311.0,315.0,53900
2023-03-16,312.0,314.0,312.0,312.0,44800
2023-03-17,313.0,315.0,312.0,312.0,30500
2023-03-20,313.0,314.0,311.0,312.0,41300
2023-03-22,313.0,315.0,312.0,314.0,50400
2023-03-23,314.0,317.0,313.0,317.0,50700
2023-03-24,318.0,318.0,315.0,317.0,35000
2023-03-27,317.0,318.0,316.0,316.0,53200
2023-03-28,316.0,317.0,315.0,316.0,45600
2023-03-29,316.0,316.0,314.0,316.0,52600
2023-03-30,316.0,321.0,316.0,320.0,94300
2023-03-31,320.0,320.0,319.0,320.0,47400
2023-04-03,320.0,321.0,319.0,321.0,74100
2023-04-04,322.0,322.0,320.0,320.0,66600
2023-04-05,321.0,321.0,318.0,320.0,66200
2023-04-06,318.0,321.0,317.0,321.0,97500
2023-04-07,319.0,320.0,318.0,318.0,35400
2023-04-10,319.0,322.0,319.0,322.0,70300
2023-04-11,322.0,322.0,320.0,320.0,34400
2023-04-12,322.0,322.0,320.0,322.0,44700
2023-04-13,322.0,323.0,321.0,322.0,55400
2023-04-14,323.0,324.0,322.0,322.0,52300
2023-04-17,322.0,324.0,322.0,324.0,55000
2023-04-18,324.0,324.0,323.0,323.0,39600
2023-04-19,324.0,324.0,322.0,324.0,32100
2023-04-20,324.0,325.0,324.0,325.0,57300
2023-04-21,324.0,325.0,324.0,324.0,35700
2023-04-24,325.0,326.0,324.0,326.0,35100
2023-04-25,326.0,327.0,325.0,327.0,65700
2023-04-26,325.0,327.0,325.0,325.0,35200
2023-04-27,326.0,330.0,325.0,330.0,117700
2023-04-28,332.0,332.0,329.0,331.0,85800
2023-05-01,331.0,332.0,330.0,331.0,59900
2023-05-02,331.0,331.0,325.0,329.0,191800
2023-05-08,330.0,331.0,328.0,330.0,89300
2023-05-09,331.0,331.0,330.0,331.0,56900
2023-05-10,330.0,330.0,328.0,329.0,111000
2023-05-11,330.0,330.0,327.0,328.0,85600
2023-05-12,327.0,330.0,326.0,327.0,74500
2023-05-15,328.0,331.0,326.0,331.0,118800
2023-05-16,331.0,332.0,330.0,330.0,85100
2023-05-17,330.0,332.0,330.0,332.0,64900
2023-05-18,332.0,334.0,332.0,332.0,113400
2023-05-19,333.0,336.0,333.0,336.0,147200
2023-05-22,336.0,336.0,334.0,336.0,94200
2023-05-23,335.0,340.0,334.0,336.0,131100
2023-05-24,337.0,337.0,334.0,335.0,71700
2023-05-25,336.0,339.0,336.0,336.0,90500
2023-05-26,338.0,339.0,337.0,338.0,102600
2023-05-29,339.0,344.0,339.0,343.0,203700
2023-05-30,343.0,348.0,341.0,344.0,150500
2023-05-31,342.0,342.0,338.0,340.0,169900
2023-06-01,342.0,342.0,335.0,335.0,166200
2023-06-02,336.0,341.0,336.0,341.0,67600
2023-06-05,342.0,343.0,340.0,340.0,132000
2023-06-06,343.0,347.0,342.0,345.0,252700
2023-06-07,346.0,347.0,341.0,345.0,147900
2023-06-08,344.0,345.0,340.0,343.0,173200
2023-06-09,342.0,344.0,341.0,343.0,92400
2023-06-12,342.0,345.0,341.0,344.0,165900
2023-06-13,345.0,345.0,342.0,342.0,106300
2023-06-14,344.0,345.0,342.0,344.0,133100
2023-06-15,343.0,345.0,342.0,345.0,86700
2023-06-16,346.0,346.0,343.0,345.0,138500
2023-06-19,347.0,348.0,345.0,345.0,156100
2023-06-20,346.0,346.0,343.0,345.0,158100
2023-06-21,346.0,346.0,344.0,344.0,137000
2023-06-22,345.0,348.0,345.0,346.0,152100
2023-06-23,347.0,348.0,344.0,346.0,179500
2023-06-26,344.0,345.0,340.0,344.0,386100
2023-06-27,344.0,344.0,339.0,342.0,349900
2023-06-28,340.0,344.0,338.0,344.0,547900
2023-06-29,327.0,332.0,324.0,324.0,629800
2023-06-30,326.0,329.0,325.0,329.0,160700
2023-07-03,330.0,333.0,329.0,333.0,220100
2023-07-04,333.0,334.0,331.0,333.0,111800
2023-07-05,332.0,336.0,331.0,335.0,186300
2023-07-06,336.0,338.0,334.0,335.0,111300
2023-07-07,335.0,335.0,332.0,335.0,86100
2023-07-10,334.0,335.0,333.0,334.0,94000
2023-07-11,334.0,335.0,331.0,331.0,131700
2023-07-12,333.0,333.0,330.0,330.0,88900
2023-07-13,330.0,331.0,328.0,330.0,85700
2023-07-14,330.0,330.0,328.0,329.0,55800
2023-07-18,328.0,329.0,327.0,329.0,112700
2023-07-19,328.0,331.0,328.0,331.0,58900
2023-07-20,331.0,333.0,331.0,331.0,45900
2023-07-21,333.0,334.0,331.0,334.0,79800
2023-07-24,334.0,335.0,333.0,333.0,58400
2023-07-25,334.0,335.0,334.0,335.0,29000
2023-07-26,335.0,336.0,334.0,334.0,103300
2023-07-27,335.0,335.0,334.0,335.0,44300
2023-07-28,335.0,335.0,332.0,333.0,86100
2023-07-31,335.0,337.0,333.0,335.0,97800
2023-08-01,336.0,336.0,334.0,334.0,37300
2023-08-02,334.0,336.0,332.0,332.0,77100
2023-08-03,332.0,335.0,330.0,330.0,133500
2023-08-04,350.0,362.0,343.0,355.0,1595900
2023-08-07,361.0,371.0,361.0,368.0,613200
2023-08-08,367.0,370.0,363.0,368.0,311900
2023-08-09,368.0,369.0,363.0,365.0,177100
2023-08-10,364.0,364.0,358.0,360.0,163300
2023-08-14,361.0,367.0,361.0,363.0,162600
2023-08-15,365.0,365.0,361.0,364.0,108100
2023-08-16,363.0,365.0,362.0,363.0,67900
2023-08-17,363.0,364.0,358.0,363.0,115600
2023-08-18,362.0,362.0,357.0,360.0,109500
2023-08-21,360.0,364.0,358.0,364.0,267200
2023-08-22,364.0,368.0,363.0,366.0,113600
2023-08-23,368.0,375.0,368.0,373.0,313100
2023-08-24,375.0,380.0,374.0,375.0,170500
2023-08-25,364.0,372.0,364.0,369.0,197500
2023-08-28,370.0,373.0,369.0,373.0,65200
2023-08-29,370.0,374.0,370.0,373.0,95900
2023-08-30,374.0,379.0,374.0,378.0,158000
2023-08-31,380.0,383.0,379.0,381.0,117400
2023-09-01,380.0,381.0,377.0,381.0,86500
2023-09-04,381.0,389.0,380.0,388.0,196800
2023-09-05,389.0,390.0,386.0,388.0,103100
2023-09-06,387.0,389.0,382.0,383.0,161100
2023-09-07,385.0,390.0,385.0,386.0,129400
2023-09-08,389.0,390.0,386.0,389.0,123400
2023-09-11,388.0,389.0,383.0,385.0,118100
2023-09-12,383.0,383.0,379.0,381.0,164500
2023-09-13,382.0,383.0,381.0,381.0,65500
2023-09-14,383.0,388.0,382.0,386.0,179700
2023-09-15,388.0,393.0,388.0,392.0,243900
2023-09-19,393.0,395.0,390.0,394.0,168000
2023-09-20,395.0,400.0,395.0,396.0,170200
2023-09-21,396.0,396.0,391.0,394.0,107300
2023-09-22,391.0,398.0,391.0,397.0,133400
2023-09-25,398.0,404.0,397.0,402.0,193200
2023-09-26,402.0,404.0,400.0,403.0,154600
2023-09-27,403.0,404.0,400.0,402.0,109100
2023-09-28,404.0,404.0,401.0,403.0,126000
2023-09-29,402.0,405.0,393.0,395.0,224500
2023-10-02,395.0,402.0,394.0,399.0,134900
2023-10-03,398.0,398.0,386.0,387.0,231000
2023-10-04,375.0,384.0,374.0,377.0,229000
2023-10-05,380.0,390.0,380.0,390.0,152100
2023-10-06,390.0,394.0,388.0,392.0,91300
2023-10-10,393.0,395.0,392.0,393.0,90400
2023-10-11,394.0,394.0,390.0,392.0,54100
2023-10-12,391.0,393.0,390.0,390.0,43500
2023-10-13,390.0,391.0,385.0,385.0,93200
2023-10-16,383.0,387.0,381.0,382.0,123400
2023-10-17,384.0,388.0,383.0,384.0,62100
2023-10-18,384.0,389.0,384.0,389.0,49500
2023-10-19,387.0,389.0,386.0,387.0,25600
2023-10-20,386.0,388.0,384.0,388.0,38100
2023-10-23,385.0,389.0,383.0,384.0,86000
2023-10-24,385.0,385.0,379.0,383.0,114900
2023-10-25,385.0,390.0,384.0,388.0,92700
2023-10-26,390.0,390.0,385.0,385.0,99400
2023-10-27,392.0,392.0,387.0,390.0,63800
2023-10-30,388.0,389.0,385.0,388.0,60500
2023-10-31,388.0,390.0,382.0,387.0,120400
2023-11-01,389.0,392.0,388.0,391.0,72400
2023-11-02,391.0,392.0,387.0,390.0,86100
2023-11-06,392.0,392.0,390.0,392.0,100500
2023-11-07,391.0,392.0,390.0,392.0,107500
2023-11-08,392.0,392.0,383.0,385.0,195100
2023-11-09,389.0,391.0,386.0,391.0,111400
2023-11-10,388.0,395.0,388.0,395.0,141600
2023-11-13,395.0,395.0,392.0,394.0,100700
2023-11-14,394.0,396.0,393.0,396.0,96300
2023-11-15,396.0,397.0,395.0,395.0,69200
2023-11-16,396.0,398.0,395.0,398.0,63600
2023-11-17,398.0,406.0,397.0,406.0,364000
2023-11-20,405.0,407.0,401.0,407.0,216700
2023-11-21,406.0,414.0,405.0,411.0,262500
2023-11-22,413.0,414.0,409.0,411.0,134500
2023-11-24,410.0,413.0,407.0,412.0,109500
2023-11-27,413.0,419.0,413.0,417.0,192300
2023-11-28,416.0,417.0,413.0,416.0,117500
2023-11-29,415.0,416.0,411.0,413.0,130600
2023-11-30,411.0,412.0,406.0,410.0,171400
2023-12-01,410.0,413.0,409.0,409.0,85200
2023-12-04,410.0,415.0,410.0,415.0,160800
2023-12-05,414.0,415.0,409.0,409.0,115500
2023-12-06,409.0,413.0,409.0,413.0,108100
2023-12-07,410.0,412.0,409.0,412.0,88600
2023-12-08,409.0,409.0,402.0,404.0,220600
2023-12-11,405.0,407.0,404.0,404.0,89300
2023-12-12,406.0,409.0,405.0,405.0,95300
2023-12-13,405.0,406.0,403.0,405.0,72300
2023-12-14,405.0,405.0,398.0,398.0,165500
2023-12-15,394.0,397.0,392.0,395.0,205300
2023-12-18,395.0,396.0,392.0,395.0,102100
2023-12-19,396.0,396.0,391.0,395.0,150200
2023-12-20,395.0,398.0,394.0,396.0,94900
2023-12-21,396.0,396.0,393.0,394.0,109200
2023-12-22,395.0,397.0,395.0,395.0,91700
2023-12-25,398.0,405.0,397.0,405.0,242600
2023-12-26,405.0,405.0,401.0,402.0,121600
2023-12-27,402.0,402.0,398.0,401.0,330300
2023-12-28,391.0,395.0,387.0,393.0,185000
2023-12-29,393.0,396.0,393.0,396.0,93900
2024-01-04,396.0,403.0,395.0,402.0,195600
2024-01-05,402.0,407.0,401.0,405.0,255000
2024-01-09,401.0,405.0,400.0,403.0,211800
2024-01-10,403.0,403.0,400.0,402.0,116500
2024-01-11,402.0,404.0,400.0,400.0,174000
2024-01-12,401.0,402.0,397.0,399.0,208400
2024-01-15,400.0,401.0,399.0,400.0,33800
2024-01-16,400.0,403.0,399.0,399.0,88600
2024-01-17,399.0,403.0,399.0,399.0,108800
2024-01-18,399.0,400.0,398.0,400.0,112100
2024-01-19,400.0,403.0,399.0,403.0,108200
2024-01-22,403.0,407.0,403.0,407.0,236000
2024-01-23,406.0,407.0,403.0,404.0,171400
2024-01-24,405.0,406.0,402.0,404.0,49300
2024-01-25,403.0,404.0,402.0,404.0,56300
2024-01-26,404.0,407.0,404.0,404.0,109400
2024-01-29,404.0,410.0,404.0,407.0,233000
2024-01-30,409.0,411.0,406.0,406.0,151900
2024-01-31,406.0,409.0,405.0,409.0,70200
2024-02-01,407.0,409.0,406.0,407.0,62700
2024-02-02,406.0,406.0,401.0,405.0,147900
2024-02-05,405.0,406.0,402.0,404.0,115700
2024-02-06,404.0,406.0,403.0,403.0,58500
2024-02-07,403.0,403.0,400.0,401.0,89400
2024-02-08,402.0,403.0,398.0,400.0,110400
2024-02-09,400.0,400.0,397.0,399.0,107900
2024-02-13,402.0,402.0,397.0,399.0,149100
2024-02-14,398.0,398.0,395.0,398.0,132200
2024-02-15,397.0,397.0,390.0,391.0,210100
2024-02-16,394.0,395.0,391.0,394.0,116300
2024-02-19,394.0,397.0,394.0,397.0,105000
2024-02-20,397.0,398.0,396.0,396.0,55400
2024-02-21,398.0,398.0,395.0,397.0,85800
2024-02-22,397.0,397.0,394.0,396.0,157600
2024-02-26,397.0,397.0,395.0,397.0,88900
2024-02-27,396.0,397.0,394.0,395.0,93400
2024-02-28,394.0,397.0,394.0,396.0,71100
2024-02-29,396.0,397.0,393.0,395.0,113600
2024-03-01,397.0,397.0,395.0,395.0,44800
2024-03-04,396.0,398.0,395.0,396.0,83800
2024-03-05,395.0,397.0,395.0,395.0,56500
2024-03-06,396.0,398.0,395.0,395.0,113200
2024-03-07,398.0,402.0,396.0,396.0,160000
2024-03-08,396.0,399.0,395.0,399.0,102200
2024-03-11,398.0,398.0,393.0,395.0,168600
2024-03-12,394.0,398.0,392.0,396.0,135100
2024-03-13,399.0,399.0,395.0,397.0,50900
2024-03-14,396.0,398.0,396.0,398.0,43200
2024-03-15,398.0,399.0,397.0,397.0,48800
2024-03-18,397.0,399.0,395.0,397.0,115000
2024-03-19,398.0,402.0,397.0,402.0,250800
2024-03-21,407.0,412.0,405.0,411.0,431600
2024-03-22,411.0,413.0,409.0,411.0,168300
2024-03-25,413.0,417.0,412.0,413.0,253700
2024-03-26,411.0,415.0,411.0,413.0,156900
2024-03-27,415.0,419.0,413.0,416.0,308100
2024-03-28,417.0,427.0,416.0,419.0,335400
2024-03-29,433.0,438.0,428.0,434.0,530200
2024-04-01,438.0,439.0,430.0,435.0,319200
2024-04-02,433.0,435.0,422.0,423.0,273000
2024-04-03,422.0,427.0,422.0,426.0,233300
2024-04-04,428.0,433.0,428.0,428.0,173400
2024-04-05,425.0,425.0,417.0,423.0,226000
2024-04-08,427.0,430.0,425.0,429.0,136700
2024-04-09,430.0,434.0,430.0,433.0,119700
2024-04-10,434.0,435.0,431.0,433.0,90500
2024-04-11,430.0,432.0,428.0,429.0,78600
2024-04-12,430.0,431.0,423.0,425.0,157400
2024-04-15,424.0,428.0,422.0,424.0,98500
2024-04-16,426.0,430.0,420.0,422.0,107400
2024-04-17,426.0,426.0,417.0,420.0,117800
2024-04-18,419.0,426.0,418.0,425.0,96900
2024-04-19,424.0,425.0,418.0,423.0,116400
2024-04-22,424.0,427.0,423.0,426.0,66200
2024-04-23,427.0,432.0,427.0,431.0,121400
2024-04-24,431.0,431.0,428.0,428.0,77600
2024-04-25,427.0,428.0,424.0,424.0,76900
2024-04-26,424.0,427.0,422.0,427.0,126500
2024-04-30,428.0,429.0,426.0,426.0,61100
2024-05-01,425.0,427.0,424.0,426.0,63900
2024-05-02,425.0,427.0,424.0,426.0,55600
2024-05-07,426.0,429.0,426.0,428.0,63000
2024-05-08,428.0,428.0,424.0,426.0,103300
2024-05-09,426.0,426.0,421.0,424.0,120700
2024-05-10,422.0,423.0,417.0,419.0,222800
2024-05-13,415.0,417.0,411.0,413.0,177800
2024-05-14,415.0,417.0,413.0,415.0,80700
2024-05-15,414.0,416.0,412.0,413.0,73000
2024-05-16,413.0,414.0,408.0,412.0,184500
2024-05-17,414.0,419.0,412.0,419.0,133800
2024-05-20,420.0,425.0,420.0,423.0,137700
2024-05-21,425.0,428.0,424.0,425.0,123900
2024-05-22,425.0,425.0,422.0,422.0,105600
2024-05-23,423.0,423.0,417.0,418.0,94200
2024-05-24,415.0,418.0,414.0,417.0,46300
2024-05-27,418.0,418.0,413.0,414.0,85600
2024-05-28,414.0,416.0,414.0,414.0,63900
2024-05-29,414.0,415.0,412.0,414.0,97500
2024-05-30,412.0,412.0,408.0,410.0,149300
2024-05-31,409.0,412.0,409.0,411.0,117000
2024-06-03,413.0,415.0,413.0,415.0,83900
2024-06-04,415.0,416.0,413.0,415.0,76200
2024-06-05,415.0,418.0,413.0,414.0,120300
2024-06-06,415.0,415.0,412.0,412.0,57600
2024-06-07,410.0,413.0,409.0,412.0,208500
2024-06-10,412.0,414.0,411.0,413.0,123400
2024-06-11,414.0,417.0,414.0,415.0,119000
2024-06-12,416.0,416.0,413.0,413.0,63800
2024-06-13,414.0,415.0,412.0,412.0,64200
2024-06-14,412.0,414.0,412.0,412.0,62900
2024-06-17,412.0,412.0,405.0,407.0,260300
2024-06-18,410.0,412.0,407.0,408.0,94800
2024-06-19,410.0,413.0,409.0,412.0,41900
2024-06-20,410.0,412.0,409.0,410.0,70200
2024-06-21,411.0,412.0,409.0,409.0,125300
2024-06-24,410.0,413.0,409.0,411.0,87500
2024-06-25,412.0,415.0,412.0,414.0,115100
2024-06-26,410.0,413.0,409.0,410.0,444000
2024-06-27,403.0,407.0,398.0,401.0,284600
2024-06-28,400.0,400.0,397.0,398.0,165900
2024-07-01,398.0,398.0,395.0,395.0,152600
2024-07-02,396.0,396.0,394.0,395.0,95400
2024-07-03,395.0,396.0,394.0,395.0,81900
2024-07-04,397.0,397.0,395.0,396.0,78300
2024-07-05,396.0,397.0,395.0,397.0,63400
2024-07-08,396.0,397.0,394.0,394.0,46300
2024-07-09,395.0,396.0,394.0,395.0,38700
2024-07-10,395.0,399.0,395.0,397.0,52200
2024-07-11,399.0,401.0,398.0,399.0,50700
2024-07-12,399.0,401.0,399.0,399.0,53000
2024-07-16,400.0,402.0,400.0,400.0,67400
2024-07-17,401.0,402.0,400.0,400.0,30400
2024-07-18,397.0,401.0,397.0,400.0,111500
2024-07-19,400.0,400.0,397.0,399.0,78900
2024-07-22,398.0,399.0,395.0,395.0,100600
2024-07-23,399.0,399.0,396.0,398.0,38200
2024-07-24,397.0,397.0,395.0,395.0,43600
2024-07-25,394.0,395.0,392.0,394.0,108600
2024-07-26,393.0,394.0,392.0,392.0,67100
2024-07-29,394.0,396.0,393.0,396.0,47400
2024-07-30,395.0,396.0,393.0,393.0,45300
2024-07-31,393.0,395.0,393.0,395.0,34100
2024-08-01,395.0,395.0,388.0,388.0,152000
2024-08-02,380.0,380.0,368.0,370.0,278600
2024-08-05,348.0,352.0,316.0,318.0,437800
2024-08-06,320.0,353.0,320.0,345.0,305400
2024-08-07,341.0,360.0,341.0,357.0,156400
2024-08-08,354.0,357.0,350.0,350.0,99700
2024-08-09,366.0,375.0,363.0,373.0,167800
2024-08-13,372.0,374.0,367.0,372.0,101700
2024-08-14,372.0,375.0,371.0,374.0,54000
2024-08-15,375.0,377.0,373.0,376.0,69800
2024-08-16,380.0,381.0,379.0,380.0,78600
2024-08-19,380.0,380.0,375.0,376.0,102600
2024-08-20,378.0,379.0,376.0,377.0,32600
2024-08-21,376.0,379.0,374.0,377.0,49800
2024-08-22,377.0,378.0,375.0,378.0,66600
2024-08-23,377.0,379.0,375.0,378.0,45900
2024-08-26,377.0,378.0,376.0,376.0,31700
2024-08-27,376.0,381.0,376.0,381.0,62500
2024-08-28,381.0,383.0,380.0,382.0,37700
2024-08-29,380.0,381.0,378.0,381.0,55400
2024-08-30,381.0,383.0,380.0,381.0,33600
2024-09-02,382.0,384.0,381.0,382.0,59600
2024-09-03,382.0,383.0,380.0,383.0,37200
2024-09-04,380.0,380.0,375.0,375.0,150400
2024-09-05,375.0,379.0,374.0,374.0,87700
2024-09-06,375.0,379.0,371.0,372.0,77900
2024-09-09,368.0,374.0,365.0,374.0,109700
2024-09-10,374.0,377.0,374.0,375.0,31200
2024-09-11,376.0,376.0,367.0,371.0,78900
2024-09-12,373.0,376.0,372.0,374.0,39500
2024-09-13,374.0,376.0,373.0,375.0,27700
2024-09-17,374.0,376.0,369.0,374.0,73000
2024-09-18,378.0,378.0,373.0,373.0,109100
2024-09-19,377.0,379.0,376.0,377.0,49700
2024-09-20,380.0,383.0,380.0,380.0,73000
2024-09-24,380.0,382.0,380.0,380.0,95200
2024-09-25,381.0,382.0,379.0,381.0,64800
2024-09-26,382.0,386.0,382.0,386.0,71800
2024-09-27,388.0,389.0,385.0,388.0,91900
2024-09-30,382.0,385.0,380.0,383.0,110400
2024-10-01,384.0,384.0,382.0,384.0,31100
2024-10-02,384.0,385.0,381.0,383.0,78600
2024-10-03,385.0,387.0,384.0,386.0,57400
2024-10-04,386.0,388.0,385.0,387.0,57900
2024-10-07,390.0,390.0,387.0,389.0,85700
2024-10-08,388.0,388.0,385.0,386.0,37200
2024-10-09,387.0,387.0,384.0,385.0,57200
2024-10-10,386.0,386.0,383.0,385.0,42800
2024-10-11,384.0,386.0,381.0,385.0,50800
2024-10-15,385.0,385.0,380.0,384.0,85900
2024-10-16,384.0,386.0,381.0,384.0,99800
2024-10-17,385.0,385.0,382.0,382.0,76800
2024-10-18,384.0,384.0,381.0,381.0,83100
2024-10-21,381.0,382.0,379.0,382.0,67400
2024-10-22,380.0,380.0,376.0,378.0,115600
2024-10-23,376.0,376.0,374.0,375.0,96500
2024-10-24,372.0,374.0,370.0,372.0,92000
2024-10-25,370.0,373.0,366.0,370.0,177200
2024-10-28,368.0,377.0,368.0,375.0,66400
2024-10-29,376.0,379.0,376.0,378.0,68800
2024-10-30,379.0,383.0,378.0,380.0,93700
2024-10-31,379.0,381.0,379.0,380.0,37200
2024-11-01,379.0,380.0,378.0,378.0,41700
2024-11-05,380.0,382.0,379.0,379.0,51300
2024-11-06,380.0,384.0,380.0,382.0,91400
2024-11-07,381.0,383.0,378.0,383.0,202400
2024-11-08,384.0,386.0,381.0,381.0,98600
2024-11-11,382.0,384.0,380.0,381.0,62600
2024-11-12,382.0,386.0,382.0,383.0,86200
2024-11-13,383.0,385.0,383.0,383.0,37600
2024-11-14,385.0,385.0,381.0,383.0,130300
2024-11-15,383.0,383.0,381.0,383.0,38300
2024-11-18,381.0,383.0,380.0,383.0,90900
2024-11-19,382.0,383.0,380.0,381.0,59500
2024-11-20,380.0,382.0,379.0,379.0,78100
2024-11-21,380.0,381.0,378.0,380.0,75500
2024-11-22,380.0,382.0,379.0,382.0,41500
2024-11-25,382.0,383.0,380.0,380.0,51400
2024-11-26,382.0,384.0,380.0,382.0,70000
2024-11-27,383.0,383.0,380.0,380.0,50400
2024-11-28,460.0,460.0,433.0,440.0,3363900
2024-11-29,442.0,460.0,437.0,457.0,1501200
2024-12-02,456.0,459.0,449.0,452.0,653900
2024-12-03,452.0,453.0,443.0,446.0,550400
2024-12-04,446.0,447.0,443.0,446.0,219900
2024-12-05,447.0,450.0,446.0,449.0,212800
2024-12-06,449.0,453.0,448.0,449.0,235400
2024-12-09,454.0,462.0,453.0,461.0,554400
2024-12-10,461.0,462.0,453.0,454.0,406700
2024-12-11,455.0,455.0,450.0,451.0,271200
2024-12-12,453.0,453.0,449.0,451.0,226100
2024-12-13,452.0,452.0,449.0,451.0,153500
2024-12-16,453.0,454.0,449.0,452.0,181300
2024-12-17,453.0,453.0,447.0,447.0,218500
2024-12-18,447.0,448.0,442.0,445.0,254800
2024-12-19,443.0,446.0,441.0,445.0,192700
2024-12-20,446.0,447.0,444.0,446.0,133600
2024-12-23,446.0,446.0,444.0,445.0,267700
2024-12-24,446.0,446.0,441.0,443.0,327700
2024-12-25,441.0,442.0,439.0,442.0,480600
2024-12-26,439.0,446.0,438.0,441.0,1090900
2024-12-27,423.0,430.0,421.0,425.0,602300
2024-12-30,425.0,428.0,421.0,425.0,310500
2025-01-06,425.0,428.0,423.0,427.0,276000
2025-01-07,425.0,426.0,419.0,421.0,302400
2025-01-08,421.0,423.0,418.0,420.0,180800
2025-01-09,420.0,420.0,416.0,416.0,210900
2025-01-10,418.0,421.0,417.0,420.0,118400
2025-01-14,420.0,420.0,415.0,418.0,144100
2025-01-15,418.0,420.0,416.0,417.0,87600
2025-01-16,416.0,417.0,412.0,412.0,177100
2025-01-17,412.0,416.0,410.0,415.0,124800
2025-01-20,415.0,419.0,415.0,417.0,113600
2025-01-21,418.0,420.0,417.0,420.0,99700
2025-01-22,420.0,423.0,419.0,421.0,70900
2025-01-23,421.0,421.0,416.0,418.0,73400
2025-01-24,418.0,419.0,417.0,419.0,48600
2025-01-27,420.0,425.0,420.0,425.0,113100
2025-01-28,424.0,430.0,424.0,429.0,126700
2025-01-29,430.0,432.0,429.0,432.0,79200
2025-01-30,432.0,432.0,428.0,432.0,75500
2025-01-31,432.0,432.0,429.0,430.0,62800
2025-02-03,431.0,433.0,426.0,432.0,124200
2025-02-04,432.0,434.0,432.0,432.0,96000
2025-02-05,433.0,435.0,432.0,433.0,55600
2025-02-06,433.0,438.0,433.0,438.0,100400
2025-02-07,437.0,438.0,436.0,437.0,78200
2025-02-10,435.0,437.0,430.0,434.0,101200
2025-02-12,435.0,436.0,432.0,434.0,64500
2025-02-13,434.0,437.0,434.0,434.0,76800
2025-02-14,434.0,436.0,433.0,433.0,50800
2025-02-17,434.0,436.0,434.0,434.0,61800
2025-02-18,435.0,437.0,434.0,437.0,46300
2025-02-19,437.0,439.0,436.0,436.0,59700
2025-02-20,436.0,437.0,431.0,433.0,81900
2025-02-21,432.0,434.0,431.0,431.0,53400
2025-02-25,431.0,434.0,430.0,433.0,52200
2025-02-26,434.0,434.0,429.0,430.0,85700
2025-02-27,432.0,436.0,431.0,434.0,63500
2025-02-28,432.0,435.0,431.0,431.0,60900
2025-03-03,436.0,439.0,434.0,435.0,136500
2025-03-04,435.0,436.0,433.0,436.0,43600
2025-03-05,436.0,437.0,434.0,436.0,34400
2025-03-06,437.0,439.0,436.0,438.0,43900
2025-03-07,437.0,437.0,434.0,436.0,31300
2025-03-10,438.0,438.0,434.0,435.0,50900
2025-03-11,434.0,437.0,430.0,437.0,79000
2025-03-12,437.0,438.0,435.0,437.0,67100
2025-03-13,438.0,440.0,437.0,440.0,58500
2025-03-14,438.0,442.0,438.0,440.0,112000
2025-03-17,442.0,443.0,441.0,441.0,83100
2025-03-18,443.0,446.0,443.0,446.0,88600
2025-03-19,446.0,448.0,445.0,446.0,66700
2025-03-21,447.0,449.0,447.0,447.0,95700
2025-03-24,449.0,453.0,448.0,452.0,180200
2025-03-25,452.0,454.0,452.0,454.0,122400
2025-03-26,453.0,456.0,452.0,456.0,130000
2025-03-27,455.0,460.0,455.0,459.0,165100
2025-03-28,459.0,466.0,458.0,465.0,241900
2025-03-31,465.0,467.0,459.0,464.0,282800
2025-04-01,466.0,471.0,464.0,466.0,221600
2025-04-02,466.0,466.0,455.0,457.0,197600
2025-04-03,449.0,451.0,445.0,451.0,181300
2025-04-04,445.0,446.0,438.0,445.0,244700
2025-04-07,414.0,431.0,411.0,419.0,379800
2025-04-08,433.0,447.0,433.0,446.0,173600
2025-04-09,438.0,443.0,434.0,440.0,140200
2025-04-10,453.0,457.0,450.0,453.0,182500
2025-04-11,446.0,454.0,443.0,453.0,103900
2025-04-14,454.0,458.0,454.0,456.0,123700
2025-04-15,456.0,460.0,456.0,459.0,91000
2025-04-16,460.0,460.0,457.0,458.0,71600
2025-04-17,458.0,460.0,455.0,458.0,140600
2025-04-18,459.0,463.0,458.0,462.0,124800
2025-04-21,462.0,464.0,458.0,461.0,124300
2025-04-22,460.0,462.0,459.0,461.0,87300
2025-04-23,462.0,465.0,460.0,464.0,136400
2025-04-24,465.0,465.0,461.0,463.0,93200
2025-04-25,464.0,464.0,458.0,460.0,148500
2025-04-28,460.0,461.0,459.0,460.0,75600
2025-04-30,460.0,461.0,457.0,459.0,120300
2025-05-01,460.0,460.0,455.0,459.0,133000
2025-05-02,460.0,460.0,458.0,458.0,87200
2025-05-07,461.0,466.0,461.0,465.0,211300
2025-05-08,466.0,467.0,464.0,467.0,136800
2025-05-09,469.0,478.0,468.0,474.0,240900
2025-05-12,478.0,482.0,477.0,480.0,188100
2025-05-13,482.0,484.0,474.0,478.0,201800
2025-05-14,473.0,473.0,466.0,467.0,234200
2025-05-15,466.0,469.0,463.0,467.0,219300
2025-05-16,465.0,470.0,464.0,470.0,109500
2025-05-19,470.0,476.0,470.0,475.0,168600
2025-05-20,475.0,477.0,469.0,471.0,161500
2025-05-21,471.0,471.0,464.0,466.0,181000
2025-05-22,464.0,466.0,462.0,462.0,119600
2025-05-23,463.0,464.0,461.0,462.0,97500
2025-05-26,462.0,467.0,462.0,467.0,105800
2025-05-27,467.0,469.0,467.0,468.0,76400
2025-05-28,468.0,471.0,467.0,468.0,103600
2025-05-29,467.0,470.0,466.0,467.0,121600
2025-05-30,467.0,471.0,467.0,470.0,176000
2025-06-02,472.0,473.0,471.0,472.0,135500
2025-06-03,472.0,472.0,468.0,469.0,176600
2025-06-04,470.0,470.0,467.0,469.0,149100
2025-06-05,469.0,470.0,466.0,468.0,151900
2025-06-06,469.0,473.0,467.0,470.0,211800
2025-06-09,475.0,479.0,472.0,478.0,258800
2025-06-10,479.0,480.0,476.0,477.0,214700
2025-06-11,478.0,483.0,478.0,482.0,259800
2025-06-12,482.0,483.0,477.0,479.0,246100
2025-06-13,480.0,480.0,477.0,479.0,113900
2025-06-16,480.0,482.0,479.0,481.0,195100
2025-06-17,481.0,483.0,479.0,483.0,149700
2025-06-18,482.0,486.0,481.0,485.0,189200
2025-06-19,485.0,486.0,483.0,486.0,213300
2025-06-20,486.0,487.0,484.0,486.0,154000
2025-06-23,485.0,486.0,482.0,485.0,291500
2025-06-24,486.0,487.0,485.0,485.0,293600
2025-06-25,486.0,487.0,484.0,485.0,368100
2025-06-26,485.0,486.0,480.0,481.0,1010200
2025-06-27,463.0,468.0,461.0,463.0,690500
2025-06-30,464.0,468.0,464.0,465.0,206900
2025-07-01,466.0,469.0,464.0,464.0,237300
2025-07-02,464.0,470.0,463.0,468.0,178700
2025-07-03,469.0,471.0,463.0,466.0,170700
2025-07-04,467.0,471.0,466.0,470.0,101300
2025-07-07,471.0,473.0,467.0,469.0,172500
2025-07-08,469.0,471.0,469.0,471.0,56100
2025-07-09,472.0,474.0,472.0,472.0,58400
2025-07-10,474.0,478.0,473.0,477.0,124200
2025-07-11,478.0,482.0,477.0,481.0,345700
2025-07-14,481.0,484.0,481.0,481.0,115100
2025-07-15,481.0,484.0,480.0,481.0,73000
2025-07-16,481.0,481.0,476.0,480.0,125600
2025-07-17,480.0,485.0,479.0,484.0,175700
2025-07-18,484.0,492.0,484.0,489.0,372800
2025-07-22,490.0,499.0,489.0,490.0,216400
2025-07-23,491.0,494.0,489.0,490.0,144100
2025-07-24,491.0,494.0,488.0,492.0,195400
2025-07-25,510.0,533.0,509.0,513.0,1316300
2025-07-28,511.0,520.0,506.0,510.0,320600
2025-07-29,509.0,513.0,502.0,503.0,166900
2025-07-30,501.0,504.0,500.0,502.0,121000
2025-07-31,503.0,504.0,498.0,504.0,136000
2025-08-01,502.0,508.0,500.0,508.0,109800
2025-08-04,503.0,509.0,501.0,507.0,106900
2025-08-05,507.0,512.0,505.0,511.0,105700
2025-08-06,510.0,519.0,509.0,518.0,167800
2025-08-07,518.0,520.0,513.0,518.0,226200
2025-08-08,517.0,525.0,511.0,519.0,493900
2025-08-12,522.0,539.0,522.0,537.0,595800
2025-08-13,540.0,547.0,538.0,541.0,421500
2025-08-14,541.0,541.0,534.0,540.0,261200
2025-08-15,540.0,549.0,538.0,549.0,339200
2025-08-18,547.0,549.0,541.0,547.0,280200
2025-08-19,545.0,558.0,545.0,558.0,335900
2025-08-20,555.0,574.0,555.0,573.0,423600
2025-08-21,570.0,573.0,567.0,571.0,214800
2025-08-22,571.0,571.0,562.0,565.0,188900
2025-08-25,565.0,572.0,565.0,572.0,190600
2025-08-26,569.0,569.0,563.0,563.0,137700
2025-08-27,560.0,563.0,557.0,558.0,125900
2025-08-28,555.0,556.0,548.0,549.0,141800
2025-08-29,545.0,545.0,539.0,543.0,153100
2025-09-01,540.0,545.0,540.0,543.0,132300
2025-09-02,543.0,549.0,543.0,547.0,152800
2025-09-03,546.0,553.0,543.0,550.0,138200
2025-09-04,550.0,552.0,549.0,550.0,60500
2025-09-05,550.0,553.0,548.0,552.0,83600
2025-09-08,554.0,560.0,554.0,557.0,179600
2025-09-09,558.0,560.0,554.0,555.0,118600
2025-09-10,555.0,557.0,552.0,555.0,62500
2025-09-11,555.0,555.0,546.0,547.0,118300
2025-09-12,547.0,548.0,544.0,545.0,98100
2025-09-16,545.0,548.0,542.0,545.0,94100
2025-09-17,545.0,545.0,540.0,542.0,169400
2025-09-18,542.0,543.0,541.0,543.0,56400
2025-09-19,541.0,551.0,541.0,550.0,156000
2025-09-22,550.0,558.0,550.0,556.0,89500
2025-09-24,557.0,558.0,554.0,554.0,65100
2025-09-25,555.0,561.0,555.0,557.0,86600
2025-09-26,558.0,563.0,558.0,561.0,101500
2025-09-29,562.0,568.0,559.0,567.0,136000
2025-09-30,567.0,572.0,563.0,572.0,180200
2025-10-01,572.0,572.0,553.0,553.0,212500
2025-10-02,556.0,560.0,549.0,551.0,130000
2025-10-03,555.0,561.0,552.0,560.0,84400
2025-10-06,565.0,572.0,563.0,569.0,166800
2025-10-07,571.0,580.0,571.0,578.0,229600
2025-10-08,580.0,594.0,580.0,587.0,285800
2025-10-09,588.0,591.0,585.0,586.0,110700
2025-10-10,585.0,588.0,573.0,574.0,121800
2025-10-14,566.0,569.0,558.0,564.0,182100
2025-10-15,569.0,570.0,565.0,568.0,78500
2025-10-16,570.0,573.0,569.0,573.0,65000
2025-10-17,573.0,575.0,570.0,571.0,56800
2025-10-20,574.0,576.0,571.0,574.0,73800
2025-10-21,576.0,578.0,575.0,576.0,66400
2025-10-22,577.0,584.0,576.0,584.0,137100
2025-10-23,584.0,592.0,581.0,590.0,116900
2025-10-24,592.0,593.0,588.0,589.0,84200
2025-10-27,591.0,593.0,587.0,587.0,81800
2025-10-28,590.0,590.0,580.0,580.0,94900
2025-10-29,580.0,580.0,568.0,572.0,115900
2025-10-30,572.0,573.0,566.0,571.0,78800
2025-10-31,572.0,573.0,562.0,562.0,102500
2025-11-04,562.0,564.0,558.0,559.0,123900
2025-11-05,555.0,558.0,547.0,556.0,221100
2025-11-06,559.0,562.0,555.0,562.0,130000
2025-11-07,582.0,585.0,577.0,581.0,252800
2025-11-10,581.0,589.0,578.0,587.0,146000
2025-11-11,588.0,594.0,584.0,594.0,127100
2025-11-12,594.0,602.0,594.0,602.0,179500
2025-11-13,602.0,605.0,597.0,601.0,112900
2025-11-14,599.0,605.0,597.0,604.0,83800
2025-11-17,604.0,607.0,597.0,604.0,137000
2025-11-18,603.0,604.0,594.0,595.0,129900
2025-11-19,597.0,599.0,592.0,594.0,70000
2025-11-20,598.0,604.0,597.0,603.0,126100
2025-11-21,600.0,606.0,599.0,606.0,73900
2025-11-25,607.0,610.0,601.0,603.0,126300
2025-11-26,606.0,614.0,605.0,612.0,107900
2025-11-27,615.0,623.0,613.0,621.0,142300
2025-11-28,624.0,630.0,621.0,626.0,121400
2025-12-01,632.0,633.0,615.0,615.0,158900
2025-12-02,615.0,616.0,601.0,602.0,161700
2025-12-03,606.0,606.0,598.0,600.0,129600
2025-12-04,600.0,605.0,599.0,601.0,103000
2025-12-05,603.0,605.0,601.0,601.0,77500
2025-12-08,605.0,606.0,603.0,603.0,59700
2025-12-09,604.0,604.0,596.0,598.0,176700
2025-12-10,598.0,602.0,597.0,599.0,78100
2025-12-11,601.0,601.0,594.0,594.0,149200
2025-12-12,598.0,601.0,595.0,599.0,84500
2025-12-15,599.0,602.0,598.0,602.0,98300
2025-12-16,603.0,604.0,599.0,599.0,132100
2025-12-17,600.0,600.0,596.0,596.0,93300
2025-12-18,596.0,598.0,595.0,595.0,113100
2025-12-19,597.0,600.0,596.0,599.0,63300
2025-12-22,600.0,602.0,595.0,595.0,201600
2025-12-23,596.0,598.0,596.0,596.0,117900
2025-12-24,596.0,597.0,593.0,593.0,198400
2025-12-25,595.0,595.0,592.0,593.0,173700
2025-12-26,594.0,595.0,592.0,593.0,455600
2025-12-29,573.0,580.0,570.0,575.0,479400
2025-12-30,572.0,576.0,570.0,571.0,165500
2026-01-05,576.0,578.0,572.0,572.0,185500
2026-01-06,572.0,580.0,572.0,579.0,145800
2026-01-07,578.0,589.0,575.0,589.0,164500
2026-01-08,587.0,588.0,583.0,587.0,104200
2026-01-09,588.0,589.0,586.0,589.0,62600
2026-01-13,591.0,593.0,583.0,586.0,141500
2026-01-14,585.0,587.0,580.0,581.0,94000
2026-01-15,580.0,586.0,577.0,585.0,106600
2026-01-16,583.0,588.0,583.0,588.0,109800
2026-01-19,588.0,589.0,585.0,585.0,53700
2026-01-20,585.0,585.0,581.0,582.0,48400
2026-01-21,581.0,581.0,572.0,576.0,132200
2026-01-22,576.0,581.0,575.0,580.0,42600
2026-01-23,580.0,581.0,578.0,579.0,45800
2026-01-26,571.0,571.0,565.0,566.0,147400
2026-01-27,565.0,566.0,561.0,565.0,74200
2026-01-28,565.0,565.0,560.0,564.0,86700
2026-01-29,562.0,563.0,558.0,562.0,77100
2026-01-30,560.0,565.0,559.0,565.0,50600
2026-02-02,569.0,572.0,564.0,564.0,68900
2026-02-03,569.0,574.0,567.0,571.0,71200
2026-02-04,571.0,575.0,567.0,574.0,70800
2026-02-05,576.0,578.0,573.0,573.0,156000
2026-02-06,579.0,583.0,570.0,572.0,185100
2026-02-09,577.0,577.0,567.0,568.0,123000
2026-02-10,569.0,574.0,568.0,572.0,85500
2026-02-12,575.0,577.0,572.0,576.0,89100
2026-02-13,572.0,575.0,568.0,569.0,63800
2026-02-16,571.0,571.0,567.0,567.0,73300
2026-02-17,568.0,568.0,564.0,566.0,65600
2026-02-18,565.0,567.0,564.0,566.0,46000
2026-02-19,567.0,569.0,563.0,568.0,81700
2026-02-20,567.0,567.0,562.0,563.0,60200
2026-02-24,562.0,565.0,557.0,564.0,121900
2026-02-25,564.0,567.0,562.0,564.0,82300
2026-02-26,564.0,575.0,564.0,574.0,123400
2026-02-27,572.0,578.0,571.0,578.0,59600
2026-03-02,570.0,574.0,564.0,567.0,83700
2026-03-03,565.0,565.0,556.0,556.0,134600
2026-03-04,541.0,549.0,534.0,542.0,224000
2026-03-05,558.0,560.0,551.0,557.0,94600
2026-03-06,547.0,555.0,547.0,552.0,55000
2026-03-09,538.0,546.0,534.0,545.0,163000
2026-03-10,554.0,556.0,549.0,552.0,101900
2026-03-11,556.0,558.0,553.0,553.0,57900
2026-03-12,554.0,554.0,543.0,544.0,67800
2026-03-13,539.0,546.0,539.0,543.0,72900
2026-03-16,541.0,541.0,533.0,535.0,91500
2026-03-17,539.0,542.0,537.0,539.0,50100
2026-03-18,542.0,547.0,540.0,544.0,97400
2026-03-19,542.0,544.0,536.0,538.0,72200
2026-03-23,532.0,532.0,520.0,525.0,158600
2026-03-24,533.0,536.0,531.0,536.0,68700
2026-03-25,539.0,542.0,539.0,539.0,66500
2026-03-26,541.0,541.0,533.0,537.0,61800
2026-03-27,537.0,542.0,536.0,540.0,108200
2026-03-30,526.0,536.0,523.0,535.0,136000
2026-03-31,535.0,539.0,531.0,532.0,158600
2026-04-01,541.0,548.0,538.0,546.0,132800
2026-04-02,549.0,558.0,548.0,552.0,90300
2026-04-03,552.0,559.0,551.0,558.0,69800
2026-04-06,561.0,561.0,554.0,556.0,110400
2026-04-07,558.0,562.0,556.0,562.0,72400
2026-04-08,565.0,570.0,565.0,569.0,122100
2026-04-09,570.0,575.0,565.0,565.0,95400
2026-04-10,569.0,569.0,561.0,563.0,80700
2026-04-13,563.0,563.0,557.0,560.0,66500
2026-04-14,564.0,564.0,556.0,557.0,68400
2026-04-15,558.0,562.0,555.0,556.0,66600
2026-04-16,558.0,558.0,552.0,553.0,102200
2026-04-17,553.0,554.0,550.0,551.0,71300
2026-04-20,553.0,558.0,551.0,557.0,75700
2026-04-21,557.0,557.0,551.0,553.0,70500
2026-04-22,553.0,553.0,550.0,552.0,51000
2026-04-23,551.0,553.0,549.0,549.0,81800
2026-04-24,549.0,551.0,545.0,545.0,56900
2026-04-27,545.0,552.0,542.0,549.0,65300
2026-04-28,549.0,554.0,548.0,553.0,40000
2026-04-30,554.0,554.0,548.0,550.0,51700
2026-05-01,550.0,550.0,546.0,547.0,49600
2026-05-07,550.0,550.0,546.0,547.0,69900
2026-05-08,546.0,547.0,543.0,544.0,90200
2026-05-11,544.0,549.0,543.0,544.0,77500
2026-05-12,545.0,547.0,540.0,540.0,84000
2026-05-13,541.0,541.0,538.0,539.0,93500
2026-05-14,539.0,540.0,533.0,533.0,150900
2026-05-15,533.0,534.0,527.0,530.0,158000
2026-05-18,530.0,535.0,527.0,531.0,115600
2026-05-19,531.0,537.0,530.0,531.0,98800
2026-05-20,535.0,535.0,528.0,531.0,75000
2026-05-21,535.0,538.0,533.0,537.0,65600
2026-05-22,538.0,538.0,531.0,537.0,69200
2026-05-25,537.0,537.0,524.0,526.0,193200
2026-05-26,526.0,532.0,524.0,530.0,81500
2026-05-27,528.0,531.0,527.0,529.0,62700
2026-05-28,529.0,535.0,528.0,533.0,88400
2026-05-29,533.0,536.0,529.0,529.0,112500
2026-06-01,529.0,529.0,518.0,518.0,212000
2026-06-02,519.0,519.0,511.0,513.0,135500
2026-06-03,515.0,515.0,510.0,513.0,135500
2026-06-04,513.0,514.0,510.0,511.0,81400
2026-06-05,510.0,520.0,510.0,516.0,111400
2026-06-08,515.0,519.0,511.0,516.0,98200
2026-06-09,520.0,528.0,520.0,526.0,59600
2026-06-10,526.0,529.0,525.0,526.0,52800
2026-06-11,528.0,529.0,523.0,523.0,67300
2026-06-12,525.0,529.0,525.0,529.0,49200
2026-06-15,530.0,534.0,530.0,533.0,72600
2026-06-16,532.0,533.0,530.0,531.0,46800
2026-06-17,531.0,533.0,529.0,529.0,81900
2026-06-18,531.0,532.0,530.0,530.0,57500
2026-06-19,531.0,532.0,530.0,531.0,48900
2026-06-22,531.0,534.0,530.0,533.0,101000
2026-06-23,532.0,534.0,531.0,532.0,61400
2026-06-24,533.0,534.0,532.0,532.0,86600
2026-06-25,534.0,535.0,533.0,533.0,181000
2026-06-26,532.0,535.0,532.0,532.0,497300
2026-06-29,507.0,514.0,507.0,509.0,349600
2026-06-30,509.0,511.0,508.0,508.0,119600
2026-07-01,504.0,504.0,499.0,499.0,211100
2026-07-02,494.0,495.0,482.0,484.0,403200
2026-07-03,484.0,492.0,484.0,486.0,199600
2026-07-06,485.0,492.0,484.0,487.0,213400
2026-07-07,487.0,496.0,487.0,494.0,150300
2026-07-08,491.0,498.0,491.0,495.0,113300
2026-07-09,491.0,494.0,490.0,492.0,117500
2026-07-10,492.0,498.0,492.0,494.0,100400
2026-07-13,494.0,501.0,493.0,493.0,109200
2026-07-14,492.0,498.0,492.0,494.0,94400
2026-07-15,494.0,498.0,494.0,497.0,82800
2026-07-16,497.0,500.0,494.0,494.0,110600
2026-07-17,493.0,497.0,486.0,488.0,160400
2026-07-21,490.0,496.0,490.0,493.0,73700
2026-07-22,494.0,497.0,493.0,497.0,47100
2026-07-23,497.0,498.0,495.0,498.0,49900
2026-07-24,502.0,504.0,492.0,495.0,184800
2026-07-27,496.0,504.0,496.0,504.0,112900
2026-07-28,505.0,509.0,504.0,505.0,121900
2026-07-29,508.0,511.0,506.0,510.0,79800
2026-07-30,510.0,510.0,505.0,508.0,70600
2026-07-31,508.0,509.0,503.0,503.0,101500
2026-08-03,504.0,504.0,497.0,498.0,100400
2026-08-04,498.0,500.0,496.0,496.0,47400
2026-08-05,497.0,500.0,496.0,498.0,49400
2026-08-06,500.0,502.0,497.0,500.0,94500
2026-08-07,503.0,513.0,500.0,513.0,181600
2026-08-10,510.0,512.0,504.0,509.0,94700
2026-08-12,509.0,514.0,505.0,512.0,79000
2026-08-13,513.0,518.0,512.0,516.0,83200
2026-08-14,517.0,521.0,515.0,520.0,75100
2026-08-17,521.0,523.0,520.0,522.0,42800
2026-08-18,522.0,523.0,520.0,520.0,35100
2026-08-19,520.0,522.0,515.0,516.0,74900
2026-08-20,516.0,524.0,516.0,521.0,82200
2026-08-21,520.0,525.0,520.0,523.0,56300
2026-08-24,524.0,527.0,524.0,524.0,57600
2026-08-25,526.0,529.0,526.0,528.0,48100
2026-08-26,529.0,530.0,526.0,529.0,67800
2026-08-27,530.0,532.0,528.0,531.0,46700
2026-08-28,529.0,533.0,529.0,531.0,57400
2026-08-31,531.0,533.0,527.0,532.0,73200
2026-09-01,531.0,534.0,529.0,529.0,58100
2026-09-02,530.0,530.0,525.0,526.0,41400
2026-09-03,526.0,527.0,522.0,522.0,40500
2026-09-04,521.0,526.0,520.0,522.0,33800
2026-09-07,523.0,524.0,521.0,522.0,34300
2026-09-08,524.0,526.0,522.0,522.0,30100
2026-09-09,522.0,523.0,519.0,519.0,43000
2026-09-10,520.0,520.0,517.0,520.0,24100
2026-09-11,517.0,521.0,517.0,517.0,28700
2026-09-14,517.0,524.0,517.0,524.0,49100
2026-09-15,524.0,525.0,522.0,524.0,18700
2026-09-16,525.0,526.0,524.0,524.0,24500
2026-09-17,524.0,530.0,524.0,529.0,45400
2026-09-18,530.0,530.0,528.0,529.0,52400
2026-09-24,526.0,530.0,524.0,529.0,61200
2026-09-25,529.0,531.0,527.0,530.0,35200
2026-09-28,530.0,531.0,529.0,531.0,30800
2026-09-29,531.0,533.0,528.0,531.0,79000
2026-09-30,532.0,540.0,532.0,540.0,79400
2026-10-01,541.0,543.0,537.0,540.0,93600
2026-10-02,541.0,541.0,538.0,539.0,45600
2026-10-05,538.0,539.0,534.0,535.0,72800
2026-10-06,538.0,540.0,535.0,538.0,41500
2026-10-07,538.0,540.0,536.0,538.0,33700
2026-10-08,538.0,538.0,533.0,534.0,36600
2026-10-09,535.0,538.0,533.0,533.0,40300
