Date,Open,High,Low,Close,Volume
2012-10-01,449.25,449.25,445.0,446.5,8800
2012-10-02,445.75,447.0,442.5,442.5,10800
2012-10-03,441.0,441.0,435.0,437.5,16800
2012-10-04,438.0,439.25,438.0,438.75,4400
2012-10-05,438.75,438.75,437.5,438.25,4000
2012-10-09,437.5,437.5,431.25,432.75,16800
2012-10-10,427.5,431.75,427.5,431.25,12400
2012-10-11,427.5,431.0,427.5,430.25,5600
2012-10-12,430.5,432.25,430.0,430.0,8400
2012-10-15,430.0,432.0,428.5,430.0,6400
2012-10-16,430.0,430.0,428.5,428.5,5200
2012-10-17,428.25,430.0,428.25,430.0,6400
2012-10-18,431.75,431.75,429.0,430.0,9600
2012-10-19,431.25,432.0,430.0,430.25,10400
2012-10-22,430.25,432.0,430.25,432.0,20400
2012-10-23,431.25,433.5,431.25,432.75,25600
2012-10-24,432.0,434.75,432.0,432.0,28800
2012-10-25,432.0,432.25,429.5,429.5,54000
2012-10-26,420.5,426.5,420.5,423.5,376400
2012-10-29,408.25,420.25,404.75,417.0,110800
2012-10-30,412.0,414.0,409.25,409.5,24000
2012-10-31,409.5,411.25,409.25,409.25,2800
2012-11-01,408.25,409.0,407.25,408.5,14400
2012-11-02,413.25,413.75,410.75,413.25,3600
2012-11-05,410.0,414.0,410.0,413.5,8400
2012-11-06,412.0,418.25,412.0,413.0,3200
2012-11-07,413.0,416.0,413.0,414.5,4800
2012-11-08,414.5,414.5,412.75,413.5,2800
2012-11-09,412.5,412.5,412.0,412.0,8000
2012-11-12,412.0,412.0,412.0,412.0,800
2012-11-13,411.75,411.75,410.0,410.0,3200
2012-11-14,413.25,413.75,410.75,410.75,2000
2012-11-15,410.25,410.25,407.5,407.75,6000
2012-11-16,407.75,407.75,407.75,407.75,1600
2012-11-19,408.25,409.5,408.25,408.5,5200
2012-11-20,409.25,410.0,409.25,410.0,2000
2012-11-21,410.0,410.0,408.75,410.0,1200
2012-11-22,410.0,410.0,408.75,410.0,1600
2012-11-26,410.0,411.5,410.0,410.25,3200
2012-11-27,410.25,412.5,410.25,410.25,2000
2012-11-28,410.25,412.5,410.25,412.5,2400
2012-11-29,413.75,421.75,413.75,419.0,5600
2012-11-30,421.25,421.25,417.75,417.75,4000
2012-12-03,417.75,420.25,417.5,418.0,6400
2012-12-04,421.75,421.75,417.75,417.75,4400
2012-12-05,418.25,418.25,417.0,417.5,6800
2012-12-06,417.25,417.25,416.75,416.75,2400
2012-12-07,417.5,417.75,416.75,417.75,9200
2012-12-10,417.75,418.0,417.25,417.25,3200
2012-12-11,417.5,417.5,417.5,417.5,800
2012-12-12,417.5,418.5,417.5,418.5,1600
2012-12-13,419.25,422.0,419.25,422.0,2800
2012-12-14,421.75,421.75,420.0,420.0,4000
2012-12-17,420.25,420.25,420.25,420.25,1600
2012-12-18,420.25,420.5,420.25,420.25,2000
2012-12-19,420.25,420.75,420.25,420.75,5200
2012-12-20,421.5,423.5,421.5,423.5,5600
2012-12-21,423.75,423.75,421.5,422.5,3200
2012-12-25,423.25,424.5,422.0,422.0,13600
2012-12-26,422.5,424.0,421.75,421.75,10800
2012-12-27,422.5,424.0,421.75,421.75,10800
2012-12-28,423.75,425.0,423.75,425.0,5200
2013-01-04,428.5,430.0,428.0,428.25,15600
2013-01-07,430.0,433.25,428.5,433.25,13200
2013-01-08,433.25,434.75,433.25,433.75,5200
2013-01-09,435.0,437.25,435.0,436.25,7200
2013-01-10,436.75,437.5,436.75,437.0,8800
2013-01-11,437.0,437.5,435.25,435.25,8000
2013-01-15,435.25,437.75,435.25,436.25,8400
2013-01-16,435.5,436.0,435.5,436.0,2800
2013-01-17,438.25,438.75,436.25,436.25,14400
2013-01-18,437.75,441.25,437.75,440.75,10000
2013-01-21,442.25,444.25,441.25,444.25,6000
2013-01-22,444.0,444.25,443.75,444.0,6800
2013-01-23,444.25,444.5,444.0,444.5,7600
2013-01-24,445.25,446.25,443.25,446.0,5200
2013-01-25,446.0,447.5,445.25,445.25,10800
2013-01-28,447.25,450.0,447.25,449.25,13600
2013-01-29,449.25,465.0,449.25,463.75,19200
2013-01-30,462.5,462.5,459.0,461.25,6000
2013-01-31,460.0,461.25,460.0,460.25,7600
2013-02-01,461.0,462.0,460.25,462.0,2800
2013-02-04,462.5,465.0,462.0,465.0,13200
2013-02-05,467.5,467.5,465.25,467.5,11600
2013-02-06,474.75,474.75,470.5,472.0,6800
2013-02-07,472.5,473.0,472.5,472.75,4800
2013-02-08,474.5,474.5,473.0,473.0,5600
2013-02-12,474.75,480.25,473.75,476.5,12400
2013-02-13,477.75,479.75,477.25,477.25,12400
2013-02-14,480.25,480.5,478.25,480.5,8400
2013-02-15,480.75,480.75,460.0,464.5,36000
2013-02-18,477.25,477.25,467.5,468.0,6400
2013-02-19,471.0,471.0,469.5,471.0,2400
2013-02-20,475.0,475.0,470.5,472.0,4800
2013-02-21,473.0,478.0,473.0,478.0,6800
2013-02-22,478.5,479.0,478.5,479.0,2400
2013-02-25,481.0,484.0,481.0,484.0,19600
2013-02-26,487.25,487.25,485.25,486.75,11600
2013-02-27,490.5,493.0,487.5,493.0,10400
2013-02-28,488.75,500.0,488.75,499.5,22000
2013-03-01,502.25,508.75,501.25,507.0,14800
2013-03-04,509.5,512.25,509.5,512.25,10000
2013-03-05,517.25,522.5,517.25,520.0,6800
2013-03-06,522.5,523.25,520.25,523.25,8800
2013-03-07,526.25,536.75,526.25,536.75,6800
2013-03-08,538.5,545.0,537.5,545.0,7200
2013-03-11,555.25,562.0,553.75,562.0,10000
2013-03-12,561.75,561.75,532.5,532.5,24400
2013-03-13,530.0,530.0,507.5,514.75,42000
2013-03-14,522.25,536.25,522.25,535.75,18000
2013-03-15,543.75,556.75,543.5,556.75,6000
2013-03-18,561.0,562.0,559.75,562.0,17200
2013-03-19,556.75,561.25,553.75,560.5,11200
2013-03-21,562.0,563.5,560.0,561.5,18000
2013-03-22,566.25,573.75,565.25,573.5,10400
2013-03-25,579.0,591.25,579.0,591.25,27600
2013-03-26,616.25,624.75,616.25,623.25,19600
2013-03-27,648.25,659.5,647.75,651.25,46000
2013-03-28,669.5,697.0,660.0,667.25,44800
2013-03-29,672.5,687.25,663.0,664.75,42800
2013-04-01,647.75,661.25,604.25,609.5,64800
2013-04-02,587.5,622.5,570.0,622.5,45600
2013-04-03,628.75,632.25,625.0,627.0,19200
2013-04-04,625.0,626.25,621.25,624.0,20400
2013-04-05,624.5,629.5,623.75,624.25,36800
2013-04-08,624.75,630.0,624.75,630.0,18800
2013-04-09,630.0,631.75,628.75,631.25,16800
2013-04-10,631.25,631.25,625.5,628.25,17200
2013-04-11,627.75,631.0,626.5,627.75,21600
2013-04-12,626.5,629.25,626.25,626.25,33200
2013-04-15,626.75,628.75,626.75,628.0,19200
2013-04-16,626.25,626.25,625.25,626.25,18000
2013-04-17,625.0,627.5,625.0,627.5,37200
2013-04-18,627.5,629.75,626.5,626.5,28400
2013-04-19,625.5,627.75,625.25,626.25,33600
2013-04-22,627.5,630.0,626.75,630.0,72000
2013-04-23,629.0,635.0,628.75,635.0,124000
2013-04-24,624.75,625.0,615.25,615.25,479600
2013-04-25,609.75,610.0,600.25,608.5,199200
2013-04-26,605.0,612.5,604.75,612.25,44800
2013-04-30,611.0,611.0,605.75,610.25,27200
2013-05-01,611.75,611.75,606.0,606.0,32400
2013-05-02,605.5,610.0,605.25,606.5,11600
2013-05-07,606.5,609.25,604.75,607.5,18000
2013-05-08,608.75,608.75,606.25,606.25,15600
2013-05-09,606.25,607.5,605.25,605.25,16800
2013-05-10,605.25,607.5,605.25,605.5,6000
2013-05-13,605.75,605.75,605.0,605.75,9600
2013-05-14,605.25,606.25,604.5,604.5,4800
2013-05-15,604.5,604.75,600.75,600.75,5600
2013-05-16,600.5,600.5,588.75,588.75,10800
2013-05-17,588.75,595.0,588.75,591.25,5200
2013-05-20,600.0,610.25,600.0,607.25,21200
2013-05-21,609.5,609.75,608.0,608.0,7600
2013-05-22,608.0,608.0,606.5,606.5,6000
2013-05-23,606.5,607.25,595.0,595.0,11600
2013-05-24,611.0,611.0,595.0,595.0,14800
2013-05-27,602.25,602.25,582.25,591.0,10800
2013-05-28,594.75,595.0,594.0,595.0,4000
2013-05-29,606.75,606.75,590.0,594.5,5600
2013-05-30,594.5,598.75,587.75,587.75,4400
2013-05-31,589.5,596.5,588.25,592.5,3200
2013-06-03,592.5,592.5,587.5,587.5,5200
2013-06-04,583.75,595.75,575.0,595.75,12800
2013-06-05,578.75,582.25,577.75,578.25,10000
2013-06-06,574.75,574.75,550.0,562.5,9200
2013-06-07,541.25,559.75,492.0,492.5,15200
2013-06-10,516.0,544.75,516.0,544.75,3600
2013-06-11,533.0,533.0,533.0,533.0,800
2013-06-12,527.5,531.5,525.0,531.5,2800
2013-06-13,527.75,527.75,501.5,507.5,3200
2013-06-14,509.25,509.75,509.25,509.75,1200
2013-06-17,510.0,512.25,500.0,505.25,4000
2013-06-18,506.25,506.25,504.5,504.5,800
2013-06-19,505.25,505.25,505.0,505.0,3200
2013-06-20,507.5,507.5,506.5,506.5,800
2013-06-21,507.5,508.75,505.0,508.75,2000
2013-06-24,509.0,512.5,509.0,512.5,2000
2013-06-25,515.0,521.25,515.0,516.5,3200
2013-06-26,517.5,521.75,517.5,520.0,4000
2013-06-27,525.0,542.0,523.75,525.5,3600
2013-06-28,538.0,538.0,536.25,536.25,4800
2013-07-01,548.75,548.75,540.0,540.0,1600
2013-07-02,540.0,544.75,520.0,542.5,6000
2013-07-03,544.0,544.0,542.5,543.75,2000
2013-07-04,543.75,547.5,543.75,545.0,2400
2013-07-05,549.0,562.5,549.0,552.75,4800
2013-07-08,564.5,569.5,562.5,569.5,7600
2013-07-09,570.0,570.0,569.5,570.0,5600
2013-07-10,570.0,575.0,570.0,575.0,7600
2013-07-11,577.25,582.5,570.75,580.0,5200
2013-07-12,580.0,585.0,572.5,585.0,7600
2013-07-16,600.0,605.0,587.5,587.5,16400
2013-07-17,597.5,597.5,592.5,592.5,1200
2013-07-18,597.25,597.25,597.25,597.25,1200
2013-07-19,597.5,600.0,585.25,585.25,10000
2013-07-22,586.75,595.75,586.75,595.75,800
2013-07-23,590.0,590.0,590.0,590.0,400
2013-07-24,587.5,587.5,586.75,586.75,2400
2013-07-25,589.25,591.25,589.25,590.0,4000
2013-07-26,590.0,591.25,585.0,585.0,4800
2013-07-29,579.0,579.0,571.25,578.75,9600
2013-07-30,580.75,581.0,580.75,581.0,1600
2013-07-31,591.0,591.0,591.0,591.0,1600
2013-08-01,590.0,591.25,578.25,590.75,2800
2013-08-02,590.75,599.75,588.75,599.75,3600
2013-08-05,601.25,604.75,600.5,603.75,4400
2013-08-06,605.0,606.25,605.0,606.25,4400
2013-08-07,606.25,607.0,606.25,607.0,5600
2013-08-08,607.5,607.5,605.25,605.25,3200
2013-08-09,605.25,605.75,605.25,605.5,2000
2013-08-12,607.5,607.5,605.75,605.75,8800
2013-08-13,608.75,611.0,606.25,611.0,8800
2013-08-14,611.0,612.0,608.25,612.0,4400
2013-08-15,612.0,612.5,612.0,612.5,11600
2013-08-16,613.0,614.25,613.0,614.25,3200
2013-08-19,613.25,613.25,612.5,612.5,3600
2013-08-20,612.5,612.5,600.75,600.75,6800
2013-08-21,607.5,607.5,600.25,600.25,4000
2013-08-22,604.75,604.75,604.75,604.75,400
2013-08-23,604.75,604.75,604.75,604.75,0
2013-08-26,605.0,606.0,605.0,605.0,2000
2013-08-27,605.5,605.75,605.5,605.75,1600
2013-08-28,606.25,607.25,605.75,606.0,5200
2013-08-29,605.75,607.5,605.5,607.5,5200
2013-08-30,610.5,612.5,609.5,612.5,5200
2013-09-02,607.75,611.25,607.75,611.25,5600
2013-09-03,611.5,613.25,611.5,612.5,5600
2013-09-04,614.0,614.25,612.5,613.75,2800
2013-09-05,614.5,618.75,614.5,618.75,14800
2013-09-06,619.75,621.75,618.75,621.0,11200
2013-09-09,627.0,627.0,621.75,622.5,16800
2013-09-10,621.5,622.75,621.5,622.5,7200
2013-09-11,624.25,624.25,623.25,623.75,4000
2013-09-12,624.75,624.75,622.25,622.25,4800
2013-09-13,625.0,625.0,620.75,620.75,5200
2013-09-17,623.25,623.25,622.75,623.0,4400
2013-09-18,624.0,624.5,622.75,623.75,8800
2013-09-19,624.75,625.75,624.25,625.75,12800
2013-09-20,627.25,632.0,627.25,630.5,16400
2013-09-24,631.25,637.5,630.75,637.5,26800
2013-09-25,645.0,645.0,640.75,644.0,22000
2013-09-26,644.0,650.0,640.5,644.0,26800
2013-09-27,643.0,647.5,642.75,643.25,29600
2013-09-30,637.5,638.25,635.0,636.75,46400
2013-10-01,636.5,638.5,635.75,636.75,16400
2013-10-02,635.5,635.5,625.75,626.0,60400
2013-10-03,624.5,624.5,620.75,622.5,18000
2013-10-04,622.0,624.25,622.0,622.0,12800
2013-10-07,621.25,621.25,607.75,607.75,38400
2013-10-08,607.75,611.0,607.75,610.75,14400
2013-10-09,615.75,621.0,613.75,620.0,16400
2013-10-10,621.0,624.5,620.0,621.5,15600
2013-10-11,632.5,637.5,625.0,626.5,28800
2013-10-15,626.5,630.0,626.5,629.75,16000
2013-10-16,629.25,629.5,628.75,628.75,9600
2013-10-17,628.75,628.75,625.0,625.75,21600
2013-10-18,626.0,628.0,626.0,628.0,18400
2013-10-21,628.0,631.25,627.5,629.5,24000
2013-10-22,629.5,629.5,627.25,628.0,39200
2013-10-23,627.25,627.5,625.5,625.5,40800
2013-10-24,624.25,624.25,612.75,620.5,54400
2013-10-25,612.5,616.25,612.25,612.5,135600
2013-10-28,603.75,612.5,603.75,612.5,363600
2013-10-29,612.5,612.5,612.5,612.5,0
2013-10-30,608.75,608.75,600.0,602.25,57600
2013-10-31,603.5,603.5,590.0,590.0,67600
2013-11-01,577.75,585.0,577.75,580.75,38800
2013-11-05,582.5,606.0,582.5,584.25,13600
2013-11-06,584.25,600.0,584.25,590.25,7600
2013-11-07,596.75,596.75,592.25,592.25,4800
2013-11-08,592.75,593.75,592.5,592.75,4800
2013-11-11,592.0,594.5,589.0,594.5,9600
2013-11-12,591.5,592.5,588.5,589.25,10800
2013-11-13,588.0,589.5,587.75,587.75,4400
2013-11-14,587.5,589.0,587.0,587.5,4800
2013-11-15,587.0,588.0,587.0,587.0,5600
2013-11-18,587.25,589.0,587.25,588.0,4000
2013-11-19,594.25,594.25,592.25,592.25,2800
2013-11-20,594.25,594.25,590.25,590.25,3600
2013-11-21,590.75,592.0,590.5,592.0,3200
2013-11-22,589.0,589.75,589.0,589.75,3200
2013-11-25,593.75,594.0,590.25,594.0,9200
2013-11-26,594.0,597.25,593.5,597.25,9600
2013-11-27,600.0,604.25,598.0,603.75,10400
2013-11-28,603.75,606.0,602.75,606.0,10000
2013-11-29,607.25,611.5,607.25,607.5,20400
2013-12-02,605.5,613.0,605.5,609.75,15600
2013-12-03,611.25,611.25,602.75,602.75,14000
2013-12-04,599.75,604.75,597.5,598.75,6400
2013-12-05,602.25,602.25,597.75,597.75,3600
2013-12-06,597.75,597.75,597.75,597.75,1200
2013-12-09,597.5,597.5,596.5,596.5,5600
2013-12-10,597.5,603.25,597.5,597.75,6400
2013-12-11,598.75,604.25,598.75,603.0,4800
2013-12-12,602.5,603.0,599.75,603.0,1600
2013-12-13,598.75,599.75,596.25,599.75,5600
2013-12-16,602.5,602.5,600.5,602.25,4400
2013-12-17,602.25,602.5,601.25,602.25,2800
2013-12-18,600.5,602.25,600.5,600.5,2000
2013-12-19,600.5,600.5,596.25,596.25,10000
2013-12-20,595.0,596.25,588.25,592.5,12400
2013-12-24,599.25,599.25,592.0,592.0,18000
2013-12-25,592.0,596.75,590.75,590.75,17600
2013-12-26,593.5,599.5,593.5,599.5,6800
2013-12-27,600.0,606.25,600.0,604.25,6400
2013-12-30,610.0,610.0,609.0,609.5,6800
2014-01-06,607.5,608.25,600.25,603.75,19600
2014-01-07,600.0,603.25,600.0,603.25,6000
2014-01-08,609.75,611.5,609.75,610.25,9600
2014-01-09,611.25,612.25,608.25,612.25,3600
2014-01-10,610.0,610.0,610.0,610.0,400
2014-01-14,612.0,612.0,611.75,611.75,3200
2014-01-15,611.75,611.75,608.75,608.75,7600
2014-01-16,608.75,611.75,608.75,611.5,2000
2014-01-17,611.75,612.0,611.25,611.5,4000
2014-01-20,612.25,614.25,612.25,614.25,16800
2014-01-21,615.0,618.75,615.0,617.75,12000
2014-01-22,622.0,622.0,619.25,621.75,7600
2014-01-23,622.5,623.75,620.0,620.0,12400
2014-01-24,621.75,621.75,612.5,614.0,8800
2014-01-27,610.0,617.5,602.25,617.5,7200
2014-01-28,621.25,622.0,614.0,618.5,10000
2014-01-29,619.0,622.25,619.0,622.25,8000
2014-01-30,623.75,623.75,618.0,618.0,4000
2014-01-31,624.5,624.75,617.5,617.5,12400
2014-02-03,617.5,617.5,612.5,617.5,7200
2014-02-04,600.0,611.25,591.75,611.25,14000
2014-02-05,600.0,607.5,600.0,607.5,8800
2014-02-06,610.75,613.75,607.25,613.75,4000
2014-02-07,615.0,620.75,615.0,620.5,8800
2014-02-10,623.0,623.75,622.75,623.75,5600
2014-02-12,623.75,623.75,621.25,621.25,2000
2014-02-13,622.5,622.5,620.0,620.0,8800
2014-02-14,622.75,622.75,615.0,619.75,9600
2014-02-17,620.5,620.75,613.25,620.75,2000
2014-02-18,617.5,622.5,617.5,622.5,4800
2014-02-19,623.5,623.75,620.25,622.5,3600
2014-02-20,622.5,622.5,622.0,622.25,3600
2014-02-21,623.25,624.25,622.25,624.25,5600
2014-02-24,624.25,624.5,623.75,624.5,4800
2014-02-25,624.75,627.5,624.25,626.5,25200
2014-02-26,626.5,630.0,626.25,629.75,6800
2014-02-27,631.25,635.0,629.25,630.25,12000
2014-02-28,631.25,632.5,622.0,622.0,9600
2014-03-03,622.5,622.75,614.75,619.75,8800
2014-03-04,618.75,626.25,618.25,624.0,8400
2014-03-05,624.75,631.0,623.5,630.0,4800
2014-03-06,630.0,630.0,628.75,630.0,4400
2014-03-07,633.75,633.75,629.0,632.5,8800
2014-03-10,632.25,632.25,626.0,626.75,5600
2014-03-11,631.5,631.5,627.5,629.5,5600
2014-03-12,629.0,629.0,629.0,629.0,1200
2014-03-13,629.0,629.5,628.0,629.0,3600
2014-03-14,628.0,628.75,620.5,621.5,14400
2014-03-17,621.75,625.0,621.5,622.0,7600
2014-03-18,624.75,627.0,624.75,627.0,1600
2014-03-19,629.0,630.0,626.75,626.75,6400
2014-03-20,627.5,630.0,625.25,626.25,6400
2014-03-24,619.75,628.75,619.75,625.25,30800
2014-03-25,630.75,630.75,627.25,630.75,7200
2014-03-26,631.25,637.5,631.0,637.5,22800
2014-03-27,639.0,643.75,639.0,642.75,28000
2014-03-28,642.5,642.5,638.5,641.0,26400
2014-03-31,638.75,638.75,635.5,636.0,26800
2014-04-01,636.0,640.0,636.0,636.5,26800
2014-04-02,637.0,639.75,637.0,639.75,18000
2014-04-03,639.75,641.5,638.0,640.75,17200
2014-04-04,640.0,640.75,639.5,639.5,6000
2014-04-07,638.75,639.5,636.75,638.75,16400
2014-04-08,637.5,639.0,637.0,638.75,10800
2014-04-09,637.5,638.5,637.25,637.5,8000
2014-04-10,637.5,637.5,636.75,636.75,9600
2014-04-11,636.25,636.25,630.0,631.0,29200
2014-04-14,625.75,634.25,625.75,632.0,12000
2014-04-15,637.0,637.0,633.0,633.75,15600
2014-04-16,631.25,632.0,625.0,630.0,35600
2014-04-17,630.0,632.25,629.25,630.5,12800
2014-04-18,626.5,629.5,626.5,628.0,12800
2014-04-21,627.5,628.25,627.0,627.5,38800
2014-04-22,627.0,627.25,626.5,627.0,27600
2014-04-23,625.0,625.5,612.5,612.5,122400
2014-04-24,604.75,615.5,603.75,612.5,344000
2014-04-25,607.5,611.25,605.0,610.5,173200
2014-04-28,604.5,610.0,604.25,610.0,36400
2014-04-30,609.0,610.5,605.5,608.25,21600
2014-05-01,607.5,608.0,605.0,608.0,21600
2014-05-02,610.5,610.5,607.25,608.75,16000
2014-05-07,606.75,611.25,605.75,610.0,8000
2014-05-08,610.5,611.0,609.0,609.0,6800
2014-05-09,610.75,611.0,610.0,611.0,6000
2014-05-12,611.0,612.25,611.0,611.0,6800
2014-05-13,611.0,612.0,611.0,612.0,3600
2014-05-14,612.25,613.75,612.0,613.75,6800
2014-05-15,613.75,613.75,613.75,613.75,400
2014-05-16,610.5,613.75,610.0,613.75,8000
2014-05-19,612.5,613.5,612.5,613.5,3200
2014-05-20,613.5,614.25,610.0,610.0,6000
2014-05-21,610.0,610.0,607.75,607.75,3600
2014-05-22,607.5,614.25,605.5,606.75,4400
2014-05-23,608.75,609.0,606.5,606.5,2800
2014-05-26,608.5,610.0,607.5,607.5,2400
2014-05-27,608.75,614.25,608.75,614.25,4800
2014-05-28,614.5,614.5,611.5,611.5,4800
2014-05-29,611.25,613.75,611.25,613.5,5200
2014-05-30,611.5,620.0,611.5,613.5,7600
2014-06-02,627.5,627.5,616.5,619.25,16000
2014-06-03,623.75,623.75,618.25,619.75,6400
2014-06-04,619.75,619.75,617.5,617.5,4800
2014-06-05,625.0,625.0,618.25,623.75,5200
2014-06-06,623.5,623.5,619.25,619.25,2800
2014-06-09,619.25,619.5,617.5,617.5,3600
2014-06-10,617.75,620.25,617.75,620.25,8400
2014-06-11,623.0,623.0,623.0,623.0,1200
2014-06-12,623.5,623.5,619.75,619.75,2400
2014-06-13,623.5,623.5,619.5,619.5,5600
2014-06-16,623.75,624.75,620.0,620.75,10400
2014-06-17,625.0,625.0,621.25,624.25,6400
2014-06-18,623.0,624.75,622.75,622.75,1600
2014-06-19,624.5,625.0,623.25,625.0,4400
2014-06-20,623.0,625.0,623.0,625.0,1200
2014-06-23,626.0,627.25,625.75,627.25,5600
2014-06-24,627.75,627.75,626.5,627.5,3600
2014-06-25,627.5,627.5,625.5,625.5,4000
2014-06-26,627.25,627.25,625.5,625.5,2800
2014-06-27,626.25,627.0,625.25,625.25,4000
2014-06-30,626.25,627.5,625.5,626.75,3200
2014-07-01,627.5,627.5,627.0,627.0,4400
2014-07-02,629.75,630.0,627.0,630.0,8800
2014-07-03,630.0,630.0,625.0,628.75,4800
2014-07-04,630.0,630.0,629.75,629.75,4800
2014-07-07,632.25,632.25,631.25,631.25,4000
2014-07-08,631.5,632.0,630.75,630.75,2800
2014-07-09,630.75,630.75,630.75,630.75,1200
2014-07-10,632.25,632.25,628.25,628.25,5600
2014-07-11,628.0,628.5,627.5,627.5,4000
2014-07-14,628.0,630.5,628.0,630.5,1200
2014-07-15,631.25,631.25,630.25,631.25,1200
2014-07-16,631.5,631.5,627.5,631.5,11200
2014-07-17,631.25,631.25,630.0,631.0,2800
2014-07-18,628.25,629.75,628.25,628.25,4000
2014-07-22,628.25,629.75,628.25,629.75,1600
2014-07-23,630.0,630.0,628.0,629.75,3200
2014-07-24,630.0,630.0,630.0,630.0,800
2014-07-25,630.5,630.5,629.25,629.25,2000
2014-07-28,632.25,632.25,632.25,632.25,6000
2014-07-29,632.25,632.25,632.25,632.25,2400
2014-07-30,632.5,632.75,631.0,632.0,9600
2014-07-31,632.0,633.25,631.5,633.0,8400
2014-08-01,633.5,634.75,633.0,634.75,6800
2014-08-04,636.0,636.0,634.75,635.0,4400
2014-08-05,635.5,635.5,631.5,631.5,6400
2014-08-06,631.5,634.75,631.5,634.75,1200
2014-08-07,633.75,633.75,633.75,633.75,400
2014-08-08,635.0,635.75,633.0,635.75,6800
2014-08-11,636.0,636.0,634.0,635.75,3200
2014-08-12,636.0,636.0,634.5,635.5,2000
2014-08-13,636.25,637.25,636.25,637.0,8400
2014-08-14,637.0,637.5,636.25,637.5,8000
2014-08-15,637.5,637.5,637.0,637.0,3200
2014-08-18,638.0,639.5,638.0,639.5,6000
2014-08-19,639.75,640.0,639.5,640.0,8800
2014-08-20,640.0,643.75,639.0,640.5,10000
2014-08-21,643.5,643.5,640.5,642.0,5600
2014-08-22,643.5,644.25,642.75,644.25,10400
2014-08-25,645.5,649.25,645.5,649.25,8800
2014-08-26,649.25,649.5,648.25,649.5,5200
2014-08-27,649.5,649.75,649.0,649.5,7200
2014-08-28,649.75,657.0,649.75,657.0,14000
2014-08-29,653.25,656.25,650.0,650.0,12400
2014-09-01,653.75,662.5,650.25,652.0,17200
2014-09-02,661.25,664.75,652.5,663.25,10800
2014-09-03,663.75,667.25,663.75,667.25,9600
2014-09-04,668.0,668.0,665.0,666.0,12000
2014-09-05,663.25,667.0,661.75,662.0,6800
2014-09-08,662.0,662.0,653.75,660.0,2800
2014-09-09,653.75,657.5,653.75,657.25,6000
2014-09-10,654.5,655.0,653.0,654.75,8000
2014-09-11,655.0,655.0,653.0,653.0,9600
2014-09-12,652.75,652.75,646.75,651.0,12000
2014-09-16,655.75,655.75,650.0,654.5,7200
2014-09-17,654.75,655.0,652.5,654.75,8400
2014-09-18,654.75,657.25,654.75,655.5,6400
2014-09-19,658.5,658.5,656.25,656.25,3200
2014-09-22,657.5,659.75,657.5,659.75,24400
2014-09-24,660.0,687.0,660.0,687.0,34400
2014-09-25,674.5,678.75,667.25,677.75,15600
2014-09-26,677.5,687.0,677.25,686.0,24400
2014-09-29,686.5,689.25,686.0,688.0,28800
2014-09-30,687.5,687.5,680.75,683.25,28800
2014-10-01,677.75,682.25,673.0,676.75,29600
2014-10-02,671.75,676.0,671.75,674.75,26000
2014-10-03,674.75,680.0,674.75,679.75,13600
2014-10-06,679.75,682.0,679.5,679.5,14000
2014-10-07,675.75,679.5,675.75,679.5,18400
2014-10-08,676.0,677.25,675.25,677.25,12000
2014-10-09,677.0,678.75,677.0,677.75,11600
2014-10-10,676.25,677.0,675.25,677.0,8000
2014-10-14,675.25,676.0,675.25,675.5,19600
2014-10-15,675.75,676.25,675.5,676.25,12000
2014-10-16,675.5,676.25,674.0,674.0,23200
2014-10-17,672.5,676.25,672.5,672.5,14000
2014-10-20,674.0,675.0,674.0,674.0,10800
2014-10-21,674.0,675.0,672.5,672.5,13600
2014-10-22,672.5,674.0,672.5,673.5,12000
2014-10-23,671.0,671.25,670.0,670.5,32400
2014-10-24,670.0,670.5,662.5,664.5,45600
2014-10-27,665.0,666.0,662.75,664.0,68000
2014-10-28,663.0,672.25,663.0,672.25,354400
2014-10-29,652.5,653.75,640.25,640.75,278400
2014-10-30,638.75,640.0,635.25,636.25,69600
2014-10-31,636.25,638.25,632.75,638.25,42000
2014-11-04,643.0,647.5,634.5,641.0,45200
2014-11-05,641.0,641.0,637.0,637.0,7600
2014-11-06,638.0,638.0,637.25,637.5,7200
2014-11-07,638.25,640.0,636.25,637.75,14400
2014-11-10,640.0,640.0,637.5,637.5,2800
2014-11-11,637.75,639.75,637.75,639.75,5600
2014-11-12,640.0,641.0,639.25,641.0,8800
2014-11-13,640.5,641.25,639.0,639.5,6800
2014-11-14,640.25,659.5,638.75,658.75,32400
2014-11-17,644.5,657.0,644.5,648.5,12800
2014-11-18,646.25,655.0,646.25,655.0,8000
2014-11-19,651.25,657.0,651.25,657.0,9200
2014-11-20,655.25,661.25,654.5,661.25,20800
2014-11-21,660.75,664.5,660.0,663.0,15600
2014-11-25,662.5,664.5,650.25,663.25,9600
2014-11-26,658.0,658.0,658.0,658.0,2000
2014-11-27,661.25,661.25,655.0,655.25,7200
2014-11-28,660.25,660.25,654.25,654.5,5600
2014-12-01,654.5,661.5,654.5,659.25,11600
2014-12-02,661.25,662.25,660.0,662.25,9200
2014-12-03,662.5,662.5,660.5,661.25,3600
2014-12-04,662.5,662.5,660.0,660.0,2000
2014-12-05,658.75,660.75,658.75,660.75,5200
2014-12-08,657.75,658.5,657.75,657.75,6400
2014-12-09,657.75,657.75,657.75,657.75,2800
2014-12-10,657.5,658.0,657.5,658.0,2000
2014-12-11,655.25,655.25,655.25,655.25,400
2014-12-12,655.0,657.25,650.75,657.25,1600
2014-12-15,657.25,657.5,657.25,657.5,800
2014-12-16,657.5,657.5,651.0,652.5,4000
2014-12-17,655.0,655.0,652.5,652.5,1600
2014-12-18,650.75,656.0,650.75,655.75,3200
2014-12-19,655.0,656.75,655.0,656.75,2000
2014-12-22,656.25,656.75,656.0,656.0,4400
2014-12-24,656.25,657.25,652.75,655.0,10400
2014-12-25,657.0,657.0,652.5,652.5,4800
2014-12-26,655.0,655.0,653.75,655.0,1200
2014-12-29,655.75,657.0,655.25,656.5,6400
2014-12-30,656.5,657.5,656.25,656.5,10400
2015-01-05,657.5,660.0,657.5,660.0,2400
2015-01-06,666.0,667.75,660.0,661.25,15200
2015-01-07,668.5,668.5,666.25,667.5,3200
2015-01-08,667.5,667.5,662.75,663.25,8800
2015-01-09,666.0,668.5,666.0,668.5,9200
2015-01-13,671.25,671.25,669.25,669.25,9200
2015-01-14,669.25,669.25,667.0,668.0,4000
2015-01-15,668.75,672.5,668.75,672.25,4000
2015-01-16,672.5,673.25,667.0,671.75,10000
2015-01-19,672.75,673.0,672.5,673.0,5200
2015-01-20,673.0,674.5,673.0,674.5,9200
2015-01-21,674.75,674.75,673.25,674.75,8800
2015-01-22,675.0,677.5,675.0,677.5,12400
2015-01-23,676.5,677.5,676.5,677.25,5600
2015-01-26,680.0,680.0,679.0,680.0,4000
2015-01-27,682.5,683.25,679.0,679.0,15200
2015-01-28,681.25,681.25,681.25,681.25,4400
2015-01-29,681.5,685.25,681.5,685.25,4800
2015-01-30,685.25,685.75,684.5,685.5,10400
2015-02-02,687.25,688.75,686.25,688.75,22400
2015-02-03,694.5,694.5,690.25,692.25,14400
2015-02-04,693.5,693.5,692.5,692.5,5600
2015-02-05,693.75,694.0,692.5,694.0,6800
2015-02-06,694.0,694.5,692.5,694.5,9600
2015-02-09,695.0,695.5,694.5,695.5,10800
2015-02-10,696.25,709.5,696.25,700.25,12800
2015-02-12,705.0,705.75,701.5,702.75,7200
2015-02-13,706.0,706.75,706.0,706.5,5200
2015-02-16,712.5,712.5,710.0,711.5,11200
2015-02-17,716.5,719.25,715.0,719.25,13600
2015-02-18,721.25,723.25,720.5,721.25,12400
2015-02-19,723.75,724.0,722.0,722.25,12000
2015-02-20,724.75,725.25,724.25,724.5,18000
2015-02-23,728.5,728.5,723.75,723.75,12800
2015-02-24,723.75,726.25,723.75,725.0,6800
2015-02-25,728.75,729.5,727.5,729.5,14400
2015-02-26,730.5,731.75,730.25,731.75,17200
2015-02-27,732.0,732.5,731.0,731.0,24400
2015-03-02,727.25,731.5,721.75,731.0,26400
2015-03-03,731.0,736.25,730.75,731.25,26800
2015-03-04,732.0,737.0,732.0,737.0,12400
2015-03-05,734.25,736.25,734.25,735.5,6800
2015-03-06,735.75,737.0,735.5,737.0,8800
2015-03-09,736.0,736.75,734.75,735.0,22000
2015-03-10,733.75,733.75,700.0,720.75,48000
2015-03-11,711.5,718.5,711.5,716.25,13200
2015-03-12,711.25,713.5,710.75,713.0,18800
2015-03-13,713.25,722.0,713.25,718.75,11200
2015-03-16,723.25,728.5,723.25,728.5,11600
2015-03-17,736.75,737.5,730.25,737.5,18400
2015-03-18,738.0,746.25,738.0,746.25,17600
2015-03-19,748.25,748.25,746.25,746.25,5200
2015-03-20,746.25,746.25,742.5,745.0,4400
2015-03-23,744.75,744.75,741.25,742.0,12400
2015-03-24,739.0,739.25,738.75,739.25,10400
2015-03-25,736.75,743.25,712.5,736.5,26000
2015-03-26,731.5,745.0,731.25,745.0,16000
2015-03-27,743.5,753.75,743.5,748.75,50000
2015-03-30,758.75,773.75,753.75,773.75,49200
2015-03-31,768.75,780.0,768.75,775.0,52400
2015-04-01,765.0,773.75,765.0,768.75,23200
2015-04-02,766.25,776.25,766.25,771.25,21600
2015-04-03,767.5,775.0,767.5,771.25,23600
2015-04-06,773.75,780.0,773.75,778.75,15600
2015-04-07,778.75,778.75,772.5,777.5,25200
2015-04-08,773.75,781.25,773.75,776.25,31200
2015-04-09,783.75,783.75,776.25,777.5,17200
2015-04-10,776.25,776.25,771.25,772.5,34000
2015-04-13,767.5,767.5,760.0,761.25,40400
2015-04-14,756.25,762.5,755.0,761.25,32000
2015-04-15,762.5,766.25,762.5,763.75,19200
2015-04-16,763.75,763.75,753.75,757.5,32400
2015-04-17,753.75,756.25,753.75,753.75,20000
2015-04-20,750.0,756.25,750.0,753.75,40400
2015-04-21,751.25,752.5,748.75,749.25,58800
2015-04-22,749.25,755.0,749.25,751.25,48800
2015-04-23,749.75,753.75,749.75,750.0,82800
2015-04-24,749.0,772.5,749.0,757.5,358800
2015-04-27,736.25,752.5,736.0,747.75,252000
2015-04-28,746.5,746.5,732.75,735.75,107200
2015-04-30,725.75,729.75,722.0,727.5,45200
2015-05-01,727.75,730.0,725.0,727.5,20000
2015-05-07,727.0,729.75,723.0,727.0,24800
2015-05-08,729.25,729.25,725.25,727.25,9600
2015-05-11,729.75,740.0,729.5,740.0,18000
2015-05-12,737.5,741.0,737.5,740.0,6400
2015-05-13,746.5,748.0,744.75,748.0,13600
2015-05-14,749.75,749.75,745.75,746.25,9200
2015-05-15,747.5,747.5,742.0,742.0,4000
2015-05-18,738.0,743.0,736.5,737.75,4400
2015-05-19,744.25,747.25,740.25,747.25,8000
2015-05-20,745.0,747.5,742.0,742.0,4000
2015-05-21,743.0,747.5,743.0,747.5,3600
2015-05-22,750.0,750.0,746.0,747.75,19200
2015-05-25,748.0,750.0,736.25,747.5,11200
2015-05-26,747.5,747.5,741.25,742.5,8400
2015-05-27,742.5,753.75,742.5,753.75,14400
2015-05-28,757.5,768.75,756.25,758.75,68000
2015-05-29,773.75,775.0,761.25,766.25,50000
2015-06-01,768.75,768.75,755.0,762.5,10000
2015-06-02,756.25,757.5,747.25,755.0,10800
2015-06-03,751.25,755.0,751.25,755.0,3200
2015-06-04,750.0,751.25,750.0,751.25,1200
2015-06-05,753.75,755.0,752.5,752.5,4000
2015-06-08,752.5,752.5,752.5,752.5,2000
2015-06-09,752.5,752.5,748.75,748.75,4400
2015-06-10,761.25,761.25,753.75,757.5,7600
2015-06-11,757.5,760.0,753.75,760.0,2400
2015-06-12,760.0,760.0,757.5,760.0,8800
2015-06-15,765.0,766.25,762.5,762.5,9200
2015-06-16,765.0,770.0,765.0,770.0,14400
2015-06-17,768.75,768.75,766.25,768.75,3200
2015-06-18,770.0,775.0,737.5,775.0,44800
2015-06-19,775.0,775.0,771.25,772.5,16400
2015-06-22,776.25,778.75,767.5,770.0,18400
2015-06-23,777.5,777.5,767.5,773.75,7200
2015-06-24,773.75,773.75,767.5,770.0,7200
2015-06-25,768.75,768.75,763.75,763.75,9600
2015-06-26,776.25,776.25,763.75,771.25,8000
2015-06-29,762.5,770.0,750.0,762.5,24400
2015-06-30,755.0,770.0,752.5,767.5,19200
2015-07-01,770.0,770.0,745.0,756.25,30800
2015-07-02,758.75,762.5,758.75,760.0,4000
2015-07-03,760.0,767.5,758.75,767.5,4000
2015-07-06,767.5,771.25,761.25,770.0,12000
2015-07-07,772.5,775.0,767.5,767.5,6400
2015-07-08,770.0,770.0,747.5,748.25,24800
2015-07-09,745.25,749.75,730.0,749.5,67200
2015-07-10,749.5,755.0,748.75,755.0,9600
2015-07-13,755.0,757.5,755.0,755.0,3600
2015-07-14,763.75,767.5,755.0,766.25,13200
2015-07-15,768.75,768.75,766.25,766.25,8400
2015-07-16,770.0,771.25,766.25,768.75,9600
2015-07-17,770.0,776.25,768.75,776.25,12400
2015-07-21,828.75,872.5,812.5,858.75,130400
2015-07-22,857.5,857.5,838.75,846.25,30800
2015-07-23,848.75,855.0,847.5,850.0,18000
2015-07-24,852.5,853.75,841.25,845.0,21200
2015-07-27,845.0,852.5,842.5,842.5,8800
2015-07-28,842.5,842.5,836.25,842.5,12000
2015-07-29,848.75,848.75,845.0,845.0,4400
2015-07-30,846.25,848.75,846.25,846.25,6800
2015-07-31,848.75,858.75,847.5,852.5,15200
2015-08-03,862.5,895.0,861.25,893.75,41200
2015-08-04,901.25,908.75,900.0,901.25,16000
2015-08-05,906.25,915.0,905.0,915.0,16400
2015-08-06,925.0,945.0,925.0,936.25,23200
2015-08-07,926.25,926.25,903.75,915.0,20400
2015-08-10,917.5,917.5,908.75,915.0,9200
2015-08-11,910.0,910.0,890.0,902.5,12400
2015-08-12,893.75,902.5,893.75,898.75,5200
2015-08-13,898.75,900.0,862.5,880.0,20800
2015-08-14,882.5,896.25,881.25,896.25,6400
2015-08-17,903.75,907.5,902.5,907.5,10000
2015-08-18,908.75,917.5,907.5,908.75,12000
2015-08-19,910.0,910.0,907.5,907.5,4000
2015-08-20,908.75,912.5,901.25,907.5,16400
2015-08-21,885.0,895.0,858.75,858.75,21200
2015-08-24,806.25,828.75,787.5,803.75,49600
2015-08-25,708.75,803.75,703.25,745.0,60000
2015-08-26,757.5,812.5,747.5,812.5,32400
2015-08-27,868.75,917.5,868.75,886.25,95600
2015-08-28,950.0,961.25,926.25,942.5,93200
2015-08-31,942.5,951.25,926.25,951.25,32400
2015-09-01,951.25,951.25,932.5,932.5,15200
2015-09-02,900.0,941.25,895.0,925.0,27200
2015-09-03,930.0,938.75,925.0,930.0,8000
2015-09-04,922.5,922.5,897.5,922.5,11200
2015-09-07,875.0,900.0,838.75,882.5,27600
2015-09-08,891.25,891.25,817.5,817.5,22000
2015-09-09,852.5,881.25,852.5,875.0,14000
2015-09-10,872.5,895.0,857.5,895.0,16000
2015-09-11,900.0,930.0,900.0,925.0,16800
2015-09-14,925.0,953.75,925.0,950.0,18000
2015-09-15,950.0,950.0,937.5,937.5,3600
2015-09-16,952.5,952.5,926.25,935.0,8800
2015-09-17,935.0,950.0,935.0,950.0,8400
2015-09-18,950.0,960.0,948.75,960.0,13200
2015-09-24,955.0,987.5,952.5,986.25,38000
2015-09-25,1008.75,1015.0,965.0,987.5,54400
2015-09-28,987.5,1037.5,987.5,1027.5,47200
2015-09-29,1023.75,1032.5,1017.5,1017.5,42000
2015-09-30,1028.75,1042.5,1020.0,1020.0,38400
2015-10-01,1008.75,1020.0,977.5,1012.5,77200
2015-10-02,1000.0,1007.5,995.0,1005.0,21600
2015-10-05,1002.5,1007.5,1001.25,1002.5,22000
2015-10-06,1002.5,1010.0,1002.5,1007.5,18000
2015-10-07,1008.75,1011.25,1007.5,1008.75,10800
2015-10-08,1008.75,1008.75,1002.5,1007.5,12400
2015-10-09,1001.25,1006.25,1001.25,1006.25,23200
2015-10-13,1005.0,1007.5,1005.0,1007.5,14000
2015-10-14,1008.75,1008.75,1006.25,1006.25,5600
2015-10-15,1005.0,1010.0,1002.5,1005.0,10800
2015-10-16,1006.25,1007.5,1002.5,1007.5,14400
2015-10-19,1006.25,1010.0,1005.0,1007.5,11200
2015-10-20,1006.25,1013.75,1006.25,1012.5,15600
2015-10-21,1012.5,1013.75,1010.0,1010.0,14800
2015-10-22,1010.0,1012.5,1007.5,1012.5,11200
2015-10-23,1012.5,1017.5,1012.5,1012.5,20800
2015-10-26,1020.0,1021.25,1013.75,1021.25,64400
2015-10-27,1021.25,1047.5,1018.75,1041.25,339200
2015-10-28,1000.0,1027.5,992.0,1011.0,175600
2015-10-29,1005.5,1010.5,975.0,984.5,72600
2015-10-30,967.5,971.0,940.5,955.0,54400
2015-11-02,940.0,947.0,931.0,936.5,22200
2015-11-04,941.0,952.5,931.5,938.0,15800
2015-11-05,938.5,959.5,932.0,942.0,15000
2015-11-06,940.5,958.5,935.5,958.5,12000
2015-11-09,958.5,979.5,958.5,971.5,12600
2015-11-10,969.5,981.0,965.5,965.5,11000
2015-11-11,969.5,975.0,967.0,975.0,9800
2015-11-12,975.0,975.0,967.0,967.5,12000
2015-11-13,962.5,965.5,957.5,964.5,9400
2015-11-16,961.0,964.5,951.0,961.5,8400
2015-11-17,977.0,977.0,963.0,968.5,9200
2015-11-18,975.5,990.0,973.5,988.5,17800
2015-11-19,995.0,997.5,981.5,985.5,11200
2015-11-20,991.0,995.0,982.5,982.5,8200
2015-11-24,991.5,998.0,990.5,997.5,18200
2015-11-25,998.5,999.5,992.5,992.5,11200
2015-11-26,1014.0,1032.5,1003.0,1003.0,76800
2015-11-27,1025.5,1035.0,990.0,990.0,67600
2015-11-30,991.5,991.5,965.0,966.0,39800
2015-12-01,969.5,980.0,966.5,967.0,18600
2015-12-02,967.5,994.5,967.5,975.0,23400
2015-12-03,980.0,983.5,971.5,982.0,8000
2015-12-04,980.0,980.0,972.0,973.5,13600
2015-12-07,969.0,976.5,967.5,970.5,10400
2015-12-08,975.0,976.5,969.5,969.5,4000
2015-12-09,969.0,977.5,969.0,973.0,4000
2015-12-10,968.0,973.0,944.0,955.5,18400
2015-12-11,957.5,964.5,952.0,953.0,5600
2015-12-14,949.0,965.0,940.5,965.0,13400
2015-12-15,965.5,965.5,949.0,949.0,3800
2015-12-16,949.0,962.5,935.0,941.5,21000
2015-12-17,963.0,965.0,955.0,955.5,6800
2015-12-18,958.0,967.0,951.0,951.0,6200
2015-12-21,951.0,965.0,951.0,965.0,5800
2015-12-22,965.0,972.0,962.5,962.5,7200
2015-12-24,962.5,969.5,956.5,956.5,5000
2015-12-25,956.5,956.5,956.5,956.5,0
2015-12-28,955.0,970.5,955.0,968.5,4800
2015-12-29,972.0,972.5,967.5,967.5,7000
2015-12-30,973.5,984.0,973.5,981.5,9400
2016-01-04,986.0,994.0,981.5,981.5,9000
2016-01-05,986.0,993.0,975.5,977.5,9800
2016-01-06,979.5,985.0,975.0,975.0,5200
2016-01-07,972.0,984.5,961.0,970.0,7600
2016-01-08,970.0,970.0,950.0,964.5,8800
2016-01-12,963.0,963.0,910.0,911.0,21800
2016-01-13,913.0,945.0,913.0,942.0,4400
2016-01-14,933.0,936.5,925.0,927.5,6800
2016-01-15,927.5,939.0,925.5,926.0,7400
2016-01-18,900.0,915.0,892.5,913.0,16000
2016-01-19,917.5,917.5,907.5,911.0,4600
2016-01-20,913.0,913.0,902.0,902.0,10000
2016-01-21,898.5,900.5,845.0,845.0,25200
2016-01-22,850.5,870.0,846.0,870.0,13800
2016-01-25,890.0,907.5,890.0,905.5,6800
2016-01-26,919.0,919.0,905.0,911.0,11400
2016-01-27,913.0,919.5,913.0,919.0,4000
2016-01-28,921.5,933.5,921.5,933.5,1600
2016-01-29,934.5,948.0,934.5,948.0,5200
2016-02-01,962.5,974.0,957.5,974.0,8200
2016-02-02,980.0,990.0,976.5,983.5,10800
2016-02-03,980.0,985.0,972.5,977.5,10800
2016-02-04,985.0,985.0,963.0,963.0,6200
2016-02-05,957.5,965.0,937.5,965.0,10400
2016-02-08,954.5,963.5,938.5,950.5,4000
2016-02-09,950.5,950.5,935.5,935.5,8400
2016-02-10,930.0,939.5,875.0,877.5,6600
2016-02-12,817.5,839.0,817.5,825.0,22400
2016-02-15,858.0,884.5,858.0,884.5,7600
2016-02-16,904.5,930.0,900.5,911.5,7400
2016-02-17,911.5,927.5,911.5,915.0,5800
2016-02-18,927.5,940.0,923.0,931.5,5600
2016-02-19,925.5,925.5,919.0,919.0,2200
2016-02-22,917.5,937.5,907.5,930.0,5000
2016-02-23,929.5,936.5,928.5,934.0,4200
2016-02-24,932.5,953.0,931.0,932.0,9000
2016-02-25,937.5,959.0,936.0,959.0,7600
2016-02-26,966.0,1000.0,966.0,994.5,21200
2016-02-29,980.0,980.5,950.0,978.0,26800
2016-03-01,964.0,977.0,963.5,965.0,7000
2016-03-02,975.5,975.5,962.5,970.0,6600
2016-03-03,956.5,969.5,956.5,969.5,7000
2016-03-04,969.5,971.5,965.0,971.5,2000
2016-03-07,974.5,981.0,968.5,969.5,5600
2016-03-08,974.5,974.5,962.0,965.0,3400
2016-03-09,963.5,963.5,961.5,961.5,1600
2016-03-10,963.0,983.0,963.0,975.5,4600
2016-03-11,979.5,983.5,979.0,981.5,3000
2016-03-14,990.5,992.0,980.5,980.5,10800
2016-03-15,981.0,985.0,979.0,985.0,4400
2016-03-16,985.5,993.0,985.5,990.5,9600
2016-03-17,994.0,998.5,994.0,997.0,8000
2016-03-18,999.5,1007.5,994.0,1002.0,16200
2016-03-22,1003.0,1004.0,1000.5,1000.5,8800
2016-03-23,1005.0,1011.5,1003.0,1009.5,4000
2016-03-24,1012.5,1022.0,1007.0,1010.0,12400
2016-03-25,1017.0,1019.0,1016.5,1017.5,10600
2016-03-28,1024.5,1031.0,1022.0,1029.5,24000
2016-03-29,1032.0,1050.0,1025.5,1039.5,24200
2016-03-30,1041.0,1049.0,1032.0,1045.0,25000
2016-03-31,1046.5,1054.0,1032.5,1033.5,30000
2016-04-01,1024.0,1026.0,999.5,1002.5,47800
2016-04-04,998.0,1011.5,992.0,1006.5,23600
2016-04-05,999.0,1005.5,996.0,996.0,20000
2016-04-06,995.0,997.5,994.0,995.5,9800
2016-04-07,996.0,1000.0,993.5,996.0,11200
2016-04-08,990.0,1004.5,990.0,1004.5,13800
2016-04-11,1004.5,1004.5,1000.5,1004.5,5400
2016-04-12,1000.5,1004.0,1000.0,1004.0,7600
2016-04-13,1003.5,1006.5,1002.5,1003.0,13200
2016-04-14,1003.0,1004.0,999.0,999.0,18400
2016-04-15,997.5,999.0,995.5,999.0,15800
2016-04-18,997.0,1000.5,996.0,999.5,11200
2016-04-19,1002.5,1003.0,999.0,1000.0,12400
2016-04-20,1000.0,1002.5,999.5,1000.0,11200
2016-04-21,1000.5,1009.5,1000.5,1008.0,21800
2016-04-22,1008.0,1019.5,1007.0,1010.0,55400
2016-04-25,1023.5,1023.5,1013.0,1018.0,283400
2016-04-26,967.0,980.0,945.5,947.5,183400
2016-04-27,950.0,957.5,947.5,950.0,32800
2016-04-28,948.0,952.0,943.0,943.0,19800
2016-05-02,942.5,945.0,935.0,936.0,15000
2016-05-06,936.0,940.0,935.5,937.5,7200
2016-05-09,937.5,944.5,935.5,938.5,5600
2016-05-10,947.0,947.0,939.0,939.0,5600
2016-05-11,940.5,946.5,940.5,944.0,3400
2016-05-12,946.0,960.0,941.0,958.0,10000
2016-05-13,957.5,961.0,952.5,956.5,12000
2016-05-16,959.5,960.5,957.5,957.5,7400
2016-05-17,961.0,962.5,960.5,960.5,3000
2016-05-18,959.0,959.0,945.5,951.5,4400
2016-05-19,951.5,955.5,951.5,952.5,2200
2016-05-20,952.5,955.0,946.0,955.0,4400
2016-05-23,954.0,954.0,950.0,950.0,3400
2016-05-24,950.0,958.5,942.5,958.5,8400
2016-05-25,955.0,956.0,950.0,950.0,3000
2016-05-26,945.5,949.5,943.0,943.0,6600
2016-05-27,951.0,956.5,948.0,952.0,4800
2016-05-30,958.5,970.0,956.0,958.5,19200
2016-05-31,966.0,966.5,947.0,954.0,16400
2016-06-01,954.5,954.5,948.5,952.5,7800
2016-06-02,952.5,954.5,949.5,952.5,4800
2016-06-03,953.0,961.0,953.0,959.5,7200
2016-06-06,961.5,972.0,960.5,972.0,7800
2016-06-07,972.0,972.5,960.0,960.0,7200
2016-06-08,971.5,972.5,971.5,972.0,2400
2016-06-09,966.0,970.0,966.0,970.0,1400
2016-06-10,970.0,970.0,968.5,969.5,2600
2016-06-13,969.5,969.5,944.0,948.0,8800
2016-06-14,949.5,950.5,927.5,927.5,20000
2016-06-15,928.0,935.0,925.0,929.0,3800
2016-06-16,925.5,925.5,912.5,913.0,6200
2016-06-17,915.5,916.0,915.5,916.0,1200
2016-06-20,918.0,939.0,918.0,927.5,3600
2016-06-21,929.0,933.0,929.0,932.5,600
2016-06-22,938.5,938.5,926.0,926.0,2800
2016-06-23,928.5,928.5,915.0,921.5,5600
2016-06-24,925.5,930.0,850.0,866.5,11800
2016-06-27,889.5,899.0,875.5,897.5,8400
2016-06-28,897.5,912.5,897.5,912.5,2600
2016-06-29,925.5,948.5,925.5,935.0,7600
2016-06-30,945.0,959.5,945.0,959.5,9400
2016-07-01,959.0,962.5,959.0,962.5,8000
2016-07-04,956.0,974.5,951.0,970.5,6600
2016-07-05,971.5,971.5,971.5,971.5,1000
2016-07-06,968.5,975.0,954.5,956.0,5600
2016-07-07,970.0,970.0,958.0,959.0,1600
2016-07-08,954.5,954.5,954.5,954.5,200
2016-07-11,954.5,954.5,954.5,954.5,0
2016-07-12,960.0,964.5,957.5,964.5,3000
2016-07-13,972.5,972.5,964.5,965.0,10200
2016-07-14,965.0,967.5,958.0,967.5,2800
2016-07-15,966.0,967.5,964.5,966.0,1800
2016-07-19,958.0,960.5,956.0,960.5,3000
2016-07-20,956.5,958.5,952.5,956.5,4400
2016-07-21,956.5,956.5,950.0,952.0,6600
2016-07-22,950.5,952.5,950.5,952.5,800
2016-07-25,954.5,971.5,954.5,971.5,3200
2016-07-26,975.0,978.0,967.5,968.0,7800
2016-07-27,969.5,974.5,969.5,973.0,4000
2016-07-28,974.0,974.0,967.5,972.5,3600
2016-07-29,973.5,974.5,968.5,974.5,4200
2016-08-01,978.5,979.0,965.0,979.0,5800
2016-08-02,980.0,980.5,975.0,977.0,3800
2016-08-03,960.5,969.5,958.0,958.0,4400
2016-08-04,963.0,979.0,963.0,979.0,2600
2016-08-05,974.5,974.5,968.5,973.5,1000
2016-08-08,975.5,976.5,975.5,976.5,1800
2016-08-09,973.5,973.5,970.0,970.0,3200
2016-08-10,976.5,976.5,975.5,975.5,1400
2016-08-12,973.5,973.5,971.0,972.0,1600
2016-08-15,972.0,975.0,971.5,975.0,3200
2016-08-16,977.5,977.5,975.0,976.0,3200
2016-08-17,975.0,976.0,973.0,974.0,1800
2016-08-18,970.0,970.0,963.0,963.0,2200
2016-08-19,972.5,972.5,963.5,969.5,3200
2016-08-22,966.5,968.0,965.0,965.0,2000
2016-08-23,965.0,965.0,965.0,965.0,0
2016-08-24,965.5,970.0,965.5,970.0,1800
2016-08-25,975.0,977.5,975.0,977.5,4000
2016-08-26,979.0,979.0,968.5,976.5,4800
2016-08-29,976.5,976.5,966.0,967.0,8800
2016-08-30,925.0,945.0,918.5,942.5,30400
2016-08-31,940.0,962.5,937.5,954.0,6400
2016-09-01,964.5,967.5,955.5,958.5,5600
2016-09-02,956.5,956.5,956.0,956.0,2200
2016-09-05,955.5,955.5,955.0,955.5,1600
2016-09-06,953.5,962.0,953.5,957.5,3000
2016-09-07,958.0,958.0,955.5,955.5,3000
2016-09-08,957.0,960.5,957.0,960.0,7000
2016-09-09,968.5,969.5,968.0,969.5,2000
2016-09-12,970.0,971.5,967.0,967.0,4200
2016-09-13,971.0,972.0,970.0,970.0,1600
2016-09-14,969.0,971.0,967.0,969.0,3400
2016-09-15,969.0,972.5,969.0,972.5,2200
2016-09-16,970.0,970.0,967.5,967.5,2000
2016-09-20,967.5,969.0,963.0,969.0,3200
2016-09-21,969.5,969.5,962.0,968.0,2400
2016-09-23,968.0,974.5,968.0,974.5,4000
2016-09-26,983.5,985.5,977.0,985.5,17400
2016-09-27,981.0,987.5,981.0,984.0,11600
2016-09-28,987.5,1001.5,987.5,996.5,19400
2016-09-29,992.0,993.5,983.0,984.0,20000
2016-09-30,977.5,986.0,976.0,976.0,24000
2016-10-03,976.0,977.5,975.5,976.5,14400
2016-10-04,976.0,983.5,974.5,983.5,14600
2016-10-05,982.0,982.0,978.0,982.0,6000
2016-10-06,982.0,984.5,980.5,983.0,8400
2016-10-07,984.5,986.0,983.0,984.5,10000
2016-10-11,984.5,985.0,983.0,985.0,7200
2016-10-12,984.0,986.0,983.5,985.0,6000
2016-10-13,984.5,985.0,984.0,984.5,8000
2016-10-14,984.0,984.5,983.5,984.5,9800
2016-10-17,984.5,984.5,982.5,984.5,7800
2016-10-18,983.0,987.5,983.0,986.5,11000
2016-10-19,986.0,987.0,985.0,986.0,12800
2016-10-20,985.5,989.0,985.5,988.5,20200
2016-10-21,988.0,989.0,987.5,989.0,19000
2016-10-24,989.5,990.5,988.5,989.0,34400
2016-10-25,988.5,992.0,988.0,992.0,50600
2016-10-26,991.0,991.0,975.0,980.0,305400
2016-10-27,956.0,974.0,955.5,964.5,135800
2016-10-28,967.5,974.5,963.5,974.5,16400
2016-10-31,974.0,977.5,968.0,970.0,11200
2016-11-01,975.5,976.0,972.0,975.0,15000
2016-11-02,976.0,976.0,972.5,975.5,8600
2016-11-04,975.5,975.5,973.0,975.5,11000
2016-11-07,970.0,972.5,963.0,970.0,5400
2016-11-08,964.5,971.0,960.5,967.5,13400
2016-11-09,960.5,973.0,940.0,973.0,17000
2016-11-10,975.0,975.0,966.5,966.5,3400
2016-11-11,973.0,973.0,958.0,959.0,5400
2016-11-14,960.5,973.0,960.5,964.0,4000
2016-11-15,968.0,968.0,965.0,965.0,1000
2016-11-16,970.0,970.0,965.0,965.0,5400
2016-11-17,965.0,967.5,963.0,967.0,1400
2016-11-18,966.0,966.0,965.5,965.5,800
2016-11-21,966.0,966.0,963.0,963.0,2400
2016-11-22,963.0,964.5,963.0,964.5,1200
2016-11-24,966.0,966.0,959.0,962.5,3600
2016-11-25,955.5,962.0,953.0,958.5,10800
2016-11-28,958.5,961.5,957.5,961.5,10600
2016-11-29,961.0,974.0,961.0,972.0,15400
2016-11-30,973.5,973.5,970.5,973.0,7200
2016-12-01,974.0,991.0,974.0,985.0,34800
2016-12-02,986.0,987.0,983.0,983.0,10600
2016-12-05,983.5,988.5,983.5,988.5,11000
2016-12-06,988.5,989.0,988.0,989.0,8800
2016-12-07,989.0,989.0,987.5,987.5,10400
2016-12-08,988.0,989.5,987.5,988.0,7600
2016-12-09,988.0,989.0,988.0,989.0,4600
2016-12-12,992.0,992.0,988.0,991.0,8000
2016-12-13,991.0,991.0,990.0,990.0,13400
2016-12-14,990.0,990.0,987.5,989.0,3800
2016-12-15,989.0,989.0,980.0,988.0,7600
2016-12-16,988.0,989.5,988.0,988.5,7600
2016-12-19,988.5,989.5,988.5,989.0,9200
2016-12-20,989.5,990.0,989.5,990.0,6000
2016-12-21,990.5,991.0,988.5,988.5,9000
2016-12-22,983.0,985.5,980.0,983.5,4400
2016-12-26,984.5,988.5,983.5,985.0,4200
2016-12-27,991.0,991.0,985.0,990.0,7200
2016-12-28,990.0,990.0,985.5,985.5,3600
2016-12-29,982.5,985.5,982.5,983.5,1400
2016-12-30,983.5,983.5,981.0,981.0,1400
2017-01-04,986.5,990.0,982.0,982.5,5200
2017-01-05,989.0,989.0,981.5,982.0,2600
2017-01-06,983.0,987.5,983.0,987.0,2400
2017-01-10,982.5,985.0,982.5,985.0,5000
2017-01-11,989.5,993.5,989.5,991.0,5400
2017-01-12,993.5,993.5,991.0,991.0,1200
2017-01-13,993.5,994.5,991.5,992.0,5600
2017-01-16,993.0,994.0,993.0,994.0,1600
2017-01-17,994.5,994.5,992.5,992.5,1200
2017-01-18,990.5,990.5,990.0,990.5,3400
2017-01-19,994.0,994.0,990.5,994.0,3200
2017-01-20,994.0,995.0,993.0,993.0,5400
2017-01-23,993.0,993.0,989.5,992.5,3800
2017-01-24,993.0,993.0,991.5,992.0,1600
2017-01-25,994.0,997.0,994.0,994.0,3600
2017-01-26,998.5,1000.0,995.0,998.5,8400
2017-01-27,1001.5,1002.0,998.5,998.5,3800
2017-01-30,1001.0,1010.0,1001.0,1003.5,4800
2017-01-31,1000.5,1000.5,1000.0,1000.5,1400
2017-02-01,1004.0,1010.0,1003.5,1007.0,3600
2017-02-02,1008.5,1009.5,1007.0,1007.5,4400
2017-02-03,1005.0,1005.0,1004.5,1004.5,1600
2017-02-06,1006.0,1007.5,998.0,1004.0,4600
2017-02-07,1000.5,1000.5,1000.0,1000.0,1200
2017-02-08,1000.5,1000.5,1000.5,1000.5,200
2017-02-09,1003.5,1010.0,1003.5,1007.5,4000
2017-02-10,1007.0,1007.0,1002.5,1002.5,2800
2017-02-13,1004.5,1009.0,1004.5,1009.0,1200
2017-02-14,1009.5,1010.0,1005.0,1005.0,3000
2017-02-15,1005.5,1009.5,1005.5,1007.5,2400
2017-02-16,1009.0,1009.0,1007.5,1009.0,1800
2017-02-17,1010.0,1025.0,1010.0,1016.5,14800
2017-02-20,1025.0,1025.0,1016.5,1019.5,7000
2017-02-21,1022.0,1033.0,1022.0,1033.0,11200
2017-02-22,1037.5,1044.0,1037.5,1037.5,6600
2017-02-23,1038.0,1040.0,1035.0,1035.0,7200
2017-02-24,1035.0,1039.0,1035.0,1037.5,5000
2017-02-27,1037.5,1041.5,1037.5,1037.5,12400
2017-02-28,1039.5,1049.0,1039.5,1049.0,14600
2017-03-01,1050.0,1051.5,1043.5,1051.5,12200
2017-03-02,1051.5,1059.5,1051.5,1056.5,14000
2017-03-03,1062.5,1079.5,1062.5,1076.5,15000
2017-03-06,1080.5,1095.0,1066.0,1095.0,16800
2017-03-07,1091.5,1091.5,1063.0,1065.0,16600
2017-03-08,1065.0,1065.5,1060.0,1065.0,6800
2017-03-09,1070.5,1077.5,1068.0,1071.0,6600
2017-03-10,1074.5,1074.5,1068.5,1070.5,3200
2017-03-13,1070.5,1073.0,1067.5,1070.5,4200
2017-03-14,1066.0,1074.5,1065.5,1074.5,5800
2017-03-15,1074.5,1074.5,1067.5,1070.0,5200
2017-03-16,1074.0,1078.0,1070.0,1075.5,6200
2017-03-17,1077.0,1083.0,1077.0,1083.0,4800
2017-03-21,1090.0,1090.0,1087.5,1089.0,7000
2017-03-22,1080.0,1093.0,1080.0,1093.0,8200
2017-03-23,1095.0,1105.0,1080.0,1095.0,7800
2017-03-24,1105.0,1112.5,1104.5,1112.5,6600
2017-03-27,1125.0,1135.0,1116.5,1135.0,18600
2017-03-28,1145.0,1147.5,1136.5,1147.5,20400
2017-03-29,1150.0,1169.5,1150.0,1165.5,29200
2017-03-30,1172.5,1172.5,1166.0,1169.5,29600
2017-03-31,1165.5,1168.5,1145.0,1146.5,47400
2017-04-03,1144.5,1152.0,1143.0,1152.0,20000
2017-04-04,1152.0,1152.0,1146.5,1147.5,12200
2017-04-05,1141.0,1143.5,1140.0,1143.0,10400
2017-04-06,1146.5,1146.5,1130.5,1130.5,24800
2017-04-07,1130.5,1135.5,1130.5,1131.5,9200
2017-04-10,1130.0,1132.0,1128.5,1132.0,21400
2017-04-11,1128.5,1132.5,1128.5,1131.0,7600
2017-04-12,1127.5,1128.0,1126.0,1126.0,10000
2017-04-13,1125.5,1126.5,1125.0,1126.5,5600
2017-04-14,1122.5,1124.5,1121.0,1121.0,5200
2017-04-17,1116.0,1121.0,1115.0,1118.0,14000
2017-04-18,1118.0,1130.0,1118.0,1128.5,12200
2017-04-19,1127.5,1133.5,1126.0,1131.0,11800
2017-04-20,1134.0,1138.5,1131.5,1134.5,21000
2017-04-21,1134.0,1136.5,1133.0,1133.0,19000
2017-04-24,1133.0,1135.0,1127.5,1127.5,71600
2017-04-25,1122.0,1136.0,1121.0,1136.0,319400
2017-04-26,1082.0,1096.5,1078.0,1078.0,178800
2017-04-27,1075.5,1088.5,1075.5,1078.5,24600
2017-04-28,1083.5,1083.5,1075.0,1077.5,6600
2017-05-01,1079.0,1079.5,1072.5,1072.5,14400
2017-05-02,1072.5,1084.0,1072.5,1074.0,10600
2017-05-08,1075.0,1077.0,1070.0,1076.0,12600
2017-05-09,1078.0,1090.0,1078.0,1090.0,13000
2017-05-10,1096.0,1096.0,1089.0,1089.0,5800
2017-05-11,1089.0,1091.0,1088.0,1091.0,4200
2017-05-12,1091.0,1092.5,1089.5,1089.5,3600
2017-05-15,1089.0,1089.0,1080.5,1085.5,4400
2017-05-16,1087.5,1087.5,1070.5,1080.0,9200
2017-05-17,1080.0,1085.0,1077.0,1082.0,5200
2017-05-18,1075.0,1079.5,1075.0,1078.0,3400
2017-05-19,1080.0,1081.0,1075.0,1075.0,8000
2017-05-22,1080.0,1080.0,1077.5,1079.5,4000
2017-05-23,1079.0,1080.0,1078.5,1080.0,3400
2017-05-24,1080.0,1080.0,1079.5,1079.5,4800
2017-05-25,1080.0,1080.0,1078.5,1079.5,2800
2017-05-26,1080.0,1090.0,1080.0,1080.0,6800
2017-05-29,1085.0,1098.5,1085.0,1098.5,13400
2017-05-30,1123.5,1140.5,1110.5,1117.5,60400
2017-05-31,1117.5,1120.5,1106.5,1109.0,9400
2017-06-01,1121.0,1121.0,1113.5,1116.5,5200
2017-06-02,1117.5,1118.0,1115.0,1115.0,8200
2017-06-05,1120.0,1124.5,1110.5,1117.0,5000
2017-06-06,1121.5,1125.0,1119.0,1124.5,7200
2017-06-07,1123.5,1123.5,1123.0,1123.0,1800
2017-06-08,1125.0,1125.0,1116.5,1121.5,3000
2017-06-09,1117.0,1117.0,1105.0,1105.0,5000
2017-06-12,1101.5,1111.5,1101.5,1111.5,3400
2017-06-13,1111.5,1111.5,1092.5,1099.5,13600
2017-06-14,1099.0,1100.0,1097.5,1100.0,2000
2017-06-15,1098.0,1106.5,1098.0,1105.0,3200
2017-06-16,1108.0,1125.0,1104.5,1104.5,5800
2017-06-19,1108.0,1110.5,1105.5,1105.5,3800
2017-06-20,1119.0,1119.0,1108.0,1108.5,3800
2017-06-21,1111.5,1113.0,1108.5,1109.0,4800
2017-06-22,1109.5,1116.5,1107.5,1108.0,3200
2017-06-23,1117.0,1117.0,1108.5,1113.0,2600
2017-06-26,1121.0,1121.0,1120.5,1120.5,2600
2017-06-27,1124.5,1124.5,1111.5,1113.5,6000
2017-06-28,1123.0,1123.0,1116.0,1121.0,2600
2017-06-29,1125.0,1127.5,1121.0,1127.5,3800
2017-06-30,1127.0,1127.5,1122.5,1127.5,4400
2017-07-03,1128.0,1128.0,1125.0,1125.0,2800
2017-07-04,1121.5,1129.0,1121.5,1122.0,2800
2017-07-05,1127.0,1127.0,1119.0,1119.0,600
2017-07-06,1119.0,1120.0,1117.5,1120.0,1600
2017-07-07,1120.5,1120.5,1117.5,1117.5,4200
2017-07-10,1117.5,1129.5,1116.5,1129.0,3200
2017-07-11,1128.5,1128.5,1121.0,1121.0,3200
2017-07-12,1123.0,1123.0,1120.0,1120.0,2600
2017-07-13,1124.5,1124.5,1120.0,1123.5,800
2017-07-14,1123.5,1124.5,1123.0,1123.0,1600
2017-07-17,1123.0,1123.0,1123.0,1123.0,0
2017-07-18,1124.5,1125.0,1120.0,1120.0,10800
2017-07-19,1120.0,1123.5,1119.0,1123.5,1800
2017-07-20,1126.5,1126.5,1126.5,1126.5,1400
2017-07-21,1129.0,1130.0,1127.5,1130.0,5400
2017-07-24,1134.0,1134.0,1130.0,1132.0,6400
2017-07-25,1132.5,1138.0,1132.5,1135.0,6400
2017-07-26,1138.5,1138.5,1135.5,1138.5,6200
2017-07-27,1138.5,1138.5,1134.0,1138.0,3400
2017-07-28,1138.5,1139.5,1137.5,1137.5,3200
2017-07-31,1138.5,1140.0,1138.0,1140.0,3800
2017-08-01,1143.0,1143.0,1141.0,1141.0,5200
2017-08-02,1142.5,1149.0,1142.5,1149.0,5800
2017-08-03,1149.0,1152.5,1147.5,1147.5,8000
2017-08-04,1150.0,1151.0,1147.5,1151.0,2800
2017-08-07,1153.5,1159.5,1153.5,1159.5,8400
2017-08-08,1154.5,1158.5,1154.5,1158.0,3000
2017-08-09,1153.0,1153.0,1144.0,1147.0,12200
2017-08-10,1141.0,1146.0,1140.5,1146.0,2800
2017-08-11,1146.0,1146.0,1146.0,1146.0,0
2017-08-14,1145.0,1145.0,1139.0,1145.0,5400
2017-08-15,1145.0,1145.0,1138.5,1142.5,6200
2017-08-16,1183.5,1200.0,1150.0,1168.5,57200
2017-08-17,1168.5,1177.5,1168.5,1173.5,7000
2017-08-18,1172.5,1172.5,1166.0,1168.0,4800
2017-08-21,1168.0,1172.5,1162.5,1172.5,6000
2017-08-22,1172.5,1172.5,1166.5,1167.5,1600
2017-08-23,1175.0,1177.5,1174.5,1175.5,4200
2017-08-24,1178.0,1190.0,1178.0,1190.0,3400
2017-08-25,1187.0,1189.5,1187.0,1189.0,5800
2017-08-28,1199.5,1200.0,1191.5,1200.0,17600
2017-08-29,1198.5,1207.5,1198.5,1205.0,8800
2017-08-30,1212.5,1228.0,1212.5,1224.5,13400
2017-08-31,1246.5,1300.0,1241.0,1279.0,29000
2017-09-01,1325.0,1325.0,1250.0,1273.5,57800
2017-09-04,1269.5,1283.0,1260.5,1262.0,14800
2017-09-05,1267.5,1267.5,1225.0,1235.5,16400
2017-09-06,1210.5,1243.5,1209.0,1227.0,12400
2017-09-07,1227.0,1280.0,1227.0,1253.0,5800
2017-09-08,1249.5,1253.0,1243.0,1253.0,5800
2017-09-11,1273.0,1450.0,1257.5,1444.5,97400
2017-09-12,1444.5,1445.0,1410.0,1428.0,75000
2017-09-13,1413.5,1430.5,1413.5,1419.0,16600
2017-09-14,1422.0,1441.5,1422.0,1438.5,10000
2017-09-15,1434.5,1445.0,1430.0,1435.0,7200
2017-09-18,1435.0,1435.0,1435.0,1435.0,0
2017-09-19,1441.5,1590.0,1441.5,1517.5,39400
2017-09-20,1552.5,1572.5,1540.0,1565.0,25800
2017-09-21,1567.5,1585.0,1555.0,1555.0,15600
2017-09-22,1550.0,1552.5,1525.0,1545.0,14800
2017-09-25,1550.0,1550.0,1532.5,1540.0,13600
2017-09-26,1560.0,1637.5,1557.5,1637.5,31400
2017-09-27,1672.5,1770.0,1627.5,1765.0,54600
2017-09-28,1782.5,1875.0,1772.5,1860.0,56200
2017-09-29,1860.0,1865.0,1800.0,1810.0,57400
2017-10-02,1805.0,1850.0,1777.5,1812.5,30400
2017-10-03,1825.0,1825.0,1797.5,1800.0,26800
2017-10-04,1795.0,1822.5,1782.5,1805.0,24400
2017-10-05,1797.5,1830.0,1795.0,1830.0,27600
2017-10-06,1825.0,1845.0,1812.5,1815.0,28000
2017-10-09,1815.0,1815.0,1815.0,1815.0,0
2017-10-10,1820.0,1860.0,1820.0,1845.0,34600
2017-10-11,1842.5,1842.5,1817.5,1837.5,18000
2017-10-12,1835.0,1840.0,1815.0,1822.5,17000
2017-10-13,1825.0,1827.5,1815.0,1827.5,17000
2017-10-16,1827.5,1827.5,1817.5,1825.0,16200
2017-10-17,1820.0,1842.5,1817.5,1825.0,29000
2017-10-18,1827.5,1827.5,1800.0,1805.0,18800
2017-10-19,1805.0,1817.5,1802.5,1805.0,10200
2017-10-20,1797.5,1802.5,1765.0,1782.5,31000
2017-10-23,1765.0,1802.5,1765.0,1800.0,43200
2017-10-24,1775.0,1827.5,1775.0,1827.5,48800
2017-10-25,1840.0,1840.0,1820.0,1827.5,62000
2017-10-26,1810.0,1820.0,1795.0,1810.0,505600
2017-10-27,1740.0,1810.0,1730.0,1800.0,136100
2017-10-30,1800.0,1803.0,1764.0,1766.0,42500
2017-10-31,1760.0,1771.0,1751.0,1759.0,14900
2017-11-01,1760.0,1774.0,1745.0,1755.0,18700
2017-11-02,1735.0,1757.0,1735.0,1746.0,20300
2017-11-03,1746.0,1746.0,1746.0,1746.0,0
2017-11-06,1731.0,1736.0,1700.0,1702.0,26500
2017-11-07,1702.0,1702.0,1650.0,1650.0,27000
2017-11-08,1650.0,1690.0,1633.0,1690.0,17900
2017-11-09,1678.0,1694.0,1650.0,1663.0,10900
2017-11-10,1655.0,1657.0,1636.0,1653.0,11100
2017-11-13,1644.0,1679.0,1639.0,1676.0,13000
2017-11-14,1669.0,1670.0,1655.0,1670.0,3800
2017-11-15,1669.0,1669.0,1622.0,1628.0,15100
2017-11-16,1607.0,1640.0,1606.0,1630.0,5300
2017-11-17,1628.0,1640.0,1613.0,1634.0,5300
2017-11-20,1650.0,1656.0,1630.0,1656.0,4600
2017-11-21,1656.0,1689.0,1656.0,1673.0,7000
2017-11-22,1678.0,1687.0,1677.0,1684.0,4400
2017-11-23,1684.0,1684.0,1684.0,1684.0,0
2017-11-24,1648.0,1694.0,1648.0,1690.0,15800
2017-11-27,1699.0,1749.0,1699.0,1743.0,18400
2017-11-28,1743.0,1774.0,1743.0,1752.0,20200
2017-11-29,1767.0,1774.0,1757.0,1765.0,12400
2017-11-30,1798.0,1808.0,1784.0,1795.0,46400
2017-12-01,1761.0,1769.0,1719.0,1720.0,36000
2017-12-04,1720.0,1721.0,1653.0,1658.0,35400
2017-12-05,1698.0,1698.0,1660.0,1678.0,10400
2017-12-06,1677.0,1688.0,1650.0,1661.0,8700
2017-12-07,1661.0,1687.0,1661.0,1682.0,3300
2017-12-08,1683.0,1687.0,1675.0,1680.0,5700
2017-12-11,1695.0,1695.0,1676.0,1691.0,3100
2017-12-12,1685.0,1693.0,1670.0,1673.0,5500
2017-12-13,1675.0,1676.0,1670.0,1674.0,2300
2017-12-14,1674.0,1685.0,1674.0,1680.0,4600
2017-12-15,1686.0,1686.0,1675.0,1680.0,5900
2017-12-18,1679.0,1679.0,1676.0,1676.0,4300
2017-12-19,1678.0,1679.0,1666.0,1666.0,5000
2017-12-20,1667.0,1670.0,1661.0,1662.0,7800
2017-12-21,1668.0,1670.0,1653.0,1653.0,6100
2017-12-22,1651.0,1669.0,1651.0,1667.0,11300
2017-12-25,1673.0,1673.0,1651.0,1670.0,9000
2017-12-26,1679.0,1679.0,1652.0,1659.0,10800
2017-12-27,1670.0,1680.0,1658.0,1680.0,5700
2017-12-28,1683.0,1685.0,1672.0,1685.0,6600
2017-12-29,1705.0,1705.0,1684.0,1687.0,7100
2018-01-01,1687.0,1687.0,1687.0,1687.0,0
2018-01-02,1687.0,1687.0,1687.0,1687.0,0
2018-01-03,1687.0,1687.0,1687.0,1687.0,0
2018-01-04,1704.0,1704.0,1687.0,1694.0,7200
2018-01-05,1699.0,1701.0,1691.0,1697.0,3600
2018-01-08,1697.0,1697.0,1697.0,1697.0,0
2018-01-09,1699.0,1702.0,1696.0,1699.0,6400
2018-01-10,1702.0,1702.0,1697.0,1698.0,4300
2018-01-11,1698.0,1702.0,1695.0,1701.0,5600
2018-01-12,1703.0,1720.0,1697.0,1699.0,9100
2018-01-15,1701.0,1710.0,1701.0,1705.0,4800
2018-01-16,1706.0,1718.0,1705.0,1715.0,5100
2018-01-17,1715.0,1719.0,1710.0,1719.0,4200
2018-01-18,1719.0,1730.0,1719.0,1729.0,6900
2018-01-19,1727.0,1727.0,1715.0,1716.0,3500
2018-01-22,1728.0,1728.0,1716.0,1726.0,7600
2018-01-23,1727.0,1745.0,1721.0,1745.0,6800
2018-01-24,1746.0,1765.0,1746.0,1759.0,9200
2018-01-25,1760.0,1788.0,1758.0,1783.0,15800
2018-01-26,1799.0,1805.0,1793.0,1805.0,18300
2018-01-29,1806.0,1807.0,1785.0,1793.0,8100
2018-01-30,1793.0,1796.0,1760.0,1760.0,8500
2018-01-31,1720.0,1750.0,1711.0,1711.0,13900
2018-02-01,1711.0,1740.0,1711.0,1739.0,5000
2018-02-02,1741.0,1743.0,1728.0,1742.0,3200
2018-02-05,1740.0,1740.0,1692.0,1720.0,14100
2018-02-06,1589.0,1639.0,1525.0,1614.0,41000
2018-02-07,1692.0,1692.0,1614.0,1614.0,6100
2018-02-08,1639.0,1684.0,1639.0,1684.0,4500
2018-02-09,1615.0,1679.0,1615.0,1679.0,7900
2018-02-12,1679.0,1679.0,1679.0,1679.0,0
2018-02-13,1685.0,1695.0,1671.0,1672.0,1600
2018-02-14,1639.0,1649.0,1639.0,1639.0,700
2018-02-15,1639.0,1639.0,1639.0,1639.0,0
2018-02-16,1656.0,1656.0,1645.0,1648.0,1900
2018-02-19,1658.0,1711.0,1657.0,1710.0,7800
2018-02-20,1719.0,1740.0,1710.0,1730.0,6900
2018-02-21,1731.0,1748.0,1730.0,1745.0,4800
2018-02-22,1765.0,1767.0,1748.0,1765.0,5200
2018-02-23,1768.0,1768.0,1760.0,1767.0,4200
2018-02-26,1800.0,1800.0,1780.0,1800.0,15000
2018-02-27,1821.0,1839.0,1821.0,1836.0,50700
2018-02-28,1811.0,1819.0,1781.0,1804.0,26400
2018-03-01,1819.0,1825.0,1806.0,1817.0,9200
2018-03-02,1799.0,1819.0,1780.0,1819.0,8200
2018-03-05,1812.0,1812.0,1778.0,1779.0,5800
2018-03-06,1802.0,1809.0,1800.0,1808.0,6700
2018-03-07,1807.0,1809.0,1799.0,1804.0,3600
2018-03-08,1800.0,1802.0,1796.0,1800.0,2300
2018-03-09,1801.0,1806.0,1793.0,1796.0,3900
2018-03-12,1817.0,1821.0,1806.0,1807.0,7900
2018-03-13,1800.0,1835.0,1800.0,1834.0,15700
2018-03-14,1826.0,1826.0,1810.0,1810.0,7000
2018-03-15,1813.0,1821.0,1797.0,1797.0,14300
2018-03-16,1814.0,1817.0,1809.0,1812.0,2500
2018-03-19,1821.0,1825.0,1802.0,1825.0,11600
2018-03-20,1825.0,1825.0,1810.0,1810.0,8000
2018-03-21,1810.0,1810.0,1810.0,1810.0,0
2018-03-22,1816.0,1825.0,1814.0,1825.0,7500
2018-03-23,1815.0,1815.0,1791.0,1792.0,14000
2018-03-26,1769.0,1777.0,1750.0,1774.0,17100
2018-03-27,1800.0,1823.0,1781.0,1823.0,18700
2018-03-28,1794.0,1835.0,1794.0,1819.0,23000
2018-03-29,1819.0,1826.0,1794.0,1795.0,24700
2018-03-30,1792.0,1813.0,1790.0,1794.0,20800
2018-04-02,1797.0,1810.0,1797.0,1808.0,13800
2018-04-03,1795.0,1809.0,1795.0,1805.0,11400
2018-04-04,1809.0,1811.0,1805.0,1809.0,7100
2018-04-05,1809.0,1814.0,1803.0,1808.0,10400
2018-04-06,1824.0,1890.0,1821.0,1890.0,59500
2018-04-09,1905.0,2048.0,1903.0,2022.0,65500
2018-04-10,2046.0,2047.0,1991.0,1992.0,26300
2018-04-11,1972.0,1973.0,1911.0,1939.0,29000
2018-04-12,1937.0,1973.0,1937.0,1972.0,11700
2018-04-13,1976.0,1986.0,1945.0,1948.0,11300
2018-04-16,1938.0,1940.0,1910.0,1928.0,18100
2018-04-17,1912.0,1922.0,1903.0,1913.0,13000
2018-04-18,1906.0,1924.0,1906.0,1921.0,15100
2018-04-19,1921.0,1924.0,1914.0,1914.0,9600
2018-04-20,1914.0,1915.0,1896.0,1910.0,22900
2018-04-23,1905.0,1917.0,1905.0,1908.0,44700
2018-04-24,1920.0,1921.0,1905.0,1920.0,173500
2018-04-25,1810.0,1850.0,1805.0,1830.0,103900
2018-04-26,1834.0,1834.0,1816.0,1817.0,16700
2018-04-27,1817.0,1817.0,1798.0,1803.0,13600
2018-04-30,1803.0,1803.0,1803.0,1803.0,0
2018-05-01,1803.0,1803.0,1784.0,1784.0,20100
2018-05-02,1789.0,1824.0,1789.0,1810.0,12700
2018-05-03,1810.0,1810.0,1810.0,1810.0,0
2018-05-04,1810.0,1810.0,1810.0,1810.0,0
2018-05-07,1812.0,1823.0,1804.0,1814.0,8900
2018-05-08,1821.0,1830.0,1813.0,1816.0,9800
2018-05-09,1821.0,1821.0,1801.0,1810.0,5000
2018-05-10,1814.0,1815.0,1806.0,1813.0,2800
2018-05-11,1809.0,1819.0,1800.0,1800.0,6700
2018-05-14,1803.0,1803.0,1790.0,1799.0,5400
2018-05-15,1798.0,1798.0,1791.0,1791.0,6300
2018-05-16,1790.0,1790.0,1770.0,1770.0,11100
2018-05-17,1772.0,1779.0,1750.0,1777.0,10300
2018-05-18,1777.0,1790.0,1767.0,1784.0,2800
2018-05-21,1790.0,1815.0,1785.0,1811.0,7400
2018-05-22,1828.0,1828.0,1811.0,1822.0,7000
2018-05-23,1822.0,1822.0,1810.0,1819.0,2700
2018-05-24,1820.0,1821.0,1811.0,1811.0,2800
2018-05-25,1809.0,1817.0,1801.0,1802.0,3100
2018-05-28,1807.0,1830.0,1806.0,1813.0,4200
2018-05-29,1813.0,1813.0,1798.0,1801.0,3700
2018-05-30,1791.0,1813.0,1782.0,1811.0,7900
2018-05-31,1830.0,1900.0,1821.0,1898.0,36100
2018-06-01,1898.0,1898.0,1810.0,1813.0,34000
2018-06-04,1829.0,1848.0,1816.0,1819.0,7700
2018-06-05,1834.0,1834.0,1813.0,1813.0,3500
2018-06-06,1813.0,1816.0,1802.0,1804.0,4900
2018-06-07,1804.0,1808.0,1801.0,1808.0,3300
2018-06-08,1808.0,1808.0,1795.0,1799.0,6000
2018-06-11,1801.0,1809.0,1801.0,1805.0,2400
2018-06-12,1807.0,1813.0,1806.0,1811.0,1800
2018-06-13,1815.0,1825.0,1815.0,1820.0,4200
2018-06-14,1825.0,1825.0,1818.0,1824.0,700
2018-06-15,1824.0,1827.0,1817.0,1821.0,2100
2018-06-18,1827.0,1827.0,1820.0,1824.0,1700
2018-06-19,1830.0,1830.0,1820.0,1820.0,5100
2018-06-20,1820.0,1822.0,1817.0,1818.0,2800
2018-06-21,1818.0,1820.0,1810.0,1818.0,2300
2018-06-22,1815.0,1817.0,1811.0,1817.0,800
2018-06-25,1815.0,1815.0,1806.0,1808.0,1800
2018-06-26,1815.0,1815.0,1803.0,1803.0,4500
2018-06-27,1810.0,1830.0,1806.0,1825.0,1700
2018-06-28,1827.0,1827.0,1811.0,1825.0,2600
2018-06-29,1827.0,1828.0,1821.0,1825.0,1600
2018-07-02,1827.0,1828.0,1822.0,1822.0,4100
2018-07-03,1829.0,1829.0,1802.0,1803.0,3100
2018-07-04,1803.0,1803.0,1781.0,1782.0,5400
2018-07-05,1780.0,1780.0,1700.0,1730.0,11800
2018-07-06,1716.0,1726.0,1715.0,1718.0,6600
2018-07-09,1750.0,1750.0,1711.0,1739.0,6500
2018-07-10,1744.0,1750.0,1738.0,1742.0,1400
2018-07-11,1738.0,1750.0,1711.0,1728.0,3100
2018-07-12,1728.0,1750.0,1728.0,1738.0,1400
2018-07-13,1735.0,1735.0,1709.0,1712.0,5000
2018-07-16,1712.0,1712.0,1712.0,1712.0,0
2018-07-17,1723.0,1729.0,1716.0,1725.0,2100
2018-07-18,1730.0,1735.0,1726.0,1735.0,1000
2018-07-19,1735.0,1740.0,1735.0,1739.0,800
2018-07-20,1740.0,1763.0,1738.0,1755.0,2300
2018-07-23,1755.0,1755.0,1738.0,1743.0,1500
2018-07-24,1750.0,1760.0,1750.0,1756.0,1000
2018-07-25,1765.0,1781.0,1758.0,1774.0,3700
2018-07-26,1789.0,1798.0,1789.0,1798.0,3000
2018-07-27,1798.0,1798.0,1790.0,1790.0,2900
2018-07-30,1790.0,1791.0,1765.0,1782.0,2400
2018-07-31,1784.0,1784.0,1770.0,1784.0,1600
2018-08-01,1793.0,1793.0,1778.0,1788.0,1800
2018-08-02,1781.0,1781.0,1772.0,1778.0,1700
2018-08-03,1782.0,1798.0,1772.0,1782.0,5600
2018-08-06,1775.0,1781.0,1766.0,1770.0,3000
2018-08-07,1770.0,1770.0,1770.0,1770.0,0
2018-08-08,1780.0,1785.0,1780.0,1785.0,2500
2018-08-09,1785.0,1787.0,1773.0,1782.0,700
2018-08-10,1770.0,1770.0,1770.0,1770.0,200
2018-08-13,1779.0,1779.0,1759.0,1759.0,3700
2018-08-14,1759.0,1785.0,1759.0,1785.0,1700
2018-08-15,1786.0,1786.0,1757.0,1757.0,2900
2018-08-16,1761.0,1761.0,1750.0,1759.0,3500
2018-08-17,1764.0,1770.0,1755.0,1755.0,1400
2018-08-20,1765.0,1778.0,1752.0,1778.0,2900
2018-08-21,1775.0,1775.0,1761.0,1763.0,1300
2018-08-22,1751.0,1760.0,1751.0,1753.0,1900
2018-08-23,1769.0,1769.0,1720.0,1751.0,7600
2018-08-24,1735.0,1755.0,1680.0,1749.0,14600
2018-08-27,1750.0,1757.0,1750.0,1751.0,3800
2018-08-28,1764.0,1770.0,1752.0,1768.0,2400
2018-08-29,1770.0,1780.0,1770.0,1773.0,5800
2018-08-30,1777.0,1798.0,1776.0,1798.0,2900
2018-08-31,1795.0,1820.0,1780.0,1820.0,7500
2018-09-03,1794.0,1811.0,1758.0,1811.0,13000
2018-09-04,1792.0,1815.0,1792.0,1815.0,2500
2018-09-05,1818.0,1818.0,1806.0,1806.0,4100
2018-09-06,1801.0,1813.0,1794.0,1796.0,1700
2018-09-07,1772.0,1788.0,1770.0,1788.0,3500
2018-09-10,1798.0,1817.0,1777.0,1809.0,2000
2018-09-11,1805.0,1808.0,1798.0,1808.0,1200
2018-09-12,1808.0,1812.0,1801.0,1801.0,2100
2018-09-13,1810.0,1810.0,1785.0,1803.0,3600
2018-09-14,1804.0,1804.0,1800.0,1804.0,2200
2018-09-17,1804.0,1804.0,1804.0,1804.0,0
2018-09-18,1807.0,1811.0,1803.0,1805.0,4600
2018-09-19,1813.0,1813.0,1797.0,1805.0,5200
2018-09-20,1813.0,1813.0,1796.0,1811.0,6800
2018-09-21,1810.0,1840.0,1807.0,1840.0,9100
2018-09-24,1840.0,1840.0,1840.0,1840.0,0
2018-09-25,1851.0,1860.0,1845.0,1860.0,22600
2018-09-26,1875.0,1886.0,1867.0,1867.0,18500
2018-09-27,1866.0,1878.0,1861.0,1864.0,13700
2018-09-28,1864.0,1880.0,1864.0,1875.0,7900
2018-10-01,1872.0,1875.0,1862.0,1866.0,17400
2018-10-02,1863.0,1868.0,1859.0,1868.0,11200
2018-10-03,1863.0,1867.0,1855.0,1867.0,14500
2018-10-04,1857.0,1866.0,1856.0,1860.0,7300
2018-10-05,1853.0,1860.0,1846.0,1860.0,9900
2018-10-08,1860.0,1860.0,1860.0,1860.0,0
2018-10-09,1860.0,1860.0,1840.0,1841.0,14000
2018-10-10,1843.0,1854.0,1840.0,1853.0,7100
2018-10-11,1835.0,1844.0,1821.0,1835.0,10100
2018-10-12,1800.0,1840.0,1796.0,1832.0,13200
2018-10-15,1830.0,1831.0,1822.0,1831.0,6100
2018-10-16,1827.0,1827.0,1819.0,1819.0,3600
2018-10-17,1828.0,1830.0,1818.0,1820.0,9600
2018-10-18,1820.0,1820.0,1815.0,1817.0,11200
2018-10-19,1816.0,1823.0,1816.0,1823.0,6500
2018-10-22,1808.0,1818.0,1808.0,1817.0,12700
2018-10-23,1815.0,1817.0,1810.0,1816.0,9800
2018-10-24,1810.0,1816.0,1809.0,1810.0,21900
2018-10-25,1788.0,1819.0,1788.0,1819.0,29100
2018-10-26,1791.0,1813.0,1700.0,1700.0,100000
2018-10-29,1650.0,1665.0,1636.0,1660.0,66000
2018-10-30,1654.0,1699.0,1650.0,1692.0,10800
2018-10-31,1698.0,1705.0,1670.0,1670.0,6200
2018-11-01,1679.0,1680.0,1657.0,1657.0,3900
2018-11-02,1694.0,1694.0,1671.0,1672.0,4400
2018-11-05,1668.0,1690.0,1653.0,1665.0,3900
2018-11-06,1675.0,1675.0,1627.0,1640.0,7000
2018-11-07,1639.0,1640.0,1628.0,1640.0,5300
2018-11-08,1640.0,1670.0,1634.0,1637.0,5700
2018-11-09,1641.0,1644.0,1625.0,1628.0,6900
2018-11-12,1629.0,1635.0,1628.0,1631.0,4300
2018-11-13,1625.0,1636.0,1614.0,1636.0,5400
2018-11-14,1631.0,1632.0,1617.0,1617.0,2100
2018-11-15,1617.0,1620.0,1616.0,1616.0,2500
2018-11-16,1616.0,1640.0,1612.0,1619.0,4900
2018-11-19,1623.0,1636.0,1623.0,1636.0,1300
2018-11-20,1636.0,1636.0,1629.0,1630.0,900
2018-11-21,1631.0,1644.0,1631.0,1644.0,6200
2018-11-22,1645.0,1648.0,1644.0,1648.0,2200
2018-11-23,1648.0,1648.0,1648.0,1648.0,0
2018-11-26,1650.0,1657.0,1648.0,1651.0,3900
2018-11-27,1678.0,1688.0,1657.0,1657.0,3700
2018-11-28,1652.0,1652.0,1630.0,1631.0,5200
2018-11-29,1640.0,1648.0,1613.0,1616.0,4500
2018-11-30,1610.0,1619.0,1598.0,1600.0,11200
2018-12-03,1607.0,1641.0,1607.0,1622.0,9400
2018-12-04,1620.0,1626.0,1617.0,1620.0,4200
2018-12-05,1615.0,1624.0,1615.0,1618.0,3400
2018-12-06,1602.0,1615.0,1601.0,1603.0,5500
2018-12-07,1603.0,1617.0,1603.0,1610.0,2400
2018-12-10,1608.0,1609.0,1515.0,1535.0,19300
2018-12-11,1538.0,1578.0,1535.0,1541.0,5200
2018-12-12,1537.0,1559.0,1537.0,1549.0,3500
2018-12-13,1549.0,1567.0,1547.0,1567.0,3500
2018-12-14,1567.0,1567.0,1559.0,1567.0,2500
2018-12-17,1567.0,1569.0,1559.0,1561.0,2200
2018-12-18,1558.0,1558.0,1500.0,1500.0,11000
2018-12-19,1501.0,1501.0,1425.0,1425.0,17000
2018-12-20,1426.0,1467.0,1315.0,1315.0,20800
2018-12-21,1359.0,1359.0,1295.0,1295.0,15900
2018-12-24,1295.0,1295.0,1295.0,1295.0,0
2018-12-25,1151.0,1182.0,1031.0,1180.0,37100
2018-12-26,1246.0,1342.0,1246.0,1309.0,10400
2018-12-27,1420.0,1420.0,1348.0,1363.0,3200
2018-12-28,1378.0,1388.0,1300.0,1350.0,7300
2018-12-31,1350.0,1350.0,1350.0,1350.0,0
2019-01-04,1290.0,1368.0,1254.0,1368.0,8300
2019-01-07,1395.0,1410.0,1390.0,1410.0,2000
2019-01-08,1412.0,1480.0,1412.0,1476.0,5300
2019-01-09,1490.0,1498.0,1480.0,1480.0,4400
2019-01-10,1482.0,1482.0,1453.0,1453.0,1900
2019-01-11,1455.0,1466.0,1454.0,1466.0,1200
2019-01-15,1470.0,1470.0,1453.0,1466.0,2200
2019-01-16,1490.0,1497.0,1490.0,1497.0,900
2019-01-17,1497.0,1497.0,1497.0,1497.0,0
2019-01-18,1499.0,1517.0,1499.0,1504.0,7000
2019-01-21,1519.0,1530.0,1519.0,1530.0,2600
2019-01-22,1544.0,1544.0,1506.0,1506.0,8600
2019-01-23,1511.0,1511.0,1506.0,1506.0,1500
2019-01-24,1509.0,1539.0,1506.0,1536.0,3800
2019-01-25,1525.0,1540.0,1523.0,1529.0,1400
2019-01-28,1531.0,1550.0,1501.0,1519.0,6400
2019-01-29,1508.0,1509.0,1504.0,1508.0,1300
2019-01-30,1505.0,1514.0,1492.0,1493.0,1200
2019-01-31,1493.0,1493.0,1493.0,1493.0,0
2019-02-01,1515.0,1515.0,1496.0,1515.0,2400
2019-02-04,1515.0,1515.0,1515.0,1515.0,0
2019-02-05,1520.0,1523.0,1500.0,1501.0,2500
2019-02-06,1501.0,1513.0,1501.0,1503.0,1100
2019-02-07,1501.0,1501.0,1494.0,1494.0,2400
2019-02-08,1490.0,1505.0,1490.0,1505.0,1300
2019-02-12,1493.0,1510.0,1492.0,1503.0,1700
2019-02-13,1503.0,1503.0,1500.0,1500.0,800
2019-02-14,1500.0,1502.0,1500.0,1502.0,1400
2019-02-15,1506.0,1507.0,1480.0,1494.0,4300
2019-02-18,1507.0,1518.0,1507.0,1508.0,2000
2019-02-19,1515.0,1515.0,1512.0,1514.0,1500
2019-02-20,1516.0,1521.0,1516.0,1521.0,1700
2019-02-21,1522.0,1522.0,1515.0,1518.0,2800
2019-02-22,1524.0,1538.0,1524.0,1538.0,3900
2019-02-25,1561.0,1596.0,1561.0,1596.0,6700
2019-02-26,1598.0,1622.0,1598.0,1615.0,6200
2019-02-27,1612.0,1612.0,1571.0,1599.0,5900
2019-02-28,1612.0,1613.0,1561.0,1600.0,7900
2019-03-01,1605.0,1630.0,1605.0,1615.0,7000
2019-03-04,1640.0,1655.0,1633.0,1654.0,7000
2019-03-05,1634.0,1650.0,1625.0,1649.0,3400
2019-03-06,1650.0,1650.0,1641.0,1642.0,1700
2019-03-07,1650.0,1654.0,1650.0,1654.0,1500
2019-03-08,1640.0,1641.0,1616.0,1638.0,6500
2019-03-11,1630.0,1639.0,1622.0,1633.0,2100
2019-03-12,1623.0,1635.0,1622.0,1634.0,1800
2019-03-13,1634.0,1634.0,1634.0,1634.0,0
2019-03-14,1638.0,1650.0,1638.0,1650.0,1800
2019-03-15,1663.0,1679.0,1652.0,1678.0,5900
2019-03-18,1683.0,1683.0,1672.0,1679.0,3800
2019-03-19,1689.0,1695.0,1686.0,1695.0,4000
2019-03-20,1698.0,1709.0,1693.0,1701.0,4400
2019-03-22,1719.0,1719.0,1700.0,1718.0,7800
2019-03-25,1713.0,1740.0,1700.0,1740.0,7300
2019-03-26,1750.0,1761.0,1743.0,1757.0,10400
2019-03-27,1767.0,1781.0,1767.0,1775.0,10200
2019-03-28,1768.0,1768.0,1731.0,1755.0,18600
2019-03-29,1730.0,1740.0,1721.0,1721.0,15900
2019-04-01,1721.0,1735.0,1715.0,1730.0,13900
2019-04-02,1723.0,1733.0,1723.0,1730.0,5100
2019-04-03,1724.0,1738.0,1724.0,1738.0,3900
2019-04-04,1752.0,1752.0,1746.0,1752.0,2500
2019-04-05,1753.0,1754.0,1746.0,1754.0,4700
2019-04-08,1759.0,1760.0,1750.0,1755.0,5700
2019-04-09,1756.0,1756.0,1741.0,1742.0,5500
2019-04-10,1741.0,1752.0,1741.0,1752.0,4000
2019-04-11,1753.0,1756.0,1750.0,1756.0,3600
2019-04-12,1759.0,1760.0,1754.0,1758.0,6300
2019-04-15,1757.0,1758.0,1751.0,1755.0,6300
2019-04-16,1757.0,1758.0,1754.0,1756.0,3700
2019-04-17,1754.0,1757.0,1750.0,1751.0,6000
2019-04-18,1755.0,1756.0,1751.0,1754.0,8500
2019-04-19,1751.0,1754.0,1749.0,1749.0,13800
2019-04-22,1752.0,1753.0,1750.0,1753.0,38100
2019-04-23,1763.0,1800.0,1757.0,1800.0,205000
2019-04-24,1652.0,1679.0,1596.0,1611.0,202600
2019-04-25,1578.0,1639.0,1569.0,1615.0,46100
2019-04-26,1587.0,1591.0,1576.0,1590.0,11200
2019-05-07,1579.0,1590.0,1570.0,1575.0,8300
2019-05-08,1569.0,1574.0,1561.0,1568.0,3600
2019-05-09,1562.0,1565.0,1550.0,1564.0,4500
2019-05-10,1564.0,1568.0,1551.0,1551.0,5700
2019-05-13,1555.0,1555.0,1535.0,1535.0,4100
2019-05-14,1515.0,1515.0,1501.0,1502.0,6400
2019-05-15,1539.0,1539.0,1504.0,1525.0,2200
2019-05-16,1540.0,1542.0,1531.0,1535.0,900
2019-05-17,1542.0,1543.0,1538.0,1538.0,1200
2019-05-20,1541.0,1542.0,1530.0,1530.0,2400
2019-05-21,1530.0,1530.0,1503.0,1503.0,3600
2019-05-22,1508.0,1513.0,1508.0,1508.0,2000
2019-05-23,1508.0,1519.0,1503.0,1503.0,1300
2019-05-24,1502.0,1513.0,1500.0,1500.0,3900
2019-05-27,1501.0,1516.0,1501.0,1508.0,1900
2019-05-28,1509.0,1526.0,1498.0,1502.0,6800
2019-05-29,1499.0,1523.0,1490.0,1491.0,7700
2019-05-30,1492.0,1504.0,1483.0,1490.0,3100
2019-05-31,1503.0,1507.0,1484.0,1484.0,6800
2019-06-03,1469.0,1491.0,1469.0,1484.0,6200
2019-06-04,1484.0,1484.0,1445.0,1445.0,5000
2019-06-05,1451.0,1490.0,1451.0,1490.0,4300
2019-06-06,1490.0,1493.0,1484.0,1493.0,2200
2019-06-07,1488.0,1509.0,1488.0,1509.0,3200
2019-06-10,1510.0,1516.0,1510.0,1513.0,1800
2019-06-11,1513.0,1550.0,1513.0,1550.0,4300
2019-06-12,1553.0,1555.0,1546.0,1553.0,3400
2019-06-13,1545.0,1545.0,1542.0,1545.0,1200
2019-06-14,1544.0,1544.0,1538.0,1538.0,800
2019-06-17,1538.0,1538.0,1534.0,1538.0,4500
2019-06-18,1536.0,1539.0,1530.0,1536.0,1700
2019-06-19,1537.0,1537.0,1530.0,1530.0,3300
2019-06-20,1535.0,1539.0,1520.0,1524.0,5700
2019-06-21,1533.0,1544.0,1529.0,1531.0,3600
2019-06-24,1534.0,1534.0,1528.0,1528.0,2200
2019-06-25,1533.0,1534.0,1526.0,1534.0,2400
2019-06-26,1534.0,1535.0,1530.0,1530.0,2000
2019-06-27,1531.0,1533.0,1527.0,1532.0,1500
2019-06-28,1526.0,1543.0,1526.0,1543.0,3100
2019-07-01,1544.0,1570.0,1535.0,1551.0,5700
2019-07-02,1541.0,1552.0,1541.0,1547.0,1500
2019-07-03,1547.0,1556.0,1546.0,1556.0,1200
2019-07-04,1560.0,1570.0,1560.0,1570.0,2800
2019-07-05,1570.0,1570.0,1569.0,1569.0,1200
2019-07-08,1577.0,1578.0,1564.0,1566.0,2100
2019-07-09,1569.0,1569.0,1569.0,1569.0,400
2019-07-10,1572.0,1572.0,1564.0,1569.0,1700
2019-07-11,1569.0,1578.0,1569.0,1578.0,3600
2019-07-12,1581.0,1581.0,1577.0,1577.0,600
2019-07-16,1577.0,1583.0,1577.0,1583.0,1000
2019-07-17,1583.0,1583.0,1577.0,1577.0,700
2019-07-18,1582.0,1582.0,1577.0,1582.0,2000
2019-07-19,1585.0,1590.0,1580.0,1580.0,2700
2019-07-22,1589.0,1589.0,1585.0,1588.0,1200
2019-07-23,1600.0,1601.0,1596.0,1599.0,3600
2019-07-24,1605.0,1610.0,1605.0,1610.0,6200
2019-07-25,1615.0,1616.0,1601.0,1601.0,3500
2019-07-26,1604.0,1604.0,1592.0,1597.0,2800
2019-07-29,1603.0,1603.0,1589.0,1589.0,4800
2019-07-30,1589.0,1601.0,1589.0,1590.0,1200
2019-07-31,1596.0,1604.0,1593.0,1604.0,2100
2019-08-01,1604.0,1614.0,1604.0,1610.0,4500
2019-08-02,1614.0,1614.0,1605.0,1607.0,6200
2019-08-05,1598.0,1603.0,1591.0,1591.0,1800
2019-08-06,1576.0,1578.0,1532.0,1578.0,8800
2019-08-07,1590.0,1600.0,1570.0,1571.0,3900
2019-08-08,1573.0,1590.0,1573.0,1590.0,2500
2019-08-09,1590.0,1593.0,1590.0,1593.0,1800
2019-08-13,1593.0,1595.0,1593.0,1593.0,600
2019-08-14,1600.0,1604.0,1590.0,1593.0,1800
2019-08-15,1590.0,1590.0,1573.0,1578.0,1800
2019-08-16,1587.0,1587.0,1583.0,1587.0,1200
2019-08-19,1590.0,1593.0,1590.0,1593.0,700
2019-08-20,1600.0,1609.0,1596.0,1609.0,2500
2019-08-21,1605.0,1605.0,1599.0,1600.0,1800
2019-08-22,1599.0,1607.0,1597.0,1607.0,1500
2019-08-23,1608.0,1616.0,1603.0,1603.0,3100
2019-08-26,1608.0,1623.0,1603.0,1623.0,6200
2019-08-27,1630.0,1634.0,1626.0,1630.0,5100
2019-08-28,1635.0,1650.0,1635.0,1650.0,5300
2019-08-29,1632.0,1641.0,1615.0,1616.0,7000
2019-08-30,1626.0,1643.0,1626.0,1638.0,6000
2019-09-02,1595.0,1647.0,1594.0,1647.0,16100
2019-09-03,1642.0,1660.0,1642.0,1660.0,6700
2019-09-04,1659.0,1676.0,1659.0,1665.0,9300
2019-09-05,1665.0,1666.0,1653.0,1666.0,3900
2019-09-06,1653.0,1654.0,1636.0,1639.0,4300
2019-09-09,1639.0,1639.0,1626.0,1634.0,2900
2019-09-10,1626.0,1666.0,1621.0,1645.0,5400
2019-09-11,1644.0,1657.0,1643.0,1646.0,1800
2019-09-12,1640.0,1658.0,1640.0,1658.0,1800
2019-09-13,1660.0,1660.0,1651.0,1656.0,3400
2019-09-17,1665.0,1667.0,1654.0,1666.0,2800
2019-09-18,1666.0,1666.0,1660.0,1660.0,2500
2019-09-19,1666.0,1674.0,1666.0,1674.0,3300
2019-09-20,1680.0,1687.0,1665.0,1676.0,6200
2019-09-24,1696.0,1711.0,1685.0,1700.0,7800
2019-09-25,1709.0,1716.0,1689.0,1714.0,8400
2019-09-26,1720.0,1742.0,1716.0,1742.0,9300
2019-09-27,1735.0,1741.0,1721.0,1722.0,18500
2019-09-30,1700.0,1719.0,1699.0,1703.0,15100
2019-10-01,1698.0,1708.0,1697.0,1708.0,6400
2019-10-02,1703.0,1710.0,1703.0,1708.0,4300
2019-10-03,1705.0,1708.0,1696.0,1699.0,10200
2019-10-04,1702.0,1703.0,1680.0,1690.0,9000
2019-10-07,1698.0,1704.0,1691.0,1691.0,9800
2019-10-08,1691.0,1699.0,1682.0,1682.0,7600
2019-10-09,1682.0,1687.0,1680.0,1682.0,8000
2019-10-10,1683.0,1716.0,1683.0,1693.0,10500
2019-10-11,1693.0,1698.0,1690.0,1691.0,5600
2019-10-15,1694.0,1705.0,1691.0,1698.0,7400
2019-10-16,1697.0,1710.0,1697.0,1697.0,6300
2019-10-17,1702.0,1708.0,1698.0,1708.0,7200
2019-10-18,1710.0,1711.0,1702.0,1702.0,6800
2019-10-21,1700.0,1700.0,1693.0,1699.0,10900
2019-10-23,1699.0,1699.0,1694.0,1696.0,12200
2019-10-24,1694.0,1694.0,1680.0,1680.0,21800
2019-10-25,1672.0,1685.0,1665.0,1674.0,28000
2019-10-28,1662.0,1665.0,1648.0,1649.0,63900
2019-10-29,1615.0,1633.0,1615.0,1620.0,186500
2019-10-30,1600.0,1630.0,1599.0,1623.0,90100
2019-10-31,1622.0,1625.0,1612.0,1618.0,11500
2019-11-01,1611.0,1655.0,1610.0,1612.0,13200
2019-11-05,1612.0,1629.0,1612.0,1617.0,7200
2019-11-06,1616.0,1647.0,1616.0,1624.0,6600
2019-11-07,1630.0,1630.0,1625.0,1627.0,1800
2019-11-08,1629.0,1631.0,1622.0,1622.0,5400
2019-11-11,1630.0,1630.0,1621.0,1628.0,7600
2019-11-12,1627.0,1629.0,1622.0,1622.0,3300
2019-11-13,1621.0,1621.0,1612.0,1616.0,5400
2019-11-14,1616.0,1618.0,1615.0,1616.0,2300
2019-11-15,1615.0,1621.0,1615.0,1618.0,2000
2019-11-18,1617.0,1624.0,1617.0,1621.0,2000
2019-11-19,1624.0,1624.0,1617.0,1618.0,1200
2019-11-20,1617.0,1617.0,1615.0,1617.0,1600
2019-11-21,1619.0,1619.0,1608.0,1610.0,3800
2019-11-22,1609.0,1609.0,1604.0,1604.0,3800
2019-11-25,1607.0,1610.0,1605.0,1605.0,2300
2019-11-26,1605.0,1612.0,1605.0,1608.0,1600
2019-11-27,1613.0,1615.0,1611.0,1613.0,1300
2019-11-28,1619.0,1619.0,1609.0,1615.0,2000
2019-11-29,1615.0,1660.0,1611.0,1629.0,12700
2019-12-02,1635.0,1649.0,1630.0,1649.0,10900
2019-12-03,1644.0,1645.0,1638.0,1645.0,4200
2019-12-04,1642.0,1642.0,1633.0,1639.0,2600
2019-12-05,1641.0,1641.0,1630.0,1631.0,2900
2019-12-06,1632.0,1640.0,1632.0,1635.0,2600
2019-12-09,1637.0,1637.0,1634.0,1635.0,1000
2019-12-10,1637.0,1640.0,1635.0,1640.0,2800
2019-12-11,1638.0,1650.0,1638.0,1644.0,2900
2019-12-12,1644.0,1644.0,1641.0,1644.0,700
2019-12-13,1649.0,1649.0,1642.0,1642.0,2200
2019-12-16,1646.0,1646.0,1642.0,1642.0,3000
2019-12-17,1643.0,1645.0,1643.0,1645.0,1200
2019-12-18,1645.0,1645.0,1641.0,1644.0,1700
2019-12-19,1643.0,1643.0,1640.0,1642.0,900
2019-12-20,1645.0,1648.0,1642.0,1648.0,3900
2019-12-23,1648.0,1659.0,1648.0,1659.0,5600
2019-12-24,1654.0,1665.0,1654.0,1659.0,6000
2019-12-25,1665.0,1668.0,1660.0,1668.0,6300
2019-12-26,1668.0,1672.0,1660.0,1668.0,7700
2019-12-27,1680.0,1686.0,1672.0,1674.0,3100
2019-12-30,1680.0,1685.0,1672.0,1677.0,4200
2020-01-06,1677.0,1682.0,1677.0,1681.0,4700
2020-01-07,1684.0,1688.0,1682.0,1688.0,2800
2020-01-08,1691.0,1691.0,1668.0,1679.0,10500
2020-01-09,1686.0,1686.0,1677.0,1677.0,1000
2020-01-10,1677.0,1684.0,1677.0,1680.0,1800
2020-01-14,1690.0,1692.0,1688.0,1692.0,6000
2020-01-15,1698.0,1706.0,1696.0,1696.0,8400
2020-01-16,1701.0,1706.0,1700.0,1706.0,4100
2020-01-17,1702.0,1706.0,1702.0,1703.0,2500
2020-01-20,1710.0,1715.0,1707.0,1715.0,4000
2020-01-21,1715.0,1716.0,1709.0,1709.0,4700
2020-01-22,1710.0,1715.0,1710.0,1710.0,2800
2020-01-23,1712.0,1715.0,1710.0,1714.0,3100
2020-01-24,1720.0,1720.0,1714.0,1714.0,1700
2020-01-27,1711.0,1711.0,1688.0,1688.0,10000
2020-01-28,1667.0,1699.0,1666.0,1699.0,4800
2020-01-29,1700.0,1709.0,1685.0,1699.0,5800
2020-01-30,1700.0,1700.0,1672.0,1676.0,12500
2020-01-31,1685.0,1685.0,1675.0,1679.0,2300
2020-02-03,1650.0,1679.0,1650.0,1676.0,7700
2020-02-04,1676.0,1692.0,1676.0,1685.0,3400
2020-02-05,1708.0,1715.0,1707.0,1713.0,3500
2020-02-06,1720.0,1735.0,1713.0,1730.0,10600
2020-02-07,1729.0,1729.0,1713.0,1725.0,3900
2020-02-10,1724.0,1725.0,1710.0,1725.0,3900
2020-02-12,1729.0,1740.0,1722.0,1725.0,3800
2020-02-13,1726.0,1730.0,1726.0,1728.0,1000
2020-02-14,1735.0,1735.0,1728.0,1729.0,2300
2020-02-17,1725.0,1725.0,1687.0,1698.0,5200
2020-02-18,1698.0,1708.0,1656.0,1666.0,16000
2020-02-19,1667.0,1700.0,1667.0,1700.0,6900
2020-02-20,1714.0,1719.0,1703.0,1719.0,4700
2020-02-21,1719.0,1719.0,1696.0,1696.0,3600
2020-02-25,1620.0,1650.0,1620.0,1633.0,16500
2020-02-26,1618.0,1625.0,1522.0,1564.0,29000
2020-02-27,1564.0,1584.0,1434.0,1460.0,36500
2020-02-28,1310.0,1371.0,1301.0,1313.0,45700
2020-03-02,1310.0,1437.0,1308.0,1416.0,21000
2020-03-03,1506.0,1506.0,1420.0,1428.0,14800
2020-03-04,1410.0,1418.0,1400.0,1409.0,7100
2020-03-05,1410.0,1436.0,1410.0,1431.0,2900
2020-03-06,1419.0,1430.0,1326.0,1326.0,18600
2020-03-09,1305.0,1325.0,1254.0,1258.0,20800
2020-03-10,1202.0,1317.0,1096.0,1274.0,36600
2020-03-11,1274.0,1291.0,1200.0,1200.0,10800
2020-03-12,1141.0,1156.0,1107.0,1107.0,17000
2020-03-13,942.0,1049.0,942.0,1014.0,28100
2020-03-16,1043.0,1102.0,1030.0,1030.0,15300
2020-03-17,1010.0,1125.0,994.0,1120.0,16300
2020-03-18,1188.0,1264.0,1158.0,1235.0,11600
2020-03-19,1205.0,1234.0,1130.0,1183.0,13500
2020-03-23,1149.0,1211.0,1149.0,1208.0,8100
2020-03-24,1230.0,1301.0,1230.0,1300.0,8900
2020-03-25,1330.0,1380.0,1330.0,1363.0,11700
2020-03-26,1370.0,1370.0,1295.0,1295.0,10200
2020-03-27,1330.0,1351.0,1310.0,1350.0,7700
2020-03-30,1310.0,1350.0,1300.0,1316.0,17400
2020-03-31,1306.0,1336.0,1306.0,1325.0,9000
2020-04-01,1300.0,1302.0,1282.0,1290.0,12900
2020-04-02,1280.0,1280.0,1180.0,1180.0,24800
2020-04-03,1296.0,1299.0,1112.0,1123.0,21400
2020-04-06,1093.0,1158.0,1075.0,1158.0,24200
2020-04-07,1181.0,1246.0,1168.0,1197.0,19800
2020-04-08,1208.0,1314.0,1193.0,1314.0,27500
2020-04-09,1296.0,1296.0,1260.0,1267.0,6900
2020-04-10,1269.0,1276.0,1242.0,1266.0,6300
2020-04-13,1238.0,1249.0,1229.0,1240.0,12000
2020-04-14,1243.0,1293.0,1243.0,1280.0,7600
2020-04-15,1280.0,1280.0,1252.0,1255.0,13100
2020-04-16,1255.0,1267.0,1255.0,1264.0,5800
2020-04-17,1257.0,1285.0,1257.0,1285.0,9200
2020-04-20,1285.0,1299.0,1285.0,1297.0,12300
2020-04-21,1290.0,1294.0,1271.0,1271.0,19000
2020-04-22,1260.0,1270.0,1242.0,1264.0,17000
2020-04-23,1254.0,1267.0,1254.0,1257.0,10200
2020-04-24,1211.0,1243.0,1210.0,1233.0,42600
2020-04-27,1203.0,1214.0,1126.0,1126.0,284100
2020-04-28,1185.0,1203.0,1171.0,1188.0,109800
2020-04-30,1210.0,1211.0,1193.0,1207.0,23400
2020-05-01,1185.0,1200.0,1185.0,1200.0,12000
2020-05-07,1209.0,1220.0,1190.0,1197.0,14900
2020-05-08,1200.0,1227.0,1200.0,1226.0,9600
2020-05-11,1225.0,1270.0,1225.0,1270.0,14400
2020-05-12,1270.0,1290.0,1250.0,1285.0,14700
2020-05-13,1279.0,1286.0,1270.0,1275.0,4600
2020-05-14,1278.0,1280.0,1253.0,1278.0,7400
2020-05-15,1265.0,1270.0,1240.0,1241.0,4400
2020-05-18,1244.0,1245.0,1226.0,1226.0,5700
2020-05-19,1250.0,1250.0,1226.0,1230.0,5000
2020-05-20,1226.0,1248.0,1226.0,1244.0,4600
2020-05-21,1250.0,1263.0,1250.0,1262.0,5000
2020-05-22,1264.0,1270.0,1256.0,1270.0,3200
2020-05-25,1261.0,1279.0,1261.0,1279.0,7100
2020-05-26,1288.0,1315.0,1280.0,1294.0,13400
2020-05-27,1296.0,1315.0,1294.0,1315.0,8800
2020-05-28,1329.0,1348.0,1325.0,1348.0,9500
2020-05-29,1348.0,1348.0,1303.0,1310.0,13400
2020-06-01,1322.0,1322.0,1271.0,1289.0,16900
2020-06-02,1281.0,1283.0,1272.0,1273.0,3100
2020-06-03,1300.0,1300.0,1281.0,1296.0,3600
2020-06-04,1309.0,1309.0,1282.0,1282.0,2100
2020-06-05,1280.0,1295.0,1280.0,1287.0,1600
2020-06-08,1299.0,1330.0,1299.0,1314.0,5600
2020-06-09,1314.0,1327.0,1306.0,1312.0,3600
2020-06-10,1309.0,1317.0,1303.0,1317.0,1500
2020-06-11,1317.0,1317.0,1282.0,1282.0,4200
2020-06-12,1252.0,1281.0,1252.0,1272.0,5700
2020-06-15,1288.0,1288.0,1273.0,1273.0,2000
2020-06-16,1281.0,1281.0,1262.0,1265.0,3400
2020-06-17,1269.0,1277.0,1265.0,1267.0,1800
2020-06-18,1267.0,1267.0,1260.0,1261.0,5400
2020-06-19,1267.0,1274.0,1266.0,1270.0,900
2020-06-22,1277.0,1285.0,1275.0,1283.0,4600
2020-06-23,1283.0,1283.0,1266.0,1275.0,2200
2020-06-24,1280.0,1284.0,1274.0,1275.0,1400
2020-06-25,1286.0,1286.0,1275.0,1280.0,2500
2020-06-26,1287.0,1290.0,1276.0,1287.0,2200
2020-06-29,1280.0,1285.0,1271.0,1271.0,1800
2020-06-30,1274.0,1274.0,1266.0,1269.0,1900
2020-07-01,1285.0,1285.0,1250.0,1250.0,5800
2020-07-02,1246.0,1246.0,1200.0,1224.0,5600
2020-07-03,1209.0,1209.0,1194.0,1194.0,3800
2020-07-06,1191.0,1229.0,1190.0,1224.0,2900
2020-07-07,1225.0,1225.0,1215.0,1216.0,1300
2020-07-08,1212.0,1220.0,1212.0,1215.0,1000
2020-07-09,1210.0,1210.0,1204.0,1204.0,1600
2020-07-10,1215.0,1216.0,1193.0,1196.0,3900
2020-07-13,1198.0,1205.0,1194.0,1194.0,1900
2020-07-14,1194.0,1197.0,1191.0,1193.0,3000
2020-07-15,1196.0,1205.0,1196.0,1203.0,1600
2020-07-16,1208.0,1208.0,1197.0,1200.0,1100
2020-07-17,1200.0,1200.0,1196.0,1200.0,1100
2020-07-20,1198.0,1200.0,1188.0,1200.0,3400
2020-07-21,1183.0,1194.0,1170.0,1189.0,8600
2020-07-22,1179.0,1189.0,1177.0,1189.0,2300
2020-07-27,1189.0,1189.0,1181.0,1184.0,2100
2020-07-28,1181.0,1181.0,1172.0,1172.0,1800
2020-07-29,1179.0,1179.0,1153.0,1154.0,4100
2020-07-30,1150.0,1157.0,1142.0,1156.0,5200
2020-07-31,1138.0,1140.0,1133.0,1133.0,2900
2020-08-03,1130.0,1130.0,1088.0,1090.0,8200
2020-08-04,1110.0,1146.0,1110.0,1121.0,4100
2020-08-05,1140.0,1185.0,1140.0,1169.0,3100
2020-08-06,1177.0,1177.0,1166.0,1171.0,1900
2020-08-07,1164.0,1170.0,1164.0,1166.0,1000
2020-08-11,1166.0,1203.0,1166.0,1202.0,4300
2020-08-12,1206.0,1210.0,1204.0,1207.0,900
2020-08-13,1220.0,1228.0,1215.0,1226.0,2000
2020-08-14,1226.0,1226.0,1220.0,1220.0,300
2020-08-17,1230.0,1230.0,1215.0,1220.0,2000
2020-08-18,1225.0,1230.0,1222.0,1230.0,3000
2020-08-19,1235.0,1238.0,1225.0,1235.0,1800
2020-08-20,1230.0,1234.0,1225.0,1234.0,900
2020-08-21,1228.0,1247.0,1228.0,1246.0,2100
2020-08-24,1246.0,1247.0,1231.0,1247.0,4100
2020-08-25,1262.0,1265.0,1261.0,1264.0,3000
2020-08-26,1269.0,1284.0,1269.0,1284.0,4600
2020-08-27,1290.0,1290.0,1272.0,1281.0,3800
2020-08-28,1273.0,1280.0,1255.0,1255.0,5400
2020-08-31,1272.0,1281.0,1235.0,1236.0,9700
2020-09-01,1296.0,1302.0,1267.0,1300.0,12300
2020-09-02,1309.0,1325.0,1308.0,1324.0,7700
2020-09-03,1328.0,1340.0,1322.0,1340.0,6700
2020-09-04,1328.0,1345.0,1328.0,1343.0,4900
2020-09-07,1352.0,1358.0,1349.0,1358.0,3400
2020-09-08,1365.0,1399.0,1360.0,1399.0,8800
2020-09-09,1395.0,1398.0,1382.0,1398.0,3200
2020-09-10,1398.0,1398.0,1381.0,1395.0,6600
2020-09-11,1385.0,1395.0,1350.0,1354.0,8200
2020-09-14,1353.0,1369.0,1353.0,1369.0,4600
2020-09-15,1374.0,1390.0,1374.0,1390.0,3100
2020-09-16,1391.0,1405.0,1390.0,1404.0,6800
2020-09-17,1406.0,1417.0,1406.0,1415.0,2600
2020-09-18,1427.0,1429.0,1400.0,1420.0,10400
2020-09-23,1435.0,1450.0,1435.0,1450.0,11400
2020-09-24,1463.0,1463.0,1448.0,1461.0,8200
2020-09-25,1465.0,1470.0,1458.0,1463.0,9200
2020-09-28,1463.0,1463.0,1363.0,1435.0,21000
2020-09-29,1458.0,1480.0,1450.0,1454.0,12800
2020-09-30,1454.0,1456.0,1435.0,1444.0,11600
2020-10-02,1420.0,1433.0,1401.0,1401.0,18800
2020-10-05,1400.0,1409.0,1395.0,1407.0,14700
2020-10-06,1410.0,1429.0,1401.0,1428.0,12600
2020-10-07,1410.0,1431.0,1409.0,1429.0,6100
2020-10-08,1432.0,1440.0,1430.0,1439.0,8500
2020-10-09,1439.0,1440.0,1435.0,1440.0,6600
2020-10-12,1438.0,1438.0,1430.0,1433.0,4200
2020-10-13,1432.0,1432.0,1419.0,1419.0,6100
2020-10-14,1417.0,1430.0,1417.0,1418.0,4000
2020-10-15,1416.0,1420.0,1412.0,1412.0,8100
2020-10-16,1404.0,1404.0,1395.0,1396.0,11800
2020-10-19,1387.0,1387.0,1374.0,1374.0,17100
2020-10-20,1366.0,1366.0,1355.0,1364.0,12200
2020-10-21,1365.0,1376.0,1360.0,1361.0,10300
2020-10-22,1348.0,1349.0,1332.0,1349.0,16300
2020-10-23,1337.0,1387.0,1335.0,1379.0,19700
2020-10-26,1360.0,1361.0,1349.0,1349.0,32200
2020-10-27,1336.0,1340.0,1322.0,1325.0,37600
2020-10-28,1305.0,1333.0,1305.0,1305.0,204700
2020-10-29,1279.0,1311.0,1265.0,1285.0,73200
2020-10-30,1285.0,1306.0,1280.0,1282.0,15600
2020-11-02,1278.0,1306.0,1278.0,1301.0,5700
2020-11-04,1318.0,1319.0,1308.0,1316.0,4100
2020-11-05,1313.0,1320.0,1313.0,1318.0,5400
2020-11-06,1319.0,1329.0,1319.0,1327.0,5200
2020-11-09,1327.0,1327.0,1318.0,1318.0,3900
2020-11-10,1323.0,1327.0,1321.0,1322.0,3300
2020-11-11,1324.0,1334.0,1322.0,1330.0,8700
2020-11-12,1330.0,1340.0,1330.0,1331.0,4700
2020-11-13,1330.0,1330.0,1313.0,1313.0,2000
2020-11-16,1314.0,1314.0,1307.0,1310.0,4000
2020-11-17,1307.0,1307.0,1302.0,1304.0,1900
2020-11-18,1308.0,1315.0,1304.0,1312.0,2000
2020-11-19,1312.0,1321.0,1312.0,1312.0,3600
2020-11-20,1310.0,1323.0,1307.0,1307.0,1400
2020-11-24,1300.0,1310.0,1300.0,1303.0,3200
2020-11-25,1300.0,1317.0,1256.0,1276.0,13100
2020-11-26,1272.0,1282.0,1272.0,1277.0,2900
2020-11-27,1270.0,1282.0,1260.0,1273.0,4700
2020-11-30,1266.0,1297.0,1240.0,1240.0,9200
2020-12-01,1225.0,1289.0,1220.0,1288.0,12200
2020-12-02,1258.0,1286.0,1256.0,1274.0,7000
2020-12-03,1271.0,1280.0,1270.0,1270.0,2700
2020-12-04,1270.0,1270.0,1233.0,1261.0,6000
2020-12-07,1260.0,1262.0,1241.0,1244.0,5400
2020-12-08,1241.0,1245.0,1232.0,1238.0,8800
2020-12-09,1240.0,1240.0,1220.0,1220.0,7900
2020-12-10,1220.0,1220.0,1200.0,1208.0,8500
2020-12-11,1205.0,1206.0,1201.0,1201.0,2800
2020-12-14,1200.0,1205.0,1200.0,1200.0,6200
2020-12-15,1199.0,1203.0,1196.0,1201.0,2900
2020-12-16,1210.0,1216.0,1208.0,1211.0,3700
2020-12-17,1211.0,1212.0,1206.0,1206.0,2400
2020-12-18,1206.0,1237.0,1206.0,1224.0,6800
2020-12-21,1230.0,1248.0,1230.0,1248.0,9300
2020-12-22,1239.0,1243.0,1234.0,1235.0,2400
2020-12-23,1240.0,1259.0,1240.0,1256.0,5400
2020-12-24,1250.0,1260.0,1249.0,1260.0,5500
2020-12-25,1252.0,1255.0,1245.0,1249.0,9100
2020-12-28,1249.0,1249.0,1205.0,1205.0,9300
2020-12-29,1205.0,1225.0,1205.0,1225.0,3400
2020-12-30,1225.0,1225.0,1217.0,1221.0,1400
2021-01-04,1217.0,1217.0,1207.0,1210.0,1800
2021-01-05,1210.0,1210.0,1202.0,1202.0,1700
2021-01-06,1204.0,1207.0,1204.0,1207.0,1300
2021-01-07,1213.0,1213.0,1202.0,1206.0,2500
2021-01-08,1205.0,1220.0,1205.0,1215.0,1600
2021-01-12,1221.0,1223.0,1221.0,1221.0,400
2021-01-13,1221.0,1226.0,1221.0,1226.0,1700
2021-01-14,1230.0,1230.0,1230.0,1230.0,600
2021-01-15,1234.0,1236.0,1230.0,1232.0,2500
2021-01-18,1237.0,1255.0,1237.0,1254.0,5200
2021-01-19,1263.0,1272.0,1259.0,1260.0,2900
2021-01-20,1265.0,1265.0,1252.0,1254.0,1700
2021-01-21,1263.0,1268.0,1255.0,1260.0,2200
2021-01-22,1269.0,1270.0,1262.0,1268.0,2400
2021-01-25,1298.0,1298.0,1265.0,1274.0,3000
2021-01-26,1285.0,1287.0,1277.0,1282.0,3200
2021-01-27,1298.0,1298.0,1282.0,1297.0,5500
2021-01-28,1293.0,1317.0,1291.0,1317.0,5200
2021-01-29,1328.0,1349.0,1328.0,1339.0,4700
2021-02-01,1332.0,1343.0,1328.0,1343.0,3300
2021-02-02,1342.0,1347.0,1340.0,1340.0,1900
2021-02-03,1340.0,1355.0,1340.0,1343.0,2600
2021-02-04,1347.0,1347.0,1341.0,1341.0,1100
2021-02-05,1340.0,1347.0,1339.0,1340.0,2000
2021-02-08,1340.0,1351.0,1340.0,1350.0,3800
2021-02-09,1350.0,1350.0,1341.0,1348.0,1100
2021-02-10,1348.0,1358.0,1348.0,1356.0,3800
2021-02-12,1360.0,1360.0,1355.0,1360.0,4300
2021-02-15,1368.0,1368.0,1352.0,1364.0,5400
2021-02-16,1362.0,1365.0,1360.0,1363.0,2400
2021-02-17,1363.0,1363.0,1350.0,1350.0,5600
2021-02-18,1350.0,1361.0,1350.0,1354.0,3500
2021-02-19,1357.0,1357.0,1349.0,1353.0,5000
2021-02-22,1350.0,1352.0,1342.0,1352.0,2300
2021-02-24,1352.0,1358.0,1350.0,1355.0,4300
2021-02-25,1374.0,1374.0,1366.0,1370.0,4300
2021-02-26,1368.0,1368.0,1355.0,1366.0,6700
2021-03-01,1396.0,1396.0,1331.0,1349.0,15900
2021-03-02,1350.0,1365.0,1347.0,1365.0,4900
2021-03-03,1378.0,1379.0,1372.0,1372.0,3500
2021-03-04,1379.0,1379.0,1370.0,1379.0,1400
2021-03-05,1384.0,1384.0,1365.0,1381.0,5300
2021-03-08,1387.0,1392.0,1386.0,1392.0,4000
2021-03-09,1392.0,1413.0,1390.0,1409.0,11900
2021-03-10,1428.0,1435.0,1420.0,1420.0,8300
2021-03-11,1415.0,1427.0,1413.0,1422.0,3000
2021-03-12,1422.0,1434.0,1417.0,1431.0,2700
2021-03-15,1461.0,1489.0,1446.0,1469.0,13300
2021-03-16,1473.0,1479.0,1460.0,1460.0,4300
2021-03-17,1465.0,1480.0,1465.0,1474.0,5000
2021-03-18,1475.0,1489.0,1475.0,1487.0,5700
2021-03-19,1485.0,1485.0,1460.0,1478.0,4800
2021-03-22,1475.0,1477.0,1449.0,1471.0,7700
2021-03-23,1464.0,1472.0,1450.0,1460.0,5000
2021-03-24,1453.0,1453.0,1406.0,1421.0,7400
2021-03-25,1417.0,1445.0,1413.0,1445.0,7400
2021-03-26,1459.0,1479.0,1450.0,1466.0,4400
2021-03-29,1484.0,1484.0,1466.0,1477.0,11100
2021-03-30,1477.0,1507.0,1474.0,1506.0,17700
2021-03-31,1485.0,1532.0,1485.0,1532.0,20600
2021-04-01,1524.0,1530.0,1511.0,1516.0,11600
2021-04-02,1501.0,1510.0,1485.0,1505.0,19700
2021-04-05,1516.0,1525.0,1508.0,1518.0,9500
2021-04-06,1518.0,1520.0,1509.0,1516.0,7800
2021-04-07,1512.0,1517.0,1505.0,1512.0,7500
2021-04-08,1512.0,1514.0,1505.0,1511.0,4600
2021-04-09,1508.0,1509.0,1501.0,1503.0,5400
2021-04-12,1499.0,1499.0,1490.0,1499.0,8900
2021-04-13,1493.0,1496.0,1491.0,1496.0,5800
2021-04-14,1490.0,1491.0,1485.0,1486.0,8400
2021-04-15,1483.0,1483.0,1422.0,1449.0,28400
2021-04-16,1466.0,1466.0,1423.0,1435.0,20000
2021-04-19,1435.0,1446.0,1429.0,1430.0,17200
2021-04-20,1421.0,1436.0,1407.0,1426.0,22000
2021-04-21,1409.0,1450.0,1409.0,1439.0,23200
2021-04-22,1443.0,1448.0,1430.0,1437.0,12200
2021-04-23,1437.0,1439.0,1430.0,1438.0,18800
2021-04-26,1431.0,1455.0,1431.0,1435.0,44100
2021-04-27,1423.0,1444.0,1417.0,1440.0,246300
2021-04-28,1380.0,1421.0,1360.0,1371.0,161900
2021-04-30,1365.0,1398.0,1355.0,1387.0,21000
2021-05-06,1375.0,1375.0,1362.0,1362.0,13100
2021-05-07,1362.0,1370.0,1360.0,1366.0,8200
2021-05-10,1367.0,1373.0,1364.0,1373.0,6600
2021-05-11,1370.0,1370.0,1364.0,1365.0,7600
2021-05-12,1370.0,1370.0,1364.0,1364.0,2700
2021-05-13,1364.0,1369.0,1362.0,1363.0,3100
2021-05-14,1361.0,1368.0,1360.0,1368.0,4400
2021-05-17,1362.0,1365.0,1362.0,1364.0,2500
2021-05-18,1364.0,1370.0,1364.0,1366.0,4600
2021-05-19,1367.0,1368.0,1365.0,1368.0,1100
2021-05-20,1369.0,1371.0,1364.0,1365.0,4200
2021-05-21,1363.0,1365.0,1362.0,1362.0,1700
2021-05-24,1362.0,1362.0,1358.0,1358.0,2800
2021-05-25,1360.0,1366.0,1358.0,1361.0,1000
2021-05-26,1362.0,1366.0,1357.0,1366.0,2600
2021-05-27,1363.0,1374.0,1355.0,1362.0,5100
2021-05-28,1365.0,1370.0,1359.0,1370.0,10500
2021-05-31,1356.0,1369.0,1341.0,1367.0,13000
2021-06-01,1369.0,1390.0,1367.0,1368.0,9100
2021-06-02,1379.0,1379.0,1366.0,1369.0,6900
2021-06-03,1370.0,1379.0,1369.0,1379.0,4700
2021-06-04,1383.0,1385.0,1371.0,1377.0,5900
2021-06-07,1377.0,1380.0,1370.0,1374.0,3200
2021-06-08,1377.0,1379.0,1371.0,1378.0,1700
2021-06-09,1377.0,1397.0,1377.0,1396.0,12200
2021-06-10,1396.0,1396.0,1391.0,1391.0,5000
2021-06-11,1391.0,1395.0,1385.0,1387.0,3300
2021-06-14,1389.0,1395.0,1389.0,1391.0,2800
2021-06-15,1391.0,1396.0,1386.0,1386.0,4200
2021-06-16,1385.0,1389.0,1380.0,1386.0,3500
2021-06-17,1386.0,1390.0,1381.0,1381.0,2000
2021-06-18,1383.0,1388.0,1380.0,1387.0,2700
2021-06-21,1389.0,1390.0,1379.0,1385.0,5400
2021-06-22,1386.0,1395.0,1380.0,1385.0,7800
2021-06-23,1387.0,1392.0,1368.0,1368.0,5600
2021-06-24,1377.0,1387.0,1375.0,1387.0,3600
2021-06-25,1387.0,1390.0,1383.0,1390.0,3100
2021-06-28,1393.0,1395.0,1385.0,1387.0,3700
2021-06-29,1385.0,1392.0,1385.0,1389.0,4200
2021-06-30,1393.0,1393.0,1387.0,1387.0,1700
2021-07-01,1395.0,1424.0,1395.0,1415.0,15700
2021-07-02,1423.0,1423.0,1414.0,1422.0,4000
2021-07-05,1430.0,1433.0,1427.0,1432.0,5700
2021-07-06,1432.0,1444.0,1427.0,1444.0,10200
2021-07-07,1444.0,1445.0,1436.0,1441.0,7200
2021-07-08,1445.0,1445.0,1439.0,1443.0,3400
2021-07-09,1448.0,1448.0,1433.0,1448.0,8000
2021-07-12,1450.0,1458.0,1448.0,1455.0,6000
2021-07-13,1462.0,1488.0,1462.0,1479.0,13200
2021-07-14,1485.0,1485.0,1469.0,1479.0,3600
2021-07-15,1477.0,1477.0,1460.0,1460.0,2200
2021-07-16,1460.0,1465.0,1456.0,1460.0,2300
2021-07-19,1465.0,1470.0,1461.0,1464.0,1600
2021-07-20,1464.0,1464.0,1451.0,1457.0,5000
2021-07-21,1464.0,1464.0,1448.0,1460.0,2100
2021-07-26,1460.0,1470.0,1460.0,1465.0,2600
2021-07-27,1465.0,1473.0,1465.0,1473.0,1100
2021-07-28,1458.0,1465.0,1430.0,1463.0,15400
2021-07-29,1462.0,1470.0,1461.0,1470.0,3300
2021-07-30,1473.0,1475.0,1467.0,1475.0,2400
2021-08-02,1478.0,1485.0,1476.0,1481.0,3100
2021-08-03,1490.0,1490.0,1484.0,1486.0,3700
2021-08-04,1486.0,1495.0,1485.0,1495.0,3700
2021-08-05,1497.0,1524.0,1495.0,1517.0,14500
2021-08-06,1515.0,1515.0,1490.0,1492.0,3800
2021-08-10,1481.0,1496.0,1480.0,1482.0,2700
2021-08-11,1490.0,1492.0,1486.0,1488.0,1500
2021-08-12,1484.0,1488.0,1484.0,1488.0,800
2021-08-13,1482.0,1482.0,1476.0,1480.0,2700
2021-08-16,1484.0,1484.0,1466.0,1478.0,1900
2021-08-17,1478.0,1478.0,1461.0,1462.0,1500
2021-08-18,1470.0,1470.0,1450.0,1454.0,9000
2021-08-19,1452.0,1461.0,1452.0,1461.0,900
2021-08-20,1459.0,1460.0,1453.0,1453.0,1500
2021-08-23,1455.0,1471.0,1455.0,1465.0,2700
2021-08-24,1472.0,1472.0,1469.0,1472.0,1400
2021-08-25,1475.0,1489.0,1464.0,1485.0,2800
2021-08-26,1493.0,1496.0,1480.0,1492.0,6400
2021-08-27,1490.0,1500.0,1490.0,1499.0,3900
2021-08-30,1505.0,1509.0,1481.0,1500.0,18900
2021-08-31,1510.0,1574.0,1505.0,1548.0,35700
2021-09-01,1570.0,1598.0,1560.0,1585.0,26300
2021-09-02,1586.0,1595.0,1575.0,1588.0,10700
2021-09-03,1578.0,1589.0,1576.0,1580.0,7000
2021-09-06,1590.0,1597.0,1580.0,1591.0,8300
2021-09-07,1593.0,1595.0,1587.0,1592.0,7700
2021-09-08,1595.0,1598.0,1585.0,1597.0,8700
2021-09-09,1596.0,1597.0,1587.0,1595.0,2600
2021-09-10,1592.0,1600.0,1586.0,1596.0,9700
2021-09-13,1595.0,1600.0,1594.0,1600.0,3100
2021-09-14,1599.0,1600.0,1595.0,1595.0,2000
2021-09-15,1587.0,1594.0,1581.0,1584.0,7800
2021-09-16,1576.0,1583.0,1550.0,1581.0,11500
2021-09-17,1567.0,1574.0,1560.0,1567.0,4300
2021-09-21,1530.0,1580.0,1525.0,1555.0,13600
2021-09-22,1556.0,1580.0,1556.0,1562.0,5600
2021-09-24,1559.0,1562.0,1500.0,1500.0,22800
2021-09-27,1500.0,1560.0,1490.0,1535.0,23200
2021-09-28,1546.0,1554.0,1530.0,1553.0,9300
2021-09-29,1536.0,1562.0,1517.0,1541.0,21400
2021-09-30,1540.0,1541.0,1501.0,1501.0,28700
2021-10-01,1491.0,1525.0,1491.0,1497.0,34300
2021-10-04,1501.0,1512.0,1500.0,1512.0,12000
2021-10-05,1502.0,1510.0,1477.0,1483.0,29100
2021-10-06,1498.0,1511.0,1486.0,1504.0,12900
2021-10-07,1504.0,1506.0,1500.0,1506.0,11100
2021-10-08,1510.0,1515.0,1501.0,1508.0,6200
2021-10-11,1515.0,1521.0,1501.0,1509.0,15300
2021-10-12,1510.0,1517.0,1510.0,1517.0,7000
2021-10-13,1515.0,1516.0,1511.0,1515.0,6900
2021-10-14,1513.0,1520.0,1505.0,1516.0,9800
2021-10-15,1518.0,1525.0,1515.0,1522.0,10900
2021-10-18,1523.0,1525.0,1512.0,1514.0,18700
2021-10-19,1513.0,1518.0,1509.0,1512.0,10800
2021-10-20,1509.0,1514.0,1509.0,1512.0,11000
2021-10-21,1511.0,1511.0,1508.0,1508.0,10800
2021-10-22,1503.0,1520.0,1502.0,1510.0,24000
2021-10-25,1504.0,1512.0,1501.0,1506.0,30500
2021-10-26,1504.0,1509.0,1502.0,1506.0,36100
2021-10-27,1506.0,1520.0,1501.0,1520.0,271700
2021-10-28,1485.0,1497.0,1464.0,1479.0,117900
2021-10-29,1483.0,1488.0,1462.0,1470.0,21600
2021-11-01,1469.0,1469.0,1424.0,1438.0,38800
2021-11-02,1448.0,1448.0,1406.0,1434.0,18100
2021-11-04,1434.0,1438.0,1410.0,1410.0,18400
2021-11-05,1404.0,1444.0,1402.0,1444.0,17000
2021-11-08,1429.0,1443.0,1414.0,1418.0,11400
2021-11-09,1421.0,1460.0,1404.0,1404.0,23700
2021-11-10,1409.0,1436.0,1409.0,1434.0,5000
2021-11-11,1434.0,1449.0,1421.0,1447.0,6100
2021-11-12,1449.0,1482.0,1437.0,1460.0,15600
2021-11-15,1462.0,1464.0,1453.0,1455.0,3000
2021-11-16,1455.0,1459.0,1447.0,1450.0,5800
2021-11-17,1450.0,1457.0,1431.0,1433.0,3200
2021-11-18,1425.0,1434.0,1418.0,1434.0,5300
2021-11-19,1438.0,1438.0,1413.0,1423.0,1700
2021-11-22,1436.0,1436.0,1426.0,1432.0,800
2021-11-24,1432.0,1436.0,1430.0,1430.0,1600
2021-11-25,1430.0,1433.0,1425.0,1432.0,1200
2021-11-26,1439.0,1439.0,1386.0,1390.0,14400
2021-11-29,1380.0,1438.0,1338.0,1339.0,23100
2021-11-30,1353.0,1395.0,1353.0,1355.0,9600
2021-12-01,1355.0,1368.0,1355.0,1366.0,4900
2021-12-02,1352.0,1365.0,1348.0,1362.0,6100
2021-12-03,1378.0,1395.0,1375.0,1393.0,2300
2021-12-06,1398.0,1440.0,1398.0,1430.0,10100
2021-12-07,1429.0,1442.0,1429.0,1432.0,1000
2021-12-08,1447.0,1447.0,1420.0,1420.0,2300
2021-12-09,1422.0,1428.0,1422.0,1428.0,200
2021-12-10,1437.0,1437.0,1426.0,1436.0,900
2021-12-13,1447.0,1447.0,1431.0,1437.0,1300
2021-12-14,1438.0,1447.0,1420.0,1433.0,4900
2021-12-15,1433.0,1439.0,1431.0,1436.0,1700
2021-12-16,1438.0,1455.0,1438.0,1448.0,3600
2021-12-17,1452.0,1454.0,1441.0,1447.0,2600
2021-12-20,1448.0,1449.0,1393.0,1411.0,7300
2021-12-21,1406.0,1422.0,1406.0,1415.0,1900
2021-12-22,1420.0,1441.0,1420.0,1438.0,5400
2021-12-23,1434.0,1441.0,1426.0,1426.0,2800
2021-12-24,1428.0,1447.0,1428.0,1447.0,4500
2021-12-27,1450.0,1450.0,1440.0,1440.0,4300
2021-12-28,1441.0,1450.0,1425.0,1425.0,10300
2021-12-29,1436.0,1463.0,1436.0,1463.0,6100
2021-12-30,1466.0,1477.0,1452.0,1477.0,5500
2022-01-04,1482.0,1498.0,1479.0,1493.0,4800
2022-01-05,1497.0,1502.0,1490.0,1491.0,9300
2022-01-06,1486.0,1499.0,1481.0,1497.0,6900
2022-01-07,1502.0,1504.0,1491.0,1503.0,7600
2022-01-11,1503.0,1510.0,1492.0,1492.0,7200
2022-01-12,1495.0,1506.0,1483.0,1483.0,9900
2022-01-13,1483.0,1505.0,1479.0,1499.0,10100
2022-01-14,1499.0,1501.0,1483.0,1501.0,4100
2022-01-17,1493.0,1507.0,1493.0,1502.0,2600
2022-01-18,1502.0,1506.0,1489.0,1496.0,3100
2022-01-19,1483.0,1495.0,1481.0,1489.0,3500
2022-01-20,1497.0,1497.0,1488.0,1493.0,2700
2022-01-21,1490.0,1495.0,1483.0,1492.0,1700
2022-01-24,1485.0,1498.0,1485.0,1490.0,1400
2022-01-25,1490.0,1498.0,1490.0,1493.0,1900
2022-01-26,1505.0,1505.0,1493.0,1499.0,2800
2022-01-27,1504.0,1504.0,1487.0,1487.0,3300
2022-01-28,1486.0,1491.0,1484.0,1491.0,3100
2022-01-31,1499.0,1502.0,1498.0,1502.0,3400
2022-02-01,1506.0,1506.0,1500.0,1505.0,900
2022-02-02,1508.0,1509.0,1501.0,1509.0,3300
2022-02-03,1506.0,1506.0,1504.0,1505.0,900
2022-02-04,1506.0,1506.0,1502.0,1506.0,1200
2022-02-07,1505.0,1506.0,1498.0,1506.0,1700
2022-02-08,1501.0,1502.0,1500.0,1502.0,1000
2022-02-09,1506.0,1506.0,1497.0,1505.0,1600
2022-02-10,1505.0,1506.0,1505.0,1505.0,900
2022-02-14,1499.0,1507.0,1499.0,1505.0,1100
2022-02-15,1505.0,1505.0,1503.0,1505.0,900
2022-02-16,1505.0,1505.0,1502.0,1502.0,1200
2022-02-17,1502.0,1507.0,1502.0,1506.0,1600
2022-02-18,1506.0,1506.0,1501.0,1505.0,700
2022-02-21,1504.0,1504.0,1502.0,1502.0,1100
2022-02-22,1497.0,1503.0,1496.0,1500.0,2400
2022-02-24,1504.0,1504.0,1465.0,1465.0,7400
2022-02-25,1494.0,1508.0,1485.0,1508.0,5200
2022-02-28,1510.0,1521.0,1508.0,1521.0,15400
2022-03-01,1527.0,1531.0,1515.0,1525.0,14100
2022-03-02,1522.0,1524.0,1511.0,1522.0,3600
2022-03-03,1524.0,1525.0,1520.0,1525.0,2500
2022-03-04,1524.0,1525.0,1509.0,1515.0,4600
2022-03-07,1506.0,1513.0,1500.0,1501.0,4400
2022-03-08,1489.0,1496.0,1453.0,1474.0,6800
2022-03-09,1474.0,1508.0,1467.0,1467.0,4100
2022-03-10,1468.0,1480.0,1468.0,1471.0,1400
2022-03-11,1470.0,1475.0,1464.0,1475.0,2600
2022-03-14,1475.0,1476.0,1474.0,1475.0,900
2022-03-15,1476.0,1480.0,1473.0,1473.0,2000
2022-03-16,1486.0,1495.0,1485.0,1487.0,4400
2022-03-17,1496.0,1504.0,1496.0,1504.0,2200
2022-03-18,1506.0,1506.0,1492.0,1495.0,6000
2022-03-22,1514.0,1514.0,1506.0,1512.0,3700
2022-03-23,1512.0,1517.0,1509.0,1514.0,4300
2022-03-24,1513.0,1520.0,1513.0,1518.0,5300
2022-03-25,1518.0,1518.0,1510.0,1512.0,1100
2022-03-28,1514.0,1521.0,1512.0,1521.0,8600
2022-03-29,1522.0,1543.0,1521.0,1540.0,12900
2022-03-30,1537.0,1568.0,1529.0,1546.0,30000
2022-03-31,1538.0,1554.0,1527.0,1527.0,17300
2022-04-01,1519.0,1529.0,1518.0,1521.0,14500
2022-04-04,1520.0,1521.0,1509.0,1521.0,10000
2022-04-05,1514.0,1520.0,1512.0,1515.0,11200
2022-04-06,1512.0,1519.0,1511.0,1518.0,6400
2022-04-07,1513.0,1521.0,1513.0,1518.0,11600
2022-04-08,1514.0,1518.0,1514.0,1518.0,3900
2022-04-11,1518.0,1519.0,1511.0,1515.0,8900
2022-04-12,1514.0,1515.0,1506.0,1515.0,14800
2022-04-13,1510.0,1514.0,1510.0,1513.0,3500
2022-04-14,1510.0,1513.0,1507.0,1510.0,7400
2022-04-15,1506.0,1510.0,1505.0,1510.0,9800
2022-04-18,1506.0,1507.0,1501.0,1501.0,11900
2022-04-19,1501.0,1502.0,1491.0,1496.0,17600
2022-04-20,1492.0,1498.0,1492.0,1494.0,18300
2022-04-21,1493.0,1495.0,1488.0,1488.0,20200
2022-04-22,1482.0,1492.0,1481.0,1489.0,18000
2022-04-25,1480.0,1487.0,1472.0,1480.0,72200
2022-04-26,1480.0,1497.0,1478.0,1486.0,211300
2022-04-27,1459.0,1481.0,1441.0,1477.0,116500
2022-04-28,1473.0,1480.0,1470.0,1476.0,9800
2022-05-02,1476.0,1476.0,1465.0,1466.0,11800
2022-05-06,1469.0,1477.0,1462.0,1474.0,8000
2022-05-09,1474.0,1475.0,1470.0,1475.0,5800
2022-05-10,1472.0,1479.0,1471.0,1476.0,10100
2022-05-11,1476.0,1483.0,1473.0,1482.0,10700
2022-05-12,1482.0,1482.0,1477.0,1479.0,3300
2022-05-13,1481.0,1482.0,1477.0,1479.0,4300
2022-05-16,1483.0,1483.0,1478.0,1483.0,4000
2022-05-17,1484.0,1486.0,1475.0,1477.0,5200
2022-05-18,1478.0,1483.0,1478.0,1483.0,3800
2022-05-19,1481.0,1488.0,1479.0,1481.0,12800
2022-05-20,1489.0,1489.0,1483.0,1483.0,3900
2022-05-23,1483.0,1486.0,1473.0,1483.0,6800
2022-05-24,1480.0,1484.0,1480.0,1484.0,2100
2022-05-25,1482.0,1482.0,1476.0,1482.0,5900
2022-05-26,1482.0,1489.0,1481.0,1482.0,4800
2022-05-27,1483.0,1488.0,1481.0,1488.0,3700
2022-05-30,1493.0,1531.0,1489.0,1531.0,45900
2022-05-31,1491.0,1491.0,1451.0,1467.0,34400
2022-06-01,1468.0,1474.0,1468.0,1472.0,4600
2022-06-02,1475.0,1476.0,1472.0,1472.0,2500
2022-06-03,1475.0,1476.0,1472.0,1475.0,1600
2022-06-06,1475.0,1476.0,1470.0,1472.0,2700
2022-06-07,1474.0,1490.0,1474.0,1489.0,6600
2022-06-08,1488.0,1488.0,1480.0,1484.0,3900
2022-06-09,1484.0,1486.0,1481.0,1481.0,3300
2022-06-10,1482.0,1483.0,1482.0,1482.0,2100
2022-06-13,1482.0,1482.0,1474.0,1474.0,3900
2022-06-14,1474.0,1475.0,1469.0,1469.0,2300
2022-06-15,1467.0,1469.0,1462.0,1462.0,5300
2022-06-16,1462.0,1470.0,1462.0,1470.0,900
2022-06-17,1463.0,1477.0,1460.0,1474.0,1500
2022-06-20,1468.0,1468.0,1458.0,1458.0,7800
2022-06-21,1461.0,1477.0,1461.0,1475.0,4500
2022-06-22,1469.0,1477.0,1469.0,1477.0,1400
2022-06-23,1466.0,1487.0,1466.0,1487.0,1200
2022-06-24,1487.0,1487.0,1480.0,1485.0,1400
2022-06-27,1487.0,1489.0,1482.0,1482.0,3300
2022-06-28,1486.0,1486.0,1480.0,1485.0,1700
2022-06-29,1485.0,1490.0,1485.0,1490.0,1400
2022-06-30,1493.0,1496.0,1491.0,1496.0,3200
2022-07-01,1498.0,1498.0,1492.0,1492.0,3700
2022-07-04,1498.0,1501.0,1494.0,1501.0,2300
2022-07-05,1497.0,1500.0,1496.0,1500.0,1400
2022-07-06,1500.0,1502.0,1497.0,1501.0,2400
2022-07-07,1502.0,1502.0,1496.0,1497.0,1800
2022-07-08,1497.0,1500.0,1496.0,1500.0,1000
2022-07-11,1500.0,1500.0,1495.0,1497.0,1400
2022-07-12,1494.0,1498.0,1494.0,1498.0,2000
2022-07-13,1498.0,1499.0,1496.0,1499.0,1100
2022-07-14,1496.0,1501.0,1496.0,1501.0,1500
2022-07-15,1503.0,1503.0,1493.0,1498.0,3400
2022-07-19,1499.0,1505.0,1498.0,1504.0,1800
2022-07-20,1504.0,1504.0,1498.0,1504.0,1300
2022-07-21,1508.0,1510.0,1506.0,1507.0,3000
2022-07-22,1509.0,1509.0,1502.0,1502.0,2900
2022-07-25,1509.0,1509.0,1502.0,1502.0,800
2022-07-26,1509.0,1510.0,1504.0,1506.0,1700
2022-07-27,1507.0,1514.0,1507.0,1514.0,2200
2022-07-28,1515.0,1519.0,1514.0,1518.0,6200
2022-07-29,1520.0,1520.0,1514.0,1520.0,2000
2022-08-01,1527.0,1528.0,1521.0,1528.0,3800
2022-08-02,1530.0,1530.0,1524.0,1527.0,2100
2022-08-03,1525.0,1525.0,1523.0,1525.0,300
2022-08-04,1525.0,1530.0,1521.0,1530.0,1500
2022-08-05,1528.0,1528.0,1522.0,1524.0,1000
2022-08-08,1520.0,1528.0,1517.0,1519.0,3200
2022-08-09,1515.0,1527.0,1514.0,1527.0,1600
2022-08-10,1520.0,1525.0,1520.0,1520.0,900
2022-08-12,1517.0,1523.0,1515.0,1516.0,1900
2022-08-15,1530.0,1530.0,1516.0,1525.0,2500
2022-08-16,1518.0,1525.0,1512.0,1525.0,2000
2022-08-17,1520.0,1525.0,1517.0,1522.0,1400
2022-08-18,1517.0,1524.0,1513.0,1513.0,3100
2022-08-19,1518.0,1520.0,1515.0,1520.0,1300
2022-08-22,1520.0,1522.0,1519.0,1519.0,1600
2022-08-23,1520.0,1525.0,1517.0,1520.0,700
2022-08-24,1527.0,1527.0,1520.0,1520.0,2100
2022-08-25,1522.0,1522.0,1520.0,1520.0,200
2022-08-26,1523.0,1540.0,1521.0,1539.0,7500
2022-08-29,1531.0,1539.0,1465.0,1465.0,28000
2022-08-30,1529.0,1531.0,1491.0,1523.0,16500
2022-08-31,1521.0,1521.0,1501.0,1520.0,4600
2022-09-01,1525.0,1525.0,1519.0,1521.0,3200
2022-09-02,1527.0,1540.0,1521.0,1540.0,8900
2022-09-05,1535.0,1535.0,1521.0,1522.0,5000
2022-09-06,1523.0,1528.0,1522.0,1528.0,500
2022-09-07,1528.0,1528.0,1500.0,1503.0,6700
2022-09-08,1504.0,1510.0,1504.0,1506.0,900
2022-09-09,1508.0,1511.0,1507.0,1509.0,2200
2022-09-12,1515.0,1524.0,1511.0,1520.0,5200
2022-09-13,1520.0,1523.0,1515.0,1515.0,3100
2022-09-14,1515.0,1516.0,1510.0,1516.0,1300
2022-09-15,1516.0,1569.0,1513.0,1535.0,21300
2022-09-16,1535.0,1540.0,1525.0,1535.0,4600
2022-09-20,1538.0,1541.0,1522.0,1535.0,8000
2022-09-21,1535.0,1535.0,1524.0,1525.0,4700
2022-09-22,1530.0,1530.0,1525.0,1527.0,2500
2022-09-26,1528.0,1528.0,1513.0,1513.0,9200
2022-09-27,1507.0,1518.0,1505.0,1508.0,4700
2022-09-28,1504.0,1511.0,1472.0,1485.0,27200
2022-09-29,1490.0,1548.0,1490.0,1500.0,26200
2022-09-30,1490.0,1502.0,1485.0,1492.0,14400
2022-10-03,1490.0,1497.0,1489.0,1491.0,13900
2022-10-04,1492.0,1508.0,1492.0,1493.0,17800
2022-10-05,1493.0,1502.0,1492.0,1494.0,10100
2022-10-06,1495.0,1500.0,1495.0,1497.0,9600
2022-10-07,1501.0,1504.0,1498.0,1500.0,14200
2022-10-11,1492.0,1499.0,1491.0,1496.0,13000
2022-10-12,1498.0,1501.0,1495.0,1495.0,10900
2022-10-13,1491.0,1496.0,1491.0,1493.0,10100
2022-10-14,1498.0,1499.0,1493.0,1493.0,7800
2022-10-17,1490.0,1493.0,1489.0,1492.0,12200
2022-10-18,1492.0,1493.0,1491.0,1491.0,10000
2022-10-19,1490.0,1492.0,1488.0,1488.0,18700
2022-10-20,1487.0,1492.0,1486.0,1488.0,11000
2022-10-21,1480.0,1484.0,1477.0,1484.0,24200
2022-10-24,1480.0,1484.0,1478.0,1478.0,29400
2022-10-25,1474.0,1481.0,1474.0,1481.0,33300
2022-10-26,1476.0,1502.0,1475.0,1483.0,112100
2022-10-27,1476.0,1489.0,1475.0,1481.0,313000
2022-10-28,1465.0,1479.0,1457.0,1476.0,119900
2022-10-31,1478.0,1484.0,1474.0,1482.0,32200
2022-11-01,1484.0,1488.0,1476.0,1480.0,31400
2022-11-02,1481.0,1481.0,1473.0,1473.0,10900
2022-11-04,1473.0,1475.0,1462.0,1462.0,10900
2022-11-07,1468.0,1468.0,1461.0,1465.0,6900
2022-11-08,1469.0,1474.0,1469.0,1469.0,8800
2022-11-09,1474.0,1474.0,1470.0,1470.0,3300
2022-11-10,1469.0,1474.0,1469.0,1474.0,4600
2022-11-11,1475.0,1476.0,1466.0,1467.0,5000
2022-11-14,1476.0,1479.0,1474.0,1479.0,6900
2022-11-15,1480.0,1481.0,1476.0,1476.0,2500
2022-11-16,1476.0,1477.0,1473.0,1474.0,6000
2022-11-17,1475.0,1475.0,1471.0,1472.0,8200
2022-11-18,1474.0,1474.0,1470.0,1470.0,2900
2022-11-21,1466.0,1471.0,1465.0,1467.0,6400
2022-11-22,1468.0,1478.0,1468.0,1474.0,5700
2022-11-24,1477.0,1477.0,1472.0,1475.0,2900
2022-11-25,1475.0,1475.0,1471.0,1473.0,8500
2022-11-28,1473.0,1478.0,1472.0,1474.0,7100
2022-11-29,1474.0,1477.0,1474.0,1474.0,1400
2022-11-30,1474.0,1479.0,1474.0,1475.0,9600
2022-12-01,1489.0,1489.0,1471.0,1478.0,20800
2022-12-02,1481.0,1482.0,1473.0,1479.0,6000
2022-12-05,1476.0,1478.0,1473.0,1475.0,4100
2022-12-06,1477.0,1477.0,1468.0,1468.0,4800
2022-12-07,1466.0,1469.0,1466.0,1468.0,6200
2022-12-08,1466.0,1469.0,1461.0,1461.0,5900
2022-12-09,1465.0,1465.0,1461.0,1461.0,4500
2022-12-12,1466.0,1468.0,1462.0,1462.0,1700
2022-12-13,1462.0,1468.0,1462.0,1463.0,3300
2022-12-14,1464.0,1465.0,1463.0,1463.0,2400
2022-12-15,1463.0,1467.0,1462.0,1464.0,4200
2022-12-16,1464.0,1467.0,1464.0,1464.0,3500
2022-12-19,1465.0,1470.0,1464.0,1464.0,4900
2022-12-20,1465.0,1468.0,1456.0,1457.0,9100
2022-12-21,1458.0,1460.0,1456.0,1458.0,6500
2022-12-22,1466.0,1466.0,1460.0,1462.0,3100
2022-12-23,1462.0,1466.0,1459.0,1459.0,2500
2022-12-26,1459.0,1465.0,1455.0,1455.0,5900
2022-12-27,1457.0,1459.0,1450.0,1450.0,10400
2022-12-28,1452.0,1460.0,1450.0,1460.0,8300
2022-12-29,1460.0,1465.0,1457.0,1459.0,6400
2022-12-30,1465.0,1469.0,1463.0,1469.0,3400
2023-01-04,1472.0,1482.0,1470.0,1477.0,10100
2023-01-05,1482.0,1483.0,1475.0,1476.0,4000
2023-01-06,1478.0,1480.0,1472.0,1476.0,3800
2023-01-10,1476.0,1484.0,1472.0,1475.0,2100
2023-01-11,1475.0,1478.0,1473.0,1474.0,1500
2023-01-12,1472.0,1477.0,1472.0,1476.0,3300
2023-01-13,1472.0,1480.0,1472.0,1472.0,2300
2023-01-16,1475.0,1479.0,1474.0,1475.0,3400
2023-01-17,1475.0,1479.0,1475.0,1479.0,1900
2023-01-18,1476.0,1480.0,1476.0,1480.0,1600
2023-01-19,1479.0,1481.0,1478.0,1479.0,2100
2023-01-20,1480.0,1482.0,1479.0,1480.0,1700
2023-01-23,1484.0,1484.0,1480.0,1482.0,3000
2023-01-24,1482.0,1484.0,1480.0,1484.0,1600
2023-01-25,1484.0,1485.0,1483.0,1484.0,2100
2023-01-26,1485.0,1485.0,1483.0,1485.0,2700
2023-01-27,1482.0,1484.0,1481.0,1481.0,2200
2023-01-30,1485.0,1485.0,1483.0,1484.0,2400
2023-01-31,1484.0,1485.0,1483.0,1484.0,2000
2023-02-01,1487.0,1487.0,1484.0,1486.0,2600
2023-02-02,1485.0,1488.0,1485.0,1488.0,2700
2023-02-03,1488.0,1488.0,1485.0,1487.0,2900
2023-02-06,1487.0,1488.0,1485.0,1486.0,1100
2023-02-07,1488.0,1489.0,1485.0,1488.0,2000
2023-02-08,1490.0,1490.0,1488.0,1489.0,1300
2023-02-09,1489.0,1489.0,1486.0,1486.0,2100
2023-02-10,1487.0,1490.0,1487.0,1489.0,3100
2023-02-13,1487.0,1490.0,1487.0,1490.0,600
2023-02-14,1491.0,1492.0,1489.0,1492.0,2200
2023-02-15,1492.0,1492.0,1492.0,1492.0,800
2023-02-16,1490.0,1493.0,1490.0,1492.0,1600
2023-02-17,1493.0,1495.0,1493.0,1495.0,1300
2023-02-20,1500.0,1510.0,1498.0,1510.0,12900
2023-02-21,1510.0,1510.0,1505.0,1505.0,2200
2023-02-22,1502.0,1507.0,1502.0,1507.0,1200
2023-02-24,1504.0,1510.0,1502.0,1510.0,4000
2023-02-27,1518.0,1559.0,1510.0,1510.0,39600
2023-02-28,1516.0,1530.0,1511.0,1521.0,11900
2023-03-01,1528.0,1550.0,1518.0,1521.0,15800
2023-03-02,1520.0,1521.0,1512.0,1513.0,5800
2023-03-03,1512.0,1522.0,1511.0,1522.0,5400
2023-03-06,1535.0,1535.0,1519.0,1520.0,9200
2023-03-07,1529.0,1530.0,1523.0,1530.0,3500
2023-03-08,1525.0,1528.0,1521.0,1526.0,1700
2023-03-09,1530.0,1539.0,1529.0,1539.0,4500
2023-03-10,1526.0,1544.0,1525.0,1544.0,6400
2023-03-13,1531.0,1542.0,1528.0,1534.0,4400
2023-03-14,1534.0,1534.0,1518.0,1520.0,7400
2023-03-15,1520.0,1523.0,1519.0,1520.0,2500
2023-03-16,1515.0,1524.0,1501.0,1510.0,5600
2023-03-17,1517.0,1522.0,1512.0,1522.0,2600
2023-03-20,1512.0,1523.0,1510.0,1512.0,4400
2023-03-22,1515.0,1523.0,1515.0,1522.0,2800
2023-03-23,1523.0,1529.0,1522.0,1529.0,2900
2023-03-24,1535.0,1535.0,1521.0,1522.0,4200
2023-03-27,1523.0,1530.0,1523.0,1528.0,6100
2023-03-28,1531.0,1533.0,1524.0,1532.0,6100
2023-03-29,1532.0,1544.0,1530.0,1544.0,7400
2023-03-30,1537.0,1558.0,1537.0,1540.0,25600
2023-03-31,1537.0,1545.0,1536.0,1541.0,17800
2023-04-03,1530.0,1543.0,1530.0,1540.0,17900
2023-04-04,1542.0,1549.0,1541.0,1546.0,11500
2023-04-05,1543.0,1549.0,1540.0,1548.0,12200
2023-04-06,1544.0,1552.0,1543.0,1550.0,7400
2023-04-07,1550.0,1560.0,1550.0,1560.0,9500
2023-04-10,1560.0,1560.0,1551.0,1559.0,12300
2023-04-11,1555.0,1560.0,1555.0,1559.0,9800
2023-04-12,1558.0,1559.0,1554.0,1556.0,7500
2023-04-13,1556.0,1559.0,1552.0,1557.0,6100
2023-04-14,1558.0,1560.0,1554.0,1554.0,11000
2023-04-17,1554.0,1560.0,1554.0,1555.0,10600
2023-04-18,1555.0,1560.0,1555.0,1557.0,13000
2023-04-19,1559.0,1560.0,1556.0,1558.0,16000
2023-04-20,1556.0,1559.0,1556.0,1559.0,8800
2023-04-21,1555.0,1559.0,1555.0,1559.0,18200
2023-04-24,1557.0,1559.0,1554.0,1559.0,35300
2023-04-25,1556.0,1560.0,1555.0,1559.0,51000
2023-04-26,1560.0,1575.0,1560.0,1575.0,301200
2023-04-27,1520.0,1563.0,1520.0,1541.0,165300
2023-04-28,1540.0,1551.0,1528.0,1542.0,17900
2023-05-01,1545.0,1547.0,1538.0,1541.0,10200
2023-05-02,1546.0,1554.0,1545.0,1545.0,13900
2023-05-08,1544.0,1556.0,1544.0,1552.0,12900
2023-05-09,1553.0,1559.0,1552.0,1558.0,7400
2023-05-10,1558.0,1559.0,1555.0,1559.0,4200
2023-05-11,1559.0,1559.0,1552.0,1555.0,2100
2023-05-12,1554.0,1556.0,1551.0,1555.0,2900
2023-05-15,1559.0,1564.0,1558.0,1560.0,9900
2023-05-16,1565.0,1569.0,1562.0,1567.0,7100
2023-05-17,1567.0,1572.0,1566.0,1570.0,6200
2023-05-18,1570.0,1573.0,1566.0,1568.0,4700
2023-05-19,1570.0,1573.0,1564.0,1564.0,4600
2023-05-22,1564.0,1569.0,1564.0,1569.0,2600
2023-05-23,1571.0,1573.0,1565.0,1565.0,4300
2023-05-24,1562.0,1564.0,1553.0,1558.0,5600
2023-05-25,1557.0,1569.0,1554.0,1567.0,3200
2023-05-26,1572.0,1573.0,1569.0,1571.0,4400
2023-05-29,1573.0,1594.0,1570.0,1589.0,32100
2023-05-30,1579.0,1643.0,1579.0,1630.0,69000
2023-05-31,1598.0,1605.0,1545.0,1553.0,55600
2023-06-01,1560.0,1570.0,1553.0,1556.0,13600
2023-06-02,1563.0,1563.0,1530.0,1535.0,24700
2023-06-05,1548.0,1548.0,1532.0,1536.0,10600
2023-06-06,1536.0,1536.0,1522.0,1522.0,9900
2023-06-07,1521.0,1525.0,1515.0,1516.0,15800
2023-06-08,1512.0,1525.0,1511.0,1518.0,8100
2023-06-09,1526.0,1526.0,1517.0,1524.0,4700
2023-06-12,1539.0,1539.0,1525.0,1534.0,3800
2023-06-13,1539.0,1539.0,1526.0,1528.0,3500
2023-06-14,1537.0,1538.0,1528.0,1528.0,3400
2023-06-15,1532.0,1548.0,1532.0,1538.0,3800
2023-06-16,1542.0,1547.0,1540.0,1545.0,3600
2023-06-19,1559.0,1607.0,1551.0,1602.0,24200
2023-06-20,1613.0,1614.0,1592.0,1606.0,14000
2023-06-21,1603.0,1603.0,1592.0,1593.0,4500
2023-06-22,1601.0,1601.0,1585.0,1585.0,3700
2023-06-23,1584.0,1593.0,1582.0,1585.0,5000
2023-06-26,1589.0,1590.0,1585.0,1587.0,1300
2023-06-27,1587.0,1587.0,1577.0,1578.0,4500
2023-06-28,1578.0,1589.0,1578.0,1585.0,4500
2023-06-29,1584.0,1585.0,1573.0,1580.0,4200
2023-06-30,1580.0,1588.0,1580.0,1588.0,1200
2023-07-03,1590.0,1620.0,1588.0,1620.0,12900
2023-07-04,1619.0,1625.0,1612.0,1624.0,4600
2023-07-05,1620.0,1622.0,1613.0,1613.0,2900
2023-07-06,1617.0,1617.0,1601.0,1601.0,5500
2023-07-07,1600.0,1600.0,1594.0,1600.0,1600
2023-07-10,1608.0,1608.0,1588.0,1591.0,3700
2023-07-11,1596.0,1616.0,1593.0,1593.0,2300
2023-07-12,1601.0,1601.0,1591.0,1594.0,2700
2023-07-13,1606.0,1606.0,1596.0,1602.0,2000
2023-07-14,1602.0,1607.0,1592.0,1594.0,5600
2023-07-18,1613.0,1638.0,1603.0,1610.0,8300
2023-07-19,1626.0,1626.0,1610.0,1620.0,3100
2023-07-20,1620.0,1626.0,1619.0,1625.0,2700
2023-07-21,1630.0,1648.0,1629.0,1648.0,6800
2023-07-24,1648.0,1648.0,1636.0,1641.0,3600
2023-07-25,1645.0,1647.0,1640.0,1640.0,2300
2023-07-26,1644.0,1655.0,1644.0,1655.0,7700
2023-07-27,1660.0,1675.0,1655.0,1675.0,8100
2023-07-28,1670.0,1673.0,1657.0,1662.0,4200
2023-07-31,1680.0,1680.0,1669.0,1678.0,6700
2023-08-01,1680.0,1696.0,1677.0,1696.0,9900
2023-08-02,1696.0,1720.0,1692.0,1717.0,9900
2023-08-03,1717.0,1720.0,1702.0,1712.0,3500
2023-08-04,1715.0,1715.0,1700.0,1707.0,4400
2023-08-07,1706.0,1706.0,1671.0,1694.0,7700
2023-08-08,1704.0,1704.0,1696.0,1698.0,2600
2023-08-09,1705.0,1712.0,1693.0,1696.0,4800
2023-08-10,1698.0,1701.0,1670.0,1683.0,7800
2023-08-14,1685.0,1707.0,1685.0,1707.0,6000
2023-08-15,1708.0,1730.0,1704.0,1730.0,5900
2023-08-16,1729.0,1744.0,1725.0,1731.0,7500
2023-08-17,1725.0,1738.0,1715.0,1738.0,9800
2023-08-18,1738.0,1771.0,1738.0,1771.0,11900
2023-08-21,1780.0,1834.0,1780.0,1834.0,21000
2023-08-22,1855.0,1860.0,1808.0,1838.0,13600
2023-08-23,1830.0,1834.0,1810.0,1826.0,12700
2023-08-24,1823.0,1847.0,1817.0,1846.0,12200
2023-08-25,1846.0,1908.0,1836.0,1875.0,40700
2023-08-28,1893.0,1940.0,1884.0,1940.0,54300
2023-08-29,1990.0,2067.0,1850.0,1881.0,235200
2023-08-30,1913.0,1986.0,1884.0,1898.0,79400
2023-08-31,1898.0,1918.0,1886.0,1893.0,16800
2023-09-01,1928.0,1944.0,1895.0,1914.0,31200
2023-09-04,1925.0,1937.0,1908.0,1937.0,18400
2023-09-05,1980.0,1985.0,1945.0,1973.0,28300
2023-09-06,1976.0,1986.0,1946.0,1970.0,20700
2023-09-07,1967.0,1967.0,1951.0,1951.0,8900
2023-09-08,1950.0,1975.0,1950.0,1975.0,13700
2023-09-11,1975.0,1996.0,1966.0,1981.0,15700
2023-09-12,1989.0,2004.0,1985.0,1995.0,17100
2023-09-13,1994.0,1994.0,1976.0,1990.0,5600
2023-09-14,1989.0,1990.0,1970.0,1975.0,6500
2023-09-15,1975.0,1975.0,1933.0,1935.0,15300
2023-09-19,1925.0,1925.0,1880.0,1896.0,18600
2023-09-20,1899.0,1901.0,1882.0,1900.0,8400
2023-09-21,1899.0,1900.0,1851.0,1869.0,16200
2023-09-22,1864.0,1885.0,1863.0,1880.0,3700
2023-09-25,1880.0,1937.0,1880.0,1937.0,11200
2023-09-26,1931.0,1931.0,1910.0,1919.0,4800
2023-09-27,1923.0,1928.0,1900.0,1924.0,13500
2023-09-28,1900.0,1943.0,1900.0,1933.0,22500
2023-09-29,1933.0,1977.0,1933.0,1960.0,18200
2023-10-02,1970.0,1983.0,1915.0,1915.0,37600
2023-10-03,1913.0,1920.0,1900.0,1902.0,13000
2023-10-04,1895.0,1896.0,1872.0,1880.0,16300
2023-10-05,1879.0,1924.0,1879.0,1924.0,12000
2023-10-06,1906.0,1948.0,1906.0,1939.0,16300
2023-10-10,1938.0,1944.0,1930.0,1944.0,15200
2023-10-11,1935.0,1936.0,1889.0,1900.0,29400
2023-10-12,1907.0,1914.0,1906.0,1906.0,16100
2023-10-13,1900.0,1909.0,1897.0,1903.0,15700
2023-10-16,1890.0,1895.0,1879.0,1879.0,24200
2023-10-17,1876.0,1889.0,1855.0,1860.0,24400
2023-10-18,1850.0,1870.0,1839.0,1870.0,17700
2023-10-19,1856.0,1872.0,1856.0,1871.0,9400
2023-10-20,1868.0,1880.0,1861.0,1870.0,12500
2023-10-23,1862.0,1865.0,1846.0,1853.0,33300
2023-10-24,1852.0,1854.0,1842.0,1842.0,30900
2023-10-25,1845.0,1854.0,1845.0,1847.0,29300
2023-10-26,1845.0,1848.0,1835.0,1837.0,57500
2023-10-27,1837.0,1843.0,1824.0,1824.0,331100
2023-10-30,1803.0,1837.0,1797.0,1836.0,127700
2023-10-31,1831.0,1831.0,1793.0,1828.0,33900
2023-11-01,1834.0,1864.0,1832.0,1850.0,38400
2023-11-02,1860.0,1860.0,1838.0,1856.0,17000
2023-11-06,1865.0,1892.0,1856.0,1878.0,38500
2023-11-07,1880.0,1883.0,1839.0,1845.0,14500
2023-11-08,1857.0,1857.0,1816.0,1820.0,12000
2023-11-09,1822.0,1822.0,1793.0,1820.0,13900
2023-11-10,1818.0,1841.0,1806.0,1841.0,7000
2023-11-13,1845.0,1848.0,1833.0,1838.0,4200
2023-11-14,1838.0,1867.0,1838.0,1851.0,6800
2023-11-15,1853.0,1860.0,1847.0,1855.0,4100
2023-11-16,1855.0,1885.0,1851.0,1885.0,14600
2023-11-17,1881.0,1882.0,1863.0,1870.0,9900
2023-11-20,1880.0,1924.0,1872.0,1908.0,33200
2023-11-21,1911.0,1945.0,1902.0,1941.0,31700
2023-11-22,1937.0,1972.0,1927.0,1958.0,27500
2023-11-24,1962.0,1962.0,1920.0,1935.0,28000
2023-11-27,1941.0,1972.0,1935.0,1951.0,37100
2023-11-28,1962.0,2015.0,1935.0,1981.0,157400
2023-11-29,1951.0,1951.0,1861.0,1890.0,103700
2023-11-30,1888.0,1904.0,1852.0,1899.0,27400
2023-12-01,1900.0,1927.0,1860.0,1870.0,25200
2023-12-04,1867.0,1874.0,1856.0,1860.0,10600
2023-12-05,1854.0,1854.0,1820.0,1826.0,16700
2023-12-06,1820.0,1838.0,1820.0,1833.0,6300
2023-12-07,1835.0,1839.0,1818.0,1818.0,6500
2023-12-08,1810.0,1838.0,1778.0,1790.0,22200
2023-12-11,1800.0,1821.0,1800.0,1813.0,8000
2023-12-12,1818.0,1830.0,1818.0,1830.0,5400
2023-12-13,1832.0,1835.0,1818.0,1826.0,3100
2023-12-14,1824.0,1835.0,1812.0,1812.0,7500
2023-12-15,1816.0,1823.0,1792.0,1801.0,9000
2023-12-18,1794.0,1804.0,1791.0,1801.0,7600
2023-12-19,1810.0,1824.0,1803.0,1813.0,6400
2023-12-20,1826.0,1828.0,1815.0,1828.0,4200
2023-12-21,1828.0,1830.0,1820.0,1826.0,3000
2023-12-22,1829.0,1837.0,1822.0,1823.0,7800
2023-12-25,1824.0,1834.0,1819.0,1819.0,3800
2023-12-26,1823.0,1823.0,1802.0,1805.0,8200
2023-12-27,1805.0,1816.0,1802.0,1816.0,7400
2023-12-28,1809.0,1829.0,1807.0,1829.0,6400
2023-12-29,1829.0,1833.0,1821.0,1830.0,4300
2024-01-04,1834.0,1845.0,1815.0,1841.0,8000
2024-01-05,1859.0,1868.0,1852.0,1868.0,5800
2024-01-09,1870.0,1885.0,1861.0,1881.0,10100
2024-01-10,1898.0,1926.0,1882.0,1901.0,12200
2024-01-11,1902.0,1912.0,1874.0,1882.0,9100
2024-01-12,1883.0,1895.0,1870.0,1870.0,9000
2024-01-15,1887.0,1900.0,1882.0,1896.0,2700
2024-01-16,1890.0,1897.0,1873.0,1882.0,6100
2024-01-17,1884.0,1899.0,1884.0,1898.0,5000
2024-01-18,1898.0,1908.0,1898.0,1902.0,4800
2024-01-19,1910.0,1910.0,1903.0,1906.0,3200
2024-01-22,1909.0,1924.0,1909.0,1920.0,4600
2024-01-23,1920.0,1935.0,1920.0,1929.0,6000
2024-01-24,1930.0,1930.0,1913.0,1915.0,4600
2024-01-25,1915.0,1922.0,1912.0,1914.0,3100
2024-01-26,1924.0,1924.0,1900.0,1900.0,7500
2024-01-29,1900.0,1915.0,1900.0,1915.0,4100
2024-01-30,1914.0,1914.0,1910.0,1913.0,1700
2024-01-31,1913.0,1919.0,1913.0,1917.0,2000
2024-02-01,1916.0,1929.0,1915.0,1929.0,5300
2024-02-02,1922.0,1930.0,1920.0,1925.0,1900
2024-02-05,1937.0,1938.0,1931.0,1938.0,4100
2024-02-06,1944.0,1945.0,1935.0,1939.0,3900
2024-02-07,1935.0,1939.0,1930.0,1931.0,2200
2024-02-08,1931.0,1935.0,1924.0,1924.0,2900
2024-02-09,1915.0,1926.0,1905.0,1911.0,4400
2024-02-13,1950.0,1977.0,1920.0,1977.0,19900
2024-02-14,1979.0,1979.0,1922.0,1970.0,8600
2024-02-15,1970.0,1970.0,1917.0,1917.0,7600
2024-02-16,1926.0,1944.0,1926.0,1944.0,5400
2024-02-19,1946.0,1994.0,1944.0,1994.0,15600
2024-02-20,2001.0,2034.0,2001.0,2023.0,31500
2024-02-21,2030.0,2035.0,2000.0,2030.0,24500
2024-02-22,2050.0,2103.0,2048.0,2099.0,30200
2024-02-26,2122.0,2170.0,2092.0,2169.0,69200
2024-02-27,2167.0,2203.0,1960.0,2009.0,282200
2024-02-28,2005.0,2009.0,1901.0,1972.0,90800
2024-02-29,1940.0,1993.0,1934.0,1971.0,21900
2024-03-01,1993.0,2000.0,1952.0,1960.0,29500
2024-03-04,1988.0,1988.0,1935.0,1939.0,21900
2024-03-05,1940.0,1960.0,1920.0,1950.0,16300
2024-03-06,1951.0,2030.0,1946.0,2008.0,27000
2024-03-07,2025.0,2025.0,1970.0,2003.0,13300
2024-03-08,1998.0,2006.0,1992.0,1995.0,5400
2024-03-11,1999.0,2020.0,1979.0,1985.0,11700
2024-03-12,1988.0,2001.0,1978.0,1992.0,6400
2024-03-13,2010.0,2012.0,1981.0,1995.0,4800
2024-03-14,1991.0,2031.0,1991.0,2024.0,8900
2024-03-15,2021.0,2043.0,2017.0,2043.0,11900
2024-03-18,2043.0,2043.0,2021.0,2032.0,9500
2024-03-19,2038.0,2049.0,2030.0,2049.0,9600
2024-03-21,2053.0,2079.0,2045.0,2079.0,12600
2024-03-22,2080.0,2080.0,2055.0,2059.0,8600
2024-03-25,2061.0,2074.0,2048.0,2057.0,11600
2024-03-26,2063.0,2078.0,2062.0,2075.0,7100
2024-03-27,2082.0,2119.0,2077.0,2119.0,17300
2024-03-28,2092.0,2141.0,2091.0,2128.0,22100
2024-03-29,2135.0,2151.0,2130.0,2136.0,14900
2024-04-01,2120.0,2147.0,2120.0,2136.0,19500
2024-04-02,2140.0,2145.0,2122.0,2130.0,15000
2024-04-03,2120.0,2144.0,2111.0,2135.0,19800
2024-04-04,2131.0,2168.0,2131.0,2166.0,21200
2024-04-05,2156.0,2189.0,2147.0,2165.0,24100
2024-04-08,2188.0,2189.0,2160.0,2171.0,19200
2024-04-09,2168.0,2188.0,2168.0,2188.0,16100
2024-04-10,2190.0,2196.0,2189.0,2191.0,10600
2024-04-11,2182.0,2186.0,2146.0,2152.0,39300
2024-04-12,2145.0,2146.0,2122.0,2122.0,35500
2024-04-15,2117.0,2140.0,2113.0,2140.0,20700
2024-04-16,2125.0,2130.0,2114.0,2114.0,16800
2024-04-17,2111.0,2134.0,2111.0,2115.0,13400
2024-04-18,2110.0,2144.0,2109.0,2125.0,18800
2024-04-19,2120.0,2128.0,2090.0,2102.0,22000
2024-04-22,2090.0,2116.0,2086.0,2105.0,28000
2024-04-23,2112.0,2112.0,2090.0,2097.0,31300
2024-04-24,2091.0,2108.0,2091.0,2093.0,50800
2024-04-25,2094.0,2097.0,2083.0,2086.0,271800
2024-04-26,2068.0,2078.0,2023.0,2072.0,113200
2024-04-30,2064.0,2064.0,2034.0,2034.0,25800
2024-05-01,2034.0,2034.0,1986.0,2010.0,28200
2024-05-02,2016.0,2051.0,2005.0,2033.0,21400
2024-05-07,2034.0,2034.0,2017.0,2026.0,10700
2024-05-08,2035.0,2084.0,2034.0,2063.0,17700
2024-05-09,2070.0,2070.0,2038.0,2038.0,11600
2024-05-10,2050.0,2061.0,2040.0,2053.0,6600
2024-05-13,2053.0,2078.0,2049.0,2078.0,6800
2024-05-14,2078.0,2090.0,2063.0,2082.0,9600
2024-05-15,2083.0,2083.0,2049.0,2049.0,6600
2024-05-16,2041.0,2041.0,2018.0,2029.0,7000
2024-05-17,2046.0,2068.0,2035.0,2068.0,7300
2024-05-20,2070.0,2087.0,2070.0,2072.0,6800
2024-05-21,2080.0,2089.0,2074.0,2081.0,6900
2024-05-22,2081.0,2081.0,2052.0,2052.0,10500
2024-05-23,2052.0,2061.0,2040.0,2054.0,6000
2024-05-24,2051.0,2089.0,2051.0,2088.0,9200
2024-05-27,2094.0,2150.0,2077.0,2123.0,56300
2024-05-28,2123.0,2141.0,2114.0,2141.0,31600
2024-05-29,2140.0,2154.0,2113.0,2123.0,32400
2024-05-30,2097.0,2151.0,1828.0,1861.0,168400
2024-05-31,1880.0,2098.0,1880.0,2080.0,103900
2024-06-03,2079.0,2117.0,2037.0,2056.0,22000
2024-06-04,2057.0,2088.0,2050.0,2088.0,4900
2024-06-05,2087.0,2100.0,2065.0,2100.0,8200
2024-06-06,2092.0,2095.0,2071.0,2073.0,2100
2024-06-07,2070.0,2070.0,2040.0,2058.0,5900
2024-06-10,2054.0,2071.0,2035.0,2062.0,3500
2024-06-11,2068.0,2068.0,2043.0,2068.0,1900
2024-06-12,2053.0,2056.0,2037.0,2056.0,5200
2024-06-13,2051.0,2055.0,2041.0,2055.0,1200
2024-06-14,2055.0,2069.0,2052.0,2069.0,1500
2024-06-17,2056.0,2063.0,2052.0,2053.0,2300
2024-06-18,2054.0,2090.0,2051.0,2076.0,8100
2024-06-19,2078.0,2080.0,2065.0,2071.0,5900
2024-06-20,2073.0,2080.0,2071.0,2080.0,2400
2024-06-21,2080.0,2084.0,2079.0,2081.0,1900
2024-06-24,2083.0,2086.0,2078.0,2078.0,2600
2024-06-25,2086.0,2098.0,2085.0,2090.0,6100
2024-06-26,2090.0,2100.0,2080.0,2095.0,8400
2024-06-27,2097.0,2102.0,2077.0,2102.0,1500
2024-06-28,2108.0,2115.0,2105.0,2112.0,2600
2024-07-01,2124.0,2133.0,2113.0,2122.0,9000
2024-07-02,2130.0,2130.0,2120.0,2129.0,3000
2024-07-03,2130.0,2130.0,2123.0,2123.0,1400
2024-07-04,2123.0,2123.0,2100.0,2104.0,2100
2024-07-05,2118.0,2119.0,2101.0,2115.0,1000
2024-07-08,2115.0,2120.0,2095.0,2112.0,3400
2024-07-09,2116.0,2116.0,2110.0,2110.0,500
2024-07-10,2099.0,2116.0,2099.0,2103.0,1500
2024-07-11,2109.0,2113.0,2105.0,2109.0,1500
2024-07-12,2108.0,2116.0,2104.0,2116.0,1800
2024-07-16,2111.0,2135.0,2108.0,2130.0,7200
2024-07-17,2130.0,2130.0,2116.0,2116.0,2800
2024-07-18,2125.0,2125.0,2114.0,2122.0,1700
2024-07-19,2114.0,2124.0,2111.0,2114.0,1900
2024-07-22,2124.0,2124.0,2110.0,2119.0,1900
2024-07-23,2123.0,2129.0,2113.0,2128.0,4000
2024-07-24,2128.0,2128.0,2116.0,2117.0,1500
2024-07-25,2117.0,2117.0,2100.0,2100.0,3300
2024-07-26,2104.0,2112.0,2103.0,2106.0,1500
2024-07-29,2109.0,2126.0,2109.0,2126.0,3900
2024-07-30,2129.0,2129.0,2124.0,2128.0,2000
2024-07-31,2130.0,2130.0,2118.0,2120.0,4700
2024-08-01,2125.0,2128.0,2101.0,2120.0,6500
2024-08-02,2020.0,2040.0,2004.0,2019.0,14500
2024-08-05,1906.0,1931.0,1826.0,1866.0,24700
2024-08-06,1989.0,2000.0,1923.0,1960.0,10600
2024-08-07,1960.0,2123.0,1960.0,2109.0,10500
2024-08-08,2079.0,2094.0,2010.0,2091.0,5600
2024-08-09,2067.0,2095.0,2061.0,2080.0,4600
2024-08-13,2080.0,2094.0,2074.0,2091.0,3600
2024-08-14,2092.0,2095.0,2079.0,2095.0,2000
2024-08-15,2085.0,2120.0,2085.0,2119.0,2800
2024-08-16,2126.0,2126.0,2114.0,2115.0,4100
2024-08-19,2123.0,2123.0,2113.0,2123.0,2300
2024-08-20,2125.0,2126.0,2115.0,2126.0,4300
2024-08-21,2119.0,2126.0,2101.0,2115.0,3100
2024-08-22,2124.0,2124.0,2102.0,2120.0,3000
2024-08-23,2122.0,2124.0,2118.0,2123.0,1500
2024-08-26,2123.0,2125.0,2120.0,2124.0,4600
2024-08-27,2122.0,2124.0,2118.0,2123.0,5300
2024-08-28,2126.0,2126.0,2097.0,2108.0,12000
2024-08-29,2108.0,2127.0,1945.0,2055.0,67700
2024-08-30,2051.0,2126.0,2025.0,2100.0,16000
2024-09-02,2128.0,2128.0,2103.0,2112.0,7100
2024-09-03,2112.0,2122.0,2112.0,2112.0,4100
2024-09-04,2100.0,2105.0,2096.0,2104.0,3100
2024-09-05,2083.0,2119.0,2083.0,2106.0,3000
2024-09-06,2106.0,2106.0,2095.0,2095.0,1100
2024-09-09,2050.0,2088.0,2035.0,2073.0,6100
2024-09-10,2089.0,2092.0,2060.0,2078.0,2800
2024-09-11,2062.0,2062.0,2044.0,2059.0,3700
2024-09-12,2059.0,2061.0,2044.0,2045.0,1900
2024-09-13,2050.0,2058.0,2050.0,2055.0,1600
2024-09-17,2055.0,2055.0,2023.0,2023.0,5700
2024-09-18,2023.0,2028.0,2013.0,2013.0,2300
2024-09-19,2015.0,2020.0,2015.0,2019.0,2900
2024-09-20,2021.0,2055.0,2015.0,2055.0,5400
2024-09-24,2050.0,2053.0,2021.0,2032.0,3900
2024-09-25,2043.0,2047.0,2032.0,2038.0,3900
2024-09-26,2049.0,2086.0,2046.0,2086.0,8400
2024-09-27,2088.0,2120.0,2086.0,2114.0,12700
2024-09-30,2115.0,2118.0,2090.0,2104.0,14900
2024-10-01,2102.0,2114.0,2102.0,2110.0,6100
2024-10-02,2111.0,2120.0,2110.0,2112.0,6500
2024-10-03,2115.0,2115.0,2113.0,2114.0,8600
2024-10-04,2113.0,2120.0,2112.0,2112.0,10000
2024-10-07,2120.0,2124.0,2114.0,2118.0,8200
2024-10-08,2116.0,2120.0,2116.0,2120.0,4300
2024-10-09,2122.0,2125.0,2120.0,2120.0,7400
2024-10-10,2122.0,2123.0,2116.0,2119.0,6200
2024-10-11,2119.0,2122.0,2118.0,2119.0,5100
2024-10-15,2120.0,2122.0,2115.0,2120.0,11900
2024-10-16,2120.0,2120.0,2115.0,2117.0,11600
2024-10-17,2113.0,2114.0,2111.0,2113.0,10300
2024-10-18,2111.0,2118.0,2111.0,2114.0,6300
2024-10-21,2113.0,2116.0,2112.0,2112.0,13500
2024-10-22,2112.0,2114.0,2110.0,2114.0,11600
2024-10-23,2112.0,2113.0,2110.0,2110.0,9600
2024-10-24,2110.0,2115.0,2103.0,2103.0,28800
2024-10-25,2103.0,2105.0,2090.0,2098.0,18600
2024-10-28,2090.0,2107.0,2086.0,2102.0,57000
2024-10-29,2109.0,2116.0,2105.0,2115.0,312200
2024-10-30,2073.0,2096.0,2069.0,2069.0,112400
2024-10-31,2050.0,2086.0,2050.0,2071.0,19500
2024-11-01,2057.0,2061.0,2034.0,2040.0,13300
2024-11-05,2055.0,2055.0,2025.0,2025.0,8100
2024-11-06,2043.0,2045.0,2030.0,2043.0,5400
2024-11-07,2043.0,2047.0,2040.0,2041.0,4300
2024-11-08,2060.0,2064.0,2019.0,2051.0,6700
2024-11-11,2058.0,2072.0,2052.0,2055.0,2600
2024-11-12,2055.0,2062.0,2048.0,2048.0,2300
2024-11-13,2049.0,2051.0,2048.0,2048.0,2900
2024-11-14,2051.0,2051.0,2033.0,2033.0,2500
2024-11-15,2023.0,2029.0,2020.0,2022.0,3200
2024-11-18,2020.0,2025.0,2019.0,2019.0,5500
2024-11-19,2019.0,2019.0,2010.0,2011.0,3200
2024-11-20,2008.0,2013.0,2006.0,2008.0,3300
2024-11-21,2005.0,2011.0,2005.0,2010.0,1700
2024-11-22,2006.0,2021.0,2006.0,2015.0,2300
2024-11-25,2017.0,2025.0,2017.0,2023.0,1500
2024-11-26,2023.0,2023.0,2012.0,2014.0,2700
2024-11-27,2020.0,2022.0,2003.0,2003.0,5600
2024-11-28,2010.0,2013.0,2002.0,2010.0,5400
2024-11-29,2010.0,2092.0,2001.0,2022.0,55700
2024-12-02,2035.0,2035.0,2010.0,2011.0,8500
2024-12-03,2020.0,2024.0,2014.0,2019.0,2800
2024-12-04,2023.0,2023.0,2011.0,2011.0,3200
2024-12-05,2013.0,2020.0,2013.0,2013.0,2900
2024-12-06,2011.0,2017.0,2010.0,2010.0,6300
2024-12-09,2004.0,2004.0,2003.0,2003.0,3200
2024-12-10,2003.0,2007.0,2003.0,2007.0,2100
2024-12-11,2005.0,2005.0,2003.0,2003.0,2200
2024-12-12,2003.0,2007.0,2001.0,2001.0,2400
2024-12-13,2007.0,2007.0,2002.0,2006.0,1800
2024-12-16,2006.0,2006.0,2003.0,2003.0,2000
2024-12-17,2003.0,2005.0,2003.0,2005.0,2200
2024-12-18,2008.0,2008.0,2001.0,2001.0,5200
2024-12-19,2000.0,2005.0,2000.0,2000.0,8300
2024-12-20,2004.0,2005.0,1993.0,2003.0,5400
2024-12-23,1995.0,2000.0,1986.0,1988.0,7600
2024-12-24,1982.0,1982.0,1973.0,1976.0,11500
2024-12-25,1977.0,2000.0,1977.0,1993.0,6800
2024-12-26,1993.0,1996.0,1977.0,1981.0,7500
2024-12-27,1992.0,2000.0,1984.0,2000.0,4100
2024-12-30,2014.0,2027.0,2005.0,2026.0,3200
2025-01-06,2064.0,2068.0,2045.0,2064.0,8700
2025-01-07,2065.0,2070.0,2061.0,2063.0,3200
2025-01-08,2064.0,2069.0,2064.0,2065.0,1900
2025-01-09,2066.0,2067.0,2054.0,2054.0,2400
2025-01-10,2054.0,2057.0,2048.0,2053.0,1500
2025-01-14,2053.0,2060.0,2053.0,2053.0,2100
2025-01-15,2053.0,2064.0,2053.0,2055.0,1600
2025-01-16,2046.0,2051.0,2046.0,2047.0,2500
2025-01-17,2050.0,2059.0,2046.0,2057.0,2700
2025-01-20,2065.0,2065.0,2052.0,2052.0,2500
2025-01-21,2055.0,2058.0,2050.0,2054.0,1800
2025-01-22,2056.0,2056.0,2047.0,2049.0,3200
2025-01-23,2049.0,2051.0,2034.0,2036.0,2500
2025-01-24,2036.0,2048.0,2036.0,2040.0,1800
2025-01-27,2045.0,2050.0,2040.0,2050.0,3300
2025-01-28,2052.0,2059.0,2052.0,2055.0,1100
2025-01-29,2055.0,2065.0,2055.0,2065.0,4400
2025-01-30,2057.0,2063.0,2055.0,2059.0,2300
2025-01-31,2055.0,2066.0,2055.0,2061.0,1300
2025-02-03,2061.0,2083.0,2061.0,2064.0,4400
2025-02-04,2067.0,2081.0,2067.0,2079.0,3200
2025-02-05,2080.0,2080.0,2074.0,2074.0,2000
2025-02-06,2069.0,2079.0,2069.0,2072.0,1400
2025-02-07,2077.0,2079.0,2074.0,2077.0,1300
2025-02-10,2077.0,2081.0,2076.0,2081.0,2500
2025-02-12,2078.0,2081.0,2074.0,2079.0,1100
2025-02-13,2082.0,2096.0,2075.0,2096.0,9100
2025-02-14,2096.0,2096.0,2087.0,2096.0,2400
2025-02-17,2095.0,2096.0,2081.0,2081.0,3400
2025-02-18,2085.0,2093.0,2080.0,2080.0,1800
2025-02-19,2082.0,2083.0,2074.0,2075.0,2000
2025-02-20,2073.0,2089.0,2068.0,2085.0,3600
2025-02-21,2085.0,2096.0,2085.0,2096.0,2300
2025-02-25,2091.0,2115.0,2087.0,2104.0,13100
2025-02-26,2104.0,2104.0,2076.0,2086.0,4700
2025-02-27,2096.0,2120.0,2096.0,2119.0,15100
2025-02-28,2110.0,2113.0,2036.0,2052.0,25200
2025-03-03,2117.0,2117.0,2049.0,2074.0,8900
2025-03-04,2074.0,2115.0,2044.0,2078.0,7900
2025-03-05,2081.0,2082.0,2070.0,2082.0,1300
2025-03-06,2091.0,2094.0,2088.0,2094.0,3800
2025-03-07,2092.0,2092.0,2077.0,2081.0,1800
2025-03-10,2094.0,2099.0,2086.0,2099.0,2600
2025-03-11,2081.0,2096.0,2081.0,2090.0,2500
2025-03-12,2096.0,2096.0,2085.0,2085.0,800
2025-03-13,2085.0,2091.0,2085.0,2088.0,1200
2025-03-14,2082.0,2093.0,2081.0,2093.0,3500
2025-03-17,2097.0,2100.0,2089.0,2100.0,6200
2025-03-18,2101.0,2107.0,2098.0,2098.0,3200
2025-03-19,2098.0,2100.0,2092.0,2092.0,2100
2025-03-21,2093.0,2093.0,2085.0,2090.0,2300
2025-03-24,2096.0,2108.0,2091.0,2108.0,7000
2025-03-25,2109.0,2118.0,2108.0,2118.0,3900
2025-03-26,2118.0,2118.0,2109.0,2110.0,5500
2025-03-27,2112.0,2119.0,2106.0,2119.0,7600
2025-03-28,2116.0,2150.0,2111.0,2132.0,23600
2025-03-31,2122.0,2135.0,2121.0,2131.0,10100
2025-04-01,2122.0,2131.0,2122.0,2123.0,12400
2025-04-02,2123.0,2123.0,2111.0,2111.0,10000
2025-04-03,2100.0,2111.0,2092.0,2104.0,7200
2025-04-04,2099.0,2109.0,2084.0,2107.0,13700
2025-04-07,2080.0,2080.0,2055.0,2058.0,18300
2025-04-08,2065.0,2098.0,2065.0,2070.0,14400
2025-04-09,2059.0,2071.0,2057.0,2069.0,16500
2025-04-10,2099.0,2100.0,2080.0,2090.0,12100
2025-04-11,2079.0,2095.0,2074.0,2090.0,10800
2025-04-14,2095.0,2105.0,2093.0,2097.0,10800
2025-04-15,2100.0,2107.0,2097.0,2100.0,8500
2025-04-16,2104.0,2104.0,2098.0,2098.0,6100
2025-04-17,2097.0,2099.0,2096.0,2096.0,5300
2025-04-18,2097.0,2103.0,2097.0,2099.0,7500
2025-04-21,2101.0,2106.0,2100.0,2106.0,16600
2025-04-22,2106.0,2108.0,2105.0,2107.0,7600
2025-04-23,2107.0,2108.0,2101.0,2103.0,22200
2025-04-24,2100.0,2106.0,2100.0,2105.0,46200
2025-04-25,2105.0,2108.0,2074.0,2074.0,281400
2025-04-28,2071.0,2078.0,2063.0,2072.0,93200
2025-04-30,2072.0,2082.0,2060.0,2082.0,14800
2025-05-01,2079.0,2085.0,2071.0,2085.0,10200
2025-05-02,2094.0,2095.0,2080.0,2084.0,7500
2025-05-07,2098.0,2098.0,2084.0,2090.0,13200
2025-05-08,2093.0,2093.0,2087.0,2087.0,5100
2025-05-09,2089.0,2091.0,2087.0,2091.0,7000
2025-05-12,2095.0,2095.0,2083.0,2083.0,3100
2025-05-13,2088.0,2092.0,2087.0,2092.0,3100
2025-05-14,2092.0,2092.0,2086.0,2088.0,2200
2025-05-15,2088.0,2090.0,2086.0,2086.0,1100
2025-05-16,2088.0,2088.0,2082.0,2082.0,2500
2025-05-19,2082.0,2084.0,2079.0,2079.0,2600
2025-05-20,2078.0,2083.0,2077.0,2083.0,2900
2025-05-21,2083.0,2083.0,2075.0,2075.0,2100
2025-05-22,2075.0,2080.0,2070.0,2070.0,5000
2025-05-23,2068.0,2088.0,2068.0,2075.0,4200
2025-05-26,2077.0,2081.0,2075.0,2080.0,2600
2025-05-27,2080.0,2082.0,2073.0,2080.0,6100
2025-05-28,2080.0,2080.0,2073.0,2080.0,7800
2025-05-29,2080.0,2084.0,2075.0,2078.0,5800
2025-05-30,2070.0,2078.0,2053.0,2061.0,32800
2025-06-02,2061.0,2075.0,2061.0,2071.0,7000
2025-06-03,2065.0,2068.0,2065.0,2066.0,4800
2025-06-04,2068.0,2080.0,2068.0,2076.0,4600
2025-06-05,2073.0,2087.0,2073.0,2087.0,4100
2025-06-06,2087.0,2091.0,2082.0,2086.0,5300
2025-06-09,2085.0,2092.0,2085.0,2086.0,2700
2025-06-10,2086.0,2089.0,2085.0,2089.0,2000
2025-06-11,2086.0,2094.0,2085.0,2094.0,2100
2025-06-12,2085.0,2097.0,2085.0,2097.0,4300
2025-06-13,2089.0,2091.0,2088.0,2091.0,500
2025-06-16,2091.0,2100.0,2090.0,2100.0,6900
2025-06-17,2100.0,2102.0,2093.0,2098.0,3100
2025-06-18,2086.0,2100.0,2086.0,2095.0,3100
2025-06-19,2094.0,2098.0,2086.0,2093.0,2600
2025-06-20,2091.0,2095.0,2088.0,2092.0,1200
2025-06-23,2086.0,2090.0,2084.0,2090.0,1500
2025-06-24,2088.0,2095.0,2087.0,2095.0,3300
2025-06-25,2095.0,2098.0,2094.0,2097.0,4800
2025-06-26,2097.0,2098.0,2087.0,2088.0,4200
2025-06-27,2095.0,2095.0,2090.0,2090.0,1400
2025-06-30,2097.0,2100.0,2092.0,2096.0,3800
2025-07-01,2095.0,2097.0,2093.0,2097.0,1400
2025-07-02,2095.0,2096.0,2093.0,2096.0,1300
2025-07-03,2098.0,2098.0,2090.0,2091.0,900
2025-07-04,2091.0,2095.0,2091.0,2091.0,900
2025-07-07,2091.0,2099.0,2087.0,2091.0,3100
2025-07-08,2092.0,2097.0,2092.0,2096.0,1100
2025-07-09,2097.0,2097.0,2095.0,2097.0,1700
2025-07-10,2097.0,2097.0,2095.0,2095.0,700
2025-07-11,2098.0,2120.0,2095.0,2095.0,20700
2025-07-14,2100.0,2100.0,2089.0,2097.0,5300
2025-07-15,2094.0,2097.0,2093.0,2094.0,1700
2025-07-16,2094.0,2098.0,2093.0,2093.0,1300
2025-07-17,2093.0,2096.0,2093.0,2095.0,1500
2025-07-18,2095.0,2097.0,2093.0,2093.0,1500
2025-07-22,2095.0,2096.0,2093.0,2096.0,1900
2025-07-23,2098.0,2099.0,2093.0,2097.0,2200
2025-07-24,2099.0,2102.0,2099.0,2102.0,2100
2025-07-25,2102.0,2102.0,2097.0,2100.0,800
2025-07-28,2101.0,2103.0,2101.0,2101.0,1300
2025-07-29,2105.0,2105.0,2100.0,2104.0,1900
2025-07-30,2104.0,2104.0,2100.0,2100.0,1900
2025-07-31,2107.0,2107.0,2100.0,2101.0,2200
2025-08-01,2110.0,2110.0,2104.0,2109.0,2300
2025-08-04,2102.0,2102.0,2102.0,2102.0,600
2025-08-05,2111.0,2111.0,2102.0,2103.0,2100
2025-08-06,2105.0,2111.0,2104.0,2104.0,1600
2025-08-07,2104.0,2108.0,2104.0,2106.0,1100
2025-08-08,2108.0,2116.0,2108.0,2111.0,5400
2025-08-12,2111.0,2112.0,2101.0,2112.0,2500
2025-08-13,2112.0,2115.0,2109.0,2115.0,700
2025-08-14,2112.0,2115.0,2112.0,2115.0,300
2025-08-15,2114.0,2119.0,2114.0,2116.0,3000
2025-08-18,2120.0,2125.0,2118.0,2122.0,3500
2025-08-19,2125.0,2130.0,2125.0,2129.0,5100
2025-08-20,2129.0,2130.0,2126.0,2126.0,2700
2025-08-21,2122.0,2125.0,2121.0,2122.0,1000
2025-08-22,2122.0,2129.0,2122.0,2129.0,1300
2025-08-25,2130.0,2133.0,2125.0,2130.0,4000
2025-08-26,2130.0,2130.0,2118.0,2122.0,2500
2025-08-27,2120.0,2121.0,2114.0,2117.0,4000
2025-08-28,2118.0,2129.0,2117.0,2117.0,5500
2025-08-29,2117.0,2134.0,2099.0,2099.0,19900
2025-09-01,2134.0,2134.0,2106.0,2130.0,11100
2025-09-02,2123.0,2129.0,2115.0,2128.0,5700
2025-09-03,2128.0,2128.0,2121.0,2122.0,1700
2025-09-04,2121.0,2133.0,2120.0,2133.0,2800
2025-09-05,2139.0,2140.0,2133.0,2138.0,3400
2025-09-08,2140.0,2140.0,2129.0,2130.0,5500
2025-09-09,2137.0,2137.0,2117.0,2119.0,5500
2025-09-10,2121.0,2123.0,2114.0,2122.0,2700
2025-09-11,2128.0,2128.0,2115.0,2122.0,3700
2025-09-12,2123.0,2128.0,2110.0,2111.0,6100
2025-09-16,2120.0,2120.0,2105.0,2117.0,3000
2025-09-17,2117.0,2118.0,2113.0,2115.0,1100
2025-09-18,2116.0,2120.0,2112.0,2120.0,1200
2025-09-19,2120.0,2121.0,2115.0,2121.0,2900
2025-09-22,2125.0,2130.0,2125.0,2126.0,3800
2025-09-24,2128.0,2130.0,2125.0,2130.0,5000
2025-09-25,2130.0,2130.0,2125.0,2125.0,2400
2025-09-26,2127.0,2130.0,2125.0,2130.0,9700
2025-09-29,2126.0,2144.0,2126.0,2134.0,21000
2025-09-30,2133.0,2144.0,2133.0,2133.0,11600
2025-10-01,2130.0,2140.0,2130.0,2133.0,8100
2025-10-02,2131.0,2134.0,2127.0,2127.0,8100
2025-10-03,2125.0,2132.0,2125.0,2125.0,8800
2025-10-06,2131.0,2136.0,2128.0,2129.0,7800
2025-10-07,2133.0,2137.0,2128.0,2133.0,4100
2025-10-08,2135.0,2136.0,2131.0,2133.0,5700
2025-10-09,2130.0,2137.0,2130.0,2131.0,3600
2025-10-10,2131.0,2135.0,2131.0,2134.0,3200
2025-10-14,2129.0,2135.0,2127.0,2127.0,9500
2025-10-15,2128.0,2131.0,2128.0,2130.0,3400
2025-10-16,2131.0,2135.0,2131.0,2135.0,7900
2025-10-17,2135.0,2137.0,2135.0,2135.0,5000
2025-10-20,2135.0,2137.0,2134.0,2137.0,12600
2025-10-21,2137.0,2137.0,2134.0,2135.0,8600
2025-10-22,2135.0,2137.0,2132.0,2134.0,14000
2025-10-23,2134.0,2135.0,2133.0,2133.0,11200
2025-10-24,2135.0,2137.0,2134.0,2136.0,10200
2025-10-27,2136.0,2139.0,2136.0,2138.0,45800
2025-10-28,2137.0,2142.0,2136.0,2141.0,59300
2025-10-29,2144.0,2146.0,2135.0,2146.0,248900
2025-10-30,2106.0,2122.0,2091.0,2091.0,101200
2025-10-31,2057.0,2068.0,2057.0,2058.0,17100
2025-11-04,2059.0,2075.0,2050.0,2065.0,17000
2025-11-05,2056.0,2059.0,2053.0,2053.0,5700
2025-11-06,2057.0,2078.0,2057.0,2058.0,10000
2025-11-07,2058.0,2064.0,2058.0,2061.0,3200
2025-11-10,2059.0,2061.0,2051.0,2058.0,10300
2025-11-11,2058.0,2059.0,2050.0,2050.0,7100
2025-11-12,2059.0,2059.0,2050.0,2054.0,4000
2025-11-13,2052.0,2055.0,2042.0,2045.0,5700
2025-11-14,2046.0,2046.0,2036.0,2039.0,8300
2025-11-17,2039.0,2043.0,2029.0,2029.0,4000
2025-11-18,2030.0,2030.0,2019.0,2019.0,3300
2025-11-19,2029.0,2029.0,2021.0,2021.0,2100
2025-11-20,2062.0,2062.0,2025.0,2027.0,3100
2025-11-21,2027.0,2028.0,2021.0,2028.0,4000
2025-11-25,2029.0,2038.0,2028.0,2028.0,3000
2025-11-26,2028.0,2095.0,2028.0,2095.0,6100
2025-11-27,2080.0,2089.0,2051.0,2053.0,6800
2025-11-28,2068.0,2079.0,2051.0,2073.0,16100
2025-12-01,2081.0,2081.0,2065.0,2071.0,5600
2025-12-02,2071.0,2071.0,2061.0,2061.0,1900
2025-12-03,2060.0,2062.0,2054.0,2055.0,3900
2025-12-04,2057.0,2057.0,2052.0,2052.0,2600
2025-12-05,2052.0,2052.0,2047.0,2048.0,3300
2025-12-08,2041.0,2047.0,2041.0,2046.0,1800
2025-12-09,2048.0,2052.0,2041.0,2049.0,2200
2025-12-10,2050.0,2052.0,2046.0,2050.0,2000
2025-12-11,2053.0,2062.0,2053.0,2061.0,2500
2025-12-12,2062.0,2064.0,2060.0,2064.0,5000
2025-12-15,2066.0,2079.0,2065.0,2075.0,7000
2025-12-16,2077.0,2077.0,2071.0,2075.0,2900
2025-12-17,2077.0,2077.0,2072.0,2074.0,3000
2025-12-18,2077.0,2078.0,2074.0,2076.0,2000
2025-12-19,2080.0,2085.0,2079.0,2084.0,2700
2025-12-22,2084.0,2084.0,2083.0,2083.0,2100
2025-12-23,2082.0,2083.0,2078.0,2080.0,1400
2025-12-24,2080.0,2080.0,2078.0,2079.0,3600
2025-12-25,2078.0,2079.0,2072.0,2075.0,6700
2025-12-26,2079.0,2079.0,2070.0,2074.0,6900
2025-12-29,2075.0,2090.0,2075.0,2090.0,3600
2025-12-30,2095.0,2096.0,2081.0,2090.0,3200
2026-01-05,2095.0,2099.0,2092.0,2099.0,2300
2026-01-06,2106.0,2109.0,2105.0,2109.0,2200
2026-01-07,2110.0,2115.0,2109.0,2115.0,3200
2026-01-08,2115.0,2122.0,2113.0,2122.0,3900
2026-01-09,2114.0,2123.0,2111.0,2118.0,4900
2026-01-13,2118.0,2121.0,2115.0,2119.0,2400
2026-01-14,2121.0,2121.0,2115.0,2117.0,1800
2026-01-15,2117.0,2117.0,2110.0,2110.0,1800
2026-01-16,2113.0,2113.0,2105.0,2109.0,2500
2026-01-19,2112.0,2114.0,2110.0,2112.0,1600
2026-01-20,2112.0,2114.0,2107.0,2107.0,2600
2026-01-21,2110.0,2115.0,2107.0,2115.0,1600
2026-01-22,2116.0,2116.0,2112.0,2116.0,1900
2026-01-23,2120.0,2120.0,2106.0,2111.0,3600
2026-01-26,2110.0,2114.0,2109.0,2111.0,2900
2026-01-27,2113.0,2113.0,2109.0,2112.0,1000
2026-01-28,2112.0,2114.0,2108.0,2108.0,2700
2026-01-29,2113.0,2113.0,2109.0,2111.0,1300
2026-01-30,2110.0,2112.0,2107.0,2107.0,2700
2026-02-02,2108.0,2109.0,2100.0,2101.0,2900
2026-02-03,2107.0,2107.0,2102.0,2105.0,1200
2026-02-04,2106.0,2106.0,2101.0,2105.0,1400
2026-02-05,2105.0,2107.0,2103.0,2107.0,900
2026-02-06,2108.0,2114.0,2103.0,2114.0,4500
2026-02-09,2114.0,2116.0,2110.0,2110.0,1000
2026-02-10,2114.0,2114.0,2111.0,2112.0,700
2026-02-12,2115.0,2120.0,2112.0,2120.0,2600
2026-02-13,2116.0,2125.0,2116.0,2125.0,1200
2026-02-16,2125.0,2127.0,2122.0,2127.0,2100
2026-02-17,2129.0,2130.0,2123.0,2123.0,1800
2026-02-18,2127.0,2134.0,2127.0,2134.0,6700
2026-02-19,2125.0,2134.0,2123.0,2134.0,1300
2026-02-20,2134.0,2134.0,2130.0,2130.0,900
2026-02-24,2131.0,2132.0,2127.0,2129.0,2800
2026-02-25,2127.0,2128.0,2114.0,2128.0,3000
2026-02-26,2135.0,2137.0,2130.0,2137.0,11700
2026-02-27,2138.0,2144.0,2115.0,2137.0,29000
2026-03-02,2133.0,2137.0,2120.0,2137.0,8900
2026-03-03,2137.0,2137.0,2128.0,2134.0,2800
2026-03-04,2123.0,2125.0,2103.0,2112.0,11200
2026-03-05,2119.0,2124.0,2107.0,2123.0,2200
2026-03-06,2123.0,2138.0,2117.0,2133.0,4100
2026-03-09,2130.0,2133.0,2120.0,2132.0,3500
2026-03-10,2132.0,2138.0,2117.0,2132.0,5000
2026-03-11,2139.0,2139.0,2122.0,2135.0,1800
2026-03-12,2135.0,2135.0,2112.0,2113.0,4400
2026-03-13,2112.0,2124.0,2112.0,2124.0,1700
2026-03-16,2124.0,2125.0,2116.0,2125.0,2900
2026-03-17,2129.0,2134.0,2127.0,2134.0,2400
2026-03-18,2128.0,2143.0,2127.0,2136.0,4400
2026-03-19,2132.0,2132.0,2125.0,2125.0,3300
2026-03-23,2122.0,2128.0,2116.0,2121.0,3200
2026-03-24,2125.0,2134.0,2123.0,2125.0,2300
2026-03-25,2132.0,2136.0,2125.0,2136.0,2100
2026-03-26,2138.0,2138.0,2127.0,2128.0,3500
2026-03-27,2128.0,2131.0,2124.0,2131.0,6400
2026-03-30,2124.0,2144.0,2124.0,2132.0,14100
2026-03-31,2129.0,2135.0,2125.0,2125.0,10900
2026-04-01,2128.0,2135.0,2128.0,2134.0,6800
2026-04-02,2135.0,2145.0,2135.0,2143.0,9400
2026-04-03,2143.0,2149.0,2139.0,2145.0,6600
2026-04-06,2145.0,2154.0,2145.0,2152.0,10800
2026-04-07,2154.0,2157.0,2149.0,2151.0,6300
2026-04-08,2151.0,2160.0,2151.0,2160.0,11400
2026-04-09,2161.0,2169.0,2158.0,2164.0,8000
2026-04-10,2165.0,2191.0,2165.0,2170.0,8600
2026-04-13,2165.0,2200.0,2150.0,2173.0,22800
2026-04-14,2173.0,2178.0,2170.0,2172.0,8000
2026-04-15,2170.0,2177.0,2166.0,2172.0,9000
2026-04-16,2167.0,2195.0,2165.0,2167.0,10600
2026-04-17,2169.0,2175.0,2169.0,2170.0,9900
2026-04-20,2175.0,2178.0,2167.0,2178.0,14200
2026-04-21,2178.0,2188.0,2166.0,2178.0,12000
2026-04-22,2182.0,2182.0,2176.0,2177.0,15300
2026-04-23,2175.0,2181.0,2164.0,2164.0,27500
2026-04-24,2153.0,2160.0,2148.0,2151.0,33900
2026-04-27,2151.0,2152.0,2130.0,2130.0,214500
2026-04-28,2070.0,2124.0,2070.0,2107.0,84100
2026-04-30,2083.0,2109.0,2070.0,2070.0,15000
2026-05-01,2075.0,2078.0,2064.0,2071.0,8800
2026-05-07,2075.0,2088.0,2070.0,2074.0,7700
2026-05-08,2080.0,2080.0,2050.0,2052.0,13100
2026-05-11,2070.0,2070.0,2040.0,2040.0,7400
2026-05-12,2045.0,2048.0,2042.0,2042.0,6100
2026-05-13,2042.0,2045.0,2040.0,2041.0,4000
2026-05-14,2041.0,2042.0,2002.0,2011.0,10700
2026-05-15,2011.0,2023.0,2011.0,2013.0,3200
2026-05-18,2013.0,2025.0,2011.0,2015.0,6900
2026-05-19,2021.0,2046.0,2021.0,2037.0,10400
2026-05-20,2045.0,2045.0,2027.0,2033.0,4900
2026-05-21,2046.0,2046.0,2025.0,2028.0,6900
2026-05-22,2030.0,2030.0,2011.0,2018.0,2900
2026-05-25,2018.0,2018.0,2003.0,2003.0,4600
2026-05-26,2003.0,2028.0,2003.0,2004.0,3700
2026-05-27,2005.0,2020.0,2005.0,2005.0,6400
2026-05-28,2014.0,2018.0,2007.0,2015.0,6500
2026-05-29,2008.0,2060.0,2007.0,2017.0,30300
2026-06-01,2009.0,2018.0,1999.0,1999.0,11200
2026-06-02,2016.0,2016.0,1999.0,2000.0,2300
2026-06-03,2007.0,2007.0,1992.0,1994.0,3400
2026-06-04,1994.0,2002.0,1994.0,1994.0,4400
2026-06-05,2000.0,2007.0,1999.0,2007.0,2800
2026-06-08,2006.0,2017.0,2002.0,2012.0,5900
2026-06-09,2000.0,2023.0,2000.0,2023.0,5600
2026-06-10,2026.0,2040.0,2026.0,2040.0,1900
2026-06-11,2045.0,2060.0,2041.0,2046.0,2900
2026-06-12,2047.0,2128.0,2047.0,2066.0,5700
2026-06-15,2067.0,2072.0,2066.0,2068.0,1300
2026-06-16,2075.0,2075.0,2071.0,2071.0,1000
2026-06-17,2074.0,2077.0,2068.0,2071.0,3200
2026-06-18,2071.0,2082.0,2071.0,2080.0,1900
2026-06-19,2080.0,2084.0,2050.0,2066.0,5300
2026-06-22,2066.0,2070.0,2066.0,2066.0,2000
2026-06-23,2061.0,2061.0,2051.0,2051.0,3000
2026-06-24,2052.0,2052.0,2035.0,2038.0,2800
2026-06-25,2036.0,2049.0,2028.0,2040.0,3900
2026-06-26,2048.0,2052.0,2046.0,2047.0,6100
2026-06-29,2050.0,2081.0,2050.0,2080.0,2300
2026-06-30,2084.0,2084.0,2073.0,2080.0,1100
2026-07-01,2071.0,2071.0,2047.0,2047.0,2500
2026-07-02,2050.0,2078.0,2050.0,2061.0,1500
2026-07-03,2060.0,2073.0,2054.0,2072.0,3200
2026-07-06,2071.0,2081.0,2056.0,2081.0,2800
2026-07-07,2085.0,2085.0,2077.0,2081.0,2700
2026-07-08,2080.0,2090.0,2076.0,2076.0,4100
2026-07-09,2076.0,2096.0,2076.0,2090.0,6800
2026-07-10,2084.0,2096.0,2082.0,2095.0,2400
2026-07-13,2095.0,2095.0,2088.0,2094.0,500
2026-07-14,2094.0,2097.0,2092.0,2097.0,900
2026-07-15,2099.0,2105.0,2095.0,2103.0,3300
2026-07-16,2103.0,2104.0,2096.0,2099.0,2500
2026-07-17,2099.0,2105.0,2093.0,2104.0,2800
2026-07-21,2105.0,2113.0,2105.0,2113.0,2700
2026-07-22,2113.0,2119.0,2108.0,2108.0,1500
2026-07-23,2118.0,2121.0,2113.0,2113.0,900
2026-07-24,2116.0,2124.0,2116.0,2119.0,1200
2026-07-27,2119.0,2119.0,2116.0,2119.0,2000
2026-07-28,2119.0,2119.0,2110.0,2111.0,2800
2026-07-29,2115.0,2119.0,2111.0,2116.0,2500
2026-07-30,2116.0,2116.0,2108.0,2113.0,3500
2026-07-31,2113.0,2114.0,2112.0,2112.0,1100
2026-08-03,2123.0,2123.0,2110.0,2122.0,2500
2026-08-04,2113.0,2123.0,2113.0,2123.0,1700
2026-08-05,2123.0,2123.0,2121.0,2123.0,600
2026-08-06,2118.0,2123.0,2118.0,2123.0,1800
2026-08-07,2117.0,2121.0,2113.0,2120.0,1200
2026-08-10,2122.0,2124.0,2115.0,2123.0,2400
2026-08-12,2124.0,2124.0,2117.0,2124.0,1100
2026-08-13,2124.0,2125.0,2116.0,2117.0,1600
2026-08-14,2117.0,2123.0,2116.0,2117.0,1100
2026-08-17,2121.0,2121.0,2120.0,2121.0,500
2026-08-18,2121.0,2121.0,2120.0,2120.0,1500
2026-08-19,2121.0,2122.0,2120.0,2120.0,2400
2026-08-20,2120.0,2122.0,2117.0,2121.0,1500
2026-08-21,2123.0,2125.0,2120.0,2125.0,1400
2026-08-24,2121.0,2123.0,2120.0,2123.0,1100
2026-08-25,2123.0,2128.0,2120.0,2120.0,2000
2026-08-26,2126.0,2128.0,2121.0,2128.0,1400
2026-08-27,2128.0,2129.0,2121.0,2129.0,1600
2026-08-28,2130.0,2130.0,2120.0,2129.0,1700
2026-08-31,2132.0,2148.0,2122.0,2125.0,21300
2026-09-01,2141.0,2141.0,2131.0,2136.0,4200
2026-09-02,2144.0,2144.0,2140.0,2144.0,2900
2026-09-03,2144.0,2146.0,2141.0,2146.0,3800
2026-09-04,2145.0,2145.0,2141.0,2144.0,2100
2026-09-07,2145.0,2145.0,2133.0,2138.0,2000
2026-09-08,2144.0,2145.0,2139.0,2142.0,1200
2026-09-09,2145.0,2145.0,2139.0,2141.0,1200
2026-09-10,2144.0,2144.0,2139.0,2140.0,600
2026-09-11,2140.0,2145.0,2140.0,2145.0,3100
2026-09-14,2141.0,2145.0,2139.0,2141.0,1000
2026-09-15,2142.0,2145.0,2140.0,2145.0,2400
2026-09-16,2146.0,2146.0,2143.0,2143.0,1300
2026-09-17,2144.0,2144.0,2136.0,2143.0,2200
2026-09-18,2143.0,2144.0,2140.0,2144.0,1700
2026-09-24,2144.0,2148.0,2138.0,2147.0,4300
2026-09-25,2146.0,2146.0,2130.0,2145.0,3800
2026-09-28,2143.0,2144.0,2141.0,2144.0,4400
2026-09-29,2144.0,2149.0,2113.0,2133.0,17700
2026-09-30,2128.0,2143.0,2128.0,2136.0,11000
2026-10-01,2128.0,2142.0,2127.0,2138.0,8100
2026-10-02,2141.0,2142.0,2136.0,2137.0,5900
2026-10-05,2134.0,2140.0,2130.0,2135.0,5000
2026-10-06,2136.0,2138.0,2135.0,2135.0,3700
2026-10-07,2135.0,2141.0,2135.0,2138.0,6000
2026-10-08,2137.0,2139.0,2136.0,2139.0,3800
2026-10-09,2140.0,2142.0,2137.0,2139.0,7300
