Date,Open,High,Low,Close,Volume
2012-10-01,246.6666717529297,247.3333282470703,242.0,242.6666717529297,601500
2012-10-02,244.6666717529297,244.6666717529297,237.3333282470703,237.3333282470703,432000
2012-10-03,238.0,238.0,234.6666717529297,234.6666717529297,283500
2012-10-04,235.3333282470703,240.0,235.3333282470703,238.6666717529297,342000
2012-10-05,239.3333282470703,246.0,236.6666717529297,245.3333282470703,664500
2012-10-09,244.6666717529297,248.0,241.3333282470703,241.3333282470703,403500
2012-10-10,240.0,241.3333282470703,238.0,238.6666717529297,237000
2012-10-11,238.6666717529297,247.3333282470703,238.6666717529297,243.3333282470703,607500
2012-10-12,243.3333282470703,248.0,242.6666717529297,246.6666717529297,262500
2012-10-15,245.3333282470703,249.3333282470703,244.6666717529297,247.3333282470703,267000
2012-10-16,246.6666717529297,250.6666717529297,246.6666717529297,249.3333282470703,250500
2012-10-17,252.0,252.6666717529297,248.6666717529297,252.0,327000
2012-10-18,252.6666717529297,254.0,252.0,252.6666717529297,204000
2012-10-19,251.3333282470703,256.0,250.6666717529297,254.6666717529297,402000
2012-10-22,254.0,255.3333282470703,251.3333282470703,253.3333282470703,151500
2012-10-23,253.3333282470703,253.3333282470703,247.3333282470703,250.6666717529297,249000
2012-10-24,247.3333282470703,249.3333282470703,246.0,248.0,198000
2012-10-25,249.3333282470703,254.0,248.0,254.0,267000
2012-10-26,251.3333282470703,252.6666717529297,248.6666717529297,250.6666717529297,169500
2012-10-29,252.0,254.0,249.3333282470703,253.3333282470703,181500
2012-10-30,252.0,254.6666717529297,249.3333282470703,250.0,253500
2012-10-31,249.3333282470703,256.0,249.3333282470703,254.0,294000
2012-11-01,254.0,258.0,252.0,255.3333282470703,382500
2012-11-02,256.6666564941406,258.0,255.3333282470703,256.6666564941406,253500
2012-11-05,257.3333435058594,257.3333435058594,252.6666717529297,254.0,196500
2012-11-06,252.0,252.6666717529297,251.3333282470703,252.6666717529297,103500
2012-11-07,252.0,253.3333282470703,248.6666717529297,249.3333282470703,301500
2012-11-08,247.3333282470703,248.0,244.6666717529297,246.0,171000
2012-11-09,243.3333282470703,247.3333282470703,242.6666717529297,245.3333282470703,246000
2012-11-12,243.3333282470703,244.6666717529297,240.6666717529297,240.6666717529297,172500
2012-11-13,240.6666717529297,242.6666717529297,239.3333282470703,242.0,192000
2012-11-14,243.3333282470703,244.6666717529297,241.3333282470703,241.3333282470703,103500
2012-11-15,242.6666717529297,248.6666717529297,242.6666717529297,248.0,256500
2012-11-16,247.3333282470703,250.6666717529297,246.6666717529297,250.0,135000
2012-11-19,250.6666717529297,252.0,246.6666717529297,248.0,264000
2012-11-20,251.3333282470703,252.0,248.6666717529297,250.6666717529297,181500
2012-11-21,252.0,258.6666564941406,251.3333282470703,253.3333282470703,459000
2012-11-22,258.6666564941406,258.6666564941406,253.3333282470703,256.6666564941406,295500
2012-11-26,256.0,258.6666564941406,254.6666717529297,255.3333282470703,307500
2012-11-27,256.0,256.6666564941406,254.0,254.6666717529297,244500
2012-11-28,249.3333282470703,252.0,248.0,248.0,328500
2012-11-29,248.6666717529297,255.3333282470703,248.6666717529297,252.0,322500
2012-11-30,252.6666717529297,254.0,248.6666717529297,249.3333282470703,303000
2012-12-03,252.0,252.6666717529297,247.3333282470703,248.6666717529297,591000
2012-12-04,248.6666717529297,249.3333282470703,247.3333282470703,248.6666717529297,367500
2012-12-05,246.6666717529297,248.6666717529297,244.6666717529297,244.6666717529297,552000
2012-12-06,248.6666717529297,250.0,247.3333282470703,250.0,484500
2012-12-07,250.6666717529297,251.3333282470703,248.6666717529297,250.0,367500
2012-12-10,255.3333282470703,255.3333282470703,249.3333282470703,250.6666717529297,316500
2012-12-11,249.3333282470703,250.6666717529297,248.0,248.6666717529297,295500
2012-12-12,249.3333282470703,250.6666717529297,247.3333282470703,247.3333282470703,466500
2012-12-13,252.6666717529297,252.6666717529297,248.6666717529297,249.3333282470703,658500
2012-12-14,251.3333282470703,252.6666717529297,249.3333282470703,250.6666717529297,838500
2012-12-17,252.6666717529297,253.3333282470703,249.3333282470703,250.0,459000
2012-12-18,249.3333282470703,251.3333282470703,248.6666717529297,248.6666717529297,541500
2012-12-19,250.0,254.0,249.3333282470703,253.3333282470703,703500
2012-12-20,254.0,259.3333435058594,252.0,256.6666564941406,934500
2012-12-21,258.0,258.6666564941406,253.3333282470703,254.0,679500
2012-12-25,259.3333435058594,259.3333435058594,252.0,254.6666717529297,424500
2012-12-26,254.6666717529297,258.6666564941406,254.0,257.3333435058594,381000
2012-12-27,258.6666564941406,261.3333435058594,257.3333435058594,257.3333435058594,513000
2012-12-28,257.3333435058594,259.3333435058594,256.0,258.0,414000
2013-01-04,265.3333435058594,265.3333435058594,260.6666564941406,263.3333435058594,490500
2013-01-07,264.0,266.6666564941406,260.6666564941406,261.3333435058594,946500
2013-01-08,260.6666564941406,263.3333435058594,257.3333435058594,258.0,489000
2013-01-09,257.3333435058594,262.0,256.6666564941406,260.6666564941406,601500
2013-01-10,260.6666564941406,263.3333435058594,260.6666564941406,261.3333435058594,532500
2013-01-11,264.6666564941406,265.3333435058594,260.6666564941406,262.6666564941406,535500
2013-01-15,266.0,266.6666564941406,263.3333435058594,264.0,594000
2013-01-16,264.0,265.3333435058594,261.3333435058594,262.0,591000
2013-01-17,262.6666564941406,266.0,261.3333435058594,266.0,601500
2013-01-18,270.6666564941406,272.6666564941406,267.3333435058594,272.0,729000
2013-01-21,273.3333435058594,276.6666564941406,272.6666564941406,276.0,552000
2013-01-22,275.3333435058594,275.3333435058594,268.6666564941406,272.0,690000
2013-01-23,270.0,271.3333435058594,264.0,264.6666564941406,708000
2013-01-24,262.6666564941406,270.6666564941406,262.6666564941406,270.6666564941406,417000
2013-01-25,273.3333435058594,282.0,273.3333435058594,280.0,1159500
2013-01-28,282.6666564941406,284.0,279.3333435058594,280.6666564941406,639000
2013-01-29,278.6666564941406,282.6666564941406,278.0,278.6666564941406,435000
2013-01-30,280.6666564941406,282.6666564941406,279.3333435058594,280.6666564941406,441000
2013-01-31,280.0,282.0,277.3333435058594,280.6666564941406,570000
2013-02-01,281.3333435058594,285.3333435058594,281.3333435058594,282.6666564941406,445500
2013-02-04,284.0,286.6666564941406,282.6666564941406,284.0,421500
2013-02-05,280.6666564941406,282.0,274.6666564941406,275.3333435058594,507000
2013-02-06,278.6666564941406,281.3333435058594,274.6666564941406,276.6666564941406,687000
2013-02-07,276.0,280.0,275.3333435058594,278.6666564941406,730500
2013-02-08,278.0,278.0,274.6666564941406,275.3333435058594,477000
2013-02-12,276.6666564941406,279.3333435058594,274.6666564941406,274.6666564941406,600000
2013-02-13,275.3333435058594,276.0,268.6666564941406,270.6666564941406,415500
2013-02-14,268.6666564941406,273.3333435058594,267.3333435058594,268.6666564941406,463500
2013-02-15,267.3333435058594,268.0,264.6666564941406,268.0,547500
2013-02-18,270.0,277.3333435058594,270.0,276.0,540000
2013-02-19,274.6666564941406,281.3333435058594,274.6666564941406,278.6666564941406,438000
2013-02-20,281.3333435058594,282.6666564941406,280.0,281.3333435058594,532500
2013-02-21,281.3333435058594,285.3333435058594,280.0,284.0,651000
2013-02-22,280.0,286.0,280.0,285.3333435058594,607500
2013-02-25,288.0,293.3333435058594,288.0,290.0,841500
2013-02-26,286.6666564941406,291.3333435058594,285.3333435058594,287.3333435058594,532500
2013-02-27,288.6666564941406,290.6666564941406,285.3333435058594,288.0,586500
2013-02-28,289.3333435058594,295.3333435058594,289.3333435058594,294.0,598500
2013-03-01,293.3333435058594,300.6666564941406,293.3333435058594,298.6666564941406,720000
2013-03-04,301.3333435058594,302.0,298.6666564941406,301.3333435058594,675000
2013-03-05,302.6666564941406,304.6666564941406,298.0,300.0,427500
2013-03-06,301.3333435058594,302.6666564941406,298.0,302.0,397500
2013-03-07,302.6666564941406,304.0,296.0,298.6666564941406,546000
2013-03-08,299.3333435058594,300.0,297.3333435058594,300.0,945000
2013-03-11,301.3333435058594,302.6666564941406,298.6666564941406,300.0,537000
2013-03-12,300.0,300.0,295.3333435058594,296.0,645000
2013-03-13,293.3333435058594,296.0,292.0,294.6666564941406,388500
2013-03-14,294.6666564941406,301.3333435058594,294.6666564941406,300.0,492000
2013-03-15,303.3333435058594,312.0,302.0,312.0,1260000
2013-03-18,312.0,312.0,306.0,306.6666564941406,534000
2013-03-19,308.6666564941406,318.6666564941406,308.6666564941406,316.6666564941406,529500
2013-03-21,319.3333435058594,324.0,319.3333435058594,322.6666564941406,669000
2013-03-22,318.6666564941406,320.0,313.3333435058594,313.3333435058594,550500
2013-03-25,320.6666564941406,320.6666564941406,313.3333435058594,313.3333435058594,511500
2013-03-26,313.3333435058594,316.0,310.6666564941406,313.3333435058594,483000
2013-03-27,310.0,312.6666564941406,310.0,311.3333435058594,384000
2013-03-28,312.0,312.6666564941406,305.3333435058594,309.3333435058594,414000
2013-03-29,310.0,310.0,306.6666564941406,306.6666564941406,361500
2013-04-01,306.6666564941406,306.6666564941406,291.3333435058594,291.3333435058594,517500
2013-04-02,288.6666564941406,290.6666564941406,281.3333435058594,288.6666564941406,651000
2013-04-03,290.0,306.6666564941406,290.0,306.0,973500
2013-04-04,308.0,310.0,294.6666564941406,304.6666564941406,1656000
2013-04-05,313.3333435058594,316.6666564941406,304.0,308.0,1447500
2013-04-08,312.6666564941406,318.0,306.6666564941406,309.3333435058594,1050000
2013-04-09,310.6666564941406,311.3333435058594,300.6666564941406,302.0,1323000
2013-04-10,304.0,308.0,302.6666564941406,304.0,985500
2013-04-11,308.0,319.3333435058594,307.3333435058594,318.6666564941406,1582500
2013-04-12,318.6666564941406,320.0,315.3333435058594,317.3333435058594,996000
2013-04-15,319.3333435058594,328.6666564941406,318.0,324.6666564941406,1615500
2013-04-16,320.0,321.3333435058594,308.6666564941406,310.0,1927500
2013-04-17,315.3333435058594,317.3333435058594,313.3333435058594,316.0,628500
2013-04-18,326.6666564941406,326.6666564941406,310.0,310.6666564941406,1953000
2013-04-19,314.0,316.6666564941406,308.0,314.0,840000
2013-04-22,319.3333435058594,321.3333435058594,317.3333435058594,320.6666564941406,954000
2013-04-23,320.0,321.3333435058594,316.6666564941406,319.3333435058594,853500
2013-04-24,320.0,325.3333435058594,316.0,324.6666564941406,1696500
2013-04-25,328.0,338.6666564941406,328.0,337.3333435058594,2307000
2013-04-26,342.0,344.6666564941406,335.3333435058594,337.3333435058594,1473000
2013-04-30,344.0,357.3333435058594,343.3333435058594,349.3333435058594,1960500
2013-05-01,353.3333435058594,353.3333435058594,333.3333435058594,341.3333435058594,1440000
2013-05-02,338.0,342.0,336.6666564941406,340.0,576000
2013-05-07,346.6666564941406,354.6666564941406,346.6666564941406,354.0,1321500
2013-05-08,354.0,354.0,346.6666564941406,348.0,912000
2013-05-09,348.0,366.6666564941406,346.6666564941406,356.0,2097000
2013-05-10,363.3333435058594,366.0,353.3333435058594,360.0,1627500
2013-05-13,362.6666564941406,362.6666564941406,354.0,360.6666564941406,1063500
2013-05-14,362.6666564941406,368.6666564941406,360.0,366.0,1171500
2013-05-15,369.3333435058594,373.3333435058594,362.6666564941406,368.0,1528500
2013-05-16,368.0,368.0,350.6666564941406,356.6666564941406,1006500
2013-05-17,356.0,363.3333435058594,353.3333435058594,359.3333435058594,751500
2013-05-20,364.0,375.3333435058594,360.6666564941406,368.6666564941406,1344000
2013-05-21,375.3333435058594,384.6666564941406,372.0,374.6666564941406,2064000
2013-05-22,376.0,380.0,368.0,369.3333435058594,1450500
2013-05-23,370.0,375.3333435058594,343.3333435058594,343.3333435058594,1707000
2013-05-24,347.3333435058594,352.6666564941406,334.6666564941406,348.0,1428000
2013-05-27,347.3333435058594,347.3333435058594,332.0,338.6666564941406,907500
2013-05-28,332.6666564941406,342.0,331.3333435058594,336.0,937500
2013-05-29,343.3333435058594,372.0,343.3333435058594,361.3333435058594,3391500
2013-05-30,353.3333435058594,359.3333435058594,340.0,342.0,1416000
2013-05-31,353.3333435058594,363.3333435058594,350.0,359.3333435058594,1522500
2013-06-03,350.6666564941406,354.6666564941406,342.6666564941406,345.3333435058594,1062000
2013-06-04,343.3333435058594,352.6666564941406,338.6666564941406,350.6666564941406,1429500
2013-06-05,350.6666564941406,359.3333435058594,345.3333435058594,345.3333435058594,1360500
2013-06-06,338.6666564941406,346.0,331.3333435058594,332.6666564941406,1303500
2013-06-07,327.3333435058594,332.6666564941406,318.0,325.3333435058594,1294500
2013-06-10,345.3333435058594,352.0,343.3333435058594,350.0,895500
2013-06-11,350.6666564941406,357.3333435058594,347.3333435058594,352.6666564941406,1284000
2013-06-12,346.0,350.0,342.0,346.0,955500
2013-06-13,346.0,346.0,335.3333435058594,336.6666564941406,1506000
2013-06-14,344.6666564941406,349.3333435058594,338.6666564941406,339.3333435058594,1530000
2013-06-17,339.3333435058594,352.6666564941406,339.3333435058594,352.0,643500
2013-06-18,351.3333435058594,354.0,348.0,350.6666564941406,688500
2013-06-19,357.3333435058594,361.3333435058594,349.3333435058594,355.3333435058594,940500
2013-06-20,353.3333435058594,354.6666564941406,348.6666564941406,353.3333435058594,574500
2013-06-21,340.6666564941406,353.3333435058594,336.6666564941406,351.3333435058594,1099500
2013-06-24,354.0,354.0,347.3333435058594,352.0,436500
2013-06-25,356.0,356.6666564941406,350.0,355.3333435058594,1233000
2013-06-26,358.6666564941406,360.0,346.6666564941406,351.3333435058594,603000
2013-06-27,352.6666564941406,362.6666564941406,352.6666564941406,362.6666564941406,837000
2013-06-28,366.0,372.0,364.0,371.3333435058594,1347000
2013-07-01,371.3333435058594,373.3333435058594,368.6666564941406,372.6666564941406,664500
2013-07-02,375.3333435058594,382.0,371.3333435058594,382.0,1281000
2013-07-03,382.6666564941406,396.0,378.6666564941406,396.0,2022000
2013-07-04,396.0,396.0,390.0,393.3333435058594,1392000
2013-07-05,395.3333435058594,399.3333435058594,392.6666564941406,397.3333435058594,1008000
2013-07-08,398.0,398.6666564941406,386.0,386.0,592500
2013-07-09,391.3333435058594,391.3333435058594,386.0,389.3333435058594,720000
2013-07-10,390.0,396.0,388.6666564941406,394.0,718500
2013-07-11,394.6666564941406,396.0,390.0,396.0,880500
2013-07-12,399.3333435058594,401.3333435058594,398.0,400.6666564941406,1063500
2013-07-16,402.0,404.6666564941406,398.6666564941406,402.0,1197000
2013-07-17,402.0,406.0,399.3333435058594,406.0,990000
2013-07-18,405.3333435058594,414.0,405.3333435058594,412.0,6873000
2013-07-19,414.0,416.0,396.6666564941406,401.3333435058594,1318500
2013-07-22,405.3333435058594,405.3333435058594,396.0,401.3333435058594,760500
2013-07-23,400.6666564941406,414.6666564941406,399.3333435058594,414.0,1150500
2013-07-24,414.6666564941406,420.0,412.0,414.0,1114500
2013-07-25,416.0,416.6666564941406,410.6666564941406,413.3333435058594,717000
2013-07-26,410.0,412.0,407.3333435058594,408.0,801000
2013-07-29,398.0,398.6666564941406,376.6666564941406,385.3333435058594,948000
2013-07-30,382.6666564941406,401.3333435058594,382.6666564941406,400.6666564941406,778500
2013-07-31,400.6666564941406,402.6666564941406,394.6666564941406,394.6666564941406,463500
2013-08-01,393.3333435058594,413.3333435058594,380.0,408.6666564941406,1144500
2013-08-02,412.6666564941406,424.6666564941406,406.6666564941406,421.3333435058594,1872000
2013-08-05,418.0,425.3333435058594,414.6666564941406,422.6666564941406,994500
2013-08-06,422.6666564941406,433.3333435058594,417.3333435058594,431.3333435058594,1383000
2013-08-07,426.0,426.6666564941406,418.6666564941406,421.3333435058594,943500
2013-08-08,418.6666564941406,422.0,410.6666564941406,411.3333435058594,634500
2013-08-09,410.0,418.6666564941406,408.6666564941406,414.6666564941406,1243500
2013-08-12,413.3333435058594,417.3333435058594,410.0,412.0,330000
2013-08-13,414.6666564941406,420.0,410.0,419.3333435058594,406500
2013-08-14,420.0,420.0,410.6666564941406,418.6666564941406,454500
2013-08-15,416.0,416.0,409.3333435058594,410.0,376500
2013-08-16,408.0,418.0,401.3333435058594,413.3333435058594,549000
2013-08-19,413.3333435058594,416.0,408.6666564941406,414.0,274500
2013-08-20,410.0,416.6666564941406,407.3333435058594,407.3333435058594,324000
2013-08-21,407.3333435058594,409.3333435058594,402.0,406.6666564941406,346500
2013-08-22,403.3333435058594,409.3333435058594,401.3333435058594,408.0,243000
2013-08-23,416.6666564941406,416.6666564941406,410.6666564941406,412.0,361500
2013-08-26,412.0,412.0,407.3333435058594,410.0,264000
2013-08-27,406.6666564941406,411.3333435058594,404.6666564941406,409.3333435058594,537000
2013-08-28,398.6666564941406,402.6666564941406,396.0,400.0,579000
2013-08-29,400.6666564941406,402.0,398.0,401.3333435058594,250500
2013-08-30,402.0,406.0,391.3333435058594,391.3333435058594,610500
2013-09-02,394.0,399.3333435058594,392.0,395.3333435058594,513000
2013-09-03,399.3333435058594,410.0,398.0,409.3333435058594,603000
2013-09-04,402.6666564941406,413.3333435058594,401.3333435058594,413.3333435058594,426000
2013-09-05,413.3333435058594,414.6666564941406,407.3333435058594,409.3333435058594,381000
2013-09-06,409.3333435058594,410.6666564941406,398.0,402.0,444000
2013-09-09,412.0,412.0,407.3333435058594,412.0,444000
2013-09-10,412.6666564941406,414.6666564941406,410.6666564941406,413.3333435058594,498000
2013-09-11,414.6666564941406,416.0,410.6666564941406,412.0,408000
2013-09-12,412.0,413.3333435058594,410.0,413.3333435058594,376500
2013-09-13,411.3333435058594,420.0,410.6666564941406,418.0,882000
2013-09-17,419.3333435058594,426.0,418.6666564941406,420.6666564941406,580500
2013-09-18,425.3333435058594,426.0,422.6666564941406,424.6666564941406,450000
2013-09-19,427.3333435058594,431.3333435058594,425.3333435058594,431.3333435058594,685500
2013-09-20,432.0,432.0,426.6666564941406,430.6666564941406,607500
2013-09-24,428.6666564941406,430.0,424.6666564941406,429.3333435058594,472500
2013-09-25,430.0,430.0,426.0,428.6666564941406,529500
2013-09-26,423.3333435058594,432.0,423.3333435058594,432.0,573000
2013-09-27,432.0,433.3333435058594,428.0,428.6666564941406,799500
2013-09-30,419.3333435058594,424.6666564941406,416.6666564941406,420.6666564941406,445500
2013-10-01,420.6666564941406,434.6666564941406,420.6666564941406,432.0,1362000
2013-10-02,428.6666564941406,434.0,428.6666564941406,432.6666564941406,1129500
2013-10-03,432.0,432.6666564941406,425.3333435058594,427.3333435058594,754500
2013-10-04,421.3333435058594,426.0,420.0,424.0,513000
2013-10-07,424.0,427.3333435058594,419.3333435058594,420.0,555000
2013-10-08,417.3333435058594,420.0,412.0,419.3333435058594,603000
2013-10-09,418.0,426.6666564941406,415.3333435058594,426.0,444000
2013-10-10,427.3333435058594,432.0,424.6666564941406,428.0,745500
2013-10-11,433.3333435058594,435.3333435058594,430.0,434.6666564941406,841500
2013-10-15,434.6666564941406,438.0,434.0,436.0,634500
2013-10-16,433.3333435058594,439.3333435058594,431.3333435058594,438.6666564941406,442500
2013-10-17,440.0,446.0,440.0,444.6666564941406,1518000
2013-10-18,443.3333435058594,443.3333435058594,439.3333435058594,442.6666564941406,741000
2013-10-21,442.0,448.6666564941406,441.3333435058594,448.0,612000
2013-10-22,448.6666564941406,448.6666564941406,443.3333435058594,446.6666564941406,391500
2013-10-23,447.3333435058594,447.3333435058594,437.3333435058594,438.0,630000
2013-10-24,434.0,442.0,433.3333435058594,440.6666564941406,630000
2013-10-25,441.3333435058594,441.3333435058594,432.0,432.6666564941406,1032000
2013-10-28,434.6666564941406,440.6666564941406,433.3333435058594,440.6666564941406,694500
2013-10-29,440.6666564941406,455.3333435058594,438.6666564941406,451.3333435058594,2104500
2013-10-30,454.6666564941406,459.3333435058594,452.0,454.0,1563000
2013-10-31,452.6666564941406,458.0,451.3333435058594,454.0,567000
2013-11-01,454.0,468.6666564941406,450.0,468.0,1807500
2013-11-05,473.3333435058594,484.0,465.3333435058594,480.6666564941406,3447000
2013-11-06,476.0,485.3333435058594,470.0,482.0,2019000
2013-11-07,480.0,481.3333435058594,472.0,472.6666564941406,891000
2013-11-08,466.6666564941406,470.0,463.3333435058594,468.6666564941406,559500
2013-11-11,475.3333435058594,475.3333435058594,467.3333435058594,470.6666564941406,622500
2013-11-12,472.6666564941406,477.3333435058594,470.6666564941406,474.0,633000
2013-11-13,470.6666564941406,473.3333435058594,466.0,468.0,592500
2013-11-14,469.3333435058594,476.0,469.3333435058594,472.6666564941406,522000
2013-11-15,475.3333435058594,477.3333435058594,471.3333435058594,476.0,640500
2013-11-18,477.3333435058594,478.0,470.0,472.0,606000
2013-11-19,470.0,475.3333435058594,467.3333435058594,470.0,421500
2013-11-20,470.6666564941406,471.3333435058594,467.3333435058594,470.0,468000
2013-11-21,471.3333435058594,476.6666564941406,468.0,471.3333435058594,511500
2013-11-22,474.0,474.0,466.6666564941406,468.6666564941406,681000
2013-11-25,469.3333435058594,470.0,465.3333435058594,467.3333435058594,594000
2013-11-26,463.3333435058594,466.6666564941406,460.6666564941406,464.0,691500
2013-11-27,458.6666564941406,462.0,458.0,458.6666564941406,399000
2013-11-28,464.6666564941406,471.3333435058594,464.6666564941406,469.3333435058594,972000
2013-11-29,467.3333435058594,469.3333435058594,464.6666564941406,468.0,564000
2013-12-02,468.6666564941406,470.6666564941406,467.3333435058594,468.6666564941406,606000
2013-12-03,472.0,474.0,469.3333435058594,471.3333435058594,1092000
2013-12-04,465.3333435058594,469.3333435058594,461.3333435058594,465.3333435058594,717000
2013-12-05,467.3333435058594,472.6666564941406,465.3333435058594,465.3333435058594,957000
2013-12-06,468.6666564941406,470.6666564941406,462.6666564941406,466.6666564941406,673500
2013-12-09,472.6666564941406,473.3333435058594,470.0,472.6666564941406,763500
2013-12-10,473.3333435058594,484.0,471.3333435058594,482.6666564941406,1908000
2013-12-11,482.6666564941406,489.3333435058594,478.0,487.3333435058594,1290000
2013-12-12,484.0,484.6666564941406,480.6666564941406,483.3333435058594,747000
2013-12-13,484.6666564941406,493.3333435058594,482.0,488.6666564941406,1813500
2013-12-16,486.0,488.6666564941406,478.6666564941406,484.6666564941406,936000
2013-12-17,488.0,493.3333435058594,486.6666564941406,492.6666564941406,978000
2013-12-18,492.0,498.0,489.3333435058594,497.3333435058594,1288500
2013-12-19,497.3333435058594,498.6666564941406,493.3333435058594,496.0,1147500
2013-12-20,494.0,494.0,485.3333435058594,486.6666564941406,1189500
2013-12-24,486.0,489.3333435058594,471.3333435058594,473.3333435058594,1653000
2013-12-25,473.3333435058594,476.0,466.6666564941406,469.3333435058594,1140000
2013-12-26,476.0,486.6666564941406,473.3333435058594,486.0,775500
2013-12-27,489.3333435058594,492.6666564941406,483.3333435058594,492.0,630000
2013-12-30,494.6666564941406,500.0,494.6666564941406,498.6666564941406,676500
2014-01-06,498.6666564941406,506.6666564941406,496.6666564941406,504.6666564941406,771000
2014-01-07,507.3333435058594,514.6666870117188,504.6666564941406,509.3333435058594,1090500
2014-01-08,513.3333129882812,513.3333129882812,505.3333435058594,508.6666564941406,607500
2014-01-09,506.6666564941406,508.6666564941406,502.6666564941406,508.6666564941406,462000
2014-01-10,508.0,510.6666564941406,502.0,510.0,724500
2014-01-14,504.6666564941406,504.6666564941406,496.6666564941406,499.3333435058594,663000
2014-01-15,512.0,512.0,504.0,509.3333435058594,708000
2014-01-16,511.3333435058594,516.0,508.6666564941406,510.0,498000
2014-01-17,508.6666564941406,517.3333129882812,508.0,515.3333129882812,651000
2014-01-20,517.3333129882812,518.0,513.3333129882812,514.6666870117188,499500
2014-01-21,516.6666870117188,517.3333129882812,513.3333129882812,514.0,370500
2014-01-22,514.6666870117188,516.6666870117188,510.0,516.0,466500
2014-01-23,516.0,516.0,502.0,502.0,792000
2014-01-24,494.6666564941406,496.6666564941406,487.3333435058594,490.0,679500
2014-01-27,474.6666564941406,481.3333435058594,471.3333435058594,472.0,696000
2014-01-28,470.6666564941406,478.6666564941406,470.6666564941406,471.3333435058594,816000
2014-01-29,478.0,491.3333435058594,478.0,490.6666564941406,474000
2014-01-30,481.3333435058594,490.6666564941406,478.0,488.0,805500
2014-01-31,488.6666564941406,492.6666564941406,478.0,482.0,553500
2014-02-03,474.0,477.3333435058594,468.6666564941406,472.6666564941406,690000
2014-02-04,458.6666564941406,461.3333435058594,449.3333435058594,450.6666564941406,1809000
2014-02-05,457.3333435058594,466.6666564941406,436.6666564941406,443.3333435058594,1744500
2014-02-06,443.3333435058594,454.6666564941406,442.0,448.6666564941406,1288500
2014-02-07,460.0,468.6666564941406,456.0,468.0,1074000
2014-02-10,474.6666564941406,474.6666564941406,467.3333435058594,470.0,565500
2014-02-12,471.3333435058594,476.6666564941406,468.6666564941406,474.6666564941406,436500
2014-02-13,476.0,476.0,468.0,470.6666564941406,375000
2014-02-14,469.3333435058594,471.3333435058594,454.6666564941406,461.3333435058594,721500
2014-02-17,461.3333435058594,462.6666564941406,450.6666564941406,460.0,634500
2014-02-18,464.0,470.6666564941406,458.6666564941406,470.0,661500
2014-02-19,468.6666564941406,471.3333435058594,462.6666564941406,464.6666564941406,727500
2014-02-20,462.6666564941406,464.6666564941406,451.3333435058594,453.3333435058594,550500
2014-02-21,463.3333435058594,470.6666564941406,462.0,470.0,520500
2014-02-24,467.3333435058594,476.6666564941406,462.6666564941406,468.6666564941406,552000
2014-02-25,476.0,477.3333435058594,470.6666564941406,476.6666564941406,634500
2014-02-26,472.6666564941406,474.6666564941406,469.3333435058594,470.0,351000
2014-02-27,470.6666564941406,472.6666564941406,459.3333435058594,460.6666564941406,877500
2014-02-28,464.0,464.0,457.3333435058594,462.6666564941406,622500
2014-03-03,462.6666564941406,475.3333435058594,457.3333435058594,472.6666564941406,1221000
2014-03-04,467.3333435058594,484.6666564941406,466.6666564941406,483.3333435058594,1102500
2014-03-05,484.6666564941406,496.6666564941406,483.3333435058594,492.6666564941406,1282500
2014-03-06,492.0,494.0,484.0,489.3333435058594,1033500
2014-03-07,493.3333435058594,494.0,486.0,493.3333435058594,786000
2014-03-10,493.3333435058594,493.3333435058594,486.6666564941406,488.6666564941406,760500
2014-03-11,489.3333435058594,494.6666564941406,486.0,493.3333435058594,630000
2014-03-12,483.3333435058594,487.3333435058594,482.0,482.6666564941406,418500
2014-03-13,482.0,491.3333435058594,482.0,484.6666564941406,498000
2014-03-14,473.3333435058594,477.3333435058594,464.0,464.6666564941406,1308000
2014-03-17,465.3333435058594,470.0,462.6666564941406,465.3333435058594,655500
2014-03-18,472.0,475.3333435058594,466.6666564941406,474.0,499500
2014-03-19,477.3333435058594,498.0,477.3333435058594,488.0,1350000
2014-03-20,488.6666564941406,491.3333435058594,468.0,468.6666564941406,1021500
2014-03-24,468.6666564941406,488.0,465.3333435058594,483.3333435058594,1252500
2014-03-25,489.3333435058594,499.3333435058594,486.0,486.6666564941406,970500
2014-03-26,486.6666564941406,491.3333435058594,483.3333435058594,490.6666564941406,550500
2014-03-27,476.6666564941406,490.6666564941406,474.0,488.6666564941406,943500
2014-03-28,485.3333435058594,492.0,483.3333435058594,491.3333435058594,489000
2014-03-31,496.6666564941406,498.6666564941406,489.3333435058594,498.0,660000
2014-04-01,499.3333435058594,506.6666564941406,496.0,506.0,739500
2014-04-02,506.0,508.0,501.3333435058594,502.6666564941406,777000
2014-04-03,498.0,501.3333435058594,495.3333435058594,501.3333435058594,628500
2014-04-04,500.6666564941406,502.6666564941406,494.6666564941406,498.6666564941406,456000
2014-04-07,488.6666564941406,491.3333435058594,484.6666564941406,485.3333435058594,649500
2014-04-08,483.3333435058594,484.6666564941406,476.0,476.0,457500
2014-04-09,473.3333435058594,473.3333435058594,465.3333435058594,466.6666564941406,720000
2014-04-10,471.3333435058594,476.0,465.3333435058594,468.0,483000
2014-04-11,459.3333435058594,462.6666564941406,457.3333435058594,458.6666564941406,517500
2014-04-14,457.3333435058594,462.6666564941406,457.3333435058594,457.3333435058594,402000
2014-04-15,464.0,464.0,457.3333435058594,459.3333435058594,555000
2014-04-16,465.3333435058594,476.0,463.3333435058594,476.0,622500
2014-04-17,479.3333435058594,481.3333435058594,475.3333435058594,478.0,426000
2014-04-18,478.6666564941406,487.3333435058594,475.3333435058594,487.3333435058594,454500
2014-04-21,486.6666564941406,492.6666564941406,484.6666564941406,486.6666564941406,298500
2014-04-22,490.0,490.0,481.3333435058594,482.0,292500
2014-04-23,485.3333435058594,486.6666564941406,478.0,480.6666564941406,510000
2014-04-24,481.3333435058594,481.3333435058594,471.3333435058594,474.6666564941406,553500
2014-04-25,475.3333435058594,478.0,471.3333435058594,476.6666564941406,597000
2014-04-28,476.0,476.0,468.6666564941406,472.6666564941406,318000
2014-04-30,478.0,478.6666564941406,469.3333435058594,472.0,450000
2014-05-01,476.6666564941406,482.0,475.3333435058594,482.0,396000
2014-05-02,480.0,480.0,474.6666564941406,476.0,268500
2014-05-07,480.0,490.0,466.0,466.0,834000
2014-05-08,466.0,490.6666564941406,461.3333435058594,488.0,1552500
2014-05-09,486.0,498.0,486.0,494.0,1111500
2014-05-12,491.3333435058594,495.3333435058594,486.0,486.6666564941406,754500
2014-05-13,491.3333435058594,496.6666564941406,490.6666564941406,492.6666564941406,600000
2014-05-14,492.0,499.3333435058594,492.0,498.0,498000
2014-05-15,495.3333435058594,498.6666564941406,492.0,496.6666564941406,471000
2014-05-16,490.6666564941406,492.6666564941406,489.3333435058594,490.6666564941406,517500
2014-05-19,490.6666564941406,492.6666564941406,487.3333435058594,488.0,511500
2014-05-20,492.0,500.0,490.6666564941406,496.6666564941406,618000
2014-05-21,495.3333435058594,500.0,492.6666564941406,496.6666564941406,583500
2014-05-22,497.3333435058594,506.6666564941406,496.0,505.3333435058594,778500
2014-05-23,508.0,513.3333129882812,508.0,512.0,747000
2014-05-26,512.0,521.3333129882812,512.0,521.3333129882812,804000
2014-05-27,519.3333129882812,524.6666870117188,518.0,521.3333129882812,549000
2014-05-28,520.0,524.6666870117188,519.3333129882812,523.3333129882812,675000
2014-05-29,521.3333129882812,528.0,519.3333129882812,524.6666870117188,642000
2014-05-30,522.0,527.3333129882812,518.6666870117188,524.0,1159500
2014-06-02,524.6666870117188,528.0,520.0,521.3333129882812,1309500
2014-06-03,523.3333129882812,523.3333129882812,513.3333129882812,515.3333129882812,1204500
2014-06-04,515.3333129882812,515.3333129882812,505.3333435058594,510.0,1081500
2014-06-05,510.0,511.3333435058594,502.0,504.6666564941406,1062000
2014-06-06,505.3333435058594,512.6666870117188,505.3333435058594,510.6666564941406,1146000
2014-06-09,511.3333435058594,513.3333129882812,503.3333435058594,504.6666564941406,1024500
2014-06-10,502.6666564941406,507.3333435058594,501.3333435058594,504.6666564941406,780000
2014-06-11,504.6666564941406,508.0,498.6666564941406,500.0,808500
2014-06-12,503.3333435058594,506.0,491.3333435058594,493.3333435058594,1275000
2014-06-13,486.6666564941406,502.0,486.6666564941406,500.6666564941406,1282500
2014-06-16,500.6666564941406,500.6666564941406,492.6666564941406,493.3333435058594,564000
2014-06-17,495.3333435058594,496.0,491.3333435058594,492.6666564941406,820500
2014-06-18,488.6666564941406,492.0,485.3333435058594,491.3333435058594,1203000
2014-06-19,494.0,495.3333435058594,490.0,492.6666564941406,1014000
2014-06-20,492.6666564941406,492.6666564941406,481.3333435058594,481.3333435058594,1972500
2014-06-23,481.3333435058594,487.3333435058594,481.3333435058594,484.0,1198500
2014-06-24,488.0,494.0,486.6666564941406,490.6666564941406,1048500
2014-06-25,490.6666564941406,491.3333435058594,483.3333435058594,484.0,750000
2014-06-26,486.6666564941406,489.3333435058594,484.0,484.6666564941406,438000
2014-06-27,485.3333435058594,486.6666564941406,478.0,481.3333435058594,775500
2014-06-30,481.3333435058594,484.0,478.6666564941406,482.6666564941406,784500
2014-07-01,482.6666564941406,494.6666564941406,482.0,493.3333435058594,957000
2014-07-02,498.0,499.3333435058594,492.0,492.0,552000
2014-07-03,491.3333435058594,494.6666564941406,490.0,491.3333435058594,610500
2014-07-04,496.0,496.6666564941406,490.0,492.6666564941406,712500
2014-07-07,493.3333435058594,494.6666564941406,487.3333435058594,488.6666564941406,564000
2014-07-08,488.0,490.6666564941406,481.3333435058594,488.6666564941406,631500
2014-07-09,486.0,489.3333435058594,483.3333435058594,486.0,381000
2014-07-10,484.6666564941406,486.6666564941406,480.6666564941406,481.3333435058594,564000
2014-07-11,476.6666564941406,478.0,473.3333435058594,476.6666564941406,352500
2014-07-14,479.3333435058594,479.3333435058594,475.3333435058594,477.3333435058594,408000
2014-07-15,477.3333435058594,481.3333435058594,477.3333435058594,480.0,489000
2014-07-16,478.0,479.3333435058594,475.3333435058594,475.3333435058594,555000
2014-07-17,474.6666564941406,475.3333435058594,468.6666564941406,470.0,762000
2014-07-18,465.3333435058594,471.3333435058594,462.0,467.3333435058594,385500
2014-07-22,470.0,474.0,469.3333435058594,473.3333435058594,322500
2014-07-23,478.0,480.0,474.6666564941406,477.3333435058594,718500
2014-07-24,479.3333435058594,481.3333435058594,474.6666564941406,478.0,507000
2014-07-25,481.3333435058594,486.6666564941406,481.3333435058594,485.3333435058594,550500
2014-07-28,486.0,489.3333435058594,484.6666564941406,487.3333435058594,460500
2014-07-29,484.6666564941406,488.6666564941406,484.6666564941406,487.3333435058594,307500
2014-07-30,483.3333435058594,490.6666564941406,483.3333435058594,488.0,337500
2014-07-31,490.6666564941406,490.6666564941406,482.6666564941406,483.3333435058594,310500
2014-08-01,479.3333435058594,484.0,478.6666564941406,478.6666564941406,406500
2014-08-04,472.0,478.6666564941406,469.3333435058594,474.6666564941406,718500
2014-08-05,477.3333435058594,479.3333435058594,471.3333435058594,475.3333435058594,676500
2014-08-06,485.3333435058594,488.0,473.3333435058594,474.0,903000
2014-08-07,472.6666564941406,486.0,469.3333435058594,475.3333435058594,535500
2014-08-08,473.3333435058594,474.6666564941406,461.3333435058594,463.3333435058594,714000
2014-08-11,468.0,470.0,464.6666564941406,468.6666564941406,397500
2014-08-12,470.0,474.0,467.3333435058594,468.6666564941406,280500
2014-08-13,468.6666564941406,474.0,466.6666564941406,472.0,337500
2014-08-14,472.0,475.3333435058594,472.0,474.0,255000
2014-08-15,471.3333435058594,477.3333435058594,470.6666564941406,476.0,436500
2014-08-18,472.6666564941406,477.3333435058594,470.0,470.0,418500
2014-08-19,470.6666564941406,474.6666564941406,470.6666564941406,473.3333435058594,405000
2014-08-20,470.6666564941406,474.0,470.0,472.0,333000
2014-08-21,473.3333435058594,479.3333435058594,472.6666564941406,478.6666564941406,522000
2014-08-22,480.6666564941406,483.3333435058594,478.6666564941406,481.3333435058594,409500
2014-08-25,484.6666564941406,486.6666564941406,479.3333435058594,485.3333435058594,382500
2014-08-26,485.3333435058594,485.3333435058594,473.3333435058594,474.0,622500
2014-08-27,476.0,480.0,476.0,480.0,348000
2014-08-28,478.6666564941406,478.6666564941406,472.6666564941406,474.6666564941406,220500
2014-08-29,472.6666564941406,476.0,471.3333435058594,474.6666564941406,345000
2014-09-01,472.0,479.3333435058594,472.0,477.3333435058594,265500
2014-09-02,477.3333435058594,486.6666564941406,477.3333435058594,486.0,522000
2014-09-03,485.3333435058594,486.0,476.0,476.6666564941406,483000
2014-09-04,476.6666564941406,476.6666564941406,470.6666564941406,474.6666564941406,549000
2014-09-05,476.0,479.3333435058594,472.0,474.6666564941406,430500
2014-09-08,476.6666564941406,476.6666564941406,468.0,470.6666564941406,465000
2014-09-09,470.6666564941406,473.3333435058594,468.6666564941406,469.3333435058594,291000
2014-09-10,468.0,472.0,464.0,472.0,421500
2014-09-11,474.0,474.6666564941406,464.0,464.6666564941406,601500
2014-09-12,458.0,459.3333435058594,450.0,452.6666564941406,2149500
2014-09-16,453.3333435058594,463.3333435058594,453.3333435058594,462.0,703500
2014-09-17,460.0,460.6666564941406,454.0,454.6666564941406,703500
2014-09-18,454.6666564941406,456.0,449.3333435058594,450.0,1123500
2014-09-19,451.3333435058594,456.6666564941406,450.0,454.0,969000
2014-09-22,456.6666564941406,457.3333435058594,452.0,454.6666564941406,504000
2014-09-24,450.6666564941406,456.0,450.6666564941406,455.3333435058594,789000
2014-09-25,460.0,464.0,455.3333435058594,464.0,802500
2014-09-26,455.3333435058594,462.6666564941406,447.3333435058594,462.6666564941406,937500
2014-09-29,463.3333435058594,463.3333435058594,457.3333435058594,458.0,348000
2014-09-30,458.0,458.0,453.3333435058594,456.0,654000
2014-10-01,462.0,463.3333435058594,458.0,462.6666564941406,549000
2014-10-02,457.3333435058594,460.0,450.0,450.6666564941406,682500
2014-10-03,450.0,458.6666564941406,450.0,454.0,604500
2014-10-06,458.6666564941406,462.0,455.3333435058594,455.3333435058594,346500
2014-10-07,454.6666564941406,457.3333435058594,452.6666564941406,452.6666564941406,391500
2014-10-08,446.6666564941406,452.6666564941406,443.3333435058594,450.0,562500
2014-10-09,450.0,452.0,447.3333435058594,447.3333435058594,631500
2014-10-10,440.6666564941406,445.3333435058594,440.6666564941406,444.0,808500
2014-10-14,437.3333435058594,438.6666564941406,429.3333435058594,432.0,1020000
2014-10-15,430.6666564941406,432.6666564941406,427.3333435058594,430.0,1218000
2014-10-16,423.3333435058594,454.0,423.3333435058594,440.6666564941406,3102000
2014-10-17,439.3333435058594,466.6666564941406,439.3333435058594,448.6666564941406,4006500
2014-10-20,454.0,464.6666564941406,452.0,464.0,1110000
2014-10-21,464.6666564941406,466.0,457.3333435058594,461.3333435058594,981000
2014-10-22,466.0,471.3333435058594,464.0,470.0,952500
2014-10-23,467.3333435058594,471.3333435058594,465.3333435058594,468.6666564941406,489000
2014-10-24,472.6666564941406,472.6666564941406,466.6666564941406,471.3333435058594,595500
2014-10-27,472.0,478.0,471.3333435058594,476.0,447000
2014-10-28,473.3333435058594,474.6666564941406,468.0,470.6666564941406,558000
2014-10-29,471.3333435058594,476.0,468.6666564941406,475.3333435058594,426000
2014-10-30,474.0,478.0,472.6666564941406,476.0,673500
2014-10-31,478.0,488.6666564941406,473.3333435058594,488.0,1245000
2014-11-04,494.6666564941406,495.3333435058594,485.3333435058594,486.0,786000
2014-11-05,484.0,491.3333435058594,478.6666564941406,486.6666564941406,840000
2014-11-06,484.6666564941406,489.3333435058594,478.6666564941406,484.0,559500
2014-11-07,484.6666564941406,485.3333435058594,480.6666564941406,483.3333435058594,553500
2014-11-10,478.0,486.6666564941406,478.0,486.0,609000
2014-11-11,486.0,490.6666564941406,482.6666564941406,490.0,837000
2014-11-12,490.0,494.0,488.0,490.0,867000
2014-11-13,488.0,500.0,487.3333435058594,498.6666564941406,1002000
2014-11-14,504.6666564941406,504.6666564941406,498.0,504.0,817500
2014-11-17,496.6666564941406,501.3333435058594,494.0,495.3333435058594,975000
2014-11-18,496.0,506.0,494.0,502.6666564941406,642000
2014-11-19,501.3333435058594,503.3333435058594,498.0,498.6666564941406,708000
2014-11-20,499.3333435058594,502.0,497.3333435058594,500.0,697500
2014-11-21,500.6666564941406,503.3333435058594,496.0,501.3333435058594,621000
2014-11-25,501.3333435058594,502.6666564941406,496.0,499.3333435058594,843000
2014-11-26,499.3333435058594,502.6666564941406,498.6666564941406,499.3333435058594,369000
2014-11-27,496.0,496.0,489.3333435058594,490.6666564941406,519000
2014-11-28,490.6666564941406,500.6666564941406,490.6666564941406,498.6666564941406,700500
2014-12-01,498.6666564941406,503.3333435058594,497.3333435058594,500.0,442500
2014-12-02,498.0,502.0,494.6666564941406,500.6666564941406,634500
2014-12-03,500.0,502.0,498.0,500.0,669000
2014-12-04,502.6666564941406,504.6666564941406,500.0,504.0,705000
2014-12-05,500.6666564941406,502.6666564941406,497.3333435058594,502.0,474000
2014-12-08,502.0,503.3333435058594,498.6666564941406,500.6666564941406,480000
2014-12-09,499.3333435058594,504.6666564941406,497.3333435058594,498.6666564941406,546000
2014-12-10,492.6666564941406,500.0,486.0,487.3333435058594,544500
2014-12-11,480.0,490.0,480.0,488.6666564941406,468000
2014-12-12,492.0,494.6666564941406,489.3333435058594,489.3333435058594,900000
2014-12-15,482.0,493.3333435058594,482.0,490.0,622500
2014-12-16,480.0,486.0,478.6666564941406,480.6666564941406,580500
2014-12-17,480.0,494.6666564941406,480.0,492.6666564941406,861000
2014-12-18,500.0,503.3333435058594,494.0,494.6666564941406,1284000
2014-12-19,502.0,504.6666564941406,500.6666564941406,502.6666564941406,1116000
2014-12-22,504.6666564941406,506.6666564941406,502.0,505.3333435058594,757500
2014-12-24,508.6666564941406,518.0,508.6666564941406,517.3333129882812,792000
2014-12-25,515.3333129882812,515.3333129882812,510.6666564941406,512.6666870117188,343500
2014-12-26,512.6666870117188,514.0,508.6666564941406,512.6666870117188,228000
2014-12-29,512.6666870117188,514.6666870117188,506.0,510.6666564941406,304500
2014-12-30,512.0,512.6666870117188,506.6666564941406,509.3333435058594,297000
2015-01-05,504.6666564941406,512.0,502.0,506.6666564941406,378000
2015-01-06,496.6666564941406,501.3333435058594,492.0,496.0,1300500
2015-01-07,489.3333435058594,501.3333435058594,489.3333435058594,495.3333435058594,696000
2015-01-08,498.0,503.3333435058594,497.3333435058594,499.3333435058594,652500
2015-01-09,499.3333435058594,506.6666564941406,498.6666564941406,504.0,492000
2015-01-13,496.0,501.3333435058594,494.0,500.0,363000
2015-01-14,495.3333435058594,504.6666564941406,495.3333435058594,497.3333435058594,285000
2015-01-15,494.0,503.3333435058594,494.0,501.3333435058594,346500
2015-01-16,493.3333435058594,496.0,484.6666564941406,487.3333435058594,432000
2015-01-19,488.0,494.6666564941406,486.6666564941406,494.0,262500
2015-01-20,494.0,501.3333435058594,493.3333435058594,500.6666564941406,343500
2015-01-21,500.6666564941406,501.3333435058594,495.3333435058594,495.3333435058594,436500
2015-01-22,494.6666564941406,496.0,490.6666564941406,494.0,270000
2015-01-23,500.0,503.3333435058594,497.3333435058594,503.3333435058594,252000
2015-01-26,495.3333435058594,501.3333435058594,494.0,500.0,247500
2015-01-27,505.3333435058594,507.3333435058594,500.6666564941406,507.3333435058594,331500
2015-01-28,506.0,511.3333435058594,502.0,510.0,384000
2015-01-29,506.6666564941406,510.0,502.6666564941406,503.3333435058594,310500
2015-01-30,505.3333435058594,509.3333435058594,504.0,505.3333435058594,421500
2015-02-02,498.6666564941406,502.6666564941406,496.6666564941406,500.6666564941406,217500
2015-02-03,501.3333435058594,504.0,495.3333435058594,496.6666564941406,430500
2015-02-04,496.6666564941406,510.6666564941406,496.6666564941406,508.0,457500
2015-02-05,508.6666564941406,514.0,502.6666564941406,507.3333435058594,511500
2015-02-06,513.3333129882812,521.3333129882812,511.3333435058594,519.3333129882812,754500
2015-02-09,518.6666870117188,519.3333129882812,512.0,516.0,426000
2015-02-10,518.0,525.3333129882812,518.0,525.3333129882812,757500
2015-02-12,530.6666870117188,538.0,527.3333129882812,535.3333129882812,975000
2015-02-13,538.0,538.6666870117188,530.0,533.3333129882812,546000
2015-02-16,535.3333129882812,540.6666870117188,535.3333129882812,538.0,348000
2015-02-17,538.0,539.3333129882812,533.3333129882812,538.6666870117188,384000
2015-02-18,538.6666870117188,545.3333129882812,538.0,538.6666870117188,510000
2015-02-19,542.6666870117188,567.3333129882812,541.3333129882812,563.3333129882812,1147500
2015-02-20,563.3333129882812,566.6666870117188,557.3333129882812,563.3333129882812,471000
2015-02-23,566.6666870117188,568.6666870117188,560.0,567.3333129882812,774000
2015-02-24,569.3333129882812,569.3333129882812,565.3333129882812,566.6666870117188,460500
2015-02-25,566.0,568.0,562.6666870117188,565.3333129882812,369000
2015-02-26,563.3333129882812,567.3333129882812,560.0,565.3333129882812,384000
2015-02-27,566.6666870117188,573.3333129882812,560.6666870117188,562.0,589500
2015-03-02,557.3333129882812,564.6666870117188,551.3333129882812,552.0,570000
2015-03-03,552.0,556.6666870117188,547.3333129882812,553.3333129882812,313500
2015-03-04,553.3333129882812,556.0,550.6666870117188,554.6666870117188,273000
2015-03-05,552.0,556.0,548.0,550.0,201000
2015-03-06,547.3333129882812,553.3333129882812,546.0,550.6666870117188,247500
2015-03-09,546.6666870117188,551.3333129882812,544.0,545.3333129882812,414000
2015-03-10,545.3333129882812,553.3333129882812,544.6666870117188,546.0,486000
2015-03-11,546.0,552.6666870117188,546.0,550.6666870117188,328500
2015-03-12,554.0,559.3333129882812,554.0,558.6666870117188,405000
2015-03-13,568.6666870117188,576.0,562.6666870117188,572.6666870117188,1161000
2015-03-16,571.3333129882812,576.6666870117188,568.0,576.0,580500
2015-03-17,580.0,583.3333129882812,573.3333129882812,579.3333129882812,598500
2015-03-18,580.6666870117188,596.0,577.3333129882812,594.6666870117188,778500
2015-03-19,590.6666870117188,594.6666870117188,577.3333129882812,586.0,813000
2015-03-20,588.0,611.3333129882812,582.6666870117188,608.6666870117188,1150500
2015-03-23,612.6666870117188,615.3333129882812,606.6666870117188,611.3333129882812,618000
2015-03-24,604.6666870117188,609.3333129882812,595.3333129882812,598.0,483000
2015-03-25,595.3333129882812,600.0,592.0,597.3333129882812,759000
2015-03-26,594.6666870117188,594.6666870117188,586.6666870117188,590.0,403500
2015-03-27,586.6666870117188,598.0,584.0,588.0,718500
2015-03-30,591.3333129882812,597.3333129882812,587.3333129882812,594.0,603000
2015-03-31,601.3333129882812,607.3333129882812,591.3333129882812,594.6666870117188,622500
2015-04-01,588.6666870117188,596.0,587.3333129882812,590.0,987000
2015-04-02,591.3333129882812,599.3333129882812,589.3333129882812,594.6666870117188,781500
2015-04-03,600.6666870117188,604.0,596.6666870117188,604.0,747000
2015-04-06,601.3333129882812,610.6666870117188,600.0,609.3333129882812,879000
2015-04-07,612.6666870117188,618.6666870117188,611.3333129882812,616.6666870117188,859500
2015-04-08,616.6666870117188,621.3333129882812,614.6666870117188,618.6666870117188,894000
2015-04-09,615.3333129882812,616.6666870117188,607.3333129882812,612.6666870117188,873000
2015-04-10,612.6666870117188,618.6666870117188,608.6666870117188,616.6666870117188,630000
2015-04-13,616.6666870117188,616.6666870117188,606.0,614.6666870117188,492000
2015-04-14,608.6666870117188,616.6666870117188,608.6666870117188,611.3333129882812,412500
2015-04-15,605.3333129882812,610.6666870117188,602.0,603.3333129882812,361500
2015-04-16,607.3333129882812,610.0,598.0,604.0,402000
2015-04-17,606.6666870117188,608.6666870117188,600.0,606.0,384000
2015-04-20,608.6666870117188,608.6666870117188,600.6666870117188,602.0,331500
2015-04-21,601.3333129882812,612.6666870117188,599.3333129882812,611.3333129882812,301500
2015-04-22,613.3333129882812,624.0,613.3333129882812,619.3333129882812,663000
2015-04-23,614.6666870117188,617.3333129882812,612.0,615.3333129882812,574500
2015-04-24,616.6666870117188,625.3333129882812,614.6666870117188,622.6666870117188,609000
2015-04-27,620.0,622.6666870117188,616.0,618.0,442500
2015-04-28,620.0,624.0,617.3333129882812,622.6666870117188,597000
2015-04-30,616.0,620.0,613.3333129882812,616.0,535500
2015-05-01,607.3333129882812,618.6666870117188,607.3333129882812,613.3333129882812,643500
2015-05-07,612.6666870117188,622.0,610.6666870117188,620.0,366000
2015-05-08,616.0,629.3333129882812,610.6666870117188,620.6666870117188,751500
2015-05-11,630.6666870117188,668.0,630.6666870117188,664.0,1435500
2015-05-12,663.3333129882812,666.6666870117188,660.6666870117188,665.3333129882812,646500
2015-05-13,665.3333129882812,666.0,653.3333129882812,654.6666870117188,570000
2015-05-14,648.6666870117188,652.0,638.0,639.3333129882812,820500
2015-05-15,644.0,649.3333129882812,640.0,640.6666870117188,666000
2015-05-18,640.6666870117188,650.6666870117188,640.6666870117188,644.0,648000
2015-05-19,647.3333129882812,650.6666870117188,644.6666870117188,648.0,499500
2015-05-20,650.6666870117188,656.6666870117188,650.0,652.6666870117188,523500
2015-05-21,656.6666870117188,658.0,651.3333129882812,653.3333129882812,568500
2015-05-22,654.0,654.6666870117188,649.3333129882812,650.6666870117188,354000
2015-05-25,652.6666870117188,669.3333129882812,652.6666870117188,662.6666870117188,684000
2015-05-26,660.6666870117188,662.6666870117188,655.3333129882812,655.3333129882812,546000
2015-05-27,655.3333129882812,656.0,640.6666870117188,643.3333129882812,742500
2015-05-28,645.3333129882812,645.3333129882812,638.0,639.3333129882812,477000
2015-05-29,642.6666870117188,644.6666870117188,637.3333129882812,640.0,994500
2015-06-01,635.3333129882812,644.0,634.0,642.6666870117188,669000
2015-06-02,642.6666870117188,643.3333129882812,637.3333129882812,638.6666870117188,624000
2015-06-03,640.6666870117188,648.0,638.0,644.6666870117188,751500
2015-06-04,648.6666870117188,651.3333129882812,644.6666870117188,647.3333129882812,486000
2015-06-05,645.3333129882812,650.6666870117188,645.3333129882812,648.0,444000
2015-06-08,648.6666870117188,648.6666870117188,644.0,646.6666870117188,451500
2015-06-09,646.6666870117188,652.0,644.0,645.3333129882812,600000
2015-06-10,647.3333129882812,649.3333129882812,639.3333129882812,641.3333129882812,610500
2015-06-11,640.6666870117188,651.3333129882812,636.6666870117188,650.6666870117188,835500
2015-06-12,650.0,651.3333129882812,645.3333129882812,647.3333129882812,966000
2015-06-15,638.6666870117188,643.3333129882812,638.0,638.0,426000
2015-06-16,638.0,639.3333129882812,635.3333129882812,637.3333129882812,471000
2015-06-17,638.0,642.6666870117188,636.6666870117188,640.0,645000
2015-06-18,640.0,640.6666870117188,631.3333129882812,632.0,576000
2015-06-19,635.3333129882812,650.6666870117188,632.6666870117188,643.3333129882812,1471500
2015-06-22,640.0,648.6666870117188,638.6666870117188,647.3333129882812,739500
2015-06-23,652.0,666.0,650.0,664.6666870117188,900000
2015-06-24,664.6666870117188,671.3333129882812,662.0,668.0,952500
2015-06-25,661.3333129882812,667.3333129882812,660.0,663.3333129882812,298500
2015-06-26,663.3333129882812,666.6666870117188,658.0,665.3333129882812,361500
2015-06-29,645.3333129882812,659.3333129882812,645.3333129882812,656.0,733500
2015-06-30,656.0,658.0,651.3333129882812,655.3333129882812,381000
2015-07-01,654.6666870117188,658.6666870117188,648.0,656.6666870117188,406500
2015-07-02,664.0,664.6666870117188,660.0,664.0,379500
2015-07-03,666.6666870117188,672.6666870117188,661.3333129882812,671.3333129882812,669000
2015-07-06,665.3333129882812,667.3333129882812,657.3333129882812,659.3333129882812,613500
2015-07-07,666.6666870117188,678.6666870117188,665.3333129882812,676.6666870117188,675000
2015-07-08,675.3333129882812,675.3333129882812,651.3333129882812,651.3333129882812,616500
2015-07-09,640.0,646.6666870117188,628.6666870117188,643.3333129882812,721500
2015-07-10,644.6666870117188,655.3333129882812,639.3333129882812,643.3333129882812,960000
2015-07-13,656.0,669.3333129882812,653.3333129882812,669.3333129882812,625500
2015-07-14,678.6666870117188,687.3333129882812,669.3333129882812,682.6666870117188,750000
2015-07-15,684.0,692.0,680.6666870117188,686.0,784500
2015-07-16,683.3333129882812,705.3333129882812,682.0,704.0,552000
2015-07-17,704.0,704.6666870117188,694.6666870117188,698.0,384000
2015-07-21,704.0,704.6666870117188,697.3333129882812,702.6666870117188,495000
2015-07-22,692.0,706.0,692.0,700.6666870117188,336000
2015-07-23,702.0,714.0,697.3333129882812,712.6666870117188,483000
2015-07-24,712.6666870117188,718.0,711.3333129882812,712.0,282000
2015-07-27,708.6666870117188,710.6666870117188,698.0,700.0,382500
2015-07-28,690.0,694.0,686.0,689.3333129882812,642000
2015-07-29,691.3333129882812,694.0,686.6666870117188,690.0,294000
2015-07-30,690.6666870117188,701.3333129882812,689.3333129882812,692.0,388500
2015-07-31,686.0,695.3333129882812,682.6666870117188,684.6666870117188,489000
2015-08-03,681.3333129882812,695.3333129882812,679.3333129882812,694.0,414000
2015-08-04,692.6666870117188,699.3333129882812,674.6666870117188,678.6666870117188,657000
2015-08-05,678.6666870117188,686.0,662.0,682.6666870117188,754500
2015-08-06,682.6666870117188,688.6666870117188,680.0,680.0,426000
2015-08-07,674.6666870117188,677.3333129882812,668.6666870117188,671.3333129882812,528000
2015-08-10,700.0,730.0,691.3333129882812,724.6666870117188,1510500
2015-08-11,730.6666870117188,732.6666870117188,706.6666870117188,715.3333129882812,795000
2015-08-12,695.3333129882812,708.0,686.0,690.0,1066500
2015-08-13,678.0,690.6666870117188,675.3333129882812,688.0,910500
2015-08-14,678.6666870117188,682.6666870117188,672.6666870117188,675.3333129882812,855000
2015-08-17,672.0,682.6666870117188,670.6666870117188,676.6666870117188,624000
2015-08-18,680.6666870117188,688.0,676.6666870117188,683.3333129882812,507000
2015-08-19,680.0,682.6666870117188,666.6666870117188,668.0,597000
2015-08-20,662.6666870117188,673.3333129882812,662.0,662.6666870117188,445500
2015-08-21,641.3333129882812,655.3333129882812,641.3333129882812,648.0,670500
2015-08-24,620.0,632.0,610.0,610.0,1237500
2015-08-25,579.3333129882812,606.6666870117188,574.0,574.6666870117188,1584000
2015-08-26,572.6666870117188,594.0,568.6666870117188,590.0,1077000
2015-08-27,596.6666870117188,610.0,590.6666870117188,592.6666870117188,1518000
2015-08-28,612.6666870117188,620.0,602.0,602.0,3274500
2015-08-31,602.0,605.3333129882812,592.6666870117188,602.6666870117188,1402500
2015-09-01,600.0,600.0,581.3333129882812,581.3333129882812,819000
2015-09-02,568.0,579.3333129882812,564.6666870117188,567.3333129882812,795000
2015-09-03,570.0,572.6666870117188,559.3333129882812,560.6666870117188,721500
2015-09-04,566.0,566.0,542.0,546.6666870117188,843000
2015-09-07,542.6666870117188,553.3333129882812,537.3333129882812,548.6666870117188,618000
2015-09-08,548.6666870117188,555.3333129882812,536.6666870117188,536.6666870117188,490500
2015-09-09,555.3333129882812,570.6666870117188,552.6666870117188,566.6666870117188,970500
2015-09-10,560.0,568.0,553.3333129882812,565.3333129882812,805500
2015-09-11,585.3333129882812,585.3333129882812,568.6666870117188,577.3333129882812,1213500
2015-09-14,574.0,575.3333129882812,559.3333129882812,564.0,505500
2015-09-15,566.6666870117188,574.0,564.6666870117188,567.3333129882812,372000
2015-09-16,571.3333129882812,571.3333129882812,555.3333129882812,557.3333129882812,451500
2015-09-17,564.6666870117188,564.6666870117188,554.6666870117188,562.0,495000
2015-09-18,562.0,563.3333129882812,547.3333129882812,554.6666870117188,784500
2015-09-24,543.3333129882812,550.0,538.0,538.6666870117188,631500
2015-09-25,538.0,558.0,538.0,558.0,841500
2015-09-28,553.3333129882812,559.3333129882812,544.6666870117188,552.6666870117188,594000
2015-09-29,542.6666870117188,546.6666870117188,533.3333129882812,534.0,751500
2015-09-30,537.3333129882812,551.3333129882812,537.3333129882812,545.3333129882812,513000
2015-10-01,549.3333129882812,558.0,546.0,554.0,555000
2015-10-02,548.0,552.0,544.0,547.3333129882812,588000
2015-10-05,553.3333129882812,564.0,552.0,559.3333129882812,432000
2015-10-06,559.3333129882812,567.3333129882812,556.0,561.3333129882812,477000
2015-10-07,558.6666870117188,566.6666870117188,558.0,564.6666870117188,490500
2015-10-08,562.6666870117188,565.3333129882812,551.3333129882812,553.3333129882812,715500
2015-10-09,557.3333129882812,572.0,556.6666870117188,570.0,583500
2015-10-13,564.6666870117188,572.0,561.3333129882812,569.3333129882812,534000
2015-10-14,562.6666870117188,563.3333129882812,550.6666870117188,552.0,603000
2015-10-15,547.3333129882812,562.6666870117188,547.3333129882812,562.0,511500
2015-10-16,565.3333129882812,569.3333129882812,561.3333129882812,562.0,553500
2015-10-19,560.6666870117188,566.6666870117188,552.6666870117188,562.6666870117188,658500
2015-10-20,568.6666870117188,573.3333129882812,566.6666870117188,568.6666870117188,502500
2015-10-21,564.6666870117188,586.0,563.3333129882812,584.0,660000
2015-10-22,582.6666870117188,589.3333129882812,581.3333129882812,586.0,544500
2015-10-23,592.0,594.0,588.0,590.6666870117188,529500
2015-10-26,597.3333129882812,603.3333129882812,592.0,600.0,646500
2015-10-27,598.6666870117188,598.6666870117188,582.6666870117188,584.0,649500
2015-10-28,582.0,586.6666870117188,572.6666870117188,575.3333129882812,787500
2015-10-29,577.3333129882812,578.6666870117188,571.3333129882812,576.0,1858500
2015-10-30,576.6666870117188,581.3333129882812,569.3333129882812,578.6666870117188,745500
2015-11-02,566.0,566.6666870117188,561.3333129882812,562.6666870117188,705000
2015-11-04,569.3333129882812,575.3333129882812,562.0,563.3333129882812,643500
2015-11-05,573.3333129882812,584.6666870117188,568.6666870117188,582.6666870117188,859500
2015-11-06,583.3333129882812,610.0,579.3333129882812,604.0,1035000
2015-11-09,614.0,630.0,614.0,630.0,1086000
2015-11-10,621.3333129882812,636.6666870117188,620.0,632.6666870117188,924000
2015-11-11,632.6666870117188,644.6666870117188,632.6666870117188,641.3333129882812,520500
2015-11-12,637.3333129882812,644.0,633.3333129882812,642.0,445500
2015-11-13,632.6666870117188,641.3333129882812,631.3333129882812,637.3333129882812,541500
2015-11-16,620.0,634.0,618.6666870117188,631.3333129882812,402000
2015-11-17,640.6666870117188,644.0,630.6666870117188,640.6666870117188,501000
2015-11-18,642.0,643.3333129882812,635.3333129882812,636.6666870117188,333000
2015-11-19,640.0,642.0,634.0,640.0,331500
2015-11-20,640.0,641.3333129882812,636.0,641.3333129882812,417000
2015-11-24,641.3333129882812,655.3333129882812,640.6666870117188,653.3333129882812,742500
2015-11-25,657.3333129882812,657.3333129882812,640.0,641.3333129882812,525000
2015-11-26,641.3333129882812,642.6666870117188,636.0,637.3333129882812,369000
2015-11-27,640.6666870117188,640.6666870117188,626.0,629.3333129882812,303000
2015-11-30,624.0,638.6666870117188,624.0,632.6666870117188,799500
2015-12-01,642.6666870117188,663.3333129882812,636.0,656.6666870117188,946500
2015-12-02,652.6666870117188,656.0,646.0,651.3333129882812,505500
2015-12-03,645.3333129882812,648.6666870117188,640.0,645.3333129882812,486000
2015-12-04,642.0,643.3333129882812,635.3333129882812,637.3333129882812,430500
2015-12-07,642.6666870117188,650.6666870117188,642.0,645.3333129882812,441000
2015-12-08,646.6666870117188,646.6666870117188,632.6666870117188,635.3333129882812,315000
2015-12-09,637.3333129882812,639.3333129882812,624.6666870117188,624.6666870117188,417000
2015-12-10,624.0,630.0,619.3333129882812,620.6666870117188,354000
2015-12-11,616.0,625.3333129882812,613.3333129882812,624.6666870117188,642000
2015-12-14,619.3333129882812,628.0,609.3333129882812,628.0,504000
2015-12-15,626.6666870117188,627.3333129882812,617.3333129882812,618.6666870117188,279000
2015-12-16,625.3333129882812,628.6666870117188,618.6666870117188,626.6666870117188,492000
2015-12-17,633.3333129882812,641.3333129882812,630.0,631.3333129882812,523500
2015-12-18,630.0,643.3333129882812,622.0,622.0,660000
2015-12-21,616.0,617.3333129882812,605.3333129882812,614.6666870117188,363000
2015-12-22,615.3333129882812,622.0,613.3333129882812,619.3333129882812,231000
2015-12-24,624.0,627.3333129882812,609.3333129882812,609.3333129882812,267000
2015-12-25,609.3333129882812,609.3333129882812,609.3333129882812,609.3333129882812,0
2015-12-28,606.0,614.6666870117188,602.6666870117188,614.0,361500
2015-12-29,611.3333129882812,624.0,608.6666870117188,620.0,300000
2015-12-30,620.6666870117188,625.3333129882812,620.0,623.3333129882812,207000
2016-01-04,617.3333129882812,618.6666870117188,600.0,602.0,378000
2016-01-05,598.0,611.3333129882812,592.0,604.0,685500
2016-01-06,604.6666870117188,609.3333129882812,594.6666870117188,598.0,309000
2016-01-07,592.6666870117188,596.6666870117188,576.0,577.3333129882812,543000
2016-01-08,574.0,579.3333129882812,568.0,568.0,750000
2016-01-12,560.6666870117188,563.3333129882812,550.0,550.0,450000
2016-01-13,560.0,573.3333129882812,560.0,572.6666870117188,555000
2016-01-14,555.3333129882812,562.0,550.0,558.6666870117188,420000
2016-01-15,568.6666870117188,572.0,557.3333129882812,561.3333129882812,511500
2016-01-18,548.0,555.3333129882812,544.0,552.0,304500
2016-01-19,552.0,554.6666870117188,544.0,548.0,456000
2016-01-20,545.3333129882812,548.0,527.3333129882812,527.3333129882812,502500
2016-01-21,526.6666870117188,538.6666870117188,512.0,512.6666870117188,640500
2016-01-22,527.3333129882812,538.6666870117188,516.6666870117188,537.3333129882812,573000
2016-01-25,547.3333129882812,551.3333129882812,538.6666870117188,545.3333129882812,432000
2016-01-26,533.3333129882812,540.6666870117188,530.0,530.0,343500
2016-01-27,540.0,550.0,539.3333129882812,548.0,414000
2016-01-28,548.0,554.0,544.6666870117188,548.0,394500
2016-01-29,548.0,565.3333129882812,542.0,564.6666870117188,616500
2016-02-01,571.3333129882812,578.0,570.6666870117188,574.6666870117188,357000
2016-02-02,566.6666870117188,572.0,561.3333129882812,562.6666870117188,400500
2016-02-03,549.3333129882812,566.6666870117188,540.6666870117188,560.6666870117188,795000
2016-02-04,566.0,589.3333129882812,566.0,583.3333129882812,715500
2016-02-05,576.6666870117188,586.6666870117188,574.0,585.3333129882812,909000
2016-02-08,577.3333129882812,600.0,577.3333129882812,596.0,444000
2016-02-09,568.0,576.6666870117188,561.3333129882812,564.6666870117188,435000
2016-02-10,565.3333129882812,570.0,533.3333129882812,540.0,699000
2016-02-12,524.6666870117188,526.0,494.0,494.6666564941406,982500
2016-02-15,504.6666564941406,540.6666870117188,504.6666564941406,536.0,673500
2016-02-16,526.0,538.0,524.0,525.3333129882812,535500
2016-02-17,525.3333129882812,534.6666870117188,516.6666870117188,522.6666870117188,412500
2016-02-18,532.6666870117188,543.3333129882812,532.6666870117188,539.3333129882812,357000
2016-02-19,531.3333129882812,537.3333129882812,519.3333129882812,522.6666870117188,415500
2016-02-22,515.3333129882812,531.3333129882812,515.3333129882812,528.0,408000
2016-02-23,530.0,551.3333129882812,528.0,529.3333129882812,753000
2016-02-24,520.6666870117188,545.3333129882812,520.6666870117188,530.6666870117188,613500
2016-02-25,536.6666870117188,548.0,536.0,544.6666870117188,373500
2016-02-26,548.6666870117188,551.3333129882812,535.3333129882812,537.3333129882812,307500
2016-02-29,547.3333129882812,553.3333129882812,536.6666870117188,536.6666870117188,915000
2016-03-01,536.6666870117188,538.0,526.0,535.3333129882812,399000
2016-03-02,550.0,556.0,548.0,551.3333129882812,574500
2016-03-03,548.0,552.6666870117188,544.6666870117188,552.6666870117188,343500
2016-03-04,556.0,560.0,548.6666870117188,558.0,471000
2016-03-07,560.0,563.3333129882812,554.6666870117188,558.0,433500
2016-03-08,552.6666870117188,558.0,541.3333129882812,548.0,529500
2016-03-09,540.0,551.3333129882812,536.6666870117188,548.0,792000
2016-03-10,548.6666870117188,562.6666870117188,548.6666870117188,560.0,420000
2016-03-11,548.6666870117188,564.6666870117188,546.0,561.3333129882812,942000
2016-03-14,562.6666870117188,569.3333129882812,560.6666870117188,567.3333129882812,654000
2016-03-15,560.0,560.6666870117188,548.0,550.6666870117188,2379000
2016-03-16,548.0,550.0,536.0,539.3333129882812,1914000
2016-03-17,542.6666870117188,548.6666870117188,534.0,537.3333129882812,1101000
2016-03-18,538.6666870117188,541.3333129882812,530.6666870117188,533.3333129882812,748500
2016-03-22,540.0,542.0,523.3333129882812,535.3333129882812,1458000
2016-03-23,540.0,541.3333129882812,532.0,534.6666870117188,819000
2016-03-24,528.6666870117188,536.6666870117188,524.0,532.6666870117188,789000
2016-03-25,535.3333129882812,541.3333129882812,531.3333129882812,539.3333129882812,693000
2016-03-28,546.6666870117188,550.6666870117188,542.0,550.0,577500
2016-03-29,538.0,548.6666870117188,538.0,546.6666870117188,462000
2016-03-30,540.6666870117188,545.3333129882812,536.6666870117188,541.3333129882812,495000
2016-03-31,546.6666870117188,547.3333129882812,532.0,532.0,627000
2016-04-01,532.6666870117188,532.6666870117188,515.3333129882812,516.6666870117188,993000
2016-04-04,519.3333129882812,524.6666870117188,514.0,517.3333129882812,579000
2016-04-05,518.0,519.3333129882812,509.3333435058594,510.0,1072500
2016-04-06,510.0,515.3333129882812,506.0,509.3333435058594,1026000
2016-04-07,506.6666564941406,517.3333129882812,506.6666564941406,515.3333129882812,694500
2016-04-08,505.3333435058594,528.0,502.0,523.3333129882812,958500
2016-04-11,523.3333129882812,524.0,512.0,518.0,603000
2016-04-12,523.3333129882812,528.0,519.3333129882812,527.3333129882812,558000
2016-04-13,532.6666870117188,538.0,529.3333129882812,534.6666870117188,588000
2016-04-14,546.6666870117188,552.0,544.0,552.0,924000
2016-04-15,548.6666870117188,554.6666870117188,548.6666870117188,552.6666870117188,802500
2016-04-18,536.0,544.6666870117188,532.6666870117188,541.3333129882812,478500
2016-04-19,553.3333129882812,558.0,549.3333129882812,557.3333129882812,697500
2016-04-20,561.3333129882812,565.3333129882812,556.0,559.3333129882812,765000
2016-04-21,565.3333129882812,570.0,562.6666870117188,570.0,859500
2016-04-22,571.3333129882812,581.3333129882812,569.3333129882812,581.3333129882812,808500
2016-04-25,588.6666870117188,588.6666870117188,578.6666870117188,584.6666870117188,868500
2016-04-26,586.6666870117188,594.6666870117188,580.6666870117188,591.3333129882812,1185000
2016-04-27,591.3333129882812,594.0,586.6666870117188,588.6666870117188,841500
2016-04-28,593.3333129882812,596.0,578.0,579.3333129882812,1105500
2016-05-02,550.6666870117188,566.0,550.6666870117188,560.0,957000
2016-05-06,562.6666870117188,570.6666870117188,560.0,563.3333129882812,790500
2016-05-09,570.0,582.0,570.0,574.0,960000
2016-05-10,580.6666870117188,604.0,576.6666870117188,604.0,1677000
2016-05-11,604.0,622.6666870117188,604.0,612.6666870117188,1539000
2016-05-12,610.0,618.0,608.0,616.0,1153500
2016-05-13,616.0,622.0,609.3333129882812,618.6666870117188,832500
2016-05-16,612.6666870117188,617.3333129882812,606.0,607.3333129882812,991500
2016-05-17,607.3333129882812,622.6666870117188,604.6666870117188,619.3333129882812,1156500
2016-05-18,619.3333129882812,623.3333129882812,611.3333129882812,616.6666870117188,894000
2016-05-19,616.6666870117188,620.6666870117188,612.6666870117188,617.3333129882812,736500
2016-05-20,617.3333129882812,626.0,617.3333129882812,626.0,780000
2016-05-23,622.6666870117188,622.6666870117188,616.0,618.0,834000
2016-05-24,618.0,623.3333129882812,610.0,610.6666870117188,942000
2016-05-25,620.6666870117188,621.3333129882812,610.6666870117188,612.0,627000
2016-05-26,614.0,620.6666870117188,614.0,618.6666870117188,588000
2016-05-27,618.6666870117188,623.3333129882812,616.0,622.0,507000
2016-05-30,623.3333129882812,631.3333129882812,622.0,631.3333129882812,534000
2016-05-31,631.3333129882812,643.3333129882812,628.0,643.3333129882812,688500
2016-06-01,640.0,640.0,629.3333129882812,631.3333129882812,648000
2016-06-02,626.6666870117188,628.6666870117188,609.3333129882812,610.6666870117188,1107000
2016-06-03,614.6666870117188,628.0,614.6666870117188,627.3333129882812,898500
2016-06-06,618.0,625.3333129882812,613.3333129882812,624.6666870117188,628500
2016-06-07,624.0,627.3333129882812,620.0,621.3333129882812,963000
2016-06-08,621.3333129882812,624.6666870117188,615.3333129882812,620.6666870117188,810000
2016-06-09,616.6666870117188,616.6666870117188,611.3333129882812,614.0,744000
2016-06-10,610.0,610.0,605.3333129882812,608.0,873000
2016-06-13,599.3333129882812,599.3333129882812,582.0,583.3333129882812,843000
2016-06-14,584.0,588.0,580.6666870117188,582.6666870117188,924000
2016-06-15,582.6666870117188,585.3333129882812,575.3333129882812,576.6666870117188,1020000
2016-06-16,576.6666870117188,577.3333129882812,558.0,559.3333129882812,1051500
2016-06-17,564.6666870117188,574.6666870117188,549.3333129882812,555.3333129882812,2737500
2016-06-20,563.3333129882812,581.3333129882812,563.3333129882812,578.6666870117188,916500
2016-06-21,570.0,580.0,565.3333129882812,578.6666870117188,643500
2016-06-22,578.6666870117188,578.6666870117188,568.6666870117188,572.0,571500
2016-06-23,567.3333129882812,570.6666870117188,566.0,570.6666870117188,354000
2016-06-24,571.3333129882812,576.0,521.3333129882812,524.0,834000
2016-06-27,536.6666870117188,541.3333129882812,530.0,540.0,768000
2016-06-28,532.0,543.3333129882812,530.0,538.6666870117188,591000
2016-06-29,544.6666870117188,567.3333129882812,543.3333129882812,556.6666870117188,1405500
2016-06-30,566.6666870117188,574.6666870117188,562.6666870117188,563.3333129882812,928500
2016-07-01,563.3333129882812,574.6666870117188,558.6666870117188,568.6666870117188,628500
2016-07-04,564.6666870117188,564.6666870117188,559.3333129882812,562.0,649500
2016-07-05,557.3333129882812,564.0,555.3333129882812,561.3333129882812,402000
2016-07-06,552.6666870117188,552.6666870117188,541.3333129882812,546.6666870117188,945000
2016-07-07,546.6666870117188,552.0,543.3333129882812,546.0,1116000
2016-07-08,546.6666870117188,551.3333129882812,535.3333129882812,535.3333129882812,913500
2016-07-11,535.3333129882812,535.3333129882812,535.3333129882812,535.3333129882812,0
2016-07-12,556.0,565.3333129882812,550.6666870117188,558.6666870117188,1303500
2016-07-13,578.0,578.0,570.0,572.0,774000
2016-07-14,574.6666870117188,576.0,570.0,572.0,546000
2016-07-15,576.0,576.0,566.0,570.6666870117188,555000
2016-07-19,573.3333129882812,578.0,570.6666870117188,574.6666870117188,733500
2016-07-20,574.0,574.6666870117188,562.0,574.0,559500
2016-07-21,582.0,589.3333129882812,581.3333129882812,586.6666870117188,1041000
2016-07-22,582.0,586.6666870117188,580.6666870117188,586.6666870117188,756000
2016-07-25,587.3333129882812,594.0,587.3333129882812,588.6666870117188,454500
2016-07-26,588.6666870117188,588.6666870117188,578.6666870117188,583.3333129882812,642000
2016-07-27,591.3333129882812,608.0,588.0,602.6666870117188,880500
2016-07-28,595.3333129882812,602.6666870117188,591.3333129882812,597.3333129882812,606000
2016-07-29,596.0,600.0,582.0,594.6666870117188,535500
2016-08-01,590.6666870117188,590.6666870117188,574.0,585.3333129882812,454500
2016-08-02,576.6666870117188,583.3333129882812,574.6666870117188,578.0,520500
2016-08-03,568.0,636.0,560.0,634.0,3199500
2016-08-04,633.3333129882812,651.3333129882812,632.0,646.0,2122500
2016-08-05,643.3333129882812,644.0,630.0,634.6666870117188,904500
2016-08-08,641.3333129882812,648.6666870117188,640.0,646.0,811500
2016-08-09,644.0,658.0,640.6666870117188,658.0,847500
2016-08-10,656.0,658.6666870117188,652.6666870117188,654.6666870117188,687000
2016-08-12,659.3333129882812,660.6666870117188,652.0,658.0,766500
2016-08-15,655.3333129882812,656.0,648.0,649.3333129882812,228000
2016-08-16,657.3333129882812,657.3333129882812,643.3333129882812,643.3333129882812,576000
2016-08-17,640.0,643.3333129882812,637.3333129882812,642.0,529500
2016-08-18,636.6666870117188,636.6666870117188,630.6666870117188,630.6666870117188,477000
2016-08-19,630.0,638.6666870117188,628.6666870117188,634.6666870117188,487500
2016-08-22,638.6666870117188,639.3333129882812,630.6666870117188,637.3333129882812,489000
2016-08-23,633.3333129882812,638.6666870117188,630.6666870117188,634.0,373500
2016-08-24,634.0,644.6666870117188,634.0,644.6666870117188,268500
2016-08-25,647.3333129882812,652.6666870117188,643.3333129882812,651.3333129882812,630000
2016-08-26,653.3333129882812,654.0,644.6666870117188,647.3333129882812,577500
2016-08-29,658.6666870117188,662.0,651.3333129882812,652.6666870117188,649500
2016-08-30,658.6666870117188,680.0,656.0,676.6666870117188,1725000
2016-08-31,680.0,696.6666870117188,680.0,696.6666870117188,1380000
2016-09-01,684.6666870117188,686.6666870117188,662.6666870117188,673.3333129882812,1374000
2016-09-02,664.0,668.6666870117188,660.6666870117188,664.0,756000
2016-09-05,668.6666870117188,671.3333129882812,661.3333129882812,666.6666870117188,448500
2016-09-06,664.6666870117188,671.3333129882812,663.3333129882812,668.6666870117188,381000
2016-09-07,664.0,668.0,661.3333129882812,666.0,532500
2016-09-08,668.0,668.0,658.0,662.6666870117188,459000
2016-09-09,658.0,661.3333129882812,654.6666870117188,658.6666870117188,466500
2016-09-12,650.6666870117188,654.0,646.6666870117188,649.3333129882812,519000
2016-09-13,652.6666870117188,660.0,650.6666870117188,658.6666870117188,322500
2016-09-14,648.6666870117188,656.6666870117188,648.6666870117188,651.3333129882812,594000
2016-09-15,644.6666870117188,650.6666870117188,643.3333129882812,646.6666870117188,489000
2016-09-16,647.3333129882812,652.6666870117188,645.3333129882812,648.6666870117188,619500
2016-09-20,642.6666870117188,656.6666870117188,640.0,652.6666870117188,621000
2016-09-21,648.0,675.3333129882812,645.3333129882812,674.0,1030500
2016-09-23,678.6666870117188,678.6666870117188,667.3333129882812,671.3333129882812,708000
2016-09-26,671.3333129882812,671.3333129882812,663.3333129882812,663.3333129882812,379500
2016-09-27,651.3333129882812,678.6666870117188,650.6666870117188,678.6666870117188,859500
2016-09-28,672.0,680.0,670.0,680.0,435000
2016-09-29,686.6666870117188,696.6666870117188,683.3333129882812,692.6666870117188,745500
2016-09-30,680.0,684.0,677.3333129882812,682.0,361500
2016-10-03,690.0,692.0,682.0,683.3333129882812,403500
2016-10-04,688.6666870117188,699.3333129882812,685.3333129882812,697.3333129882812,444000
2016-10-05,699.3333129882812,712.6666870117188,698.0,702.0,835500
2016-10-06,702.0,704.6666870117188,695.3333129882812,702.0,531000
2016-10-07,701.3333129882812,713.3333129882812,698.6666870117188,712.0,840000
2016-10-11,713.3333129882812,722.6666870117188,711.3333129882812,718.6666870117188,802500
2016-10-12,705.3333129882812,718.6666870117188,702.6666870117188,710.6666870117188,807000
2016-10-13,720.0,725.3333129882812,714.6666870117188,719.3333129882812,918000
2016-10-14,716.6666870117188,718.6666870117188,709.3333129882812,712.6666870117188,666000
2016-10-17,705.3333129882812,715.3333129882812,705.3333129882812,715.3333129882812,496500
2016-10-18,714.0,730.0,714.0,725.3333129882812,786000
2016-10-19,730.0,743.3333129882812,727.3333129882812,737.3333129882812,919500
2016-10-20,740.0,745.3333129882812,738.6666870117188,742.6666870117188,637500
2016-10-21,742.6666870117188,744.0,739.3333129882812,741.3333129882812,552000
2016-10-24,734.6666870117188,748.0,733.3333129882812,745.3333129882812,775500
2016-10-25,746.6666870117188,755.3333129882812,742.6666870117188,749.3333129882812,901500
2016-10-26,750.0,757.3333129882812,750.0,756.0,627000
2016-10-27,752.0,754.0,744.0,747.3333129882812,555000
2016-10-28,748.0,754.6666870117188,741.3333129882812,751.3333129882812,2341500
2016-10-31,751.3333129882812,762.6666870117188,751.3333129882812,762.0,738000
2016-11-01,760.6666870117188,760.6666870117188,740.6666870117188,746.0,967500
2016-11-02,734.0,743.3333129882812,702.6666870117188,714.0,1926000
2016-11-04,701.3333129882812,718.0,697.3333129882812,708.0,2808000
2016-11-07,713.3333129882812,719.3333129882812,692.6666870117188,696.0,972000
2016-11-08,696.0,696.6666870117188,688.6666870117188,692.6666870117188,597000
2016-11-09,694.6666870117188,694.6666870117188,656.0,662.0,1000500
2016-11-10,746.6666870117188,746.6666870117188,702.6666870117188,707.3333129882812,1122000
2016-11-11,710.0,712.0,684.6666870117188,688.0,655500
2016-11-14,693.3333129882812,710.6666870117188,693.3333129882812,706.6666870117188,648000
2016-11-15,703.3333129882812,716.6666870117188,695.3333129882812,714.6666870117188,1176000
2016-11-16,717.3333129882812,717.3333129882812,699.3333129882812,705.3333129882812,771000
2016-11-17,702.6666870117188,720.6666870117188,700.6666870117188,718.0,684000
2016-11-18,719.3333129882812,722.6666870117188,711.3333129882812,714.6666870117188,600000
2016-11-21,715.3333129882812,718.6666870117188,712.0,714.0,327000
2016-11-22,715.3333129882812,716.6666870117188,706.6666870117188,714.6666870117188,400500
2016-11-24,724.6666870117188,724.6666870117188,718.0,722.0,519000
2016-11-25,726.6666870117188,727.3333129882812,714.0,717.3333129882812,679500
2016-11-28,717.3333129882812,717.3333129882812,710.0,715.3333129882812,703500
2016-11-29,706.0,706.0,693.3333129882812,698.0,1470000
2016-11-30,702.0,709.3333129882812,692.6666870117188,706.0,1842000
2016-12-01,714.0,719.3333129882812,703.3333129882812,706.6666870117188,1210500
2016-12-02,700.6666870117188,706.0,687.3333129882812,694.6666870117188,1479000
2016-12-05,682.0,691.3333129882812,670.0,674.0,1881000
2016-12-06,688.0,702.0,682.6666870117188,685.3333129882812,1845000
2016-12-07,696.6666870117188,698.6666870117188,692.0,695.3333129882812,850500
2016-12-08,703.3333129882812,728.6666870117188,702.0,728.0,1629000
2016-12-09,728.0,732.0,718.6666870117188,722.0,1753500
2016-12-12,733.3333129882812,733.3333129882812,703.3333129882812,708.0,1317000
2016-12-13,709.3333129882812,724.0,709.3333129882812,722.0,1173000
2016-12-14,723.3333129882812,723.3333129882812,712.6666870117188,714.6666870117188,429000
2016-12-15,714.6666870117188,720.0,708.0,715.3333129882812,907500
2016-12-16,726.6666870117188,727.3333129882812,722.0,722.6666870117188,1042500
2016-12-19,718.6666870117188,736.0,716.0,726.6666870117188,1605000
2016-12-20,728.0,746.6666870117188,727.3333129882812,744.0,1045500
2016-12-21,744.6666870117188,744.6666870117188,732.6666870117188,739.3333129882812,981000
2016-12-22,742.6666870117188,744.6666870117188,740.6666870117188,742.0,559500
2016-12-26,750.0,756.0,744.6666870117188,747.3333129882812,918000
2016-12-27,751.3333129882812,752.6666870117188,744.0,746.6666870117188,333000
2016-12-28,742.0,748.6666870117188,742.0,748.0,805500
2016-12-29,738.6666870117188,744.0,734.6666870117188,736.6666870117188,757500
2016-12-30,736.6666870117188,750.6666870117188,734.6666870117188,750.0,760500
2017-01-04,746.0,768.0,745.3333129882812,766.0,810000
2017-01-05,771.3333129882812,778.6666870117188,764.6666870117188,768.6666870117188,915000
2017-01-06,752.0,781.3333129882812,752.0,778.0,1291500
2017-01-10,786.6666870117188,789.3333129882812,774.6666870117188,784.0,1299000
2017-01-11,784.0,797.3333129882812,782.6666870117188,788.6666870117188,862500
2017-01-12,779.3333129882812,785.3333129882812,777.3333129882812,784.0,655500
2017-01-13,778.6666870117188,786.0,777.3333129882812,786.0,691500
2017-01-16,778.0,785.3333129882812,770.0,782.6666870117188,588000
2017-01-17,779.3333129882812,779.3333129882812,766.6666870117188,768.0,571500
2017-01-18,768.6666870117188,768.6666870117188,755.3333129882812,766.6666870117188,519000
2017-01-19,780.0,782.0,767.3333129882812,772.6666870117188,501000
2017-01-20,766.6666870117188,783.3333129882812,766.6666870117188,778.6666870117188,418500
2017-01-23,770.0,779.3333129882812,764.6666870117188,775.3333129882812,427500
2017-01-24,760.6666870117188,776.6666870117188,760.6666870117188,773.3333129882812,739500
2017-01-25,783.3333129882812,790.6666870117188,769.3333129882812,790.0,819000
2017-01-26,796.0,812.0,786.6666870117188,810.0,1329000
2017-01-27,808.0,808.6666870117188,794.6666870117188,796.0,847500
2017-01-30,788.6666870117188,796.0,788.0,794.6666870117188,558000
2017-01-31,783.3333129882812,794.6666870117188,783.3333129882812,789.3333129882812,712500
2017-02-01,786.6666870117188,800.0,782.0,797.3333129882812,463500
2017-02-02,799.3333129882812,799.3333129882812,782.6666870117188,784.6666870117188,427500
2017-02-03,787.3333129882812,796.0,782.6666870117188,784.0,498000
2017-02-06,792.0,792.0,777.3333129882812,784.0,648000
2017-02-07,775.3333129882812,783.3333129882812,766.0,777.3333129882812,940500
2017-02-08,778.0,831.3333129882812,772.6666870117188,807.3333129882812,1662000
2017-02-09,807.3333129882812,836.6666870117188,798.0,828.6666870117188,1524000
2017-02-10,841.3333129882812,864.6666870117188,830.0,860.0,2481000
2017-02-13,860.0,884.0,851.3333129882812,856.6666870117188,1177500
2017-02-14,862.6666870117188,871.3333129882812,853.3333129882812,853.3333129882812,589500
2017-02-15,856.0,861.3333129882812,849.3333129882812,852.6666870117188,514500
2017-02-16,852.6666870117188,854.6666870117188,842.0,848.6666870117188,478500
2017-02-17,846.0,848.0,839.3333129882812,844.0,673500
2017-02-20,836.6666870117188,844.6666870117188,834.0,842.6666870117188,709500
2017-02-21,844.6666870117188,846.0,838.6666870117188,842.0,588000
2017-02-22,842.0,844.0,832.0,838.0,457500
2017-02-23,838.0,841.3333129882812,826.6666870117188,829.3333129882812,640500
2017-02-24,830.0,832.0,819.3333129882812,822.6666870117188,711000
2017-02-27,815.3333129882812,820.6666870117188,810.0,816.0,1314000
2017-02-28,814.0,826.0,814.0,814.0,825000
2017-03-01,816.0,822.0,810.0,820.0,1042500
2017-03-02,827.3333129882812,830.0,805.3333129882812,808.6666870117188,2328000
2017-03-03,807.3333129882812,813.3333129882812,799.3333129882812,806.0,892500
2017-03-06,807.3333129882812,809.3333129882812,802.6666870117188,806.6666870117188,924000
2017-03-07,806.6666870117188,807.3333129882812,801.3333129882812,805.3333129882812,705000
2017-03-08,796.6666870117188,798.6666870117188,783.3333129882812,785.3333129882812,2760000
2017-03-09,782.0,790.0,774.0,785.3333129882812,3385500
2017-03-10,793.3333129882812,802.0,786.6666870117188,800.6666870117188,1863000
2017-03-13,806.6666870117188,815.3333129882812,804.0,812.6666870117188,2031000
2017-03-14,812.6666870117188,813.3333129882812,798.0,800.0,1438500
2017-03-15,800.0,800.0,792.0,792.6666870117188,817500
2017-03-16,790.6666870117188,805.3333129882812,788.6666870117188,802.6666870117188,798000
2017-03-17,796.6666870117188,800.0,791.3333129882812,793.3333129882812,588000
2017-03-21,782.6666870117188,795.3333129882812,778.0,790.0,759000
2017-03-22,774.6666870117188,784.0,773.3333129882812,773.3333129882812,844500
2017-03-23,780.6666870117188,780.6666870117188,770.6666870117188,775.3333129882812,528000
2017-03-24,784.6666870117188,796.6666870117188,779.3333129882812,793.3333129882812,940500
2017-03-27,778.0,789.3333129882812,778.0,782.6666870117188,591000
2017-03-28,792.6666870117188,800.0,788.6666870117188,794.0,1189500
2017-03-29,798.0,799.3333129882812,791.3333129882812,796.6666870117188,645000
2017-03-30,795.3333129882812,799.3333129882812,792.6666870117188,795.3333129882812,754500
2017-03-31,795.3333129882812,801.3333129882812,786.6666870117188,788.0,1557000
2017-04-03,788.6666870117188,805.3333129882812,783.3333129882812,802.6666870117188,1303500
2017-04-04,803.3333129882812,806.0,797.3333129882812,804.0,1488000
2017-04-05,810.0,817.3333129882812,807.3333129882812,811.3333129882812,1516500
2017-04-06,810.0,812.6666870117188,800.6666870117188,804.0,1482000
2017-04-07,806.6666870117188,814.6666870117188,802.6666870117188,808.0,1432500
2017-04-10,800.6666870117188,812.6666870117188,797.3333129882812,808.6666870117188,831000
2017-04-11,802.0,808.6666870117188,798.0,804.6666870117188,577500
2017-04-12,800.0,800.0,786.0,786.6666870117188,826500
2017-04-13,782.0,784.0,776.6666870117188,780.6666870117188,652500
2017-04-14,778.6666870117188,780.0,772.0,774.0,471000
2017-04-17,767.3333129882812,776.6666870117188,763.3333129882812,776.0,672000
2017-04-18,776.6666870117188,788.6666870117188,776.6666870117188,784.0,690000
2017-04-19,779.3333129882812,789.3333129882812,778.6666870117188,788.0,1026000
2017-04-20,792.0,795.3333129882812,786.6666870117188,788.6666870117188,825000
2017-04-21,792.6666870117188,797.3333129882812,789.3333129882812,796.0,733500
2017-04-24,810.0,815.3333129882812,805.3333129882812,814.6666870117188,1627500
2017-04-25,820.6666870117188,824.6666870117188,814.6666870117188,824.0,1243500
2017-04-26,829.3333129882812,832.6666870117188,820.6666870117188,825.3333129882812,2188500
2017-04-27,823.3333129882812,836.6666870117188,821.3333129882812,836.6666870117188,1093500
2017-04-28,833.3333129882812,838.0,832.0,837.3333129882812,1027500
2017-05-01,843.3333129882812,860.0,838.6666870117188,860.0,1425000
2017-05-02,856.6666870117188,864.6666870117188,855.3333129882812,864.6666870117188,1678500
2017-05-08,873.3333129882812,890.0,873.3333129882812,889.3333129882812,2092500
2017-05-09,887.3333129882812,889.3333129882812,878.0,889.3333129882812,1864500
2017-05-10,899.3333129882812,904.0,856.0,884.6666870117188,3652500
2017-05-11,873.3333129882812,896.0,873.3333129882812,891.3333129882812,1821000
2017-05-12,885.3333129882812,890.0,880.0,885.3333129882812,1627500
2017-05-15,885.3333129882812,891.3333129882812,881.3333129882812,890.6666870117188,1042500
2017-05-16,900.0,906.6666870117188,891.3333129882812,903.3333129882812,1395000
2017-05-17,908.6666870117188,920.0,908.6666870117188,920.0,1554000
2017-05-18,906.6666870117188,914.6666870117188,906.0,910.6666870117188,889500
2017-05-19,908.6666870117188,918.6666870117188,904.6666870117188,916.0,718500
2017-05-22,920.0,930.6666870117188,918.6666870117188,930.6666870117188,960000
2017-05-23,929.3333129882812,936.6666870117188,926.6666870117188,932.6666870117188,817500
2017-05-24,938.0,940.0,932.0,939.3333129882812,570000
2017-05-25,936.6666870117188,942.0,934.0,939.3333129882812,721500
2017-05-26,936.6666870117188,943.3333129882812,932.0,942.6666870117188,988500
2017-05-29,942.6666870117188,950.6666870117188,933.3333129882812,950.0,1000500
2017-05-30,952.0,963.3333129882812,949.3333129882812,962.6666870117188,1072500
2017-05-31,957.3333129882812,965.3333129882812,956.0,958.6666870117188,1093500
2017-06-01,962.0,969.3333129882812,955.3333129882812,965.3333129882812,745500
2017-06-02,972.0,973.3333129882812,960.6666870117188,967.3333129882812,1143000
2017-06-05,964.0,974.6666870117188,960.0,972.6666870117188,597000
2017-06-06,972.0,980.0,969.3333129882812,974.6666870117188,748500
2017-06-07,974.6666870117188,976.0,970.6666870117188,972.0,588000
2017-06-08,974.0,982.6666870117188,970.0,972.0,693000
2017-06-09,968.0,974.0,963.3333129882812,966.6666870117188,634500
2017-06-12,954.6666870117188,968.0,954.0,964.6666870117188,853500
2017-06-13,958.0,966.6666870117188,958.0,958.0,688500
2017-06-14,958.0,969.3333129882812,946.6666870117188,949.3333129882812,1350000
2017-06-15,954.0,954.0,941.3333129882812,944.6666870117188,787500
2017-06-16,944.0,944.6666870117188,924.6666870117188,928.0,1647000
2017-06-19,928.0,936.0,916.0,926.0,1728000
2017-06-20,935.3333129882812,957.3333129882812,932.6666870117188,940.0,1563000
2017-06-21,950.0,955.3333129882812,937.3333129882812,946.0,850500
2017-06-22,944.6666870117188,950.0,938.6666870117188,947.3333129882812,850500
2017-06-23,949.3333129882812,957.3333129882812,944.6666870117188,950.6666870117188,601500
2017-06-26,952.0,964.6666870117188,950.6666870117188,962.0,451500
2017-06-27,966.6666870117188,971.3333129882812,960.0,971.3333129882812,529500
2017-06-28,970.0,979.3333129882812,966.6666870117188,967.3333129882812,349500
2017-06-29,974.6666870117188,974.6666870117188,965.3333129882812,968.6666870117188,379500
2017-06-30,957.3333129882812,962.6666870117188,948.6666870117188,953.3333129882812,777000
2017-07-03,947.3333129882812,964.0,947.3333129882812,958.6666870117188,1036500
2017-07-04,965.3333129882812,969.3333129882812,941.3333129882812,944.6666870117188,636000
2017-07-05,940.6666870117188,954.6666870117188,935.3333129882812,950.6666870117188,729000
2017-07-06,946.0,963.3333129882812,944.6666870117188,959.3333129882812,711000
2017-07-07,956.6666870117188,966.6666870117188,956.0,960.0,801000
2017-07-10,965.3333129882812,986.0,959.3333129882812,984.6666870117188,886500
2017-07-11,986.6666870117188,997.3333129882812,984.0,997.3333129882812,576000
2017-07-12,998.6666870117188,1016.6666870117188,998.0,1010.0,1119000
2017-07-13,1004.0,1024.0,1000.6666870117188,1020.0,900000
2017-07-14,1013.3333129882812,1013.3333129882812,1000.6666870117188,1004.0,1089000
2017-07-17,1004.0,1004.0,1004.0,1004.0,0
2017-07-18,1000.0,1007.3333129882812,997.3333129882812,1001.3333129882812,1062000
2017-07-19,1051.3333740234375,1072.0,1040.6666259765625,1050.0,2931000
2017-07-20,1052.6666259765625,1054.0,1041.3333740234375,1052.6666259765625,1092000
2017-07-21,1074.0,1082.6666259765625,1058.0,1074.0,1647000
2017-07-24,1066.0,1068.0,1051.3333740234375,1060.6666259765625,1201500
2017-07-25,1060.0,1060.0,1046.0,1046.6666259765625,744000
2017-07-26,1052.0,1052.6666259765625,1023.3333129882812,1028.0,1207500
2017-07-27,1025.3333740234375,1032.6666259765625,1018.6666870117188,1021.3333129882812,1141500
2017-07-28,1021.3333129882812,1021.3333129882812,991.3333129882812,997.3333129882812,1402500
2017-07-31,989.3333129882812,1004.6666870117188,989.3333129882812,1000.0,994500
2017-08-01,996.0,1004.6666870117188,987.3333129882812,992.6666870117188,655500
2017-08-02,993.3333129882812,1009.3333129882812,927.3333129882812,970.0,3148500
2017-08-03,940.6666870117188,964.6666870117188,924.0,961.3333129882812,4879500
2017-08-04,967.3333129882812,971.3333129882812,954.6666870117188,961.3333129882812,1417500
2017-08-07,966.0,985.3333129882812,964.6666870117188,982.6666870117188,1303500
2017-08-08,982.6666870117188,990.0,976.0,980.6666870117188,933000
2017-08-09,972.0,975.3333129882812,952.6666870117188,961.3333129882812,952500
2017-08-10,966.0,970.6666870117188,952.6666870117188,954.6666870117188,837000
2017-08-11,954.6666870117188,954.6666870117188,954.6666870117188,954.6666870117188,0
2017-08-14,951.3333129882812,960.0,948.6666870117188,950.6666870117188,933000
2017-08-15,966.6666870117188,977.3333129882812,959.3333129882812,972.0,864000
2017-08-16,962.6666870117188,975.3333129882812,962.0,962.6666870117188,850500
2017-08-17,966.6666870117188,977.3333129882812,958.6666870117188,972.0,675000
2017-08-18,954.6666870117188,961.3333129882812,951.3333129882812,951.3333129882812,742500
2017-08-21,954.6666870117188,966.6666870117188,953.3333129882812,963.3333129882812,643500
2017-08-22,966.6666870117188,978.6666870117188,963.3333129882812,977.3333129882812,1030500
2017-08-23,1003.3333129882812,1016.0,993.3333129882812,1007.3333129882812,1308000
2017-08-24,1007.3333129882812,1018.0,999.3333129882812,1011.3333129882812,795000
2017-08-25,1022.6666870117188,1033.3333740234375,1009.3333129882812,1027.3333740234375,1087500
2017-08-28,1027.3333740234375,1034.6666259765625,1021.3333129882812,1026.6666259765625,720000
2017-08-29,1024.6666259765625,1030.6666259765625,1014.0,1028.6666259765625,721500
2017-08-30,1022.6666870117188,1030.6666259765625,1020.6666870117188,1025.3333740234375,910500
2017-08-31,1025.3333740234375,1042.6666259765625,1025.3333740234375,1038.6666259765625,1105500
2017-09-01,1038.0,1058.0,1029.3333740234375,1053.3333740234375,1062000
2017-09-04,1046.0,1060.6666259765625,1046.0,1058.6666259765625,1366500
2017-09-05,1052.0,1054.6666259765625,1022.6666870117188,1024.0,1054500
2017-09-06,1017.3333129882812,1051.3333740234375,1007.3333129882812,1050.0,1323000
2017-09-07,1058.0,1065.3333740234375,1048.6666259765625,1056.6666259765625,934500
2017-09-08,1061.3333740234375,1072.0,1058.0,1062.0,990000
2017-09-11,1077.3333740234375,1095.3333740234375,1077.3333740234375,1086.0,924000
2017-09-12,1100.0,1103.3333740234375,1082.0,1084.0,687000
2017-09-13,1088.6666259765625,1089.3333740234375,1074.6666259765625,1078.0,801000
2017-09-14,1083.3333740234375,1090.6666259765625,1066.6666259765625,1068.0,1291500
2017-09-15,1065.3333740234375,1068.6666259765625,1044.6666259765625,1062.0,4135500
2017-09-18,1062.0,1062.0,1062.0,1062.0,0
2017-09-19,1084.0,1089.3333740234375,1068.6666259765625,1084.6666259765625,1216500
2017-09-20,1087.3333740234375,1088.6666259765625,1061.3333740234375,1065.3333740234375,625500
2017-09-21,1067.3333740234375,1069.3333740234375,1040.0,1046.6666259765625,1645500
2017-09-22,1044.6666259765625,1044.6666259765625,1024.0,1038.0,1086000
2017-09-25,1038.6666259765625,1047.3333740234375,1030.6666259765625,1032.0,760500
2017-09-26,1025.3333740234375,1050.0,1025.3333740234375,1047.3333740234375,613500
2017-09-27,1016.6666870117188,1036.6666259765625,1016.6666870117188,1026.6666259765625,748500
2017-09-28,1033.3333740234375,1053.3333740234375,1028.3333740234375,1051.6666259765625,892800
2017-09-29,1050.0,1061.6666259765625,1035.0,1060.0,726000
2017-10-02,1056.6666259765625,1060.0,1031.6666259765625,1036.6666259765625,538200
2017-10-03,1050.0,1050.0,1025.0,1031.6666259765625,501300
2017-10-04,1036.6666259765625,1045.0,1028.3333740234375,1033.3333740234375,546300
2017-10-05,1036.6666259765625,1038.3333740234375,1026.6666259765625,1028.3333740234375,324300
2017-10-06,1031.6666259765625,1035.0,1021.6666870117188,1025.0,593700
2017-10-09,1025.0,1025.0,1025.0,1025.0,0
2017-10-10,1035.0,1083.3333740234375,1033.3333740234375,1078.3333740234375,1116300
2017-10-11,1080.0,1091.6666259765625,1073.3333740234375,1090.0,852900
2017-10-12,1093.3333740234375,1100.0,1078.3333740234375,1080.0,488100
2017-10-13,1081.6666259765625,1108.3333740234375,1075.0,1103.3333740234375,851400
2017-10-16,1103.3333740234375,1106.6666259765625,1080.0,1080.0,722400
2017-10-17,1085.0,1091.6666259765625,1076.6666259765625,1088.3333740234375,528300
2017-10-18,1100.0,1103.3333740234375,1085.0,1091.6666259765625,553800
2017-10-19,1086.6666259765625,1093.3333740234375,1076.6666259765625,1080.0,530400
2017-10-20,1081.6666259765625,1101.6666259765625,1078.3333740234375,1086.6666259765625,1199100
2017-10-23,1110.0,1113.3333740234375,1090.0,1096.6666259765625,581700
2017-10-24,1088.3333740234375,1113.3333740234375,1086.6666259765625,1108.3333740234375,801600
2017-10-25,1095.0,1113.3333740234375,1086.6666259765625,1088.3333740234375,1077300
2017-10-26,1090.0,1105.0,1083.3333740234375,1093.3333740234375,822900
2017-10-27,1105.0,1133.3333740234375,1095.0,1128.3333740234375,926400
2017-10-30,1120.0,1123.3333740234375,1105.0,1111.6666259765625,937200
2017-10-31,1101.6666259765625,1105.0,1080.0,1086.6666259765625,1441500
2017-11-01,1078.3333740234375,1088.3333740234375,1040.0,1053.3333740234375,2297400
2017-11-02,1100.0,1103.3333740234375,1053.3333740234375,1063.3333740234375,1520400
2017-11-03,1063.3333740234375,1063.3333740234375,1063.3333740234375,1063.3333740234375,0
2017-11-06,1060.0,1061.6666259765625,1036.6666259765625,1048.3333740234375,1009800
2017-11-07,1038.3333740234375,1038.3333740234375,1020.0,1031.6666259765625,876900
2017-11-08,1030.0,1060.0,1026.6666259765625,1053.3333740234375,1189800
2017-11-09,1068.3333740234375,1086.6666259765625,1050.0,1063.3333740234375,1157100
2017-11-10,1045.0,1053.3333740234375,1038.3333740234375,1046.6666259765625,472800
2017-11-13,1041.6666259765625,1048.3333740234375,1030.0,1038.3333740234375,526200
2017-11-14,1038.3333740234375,1045.0,1030.0,1033.3333740234375,493200
2017-11-15,1021.6666870117188,1028.3333740234375,1013.3333129882812,1020.0,829200
2017-11-16,998.3333129882812,1033.3333740234375,998.3333129882812,1028.3333740234375,677700
2017-11-17,1038.3333740234375,1050.0,1031.6666259765625,1038.3333740234375,725400
2017-11-20,1033.3333740234375,1048.3333740234375,1031.6666259765625,1038.3333740234375,462000
2017-11-21,1050.0,1051.6666259765625,1041.6666259765625,1041.6666259765625,455100
2017-11-22,1053.3333740234375,1053.3333740234375,1028.3333740234375,1033.3333740234375,1246800
2017-11-23,1033.3333740234375,1033.3333740234375,1033.3333740234375,1033.3333740234375,0
2017-11-24,1028.3333740234375,1035.0,1025.0,1031.6666259765625,772500
2017-11-27,1038.3333740234375,1038.3333740234375,1006.6666870117188,1010.0,890700
2017-11-28,1010.0,1021.6666870117188,1006.6666870117188,1010.0,465300
2017-11-29,1013.3333129882812,1033.3333740234375,1011.6666870117188,1031.6666259765625,792900
2017-11-30,1040.0,1043.3333740234375,1018.3333129882812,1030.0,1211400
2017-12-01,1025.0,1038.3333740234375,1008.3333129882812,1021.6666870117188,1185600
2017-12-04,1036.6666259765625,1045.0,1028.3333740234375,1030.0,954600
2017-12-05,1013.3333129882812,1015.0,992.0,1008.3333129882812,1320600
2017-12-06,985.0,1003.3333129882812,974.3333129882812,980.6666870117188,1318800
2017-12-07,977.6666870117188,1001.6666870117188,977.3333129882812,1000.0,919200
2017-12-08,992.3333129882812,1021.6666870117188,992.3333129882812,1013.3333129882812,901200
2017-12-11,1016.6666870117188,1016.6666870117188,999.0,1005.0,637200
2017-12-12,998.6666870117188,1006.6666870117188,984.3333129882812,989.3333129882812,952500
2017-12-13,986.6666870117188,991.3333129882812,977.3333129882812,981.3333129882812,796500
2017-12-14,991.6666870117188,1001.6666870117188,985.0,994.3333129882812,959400
2017-12-15,990.0,994.0,973.6666870117188,979.6666870117188,921300
2017-12-18,987.6666870117188,1023.3333129882812,981.3333129882812,1020.0,1500900
2017-12-19,1021.6666870117188,1041.6666259765625,1016.6666870117188,1025.0,1087200
2017-12-20,1023.3333129882812,1030.0,1016.6666870117188,1020.0,1007700
2017-12-21,1016.6666870117188,1016.6666870117188,1003.3333129882812,1010.0,942900
2017-12-22,1010.0,1026.6666259765625,1003.3333129882812,1020.0,766500
2017-12-25,1030.0,1043.3333740234375,1025.0,1033.3333740234375,686100
2017-12-26,1033.3333740234375,1033.3333740234375,1021.6666870117188,1023.3333129882812,467100
2017-12-27,1021.6666870117188,1031.6666259765625,1018.3333129882812,1025.0,684000
2017-12-28,1023.3333129882812,1028.3333740234375,1008.3333129882812,1011.6666870117188,597600
2017-12-29,1010.0,1018.3333129882812,1008.3333129882812,1008.3333129882812,351000
2018-01-01,1008.3333129882812,1008.3333129882812,1008.3333129882812,1008.3333129882812,0
2018-01-02,1008.3333129882812,1008.3333129882812,1008.3333129882812,1008.3333129882812,0
2018-01-03,1008.3333129882812,1008.3333129882812,1008.3333129882812,1008.3333129882812,0
2018-01-04,1031.6666259765625,1038.3333740234375,1026.6666259765625,1036.6666259765625,1168500
2018-01-05,1036.6666259765625,1048.3333740234375,1028.3333740234375,1040.0,1128600
2018-01-08,1040.0,1040.0,1040.0,1040.0,0
2018-01-09,1038.3333740234375,1041.6666259765625,1033.3333740234375,1038.3333740234375,964500
2018-01-10,1033.3333740234375,1038.3333740234375,1030.0,1033.3333740234375,970500
2018-01-11,1030.0,1040.0,1028.3333740234375,1038.3333740234375,1000500
2018-01-12,1033.3333740234375,1040.0,1030.0,1033.3333740234375,964800
2018-01-15,1038.3333740234375,1041.6666259765625,1025.0,1028.3333740234375,808500
2018-01-16,1026.6666259765625,1043.3333740234375,1025.0,1040.0,986700
2018-01-17,1030.0,1035.0,1030.0,1031.6666259765625,737100
2018-01-18,1035.0,1046.6666259765625,1011.6666870117188,1011.6666870117188,987000
2018-01-19,1023.3333129882812,1026.6666259765625,1015.0,1025.0,700800
2018-01-22,1025.0,1025.0,1011.6666870117188,1020.0,381000
2018-01-23,1023.3333129882812,1023.3333129882812,1006.6666870117188,1011.6666870117188,495300
2018-01-24,1008.3333129882812,1013.3333129882812,993.0,995.3333129882812,1211400
2018-01-25,993.3333129882812,1000.0,989.0,990.0,936300
2018-01-26,996.3333129882812,1006.6666870117188,996.3333129882812,999.6666870117188,730500
2018-01-29,1001.6666870117188,1013.3333129882812,996.6666870117188,1008.3333129882812,793800
2018-01-30,1005.0,1008.3333129882812,984.6666870117188,987.3333129882812,752100
2018-01-31,985.3333129882812,1005.0,975.0,976.0,966900
2018-02-01,989.6666870117188,1008.3333129882812,984.6666870117188,1006.6666870117188,853200
2018-02-02,997.0,1006.6666870117188,997.0,1003.3333129882812,781200
2018-02-05,985.0,993.6666870117188,971.3333129882812,972.3333129882812,787800
2018-02-06,939.0,943.0,890.0,911.6666870117188,1198200
2018-02-07,945.0,968.0,900.6666870117188,950.0,1890900
2018-02-08,965.0,987.3333129882812,965.0,975.3333129882812,1833600
2018-02-09,951.0,973.0,950.0,968.3333129882812,1187400
2018-02-12,968.3333129882812,968.3333129882812,968.3333129882812,968.3333129882812,0
2018-02-13,983.3333129882812,994.0,950.0,951.6666870117188,880200
2018-02-14,960.3333129882812,979.6666870117188,960.0,968.3333129882812,1036800
2018-02-15,971.0,979.0,958.0,958.6666870117188,567600
2018-02-16,960.3333129882812,974.6666870117188,957.6666870117188,965.3333129882812,376800
2018-02-19,977.0,990.3333129882812,972.0,984.6666870117188,525300
2018-02-20,983.0,983.6666870117188,968.6666870117188,978.6666870117188,666000
2018-02-21,981.0,994.0,976.0,984.6666870117188,527100
2018-02-22,974.6666870117188,992.3333129882812,971.6666870117188,987.0,550500
2018-02-23,991.0,1001.6666870117188,987.6666870117188,993.0,622500
2018-02-26,999.6666870117188,1013.3333129882812,992.0,1000.0,1069500
2018-02-27,1010.0,1013.3333129882812,1001.6666870117188,1003.3333129882812,464400
2018-02-28,999.0,1005.0,986.3333129882812,986.3333129882812,789300
2018-03-01,983.0,995.3333129882812,967.0,986.0,837900
2018-03-02,954.6666870117188,964.3333129882812,945.0,945.6666870117188,1322100
2018-03-05,940.6666870117188,965.0,940.3333129882812,959.3333129882812,794400
2018-03-06,976.0,995.6666870117188,975.0,981.0,778800
2018-03-07,972.6666870117188,985.6666870117188,965.3333129882812,969.0,736500
2018-03-08,975.0,982.6666870117188,965.3333129882812,971.3333129882812,631800
2018-03-09,986.3333129882812,994.6666870117188,979.0,989.3333129882812,854400
2018-03-12,1003.3333129882812,1011.6666870117188,997.6666870117188,1005.0,1193400
2018-03-13,1006.6666870117188,1023.3333129882812,1006.6666870117188,1021.6666870117188,628200
2018-03-14,1010.0,1030.0,1008.3333129882812,1026.6666259765625,739500
2018-03-15,1023.3333129882812,1040.0,1020.0,1025.0,828900
2018-03-16,1030.0,1030.0,1001.6666870117188,1005.0,573600
2018-03-19,1001.6666870117188,1011.6666870117188,998.6666870117188,1000.0,817500
2018-03-20,988.3333129882812,1000.0,981.0,983.6666870117188,690300
2018-03-21,983.6666870117188,983.6666870117188,983.6666870117188,983.6666870117188,0
2018-03-22,991.6666870117188,1011.6666870117188,989.3333129882812,1010.0,830100
2018-03-23,993.0,1006.6666870117188,973.6666870117188,980.3333129882812,1690500
2018-03-26,984.0,1008.3333129882812,976.3333129882812,1008.3333129882812,1418100
2018-03-27,1023.3333129882812,1043.3333740234375,1023.3333129882812,1040.0,1437300
2018-03-28,1033.3333740234375,1055.0,1030.0,1055.0,1652400
2018-03-29,1060.0,1065.0,1043.3333740234375,1058.3333740234375,880200
2018-03-30,1063.3333740234375,1063.3333740234375,1041.6666259765625,1048.3333740234375,729900
2018-04-02,1048.3333740234375,1061.6666259765625,1038.3333740234375,1046.6666259765625,525600
2018-04-03,1036.6666259765625,1070.0,1033.3333740234375,1058.3333740234375,862800
2018-04-04,1058.3333740234375,1058.3333740234375,1038.3333740234375,1043.3333740234375,652500
2018-04-05,1051.6666259765625,1063.3333740234375,1046.6666259765625,1058.3333740234375,773100
2018-04-06,1053.3333740234375,1058.3333740234375,1045.0,1046.6666259765625,862200
2018-04-09,1045.0,1056.6666259765625,1038.3333740234375,1048.3333740234375,807000
2018-04-10,1028.3333740234375,1060.0,1026.6666259765625,1048.3333740234375,866400
2018-04-11,1048.3333740234375,1061.6666259765625,1046.6666259765625,1055.0,741000
2018-04-12,1055.0,1063.3333740234375,1048.3333740234375,1053.3333740234375,632400
2018-04-13,1053.3333740234375,1053.3333740234375,1038.3333740234375,1043.3333740234375,473100
2018-04-16,1046.6666259765625,1053.3333740234375,1040.0,1050.0,281700
2018-04-17,1048.3333740234375,1060.0,1048.3333740234375,1048.3333740234375,453000
2018-04-18,1048.3333740234375,1080.0,1048.3333740234375,1071.6666259765625,532800
2018-04-19,1081.6666259765625,1091.6666259765625,1075.0,1078.3333740234375,646500
2018-04-20,1075.0,1081.6666259765625,1063.3333740234375,1076.6666259765625,768600
2018-04-23,1075.0,1075.0,1060.0,1071.6666259765625,345600
2018-04-24,1073.3333740234375,1073.3333740234375,1061.6666259765625,1070.0,465600
2018-04-25,1065.0,1080.0,1060.0,1076.6666259765625,388800
2018-04-26,1073.3333740234375,1091.6666259765625,1068.3333740234375,1080.0,837000
2018-04-27,1076.6666259765625,1096.6666259765625,1076.6666259765625,1088.3333740234375,1140600
2018-04-30,1088.3333740234375,1088.3333740234375,1088.3333740234375,1088.3333740234375,0
2018-05-01,1085.0,1085.0,1061.6666259765625,1070.0,467700
2018-05-02,1068.3333740234375,1071.6666259765625,1051.6666259765625,1055.0,532200
2018-05-03,1055.0,1055.0,1055.0,1055.0,0
2018-05-04,1055.0,1055.0,1055.0,1055.0,0
2018-05-07,1036.6666259765625,1038.3333740234375,1011.6666870117188,1021.6666870117188,757200
2018-05-08,998.3333129882812,1016.6666870117188,992.6666870117188,1006.6666870117188,1112400
2018-05-09,993.3333129882812,1043.3333740234375,986.6666870117188,1033.3333740234375,1843200
2018-05-10,1056.6666259765625,1126.6666259765625,1055.0,1100.0,2058600
2018-05-11,1098.3333740234375,1121.6666259765625,1095.0,1113.3333740234375,1045500
2018-05-14,1111.6666259765625,1111.6666259765625,1090.0,1100.0,545100
2018-05-15,1105.0,1115.0,1098.3333740234375,1103.3333740234375,406800
2018-05-16,1113.3333740234375,1138.3333740234375,1110.0,1130.0,746700
2018-05-17,1133.3333740234375,1145.0,1133.3333740234375,1141.6666259765625,327600
2018-05-18,1146.6666259765625,1166.6666259765625,1143.3333740234375,1146.6666259765625,532200
2018-05-21,1148.3333740234375,1161.6666259765625,1141.6666259765625,1146.6666259765625,411900
2018-05-22,1140.0,1148.3333740234375,1136.6666259765625,1140.0,357600
2018-05-23,1133.3333740234375,1161.6666259765625,1133.3333740234375,1151.6666259765625,588300
2018-05-24,1150.0,1155.0,1135.0,1138.3333740234375,565200
2018-05-25,1138.3333740234375,1145.0,1130.0,1136.6666259765625,486300
2018-05-28,1133.3333740234375,1133.3333740234375,1118.3333740234375,1121.6666259765625,483300
2018-05-29,1113.3333740234375,1120.0,1105.0,1113.3333740234375,617700
2018-05-30,1091.6666259765625,1113.3333740234375,1086.6666259765625,1103.3333740234375,642600
2018-05-31,1103.3333740234375,1120.0,1093.3333740234375,1103.3333740234375,1733100
2018-06-01,1100.0,1108.3333740234375,1096.6666259765625,1100.0,573000
2018-06-04,1113.3333740234375,1126.6666259765625,1108.3333740234375,1115.0,729600
2018-06-05,1111.6666259765625,1125.0,1110.0,1121.6666259765625,510600
2018-06-06,1143.3333740234375,1150.0,1126.6666259765625,1148.3333740234375,843300
2018-06-07,1151.6666259765625,1163.3333740234375,1148.3333740234375,1160.0,650400
2018-06-08,1150.0,1161.6666259765625,1148.3333740234375,1156.6666259765625,828600
2018-06-11,1156.6666259765625,1170.0,1153.3333740234375,1166.6666259765625,532200
2018-06-12,1173.3333740234375,1180.0,1148.3333740234375,1165.0,744000
2018-06-13,1166.6666259765625,1183.3333740234375,1160.0,1175.0,451800
2018-06-14,1166.6666259765625,1170.0,1158.3333740234375,1163.3333740234375,551100
2018-06-15,1170.0,1170.0,1148.3333740234375,1151.6666259765625,1233600
2018-06-18,1156.6666259765625,1170.0,1148.3333740234375,1166.6666259765625,590400
2018-06-19,1163.3333740234375,1168.3333740234375,1153.3333740234375,1153.3333740234375,535500
2018-06-20,1148.3333740234375,1166.6666259765625,1136.6666259765625,1161.6666259765625,658500
2018-06-21,1158.3333740234375,1176.6666259765625,1151.6666259765625,1170.0,706800
2018-06-22,1171.6666259765625,1188.3333740234375,1170.0,1186.6666259765625,643800
2018-06-25,1206.6666259765625,1210.0,1185.0,1203.3333740234375,880500
2018-06-26,1196.6666259765625,1203.3333740234375,1170.0,1175.0,780000
2018-06-27,1175.0,1195.0,1170.0,1191.6666259765625,642900
2018-06-28,1185.0,1198.3333740234375,1175.0,1188.3333740234375,686100
2018-06-29,1193.3333740234375,1196.6666259765625,1176.6666259765625,1193.3333740234375,582600
2018-07-02,1186.6666259765625,1196.6666259765625,1171.6666259765625,1175.0,514200
2018-07-03,1176.6666259765625,1186.6666259765625,1173.3333740234375,1185.0,790500
2018-07-04,1183.3333740234375,1186.6666259765625,1176.6666259765625,1176.6666259765625,511500
2018-07-05,1171.6666259765625,1180.0,1145.0,1148.3333740234375,737100
2018-07-06,1146.6666259765625,1163.3333740234375,1133.3333740234375,1146.6666259765625,1030200
2018-07-09,1160.0,1193.3333740234375,1153.3333740234375,1191.6666259765625,549900
2018-07-10,1196.6666259765625,1208.3333740234375,1193.3333740234375,1203.3333740234375,745800
2018-07-11,1201.6666259765625,1205.0,1190.0,1200.0,649200
2018-07-12,1208.3333740234375,1225.0,1193.3333740234375,1198.3333740234375,898500
2018-07-13,1220.0,1231.6666259765625,1213.3333740234375,1226.6666259765625,535500
2018-07-16,1226.6666259765625,1226.6666259765625,1226.6666259765625,1226.6666259765625,0
2018-07-17,1240.0,1255.0,1225.0,1228.3333740234375,1086900
2018-07-18,1243.3333740234375,1250.0,1230.0,1236.6666259765625,919200
2018-07-19,1248.3333740234375,1261.6666259765625,1233.3333740234375,1235.0,758100
2018-07-20,1233.3333740234375,1240.0,1218.3333740234375,1230.0,627900
2018-07-23,1231.6666259765625,1248.3333740234375,1231.6666259765625,1241.6666259765625,561900
2018-07-24,1265.0,1266.6666259765625,1208.3333740234375,1211.6666259765625,950700
2018-07-25,1220.0,1225.0,1215.0,1225.0,458400
2018-07-26,1245.0,1255.0,1238.3333740234375,1251.6666259765625,613800
2018-07-27,1265.0,1268.3333740234375,1250.0,1261.6666259765625,540300
2018-07-30,1246.6666259765625,1258.3333740234375,1241.6666259765625,1255.0,434400
2018-07-31,1233.3333740234375,1235.0,1215.0,1225.0,931500
2018-08-01,1223.3333740234375,1301.6666259765625,1223.3333740234375,1291.6666259765625,1373400
2018-08-02,1313.3333740234375,1345.0,1248.3333740234375,1251.6666259765625,1708500
2018-08-03,1253.3333740234375,1263.3333740234375,1233.3333740234375,1251.6666259765625,854700
2018-08-06,1251.6666259765625,1260.0,1240.0,1240.0,632700
2018-08-07,1230.0,1240.0,1216.6666259765625,1225.0,623400
2018-08-08,1218.3333740234375,1218.3333740234375,1178.3333740234375,1185.0,861600
2018-08-09,1191.6666259765625,1203.3333740234375,1183.3333740234375,1186.6666259765625,857700
2018-08-10,1186.6666259765625,1205.0,1178.3333740234375,1190.0,634500
2018-08-13,1166.6666259765625,1175.0,1156.6666259765625,1156.6666259765625,698700
2018-08-14,1156.6666259765625,1168.3333740234375,1148.3333740234375,1163.3333740234375,434400
2018-08-15,1180.0,1190.0,1171.6666259765625,1185.0,530700
2018-08-16,1161.6666259765625,1165.0,1148.3333740234375,1161.6666259765625,846600
2018-08-17,1158.3333740234375,1163.3333740234375,1155.0,1160.0,366300
2018-08-20,1148.3333740234375,1161.6666259765625,1146.6666259765625,1153.3333740234375,429300
2018-08-21,1141.6666259765625,1163.3333740234375,1136.6666259765625,1163.3333740234375,662700
2018-08-22,1171.6666259765625,1195.0,1171.6666259765625,1188.3333740234375,626400
2018-08-23,1200.0,1206.6666259765625,1195.0,1200.0,543900
2018-08-24,1218.3333740234375,1220.0,1193.3333740234375,1210.0,600000
2018-08-27,1215.0,1231.6666259765625,1203.3333740234375,1220.0,526500
2018-08-28,1238.3333740234375,1258.3333740234375,1238.3333740234375,1248.3333740234375,744600
2018-08-29,1251.6666259765625,1265.0,1250.0,1253.3333740234375,626100
2018-08-30,1250.0,1256.6666259765625,1233.3333740234375,1235.0,791100
2018-08-31,1216.6666259765625,1241.6666259765625,1211.6666259765625,1230.0,597000
2018-09-03,1211.6666259765625,1215.0,1180.0,1188.3333740234375,992400
2018-09-04,1181.6666259765625,1200.0,1176.6666259765625,1195.0,636000
2018-09-05,1190.0,1195.0,1170.0,1176.6666259765625,696900
2018-09-06,1175.0,1175.0,1156.6666259765625,1160.0,720900
2018-09-07,1151.6666259765625,1156.6666259765625,1143.3333740234375,1150.0,469200
2018-09-10,1148.3333740234375,1160.0,1143.3333740234375,1148.3333740234375,362700
2018-09-11,1151.6666259765625,1153.3333740234375,1138.3333740234375,1146.6666259765625,738000
2018-09-12,1141.6666259765625,1143.3333740234375,1103.3333740234375,1116.6666259765625,727800
2018-09-13,1118.3333740234375,1150.0,1118.3333740234375,1141.6666259765625,820800
2018-09-14,1158.3333740234375,1183.3333740234375,1156.6666259765625,1166.6666259765625,983700
2018-09-17,1166.6666259765625,1166.6666259765625,1166.6666259765625,1166.6666259765625,0
2018-09-18,1180.0,1243.3333740234375,1173.3333740234375,1225.0,932400
2018-09-19,1240.0,1241.6666259765625,1216.6666259765625,1220.0,675000
2018-09-20,1223.3333740234375,1225.0,1190.0,1208.3333740234375,623400
2018-09-21,1216.6666259765625,1223.3333740234375,1193.3333740234375,1215.0,612300
2018-09-24,1215.0,1215.0,1215.0,1215.0,0
2018-09-25,1210.0,1253.3333740234375,1210.0,1251.6666259765625,744000
2018-09-26,1245.0,1270.0,1241.6666259765625,1266.6666259765625,492600
2018-09-27,1273.3333740234375,1296.6666259765625,1260.0,1268.3333740234375,878100
2018-09-28,1285.0,1300.0,1275.0,1278.3333740234375,849600
2018-10-01,1266.6666259765625,1281.6666259765625,1256.6666259765625,1265.0,619200
2018-10-02,1270.0,1276.6666259765625,1255.0,1261.6666259765625,651300
2018-10-03,1265.0,1268.3333740234375,1243.3333740234375,1251.6666259765625,420300
2018-10-04,1263.3333740234375,1263.3333740234375,1241.6666259765625,1246.6666259765625,799200
2018-10-05,1233.3333740234375,1236.6666259765625,1216.6666259765625,1220.0,1135800
2018-10-08,1220.0,1220.0,1220.0,1220.0,0
2018-10-09,1223.3333740234375,1231.6666259765625,1210.0,1218.3333740234375,906300
2018-10-10,1215.0,1223.3333740234375,1201.6666259765625,1205.0,818700
2018-10-11,1168.3333740234375,1188.3333740234375,1153.3333740234375,1156.6666259765625,1011000
2018-10-12,1146.6666259765625,1158.3333740234375,1136.6666259765625,1146.6666259765625,1122000
2018-10-15,1125.0,1133.3333740234375,1108.3333740234375,1115.0,918300
2018-10-16,1111.6666259765625,1120.0,1091.6666259765625,1098.3333740234375,729300
2018-10-17,1111.6666259765625,1128.3333740234375,1098.3333740234375,1125.0,907500
2018-10-18,1148.3333740234375,1181.6666259765625,1143.3333740234375,1148.3333740234375,1643700
2018-10-19,1128.3333740234375,1136.6666259765625,1111.6666259765625,1128.3333740234375,711900
2018-10-22,1135.0,1153.3333740234375,1126.6666259765625,1140.0,959100
2018-10-23,1121.6666259765625,1123.3333740234375,1093.3333740234375,1095.0,547800
2018-10-24,1108.3333740234375,1108.3333740234375,1081.6666259765625,1100.0,686100
2018-10-25,1076.6666259765625,1096.6666259765625,1066.6666259765625,1068.3333740234375,1093500
2018-10-26,1091.6666259765625,1095.0,1056.6666259765625,1065.0,1012800
2018-10-29,1065.0,1070.0,1035.0,1036.6666259765625,1048500
2018-10-30,1023.3333129882812,1053.3333740234375,1015.0,1045.0,2725500
2018-10-31,1043.3333740234375,1068.3333740234375,1030.0,1068.3333740234375,1518000
2018-11-01,1051.6666259765625,1110.0,1040.0,1080.0,1213800
2018-11-02,1196.6666259765625,1213.3333740234375,1110.0,1156.6666259765625,1961400
2018-11-05,1146.6666259765625,1173.3333740234375,1141.6666259765625,1156.6666259765625,880200
2018-11-06,1166.6666259765625,1186.6666259765625,1166.6666259765625,1180.0,770100
2018-11-07,1191.6666259765625,1213.3333740234375,1181.6666259765625,1196.6666259765625,1061400
2018-11-08,1223.3333740234375,1230.0,1201.6666259765625,1210.0,686100
2018-11-09,1213.3333740234375,1236.6666259765625,1208.3333740234375,1230.0,635700
2018-11-12,1231.6666259765625,1246.6666259765625,1226.6666259765625,1235.0,737100
2018-11-13,1216.6666259765625,1235.0,1191.6666259765625,1226.6666259765625,738300
2018-11-14,1225.0,1240.0,1221.6666259765625,1228.3333740234375,605700
2018-11-15,1216.6666259765625,1238.3333740234375,1213.3333740234375,1231.6666259765625,568500
2018-11-16,1240.0,1246.6666259765625,1220.0,1233.3333740234375,487500
2018-11-19,1243.3333740234375,1270.0,1241.6666259765625,1265.0,576600
2018-11-20,1236.6666259765625,1261.6666259765625,1235.0,1250.0,384900
2018-11-21,1226.6666259765625,1276.6666259765625,1223.3333740234375,1275.0,644700
2018-11-22,1280.0,1288.3333740234375,1251.6666259765625,1270.0,608400
2018-11-23,1270.0,1270.0,1270.0,1270.0,0
2018-11-26,1268.3333740234375,1275.0,1250.0,1253.3333740234375,720600
2018-11-27,1260.0,1271.6666259765625,1251.6666259765625,1270.0,450900
2018-11-28,1270.0,1276.6666259765625,1258.3333740234375,1266.6666259765625,513000
2018-11-29,1276.6666259765625,1281.6666259765625,1250.0,1251.6666259765625,477000
2018-11-30,1250.0,1256.6666259765625,1238.3333740234375,1250.0,1088700
2018-12-03,1271.6666259765625,1283.3333740234375,1266.6666259765625,1275.0,833400
2018-12-04,1266.6666259765625,1283.3333740234375,1255.0,1268.3333740234375,789600
2018-12-05,1245.0,1286.6666259765625,1245.0,1275.0,486600
2018-12-06,1258.3333740234375,1261.6666259765625,1235.0,1241.6666259765625,448200
2018-12-07,1250.0,1258.3333740234375,1236.6666259765625,1243.3333740234375,633300
2018-12-10,1235.0,1241.6666259765625,1226.6666259765625,1230.0,403500
2018-12-11,1223.3333740234375,1223.3333740234375,1186.6666259765625,1190.0,688800
2018-12-12,1223.3333740234375,1233.3333740234375,1208.3333740234375,1226.6666259765625,933900
2018-12-13,1241.6666259765625,1261.6666259765625,1238.3333740234375,1258.3333740234375,696600
2018-12-14,1266.6666259765625,1276.6666259765625,1248.3333740234375,1261.6666259765625,826500
2018-12-17,1265.0,1281.6666259765625,1243.3333740234375,1280.0,1053600
2018-12-18,1266.6666259765625,1298.3333740234375,1265.0,1285.0,1157700
2018-12-19,1285.0,1288.3333740234375,1258.3333740234375,1271.6666259765625,841800
2018-12-20,1271.6666259765625,1285.0,1236.6666259765625,1243.3333740234375,1113900
2018-12-21,1238.3333740234375,1253.3333740234375,1218.3333740234375,1230.0,960000
2018-12-24,1230.0,1230.0,1230.0,1230.0,0
2018-12-25,1136.6666259765625,1166.6666259765625,1130.0,1136.6666259765625,865800
2018-12-26,1151.6666259765625,1196.6666259765625,1148.3333740234375,1173.3333740234375,902100
2018-12-27,1225.0,1268.3333740234375,1218.3333740234375,1261.6666259765625,906300
2018-12-28,1251.6666259765625,1258.3333740234375,1240.0,1251.6666259765625,539400
2018-12-31,1251.6666259765625,1251.6666259765625,1251.6666259765625,1251.6666259765625,0
2019-01-04,1228.3333740234375,1241.6666259765625,1213.3333740234375,1216.6666259765625,869400
2019-01-07,1253.3333740234375,1276.6666259765625,1243.3333740234375,1263.3333740234375,887700
2019-01-08,1246.6666259765625,1251.6666259765625,1221.6666259765625,1223.3333740234375,1128600
2019-01-09,1230.0,1233.3333740234375,1195.0,1228.3333740234375,1521900
2019-01-10,1210.0,1221.6666259765625,1200.0,1210.0,1049100
2019-01-11,1221.6666259765625,1231.6666259765625,1216.6666259765625,1228.3333740234375,780000
2019-01-15,1220.0,1230.0,1215.0,1230.0,985800
2019-01-16,1230.0,1241.6666259765625,1218.3333740234375,1231.6666259765625,934200
2019-01-17,1250.0,1261.6666259765625,1241.6666259765625,1245.0,986100
2019-01-18,1248.3333740234375,1285.0,1240.0,1246.6666259765625,966600
2019-01-21,1253.3333740234375,1255.0,1161.6666259765625,1178.3333740234375,1064700
2019-01-22,1186.6666259765625,1186.6666259765625,1158.3333740234375,1160.0,567600
2019-01-23,1158.3333740234375,1166.6666259765625,1143.3333740234375,1160.0,773100
2019-01-24,1151.6666259765625,1170.0,1148.3333740234375,1165.0,448200
2019-01-25,1175.0,1191.6666259765625,1170.0,1178.3333740234375,443100
2019-01-28,1176.6666259765625,1183.3333740234375,1160.0,1163.3333740234375,570600
2019-01-29,1163.3333740234375,1166.6666259765625,1148.3333740234375,1166.6666259765625,517500
2019-01-30,1175.0,1183.3333740234375,1165.0,1173.3333740234375,717600
2019-01-31,1188.3333740234375,1203.3333740234375,1181.6666259765625,1195.0,554100
2019-02-01,1183.3333740234375,1215.0,1183.3333740234375,1208.3333740234375,586200
2019-02-04,1221.6666259765625,1248.3333740234375,1221.6666259765625,1241.6666259765625,467100
2019-02-05,1253.3333740234375,1256.6666259765625,1226.6666259765625,1240.0,735300
2019-02-06,1240.0,1270.0,1183.3333740234375,1196.6666259765625,1284600
2019-02-07,1191.6666259765625,1203.3333740234375,1175.0,1195.0,652200
2019-02-08,1181.6666259765625,1193.3333740234375,1165.0,1173.3333740234375,768600
2019-02-12,1178.3333740234375,1200.0,1176.6666259765625,1188.3333740234375,708000
2019-02-13,1211.6666259765625,1235.0,1198.3333740234375,1230.0,791100
2019-02-14,1233.3333740234375,1245.0,1225.0,1231.6666259765625,396300
2019-02-15,1226.6666259765625,1236.6666259765625,1213.3333740234375,1226.6666259765625,303600
2019-02-18,1270.0,1273.3333740234375,1245.0,1260.0,728700
2019-02-19,1260.0,1288.3333740234375,1255.0,1275.0,630600
2019-02-20,1270.0,1283.3333740234375,1266.6666259765625,1275.0,437100
2019-02-21,1276.6666259765625,1281.6666259765625,1261.6666259765625,1271.6666259765625,663600
2019-02-22,1261.6666259765625,1268.3333740234375,1250.0,1255.0,520800
2019-02-25,1278.3333740234375,1290.0,1261.6666259765625,1268.3333740234375,537600
2019-02-26,1278.3333740234375,1280.0,1261.6666259765625,1270.0,390600
2019-02-27,1271.6666259765625,1283.3333740234375,1261.6666259765625,1278.3333740234375,628500
2019-02-28,1278.3333740234375,1285.0,1270.0,1278.3333740234375,587700
2019-03-01,1278.3333740234375,1290.0,1270.0,1276.6666259765625,464400
2019-03-04,1288.3333740234375,1310.0,1286.6666259765625,1305.0,531000
2019-03-05,1305.0,1306.6666259765625,1290.0,1298.3333740234375,354000
2019-03-06,1290.0,1303.3333740234375,1285.0,1300.0,305700
2019-03-07,1300.0,1321.6666259765625,1291.6666259765625,1308.3333740234375,608700
2019-03-08,1288.3333740234375,1303.3333740234375,1286.6666259765625,1295.0,539700
2019-03-11,1293.3333740234375,1301.6666259765625,1286.6666259765625,1300.0,215400
2019-03-12,1295.0,1310.0,1278.3333740234375,1280.0,1031700
2019-03-13,1280.0,1286.6666259765625,1261.6666259765625,1276.6666259765625,1324200
2019-03-14,1280.0,1283.3333740234375,1240.0,1245.0,470700
2019-03-15,1245.0,1265.0,1241.6666259765625,1265.0,891600
2019-03-18,1270.0,1278.3333740234375,1261.6666259765625,1270.0,299400
2019-03-19,1266.6666259765625,1266.6666259765625,1246.6666259765625,1250.0,241500
2019-03-20,1250.0,1275.0,1248.3333740234375,1275.0,426900
2019-03-22,1271.6666259765625,1273.3333740234375,1260.0,1271.6666259765625,579900
2019-03-25,1240.0,1268.3333740234375,1226.6666259765625,1235.0,486000
2019-03-26,1256.6666259765625,1283.3333740234375,1256.6666259765625,1280.0,375300
2019-03-27,1263.3333740234375,1278.3333740234375,1263.3333740234375,1271.6666259765625,263400
2019-03-28,1246.6666259765625,1248.3333740234375,1235.0,1240.0,297900
2019-03-29,1270.0,1270.0,1248.3333740234375,1256.6666259765625,370500
2019-04-01,1280.0,1298.3333740234375,1271.6666259765625,1288.3333740234375,412800
2019-04-02,1300.0,1300.0,1263.3333740234375,1268.3333740234375,221400
2019-04-03,1270.0,1280.0,1260.0,1276.6666259765625,250800
2019-04-04,1283.3333740234375,1288.3333740234375,1270.0,1285.0,195600
2019-04-05,1275.0,1283.3333740234375,1270.0,1278.3333740234375,326700
2019-04-08,1286.6666259765625,1288.3333740234375,1270.0,1271.6666259765625,253200
2019-04-09,1270.0,1270.0,1256.6666259765625,1260.0,191400
2019-04-10,1246.6666259765625,1273.3333740234375,1241.6666259765625,1271.6666259765625,221400
2019-04-11,1280.0,1280.0,1261.6666259765625,1275.0,155700
2019-04-12,1283.3333740234375,1283.3333740234375,1261.6666259765625,1268.3333740234375,309300
2019-04-15,1300.0,1310.0,1286.6666259765625,1293.3333740234375,473700
2019-04-16,1283.3333740234375,1298.3333740234375,1278.3333740234375,1288.3333740234375,450300
2019-04-17,1278.3333740234375,1293.3333740234375,1275.0,1290.0,403800
2019-04-18,1293.3333740234375,1305.0,1293.3333740234375,1305.0,500400
2019-04-19,1328.3333740234375,1338.3333740234375,1303.3333740234375,1315.0,861000
2019-04-22,1328.3333740234375,1330.0,1313.3333740234375,1320.0,492000
2019-04-23,1323.3333740234375,1325.0,1315.0,1321.6666259765625,387000
2019-04-24,1326.6666259765625,1333.3333740234375,1311.6666259765625,1316.6666259765625,539100
2019-04-25,1311.6666259765625,1318.3333740234375,1296.6666259765625,1315.0,531000
2019-04-26,1300.0,1321.6666259765625,1290.0,1318.3333740234375,393600
2019-05-07,1306.6666259765625,1320.0,1301.6666259765625,1308.3333740234375,536400
2019-05-08,1291.6666259765625,1303.3333740234375,1286.6666259765625,1295.0,812100
2019-05-09,1273.3333740234375,1308.3333740234375,1230.0,1291.6666259765625,1420800
2019-05-10,1290.0,1306.6666259765625,1253.3333740234375,1303.3333740234375,1125000
2019-05-13,1305.0,1316.6666259765625,1275.0,1281.6666259765625,796200
2019-05-14,1240.0,1281.6666259765625,1240.0,1281.6666259765625,587400
2019-05-15,1283.3333740234375,1293.3333740234375,1268.3333740234375,1285.0,408900
2019-05-16,1283.3333740234375,1283.3333740234375,1266.6666259765625,1278.3333740234375,408600
2019-05-17,1291.6666259765625,1321.6666259765625,1291.6666259765625,1316.6666259765625,478200
2019-05-20,1316.6666259765625,1325.0,1311.6666259765625,1323.3333740234375,360300
2019-05-21,1308.3333740234375,1350.0,1308.3333740234375,1348.3333740234375,541500
2019-05-22,1348.3333740234375,1366.6666259765625,1340.0,1341.6666259765625,635400
2019-05-23,1343.3333740234375,1353.3333740234375,1335.0,1350.0,603600
2019-05-24,1335.0,1348.3333740234375,1323.3333740234375,1335.0,1012200
2019-05-27,1325.0,1336.6666259765625,1295.0,1336.6666259765625,729300
2019-05-28,1331.6666259765625,1336.6666259765625,1311.6666259765625,1316.6666259765625,1386000
2019-05-29,1300.0,1318.3333740234375,1293.3333740234375,1311.6666259765625,511200
2019-05-30,1318.3333740234375,1318.3333740234375,1305.0,1315.0,305100
2019-05-31,1306.6666259765625,1316.6666259765625,1301.6666259765625,1305.0,395100
2019-06-03,1281.6666259765625,1295.0,1278.3333740234375,1290.0,254700
2019-06-04,1290.0,1290.0,1271.6666259765625,1288.3333740234375,465900
2019-06-05,1335.0,1350.0,1325.0,1345.0,777000
2019-06-06,1341.6666259765625,1345.0,1333.3333740234375,1336.6666259765625,402600
2019-06-07,1331.6666259765625,1336.6666259765625,1313.3333740234375,1325.0,468300
2019-06-10,1328.3333740234375,1341.6666259765625,1326.6666259765625,1333.3333740234375,425400
2019-06-11,1326.6666259765625,1326.6666259765625,1310.0,1320.0,431400
2019-06-12,1343.3333740234375,1376.6666259765625,1341.6666259765625,1366.6666259765625,701100
2019-06-13,1361.6666259765625,1375.0,1348.3333740234375,1356.6666259765625,563700
2019-06-14,1371.6666259765625,1386.6666259765625,1363.3333740234375,1375.0,555600
2019-06-17,1360.0,1368.3333740234375,1351.6666259765625,1358.3333740234375,606600
2019-06-18,1360.0,1373.3333740234375,1340.0,1345.0,367200
2019-06-19,1358.3333740234375,1363.3333740234375,1350.0,1363.3333740234375,340800
2019-06-20,1360.0,1361.6666259765625,1341.6666259765625,1343.3333740234375,399900
2019-06-21,1346.6666259765625,1348.3333740234375,1325.0,1326.6666259765625,577200
2019-06-24,1315.0,1321.6666259765625,1305.0,1316.6666259765625,246900
2019-06-25,1328.3333740234375,1336.6666259765625,1323.3333740234375,1330.0,372900
2019-06-26,1311.6666259765625,1325.0,1306.6666259765625,1306.6666259765625,279000
2019-06-27,1313.3333740234375,1330.0,1311.6666259765625,1330.0,312300
2019-06-28,1328.3333740234375,1350.0,1326.6666259765625,1338.3333740234375,544800
2019-07-01,1366.6666259765625,1371.6666259765625,1331.6666259765625,1355.0,412200
2019-07-02,1353.3333740234375,1370.0,1353.3333740234375,1360.0,314700
2019-07-03,1353.3333740234375,1358.3333740234375,1346.6666259765625,1350.0,316800
2019-07-04,1365.0,1365.0,1343.3333740234375,1356.6666259765625,285300
2019-07-05,1368.3333740234375,1368.3333740234375,1345.0,1353.3333740234375,497700
2019-07-08,1366.6666259765625,1368.3333740234375,1341.6666259765625,1346.6666259765625,482100
2019-07-09,1340.0,1351.6666259765625,1335.0,1335.0,397800
2019-07-10,1323.3333740234375,1326.6666259765625,1306.6666259765625,1310.0,491400
2019-07-11,1296.6666259765625,1306.6666259765625,1290.0,1298.3333740234375,487500
2019-07-12,1306.6666259765625,1325.0,1301.6666259765625,1323.3333740234375,436800
2019-07-16,1313.3333740234375,1320.0,1301.6666259765625,1316.6666259765625,387000
2019-07-17,1306.6666259765625,1325.0,1303.3333740234375,1311.6666259765625,303900
2019-07-18,1301.6666259765625,1310.0,1268.3333740234375,1271.6666259765625,429900
2019-07-19,1276.6666259765625,1303.3333740234375,1270.0,1303.3333740234375,333300
2019-07-22,1295.0,1295.0,1273.3333740234375,1280.0,373200
2019-07-23,1271.6666259765625,1290.0,1266.6666259765625,1288.3333740234375,412200
2019-07-24,1290.0,1291.6666259765625,1276.6666259765625,1290.0,393300
2019-07-25,1295.0,1305.0,1293.3333740234375,1300.0,242400
2019-07-26,1288.3333740234375,1296.6666259765625,1285.0,1293.3333740234375,313800
2019-07-29,1293.3333740234375,1298.3333740234375,1285.0,1293.3333740234375,393900
2019-07-30,1300.0,1301.6666259765625,1291.6666259765625,1296.6666259765625,352200
2019-07-31,1273.3333740234375,1323.3333740234375,1270.0,1303.3333740234375,855900
2019-08-01,1173.3333740234375,1230.0,1170.0,1210.0,1014300
2019-08-02,1190.0,1221.6666259765625,1148.3333740234375,1153.3333740234375,780300
2019-08-05,1136.6666259765625,1136.6666259765625,1100.0,1110.0,723600
2019-08-06,1071.6666259765625,1095.0,1066.6666259765625,1093.3333740234375,584400
2019-08-07,1093.3333740234375,1103.3333740234375,1078.3333740234375,1088.3333740234375,758400
2019-08-08,1093.3333740234375,1116.6666259765625,1093.3333740234375,1100.0,771000
2019-08-09,1105.0,1126.6666259765625,1100.0,1110.0,612300
2019-08-13,1090.0,1111.6666259765625,1080.0,1090.0,585300
2019-08-14,1113.3333740234375,1115.0,1101.6666259765625,1113.3333740234375,617100
2019-08-15,1098.3333740234375,1125.0,1091.6666259765625,1121.6666259765625,567300
2019-08-16,1126.6666259765625,1128.3333740234375,1111.6666259765625,1111.6666259765625,532500
2019-08-19,1128.3333740234375,1136.6666259765625,1115.0,1121.6666259765625,545700
2019-08-20,1123.3333740234375,1141.6666259765625,1123.3333740234375,1136.6666259765625,480300
2019-08-21,1115.0,1123.3333740234375,1110.0,1120.0,382800
2019-08-22,1136.6666259765625,1143.3333740234375,1130.0,1136.6666259765625,474900
2019-08-23,1156.6666259765625,1166.6666259765625,1128.3333740234375,1136.6666259765625,531300
2019-08-26,1101.6666259765625,1121.6666259765625,1101.6666259765625,1116.6666259765625,410400
2019-08-27,1136.6666259765625,1136.6666259765625,1123.3333740234375,1126.6666259765625,513900
2019-08-28,1133.3333740234375,1145.0,1121.6666259765625,1130.0,296700
2019-08-29,1128.3333740234375,1130.0,1108.3333740234375,1128.3333740234375,338700
2019-08-30,1136.6666259765625,1151.6666259765625,1133.3333740234375,1148.3333740234375,555900
2019-09-02,1121.6666259765625,1128.3333740234375,1118.3333740234375,1123.3333740234375,449700
2019-09-03,1118.3333740234375,1148.3333740234375,1118.3333740234375,1141.6666259765625,286200
2019-09-04,1131.6666259765625,1141.6666259765625,1118.3333740234375,1133.3333740234375,440100
2019-09-05,1141.6666259765625,1176.6666259765625,1141.6666259765625,1160.0,539100
2019-09-06,1180.0,1180.0,1153.3333740234375,1155.0,300900
2019-09-09,1155.0,1165.0,1148.3333740234375,1165.0,330000
2019-09-10,1165.0,1168.3333740234375,1151.6666259765625,1161.6666259765625,351000
2019-09-11,1160.0,1183.3333740234375,1155.0,1183.3333740234375,458100
2019-09-12,1201.6666259765625,1210.0,1191.6666259765625,1196.6666259765625,763500
2019-09-13,1220.0,1226.6666259765625,1193.3333740234375,1223.3333740234375,910800
2019-09-17,1231.6666259765625,1231.6666259765625,1195.0,1205.0,472800
2019-09-18,1203.3333740234375,1203.3333740234375,1178.3333740234375,1190.0,452100
2019-09-19,1203.3333740234375,1216.6666259765625,1198.3333740234375,1210.0,622500
2019-09-20,1226.6666259765625,1230.0,1210.0,1216.6666259765625,557400
2019-09-24,1206.6666259765625,1220.0,1203.3333740234375,1218.3333740234375,647400
2019-09-25,1208.3333740234375,1213.3333740234375,1201.6666259765625,1211.6666259765625,476700
2019-09-26,1225.0,1235.0,1211.6666259765625,1216.6666259765625,459300
2019-09-27,1215.0,1215.0,1180.0,1196.6666259765625,411600
2019-09-30,1183.3333740234375,1198.3333740234375,1181.6666259765625,1185.0,345300
2019-10-01,1203.3333740234375,1213.3333740234375,1203.3333740234375,1210.0,319500
2019-10-02,1190.0,1221.6666259765625,1188.3333740234375,1211.6666259765625,389700
2019-10-03,1175.0,1183.3333740234375,1170.0,1180.0,396900
2019-10-04,1173.3333740234375,1176.6666259765625,1158.3333740234375,1175.0,291600
2019-10-07,1176.6666259765625,1183.3333740234375,1161.6666259765625,1181.6666259765625,299100
2019-10-08,1188.3333740234375,1193.3333740234375,1173.3333740234375,1191.6666259765625,336000
2019-10-09,1168.3333740234375,1176.6666259765625,1158.3333740234375,1176.6666259765625,492900
2019-10-10,1178.3333740234375,1181.6666259765625,1163.3333740234375,1181.6666259765625,242400
2019-10-11,1191.6666259765625,1198.3333740234375,1175.0,1186.6666259765625,331800
2019-10-15,1210.0,1215.0,1193.3333740234375,1198.3333740234375,452100
2019-10-16,1216.6666259765625,1226.6666259765625,1193.3333740234375,1205.0,437400
2019-10-17,1196.6666259765625,1201.6666259765625,1188.3333740234375,1191.6666259765625,477300
2019-10-18,1196.6666259765625,1210.0,1195.0,1195.0,625800
2019-10-21,1206.6666259765625,1210.0,1185.0,1193.3333740234375,542400
2019-10-23,1190.0,1193.3333740234375,1161.6666259765625,1188.3333740234375,499500
2019-10-24,1195.0,1198.3333740234375,1171.6666259765625,1175.0,540600
2019-10-25,1181.6666259765625,1186.6666259765625,1175.0,1185.0,678900
2019-10-28,1198.3333740234375,1223.3333740234375,1196.6666259765625,1215.0,412800
2019-10-29,1230.0,1235.0,1218.3333740234375,1223.3333740234375,363600
2019-10-30,1223.3333740234375,1236.6666259765625,1221.6666259765625,1233.3333740234375,462600
2019-10-31,1233.3333740234375,1238.3333740234375,1220.0,1230.0,358500
2019-11-01,1213.3333740234375,1238.3333740234375,1211.6666259765625,1236.6666259765625,288600
2019-11-05,1258.3333740234375,1266.6666259765625,1250.0,1265.0,469200
2019-11-06,1275.0,1275.0,1261.6666259765625,1268.3333740234375,338400
2019-11-07,1263.3333740234375,1266.6666259765625,1218.3333740234375,1238.3333740234375,674400
2019-11-08,1226.6666259765625,1261.6666259765625,1211.6666259765625,1253.3333740234375,699300
2019-11-11,1253.3333740234375,1271.6666259765625,1253.3333740234375,1271.6666259765625,532200
2019-11-12,1275.0,1276.6666259765625,1260.0,1271.6666259765625,452700
2019-11-13,1283.3333740234375,1296.6666259765625,1261.6666259765625,1263.3333740234375,649200
2019-11-14,1251.6666259765625,1251.6666259765625,1223.3333740234375,1233.3333740234375,596400
2019-11-15,1243.3333740234375,1275.0,1243.3333740234375,1261.6666259765625,335700
2019-11-18,1256.6666259765625,1261.6666259765625,1245.0,1255.0,432600
2019-11-19,1240.0,1241.6666259765625,1216.6666259765625,1220.0,533400
2019-11-20,1215.0,1225.0,1213.3333740234375,1223.3333740234375,387300
2019-11-21,1216.6666259765625,1218.3333740234375,1190.0,1213.3333740234375,392100
2019-11-22,1216.6666259765625,1228.3333740234375,1205.0,1215.0,292800
2019-11-25,1235.0,1243.3333740234375,1230.0,1238.3333740234375,334800
2019-11-26,1251.6666259765625,1261.6666259765625,1231.6666259765625,1231.6666259765625,900000
2019-11-27,1235.0,1255.0,1235.0,1246.6666259765625,600900
2019-11-28,1231.6666259765625,1236.6666259765625,1213.3333740234375,1226.6666259765625,532500
2019-11-29,1225.0,1230.0,1210.0,1218.3333740234375,614100
2019-12-02,1231.6666259765625,1251.6666259765625,1226.6666259765625,1243.3333740234375,378900
2019-12-03,1221.6666259765625,1246.6666259765625,1220.0,1238.3333740234375,488700
2019-12-04,1221.6666259765625,1225.0,1206.6666259765625,1218.3333740234375,648900
2019-12-05,1218.3333740234375,1218.3333740234375,1193.3333740234375,1205.0,426000
2019-12-06,1216.6666259765625,1218.3333740234375,1205.0,1216.6666259765625,347400
2019-12-09,1236.6666259765625,1241.6666259765625,1223.3333740234375,1231.6666259765625,273000
2019-12-10,1245.0,1246.6666259765625,1233.3333740234375,1236.6666259765625,416400
2019-12-11,1228.3333740234375,1228.3333740234375,1213.3333740234375,1220.0,356100
2019-12-12,1225.0,1235.0,1221.6666259765625,1221.6666259765625,534300
2019-12-13,1260.0,1263.3333740234375,1240.0,1243.3333740234375,679800
2019-12-16,1253.3333740234375,1255.0,1245.0,1245.0,259500
2019-12-17,1255.0,1255.0,1236.6666259765625,1241.6666259765625,384600
2019-12-18,1236.6666259765625,1246.6666259765625,1228.3333740234375,1231.6666259765625,265500
2019-12-19,1233.3333740234375,1241.6666259765625,1231.6666259765625,1240.0,285900
2019-12-20,1240.0,1241.6666259765625,1225.0,1228.3333740234375,667200
2019-12-23,1238.3333740234375,1241.6666259765625,1223.3333740234375,1228.3333740234375,243300
2019-12-24,1228.3333740234375,1241.6666259765625,1228.3333740234375,1233.3333740234375,223500
2019-12-25,1241.6666259765625,1241.6666259765625,1213.3333740234375,1220.0,199200
2019-12-26,1218.3333740234375,1235.0,1216.6666259765625,1235.0,204000
2019-12-27,1250.0,1255.0,1243.3333740234375,1246.6666259765625,243000
2019-12-30,1233.3333740234375,1233.3333740234375,1215.0,1216.6666259765625,188100
2020-01-06,1180.0,1183.3333740234375,1161.6666259765625,1173.3333740234375,487200
2020-01-07,1183.3333740234375,1203.3333740234375,1183.3333740234375,1190.0,387600
2020-01-08,1150.0,1153.3333740234375,1118.3333740234375,1145.0,981000
2020-01-09,1166.6666259765625,1171.6666259765625,1153.3333740234375,1166.6666259765625,385200
2020-01-10,1168.3333740234375,1181.6666259765625,1165.0,1168.3333740234375,313500
2020-01-14,1166.6666259765625,1175.0,1163.3333740234375,1171.6666259765625,320400
2020-01-15,1163.3333740234375,1176.6666259765625,1163.3333740234375,1168.3333740234375,237600
2020-01-16,1163.3333740234375,1171.6666259765625,1161.6666259765625,1166.6666259765625,275400
2020-01-17,1181.6666259765625,1181.6666259765625,1170.0,1175.0,252000
2020-01-20,1190.0,1195.0,1190.0,1190.0,173400
2020-01-21,1185.0,1188.3333740234375,1168.3333740234375,1176.6666259765625,185700
2020-01-22,1161.6666259765625,1181.6666259765625,1161.6666259765625,1178.3333740234375,438600
2020-01-23,1165.0,1175.0,1165.0,1170.0,311700
2020-01-24,1165.0,1168.3333740234375,1151.6666259765625,1160.0,456900
2020-01-27,1165.0,1171.6666259765625,1153.3333740234375,1163.3333740234375,608100
2020-01-28,1143.3333740234375,1170.0,1138.3333740234375,1168.3333740234375,842700
2020-01-29,1173.3333740234375,1191.6666259765625,1171.6666259765625,1188.3333740234375,731700
2020-01-30,1193.3333740234375,1196.6666259765625,1165.0,1178.3333740234375,602100
2020-01-31,1200.0,1220.0,1195.0,1208.3333740234375,1145100
2020-02-03,1190.0,1218.3333740234375,1183.3333740234375,1206.6666259765625,717300
2020-02-04,1198.3333740234375,1208.3333740234375,1188.3333740234375,1206.6666259765625,513600
2020-02-05,1208.3333740234375,1233.3333740234375,1191.6666259765625,1198.3333740234375,2227200
2020-02-06,1208.3333740234375,1308.3333740234375,1200.0,1278.3333740234375,2174700
2020-02-07,1278.3333740234375,1326.6666259765625,1268.3333740234375,1320.0,1643100
2020-02-10,1300.0,1355.0,1293.3333740234375,1351.6666259765625,1441200
2020-02-12,1351.6666259765625,1358.3333740234375,1335.0,1346.6666259765625,1898700
2020-02-13,1338.3333740234375,1366.6666259765625,1330.0,1353.3333740234375,1503900
2020-02-14,1341.6666259765625,1343.3333740234375,1313.3333740234375,1323.3333740234375,1219200
2020-02-17,1300.0,1300.0,1220.0,1253.3333740234375,1612500
2020-02-18,1246.6666259765625,1250.0,1176.6666259765625,1210.0,1676400
2020-02-19,1216.6666259765625,1216.6666259765625,1186.6666259765625,1206.6666259765625,885000
2020-02-20,1221.6666259765625,1241.6666259765625,1218.3333740234375,1236.6666259765625,647700
2020-02-21,1233.3333740234375,1258.3333740234375,1233.3333740234375,1245.0,858900
2020-02-25,1158.3333740234375,1205.0,1150.0,1195.0,1002900
2020-02-26,1193.3333740234375,1215.0,1185.0,1208.3333740234375,906600
2020-02-27,1191.6666259765625,1203.3333740234375,1178.3333740234375,1185.0,894900
2020-02-28,1141.6666259765625,1161.6666259765625,1130.0,1155.0,1570200
2020-03-02,1136.6666259765625,1180.0,1136.6666259765625,1163.3333740234375,942600
2020-03-03,1186.6666259765625,1190.0,1153.3333740234375,1155.0,1098900
2020-03-04,1135.0,1160.0,1123.3333740234375,1151.6666259765625,808500
2020-03-05,1173.3333740234375,1193.3333740234375,1171.6666259765625,1178.3333740234375,835500
2020-03-06,1156.6666259765625,1170.0,1146.6666259765625,1160.0,882900
2020-03-09,1123.3333740234375,1136.6666259765625,1096.6666259765625,1121.6666259765625,666000
2020-03-10,1105.0,1118.3333740234375,1056.6666259765625,1111.6666259765625,988500
2020-03-11,1095.0,1110.0,1085.0,1085.0,1114200
2020-03-12,1066.6666259765625,1075.0,1033.3333740234375,1045.0,1296300
2020-03-13,981.6666870117188,1038.3333740234375,957.6666870117188,1016.6666870117188,1760400
2020-03-16,1028.3333740234375,1031.6666259765625,972.0,974.3333129882812,978300
2020-03-17,959.6666870117188,1028.3333740234375,932.3333129882812,1021.6666870117188,1321200
2020-03-18,1038.3333740234375,1078.3333740234375,1028.3333740234375,1041.6666259765625,1094700
2020-03-19,1121.6666259765625,1165.0,1073.3333740234375,1096.6666259765625,1573200
2020-03-23,1098.3333740234375,1141.6666259765625,1053.3333740234375,1085.0,1414500
2020-03-24,1105.0,1116.6666259765625,1073.3333740234375,1100.0,931200
2020-03-25,1130.0,1178.3333740234375,1110.0,1168.3333740234375,1028400
2020-03-26,1145.0,1163.3333740234375,1108.3333740234375,1143.3333740234375,1062600
2020-03-27,1166.6666259765625,1185.0,1133.3333740234375,1178.3333740234375,1788900
2020-03-30,1143.3333740234375,1163.3333740234375,1106.6666259765625,1151.6666259765625,1181400
2020-03-31,1153.3333740234375,1178.3333740234375,1138.3333740234375,1143.3333740234375,821100
2020-04-01,1133.3333740234375,1160.0,1091.6666259765625,1096.6666259765625,1081200
2020-04-02,1085.0,1110.0,1075.0,1088.3333740234375,924300
2020-04-03,1081.6666259765625,1121.6666259765625,1061.6666259765625,1073.3333740234375,1067100
2020-04-06,1083.3333740234375,1136.6666259765625,1075.0,1131.6666259765625,549600
2020-04-07,1138.3333740234375,1181.6666259765625,1136.6666259765625,1161.6666259765625,591000
2020-04-08,1161.6666259765625,1206.6666259765625,1155.0,1190.0,786300
2020-04-09,1183.3333740234375,1195.0,1166.6666259765625,1185.0,645300
2020-04-10,1188.3333740234375,1195.0,1156.6666259765625,1183.3333740234375,396600
2020-04-13,1178.3333740234375,1178.3333740234375,1145.0,1151.6666259765625,608100
2020-04-14,1146.6666259765625,1158.3333740234375,1143.3333740234375,1155.0,385500
2020-04-15,1158.3333740234375,1201.6666259765625,1158.3333740234375,1185.0,912300
2020-04-16,1165.0,1190.0,1161.6666259765625,1185.0,494100
2020-04-17,1206.6666259765625,1231.6666259765625,1203.3333740234375,1225.0,549600
2020-04-20,1226.6666259765625,1245.0,1215.0,1220.0,356700
2020-04-21,1191.6666259765625,1216.6666259765625,1191.6666259765625,1205.0,375300
2020-04-22,1193.3333740234375,1218.3333740234375,1183.3333740234375,1201.6666259765625,478800
2020-04-23,1211.6666259765625,1221.6666259765625,1201.6666259765625,1218.3333740234375,369600
2020-04-24,1218.3333740234375,1221.6666259765625,1206.6666259765625,1211.6666259765625,381600
2020-04-27,1235.0,1238.3333740234375,1220.0,1233.3333740234375,571200
2020-04-28,1230.0,1230.0,1210.0,1215.0,341100
2020-04-30,1256.6666259765625,1261.6666259765625,1191.6666259765625,1193.3333740234375,774000
2020-05-01,1176.6666259765625,1191.6666259765625,1165.0,1173.3333740234375,562200
2020-05-07,1158.3333740234375,1175.0,1151.6666259765625,1155.0,492000
2020-05-08,1173.3333740234375,1183.3333740234375,1163.3333740234375,1178.3333740234375,736800
2020-05-11,1188.3333740234375,1193.3333740234375,1180.0,1186.6666259765625,268200
2020-05-12,1190.0,1203.3333740234375,1183.3333740234375,1186.6666259765625,484200
2020-05-13,1186.6666259765625,1238.3333740234375,1185.0,1226.6666259765625,711000
2020-05-14,1196.6666259765625,1263.3333740234375,1180.0,1255.0,725400
2020-05-15,1251.6666259765625,1260.0,1235.0,1251.6666259765625,447900
2020-05-18,1260.0,1263.3333740234375,1241.6666259765625,1256.6666259765625,311700
2020-05-19,1266.6666259765625,1275.0,1240.0,1256.6666259765625,488700
2020-05-20,1253.3333740234375,1268.3333740234375,1251.6666259765625,1256.6666259765625,367800
2020-05-21,1266.6666259765625,1275.0,1253.3333740234375,1263.3333740234375,438300
2020-05-22,1261.6666259765625,1270.0,1246.6666259765625,1260.0,427800
2020-05-25,1276.6666259765625,1280.0,1241.6666259765625,1261.6666259765625,478200
2020-05-26,1263.3333740234375,1270.0,1248.3333740234375,1265.0,720000
2020-05-27,1260.0,1281.6666259765625,1260.0,1278.3333740234375,604800
2020-05-28,1283.3333740234375,1283.3333740234375,1226.6666259765625,1251.6666259765625,913500
2020-05-29,1270.0,1286.6666259765625,1260.0,1276.6666259765625,1752600
2020-06-01,1271.6666259765625,1273.3333740234375,1251.6666259765625,1255.0,508200
2020-06-02,1248.3333740234375,1260.0,1226.6666259765625,1260.0,979200
2020-06-03,1283.3333740234375,1283.3333740234375,1231.6666259765625,1245.0,751800
2020-06-04,1260.0,1270.0,1246.6666259765625,1263.3333740234375,729600
2020-06-05,1271.6666259765625,1298.3333740234375,1261.6666259765625,1276.6666259765625,832200
2020-06-08,1280.0,1281.6666259765625,1230.0,1246.6666259765625,662700
2020-06-09,1243.3333740234375,1263.3333740234375,1238.3333740234375,1256.6666259765625,503700
2020-06-10,1258.3333740234375,1278.3333740234375,1256.6666259765625,1273.3333740234375,436500
2020-06-11,1278.3333740234375,1286.6666259765625,1270.0,1278.3333740234375,440100
2020-06-12,1265.0,1278.3333740234375,1260.0,1260.0,791100
2020-06-15,1253.3333740234375,1265.0,1220.0,1220.0,315000
2020-06-16,1243.3333740234375,1256.6666259765625,1226.6666259765625,1256.6666259765625,614700
2020-06-17,1251.6666259765625,1271.6666259765625,1248.3333740234375,1253.3333740234375,328800
2020-06-18,1253.3333740234375,1265.0,1246.6666259765625,1260.0,263400
2020-06-19,1265.0,1265.0,1243.3333740234375,1256.6666259765625,508200
2020-06-22,1253.3333740234375,1253.3333740234375,1241.6666259765625,1241.6666259765625,251400
2020-06-23,1241.6666259765625,1256.6666259765625,1235.0,1246.6666259765625,449700
2020-06-24,1243.3333740234375,1243.3333740234375,1230.0,1238.3333740234375,553500
2020-06-25,1235.0,1251.6666259765625,1220.0,1220.0,520500
2020-06-26,1238.3333740234375,1250.0,1236.6666259765625,1246.6666259765625,585300
2020-06-29,1233.3333740234375,1256.6666259765625,1233.3333740234375,1243.3333740234375,625800
2020-06-30,1266.6666259765625,1266.6666259765625,1235.0,1243.3333740234375,593700
2020-07-01,1250.0,1263.3333740234375,1236.6666259765625,1246.6666259765625,490200
2020-07-02,1265.0,1268.3333740234375,1248.3333740234375,1248.3333740234375,424200
2020-07-03,1271.6666259765625,1301.6666259765625,1266.6666259765625,1298.3333740234375,678000
2020-07-06,1305.0,1318.3333740234375,1301.6666259765625,1313.3333740234375,342300
2020-07-07,1305.0,1320.0,1291.6666259765625,1303.3333740234375,451200
2020-07-08,1301.6666259765625,1323.3333740234375,1296.6666259765625,1296.6666259765625,506400
2020-07-09,1285.0,1308.3333740234375,1275.0,1295.0,605700
2020-07-10,1296.6666259765625,1305.0,1285.0,1285.0,561000
2020-07-13,1300.0,1305.0,1285.0,1300.0,774600
2020-07-14,1305.0,1305.0,1285.0,1298.3333740234375,267900
2020-07-15,1310.0,1310.0,1288.3333740234375,1305.0,436200
2020-07-16,1301.6666259765625,1301.6666259765625,1281.6666259765625,1288.3333740234375,450600
2020-07-17,1295.0,1303.3333740234375,1283.3333740234375,1290.0,251700
2020-07-20,1296.6666259765625,1300.0,1283.3333740234375,1300.0,233700
2020-07-21,1303.3333740234375,1328.3333740234375,1300.0,1323.3333740234375,384900
2020-07-22,1328.3333740234375,1330.0,1316.6666259765625,1318.3333740234375,366300
2020-07-27,1316.6666259765625,1333.3333740234375,1311.6666259765625,1333.3333740234375,463200
2020-07-28,1340.0,1366.6666259765625,1340.0,1355.0,745500
2020-07-29,1355.0,1360.0,1336.6666259765625,1346.6666259765625,501900
2020-07-30,1351.6666259765625,1358.3333740234375,1343.3333740234375,1346.6666259765625,328200
2020-07-31,1323.3333740234375,1330.0,1301.6666259765625,1310.0,516000
2020-08-03,1363.3333740234375,1373.3333740234375,1333.3333740234375,1360.0,475500
2020-08-04,1368.3333740234375,1386.6666259765625,1368.3333740234375,1378.3333740234375,339900
2020-08-05,1371.6666259765625,1371.6666259765625,1338.3333740234375,1353.3333740234375,904500
2020-08-06,1366.6666259765625,1383.3333740234375,1341.6666259765625,1366.6666259765625,1018500
2020-08-07,1365.0,1366.6666259765625,1350.0,1353.3333740234375,427200
2020-08-11,1365.0,1385.0,1360.0,1378.3333740234375,653100
2020-08-12,1391.6666259765625,1423.3333740234375,1380.0,1406.6666259765625,728700
2020-08-13,1413.3333740234375,1431.6666259765625,1396.6666259765625,1426.6666259765625,577200
2020-08-14,1433.3333740234375,1436.6666259765625,1425.0,1426.6666259765625,431700
2020-08-17,1413.3333740234375,1421.6666259765625,1400.0,1401.6666259765625,254400
2020-08-18,1401.6666259765625,1421.6666259765625,1400.0,1420.0,283200
2020-08-19,1413.3333740234375,1420.0,1403.3333740234375,1408.3333740234375,233100
2020-08-20,1403.3333740234375,1433.3333740234375,1398.3333740234375,1400.0,230400
2020-08-21,1416.6666259765625,1438.3333740234375,1410.0,1433.3333740234375,404700
2020-08-24,1438.3333740234375,1465.0,1436.6666259765625,1465.0,447600
2020-08-25,1488.3333740234375,1490.0,1473.3333740234375,1480.0,391500
2020-08-26,1466.6666259765625,1475.0,1456.6666259765625,1466.6666259765625,231000
2020-08-27,1450.0,1480.0,1450.0,1461.6666259765625,376800
2020-08-28,1446.6666259765625,1461.6666259765625,1420.0,1433.3333740234375,505800
2020-08-31,1443.3333740234375,1455.0,1431.6666259765625,1433.3333740234375,340500
2020-09-01,1416.6666259765625,1425.0,1388.3333740234375,1411.6666259765625,567900
2020-09-02,1425.0,1431.6666259765625,1378.3333740234375,1416.6666259765625,413700
2020-09-03,1421.6666259765625,1421.6666259765625,1395.0,1411.6666259765625,357600
2020-09-04,1370.0,1381.6666259765625,1366.6666259765625,1371.6666259765625,575100
2020-09-07,1360.0,1363.3333740234375,1346.6666259765625,1353.3333740234375,562800
2020-09-08,1355.0,1363.3333740234375,1341.6666259765625,1360.0,303600
2020-09-09,1336.6666259765625,1363.3333740234375,1333.3333740234375,1360.0,453600
2020-09-10,1366.6666259765625,1393.3333740234375,1366.6666259765625,1386.6666259765625,455100
2020-09-11,1396.6666259765625,1408.3333740234375,1393.3333740234375,1401.6666259765625,424500
2020-09-14,1400.0,1426.6666259765625,1395.0,1421.6666259765625,319800
2020-09-15,1420.0,1421.6666259765625,1405.0,1408.3333740234375,241800
2020-09-16,1410.0,1415.0,1403.3333740234375,1411.6666259765625,220800
2020-09-17,1405.0,1405.0,1388.3333740234375,1403.3333740234375,188700
2020-09-18,1413.3333740234375,1451.6666259765625,1410.0,1446.6666259765625,619200
2020-09-23,1400.0,1408.3333740234375,1390.0,1396.6666259765625,470400
2020-09-24,1386.6666259765625,1388.3333740234375,1375.0,1385.0,289500
2020-09-25,1380.0,1388.3333740234375,1368.3333740234375,1380.0,532500
2020-09-28,1400.0,1435.0,1400.0,1433.3333740234375,605400
2020-09-29,1421.6666259765625,1428.3333740234375,1388.3333740234375,1411.6666259765625,392700
2020-09-30,1401.6666259765625,1415.0,1380.0,1380.0,447900
2020-10-02,1385.0,1396.6666259765625,1365.0,1365.0,364200
2020-10-05,1380.0,1393.3333740234375,1370.0,1375.0,237300
2020-10-06,1385.0,1386.6666259765625,1368.3333740234375,1376.6666259765625,177000
2020-10-07,1353.3333740234375,1366.6666259765625,1353.3333740234375,1360.0,350400
2020-10-08,1368.3333740234375,1380.0,1358.3333740234375,1376.6666259765625,437400
2020-10-09,1375.0,1383.3333740234375,1365.0,1370.0,197100
2020-10-12,1376.6666259765625,1385.0,1360.0,1371.6666259765625,96600
2020-10-13,1375.0,1375.0,1345.0,1350.0,188400
2020-10-14,1335.0,1348.3333740234375,1333.3333740234375,1343.3333740234375,267900
2020-10-15,1330.0,1338.3333740234375,1313.3333740234375,1321.6666259765625,497100
2020-10-16,1318.3333740234375,1328.3333740234375,1300.0,1306.6666259765625,204300
2020-10-19,1325.0,1348.3333740234375,1325.0,1333.3333740234375,186300
2020-10-20,1325.0,1326.6666259765625,1315.0,1320.0,235200
2020-10-21,1333.3333740234375,1345.0,1330.0,1331.6666259765625,405000
2020-10-22,1320.0,1320.0,1301.6666259765625,1315.0,461700
2020-10-23,1323.3333740234375,1331.6666259765625,1315.0,1320.0,516900
2020-10-26,1315.0,1335.0,1313.3333740234375,1320.0,276900
2020-10-27,1318.3333740234375,1323.3333740234375,1295.0,1323.3333740234375,352800
2020-10-28,1313.3333740234375,1333.3333740234375,1306.6666259765625,1331.6666259765625,348600
2020-10-29,1316.6666259765625,1328.3333740234375,1313.3333740234375,1328.3333740234375,241500
2020-10-30,1323.3333740234375,1326.6666259765625,1295.0,1305.0,453000
2020-11-02,1323.3333740234375,1338.3333740234375,1321.6666259765625,1331.6666259765625,558600
2020-11-04,1343.3333740234375,1348.3333740234375,1318.3333740234375,1333.3333740234375,628500
2020-11-05,1340.0,1366.6666259765625,1325.0,1356.6666259765625,642300
2020-11-06,1370.0,1403.3333740234375,1340.0,1393.3333740234375,552600
2020-11-09,1416.6666259765625,1430.0,1398.3333740234375,1421.6666259765625,456600
2020-11-10,1430.0,1443.3333740234375,1416.6666259765625,1426.6666259765625,628500
2020-11-11,1450.0,1456.6666259765625,1438.3333740234375,1445.0,626700
2020-11-12,1460.0,1480.0,1460.0,1478.3333740234375,497400
2020-11-13,1473.3333740234375,1481.6666259765625,1458.3333740234375,1473.3333740234375,701700
2020-11-16,1470.0,1481.6666259765625,1460.0,1475.0,600300
2020-11-17,1481.6666259765625,1481.6666259765625,1463.3333740234375,1465.0,542700
2020-11-18,1451.6666259765625,1488.3333740234375,1446.6666259765625,1480.0,615600
2020-11-19,1516.6666259765625,1541.6666259765625,1515.0,1535.0,973200
2020-11-20,1528.3333740234375,1560.0,1526.6666259765625,1556.6666259765625,506400
2020-11-24,1558.3333740234375,1565.0,1535.0,1555.0,737700
2020-11-25,1578.3333740234375,1623.3333740234375,1561.6666259765625,1576.6666259765625,1022700
2020-11-26,1571.6666259765625,1605.0,1546.6666259765625,1556.6666259765625,951300
2020-11-27,1560.0,1590.0,1556.6666259765625,1581.6666259765625,1344000
2020-11-30,1586.6666259765625,1586.6666259765625,1541.6666259765625,1543.3333740234375,765000
2020-12-01,1566.6666259765625,1578.3333740234375,1548.3333740234375,1573.3333740234375,384900
2020-12-02,1596.6666259765625,1608.3333740234375,1580.0,1591.6666259765625,652800
2020-12-03,1598.3333740234375,1601.6666259765625,1581.6666259765625,1588.3333740234375,369300
2020-12-04,1570.0,1583.3333740234375,1563.3333740234375,1576.6666259765625,394200
2020-12-07,1593.3333740234375,1598.3333740234375,1568.3333740234375,1568.3333740234375,249300
2020-12-08,1580.0,1596.6666259765625,1573.3333740234375,1588.3333740234375,481500
2020-12-09,1611.6666259765625,1645.0,1611.6666259765625,1643.3333740234375,626700
2020-12-10,1650.0,1651.6666259765625,1620.0,1631.6666259765625,405600
2020-12-11,1623.3333740234375,1635.0,1616.6666259765625,1635.0,429000
2020-12-14,1658.3333740234375,1686.6666259765625,1650.0,1670.0,578700
2020-12-15,1680.0,1706.6666259765625,1670.0,1700.0,392700
2020-12-16,1723.3333740234375,1730.0,1686.6666259765625,1693.3333740234375,353700
2020-12-17,1683.3333740234375,1690.0,1670.0,1686.6666259765625,354300
2020-12-18,1690.0,1733.3333740234375,1673.3333740234375,1703.3333740234375,921000
2020-12-21,1703.3333740234375,1730.0,1696.6666259765625,1723.3333740234375,328200
2020-12-22,1706.6666259765625,1710.0,1683.3333740234375,1683.3333740234375,308100
2020-12-23,1703.3333740234375,1713.3333740234375,1680.0,1710.0,238500
2020-12-24,1730.0,1746.6666259765625,1723.3333740234375,1730.0,274500
2020-12-25,1763.3333740234375,1770.0,1750.0,1756.6666259765625,186900
2020-12-28,1766.6666259765625,1773.3333740234375,1756.6666259765625,1770.0,249000
2020-12-29,1766.6666259765625,1773.3333740234375,1756.6666259765625,1773.3333740234375,345000
2020-12-30,1773.3333740234375,1776.6666259765625,1743.3333740234375,1743.3333740234375,387300
2021-01-04,1760.0,1760.0,1723.3333740234375,1760.0,419700
2021-01-05,1750.0,1766.6666259765625,1733.3333740234375,1736.6666259765625,304200
2021-01-06,1723.3333740234375,1740.0,1706.6666259765625,1706.6666259765625,366600
2021-01-07,1690.0,1733.3333740234375,1670.0,1716.6666259765625,561900
2021-01-08,1700.0,1716.6666259765625,1683.3333740234375,1693.3333740234375,732900
2021-01-12,1673.3333740234375,1693.3333740234375,1663.3333740234375,1676.6666259765625,573000
2021-01-13,1670.0,1693.3333740234375,1665.0,1686.6666259765625,492600
2021-01-14,1666.6666259765625,1696.6666259765625,1648.3333740234375,1658.3333740234375,817500
2021-01-15,1656.6666259765625,1673.3333740234375,1648.3333740234375,1656.6666259765625,868500
2021-01-18,1646.6666259765625,1676.6666259765625,1646.6666259765625,1670.0,302400
2021-01-19,1653.3333740234375,1660.0,1630.0,1636.6666259765625,585900
2021-01-20,1628.3333740234375,1650.0,1621.6666259765625,1646.6666259765625,577500
2021-01-21,1666.6666259765625,1686.6666259765625,1651.6666259765625,1683.3333740234375,937800
2021-01-22,1653.3333740234375,1670.0,1648.3333740234375,1663.3333740234375,676500
2021-01-25,1686.6666259765625,1693.3333740234375,1666.6666259765625,1680.0,342600
2021-01-26,1683.3333740234375,1686.6666259765625,1666.6666259765625,1666.6666259765625,238500
2021-01-27,1683.3333740234375,1686.6666259765625,1670.0,1680.0,275100
2021-01-28,1673.3333740234375,1720.0,1673.3333740234375,1706.6666259765625,854400
2021-01-29,1713.3333740234375,1716.6666259765625,1673.3333740234375,1676.6666259765625,593400
2021-02-01,1660.0,1710.0,1656.6666259765625,1706.6666259765625,511800
2021-02-02,1700.0,1743.3333740234375,1700.0,1736.6666259765625,516300
2021-02-03,1750.0,1873.3333740234373,1746.6666259765625,1836.6666259765625,956400
2021-02-04,1866.6666259765625,1930.0,1856.6666259765625,1890.0,1563300
2021-02-05,1886.6666259765625,1886.6666259765625,1840.0,1870.0,871800
2021-02-08,1873.3333740234373,1903.3333740234373,1856.6666259765625,1896.6666259765625,959100
2021-02-09,1893.3333740234373,1896.6666259765625,1846.6666259765625,1866.6666259765625,853200
2021-02-10,1833.3333740234373,1880.0,1820.0,1866.6666259765625,848100
2021-02-12,1866.6666259765625,1876.6666259765625,1816.6666259765625,1833.3333740234373,636900
2021-02-15,1866.6666259765625,1893.3333740234373,1853.3333740234373,1880.0,592800
2021-02-16,1856.6666259765625,1873.3333740234373,1826.6666259765625,1833.3333740234373,728700
2021-02-17,1830.0,1863.3333740234373,1816.6666259765625,1856.6666259765625,616800
2021-02-18,1876.6666259765625,1940.0,1870.0,1916.6666259765625,2167800
2021-02-19,1906.6666259765625,1966.6666259765625,1903.3333740234373,1963.3333740234373,1173900
2021-02-22,1973.3333740234373,2000.0,1926.6666259765625,1950.0,1147800
2021-02-24,1930.0,1956.6666259765625,1890.0,1900.0,1168500
2021-02-25,1886.6666259765625,1903.3333740234373,1866.6666259765625,1893.3333740234373,804300
2021-02-26,1906.6666259765625,1933.3333740234373,1866.6666259765625,1870.0,946500
2021-03-01,1903.3333740234373,1933.3333740234373,1896.6666259765625,1903.3333740234373,897000
2021-03-02,1910.0,1916.6666259765625,1873.3333740234373,1890.0,882000
2021-03-03,1870.0,1873.3333740234373,1826.6666259765625,1836.6666259765625,1182300
2021-03-04,1803.3333740234373,1843.3333740234373,1800.0,1833.3333740234373,900300
2021-03-05,1800.0,1833.3333740234373,1800.0,1833.3333740234373,918900
2021-03-08,1856.6666259765625,1883.3333740234373,1846.6666259765625,1870.0,633000
2021-03-09,1890.0,1903.3333740234373,1853.3333740234373,1873.3333740234373,650400
2021-03-10,1883.3333740234373,1893.3333740234373,1846.6666259765625,1863.3333740234373,625200
2021-03-11,1886.6666259765625,1900.0,1873.3333740234373,1893.3333740234373,636900
2021-03-12,1916.6666259765625,1930.0,1890.0,1930.0,669900
2021-03-15,1943.3333740234373,1976.6666259765625,1936.6666259765625,1963.3333740234373,899700
2021-03-16,1950.0,1966.6666259765625,1916.6666259765625,1926.6666259765625,639600
2021-03-17,1926.6666259765625,1933.3333740234373,1903.3333740234373,1923.3333740234373,590400
2021-03-18,1920.0,1936.6666259765625,1906.6666259765625,1933.3333740234373,503700
2021-03-19,1923.3333740234373,1930.0,1893.3333740234373,1910.0,1191300
2021-03-22,1903.3333740234373,1930.0,1866.6666259765625,1920.0,724800
2021-03-23,1903.3333740234373,1940.0,1900.0,1920.0,579600
2021-03-24,1900.0,1913.3333740234373,1890.0,1900.0,411000
2021-03-25,1916.6666259765625,1936.6666259765625,1903.3333740234373,1930.0,453000
2021-03-26,1933.3333740234373,1966.6666259765625,1926.6666259765625,1953.3333740234373,672000
2021-03-29,1976.6666259765625,2000.0,1960.0,1986.6666259765625,798300
2021-03-30,1973.3333740234373,1976.6666259765625,1913.3333740234373,1933.3333740234373,458700
2021-03-31,1910.0,1936.6666259765625,1900.0,1930.0,433800
2021-04-01,1940.0,1966.6666259765625,1926.6666259765625,1943.3333740234373,364500
2021-04-02,1983.3333740234373,1993.3333740234373,1950.0,1963.3333740234373,543900
2021-04-05,1966.6666259765625,1970.0,1926.6666259765625,1966.6666259765625,328200
2021-04-06,1966.6666259765625,1976.6666259765625,1933.3333740234373,1953.3333740234373,336300
2021-04-07,1956.6666259765625,2000.0,1943.3333740234373,1996.6666259765625,526200
2021-04-08,1993.3333740234373,1996.6666259765625,1956.6666259765625,1966.6666259765625,405300
2021-04-09,1983.3333740234373,1996.6666259765625,1970.0,1986.6666259765625,489600
2021-04-12,1993.3333740234373,1996.6666259765625,1976.6666259765625,1980.0,285900
2021-04-13,1980.0,1993.3333740234373,1970.0,1983.3333740234373,349800
2021-04-14,1996.6666259765625,1996.6666259765625,1963.3333740234373,1976.6666259765625,282000
2021-04-15,1980.0,1986.6666259765625,1953.3333740234373,1956.6666259765625,228900
2021-04-16,1963.3333740234373,1970.0,1946.6666259765625,1960.0,316500
2021-04-19,1986.6666259765625,2000.0,1970.0,1986.6666259765625,332100
2021-04-20,1980.0,1990.0,1966.6666259765625,1986.6666259765625,350400
2021-04-21,1956.6666259765625,1960.0,1930.0,1943.3333740234373,485100
2021-04-22,1966.6666259765625,1970.0,1950.0,1966.6666259765625,390000
2021-04-23,1963.3333740234373,1976.6666259765625,1953.3333740234373,1970.0,285600
2021-04-26,1980.0,1983.3333740234373,1950.0,1963.3333740234373,561900
2021-04-27,1953.3333740234373,1960.0,1933.3333740234373,1936.6666259765625,317700
2021-04-28,1936.6666259765625,1943.3333740234373,1923.3333740234373,1940.0,313200
2021-04-30,1940.0,1940.0,1916.6666259765625,1926.6666259765625,647700
2021-05-06,1993.3333740234373,2033.3333740234373,1986.6666259765625,2023.3333740234373,873000
2021-05-07,2036.6666259765625,2050.0,2023.3333740234373,2040.0,520800
2021-05-10,2033.3333740234373,2050.0,2016.6666259765625,2050.0,402600
2021-05-11,2060.0,2066.666748046875,1993.3333740234373,2003.3333740234373,1056000
2021-05-12,2060.0,2060.0,1903.3333740234373,1976.6666259765625,1648200
2021-05-13,1943.3333740234373,1993.3333740234373,1886.6666259765625,1890.0,783000
2021-05-14,1900.0,1923.3333740234373,1880.0,1910.0,563100
2021-05-17,1900.0,1913.3333740234373,1846.6666259765625,1856.6666259765625,438600
2021-05-18,1853.3333740234373,1856.6666259765625,1816.6666259765625,1823.3333740234373,588900
2021-05-19,1800.0,1803.3333740234373,1770.0,1783.3333740234375,581700
2021-05-20,1780.0,1796.6666259765625,1763.3333740234375,1796.6666259765625,867300
2021-05-21,1816.6666259765625,1853.3333740234373,1806.6666259765625,1853.3333740234373,765900
2021-05-24,1860.0,1903.3333740234373,1860.0,1883.3333740234373,764100
2021-05-25,1916.6666259765625,1933.3333740234373,1890.0,1930.0,741300
2021-05-26,1910.0,1910.0,1856.6666259765625,1873.3333740234373,414900
2021-05-27,1876.6666259765625,1880.0,1860.0,1863.3333740234373,585900
2021-05-28,1900.0,1943.3333740234373,1896.6666259765625,1940.0,492000
2021-05-31,1930.0,1930.0,1873.3333740234373,1890.0,482700
2021-06-01,1876.6666259765625,1906.6666259765625,1866.6666259765625,1903.3333740234373,501300
2021-06-02,1910.0,1953.3333740234373,1910.0,1933.3333740234373,529200
2021-06-03,1923.3333740234373,1956.6666259765625,1923.3333740234373,1956.6666259765625,406200
2021-06-04,1966.6666259765625,1966.6666259765625,1926.6666259765625,1933.3333740234373,618000
2021-06-07,1943.3333740234373,1943.3333740234373,1916.6666259765625,1916.6666259765625,332100
2021-06-08,1896.6666259765625,1913.3333740234373,1873.3333740234373,1890.0,219000
2021-06-09,1876.6666259765625,1890.0,1866.6666259765625,1890.0,237300
2021-06-10,1880.0,1930.0,1880.0,1916.6666259765625,349500
2021-06-11,1910.0,1943.3333740234373,1910.0,1933.3333740234373,483300
2021-06-14,1940.0,1950.0,1920.0,1920.0,195300
2021-06-15,1903.3333740234373,1940.0,1903.3333740234373,1926.6666259765625,207900
2021-06-16,1923.3333740234373,1960.0,1920.0,1953.3333740234373,265800
2021-06-17,1966.6666259765625,1970.0,1943.3333740234373,1956.6666259765625,388500
2021-06-18,1980.0,2033.3333740234373,1966.6666259765625,2026.6666259765625,1653000
2021-06-21,1960.0,1960.0,1870.0,1903.3333740234373,938400
2021-06-22,1960.0,1960.0,1913.3333740234373,1943.3333740234373,417900
2021-06-23,1933.3333740234373,1953.3333740234373,1920.0,1926.6666259765625,373200
2021-06-24,1923.3333740234373,1960.0,1910.0,1956.6666259765625,206100
2021-06-25,1966.6666259765625,1976.6666259765625,1950.0,1953.3333740234373,273900
2021-06-28,1953.3333740234373,1956.6666259765625,1943.3333740234373,1946.6666259765625,320700
2021-06-29,1930.0,1933.3333740234373,1913.3333740234373,1926.6666259765625,294600
2021-06-30,1940.0,1946.6666259765625,1923.3333740234373,1930.0,297900
2021-07-01,1913.3333740234373,1916.6666259765625,1900.0,1910.0,252000
2021-07-02,1936.6666259765625,1940.0,1903.3333740234373,1920.0,556200
2021-07-05,1913.3333740234373,1946.6666259765625,1913.3333740234373,1936.6666259765625,227400
2021-07-06,1940.0,1950.0,1923.3333740234373,1950.0,249600
2021-07-07,1903.3333740234373,1926.6666259765625,1893.3333740234373,1916.6666259765625,417300
2021-07-08,1896.6666259765625,1913.3333740234373,1873.3333740234373,1873.3333740234373,486900
2021-07-09,1840.0,1880.0,1836.6666259765625,1873.3333740234373,634800
2021-07-12,1896.6666259765625,1936.6666259765625,1896.6666259765625,1926.6666259765625,363900
2021-07-13,1956.6666259765625,1983.3333740234373,1946.6666259765625,1970.0,474600
2021-07-14,1943.3333740234373,1946.6666259765625,1913.3333740234373,1926.6666259765625,317400
2021-07-15,1880.0,1883.3333740234373,1853.3333740234373,1853.3333740234373,485100
2021-07-16,1830.0,1903.3333740234373,1830.0,1890.0,397200
2021-07-19,1876.6666259765625,1890.0,1863.3333740234373,1866.6666259765625,293400
2021-07-20,1833.3333740234373,1850.0,1816.6666259765625,1816.6666259765625,346500
2021-07-21,1836.6666259765625,1873.3333740234373,1830.0,1850.0,247500
2021-07-26,1883.3333740234373,1900.0,1866.6666259765625,1870.0,217800
2021-07-27,1866.6666259765625,1890.0,1856.6666259765625,1880.0,330600
2021-07-28,1846.6666259765625,1856.6666259765625,1830.0,1836.6666259765625,320700
2021-07-29,1856.6666259765625,1870.0,1840.0,1870.0,285300
2021-07-30,1880.0,1886.6666259765625,1846.6666259765625,1850.0,401400
2021-08-02,1900.0,1926.6666259765625,1886.6666259765625,1916.6666259765625,429600
2021-08-03,1910.0,1916.6666259765625,1893.3333740234373,1906.6666259765625,192900
2021-08-04,1903.3333740234373,1980.0,1896.6666259765625,1963.3333740234373,851100
2021-08-05,1930.0,1980.0,1853.3333740234373,1860.0,1015500
2021-08-06,1850.0,1930.0,1836.6666259765625,1916.6666259765625,575700
2021-08-10,1906.6666259765625,1950.0,1903.3333740234373,1913.3333740234373,273900
2021-08-11,1946.6666259765625,1966.6666259765625,1933.3333740234373,1966.6666259765625,379800
2021-08-12,2000.0,2110.0,1983.3333740234373,2063.333251953125,855900
2021-08-13,2030.0,2086.666748046875,2030.0,2083.333251953125,518700
2021-08-16,2076.666748046875,2083.333251953125,2003.3333740234373,2016.6666259765625,361200
2021-08-17,2050.0,2056.666748046875,2026.6666259765625,2026.6666259765625,272100
2021-08-18,2033.3333740234373,2056.666748046875,2010.0,2013.3333740234373,373500
2021-08-19,2006.6666259765625,2013.3333740234373,1986.6666259765625,1993.3333740234373,291600
2021-08-20,1983.3333740234373,2003.3333740234373,1966.6666259765625,1976.6666259765625,433800
2021-08-23,2010.0,2030.0,1996.6666259765625,2003.3333740234373,462300
2021-08-24,2013.3333740234373,2036.6666259765625,2010.0,2026.6666259765625,469500
2021-08-25,2036.6666259765625,2050.0,2020.0,2026.6666259765625,348900
2021-08-26,2020.0,2023.3333740234373,2003.3333740234373,2013.3333740234373,214800
2021-08-27,2006.6666259765625,2020.0,2003.3333740234373,2016.6666259765625,414600
2021-08-30,2050.0,2073.333251953125,2023.3333740234373,2043.3333740234373,1328100
2021-08-31,2036.6666259765625,2046.6666259765625,2030.0,2030.0,696900
2021-09-01,2020.0,2073.333251953125,2016.6666259765625,2073.333251953125,458100
2021-09-02,2060.0,2110.0,2060.0,2110.0,425100
2021-09-03,2133.333251953125,2196.666748046875,2123.333251953125,2180.0,788700
2021-09-06,2153.333251953125,2193.333251953125,2153.333251953125,2190.0,509100
2021-09-07,2223.333251953125,2263.333251953125,2216.666748046875,2256.666748046875,647100
2021-09-08,2270.0,2280.0,2236.666748046875,2256.666748046875,500700
2021-09-09,2220.0,2240.0,2210.0,2230.0,513300
2021-09-10,2220.0,2270.0,2220.0,2270.0,666900
2021-09-13,2270.0,2283.333251953125,2253.333251953125,2283.333251953125,436800
2021-09-14,2266.666748046875,2293.333251953125,2246.666748046875,2290.0,637800
2021-09-15,2223.333251953125,2246.666748046875,2196.666748046875,2240.0,536100
2021-09-16,2250.0,2260.0,2216.666748046875,2230.0,502200
2021-09-17,2240.0,2286.666748046875,2230.0,2276.666748046875,824100
2021-09-21,2230.0,2260.0,2220.0,2246.666748046875,428700
2021-09-22,2236.666748046875,2236.666748046875,2200.0,2203.333251953125,337200
2021-09-24,2280.0,2280.0,2243.333251953125,2256.666748046875,441600
2021-09-27,2250.0,2250.0,2200.0,2210.0,456600
2021-09-28,2196.666748046875,2196.666748046875,2143.333251953125,2180.0,537000
2021-09-29,2133.333251953125,2143.333251953125,2100.0,2130.0,535800
2021-09-30,2126.666748046875,2126.666748046875,2083.333251953125,2106.666748046875,801600
2021-10-01,2076.666748046875,2093.333251953125,2043.3333740234373,2053.333251953125,450600
2021-10-04,2083.333251953125,2093.333251953125,2010.0,2020.0,579900
2021-10-05,1980.0,2006.6666259765625,1956.6666259765625,1973.3333740234373,683100
2021-10-06,2006.6666259765625,2043.3333740234373,1976.6666259765625,1986.6666259765625,627300
2021-10-07,1996.6666259765625,2036.6666259765625,1996.6666259765625,2000.0,590100
2021-10-08,1996.6666259765625,2023.3333740234373,1986.6666259765625,1993.3333740234373,512400
2021-10-11,1996.6666259765625,2023.3333740234373,1976.6666259765625,2023.3333740234373,492900
2021-10-12,2020.0,2020.0,1990.0,2010.0,549000
2021-10-13,2003.3333740234373,2010.0,1973.3333740234373,1990.0,637500
2021-10-14,1986.6666259765625,2000.0,1950.0,1963.3333740234373,592500
2021-10-15,1996.6666259765625,2006.6666259765625,1980.0,1993.3333740234373,526500
2021-10-18,2003.3333740234373,2003.3333740234373,1923.3333740234373,1970.0,725400
2021-10-19,1970.0,1983.3333740234373,1940.0,1956.6666259765625,482100
2021-10-20,1980.0,1993.3333740234373,1946.6666259765625,1953.3333740234373,609000
2021-10-21,1930.0,1933.3333740234373,1890.0,1903.3333740234373,722700
2021-10-22,1870.0,1890.0,1840.0,1873.3333740234373,1071900
2021-10-25,1843.3333740234373,1860.0,1836.6666259765625,1853.3333740234373,797100
2021-10-26,1876.6666259765625,1876.6666259765625,1843.3333740234373,1863.3333740234373,610200
2021-10-27,1880.0,1906.6666259765625,1873.3333740234373,1890.0,671100
2021-10-28,1900.0,1913.3333740234373,1883.3333740234373,1906.6666259765625,2493000
2021-10-29,1916.6666259765625,1923.3333740234373,1876.6666259765625,1903.3333740234373,499200
2021-11-01,1956.6666259765625,1956.6666259765625,1916.6666259765625,1923.3333740234373,383100
2021-11-02,1900.0,1903.3333740234373,1880.0,1883.3333740234373,526800
2021-11-04,1906.6666259765625,1996.6666259765625,1880.0,1966.6666259765625,1218300
2021-11-05,2000.0,2040.0,1956.6666259765625,1966.6666259765625,1039200
2021-11-08,1986.6666259765625,1993.3333740234373,1933.3333740234373,1963.3333740234373,599400
2021-11-09,1973.3333740234373,2003.3333740234373,1966.6666259765625,1976.6666259765625,637800
2021-11-10,1973.3333740234373,2010.0,1960.0,1990.0,484200
2021-11-11,1976.6666259765625,2000.0,1973.3333740234373,1990.0,318000
2021-11-12,2000.0,2036.6666259765625,2000.0,2033.3333740234373,465300
2021-11-15,2013.3333740234373,2036.6666259765625,2003.3333740234373,2003.3333740234373,395100
2021-11-16,1986.6666259765625,1993.3333740234373,1940.0,1940.0,772500
2021-11-17,1916.6666259765625,1946.6666259765625,1913.3333740234373,1936.6666259765625,604200
2021-11-18,1943.3333740234373,1970.0,1936.6666259765625,1940.0,1296000
2021-11-19,1963.3333740234373,2000.0,1960.0,1993.3333740234373,851100
2021-11-22,1986.6666259765625,2006.6666259765625,1986.6666259765625,1996.6666259765625,572400
2021-11-24,2013.3333740234373,2053.333251953125,2000.0,2043.3333740234373,1404600
2021-11-25,2056.666748046875,2080.0,2030.0,2046.6666259765625,924900
2021-11-26,2030.0,2036.6666259765625,2000.0,2023.3333740234373,597300
2021-11-29,1996.6666259765625,2003.3333740234373,1943.3333740234373,1950.0,1010400
2021-11-30,1976.6666259765625,1976.6666259765625,1866.6666259765625,1866.6666259765625,1845600
2021-12-01,1876.6666259765625,1893.3333740234373,1830.0,1860.0,753000
2021-12-02,1853.3333740234373,1870.0,1843.3333740234373,1850.0,620100
2021-12-03,1840.0,1860.0,1826.6666259765625,1860.0,461700
2021-12-06,1883.3333740234373,1920.0,1870.0,1916.6666259765625,440700
2021-12-07,1916.6666259765625,1963.3333740234373,1913.3333740234373,1956.6666259765625,429900
2021-12-08,1973.3333740234373,2000.0,1953.3333740234373,1986.6666259765625,533100
2021-12-09,1986.6666259765625,1993.3333740234373,1926.6666259765625,1936.6666259765625,805800
2021-12-10,1940.0,1960.0,1896.6666259765625,1910.0,636600
2021-12-13,1943.3333740234373,1956.6666259765625,1896.6666259765625,1913.3333740234373,464700
2021-12-14,1913.3333740234373,1930.0,1903.3333740234373,1920.0,351300
2021-12-15,1920.0,1966.6666259765625,1920.0,1953.3333740234373,513300
2021-12-16,1966.6666259765625,1970.0,1940.0,1956.6666259765625,374700
2021-12-17,1946.6666259765625,1953.3333740234373,1913.3333740234373,1926.6666259765625,580800
2021-12-20,1893.3333740234373,1896.6666259765625,1866.6666259765625,1870.0,269100
2021-12-21,1903.3333740234373,1910.0,1886.6666259765625,1890.0,273900
2021-12-22,1886.6666259765625,1886.6666259765625,1860.0,1866.6666259765625,297000
2021-12-23,1876.6666259765625,1900.0,1876.6666259765625,1883.3333740234373,185100
2021-12-24,1893.3333740234373,1906.6666259765625,1890.0,1896.6666259765625,306900
2021-12-27,1906.6666259765625,1906.6666259765625,1883.3333740234373,1886.6666259765625,236400
2021-12-28,1910.0,1933.3333740234373,1900.0,1930.0,370800
2021-12-29,1933.3333740234373,1960.0,1930.0,1943.3333740234373,420600
2021-12-30,1943.3333740234373,1960.0,1936.6666259765625,1936.6666259765625,372900
2022-01-04,1916.6666259765625,1936.6666259765625,1893.3333740234373,1916.6666259765625,457800
2022-01-05,1950.0,1950.0,1916.6666259765625,1940.0,364200
2022-01-06,1906.6666259765625,1920.0,1870.0,1873.3333740234373,363000
2022-01-07,1860.0,1890.0,1836.6666259765625,1856.6666259765625,462300
2022-01-11,1833.3333740234373,1833.3333740234373,1813.3333740234373,1820.0,393600
2022-01-12,1833.3333740234373,1856.6666259765625,1816.6666259765625,1856.6666259765625,364200
2022-01-13,1863.3333740234373,1863.3333740234373,1823.3333740234373,1823.3333740234373,356100
2022-01-14,1806.6666259765625,1806.6666259765625,1750.0,1773.3333740234375,642000
2022-01-17,1796.6666259765625,1796.6666259765625,1750.0,1770.0,414000
2022-01-18,1776.6666259765625,1800.0,1760.0,1770.0,407400
2022-01-19,1743.3333740234375,1760.0,1716.6666259765625,1723.3333740234375,344700
2022-01-20,1710.0,1756.6666259765625,1710.0,1740.0,467700
2022-01-21,1720.0,1763.3333740234375,1720.0,1756.6666259765625,420900
2022-01-24,1723.3333740234375,1756.6666259765625,1710.0,1756.6666259765625,392100
2022-01-25,1746.6666259765625,1750.0,1716.6666259765625,1750.0,488400
2022-01-26,1733.3333740234375,1743.3333740234375,1716.6666259765625,1716.6666259765625,525900
2022-01-27,1746.6666259765625,1756.6666259765625,1706.6666259765625,1710.0,762900
2022-01-28,1696.6666259765625,1736.6666259765625,1686.6666259765625,1733.3333740234375,420000
2022-01-31,1736.6666259765625,1753.3333740234375,1713.3333740234375,1736.6666259765625,327000
2022-02-01,1766.6666259765625,1770.0,1740.0,1743.3333740234375,458700
2022-02-02,1753.3333740234375,1783.3333740234375,1743.3333740234375,1783.3333740234375,366300
2022-02-03,1753.3333740234375,1776.6666259765625,1713.3333740234375,1716.6666259765625,480900
2022-02-04,1703.3333740234375,1733.3333740234375,1700.0,1730.0,463800
2022-02-07,1670.0,1756.6666259765625,1650.0,1713.3333740234375,1222500
2022-02-08,1700.0,1713.3333740234375,1643.3333740234375,1700.0,1129500
2022-02-09,1726.6666259765625,1770.0,1726.6666259765625,1750.0,519600
2022-02-10,1776.6666259765625,1793.3333740234375,1750.0,1750.0,423600
2022-02-14,1740.0,1770.0,1736.6666259765625,1753.3333740234375,562500
2022-02-15,1733.3333740234375,1770.0,1710.0,1723.3333740234375,687600
2022-02-16,1743.3333740234375,1756.6666259765625,1726.6666259765625,1750.0,496800
2022-02-17,1746.6666259765625,1770.0,1733.3333740234375,1736.6666259765625,296700
2022-02-18,1710.0,1723.3333740234375,1693.3333740234375,1703.3333740234375,353100
2022-02-21,1670.0,1690.0,1636.6666259765625,1676.6666259765625,391800
2022-02-22,1643.3333740234375,1646.6666259765625,1626.6666259765625,1633.3333740234375,411900
2022-02-24,1605.0,1631.6666259765625,1598.3333740234375,1628.3333740234375,714900
2022-02-25,1628.3333740234375,1640.0,1600.0,1615.0,744600
2022-02-28,1616.6666259765625,1660.0,1616.6666259765625,1660.0,748500
2022-03-01,1680.0,1690.0,1641.6666259765625,1651.6666259765625,745500
2022-03-02,1628.3333740234375,1633.3333740234375,1588.3333740234375,1596.6666259765625,753900
2022-03-03,1606.6666259765625,1611.6666259765625,1573.3333740234375,1585.0,933600
2022-03-04,1576.6666259765625,1583.3333740234375,1548.3333740234375,1578.3333740234375,741600
2022-03-07,1566.6666259765625,1566.6666259765625,1510.0,1516.6666259765625,626400
2022-03-08,1493.3333740234375,1526.6666259765625,1490.0,1508.3333740234375,798000
2022-03-09,1526.6666259765625,1538.3333740234375,1485.0,1490.0,502800
2022-03-10,1546.6666259765625,1606.6666259765625,1540.0,1605.0,711600
2022-03-11,1576.6666259765625,1596.6666259765625,1555.0,1575.0,477000
2022-03-14,1598.3333740234375,1621.6666259765625,1595.0,1600.0,466200
2022-03-15,1605.0,1650.0,1605.0,1636.6666259765625,566700
2022-03-16,1641.6666259765625,1661.6666259765625,1635.0,1640.0,528000
2022-03-17,1703.3333740234375,1703.3333740234375,1670.0,1690.0,637800
2022-03-18,1665.0,1693.3333740234375,1648.3333740234375,1670.0,1124100
2022-03-22,1690.0,1703.3333740234375,1676.6666259765625,1676.6666259765625,450300
2022-03-23,1683.3333740234375,1720.0,1676.6666259765625,1713.3333740234375,495300
2022-03-24,1693.3333740234375,1710.0,1680.0,1706.6666259765625,417300
2022-03-25,1736.6666259765625,1736.6666259765625,1716.6666259765625,1730.0,474300
2022-03-28,1730.0,1736.6666259765625,1696.6666259765625,1703.3333740234375,387300
2022-03-29,1710.0,1736.6666259765625,1710.0,1730.0,450300
2022-03-30,1733.3333740234375,1733.3333740234375,1670.0,1703.3333740234375,508500
2022-03-31,1696.6666259765625,1703.3333740234375,1670.0,1673.3333740234375,462000
2022-04-01,1666.6666259765625,1690.0,1638.3333740234375,1676.6666259765625,391500
2022-04-04,1658.3333740234375,1673.3333740234375,1646.6666259765625,1656.6666259765625,498600
2022-04-05,1680.0,1683.3333740234375,1643.3333740234375,1650.0,496200
2022-04-06,1626.6666259765625,1633.3333740234375,1605.0,1606.6666259765625,385500
2022-04-07,1591.6666259765625,1600.0,1573.3333740234375,1598.3333740234375,337500
2022-04-08,1621.6666259765625,1633.3333740234375,1606.6666259765625,1615.0,484800
2022-04-11,1606.6666259765625,1615.0,1590.0,1605.0,395700
2022-04-12,1596.6666259765625,1600.0,1548.3333740234375,1571.6666259765625,480600
2022-04-13,1581.6666259765625,1603.3333740234375,1581.6666259765625,1591.6666259765625,352500
2022-04-14,1593.3333740234375,1608.3333740234375,1590.0,1595.0,369600
2022-04-15,1578.3333740234375,1578.3333740234375,1558.3333740234375,1570.0,327600
2022-04-18,1546.6666259765625,1553.3333740234375,1520.0,1548.3333740234375,265500
2022-04-19,1571.6666259765625,1590.0,1568.3333740234375,1588.3333740234375,311400
2022-04-20,1593.3333740234375,1608.3333740234375,1586.6666259765625,1595.0,366300
2022-04-21,1595.0,1628.3333740234375,1591.6666259765625,1623.3333740234375,298200
2022-04-22,1588.3333740234375,1610.0,1585.0,1608.3333740234375,353100
2022-04-25,1576.6666259765625,1596.6666259765625,1568.3333740234375,1591.6666259765625,479400
2022-04-26,1605.0,1610.0,1575.0,1591.6666259765625,638700
2022-04-27,1571.6666259765625,1573.3333740234375,1548.3333740234375,1568.3333740234375,1508100
2022-04-28,1578.3333740234375,1630.0,1578.3333740234375,1626.6666259765625,593400
2022-05-02,1615.0,1616.6666259765625,1585.0,1596.6666259765625,470400
2022-05-06,1596.6666259765625,1610.0,1578.3333740234375,1605.0,369900
2022-05-09,1601.6666259765625,1611.6666259765625,1576.6666259765625,1583.3333740234375,370200
2022-05-10,1575.0,1611.6666259765625,1571.6666259765625,1610.0,570000
2022-05-11,1586.6666259765625,1603.3333740234375,1560.0,1586.6666259765625,1060500
2022-05-12,1563.3333740234375,1588.3333740234375,1551.6666259765625,1560.0,712800
2022-05-13,1536.6666259765625,1565.0,1523.3333740234375,1556.6666259765625,606600
2022-05-16,1570.0,1576.6666259765625,1541.6666259765625,1551.6666259765625,638400
2022-05-17,1545.0,1560.0,1535.0,1558.3333740234375,460500
2022-05-18,1558.3333740234375,1566.6666259765625,1523.3333740234375,1526.6666259765625,556800
2022-05-19,1495.0,1510.0,1475.0,1510.0,358200
2022-05-20,1505.0,1505.0,1478.3333740234375,1488.3333740234375,853800
2022-05-23,1511.6666259765625,1536.6666259765625,1498.3333740234375,1505.0,575400
2022-05-24,1511.6666259765625,1515.0,1485.0,1485.0,793800
2022-05-25,1488.3333740234375,1526.6666259765625,1473.3333740234375,1513.3333740234375,765900
2022-05-26,1513.3333740234375,1541.6666259765625,1513.3333740234375,1516.6666259765625,565800
2022-05-27,1540.0,1560.0,1528.3333740234375,1551.6666259765625,760200
2022-05-30,1570.0,1616.6666259765625,1563.3333740234375,1610.0,1593900
2022-05-31,1596.6666259765625,1651.6666259765625,1591.6666259765625,1638.3333740234375,1250400
2022-06-01,1638.3333740234375,1696.6666259765625,1638.3333740234375,1680.0,910200
2022-06-02,1646.6666259765625,1665.0,1633.3333740234375,1648.3333740234375,556500
2022-06-03,1666.6666259765625,1720.0,1665.0,1713.3333740234375,855000
2022-06-06,1700.0,1726.6666259765625,1683.3333740234375,1726.6666259765625,710100
2022-06-07,1733.3333740234375,1766.6666259765625,1730.0,1746.6666259765625,682800
2022-06-08,1756.6666259765625,1773.3333740234375,1723.3333740234375,1733.3333740234375,627000
2022-06-09,1730.0,1756.6666259765625,1710.0,1733.3333740234375,682200
2022-06-10,1720.0,1723.3333740234375,1696.6666259765625,1710.0,495600
2022-06-13,1653.3333740234375,1673.3333740234375,1643.3333740234375,1665.0,1004400
2022-06-14,1623.3333740234375,1648.3333740234375,1621.6666259765625,1643.3333740234375,713400
2022-06-15,1646.6666259765625,1680.0,1646.6666259765625,1660.0,788700
2022-06-16,1651.6666259765625,1670.0,1625.0,1626.6666259765625,1684500
2022-06-17,1570.0,1616.6666259765625,1570.0,1596.6666259765625,2177100
2022-06-20,1616.6666259765625,1621.6666259765625,1573.3333740234375,1575.0,625200
2022-06-21,1611.6666259765625,1636.6666259765625,1606.6666259765625,1620.0,878700
2022-06-22,1643.3333740234375,1651.6666259765625,1611.6666259765625,1611.6666259765625,625800
2022-06-23,1626.6666259765625,1666.6666259765625,1623.3333740234375,1660.0,1121100
2022-06-24,1673.3333740234375,1686.6666259765625,1665.0,1683.3333740234375,746100
2022-06-27,1713.3333740234375,1723.3333740234375,1680.0,1686.6666259765625,501300
2022-06-28,1676.6666259765625,1706.6666259765625,1666.6666259765625,1700.0,558000
2022-06-29,1690.0,1693.3333740234375,1670.0,1676.6666259765625,1263300
2022-06-30,1710.0,1710.0,1670.0,1676.6666259765625,550800
2022-07-01,1686.6666259765625,1710.0,1670.0,1670.0,669000
2022-07-04,1673.3333740234375,1686.6666259765625,1653.3333740234375,1661.6666259765625,299700
2022-07-05,1673.3333740234375,1680.0,1646.6666259765625,1665.0,420000
2022-07-06,1641.6666259765625,1670.0,1641.6666259765625,1665.0,418200
2022-07-07,1690.0,1733.3333740234375,1683.3333740234375,1716.6666259765625,730800
2022-07-08,1720.0,1733.3333740234375,1710.0,1713.3333740234375,675900
2022-07-11,1726.6666259765625,1740.0,1710.0,1726.6666259765625,511800
2022-07-12,1730.0,1730.0,1683.3333740234375,1696.6666259765625,516900
2022-07-13,1696.6666259765625,1720.0,1696.6666259765625,1706.6666259765625,412200
2022-07-14,1700.0,1726.6666259765625,1700.0,1723.3333740234375,348300
2022-07-15,1723.3333740234375,1740.0,1716.6666259765625,1733.3333740234375,299700
2022-07-19,1733.3333740234375,1736.6666259765625,1713.3333740234375,1716.6666259765625,294300
2022-07-20,1763.3333740234375,1776.6666259765625,1756.6666259765625,1773.3333740234375,566700
2022-07-21,1760.0,1776.6666259765625,1760.0,1770.0,402000
2022-07-22,1763.3333740234375,1793.3333740234375,1763.3333740234375,1793.3333740234375,517200
2022-07-25,1793.3333740234375,1800.0,1763.3333740234375,1773.3333740234375,426600
2022-07-26,1756.6666259765625,1776.6666259765625,1746.6666259765625,1750.0,442200
2022-07-27,1763.3333740234375,1790.0,1753.3333740234375,1776.6666259765625,527700
2022-07-28,1780.0,1793.3333740234375,1756.6666259765625,1770.0,354900
2022-07-29,1766.6666259765625,1766.6666259765625,1743.3333740234375,1746.6666259765625,348600
2022-08-01,1740.0,1766.6666259765625,1733.3333740234375,1763.3333740234375,642600
2022-08-02,1756.6666259765625,1756.6666259765625,1726.6666259765625,1736.6666259765625,490800
2022-08-03,1760.0,1913.3333740234373,1730.0,1880.0,1638900
2022-08-04,1866.6666259765625,1866.6666259765625,1760.0,1783.3333740234375,1159800
2022-08-05,1770.0,1796.6666259765625,1760.0,1793.3333740234375,675000
2022-08-08,1780.0,1823.3333740234373,1780.0,1806.6666259765625,423000
2022-08-09,1790.0,1796.6666259765625,1766.6666259765625,1783.3333740234375,331200
2022-08-10,1766.6666259765625,1776.6666259765625,1753.3333740234375,1770.0,243000
2022-08-12,1796.6666259765625,1810.0,1790.0,1800.0,393300
2022-08-15,1810.0,1823.3333740234373,1793.3333740234375,1800.0,229800
2022-08-16,1766.6666259765625,1776.6666259765625,1756.6666259765625,1773.3333740234375,399000
2022-08-17,1796.6666259765625,1800.0,1770.0,1783.3333740234375,300900
2022-08-18,1766.6666259765625,1770.0,1750.0,1753.3333740234375,190800
2022-08-19,1770.0,1780.0,1750.0,1753.3333740234375,222600
2022-08-22,1743.3333740234375,1753.3333740234375,1733.3333740234375,1743.3333740234375,236400
2022-08-23,1726.6666259765625,1760.0,1720.0,1750.0,339000
2022-08-24,1780.0,1803.3333740234373,1766.6666259765625,1790.0,479400
2022-08-25,1796.6666259765625,1816.6666259765625,1796.6666259765625,1800.0,361200
2022-08-26,1770.0,1806.6666259765625,1763.3333740234375,1786.6666259765625,237000
2022-08-29,1753.3333740234375,1783.3333740234375,1750.0,1773.3333740234375,426000
2022-08-30,1773.3333740234375,1793.3333740234375,1760.0,1790.0,357300
2022-08-31,1760.0,1783.3333740234375,1760.0,1766.6666259765625,396900
2022-09-01,1753.3333740234375,1760.0,1736.6666259765625,1743.3333740234375,353100
2022-09-02,1743.3333740234375,1743.3333740234375,1726.6666259765625,1736.6666259765625,235200
2022-09-05,1746.6666259765625,1766.6666259765625,1736.6666259765625,1760.0,344700
2022-09-06,1780.0,1796.6666259765625,1753.3333740234375,1763.3333740234375,390900
2022-09-07,1746.6666259765625,1773.3333740234375,1733.3333740234375,1763.3333740234375,467100
2022-09-08,1796.6666259765625,1816.6666259765625,1776.6666259765625,1790.0,551100
2022-09-09,1813.3333740234373,1816.6666259765625,1796.6666259765625,1796.6666259765625,444900
2022-09-12,1810.0,1813.3333740234373,1796.6666259765625,1800.0,197700
2022-09-13,1780.0,1800.0,1770.0,1793.3333740234375,213900
2022-09-14,1746.6666259765625,1753.3333740234375,1726.6666259765625,1730.0,467400
2022-09-15,1730.0,1730.0,1703.3333740234375,1720.0,408000
2022-09-16,1703.3333740234375,1716.6666259765625,1696.6666259765625,1696.6666259765625,309600
2022-09-20,1723.3333740234375,1740.0,1723.3333740234375,1726.6666259765625,324300
2022-09-21,1693.3333740234375,1710.0,1686.6666259765625,1696.6666259765625,400800
2022-09-22,1693.3333740234375,1703.3333740234375,1686.6666259765625,1700.0,264300
2022-09-26,1676.6666259765625,1696.6666259765625,1670.0,1673.3333740234375,465300
2022-09-27,1696.6666259765625,1706.6666259765625,1690.0,1696.6666259765625,394200
2022-09-28,1693.3333740234375,1710.0,1676.6666259765625,1700.0,411000
2022-09-29,1713.3333740234375,1750.0,1706.6666259765625,1740.0,549300
2022-09-30,1726.6666259765625,1756.6666259765625,1726.6666259765625,1740.0,442500
2022-10-03,1713.3333740234375,1746.6666259765625,1703.3333740234375,1730.0,485100
2022-10-04,1753.3333740234375,1776.6666259765625,1750.0,1770.0,602400
2022-10-05,1800.0,1800.0,1773.3333740234375,1783.3333740234375,443700
2022-10-06,1750.0,1786.6666259765625,1740.0,1776.6666259765625,615900
2022-10-07,1760.0,1773.3333740234375,1730.0,1766.6666259765625,488100
2022-10-11,1743.3333740234375,1763.3333740234375,1720.0,1730.0,613200
2022-10-12,1730.0,1736.6666259765625,1716.6666259765625,1720.0,370500
2022-10-13,1720.0,1763.3333740234375,1716.6666259765625,1750.0,777900
2022-10-14,1760.0,1776.6666259765625,1730.0,1760.0,559200
2022-10-17,1730.0,1730.0,1706.6666259765625,1710.0,321900
2022-10-18,1733.3333740234375,1733.3333740234375,1706.6666259765625,1716.6666259765625,587100
2022-10-19,1726.6666259765625,1743.3333740234375,1716.6666259765625,1733.3333740234375,365100
2022-10-20,1733.3333740234375,1743.3333740234375,1723.3333740234375,1736.6666259765625,518100
2022-10-21,1733.3333740234375,1740.0,1716.6666259765625,1716.6666259765625,368400
2022-10-24,1746.6666259765625,1746.6666259765625,1706.6666259765625,1713.3333740234375,447300
2022-10-25,1716.6666259765625,1730.0,1703.3333740234375,1706.6666259765625,439500
2022-10-26,1730.0,1750.0,1723.3333740234375,1730.0,438000
2022-10-27,1730.0,1733.3333740234375,1703.3333740234375,1703.3333740234375,291300
2022-10-28,1693.3333740234375,1696.6666259765625,1670.0,1680.0,1071900
2022-10-31,1700.0,1720.0,1693.3333740234375,1706.6666259765625,552000
2022-11-01,1700.0,1716.6666259765625,1696.6666259765625,1703.3333740234375,270300
2022-11-02,1720.0,1783.3333740234375,1690.0,1743.3333740234375,2079000
2022-11-04,1746.6666259765625,1766.6666259765625,1706.6666259765625,1763.3333740234375,1190100
2022-11-07,1763.3333740234375,1823.3333740234373,1760.0,1813.3333740234373,781200
2022-11-08,1826.6666259765625,1833.3333740234373,1803.3333740234373,1816.6666259765625,454200
2022-11-09,1823.3333740234373,1823.3333740234373,1796.6666259765625,1820.0,483300
2022-11-10,1806.6666259765625,1820.0,1800.0,1813.3333740234373,342300
2022-11-11,1840.0,1846.6666259765625,1806.6666259765625,1820.0,607800
2022-11-14,1820.0,1850.0,1820.0,1826.6666259765625,585900
2022-11-15,1826.6666259765625,1826.6666259765625,1813.3333740234373,1816.6666259765625,365700
2022-11-16,1820.0,1833.3333740234373,1800.0,1816.6666259765625,444900
2022-11-17,1816.6666259765625,1833.3333740234373,1813.3333740234373,1830.0,559500
2022-11-18,1843.3333740234373,1860.0,1826.6666259765625,1846.6666259765625,563700
2022-11-21,1853.3333740234373,1873.3333740234373,1853.3333740234373,1873.3333740234373,369000
2022-11-22,1900.0,1930.0,1900.0,1920.0,992700
2022-11-24,1920.0,1946.6666259765625,1913.3333740234373,1916.6666259765625,786600
2022-11-25,1943.3333740234373,1956.6666259765625,1926.6666259765625,1943.3333740234373,657900
2022-11-28,1943.3333740234373,1950.0,1930.0,1940.0,580500
2022-11-29,1933.3333740234373,1950.0,1913.3333740234373,1923.3333740234373,592200
2022-11-30,1920.0,1933.3333740234373,1910.0,1926.6666259765625,668100
2022-12-01,1933.3333740234373,1940.0,1906.6666259765625,1930.0,486300
2022-12-02,1930.0,1930.0,1883.3333740234373,1890.0,754200
2022-12-05,1903.3333740234373,1906.6666259765625,1886.6666259765625,1893.3333740234373,342600
2022-12-06,1890.0,1900.0,1880.0,1896.6666259765625,461400
2022-12-07,1873.3333740234373,1903.3333740234373,1873.3333740234373,1886.6666259765625,315300
2022-12-08,1890.0,1890.0,1870.0,1883.3333740234373,448200
2022-12-09,1866.6666259765625,1896.6666259765625,1863.3333740234373,1893.3333740234373,391800
2022-12-12,1883.3333740234373,1886.6666259765625,1866.6666259765625,1870.0,399600
2022-12-13,1870.0,1880.0,1850.0,1860.0,414600
2022-12-14,1856.6666259765625,1876.6666259765625,1856.6666259765625,1860.0,565200
2022-12-15,1860.0,1870.0,1846.6666259765625,1846.6666259765625,240600
2022-12-16,1833.3333740234373,1833.3333740234373,1813.3333740234373,1826.6666259765625,536400
2022-12-19,1820.0,1836.6666259765625,1813.3333740234373,1813.3333740234373,360900
2022-12-20,1826.6666259765625,1856.6666259765625,1786.6666259765625,1803.3333740234373,708600
2022-12-21,1803.3333740234373,1813.3333740234373,1776.6666259765625,1783.3333740234375,605700
2022-12-22,1793.3333740234375,1806.6666259765625,1786.6666259765625,1793.3333740234375,494700
2022-12-23,1776.6666259765625,1783.3333740234375,1753.3333740234375,1766.6666259765625,469800
2022-12-26,1773.3333740234375,1790.0,1770.0,1783.3333740234375,186900
2022-12-27,1803.3333740234373,1806.6666259765625,1770.0,1780.0,227700
2022-12-28,1766.6666259765625,1783.3333740234375,1756.6666259765625,1776.6666259765625,324000
2022-12-29,1763.3333740234375,1773.3333740234375,1743.3333740234375,1773.3333740234375,275100
2022-12-30,1770.0,1783.3333740234375,1756.6666259765625,1760.0,332700
2023-01-04,1760.0,1763.3333740234375,1730.0,1740.0,399900
2023-01-05,1733.3333740234375,1740.0,1713.3333740234375,1723.3333740234375,477300
2023-01-06,1706.6666259765625,1730.0,1703.3333740234375,1710.0,488700
2023-01-10,1776.6666259765625,1790.0,1713.3333740234375,1720.0,557400
2023-01-11,1733.3333740234375,1750.0,1733.3333740234375,1736.6666259765625,418500
2023-01-12,1753.3333740234375,1766.6666259765625,1730.0,1740.0,500700
2023-01-13,1753.3333740234375,1770.0,1730.0,1733.3333740234375,497400
2023-01-16,1723.3333740234375,1753.3333740234375,1723.3333740234375,1726.6666259765625,368700
2023-01-17,1750.0,1786.6666259765625,1743.3333740234375,1780.0,534000
2023-01-18,1793.3333740234375,1810.0,1773.3333740234375,1790.0,348000
2023-01-19,1783.3333740234375,1790.0,1773.3333740234375,1776.6666259765625,226500
2023-01-20,1780.0,1793.3333740234375,1780.0,1786.6666259765625,166500
2023-01-23,1813.3333740234373,1813.3333740234373,1793.3333740234375,1813.3333740234373,327000
2023-01-24,1820.0,1833.3333740234373,1806.6666259765625,1813.3333740234373,382200
2023-01-25,1813.3333740234373,1826.6666259765625,1813.3333740234373,1813.3333740234373,345600
2023-01-26,1816.6666259765625,1826.6666259765625,1803.3333740234373,1806.6666259765625,303900
2023-01-27,1816.6666259765625,1830.0,1806.6666259765625,1810.0,202200
2023-01-30,1810.0,1853.3333740234373,1810.0,1843.3333740234373,603600
2023-01-31,1843.3333740234373,1860.0,1830.0,1836.6666259765625,409200
2023-02-01,1856.6666259765625,1863.3333740234373,1820.0,1833.3333740234373,497100
2023-02-02,1836.6666259765625,1853.3333740234373,1813.3333740234373,1823.3333740234373,387900
2023-02-03,1806.6666259765625,1823.3333740234373,1793.3333740234375,1813.3333740234373,513600
2023-02-06,1836.6666259765625,1850.0,1816.6666259765625,1820.0,258900
2023-02-07,1843.3333740234373,1843.3333740234373,1820.0,1826.6666259765625,324000
2023-02-08,1833.3333740234373,1890.0,1796.6666259765625,1866.6666259765625,751800
2023-02-09,1866.6666259765625,1920.0,1863.3333740234373,1910.0,577200
2023-02-10,1906.6666259765625,1926.6666259765625,1896.6666259765625,1906.6666259765625,523800
2023-02-13,1883.3333740234373,1920.0,1883.3333740234373,1903.3333740234373,514200
2023-02-14,1926.6666259765625,1943.3333740234373,1920.0,1923.3333740234373,451800
2023-02-15,1956.6666259765625,1970.0,1943.3333740234373,1963.3333740234373,642300
2023-02-16,1966.6666259765625,1986.6666259765625,1963.3333740234373,1980.0,462300
2023-02-17,1983.3333740234373,1990.0,1973.3333740234373,1983.3333740234373,599100
2023-02-20,1983.3333740234373,1983.3333740234373,1963.3333740234373,1966.6666259765625,307500
2023-02-21,1950.0,1996.6666259765625,1943.3333740234373,1986.6666259765625,441900
2023-02-22,1966.6666259765625,1993.3333740234373,1966.6666259765625,1986.6666259765625,420600
2023-02-24,1980.0,1993.3333740234373,1976.6666259765625,1983.3333740234373,321000
2023-02-27,1983.3333740234373,1990.0,1966.6666259765625,1973.3333740234373,335400
2023-02-28,1963.3333740234373,1963.3333740234373,1910.0,1930.0,591000
2023-03-01,1920.0,1940.0,1920.0,1936.6666259765625,411000
2023-03-02,1943.3333740234373,1963.3333740234373,1933.3333740234373,1946.6666259765625,797400
2023-03-03,1976.6666259765625,2006.6666259765625,1970.0,2003.3333740234373,842400
2023-03-06,2016.6666259765625,2030.0,2006.6666259765625,2026.6666259765625,756300
2023-03-07,2043.3333740234373,2056.666748046875,2020.0,2046.6666259765625,1059900
2023-03-08,2036.6666259765625,2046.6666259765625,2016.6666259765625,2033.3333740234373,621900
2023-03-09,2050.0,2056.666748046875,2026.6666259765625,2036.6666259765625,909900
2023-03-10,2013.3333740234373,2036.6666259765625,2006.6666259765625,2026.6666259765625,726300
2023-03-13,2026.6666259765625,2036.6666259765625,1996.6666259765625,2010.0,522900
2023-03-14,1970.0,1976.6666259765625,1936.6666259765625,1963.3333740234373,818700
2023-03-15,1993.3333740234373,2006.6666259765625,1976.6666259765625,1990.0,720600
2023-03-16,1963.3333740234373,2000.0,1963.3333740234373,1986.6666259765625,900000
2023-03-17,2006.6666259765625,2010.0,1973.3333740234373,1983.3333740234373,1249200
2023-03-20,1966.6666259765625,1966.6666259765625,1950.0,1960.0,519900
2023-03-22,1986.6666259765625,1990.0,1960.0,1976.6666259765625,863100
2023-03-23,1950.0,1970.0,1936.6666259765625,1970.0,507600
2023-03-24,1966.6666259765625,1970.0,1953.3333740234373,1963.3333740234373,621300
2023-03-27,1983.3333740234373,1996.6666259765625,1976.6666259765625,1990.0,432600
2023-03-28,2000.0,2000.0,1980.0,1993.3333740234373,659100
2023-03-29,2020.0,2040.0,1996.6666259765625,2040.0,833700
2023-03-30,2013.3333740234373,2036.6666259765625,2010.0,2036.6666259765625,589500
2023-03-31,2050.0,2070.0,2046.6666259765625,2056.666748046875,768900
2023-04-03,2056.666748046875,2056.666748046875,2030.0,2040.0,643200
2023-04-04,2040.0,2053.333251953125,2030.0,2050.0,404100
2023-04-05,2036.6666259765625,2036.6666259765625,2000.0,2006.6666259765625,345900
2023-04-06,1983.3333740234373,1986.6666259765625,1966.6666259765625,1973.3333740234373,372000
2023-04-07,1960.0,1983.3333740234373,1960.0,1980.0,382500
2023-04-10,2010.0,2016.6666259765625,1986.6666259765625,1993.3333740234373,302700
2023-04-11,2016.6666259765625,2020.0,1990.0,1996.6666259765625,356700
2023-04-12,2006.6666259765625,2020.0,2000.0,2003.3333740234373,706200
2023-04-13,1990.0,2023.3333740234373,1983.3333740234373,2016.6666259765625,512400
2023-04-14,2036.6666259765625,2053.333251953125,2030.0,2046.6666259765625,584700
2023-04-17,2070.0,2080.0,2053.333251953125,2076.666748046875,618000
2023-04-18,2056.666748046875,2080.0,2053.333251953125,2076.666748046875,533400
2023-04-19,2063.333251953125,2080.0,2060.0,2073.333251953125,560100
2023-04-20,2060.0,2076.666748046875,2056.666748046875,2060.0,409500
2023-04-21,2053.333251953125,2073.333251953125,2050.0,2060.0,305100
2023-04-24,2060.0,2080.0,2056.666748046875,2066.666748046875,274500
2023-04-25,2066.666748046875,2083.333251953125,2053.333251953125,2056.666748046875,399000
2023-04-26,2040.0,2046.6666259765625,2020.0,2020.0,365400
2023-04-27,2016.6666259765625,2040.0,2000.0,2036.6666259765625,306600
2023-04-28,2050.0,2063.333251953125,2040.0,2063.333251953125,464700
2023-05-01,2083.333251953125,2096.666748046875,2070.0,2096.666748046875,491400
2023-05-02,2100.0,2103.333251953125,2073.333251953125,2086.666748046875,327000
2023-05-08,2103.333251953125,2110.0,2090.0,2103.333251953125,724800
2023-05-09,2106.666748046875,2136.666748046875,2106.666748046875,2136.666748046875,557100
2023-05-10,2123.333251953125,2123.333251953125,2103.333251953125,2110.0,726300
2023-05-11,2093.333251953125,2103.333251953125,1973.3333740234373,2020.0,1383000
2023-05-12,2006.6666259765625,2086.666748046875,1993.3333740234373,2080.0,944100
2023-05-15,2083.333251953125,2113.333251953125,2083.333251953125,2110.0,568200
2023-05-16,2116.666748046875,2140.0,2100.0,2136.666748046875,567600
2023-05-17,2126.666748046875,2130.0,2103.333251953125,2110.0,456900
2023-05-18,2130.0,2130.0,2103.333251953125,2103.333251953125,375600
2023-05-19,2083.333251953125,2096.666748046875,2070.0,2086.666748046875,440400
2023-05-22,2070.0,2070.0,2020.0,2040.0,499500
2023-05-23,2036.6666259765625,2053.333251953125,2020.0,2030.0,677400
2023-05-24,2010.0,2020.0,2000.0,2010.0,505500
2023-05-25,2006.6666259765625,2033.3333740234373,1993.3333740234373,2026.6666259765625,463200
2023-05-26,2023.3333740234373,2023.3333740234373,1996.6666259765625,2000.0,420300
2023-05-29,2003.3333740234373,2040.0,1990.0,1993.3333740234373,561300
2023-05-30,1986.6666259765625,1990.0,1950.0,1956.6666259765625,650100
2023-05-31,1936.6666259765625,1983.3333740234373,1920.0,1980.0,1278000
2023-06-01,1990.0,2023.3333740234373,1990.0,2010.0,723000
2023-06-02,2010.0,2040.0,1996.6666259765625,2016.6666259765625,558600
2023-06-05,2040.0,2062.0,2033.0,2040.6666259765625,473400
2023-06-06,2008.0,2017.6666259765625,1995.0,2009.3333740234373,521700
2023-06-07,2033.3333740234373,2047.3333740234373,2017.0,2026.6666259765625,670800
2023-06-08,2021.6666259765625,2022.3333740234373,1979.0,1984.6666259765625,496800
2023-06-09,2006.3333740234373,2016.6666259765625,1994.6666259765625,2009.3333740234373,533400
2023-06-12,2019.6666259765625,2046.6666259765625,2019.6666259765625,2042.3333740234373,396000
2023-06-13,2046.6666259765625,2064.0,2035.0,2042.0,452400
2023-06-14,2083.333251953125,2089.333251953125,2063.333251953125,2078.0,573600
2023-06-15,2093.333251953125,2101.666748046875,2074.666748046875,2092.333251953125,466500
2023-06-16,2084.333251953125,2087.333251953125,2051.666748046875,2071.666748046875,649800
2023-06-19,2064.0,2077.666748046875,2051.333251953125,2063.333251953125,410100
2023-06-20,2058.333251953125,2068.666748046875,2044.6666259765625,2057.333251953125,389100
2023-06-21,2046.6666259765625,2075.0,2044.3333740234373,2066.666748046875,658200
2023-06-22,2062.333251953125,2071.333251953125,2051.666748046875,2053.0,709200
2023-06-23,2058.666748046875,2058.666748046875,2007.0,2013.6666259765625,445500
2023-06-26,2036.3333740234373,2045.0,2003.6666259765625,2013.0,572400
2023-06-27,2024.0,2029.0,1998.0,2014.3333740234373,455100
2023-06-28,2038.0,2068.333251953125,2035.0,2065.333251953125,667200
2023-06-29,2076.333251953125,2083.666748046875,2055.0,2065.0,507000
2023-06-30,2074.333251953125,2077.0,2035.3333740234373,2054.333251953125,477000
2023-07-03,2040.6666259765625,2070.0,2040.6666259765625,2053.333251953125,371400
2023-07-04,2040.0,2047.6666259765625,2013.6666259765625,2017.0,432600
2023-07-05,1997.6666259765625,2027.3333740234373,1991.0,2008.6666259765625,478800
2023-07-06,1998.0,1999.0,1974.0,1990.6666259765625,416700
2023-07-07,1967.0,1978.3333740234373,1953.3333740234373,1960.0,492300
2023-07-10,1979.0,2002.3333740234373,1974.6666259765625,1985.6666259765625,493500
2023-07-11,1996.6666259765625,2017.0,1996.6666259765625,2003.0,397800
2023-07-12,1979.3333740234373,1986.6666259765625,1953.6666259765625,1958.6666259765625,453900
2023-07-13,1969.6666259765625,1985.3333740234373,1955.0,1971.3333740234373,270600
2023-07-14,1987.6666259765625,1994.0,1969.3333740234373,1981.3333740234373,262200
2023-07-18,1986.6666259765625,2003.0,1983.3333740234373,1998.3333740234373,173700
2023-07-19,2017.0,2022.0,1999.6666259765625,2011.0,270300
2023-07-20,2015.6666259765625,2021.0,1990.6666259765625,1990.6666259765625,254400
2023-07-21,1990.6666259765625,1998.6666259765625,1981.0,1990.3333740234373,182400
2023-07-24,2000.0,2003.0,1983.3333740234373,1986.0,158400
2023-07-25,1992.3333740234373,1994.6666259765625,1981.6666259765625,1994.0,192000
2023-07-26,2004.0,2005.6666259765625,1994.0,2001.3333740234373,186000
2023-07-27,1997.3333740234373,2009.0,1992.0,2007.3333740234373,260700
2023-07-28,1996.6666259765625,2026.0,1987.3333740234373,2020.6666259765625,524400
2023-07-31,2033.0,2044.6666259765625,2021.6666259765625,2043.6666259765625,350700
2023-08-01,2040.6666259765625,2052.666748046875,2028.3333740234373,2039.6666259765625,361800
2023-08-02,2024.3333740234373,2066.0,2018.3333740234373,2027.0,381300
2023-08-03,2003.6666259765625,2052.333251953125,1983.3333740234373,2014.0,997800
2023-08-04,2032.6666259765625,2049.333251953125,2006.3333740234373,2015.6666259765625,576300
2023-08-07,2010.0,2041.0,2010.0,2033.3333740234373,516900
2023-08-08,2042.6666259765625,2068.666748046875,2033.3333740234373,2052.333251953125,572100
2023-08-09,2053.666748046875,2062.666748046875,2029.3333740234373,2059.666748046875,318300
2023-08-10,2049.333251953125,2091.333251953125,2047.6666259765625,2083.0,353700
2023-08-14,2070.0,2092.666748046875,2070.0,2073.666748046875,514800
2023-08-15,2066.333251953125,2066.666748046875,2020.6666259765625,2022.0,258900
2023-08-16,2009.3333740234373,2022.0,2001.0,2012.3333740234373,243600
2023-08-17,2024.6666259765625,2024.6666259765625,1998.3333740234373,2012.0,299100
2023-08-18,2019.6666259765625,2021.3333740234373,2005.0,2019.3333740234373,347100
2023-08-21,2029.3333740234373,2052.333251953125,2021.3333740234373,2050.0,546300
2023-08-22,2050.0,2056.666748046875,2037.6666259765625,2056.666748046875,342300
2023-08-23,2040.0,2040.0,2013.6666259765625,2031.6666259765625,362700
2023-08-24,2033.0,2062.0,2030.0,2057.666748046875,289500
2023-08-25,2066.666748046875,2079.666748046875,2056.0,2075.333251953125,393000
2023-08-28,2107.333251953125,2140.0,2090.0,2138.333251953125,364500
2023-08-29,2138.333251953125,2138.333251953125,2123.333251953125,2128.0,286500
2023-08-30,2142.666748046875,2170.333251953125,2136.666748046875,2160.0,499500
2023-08-31,2166.666748046875,2194.333251953125,2159.0,2190.666748046875,554700
2023-09-01,2196.666748046875,2213.0,2190.0,2204.0,400500
2023-09-04,2211.333251953125,2230.0,2196.666748046875,2230.0,427200
2023-09-05,2233.333251953125,2236.666748046875,2197.333251953125,2227.333251953125,402600
2023-09-06,2229.0,2247.0,2219.333251953125,2245.333251953125,296700
2023-09-07,2243.333251953125,2264.666748046875,2234.0,2239.0,406800
2023-09-08,2249.0,2260.0,2219.666748046875,2226.333251953125,441900
2023-09-11,2233.333251953125,2238.333251953125,2216.333251953125,2230.333251953125,278700
2023-09-12,2230.333251953125,2238.333251953125,2209.0,2237.333251953125,418200
2023-09-13,2243.333251953125,2243.333251953125,2213.333251953125,2225.0,488100
2023-09-14,2227.333251953125,2255.333251953125,2227.333251953125,2245.333251953125,376500
2023-09-15,2244.0,2254.333251953125,2232.666748046875,2236.333251953125,836400
2023-09-19,2230.0,2235.333251953125,2166.0,2192.333251953125,783000
2023-09-20,2180.0,2181.666748046875,2134.0,2134.0,669600
2023-09-21,2142.666748046875,2146.0,2095.666748046875,2095.666748046875,482700
2023-09-22,2080.0,2084.0,2050.666748046875,2060.0,402900
2023-09-25,2044.0,2050.0,1995.3333740234373,2025.3333740234373,870900
2023-09-26,2025.3333740234373,2025.3333740234373,1994.0,1995.0,657600
2023-09-27,1978.6666259765625,2028.0,1962.3333740234373,2027.3333740234373,661800
2023-09-28,1982.0,1998.0,1965.6666259765625,1985.6666259765625,643800
2023-09-29,1996.6666259765625,2020.0,1982.6666259765625,1992.0,600000
2023-10-02,1993.0,2003.0,1952.3333740234373,1956.0,540300
2023-10-03,1956.3333740234373,1966.3333740234373,1942.3333740234373,1951.6666259765625,309300
2023-10-04,1950.3333740234373,1965.3333740234373,1935.3333740234373,1950.0,666900
2023-10-05,1970.3333740234373,2002.0,1961.3333740234373,1992.3333740234373,630900
2023-10-06,2012.0,2025.6666259765625,1990.0,2008.6666259765625,511200
2023-10-10,2039.6666259765625,2050.666748046875,2021.0,2047.6666259765625,568800
2023-10-11,2034.6666259765625,2040.0,2004.3333740234373,2004.3333740234373,333300
2023-10-12,1996.6666259765625,2018.0,1978.3333740234373,2015.6666259765625,382500
2023-10-13,2014.3333740234373,2014.3333740234373,1989.6666259765625,1995.0,294900
2023-10-16,1981.0,1988.3333740234373,1969.6666259765625,1984.0,256200
2023-10-17,1987.0,2004.0,1978.0,1988.0,209700
2023-10-18,2003.6666259765625,2003.6666259765625,1962.0,1989.6666259765625,454800
2023-10-19,1979.3333740234373,2001.6666259765625,1976.0,1985.0,293700
2023-10-20,1997.0,2024.0,1991.6666259765625,2002.0,395700
2023-10-23,2011.0,2011.0,1978.6666259765625,1991.0,408300
2023-10-24,1991.6666259765625,2009.3333740234373,1955.0,1998.3333740234373,396300
2023-10-25,2011.3333740234373,2011.3333740234373,1980.6666259765625,1981.6666259765625,292200
2023-10-26,1974.6666259765625,1981.6666259765625,1952.6666259765625,1955.3333740234373,350700
2023-10-27,1962.0,1985.0,1957.0,1982.3333740234373,347400
2023-10-30,1959.3333740234373,1965.3333740234373,1923.6666259765625,1943.3333740234373,390600
2023-10-31,1943.3333740234373,1977.6666259765625,1932.6666259765625,1977.6666259765625,552900
2023-11-01,2011.0,2128.0,1999.0,2113.333251953125,1812900
2023-11-02,2150.0,2245.333251953125,2136.0,2235.0,1389000
2023-11-06,2280.666748046875,2313.666748046875,2262.333251953125,2302.333251953125,1130100
2023-11-07,2286.333251953125,2304.666748046875,2283.333251953125,2285.666748046875,658800
2023-11-08,2259.0,2274.333251953125,2222.0,2234.333251953125,861900
2023-11-09,2233.333251953125,2253.333251953125,2208.666748046875,2243.666748046875,513600
2023-11-10,2243.666748046875,2271.0,2243.333251953125,2270.0,359700
2023-11-13,2266.666748046875,2276.666748046875,2239.0,2249.666748046875,365700
2023-11-14,2259.0,2274.333251953125,2205.0,2232.0,435000
2023-11-15,2273.0,2288.666748046875,2261.0,2279.0,352500
2023-11-16,2250.0,2283.333251953125,2247.0,2263.0,353400
2023-11-17,2263.0,2300.0,2256.666748046875,2296.333251953125,681600
2023-11-20,2287.0,2323.333251953125,2260.666748046875,2271.0,627900
2023-11-21,2263.333251953125,2281.666748046875,2255.666748046875,2273.666748046875,392400
2023-11-22,2257.666748046875,2284.333251953125,2244.333251953125,2253.333251953125,306900
2023-11-24,2286.666748046875,2301.333251953125,2270.0,2290.666748046875,482100
2023-11-27,2302.333251953125,2327.666748046875,2290.666748046875,2304.333251953125,445200
2023-11-28,2304.333251953125,2313.0,2292.333251953125,2305.666748046875,312300
2023-11-29,2280.333251953125,2291.0,2275.0,2287.333251953125,279900
2023-11-30,2266.666748046875,2288.333251953125,2255.0,2281.666748046875,542700
2023-12-01,2306.666748046875,2318.666748046875,2283.666748046875,2287.0,372300
2023-12-04,2253.333251953125,2284.333251953125,2230.333251953125,2277.0,314100
2023-12-05,2254.666748046875,2281.666748046875,2254.666748046875,2259.666748046875,393600
2023-12-06,2259.666748046875,2312.0,2258.0,2311.333251953125,381000
2023-12-07,2282.666748046875,2310.0,2278.666748046875,2288.0,374400
2023-12-08,2268.0,2293.333251953125,2230.666748046875,2245.0,516600
2023-12-11,2259.333251953125,2291.333251953125,2249.666748046875,2267.666748046875,335100
2023-12-12,2282.333251953125,2302.333251953125,2267.0,2270.0,463500
2023-12-13,2278.333251953125,2302.333251953125,2269.0,2283.333251953125,316200
2023-12-14,2283.333251953125,2296.333251953125,2252.666748046875,2278.333251953125,486000
2023-12-15,2278.333251953125,2301.666748046875,2255.0,2271.333251953125,592200
2023-12-18,2271.666748046875,2277.333251953125,2244.0,2267.333251953125,372300
2023-12-19,2281.666748046875,2281.666748046875,2249.0,2279.333251953125,441300
2023-12-20,2288.666748046875,2314.0,2284.666748046875,2299.666748046875,532500
2023-12-21,2286.666748046875,2298.333251953125,2269.666748046875,2297.0,316800
2023-12-22,2300.0,2324.666748046875,2293.333251953125,2322.333251953125,267600
2023-12-25,2355.0,2355.0,2322.0,2322.666748046875,353700
2023-12-26,2313.333251953125,2327.0,2306.0,2327.0,271500
2023-12-27,2333.333251953125,2341.666748046875,2326.333251953125,2336.0,281400
2023-12-28,2322.666748046875,2337.666748046875,2315.0,2337.666748046875,551100
2023-12-29,2326.666748046875,2344.0,2324.333251953125,2335.333251953125,338400
2024-01-04,2290.333251953125,2330.666748046875,2262.333251953125,2322.666748046875,500100
2024-01-05,2321.333251953125,2321.333251953125,2281.333251953125,2284.333251953125,399900
2024-01-09,2298.666748046875,2320.666748046875,2284.333251953125,2310.666748046875,447000
2024-01-10,2298.0,2336.333251953125,2286.666748046875,2319.666748046875,386700
2024-01-11,2339.666748046875,2358.333251953125,2331.0,2339.666748046875,406200
2024-01-12,2350.0,2354.666748046875,2322.666748046875,2327.333251953125,321300
2024-01-15,2327.0,2329.333251953125,2320.0,2325.0,40500
2024-01-16,2327.0,2340.0,2269.0,2269.0,410100
2024-01-17,2280.0,2291.666748046875,2249.666748046875,2249.666748046875,377400
2024-01-18,2249.666748046875,2252.666748046875,2233.0,2242.333251953125,339600
2024-01-19,2242.333251953125,2267.333251953125,2239.666748046875,2246.0,425100
2024-01-22,2279.333251953125,2303.0,2261.333251953125,2283.666748046875,370500
2024-01-23,2295.0,2306.333251953125,2254.333251953125,2264.333251953125,264300
2024-01-24,2253.0,2264.333251953125,2238.666748046875,2253.0,267600
2024-01-25,2253.0,2266.333251953125,2242.0,2258.333251953125,353400
2024-01-26,2234.333251953125,2234.333251953125,2199.333251953125,2201.0,516900
2024-01-29,2212.333251953125,2229.666748046875,2194.666748046875,2227.0,382500
2024-01-30,2235.333251953125,2240.0,2205.666748046875,2205.666748046875,309600
2024-01-31,2191.333251953125,2234.333251953125,2191.333251953125,2230.666748046875,583200
2024-02-01,2230.666748046875,2241.0,2208.666748046875,2218.666748046875,591000
2024-02-02,2238.666748046875,2274.333251953125,2238.666748046875,2267.333251953125,801000
2024-02-05,2271.333251953125,2304.666748046875,2257.0,2297.0,543900
2024-02-06,2300.0,2319.666748046875,2286.333251953125,2295.666748046875,468900
2024-02-07,2268.0,2366.666748046875,2244.333251953125,2366.666748046875,2184300
2024-02-08,2366.333251953125,2422.0,2341.0,2363.666748046875,1699200
2024-02-09,2413.666748046875,2454.666748046875,2316.666748046875,2328.0,1636800
2024-02-13,2333.666748046875,2373.666748046875,2326.333251953125,2346.333251953125,724500
2024-02-14,2296.333251953125,2370.333251953125,2250.0,2361.333251953125,977400
2024-02-15,2370.666748046875,2375.666748046875,2331.0,2347.666748046875,820200
2024-02-16,2374.0,2418.0,2370.666748046875,2389.666748046875,604500
2024-02-19,2383.0,2409.0,2366.666748046875,2386.666748046875,702900
2024-02-20,2369.0,2374.333251953125,2303.333251953125,2321.333251953125,932400
2024-02-21,2321.333251953125,2353.333251953125,2312.333251953125,2353.333251953125,761700
2024-02-22,2376.666748046875,2389.333251953125,2339.0,2346.0,852900
2024-02-26,2381.333251953125,2407.666748046875,2355.666748046875,2370.333251953125,990600
2024-02-27,2357.0,2383.666748046875,2273.333251953125,2286.333251953125,929700
2024-02-28,2260.666748046875,2275.666748046875,2211.666748046875,2246.0,1363500
2024-02-29,2240.0,2258.666748046875,2217.333251953125,2243.0,1017300
2024-03-01,2241.666748046875,2276.666748046875,2219.333251953125,2238.333251953125,698700
2024-03-04,2255.0,2281.333251953125,2225.333251953125,2233.0,885600
2024-03-05,2203.333251953125,2233.0,2184.0,2211.0,769500
2024-03-06,2197.0,2259.666748046875,2197.0,2242.333251953125,595800
2024-03-07,2266.666748046875,2286.0,2231.666748046875,2233.333251953125,623400
2024-03-08,2200.0,2237.333251953125,2199.0,2226.0,605700
2024-03-11,2208.333251953125,2226.333251953125,2195.333251953125,2216.0,593100
2024-03-12,2193.0,2204.666748046875,2150.666748046875,2196.0,687300
2024-03-13,2183.333251953125,2200.0,2156.333251953125,2166.666748046875,771900
2024-03-14,2166.666748046875,2192.666748046875,2163.666748046875,2179.333251953125,1146300
2024-03-15,2166.666748046875,2188.0,2152.0,2156.666748046875,1807800
2024-03-18,2175.666748046875,2181.666748046875,2156.666748046875,2176.333251953125,564600
2024-03-19,2166.666748046875,2192.333251953125,2155.0,2187.333251953125,633300
2024-03-21,2210.333251953125,2248.0,2207.333251953125,2229.333251953125,906000
2024-03-22,2223.333251953125,2228.333251953125,2197.0,2213.666748046875,607800
2024-03-25,2214.333251953125,2221.333251953125,2185.0,2185.0,450000
2024-03-26,2180.0,2183.666748046875,2169.0,2172.666748046875,650700
2024-03-27,2167.666748046875,2181.666748046875,2148.0,2176.666748046875,1157100
2024-03-28,2141.0,2149.5,2061.5,2065.0,832900
2024-03-29,2032.0,2087.5,2030.0,2078.0,470000
2024-04-01,2117.5,2126.5,2021.5,2027.0,949400
2024-04-02,2014.0,2042.5,2008.0,2042.5,862400
2024-04-03,2030.5,2047.5,2011.5,2031.5,941700
2024-04-04,2040.0,2057.5,2028.0,2033.0,751200
2024-04-05,2012.0,2032.5,2001.0,2028.0,571400
2024-04-08,2046.5,2065.0,2044.5,2052.5,483300
2024-04-09,2054.5,2068.0,2047.5,2062.0,512400
2024-04-10,2066.0,2080.0,2051.5,2075.0,368300
2024-04-11,2060.0,2106.5,2059.5,2098.0,486200
2024-04-12,2122.5,2128.5,2090.0,2127.0,662300
2024-04-15,2110.0,2128.5,2092.5,2121.5,425700
2024-04-16,2121.0,2156.5,2105.5,2149.0,600600
2024-04-17,2157.0,2157.0,2106.5,2107.0,561800
2024-04-18,2122.0,2171.5,2119.5,2157.0,472500
2024-04-19,2138.0,2160.0,2060.0,2072.5,573400
2024-04-22,2093.0,2109.5,2071.0,2080.5,534800
2024-04-23,2077.0,2102.0,2073.5,2087.0,352300
2024-04-24,2093.0,2109.0,2075.0,2085.0,388700
2024-04-25,2089.5,2096.5,2068.5,2069.0,278600
2024-04-26,2053.0,2096.5,2043.5,2089.5,405300
2024-04-30,2105.0,2123.0,2068.5,2123.0,444400
2024-05-01,2123.0,2155.0,2122.0,2143.0,321200
2024-05-02,2140.0,2140.0,2107.5,2121.5,209500
2024-05-07,2126.5,2129.0,2088.0,2095.0,272800
2024-05-08,2083.0,2106.0,2076.0,2101.5,319100
2024-05-09,2119.5,2132.0,1968.5,2045.0,1708600
2024-05-10,2033.5,2122.0,2028.0,2114.5,1074900
2024-05-13,2113.0,2134.0,2083.0,2098.5,793300
2024-05-14,2094.0,2120.0,2088.0,2117.0,746400
2024-05-15,2127.0,2148.0,2083.5,2086.0,573100
2024-05-16,2100.0,2110.5,2052.0,2053.0,389400
2024-05-17,2041.0,2077.0,2035.5,2064.0,343400
2024-05-20,2050.0,2069.0,2037.5,2053.0,502300
2024-05-21,2068.5,2078.0,2039.5,2044.5,603800
2024-05-22,2026.0,2033.0,2009.0,2011.5,523200
2024-05-23,2015.0,2041.5,2011.0,2027.0,403900
2024-05-24,2008.5,2015.5,1991.5,2004.5,530100
2024-05-27,2005.0,2010.5,1966.5,1984.5,457200
2024-05-28,2000.0,2065.0,1997.5,2043.0,715100
2024-05-29,2041.5,2057.0,2022.5,2041.0,603000
2024-05-30,2014.0,2038.5,2014.0,2022.0,502800
2024-05-31,2061.0,2067.5,2021.0,2024.0,1236100
2024-06-03,2044.0,2077.0,2040.0,2057.5,681700
2024-06-04,2073.5,2093.0,2056.0,2071.0,673600
2024-06-05,2081.0,2090.0,2057.5,2059.5,565200
2024-06-06,2090.0,2095.0,2053.0,2061.5,405200
2024-06-07,2070.0,2087.0,2061.0,2067.5,367800
2024-06-10,2067.5,2092.0,2061.5,2063.0,448800
2024-06-11,2080.0,2085.0,2056.5,2060.0,512500
2024-06-12,2061.5,2080.0,2042.0,2049.0,474900
2024-06-13,2066.5,2082.5,2040.5,2044.0,452900
2024-06-14,2022.0,2056.5,2015.0,2038.0,639900
2024-06-17,2038.0,2041.5,2025.0,2040.0,480500
2024-06-18,2067.0,2082.5,2055.5,2073.5,555500
2024-06-19,2073.0,2082.0,2059.0,2071.5,487900
2024-06-20,2071.5,2123.5,2068.5,2120.0,614500
2024-06-21,2145.0,2161.5,2116.0,2124.0,965300
2024-06-24,2128.5,2152.0,2126.0,2130.0,671900
2024-06-25,2133.5,2138.0,2111.0,2136.0,618400
2024-06-26,2123.5,2158.5,2108.0,2146.0,641900
2024-06-27,2133.0,2171.0,2110.5,2165.5,689300
2024-06-28,2190.0,2206.5,2183.0,2197.0,788900
2024-07-01,2225.5,2235.0,2172.5,2189.5,631500
2024-07-02,2199.0,2232.0,2196.5,2224.5,696400
2024-07-03,2218.5,2231.5,2209.0,2228.5,664900
2024-07-04,2217.0,2246.5,2215.0,2245.5,426400
2024-07-05,2250.5,2250.5,2223.0,2236.0,427100
2024-07-08,2236.0,2263.0,2225.0,2249.5,671900
2024-07-09,2259.5,2293.0,2254.5,2283.0,646100
2024-07-10,2270.0,2288.0,2255.5,2284.5,703600
2024-07-11,2301.0,2310.5,2291.5,2291.5,519500
2024-07-12,2300.0,2317.5,2293.5,2309.5,914300
2024-07-16,2320.0,2320.0,2283.0,2283.5,527600
2024-07-17,2300.0,2306.5,2290.0,2297.5,435700
2024-07-18,2265.0,2311.5,2261.0,2300.0,532600
2024-07-19,2308.0,2316.0,2297.5,2305.0,471100
2024-07-22,2300.0,2306.5,2276.0,2283.5,405400
2024-07-23,2262.0,2280.5,2261.0,2269.0,276900
2024-07-24,2258.0,2258.0,2211.5,2219.0,410000
2024-07-25,2179.0,2187.5,2144.0,2153.5,700200
2024-07-26,2143.0,2152.5,2121.0,2145.0,454100
2024-07-29,2161.5,2177.0,2145.5,2159.0,433200
2024-07-30,2155.0,2155.0,2113.0,2129.5,392400
2024-07-31,2105.0,2159.0,2095.5,2158.5,733600
2024-08-01,2100.0,2115.5,2057.0,2088.5,725100
2024-08-02,2019.5,2029.0,1940.5,1940.5,674900
2024-08-05,1842.5,1880.5,1720.0,1764.5,725900
2024-08-06,1852.0,1935.5,1844.0,1880.0,1111000
2024-08-07,1886.5,2098.0,1820.5,2066.0,1487100
2024-08-08,2016.0,2042.5,1918.5,1963.5,1188900
2024-08-09,2019.5,2048.5,1969.0,2008.5,1025500
2024-08-13,1981.0,2065.0,1979.5,2059.0,694000
2024-08-14,2050.0,2051.5,2005.5,2048.0,580100
2024-08-15,2048.5,2075.0,2036.5,2036.5,461100
2024-08-16,2114.0,2165.5,2106.0,2162.0,633600
2024-08-19,2140.0,2156.0,2124.5,2130.0,394700
2024-08-20,2175.0,2175.0,2140.5,2158.5,428100
2024-08-21,2137.5,2150.0,2121.5,2134.0,407100
2024-08-22,2167.5,2210.0,2154.5,2201.0,420900
2024-08-23,2214.0,2237.0,2205.0,2230.5,466100
2024-08-26,2230.5,2230.5,2202.0,2217.5,223200
2024-08-27,2220.0,2238.5,2194.5,2238.5,392500
2024-08-28,2230.0,2265.0,2213.5,2263.0,451900
2024-08-29,2247.5,2266.0,2218.0,2234.0,351200
2024-08-30,2247.5,2273.0,2234.0,2269.0,472100
2024-09-02,2269.0,2275.0,2228.5,2241.0,271800
2024-09-03,2241.0,2273.0,2234.5,2273.0,275300
2024-09-04,2212.0,2286.0,2209.0,2256.5,493200
2024-09-05,2231.5,2276.5,2201.5,2240.0,411900
2024-09-06,2224.0,2243.5,2208.0,2225.5,461800
2024-09-09,2181.0,2217.5,2171.0,2210.0,371300
2024-09-10,2223.5,2234.0,2203.0,2206.5,368000
2024-09-11,2188.5,2210.5,2153.0,2179.0,452200
2024-09-12,2213.5,2234.0,2194.0,2203.0,439500
2024-09-13,2207.5,2226.5,2191.5,2204.5,581500
2024-09-17,2200.0,2209.5,2166.5,2207.0,592200
2024-09-18,2215.0,2235.0,2207.0,2232.0,464500
2024-09-19,2281.5,2317.0,2275.0,2302.0,962000
2024-09-20,2357.0,2424.0,2332.5,2415.5,1778800
2024-09-24,2449.5,2472.0,2416.5,2449.5,1404300
2024-09-25,2427.5,2450.0,2410.5,2432.0,754600
2024-09-26,2480.0,2516.0,2470.5,2511.5,1212400
2024-09-27,2500.0,2548.0,2481.5,2507.5,1026700
2024-09-30,2407.5,2470.0,2350.0,2460.0,580800
2024-10-01,2477.5,2507.0,2462.0,2504.5,491600
2024-10-02,2489.5,2519.5,2476.5,2492.0,641100
2024-10-03,2550.0,2571.5,2526.0,2545.0,777400
2024-10-04,2570.0,2608.0,2555.5,2555.5,987900
2024-10-07,2584.0,2604.0,2555.5,2587.5,893200
2024-10-08,2561.5,2605.5,2559.5,2593.5,731800
2024-10-09,2618.0,2656.0,2605.5,2643.0,840300
2024-10-10,2676.5,2678.5,2644.5,2677.5,706400
2024-10-11,2651.0,2675.0,2625.0,2630.0,803800
2024-10-15,2678.0,2684.0,2616.5,2630.5,791700
2024-10-16,2560.0,2623.0,2552.0,2596.5,850800
2024-10-17,2617.5,2618.0,2583.0,2599.5,452200
2024-10-18,2580.5,2605.5,2570.0,2570.0,472400
2024-10-21,2590.5,2590.5,2550.5,2563.5,525800
2024-10-22,2542.0,2560.5,2501.0,2516.5,914500
2024-10-23,2517.0,2521.5,2465.5,2493.0,728600
2024-10-24,2468.5,2512.5,2455.0,2506.5,576500
2024-10-25,2501.0,2501.0,2471.0,2482.0,408300
2024-10-28,2465.0,2503.5,2452.0,2476.0,536400
2024-10-29,2476.5,2486.0,2442.0,2470.5,804300
2024-10-30,2490.0,2517.5,2468.0,2517.5,6195500
2024-10-31,2509.5,2515.0,2475.5,2507.5,821800
2024-11-01,2450.0,2481.0,2430.5,2434.5,505300
2024-11-05,2482.0,2483.0,2430.5,2452.5,684700
2024-11-06,2472.5,2544.0,2462.5,2544.0,585800
2024-11-07,2594.0,2707.5,2500.0,2569.0,2087200
2024-11-08,2520.0,2547.0,2451.0,2458.5,1258000
2024-11-11,2448.0,2463.0,2423.5,2461.5,750600
2024-11-12,2461.5,2470.5,2376.5,2382.0,717800
2024-11-13,2399.0,2415.5,2362.0,2377.5,780100
2024-11-14,2372.0,2381.0,2307.0,2307.0,854300
2024-11-15,2340.5,2347.5,2308.5,2313.0,800300
2024-11-18,2286.0,2321.5,2280.0,2314.0,577700
2024-11-19,2321.0,2347.0,2293.0,2317.0,566500
2024-11-20,2322.5,2349.5,2310.5,2322.5,650300
2024-11-21,2340.5,2367.5,2297.0,2317.5,896600
2024-11-22,2329.5,2346.5,2306.0,2315.5,522300
2024-11-25,2337.5,2351.0,2262.5,2262.5,938300
2024-11-26,2262.5,2283.0,2237.0,2249.0,740000
2024-11-27,2230.0,2242.0,2204.0,2206.5,846400
2024-11-28,2200.0,2222.0,2181.0,2214.5,917600
2024-11-29,2221.5,2247.0,2211.0,2234.0,610200
2024-12-02,2228.5,2287.0,2220.5,2260.0,882100
2024-12-03,2272.0,2324.0,2272.0,2302.5,906200
2024-12-04,2293.0,2310.5,2260.5,2265.5,573800
2024-12-05,2280.0,2288.5,2239.0,2246.5,754500
2024-12-06,2246.5,2256.0,2221.5,2248.5,622500
2024-12-09,2257.0,2262.0,2213.5,2215.5,742000
2024-12-10,2240.0,2252.0,2218.0,2223.5,458900
2024-12-11,2212.0,2218.5,2193.5,2203.5,531500
2024-12-12,2210.0,2222.0,2199.5,2211.0,638100
2024-12-13,2197.0,2223.5,2193.0,2214.0,605500
2024-12-16,2218.5,2238.0,2200.0,2200.0,397700
2024-12-17,2194.5,2215.5,2180.5,2180.5,421000
2024-12-18,2181.0,2202.5,2177.0,2182.5,323200
2024-12-19,2150.5,2175.5,2146.0,2166.5,385900
2024-12-20,2190.0,2204.5,2170.0,2170.0,585600
2024-12-23,2200.0,2213.0,2197.5,2200.0,439100
2024-12-24,2205.0,2213.5,2182.0,2201.0,302600
2024-12-25,2197.0,2197.0,2165.0,2196.5,311200
2024-12-26,2197.0,2205.5,2181.5,2203.0,343500
2024-12-27,2203.0,2236.0,2197.5,2224.5,362000
2024-12-30,2238.0,2242.0,2206.0,2206.0,375000
2025-01-06,2206.0,2215.0,2156.5,2165.5,598100
2025-01-07,2178.0,2202.0,2163.0,2184.5,555900
2025-01-08,2174.5,2198.0,2170.5,2183.5,630000
2025-01-09,2172.0,2186.5,2156.0,2163.5,530800
2025-01-10,2162.0,2173.0,2147.5,2159.0,351400
2025-01-14,2140.0,2148.0,2096.0,2097.5,511600
2025-01-15,2089.0,2115.5,2065.0,2075.5,738900
2025-01-16,2093.5,2101.5,2069.0,2080.5,604700
2025-01-17,2075.0,2082.0,2051.0,2069.0,501400
2025-01-20,2069.0,2088.0,2066.0,2084.0,417200
2025-01-21,2098.0,2098.0,2073.5,2089.5,308700
2025-01-22,2089.5,2113.0,2081.0,2104.5,426700
2025-01-23,2077.0,2092.5,2062.5,2090.0,591900
2025-01-24,2110.0,2110.5,2078.5,2085.5,678700
2025-01-27,2105.0,2116.0,2088.0,2110.0,654900
2025-01-28,2089.0,2098.5,2065.0,2092.0,678300
2025-01-29,2093.0,2119.0,2080.5,2088.0,583400
2025-01-30,2070.5,2076.5,2060.0,2076.5,590000
2025-01-31,2077.0,2080.0,2056.0,2072.5,467500
2025-02-03,2051.5,2064.5,2020.0,2024.5,572900
2025-02-04,2056.5,2070.0,2012.0,2020.0,617900
2025-02-05,2037.0,2052.5,2022.5,2030.5,412200
2025-02-06,2032.0,2045.5,2025.5,2035.0,410300
2025-02-07,2028.0,2035.0,2011.0,2024.0,396000
2025-02-10,2019.0,2047.0,2016.0,2034.0,370100
2025-02-12,2046.5,2198.0,2025.5,2185.5,1626600
2025-02-13,2231.0,2249.5,2127.0,2129.0,1152400
2025-02-14,2129.0,2154.5,2095.0,2107.0,1163400
2025-02-17,2097.0,2111.5,2047.0,2051.5,1261400
2025-02-18,2075.0,2107.5,2048.0,2090.0,1279400
2025-02-19,2104.5,2144.5,2094.5,2130.5,993800
2025-02-20,2124.0,2125.5,2097.5,2106.0,863800
2025-02-21,2121.5,2160.0,2116.5,2129.5,964600
2025-02-25,2100.0,2117.5,2092.5,2095.0,861900
2025-02-26,2109.5,2133.0,2055.5,2065.5,1005500
2025-02-27,2065.5,2088.0,2052.5,2074.0,632200
2025-02-28,2050.0,2067.5,2008.5,2018.0,1137800
2025-03-03,2042.5,2068.0,2021.5,2053.5,741400
2025-03-04,2053.0,2084.0,2049.0,2065.5,598600
2025-03-05,2093.0,2120.0,2078.5,2100.0,738900
2025-03-06,2115.0,2202.0,2110.0,2176.0,1087900
2025-03-07,2158.0,2210.5,2147.0,2155.0,1005700
2025-03-10,2160.0,2196.5,2155.0,2189.5,761500
2025-03-11,2165.5,2183.0,2082.5,2101.5,1069200
2025-03-12,2105.0,2157.0,2105.0,2113.0,735100
2025-03-13,2141.0,2165.5,2107.0,2110.5,645600
2025-03-14,2080.0,2136.0,2080.0,2125.5,809200
2025-03-17,2141.0,2164.0,2123.0,2123.0,637100
2025-03-18,2160.0,2171.0,2146.0,2153.5,686800
2025-03-19,2128.0,2166.0,2127.0,2146.5,466300
2025-03-21,2163.0,2183.5,2124.0,2138.5,805800
2025-03-24,2138.5,2154.5,2120.5,2127.0,382400
2025-03-25,2141.0,2141.0,2112.0,2128.0,590200
2025-03-26,2158.0,2158.0,2119.5,2132.0,473100
2025-03-27,2132.0,2160.0,2116.5,2160.0,795900
2025-03-28,2143.0,2155.0,2096.5,2113.5,1220200
2025-03-31,2040.0,2055.5,2013.0,2020.0,645600
2025-04-01,2089.5,2090.0,2016.5,2020.0,811500
2025-04-02,2035.0,2041.5,1999.0,2011.0,437300
2025-04-03,1918.5,1963.5,1916.5,1954.0,648300
2025-04-04,1900.0,1925.0,1871.5,1906.0,639400
2025-04-07,1783.0,1810.0,1739.0,1765.0,737900
2025-04-08,1824.5,1898.0,1820.5,1880.0,669200
2025-04-09,1840.0,1863.5,1805.5,1853.0,618400
2025-04-10,1993.0,2013.0,1949.5,2001.0,530000
2025-04-11,1931.0,1972.5,1898.0,1961.5,522800
2025-04-14,1986.0,2005.0,1968.5,1998.0,473600
2025-04-15,2027.0,2039.0,1940.0,2016.5,868300
2025-04-16,2004.5,2038.0,2003.0,2012.5,398900
2025-04-17,2020.0,2039.0,2011.5,2022.0,243800
2025-04-18,2044.5,2056.0,2026.5,2045.0,357100
2025-04-21,2044.5,2069.5,2042.0,2064.5,366100
2025-04-22,2073.5,2082.0,2047.0,2057.0,358000
2025-04-23,2107.0,2115.0,2069.0,2080.5,720500
2025-04-24,2100.0,2111.5,2076.5,2089.5,360900
2025-04-25,2099.5,2118.0,2087.0,2096.5,500800
2025-04-28,2120.0,2146.0,2108.0,2138.0,425900
2025-04-30,2149.0,2157.5,2109.5,2145.0,679600
2025-05-01,2145.0,2160.0,2137.0,2141.5,510400
2025-05-02,2142.0,2162.0,2130.0,2145.0,543000
2025-05-07,2172.0,2175.0,2114.5,2119.5,521100
2025-05-08,2112.0,2128.5,2100.0,2125.5,412800
2025-05-09,2150.0,2220.0,2110.0,2180.0,1098000
2025-05-12,2226.0,2283.5,2222.0,2261.0,1205600
2025-05-13,2277.5,2301.0,2263.0,2272.5,739800
2025-05-14,2262.5,2311.0,2238.0,2261.5,596700
2025-05-15,2229.0,2259.0,2201.5,2249.0,412100
2025-05-16,2249.0,2259.5,2233.5,2253.5,384700
2025-05-19,2253.5,2276.0,2245.0,2269.5,467100
2025-05-20,2285.0,2301.5,2250.0,2270.5,698800
2025-05-21,2288.0,2320.5,2268.0,2303.5,884200
2025-05-22,2302.0,2306.0,2248.0,2265.0,608500
2025-05-23,2294.0,2382.5,2280.0,2360.5,1097700
2025-05-26,2392.5,2530.0,2392.5,2523.0,2030300
2025-05-27,2513.5,2595.0,2496.0,2568.5,1192900
2025-05-28,2582.0,2598.0,2515.0,2515.0,938800
2025-05-29,2522.0,2543.5,2502.0,2509.5,725500
2025-05-30,2498.5,2568.0,2482.0,2560.0,1290900
2025-06-02,2525.0,2546.5,2510.5,2546.0,530800
2025-06-03,2575.5,2629.5,2554.0,2613.0,877200
2025-06-04,2613.0,2634.5,2582.0,2605.0,943100
2025-06-05,2593.5,2605.0,2582.0,2587.0,506700
2025-06-06,2625.0,2709.5,2605.5,2676.5,974900
2025-06-09,2683.5,2716.0,2680.0,2703.5,773500
2025-06-10,2720.0,2758.5,2705.5,2705.5,921700
2025-06-11,2700.5,2726.5,2692.0,2720.0,732400
2025-06-12,2705.5,2708.0,2667.5,2680.5,788300
2025-06-13,2673.0,2695.0,2659.0,2684.0,858600
2025-06-16,2710.5,2739.5,2697.5,2702.0,811500
2025-06-17,2740.0,2742.5,2696.0,2719.5,447500
2025-06-18,2709.0,2748.5,2704.0,2730.5,647300
2025-06-19,2750.0,2753.5,2696.0,2709.0,557300
2025-06-20,2700.0,2720.5,2687.0,2695.0,511300
2025-06-23,2678.5,2692.5,2663.0,2685.0,492300
2025-06-24,2723.5,2723.5,2686.0,2693.5,448700
2025-06-25,2700.0,2716.5,2691.5,2697.0,1024000
2025-06-26,2691.0,2748.5,2678.5,2742.0,775800
2025-06-27,2766.0,2790.0,2758.0,2782.0,736900
2025-06-30,2832.0,2837.0,2765.0,2765.5,732800
2025-07-01,2765.5,2791.0,2755.0,2778.5,586400
2025-07-02,2778.5,2822.0,2771.0,2810.5,634800
2025-07-03,2820.0,2838.0,2792.5,2817.5,557700
2025-07-04,2817.5,2835.0,2797.0,2827.0,452600
2025-07-07,2843.5,2860.5,2810.0,2821.5,383400
2025-07-08,2838.0,2877.5,2836.5,2857.0,594400
2025-07-09,2882.0,2946.0,2880.0,2917.0,846500
2025-07-10,2894.0,2916.5,2873.0,2890.0,1109400
2025-07-11,2899.0,2935.5,2888.0,2888.0,570200
2025-07-14,2888.0,2926.0,2875.5,2909.5,593300
2025-07-15,2909.5,2921.0,2801.0,2882.0,751200
2025-07-16,2910.0,3019.0,2905.0,2969.0,967400
2025-07-17,2920.0,2953.0,2920.0,2948.0,479200
2025-07-18,2948.0,2978.5,2934.5,2969.5,476100
2025-07-22,2970.0,3042.0,2970.0,3042.0,973300
2025-07-23,3065.0,3086.0,3025.0,3025.0,1170300
2025-07-24,3025.0,3064.0,3011.0,3059.0,1016300
2025-07-25,3060.0,3076.0,3036.0,3040.0,446000
2025-07-28,3065.0,3068.0,3041.0,3058.0,458800
2025-07-29,2996.0,3028.0,2951.0,2993.5,903300
2025-07-30,2990.0,3032.0,2968.5,2990.0,1454500
2025-07-31,2983.0,3048.0,2955.5,3023.0,653100
2025-08-01,3023.0,3056.0,3000.0,3049.0,589400
2025-08-04,2979.0,3023.0,2944.5,3009.0,655200
2025-08-05,3009.0,3012.0,2972.0,2995.5,1009500
2025-08-06,3005.0,3068.0,2822.5,2921.5,1205300
2025-08-07,2831.0,2881.5,2788.0,2835.0,1670600
2025-08-08,2823.5,2899.5,2799.5,2883.0,1678900
2025-08-12,2904.5,2932.5,2850.0,2926.0,810500
2025-08-13,2925.5,2928.5,2870.0,2882.0,535700
2025-08-14,2850.0,2862.0,2827.5,2855.5,516900
2025-08-15,2861.0,2868.5,2819.5,2855.5,646600
2025-08-18,2871.5,2883.5,2850.5,2875.5,513100
2025-08-19,2825.5,2860.0,2817.0,2838.5,748600
2025-08-20,2783.0,2808.5,2738.5,2758.5,1247500
2025-08-21,2766.0,2784.5,2747.0,2772.5,588800
2025-08-22,2756.0,2759.5,2732.5,2745.0,605100
2025-08-25,2745.0,2781.0,2736.0,2769.5,464400
2025-08-26,2765.0,2767.0,2723.0,2752.0,1003000
2025-08-27,2758.0,2771.0,2751.0,2762.0,591700
2025-08-28,2754.5,2769.5,2726.0,2740.0,535900
2025-08-29,2749.0,2778.5,2741.5,2761.5,455700
2025-09-01,2736.0,2781.5,2671.5,2685.0,660000
2025-09-02,2706.0,2706.0,2653.5,2656.5,481600
2025-09-03,2647.5,2679.5,2640.0,2669.0,608200
2025-09-04,2670.0,2684.0,2658.0,2664.5,431600
2025-09-05,2665.0,2691.0,2658.5,2673.0,383500
2025-09-08,2708.0,2723.5,2689.0,2703.5,456000
2025-09-09,2725.5,2733.0,2694.5,2714.5,348000
2025-09-10,2702.5,2734.0,2700.0,2716.5,359300
2025-09-11,2723.5,2736.0,2710.5,2725.0,366900
2025-09-12,2764.0,2765.0,2718.0,2726.0,616300
2025-09-16,2726.0,2734.5,2684.0,2687.0,608700
2025-09-17,2669.5,2687.0,2650.0,2671.0,583100
2025-09-18,2685.0,2704.0,2656.0,2683.0,528500
2025-09-19,2683.5,2711.5,2669.0,2677.0,906000
2025-09-22,2672.0,2699.5,2672.0,2679.5,383000
2025-09-24,2660.0,2661.5,2615.0,2633.0,515200
2025-09-25,2656.0,2685.0,2649.5,2678.0,640500
2025-09-26,2691.0,2720.0,2684.5,2710.0,644700
2025-09-29,2670.0,2683.0,2639.5,2646.5,422500
2025-09-30,2640.0,2651.5,2582.0,2587.0,506200
2025-10-01,2556.0,2570.5,2532.0,2550.0,643200
2025-10-02,2559.5,2569.5,2522.0,2535.5,382200
2025-10-03,2521.5,2558.5,2520.0,2544.0,413700
2025-10-06,2632.0,2641.5,2577.5,2631.0,635100
2025-10-07,2627.0,2659.5,2610.0,2626.5,466700
2025-10-08,2635.0,2654.0,2607.5,2614.0,265900
2025-10-09,2612.0,2640.5,2610.0,2625.5,364200
2025-10-10,2606.5,2621.5,2572.5,2590.5,353800
2025-10-14,2520.0,2582.5,2512.5,2560.0,515800
2025-10-15,2579.0,2612.0,2566.5,2605.0,359300
2025-10-16,2621.0,2637.5,2606.0,2621.0,405900
2025-10-17,2634.0,2647.0,2612.0,2624.0,420300
2025-10-20,2673.5,2693.5,2648.0,2683.5,571700
2025-10-21,2695.0,2719.0,2689.0,2706.0,747200
2025-10-22,2738.5,2738.5,2695.0,2716.0,643600
2025-10-23,2759.0,2782.5,2737.5,2757.0,877200
2025-10-24,2797.0,2819.5,2785.0,2815.0,787400
2025-10-27,2839.0,2862.0,2822.5,2822.5,661600
2025-10-28,2795.0,2799.5,2749.5,2754.5,445000
2025-10-29,2755.0,2769.5,2729.0,2729.0,581000
2025-10-30,2750.0,2757.5,2711.5,2737.5,597500
2025-10-31,2755.0,2766.0,2715.5,2747.0,457500
2025-11-04,2740.5,2797.0,2730.0,2769.5,537300
2025-11-05,2763.0,2768.5,2670.5,2705.0,608600
2025-11-06,2710.0,2880.0,2687.5,2771.5,1709500
2025-11-07,2753.5,2945.0,2726.5,2931.5,1737100
2025-11-10,2928.0,2953.0,2827.5,2839.0,986000
2025-11-11,2780.0,2812.5,2758.0,2791.0,673600
2025-11-12,2756.0,2798.0,2715.5,2751.5,895200
2025-11-13,2777.0,2791.5,2750.0,2780.5,596900
2025-11-14,2748.5,2777.5,2731.0,2765.0,431100
2025-11-17,2755.5,2782.5,2730.5,2761.0,547400
2025-11-18,2761.0,2812.5,2719.5,2720.0,655800
2025-11-19,2720.5,2911.0,2701.0,2885.5,1449500
2025-11-20,2935.5,2976.0,2899.5,2914.5,1030600
2025-11-21,2864.5,2992.0,2848.5,2982.0,1276500
2025-11-25,2997.0,3005.0,2955.0,2966.5,821200
2025-11-26,3000.0,3084.0,2995.5,3074.0,968400
2025-11-27,3080.0,3135.0,3075.0,3131.0,837600
2025-11-28,3135.0,3170.0,3131.0,3169.0,876500
2025-12-01,3233.0,3321.0,3206.0,3255.0,1234500
2025-12-02,3260.0,3278.0,3192.0,3229.0,874300
2025-12-03,3232.0,3266.0,3187.0,3222.0,811100
2025-12-04,3216.0,3246.0,3195.0,3206.0,613200
2025-12-05,3185.0,3192.0,3138.0,3153.0,668400
2025-12-08,3180.0,3232.0,3164.0,3219.0,709500
2025-12-09,3219.0,3300.0,3210.0,3290.0,716000
2025-12-10,3290.0,3295.0,3243.0,3280.0,677700
2025-12-11,3314.0,3317.0,3234.0,3234.0,434200
2025-12-12,3275.0,3290.0,3252.0,3284.0,588000
2025-12-15,3350.0,3374.0,3306.0,3334.0,625800
2025-12-16,3334.0,3336.0,3236.0,3236.0,578000
2025-12-17,3239.0,3261.0,3217.0,3234.0,664700
2025-12-18,3234.0,3269.0,3186.0,3186.0,512900
2025-12-19,3237.0,3244.0,3210.0,3226.0,1049100
2025-12-22,3228.0,3237.0,3185.0,3185.0,406900
2025-12-23,3182.0,3190.0,3145.0,3170.0,609400
2025-12-24,3177.0,3189.0,3130.0,3148.0,485600
2025-12-25,3175.0,3175.0,3013.0,3039.0,1217600
2025-12-26,3086.0,3092.0,3026.0,3035.0,572300
2025-12-29,3050.0,3066.0,3029.0,3042.0,500300
2025-12-30,3030.0,3036.0,3000.0,3011.0,511000
2026-01-05,3052.0,3055.0,2989.5,3000.0,717200
2026-01-06,3006.0,3067.0,3005.0,3052.0,739300
2026-01-07,3025.0,3095.0,3005.0,3084.0,627300
2026-01-08,3040.0,3055.0,3005.0,3048.0,806000
2026-01-09,3077.0,3083.0,3021.0,3049.0,498700
2026-01-13,3108.0,3115.0,3042.0,3064.0,734600
2026-01-14,3042.0,3069.0,3025.0,3042.0,786400
2026-01-15,3050.0,3136.0,3042.0,3124.0,669400
2026-01-16,3080.0,3119.0,3065.0,3114.0,625700
2026-01-19,3099.0,3145.0,3069.0,3124.0,459400
2026-01-20,3111.0,3124.0,3053.0,3071.0,436000
2026-01-21,3036.0,3084.0,3025.0,3073.0,405400
2026-01-22,3100.0,3134.0,3081.0,3134.0,523900
2026-01-23,3143.0,3150.0,3095.0,3118.0,529900
2026-01-26,3083.0,3129.0,3069.0,3080.0,525000
2026-01-27,3021.0,3055.0,3005.0,3047.0,792500
2026-01-28,3000.0,3003.0,2933.0,2941.0,970700
2026-01-29,2927.0,2977.5,2886.5,2964.5,983000
2026-01-30,2997.5,3011.0,2955.0,2981.5,654000
2026-02-02,2997.5,3038.0,2969.0,2978.5,556800
2026-02-03,3006.0,3035.0,2976.5,3035.0,511000
2026-02-04,3041.0,3068.0,3023.0,3046.0,588100
2026-02-05,3084.0,3107.0,3054.0,3054.0,643600
2026-02-06,3010.0,3067.0,2973.0,3051.0,581300
2026-02-09,3191.0,3196.0,3113.0,3145.0,527600
2026-02-10,3165.0,3228.0,3165.0,3186.0,465400
2026-02-12,3185.0,3240.0,3168.0,3202.0,656000
2026-02-13,3132.0,3230.0,3053.0,3104.0,1500200
2026-02-16,3106.0,3137.0,2900.5,2900.5,1829200
2026-02-17,2924.5,2951.5,2874.0,2894.5,1142500
2026-02-18,2923.0,3023.0,2909.5,2992.5,1307200
2026-02-19,2992.5,3048.0,2975.5,3029.0,823800
2026-02-20,2998.0,3001.0,2956.0,2970.0,593800
2026-02-24,2972.0,3043.0,2970.0,3027.0,1017000
2026-02-25,3025.0,3070.0,2996.5,3034.0,822700
2026-02-26,3028.0,3076.0,3024.0,3049.0,671700
2026-02-27,3049.0,3138.0,3029.0,3138.0,919200
2026-03-02,3071.0,3168.0,3046.0,3168.0,754600
2026-03-03,3126.0,3164.0,3033.0,3056.0,1054600
2026-03-04,2895.0,2980.5,2840.0,2887.5,973900
2026-03-05,2987.5,3023.0,2915.0,2972.0,791000
2026-03-06,2935.0,2997.5,2917.0,2995.5,982200
2026-03-09,2795.5,2886.0,2790.5,2861.5,1181200
2026-03-10,2911.5,2986.0,2905.0,2955.5,598300
2026-03-11,3003.0,3020.0,2977.0,2989.5,613100
2026-03-12,2900.0,2937.0,2890.5,2914.0,806100
2026-03-13,2864.0,2920.5,2845.5,2894.0,1297300
2026-03-16,2894.0,2988.0,2891.0,2974.5,798000
2026-03-17,2981.0,3002.0,2951.5,2967.0,584600
2026-03-18,2976.0,3050.0,2967.0,3050.0,495500
2026-03-19,2988.5,2994.5,2919.0,2919.0,671600
2026-03-23,3053.0,3066.0,2973.5,3034.0,1562500
2026-03-24,3074.0,3100.0,3008.0,3048.0,761700
2026-03-25,3097.0,3120.0,3074.0,3098.0,743000
2026-03-26,3168.0,3219.0,3131.0,3194.0,1085100
2026-03-27,3184.0,3272.0,3165.0,3242.0,1117000
2026-03-30,3137.0,3207.0,3101.0,3190.0,833500
2026-03-31,3150.0,3161.0,3087.0,3101.0,659700
2026-04-01,3193.0,3193.0,3119.0,3186.0,642800
2026-04-02,3185.0,3190.0,3119.0,3163.0,603200
2026-04-03,3191.0,3238.0,3187.0,3238.0,429900
2026-04-06,3234.0,3280.0,3232.0,3233.0,491500
2026-04-07,3255.0,3290.0,3238.0,3281.0,421100
2026-04-08,3388.0,3400.0,3293.0,3318.0,589600
2026-04-09,3365.0,3365.0,3253.0,3269.0,567200
2026-04-10,3254.0,3289.0,3220.0,3241.0,599200
2026-04-13,3207.0,3223.0,3175.0,3202.0,544700
2026-04-14,3204.0,3229.0,3194.0,3217.0,560800
2026-04-15,3220.0,3256.0,3157.0,3157.0,677200
2026-04-16,3150.0,3172.0,3130.0,3150.0,567100
2026-04-17,3135.0,3162.0,3113.0,3121.0,802100
2026-04-20,3116.0,3143.0,3107.0,3132.0,536400
2026-04-21,3136.0,3199.0,3136.0,3181.0,482200
2026-04-22,3182.0,3182.0,3115.0,3126.0,479400
2026-04-23,3129.0,3196.0,3107.0,3120.0,552600
2026-04-24,3149.0,3162.0,3118.0,3148.0,352300
2026-04-27,3150.0,3225.0,3119.0,3180.0,680500
2026-04-28,3215.0,3268.0,3200.0,3258.0,508700
2026-04-30,3230.0,3287.0,3173.0,3210.0,991800
2026-05-01,3186.0,3260.0,3164.0,3237.0,739400
2026-05-07,3167.0,3303.0,3167.0,3284.0,998000
2026-05-08,3240.0,3288.0,3198.0,3225.0,952100
2026-05-11,3222.0,3333.0,2800.0,2800.0,3164600
2026-05-12,2895.5,2925.5,2779.0,2817.0,2171800
2026-05-13,2811.5,2918.5,2791.5,2894.5,1132900
2026-05-14,2944.5,2999.5,2892.5,2892.5,1136100
2026-05-15,2855.0,2887.0,2823.5,2847.0,790800
2026-05-18,2841.5,2852.0,2783.0,2787.5,782600
2026-05-19,2822.0,2867.0,2810.0,2839.5,819600
2026-05-20,2838.0,2843.5,2761.5,2782.0,615600
2026-05-21,2832.0,2842.0,2771.5,2771.5,738300
2026-05-22,2790.0,2919.0,2790.0,2911.0,1020300
2026-05-25,2903.5,2965.0,2883.5,2898.0,737700
2026-05-26,2871.5,2900.0,2819.5,2842.0,686200
2026-05-27,2842.0,2858.0,2800.5,2817.5,758600
2026-05-28,2818.0,2855.5,2784.0,2807.0,739600
2026-05-29,2831.0,2841.5,2789.5,2795.0,1457400
2026-06-01,2762.0,2767.0,2645.0,2682.0,957400
2026-06-02,2616.0,2672.0,2588.0,2672.0,1049800
2026-06-03,2706.0,2722.0,2675.0,2680.5,691800
2026-06-04,2680.5,2707.0,2665.0,2681.0,799900
2026-06-05,2660.0,2668.5,2612.5,2644.0,837300
2026-06-08,2600.0,2634.5,2559.0,2593.5,886900
2026-06-09,2594.0,2608.0,2532.0,2553.5,982800
2026-06-10,2582.0,2610.5,2552.5,2591.0,1079000
2026-06-11,2613.0,2646.5,2584.0,2625.5,947600
2026-06-12,2675.5,2701.0,2624.5,2684.5,773300
2026-06-15,2719.5,2758.0,2714.5,2734.0,801100
2026-06-16,2784.0,2790.5,2740.0,2764.0,742400
2026-06-17,2767.5,2825.0,2752.5,2784.0,752700
2026-06-18,2776.0,2798.0,2768.5,2777.5,761700
2026-06-19,2814.5,2830.0,2710.0,2710.0,1765500
2026-06-22,2675.0,2688.0,2645.5,2657.0,979500
2026-06-23,2686.0,2687.5,2608.0,2619.5,1217700
2026-06-24,2616.0,2647.0,2614.5,2623.5,645200
2026-06-25,2663.0,2663.0,2568.5,2582.5,1002600
2026-06-26,2583.0,2594.5,2557.5,2574.0,1061400
2026-06-29,2588.0,2644.0,2585.0,2626.5,1160400
2026-06-30,2639.5,2649.5,2605.0,2639.0,763700
2026-07-01,2679.0,2679.5,2629.0,2659.0,638800
2026-07-02,2700.0,2742.0,2670.0,2732.0,666900
2026-07-03,2745.5,2821.5,2740.0,2815.5,914200
2026-07-06,2835.0,2848.0,2792.5,2842.0,595100
2026-07-07,2892.0,2895.0,2821.0,2826.5,1036200
2026-07-08,2805.0,2840.0,2757.5,2782.0,654200
2026-07-09,2767.5,2810.5,2763.0,2782.5,502400
2026-07-10,2782.5,2797.5,2730.0,2739.0,683400
2026-07-13,2780.0,2798.5,2707.0,2720.0,591600
2026-07-14,2750.0,2770.0,2723.5,2751.0,466700
2026-07-15,2779.5,2779.5,2734.0,2763.5,372200
2026-07-16,2757.5,2767.0,2738.5,2741.5,426300
2026-07-17,2753.5,2760.0,2681.0,2714.5,542400
2026-07-21,2732.0,2741.5,2710.5,2738.0,581500
2026-07-22,2750.0,2772.0,2730.5,2743.0,419200
2026-07-23,2759.5,2774.5,2748.5,2758.0,561800
2026-07-24,2738.5,2753.5,2727.0,2749.0,434900
2026-07-27,2766.5,2825.5,2759.0,2825.5,672900
2026-07-28,2824.0,2828.0,2778.0,2794.0,646100
2026-07-29,2793.0,2846.5,2792.0,2825.5,881000
2026-07-30,2806.0,2828.0,2787.5,2803.5,535000
2026-07-31,2805.0,2812.0,2748.5,2788.5,745700
2026-08-03,2760.5,2767.5,2697.5,2762.0,770400
2026-08-04,2760.0,2776.5,2743.0,2757.0,506100
2026-08-05,2762.0,2787.0,2510.5,2667.5,1860100
2026-08-06,2630.5,2785.0,2584.5,2751.5,1129600
2026-08-07,2780.0,2820.0,2752.0,2772.5,1051500
2026-08-10,2773.0,2776.0,2697.0,2715.5,1231700
2026-08-12,2756.5,2778.5,2738.0,2751.0,891400
2026-08-13,2766.0,2792.5,2728.0,2760.0,715500
2026-08-14,2752.0,2779.0,2728.0,2730.0,750300
2026-08-17,2746.5,2769.5,2728.0,2760.5,668500
2026-08-18,2760.5,2779.5,2737.5,2748.5,581500
2026-08-19,2748.0,2756.0,2698.0,2706.0,662400
2026-08-20,2746.0,2767.5,2738.0,2760.5,775100
2026-08-21,2765.0,2811.0,2761.0,2782.0,1024100
2026-08-24,2782.0,2808.0,2767.0,2789.5,675500
2026-08-25,2793.5,2798.5,2770.5,2772.5,654100
2026-08-26,2788.0,2801.0,2764.0,2785.0,551000
2026-08-27,2802.5,2812.0,2782.0,2800.5,801700
2026-08-28,2780.5,2796.0,2731.5,2755.5,923400
2026-08-31,2733.0,2747.5,2711.0,2712.0,988300
2026-09-01,2699.5,2763.0,2685.0,2751.5,892300
2026-09-02,2724.0,2732.5,2689.0,2690.0,805200
2026-09-03,2697.5,2719.5,2666.0,2671.0,1235300
2026-09-04,2650.5,2671.0,2626.0,2635.5,923800
2026-09-07,2626.0,2648.5,2617.5,2622.5,744700
2026-09-08,2601.0,2628.0,2590.0,2590.0,1756400
2026-09-09,2603.0,2666.0,2598.0,2654.0,1000600
2026-09-10,2654.0,2654.0,2594.5,2620.0,1104500
2026-09-11,2570.0,2610.0,2552.0,2599.0,830900
2026-09-14,2597.5,2604.5,2581.5,2597.5,551900
2026-09-15,2599.5,2599.5,2566.5,2584.5,1013200
2026-09-16,2602.0,2609.0,2582.5,2582.5,541100
2026-09-17,2595.0,2617.5,2582.5,2612.5,887900
2026-09-18,2616.5,2654.0,2588.0,2588.5,926100
2026-09-24,2587.0,2614.0,2572.0,2583.5,919000
2026-09-25,2575.0,2599.0,2571.5,2577.0,918700
2026-09-28,2590.5,2590.5,2544.0,2544.0,1135700
2026-09-29,2505.0,2532.0,2484.0,2484.0,844000
2026-09-30,2491.0,2549.5,2487.5,2537.0,1009600
2026-10-01,2535.5,2563.0,2525.5,2549.5,956800
2026-10-02,2491.0,2523.5,2491.0,2510.0,887000
2026-10-05,2528.5,2542.5,2523.0,2538.5,612700
2026-10-06,2552.0,2560.0,2529.0,2558.5,468200
2026-10-07,2574.5,2591.0,2561.5,2573.5,689500
