Date,Open,High,Low,Close,Volume
2012-10-01,119.11111450195312,119.11111450195312,119.11111450195312,119.11111450195312,6750
2012-10-02,115.55555725097656,115.55555725097656,115.55555725097656,115.55555725097656,1800
2012-10-03,115.55555725097656,115.55555725097656,115.55555725097656,115.55555725097656,1800
2012-10-04,115.55555725097656,115.55555725097656,115.55555725097656,115.55555725097656,1800
2012-10-05,117.77777862548828,117.77777862548828,117.77777862548828,117.77777862548828,1800
2012-10-09,117.77777862548828,117.77777862548828,117.77777862548828,117.77777862548828,1800
2012-10-10,117.77777862548828,117.77777862548828,117.77777862548828,117.77777862548828,1800
2012-10-11,117.77777862548828,117.77777862548828,117.77777862548828,117.77777862548828,1800
2012-10-12,115.77777862548828,115.77777862548828,115.77777862548828,115.77777862548828,450
2012-10-15,114.66666412353516,115.77777862548828,114.66666412353516,115.77777862548828,1800
2012-10-16,114.44444274902344,115.33333587646484,114.44444274902344,115.33333587646484,2250
2012-10-17,115.33333587646484,115.33333587646484,115.33333587646484,115.33333587646484,2250
2012-10-18,115.55555725097656,115.55555725097656,115.55555725097656,115.55555725097656,1800
2012-10-19,117.77777862548828,119.33333587646484,114.88888549804688,114.88888549804688,12150
2012-10-22,117.11111450195312,117.33333587646484,116.88888549804688,117.11111450195312,56250
2012-10-23,117.33333587646484,117.33333587646484,117.33333587646484,117.33333587646484,5400
2012-10-24,117.33333587646484,117.33333587646484,117.33333587646484,117.33333587646484,5400
2012-10-25,117.33333587646484,117.77777862548828,117.33333587646484,117.77777862548828,15750
2012-10-26,119.33333587646484,119.33333587646484,117.77777862548828,117.77777862548828,33300
2012-10-29,120.44444274902344,120.44444274902344,116.88888549804688,116.88888549804688,9450
2012-10-30,116.66666412353516,116.66666412353516,116.66666412353516,116.66666412353516,2250
2012-10-31,117.77777862548828,117.77777862548828,116.0,116.0,2250
2012-11-01,116.0,116.0,116.0,116.0,2250
2012-11-02,116.0,116.0,116.0,116.0,2250
2012-11-05,119.77777862548828,119.77777862548828,119.77777862548828,119.77777862548828,450
2012-11-06,119.77777862548828,119.77777862548828,119.77777862548828,119.77777862548828,450
2012-11-07,122.22222137451172,125.55555725097656,122.22222137451172,125.55555725097656,78300
2012-11-08,124.44444274902344,124.66666412353516,124.44444274902344,124.66666412353516,21150
2012-11-09,125.33333587646484,125.33333587646484,123.33333587646484,123.33333587646484,12150
2012-11-12,123.33333587646484,123.33333587646484,123.33333587646484,123.33333587646484,12150
2012-11-13,121.11111450195312,121.11111450195312,120.0,120.0,900
2012-11-14,120.0,120.0,115.55555725097656,116.66666412353516,75150
2012-11-15,115.33333587646484,116.0,115.33333587646484,115.77777862548828,9450
2012-11-16,117.11111450195312,117.11111450195312,117.11111450195312,117.11111450195312,900
2012-11-19,117.55555725097656,117.55555725097656,116.22222137451172,116.22222137451172,5400
2012-11-20,116.66666412353516,117.77777862548828,116.66666412353516,117.77777862548828,2700
2012-11-21,117.77777862548828,118.88888549804688,117.77777862548828,117.77777862548828,8100
2012-11-22,117.77777862548828,117.77777862548828,116.66666412353516,117.33333587646484,12150
2012-11-26,119.55555725097656,119.55555725097656,116.22222137451172,117.11111450195312,37350
2012-11-27,117.77777862548828,117.77777862548828,117.77777862548828,117.77777862548828,9450
2012-11-28,118.0,118.0,118.0,118.0,6750
2012-11-29,117.77777862548828,118.0,117.77777862548828,118.0,2700
2012-11-30,118.22222137451172,118.22222137451172,118.22222137451172,118.22222137451172,900
2012-12-03,118.44444274902344,120.0,118.44444274902344,119.55555725097656,8100
2012-12-04,119.11111450195312,119.33333587646484,118.88888549804688,118.88888549804688,7650
2012-12-05,116.66666412353516,118.0,116.66666412353516,118.0,5400
2012-12-06,117.77777862548828,118.22222137451172,117.77777862548828,118.22222137451172,5850
2012-12-07,118.44444274902344,118.66666412353516,118.44444274902344,118.66666412353516,900
2012-12-10,112.22222137451172,114.22222137451172,112.22222137451172,113.33333587646484,123300
2012-12-11,115.11111450195312,115.11111450195312,115.11111450195312,115.11111450195312,2250
2012-12-12,115.55555725097656,116.44444274902344,115.33333587646484,115.33333587646484,9000
2012-12-13,115.55555725097656,116.44444274902344,114.88888549804688,116.44444274902344,11700
2012-12-14,115.77777862548828,115.77777862548828,114.88888549804688,114.88888549804688,47250
2012-12-17,114.66666412353516,114.66666412353516,114.66666412353516,114.66666412353516,70200
2012-12-18,113.77777862548828,114.0,113.77777862548828,114.0,2700
2012-12-19,114.22222137451172,114.44444274902344,114.22222137451172,114.22222137451172,5400
2012-12-20,114.22222137451172,114.66666412353516,114.22222137451172,114.66666412353516,14850
2012-12-21,115.11111450195312,115.11111450195312,114.22222137451172,114.22222137451172,12600
2012-12-25,114.44444274902344,117.77777862548828,114.44444274902344,117.77777862548828,7200
2012-12-26,113.33333587646484,113.33333587646484,113.33333587646484,113.33333587646484,36450
2012-12-27,113.33333587646484,113.33333587646484,113.33333587646484,113.33333587646484,36450
2012-12-28,113.33333587646484,115.55555725097656,113.33333587646484,115.55555725097656,15300
2013-01-04,115.55555725097656,115.55555725097656,113.55555725097656,115.55555725097656,6300
2013-01-07,115.55555725097656,115.77777862548828,114.66666412353516,115.55555725097656,5400
2013-01-08,114.66666412353516,115.55555725097656,114.66666412353516,115.55555725097656,44100
2013-01-09,115.33333587646484,115.55555725097656,114.0,115.33333587646484,8550
2013-01-10,115.33333587646484,115.33333587646484,115.33333587646484,115.33333587646484,8550
2013-01-11,114.44444274902344,115.55555725097656,114.44444274902344,115.55555725097656,900
2013-01-15,115.11111450195312,115.55555725097656,114.44444274902344,115.11111450195312,27000
2013-01-16,114.66666412353516,115.11111450195312,114.66666412353516,114.88888549804688,4500
2013-01-17,114.44444274902344,114.88888549804688,114.22222137451172,114.88888549804688,13500
2013-01-18,114.88888549804688,115.11111450195312,114.22222137451172,114.66666412353516,5850
2013-01-21,114.22222137451172,114.44444274902344,113.77777862548828,114.44444274902344,20250
2013-01-22,114.44444274902344,114.44444274902344,114.0,114.0,4950
2013-01-23,114.88888549804688,115.11111450195312,114.88888549804688,115.11111450195312,69750
2013-01-24,114.44444274902344,114.88888549804688,114.44444274902344,114.44444274902344,10800
2013-01-25,114.44444274902344,115.11111450195312,114.44444274902344,115.11111450195312,19350
2013-01-28,114.44444274902344,114.44444274902344,114.44444274902344,114.44444274902344,56250
2013-01-29,114.88888549804688,114.88888549804688,114.0,114.0,9450
2013-01-30,114.88888549804688,114.88888549804688,114.88888549804688,114.88888549804688,5400
2013-01-31,114.88888549804688,115.11111450195312,114.88888549804688,114.88888549804688,3600
2013-02-01,114.88888549804688,114.88888549804688,114.44444274902344,114.66666412353516,13050
2013-02-04,114.88888549804688,114.88888549804688,113.33333587646484,113.55555725097656,27000
2013-02-05,113.55555725097656,113.55555725097656,113.55555725097656,113.55555725097656,3150
2013-02-06,114.44444274902344,114.88888549804688,114.44444274902344,114.88888549804688,13050
2013-02-07,114.88888549804688,115.33333587646484,114.44444274902344,114.44444274902344,7650
2013-02-08,114.66666412353516,114.88888549804688,114.66666412353516,114.88888549804688,4500
2013-02-12,114.88888549804688,114.88888549804688,114.66666412353516,114.66666412353516,6300
2013-02-13,113.77777862548828,114.44444274902344,113.33333587646484,113.33333587646484,13950
2013-02-14,113.33333587646484,113.33333587646484,112.22222137451172,112.66666412353516,17100
2013-02-15,112.66666412353516,112.66666412353516,111.11111450195312,112.22222137451172,16650
2013-02-18,112.88888549804688,112.88888549804688,112.44444274902344,112.88888549804688,4950
2013-02-19,112.88888549804688,112.88888549804688,112.88888549804688,112.88888549804688,450
2013-02-20,113.33333587646484,113.33333587646484,113.33333587646484,113.33333587646484,1800
2013-02-21,114.44444274902344,114.44444274902344,114.44444274902344,114.44444274902344,1800
2013-02-22,114.66666412353516,114.66666412353516,113.33333587646484,113.33333587646484,11700
2013-02-25,114.22222137451172,114.66666412353516,114.22222137451172,114.66666412353516,5400
2013-02-26,113.33333587646484,113.77777862548828,113.11111450195312,113.11111450195312,51300
2013-02-27,113.55555725097656,114.0,113.55555725097656,113.77777862548828,13950
2013-02-28,113.33333587646484,113.33333587646484,112.88888549804688,113.33333587646484,14400
2013-03-01,113.11111450195312,113.11111450195312,112.0,112.88888549804688,25200
2013-03-04,113.33333587646484,113.77777862548828,113.11111450195312,113.11111450195312,8550
2013-03-05,113.33333587646484,114.66666412353516,113.11111450195312,113.55555725097656,57150
2013-03-06,114.22222137451172,114.44444274902344,114.0,114.44444274902344,25650
2013-03-07,114.44444274902344,115.11111450195312,113.77777862548828,115.11111450195312,26550
2013-03-08,115.11111450195312,115.55555725097656,114.66666412353516,114.66666412353516,26100
2013-03-11,114.66666412353516,116.0,114.66666412353516,114.66666412353516,45000
2013-03-12,114.66666412353516,114.66666412353516,113.11111450195312,114.0,45900
2013-03-13,114.0,114.44444274902344,113.77777862548828,114.0,12600
2013-03-14,114.44444274902344,114.88888549804688,114.44444274902344,114.88888549804688,6300
2013-03-15,114.88888549804688,115.33333587646484,114.88888549804688,114.88888549804688,36900
2013-03-18,115.11111450195312,116.22222137451172,115.11111450195312,115.33333587646484,9900
2013-03-19,115.77777862548828,116.22222137451172,115.33333587646484,115.33333587646484,17550
2013-03-21,116.44444274902344,116.66666412353516,114.66666412353516,114.88888549804688,60750
2013-03-22,115.77777862548828,115.77777862548828,115.11111450195312,115.55555725097656,6750
2013-03-25,115.55555725097656,116.22222137451172,115.55555725097656,116.22222137451172,10800
2013-03-26,116.0,116.88888549804688,115.55555725097656,115.77777862548828,63000
2013-03-27,113.77777862548828,113.77777862548828,112.66666412353516,113.77777862548828,14400
2013-03-28,112.88888549804688,112.88888549804688,112.88888549804688,112.88888549804688,9450
2013-03-29,112.88888549804688,113.55555725097656,112.22222137451172,112.22222137451172,6300
2013-04-01,112.22222137451172,113.77777862548828,111.55555725097656,111.55555725097656,8100
2013-04-02,112.0,112.0,108.88888549804688,109.33333587646484,26100
2013-04-03,110.88888549804688,110.88888549804688,110.88888549804688,110.88888549804688,1800
2013-04-04,109.33333587646484,110.22222137451172,108.0,110.22222137451172,6750
2013-04-05,114.22222137451172,114.22222137451172,108.88888549804688,111.11111450195312,21150
2013-04-08,112.22222137451172,112.22222137451172,111.11111450195312,111.11111450195312,3150
2013-04-09,112.88888549804688,112.88888549804688,112.22222137451172,112.22222137451172,5400
2013-04-10,113.33333587646484,113.33333587646484,112.22222137451172,112.22222137451172,900
2013-04-11,112.22222137451172,112.22222137451172,111.11111450195312,111.11111450195312,12150
2013-04-12,113.33333587646484,113.33333587646484,111.11111450195312,111.33333587646484,11700
2013-04-15,110.88888549804688,111.33333587646484,110.0,110.0,29250
2013-04-16,110.22222137451172,111.11111450195312,109.55555725097656,111.11111450195312,13500
2013-04-17,110.44444274902344,110.88888549804688,110.44444274902344,110.88888549804688,16650
2013-04-18,110.66666412353516,111.55555725097656,110.0,111.33333587646484,17100
2013-04-19,111.55555725097656,111.55555725097656,110.66666412353516,110.88888549804688,1800
2013-04-22,111.77777862548828,112.0,111.33333587646484,112.0,23850
2013-04-23,111.77777862548828,112.88888549804688,111.77777862548828,112.88888549804688,41400
2013-04-24,113.33333587646484,113.33333587646484,112.22222137451172,113.11111450195312,26550
2013-04-25,113.55555725097656,114.88888549804688,112.88888549804688,113.77777862548828,40500
2013-04-26,113.33333587646484,113.33333587646484,112.44444274902344,112.88888549804688,45900
2013-04-30,114.66666412353516,114.66666412353516,111.33333587646484,113.55555725097656,63450
2013-05-01,114.44444274902344,114.44444274902344,112.66666412353516,113.33333587646484,19800
2013-05-02,114.0,114.44444274902344,112.22222137451172,114.0,11700
2013-05-07,114.66666412353516,115.77777862548828,114.0,114.0,17550
2013-05-08,115.55555725097656,116.0,115.55555725097656,115.55555725097656,13950
2013-05-09,116.0,116.88888549804688,114.44444274902344,114.44444274902344,23850
2013-05-10,115.55555725097656,118.88888549804688,115.55555725097656,115.55555725097656,13050
2013-05-13,116.22222137451172,117.77777862548828,116.22222137451172,116.88888549804688,12150
2013-05-14,117.33333587646484,117.33333587646484,116.44444274902344,116.66666412353516,5850
2013-05-15,116.0,116.0,115.11111450195312,115.11111450195312,33300
2013-05-16,115.11111450195312,115.11111450195312,113.33333587646484,113.33333587646484,17550
2013-05-17,113.55555725097656,115.55555725097656,113.55555725097656,114.0,17550
2013-05-20,115.11111450195312,115.77777862548828,115.11111450195312,115.33333587646484,16200
2013-05-21,117.55555725097656,117.55555725097656,115.55555725097656,115.55555725097656,11700
2013-05-22,117.11111450195312,117.33333587646484,115.55555725097656,115.77777862548828,17550
2013-05-23,117.11111450195312,117.33333587646484,113.77777862548828,114.66666412353516,27900
2013-05-24,114.66666412353516,115.55555725097656,114.0,115.55555725097656,9450
2013-05-27,116.22222137451172,116.22222137451172,114.0,114.66666412353516,39600
2013-05-28,116.0,116.0,115.55555725097656,115.55555725097656,9450
2013-05-29,117.11111450195312,117.11111450195312,114.66666412353516,115.11111450195312,14400
2013-05-30,115.33333587646484,115.33333587646484,113.33333587646484,114.66666412353516,9450
2013-05-31,116.22222137451172,116.22222137451172,115.77777862548828,116.0,11700
2013-06-03,114.88888549804688,115.11111450195312,114.0,114.0,13500
2013-06-04,113.33333587646484,116.66666412353516,111.77777862548828,112.44444274902344,29250
2013-06-05,114.44444274902344,114.44444274902344,112.22222137451172,113.33333587646484,12600
2013-06-06,113.33333587646484,114.44444274902344,111.11111450195312,111.11111450195312,22500
2013-06-07,110.44444274902344,111.11111450195312,106.22222137451172,108.0,85500
2013-06-10,109.11111450195312,110.0,109.11111450195312,110.0,4050
2013-06-11,110.88888549804688,110.88888549804688,109.33333587646484,110.44444274902344,4050
2013-06-12,110.0,110.44444274902344,110.0,110.44444274902344,5400
2013-06-13,110.66666412353516,110.66666412353516,110.66666412353516,110.66666412353516,450
2013-06-14,110.44444274902344,110.44444274902344,109.11111450195312,109.11111450195312,7650
2013-06-17,109.55555725097656,109.55555725097656,109.55555725097656,109.55555725097656,450
2013-06-18,110.0,110.0,109.33333587646484,109.55555725097656,3600
2013-06-19,109.55555725097656,110.22222137451172,108.88888549804688,108.88888549804688,23400
2013-06-20,109.77777862548828,109.77777862548828,109.77777862548828,109.77777862548828,450
2013-06-21,109.77777862548828,110.44444274902344,108.88888549804688,110.44444274902344,24300
2013-06-24,112.0,112.0,110.88888549804688,112.0,6300
2013-06-25,112.22222137451172,113.33333587646484,111.77777862548828,113.33333587646484,22950
2013-06-26,111.11111450195312,111.11111450195312,110.22222137451172,110.22222137451172,43200
2013-06-27,111.11111450195312,112.22222137451172,110.44444274902344,112.22222137451172,4050
2013-06-28,113.77777862548828,113.77777862548828,112.66666412353516,113.77777862548828,14850
2013-07-01,116.0,116.0,112.88888549804688,112.88888549804688,61650
2013-07-02,113.33333587646484,113.33333587646484,112.66666412353516,112.66666412353516,5400
2013-07-03,112.88888549804688,113.77777862548828,111.77777862548828,113.77777862548828,5850
2013-07-04,113.77777862548828,113.77777862548828,113.77777862548828,113.77777862548828,5850
2013-07-05,113.33333587646484,113.33333587646484,112.88888549804688,112.88888549804688,1350
2013-07-08,112.88888549804688,113.33333587646484,112.88888549804688,113.33333587646484,2700
2013-07-09,113.33333587646484,113.55555725097656,113.33333587646484,113.55555725097656,5850
2013-07-10,113.55555725097656,113.55555725097656,113.55555725097656,113.55555725097656,7200
2013-07-11,114.44444274902344,114.44444274902344,113.55555725097656,113.77777862548828,7200
2013-07-12,113.55555725097656,114.44444274902344,113.55555725097656,114.44444274902344,3150
2013-07-16,114.88888549804688,114.88888549804688,113.77777862548828,113.77777862548828,42750
2013-07-17,114.44444274902344,115.33333587646484,114.22222137451172,115.11111450195312,8550
2013-07-18,114.88888549804688,115.33333587646484,114.88888549804688,115.33333587646484,20700
2013-07-19,115.33333587646484,115.55555725097656,115.33333587646484,115.33333587646484,21600
2013-07-22,115.55555725097656,120.0,115.55555725097656,116.44444274902344,21150
2013-07-23,117.77777862548828,117.77777862548828,116.22222137451172,116.44444274902344,15300
2013-07-24,117.33333587646484,117.55555725097656,116.88888549804688,116.88888549804688,15300
2013-07-25,117.33333587646484,118.22222137451172,116.44444274902344,117.33333587646484,40050
2013-07-26,116.66666412353516,117.11111450195312,115.11111450195312,115.11111450195312,137700
2013-07-29,118.44444274902344,118.44444274902344,115.11111450195312,115.11111450195312,10350
2013-07-30,113.33333587646484,115.77777862548828,113.33333587646484,115.77777862548828,9000
2013-07-31,115.11111450195312,118.0,113.77777862548828,114.44444274902344,53100
2013-08-01,116.22222137451172,116.22222137451172,114.0,114.0,15750
2013-08-02,114.0,115.55555725097656,114.0,115.11111450195312,26550
2013-08-05,115.11111450195312,115.11111450195312,114.44444274902344,115.11111450195312,5850
2013-08-06,113.77777862548828,115.55555725097656,113.55555725097656,114.66666412353516,8550
2013-08-07,113.77777862548828,114.0,113.55555725097656,113.77777862548828,10800
2013-08-08,113.55555725097656,113.77777862548828,112.88888549804688,112.88888549804688,12150
2013-08-09,112.88888549804688,113.33333587646484,112.88888549804688,113.33333587646484,4500
2013-08-12,112.44444274902344,113.33333587646484,112.44444274902344,113.11111450195312,1800
2013-08-13,113.33333587646484,113.33333587646484,112.44444274902344,112.44444274902344,2250
2013-08-14,113.33333587646484,117.77777862548828,112.88888549804688,113.33333587646484,8100
2013-08-15,113.33333587646484,115.33333587646484,113.33333587646484,114.44444274902344,11700
2013-08-16,114.22222137451172,114.44444274902344,114.22222137451172,114.44444274902344,5400
2013-08-19,114.44444274902344,114.44444274902344,114.44444274902344,114.44444274902344,4950
2013-08-20,114.66666412353516,115.55555725097656,114.22222137451172,114.22222137451172,11700
2013-08-21,114.66666412353516,115.11111450195312,114.44444274902344,115.11111450195312,4950
2013-08-22,113.33333587646484,114.66666412353516,113.33333587646484,113.77777862548828,17550
2013-08-23,114.44444274902344,115.33333587646484,113.77777862548828,114.88888549804688,11250
2013-08-26,113.55555725097656,114.44444274902344,113.33333587646484,114.22222137451172,56700
2013-08-27,114.22222137451172,114.22222137451172,113.77777862548828,114.0,3150
2013-08-28,114.66666412353516,115.33333587646484,114.0,114.66666412353516,23400
2013-08-29,114.44444274902344,115.55555725097656,114.44444274902344,114.88888549804688,18450
2013-08-30,115.55555725097656,115.55555725097656,115.55555725097656,115.55555725097656,5850
2013-09-02,115.33333587646484,115.33333587646484,114.88888549804688,114.88888549804688,7650
2013-09-03,115.55555725097656,115.55555725097656,114.44444274902344,114.44444274902344,1800
2013-09-04,115.55555725097656,115.55555725097656,111.11111450195312,112.88888549804688,36000
2013-09-05,113.11111450195312,114.88888549804688,113.11111450195312,114.22222137451172,6300
2013-09-06,114.22222137451172,114.22222137451172,113.33333587646484,113.77777862548828,11250
2013-09-09,113.55555725097656,114.44444274902344,113.55555725097656,113.77777862548828,14850
2013-09-10,114.22222137451172,114.88888549804688,114.0,114.44444274902344,9000
2013-09-11,114.66666412353516,115.11111450195312,114.66666412353516,114.88888549804688,8550
2013-09-12,114.66666412353516,114.66666412353516,114.66666412353516,114.66666412353516,3600
2013-09-13,114.66666412353516,114.88888549804688,114.66666412353516,114.66666412353516,6750
2013-09-17,114.88888549804688,115.33333587646484,114.66666412353516,115.11111450195312,24300
2013-09-18,115.11111450195312,115.33333587646484,114.88888549804688,115.33333587646484,2250
2013-09-19,115.33333587646484,115.55555725097656,114.66666412353516,114.66666412353516,31950
2013-09-20,114.88888549804688,115.33333587646484,114.88888549804688,115.11111450195312,4500
2013-09-24,116.22222137451172,116.66666412353516,115.55555725097656,116.44444274902344,45000
2013-09-25,117.11111450195312,117.11111450195312,116.44444274902344,116.44444274902344,9900
2013-09-26,116.44444274902344,116.44444274902344,114.0,116.44444274902344,41850
2013-09-27,116.44444274902344,117.11111450195312,114.66666412353516,115.77777862548828,17100
2013-09-30,117.77777862548828,117.77777862548828,114.66666412353516,115.77777862548828,31500
2013-10-01,116.22222137451172,117.11111450195312,116.22222137451172,116.66666412353516,5400
2013-10-02,116.66666412353516,116.66666412353516,116.66666412353516,116.66666412353516,9900
2013-10-03,116.66666412353516,116.66666412353516,116.22222137451172,116.66666412353516,13950
2013-10-04,116.44444274902344,116.66666412353516,116.22222137451172,116.44444274902344,9000
2013-10-07,116.66666412353516,116.66666412353516,115.55555725097656,116.22222137451172,9000
2013-10-08,115.55555725097656,116.66666412353516,115.55555725097656,116.66666412353516,5400
2013-10-09,115.55555725097656,116.0,115.55555725097656,115.77777862548828,4050
2013-10-10,115.77777862548828,116.66666412353516,115.77777862548828,116.0,9000
2013-10-11,116.66666412353516,116.66666412353516,116.66666412353516,116.66666412353516,450
2013-10-15,116.66666412353516,116.66666412353516,116.66666412353516,116.66666412353516,11250
2013-10-16,116.66666412353516,117.55555725097656,116.66666412353516,117.11111450195312,23400
2013-10-17,117.11111450195312,117.55555725097656,115.55555725097656,117.55555725097656,29700
2013-10-18,117.55555725097656,117.55555725097656,115.77777862548828,117.11111450195312,7650
2013-10-21,117.33333587646484,123.33333587646484,117.33333587646484,123.33333587646484,94050
2013-10-22,123.33333587646484,123.33333587646484,119.55555725097656,122.0,16650
2013-10-23,122.0,124.22222137451172,119.33333587646484,123.55555725097656,40050
2013-10-24,123.55555725097656,124.22222137451172,120.0,122.66666412353516,21150
2013-10-25,122.0,124.22222137451172,122.0,122.66666412353516,35100
2013-10-28,124.44444274902344,127.77777862548828,124.22222137451172,127.77777862548828,119250
2013-10-29,127.77777862548828,127.77777862548828,127.77777862548828,127.77777862548828,0
2013-10-30,130.88888549804688,135.3333282470703,126.88888549804688,129.11111450195312,105750
2013-10-31,131.3333282470703,133.77777099609375,122.22222137451172,126.44444274902344,189900
2013-11-01,123.77777862548828,125.55555725097656,118.22222137451172,119.11111450195312,57600
2013-11-05,121.11111450195312,121.11111450195312,119.33333587646484,119.55555725097656,14400
2013-11-06,119.77777862548828,120.22222137451172,118.0,118.88888549804688,30150
2013-11-07,120.44444274902344,123.55555725097656,120.0,120.0,15750
2013-11-08,120.0,120.0,118.44444274902344,118.88888549804688,11250
2013-11-11,119.77777862548828,120.22222137451172,119.33333587646484,119.33333587646484,11250
2013-11-12,120.44444274902344,124.0,119.55555725097656,120.22222137451172,9900
2013-11-13,121.55555725097656,121.55555725097656,119.11111450195312,119.55555725097656,30600
2013-11-14,120.44444274902344,123.33333587646484,120.44444274902344,122.22222137451172,12150
2013-11-15,124.66666412353516,124.66666412353516,123.11111450195312,124.0,26550
2013-11-18,127.33333587646484,133.3333282470703,124.44444274902344,127.11111450195312,70200
2013-11-19,126.88888549804688,128.6666717529297,125.55555725097656,126.66666412353516,14850
2013-11-20,126.66666412353516,126.66666412353516,122.22222137451172,124.44444274902344,51300
2013-11-21,126.22222137451172,146.44444274902344,123.33333587646484,132.0,481950
2013-11-22,136.0,136.22222900390625,128.22222900390625,130.0,178200
2013-11-25,130.88888549804688,132.22222900390625,128.0,131.55555725097656,49050
2013-11-26,132.88888549804688,137.77777099609375,128.88888549804688,134.0,143550
2013-11-27,136.22222900390625,136.44444274902344,131.55555725097656,133.11111450195312,41400
2013-11-28,135.55555725097656,135.55555725097656,133.3333282470703,134.0,27450
2013-11-29,133.55555725097656,133.55555725097656,129.55555725097656,133.11111450195312,49500
2013-12-02,131.11111450195312,131.11111450195312,126.44444274902344,128.88888549804688,151650
2013-12-03,128.88888549804688,130.22222900390625,127.11111450195312,128.88888549804688,36900
2013-12-04,128.88888549804688,128.88888549804688,127.11111450195312,128.88888549804688,49050
2013-12-05,127.77777862548828,128.88888549804688,126.66666412353516,127.77777862548828,48600
2013-12-06,127.77777862548828,128.22222900390625,126.44444274902344,126.88888549804688,23400
2013-12-09,124.66666412353516,127.33333587646484,124.66666412353516,125.77777862548828,132750
2013-12-10,126.66666412353516,128.88888549804688,126.66666412353516,128.6666717529297,45000
2013-12-11,128.88888549804688,130.22222900390625,127.55555725097656,129.55555725097656,126900
2013-12-12,129.77777099609375,132.22222900390625,126.44444274902344,126.44444274902344,180000
2013-12-13,126.66666412353516,127.33333587646484,123.33333587646484,126.44444274902344,116550
2013-12-16,126.66666412353516,127.11111450195312,124.88888549804688,126.66666412353516,140400
2013-12-17,127.77777862548828,134.0,124.0,128.0,211500
2013-12-18,128.88888549804688,128.88888549804688,124.44444274902344,125.55555725097656,123750
2013-12-19,125.77777862548828,128.44444274902344,124.88888549804688,126.66666412353516,96300
2013-12-20,125.33333587646484,126.0,124.0,124.66666412353516,103950
2013-12-24,125.55555725097656,125.77777862548828,122.22222137451172,122.22222137451172,98550
2013-12-25,120.88888549804688,124.44444274902344,120.44444274902344,123.11111450195312,106650
2013-12-26,123.11111450195312,127.55555725097656,122.44444274902344,123.55555725097656,283500
2013-12-27,124.44444274902344,125.11111450195312,122.88888549804688,125.11111450195312,93150
2013-12-30,126.22222137451172,127.77777862548828,125.77777862548828,126.44444274902344,235800
2014-01-06,126.66666412353516,128.0,126.66666412353516,127.33333587646484,120600
2014-01-07,128.0,129.55555725097656,127.77777862548828,128.6666717529297,29700
2014-01-08,131.55555725097656,133.11111450195312,129.77777099609375,133.11111450195312,78300
2014-01-09,131.55555725097656,133.3333282470703,130.88888549804688,131.77777099609375,46800
2014-01-10,131.55555725097656,133.55555725097656,130.22222900390625,132.22222900390625,67500
2014-01-14,132.22222900390625,134.44444274902344,130.6666717529297,134.44444274902344,84600
2014-01-15,134.6666717529297,140.0,134.6666717529297,139.55555725097656,89550
2014-01-16,140.44444274902344,142.0,137.77777099609375,139.3333282470703,113400
2014-01-17,137.77777099609375,137.77777099609375,134.6666717529297,136.6666717529297,63900
2014-01-20,135.77777099609375,141.55555725097656,135.77777099609375,140.0,55800
2014-01-21,141.11111450195312,142.44444274902344,141.11111450195312,141.3333282470703,45900
2014-01-22,141.55555725097656,143.3333282470703,138.88888549804688,142.0,113400
2014-01-23,142.22222900390625,143.3333282470703,140.0,140.6666717529297,30150
2014-01-24,136.22222900390625,138.88888549804688,134.6666717529297,136.6666717529297,135450
2014-01-27,131.11111450195312,133.77777099609375,128.88888549804688,132.44444274902344,144000
2014-01-28,134.6666717529297,135.77777099609375,132.88888549804688,134.22222900390625,70650
2014-01-29,135.55555725097656,138.88888549804688,135.55555725097656,138.44444274902344,48600
2014-01-30,136.22222900390625,137.77777099609375,134.22222900390625,135.3333282470703,47250
2014-01-31,137.55555725097656,142.0,133.55555725097656,137.3333282470703,285300
2014-02-03,138.44444274902344,144.88888549804688,137.77777099609375,141.11111450195312,183150
2014-02-04,133.3333282470703,137.77777099609375,131.11111450195312,134.88888549804688,171000
2014-02-05,137.77777099609375,137.77777099609375,133.55555725097656,137.55555725097656,77850
2014-02-06,139.77777099609375,140.6666717529297,138.0,140.6666717529297,32400
2014-02-07,140.88888549804688,144.22222900390625,137.77777099609375,140.0,81450
2014-02-10,140.44444274902344,143.3333282470703,140.0,140.88888549804688,64800
2014-02-12,139.55555725097656,141.3333282470703,139.11111450195312,140.44444274902344,22500
2014-02-13,140.0,140.0,135.11111450195312,138.0,89100
2014-02-14,138.0,138.0,133.3333282470703,135.11111450195312,127800
2014-02-17,137.3333282470703,138.22222900390625,135.3333282470703,137.3333282470703,31500
2014-02-18,139.3333282470703,140.22222900390625,136.6666717529297,139.11111450195312,72000
2014-02-19,139.77777099609375,140.44444274902344,138.0,140.22222900390625,41850
2014-02-20,138.88888549804688,139.55555725097656,138.0,138.22222900390625,22050
2014-02-21,138.22222900390625,140.88888549804688,138.22222900390625,139.77777099609375,34200
2014-02-24,140.22222900390625,141.77777099609375,140.22222900390625,140.88888549804688,10350
2014-02-25,140.6666717529297,142.88888549804688,140.44444274902344,142.6666717529297,29250
2014-02-26,144.44444274902344,144.88888549804688,142.0,142.6666717529297,53100
2014-02-27,142.44444274902344,143.3333282470703,141.11111450195312,142.44444274902344,31050
2014-02-28,144.44444274902344,144.44444274902344,141.77777099609375,142.88888549804688,15750
2014-03-03,142.88888549804688,145.55555725097656,138.6666717529297,145.55555725097656,43200
2014-03-04,144.6666717529297,145.55555725097656,144.0,145.55555725097656,49500
2014-03-05,145.55555725097656,146.0,144.22222900390625,145.3333282470703,31500
2014-03-06,146.0,146.22222900390625,144.0,146.22222900390625,22500
2014-03-07,146.6666717529297,149.3333282470703,146.6666717529297,148.44444274902344,64350
2014-03-10,148.6666717529297,155.55555725097656,147.3333282470703,153.77777099609375,101250
2014-03-11,155.55555725097656,166.44444274902344,149.77777099609375,157.77777099609375,719100
2014-03-12,157.11111450195312,157.77777099609375,151.3333282470703,154.88888549804688,167850
2014-03-13,157.11111450195312,158.6666717529297,153.3333282470703,153.77777099609375,76050
2014-03-14,152.0,152.0,147.11111450195312,148.22222900390625,116550
2014-03-17,147.11111450195312,152.6666717529297,146.88888549804688,150.6666717529297,66600
2014-03-18,151.11111450195312,151.11111450195312,148.0,148.88888549804688,46800
2014-03-19,148.88888549804688,149.55555725097656,147.77777099609375,149.55555725097656,27900
2014-03-20,149.55555725097656,150.0,145.11111450195312,145.11111450195312,45000
2014-03-24,146.6666717529297,151.11111450195312,146.6666717529297,150.0,45000
2014-03-25,150.0,152.44444274902344,150.0,151.11111450195312,74250
2014-03-26,151.11111450195312,159.77777099609375,146.6666717529297,147.11111450195312,331650
2014-03-27,140.22222900390625,142.22222900390625,135.55555725097656,139.3333282470703,106650
2014-03-28,139.77777099609375,146.44444274902344,139.77777099609375,143.3333282470703,33750
2014-03-31,143.3333282470703,145.11111450195312,140.44444274902344,142.44444274902344,14400
2014-04-01,142.44444274902344,143.77777099609375,140.0,140.44444274902344,18450
2014-04-02,141.11111450195312,143.55555725097656,140.0,140.44444274902344,27900
2014-04-03,141.11111450195312,141.77777099609375,139.55555725097656,140.44444274902344,13950
2014-04-04,140.44444274902344,140.6666717529297,139.11111450195312,140.6666717529297,11250
2014-04-07,140.6666717529297,140.6666717529297,137.77777099609375,138.6666717529297,55350
2014-04-08,138.88888549804688,140.0,137.55555725097656,139.3333282470703,20700
2014-04-09,138.22222900390625,139.11111450195312,135.55555725097656,139.11111450195312,55350
2014-04-10,140.0,140.22222900390625,136.0,138.6666717529297,20700
2014-04-11,136.6666717529297,139.55555725097656,134.44444274902344,139.55555725097656,43200
2014-04-14,138.44444274902344,139.55555725097656,135.3333282470703,139.55555725097656,9900
2014-04-15,138.88888549804688,140.44444274902344,137.77777099609375,139.77777099609375,12600
2014-04-16,139.77777099609375,140.0,137.55555725097656,139.77777099609375,19800
2014-04-17,139.55555725097656,139.77777099609375,139.11111450195312,139.11111450195312,5400
2014-04-18,138.6666717529297,138.6666717529297,138.6666717529297,138.6666717529297,24300
2014-04-21,137.77777099609375,139.11111450195312,137.77777099609375,138.0,9450
2014-04-22,138.6666717529297,138.88888549804688,138.0,138.0,5850
2014-04-23,137.77777099609375,140.88888549804688,136.88888549804688,137.77777099609375,24750
2014-04-24,137.3333282470703,138.22222900390625,136.6666717529297,136.6666717529297,11250
2014-04-25,136.44444274902344,140.44444274902344,136.44444274902344,140.44444274902344,16200
2014-04-28,141.11111450195312,146.6666717529297,134.6666717529297,139.55555725097656,126900
2014-04-30,137.3333282470703,149.11111450195312,137.3333282470703,146.6666717529297,166950
2014-05-01,145.77777099609375,150.22222900390625,145.77777099609375,148.22222900390625,65250
2014-05-02,146.6666717529297,149.11111450195312,145.55555725097656,149.11111450195312,25200
2014-05-07,149.55555725097656,150.88888549804688,148.88888549804688,149.3333282470703,39600
2014-05-08,147.77777099609375,149.55555725097656,147.3333282470703,148.22222900390625,16650
2014-05-09,149.11111450195312,149.11111450195312,144.6666717529297,147.77777099609375,14400
2014-05-12,149.11111450195312,149.11111450195312,144.44444274902344,145.77777099609375,30600
2014-05-13,148.0,149.11111450195312,143.77777099609375,144.0,17100
2014-05-14,146.22222900390625,146.22222900390625,144.0,144.22222900390625,8550
2014-05-15,145.55555725097656,146.0,144.44444274902344,144.6666717529297,2700
2014-05-16,146.0,146.22222900390625,142.44444274902344,145.55555725097656,16650
2014-05-19,142.44444274902344,142.44444274902344,140.0,140.0,13500
2014-05-20,140.0,142.22222900390625,138.88888549804688,142.22222900390625,4500
2014-05-21,140.88888549804688,143.11111450195312,140.88888549804688,143.11111450195312,8100
2014-05-22,142.6666717529297,144.44444274902344,142.22222900390625,144.44444274902344,9900
2014-05-23,145.11111450195312,146.6666717529297,143.55555725097656,146.6666717529297,13050
2014-05-26,146.6666717529297,146.6666717529297,145.77777099609375,146.0,30150
2014-05-27,147.11111450195312,147.55555725097656,144.0,147.3333282470703,9450
2014-05-28,147.3333282470703,147.3333282470703,145.77777099609375,147.11111450195312,9450
2014-05-29,146.6666717529297,147.77777099609375,145.3333282470703,147.77777099609375,8100
2014-05-30,147.77777099609375,147.77777099609375,147.55555725097656,147.77777099609375,4950
2014-06-02,148.88888549804688,150.6666717529297,148.0,150.22222900390625,16650
2014-06-03,150.44444274902344,150.44444274902344,147.3333282470703,150.0,16200
2014-06-04,149.77777099609375,149.77777099609375,146.0,147.77777099609375,7650
2014-06-05,147.77777099609375,147.77777099609375,146.88888549804688,146.88888549804688,5400
2014-06-06,147.11111450195312,148.44444274902344,146.6666717529297,148.44444274902344,18900
2014-06-09,148.44444274902344,149.3333282470703,148.44444274902344,148.6666717529297,19800
2014-06-10,150.22222900390625,150.22222900390625,148.44444274902344,148.6666717529297,30600
2014-06-11,149.3333282470703,149.3333282470703,148.0,148.44444274902344,5850
2014-06-12,150.0,150.44444274902344,149.77777099609375,150.22222900390625,5400
2014-06-13,150.44444274902344,152.88888549804688,150.44444274902344,152.88888549804688,20250
2014-06-16,155.3333282470703,155.55555725097656,152.22222900390625,152.22222900390625,49050
2014-06-17,152.44444274902344,156.22222900390625,152.44444274902344,156.22222900390625,29700
2014-06-18,156.44444274902344,161.77777099609375,156.44444274902344,159.77777099609375,79200
2014-06-19,160.6666717529297,161.11111450195312,158.88888549804688,159.3333282470703,26550
2014-06-20,159.3333282470703,161.3333282470703,159.3333282470703,159.55555725097656,37350
2014-06-23,162.22222900390625,178.88888549804688,162.0,173.77777099609375,360900
2014-06-24,177.11111450195312,182.22222900390625,171.3333282470703,177.77777099609375,247050
2014-06-25,176.0,179.3333282470703,173.3333282470703,177.55555725097656,212400
2014-06-26,177.55555725097656,184.44444274902344,175.77777099609375,184.44444274902344,208350
2014-06-27,182.6666717529297,188.6666717529297,181.55555725097656,186.22222900390625,152550
2014-06-30,184.88888549804688,192.22222900390625,184.44444274902344,188.44444274902344,117000
2014-07-01,188.88888549804688,188.88888549804688,178.44444274902344,181.3333282470703,162900
2014-07-02,182.44444274902344,188.22222900390625,177.11111450195312,177.11111450195312,189900
2014-07-03,175.55555725097656,177.77777099609375,173.55555725097656,174.0,68400
2014-07-04,174.6666717529297,179.11111450195312,174.6666717529297,178.88888549804688,59850
2014-07-07,178.88888549804688,180.0,177.77777099609375,180.0,26100
2014-07-08,177.11111450195312,178.22222900390625,175.3333282470703,176.88888549804688,27000
2014-07-09,175.77777099609375,182.22222900390625,175.55555725097656,178.44444274902344,67950
2014-07-10,178.88888549804688,182.22222900390625,177.11111450195312,177.55555725097656,74700
2014-07-11,176.6666717529297,182.22222900390625,176.6666717529297,179.3333282470703,55800
2014-07-14,180.0,184.88888549804688,180.0,184.0,80550
2014-07-15,185.55555725097656,187.55555725097656,182.88888549804688,185.7777709960937,117000
2014-07-16,183.7777709960937,186.22222900390625,182.22222900390625,183.55555725097656,58950
2014-07-17,183.11111450195312,186.0,182.22222900390625,183.3333282470703,50850
2014-07-18,182.22222900390625,184.44444274902344,180.0,182.6666717529297,35550
2014-07-22,183.3333282470703,185.7777709960937,182.22222900390625,185.55555725097656,63000
2014-07-23,185.7777709960937,195.3333282470703,185.3333282470703,195.3333282470703,224550
2014-07-24,193.55555725097656,193.7777709960937,187.3333282470703,190.88888549804688,106650
2014-07-25,190.88888549804688,197.7777709960937,188.88888549804688,195.3333282470703,175500
2014-07-28,198.6666717529297,200.0,195.11111450195312,196.0,226350
2014-07-29,194.6666717529297,200.6666717529297,193.3333282470703,200.0,90000
2014-07-30,199.7777709960937,200.0,197.3333282470703,198.44444274902344,79650
2014-07-31,197.55555725097656,201.7777709960937,184.44444274902344,189.55555725097656,202950
2014-08-01,186.22222900390625,193.3333282470703,186.22222900390625,193.3333282470703,96300
2014-08-04,193.3333282470703,202.22222900390625,193.3333282470703,201.7777709960937,129600
2014-08-05,202.6666717529297,203.11111450195312,198.22222900390625,198.44444274902344,117900
2014-08-06,195.11111450195312,197.3333282470703,190.0,191.3333282470703,140850
2014-08-07,189.7777709960937,211.55555725097656,187.11111450195312,199.55555725097656,477000
2014-08-08,199.55555725097656,199.55555725097656,185.11111450195312,192.22222900390625,174600
2014-08-11,197.7777709960937,197.7777709960937,190.0,196.0,67500
2014-08-12,195.55555725097656,197.3333282470703,194.6666717529297,197.11111450195312,45900
2014-08-13,197.11111450195312,208.44444274902344,197.11111450195312,203.11111450195312,79650
2014-08-14,203.3333282470703,210.6666717529297,203.3333282470703,210.6666717529297,249300
2014-08-15,209.11111450195312,224.0,208.88888549804688,222.22222900390625,342000
2014-08-18,222.22222900390625,240.6666717529297,218.44444274902344,219.11111450195312,342000
2014-08-19,221.7777709960937,222.22222900390625,218.44444274902344,220.22222900390625,74250
2014-08-20,220.0,225.55555725097656,219.11111450195312,220.44444274902344,100800
2014-08-21,220.44444274902344,222.22222900390625,218.88888549804688,221.3333282470703,79650
2014-08-22,221.55555725097656,221.55555725097656,217.3333282470703,220.0,99450
2014-08-25,218.0,222.22222900390625,215.55555725097656,222.22222900390625,72450
2014-08-26,222.22222900390625,224.0,219.7777709960937,224.0,132750
2014-08-27,221.11111450195312,222.44444274902344,219.3333282470703,222.0,104850
2014-08-28,221.7777709960937,233.55555725097656,220.0,231.11111450195312,335700
2014-08-29,231.55555725097656,231.55555725097656,226.0,231.55555725097656,113850
2014-09-01,235.55555725097656,239.55555725097656,231.55555725097656,239.55555725097656,370800
2014-09-02,242.0,242.0,217.7777709960937,219.55555725097656,1197450
2014-09-03,222.88888549804688,225.55555725097656,220.44444274902344,223.3333282470703,169650
2014-09-04,224.22222900390625,224.22222900390625,214.44444274902344,217.3333282470703,217800
2014-09-05,217.7777709960937,218.44444274902344,204.6666717529297,218.44444274902344,191700
2014-09-08,218.88888549804688,219.7777709960937,205.7777709960937,218.88888549804688,230850
2014-09-09,218.88888549804688,218.88888549804688,212.22222900390625,213.55555725097656,114300
2014-09-10,210.22222900390625,212.0,206.22222900390625,212.0,167400
2014-09-11,208.6666717529297,211.55555725097656,208.0,208.88888549804688,81450
2014-09-12,206.6666717529297,207.7777709960937,204.6666717529297,205.11111450195312,155700
2014-09-16,205.11111450195312,206.22222900390625,202.22222900390625,203.3333282470703,128700
2014-09-17,203.3333282470703,204.44444274902344,196.88888549804688,202.6666717529297,175050
2014-09-18,199.3333282470703,201.7777709960937,198.6666717529297,199.7777709960937,84600
2014-09-19,199.11111450195312,199.55555725097656,194.44444274902344,195.7777709960937,80100
2014-09-22,195.7777709960937,201.7777709960937,193.3333282470703,201.11111450195312,128250
2014-09-24,198.0,200.6666717529297,196.88888549804688,200.0,98100
2014-09-25,202.6666717529297,202.6666717529297,194.88888549804688,202.6666717529297,70650
2014-09-26,200.22222900390625,206.88888549804688,200.22222900390625,206.88888549804688,94500
2014-09-29,210.22222900390625,217.3333282470703,208.0,215.11111450195312,213750
2014-09-30,216.88888549804688,217.11111450195312,208.44444274902344,212.22222900390625,147150
2014-10-01,213.11111450195312,213.11111450195312,206.44444274902344,210.44444274902344,159750
2014-10-02,204.6666717529297,209.7777709960937,200.0,202.88888549804688,93600
2014-10-03,199.55555725097656,203.11111450195312,197.7777709960937,201.7777709960937,67500
2014-10-06,201.11111450195312,211.11111450195312,201.11111450195312,211.11111450195312,72450
2014-10-07,210.0,212.22222900390625,204.44444274902344,212.22222900390625,95400
2014-10-08,217.7777709960937,226.22222900390625,214.44444274902344,223.7777709960937,669600
2014-10-09,223.3333282470703,223.3333282470703,215.55555725097656,216.88888549804688,211050
2014-10-10,217.7777709960937,221.55555725097656,213.3333282470703,214.22222900390625,129150
2014-10-14,214.22222900390625,216.6666717529297,201.55555725097656,216.44444274902344,171450
2014-10-15,218.22222900390625,222.6666717529297,213.7777709960937,222.6666717529297,161100
2014-10-16,220.6666717529297,221.7777709960937,213.7777709960937,221.3333282470703,136800
2014-10-17,221.7777709960937,222.6666717529297,214.0,215.11111450195312,128700
2014-10-20,215.7777709960937,221.7777709960937,215.55555725097656,217.55555725097656,76950
2014-10-21,216.44444274902344,217.7777709960937,210.6666717529297,216.22222900390625,61200
2014-10-22,217.55555725097656,217.55555725097656,206.22222900390625,209.7777709960937,110700
2014-10-23,209.7777709960937,213.11111450195312,206.22222900390625,211.7777709960937,80550
2014-10-24,213.3333282470703,214.88888549804688,209.3333282470703,209.3333282470703,81450
2014-10-27,213.7777709960937,217.7777709960937,207.11111450195312,217.7777709960937,105750
2014-10-28,217.7777709960937,218.88888549804688,213.3333282470703,217.55555725097656,87750
2014-10-29,217.7777709960937,221.11111450195312,217.55555725097656,218.0,166950
2014-10-30,219.3333282470703,220.44444274902344,211.3333282470703,213.55555725097656,637650
2014-10-31,210.22222900390625,217.3333282470703,207.7777709960937,208.6666717529297,764550
2014-11-04,206.88888549804688,208.6666717529297,196.22222900390625,197.55555725097656,343800
2014-11-05,197.3333282470703,204.22222900390625,197.3333282470703,203.11111450195312,136350
2014-11-06,203.11111450195312,206.6666717529297,201.11111450195312,203.7777709960937,135900
2014-11-07,202.22222900390625,206.0,201.7777709960937,205.3333282470703,110250
2014-11-10,200.44444274902344,203.3333282470703,199.55555725097656,200.44444274902344,93150
2014-11-11,199.55555725097656,202.22222900390625,198.22222900390625,200.22222900390625,72900
2014-11-12,199.7777709960937,200.44444274902344,197.7777709960937,198.0,75150
2014-11-13,197.7777709960937,199.7777709960937,197.7777709960937,198.6666717529297,44550
2014-11-14,201.11111450195312,202.22222900390625,199.7777709960937,200.6666717529297,67500
2014-11-17,203.55555725097656,203.55555725097656,200.0,201.55555725097656,160650
2014-11-18,202.44444274902344,203.11111450195312,201.3333282470703,202.88888549804688,45450
2014-11-19,204.44444274902344,204.44444274902344,199.7777709960937,202.6666717529297,78750
2014-11-20,200.22222900390625,202.6666717529297,200.0,200.0,48600
2014-11-21,200.0,202.22222900390625,195.55555725097656,201.3333282470703,131400
2014-11-25,201.3333282470703,203.55555725097656,201.11111450195312,203.3333282470703,49500
2014-11-26,202.22222900390625,203.11111450195312,202.0,203.11111450195312,44100
2014-11-27,202.88888549804688,203.11111450195312,196.88888549804688,196.88888549804688,101700
2014-11-28,202.44444274902344,202.44444274902344,199.7777709960937,201.7777709960937,59850
2014-12-01,202.6666717529297,205.7777709960937,202.0,204.44444274902344,67950
2014-12-02,202.0,204.88888549804688,198.22222900390625,201.3333282470703,159750
2014-12-03,203.11111450195312,203.11111450195312,197.3333282470703,199.11111450195312,70650
2014-12-04,199.11111450195312,200.6666717529297,198.0,199.7777709960937,57150
2014-12-05,200.0,200.44444274902344,198.44444274902344,199.7777709960937,40050
2014-12-08,199.11111450195312,200.44444274902344,198.44444274902344,200.0,67050
2014-12-09,200.6666717529297,200.6666717529297,198.0,198.22222900390625,44100
2014-12-10,198.0,201.11111450195312,196.44444274902344,197.3333282470703,93600
2014-12-11,196.6666717529297,198.22222900390625,196.22222900390625,196.22222900390625,43200
2014-12-12,196.88888549804688,199.7777709960937,196.6666717529297,197.3333282470703,44550
2014-12-15,195.7777709960937,199.11111450195312,195.7777709960937,197.11111450195312,29700
2014-12-16,198.88888549804688,200.0,194.88888549804688,195.3333282470703,117900
2014-12-17,195.3333282470703,196.88888549804688,194.6666717529297,194.6666717529297,39600
2014-12-18,195.55555725097656,196.22222900390625,195.11111450195312,196.0,24750
2014-12-19,196.88888549804688,198.22222900390625,193.3333282470703,194.88888549804688,110250
2014-12-22,195.7777709960937,196.6666717529297,194.88888549804688,195.55555725097656,62100
2014-12-24,195.55555725097656,197.7777709960937,193.55555725097656,195.7777709960937,106650
2014-12-25,194.6666717529297,195.55555725097656,194.22222900390625,195.55555725097656,46800
2014-12-26,194.88888549804688,198.22222900390625,194.88888549804688,197.3333282470703,76950
2014-12-29,199.55555725097656,201.7777709960937,199.3333282470703,200.0,57150
2014-12-30,202.88888549804688,203.3333282470703,200.44444274902344,202.22222900390625,36900
2015-01-05,204.22222900390625,206.44444274902344,202.88888549804688,205.55555725097656,63450
2015-01-06,205.3333282470703,206.6666717529297,203.55555725097656,204.0,56700
2015-01-07,203.7777709960937,206.0,203.7777709960937,204.44444274902344,17550
2015-01-08,206.6666717529297,208.0,206.0,207.11111450195312,45000
2015-01-09,208.88888549804688,210.44444274902344,207.11111450195312,207.55555725097656,84600
2015-01-13,207.11111450195312,208.6666717529297,204.88888549804688,207.11111450195312,32400
2015-01-14,205.7777709960937,207.3333282470703,205.55555725097656,206.22222900390625,39600
2015-01-15,207.7777709960937,207.7777709960937,205.55555725097656,205.7777709960937,62550
2015-01-16,205.3333282470703,206.22222900390625,203.7777709960937,204.88888549804688,33750
2015-01-19,204.88888549804688,208.0,204.44444274902344,204.44444274902344,29250
2015-01-20,203.7777709960937,206.22222900390625,203.7777709960937,205.55555725097656,33300
2015-01-21,206.44444274902344,207.11111450195312,205.11111450195312,205.11111450195312,30600
2015-01-22,206.6666717529297,206.6666717529297,202.22222900390625,203.7777709960937,50850
2015-01-23,203.11111450195312,205.55555725097656,202.44444274902344,203.3333282470703,20700
2015-01-26,206.0,207.55555725097656,202.44444274902344,205.55555725097656,47700
2015-01-27,206.22222900390625,206.6666717529297,204.44444274902344,206.22222900390625,27450
2015-01-28,206.6666717529297,206.6666717529297,204.0,205.11111450195312,21600
2015-01-29,206.6666717529297,206.6666717529297,204.6666717529297,204.88888549804688,12150
2015-01-30,206.44444274902344,208.22222900390625,204.6666717529297,208.0,26550
2015-02-02,208.6666717529297,208.6666717529297,206.44444274902344,206.44444274902344,37800
2015-02-03,208.6666717529297,208.88888549804688,202.6666717529297,203.11111450195312,43650
2015-02-04,203.11111450195312,206.0,203.11111450195312,205.3333282470703,24300
2015-02-05,206.6666717529297,206.6666717529297,198.22222900390625,201.55555725097656,115650
2015-02-06,203.11111450195312,203.11111450195312,201.55555725097656,201.7777709960937,26100
2015-02-09,200.6666717529297,203.55555725097656,200.44444274902344,203.3333282470703,38700
2015-02-10,203.3333282470703,206.22222900390625,200.0,204.44444274902344,53550
2015-02-12,206.44444274902344,206.6666717529297,204.88888549804688,206.22222900390625,26550
2015-02-13,208.0,208.0,206.22222900390625,206.44444274902344,37800
2015-02-16,206.44444274902344,208.88888549804688,206.44444274902344,208.6666717529297,45450
2015-02-17,210.0,210.22222900390625,206.44444274902344,209.11111450195312,49050
2015-02-18,208.22222900390625,210.0,207.3333282470703,209.3333282470703,41400
2015-02-19,210.44444274902344,210.88888549804688,208.88888549804688,210.6666717529297,55350
2015-02-20,211.11111450195312,211.11111450195312,209.7777709960937,210.88888549804688,40950
2015-02-23,211.11111450195312,211.11111450195312,208.88888549804688,210.44444274902344,34200
2015-02-24,210.6666717529297,212.6666717529297,208.88888549804688,210.88888549804688,105300
2015-02-25,211.11111450195312,214.22222900390625,210.88888549804688,213.55555725097656,51750
2015-02-26,213.3333282470703,213.3333282470703,210.44444274902344,210.6666717529297,80100
2015-02-27,210.0,213.3333282470703,209.11111450195312,209.7777709960937,68400
2015-03-02,209.55555725097656,212.22222900390625,209.55555725097656,211.3333282470703,16650
2015-03-03,212.6666717529297,213.11111450195312,211.3333282470703,212.6666717529297,67950
2015-03-04,213.11111450195312,213.55555725097656,211.3333282470703,213.11111450195312,59400
2015-03-05,211.3333282470703,214.88888549804688,211.3333282470703,213.7777709960937,43200
2015-03-06,216.22222900390625,216.22222900390625,214.0,214.6666717529297,16650
2015-03-09,215.11111450195312,215.11111450195312,213.7777709960937,215.11111450195312,13500
2015-03-10,215.11111450195312,221.7777709960937,214.6666717529297,218.6666717529297,105750
2015-03-11,216.0,219.7777709960937,214.88888549804688,217.3333282470703,53100
2015-03-12,219.7777709960937,220.44444274902344,218.0,218.88888549804688,51750
2015-03-13,220.88888549804688,221.11111450195312,218.0,218.6666717529297,115650
2015-03-16,221.11111450195312,222.22222900390625,220.6666717529297,220.6666717529297,136350
2015-03-17,225.3333282470703,225.3333282470703,222.44444274902344,224.44444274902344,82350
2015-03-18,224.44444274902344,225.55555725097656,222.22222900390625,223.3333282470703,63900
2015-03-19,224.22222900390625,224.44444274902344,222.0,222.88888549804688,94500
2015-03-20,223.3333282470703,225.3333282470703,223.3333282470703,224.88888549804688,37800
2015-03-23,226.6666717529297,231.11111450195312,226.44444274902344,229.55555725097656,96300
2015-03-24,232.0,232.22222900390625,226.88888549804688,228.88888549804688,121950
2015-03-25,227.3333282470703,228.88888549804688,226.22222900390625,227.3333282470703,54900
2015-03-26,225.55555725097656,228.0,220.6666717529297,224.88888549804688,100800
2015-03-27,216.6666717529297,223.3333282470703,211.55555725097656,216.6666717529297,118800
2015-03-30,218.0,219.55555725097656,214.44444274902344,217.55555725097656,64800
2015-03-31,221.3333282470703,225.11111450195312,221.3333282470703,223.7777709960937,150300
2015-04-01,222.22222900390625,225.3333282470703,221.55555725097656,222.44444274902344,101700
2015-04-02,223.3333282470703,225.55555725097656,222.22222900390625,225.55555725097656,82800
2015-04-03,226.44444274902344,227.7777709960937,223.55555725097656,227.55555725097656,129150
2015-04-06,227.55555725097656,230.88888549804688,227.3333282470703,227.7777709960937,141750
2015-04-07,228.6666717529297,230.44444274902344,228.22222900390625,228.6666717529297,76050
2015-04-08,228.6666717529297,230.88888549804688,224.44444274902344,227.3333282470703,153000
2015-04-09,228.88888549804688,228.88888549804688,222.0,226.44444274902344,105750
2015-04-10,225.7777709960937,227.11111450195312,223.55555725097656,226.0,63000
2015-04-13,226.0,228.88888549804688,223.7777709960937,223.7777709960937,102600
2015-04-14,223.3333282470703,228.22222900390625,223.11111450195312,225.3333282470703,74250
2015-04-15,224.44444274902344,227.3333282470703,223.7777709960937,225.11111450195312,89100
2015-04-16,225.55555725097656,227.3333282470703,223.7777709960937,225.7777709960937,59400
2015-04-17,224.6666717529297,226.6666717529297,223.7777709960937,225.11111450195312,62550
2015-04-20,224.6666717529297,226.0,223.3333282470703,224.88888549804688,61200
2015-04-21,226.44444274902344,227.55555725097656,222.22222900390625,225.55555725097656,100350
2015-04-22,226.6666717529297,230.0,226.6666717529297,227.3333282470703,96750
2015-04-23,230.22222900390625,230.22222900390625,228.44444274902344,230.0,69300
2015-04-24,229.7777709960937,232.0,228.44444274902344,229.11111450195312,124650
2015-04-27,231.11111450195312,232.0,228.0,229.3333282470703,79200
2015-04-28,229.3333282470703,229.3333282470703,225.11111450195312,229.11111450195312,93150
2015-04-30,228.88888549804688,232.6666717529297,224.6666717529297,229.3333282470703,181350
2015-05-01,226.0,227.55555725097656,214.6666717529297,217.11111450195312,343800
2015-05-07,217.7777709960937,218.44444274902344,210.44444274902344,210.44444274902344,177750
2015-05-08,209.7777709960937,215.55555725097656,207.55555725097656,208.44444274902344,141300
2015-05-11,215.11111450195312,215.11111450195312,207.7777709960937,208.44444274902344,119250
2015-05-12,208.44444274902344,209.11111450195312,207.3333282470703,208.0,58050
2015-05-13,209.11111450195312,210.44444274902344,206.0,207.11111450195312,97200
2015-05-14,207.55555725097656,207.7777709960937,205.55555725097656,206.88888549804688,94500
2015-05-15,205.7777709960937,208.22222900390625,204.6666717529297,205.3333282470703,127800
2015-05-18,205.3333282470703,210.6666717529297,205.3333282470703,207.7777709960937,136800
2015-05-19,210.0,210.0,204.44444274902344,208.0,144900
2015-05-20,210.0,210.0,205.7777709960937,207.11111450195312,121500
2015-05-21,208.88888549804688,208.88888549804688,205.3333282470703,205.55555725097656,113850
2015-05-22,206.6666717529297,206.6666717529297,204.0,204.88888549804688,104850
2015-05-25,206.22222900390625,206.22222900390625,204.0,205.11111450195312,84600
2015-05-26,205.11111450195312,205.11111450195312,202.6666717529297,203.11111450195312,133200
2015-05-27,203.3333282470703,203.55555725097656,201.55555725097656,202.44444274902344,136800
2015-05-28,205.3333282470703,206.22222900390625,204.0,205.3333282470703,132300
2015-05-29,205.7777709960937,208.44444274902344,205.7777709960937,206.88888549804688,120600
2015-06-01,207.55555725097656,209.55555725097656,207.55555725097656,208.6666717529297,115200
2015-06-02,208.6666717529297,209.55555725097656,207.11111450195312,208.88888549804688,116550
2015-06-03,208.88888549804688,210.0,207.3333282470703,208.88888549804688,88650
2015-06-04,209.7777709960937,212.6666717529297,208.88888549804688,209.7777709960937,82350
2015-06-05,211.3333282470703,211.3333282470703,208.88888549804688,210.6666717529297,66150
2015-06-08,211.11111450195312,212.88888549804688,210.88888549804688,211.11111450195312,103050
2015-06-09,210.88888549804688,210.88888549804688,205.7777709960937,208.0,77850
2015-06-10,207.11111450195312,214.88888549804688,207.11111450195312,210.88888549804688,126000
2015-06-11,213.11111450195312,214.22222900390625,211.3333282470703,213.3333282470703,37350
2015-06-12,211.7777709960937,213.3333282470703,211.7777709960937,212.22222900390625,66600
2015-06-15,211.55555725097656,216.44444274902344,209.55555725097656,216.0,136350
2015-06-16,216.6666717529297,218.88888549804688,216.0,216.44444274902344,56250
2015-06-17,216.6666717529297,220.88888549804688,216.22222900390625,219.3333282470703,167850
2015-06-18,217.11111450195312,222.0,217.11111450195312,218.6666717529297,92250
2015-06-19,217.7777709960937,221.55555725097656,217.7777709960937,220.44444274902344,56250
2015-06-22,220.88888549804688,221.7777709960937,220.22222900390625,220.88888549804688,70200
2015-06-23,220.6666717529297,223.3333282470703,214.6666717529297,222.6666717529297,149400
2015-06-24,222.88888549804688,222.88888549804688,221.3333282470703,222.22222900390625,59400
2015-06-25,220.88888549804688,224.88888549804688,220.88888549804688,224.0,154800
2015-06-26,226.22222900390625,226.22222900390625,224.0,225.11111450195312,55350
2015-06-29,218.44444274902344,220.88888549804688,218.0,218.0,100350
2015-06-30,218.44444274902344,220.88888549804688,217.7777709960937,218.0,49050
2015-07-01,226.0,228.0,216.0,224.44444274902344,101700
2015-07-02,226.22222900390625,226.22222900390625,221.7777709960937,222.88888549804688,39600
2015-07-03,223.7777709960937,223.7777709960937,220.22222900390625,221.3333282470703,33750
2015-07-06,218.6666717529297,221.3333282470703,218.6666717529297,220.88888549804688,48600
2015-07-07,220.88888549804688,224.0,220.6666717529297,222.6666717529297,47250
2015-07-08,220.88888549804688,221.7777709960937,215.3333282470703,215.3333282470703,75600
2015-07-09,212.22222900390625,218.44444274902344,204.44444274902344,215.7777709960937,123750
2015-07-10,214.6666717529297,218.88888549804688,214.6666717529297,216.44444274902344,38700
2015-07-13,220.0,220.0,216.44444274902344,218.88888549804688,30600
2015-07-14,219.11111450195312,222.22222900390625,219.11111450195312,221.7777709960937,69750
2015-07-15,222.22222900390625,225.11111450195312,221.3333282470703,224.22222900390625,58500
2015-07-16,224.44444274902344,224.88888549804688,222.88888549804688,223.3333282470703,38700
2015-07-17,223.3333282470703,224.0,222.0,222.44444274902344,24300
2015-07-21,223.7777709960937,225.3333282470703,223.7777709960937,224.88888549804688,45000
2015-07-22,224.6666717529297,226.44444274902344,223.3333282470703,225.11111450195312,50400
2015-07-23,226.22222900390625,228.6666717529297,226.0,228.6666717529297,68400
2015-07-24,228.88888549804688,231.11111450195312,228.6666717529297,230.22222900390625,87300
2015-07-27,231.11111450195312,231.11111450195312,226.44444274902344,228.88888549804688,124650
2015-07-28,225.55555725097656,225.7777709960937,222.22222900390625,222.6666717529297,71550
2015-07-29,222.22222900390625,224.6666717529297,221.7777709960937,223.55555725097656,39150
2015-07-30,222.44444274902344,223.7777709960937,220.88888549804688,221.11111450195312,38250
2015-07-31,220.6666717529297,222.22222900390625,218.88888549804688,219.11111450195312,54450
2015-08-03,219.11111450195312,219.11111450195312,217.11111450195312,217.3333282470703,29250
2015-08-04,217.3333282470703,220.6666717529297,217.3333282470703,219.55555725097656,35550
2015-08-05,219.55555725097656,220.88888549804688,218.44444274902344,218.6666717529297,22050
2015-08-06,220.6666717529297,221.7777709960937,219.7777709960937,221.11111450195312,28800
2015-08-07,219.55555725097656,220.88888549804688,217.7777709960937,220.0,41850
2015-08-10,220.22222900390625,222.6666717529297,220.22222900390625,222.22222900390625,21150
2015-08-11,222.22222900390625,226.22222900390625,221.7777709960937,223.7777709960937,72450
2015-08-12,223.3333282470703,223.7777709960937,219.55555725097656,221.3333282470703,60300
2015-08-13,219.3333282470703,222.88888549804688,219.11111450195312,220.88888549804688,19800
2015-08-14,220.88888549804688,224.22222900390625,220.22222900390625,221.11111450195312,20250
2015-08-17,221.11111450195312,222.22222900390625,218.44444274902344,220.6666717529297,32400
2015-08-18,222.0,223.7777709960937,221.11111450195312,221.7777709960937,26100
2015-08-19,222.22222900390625,222.6666717529297,220.0,221.3333282470703,33750
2015-08-20,221.3333282470703,222.6666717529297,219.3333282470703,220.88888549804688,49950
2015-08-21,218.0,219.3333282470703,216.0,216.44444274902344,74700
2015-08-24,213.7777709960937,214.44444274902344,204.44444274902344,204.6666717529297,73800
2015-08-25,198.6666717529297,204.44444274902344,195.11111450195312,198.22222900390625,118350
2015-08-26,207.7777709960937,214.44444274902344,203.7777709960937,205.7777709960937,53100
2015-08-27,208.88888549804688,211.3333282470703,207.55555725097656,208.6666717529297,21600
2015-08-28,211.11111450195312,211.7777709960937,208.88888549804688,211.7777709960937,18450
2015-08-31,210.0,212.88888549804688,210.0,210.44444274902344,8550
2015-09-01,210.44444274902344,210.44444274902344,205.11111450195312,205.55555725097656,38700
2015-09-02,203.3333282470703,205.55555725097656,200.22222900390625,202.0,78750
2015-09-03,204.44444274902344,206.0,202.22222900390625,203.3333282470703,31950
2015-09-04,203.3333282470703,206.6666717529297,203.3333282470703,204.44444274902344,45900
2015-09-07,197.7777709960937,203.3333282470703,197.7777709960937,202.0,23400
2015-09-08,200.44444274902344,200.44444274902344,198.44444274902344,198.6666717529297,15750
2015-09-09,201.3333282470703,201.3333282470703,200.22222900390625,201.3333282470703,84600
2015-09-10,198.22222900390625,202.88888549804688,198.22222900390625,202.6666717529297,43650
2015-09-11,201.3333282470703,205.55555725097656,201.3333282470703,204.0,28800
2015-09-14,205.55555725097656,211.11111450195312,204.88888549804688,207.11111450195312,68850
2015-09-15,211.55555725097656,211.55555725097656,207.3333282470703,207.7777709960937,16200
2015-09-16,211.11111450195312,211.11111450195312,208.22222900390625,208.88888549804688,14400
2015-09-17,210.6666717529297,212.0,210.0,210.0,24750
2015-09-18,211.11111450195312,211.11111450195312,208.88888549804688,209.55555725097656,13950
2015-09-24,206.44444274902344,206.44444274902344,201.11111450195312,201.7777709960937,31500
2015-09-25,201.3333282470703,204.6666717529297,201.3333282470703,203.11111450195312,37800
2015-09-28,209.7777709960937,209.7777709960937,203.11111450195312,205.3333282470703,43200
2015-09-29,204.44444274902344,204.6666717529297,199.55555725097656,199.55555725097656,39600
2015-09-30,202.44444274902344,204.88888549804688,201.11111450195312,204.88888549804688,23850
2015-10-01,206.0,206.0,200.6666717529297,203.55555725097656,21600
2015-10-02,201.3333282470703,207.3333282470703,201.3333282470703,207.3333282470703,60300
2015-10-05,207.55555725097656,209.55555725097656,204.88888549804688,206.0,17100
2015-10-06,209.3333282470703,209.3333282470703,208.0,209.11111450195312,13500
2015-10-07,208.88888549804688,209.3333282470703,208.0,209.3333282470703,15300
2015-10-08,209.55555725097656,209.55555725097656,204.6666717529297,207.55555725097656,14400
2015-10-09,209.55555725097656,210.6666717529297,207.7777709960937,210.6666717529297,24300
2015-10-13,209.11111450195312,210.88888549804688,205.11111450195312,210.44444274902344,33750
2015-10-14,207.55555725097656,209.55555725097656,204.44444274902344,209.11111450195312,32400
2015-10-15,209.3333282470703,210.6666717529297,208.6666717529297,210.6666717529297,14400
2015-10-16,211.11111450195312,211.11111450195312,206.0,208.0,17100
2015-10-19,208.44444274902344,208.44444274902344,206.0,207.11111450195312,11700
2015-10-20,209.55555725097656,209.55555725097656,204.44444274902344,207.55555725097656,23400
2015-10-21,206.6666717529297,207.7777709960937,205.3333282470703,207.55555725097656,11250
2015-10-22,207.3333282470703,209.55555725097656,205.7777709960937,206.44444274902344,13950
2015-10-23,206.44444274902344,210.44444274902344,205.3333282470703,210.44444274902344,53550
2015-10-26,210.44444274902344,210.44444274902344,208.6666717529297,209.11111450195312,32850
2015-10-27,209.11111450195312,209.55555725097656,208.88888549804688,208.88888549804688,4950
2015-10-28,209.55555725097656,210.6666717529297,208.22222900390625,210.0,27450
2015-10-29,210.0,210.88888549804688,207.7777709960937,209.55555725097656,37800
2015-10-30,209.55555725097656,209.55555725097656,205.55555725097656,205.7777709960937,29700
2015-11-02,204.44444274902344,204.6666717529297,201.3333282470703,201.55555725097656,52200
2015-11-04,202.22222900390625,204.6666717529297,202.22222900390625,203.11111450195312,23850
2015-11-05,201.3333282470703,202.88888549804688,198.6666717529297,201.55555725097656,69750
2015-11-06,198.6666717529297,202.88888549804688,198.6666717529297,199.55555725097656,54450
2015-11-09,200.0,200.88888549804688,199.11111450195312,200.0,45900
2015-11-10,200.0,204.44444274902344,199.7777709960937,202.44444274902344,47250
2015-11-11,200.0,204.44444274902344,200.0,203.3333282470703,50850
2015-11-12,200.88888549804688,204.88888549804688,200.88888549804688,204.44444274902344,53100
2015-11-13,204.44444274902344,205.11111450195312,204.22222900390625,205.11111450195312,9900
2015-11-16,200.44444274902344,204.22222900390625,200.44444274902344,202.44444274902344,31950
2015-11-17,202.88888549804688,204.44444274902344,202.88888549804688,204.22222900390625,18450
2015-11-18,204.22222900390625,204.44444274902344,201.3333282470703,202.6666717529297,23850
2015-11-19,202.6666717529297,204.0,202.6666717529297,203.55555725097656,13950
2015-11-20,204.44444274902344,204.44444274902344,202.22222900390625,204.0,21600
2015-11-24,204.0,205.7777709960937,203.55555725097656,205.3333282470703,44550
2015-11-25,205.3333282470703,206.44444274902344,204.6666717529297,206.44444274902344,16650
2015-11-26,203.11111450195312,204.88888549804688,203.11111450195312,203.3333282470703,56250
2015-11-27,204.88888549804688,204.88888549804688,203.55555725097656,204.0,21150
2015-11-30,204.44444274902344,205.11111450195312,202.44444274902344,204.0,35550
2015-12-01,203.55555725097656,205.7777709960937,203.55555725097656,205.7777709960937,13950
2015-12-02,205.3333282470703,205.3333282470703,201.55555725097656,204.22222900390625,47250
2015-12-03,203.55555725097656,206.0,203.55555725097656,206.0,21600
2015-12-04,204.44444274902344,204.6666717529297,202.44444274902344,204.22222900390625,22050
2015-12-07,206.0,206.22222900390625,204.6666717529297,204.6666717529297,25650
2015-12-08,205.3333282470703,205.7777709960937,201.3333282470703,203.3333282470703,44550
2015-12-09,203.3333282470703,203.3333282470703,202.44444274902344,203.3333282470703,14400
2015-12-10,203.3333282470703,203.3333282470703,202.44444274902344,202.44444274902344,10350
2015-12-11,202.0,203.3333282470703,201.7777709960937,202.6666717529297,48600
2015-12-14,201.55555725097656,203.11111450195312,201.11111450195312,202.0,29700
2015-12-15,199.3333282470703,202.0,199.3333282470703,201.3333282470703,62550
2015-12-16,204.44444274902344,204.44444274902344,203.11111450195312,204.0,58950
2015-12-17,203.3333282470703,204.0,202.6666717529297,202.6666717529297,55350
2015-12-18,202.6666717529297,204.22222900390625,202.0,202.6666717529297,27000
2015-12-21,202.0,203.3333282470703,201.11111450195312,201.11111450195312,40500
2015-12-22,203.55555725097656,203.55555725097656,201.55555725097656,202.0,20250
2015-12-24,202.6666717529297,202.6666717529297,201.3333282470703,201.3333282470703,30600
2015-12-25,201.3333282470703,201.3333282470703,201.3333282470703,201.3333282470703,0
2015-12-28,200.6666717529297,203.11111450195312,200.0,202.22222900390625,50400
2015-12-29,202.22222900390625,206.44444274902344,202.22222900390625,204.6666717529297,45000
2015-12-30,204.6666717529297,205.7777709960937,203.7777709960937,204.44444274902344,34650
2016-01-04,206.22222900390625,206.6666717529297,202.44444274902344,204.44444274902344,31050
2016-01-05,206.0,206.6666717529297,204.44444274902344,204.44444274902344,21150
2016-01-06,203.55555725097656,204.22222900390625,202.6666717529297,202.88888549804688,20700
2016-01-07,204.44444274902344,204.44444274902344,201.3333282470703,202.44444274902344,41400
2016-01-08,202.44444274902344,204.44444274902344,201.55555725097656,201.55555725097656,25650
2016-01-12,200.44444274902344,203.3333282470703,200.0,200.0,47700
2016-01-13,200.44444274902344,204.0,200.0,200.44444274902344,29250
2016-01-14,199.11111450195312,200.44444274902344,196.6666717529297,197.55555725097656,76050
2016-01-15,201.55555725097656,201.55555725097656,197.11111450195312,198.44444274902344,22950
2016-01-18,196.6666717529297,201.11111450195312,195.7777709960937,195.7777709960937,54000
2016-01-19,195.11111450195312,196.6666717529297,193.11111450195312,194.22222900390625,34650
2016-01-20,194.22222900390625,197.3333282470703,191.3333282470703,191.3333282470703,22950
2016-01-21,190.88888549804688,194.22222900390625,187.3333282470703,187.3333282470703,20250
2016-01-22,189.11111450195312,194.44444274902344,189.11111450195312,194.44444274902344,15750
2016-01-25,194.88888549804688,198.44444274902344,194.6666717529297,197.3333282470703,19800
2016-01-26,200.0,200.0,196.0,196.0,31050
2016-01-27,201.7777709960937,201.7777709960937,195.7777709960937,200.44444274902344,22500
2016-01-28,200.88888549804688,200.88888549804688,197.55555725097656,199.55555725097656,21600
2016-01-29,196.22222900390625,198.6666717529297,196.22222900390625,198.0,12150
2016-02-01,188.88888549804688,197.3333282470703,188.88888549804688,197.3333282470703,54000
2016-02-02,197.11111450195312,198.0,196.44444274902344,197.55555725097656,47700
2016-02-03,193.3333282470703,198.0,193.3333282470703,196.88888549804688,35100
2016-02-04,196.88888549804688,196.88888549804688,195.55555725097656,195.7777709960937,19800
2016-02-05,195.55555725097656,195.55555725097656,188.88888549804688,194.88888549804688,31500
2016-02-08,194.88888549804688,197.11111450195312,193.3333282470703,197.11111450195312,20250
2016-02-09,194.6666717529297,194.6666717529297,189.3333282470703,192.88888549804688,25650
2016-02-10,192.88888549804688,193.11111450195312,188.6666717529297,190.44444274902344,59400
2016-02-12,187.11111450195312,187.11111450195312,181.3333282470703,183.11111450195312,33750
2016-02-15,184.44444274902344,195.7777709960937,183.3333282470703,192.0,80100
2016-02-16,192.0,195.55555725097656,188.88888549804688,193.3333282470703,27450
2016-02-17,193.3333282470703,193.3333282470703,187.11111450195312,192.22222900390625,24300
2016-02-18,193.3333282470703,194.44444274902344,190.22222900390625,193.3333282470703,18000
2016-02-19,191.55555725097656,194.44444274902344,191.11111450195312,193.55555725097656,22050
2016-02-22,194.0,196.6666717529297,194.0,195.55555725097656,19800
2016-02-23,196.44444274902344,196.6666717529297,184.22222900390625,184.22222900390625,76500
2016-02-24,184.22222900390625,185.7777709960937,182.44444274902344,182.6666717529297,72000
2016-02-25,184.0,186.44444274902344,184.0,185.7777709960937,30150
2016-02-26,187.55555725097656,189.55555725097656,187.55555725097656,188.44444274902344,71100
2016-02-29,191.3333282470703,191.55555725097656,190.0,190.44444274902344,25200
2016-03-01,192.88888549804688,193.3333282470703,191.55555725097656,192.0,29700
2016-03-02,195.7777709960937,196.44444274902344,194.88888549804688,195.11111450195312,54450
2016-03-03,196.22222900390625,199.55555725097656,196.22222900390625,198.22222900390625,41400
2016-03-04,200.22222900390625,200.22222900390625,198.88888549804688,199.55555725097656,45450
2016-03-07,199.7777709960937,200.0,193.3333282470703,195.55555725097656,60300
2016-03-08,195.55555725097656,198.22222900390625,193.55555725097656,197.3333282470703,20250
2016-03-09,196.22222900390625,197.11111450195312,195.55555725097656,195.7777709960937,14850
2016-03-10,196.22222900390625,201.11111450195312,196.22222900390625,200.22222900390625,57150
2016-03-11,196.6666717529297,200.0,196.6666717529297,197.3333282470703,31950
2016-03-14,197.7777709960937,200.6666717529297,197.7777709960937,198.0,22500
2016-03-15,198.6666717529297,202.88888549804688,198.6666717529297,202.88888549804688,51750
2016-03-16,202.22222900390625,202.6666717529297,202.0,202.0,12600
2016-03-17,203.3333282470703,203.3333282470703,200.6666717529297,202.0,14400
2016-03-18,200.22222900390625,200.6666717529297,198.44444274902344,199.11111450195312,17550
2016-03-22,199.11111450195312,202.6666717529297,199.11111450195312,201.55555725097656,33300
2016-03-23,202.22222900390625,202.22222900390625,200.22222900390625,202.0,42300
2016-03-24,201.55555725097656,204.0,201.55555725097656,203.11111450195312,59850
2016-03-25,203.55555725097656,204.0,203.3333282470703,204.0,23400
2016-03-28,206.6666717529297,206.6666717529297,204.22222900390625,206.44444274902344,59850
2016-03-29,203.11111450195312,203.11111450195312,192.22222900390625,201.55555725097656,38700
2016-03-30,201.11111450195312,201.11111450195312,193.55555725097656,198.44444274902344,36000
2016-03-31,198.88888549804688,199.3333282470703,194.0,194.0,16650
2016-04-01,193.7777709960937,194.6666717529297,188.88888549804688,190.0,36000
2016-04-04,190.0,197.7777709960937,187.3333282470703,194.0,27900
2016-04-05,190.88888549804688,191.7777709960937,186.22222900390625,186.22222900390625,30150
2016-04-06,188.88888549804688,188.88888549804688,185.55555725097656,188.0,14850
2016-04-07,185.11111450195312,185.7777709960937,182.44444274902344,182.44444274902344,42750
2016-04-08,179.11111450195312,181.3333282470703,177.77777099609375,178.88888549804688,59850
2016-04-11,179.11111450195312,182.6666717529297,176.44444274902344,177.77777099609375,58950
2016-04-12,179.77777099609375,182.22222900390625,175.55555725097656,178.0,27900
2016-04-13,178.0,184.44444274902344,178.0,179.55555725097656,26550
2016-04-14,181.11111450195312,183.7777709960937,180.44444274902344,182.44444274902344,23850
2016-04-15,180.22222900390625,186.44444274902344,180.22222900390625,182.22222900390625,18900
2016-04-18,181.55555725097656,181.7777709960937,178.0,180.6666717529297,20250
2016-04-19,184.0,184.0,182.0,182.88888549804688,11700
2016-04-20,184.0,184.88888549804688,183.11111450195312,184.0,13050
2016-04-21,185.11111450195312,187.3333282470703,185.11111450195312,186.88888549804688,30600
2016-04-22,188.44444274902344,189.7777709960937,186.22222900390625,189.11111450195312,23850
2016-04-25,189.11111450195312,190.88888549804688,188.44444274902344,190.88888549804688,16650
2016-04-26,192.22222900390625,192.22222900390625,187.55555725097656,188.6666717529297,44100
2016-04-27,191.55555725097656,191.55555725097656,187.7777709960937,188.0,13500
2016-04-28,190.0,207.3333282470703,186.44444274902344,202.88888549804688,288900
2016-05-02,207.3333282470703,219.7777709960937,206.6666717529297,217.3333282470703,412650
2016-05-06,222.22222900390625,226.6666717529297,213.7777709960937,222.22222900390625,316350
2016-05-09,222.22222900390625,222.22222900390625,215.55555725097656,219.3333282470703,149850
2016-05-10,218.44444274902344,221.55555725097656,216.22222900390625,219.55555725097656,92700
2016-05-11,220.0,220.44444274902344,216.6666717529297,218.0,95400
2016-05-12,215.55555725097656,218.0,212.0,217.3333282470703,286200
2016-05-13,215.55555725097656,215.55555725097656,211.11111450195312,211.7777709960937,69750
2016-05-16,210.0,221.11111450195312,210.0,214.88888549804688,154800
2016-05-17,217.7777709960937,217.7777709960937,212.88888549804688,212.88888549804688,60750
2016-05-18,211.55555725097656,214.0,207.55555725097656,211.7777709960937,147150
2016-05-19,218.0,220.0,215.55555725097656,219.3333282470703,311850
2016-05-20,217.7777709960937,220.44444274902344,217.7777709960937,218.44444274902344,123750
2016-05-23,218.88888549804688,230.6666717529297,218.88888549804688,225.3333282470703,459000
2016-05-24,225.7777709960937,225.7777709960937,221.11111450195312,221.3333282470703,232650
2016-05-25,224.88888549804688,224.88888549804688,218.44444274902344,220.44444274902344,215550
2016-05-26,220.6666717529297,220.88888549804688,217.7777709960937,219.3333282470703,143100
2016-05-27,218.88888549804688,226.6666717529297,216.44444274902344,224.44444274902344,175050
2016-05-30,227.55555725097656,230.0,226.6666717529297,230.0,189450
2016-05-31,230.6666717529297,234.22222900390625,228.44444274902344,232.88888549804688,152550
2016-06-01,231.55555725097656,238.88888549804688,230.6666717529297,232.88888549804688,218250
2016-06-02,232.88888549804688,240.0,231.3333282470703,234.44444274902344,255150
2016-06-03,235.7777709960937,239.7777709960937,220.0,237.7777709960937,290250
2016-06-06,231.55555725097656,236.6666717529297,230.44444274902344,232.44444274902344,91800
2016-06-07,232.44444274902344,235.3333282470703,225.3333282470703,228.22222900390625,136350
2016-06-08,228.44444274902344,228.88888549804688,226.22222900390625,228.44444274902344,86400
2016-06-09,228.0,237.3333282470703,228.0,233.11111450195312,189900
2016-06-10,236.0,236.22222900390625,228.88888549804688,232.88888549804688,98100
2016-06-13,226.44444274902344,230.88888549804688,223.55555725097656,228.44444274902344,233550
2016-06-14,227.55555725097656,230.22222900390625,213.3333282470703,222.88888549804688,390600
2016-06-15,218.88888549804688,224.22222900390625,218.44444274902344,222.88888549804688,165600
2016-06-16,218.22222900390625,222.22222900390625,212.88888549804688,218.88888549804688,125100
2016-06-17,219.7777709960937,221.7777709960937,217.11111450195312,219.11111450195312,79200
2016-06-20,219.3333282470703,230.88888549804688,219.11111450195312,221.7777709960937,188550
2016-06-21,221.7777709960937,230.88888549804688,221.11111450195312,228.88888549804688,125550
2016-06-22,226.22222900390625,228.88888549804688,223.7777709960937,225.55555725097656,55350
2016-06-23,226.22222900390625,227.3333282470703,222.0,224.44444274902344,67950
2016-06-24,222.44444274902344,224.22222900390625,202.6666717529297,213.11111450195312,158850
2016-06-27,212.44444274902344,225.7777709960937,212.44444274902344,219.3333282470703,129150
2016-06-28,218.44444274902344,231.3333282470703,218.22222900390625,225.11111450195312,74250
2016-06-29,225.55555725097656,228.88888549804688,224.44444274902344,225.55555725097656,58050
2016-06-30,229.11111450195312,229.11111450195312,222.88888549804688,223.3333282470703,59400
2016-07-01,222.44444274902344,226.6666717529297,220.6666717529297,220.88888549804688,115200
2016-07-04,220.88888549804688,224.88888549804688,220.88888549804688,221.3333282470703,54450
2016-07-05,220.88888549804688,222.88888549804688,220.44444274902344,221.3333282470703,36900
2016-07-06,218.0,219.55555725097656,208.44444274902344,216.6666717529297,121500
2016-07-07,218.0,218.0,212.0,212.22222900390625,44550
2016-07-08,212.22222900390625,212.88888549804688,207.7777709960937,209.3333282470703,44100
2016-07-11,209.3333282470703,209.3333282470703,209.3333282470703,209.3333282470703,0
2016-07-12,213.55555725097656,217.3333282470703,212.88888549804688,213.11111450195312,52200
2016-07-13,215.55555725097656,216.0,212.88888549804688,213.11111450195312,40050
2016-07-14,213.11111450195312,219.11111450195312,213.11111450195312,217.3333282470703,45900
2016-07-15,217.55555725097656,219.55555725097656,213.3333282470703,213.3333282470703,81900
2016-07-19,214.44444274902344,217.7777709960937,213.7777709960937,215.11111450195312,49500
2016-07-20,217.3333282470703,217.3333282470703,215.3333282470703,216.88888549804688,22950
2016-07-21,217.3333282470703,219.3333282470703,216.22222900390625,217.3333282470703,66600
2016-07-22,217.55555725097656,221.11111450195312,217.55555725097656,218.44444274902344,45900
2016-07-25,218.6666717529297,220.0,216.88888549804688,218.0,85500
2016-07-26,215.7777709960937,217.11111450195312,213.55555725097656,213.55555725097656,167400
2016-07-27,214.6666717529297,217.7777709960937,213.55555725097656,214.88888549804688,76500
2016-07-28,215.11111450195312,216.44444274902344,207.3333282470703,211.11111450195312,135000
2016-07-29,212.0,214.44444274902344,191.55555725097656,204.6666717529297,225450
2016-08-01,198.0,202.6666717529297,197.7777709960937,200.0,81450
2016-08-02,200.0,200.0,193.7777709960937,195.55555725097656,85050
2016-08-03,193.3333282470703,194.6666717529297,188.88888549804688,191.3333282470703,103950
2016-08-04,190.44444274902344,193.3333282470703,190.44444274902344,192.88888549804688,30150
2016-08-05,194.6666717529297,194.6666717529297,188.0,190.44444274902344,239400
2016-08-08,191.11111450195312,195.55555725097656,189.55555725097656,191.11111450195312,46800
2016-08-09,190.44444274902344,194.0,190.44444274902344,193.55555725097656,25650
2016-08-10,195.3333282470703,196.0,193.55555725097656,194.6666717529297,47700
2016-08-12,194.6666717529297,199.11111450195312,191.3333282470703,194.0,85050
2016-08-15,194.0,198.6666717529297,194.0,198.44444274902344,31050
2016-08-16,198.6666717529297,198.6666717529297,195.55555725097656,196.88888549804688,20250
2016-08-17,198.6666717529297,204.0,195.55555725097656,202.44444274902344,105750
2016-08-18,198.44444274902344,199.11111450195312,197.11111450195312,197.11111450195312,43200
2016-08-19,199.3333282470703,199.55555725097656,196.88888549804688,197.7777709960937,23400
2016-08-22,197.7777709960937,200.88888549804688,197.7777709960937,200.22222900390625,37350
2016-08-23,198.22222900390625,200.0,198.22222900390625,198.6666717529297,25200
2016-08-24,197.7777709960937,198.6666717529297,196.22222900390625,196.88888549804688,34200
2016-08-25,199.11111450195312,199.7777709960937,197.55555725097656,199.7777709960937,18900
2016-08-26,201.3333282470703,201.3333282470703,194.44444274902344,195.11111450195312,81000
2016-08-29,200.0,200.0,192.88888549804688,193.55555725097656,59850
2016-08-30,193.11111450195312,194.88888549804688,192.88888549804688,193.7777709960937,22050
2016-08-31,193.7777709960937,195.55555725097656,191.7777709960937,193.55555725097656,49500
2016-09-01,190.22222900390625,194.44444274902344,190.22222900390625,193.3333282470703,72450
2016-09-02,193.55555725097656,196.88888549804688,193.55555725097656,195.7777709960937,76950
2016-09-05,196.6666717529297,200.0,195.7777709960937,198.6666717529297,51300
2016-09-06,200.0,201.7777709960937,199.3333282470703,200.22222900390625,72450
2016-09-07,200.22222900390625,203.3333282470703,198.88888549804688,200.44444274902344,57150
2016-09-08,201.55555725097656,203.3333282470703,200.0,201.11111450195312,64350
2016-09-09,202.22222900390625,202.88888549804688,200.0,202.88888549804688,73350
2016-09-12,202.0,202.22222900390625,198.44444274902344,199.7777709960937,61650
2016-09-13,201.3333282470703,201.55555725097656,198.44444274902344,198.88888549804688,44550
2016-09-14,199.55555725097656,202.22222900390625,199.55555725097656,201.7777709960937,24750
2016-09-15,200.6666717529297,202.44444274902344,200.6666717529297,201.7777709960937,31950
2016-09-16,202.0,206.6666717529297,202.0,204.22222900390625,73350
2016-09-20,206.88888549804688,222.0,205.7777709960937,218.22222900390625,362700
2016-09-21,218.44444274902344,219.55555725097656,213.3333282470703,217.55555725097656,141300
2016-09-23,218.6666717529297,219.11111450195312,215.11111450195312,219.11111450195312,71100
2016-09-26,219.55555725097656,220.0,217.55555725097656,218.44444274902344,40950
2016-09-27,217.7777709960937,219.11111450195312,216.6666717529297,218.22222900390625,37350
2016-09-28,218.6666717529297,219.7777709960937,214.6666717529297,217.55555725097656,40950
2016-09-29,219.11111450195312,221.55555725097656,218.44444274902344,219.7777709960937,35100
2016-09-30,219.7777709960937,219.7777709960937,216.22222900390625,218.0,36900
2016-10-03,218.0,222.0,218.0,220.6666717529297,28350
2016-10-04,221.55555725097656,222.22222900390625,218.6666717529297,220.6666717529297,44100
2016-10-05,220.22222900390625,222.0,219.7777709960937,220.22222900390625,23850
2016-10-06,220.6666717529297,220.6666717529297,218.6666717529297,218.6666717529297,21600
2016-10-07,220.0,220.0,214.88888549804688,217.55555725097656,33300
2016-10-11,219.7777709960937,220.44444274902344,217.7777709960937,219.7777709960937,38250
2016-10-12,217.7777709960937,218.44444274902344,211.55555725097656,215.55555725097656,91350
2016-10-13,215.55555725097656,219.11111450195312,215.55555725097656,219.11111450195312,27900
2016-10-14,217.7777709960937,218.88888549804688,216.44444274902344,218.44444274902344,28800
2016-10-17,218.6666717529297,222.22222900390625,218.6666717529297,221.3333282470703,54000
2016-10-18,219.11111450195312,226.22222900390625,219.11111450195312,222.44444274902344,63000
2016-10-19,223.55555725097656,224.6666717529297,222.22222900390625,224.0,29250
2016-10-20,224.6666717529297,225.55555725097656,222.88888549804688,224.0,29700
2016-10-21,224.0,224.0,220.88888549804688,221.55555725097656,25650
2016-10-24,219.3333282470703,223.55555725097656,219.3333282470703,222.88888549804688,48150
2016-10-25,222.22222900390625,222.88888549804688,221.55555725097656,222.88888549804688,28800
2016-10-26,224.44444274902344,233.7777709960937,224.22222900390625,230.22222900390625,257400
2016-10-27,229.55555725097656,242.22222900390625,229.55555725097656,240.6666717529297,196200
2016-10-28,246.88888549804688,254.44444274902344,244.0,251.7777709960937,506250
2016-10-31,255.55555725097656,318.4444580078125,254.22222900390625,298.8888854980469,1448550
2016-11-01,295.5555419921875,302.8888854980469,287.1111145019531,294.6666564941406,973800
2016-11-02,297.5555419921875,301.1111145019531,291.1111145019531,297.3333435058594,505800
2016-11-04,296.8888854980469,315.5555419921875,292.22222900390625,312.6666564941406,612000
2016-11-07,313.5555419921875,317.5555419921875,304.4444580078125,309.1111145019531,306000
2016-11-08,310.8888854980469,315.7777709960937,299.1111145019531,299.7777709960937,361350
2016-11-09,300.0,306.4444580078125,281.7777709960937,290.4444580078125,375300
2016-11-10,304.4444580078125,305.5555419921875,296.4444580078125,296.4444580078125,243450
2016-11-11,303.1111145019531,303.1111145019531,289.3333435058594,290.22222900390625,204300
2016-11-14,283.5555419921875,301.1111145019531,283.5555419921875,294.6666564941406,217800
2016-11-15,291.3333435058594,294.0,284.8888854980469,287.5555419921875,225000
2016-11-16,288.8888854980469,299.3333435058594,288.8888854980469,290.0,148050
2016-11-17,289.1111145019531,296.22222900390625,288.8888854980469,294.0,166050
2016-11-18,296.4444580078125,296.4444580078125,289.1111145019531,291.5555419921875,176850
2016-11-21,292.0,301.3333435058594,290.4444580078125,295.7777709960937,191700
2016-11-22,296.6666564941406,301.1111145019531,293.1111145019531,298.8888854980469,123300
2016-11-24,301.7777709960937,328.0,301.7777709960937,321.3333435058594,377550
2016-11-25,328.22222900390625,332.22222900390625,308.4444580078125,310.4444580078125,328950
2016-11-28,315.5555419921875,328.8888854980469,311.1111145019531,328.6666564941406,397800
2016-11-29,332.22222900390625,332.6666564941406,323.5555419921875,329.7777709960937,231750
2016-11-30,330.4444580078125,344.0,330.22222900390625,342.0,400050
2016-12-01,344.0,344.0,333.1111145019531,333.7777709960937,287550
2016-12-02,333.3333435058594,333.7777709960937,322.4444580078125,327.7777709960937,244800
2016-12-05,334.0,334.22222900390625,326.0,331.5555419921875,132300
2016-12-06,333.3333435058594,334.6666564941406,324.22222900390625,324.22222900390625,190350
2016-12-07,322.22222900390625,332.0,320.4444580078125,328.6666564941406,134100
2016-12-08,333.3333435058594,333.3333435058594,329.7777709960937,332.4444580078125,109350
2016-12-09,333.3333435058594,336.6666564941406,326.6666564941406,328.4444580078125,194850
2016-12-12,333.1111145019531,333.3333435058594,328.4444580078125,328.8888854980469,161100
2016-12-13,332.4444580078125,332.4444580078125,322.4444580078125,329.3333435058594,212400
2016-12-14,329.3333435058594,331.1111145019531,329.1111145019531,331.1111145019531,143550
2016-12-15,330.0,332.4444580078125,327.3333435058594,330.22222900390625,157050
2016-12-16,331.1111145019531,350.0,324.8888854980469,349.1111145019531,381150
2016-12-19,355.7777709960937,368.4444580078125,355.5555419921875,362.4444580078125,259650
2016-12-20,368.6666564941406,368.8888854980469,355.7777709960937,360.4444580078125,155700
2016-12-21,361.3333435058594,366.4444580078125,353.5555419921875,353.7777709960937,132750
2016-12-22,354.4444580078125,355.1111145019531,342.22222900390625,348.0,141300
2016-12-26,354.4444580078125,355.5555419921875,352.8888854980469,353.3333435058594,121950
2016-12-27,354.6666564941406,363.3333435058594,351.5555419921875,355.7777709960937,213750
2016-12-28,375.6666564941406,407.3333435058594,365.0,386.0,218100
2016-12-29,399.6666564941406,399.6666564941406,377.3333435058594,385.3333435058594,161400
2016-12-30,386.0,386.0,372.6666564941406,372.6666564941406,145800
2017-01-04,392.6666564941406,396.3333435058594,380.0,381.6666564941406,128100
2017-01-05,377.3333435058594,385.6666564941406,377.3333435058594,383.0,79800
2017-01-06,383.3333435058594,398.6666564941406,382.6666564941406,394.0,254400
2017-01-10,398.6666564941406,419.3333435058594,389.3333435058594,415.6666564941406,677400
2017-01-11,412.0,412.0,395.0,399.3333435058594,260700
2017-01-12,403.3333435058594,405.3333435058594,392.0,394.3333435058594,142500
2017-01-13,388.0,390.6666564941406,380.6666564941406,382.3333435058594,226200
2017-01-16,382.3333435058594,383.0,374.0,376.6666564941406,162900
2017-01-17,373.6666564941406,378.3333435058594,370.0,374.3333435058594,101700
2017-01-18,372.6666564941406,375.0,369.3333435058594,374.3333435058594,104400
2017-01-19,379.0,384.6666564941406,378.3333435058594,382.6666564941406,128400
2017-01-20,381.0,382.3333435058594,374.0,378.0,98400
2017-01-23,386.3333435058594,386.3333435058594,378.0,378.6666564941406,126000
2017-01-24,378.6666564941406,400.0,378.6666564941406,394.3333435058594,570600
2017-01-25,397.0,411.6666564941406,393.6666564941406,410.6666564941406,385500
2017-01-26,412.3333435058594,420.0,400.0,406.0,467400
2017-01-27,409.6666564941406,413.3333435058594,406.6666564941406,410.3333435058594,184200
2017-01-30,404.0,411.6666564941406,402.3333435058594,407.0,159900
2017-01-31,397.3333435058594,411.0,394.0,396.3333435058594,228600
2017-02-01,392.0,392.6666564941406,377.3333435058594,383.3333435058594,233100
2017-02-02,383.6666564941406,387.0,380.3333435058594,381.0,113100
2017-02-03,380.3333435058594,384.0,375.0,376.3333435058594,105600
2017-02-06,380.0,380.0,374.3333435058594,376.6666564941406,92100
2017-02-07,374.0,376.0,372.3333435058594,374.3333435058594,75300
2017-02-08,376.6666564941406,377.3333435058594,372.0,373.6666564941406,64800
2017-02-09,379.3333435058594,380.3333435058594,374.0,374.6666564941406,69600
2017-02-10,376.3333435058594,381.0,374.3333435058594,380.6666564941406,69900
2017-02-13,383.0,389.3333435058594,381.6666564941406,388.3333435058594,90300
2017-02-14,391.6666564941406,391.6666564941406,385.0,385.0,74100
2017-02-15,385.6666564941406,388.6666564941406,380.0,381.0,76800
2017-02-16,380.3333435058594,385.6666564941406,379.3333435058594,381.0,43200
2017-02-17,381.6666564941406,381.6666564941406,378.6666564941406,379.3333435058594,51300
2017-02-20,381.0,391.3333435058594,380.3333435058594,389.6666564941406,92400
2017-02-21,392.3333435058594,395.6666564941406,391.6666564941406,393.0,83400
2017-02-22,395.0,402.6666564941406,393.0,399.6666564941406,102000
2017-02-23,402.6666564941406,410.0,396.0,398.0,126900
2017-02-24,401.0,401.0,395.0,396.6666564941406,65700
2017-02-27,398.0,399.6666564941406,394.3333435058594,398.3333435058594,82800
2017-02-28,400.0,401.0,395.0,397.6666564941406,103500
2017-03-01,400.0,400.3333435058594,396.0,399.6666564941406,79800
2017-03-02,401.6666564941406,402.3333435058594,398.0,399.0,79200
2017-03-03,393.6666564941406,399.0,393.6666564941406,394.6666564941406,119400
2017-03-06,396.6666564941406,397.3333435058594,393.0,393.6666564941406,129900
2017-03-07,393.0,395.6666564941406,392.3333435058594,393.6666564941406,58200
2017-03-08,395.3333435058594,402.0,395.0,401.6666564941406,94500
2017-03-09,399.6666564941406,406.0,398.6666564941406,405.6666564941406,66000
2017-03-10,405.6666564941406,414.6666564941406,405.0,409.6666564941406,140700
2017-03-13,411.6666564941406,416.3333435058594,411.0,414.3333435058594,107400
2017-03-14,413.3333435058594,413.3333435058594,405.0,410.6666564941406,79200
2017-03-15,413.3333435058594,414.3333435058594,400.0,403.6666564941406,100200
2017-03-16,403.6666564941406,408.6666564941406,401.6666564941406,407.0,46800
2017-03-17,407.0,409.6666564941406,405.3333435058594,407.0,42900
2017-03-21,410.0,413.0,409.0,412.3333435058594,71100
2017-03-22,410.0,413.0,407.0,409.6666564941406,72900
2017-03-23,407.6666564941406,412.6666564941406,406.6666564941406,411.3333435058594,49500
2017-03-24,412.3333435058594,414.3333435058594,410.6666564941406,413.0,46200
2017-03-27,416.0,416.0,410.0,410.0,138900
2017-03-28,410.0,414.0,410.0,413.3333435058594,89100
2017-03-29,406.3333435058594,406.3333435058594,396.6666564941406,405.6666564941406,83400
2017-03-30,400.0,402.6666564941406,395.3333435058594,396.6666564941406,73200
2017-03-31,397.0,402.6666564941406,394.0,394.6666564941406,50400
2017-04-03,393.6666564941406,398.3333435058594,393.6666564941406,398.0,50100
2017-04-04,395.6666564941406,399.0,388.3333435058594,389.0,58200
2017-04-05,385.0,390.6666564941406,379.3333435058594,389.3333435058594,69300
2017-04-06,384.6666564941406,384.6666564941406,366.6666564941406,371.6666564941406,90600
2017-04-07,368.0,380.6666564941406,368.0,374.6666564941406,99000
2017-04-10,372.0,376.0,360.6666564941406,368.0,136800
2017-04-11,364.0,370.3333435058594,361.0,364.0,82500
2017-04-12,360.0,360.6666564941406,353.6666564941406,355.6666564941406,89400
2017-04-13,353.6666564941406,360.6666564941406,350.0,359.6666564941406,81900
2017-04-14,354.3333435058594,360.0,350.3333435058594,355.6666564941406,84300
2017-04-17,349.0,363.6666564941406,349.0,360.6666564941406,94200
2017-04-18,369.3333435058594,375.3333435058594,364.6666564941406,364.6666564941406,34200
2017-04-19,364.6666564941406,367.6666564941406,364.0,365.3333435058594,24900
2017-04-20,365.3333435058594,371.3333435058594,365.3333435058594,369.6666564941406,51600
2017-04-21,372.6666564941406,372.6666564941406,368.3333435058594,369.3333435058594,66900
2017-04-24,369.6666564941406,379.3333435058594,368.0,378.0,89400
2017-04-25,382.3333435058594,387.3333435058594,381.3333435058594,383.6666564941406,82200
2017-04-26,391.0,391.0,386.0,387.3333435058594,80400
2017-04-27,387.3333435058594,388.3333435058594,381.6666564941406,386.0,84000
2017-04-28,390.0,406.3333435058594,387.3333435058594,388.6666564941406,252900
2017-05-01,395.6666564941406,412.6666564941406,393.3333435058594,410.6666564941406,212400
2017-05-02,412.6666564941406,426.6666564941406,407.3333435058594,408.0,196500
2017-05-08,418.0,426.0,416.3333435058594,422.6666564941406,139500
2017-05-09,421.6666564941406,422.6666564941406,415.3333435058594,416.0,89400
2017-05-10,416.0,422.6666564941406,416.0,418.0,64800
2017-05-11,416.6666564941406,421.6666564941406,412.6666564941406,420.3333435058594,63900
2017-05-12,416.6666564941406,421.3333435058594,413.6666564941406,421.0,53700
2017-05-15,425.6666564941406,432.3333435058594,422.3333435058594,431.0,138000
2017-05-16,433.3333435058594,436.3333435058594,428.3333435058594,434.3333435058594,82200
2017-05-17,438.0,442.3333435058594,433.0,437.0,101700
2017-05-18,423.3333435058594,434.3333435058594,415.0,430.6666564941406,85200
2017-05-19,430.0,446.0,428.0,443.0,123300
2017-05-22,453.3333435058594,471.3333435058594,453.3333435058594,471.0,327300
2017-05-23,476.6666564941406,495.0,476.6666564941406,489.3333435058594,238800
2017-05-24,494.6666564941406,495.0,480.3333435058594,487.3333435058594,141600
2017-05-25,484.3333435058594,485.3333435058594,472.6666564941406,472.6666564941406,144900
2017-05-26,473.0,473.0,460.6666564941406,470.6666564941406,106200
2017-05-29,470.0,476.3333435058594,466.6666564941406,472.6666564941406,65100
2017-05-30,475.0,475.0,466.6666564941406,472.6666564941406,32100
2017-05-31,469.6666564941406,475.3333435058594,468.6666564941406,469.0,32100
2017-06-01,471.6666564941406,471.6666564941406,466.6666564941406,468.0,47400
2017-06-02,468.3333435058594,474.0,464.0,470.6666564941406,71100
2017-06-05,470.6666564941406,486.3333435058594,470.6666564941406,480.3333435058594,105000
2017-06-06,485.6666564941406,486.6666564941406,465.6666564941406,470.6666564941406,89700
2017-06-07,466.3333435058594,475.0,466.0,470.3333435058594,36600
2017-06-08,466.6666564941406,471.3333435058594,455.6666564941406,459.0,108300
2017-06-09,454.6666564941406,463.3333435058594,453.6666564941406,453.6666564941406,97800
2017-06-12,451.6666564941406,451.6666564941406,435.6666564941406,442.0,132000
2017-06-13,446.6666564941406,458.3333435058594,442.6666564941406,456.3333435058594,95700
2017-06-14,458.6666564941406,458.6666564941406,451.0,451.0,50700
2017-06-15,452.0,463.0,452.0,456.0,103500
2017-06-16,463.0,464.6666564941406,450.6666564941406,458.6666564941406,86400
2017-06-19,455.6666564941406,466.6666564941406,453.3333435058594,459.0,58500
2017-06-20,458.3333435058594,473.0,458.3333435058594,463.6666564941406,82500
2017-06-21,462.0,477.3333435058594,462.0,469.3333435058594,61200
2017-06-22,471.0,505.6666564941406,471.0,496.3333435058594,246600
2017-06-23,502.0,504.6666564941406,481.3333435058594,483.3333435058594,114900
2017-06-26,484.3333435058594,500.0,476.0,497.0,113700
2017-06-27,500.0,506.6666564941406,490.3333435058594,490.3333435058594,66300
2017-06-28,490.6666564941406,490.6666564941406,471.3333435058594,472.6666564941406,87900
2017-06-29,473.0,479.3333435058594,466.6666564941406,472.3333435058594,49800
2017-06-30,468.0,473.3333435058594,462.6666564941406,473.0,66300
2017-07-03,469.6666564941406,471.0,464.3333435058594,470.3333435058594,36000
2017-07-04,471.0,475.6666564941406,465.0,468.0,76800
2017-07-05,465.3333435058594,473.3333435058594,465.0,471.3333435058594,71100
2017-07-06,476.0,496.3333435058594,473.0,486.3333435058594,113400
2017-07-07,479.6666564941406,479.6666564941406,464.3333435058594,472.0,96600
2017-07-10,470.0,489.6666564941406,470.0,483.3333435058594,72000
2017-07-11,486.6666564941406,495.0,483.0,489.0,67200
2017-07-12,490.0,490.0,478.0,479.6666564941406,29400
2017-07-13,479.6666564941406,481.0,473.6666564941406,474.3333435058594,47400
2017-07-14,472.6666564941406,478.0,472.0,474.3333435058594,30600
2017-07-17,474.3333435058594,474.3333435058594,474.3333435058594,474.3333435058594,0
2017-07-18,473.3333435058594,478.3333435058594,472.0,475.3333435058594,42600
2017-07-19,472.3333435058594,490.6666564941406,472.3333435058594,486.0,55200
2017-07-20,490.0,502.3333435058594,478.6666564941406,498.0,111900
2017-07-21,502.6666564941406,502.6666564941406,494.3333435058594,498.6666564941406,55200
2017-07-24,500.0,510.6666564941406,498.3333435058594,508.6666564941406,143400
2017-07-25,515.6666870117188,515.6666870117188,501.3333435058594,506.3333435058594,72000
2017-07-26,511.6666564941406,512.3333129882812,489.6666564941406,496.0,119700
2017-07-27,496.0,499.0,490.6666564941406,492.3333435058594,36000
2017-07-28,498.6666564941406,500.6666564941406,429.0,449.3333435058594,288300
2017-07-31,414.3333435058594,442.3333435058594,414.3333435058594,422.6666564941406,324000
2017-08-01,427.0,432.3333435058594,421.6666564941406,426.6666564941406,110400
2017-08-02,431.6666564941406,437.3333435058594,417.6666564941406,419.3333435058594,188700
2017-08-03,420.6666564941406,428.3333435058594,418.3333435058594,423.6666564941406,45300
2017-08-04,419.0,429.3333435058594,419.0,424.0,62400
2017-08-07,432.0,440.6666564941406,428.3333435058594,438.6666564941406,80100
2017-08-08,446.6666564941406,446.6666564941406,433.0,438.3333435058594,66600
2017-08-09,441.3333435058594,441.3333435058594,421.0,426.3333435058594,75300
2017-08-10,426.6666564941406,430.0,425.6666564941406,427.6666564941406,56400
2017-08-11,427.6666564941406,427.6666564941406,427.6666564941406,427.6666564941406,0
2017-08-14,417.6666564941406,433.3333435058594,416.6666564941406,428.0,94200
2017-08-15,428.0,441.3333435058594,428.0,438.6666564941406,56100
2017-08-16,437.3333435058594,442.6666564941406,434.3333435058594,435.0,50400
2017-08-17,439.3333435058594,439.3333435058594,431.3333435058594,436.3333435058594,27000
2017-08-18,435.6666564941406,436.3333435058594,416.6666564941406,426.6666564941406,53400
2017-08-21,426.6666564941406,428.6666564941406,423.6666564941406,425.6666564941406,23400
2017-08-22,426.6666564941406,426.6666564941406,411.3333435058594,415.0,96900
2017-08-23,419.3333435058594,423.0,414.3333435058594,414.3333435058594,48300
2017-08-24,412.3333435058594,422.3333435058594,412.3333435058594,419.0,32100
2017-08-25,419.0,427.0,417.3333435058594,425.0,37800
2017-08-28,425.6666564941406,425.6666564941406,412.6666564941406,420.0,87600
2017-08-29,417.6666564941406,417.6666564941406,407.0,410.3333435058594,104100
2017-08-30,412.0,413.3333435058594,408.0,410.6666564941406,78900
2017-08-31,410.0,412.0,409.0,411.6666564941406,35700
2017-09-01,413.3333435058594,419.3333435058594,409.0,416.6666564941406,50100
2017-09-04,419.0,419.0,402.6666564941406,410.0,72900
2017-09-05,410.0,410.0,386.3333435058594,387.6666564941406,125100
2017-09-06,380.0,396.0,370.0,392.0,84300
2017-09-07,392.0,399.6666564941406,390.6666564941406,392.6666564941406,41100
2017-09-08,393.3333435058594,402.6666564941406,390.6666564941406,393.3333435058594,76500
2017-09-11,393.3333435058594,407.0,393.3333435058594,403.3333435058594,43800
2017-09-12,408.3333435058594,408.3333435058594,401.3333435058594,401.6666564941406,64500
2017-09-13,407.3333435058594,419.3333435058594,403.3333435058594,417.6666564941406,109200
2017-09-14,422.3333435058594,423.0,409.6666564941406,410.6666564941406,54600
2017-09-15,413.6666564941406,429.0,409.0,428.3333435058594,74100
2017-09-18,428.3333435058594,428.3333435058594,428.3333435058594,428.3333435058594,0
2017-09-19,439.3333435058594,439.3333435058594,430.3333435058594,434.6666564941406,67800
2017-09-20,431.3333435058594,431.6666564941406,426.0,430.3333435058594,43800
2017-09-21,431.0,431.3333435058594,424.6666564941406,427.0,41700
2017-09-22,427.0,427.0,416.0,418.6666564941406,65700
2017-09-25,417.3333435058594,427.3333435058594,417.3333435058594,423.3333435058594,61800
2017-09-26,420.0,424.0,417.6666564941406,424.0,73800
2017-09-27,422.0,436.6666564941406,421.3333435058594,436.6666564941406,55200
2017-09-28,439.3333435058594,444.0,436.0,443.0,60300
2017-09-29,444.6666564941406,448.6666564941406,440.6666564941406,444.0,51600
2017-10-02,450.0,450.0,441.6666564941406,445.0,38700
2017-10-03,450.0,465.0,450.0,464.3333435058594,132000
2017-10-04,468.0,471.0,459.6666564941406,470.6666564941406,117600
2017-10-05,480.6666564941406,487.3333435058594,475.3333435058594,481.6666564941406,233700
2017-10-06,481.0,481.0,475.6666564941406,477.6666564941406,96300
2017-10-09,477.6666564941406,477.6666564941406,477.6666564941406,477.6666564941406,0
2017-10-10,476.6666564941406,482.6666564941406,474.0,481.0,91200
2017-10-11,488.0,505.0,487.0,499.0,234900
2017-10-12,503.6666564941406,503.6666564941406,497.0,500.0,90000
2017-10-13,499.3333435058594,515.0,497.0,513.0,135300
2017-10-16,511.0,511.0,496.3333435058594,504.6666564941406,94800
2017-10-17,503.0,504.3333435058594,484.0,485.0,105000
2017-10-18,484.3333435058594,493.3333435058594,482.3333435058594,484.0,61200
2017-10-19,482.0,487.3333435058594,478.0,483.3333435058594,55200
2017-10-20,479.0,486.0,479.0,483.6666564941406,29100
2017-10-23,425.0,432.0,418.6666564941406,420.6666564941406,917400
2017-10-24,417.3333435058594,423.3333435058594,416.6666564941406,418.6666564941406,314700
2017-10-25,418.6666564941406,419.0,397.3333435058594,401.3333435058594,618000
2017-10-26,400.0,400.0,394.3333435058594,399.3333435058594,238200
2017-10-27,401.3333435058594,404.3333435058594,400.0,402.0,263100
2017-10-30,404.3333435058594,410.6666564941406,403.3333435058594,410.0,334200
2017-10-31,412.0,414.3333435058594,408.6666564941406,414.0,162600
2017-11-01,418.0,418.0,405.0,410.6666564941406,181200
2017-11-02,410.6666564941406,411.6666564941406,405.3333435058594,410.6666564941406,109200
2017-11-03,410.6666564941406,410.6666564941406,410.6666564941406,410.6666564941406,0
2017-11-06,412.0,417.6666564941406,407.6666564941406,415.3333435058594,174300
2017-11-07,412.6666564941406,417.0,411.0,415.3333435058594,95400
2017-11-08,412.6666564941406,414.3333435058594,409.0,412.6666564941406,74100
2017-11-09,414.6666564941406,419.0,407.3333435058594,414.0,144900
2017-11-10,407.0,413.3333435058594,407.0,412.3333435058594,62400
2017-11-13,412.3333435058594,412.6666564941406,404.0,405.0,143700
2017-11-14,405.0,409.3333435058594,399.6666564941406,400.0,214800
2017-11-15,400.0,402.0,385.6666564941406,391.6666564941406,217800
2017-11-16,388.3333435058594,403.3333435058594,386.6666564941406,401.6666564941406,134100
2017-11-17,404.6666564941406,409.3333435058594,396.6666564941406,403.3333435058594,147000
2017-11-20,402.3333435058594,406.0,398.3333435058594,399.0,66000
2017-11-21,401.3333435058594,404.0,396.0,402.0,85800
2017-11-22,405.0,410.3333435058594,401.3333435058594,410.3333435058594,133500
2017-11-23,410.3333435058594,410.3333435058594,410.3333435058594,410.3333435058594,0
2017-11-24,408.3333435058594,411.3333435058594,405.0,406.3333435058594,92700
2017-11-27,408.3333435058594,420.6666564941406,402.0,413.6666564941406,378600
2017-11-28,413.3333435058594,413.3333435058594,405.0,406.3333435058594,86100
2017-11-29,406.0,406.3333435058594,402.0,403.3333435058594,132000
2017-11-30,412.0,443.0,408.6666564941406,440.3333435058594,776700
2017-12-01,440.0,447.0,434.3333435058594,440.0,276600
2017-12-04,434.6666564941406,442.6666564941406,425.6666564941406,428.6666564941406,192000
2017-12-05,427.3333435058594,459.6666564941406,424.6666564941406,457.0,370200
2017-12-06,451.6666564941406,460.6666564941406,441.3333435058594,443.6666564941406,242100
2017-12-07,450.0,460.0,444.6666564941406,449.3333435058594,128700
2017-12-08,447.3333435058594,451.6666564941406,444.0,445.3333435058594,94800
2017-12-11,444.3333435058594,452.6666564941406,442.3333435058594,452.3333435058594,88200
2017-12-12,458.0,458.0,444.6666564941406,451.6666564941406,143400
2017-12-13,454.3333435058594,455.3333435058594,443.6666564941406,447.3333435058594,86100
2017-12-14,450.6666564941406,458.6666564941406,450.3333435058594,455.3333435058594,101100
2017-12-15,452.0,454.3333435058594,442.0,445.0,98100
2017-12-18,445.0,450.0,441.3333435058594,448.3333435058594,92400
2017-12-19,448.3333435058594,448.3333435058594,441.6666564941406,444.3333435058594,54000
2017-12-20,446.0,450.0,443.6666564941406,448.0,50100
2017-12-21,448.0,452.0,443.6666564941406,452.0,47400
2017-12-22,451.0,459.6666564941406,450.3333435058594,457.3333435058594,61500
2017-12-25,458.3333435058594,464.0,455.6666564941406,460.3333435058594,79500
2017-12-26,462.0,462.0,451.6666564941406,456.3333435058594,61800
2017-12-27,458.3333435058594,469.3333435058594,458.3333435058594,465.0,99000
2017-12-28,466.0,473.3333435058594,465.3333435058594,468.0,100200
2017-12-29,468.0,468.3333435058594,454.3333435058594,461.0,72000
2018-01-01,461.0,461.0,461.0,461.0,0
2018-01-02,461.0,461.0,461.0,461.0,0
2018-01-03,461.0,461.0,461.0,461.0,0
2018-01-04,461.0,466.3333435058594,459.0,465.6666564941406,132600
2018-01-05,465.6666564941406,466.3333435058594,459.0,466.3333435058594,56700
2018-01-08,466.3333435058594,466.3333435058594,466.3333435058594,466.3333435058594,0
2018-01-09,465.3333435058594,466.6666564941406,455.6666564941406,457.6666564941406,93000
2018-01-10,458.3333435058594,462.6666564941406,457.0,460.3333435058594,48600
2018-01-11,459.3333435058594,460.3333435058594,456.6666564941406,457.6666564941406,45600
2018-01-12,457.6666564941406,460.0,451.6666564941406,454.0,56100
2018-01-15,454.3333435058594,459.0,454.3333435058594,458.6666564941406,32100
2018-01-16,458.6666564941406,460.0,452.6666564941406,456.0,69000
2018-01-17,452.0,453.6666564941406,447.3333435058594,450.3333435058594,103800
2018-01-18,451.0,453.3333435058594,443.6666564941406,447.3333435058594,106800
2018-01-19,446.6666564941406,448.6666564941406,443.3333435058594,447.0,73200
2018-01-22,446.3333435058594,449.3333435058594,444.0,448.6666564941406,76200
2018-01-23,450.0,452.6666564941406,445.3333435058594,447.6666564941406,106500
2018-01-24,448.3333435058594,449.3333435058594,444.6666564941406,448.0,108600
2018-01-25,448.0,451.0,446.6666564941406,449.6666564941406,30900
2018-01-26,449.6666564941406,464.0,449.6666564941406,461.6666564941406,105900
2018-01-29,464.6666564941406,465.3333435058594,459.6666564941406,461.0,63900
2018-01-30,456.3333435058594,459.6666564941406,447.6666564941406,453.3333435058594,104100
2018-01-31,450.0,496.6666564941406,444.0,465.0,229200
2018-02-01,464.6666564941406,479.0,458.3333435058594,478.6666564941406,177600
2018-02-02,478.0,499.3333435058594,477.0,497.0,224400
2018-02-05,488.0,490.6666564941406,472.0,477.3333435058594,148200
2018-02-06,447.6666564941406,455.0,430.6666564941406,443.0,203100
2018-02-07,455.6666564941406,461.6666564941406,444.0,444.0,93600
2018-02-08,444.0,452.6666564941406,444.0,446.0,50400
2018-02-09,432.6666564941406,441.0,428.3333435058594,439.6666564941406,109800
2018-02-12,439.6666564941406,439.6666564941406,439.6666564941406,439.6666564941406,0
2018-02-13,449.3333435058594,449.3333435058594,435.3333435058594,436.0,66900
2018-02-14,435.0,435.6666564941406,421.6666564941406,424.6666564941406,108000
2018-02-15,426.0,434.6666564941406,425.3333435058594,432.6666564941406,46500
2018-02-16,435.3333435058594,447.0,435.3333435058594,445.0,53700
2018-02-19,449.0,457.3333435058594,449.0,457.3333435058594,81900
2018-02-20,458.3333435058594,462.6666564941406,453.6666564941406,461.0,52200
2018-02-21,460.0,470.0,458.0,466.3333435058594,50700
2018-02-22,465.0,466.0,458.0,465.3333435058594,47400
2018-02-23,466.6666564941406,474.3333435058594,462.3333435058594,466.3333435058594,69600
2018-02-26,471.0,478.0,465.6666564941406,474.6666564941406,77700
2018-02-27,480.0,482.3333435058594,472.0,481.6666564941406,54000
2018-02-28,480.3333435058594,491.0,480.3333435058594,486.3333435058594,89400
2018-03-01,480.3333435058594,484.6666564941406,473.6666564941406,474.0,44700
2018-03-02,468.0,478.3333435058594,466.0,469.0,79800
2018-03-05,469.3333435058594,470.0,457.0,460.0,60300
2018-03-06,462.3333435058594,480.3333435058594,462.3333435058594,468.3333435058594,65400
2018-03-07,467.0,467.0,456.6666564941406,457.6666564941406,49800
2018-03-08,460.6666564941406,464.3333435058594,452.3333435058594,455.6666564941406,32700
2018-03-09,462.6666564941406,463.0,455.0,460.3333435058594,66600
2018-03-12,464.6666564941406,474.3333435058594,460.3333435058594,463.6666564941406,78300
2018-03-13,483.3333435058594,515.6666870117188,476.6666564941406,483.3333435058594,462300
2018-03-14,483.6666564941406,502.0,478.6666564941406,495.3333435058594,235200
2018-03-15,503.3333435058594,520.0,497.0,501.6666564941406,166200
2018-03-16,500.6666564941406,512.6666870117188,500.6666564941406,511.6666564941406,104100
2018-03-19,506.3333435058594,507.6666564941406,484.0,499.3333435058594,124200
2018-03-20,489.3333435058594,497.3333435058594,489.3333435058594,497.3333435058594,42000
2018-03-21,497.3333435058594,497.3333435058594,497.3333435058594,497.3333435058594,0
2018-03-22,497.0,509.0,497.0,507.3333435058594,64200
2018-03-23,492.3333435058594,502.3333435058594,491.6666564941406,500.3333435058594,174600
2018-03-26,493.6666564941406,504.6666564941406,493.0,501.6666564941406,146700
2018-03-27,503.3333435058594,509.3333435058594,496.0,505.3333435058594,245700
2018-03-28,506.6666564941406,530.6666870117188,503.3333435058594,525.0,539400
2018-03-29,530.6666870117188,545.3333129882812,519.0,529.6666870117188,516000
2018-03-30,531.6666870117188,531.6666870117188,500.3333435058594,517.0,224700
2018-04-02,520.0,523.6666870117188,506.0,510.0,216300
2018-04-03,501.0,511.6666564941406,493.6666564941406,506.0,169800
2018-04-04,516.6666870117188,517.3333129882812,496.0,498.6666564941406,160200
2018-04-05,502.3333435058594,521.6666870117188,497.0,510.3333435058594,212400
2018-04-06,507.6666564941406,507.6666564941406,497.3333435058594,498.0,86700
2018-04-09,496.6666564941406,501.6666564941406,484.6666564941406,498.3333435058594,108300
2018-04-10,495.3333435058594,500.0,491.6666564941406,495.3333435058594,55800
2018-04-11,493.3333435058594,494.0,484.6666564941406,487.0,108000
2018-04-12,487.3333435058594,503.0,487.3333435058594,496.3333435058594,87600
2018-04-13,496.3333435058594,498.6666564941406,488.3333435058594,489.0,41400
2018-04-16,491.3333435058594,501.0,491.0,493.6666564941406,74700
2018-04-17,493.0,497.3333435058594,480.6666564941406,483.3333435058594,122700
2018-04-18,493.3333435058594,495.3333435058594,486.3333435058594,492.0,47400
2018-04-19,496.3333435058594,503.0,492.3333435058594,500.0,57300
2018-04-20,498.3333435058594,512.0,497.6666564941406,504.6666564941406,71400
2018-04-23,504.6666564941406,507.6666564941406,489.3333435058594,490.6666564941406,51300
2018-04-24,491.0,500.0,490.6666564941406,500.0,26700
2018-04-25,496.6666564941406,501.0,493.3333435058594,500.3333435058594,65400
2018-04-26,494.6666564941406,498.6666564941406,489.3333435058594,492.0,100200
2018-04-27,495.6666564941406,513.3333129882812,468.0,476.0,261300
2018-04-30,476.0,476.0,476.0,476.0,0
2018-05-01,482.0,489.6666564941406,447.6666564941406,461.6666564941406,225000
2018-05-02,462.0,476.0,461.3333435058594,471.0,129300
2018-05-03,471.0,471.0,471.0,471.0,0
2018-05-04,471.0,471.0,471.0,471.0,0
2018-05-07,471.6666564941406,486.0,467.6666564941406,477.3333435058594,80100
2018-05-08,482.3333435058594,489.6666564941406,480.6666564941406,482.0,95100
2018-05-09,486.6666564941406,486.6666564941406,476.0,476.3333435058594,40800
2018-05-10,476.3333435058594,476.3333435058594,468.6666564941406,469.3333435058594,51900
2018-05-11,470.0,472.6666564941406,466.6666564941406,470.6666564941406,108900
2018-05-14,467.3333435058594,474.0,464.0,473.0,82200
2018-05-15,473.0,479.6666564941406,470.6666564941406,475.3333435058594,37200
2018-05-16,473.0,475.0,467.3333435058594,468.3333435058594,43800
2018-05-17,468.3333435058594,470.0,460.6666564941406,467.6666564941406,68400
2018-05-18,468.6666564941406,476.3333435058594,468.0,475.0,59400
2018-05-21,476.6666564941406,485.0,476.6666564941406,483.6666564941406,57300
2018-05-22,484.0,489.0,481.3333435058594,481.6666564941406,52800
2018-05-23,481.6666564941406,493.0,481.3333435058594,481.6666564941406,79800
2018-05-24,485.3333435058594,491.0,481.0,484.0,53100
2018-05-25,483.3333435058594,494.0,483.3333435058594,489.3333435058594,56400
2018-05-28,495.0,495.0,478.3333435058594,483.6666564941406,103500
2018-05-29,483.6666564941406,491.0,472.6666564941406,473.3333435058594,72600
2018-05-30,465.0,485.6666564941406,464.6666564941406,479.6666564941406,107700
2018-05-31,481.6666564941406,484.0,477.6666564941406,480.0,50700
2018-06-01,477.6666564941406,502.6666564941406,477.6666564941406,492.6666564941406,88800
2018-06-04,502.6666564941406,503.3333435058594,491.0,492.3333435058594,57900
2018-06-05,491.3333435058594,494.3333435058594,489.0,491.3333435058594,33900
2018-06-06,488.3333435058594,492.3333435058594,485.6666564941406,486.3333435058594,29700
2018-06-07,488.0,495.0,488.0,495.0,31200
2018-06-08,489.6666564941406,496.3333435058594,489.6666564941406,495.3333435058594,48600
2018-06-11,495.3333435058594,497.3333435058594,490.3333435058594,492.6666564941406,26400
2018-06-12,500.0,500.0,477.0,483.0,97500
2018-06-13,480.0,489.3333435058594,478.6666564941406,489.3333435058594,46800
2018-06-14,489.3333435058594,489.3333435058594,480.0,480.3333435058594,35700
2018-06-15,481.6666564941406,483.0,477.6666564941406,478.6666564941406,50700
2018-06-18,479.6666564941406,480.0,472.3333435058594,474.0,37200
2018-06-19,471.3333435058594,471.3333435058594,457.6666564941406,459.0,64500
2018-06-20,460.6666564941406,468.0,455.6666564941406,465.6666564941406,39300
2018-06-21,465.6666564941406,466.3333435058594,460.3333435058594,460.3333435058594,17700
2018-06-22,457.6666564941406,458.3333435058594,450.0,453.0,41700
2018-06-25,454.3333435058594,458.6666564941406,443.0,446.6666564941406,80400
2018-06-26,436.6666564941406,447.0,433.6666564941406,444.3333435058594,59700
2018-06-27,444.3333435058594,457.3333435058594,443.3333435058594,455.0,36000
2018-06-28,452.0,464.0,446.0,458.3333435058594,54900
2018-06-29,460.3333435058594,460.3333435058594,448.6666564941406,457.3333435058594,36900
2018-07-02,453.6666564941406,454.3333435058594,436.0,436.3333435058594,38100
2018-07-03,435.0,439.0,423.6666564941406,425.6666564941406,60000
2018-07-04,425.3333435058594,430.6666564941406,423.3333435058594,427.6666564941406,38100
2018-07-05,427.6666564941406,430.6666564941406,410.3333435058594,412.0,48000
2018-07-06,412.3333435058594,424.0,412.3333435058594,420.3333435058594,45600
2018-07-09,420.3333435058594,429.0,418.3333435058594,429.0,25200
2018-07-10,430.0,435.6666564941406,424.0,424.0,36000
2018-07-11,426.6666564941406,426.6666564941406,418.6666564941406,423.0,22500
2018-07-12,422.0,429.3333435058594,422.0,423.6666564941406,23700
2018-07-13,420.0,431.3333435058594,420.0,429.6666564941406,45600
2018-07-16,429.6666564941406,429.6666564941406,429.6666564941406,429.6666564941406,0
2018-07-17,429.6666564941406,439.0,429.6666564941406,435.6666564941406,33900
2018-07-18,428.0,446.3333435058594,428.0,443.3333435058594,41100
2018-07-19,436.0,442.0,436.0,441.6666564941406,36000
2018-07-20,441.0,442.6666564941406,435.6666564941406,440.0,21300
2018-07-23,437.0,449.0,436.6666564941406,445.3333435058594,29400
2018-07-24,448.0,459.0,448.0,452.6666564941406,48600
2018-07-25,456.6666564941406,472.0,454.3333435058594,466.0,70200
2018-07-26,475.3333435058594,477.6666564941406,465.3333435058594,475.6666564941406,129300
2018-07-27,476.6666564941406,479.0,467.6666564941406,476.3333435058594,45300
2018-07-30,477.0,479.0,469.0,476.0,57900
2018-07-31,478.0,478.0,444.0,444.3333435058594,107700
2018-08-01,517.6666870117188,517.6666870117188,491.3333435058594,516.0,558300
2018-08-02,520.3333129882812,529.6666870117188,512.3333129882812,525.6666870117188,296700
2018-08-03,525.6666870117188,525.6666870117188,513.6666870117188,516.0,72300
2018-08-06,510.3333435058594,519.6666870117188,508.6666564941406,509.0,61200
2018-08-07,503.3333435058594,522.6666870117188,503.3333435058594,519.6666870117188,75600
2018-08-08,520.0,533.3333129882812,519.0,525.6666870117188,103200
2018-08-09,523.3333129882812,533.0,522.3333129882812,522.6666870117188,61500
2018-08-10,522.6666870117188,525.3333129882812,511.3333435058594,518.0,81000
2018-08-13,507.3333435058594,512.6666870117188,500.6666564941406,501.3333435058594,75000
2018-08-14,500.0,520.0,500.0,508.0,102000
2018-08-15,508.0,518.0,508.0,514.0,43500
2018-08-16,506.6666564941406,509.6666564941406,500.3333435058594,505.6666564941406,40800
2018-08-17,505.6666564941406,517.6666870117188,502.0,516.3333129882812,69900
2018-08-20,515.0,519.3333129882812,502.6666564941406,503.0,36600
2018-08-21,503.0,514.6666870117188,502.0,506.3333435058594,72000
2018-08-22,506.0,522.6666870117188,502.3333435058594,516.6666870117188,66900
2018-08-23,520.6666870117188,526.6666870117188,516.3333129882812,522.3333129882812,66300
2018-08-24,526.6666870117188,556.6666870117188,525.0,556.6666870117188,208800
2018-08-27,568.3333129882812,579.3333129882812,558.6666870117188,571.3333129882812,214800
2018-08-28,575.3333129882812,576.6666870117188,551.0,553.6666870117188,138000
2018-08-29,549.0,569.3333129882812,546.3333129882812,564.0,96600
2018-08-30,566.6666870117188,577.3333129882812,562.0,572.0,97200
2018-08-31,567.0,571.3333129882812,556.6666870117188,563.0,65700
2018-09-03,562.3333129882812,563.6666870117188,542.0,551.0,98400
2018-09-04,547.6666870117188,566.6666870117188,542.3333129882812,560.3333129882812,55500
2018-09-05,555.3333129882812,572.6666870117188,544.0,558.6666870117188,128700
2018-09-06,551.0,554.3333129882812,543.6666870117188,551.0,56700
2018-09-07,546.0,557.0,540.0,551.0,58200
2018-09-10,546.6666870117188,558.3333129882812,546.6666870117188,554.0,35400
2018-09-11,557.6666870117188,570.0,550.6666870117188,566.3333129882812,113100
2018-09-12,566.0,566.6666870117188,555.6666870117188,559.3333129882812,61800
2018-09-13,557.3333129882812,594.0,557.3333129882812,581.0,180000
2018-09-14,584.6666870117188,586.0,557.0,568.3333129882812,128700
2018-09-17,568.3333129882812,568.3333129882812,568.3333129882812,568.3333129882812,0
2018-09-18,563.0,576.6666870117188,559.3333129882812,568.0,47700
2018-09-19,575.6666870117188,575.6666870117188,567.3333129882812,568.3333129882812,45600
2018-09-20,568.3333129882812,573.0,565.0,568.3333129882812,42300
2018-09-21,571.6666870117188,581.3333129882812,568.0,575.0,96600
2018-09-24,575.0,575.0,575.0,575.0,0
2018-09-25,575.0,580.0,567.6666870117188,579.0,108900
2018-09-26,581.6666870117188,594.0,578.6666870117188,590.0,96300
2018-09-27,589.6666870117188,589.6666870117188,573.3333129882812,576.0,74700
2018-09-28,578.6666870117188,593.0,577.3333129882812,577.3333129882812,88200
2018-10-01,580.3333129882812,585.0,570.6666870117188,575.3333129882812,74400
2018-10-02,580.0,580.0,561.0,563.6666870117188,130200
2018-10-03,562.0,564.6666870117188,544.6666870117188,556.0,131700
2018-10-04,556.6666870117188,557.0,537.6666870117188,555.3333129882812,102600
2018-10-05,548.3333129882812,561.0,545.0,549.0,87300
2018-10-08,549.0,549.0,549.0,549.0,0
2018-10-09,544.3333129882812,552.0,534.3333129882812,550.0,86400
2018-10-10,555.6666870117188,565.6666870117188,540.3333129882812,545.0,48000
2018-10-11,505.0,527.0,502.3333435058594,519.6666870117188,144600
2018-10-12,519.6666870117188,527.6666870117188,505.0,523.6666870117188,62400
2018-10-15,530.3333129882812,530.3333129882812,513.3333129882812,513.3333129882812,73500
2018-10-16,513.3333129882812,524.6666870117188,498.3333435058594,517.0,97200
2018-10-17,529.0,536.6666870117188,527.3333129882812,532.0,69000
2018-10-18,536.0,542.0,529.6666870117188,535.3333129882812,78000
2018-10-19,528.6666870117188,540.6666870117188,523.0,538.3333129882812,57600
2018-10-22,538.0,544.6666870117188,532.6666870117188,541.0,38700
2018-10-23,540.6666870117188,541.3333129882812,523.6666870117188,525.6666870117188,55800
2018-10-24,525.6666870117188,529.6666870117188,508.0,516.3333129882812,84600
2018-10-25,503.6666564941406,508.0,484.0,490.6666564941406,163500
2018-10-26,494.3333435058594,504.3333435058594,438.0,468.6666564941406,363600
2018-10-29,482.6666564941406,499.6666564941406,477.3333435058594,490.6666564941406,220200
2018-10-30,497.3333435058594,497.3333435058594,481.3333435058594,496.6666564941406,190800
2018-10-31,506.3333435058594,548.0,492.6666564941406,523.3333129882812,288300
2018-11-01,514.3333129882812,522.6666870117188,496.6666564941406,518.6666870117188,254400
2018-11-02,511.6666564941406,527.6666870117188,511.6666564941406,520.6666870117188,143400
2018-11-05,529.0,529.0,500.0,510.6666564941406,153000
2018-11-06,508.0,513.6666870117188,488.0,494.3333435058594,131400
2018-11-07,500.0,521.6666870117188,493.6666564941406,514.6666870117188,129300
2018-11-08,528.0,555.6666870117188,521.3333129882812,547.6666870117188,143400
2018-11-09,546.6666870117188,548.3333129882812,528.6666870117188,543.6666870117188,113400
2018-11-12,543.6666870117188,548.6666870117188,535.3333129882812,541.3333129882812,82500
2018-11-13,528.0,538.0,512.3333129882812,528.6666870117188,76200
2018-11-14,528.6666870117188,530.3333129882812,502.0,502.3333435058594,70800
2018-11-15,495.0,512.6666870117188,490.3333435058594,505.0,48300
2018-11-16,505.0,512.3333129882812,493.3333435058594,496.3333435058594,73800
2018-11-19,500.3333435058594,511.6666564941406,494.3333435058594,503.0,60300
2018-11-20,502.3333435058594,502.3333435058594,480.3333435058594,495.0,112800
2018-11-21,486.3333435058594,497.3333435058594,482.0,496.3333435058594,51000
2018-11-22,496.3333435058594,496.3333435058594,481.6666564941406,493.0,69000
2018-11-23,493.0,493.0,493.0,493.0,0
2018-11-26,491.6666564941406,492.3333435058594,472.0,476.3333435058594,101400
2018-11-27,476.3333435058594,486.3333435058594,474.6666564941406,486.3333435058594,98100
2018-11-28,486.3333435058594,493.3333435058594,479.6666564941406,490.6666564941406,48000
2018-11-29,495.0,497.0,480.0,484.0,63000
2018-11-30,482.6666564941406,482.6666564941406,472.6666564941406,481.6666564941406,61500
2018-12-03,487.0,491.6666564941406,480.0,482.6666564941406,48300
2018-12-04,481.0,481.0,467.6666564941406,471.3333435058594,92700
2018-12-05,466.3333435058594,471.3333435058594,459.6666564941406,467.0,57000
2018-12-06,464.6666564941406,464.6666564941406,449.3333435058594,457.0,78000
2018-12-07,457.0,459.6666564941406,448.0,458.3333435058594,37500
2018-12-10,448.0,449.6666564941406,433.6666564941406,442.6666564941406,69000
2018-12-11,445.3333435058594,445.3333435058594,419.3333435058594,423.6666564941406,139800
2018-12-12,425.3333435058594,451.0,425.3333435058594,441.6666564941406,69000
2018-12-13,444.6666564941406,453.0,444.0,452.6666564941406,67500
2018-12-14,458.6666564941406,469.3333435058594,446.6666564941406,449.0,108300
2018-12-17,451.0,451.6666564941406,436.6666564941406,444.0,59700
2018-12-18,432.3333435058594,436.6666564941406,423.6666564941406,424.0,42600
2018-12-19,426.0,438.0,421.6666564941406,424.0,43500
2018-12-20,424.0,424.0,406.3333435058594,410.3333435058594,63300
2018-12-21,405.6666564941406,406.6666564941406,390.0,403.6666564941406,81600
2018-12-24,403.6666564941406,403.6666564941406,403.6666564941406,403.6666564941406,0
2018-12-25,383.6666564941406,385.6666564941406,375.0,378.3333435058594,90900
2018-12-26,388.3333435058594,401.3333435058594,385.6666564941406,396.0,127800
2018-12-27,422.3333435058594,435.0,411.3333435058594,433.3333435058594,108000
2018-12-28,423.3333435058594,426.6666564941406,412.0,420.6666564941406,67800
2018-12-31,420.6666564941406,420.6666564941406,420.6666564941406,420.6666564941406,0
2019-01-04,410.6666564941406,414.3333435058594,397.6666564941406,414.0,63600
2019-01-07,427.3333435058594,435.3333435058594,426.3333435058594,434.6666564941406,61800
2019-01-08,434.6666564941406,438.0,430.6666564941406,435.3333435058594,37200
2019-01-09,435.3333435058594,441.6666564941406,427.3333435058594,438.3333435058594,61200
2019-01-10,438.3333435058594,440.0,421.0,429.6666564941406,41100
2019-01-11,435.0,437.0,423.0,427.3333435058594,45000
2019-01-15,426.6666564941406,438.0,423.3333435058594,435.3333435058594,29100
2019-01-16,433.0,441.3333435058594,430.0,438.0,25500
2019-01-17,438.0,447.0,436.6666564941406,446.6666564941406,43800
2019-01-18,450.0,468.6666564941406,447.0,459.0,107400
2019-01-21,464.3333435058594,464.3333435058594,452.0,454.0,57300
2019-01-22,454.0,454.0,447.3333435058594,452.3333435058594,19200
2019-01-23,448.3333435058594,450.3333435058594,441.0,445.3333435058594,26100
2019-01-24,450.0,458.0,442.6666564941406,458.0,27600
2019-01-25,459.6666564941406,462.0,451.6666564941406,456.0,31200
2019-01-28,456.6666564941406,457.0,450.0,455.0,39300
2019-01-29,451.6666564941406,459.0,444.3333435058594,454.6666564941406,43200
2019-01-30,456.3333435058594,456.3333435058594,435.6666564941406,438.0,65700
2019-01-31,441.0,476.6666564941406,441.0,476.6666564941406,137100
2019-02-01,476.3333435058594,479.6666564941406,461.6666564941406,477.6666564941406,135600
2019-02-04,482.6666564941406,498.6666564941406,482.3333435058594,491.6666564941406,72000
2019-02-05,496.3333435058594,498.0,490.3333435058594,493.6666564941406,45600
2019-02-06,495.3333435058594,507.3333435058594,494.0,506.3333435058594,82200
2019-02-07,505.6666564941406,505.6666564941406,483.0,495.3333435058594,67200
2019-02-08,483.6666564941406,486.3333435058594,461.0,465.6666564941406,108900
2019-02-12,465.6666564941406,475.0,461.0,461.3333435058594,79500
2019-02-13,465.0,482.0,465.0,478.0,123000
2019-02-14,477.6666564941406,481.0,471.0,473.0,23100
2019-02-15,472.0,472.0,450.6666564941406,463.6666564941406,113700
2019-02-18,470.6666564941406,470.6666564941406,459.3333435058594,460.0,62700
2019-02-19,462.6666564941406,472.3333435058594,460.3333435058594,468.3333435058594,35100
2019-02-20,472.0,472.0,461.3333435058594,462.0,68400
2019-02-21,463.3333435058594,463.3333435058594,452.3333435058594,457.6666564941406,73800
2019-02-22,454.3333435058594,463.3333435058594,453.3333435058594,463.0,27600
2019-02-25,463.0,467.6666564941406,463.0,466.6666564941406,54000
2019-02-26,466.6666564941406,470.0,456.6666564941406,461.6666564941406,88500
2019-02-27,461.6666564941406,465.0,460.0,463.0,30900
2019-02-28,465.3333435058594,478.6666564941406,465.3333435058594,477.0,67800
2019-03-01,474.0,485.0,472.6666564941406,484.3333435058594,54900
2019-03-04,493.0,493.0,482.0,491.3333435058594,102000
2019-03-05,489.3333435058594,489.3333435058594,481.6666564941406,483.3333435058594,30900
2019-03-06,483.3333435058594,488.3333435058594,477.0,485.6666564941406,39300
2019-03-07,485.3333435058594,486.0,478.0,485.0,66300
2019-03-08,477.6666564941406,477.6666564941406,463.3333435058594,464.0,95100
2019-03-11,464.6666564941406,470.0,461.0,463.0,20700
2019-03-12,466.6666564941406,482.6666564941406,466.6666564941406,479.6666564941406,34800
2019-03-13,482.3333435058594,484.3333435058594,469.6666564941406,471.6666564941406,47400
2019-03-14,476.6666564941406,478.3333435058594,468.3333435058594,471.0,21600
2019-03-15,470.0,473.3333435058594,461.3333435058594,468.6666564941406,55800
2019-03-18,470.0,482.3333435058594,468.6666564941406,480.0,52800
2019-03-19,481.0,481.6666564941406,474.0,478.0,66600
2019-03-20,478.3333435058594,478.3333435058594,468.3333435058594,471.6666564941406,74400
2019-03-22,475.6666564941406,476.0,467.0,474.3333435058594,38100
2019-03-25,463.3333435058594,467.6666564941406,460.3333435058594,466.6666564941406,46800
2019-03-26,471.6666564941406,480.3333435058594,471.6666564941406,479.0,111000
2019-03-27,469.0,477.6666564941406,467.6666564941406,467.6666564941406,58200
2019-03-28,469.6666564941406,469.6666564941406,456.6666564941406,459.6666564941406,47700
2019-03-29,465.3333435058594,467.0,457.6666564941406,463.3333435058594,35700
2019-04-01,469.6666564941406,476.0,467.0,471.3333435058594,38100
2019-04-02,475.0,475.0,465.0,465.0,26400
2019-04-03,466.3333435058594,467.0,460.0,465.0,37200
2019-04-04,467.6666564941406,467.6666564941406,460.0,463.0,23700
2019-04-05,464.3333435058594,465.0,459.0,459.6666564941406,18000
2019-04-08,465.0,466.3333435058594,457.3333435058594,459.6666564941406,41400
2019-04-09,461.3333435058594,465.3333435058594,454.6666564941406,464.0,43500
2019-04-10,458.0,468.0,454.0,459.3333435058594,73200
2019-04-11,460.0,464.6666564941406,448.0,449.6666564941406,65400
2019-04-12,449.3333435058594,461.3333435058594,449.3333435058594,454.0,47400
2019-04-15,455.0,464.3333435058594,455.0,460.0,47700
2019-04-16,460.0,468.0,458.6666564941406,464.0,51900
2019-04-17,464.0,469.0,461.0,464.3333435058594,41700
2019-04-18,462.3333435058594,466.6666564941406,443.0,444.3333435058594,121200
2019-04-19,447.0,456.6666564941406,445.3333435058594,446.6666564941406,70500
2019-04-22,448.3333435058594,453.6666564941406,438.6666564941406,443.0,82800
2019-04-23,441.3333435058594,450.6666564941406,436.3333435058594,447.0,71100
2019-04-24,445.0,463.0,445.0,455.3333435058594,132300
2019-04-25,454.6666564941406,454.6666564941406,444.3333435058594,446.6666564941406,322200
2019-04-26,444.6666564941406,451.6666564941406,437.6666564941406,448.0,104400
2019-05-07,457.0,475.6666564941406,451.3333435058594,467.3333435058594,210000
2019-05-08,467.6666564941406,482.3333435058594,384.6666564941406,396.6666564941406,787800
2019-05-09,390.6666564941406,396.3333435058594,375.3333435058594,384.3333435058594,365400
2019-05-10,381.0,388.3333435058594,374.6666564941406,382.0,146400
2019-05-13,381.3333435058594,381.3333435058594,371.6666564941406,372.0,81300
2019-05-14,362.0,367.3333435058594,355.0,365.0,101400
2019-05-15,367.6666564941406,368.3333435058594,360.3333435058594,367.6666564941406,64500
2019-05-16,368.3333435058594,368.3333435058594,355.0,359.3333435058594,66600
2019-05-17,363.3333435058594,368.3333435058594,359.3333435058594,368.3333435058594,43800
2019-05-20,372.3333435058594,374.6666564941406,360.6666564941406,363.6666564941406,44100
2019-05-21,360.6666564941406,362.6666564941406,353.3333435058594,358.6666564941406,52500
2019-05-22,361.6666564941406,361.6666564941406,353.3333435058594,355.6666564941406,37500
2019-05-23,355.3333435058594,358.0,352.6666564941406,357.0,39900
2019-05-24,355.0,356.6666564941406,350.0,356.6666564941406,61200
2019-05-27,356.6666564941406,362.0,352.6666564941406,362.0,63900
2019-05-28,361.3333435058594,366.6666564941406,359.0,364.3333435058594,128100
2019-05-29,361.6666564941406,376.0,354.0,359.6666564941406,132000
2019-05-30,360.0,364.0,356.6666564941406,362.6666564941406,61200
2019-05-31,360.0,365.3333435058594,353.0,355.0,54300
2019-06-03,353.3333435058594,353.3333435058594,341.3333435058594,344.6666564941406,73800
2019-06-04,342.3333435058594,346.3333435058594,338.6666564941406,344.0,63300
2019-06-05,345.6666564941406,357.3333435058594,345.6666564941406,357.3333435058594,70500
2019-06-06,356.6666564941406,358.6666564941406,351.6666564941406,353.3333435058594,32400
2019-06-07,354.0,355.6666564941406,348.6666564941406,355.6666564941406,37800
2019-06-10,358.6666564941406,366.0,356.6666564941406,365.6666564941406,52200
2019-06-11,370.6666564941406,371.6666564941406,364.3333435058594,369.6666564941406,90000
2019-06-12,369.6666564941406,377.0,369.6666564941406,373.0,58200
2019-06-13,373.0,373.0,360.3333435058594,363.0,54000
2019-06-14,366.3333435058594,368.3333435058594,363.0,366.0,47400
2019-06-17,366.0,366.0,358.6666564941406,362.3333435058594,40500
2019-06-18,362.3333435058594,365.3333435058594,352.3333435058594,352.6666564941406,38100
2019-06-19,357.3333435058594,361.6666564941406,355.3333435058594,360.0,30300
2019-06-20,362.6666564941406,364.3333435058594,359.3333435058594,360.0,35700
2019-06-21,357.3333435058594,376.6666564941406,356.0,371.3333435058594,139200
2019-06-24,381.3333435058594,388.6666564941406,376.6666564941406,388.3333435058594,127500
2019-06-25,387.0,389.3333435058594,380.3333435058594,385.3333435058594,57600
2019-06-26,381.6666564941406,386.6666564941406,377.3333435058594,382.0,66000
2019-06-27,383.0,387.6666564941406,381.0,383.6666564941406,33900
2019-06-28,382.0,391.3333435058594,380.3333435058594,388.0,73800
2019-07-01,393.0,394.6666564941406,391.3333435058594,393.3333435058594,52800
2019-07-02,391.6666564941406,400.6666564941406,391.6666564941406,395.6666564941406,74700
2019-07-03,396.6666564941406,403.3333435058594,395.3333435058594,399.0,91500
2019-07-04,400.6666564941406,407.0,399.6666564941406,401.0,70200
2019-07-05,402.3333435058594,406.0,396.6666564941406,403.6666564941406,51900
2019-07-08,407.3333435058594,407.3333435058594,393.6666564941406,396.3333435058594,68100
2019-07-09,396.3333435058594,402.0,394.0,398.0,53100
2019-07-10,394.6666564941406,399.6666564941406,392.6666564941406,397.3333435058594,30900
2019-07-11,396.6666564941406,397.3333435058594,392.6666564941406,395.3333435058594,47700
2019-07-12,396.6666564941406,402.3333435058594,392.6666564941406,392.6666564941406,36600
2019-07-16,390.0,390.0,383.0,386.3333435058594,74400
2019-07-17,387.0,387.0,380.6666564941406,383.0,57900
2019-07-18,382.3333435058594,382.3333435058594,370.3333435058594,371.0,58200
2019-07-19,375.6666564941406,383.6666564941406,375.0,383.6666564941406,33900
2019-07-22,383.0,390.0,383.0,388.3333435058594,35400
2019-07-23,391.0,392.3333435058594,389.0,392.3333435058594,27300
2019-07-24,393.6666564941406,395.3333435058594,391.3333435058594,392.3333435058594,40800
2019-07-25,394.3333435058594,402.3333435058594,394.3333435058594,401.3333435058594,75600
2019-07-26,397.6666564941406,397.6666564941406,390.3333435058594,392.3333435058594,113100
2019-07-29,397.6666564941406,402.3333435058594,396.0,400.6666564941406,30000
2019-07-30,403.0,405.3333435058594,394.0,397.0,39300
2019-07-31,397.3333435058594,399.0,392.0,396.3333435058594,29400
2019-08-01,396.3333435058594,403.3333435058594,396.0,402.6666564941406,43800
2019-08-02,395.0,395.0,382.3333435058594,386.0,60600
2019-08-05,383.3333435058594,383.3333435058594,373.0,378.3333435058594,51300
2019-08-06,361.0,376.6666564941406,361.0,376.6666564941406,64200
2019-08-07,378.6666564941406,395.0,378.6666564941406,395.0,105900
2019-08-08,389.3333435058594,414.6666564941406,383.6666564941406,414.6666564941406,195900
2019-08-09,416.0,420.0,406.6666564941406,408.3333435058594,104100
2019-08-13,401.6666564941406,409.0,397.0,406.6666564941406,69900
2019-08-14,403.6666564941406,413.0,403.6666564941406,408.3333435058594,58500
2019-08-15,402.3333435058594,408.0,397.3333435058594,406.6666564941406,28200
2019-08-16,407.3333435058594,408.0,402.3333435058594,405.3333435058594,27900
2019-08-19,406.6666564941406,406.6666564941406,400.3333435058594,402.3333435058594,14400
2019-08-20,407.3333435058594,407.3333435058594,401.3333435058594,406.3333435058594,33300
2019-08-21,404.3333435058594,404.3333435058594,398.0,399.6666564941406,28500
2019-08-22,400.3333435058594,401.3333435058594,397.0,399.0,27900
2019-08-23,397.6666564941406,398.0,392.0,393.3333435058594,34500
2019-08-26,388.6666564941406,389.3333435058594,382.3333435058594,385.0,48000
2019-08-27,386.3333435058594,390.0,384.0,385.6666564941406,16500
2019-08-28,387.6666564941406,388.6666564941406,382.0,384.0,33900
2019-08-29,380.6666564941406,385.6666564941406,379.6666564941406,382.0,25200
2019-08-30,384.0,394.0,384.0,392.6666564941406,30300
2019-09-02,390.0,390.0,383.6666564941406,383.6666564941406,42600
2019-09-03,381.3333435058594,397.3333435058594,377.0,395.6666564941406,68400
2019-09-04,385.6666564941406,396.3333435058594,384.3333435058594,394.3333435058594,55500
2019-09-05,393.3333435058594,401.3333435058594,393.3333435058594,399.3333435058594,66600
2019-09-06,399.3333435058594,400.0,394.6666564941406,397.6666564941406,38700
2019-09-09,401.3333435058594,403.0,394.0,403.0,63000
2019-09-10,403.6666564941406,406.0,400.6666564941406,400.6666564941406,73800
2019-09-11,400.3333435058594,408.3333435058594,396.6666564941406,407.3333435058594,72600
2019-09-12,407.3333435058594,407.3333435058594,400.0,400.6666564941406,52500
2019-09-13,397.0,406.0,396.0,404.3333435058594,86400
2019-09-17,406.3333435058594,411.0,400.6666564941406,410.6666564941406,65400
2019-09-18,405.6666564941406,408.6666564941406,400.6666564941406,406.3333435058594,75900
2019-09-19,411.6666564941406,415.6666564941406,408.3333435058594,414.6666564941406,106800
2019-09-20,416.6666564941406,417.3333435058594,411.6666564941406,416.6666564941406,67500
2019-09-24,419.0,432.6666564941406,417.6666564941406,432.6666564941406,109800
2019-09-25,429.3333435058594,434.6666564941406,423.3333435058594,434.6666564941406,92100
2019-09-26,432.3333435058594,440.3333435058594,432.0,436.3333435058594,105600
2019-09-27,426.6666564941406,428.3333435058594,417.0,428.0,89400
2019-09-30,427.0,427.0,407.3333435058594,413.3333435058594,84000
2019-10-01,415.0,424.6666564941406,413.6666564941406,423.0,60600
2019-10-02,416.6666564941406,420.6666564941406,411.0,420.6666564941406,73800
2019-10-03,409.0,416.6666564941406,407.6666564941406,416.6666564941406,69300
2019-10-04,419.0,420.0,413.3333435058594,417.6666564941406,57300
2019-10-07,425.3333435058594,428.3333435058594,416.6666564941406,428.3333435058594,84900
2019-10-08,429.3333435058594,431.6666564941406,423.0,427.6666564941406,74700
2019-10-09,422.0,425.0,419.0,425.0,52500
2019-10-10,423.0,423.0,411.6666564941406,413.3333435058594,72600
2019-10-11,416.6666564941406,416.6666564941406,406.0,411.6666564941406,77100
2019-10-15,418.3333435058594,422.0,416.0,421.3333435058594,71400
2019-10-16,423.6666564941406,425.6666564941406,418.3333435058594,422.6666564941406,65700
2019-10-17,420.0,420.3333435058594,411.6666564941406,416.6666564941406,65100
2019-10-18,413.3333435058594,417.6666564941406,409.3333435058594,412.6666564941406,60900
2019-10-21,413.3333435058594,414.6666564941406,409.6666564941406,414.6666564941406,68400
2019-10-23,417.6666564941406,439.6666564941406,416.3333435058594,439.0,288600
2019-10-24,442.3333435058594,443.0,433.0,437.3333435058594,84300
2019-10-25,440.6666564941406,441.0,430.3333435058594,440.6666564941406,87000
2019-10-28,440.0,440.0,430.0,432.6666564941406,98700
2019-10-29,433.3333435058594,435.0,430.3333435058594,433.6666564941406,54900
2019-10-30,432.3333435058594,458.3333435058594,432.0,458.3333435058594,219000
2019-10-31,455.0,457.3333435058594,447.0,450.6666564941406,70500
2019-11-01,447.0,480.0,445.6666564941406,469.6666564941406,295200
2019-11-05,470.6666564941406,473.0,467.0,470.3333435058594,98400
2019-11-06,469.0,469.0,460.3333435058594,463.3333435058594,85200
2019-11-07,466.3333435058594,468.6666564941406,459.6666564941406,459.6666564941406,56700
2019-11-08,460.3333435058594,479.3333435058594,450.0,460.3333435058594,162000
2019-11-11,470.3333435058594,490.3333435058594,470.0,483.3333435058594,170400
2019-11-12,487.0,487.0,472.3333435058594,479.0,73800
2019-11-13,481.0,482.3333435058594,473.3333435058594,478.0,59400
2019-11-14,481.6666564941406,481.6666564941406,469.3333435058594,476.6666564941406,46500
2019-11-15,473.6666564941406,486.0,473.6666564941406,484.3333435058594,60600
2019-11-18,489.3333435058594,493.3333435058594,485.0,487.0,40800
2019-11-19,491.3333435058594,491.3333435058594,478.3333435058594,486.0,31800
2019-11-20,486.6666564941406,488.0,474.6666564941406,478.6666564941406,35400
2019-11-21,474.0,486.6666564941406,472.6666564941406,486.6666564941406,49500
2019-11-22,486.0,490.6666564941406,483.0,487.6666564941406,69900
2019-11-25,488.6666564941406,491.6666564941406,482.3333435058594,486.6666564941406,78900
2019-11-26,486.6666564941406,486.6666564941406,473.3333435058594,473.3333435058594,89100
2019-11-27,477.6666564941406,479.6666564941406,475.6666564941406,479.6666564941406,52800
2019-11-28,479.6666564941406,489.0,475.3333435058594,485.6666564941406,110700
2019-11-29,486.0,486.3333435058594,472.3333435058594,478.6666564941406,70500
2019-12-02,478.6666564941406,480.6666564941406,474.3333435058594,480.0,63600
2019-12-03,473.3333435058594,483.0,468.0,482.3333435058594,73800
2019-12-04,480.0,487.0,476.3333435058594,487.0,69000
2019-12-05,487.0,489.3333435058594,480.0,489.0,61800
2019-12-06,489.0,489.0,479.0,487.0,67200
2019-12-09,487.0,488.0,476.6666564941406,479.3333435058594,51000
2019-12-10,479.3333435058594,479.3333435058594,472.0,477.6666564941406,53400
2019-12-11,479.0,485.0,477.0,485.0,74400
2019-12-12,485.0,486.3333435058594,476.0,477.0,52200
2019-12-13,485.6666564941406,487.6666564941406,481.6666564941406,482.3333435058594,95100
2019-12-16,482.3333435058594,491.6666564941406,480.6666564941406,487.0,97200
2019-12-17,491.6666564941406,510.3333435058594,489.0,510.3333435058594,159600
2019-12-18,512.6666870117188,512.6666870117188,501.0,508.3333435058594,134700
2019-12-19,508.3333435058594,513.0,506.3333435058594,507.3333435058594,59100
2019-12-20,507.3333435058594,507.3333435058594,494.3333435058594,503.0,73200
2019-12-23,513.6666870117188,513.6666870117188,503.3333435058594,503.3333435058594,97200
2019-12-24,505.6666564941406,525.0,504.3333435058594,521.6666870117188,163800
2019-12-25,521.3333129882812,525.0,515.3333129882812,520.6666870117188,86400
2019-12-26,522.6666870117188,522.6666870117188,504.0,507.0,158700
2019-12-27,507.0,511.3333435058594,502.6666564941406,508.6666564941406,79500
2019-12-30,508.3333435058594,510.0,501.3333435058594,508.0,79500
2020-01-06,501.0,530.0,495.6666564941406,529.6666870117188,219600
2020-01-07,539.6666870117188,543.0,531.3333129882812,541.0,193200
2020-01-08,538.3333129882812,538.3333129882812,515.0,531.0,202200
2020-01-09,542.0,562.3333129882812,535.0,561.6666870117188,231300
2020-01-10,560.6666870117188,560.6666870117188,544.0,549.6666870117188,94200
2020-01-14,550.0,554.6666870117188,544.6666870117188,547.6666870117188,57000
2020-01-15,549.0,556.3333129882812,544.0,550.0,46800
2020-01-16,550.0,555.3333129882812,548.0,549.0,49500
2020-01-17,546.6666870117188,548.0,538.0,538.3333129882812,63300
2020-01-20,540.3333129882812,550.6666870117188,540.3333129882812,548.6666870117188,36300
2020-01-21,551.6666870117188,554.6666870117188,545.3333129882812,552.0,60600
2020-01-22,550.0,553.6666870117188,545.6666870117188,546.6666870117188,33000
2020-01-23,546.6666870117188,547.6666870117188,541.0,541.3333129882812,49200
2020-01-24,541.6666870117188,543.3333129882812,533.6666870117188,536.3333129882812,67200
2020-01-27,526.3333129882812,530.6666870117188,516.6666870117188,519.0,195000
2020-01-28,512.6666870117188,528.3333129882812,511.0,521.3333129882812,82200
2020-01-29,521.3333129882812,526.0,519.0,521.6666870117188,62400
2020-01-30,520.6666870117188,520.6666870117188,486.3333435058594,498.6666564941406,151800
2020-01-31,508.6666564941406,513.3333129882812,503.0,505.3333435058594,75000
2020-02-03,485.0,498.3333435058594,481.0,494.0,83100
2020-02-04,496.3333435058594,511.6666564941406,493.3333435058594,510.0,74700
2020-02-05,515.0,523.3333129882812,511.6666564941406,515.0,68400
2020-02-06,523.3333129882812,523.3333129882812,514.0,514.3333129882812,76500
2020-02-07,516.6666870117188,532.6666870117188,510.6666564941406,527.6666870117188,93300
2020-02-10,525.6666870117188,532.3333129882812,520.6666870117188,520.6666870117188,53100
2020-02-12,526.6666870117188,532.0,524.6666870117188,527.0,63000
2020-02-13,535.0,573.3333129882812,522.6666870117188,560.3333129882812,522900
2020-02-14,564.6666870117188,566.3333129882812,552.6666870117188,559.6666870117188,268200
2020-02-17,559.3333129882812,559.3333129882812,542.3333129882812,550.0,69900
2020-02-18,542.0,559.6666870117188,541.6666870117188,548.6666870117188,94200
2020-02-19,541.6666870117188,559.6666870117188,541.6666870117188,555.3333129882812,59400
2020-02-20,559.3333129882812,564.3333129882812,543.0,543.0,73500
2020-02-21,543.3333129882812,550.3333129882812,541.6666870117188,543.3333129882812,46800
2020-02-25,519.3333129882812,543.3333129882812,516.6666870117188,538.0,231600
2020-02-26,544.3333129882812,544.3333129882812,525.0,541.6666870117188,180900
2020-02-27,544.0,544.0,514.6666870117188,517.6666870117188,143100
2020-02-28,491.0,507.0,484.0,486.6666564941406,191100
2020-03-02,483.6666564941406,528.3333129882812,482.6666564941406,511.0,195300
2020-03-03,534.6666870117188,534.6666870117188,500.3333435058594,502.3333435058594,150000
2020-03-04,490.3333435058594,509.3333435058594,490.0,500.6666564941406,66300
2020-03-05,512.6666870117188,513.3333129882812,498.3333435058594,499.6666564941406,72900
2020-03-06,489.6666564941406,493.3333435058594,476.3333435058594,477.6666564941406,125700
2020-03-09,458.0,466.0,439.0,445.6666564941406,140700
2020-03-10,416.3333435058594,451.3333435058594,413.0,450.3333435058594,256500
2020-03-11,456.6666564941406,459.3333435058594,436.0,436.6666564941406,128400
2020-03-12,430.0,445.0,423.6666564941406,426.3333435058594,199500
2020-03-13,392.3333435058594,406.3333435058594,375.3333435058594,398.0,211800
2020-03-16,408.3333435058594,424.6666564941406,398.3333435058594,400.0,109500
2020-03-17,396.3333435058594,441.0,393.3333435058594,437.3333435058594,169800
2020-03-18,438.3333435058594,443.6666564941406,413.3333435058594,413.6666564941406,126600
2020-03-19,419.0,430.0,378.0,380.3333435058594,136200
2020-03-23,374.0,379.6666564941406,359.6666564941406,379.3333435058594,216600
2020-03-24,398.0,426.6666564941406,392.3333435058594,426.6666564941406,166200
2020-03-25,456.6666564941406,460.0,437.3333435058594,455.0,142800
2020-03-26,452.6666564941406,452.6666564941406,432.0,438.3333435058594,108900
2020-03-27,458.3333435058594,475.6666564941406,448.3333435058594,463.6666564941406,129300
2020-03-30,452.0,462.3333435058594,444.3333435058594,462.3333435058594,104100
2020-03-31,464.3333435058594,472.6666564941406,456.3333435058594,466.3333435058594,95400
2020-04-01,461.6666564941406,462.3333435058594,426.3333435058594,429.6666564941406,64200
2020-04-02,410.0,420.6666564941406,401.0,404.6666564941406,94800
2020-04-03,412.0,417.3333435058594,386.6666564941406,389.0,58800
2020-04-06,393.0,419.0,380.0,416.6666564941406,97800
2020-04-07,423.3333435058594,448.3333435058594,423.3333435058594,446.3333435058594,90900
2020-04-08,446.3333435058594,466.3333435058594,438.0,460.6666564941406,99300
2020-04-09,466.0,466.0,438.6666564941406,450.0,66600
2020-04-10,454.6666564941406,458.6666564941406,436.6666564941406,458.0,49800
2020-04-13,459.6666564941406,462.0,444.0,447.0,49500
2020-04-14,455.3333435058594,457.3333435058594,444.3333435058594,455.6666564941406,40200
2020-04-15,459.0,459.0,446.0,449.3333435058594,45600
2020-04-16,449.0,462.0,447.3333435058594,460.6666564941406,48600
2020-04-17,458.3333435058594,463.3333435058594,448.6666564941406,456.0,71700
2020-04-20,452.6666564941406,465.3333435058594,451.6666564941406,465.3333435058594,40800
2020-04-21,458.0,466.3333435058594,449.6666564941406,451.6666564941406,55200
2020-04-22,449.3333435058594,460.3333435058594,440.0,453.6666564941406,45300
2020-04-23,454.0,460.6666564941406,451.6666564941406,460.6666564941406,28200
2020-04-24,460.6666564941406,472.6666564941406,460.3333435058594,472.6666564941406,53400
2020-04-27,478.6666564941406,489.3333435058594,475.3333435058594,475.6666564941406,61200
2020-04-28,480.6666564941406,487.0,474.6666564941406,487.0,59700
2020-04-30,488.3333435058594,498.6666564941406,479.3333435058594,482.6666564941406,76500
2020-05-01,476.6666564941406,481.3333435058594,463.0,477.0,75000
2020-05-07,477.3333435058594,498.0,473.6666564941406,491.3333435058594,75300
2020-05-08,496.6666564941406,501.6666564941406,491.3333435058594,498.0,71100
2020-05-11,500.0,506.6666564941406,495.0,506.6666564941406,37200
2020-05-12,508.6666564941406,512.6666870117188,499.6666564941406,509.0,32700
2020-05-13,505.0,515.6666870117188,500.3333435058594,512.3333129882812,40800
2020-05-14,512.3333129882812,518.3333129882812,506.6666564941406,509.0,117300
2020-05-15,510.6666564941406,511.0,456.3333435058594,494.6666564941406,156600
2020-05-18,478.0,488.0,459.0,479.3333435058594,164100
2020-05-19,489.3333435058594,496.3333435058594,480.3333435058594,493.6666564941406,114600
2020-05-20,493.6666564941406,500.6666564941406,493.0,495.6666564941406,31500
2020-05-21,500.0,500.0,481.6666564941406,483.0,84300
2020-05-22,483.3333435058594,496.6666564941406,483.3333435058594,492.6666564941406,54600
2020-05-25,498.3333435058594,511.6666564941406,496.6666564941406,511.6666564941406,111300
2020-05-26,516.6666870117188,526.6666870117188,511.6666564941406,517.0,171600
2020-05-27,521.0,521.0,507.0,518.3333129882812,84600
2020-05-28,518.3333129882812,518.3333129882812,502.0,510.0,90300
2020-05-29,503.6666564941406,513.0,503.6666564941406,507.3333435058594,62100
2020-06-01,507.3333435058594,510.6666564941406,500.6666564941406,506.6666564941406,45600
2020-06-02,503.3333435058594,510.0,496.6666564941406,507.3333435058594,52500
2020-06-03,509.6666564941406,509.6666564941406,490.6666564941406,494.6666564941406,95400
2020-06-04,496.6666564941406,504.6666564941406,490.6666564941406,501.3333435058594,73800
2020-06-05,501.3333435058594,501.6666564941406,487.0,489.6666564941406,78000
2020-06-08,493.3333435058594,499.0,492.6666564941406,499.0,60300
2020-06-09,497.6666564941406,497.6666564941406,487.0,493.3333435058594,65400
2020-06-10,488.6666564941406,503.0,486.6666564941406,499.6666564941406,64800
2020-06-11,498.0,501.3333435058594,487.0,494.0,99300
2020-06-12,464.0,476.6666564941406,456.0,471.6666564941406,131700
2020-06-15,470.0,474.0,454.3333435058594,455.6666564941406,78000
2020-06-16,472.3333435058594,479.0,466.3333435058594,473.0,81600
2020-06-17,474.0,488.3333435058594,474.0,487.6666564941406,55200
2020-06-18,488.6666564941406,489.0,482.0,488.0,34800
2020-06-19,488.3333435058594,498.3333435058594,482.6666564941406,498.3333435058594,57300
2020-06-22,499.3333435058594,499.3333435058594,489.3333435058594,495.0,37200
2020-06-23,500.0,500.0,488.6666564941406,493.6666564941406,42300
2020-06-24,500.6666564941406,500.6666564941406,489.3333435058594,489.3333435058594,35400
2020-06-25,487.0,493.6666564941406,483.0,489.6666564941406,44400
2020-06-26,486.3333435058594,493.3333435058594,482.3333435058594,491.6666564941406,84000
2020-06-29,490.0,490.0,469.3333435058594,476.6666564941406,72300
2020-06-30,485.0,485.6666564941406,469.6666564941406,470.0,35100
2020-07-01,477.0,479.6666564941406,458.0,462.6666564941406,56100
2020-07-02,465.0,470.0,444.0,450.0,119100
2020-07-03,450.0,457.0,448.6666564941406,454.3333435058594,32100
2020-07-06,461.0,468.3333435058594,461.0,466.3333435058594,42300
2020-07-07,471.3333435058594,471.3333435058594,454.0,466.3333435058594,32100
2020-07-08,466.3333435058594,472.0,457.0,457.0,22500
2020-07-09,458.6666564941406,458.6666564941406,446.6666564941406,450.0,65400
2020-07-10,456.0,456.3333435058594,441.0,441.6666564941406,58500
2020-07-13,450.0,462.0,447.3333435058594,462.0,48600
2020-07-14,462.6666564941406,467.0,452.6666564941406,464.6666564941406,28800
2020-07-15,473.0,473.0,461.3333435058594,469.0,23400
2020-07-16,471.0,471.0,458.6666564941406,461.0,18600
2020-07-17,461.3333435058594,471.6666564941406,461.3333435058594,463.6666564941406,20100
2020-07-20,469.6666564941406,483.0,465.0,483.0,36900
2020-07-21,490.0,493.6666564941406,483.3333435058594,493.6666564941406,62100
2020-07-22,490.3333435058594,505.3333435058594,490.3333435058594,502.0,81000
2020-07-27,497.3333435058594,526.3333129882812,496.0,520.6666870117188,153900
2020-07-28,531.6666870117188,539.6666870117188,521.6666870117188,526.3333129882812,197400
2020-07-29,526.3333129882812,535.6666870117188,509.0,510.3333435058594,235800
2020-07-30,510.3333435058594,512.6666870117188,499.0,511.3333435058594,84900
2020-07-31,503.3333435058594,503.3333435058594,480.6666564941406,488.3333435058594,80400
2020-08-03,494.6666564941406,503.3333435058594,488.3333435058594,496.6666564941406,45600
2020-08-04,502.6666564941406,502.6666564941406,491.6666564941406,498.6666564941406,27000
2020-08-05,498.0,502.0,493.3333435058594,500.0,36600
2020-08-06,500.0,501.0,483.0,490.0,50100
2020-08-07,484.3333435058594,500.0,446.0,449.0,148500
2020-08-11,452.3333435058594,462.6666564941406,452.0,460.3333435058594,61200
2020-08-12,465.6666564941406,470.6666564941406,459.3333435058594,468.3333435058594,66600
2020-08-13,470.0,474.6666564941406,463.3333435058594,468.0,47700
2020-08-14,470.3333435058594,485.0,470.3333435058594,477.3333435058594,71100
2020-08-17,483.6666564941406,483.6666564941406,472.0,478.6666564941406,25800
2020-08-18,486.3333435058594,486.3333435058594,469.6666564941406,473.3333435058594,45300
2020-08-19,473.3333435058594,481.0,469.0,472.3333435058594,33300
2020-08-20,473.3333435058594,475.6666564941406,462.6666564941406,474.6666564941406,49200
2020-08-21,474.0,474.0,462.6666564941406,467.3333435058594,24000
2020-08-24,468.6666564941406,471.6666564941406,463.3333435058594,471.6666564941406,20700
2020-08-25,481.6666564941406,481.6666564941406,467.0,469.6666564941406,35100
2020-08-26,467.6666564941406,468.3333435058594,463.3333435058594,468.0,36000
2020-08-27,468.6666564941406,472.6666564941406,466.3333435058594,469.3333435058594,20700
2020-08-28,475.0,475.0,450.6666564941406,459.3333435058594,72000
2020-08-31,465.3333435058594,469.3333435058594,460.6666564941406,463.6666564941406,35400
2020-09-01,463.6666564941406,465.0,457.6666564941406,465.0,14400
2020-09-02,468.0,468.0,457.6666564941406,464.3333435058594,25500
2020-09-03,466.3333435058594,468.6666564941406,460.3333435058594,462.3333435058594,37800
2020-09-04,455.0,459.3333435058594,449.3333435058594,458.0,69900
2020-09-07,453.6666564941406,457.6666564941406,451.3333435058594,457.3333435058594,34200
2020-09-08,456.3333435058594,466.6666564941406,450.6666564941406,464.6666564941406,69000
2020-09-09,457.6666564941406,466.0,454.6666564941406,459.3333435058594,58200
2020-09-10,465.3333435058594,465.3333435058594,456.0,461.3333435058594,39300
2020-09-11,466.3333435058594,472.6666564941406,459.3333435058594,469.3333435058594,51300
2020-09-14,471.6666564941406,478.3333435058594,471.0,475.0,42600
2020-09-15,473.3333435058594,474.6666564941406,468.3333435058594,474.6666564941406,26100
2020-09-16,478.6666564941406,482.6666564941406,475.6666564941406,480.3333435058594,42300
2020-09-17,482.0,486.3333435058594,473.3333435058594,476.6666564941406,46200
2020-09-18,480.3333435058594,491.0,476.6666564941406,488.6666564941406,53400
2020-09-23,488.6666564941406,500.0,488.6666564941406,500.0,42000
2020-09-24,503.0,505.6666564941406,486.0,492.6666564941406,55500
2020-09-25,496.0,504.6666564941406,494.0,504.6666564941406,56700
2020-09-28,508.3333435058594,515.3333129882812,498.3333435058594,515.3333129882812,93300
2020-09-29,517.0,529.0,508.3333435058594,515.0,117300
2020-09-30,517.6666870117188,517.6666870117188,494.0,495.0,84900
2020-10-02,498.3333435058594,500.3333435058594,475.6666564941406,482.3333435058594,69000
2020-10-05,482.3333435058594,492.0,482.3333435058594,486.6666564941406,41700
2020-10-06,484.6666564941406,490.3333435058594,478.6666564941406,484.0,33300
2020-10-07,477.6666564941406,483.0,474.0,479.3333435058594,39300
2020-10-08,484.0,484.0,473.0,473.3333435058594,61200
2020-10-09,476.3333435058594,480.3333435058594,472.0,477.0,32700
2020-10-12,475.0,482.6666564941406,470.3333435058594,481.0,33300
2020-10-13,481.0,481.0,475.3333435058594,477.0,12000
2020-10-14,474.3333435058594,479.3333435058594,474.3333435058594,476.6666564941406,25200
2020-10-15,480.3333435058594,480.3333435058594,463.6666564941406,470.6666564941406,43500
2020-10-16,469.3333435058594,473.3333435058594,457.6666564941406,461.6666564941406,41700
2020-10-19,463.3333435058594,474.6666564941406,460.0,474.6666564941406,35100
2020-10-20,477.0,477.0,465.3333435058594,465.3333435058594,34200
2020-10-21,472.6666564941406,472.6666564941406,468.3333435058594,472.3333435058594,18000
2020-10-22,473.3333435058594,473.3333435058594,458.6666564941406,468.3333435058594,33000
2020-10-23,468.3333435058594,468.3333435058594,454.0,463.3333435058594,43200
2020-10-26,462.0,463.3333435058594,450.6666564941406,453.3333435058594,47100
2020-10-27,452.6666564941406,468.0,451.0,468.0,34500
2020-10-28,467.3333435058594,468.0,459.0,467.3333435058594,25500
2020-10-29,460.0,468.3333435058594,456.6666564941406,464.0,47400
2020-10-30,464.0,464.0,445.0,446.6666564941406,63900
2020-11-02,446.6666564941406,450.0,440.3333435058594,442.0,71700
2020-11-04,443.3333435058594,456.3333435058594,443.0,452.3333435058594,53700
2020-11-05,457.0,474.3333435058594,444.3333435058594,473.6666564941406,108300
2020-11-06,468.3333435058594,468.3333435058594,452.3333435058594,457.6666564941406,76500
2020-11-09,466.6666564941406,473.0,438.3333435058594,453.6666564941406,149400
2020-11-10,443.6666564941406,447.6666564941406,436.0,438.6666564941406,145800
2020-11-11,444.0,444.0,433.3333435058594,436.3333435058594,101100
2020-11-12,436.3333435058594,440.0,430.3333435058594,432.0,80100
2020-11-13,429.3333435058594,429.3333435058594,418.3333435058594,418.6666564941406,93000
2020-11-16,419.0,425.6666564941406,415.0,419.0,99600
2020-11-17,421.0,421.0,409.0,409.3333435058594,91800
2020-11-18,408.3333435058594,418.0,406.6666564941406,416.6666564941406,55800
2020-11-19,417.3333435058594,418.0,410.3333435058594,410.6666564941406,38700
2020-11-20,409.3333435058594,411.6666564941406,404.6666564941406,406.3333435058594,42000
2020-11-24,414.3333435058594,414.6666564941406,402.0,405.3333435058594,67200
2020-11-25,412.0,412.0,404.0,407.3333435058594,68400
2020-11-26,409.3333435058594,416.0,406.6666564941406,412.0,94200
2020-11-27,417.3333435058594,418.0,411.0,413.3333435058594,84000
2020-11-30,422.6666564941406,422.6666564941406,407.0,408.0,106800
2020-12-01,410.0,416.0,404.6666564941406,410.0,100500
2020-12-02,412.3333435058594,416.6666564941406,410.0,412.3333435058594,57000
2020-12-03,415.6666564941406,418.3333435058594,411.3333435058594,417.6666564941406,39000
2020-12-04,416.6666564941406,416.6666564941406,408.3333435058594,409.0,64500
2020-12-07,413.0,413.0,400.0,402.6666564941406,86400
2020-12-08,404.0,414.0,403.6666564941406,414.0,57300
2020-12-09,415.6666564941406,415.6666564941406,407.0,411.0,50100
2020-12-10,407.0,410.0,405.6666564941406,407.6666564941406,38700
2020-12-11,411.6666564941406,416.3333435058594,410.3333435058594,416.3333435058594,92400
2020-12-14,417.6666564941406,424.0,417.6666564941406,420.6666564941406,91800
2020-12-15,422.3333435058594,425.0,421.3333435058594,425.0,43800
2020-12-16,425.0,425.0,420.0,421.6666564941406,32700
2020-12-17,424.3333435058594,425.6666564941406,418.3333435058594,420.0,58500
2020-12-18,421.6666564941406,422.3333435058594,418.0,422.3333435058594,39000
2020-12-21,421.3333435058594,425.3333435058594,420.0,420.0,82800
2020-12-22,420.0,420.0,408.3333435058594,409.6666564941406,91500
2020-12-23,412.0,413.6666564941406,408.3333435058594,410.3333435058594,47400
2020-12-24,411.6666564941406,419.0,410.0,419.0,63300
2020-12-25,421.3333435058594,423.3333435058594,415.3333435058594,422.3333435058594,53100
2020-12-28,426.6666564941406,426.6666564941406,413.6666564941406,419.3333435058594,138900
2020-12-29,423.0,425.0,415.6666564941406,423.6666564941406,95400
2020-12-30,424.6666564941406,424.6666564941406,416.6666564941406,421.0,60600
2021-01-04,422.6666564941406,422.6666564941406,410.6666564941406,415.0,53100
2021-01-05,415.0,418.0,407.6666564941406,410.0,88800
2021-01-06,410.3333435058594,413.0,408.0,410.6666564941406,59100
2021-01-07,412.6666564941406,414.3333435058594,410.0,412.6666564941406,47100
2021-01-08,413.0,417.3333435058594,411.3333435058594,416.0,88800
2021-01-12,417.3333435058594,417.3333435058594,406.6666564941406,412.3333435058594,122700
2021-01-13,413.3333435058594,415.6666564941406,410.6666564941406,414.3333435058594,67800
2021-01-14,412.0,415.0,409.3333435058594,414.3333435058594,90900
2021-01-15,411.6666564941406,416.0,411.3333435058594,412.6666564941406,65400
2021-01-18,413.6666564941406,415.0,409.0,409.0,69600
2021-01-19,410.3333435058594,412.0,407.3333435058594,407.6666564941406,63300
2021-01-20,411.6666564941406,411.6666564941406,404.3333435058594,405.6666564941406,79200
2021-01-21,405.3333435058594,409.6666564941406,400.3333435058594,403.3333435058594,143400
2021-01-22,403.3333435058594,406.6666564941406,403.0,403.0,64200
2021-01-25,405.0,412.6666564941406,405.0,412.6666564941406,93300
2021-01-26,413.3333435058594,414.6666564941406,408.6666564941406,414.6666564941406,70800
2021-01-27,415.3333435058594,417.0,413.0,416.3333435058594,60300
2021-01-28,410.6666564941406,415.6666564941406,408.6666564941406,415.6666564941406,117900
2021-01-29,414.3333435058594,416.0,409.0,411.3333435058594,106800
2021-02-01,414.0,415.0,407.3333435058594,411.3333435058594,44400
2021-02-02,415.0,415.0,408.6666564941406,410.0,80100
2021-02-03,411.6666564941406,414.3333435058594,409.6666564941406,412.3333435058594,79800
2021-02-04,413.3333435058594,419.3333435058594,412.0,418.6666564941406,78300
2021-02-05,417.3333435058594,422.0,416.0,421.6666564941406,55800
2021-02-08,424.0,426.6666564941406,421.0,424.3333435058594,93900
2021-02-09,426.3333435058594,426.3333435058594,407.0,410.0,185700
2021-02-10,408.0,412.3333435058594,407.6666564941406,408.6666564941406,92400
2021-02-12,412.0,414.3333435058594,409.3333435058594,411.3333435058594,54000
2021-02-15,411.6666564941406,413.6666564941406,409.0,412.6666564941406,67800
2021-02-16,414.0,414.6666564941406,406.6666564941406,409.3333435058594,156000
2021-02-17,409.3333435058594,410.6666564941406,407.0,408.3333435058594,81000
2021-02-18,410.6666564941406,413.3333435058594,407.3333435058594,408.3333435058594,133200
2021-02-19,407.3333435058594,409.6666564941406,406.3333435058594,407.6666564941406,89400
2021-02-22,407.6666564941406,410.0,403.6666564941406,406.0,107400
2021-02-24,408.6666564941406,411.3333435058594,405.0,409.6666564941406,117300
2021-02-25,411.3333435058594,414.0,407.6666564941406,414.0,86700
2021-02-26,407.6666564941406,413.3333435058594,405.6666564941406,405.6666564941406,131700
2021-03-01,408.6666564941406,410.6666564941406,404.0,409.0,59400
2021-03-02,411.3333435058594,411.3333435058594,404.3333435058594,409.0,78900
2021-03-03,408.3333435058594,412.0,405.6666564941406,412.0,58200
2021-03-04,408.0,414.6666564941406,407.6666564941406,414.6666564941406,117000
2021-03-05,412.6666564941406,415.6666564941406,408.3333435058594,415.3333435058594,90000
2021-03-08,419.6666564941406,422.0,415.3333435058594,422.0,113400
2021-03-09,423.3333435058594,431.0,420.6666564941406,429.0,100500
2021-03-10,432.3333435058594,434.6666564941406,425.3333435058594,432.6666564941406,99900
2021-03-11,433.0,441.3333435058594,428.0,440.3333435058594,98400
2021-03-12,442.3333435058594,444.0,434.6666564941406,437.6666564941406,65400
2021-03-15,443.3333435058594,446.0,440.0,446.0,100800
2021-03-16,447.6666564941406,455.0,447.6666564941406,455.0,76500
2021-03-17,455.0,456.3333435058594,447.6666564941406,451.3333435058594,57600
2021-03-18,451.3333435058594,451.3333435058594,443.3333435058594,450.0,90600
2021-03-19,447.0,447.0,439.3333435058594,443.3333435058594,94800
2021-03-22,440.3333435058594,446.6666564941406,440.0,446.0,55200
2021-03-23,444.3333435058594,446.3333435058594,436.3333435058594,436.3333435058594,58500
2021-03-24,433.6666564941406,436.6666564941406,427.6666564941406,433.3333435058594,99000
2021-03-25,436.0,439.3333435058594,431.0,438.3333435058594,59100
2021-03-26,441.0,442.6666564941406,436.3333435058594,442.6666564941406,88500
2021-03-29,445.0,445.0,432.0,438.0,98700
2021-03-30,430.3333435058594,432.6666564941406,425.0,427.6666564941406,88500
2021-03-31,426.6666564941406,432.6666564941406,425.0,425.0,49500
2021-04-01,442.3333435058594,470.6666564941406,441.0,464.6666564941406,640800
2021-04-02,473.0,473.3333435058594,457.0,463.6666564941406,160200
2021-04-05,463.0,464.3333435058594,454.3333435058594,462.6666564941406,84300
2021-04-06,464.6666564941406,465.3333435058594,453.6666564941406,456.3333435058594,84300
2021-04-07,456.3333435058594,464.3333435058594,456.3333435058594,463.6666564941406,47100
2021-04-08,462.3333435058594,462.6666564941406,454.0,454.6666564941406,81300
2021-04-09,453.0,460.0,453.0,457.0,66900
2021-04-12,460.0,460.0,456.0,458.0,27000
2021-04-13,458.3333435058594,461.0,458.3333435058594,458.6666564941406,20100
2021-04-14,458.6666564941406,459.3333435058594,457.0,458.0,22800
2021-04-15,461.0,463.6666564941406,460.0,460.6666564941406,44400
2021-04-16,460.3333435058594,463.6666564941406,457.0,459.0,38700
2021-04-19,460.0,463.3333435058594,458.6666564941406,461.3333435058594,27600
2021-04-20,461.3333435058594,463.0,457.3333435058594,460.0,73200
2021-04-21,457.6666564941406,459.3333435058594,448.3333435058594,448.3333435058594,110100
2021-04-22,452.0,455.0,450.0,452.3333435058594,18000
2021-04-23,452.3333435058594,455.3333435058594,447.3333435058594,452.3333435058594,42600
2021-04-26,462.3333435058594,462.3333435058594,453.0,453.0,53100
2021-04-27,454.0,455.3333435058594,451.0,451.0,44700
2021-04-28,451.0,452.6666564941406,446.3333435058594,446.3333435058594,69000
2021-04-30,446.3333435058594,450.6666564941406,446.3333435058594,446.3333435058594,26700
2021-05-06,445.3333435058594,454.6666564941406,445.0,450.6666564941406,69300
2021-05-07,451.0,465.6666564941406,451.0,453.0,133200
2021-05-10,453.0,458.3333435058594,448.3333435058594,455.0,82800
2021-05-11,455.3333435058594,461.3333435058594,449.3333435058594,449.3333435058594,75600
2021-05-12,450.0,450.0,441.0,442.6666564941406,67200
2021-05-13,440.6666564941406,451.0,438.3333435058594,440.0,110400
2021-05-14,444.6666564941406,450.6666564941406,443.3333435058594,446.0,66900
2021-05-17,443.0,444.6666564941406,437.6666564941406,439.3333435058594,74400
2021-05-18,440.0,447.3333435058594,439.0,447.0,51000
2021-05-19,443.3333435058594,451.3333435058594,443.3333435058594,449.6666564941406,69300
2021-05-20,451.3333435058594,455.0,449.6666564941406,451.0,48900
2021-05-21,451.0,454.0,449.0,449.0,42600
2021-05-24,451.6666564941406,452.3333435058594,449.0,451.0,32400
2021-05-25,454.3333435058594,454.3333435058594,449.0,451.0,20400
2021-05-26,452.3333435058594,452.3333435058594,445.6666564941406,447.6666564941406,46200
2021-05-27,447.6666564941406,447.6666564941406,442.6666564941406,442.6666564941406,32400
2021-05-28,444.6666564941406,448.3333435058594,443.0,448.3333435058594,45900
2021-05-31,452.0,452.0,444.0,445.3333435058594,60000
2021-06-01,445.3333435058594,447.6666564941406,443.6666564941406,446.3333435058594,24900
2021-06-02,446.0,447.6666564941406,441.0,442.0,100200
2021-06-03,442.6666564941406,446.6666564941406,442.0,443.0,30000
2021-06-04,443.0,447.3333435058594,442.3333435058594,446.6666564941406,40800
2021-06-07,448.6666564941406,452.3333435058594,448.3333435058594,449.0,44700
2021-06-08,449.3333435058594,453.0,449.0,451.6666564941406,30300
2021-06-09,453.6666564941406,453.6666564941406,450.0,450.0,35700
2021-06-10,451.3333435058594,454.0,450.3333435058594,452.6666564941406,35400
2021-06-11,456.0,456.0,450.3333435058594,450.3333435058594,64500
2021-06-14,451.0,452.6666564941406,448.0,449.6666564941406,56700
2021-06-15,449.6666564941406,450.6666564941406,447.0,450.0,41400
2021-06-16,450.6666564941406,453.0,448.6666564941406,450.3333435058594,31800
2021-06-17,453.0,453.0,447.0,449.3333435058594,35100
2021-06-18,452.3333435058594,452.3333435058594,449.0,449.6666564941406,30600
2021-06-21,451.0,451.0,443.6666564941406,443.6666564941406,67800
2021-06-22,453.6666564941406,453.6666564941406,447.3333435058594,451.3333435058594,41400
2021-06-23,448.6666564941406,453.0,448.6666564941406,450.0,32400
2021-06-24,448.3333435058594,453.0,448.3333435058594,451.3333435058594,25200
2021-06-25,451.3333435058594,456.0,451.3333435058594,456.0,50400
2021-06-28,457.6666564941406,461.3333435058594,456.6666564941406,461.0,109200
2021-06-29,458.5,461.0,447.0,448.0,110200
2021-06-30,448.0,457.5,448.0,450.5,38800
2021-07-01,450.5,450.5,447.0,447.0,29200
2021-07-02,449.0,451.5,448.0,449.5,23400
2021-07-05,449.0,449.0,445.5,446.0,17400
2021-07-06,460.0,468.0,453.5,467.5,122400
2021-07-07,462.5,468.0,461.0,462.5,53600
2021-07-08,463.5,463.5,456.0,456.0,73800
2021-07-09,452.5,464.0,452.5,464.0,55800
2021-07-12,465.0,469.0,462.5,463.5,39600
2021-07-13,466.5,467.0,463.0,466.5,25800
2021-07-14,466.5,484.0,465.5,479.5,79200
2021-07-15,479.0,479.0,475.0,475.5,29400
2021-07-16,473.0,480.0,473.0,479.5,30200
2021-07-19,478.0,479.0,470.0,470.0,31000
2021-07-20,465.5,473.0,465.0,466.5,35400
2021-07-21,472.5,477.5,472.5,477.5,38200
2021-07-26,484.5,484.5,477.0,480.0,70800
2021-07-27,481.0,482.5,477.5,482.5,44400
2021-07-28,481.0,481.5,470.5,474.0,29400
2021-07-29,474.0,475.0,470.0,475.0,26200
2021-07-30,474.0,476.0,464.5,466.0,37400
2021-08-02,467.5,475.0,465.0,470.5,72800
2021-08-03,474.5,477.5,470.5,473.5,44000
2021-08-04,475.5,475.5,465.0,466.5,24800
2021-08-05,465.5,465.5,462.5,462.5,22600
2021-08-06,461.5,464.0,459.0,459.5,21600
2021-08-10,460.0,461.5,457.5,461.5,30200
2021-08-11,464.5,469.0,460.5,469.0,19600
2021-08-12,471.0,475.5,466.0,474.5,43600
2021-08-13,475.0,475.0,462.0,465.5,24200
2021-08-16,462.0,465.0,456.5,456.5,38000
2021-08-17,458.0,459.5,453.0,453.5,37200
2021-08-18,452.5,465.0,452.5,463.5,14400
2021-08-19,459.5,465.5,459.0,460.0,9000
2021-08-20,460.0,465.0,455.5,458.5,34600
2021-08-23,460.5,463.5,457.5,462.5,24400
2021-08-24,464.5,465.0,460.5,464.5,22200
2021-08-25,464.5,464.5,460.5,463.0,15600
2021-08-26,464.5,464.5,460.0,463.0,29800
2021-08-27,462.5,465.0,457.5,465.0,35400
2021-08-30,465.0,468.0,461.0,464.5,40200
2021-08-31,464.5,467.0,462.5,462.5,15400
2021-09-01,464.5,468.0,464.0,468.0,25400
2021-09-02,468.0,472.0,468.0,469.0,22200
2021-09-03,470.0,474.0,469.5,472.5,36000
2021-09-06,479.5,479.5,471.5,475.5,29600
2021-09-07,477.5,479.0,471.5,479.0,67200
2021-09-08,480.5,483.5,477.0,483.5,48200
2021-09-09,483.5,484.0,477.0,479.0,41800
2021-09-10,474.0,487.0,472.0,487.0,77000
2021-09-13,482.0,491.5,482.0,490.0,67400
2021-09-14,492.5,492.5,482.0,485.5,107000
2021-09-15,481.5,488.0,476.5,487.5,57400
2021-09-16,487.5,487.5,476.5,483.5,42200
2021-09-17,481.5,484.5,479.5,484.5,43800
2021-09-21,478.0,481.5,472.5,480.5,70400
2021-09-22,480.5,480.5,474.5,477.5,36000
2021-09-24,485.0,487.5,481.5,487.5,78000
2021-09-27,481.5,484.5,480.5,483.0,64600
2021-09-28,485.0,485.0,476.5,483.0,43600
2021-09-29,468.0,474.0,465.0,471.5,48200
2021-09-30,470.5,470.5,459.5,463.0,93400
2021-10-01,460.0,464.0,460.0,464.0,43800
2021-10-04,464.0,466.0,459.5,460.0,39800
2021-10-05,459.0,459.0,449.0,450.0,133400
2021-10-06,456.0,459.5,450.0,451.5,32400
2021-10-07,451.5,461.0,451.5,460.0,42600
2021-10-08,462.5,473.0,460.5,471.5,93800
2021-10-11,472.5,476.0,469.0,474.5,38800
2021-10-12,475.0,475.5,463.0,463.0,28600
2021-10-13,461.5,468.0,460.5,465.5,33600
2021-10-14,465.5,467.0,461.5,462.5,26800
2021-10-15,463.0,470.0,462.5,468.5,27400
2021-10-18,472.5,473.5,466.0,473.5,29400
2021-10-19,474.0,475.0,467.5,470.5,29600
2021-10-20,472.0,475.0,467.0,468.0,33800
2021-10-21,466.5,466.5,461.5,461.5,26800
2021-10-22,461.5,466.0,460.5,463.5,35200
2021-10-25,462.0,466.0,460.0,460.0,32400
2021-10-26,462.0,467.0,462.0,466.5,51200
2021-10-27,462.5,470.0,462.5,470.0,43400
2021-10-28,466.5,479.5,466.5,479.5,315600
2021-10-29,479.0,479.0,463.0,469.5,70200
2021-11-01,469.5,472.0,462.5,469.5,38000
2021-11-02,467.5,470.5,463.0,464.0,25000
2021-11-04,469.0,482.5,464.5,482.0,96200
2021-11-05,479.5,479.5,465.0,465.5,34000
2021-11-08,470.5,470.5,458.5,459.5,41800
2021-11-09,461.5,461.5,456.5,457.0,22600
2021-11-10,458.0,458.0,451.5,453.0,30600
2021-11-11,455.5,455.5,450.0,450.5,26000
2021-11-12,451.0,456.0,450.5,455.0,33800
2021-11-15,459.0,459.0,451.0,453.0,22400
2021-11-16,454.0,456.5,451.5,456.5,27800
2021-11-17,457.0,457.5,450.0,450.0,23800
2021-11-18,450.5,450.5,440.5,443.0,49400
2021-11-19,442.0,442.5,439.0,441.0,40000
2021-11-22,441.5,445.0,440.0,442.0,25400
2021-11-24,442.0,444.5,439.0,440.0,21200
2021-11-25,440.0,441.0,437.5,439.0,44800
2021-11-26,436.0,436.0,428.5,432.0,57000
2021-11-29,421.0,428.5,416.5,422.0,82600
2021-11-30,420.0,426.0,416.5,416.5,96800
2021-12-01,415.5,417.5,410.5,411.5,72000
2021-12-02,411.0,416.5,410.5,411.0,61600
2021-12-03,410.5,421.5,410.5,419.5,112600
2021-12-06,419.5,420.5,415.0,417.0,36800
2021-12-07,417.0,433.0,416.0,433.0,61000
2021-12-08,433.5,433.5,430.0,433.5,24600
2021-12-09,432.0,433.5,428.0,433.5,27000
2021-12-10,431.0,431.0,424.0,426.0,46800
2021-12-13,432.5,432.5,422.5,428.0,59600
2021-12-14,427.5,430.5,424.0,430.5,31200
2021-12-15,427.0,433.5,427.0,430.5,20600
2021-12-16,434.5,434.5,427.5,432.5,27000
2021-12-17,435.5,435.5,427.0,432.0,29600
2021-12-20,427.5,430.5,423.0,423.0,36800
2021-12-21,426.0,428.0,420.5,426.5,45200
2021-12-22,429.0,429.0,424.5,426.5,24000
2021-12-23,427.5,430.5,426.5,430.5,29800
2021-12-24,433.5,433.5,427.5,429.5,32600
2021-12-27,432.0,432.0,425.5,429.5,94000
2021-12-28,438.5,445.5,432.5,445.5,87800
2021-12-29,444.0,448.0,440.5,448.0,50000
2021-12-30,447.0,447.0,443.0,446.0,10400
2022-01-04,446.0,448.5,444.0,448.5,27000
2022-01-05,446.0,446.0,440.5,441.0,44800
2022-01-06,440.0,440.0,431.5,432.0,42000
2022-01-07,432.0,438.0,430.0,433.5,45600
2022-01-11,433.5,433.5,428.0,430.0,19400
2022-01-12,430.0,437.0,430.0,437.0,32200
2022-01-13,437.0,443.5,430.5,441.5,58000
2022-01-14,441.5,441.5,432.5,435.0,43000
2022-01-17,435.5,440.0,431.5,431.5,22600
2022-01-18,431.5,437.5,427.5,427.5,43400
2022-01-19,424.0,427.5,418.0,420.0,72400
2022-01-20,419.0,424.0,416.5,421.5,46800
2022-01-21,420.5,427.5,418.5,427.5,35200
2022-01-24,425.0,429.5,422.5,428.0,51800
2022-01-25,427.5,428.0,419.5,421.5,50400
2022-01-26,418.5,422.5,418.0,418.0,78800
2022-01-27,420.0,420.0,406.0,406.0,93000
2022-01-28,413.5,416.5,407.0,409.5,80000
2022-01-31,412.5,418.0,412.0,418.0,52800
2022-02-01,419.0,424.0,413.5,414.5,52000
2022-02-02,418.5,426.0,417.0,426.0,62200
2022-02-03,427.0,427.0,418.5,424.5,39200
2022-02-04,418.0,426.0,418.0,424.5,25000
2022-02-07,426.0,427.0,421.5,424.5,29200
2022-02-08,427.0,430.5,423.5,425.5,44400
2022-02-09,430.5,430.5,423.0,429.0,35600
2022-02-10,431.0,431.0,426.5,429.0,29600
2022-02-14,429.0,429.0,423.0,429.0,29600
2022-02-15,429.0,430.5,422.5,425.0,50800
2022-02-16,432.5,432.5,423.0,426.5,26600
2022-02-17,426.0,426.0,423.0,425.0,16200
2022-02-18,423.5,429.0,422.5,427.5,24800
2022-02-21,424.5,426.5,421.0,424.5,22600
2022-02-22,423.5,424.5,419.0,420.5,22200
2022-02-24,420.5,423.5,418.5,423.5,48200
2022-02-25,424.5,430.0,423.0,430.0,71000
2022-02-28,437.5,437.5,427.0,431.5,70800
2022-03-01,432.5,435.5,429.0,432.5,52600
2022-03-02,427.5,430.5,425.0,426.5,26000
2022-03-03,433.0,433.0,424.0,426.5,26200
2022-03-04,426.0,430.5,425.5,427.0,33600
2022-03-07,425.0,425.0,416.5,419.5,60600
2022-03-08,416.0,420.0,405.0,407.0,57600
2022-03-09,408.0,411.0,402.5,402.5,46800
2022-03-10,412.5,421.0,410.0,421.0,57600
2022-03-11,413.5,416.0,411.5,414.5,33600
2022-03-14,419.5,422.0,414.0,418.5,31000
2022-03-15,422.5,424.5,416.5,424.5,33800
2022-03-16,428.0,428.0,419.5,424.5,33800
2022-03-17,428.0,429.0,423.0,429.0,46000
2022-03-18,429.0,429.0,424.5,429.0,39400
2022-03-22,430.0,434.5,425.5,434.5,59000
2022-03-23,438.0,440.5,435.0,436.0,85800
2022-03-24,436.0,443.5,433.0,443.5,49400
2022-03-25,443.5,443.5,436.0,439.5,52000
2022-03-28,438.5,438.5,434.5,436.0,47800
2022-03-29,434.5,437.5,430.5,435.5,123800
2022-03-30,426.5,428.0,420.0,428.0,55800
2022-03-31,422.0,426.5,422.0,423.0,40400
2022-04-01,423.0,423.0,415.0,423.0,47400
2022-04-04,425.5,425.5,420.0,421.0,24200
2022-04-05,425.5,425.5,418.5,420.5,42600
2022-04-06,416.5,423.0,416.0,420.5,21800
2022-04-07,420.0,420.0,412.5,415.0,33800
2022-04-08,416.0,418.0,410.5,414.5,30200
2022-04-11,411.0,415.0,410.0,412.5,30200
2022-04-12,413.0,413.0,406.5,407.5,39000
2022-04-13,410.0,411.5,405.5,410.0,63800
2022-04-14,413.0,414.5,409.0,414.5,26200
2022-04-15,415.5,415.5,408.5,409.0,18400
2022-04-18,410.0,413.0,407.0,410.5,28000
2022-04-19,410.5,412.5,408.5,410.5,18400
2022-04-20,413.0,413.5,408.5,410.5,21400
2022-04-21,411.5,419.5,411.5,415.5,74400
2022-04-22,412.0,413.0,408.5,411.0,20600
2022-04-25,407.0,411.0,407.0,408.5,23200
2022-04-26,408.5,411.0,407.5,411.0,45400
2022-04-27,407.5,421.0,406.0,421.0,52000
2022-04-28,423.0,423.0,412.5,421.0,95200
2022-05-02,420.0,432.0,418.0,419.0,91400
2022-05-06,424.5,424.5,416.5,422.5,34800
2022-05-09,423.0,423.0,413.5,415.5,35400
2022-05-10,414.5,416.5,409.5,415.0,23600
2022-05-11,415.0,416.0,410.0,412.0,11600
2022-05-12,409.5,418.0,408.0,410.0,28400
2022-05-13,410.5,417.5,410.5,417.0,33800
2022-05-16,419.5,419.5,412.0,415.0,28600
2022-05-17,414.0,416.5,413.0,415.0,19400
2022-05-18,416.5,416.5,412.0,416.0,34600
2022-05-19,412.5,417.0,411.5,413.5,47000
2022-05-20,415.5,422.0,414.0,422.0,32200
2022-05-23,424.0,424.0,418.0,423.5,33600
2022-05-24,422.0,423.0,418.0,418.0,21400
2022-05-25,421.0,422.5,413.5,419.0,38200
2022-05-26,422.0,422.5,417.5,420.0,52600
2022-05-27,423.0,423.0,417.0,423.0,30200
2022-05-30,425.0,436.0,423.5,436.0,100800
2022-05-31,430.0,430.0,423.0,426.0,52800
2022-06-01,425.0,430.0,425.0,430.0,28800
2022-06-02,430.0,430.0,421.0,424.5,38400
2022-06-03,427.5,427.5,422.0,425.5,16400
2022-06-06,425.0,428.5,425.0,427.0,21400
2022-06-07,430.0,430.0,422.5,422.5,40600
2022-06-08,424.0,428.5,423.5,427.5,30600
2022-06-09,426.0,429.0,424.5,428.0,24400
2022-06-10,428.0,428.5,422.5,427.0,67800
2022-06-13,426.5,427.0,421.0,423.5,75200
2022-06-14,419.5,419.5,415.0,416.0,34400
2022-06-15,412.5,415.0,409.0,411.5,47400
2022-06-16,411.5,414.5,410.0,410.5,36400
2022-06-17,407.5,419.5,407.0,408.0,81800
2022-06-20,411.0,411.0,403.0,407.0,110000
2022-06-21,411.0,417.0,410.0,413.5,41800
2022-06-22,416.5,416.5,412.0,415.0,14000
2022-06-23,415.5,419.0,411.0,415.5,17000
2022-06-24,417.0,420.0,417.0,418.5,18200
2022-06-27,422.5,422.5,414.0,415.5,30800
2022-06-28,417.5,418.5,414.0,418.5,27800
2022-06-29,417.0,425.0,414.0,425.0,61200
2022-06-30,422.5,422.5,413.0,413.0,43200
2022-07-01,412.5,415.5,407.5,408.5,38800
2022-07-04,414.0,417.5,413.0,417.0,30000
2022-07-05,419.5,419.5,414.0,414.0,24200
2022-07-06,414.5,419.0,410.5,413.5,35600
2022-07-07,418.0,420.5,415.5,417.5,34000
2022-07-08,417.5,421.5,411.0,411.0,52800
2022-07-11,415.0,425.0,415.0,424.5,53200
2022-07-12,423.5,423.5,414.0,415.5,22000
2022-07-13,415.0,419.5,415.0,418.5,13000
2022-07-14,416.0,420.0,416.0,419.0,9600
2022-07-15,419.5,419.5,414.0,415.0,18800
2022-07-19,418.5,418.5,413.0,416.5,20000
2022-07-20,417.5,422.0,417.5,422.0,32800
2022-07-21,421.5,424.5,418.5,422.5,27400
2022-07-22,423.5,428.5,423.5,425.5,29000
2022-07-25,425.5,433.5,425.0,433.5,38600
2022-07-26,437.5,437.5,430.0,432.0,81200
2022-07-27,425.5,428.0,424.5,424.5,26200
2022-07-28,429.5,440.0,425.5,440.0,75800
2022-07-29,438.0,438.0,424.5,424.5,47000
2022-08-01,439.5,447.5,436.5,446.5,117000
2022-08-02,441.5,444.0,435.5,435.5,72800
2022-08-03,435.0,440.0,435.0,437.0,14400
2022-08-04,438.0,440.0,432.5,433.5,34000
2022-08-05,435.0,454.0,435.0,448.5,104600
2022-08-08,447.5,448.0,441.5,441.5,33000
2022-08-09,440.0,442.0,433.5,433.5,56800
2022-08-10,433.5,439.0,432.5,437.0,24800
2022-08-12,441.0,444.5,438.5,444.5,33800
2022-08-15,447.5,447.5,441.5,441.5,26800
2022-08-16,441.5,443.5,441.0,443.0,12800
2022-08-17,444.5,450.0,443.5,450.0,38600
2022-08-18,449.0,452.5,446.0,451.0,25200
2022-08-19,451.5,454.0,450.0,450.0,21800
2022-08-22,447.5,449.0,442.5,449.0,20800
2022-08-23,446.5,446.5,441.5,441.5,15800
2022-08-24,445.0,449.5,441.5,442.5,28800
2022-08-25,443.0,450.5,443.0,450.5,25800
2022-08-26,456.0,456.0,450.0,453.0,36000
2022-08-29,446.5,448.0,444.0,446.0,29600
2022-08-30,448.0,453.5,448.0,453.0,11800
2022-08-31,450.0,458.0,450.0,453.0,44800
2022-09-01,450.0,450.5,441.0,441.0,50200
2022-09-02,443.5,444.0,437.0,437.5,19400
2022-09-05,436.5,438.5,435.5,436.0,19600
2022-09-06,436.0,442.5,436.0,437.5,23600
2022-09-07,437.5,439.5,434.5,435.5,31000
2022-09-08,437.5,442.5,437.5,442.5,30600
2022-09-09,437.5,446.5,437.5,445.0,40000
2022-09-12,445.0,447.0,443.0,443.0,17800
2022-09-13,443.0,448.0,443.0,445.0,21600
2022-09-14,437.5,443.5,437.5,438.5,26000
2022-09-15,438.5,442.0,435.5,439.0,23600
2022-09-16,440.0,442.0,439.5,439.5,24800
2022-09-20,440.0,443.5,435.5,439.0,52400
2022-09-21,438.0,441.5,435.5,438.5,28200
2022-09-22,436.5,443.5,436.5,442.0,36800
2022-09-26,442.0,442.0,431.0,431.5,73200
2022-09-27,431.5,435.5,431.5,433.0,31000
2022-09-28,435.0,441.5,428.0,441.5,61200
2022-09-29,439.0,439.0,432.0,438.5,46200
2022-09-30,436.5,438.5,432.5,432.5,31600
2022-10-03,428.0,428.5,418.0,426.5,46400
2022-10-04,432.5,442.0,432.5,442.0,48800
2022-10-05,447.0,447.0,441.0,444.0,43600
2022-10-06,444.0,447.5,442.5,446.0,55600
2022-10-07,442.0,448.0,440.5,445.0,47200
2022-10-11,445.0,445.0,436.5,437.5,35600
2022-10-12,435.0,439.0,433.5,438.0,35400
2022-10-13,436.0,436.5,432.0,434.5,25600
2022-10-14,438.5,446.5,436.5,445.0,51800
2022-10-17,445.0,454.0,442.5,453.5,40200
2022-10-18,455.5,460.5,454.5,460.5,41200
2022-10-19,460.5,468.0,458.0,467.0,40200
2022-10-20,463.5,468.5,463.0,464.5,25200
2022-10-21,463.5,464.5,458.5,461.0,24800
2022-10-24,465.5,466.5,448.5,451.0,54800
2022-10-25,455.0,455.5,448.5,452.0,45000
2022-10-26,456.0,463.5,454.5,463.5,57400
2022-10-27,466.0,466.0,459.5,461.5,27200
2022-10-28,455.5,462.5,453.5,453.5,114800
2022-10-31,460.5,463.0,450.0,453.5,121400
2022-11-01,450.0,453.5,449.0,451.0,20800
2022-11-02,450.0,457.0,447.5,448.0,169600
2022-11-04,455.0,456.0,447.5,454.0,74400
2022-11-07,454.0,454.0,450.5,452.0,14600
2022-11-08,452.0,460.5,452.0,460.0,45800
2022-11-09,460.5,462.5,459.5,461.5,16400
2022-11-10,455.5,459.0,455.5,458.0,13200
2022-11-11,463.5,463.5,456.5,463.0,27200
2022-11-14,461.5,461.5,456.0,456.0,19800
2022-11-15,457.5,463.5,454.5,461.5,20600
2022-11-16,461.0,462.0,458.0,458.0,18400
2022-11-17,458.5,463.5,455.5,463.5,14200
2022-11-18,463.0,463.5,460.0,460.0,22000
2022-11-21,459.0,460.0,454.0,459.0,38600
2022-11-22,460.5,469.0,458.5,468.5,78000
2022-11-24,470.5,475.0,466.5,470.0,66400
2022-11-25,468.0,471.5,465.5,470.5,28800
2022-11-28,475.0,475.0,463.5,464.0,73000
2022-11-29,461.5,464.5,460.5,462.0,30200
2022-11-30,460.5,464.5,459.0,459.0,30000
2022-12-01,463.5,464.0,455.5,455.5,24000
2022-12-02,455.5,457.5,449.5,449.5,30800
2022-12-05,450.0,452.5,449.0,452.0,27400
2022-12-06,451.0,451.0,444.5,445.5,52000
2022-12-07,445.5,450.0,445.5,447.0,14400
2022-12-08,448.0,449.5,445.0,448.0,32800
2022-12-09,446.0,451.5,441.5,442.5,113000
2022-12-12,448.0,452.0,445.5,452.0,62600
2022-12-13,454.0,458.5,449.5,449.5,32400
2022-12-14,452.5,459.0,452.5,459.0,16200
2022-12-15,458.0,459.5,456.5,459.5,11600
2022-12-16,455.0,456.0,450.0,450.0,25800
2022-12-19,450.0,454.0,449.5,452.0,18200
2022-12-20,452.0,458.0,445.5,448.0,62400
2022-12-21,448.5,451.5,443.0,444.0,51800
2022-12-22,444.0,449.5,443.0,449.5,114200
2022-12-23,447.0,454.5,447.0,454.5,34400
2022-12-26,458.5,458.5,450.5,453.5,80600
2022-12-27,452.0,454.0,451.5,453.5,14600
2022-12-28,453.5,453.5,449.0,451.5,24000
2022-12-29,451.0,456.5,449.0,456.5,28800
2022-12-30,457.5,473.5,457.5,469.5,54400
2023-01-04,468.5,469.0,455.5,455.5,48600
2023-01-05,455.5,455.5,450.0,450.0,16600
2023-01-06,450.0,454.5,449.5,453.5,13800
2023-01-10,457.5,458.0,451.5,451.5,23000
2023-01-11,450.0,454.5,450.0,454.0,18800
2023-01-12,457.0,458.5,454.0,457.5,17200
2023-01-13,457.5,459.5,450.5,451.5,33000
2023-01-16,450.5,455.5,450.5,453.0,11200
2023-01-17,453.0,458.5,453.0,456.0,19400
2023-01-18,455.5,460.5,455.5,460.5,20600
2023-01-19,458.0,461.5,458.0,459.5,9600
2023-01-20,459.5,466.5,459.5,464.0,17600
2023-01-23,465.5,470.0,465.5,470.0,17000
2023-01-24,470.5,473.5,470.0,473.0,25600
2023-01-25,472.0,479.5,472.0,479.5,33200
2023-01-26,481.5,482.0,475.5,479.0,42400
2023-01-27,480.0,481.5,478.5,479.5,18800
2023-01-30,482.0,483.5,476.0,476.0,59600
2023-01-31,477.5,491.5,477.5,489.0,104400
2023-02-01,488.5,497.0,487.5,494.0,52200
2023-02-02,494.0,496.5,489.0,489.0,41400
2023-02-03,490.0,499.0,490.0,497.5,46600
2023-02-06,500.0,506.0,500.0,503.5,41000
2023-02-07,502.5,503.5,498.0,498.5,29600
2023-02-08,498.5,516.5,497.0,510.5,92800
2023-02-09,510.5,519.0,508.5,519.0,53600
2023-02-10,517.5,518.0,501.5,506.0,64400
2023-02-13,507.5,508.0,497.0,507.0,47200
2023-02-14,505.5,507.0,498.0,505.0,49200
2023-02-15,508.0,508.0,498.5,498.5,45200
2023-02-16,498.0,504.5,498.0,504.5,27600
2023-02-17,500.0,503.0,498.5,498.5,25600
2023-02-20,500.0,501.5,499.0,501.5,17600
2023-02-21,501.5,508.0,500.0,500.5,40000
2023-02-22,498.0,500.5,497.5,498.0,30200
2023-02-24,499.0,500.0,497.0,499.5,32000
2023-02-27,499.0,505.5,497.5,504.0,80200
2023-02-28,507.0,507.5,501.5,502.5,20200
2023-03-01,502.0,502.5,499.5,501.0,22000
2023-03-02,505.5,505.5,489.0,491.0,102800
2023-03-03,495.0,501.5,492.5,501.5,56000
2023-03-06,502.5,502.5,498.5,502.0,25200
2023-03-07,500.5,505.5,500.0,502.0,38200
2023-03-08,500.5,506.0,500.5,505.0,47600
2023-03-09,506.5,506.5,501.5,504.5,41800
2023-03-10,499.0,501.5,494.0,494.0,85200
2023-03-13,492.5,492.5,477.5,483.0,77800
2023-03-14,480.0,497.0,468.5,487.5,172000
2023-03-15,493.5,503.0,492.0,500.0,66800
2023-03-16,494.0,498.0,485.0,497.0,52600
2023-03-17,503.0,505.0,502.0,504.5,51200
2023-03-20,501.5,504.0,491.0,491.0,48200
2023-03-22,499.5,508.0,496.5,508.0,81600
2023-03-23,507.0,508.0,501.0,507.0,32200
2023-03-24,507.5,513.5,504.5,513.5,58000
2023-03-27,512.5,515.0,509.0,511.0,48800
2023-03-28,514.0,514.0,506.5,508.5,33800
2023-03-29,508.5,513.0,506.5,512.0,89200
2023-03-30,507.0,507.0,497.5,501.0,65400
2023-03-31,501.0,502.0,498.0,500.0,27800
2023-04-03,502.5,506.5,501.0,506.5,31200
2023-04-04,506.0,509.0,504.0,508.5,58600
2023-04-05,503.0,503.0,488.0,488.0,41800
2023-04-06,488.5,489.5,485.0,486.5,32000
2023-04-07,486.5,491.5,486.5,488.5,28800
2023-04-10,488.0,491.0,484.0,487.0,29600
2023-04-11,487.5,497.5,487.5,496.5,34400
2023-04-12,501.0,503.5,497.0,502.5,25200
2023-04-13,502.5,506.5,501.0,505.0,25400
2023-04-14,507.0,507.0,502.5,503.0,20400
2023-04-17,503.0,505.5,502.5,505.0,24200
2023-04-18,507.0,507.0,505.5,507.0,21000
2023-04-19,505.0,507.0,501.0,507.0,25800
2023-04-20,503.0,509.5,503.0,509.0,17200
2023-04-21,505.5,510.5,504.0,504.0,27000
2023-04-24,504.0,505.5,500.5,500.5,23200
2023-04-25,500.5,506.5,500.5,503.5,27400
2023-04-26,500.0,503.5,496.0,499.0,40000
2023-04-27,498.5,499.0,493.0,493.0,53000
2023-04-28,504.0,549.0,500.5,549.0,287400
2023-05-01,545.0,566.0,545.0,563.5,172600
2023-05-02,565.0,565.0,551.0,555.0,106600
2023-05-08,552.5,567.5,552.5,565.5,69600
2023-05-09,564.5,575.0,564.5,575.0,48000
2023-05-10,575.0,575.0,559.5,563.5,32800
2023-05-11,563.0,570.0,560.0,566.0,21000
2023-05-12,562.5,570.0,562.0,570.0,32200
2023-05-15,574.5,574.5,562.5,567.0,30000
2023-05-16,567.0,567.0,560.0,560.0,33800
2023-05-17,560.0,562.5,555.5,561.5,26800
2023-05-18,562.0,568.5,559.0,561.5,52400
2023-05-19,561.5,574.5,561.5,570.5,49800
2023-05-22,570.5,579.0,568.0,579.0,27600
2023-05-23,580.0,581.5,560.0,563.0,62000
2023-05-24,557.5,568.0,557.5,561.5,19000
2023-05-25,559.0,566.0,559.0,563.5,28400
2023-05-26,563.5,566.5,558.0,558.0,39200
2023-05-29,564.5,564.5,558.0,559.0,22600
2023-05-30,558.0,568.5,558.0,564.5,35400
2023-05-31,558.5,560.5,550.0,550.0,66600
2023-06-01,549.0,562.5,546.5,557.0,50400
2023-06-02,556.0,572.5,556.0,567.0,37200
2023-06-05,574.5,574.5,568.0,571.5,34000
2023-06-06,570.0,577.5,568.5,574.5,35600
2023-06-07,577.5,579.0,568.5,570.5,67200
2023-06-08,574.5,577.0,562.5,565.5,32600
2023-06-09,573.5,581.5,566.5,581.5,74600
2023-06-12,586.5,590.5,586.5,589.5,46000
2023-06-13,591.0,593.0,580.5,580.5,60400
2023-06-14,587.0,594.0,582.5,593.0,67000
2023-06-15,594.0,608.0,594.0,606.5,63800
2023-06-16,609.5,617.0,601.5,616.5,68600
2023-06-19,628.0,638.5,628.0,638.5,65200
2023-06-20,646.5,646.5,631.5,642.5,61400
2023-06-21,642.5,653.5,640.5,648.5,61400
2023-06-22,654.0,658.0,638.5,639.5,48000
2023-06-23,641.0,645.5,623.5,635.0,47400
2023-06-26,631.0,633.5,620.0,626.5,53800
2023-06-27,626.5,631.5,620.0,631.5,22200
2023-06-28,634.0,640.5,629.0,640.5,30800
2023-06-29,640.5,645.5,636.0,641.0,33600
2023-06-30,640.5,645.5,637.5,642.5,73200
2023-07-03,650.5,652.0,634.5,647.5,81400
2023-07-04,650.0,661.5,645.5,651.5,59600
2023-07-05,647.5,653.0,644.5,650.5,39200
2023-07-06,642.5,651.5,640.5,643.0,45800
2023-07-07,632.5,635.0,626.5,627.0,57200
2023-07-10,625.5,635.0,625.0,630.0,74400
2023-07-11,628.0,639.5,628.0,633.5,40800
2023-07-12,633.5,634.0,626.0,626.0,36800
2023-07-13,623.0,632.0,620.0,632.0,27400
2023-07-14,640.0,640.0,623.5,624.0,34600
2023-07-18,620.5,626.5,620.5,624.0,18600
2023-07-19,629.0,635.0,626.5,635.0,37600
2023-07-20,635.0,638.0,629.0,629.5,35000
2023-07-21,626.5,633.5,625.0,628.5,33600
2023-07-24,631.5,636.0,627.5,627.5,41200
2023-07-25,628.5,642.0,628.0,642.0,39800
2023-07-26,637.5,637.5,628.5,632.0,88800
2023-07-27,631.5,637.5,630.5,635.5,23200
2023-07-28,629.5,639.5,627.5,639.0,79200
2023-07-31,649.5,690.5,642.5,673.5,218000
2023-08-01,665.5,681.0,663.5,673.5,93200
2023-08-02,672.5,682.0,670.5,673.5,50800
2023-08-03,669.0,674.5,661.0,662.0,53600
2023-08-04,675.5,680.0,673.5,677.5,52200
2023-08-07,677.0,679.0,668.5,673.0,28200
2023-08-08,673.5,674.5,661.0,668.0,32800
2023-08-09,665.0,668.5,663.0,664.0,19200
2023-08-10,660.0,667.0,659.0,666.0,29200
2023-08-14,666.0,666.0,650.5,651.0,45400
2023-08-15,655.0,663.5,654.0,660.5,39600
2023-08-16,655.0,665.0,655.0,662.0,24400
2023-08-17,658.5,659.5,651.5,655.5,26800
2023-08-18,654.0,656.5,651.0,653.5,35200
2023-08-21,653.5,655.5,635.0,636.5,86600
2023-08-22,639.0,654.0,639.0,654.0,40000
2023-08-23,657.0,670.0,655.5,669.0,68800
2023-08-24,665.5,685.0,665.5,681.0,64800
2023-08-25,675.5,681.0,668.5,671.5,47200
2023-08-28,679.0,688.0,677.5,688.0,44800
2023-08-29,693.0,698.0,688.5,695.5,49600
2023-08-30,699.0,699.0,689.0,690.0,44600
2023-08-31,694.5,697.0,691.0,693.0,55200
2023-09-01,698.0,710.0,694.5,710.0,81800
2023-09-04,710.0,712.0,705.0,711.0,45000
2023-09-05,704.0,713.0,701.0,712.0,88800
2023-09-06,712.0,715.5,707.0,711.5,26000
2023-09-07,704.5,713.5,704.5,711.0,56200
2023-09-08,711.0,717.5,703.0,703.0,55400
2023-09-11,708.0,715.0,706.0,711.0,36400
2023-09-12,716.5,719.0,713.5,717.5,26800
2023-09-13,720.0,723.5,705.5,708.5,75400
2023-09-14,711.0,716.0,705.5,710.5,41200
2023-09-15,716.0,716.0,709.5,712.5,37400
2023-09-19,710.5,710.5,701.5,707.5,38400
2023-09-20,702.5,705.5,698.0,698.0,56200
2023-09-21,698.0,705.5,698.0,705.5,30400
2023-09-22,699.0,709.0,698.0,704.0,33800
2023-09-25,711.5,732.0,708.5,732.0,74600
2023-09-26,732.5,732.5,722.0,728.5,57000
2023-09-27,732.0,744.0,721.5,742.5,73000
2023-09-28,729.5,736.0,720.5,730.0,53000
2023-09-29,737.5,737.5,712.5,720.0,62200
2023-10-02,720.0,728.0,711.0,711.0,47000
2023-10-03,704.0,715.0,700.5,707.0,47200
2023-10-04,695.0,697.5,686.5,688.0,62000
2023-10-05,686.5,703.5,685.5,703.5,43600
2023-10-06,700.0,713.0,700.0,708.0,27200
2023-10-10,705.5,719.0,705.5,714.0,49800
2023-10-11,715.0,721.0,710.0,718.0,60200
2023-10-12,719.5,722.0,712.5,722.0,35400
2023-10-13,717.0,726.0,715.0,718.5,33600
2023-10-16,717.0,719.0,706.5,708.0,37400
2023-10-17,717.5,724.0,713.0,713.0,26000
2023-10-18,713.0,718.0,708.5,718.0,23000
2023-10-19,714.0,723.5,714.0,720.5,20800
2023-10-20,715.0,725.0,713.0,722.5,22800
2023-10-23,715.0,725.0,711.5,711.5,42800
2023-10-24,714.0,720.5,698.0,718.5,42800
2023-10-25,725.0,727.0,719.5,721.5,43400
2023-10-26,719.0,727.5,719.0,723.0,61800
2023-10-27,722.0,734.5,722.0,734.5,59000
2023-10-30,741.5,741.5,726.5,734.5,74400
2023-10-31,742.0,765.0,675.0,717.5,318400
2023-11-01,717.5,734.5,706.0,727.5,118200
2023-11-02,735.0,748.5,707.5,734.0,71400
2023-11-06,756.5,760.0,742.0,760.0,77600
2023-11-07,760.0,776.5,758.0,765.0,82800
2023-11-08,769.0,770.0,741.0,745.0,100000
2023-11-09,752.5,756.5,742.5,756.5,39400
2023-11-10,754.5,766.0,748.0,765.0,37400
2023-11-13,770.5,773.5,765.0,771.0,38800
2023-11-14,774.5,774.5,757.5,765.0,27200
2023-11-15,767.0,769.5,762.5,767.5,22600
2023-11-16,760.0,762.0,752.0,755.5,31000
2023-11-17,742.0,751.0,737.5,746.0,62000
2023-11-20,744.5,746.5,725.5,728.0,63600
2023-11-21,731.0,756.5,731.0,751.0,60600
2023-11-22,749.5,759.0,745.0,757.0,27000
2023-11-24,762.5,768.0,755.5,757.0,26800
2023-11-27,759.5,759.5,743.0,743.0,38200
2023-11-28,750.5,760.0,745.0,760.0,49200
2023-11-29,760.0,767.0,757.0,764.5,25000
2023-11-30,764.5,770.0,760.0,765.5,26800
2023-12-01,774.0,777.0,763.5,773.0,59000
2023-12-04,777.5,799.5,777.5,799.5,62800
2023-12-05,800.0,800.0,770.0,775.0,53400
2023-12-06,790.5,801.5,784.5,798.5,56200
2023-12-07,794.5,799.5,787.5,794.0,37200
2023-12-08,791.0,801.5,789.0,795.0,68000
2023-12-11,815.0,815.0,785.0,806.0,56400
2023-12-12,811.0,818.0,803.5,809.0,39800
2023-12-13,813.0,820.5,811.0,815.0,36200
2023-12-14,820.0,820.0,805.0,807.0,43200
2023-12-15,803.5,814.5,797.5,807.5,41000
2023-12-18,808.0,814.5,804.5,814.0,35400
2023-12-19,816.0,834.5,813.5,834.0,46400
2023-12-20,839.5,847.0,830.0,835.5,54600
2023-12-21,833.5,849.5,832.5,842.5,78200
2023-12-22,849.5,867.0,849.5,864.5,70600
2023-12-25,874.5,888.5,865.5,869.5,74800
2023-12-26,869.5,880.0,866.0,879.5,83600
2023-12-27,880.0,882.0,841.0,861.5,119400
2023-12-28,860.5,870.0,843.0,844.0,53400
2023-12-29,845.5,851.5,829.0,842.5,50200
2024-01-04,835.5,859.5,826.5,859.5,56000
2024-01-05,865.0,865.0,865.0,865.0,5600
2024-01-09,865.0,877.0,845.0,855.5,71800
2024-01-10,857.5,869.5,853.0,853.0,53600
2024-01-11,853.0,865.0,853.0,853.5,55200
2024-01-12,853.5,866.0,852.5,865.0,51400
2024-01-15,865.0,883.0,865.0,880.5,21800
2024-01-16,865.0,892.0,865.0,874.5,56000
2024-01-17,878.0,897.0,878.0,880.0,76800
2024-01-18,885.0,891.5,880.5,882.5,33800
2024-01-19,885.5,885.5,868.5,869.5,28800
2024-01-22,872.5,878.5,871.0,874.5,24400
2024-01-23,875.0,878.5,858.5,872.5,50800
2024-01-24,871.5,887.5,855.5,865.0,73000
2024-01-25,862.5,877.5,857.5,875.0,71600
2024-01-26,872.5,882.5,860.5,862.0,70400
2024-01-29,872.5,872.5,863.5,866.0,31600
2024-01-30,864.5,864.5,846.5,848.0,66200
2024-01-31,847.5,859.0,835.5,842.5,125400
2024-02-01,826.5,831.0,805.5,824.5,93400
2024-02-02,824.5,824.5,797.5,815.0,71800
2024-02-05,830.0,830.0,816.5,826.5,42400
2024-02-06,832.5,846.0,821.0,838.0,54400
2024-02-07,837.5,854.5,831.5,847.5,37800
2024-02-08,845.0,845.0,826.5,838.0,56800
2024-02-09,838.0,851.0,838.0,842.0,47600
2024-02-13,846.5,847.0,837.5,844.0,50600
2024-02-14,842.5,844.0,828.0,833.0,44800
2024-02-15,840.0,840.0,807.5,809.0,48800
2024-02-16,822.5,822.5,810.0,811.5,44800
2024-02-19,815.0,821.5,812.0,820.0,14200
2024-02-20,822.5,837.5,822.5,822.5,31400
2024-02-21,822.5,830.0,820.0,825.5,26600
2024-02-22,831.0,837.5,823.0,837.5,64000
2024-02-26,835.5,856.5,835.0,845.0,86600
2024-02-27,850.0,859.5,840.5,845.0,40600
2024-02-28,845.0,868.5,839.0,855.5,85400
2024-02-29,845.0,845.0,824.0,834.5,53800
2024-03-01,830.0,835.5,805.0,810.0,94000
2024-03-04,807.5,810.0,761.5,805.0,168200
2024-03-05,805.0,808.0,775.0,802.5,78800
2024-03-06,802.5,813.5,791.0,810.0,82800
2024-03-07,810.0,810.0,792.5,792.5,56200
2024-03-08,788.0,802.5,786.5,790.5,78400
2024-03-11,771.0,775.0,756.5,766.0,73600
2024-03-12,756.0,770.0,751.0,767.5,69000
2024-03-13,765.0,765.5,750.5,752.5,75800
2024-03-14,750.0,799.5,743.5,773.0,257400
2024-03-15,753.0,774.5,748.5,750.5,97200
2024-03-18,750.5,765.0,747.5,765.0,72800
2024-03-19,769.5,772.0,756.5,771.0,57400
2024-03-21,774.5,782.0,768.0,768.0,77400
2024-03-22,767.5,769.0,760.0,765.5,62400
2024-03-25,764.0,765.0,756.5,757.0,64200
2024-03-26,756.5,769.5,756.0,764.5,58600
2024-03-27,768.5,780.0,766.0,775.5,62200
2024-03-28,759.5,763.0,753.0,755.5,63800
2024-03-29,761.0,761.0,754.5,758.5,11600
2024-04-01,788.0,790.5,764.5,764.5,105400
2024-04-02,762.5,767.0,739.5,739.5,69600
2024-04-03,731.5,734.5,723.0,724.5,48400
2024-04-04,727.5,734.0,717.5,718.0,63600
2024-04-05,703.0,716.0,702.0,711.0,46200
2024-04-08,719.5,721.5,712.5,721.5,38400
2024-04-09,724.0,733.5,724.0,733.5,25800
2024-04-10,739.5,742.0,735.5,735.5,25600
2024-04-11,732.5,736.0,729.0,732.5,17400
2024-04-12,747.5,747.5,730.5,730.5,31600
2024-04-15,729.5,739.5,724.5,739.0,41600
2024-04-16,736.0,740.0,719.5,724.0,66800
2024-04-17,726.5,728.5,718.0,721.0,41800
2024-04-18,722.5,732.0,722.5,730.0,14200
2024-04-19,730.0,730.0,700.5,711.5,56800
2024-04-22,719.0,727.5,719.0,722.5,23400
2024-04-23,725.0,727.0,717.0,721.5,12800
2024-04-24,723.0,735.0,723.0,731.0,32400
2024-04-25,732.5,732.5,721.5,721.5,23600
2024-04-26,722.0,722.0,708.5,720.5,59000
2024-04-30,730.0,745.0,711.5,730.5,134400
2024-05-01,732.5,744.5,728.0,733.0,38600
2024-05-02,735.5,751.0,735.0,744.0,60000
2024-05-07,750.0,759.0,745.0,755.0,51000
2024-05-08,761.0,766.5,750.0,755.0,46600
2024-05-09,758.0,760.5,751.0,756.0,22000
2024-05-10,761.5,761.5,735.5,738.0,64800
2024-05-13,737.5,737.5,726.5,731.0,43600
2024-05-14,731.0,733.0,725.0,725.0,49800
2024-05-15,727.0,727.5,719.5,723.5,23000
2024-05-16,723.5,726.5,715.0,716.5,36000
2024-05-17,716.5,724.5,715.0,724.5,21200
2024-05-20,724.5,731.5,719.0,724.5,22000
2024-05-21,730.5,730.5,723.0,723.0,14800
2024-05-22,718.0,725.5,717.0,717.0,29200
2024-05-23,715.0,722.0,713.5,714.0,33000
2024-05-24,709.0,715.5,707.5,715.0,19400
2024-05-27,716.5,717.5,707.5,707.5,34000
2024-05-28,711.5,713.0,701.0,702.0,25000
2024-05-29,700.0,700.0,690.0,690.0,45200
2024-05-30,687.5,699.0,681.0,699.0,50400
2024-05-31,697.5,708.5,696.0,708.0,26000
2024-06-03,717.0,720.0,711.5,715.0,30400
2024-06-04,709.0,726.0,708.5,724.0,51000
2024-06-05,725.0,725.0,716.0,716.0,21400
2024-06-06,718.0,721.0,712.5,716.5,33800
2024-06-07,718.0,721.0,713.5,716.5,16000
2024-06-10,715.5,731.0,715.0,731.0,37000
2024-06-11,730.0,736.0,727.5,728.5,56400
2024-06-12,728.0,730.0,720.5,721.5,20600
2024-06-13,721.5,721.5,703.5,704.0,21400
2024-06-14,698.5,719.5,698.0,716.0,45600
2024-06-17,715.0,715.0,699.5,709.0,37400
2024-06-18,714.0,716.5,712.0,716.0,17200
2024-06-19,719.0,721.0,711.0,717.0,22200
2024-06-20,717.0,719.0,710.0,717.0,31800
2024-06-21,713.5,720.0,710.0,716.5,34400
2024-06-24,716.5,721.0,709.0,718.0,64400
2024-06-25,724.0,737.5,723.0,737.0,60800
2024-06-26,735.5,744.0,729.5,740.0,58800
2024-06-27,745.0,751.5,743.0,750.0,42000
2024-06-28,754.5,754.5,735.5,742.5,41800
2024-07-01,744.5,744.5,727.5,735.0,40200
2024-07-02,734.0,746.5,728.5,744.5,75600
2024-07-03,747.0,751.5,741.0,748.0,35600
2024-07-04,748.0,754.0,748.0,753.5,22200
2024-07-05,754.0,754.0,738.5,740.5,27800
2024-07-08,740.5,749.5,729.5,730.5,42600
2024-07-09,730.5,732.0,720.0,721.5,55800
2024-07-10,721.5,721.5,711.5,716.5,49800
2024-07-11,716.5,722.5,712.0,722.0,43400
2024-07-12,717.5,736.5,717.5,719.5,36600
2024-07-16,725.0,732.5,725.0,725.0,15600
2024-07-17,731.0,755.0,731.0,746.5,42200
2024-07-18,744.0,747.0,736.0,736.0,31800
2024-07-19,736.0,751.5,735.0,739.5,40400
2024-07-22,744.5,751.5,737.0,737.0,29600
2024-07-23,742.5,756.0,741.0,744.5,31000
2024-07-24,748.0,760.0,745.5,745.5,68000
2024-07-25,731.0,735.0,715.0,725.5,80400
2024-07-26,720.0,727.0,718.5,719.0,75400
2024-07-29,734.0,734.0,721.0,725.0,45600
2024-07-30,724.5,724.5,708.0,714.0,58400
2024-07-31,708.0,721.5,689.5,706.5,104400
2024-08-01,697.5,697.5,663.0,663.0,108200
2024-08-02,650.0,653.0,629.0,629.0,93400
2024-08-05,599.0,605.0,527.0,545.0,110600
2024-08-06,571.0,602.0,570.5,583.5,70800
2024-08-07,582.5,615.5,567.5,601.5,58800
2024-08-08,599.5,605.5,590.0,596.5,42200
2024-08-09,611.5,622.5,601.0,614.5,62400
2024-08-13,623.5,624.0,614.5,621.0,26000
2024-08-14,624.5,631.0,614.5,630.0,20200
2024-08-15,629.5,629.5,615.5,620.0,52000
2024-08-16,633.5,644.0,626.5,644.0,25000
2024-08-19,644.0,644.0,625.0,626.5,24400
2024-08-20,632.5,646.5,632.5,645.5,19400
2024-08-21,645.5,646.5,637.5,646.0,18000
2024-08-22,644.0,656.0,642.5,656.0,20000
2024-08-23,654.0,663.5,649.0,653.0,27200
2024-08-26,650.5,654.0,646.0,654.0,33400
2024-08-27,654.0,667.0,653.5,662.5,36200
2024-08-28,663.0,663.0,653.5,656.0,21400
2024-08-29,656.5,661.0,652.5,658.0,23000
2024-08-30,665.5,681.5,660.5,680.0,35600
2024-09-02,708.5,718.5,703.5,708.0,142600
2024-09-03,712.0,730.5,712.0,730.5,79200
2024-09-04,711.5,722.0,696.0,697.0,100400
2024-09-05,695.5,715.5,695.5,702.0,39200
2024-09-06,702.5,707.5,685.0,691.5,36800
2024-09-09,671.5,688.5,667.0,683.5,38200
2024-09-10,683.5,690.0,677.5,680.0,25200
2024-09-11,677.5,677.5,660.0,664.5,32000
2024-09-12,671.0,702.5,671.0,687.5,52800
2024-09-13,693.0,696.5,681.5,684.0,45000
2024-09-17,684.0,687.5,670.5,687.5,54600
2024-09-18,696.5,696.5,676.0,688.5,29600
2024-09-19,699.0,701.0,687.5,700.5,53200
2024-09-20,709.0,709.0,697.0,699.5,41600
2024-09-24,710.0,712.0,701.0,706.5,27800
2024-09-25,713.0,721.0,706.5,713.5,47200
2024-09-26,719.0,728.5,711.0,728.0,100400
2024-09-27,718.5,724.0,715.0,718.0,47600
2024-09-30,703.0,709.0,696.0,696.0,52400
2024-10-01,711.0,717.5,696.0,714.5,38600
2024-10-02,714.0,720.0,706.0,706.5,34200
2024-10-03,715.0,731.0,707.5,731.0,73000
2024-10-04,731.0,736.0,726.5,726.5,32600
2024-10-07,738.0,741.0,730.5,737.5,31000
2024-10-08,729.5,729.5,712.0,714.5,23200
2024-10-09,717.5,722.5,715.0,716.5,13400
2024-10-10,723.5,723.5,709.5,712.0,12200
2024-10-11,712.5,716.0,706.5,711.0,12800
2024-10-15,709.5,718.5,708.0,713.0,16600
2024-10-16,713.0,719.5,710.5,711.5,12600
2024-10-17,713.5,716.5,708.0,708.0,13800
2024-10-18,715.0,715.0,702.5,703.5,16800
2024-10-21,705.0,718.5,705.0,715.0,13000
2024-10-22,713.5,713.5,697.5,698.5,22800
2024-10-23,699.0,701.5,687.0,691.0,23200
2024-10-24,694.0,697.5,686.0,697.0,19600
2024-10-25,697.0,697.0,679.5,683.5,16200
2024-10-28,685.5,703.0,685.5,703.0,31400
2024-10-29,703.0,704.0,697.0,702.5,15400
2024-10-30,707.5,707.5,686.5,686.5,57600
2024-10-31,701.5,750.0,689.0,740.0,104400
2024-11-01,727.0,792.0,725.0,792.0,225200
2024-11-05,787.5,791.5,775.5,780.5,46600
2024-11-06,780.0,790.0,780.0,787.5,44800
2024-11-07,787.5,801.5,786.5,798.5,54800
2024-11-08,809.5,815.0,803.0,804.0,32600
2024-11-11,804.0,804.0,778.0,780.0,31600
2024-11-12,789.5,795.5,777.5,777.5,30600
2024-11-13,784.0,784.0,765.0,769.5,23000
2024-11-14,769.5,782.5,763.0,768.5,20000
2024-11-15,784.0,788.0,774.5,785.0,33000
2024-11-18,790.5,809.0,790.5,809.0,39800
2024-11-19,822.0,822.0,805.5,815.5,43000
2024-11-20,819.5,819.5,805.5,813.5,20600
2024-11-21,815.0,815.0,800.0,805.5,36600
2024-11-22,806.0,814.5,795.0,805.0,32400
2024-11-25,820.0,824.0,812.5,824.0,38200
2024-11-26,824.0,824.0,801.0,805.5,38400
2024-11-27,805.5,805.5,790.0,790.5,42200
2024-11-28,810.5,810.5,792.0,808.0,44400
2024-11-29,804.0,808.0,795.0,795.0,25400
2024-12-02,795.0,819.5,787.0,818.0,45000
2024-12-03,822.5,822.5,803.0,814.5,30000
2024-12-04,808.5,814.5,795.5,803.0,26800
2024-12-05,801.5,810.5,801.0,801.5,14000
2024-12-06,805.5,812.0,784.5,805.0,39000
2024-12-09,805.0,812.0,804.0,810.0,20800
2024-12-10,806.5,814.5,806.5,810.0,24000
2024-12-11,814.0,815.0,806.0,814.0,42000
2024-12-12,824.5,847.0,815.0,818.0,78800
2024-12-13,809.5,823.5,807.5,815.0,31800
2024-12-16,821.0,821.0,802.5,806.0,28000
2024-12-17,806.0,807.5,788.5,794.5,30600
2024-12-18,794.5,798.0,791.0,791.0,9400
2024-12-19,782.5,798.5,782.5,793.5,14600
2024-12-20,787.0,787.0,773.0,773.0,37800
2024-12-23,774.0,786.5,774.0,780.0,31200
2024-12-24,785.0,785.0,775.5,775.5,23800
2024-12-25,776.5,808.5,776.5,808.5,42800
2024-12-26,802.0,802.0,785.5,797.5,85600
2024-12-27,798.0,810.0,797.5,810.0,41000
2024-12-30,809.0,811.0,797.0,797.0,25200
2025-01-06,797.0,798.5,776.0,776.0,45200
2025-01-07,783.5,784.0,773.0,780.5,27000
2025-01-08,776.5,777.5,770.0,770.0,20800
2025-01-09,770.5,777.0,763.5,770.5,28200
2025-01-10,766.0,772.0,766.0,767.5,13000
2025-01-14,800.0,825.0,781.5,817.5,159800
2025-01-15,817.5,845.0,811.0,845.0,138600
2025-01-16,845.0,860.0,828.0,831.0,98800
2025-01-17,823.0,826.5,812.5,817.5,58800
2025-01-20,821.0,836.5,821.0,822.0,21800
2025-01-21,831.0,831.0,817.0,823.0,24400
2025-01-22,831.5,842.0,805.5,842.0,54800
2025-01-23,849.0,849.0,830.5,833.0,32200
2025-01-24,841.5,847.5,836.0,847.5,27800
2025-01-27,860.0,865.0,849.0,864.5,48800
2025-01-28,869.0,892.0,864.5,888.0,67800
2025-01-29,893.0,893.0,874.5,876.0,44400
2025-01-30,876.0,885.5,871.0,881.5,54200
2025-01-31,897.5,897.5,850.0,881.5,155400
2025-02-03,870.0,870.0,841.0,841.0,75600
2025-02-04,853.5,865.5,846.0,864.0,43600
2025-02-05,864.0,879.5,864.0,877.5,32000
2025-02-06,883.5,915.0,877.0,915.0,74200
2025-02-07,912.5,915.0,892.5,906.0,50000
2025-02-10,905.0,910.0,890.0,890.0,38000
2025-02-12,890.0,905.0,885.0,893.5,63600
2025-02-13,897.5,909.0,880.0,909.0,42600
2025-02-14,909.0,909.0,878.0,878.0,37600
2025-02-17,885.5,907.0,881.5,881.5,40800
2025-02-18,880.0,940.0,879.0,932.5,158000
2025-02-19,942.5,961.0,932.5,952.5,127600
2025-02-20,959.5,964.5,940.0,946.5,77400
2025-02-21,949.0,950.5,911.0,925.5,81800
2025-02-25,914.0,925.5,910.5,915.0,31600
2025-02-26,911.0,911.0,884.0,893.0,92800
2025-02-27,897.5,904.5,889.0,904.5,34000
2025-02-28,895.0,895.0,875.0,877.5,37200
2025-03-03,886.5,916.0,878.5,915.0,36000
2025-03-04,924.0,935.0,915.5,934.5,48400
2025-03-05,934.0,935.0,910.5,926.0,36800
2025-03-06,938.0,938.0,922.0,932.0,30800
2025-03-07,912.0,925.5,905.0,911.5,35800
2025-03-10,918.5,918.5,887.5,891.0,59000
2025-03-11,880.5,889.5,858.0,882.5,65400
2025-03-12,875.5,893.5,875.5,889.0,35000
2025-03-13,902.0,904.0,892.5,902.5,31600
2025-03-14,893.0,914.5,893.0,907.0,36400
2025-03-17,909.0,912.5,898.0,907.5,20600
2025-03-18,905.0,925.0,905.0,919.0,44800
2025-03-19,924.0,929.0,919.0,929.0,25600
2025-03-21,928.5,931.5,913.0,918.0,52000
2025-03-24,925.5,962.5,925.5,953.5,104200
2025-03-25,960.0,984.5,954.0,972.5,57200
2025-03-26,972.5,985.0,959.0,971.5,96200
2025-03-27,960.0,977.0,955.0,972.0,72000
2025-03-28,945.0,962.5,934.5,941.0,123400
2025-03-31,924.0,926.5,902.5,916.0,108800
2025-04-01,926.0,937.0,915.5,915.5,48800
2025-04-02,926.0,942.5,916.5,935.0,70600
2025-04-03,895.0,923.0,895.0,923.0,61600
2025-04-04,883.0,888.0,817.5,834.5,177800
2025-04-07,750.5,823.0,750.5,786.5,144600
2025-04-08,834.5,855.5,825.0,850.5,98200
2025-04-09,830.5,838.5,809.5,827.0,84200
2025-04-10,900.5,903.5,868.0,875.5,61200
2025-04-11,857.5,881.5,841.5,881.5,45200
2025-04-14,894.0,901.0,880.0,894.0,45800
2025-04-15,902.0,971.5,892.5,954.5,195800
2025-04-16,957.0,970.0,946.0,958.0,107800
2025-04-17,957.5,975.0,950.0,969.0,69200
2025-04-18,974.5,1013.5,964.0,1013.5,101400
2025-04-21,1005.0,1005.0,976.0,979.5,90400
2025-04-22,967.5,970.5,944.0,952.5,141000
2025-04-23,962.0,968.0,949.0,963.5,86000
2025-04-24,965.0,965.0,941.0,950.0,65600
2025-04-25,944.0,969.5,940.5,969.5,58400
2025-04-28,979.0,999.0,975.5,990.0,208200
2025-04-30,995.0,1015.5,960.5,979.5,327800
2025-05-01,978.5,1003.5,958.0,997.0,130400
2025-05-02,993.5,1010.0,963.5,999.0,123600
2025-05-07,1001.5,1054.0,986.5,1024.0,239600
2025-05-08,1037.0,1042.0,1021.0,1029.0,50800
2025-05-09,1050.0,1088.5,1023.5,1039.5,208200
2025-05-12,1048.5,1069.0,1027.0,1042.5,67200
2025-05-13,1042.5,1042.5,1022.0,1022.0,47200
2025-05-14,1014.0,1030.0,1000.5,1022.0,236600
2025-05-15,1017.0,1062.5,1015.0,1044.0,66200
2025-05-16,1055.0,1076.5,1036.5,1070.0,72000
2025-05-19,1063.5,1070.0,1051.0,1064.0,76400
2025-05-20,1066.0,1080.0,1050.0,1050.5,61600
2025-05-21,1064.5,1069.0,1045.0,1046.0,52000
2025-05-22,1030.5,1063.5,1028.0,1055.0,42600
2025-05-23,1062.5,1085.0,1062.5,1069.0,53200
2025-05-26,1067.5,1086.5,1067.5,1077.0,62000
2025-05-27,1077.0,1091.0,1072.5,1086.5,61800
2025-05-28,1100.0,1112.5,1078.5,1078.5,52800
2025-05-29,1086.0,1096.0,1078.0,1087.0,61400
2025-05-30,1081.0,1111.0,1079.0,1109.5,52000
2025-06-02,1106.5,1119.0,1090.5,1093.5,57400
2025-06-03,1096.5,1096.5,1075.5,1078.0,53000
2025-06-04,1085.0,1095.5,1075.5,1085.0,32000
2025-06-05,1075.0,1087.0,1066.5,1080.0,52200
2025-06-06,1080.0,1096.0,1072.5,1091.0,49600
2025-06-09,1091.0,1114.5,1091.0,1114.0,55600
2025-06-10,1110.5,1121.0,1105.0,1111.0,68400
2025-06-11,1136.0,1144.0,1117.0,1136.0,115600
2025-06-12,1142.5,1148.0,1126.5,1132.5,59200
2025-06-13,1133.0,1144.0,1107.5,1107.5,70200
2025-06-16,1104.0,1126.5,1104.0,1120.5,56800
2025-06-17,1119.5,1154.0,1119.5,1149.5,66200
2025-06-18,1149.5,1170.5,1138.5,1142.0,67000
2025-06-19,1142.0,1170.0,1129.0,1162.0,62200
2025-06-20,1161.5,1161.5,1133.0,1133.0,64400
2025-06-23,1123.5,1144.5,1117.0,1133.5,60800
2025-06-24,1152.0,1160.0,1140.0,1160.0,47200
2025-06-25,1154.0,1171.5,1145.5,1162.5,49400
2025-06-26,1174.5,1185.0,1158.5,1167.5,101400
2025-06-27,1175.5,1194.5,1170.0,1194.0,95600
2025-06-30,1206.5,1207.5,1170.5,1186.0,104800
2025-07-01,1190.0,1190.0,1151.0,1175.0,78000
2025-07-02,1171.5,1207.5,1160.0,1168.0,73800
2025-07-03,1157.5,1172.5,1142.0,1156.5,71800
2025-07-04,1166.5,1170.0,1149.5,1149.5,33600
2025-07-07,1149.5,1162.0,1139.0,1147.5,46800
2025-07-08,1147.5,1160.0,1142.0,1158.0,40400
2025-07-09,1158.5,1172.5,1155.0,1163.0,45600
2025-07-10,1172.0,1181.5,1160.5,1166.0,75000
2025-07-11,1178.5,1185.0,1156.5,1158.0,58600
2025-07-14,1154.0,1169.0,1150.5,1161.0,22200
2025-07-15,1161.0,1169.5,1154.0,1154.0,18800
2025-07-16,1159.0,1159.5,1147.5,1154.5,29400
2025-07-17,1144.0,1160.5,1092.5,1157.5,46000
2025-07-18,1154.0,1161.0,1119.0,1123.0,57000
2025-07-22,1121.5,1138.0,1114.5,1137.0,69400
2025-07-23,1145.0,1151.5,1126.5,1150.5,67400
2025-07-24,1162.0,1185.0,1156.5,1175.0,63800
2025-07-25,1177.5,1203.0,1177.5,1194.5,83200
2025-07-28,1204.5,1215.0,1176.0,1182.5,106600
2025-07-29,1180.0,1197.5,1164.5,1192.0,124200
2025-07-30,1197.0,1214.0,1192.0,1209.5,79600
2025-07-31,1212.5,1274.5,1183.5,1272.5,224400
2025-08-01,1247.5,1253.0,1225.0,1252.5,87800
2025-08-04,1216.0,1248.5,1216.0,1233.0,50800
2025-08-05,1233.0,1233.0,1195.5,1207.5,89000
2025-08-06,1200.5,1236.5,1200.5,1224.5,43400
2025-08-07,1217.5,1249.5,1217.5,1236.0,86400
2025-08-08,1233.5,1242.0,1221.0,1224.0,43800
2025-08-12,1216.0,1216.0,1185.5,1198.0,94600
2025-08-13,1199.0,1205.0,1189.0,1197.0,49200
2025-08-14,1188.5,1194.5,1177.5,1188.0,51000
2025-08-15,1196.5,1215.5,1180.0,1215.5,71600
2025-08-18,1214.5,1222.0,1203.5,1214.0,35400
2025-08-19,1207.5,1219.5,1205.5,1210.0,30000
2025-08-20,1204.5,1221.5,1186.5,1202.0,52600
2025-08-21,1195.0,1206.5,1191.0,1203.0,22400
2025-08-22,1202.0,1205.5,1190.0,1193.5,30600
2025-08-25,1193.0,1200.5,1179.0,1196.5,48000
2025-08-26,1196.5,1196.5,1179.0,1179.0,35600
2025-08-27,1172.0,1178.0,1165.5,1166.0,37400
2025-08-28,1166.0,1166.0,1144.5,1162.0,33400
2025-08-29,1156.0,1166.0,1153.5,1159.5,24200
2025-09-01,1158.0,1161.0,1128.0,1130.0,51000
2025-09-02,1131.5,1140.5,1125.5,1126.5,43800
2025-09-03,1125.0,1128.0,1107.0,1109.5,77000
2025-09-04,1109.5,1125.0,1109.5,1120.5,42600
2025-09-05,1130.0,1130.5,1115.0,1128.0,43600
2025-09-08,1130.0,1140.5,1125.0,1137.5,33600
2025-09-09,1142.5,1154.0,1132.5,1134.5,33600
2025-09-10,1134.5,1150.5,1134.5,1150.0,36200
2025-09-11,1153.5,1155.5,1140.5,1153.5,19800
2025-09-12,1157.5,1157.5,1139.0,1139.0,61200
2025-09-16,1136.5,1145.0,1130.0,1145.0,21000
2025-09-17,1138.5,1140.5,1130.0,1136.0,27000
2025-09-18,1138.0,1147.5,1133.0,1144.5,40800
2025-09-19,1147.5,1152.5,1129.0,1145.5,54000
2025-09-22,1145.5,1191.5,1145.0,1191.5,81000
2025-09-24,1191.5,1197.5,1170.5,1187.0,59800
2025-09-25,1190.0,1192.5,1180.0,1186.5,37800
2025-09-26,1183.0,1197.5,1181.5,1192.0,52800
2025-09-29,1185.5,1185.5,1165.0,1176.5,55800
2025-09-30,1175.0,1175.0,1150.0,1161.5,46200
2025-10-01,1155.0,1155.0,1114.5,1114.5,80400
2025-10-02,1114.5,1116.5,1081.0,1082.0,53800
2025-10-03,1077.5,1099.0,1077.5,1080.0,51400
2025-10-06,1123.5,1123.5,1093.0,1105.0,74800
2025-10-07,1105.0,1109.5,1089.0,1107.0,40200
2025-10-08,1107.5,1127.5,1102.5,1104.0,63600
2025-10-09,1103.0,1115.0,1097.5,1114.5,55600
2025-10-10,1110.0,1110.0,1088.5,1088.5,51800
2025-10-14,1063.5,1085.0,1053.5,1063.5,70000
2025-10-15,1076.5,1084.5,1071.0,1075.0,34200
2025-10-16,1084.0,1085.0,1053.5,1062.5,43400
2025-10-17,1056.5,1060.0,1045.0,1053.0,50600
2025-10-20,1071.5,1093.5,1062.0,1086.5,51800
2025-10-21,1095.0,1109.5,1088.0,1092.5,53600
2025-10-22,1086.0,1103.0,1086.0,1096.5,34600
2025-10-23,1093.5,1119.0,1093.5,1116.0,44200
2025-10-24,1120.0,1136.5,1117.5,1127.0,64400
2025-10-27,1144.0,1144.0,1120.0,1127.5,55200
2025-10-28,1130.0,1137.0,1107.5,1107.5,74600
2025-10-29,1105.0,1110.0,1080.0,1081.5,55000
2025-10-30,1072.5,1086.5,1071.0,1078.0,98400
2025-10-31,1093.0,1093.0,986.0,1012.5,264400
2025-11-04,1006.5,1006.5,973.0,978.0,223800
2025-11-05,988.0,995.0,952.5,980.0,123200
2025-11-06,977.5,983.5,972.0,972.0,56000
2025-11-07,970.0,972.5,959.0,972.5,42800
2025-11-10,972.5,988.0,972.5,986.0,42800
2025-11-11,1000.5,1034.5,1000.5,1031.0,104200
2025-11-12,1031.0,1034.0,1008.0,1020.0,52600
2025-11-13,1026.5,1033.5,1020.0,1024.5,33800
2025-11-14,1019.0,1023.0,1016.0,1020.0,22600
2025-11-17,1016.5,1033.5,1013.5,1025.0,54000
2025-11-18,1012.5,1018.5,1001.0,1010.0,45400
2025-11-19,1013.5,1013.5,971.5,975.5,136200
2025-11-20,983.0,997.5,982.5,990.0,81800
2025-11-21,992.5,1024.0,992.0,1024.0,62600
2025-11-25,1030.0,1030.0,1012.5,1024.0,41600
2025-11-26,1029.0,1035.5,1019.5,1026.0,51600
2025-11-27,1028.0,1029.0,1024.5,1028.0,26400
2025-11-28,1028.0,1031.5,1025.0,1025.0,35600
2025-12-01,1025.0,1035.5,1023.5,1025.5,41600
2025-12-02,1025.5,1026.0,1014.0,1021.5,29400
2025-12-03,1023.5,1034.0,1021.5,1021.5,44800
2025-12-04,1023.5,1023.5,1005.5,1021.0,37000
2025-12-05,1021.0,1022.0,1007.5,1009.5,65600
2025-12-08,1010.0,1040.5,1010.0,1034.5,55800
2025-12-09,1034.5,1036.0,1024.5,1031.0,27200
2025-12-10,1027.5,1040.5,1027.5,1035.5,38200
2025-12-11,1040.5,1053.0,1037.5,1044.5,85600
2025-12-12,1056.0,1078.0,1052.0,1075.0,78200
2025-12-15,1082.5,1105.0,1072.5,1093.0,71000
2025-12-16,1098.5,1099.5,1071.0,1075.0,61000
2025-12-17,1071.0,1081.0,1068.0,1078.0,39800
2025-12-18,1076.5,1100.0,1074.0,1100.0,55600
2025-12-19,1097.5,1109.0,1091.0,1107.0,43200
2025-12-22,1115.0,1115.0,1095.0,1098.5,51200
2025-12-23,1099.5,1108.5,1093.0,1104.5,47000
2025-12-24,1105.5,1106.0,1076.0,1077.0,41800
2025-12-25,1078.0,1101.0,1078.0,1097.0,43600
2025-12-26,1097.5,1100.0,1091.0,1100.0,72600
2025-12-29,1099.5,1107.0,1086.0,1107.0,48200
2025-12-30,1105.5,1105.5,1091.5,1091.5,28600
2026-01-05,1099.0,1100.0,1076.0,1081.5,58800
2026-01-06,1082.5,1097.5,1082.5,1091.5,29200
2026-01-07,1088.0,1099.5,1088.0,1093.5,29800
2026-01-08,1092.5,1104.0,1092.0,1095.0,38600
2026-01-09,1095.0,1102.5,1095.0,1095.0,28800
2026-01-13,1100.5,1104.5,1087.5,1097.0,56600
2026-01-14,1093.0,1100.0,1077.5,1083.0,86200
2026-01-15,1077.0,1084.5,1076.0,1077.5,52400
2026-01-16,1072.5,1092.0,1068.5,1092.0,66200
2026-01-19,1089.5,1089.5,1079.5,1088.0,33800
2026-01-20,1082.5,1083.0,1071.5,1074.0,52000
2026-01-21,1071.5,1073.5,1047.5,1055.0,103800
2026-01-22,1056.5,1066.0,1052.5,1059.5,42800
2026-01-23,1065.5,1079.5,1059.5,1072.0,83200
2026-01-26,1055.0,1061.0,1042.5,1056.5,102400
2026-01-27,1047.5,1047.5,1027.5,1027.5,62000
2026-01-28,1017.5,1037.0,1017.5,1026.5,78800
2026-01-29,1020.5,1023.5,1008.0,1011.5,85400
2026-01-30,1018.5,1025.0,989.5,998.5,157000
2026-02-02,1004.5,1025.0,998.5,998.5,110800
2026-02-03,1000.5,1005.0,991.5,1004.5,67000
2026-02-04,1000.5,1000.5,980.0,980.0,75600
2026-02-05,983.0,993.0,981.0,984.0,51000
2026-02-06,985.0,985.0,968.0,974.0,121200
2026-02-09,990.0,990.0,975.0,980.5,72000
2026-02-10,985.0,1000.5,985.0,993.0,76400
2026-02-12,1004.5,1006.0,995.0,996.5,80000
2026-02-13,996.0,999.5,976.5,980.0,86400
2026-02-16,975.0,975.0,950.5,952.5,129400
2026-02-17,953.0,960.0,947.5,949.0,100200
2026-02-18,949.5,957.0,947.5,955.0,54000
2026-02-19,962.0,970.0,949.5,968.5,66200
2026-02-20,961.5,989.0,953.5,974.0,160800
2026-02-24,981.0,984.0,960.5,961.0,142600
2026-02-25,967.5,986.0,966.5,980.0,115400
2026-02-26,997.0,1019.5,990.5,1015.0,152000
2026-02-27,1015.0,1028.5,1010.0,1024.5,94800
2026-03-02,1017.0,1024.5,1002.5,1014.0,75000
2026-03-03,1013.0,1016.0,1000.0,1000.0,93400
2026-03-04,990.5,994.5,968.0,973.0,107400
2026-03-05,1002.5,1008.0,995.5,996.0,73400
2026-03-06,987.5,1004.0,986.0,1002.0,98400
2026-03-09,968.0,979.0,957.0,971.5,131400
2026-03-10,991.5,991.5,973.5,978.0,63000
2026-03-11,992.0,994.5,983.5,986.0,43400
2026-03-12,980.0,980.0,964.0,967.0,59400
2026-03-13,956.0,963.0,955.0,955.0,53800
2026-03-16,955.0,962.5,955.0,958.0,45400
2026-03-17,964.5,966.0,951.5,951.5,50000
2026-03-18,959.0,965.5,959.0,965.5,33800
2026-03-19,959.0,959.0,940.0,940.0,86200
2026-03-23,925.5,940.0,915.0,916.0,82600
2026-03-24,925.0,940.0,925.0,937.0,36000
2026-03-25,946.0,953.5,941.0,949.5,57800
2026-03-26,952.5,960.0,936.0,947.0,125600
2026-03-27,944.5,963.0,940.5,957.0,113600
2026-03-30,930.0,945.0,903.0,930.0,140400
2026-03-31,922.0,943.0,919.0,935.0,61700
2026-04-01,950.0,958.0,945.0,957.0,74000
2026-04-02,953.0,968.0,940.0,952.0,65300
2026-04-03,940.0,952.0,940.0,944.0,36300
2026-04-06,944.0,953.0,944.0,944.0,25600
2026-04-07,951.0,959.0,942.0,945.0,37900
2026-04-08,967.0,969.0,949.0,955.0,55000
2026-04-09,956.0,956.0,936.0,938.0,49600
2026-04-10,938.0,939.0,927.0,927.0,51700
2026-04-13,922.0,925.0,911.0,915.0,63700
2026-04-14,930.0,930.0,913.0,914.0,35500
2026-04-15,918.0,933.0,918.0,933.0,48000
2026-04-16,941.0,946.0,935.0,938.0,55900
2026-04-17,932.0,943.0,932.0,936.0,40900
2026-04-20,946.0,949.0,917.0,920.0,47800
2026-04-21,922.0,930.0,919.0,921.0,48700
2026-04-22,918.0,921.0,905.0,912.0,65900
2026-04-23,905.0,905.0,881.0,892.0,150900
2026-04-24,896.0,896.0,881.0,886.0,81000
2026-04-27,890.0,902.0,883.0,896.0,86000
2026-04-28,899.0,902.0,892.0,902.0,73000
2026-04-30,896.0,1015.0,885.0,1005.0,433600
2026-05-01,1024.0,1069.0,1006.0,1031.0,409100
2026-05-07,1040.0,1055.0,1035.0,1035.0,131300
2026-05-08,1035.0,1035.0,1015.0,1017.0,89000
2026-05-11,1058.0,1074.0,1044.0,1071.0,173800
2026-05-12,1074.0,1076.0,1066.0,1072.0,82000
2026-05-13,1075.0,1076.0,1060.0,1066.0,144400
2026-05-14,1065.0,1067.0,1007.0,1015.0,131900
2026-05-15,1018.0,1035.0,1018.0,1031.0,79800
2026-05-18,1036.0,1038.0,1016.0,1016.0,89600
2026-05-19,1017.0,1053.0,1017.0,1052.0,106000
2026-05-20,1047.0,1055.0,1022.0,1037.0,87500
2026-05-21,1046.0,1058.0,1045.0,1049.0,63800
2026-05-22,1043.0,1046.0,1033.0,1045.0,45100
2026-05-25,1049.0,1049.0,1019.0,1033.0,68200
2026-05-26,1026.0,1029.0,1014.0,1015.0,72000
2026-05-27,1015.0,1015.0,996.0,1001.0,73600
2026-05-28,1008.0,1028.0,1001.0,1020.0,94800
2026-05-29,1032.0,1053.0,1020.0,1037.0,88700
2026-06-01,1041.0,1053.0,1033.0,1034.0,61900
2026-06-02,1028.0,1032.0,1015.0,1024.0,44400
2026-06-03,1024.0,1024.0,990.0,1004.0,83300
2026-06-04,992.0,1000.0,981.0,989.0,72000
2026-06-05,998.0,1012.0,998.0,1003.0,34600
2026-06-08,995.0,1024.0,995.0,1022.0,112200
2026-06-09,1031.0,1037.0,1012.0,1037.0,70900
2026-06-10,1042.0,1089.0,1042.0,1084.0,150800
2026-06-11,1097.0,1098.0,1054.0,1059.0,99800
2026-06-12,1045.0,1063.0,1035.0,1060.0,99900
2026-06-15,1062.0,1082.0,1061.0,1067.0,114400
2026-06-16,1080.0,1110.0,1068.0,1110.0,140900
2026-06-17,1112.0,1134.0,1091.0,1092.0,132900
2026-06-18,1090.0,1101.0,1064.0,1068.0,63500
2026-06-19,1071.0,1072.0,1042.0,1056.0,58800
2026-06-22,1054.0,1071.0,1050.0,1057.0,55000
2026-06-23,1047.0,1052.0,1039.0,1044.0,49900
2026-06-24,1055.0,1066.0,1037.0,1037.0,54100
2026-06-25,1044.0,1054.0,1030.0,1050.0,41800
2026-06-26,1050.0,1063.0,1044.0,1059.0,59000
2026-06-29,1064.0,1083.0,1059.0,1070.0,63300
2026-06-30,1070.0,1080.0,1058.0,1071.0,44900
2026-07-01,1072.0,1073.0,1051.0,1055.0,34800
2026-07-02,1057.0,1085.0,1057.0,1061.0,42200
2026-07-03,1072.0,1080.0,1062.0,1074.0,33600
2026-07-06,1072.0,1078.0,1064.0,1070.0,56200
2026-07-07,1078.0,1105.0,1078.0,1090.0,61100
2026-07-08,1085.0,1108.0,1081.0,1103.0,99100
2026-07-09,1093.0,1106.0,1089.0,1091.0,48000
2026-07-10,1099.0,1113.0,1095.0,1107.0,62700
2026-07-13,1100.0,1110.0,1099.0,1106.0,38000
2026-07-14,1111.0,1121.0,1105.0,1109.0,57500
2026-07-15,1114.0,1130.0,1114.0,1127.0,78100
2026-07-16,1127.0,1134.0,1117.0,1119.0,66400
2026-07-17,1115.0,1129.0,1110.0,1115.0,54000
2026-07-21,1125.0,1143.0,1104.0,1107.0,62800
2026-07-22,1107.0,1107.0,1090.0,1104.0,43200
2026-07-23,1104.0,1109.0,1091.0,1106.0,46900
2026-07-24,1095.0,1109.0,1087.0,1109.0,46300
2026-07-27,1114.0,1128.0,1114.0,1128.0,81900
2026-07-28,1134.0,1136.0,1121.0,1131.0,36200
2026-07-29,1136.0,1160.0,1133.0,1156.0,75800
2026-07-30,1154.0,1161.0,1142.0,1148.0,76000
2026-07-31,1159.0,1159.0,999.0,1022.0,242800
2026-08-03,1001.0,1040.0,1000.0,1034.0,160700
2026-08-04,1029.0,1031.0,1007.0,1007.0,96600
2026-08-05,1010.0,1019.0,1007.0,1011.0,60300
2026-08-06,1010.0,1020.0,1008.0,1018.0,46700
2026-08-07,1023.0,1032.0,1022.0,1029.0,38800
2026-08-10,1031.0,1038.0,1030.0,1037.0,43600
2026-08-12,1045.0,1050.0,1035.0,1045.0,59100
2026-08-13,1042.0,1049.0,1035.0,1044.0,55200
2026-08-14,1044.0,1080.0,1042.0,1080.0,109700
2026-08-17,1068.0,1087.0,1060.0,1073.0,85000
2026-08-18,1077.0,1089.0,1067.0,1084.0,48500
2026-08-19,1087.0,1087.0,1067.0,1074.0,39800
2026-08-20,1072.0,1082.0,1069.0,1079.0,49600
2026-08-21,1075.0,1082.0,1070.0,1076.0,41700
2026-08-24,1070.0,1086.0,1070.0,1080.0,52000
2026-08-25,1085.0,1098.0,1084.0,1089.0,55700
2026-08-26,1100.0,1105.0,1085.0,1089.0,66400
2026-08-27,1080.0,1087.0,1071.0,1080.0,38000
2026-08-28,1072.0,1098.0,1072.0,1095.0,51400
2026-08-31,1091.0,1098.0,1077.0,1098.0,47500
2026-09-01,1090.0,1108.0,1090.0,1099.0,73500
2026-09-02,1090.0,1090.0,1072.0,1076.0,64000
2026-09-03,1077.0,1083.0,1068.0,1076.0,37200
2026-09-04,1076.0,1086.0,1071.0,1081.0,45400
2026-09-07,1084.0,1087.0,1056.0,1059.0,45100
2026-09-08,1050.0,1053.0,1044.0,1047.0,47000
2026-09-09,1049.0,1049.0,1040.0,1040.0,42700
2026-09-10,1031.0,1042.0,1030.0,1038.0,32100
2026-09-11,1046.0,1058.0,1033.0,1051.0,58800
2026-09-14,1050.0,1074.0,1050.0,1073.0,39300
2026-09-15,1075.0,1085.0,1072.0,1077.0,33500
2026-09-16,1075.0,1082.0,1071.0,1071.0,43700
2026-09-17,1067.0,1086.0,1066.0,1085.0,36000
2026-09-18,1085.0,1097.0,1085.0,1092.0,64000
2026-09-24,1090.0,1100.0,1081.0,1090.0,92000
2026-09-25,1094.0,1111.0,1088.0,1111.0,57400
2026-09-28,1115.0,1115.0,1097.0,1104.0,68600
2026-09-29,1079.0,1090.0,1072.0,1087.0,62400
2026-09-30,1079.0,1092.0,1073.0,1088.0,56100
2026-10-01,1080.0,1080.0,1067.0,1071.0,52900
2026-10-02,1060.0,1067.0,1044.0,1045.0,54900
2026-10-05,1045.0,1054.0,1040.0,1042.0,44500
2026-10-06,1051.0,1069.0,1050.0,1061.0,62000
2026-10-07,1079.0,1082.0,1058.0,1064.0,56000
2026-10-08,1060.0,1083.0,1050.0,1076.0,100700
