Date,Open,High,Low,Close,Volume
2013-06-26,3008.0,3008.0,3008.0,3008.0,5000.0
2013-06-28,3560.0,3660.0,2808.0,3660.0,17365500.0
2013-07-01,3384.0,3722.0,3160.0,3170.0,16922000.0
2013-07-02,3300.0,3596.0,2980.0,3596.0,20016000.0
2013-07-03,3520.0,3720.0,3320.0,3362.0,21483000.0
2013-07-04,3402.0,3488.0,3170.0,3216.0,8997500.0
2013-07-05,3258.0,3340.0,3130.0,3146.0,5320500.0
2013-07-08,3066.0,3140.0,2610.0,2624.0,7870000.0
2013-07-09,2630.0,2844.0,2410.0,2766.0,12243500.0
2013-07-10,2820.0,2858.0,2466.0,2482.0,6408000.0
2013-07-11,2482.0,2684.0,2480.0,2530.0,8234500.0
2013-07-12,2582.0,2632.0,2432.0,2510.0,4001000.0
2013-07-16,2540.0,2802.0,2444.0,2700.0,11481000.0
2013-07-17,2738.0,2768.0,2554.0,2580.0,4030000.0
2013-07-18,2560.0,2596.0,2498.0,2502.0,9954000.0
2013-07-19,2520.0,2706.0,2472.0,2566.0,7019500.0
2013-07-22,2568.0,2646.0,2510.0,2526.0,2961500.0
2013-07-23,2560.0,2616.0,2510.0,2510.0,2729500.0
2013-07-24,2522.0,2590.0,2500.0,2500.0,2794000.0
2013-07-25,2540.0,2692.0,2522.0,2608.0,5862500.0
2013-07-26,2588.0,2620.0,2522.0,2540.0,2230500.0
2013-07-29,2500.0,2506.0,2008.0,2068.0,5677000.0
2013-07-30,2128.0,2352.0,2110.0,2264.0,4152500.0
2013-07-31,2162.0,2204.0,2002.0,2006.0,2279000.0
2013-08-01,1916.0,2006.0,1734.0,1898.0,3045500.0
2013-08-02,2018.0,2030.0,1930.0,1970.0,1571500.0
2013-08-05,1976.0,2100.0,1902.0,2024.0,2409000.0
2013-08-06,2076.0,2158.0,2044.0,2090.0,2143500.0
2013-08-07,2030.0,2056.0,1972.0,1982.0,1085500.0
2013-08-08,1960.0,2020.0,1928.0,1950.0,725500.0
2013-08-09,1996.0,2004.0,1910.0,1930.0,537500.0
2013-08-12,1870.0,1880.0,1720.0,1728.0,1351000.0
2013-08-13,1654.0,1780.0,1580.0,1768.0,1578000.0
2013-08-14,1820.0,1894.0,1784.0,1852.0,1138500.0
2013-08-15,1828.0,1964.0,1822.0,1940.0,1431000.0
2013-08-16,1910.0,2240.0,1906.0,2122.0,4944000.0
2013-08-19,2180.0,2296.0,2156.0,2262.0,3846500.0
2013-08-20,2318.0,2364.0,2096.0,2096.0,2853000.0
2013-08-21,2120.0,2178.0,1904.0,2008.0,3149000.0
2013-08-22,1998.0,2046.0,1932.0,1932.0,1263000.0
2013-08-23,2000.0,2032.0,1932.0,1940.0,870000.0
2013-08-26,1996.0,2060.0,1926.0,1996.0,1082500.0
2013-08-27,1996.0,2096.0,1960.0,2048.0,1135500.0
2013-08-28,1941.0,1994.0,1771.0,1800.0,1126100.0
2013-08-29,1849.0,1860.0,1730.0,1731.0,618600.0
2013-08-30,1732.0,1847.0,1655.0,1703.0,1348100.0
2013-09-02,1663.0,1685.0,1610.0,1623.0,770900.0
2013-09-03,1663.0,1783.0,1658.0,1750.0,1231200.0
2013-09-04,1750.0,1881.0,1724.0,1859.0,1241100.0
2013-09-05,1898.0,1910.0,1780.0,1803.0,850100.0
2013-09-06,1803.0,1815.0,1727.0,1750.0,558200.0
2013-09-09,1750.0,1798.0,1700.0,1723.0,563600.0
2013-09-10,1758.0,1830.0,1717.0,1728.0,790900.0
2013-09-11,1750.0,1919.0,1735.0,1823.0,2108300.0
2013-09-12,1857.0,1924.0,1772.0,1918.0,1713900.0
2013-09-13,1898.0,1970.0,1865.0,1914.0,1415400.0
2013-09-17,1920.0,1991.0,1900.0,1938.0,1025300.0
2013-09-18,1988.0,2129.0,1985.0,2067.0,2366400.0
2013-09-19,2140.0,2140.0,2010.0,2066.0,1034700.0
2013-09-20,2054.0,2108.0,2020.0,2064.0,741200.0
2013-09-24,2049.0,2073.0,2008.0,2011.0,450400.0
2013-09-25,2013.0,2020.0,1920.0,1925.0,712600.0
2013-09-26,1873.0,1990.0,1870.0,1990.0,1083600.0
2013-09-27,2005.0,2095.0,1986.0,2085.0,1742200.0
2013-09-30,2035.0,2189.0,2025.0,2161.0,2204300.0
2013-10-01,2275.0,2349.0,2170.0,2191.0,4782100.0
2013-10-02,2200.0,2255.0,2020.0,2149.0,1791100.0
2013-10-03,2140.0,2186.0,2085.0,2120.0,854400.0
2013-10-04,2070.0,2208.0,1995.0,2208.0,1826600.0
2013-10-07,2211.0,2238.0,2050.0,2055.0,1087800.0
2013-10-08,1961.0,2078.0,1922.0,2060.0,899300.0
2013-10-09,2011.0,2068.0,1990.0,2015.0,962400.0
2013-10-10,2043.0,2043.0,1970.0,1982.0,745500.0
2013-10-11,2022.0,2035.0,1986.0,1994.0,933400.0
2013-10-15,2019.0,2175.0,2007.0,2104.0,2583300.0
2013-10-16,2090.0,2140.0,2055.0,2070.0,913000.0
2013-10-17,2110.0,2128.0,2060.0,2070.0,980700.0
2013-10-18,2080.0,2179.0,2065.0,2153.0,1739800.0
2013-10-21,2167.0,2182.0,2106.0,2110.0,1197400.0
2013-10-22,2082.0,2099.0,2045.0,2058.0,609800.0
2013-10-23,2061.0,2080.0,1992.0,2001.0,739300.0
2013-10-24,1985.0,2097.0,1975.0,2062.0,1285700.0
2013-10-25,2059.0,2060.0,1998.0,2008.0,746900.0
2013-10-28,2028.0,2028.0,1988.0,1993.0,322400.0
2013-10-29,1989.0,2020.0,1957.0,1970.0,508200.0
2013-10-30,2026.0,2040.0,1898.0,1900.0,980000.0
2013-10-31,1910.0,1964.0,1830.0,1837.0,908600.0
2013-11-01,1826.0,1857.0,1750.0,1806.0,895100.0
2013-11-05,1780.0,1895.0,1750.0,1880.0,918800.0
2013-11-06,1876.0,1910.0,1824.0,1826.0,557200.0
2013-11-07,1810.0,1841.0,1791.0,1791.0,455000.0
2013-11-08,1765.0,1799.0,1760.0,1775.0,324100.0
2013-11-11,1800.0,1813.0,1700.0,1703.0,578300.0
2013-11-12,1700.0,1765.0,1686.0,1750.0,525800.0
2013-11-13,1715.0,1740.0,1710.0,1712.0,343600.0
2013-11-14,1695.0,1729.0,1692.0,1699.0,989900.0
2013-11-15,1706.0,1722.0,1700.0,1700.0,690200.0
2013-11-18,1720.0,1792.0,1708.0,1763.0,1228900.0
2013-11-19,1820.0,1848.0,1785.0,1817.0,1609500.0
2013-11-20,1835.0,1850.0,1805.0,1850.0,1274900.0
2013-11-21,1840.0,1843.0,1805.0,1809.0,690900.0
2013-11-22,1798.0,1812.0,1753.0,1760.0,722600.0
2013-11-25,1780.0,1786.0,1715.0,1719.0,618300.0
2013-11-26,1719.0,1779.0,1716.0,1772.0,719600.0
2013-11-27,1770.0,1800.0,1733.0,1755.0,564000.0
2013-11-28,1750.0,1755.0,1717.0,1729.0,456000.0
2013-11-29,1716.0,1745.0,1716.0,1737.0,429200.0
2013-12-02,1741.0,1783.0,1724.0,1735.0,679100.0
2013-12-03,1755.0,1783.0,1732.0,1735.0,755900.0
2013-12-04,1730.0,1732.0,1711.0,1720.0,551700.0
2013-12-05,1752.0,1956.0,1739.0,1940.0,4839400.0
2013-12-06,1976.0,2000.0,1825.0,1869.0,3006400.0
2013-12-09,1880.0,1884.0,1801.0,1805.0,779900.0
2013-12-10,1810.0,1851.0,1785.0,1785.0,845700.0
2013-12-11,1900.0,1960.0,1841.0,1851.0,2161900.0
2013-12-12,1851.0,1853.0,1791.0,1808.0,654500.0
2013-12-13,1831.0,1831.0,1793.0,1798.0,529000.0
2013-12-16,1791.0,1795.0,1716.0,1718.0,810600.0
2013-12-17,1711.0,1744.0,1696.0,1701.0,1005800.0
2013-12-18,1694.0,1711.0,1662.0,1670.0,926600.0
2013-12-19,1673.0,1686.0,1630.0,1634.0,1243700.0
2013-12-20,1639.0,1679.0,1620.0,1672.0,1161800.0
2013-12-24,1650.0,1667.0,1606.0,1612.0,1097700.0
2013-12-25,1600.0,1663.0,1591.0,1632.0,1319500.0
2013-12-26,1664.0,1702.0,1637.0,1697.0,848000.0
2013-12-27,1715.0,1717.0,1673.0,1679.0,619800.0
2013-12-30,1661.0,1738.0,1660.0,1725.0,785400.0
2014-01-06,1730.0,1735.0,1692.0,1710.0,546300.0
2014-01-07,1696.0,1715.0,1655.0,1659.0,811700.0
2014-01-08,1663.0,1690.0,1660.0,1668.0,417700.0
2014-01-09,1611.0,1660.0,1610.0,1637.0,936100.0
2014-01-10,1630.0,1685.0,1630.0,1651.0,630600.0
2014-01-14,1650.0,1691.0,1625.0,1651.0,520000.0
2014-01-15,1675.0,1717.0,1663.0,1692.0,551600.0
2014-01-16,1720.0,1727.0,1662.0,1670.0,627800.0
2014-01-17,1664.0,1696.0,1655.0,1681.0,358100.0
2014-01-20,1681.0,1686.0,1663.0,1666.0,317500.0
2014-01-21,1660.0,1665.0,1645.0,1653.0,384500.0
2014-01-22,1650.0,1686.0,1642.0,1661.0,500400.0
2014-01-23,1678.0,1690.0,1650.0,1655.0,464800.0
2014-01-24,1635.0,1670.0,1631.0,1640.0,455200.0
2014-01-27,1600.0,1616.0,1546.0,1550.0,836600.0
2014-01-28,1562.0,1567.0,1450.0,1458.0,1307900.0
2014-01-29,1488.0,1543.0,1440.0,1534.0,1622100.0
2014-01-30,1600.0,1606.0,1452.0,1467.0,2508800.0
2014-01-31,1470.0,1514.0,1383.0,1393.0,1632300.0
2014-02-03,1303.0,1327.0,1190.0,1223.0,1995700.0
2014-02-04,983.0,1068.0,947.0,998.0,2412700.0
2014-02-05,1103.0,1104.0,957.0,1011.0,1692900.0
2014-02-06,994.0,1311.0,982.0,1311.0,6741000.0
2014-02-07,1325.0,1362.0,1176.0,1220.0,5935500.0
2014-02-10,1231.0,1306.0,1204.0,1229.0,1592500.0
2014-02-12,1281.0,1383.0,1234.0,1264.0,2665500.0
2014-02-13,1225.0,1239.0,1175.0,1178.0,1190600.0
2014-02-14,1166.0,1240.0,1095.0,1096.0,1442400.0
2014-02-17,1100.0,1114.0,1031.0,1040.0,1122300.0
2014-02-18,1060.0,1112.0,1033.0,1086.0,1105500.0
2014-02-19,1070.0,1135.0,1056.0,1092.0,739200.0
2014-02-20,1080.0,1099.0,1038.0,1058.0,592100.0
2014-02-21,1055.0,1114.0,1055.0,1084.0,581400.0
2014-02-24,1080.0,1121.0,1071.0,1087.0,451800.0
2014-02-25,1100.0,1107.0,1070.0,1078.0,512800.0
2014-02-26,1074.0,1095.0,1043.0,1068.0,647800.0
2014-02-27,1077.0,1090.0,1037.0,1039.0,721500.0
2014-02-28,1035.0,1041.0,1005.0,1028.0,403600.0
2014-03-03,1000.0,1004.0,960.0,982.0,706600.0
2014-03-04,952.0,999.0,951.0,983.0,521300.0
2014-03-05,1020.0,1062.0,1010.0,1042.0,949100.0
2014-03-06,1042.0,1045.0,1004.0,1022.0,591200.0
2014-03-07,1100.0,1292.0,1080.0,1174.0,8814500.0
2014-03-10,1144.0,1158.0,1115.0,1123.0,1325500.0
2014-03-11,1080.0,1090.0,1046.0,1054.0,1226300.0
2014-03-12,1024.0,1089.0,1022.0,1036.0,639600.0
2014-03-13,1029.0,1038.0,1000.0,1002.0,673900.0
2014-03-14,986.0,1041.0,982.0,1003.0,672100.0
2014-03-17,994.0,1035.0,980.0,981.0,508900.0
2014-03-18,1041.0,1044.0,991.0,998.0,661700.0
2014-03-19,1010.0,1090.0,1000.0,1001.0,1388300.0
2014-03-20,991.0,1014.0,961.0,966.0,757700.0
2014-03-24,962.0,987.0,960.0,962.0,381400.0
2014-03-25,962.0,969.0,896.0,901.0,691800.0
2014-03-26,895.0,914.0,854.0,856.0,867000.0
2014-03-27,851.0,865.0,804.0,860.0,728200.0
2014-03-28,850.0,945.0,846.0,942.0,881900.0
2014-03-31,942.0,948.0,902.0,909.0,484600.0
2014-04-01,894.0,941.0,891.0,910.0,454800.0
2014-04-02,923.0,979.0,918.0,950.0,730000.0
2014-04-03,955.0,975.0,926.0,931.0,482900.0
2014-04-04,930.0,937.0,910.0,922.0,306600.0
2014-04-07,903.0,911.0,888.0,890.0,448800.0
2014-04-08,884.0,923.0,869.0,889.0,465000.0
2014-04-09,883.0,917.0,883.0,900.0,417000.0
2014-04-10,900.0,920.0,834.0,851.0,754600.0
2014-04-11,810.0,828.0,806.0,817.0,565300.0
2014-04-14,810.0,847.0,809.0,824.0,317800.0
2014-04-15,835.0,842.0,813.0,820.0,239700.0
2014-04-16,815.0,859.0,815.0,855.0,435200.0
2014-04-17,852.0,878.0,840.0,850.0,315900.0
2014-04-18,851.0,876.0,851.0,866.0,286400.0
2014-04-21,869.0,887.0,845.0,846.0,313800.0
2014-04-22,851.0,880.0,812.0,814.0,462200.0
2014-04-23,820.0,835.0,808.0,815.0,392600.0
2014-04-24,818.0,824.0,798.0,800.0,456100.0
2014-04-25,845.0,859.0,803.0,807.0,913600.0
2014-04-28,792.0,796.0,781.0,791.0,465800.0
2014-04-30,781.0,789.0,752.0,762.0,492500.0
2014-05-01,756.0,786.0,754.0,772.0,578800.0
2014-05-02,765.0,796.0,765.0,788.0,390400.0
2014-05-07,780.0,782.0,760.0,764.0,304100.0
2014-05-08,763.0,772.0,755.0,762.0,268700.0
2014-05-09,758.0,760.0,731.0,733.0,388500.0
2014-05-12,725.0,727.0,676.0,677.0,505400.0
2014-05-13,700.0,728.0,680.0,680.0,562000.0
2014-05-14,674.0,714.0,656.0,686.0,530900.0
2014-05-15,680.0,722.0,676.0,720.0,496900.0
2014-05-16,695.0,699.0,676.0,687.0,432000.0
2014-05-19,677.0,686.0,643.0,648.0,432800.0
2014-05-20,648.0,675.0,647.0,658.0,392800.0
2014-05-21,646.0,668.0,645.0,666.0,183800.0
2014-05-22,662.0,688.0,660.0,670.0,652400.0
2014-05-23,681.0,733.0,681.0,704.0,962900.0
2014-05-26,730.0,744.0,713.0,737.0,514300.0
2014-05-27,810.0,887.0,809.0,887.0,1782300.0
2014-05-28,917.0,926.0,828.0,830.0,3428700.0
2014-05-29,851.0,874.0,834.0,843.0,1108800.0
2014-05-30,902.0,980.0,900.0,954.0,3947500.0
2014-06-02,954.0,954.0,954.0,954.0,0.0
2014-06-03,1054.0,1077.0,1021.0,1026.0,3069100.0
2014-06-04,1000.0,1010.0,963.0,972.0,1681300.0
2014-06-05,975.0,979.0,900.0,929.0,1209600.0
2014-06-06,920.0,953.0,905.0,953.0,768100.0
2014-06-09,965.0,967.0,927.0,935.0,645400.0
2014-06-10,925.0,927.0,883.0,890.0,874400.0
2014-06-11,865.0,907.0,861.0,887.0,887100.0
2014-06-12,899.0,931.0,876.0,894.0,1633000.0
2014-06-13,880.0,946.0,878.0,923.0,1906200.0
2014-06-16,947.0,1018.0,936.0,1016.0,3863500.0
2014-06-17,1037.0,1044.0,973.0,1005.0,2069600.0
2014-06-18,1010.0,1030.0,980.0,1000.0,1547000.0
2014-06-19,998.0,1017.0,983.0,998.0,1295500.0
2014-06-20,993.0,996.0,941.0,954.0,1354000.0
2014-06-23,960.0,966.0,930.0,949.0,479100.0
2014-06-24,940.0,1010.0,933.0,995.0,1132300.0
2014-06-25,1010.0,1027.0,970.0,975.0,1351200.0
2014-06-26,987.0,992.0,957.0,972.0,558600.0
2014-06-27,961.0,969.0,944.0,948.0,556400.0
2014-06-30,946.0,970.0,940.0,970.0,313700.0
2014-07-01,981.0,983.0,959.0,962.0,384600.0
2014-07-02,977.0,977.0,951.0,957.0,557600.0
2014-07-03,950.0,956.0,918.0,920.0,670400.0
2014-07-04,922.0,939.0,916.0,920.0,569800.0
2014-07-07,909.0,923.0,908.0,911.0,294800.0
2014-07-08,905.0,905.0,885.0,891.0,528600.0
2014-07-09,876.0,890.0,866.0,873.0,636500.0
2014-07-10,881.0,902.0,856.0,875.0,590900.0
2014-07-11,860.0,875.0,850.0,871.0,267200.0
2014-07-14,865.0,881.0,865.0,877.0,134800.0
2014-07-15,893.0,912.0,883.0,910.0,512900.0
2014-07-16,895.0,900.0,880.0,883.0,339700.0
2014-07-17,894.0,894.0,866.0,885.0,163300.0
2014-07-18,861.0,873.0,857.0,866.0,169100.0
2014-07-22,859.0,866.0,850.0,861.0,232000.0
2014-07-23,856.0,904.0,852.0,899.0,517300.0
2014-07-24,884.0,924.0,872.0,874.0,575500.0
2014-07-25,869.0,878.0,864.0,869.0,201800.0
2014-07-28,864.0,880.0,863.0,869.0,159600.0
2014-07-29,869.0,914.0,868.0,880.0,561800.0
2014-07-30,880.0,891.0,877.0,879.0,421900.0
2014-07-31,879.0,884.0,866.0,870.0,311000.0
2014-08-01,856.0,860.0,841.0,842.0,488400.0
2014-08-04,830.0,878.0,830.0,842.0,421000.0
2014-08-05,852.0,855.0,827.0,830.0,246700.0
2014-08-06,821.0,824.0,801.0,807.0,359900.0
2014-08-07,800.0,817.0,790.0,807.0,325100.0
2014-08-08,792.0,799.0,769.0,785.0,374200.0
2014-08-11,794.0,815.0,781.0,801.0,295500.0
2014-08-12,795.0,805.0,777.0,782.0,350800.0
2014-08-13,775.0,807.0,774.0,801.0,321800.0
2014-08-14,798.0,831.0,792.0,806.0,540100.0
2014-08-15,809.0,828.0,806.0,822.0,308000.0
2014-08-18,837.0,839.0,823.0,830.0,268900.0
2014-08-19,835.0,835.0,816.0,816.0,208000.0
2014-08-20,815.0,817.0,792.0,796.0,389400.0
2014-08-21,796.0,802.0,792.0,799.0,200400.0
2014-08-22,800.0,801.0,794.0,796.0,159300.0
2014-08-25,797.0,820.0,797.0,813.0,368000.0
2014-08-26,816.0,823.0,802.0,805.0,275600.0
2014-08-27,805.0,822.0,802.0,806.0,298400.0
2014-08-28,810.0,810.0,790.0,792.0,324600.0
2014-08-29,796.0,799.0,785.0,798.0,203800.0
2014-09-01,799.0,800.0,792.0,799.0,156200.0
2014-09-02,797.0,799.0,792.0,794.0,250400.0
2014-09-03,794.0,803.0,790.0,797.0,249400.0
2014-09-04,800.0,834.0,800.0,820.0,753000.0
2014-09-05,817.0,825.0,802.0,814.0,684000.0
2014-09-08,812.0,815.0,802.0,810.0,247100.0
2014-09-09,870.0,880.0,825.0,832.0,1203100.0
2014-09-10,840.0,841.0,805.0,830.0,462300.0
2014-09-11,839.0,889.0,831.0,888.0,1257800.0
2014-09-12,899.0,934.0,860.0,933.0,1899900.0
2014-09-16,1068.0,1080.0,943.0,945.0,14036500.0
2014-09-17,915.0,922.0,860.0,876.0,3595900.0
2014-09-18,894.0,904.0,864.0,894.0,1425200.0
2014-09-19,896.0,908.0,877.0,879.0,903000.0
2014-09-22,880.0,886.0,855.0,856.0,705100.0
2014-09-24,843.0,847.0,828.0,838.0,675300.0
2014-09-25,844.0,847.0,830.0,833.0,434300.0
2014-09-26,819.0,852.0,817.0,839.0,476800.0
2014-09-29,836.0,839.0,811.0,819.0,479100.0
2014-09-30,819.0,823.0,805.0,815.0,461500.0
2014-10-01,808.0,815.0,785.0,785.0,640800.0
2014-10-02,760.0,793.0,760.0,775.0,511400.0
2014-10-03,780.0,820.0,779.0,818.0,584800.0
2014-10-06,818.0,819.0,805.0,812.0,241800.0
2014-10-07,805.0,808.0,780.0,782.0,419700.0
2014-10-08,771.0,786.0,765.0,782.0,298300.0
2014-10-09,780.0,785.0,741.0,741.0,580800.0
2014-10-10,720.0,728.0,704.0,711.0,593800.0
2014-10-14,690.0,705.0,687.0,691.0,672300.0
2014-10-15,695.0,709.0,688.0,708.0,366000.0
2014-10-16,693.0,731.0,688.0,704.0,484600.0
2014-10-17,696.0,721.0,692.0,694.0,330000.0
2014-10-20,711.0,723.0,705.0,723.0,301300.0
2014-10-21,721.0,722.0,703.0,711.0,216400.0
2014-10-22,713.0,730.0,705.0,730.0,285800.0
2014-10-23,729.0,744.0,723.0,737.0,409500.0
2014-10-24,742.0,752.0,729.0,729.0,284300.0
2014-10-27,725.0,732.0,711.0,711.0,274200.0
2014-10-28,705.0,720.0,703.0,712.0,162000.0
2014-10-29,713.0,717.0,708.0,714.0,138000.0
2014-10-30,744.0,791.0,720.0,723.0,1452200.0
2014-10-31,734.0,747.0,718.0,747.0,651800.0
2014-11-04,770.0,770.0,735.0,749.0,527200.0
2014-11-05,749.0,756.0,745.0,756.0,404200.0
2014-11-06,763.0,774.0,747.0,748.0,497300.0
2014-11-07,750.0,766.0,750.0,754.0,258400.0
2014-11-10,756.0,773.0,751.0,773.0,308000.0
2014-11-11,779.0,779.0,762.0,763.0,366800.0
2014-11-12,766.0,777.0,750.0,758.0,460600.0
2014-11-13,736.0,742.0,726.0,727.0,690800.0
2014-11-14,725.0,733.0,715.0,715.0,441700.0
2014-11-17,712.0,720.0,705.0,705.0,526600.0
2014-11-18,708.0,723.0,706.0,723.0,237000.0
2014-11-19,726.0,727.0,709.0,711.0,344900.0
2014-11-20,711.0,719.0,703.0,704.0,714400.0
2014-11-21,702.0,714.0,702.0,712.0,587800.0
2014-11-25,715.0,742.0,706.0,730.0,1057400.0
2014-11-26,735.0,791.0,734.0,768.0,2593600.0
2014-11-27,767.0,767.0,737.0,745.0,908800.0
2014-11-28,774.0,810.0,755.0,777.0,2807300.0
2014-12-01,773.0,849.0,745.0,782.0,2743200.0
2014-12-02,779.0,813.0,779.0,786.0,1078500.0
2014-12-03,785.0,794.0,755.0,756.0,1019800.0
2014-12-04,755.0,759.0,734.0,737.0,774700.0
2014-12-05,736.0,755.0,731.0,755.0,480700.0
2014-12-08,764.0,764.0,735.0,738.0,445700.0
2014-12-09,732.0,738.0,718.0,726.0,547900.0
2014-12-10,714.0,729.0,713.0,721.0,419400.0
2014-12-11,715.0,727.0,710.0,726.0,286800.0
2014-12-12,723.0,730.0,720.0,725.0,371800.0
2014-12-15,715.0,725.0,715.0,725.0,364000.0
2014-12-16,715.0,720.0,708.0,708.0,529600.0
2014-12-17,704.0,715.0,700.0,706.0,448500.0
2014-12-18,711.0,714.0,701.0,707.0,513900.0
2014-12-19,712.0,718.0,703.0,718.0,707300.0
2014-12-22,717.0,729.0,707.0,711.0,543700.0
2014-12-24,708.0,710.0,694.0,699.0,1010000.0
2014-12-25,692.0,696.0,683.0,692.0,1000100.0
2014-12-26,711.0,729.0,703.0,728.0,736900.0
2014-12-29,735.0,763.0,731.0,761.0,980400.0
2014-12-30,758.0,779.0,743.0,773.0,647400.0
2015-01-05,788.0,789.0,764.0,777.0,1055700.0
2015-01-06,769.0,775.0,749.0,750.0,464600.0
2015-01-07,741.0,758.0,731.0,734.0,237900.0
2015-01-08,741.0,752.0,725.0,730.0,430700.0
2015-01-09,732.0,736.0,708.0,714.0,387000.0
2015-01-13,717.0,731.0,715.0,721.0,271300.0
2015-01-14,720.0,722.0,709.0,718.0,230100.0
2015-01-15,715.0,728.0,710.0,724.0,175700.0
2015-01-16,717.0,730.0,714.0,723.0,284400.0
2015-01-19,721.0,737.0,716.0,730.0,341000.0
2015-01-20,732.0,737.0,724.0,725.0,188200.0
2015-01-21,725.0,726.0,713.0,713.0,181700.0
2015-01-22,710.0,714.0,708.0,710.0,160400.0
2015-01-23,715.0,723.0,709.0,723.0,196900.0
2015-01-26,720.0,728.0,718.0,720.0,141000.0
2015-01-27,722.0,723.0,719.0,722.0,123600.0
2015-01-28,752.0,768.0,727.0,728.0,2025600.0
2015-01-29,720.0,725.0,712.0,712.0,460900.0
2015-01-30,714.0,737.0,712.0,737.0,536500.0
2015-02-02,722.0,728.0,716.0,722.0,357000.0
2015-02-03,720.0,731.0,712.0,712.0,257000.0
2015-02-04,717.0,721.0,708.0,708.0,297300.0
2015-02-05,711.0,711.0,703.0,706.0,250900.0
2015-02-06,704.0,712.0,704.0,706.0,187400.0
2015-02-09,710.0,717.0,706.0,717.0,154600.0
2015-02-10,718.0,720.0,711.0,716.0,131800.0
2015-02-12,724.0,725.0,712.0,712.0,186300.0
2015-02-13,714.0,714.0,708.0,709.0,188600.0
2015-02-16,707.0,714.0,705.0,709.0,173200.0
2015-02-17,719.0,723.0,710.0,711.0,285200.0
2015-02-18,715.0,715.0,709.0,711.0,165900.0
2015-02-19,713.0,714.0,708.0,711.0,205600.0
2015-02-20,710.0,712.0,709.0,710.0,188500.0
2015-02-23,711.0,714.0,706.0,708.0,436500.0
2015-02-24,710.0,713.0,708.0,712.0,207100.0
2015-02-25,712.0,714.0,709.0,710.0,159600.0
2015-02-26,715.0,721.0,711.0,720.0,287200.0
2015-02-27,721.0,743.0,715.0,743.0,603500.0
2015-03-02,736.0,736.0,718.0,723.0,413300.0
2015-03-03,724.0,738.0,706.0,709.0,484200.0
2015-03-04,707.0,720.0,706.0,710.0,209100.0
2015-03-05,710.0,715.0,707.0,708.0,224700.0
2015-03-06,709.0,712.0,708.0,708.0,204000.0
2015-03-09,707.0,707.0,701.0,701.0,291700.0
2015-03-10,705.0,708.0,698.0,699.0,404700.0
2015-03-11,697.0,704.0,696.0,699.0,185900.0
2015-03-12,697.0,701.0,697.0,698.0,286000.0
2015-03-13,697.0,700.0,695.0,695.0,326100.0
2015-03-16,692.0,697.0,689.0,689.0,400600.0
2015-03-17,687.0,688.0,674.0,680.0,636200.0
2015-03-18,674.0,680.0,668.0,674.0,401600.0
2015-03-19,675.0,683.0,675.0,682.0,203300.0
2015-03-20,682.0,699.0,680.0,697.0,381500.0
2015-03-23,703.0,706.0,694.0,696.0,248500.0
2015-03-24,701.0,701.0,690.0,697.0,202800.0
2015-03-25,694.0,697.0,686.0,687.0,145200.0
2015-03-26,684.0,685.0,679.0,681.0,205700.0
2015-03-27,678.0,685.0,673.0,679.0,208300.0
2015-03-30,679.0,688.0,679.0,683.0,142900.0
2015-03-31,687.0,696.0,686.0,696.0,234400.0
2015-04-01,693.0,694.0,683.0,688.0,161800.0
2015-04-02,683.0,691.0,682.0,682.0,117400.0
2015-04-03,683.0,685.0,675.0,677.0,137000.0
2015-04-06,677.0,684.0,674.0,682.0,114700.0
2015-04-07,684.0,686.0,680.0,684.0,114700.0
2015-04-08,681.0,687.0,680.0,682.0,147300.0
2015-04-09,685.0,700.0,685.0,686.0,241900.0
2015-04-10,686.0,692.0,682.0,683.0,151400.0
2015-04-13,682.0,687.0,680.0,686.0,141600.0
2015-04-14,682.0,700.0,682.0,694.0,292000.0
2015-04-15,690.0,694.0,682.0,682.0,204400.0
2015-04-16,684.0,687.0,680.0,684.0,159300.0
2015-04-17,684.0,700.0,683.0,690.0,344000.0
2015-04-20,687.0,696.0,681.0,681.0,244700.0
2015-04-21,698.0,698.0,684.0,688.0,366600.0
2015-04-22,685.0,689.0,684.0,686.0,157800.0
2015-04-23,683.0,686.0,677.0,679.0,331600.0
2015-04-24,680.0,682.0,678.0,678.0,177600.0
2015-04-27,677.0,682.0,677.0,681.0,119300.0
2015-04-28,678.0,679.0,675.0,676.0,187600.0
2015-04-30,675.0,679.0,671.0,671.0,211300.0
2015-05-01,670.0,671.0,666.0,669.0,201800.0
2015-05-07,670.0,678.0,668.0,676.0,130900.0
2015-05-08,677.0,686.0,676.0,686.0,187400.0
2015-05-11,688.0,689.0,683.0,688.0,134300.0
2015-05-12,686.0,688.0,681.0,682.0,104400.0
2015-05-13,681.0,688.0,681.0,686.0,165000.0
2015-05-14,670.0,680.0,667.0,675.0,230200.0
2015-05-15,671.0,674.0,665.0,666.0,268200.0
2015-05-18,661.0,662.0,651.0,658.0,297800.0
2015-05-19,652.0,668.0,651.0,666.0,305200.0
2015-05-20,674.0,674.0,661.0,661.0,218100.0
2015-05-21,661.0,672.0,661.0,665.0,233500.0
2015-05-22,664.0,669.0,664.0,665.0,127300.0
2015-05-25,670.0,685.0,666.0,669.0,400400.0
2015-05-26,672.0,685.0,665.0,666.0,536000.0
2015-05-27,664.0,677.0,664.0,675.0,247700.0
2015-05-28,679.0,682.0,662.0,664.0,319500.0
2015-05-29,662.0,710.0,661.0,710.0,1189200.0
2015-06-01,693.0,695.0,681.0,689.0,656900.0
2015-06-02,681.0,687.0,673.0,674.0,322900.0
2015-06-03,672.0,683.0,664.0,677.0,352200.0
2015-06-04,673.0,680.0,667.0,668.0,259000.0
2015-06-05,688.0,689.0,669.0,669.0,618900.0
2015-06-08,699.0,748.0,691.0,700.0,6339600.0
2015-06-09,703.0,710.0,671.0,676.0,1539100.0
2015-06-10,680.0,690.0,668.0,671.0,950800.0
2015-06-11,675.0,679.0,671.0,674.0,355800.0
2015-06-12,675.0,695.0,672.0,681.0,572800.0
2015-06-15,681.0,681.0,674.0,675.0,566600.0
2015-06-16,678.0,678.0,656.0,663.0,903700.0
2015-06-17,661.0,662.0,657.0,658.0,349800.0
2015-06-18,657.0,660.0,655.0,657.0,382900.0
2015-06-19,660.0,662.0,655.0,657.0,223900.0
2015-06-22,673.0,678.0,665.0,670.0,796600.0
2015-06-23,678.0,678.0,666.0,668.0,409900.0
2015-06-24,668.0,670.0,665.0,666.0,249900.0
2015-06-25,664.0,673.0,663.0,672.0,254600.0
2015-06-26,669.0,672.0,662.0,665.0,242300.0
2015-06-29,650.0,655.0,644.0,645.0,653800.0
2015-06-30,645.0,670.0,644.0,650.0,603700.0
2015-07-01,652.0,653.0,648.0,653.0,256800.0
2015-07-02,653.0,653.0,649.0,651.0,302300.0
2015-07-03,651.0,658.0,648.0,658.0,308300.0
2015-07-06,648.0,653.0,640.0,643.0,437000.0
2015-07-07,646.0,651.0,645.0,646.0,138700.0
2015-07-08,648.0,648.0,624.0,626.0,541300.0
2015-07-09,600.0,606.0,565.0,606.0,751500.0
2015-07-10,600.0,608.0,595.0,601.0,205100.0
2015-07-13,601.0,613.0,601.0,607.0,182100.0
2015-07-14,611.0,628.0,609.0,623.0,304400.0
2015-07-15,622.0,626.0,619.0,625.0,175800.0
2015-07-16,623.0,623.0,616.0,619.0,129000.0
2015-07-17,622.0,628.0,617.0,626.0,158700.0
2015-07-21,625.0,631.0,625.0,625.0,113800.0
2015-07-22,639.0,645.0,632.0,645.0,433200.0
2015-07-23,641.0,641.0,631.0,631.0,244400.0
2015-07-24,626.0,630.0,621.0,623.0,195900.0
2015-07-27,617.0,625.0,615.0,621.0,162400.0
2015-07-28,611.0,620.0,607.0,617.0,209700.0
2015-07-29,613.0,615.0,601.0,604.0,248200.0
2015-07-30,620.0,638.0,608.0,608.0,580900.0
2015-07-31,608.0,618.0,607.0,611.0,156300.0
2015-08-03,611.0,612.0,604.0,605.0,132400.0
2015-08-04,625.0,644.0,613.0,613.0,636900.0
2015-08-05,615.0,632.0,614.0,624.0,219400.0
2015-08-06,622.0,625.0,615.0,617.0,141900.0
2015-08-07,616.0,617.0,608.0,608.0,198300.0
2015-08-10,608.0,612.0,605.0,608.0,133800.0
2015-08-11,611.0,613.0,606.0,611.0,142500.0
2015-08-12,610.0,611.0,604.0,605.0,175100.0
2015-08-13,604.0,605.0,598.0,601.0,218700.0
2015-08-14,581.0,595.0,572.0,577.0,564400.0
2015-08-17,557.0,568.0,555.0,556.0,471800.0
2015-08-18,555.0,572.0,555.0,571.0,281300.0
2015-08-19,569.0,573.0,560.0,560.0,142900.0
2015-08-20,560.0,593.0,556.0,578.0,523700.0
2015-08-21,560.0,573.0,558.0,558.0,418900.0
2015-08-24,546.0,556.0,484.0,490.0,993400.0
2015-08-25,451.0,514.0,416.0,469.0,828900.0
2015-08-26,470.0,505.0,470.0,505.0,393400.0
2015-08-27,503.0,519.0,500.0,506.0,314700.0
2015-08-28,526.0,538.0,525.0,529.0,335500.0
2015-08-31,528.0,562.0,526.0,548.0,391800.0
2015-09-01,536.0,540.0,521.0,522.0,226500.0
2015-09-02,502.0,520.0,497.0,507.0,332600.0
2015-09-03,513.0,520.0,501.0,502.0,285400.0
2015-09-04,505.0,505.0,482.0,487.0,259700.0
2015-09-07,477.0,497.0,472.0,486.0,182000.0
2015-09-08,494.0,497.0,473.0,479.0,222100.0
2015-09-09,543.0,559.0,539.0,559.0,752200.0
2015-09-10,529.0,541.0,512.0,518.0,1400100.0
2015-09-11,525.0,533.0,515.0,525.0,505800.0
2015-09-14,522.0,525.0,503.0,507.0,325700.0
2015-09-15,506.0,511.0,500.0,500.0,228300.0
2015-09-16,502.0,504.0,487.0,487.0,340800.0
2015-09-17,491.0,494.0,486.0,490.0,203400.0
2015-09-18,487.0,496.0,487.0,489.0,236600.0
2015-09-24,479.0,482.0,464.0,466.0,319600.0
2015-09-25,466.0,480.0,457.0,473.0,411700.0
2015-09-28,473.0,476.0,462.0,469.0,166600.0
2015-09-29,458.0,460.0,455.0,460.0,227900.0
2015-09-30,462.0,464.0,458.0,459.0,188900.0
2015-10-01,460.0,462.0,451.0,456.0,234300.0
2015-10-02,452.0,455.0,451.0,452.0,232500.0
2015-10-05,458.0,473.0,455.0,470.0,346800.0
2015-10-06,484.0,484.0,465.0,465.0,403800.0
2015-10-07,467.0,467.0,463.0,465.0,211000.0
2015-10-08,465.0,467.0,456.0,460.0,243400.0
2015-10-09,457.0,462.0,456.0,457.0,196000.0
2015-10-13,457.0,465.0,455.0,462.0,248900.0
2015-10-14,459.0,460.0,451.0,451.0,187500.0
2015-10-15,452.0,459.0,446.0,457.0,267300.0
2015-10-16,457.0,462.0,456.0,456.0,147300.0
2015-10-19,458.0,458.0,450.0,451.0,159000.0
2015-10-20,454.0,455.0,446.0,446.0,237000.0
2015-10-21,446.0,447.0,442.0,444.0,206200.0
2015-10-22,447.0,447.0,442.0,442.0,173900.0
2015-10-23,444.0,446.0,437.0,438.0,258600.0
2015-10-26,438.0,449.0,437.0,445.0,294900.0
2015-10-27,445.0,446.0,436.0,437.0,235600.0
2015-10-28,440.0,440.0,433.0,436.0,167100.0
2015-10-29,436.0,439.0,434.0,436.0,243900.0
2015-10-30,436.0,438.0,427.0,428.0,385800.0
2015-11-02,427.0,427.0,416.0,418.0,296000.0
2015-11-04,416.0,416.0,405.0,409.0,501500.0
2015-11-05,419.0,419.0,409.0,409.0,345700.0
2015-11-06,405.0,417.0,400.0,415.0,383200.0
2015-11-09,415.0,416.0,408.0,408.0,288300.0
2015-11-10,409.0,416.0,405.0,415.0,311300.0
2015-11-11,418.0,425.0,413.0,417.0,343700.0
2015-11-12,425.0,428.0,421.0,424.0,344100.0
2015-11-13,412.0,415.0,405.0,407.0,544200.0
2015-11-16,401.0,404.0,397.0,397.0,677500.0
2015-11-17,399.0,400.0,388.0,390.0,626700.0
2015-11-18,388.0,470.0,386.0,470.0,5674400.0
2015-11-19,460.0,543.0,443.0,478.0,17099100.0
2015-11-20,480.0,485.0,446.0,446.0,2370400.0
2015-11-24,448.0,464.0,447.0,451.0,899500.0
2015-11-25,481.0,519.0,464.0,467.0,3867000.0
2015-11-26,478.0,492.0,470.0,474.0,1480300.0
2015-11-27,468.0,470.0,440.0,446.0,1137600.0
2015-11-30,440.0,441.0,433.0,434.0,953300.0
2015-12-01,450.0,458.0,436.0,437.0,744500.0
2015-12-02,437.0,475.0,433.0,455.0,1367600.0
2015-12-03,447.0,448.0,438.0,439.0,666800.0
2015-12-04,434.0,444.0,432.0,436.0,510500.0
2015-12-07,440.0,442.0,431.0,431.0,519900.0
2015-12-08,423.0,424.0,411.0,414.0,1065600.0
2015-12-09,408.0,425.0,406.0,409.0,1161300.0
2015-12-10,407.0,420.0,405.0,412.0,692400.0
2015-12-11,411.0,415.0,409.0,412.0,439100.0
2015-12-14,407.0,411.0,402.0,408.0,625100.0
2015-12-15,408.0,408.0,396.0,397.0,815000.0
2015-12-16,402.0,406.0,400.0,403.0,389800.0
2015-12-17,404.0,405.0,399.0,400.0,448200.0
2015-12-18,399.0,400.0,396.0,396.0,507500.0
2015-12-21,391.0,392.0,384.0,385.0,678600.0
2015-12-22,384.0,387.0,375.0,375.0,867200.0
2015-12-24,373.0,375.0,350.0,352.0,1536800.0
2015-12-25,352.0,352.0,352.0,352.0,0.0
2015-12-28,352.0,367.0,344.0,364.0,575800.0
2015-12-29,362.0,376.0,360.0,374.0,414200.0
2015-12-30,368.0,377.0,365.0,366.0,427500.0
2016-01-04,366.0,389.0,363.0,370.0,470100.0
2016-01-05,363.0,369.0,350.0,363.0,480800.0
2016-01-06,368.0,369.0,358.0,362.0,328400.0
2016-01-07,361.0,393.0,359.0,368.0,1143400.0
2016-01-08,440.0,448.0,411.0,448.0,4855000.0
2016-01-12,451.0,483.0,400.0,415.0,7931600.0
2016-01-13,418.0,495.0,406.0,476.0,8279700.0
2016-01-14,448.0,471.0,434.0,450.0,2978700.0
2016-01-15,468.0,482.0,410.0,418.0,2660900.0
2016-01-18,397.0,437.0,395.0,422.0,2121200.0
2016-01-19,415.0,430.0,403.0,410.0,898400.0
2016-01-20,421.0,423.0,394.0,397.0,1084400.0
2016-01-21,393.0,419.0,351.0,355.0,1799500.0
2016-01-22,371.0,380.0,354.0,371.0,1204900.0
2016-01-25,379.0,385.0,367.0,378.0,916800.0
2016-01-26,367.0,378.0,361.0,362.0,661600.0
2016-01-27,374.0,378.0,367.0,370.0,725300.0
2016-01-28,370.0,381.0,366.0,369.0,811000.0
2016-01-29,374.0,374.0,362.0,365.0,736100.0
2016-02-01,371.0,389.0,369.0,383.0,969200.0
2016-02-02,380.0,442.0,380.0,412.0,3158700.0
2016-02-03,407.0,420.0,397.0,411.0,1103400.0
2016-02-04,417.0,418.0,388.0,391.0,729400.0
2016-02-05,381.0,387.0,360.0,370.0,743100.0
2016-02-08,365.0,391.0,362.0,390.0,422000.0
2016-02-09,369.0,380.0,361.0,363.0,601400.0
2016-02-10,371.0,375.0,350.0,356.0,723800.0
2016-02-12,336.0,341.0,310.0,316.0,1179700.0
2016-02-15,328.0,337.0,321.0,332.0,685600.0
2016-02-16,335.0,354.0,332.0,346.0,462000.0
2016-02-17,341.0,350.0,335.0,339.0,492300.0
2016-02-18,347.0,358.0,347.0,350.0,445400.0
2016-02-19,351.0,389.0,351.0,369.0,881700.0
2016-02-22,366.0,379.0,364.0,376.0,343000.0
2016-02-23,383.0,384.0,366.0,373.0,461900.0
2016-02-24,363.0,375.0,361.0,367.0,368000.0
2016-02-25,373.0,373.0,365.0,365.0,234000.0
2016-02-26,371.0,374.0,366.0,366.0,262200.0
2016-02-29,370.0,380.0,370.0,380.0,426800.0
2016-03-01,378.0,387.0,368.0,382.0,463600.0
2016-03-02,396.0,399.0,387.0,399.0,674100.0
2016-03-03,401.0,424.0,401.0,424.0,964400.0
2016-03-04,432.0,432.0,414.0,426.0,659300.0
2016-03-07,426.0,435.0,422.0,432.0,537000.0
2016-03-08,427.0,433.0,405.0,416.0,690100.0
2016-03-09,408.0,410.0,402.0,405.0,418700.0
2016-03-10,411.0,420.0,409.0,418.0,346400.0
2016-03-11,410.0,432.0,410.0,428.0,452600.0
2016-03-14,435.0,439.0,427.0,428.0,505700.0
2016-03-15,440.0,487.0,440.0,459.0,3428100.0
2016-03-16,456.0,494.0,451.0,472.0,2180800.0
2016-03-17,482.0,483.0,440.0,451.0,1450000.0
2016-03-18,443.0,452.0,432.0,448.0,673300.0
2016-03-22,453.0,467.0,448.0,463.0,694000.0
2016-03-23,477.0,484.0,467.0,473.0,796300.0
2016-03-24,464.0,475.0,451.0,473.0,649400.0
2016-03-25,465.0,470.0,459.0,463.0,403400.0
2016-03-28,467.0,473.0,456.0,460.0,686500.0
2016-03-29,460.0,471.0,457.0,468.0,671100.0
2016-03-30,468.0,513.0,463.0,488.0,2616500.0
2016-03-31,504.0,508.0,493.0,502.0,1732500.0
2016-04-01,510.0,520.0,490.0,519.0,2825400.0
2016-04-04,527.0,565.0,520.0,557.0,6461600.0
2016-04-05,559.0,559.0,494.0,496.0,3669400.0
2016-04-06,475.0,494.0,466.0,481.0,1799300.0
2016-04-07,496.0,518.0,491.0,508.0,2060100.0
2016-04-08,499.0,548.0,491.0,539.0,2402700.0
2016-04-11,547.0,555.0,532.0,547.0,2088300.0
2016-04-12,549.0,552.0,493.0,515.0,2744100.0
2016-04-13,505.0,529.0,503.0,517.0,1070200.0
2016-04-14,524.0,537.0,521.0,526.0,1153100.0
2016-04-15,517.0,530.0,511.0,515.0,1092000.0
2016-04-18,514.0,539.0,506.0,531.0,1278800.0
2016-04-19,581.0,631.0,576.0,631.0,9890900.0
2016-04-20,665.0,698.0,607.0,620.0,15412200.0
2016-04-21,650.0,664.0,617.0,646.0,3742700.0
2016-04-22,654.0,657.0,607.0,620.0,3221100.0
2016-04-25,611.0,635.0,605.0,609.0,1604900.0
2016-04-26,645.0,646.0,574.0,581.0,3354200.0
2016-04-27,575.0,604.0,568.0,583.0,1467100.0
2016-04-28,588.0,589.0,553.0,569.0,1340800.0
2016-05-02,545.0,582.0,545.0,571.0,972400.0
2016-05-06,521.0,525.0,485.0,494.0,3603500.0
2016-05-09,502.0,503.0,484.0,492.0,1322200.0
2016-05-10,493.0,495.0,477.0,482.0,1157500.0
2016-05-11,476.0,489.0,465.0,480.0,1002800.0
2016-05-12,485.0,489.0,470.0,470.0,762400.0
2016-05-13,461.0,482.0,451.0,472.0,1016900.0
2016-05-16,453.0,458.0,426.0,431.0,1475900.0
2016-05-17,435.0,450.0,433.0,439.0,898400.0
2016-05-18,435.0,442.0,412.0,421.0,919800.0
2016-05-19,425.0,430.0,415.0,420.0,896400.0
2016-05-20,424.0,444.0,418.0,435.0,635800.0
2016-05-23,427.0,453.0,426.0,451.0,722700.0
2016-05-24,447.0,457.0,441.0,441.0,636400.0
2016-05-25,442.0,448.0,435.0,437.0,402700.0
2016-05-26,440.0,444.0,430.0,435.0,434800.0
2016-05-27,434.0,443.0,427.0,427.0,378300.0
2016-05-30,428.0,446.0,428.0,442.0,544100.0
2016-05-31,441.0,449.0,437.0,448.0,390300.0
2016-06-01,442.0,449.0,439.0,442.0,377400.0
2016-06-02,448.0,453.0,425.0,425.0,768300.0
2016-06-03,425.0,443.0,424.0,437.0,456700.0
2016-06-06,429.0,435.0,426.0,432.0,328000.0
2016-06-07,482.0,512.0,471.0,512.0,8251500.0
2016-06-08,540.0,592.0,528.0,540.0,16748600.0
2016-06-09,538.0,579.0,518.0,563.0,6102100.0
2016-06-10,564.0,564.0,528.0,529.0,2428500.0
2016-06-13,525.0,574.0,503.0,524.0,4581000.0
2016-06-14,506.0,519.0,471.0,471.0,2426000.0
2016-06-15,463.0,493.0,463.0,478.0,1217200.0
2016-06-16,472.0,486.0,443.0,447.0,1306600.0
2016-06-17,468.0,470.0,439.0,446.0,788500.0
2016-06-20,452.0,472.0,448.0,467.0,701600.0
2016-06-21,505.0,520.0,474.0,474.0,3188400.0
2016-06-22,474.0,479.0,454.0,456.0,873300.0
2016-06-23,457.0,463.0,450.0,454.0,728500.0
2016-06-24,470.0,470.0,386.0,404.0,2193800.0
2016-06-27,413.0,427.0,407.0,417.0,807200.0
2016-06-28,435.0,459.0,416.0,444.0,2151800.0
2016-06-29,447.0,454.0,435.0,437.0,846500.0
2016-06-30,446.0,449.0,435.0,436.0,678300.0
2016-07-01,442.0,448.0,436.0,445.0,580000.0
2016-07-04,445.0,472.0,443.0,472.0,868400.0
2016-07-05,474.0,477.0,456.0,460.0,581800.0
2016-07-06,456.0,456.0,439.0,450.0,634600.0
2016-07-07,465.0,466.0,429.0,429.0,1340300.0
2016-07-08,430.0,440.0,412.0,422.0,561100.0
2016-07-11,422.0,422.0,422.0,422.0,0.0
2016-07-12,432.0,437.0,428.0,434.0,433700.0
2016-07-13,442.0,445.0,431.0,441.0,503500.0
2016-07-14,436.0,443.0,428.0,429.0,509500.0
2016-07-15,428.0,429.0,420.0,421.0,519800.0
2016-07-19,413.0,424.0,413.0,418.0,456600.0
2016-07-20,420.0,430.0,415.0,426.0,325200.0
2016-07-21,424.0,432.0,422.0,425.0,266300.0
2016-07-22,422.0,427.0,417.0,423.0,263200.0
2016-07-25,422.0,428.0,418.0,418.0,223800.0
2016-07-26,425.0,498.0,423.0,498.0,5302700.0
2016-07-27,474.0,490.0,442.0,445.0,5042900.0
2016-07-28,445.0,448.0,432.0,434.0,809500.0
2016-07-29,436.0,449.0,430.0,449.0,609000.0
2016-08-01,456.0,471.0,445.0,461.0,1131000.0
2016-08-02,461.0,468.0,453.0,461.0,597000.0
2016-08-03,453.0,480.0,452.0,480.0,891600.0
2016-08-04,480.0,488.0,472.0,477.0,803200.0
2016-08-05,479.0,484.0,460.0,460.0,521200.0
2016-08-08,458.0,459.0,445.0,446.0,436800.0
2016-08-09,445.0,452.0,444.0,448.0,220700.0
2016-08-10,451.0,462.0,451.0,458.0,337200.0
2016-08-12,453.0,468.0,453.0,467.0,386600.0
2016-08-15,468.0,478.0,462.0,478.0,425800.0
2016-08-16,476.0,484.0,469.0,474.0,480900.0
2016-08-17,471.0,473.0,462.0,464.0,294500.0
2016-08-18,463.0,463.0,450.0,450.0,478500.0
2016-08-19,454.0,464.0,448.0,464.0,296100.0
2016-08-22,458.0,460.0,448.0,451.0,360100.0
2016-08-23,450.0,458.0,449.0,453.0,270100.0
2016-08-24,456.0,464.0,451.0,460.0,220300.0
2016-08-25,465.0,467.0,457.0,459.0,206400.0
2016-08-26,454.0,458.0,452.0,453.0,136900.0
2016-08-29,453.0,457.0,451.0,454.0,160700.0
2016-08-30,454.0,462.0,453.0,462.0,206300.0
2016-08-31,461.0,479.0,456.0,470.0,575700.0
2016-09-01,470.0,481.0,465.0,481.0,406700.0
2016-09-02,474.0,481.0,470.0,475.0,320300.0
2016-09-05,479.0,483.0,471.0,480.0,378600.0
2016-09-06,480.0,500.0,479.0,495.0,993900.0
2016-09-07,494.0,498.0,486.0,495.0,557700.0
2016-09-08,489.0,492.0,460.0,471.0,944100.0
2016-09-09,464.0,481.0,464.0,480.0,367400.0
2016-09-12,474.0,480.0,467.0,468.0,318700.0
2016-09-13,472.0,475.0,470.0,473.0,171900.0
2016-09-14,470.0,471.0,459.0,460.0,352400.0
2016-09-15,472.0,522.0,468.0,494.0,4378800.0
2016-09-16,489.0,495.0,464.0,469.0,1226900.0
2016-09-20,471.0,483.0,466.0,467.0,479500.0
2016-09-21,468.0,473.0,463.0,473.0,351400.0
2016-09-23,480.0,488.0,477.0,487.0,817600.0
2016-09-26,487.0,506.0,482.0,487.0,831500.0
2016-09-27,491.0,515.0,482.0,513.0,1317200.0
2016-09-28,512.0,520.0,506.0,516.0,868900.0
2016-09-29,510.0,517.0,504.0,506.0,755700.0
2016-09-30,499.0,505.0,489.0,492.0,703000.0
2016-10-03,498.0,500.0,493.0,497.0,357400.0
2016-10-04,508.0,509.0,497.0,498.0,360500.0
2016-10-05,499.0,520.0,494.0,513.0,1144500.0
2016-10-06,510.0,519.0,505.0,507.0,541900.0
2016-10-07,507.0,507.0,493.0,496.0,495700.0
2016-10-11,496.0,500.0,484.0,487.0,533600.0
2016-10-12,486.0,488.0,474.0,479.0,416700.0
2016-10-13,477.0,481.0,470.0,470.0,407800.0
2016-10-14,470.0,479.0,469.0,477.0,225600.0
2016-10-17,481.0,484.0,470.0,473.0,352600.0
2016-10-18,473.0,478.0,467.0,471.0,429800.0
2016-10-19,470.0,474.0,467.0,468.0,390800.0
2016-10-20,465.0,471.0,463.0,465.0,417500.0
2016-10-21,466.0,475.0,466.0,468.0,331200.0
2016-10-24,470.0,472.0,460.0,463.0,357800.0
2016-10-25,456.0,477.0,456.0,456.0,602800.0
2016-10-26,456.0,463.0,456.0,458.0,240200.0
2016-10-27,456.0,464.0,456.0,461.0,171200.0
2016-10-28,460.0,468.0,458.0,459.0,273600.0
2016-10-31,460.0,465.0,459.0,462.0,211600.0
2016-11-01,462.0,462.0,452.0,452.0,377500.0
2016-11-02,452.0,453.0,436.0,441.0,655500.0
2016-11-04,436.0,438.0,430.0,430.0,383300.0
2016-11-07,432.0,441.0,431.0,436.0,180200.0
2016-11-08,444.0,449.0,433.0,434.0,266800.0
2016-11-09,436.0,441.0,402.0,414.0,791800.0
2016-11-10,446.0,446.0,431.0,441.0,357600.0
2016-11-11,440.0,441.0,432.0,440.0,228700.0
2016-11-14,433.0,435.0,427.0,432.0,355800.0
2016-11-15,440.0,448.0,434.0,434.0,436500.0
2016-11-16,440.0,451.0,436.0,446.0,416000.0
2016-11-17,478.0,483.0,453.0,458.0,2395000.0
2016-11-18,462.0,462.0,452.0,455.0,400700.0
2016-11-21,452.0,456.0,446.0,453.0,270900.0
2016-11-22,457.0,460.0,451.0,457.0,416600.0
2016-11-24,465.0,469.0,461.0,465.0,545300.0
2016-11-25,465.0,466.0,449.0,458.0,604300.0
2016-11-28,455.0,461.0,453.0,458.0,192400.0
2016-11-29,453.0,461.0,453.0,454.0,206500.0
2016-11-30,452.0,456.0,452.0,453.0,205100.0
2016-12-01,456.0,456.0,449.0,449.0,377100.0
2016-12-02,450.0,451.0,441.0,443.0,355500.0
2016-12-05,425.0,439.0,424.0,437.0,543500.0
2016-12-06,439.0,446.0,433.0,437.0,342500.0
2016-12-07,436.0,436.0,431.0,432.0,327400.0
2016-12-08,425.0,430.0,420.0,420.0,718800.0
2016-12-09,415.0,429.0,414.0,425.0,561200.0
2016-12-12,422.0,430.0,422.0,427.0,442500.0
2016-12-13,430.0,439.0,428.0,437.0,445300.0
2016-12-14,437.0,438.0,430.0,430.0,377300.0
2016-12-15,432.0,434.0,428.0,434.0,368400.0
2016-12-16,434.0,434.0,430.0,430.0,384600.0
2016-12-19,428.0,433.0,427.0,429.0,287100.0
2016-12-20,428.0,429.0,424.0,427.0,317100.0
2016-12-21,435.0,436.0,425.0,425.0,984300.0
2016-12-22,426.0,427.0,420.0,420.0,423500.0
2016-12-26,417.0,422.0,417.0,418.0,556000.0
2016-12-27,419.0,423.0,417.0,420.0,555100.0
2016-12-28,421.0,433.0,421.0,432.0,357600.0
2016-12-29,427.0,431.0,422.0,429.0,287200.0
2016-12-30,427.0,434.0,425.0,430.0,305600.0
2017-01-04,431.0,434.0,429.0,433.0,247100.0
2017-01-05,433.0,440.0,431.0,439.0,401500.0
2017-01-06,435.0,439.0,434.0,436.0,312100.0
2017-01-10,439.0,439.0,431.0,435.0,413900.0
2017-01-11,437.0,438.0,432.0,433.0,294200.0
2017-01-12,432.0,435.0,428.0,428.0,321100.0
2017-01-13,428.0,431.0,426.0,427.0,247400.0
2017-01-16,426.0,428.0,421.0,423.0,340600.0
2017-01-17,420.0,424.0,418.0,421.0,381500.0
2017-01-18,420.0,422.0,416.0,419.0,306500.0
2017-01-19,420.0,422.0,416.0,418.0,429000.0
2017-01-20,420.0,420.0,414.0,416.0,409900.0
2017-01-23,417.0,419.0,412.0,417.0,257000.0
2017-01-24,414.0,421.0,414.0,417.0,231700.0
2017-01-25,417.0,419.0,414.0,416.0,274400.0
2017-01-26,416.0,419.0,415.0,417.0,294400.0
2017-01-27,417.0,421.0,417.0,417.0,269700.0
2017-01-30,420.0,421.0,415.0,418.0,280600.0
2017-01-31,417.0,421.0,417.0,418.0,168700.0
2017-02-01,417.0,420.0,416.0,418.0,189900.0
2017-02-02,421.0,430.0,418.0,424.0,1158200.0
2017-02-03,424.0,428.0,421.0,426.0,307700.0
2017-02-06,428.0,429.0,421.0,425.0,321600.0
2017-02-07,424.0,427.0,421.0,424.0,158100.0
2017-02-08,423.0,427.0,420.0,422.0,274300.0
2017-02-09,420.0,427.0,420.0,425.0,284400.0
2017-02-10,422.0,428.0,422.0,424.0,216000.0
2017-02-13,425.0,427.0,422.0,425.0,164500.0
2017-02-14,428.0,439.0,424.0,436.0,811400.0
2017-02-15,440.0,444.0,434.0,436.0,523000.0
2017-02-16,438.0,440.0,430.0,434.0,323500.0
2017-02-17,432.0,435.0,429.0,434.0,261500.0
2017-02-20,434.0,434.0,430.0,430.0,202900.0
2017-02-21,429.0,432.0,426.0,427.0,208400.0
2017-02-22,427.0,429.0,427.0,428.0,114600.0
2017-02-23,428.0,439.0,426.0,438.0,345900.0
2017-02-24,439.0,441.0,433.0,437.0,276400.0
2017-02-27,439.0,439.0,433.0,437.0,274700.0
2017-02-28,440.0,445.0,435.0,440.0,614600.0
2017-03-01,444.0,444.0,434.0,435.0,378300.0
2017-03-02,437.0,438.0,429.0,434.0,445100.0
2017-03-03,433.0,436.0,432.0,433.0,151400.0
2017-03-06,444.0,444.0,435.0,435.0,832500.0
2017-03-07,437.0,439.0,434.0,437.0,336100.0
2017-03-08,434.0,441.0,434.0,440.0,471200.0
2017-03-09,439.0,440.0,436.0,438.0,218700.0
2017-03-10,439.0,441.0,436.0,439.0,277600.0
2017-03-13,437.0,440.0,436.0,436.0,251100.0
2017-03-14,436.0,437.0,428.0,429.0,442800.0
2017-03-15,428.0,429.0,421.0,422.0,399800.0
2017-03-16,422.0,425.0,421.0,423.0,161400.0
2017-03-17,421.0,422.0,418.0,418.0,322600.0
2017-03-21,417.0,418.0,413.0,416.0,362100.0
2017-03-22,414.0,415.0,412.0,414.0,188100.0
2017-03-23,413.0,414.0,411.0,411.0,267400.0
2017-03-24,412.0,413.0,404.0,406.0,552600.0
2017-03-27,405.0,407.0,401.0,402.0,281700.0
2017-03-28,404.0,411.0,400.0,401.0,793700.0
2017-03-29,406.0,423.0,406.0,423.0,575600.0
2017-03-30,420.0,423.0,406.0,407.0,495900.0
2017-03-31,408.0,410.0,404.0,405.0,261500.0
2017-04-03,407.0,410.0,403.0,404.0,266100.0
2017-04-04,404.0,404.0,390.0,391.0,653200.0
2017-04-05,389.0,398.0,388.0,398.0,355800.0
2017-04-06,394.0,395.0,385.0,386.0,510000.0
2017-04-07,386.0,393.0,381.0,389.0,512500.0
2017-04-10,389.0,394.0,388.0,389.0,316600.0
2017-04-11,388.0,389.0,385.0,388.0,231700.0
2017-04-12,385.0,387.0,368.0,368.0,850000.0
2017-04-13,365.0,378.0,364.0,377.0,438600.0
2017-04-14,373.0,443.0,371.0,387.0,8205900.0
2017-04-17,390.0,397.0,373.0,375.0,1508600.0
2017-04-18,376.0,380.0,371.0,373.0,657400.0
2017-04-19,371.0,377.0,370.0,371.0,436000.0
2017-04-20,372.0,384.0,370.0,378.0,1256100.0
2017-04-21,384.0,386.0,375.0,378.0,535400.0
2017-04-24,378.0,379.0,370.0,370.0,433600.0
2017-04-25,371.0,376.0,371.0,374.0,270500.0
2017-04-26,377.0,381.0,374.0,378.0,446200.0
2017-04-27,378.0,384.0,378.0,383.0,280100.0
2017-04-28,382.0,386.0,379.0,380.0,267100.0
2017-05-01,380.0,381.0,375.0,380.0,207700.0
2017-05-02,380.0,383.0,379.0,381.0,210100.0
2017-05-08,384.0,389.0,381.0,388.0,405900.0
2017-05-09,387.0,395.0,387.0,394.0,315600.0
2017-05-10,395.0,396.0,391.0,396.0,241600.0
2017-05-11,397.0,399.0,391.0,392.0,267400.0
2017-05-12,393.0,397.0,389.0,396.0,278500.0
2017-05-15,394.0,394.0,377.0,377.0,645700.0
2017-05-16,380.0,385.0,378.0,380.0,406300.0
2017-05-17,378.0,383.0,378.0,380.0,217800.0
2017-05-18,377.0,380.0,376.0,379.0,214000.0
2017-05-19,384.0,384.0,380.0,383.0,255900.0
2017-05-22,384.0,388.0,383.0,387.0,211500.0
2017-05-23,390.0,391.0,384.0,384.0,250900.0
2017-05-24,385.0,399.0,384.0,385.0,1087800.0
2017-05-25,387.0,392.0,386.0,391.0,415400.0
2017-05-26,391.0,392.0,387.0,390.0,285600.0
2017-05-29,389.0,390.0,382.0,384.0,262000.0
2017-05-30,383.0,386.0,378.0,380.0,320700.0
2017-05-31,379.0,382.0,376.0,382.0,249300.0
2017-06-01,380.0,384.0,379.0,384.0,226400.0
2017-06-02,385.0,387.0,383.0,384.0,258500.0
2017-06-05,387.0,390.0,386.0,389.0,235500.0
2017-06-06,389.0,389.0,379.0,380.0,373200.0
2017-06-07,380.0,384.0,379.0,383.0,273000.0
2017-06-08,382.0,388.0,382.0,388.0,270700.0
2017-06-09,390.0,391.0,386.0,387.0,267800.0
2017-06-12,390.0,398.0,388.0,394.0,998800.0
2017-06-13,393.0,405.0,393.0,405.0,746600.0
2017-06-14,404.0,409.0,395.0,398.0,916200.0
2017-06-15,396.0,400.0,390.0,399.0,547800.0
2017-06-16,398.0,404.0,396.0,403.0,271800.0
2017-06-19,404.0,410.0,402.0,410.0,670300.0
2017-06-20,415.0,415.0,403.0,403.0,762300.0
2017-06-21,402.0,414.0,402.0,413.0,579200.0
2017-06-22,415.0,417.0,410.0,410.0,507100.0
2017-06-23,413.0,414.0,396.0,405.0,671700.0
2017-06-26,405.0,414.0,405.0,414.0,440500.0
2017-06-27,416.0,423.0,411.0,416.0,890000.0
2017-06-28,412.0,414.0,405.0,405.0,391700.0
2017-06-29,407.0,411.0,406.0,408.0,212200.0
2017-06-30,407.0,416.0,406.0,414.0,394000.0
2017-07-03,414.0,419.0,411.0,419.0,349700.0
2017-07-04,419.0,419.0,407.0,407.0,791400.0
2017-07-05,409.0,412.0,407.0,411.0,258300.0
2017-07-06,410.0,411.0,407.0,409.0,195100.0
2017-07-07,406.0,409.0,402.0,407.0,234500.0
2017-07-10,405.0,412.0,405.0,407.0,239200.0
2017-07-11,407.0,411.0,405.0,408.0,482700.0
2017-07-12,406.0,411.0,405.0,406.0,524600.0
2017-07-13,407.0,408.0,402.0,403.0,443700.0
2017-07-14,403.0,404.0,400.0,400.0,225000.0
2017-07-17,400.0,400.0,400.0,400.0,0.0
2017-07-18,400.0,400.0,392.0,393.0,495100.0
2017-07-19,392.0,396.0,392.0,395.0,304400.0
2017-07-20,395.0,396.0,393.0,393.0,222600.0
2017-07-21,392.0,395.0,391.0,394.0,234300.0
2017-07-24,393.0,394.0,390.0,390.0,342600.0
2017-07-25,388.0,391.0,388.0,390.0,206400.0
2017-07-26,389.0,393.0,389.0,390.0,310600.0
2017-07-27,391.0,394.0,390.0,390.0,211200.0
2017-07-28,396.0,396.0,388.0,388.0,407400.0
2017-07-31,390.0,390.0,381.0,382.0,480300.0
2017-08-01,385.0,385.0,379.0,379.0,410500.0
2017-08-02,387.0,390.0,385.0,388.0,487800.0
2017-08-03,389.0,389.0,381.0,383.0,255000.0
2017-08-04,383.0,383.0,380.0,380.0,177900.0
2017-08-07,390.0,392.0,385.0,386.0,447700.0
2017-08-08,391.0,394.0,387.0,390.0,268200.0
2017-08-09,390.0,391.0,382.0,383.0,319000.0
2017-08-10,383.0,387.0,381.0,386.0,272600.0
2017-08-11,386.0,386.0,386.0,386.0,0.0
2017-08-14,380.0,381.0,377.0,380.0,276300.0
2017-08-15,381.0,385.0,379.0,384.0,290500.0
2017-08-16,385.0,399.0,383.0,399.0,642300.0
2017-08-17,394.0,398.0,390.0,391.0,284800.0
2017-08-18,389.0,391.0,388.0,388.0,147300.0
2017-08-21,386.0,387.0,382.0,383.0,201500.0
2017-08-22,382.0,384.0,378.0,380.0,381500.0
2017-08-23,384.0,384.0,381.0,381.0,165300.0
2017-08-24,381.0,381.0,378.0,379.0,243700.0
2017-08-25,379.0,388.0,379.0,384.0,259800.0
2017-08-28,384.0,387.0,383.0,385.0,187200.0
2017-08-29,381.0,383.0,379.0,380.0,222200.0
2017-08-30,382.0,383.0,379.0,382.0,178000.0
2017-08-31,382.0,385.0,381.0,381.0,176000.0
2017-09-01,384.0,387.0,381.0,381.0,272100.0
2017-09-04,380.0,380.0,371.0,374.0,718800.0
2017-09-05,371.0,373.0,357.0,359.0,1074100.0
2017-09-06,354.0,362.0,351.0,361.0,424300.0
2017-09-07,361.0,363.0,353.0,353.0,605700.0
2017-09-08,352.0,356.0,347.0,347.0,597400.0
2017-09-11,348.0,357.0,348.0,356.0,277000.0
2017-09-12,358.0,362.0,357.0,358.0,252400.0
2017-09-13,358.0,360.0,356.0,356.0,177700.0
2017-09-14,354.0,358.0,352.0,352.0,188300.0
2017-09-15,351.0,354.0,351.0,354.0,154800.0
2017-09-18,354.0,354.0,354.0,354.0,0.0
2017-09-19,355.0,357.0,353.0,356.0,258500.0
2017-09-20,357.0,358.0,354.0,354.0,261900.0
2017-09-21,354.0,357.0,354.0,354.0,210900.0
2017-09-22,355.0,356.0,351.0,352.0,268400.0
2017-09-25,353.0,353.0,349.0,350.0,231000.0
2017-09-26,350.0,350.0,348.0,348.0,246600.0
2017-09-27,345.0,352.0,344.0,349.0,377900.0
2017-09-28,350.0,352.0,348.0,348.0,234200.0
2017-09-29,348.0,353.0,348.0,352.0,241500.0
2017-10-02,352.0,358.0,351.0,357.0,320500.0
2017-10-03,359.0,359.0,354.0,356.0,221700.0
2017-10-04,355.0,358.0,352.0,354.0,178400.0
2017-10-05,352.0,353.0,350.0,350.0,199700.0
2017-10-06,356.0,357.0,350.0,351.0,205800.0
2017-10-09,351.0,351.0,351.0,351.0,0.0
2017-10-10,354.0,354.0,350.0,352.0,237200.0
2017-10-11,351.0,352.0,350.0,350.0,159700.0
2017-10-12,350.0,351.0,349.0,350.0,213400.0
2017-10-13,350.0,351.0,348.0,349.0,282000.0
2017-10-16,349.0,350.0,347.0,348.0,229300.0
2017-10-17,347.0,349.0,347.0,347.0,135400.0
2017-10-18,348.0,352.0,348.0,352.0,222200.0
2017-10-19,353.0,353.0,349.0,351.0,216800.0
2017-10-20,350.0,352.0,349.0,352.0,152300.0
2017-10-23,353.0,355.0,351.0,355.0,208700.0
2017-10-24,355.0,360.0,354.0,358.0,311400.0
2017-10-25,360.0,361.0,351.0,355.0,472200.0
2017-10-26,354.0,355.0,351.0,352.0,185900.0
2017-10-27,354.0,357.0,354.0,356.0,163200.0
2017-10-30,357.0,365.0,357.0,363.0,393000.0
2017-10-31,362.0,363.0,358.0,360.0,274200.0
2017-11-01,360.0,362.0,359.0,360.0,214300.0
2017-11-02,363.0,364.0,358.0,359.0,161000.0
2017-11-03,359.0,359.0,359.0,359.0,0.0
2017-11-06,360.0,364.0,356.0,356.0,462600.0
2017-11-07,357.0,359.0,356.0,356.0,213600.0
2017-11-08,356.0,357.0,353.0,355.0,191600.0
2017-11-09,355.0,355.0,350.0,350.0,415700.0
2017-11-10,350.0,354.0,349.0,353.0,284900.0
2017-11-13,354.0,354.0,348.0,348.0,325800.0
2017-11-14,350.0,351.0,348.0,349.0,233700.0
2017-11-15,348.0,350.0,342.0,343.0,497400.0
2017-11-16,342.0,344.0,341.0,342.0,263800.0
2017-11-17,346.0,350.0,342.0,350.0,276100.0
2017-11-20,347.0,350.0,347.0,347.0,174400.0
2017-11-21,347.0,348.0,344.0,345.0,235200.0
2017-11-22,346.0,348.0,343.0,343.0,336000.0
2017-11-23,343.0,343.0,343.0,343.0,0.0
2017-11-24,342.0,346.0,342.0,345.0,230600.0
2017-11-27,345.0,347.0,344.0,347.0,222700.0
2017-11-28,347.0,347.0,343.0,345.0,226800.0
2017-11-29,345.0,345.0,341.0,342.0,365300.0
2017-11-30,346.0,347.0,342.0,343.0,424600.0
2017-12-01,343.0,345.0,342.0,342.0,290200.0
2017-12-04,344.0,345.0,341.0,342.0,407700.0
2017-12-05,342.0,343.0,336.0,337.0,818800.0
2017-12-06,336.0,337.0,331.0,332.0,697700.0
2017-12-07,332.0,336.0,331.0,332.0,402200.0
2017-12-08,331.0,337.0,329.0,333.0,861000.0
2017-12-11,334.0,337.0,332.0,336.0,506800.0
2017-12-12,335.0,338.0,334.0,335.0,281100.0
2017-12-13,334.0,337.0,333.0,335.0,273900.0
2017-12-14,334.0,337.0,333.0,334.0,361500.0
2017-12-15,334.0,335.0,331.0,331.0,517200.0
2017-12-18,332.0,333.0,329.0,330.0,622700.0
2017-12-19,330.0,331.0,322.0,322.0,985100.0
2017-12-20,321.0,322.0,316.0,316.0,928300.0
2017-12-21,315.0,315.0,311.0,311.0,918200.0
2017-12-22,311.0,316.0,310.0,314.0,858500.0
2017-12-25,314.0,314.0,308.0,309.0,1059800.0
2017-12-26,308.0,309.0,301.0,301.0,1583400.0
2017-12-27,304.0,323.0,304.0,318.0,886600.0
2017-12-28,316.0,321.0,314.0,316.0,460400.0
2017-12-29,314.0,319.0,313.0,318.0,335000.0
2018-01-01,318.0,318.0,318.0,318.0,0.0
2018-01-02,318.0,318.0,318.0,318.0,0.0
2018-01-03,318.0,318.0,318.0,318.0,0.0
2018-01-04,320.0,322.0,315.0,321.0,356000.0
2018-01-05,320.0,321.0,316.0,318.0,390800.0
2018-01-08,318.0,318.0,318.0,318.0,0.0
2018-01-09,321.0,333.0,321.0,333.0,723300.0
2018-01-10,380.0,412.0,371.0,374.0,13408300.0
2018-01-11,372.0,376.0,356.0,364.0,2345000.0
2018-01-12,370.0,377.0,363.0,370.0,1961000.0
2018-01-15,380.0,385.0,370.0,381.0,1713700.0
2018-01-16,384.0,385.0,362.0,363.0,1615600.0
2018-01-17,360.0,361.0,351.0,352.0,881000.0
2018-01-18,354.0,359.0,351.0,354.0,547300.0
2018-01-19,352.0,355.0,346.0,347.0,425300.0
2018-01-22,346.0,361.0,345.0,359.0,613800.0
2018-01-23,351.0,361.0,350.0,359.0,711000.0
2018-01-24,357.0,368.0,355.0,368.0,930800.0
2018-01-25,367.0,374.0,364.0,370.0,633400.0
2018-01-26,370.0,371.0,363.0,366.0,511700.0
2018-01-29,366.0,366.0,355.0,356.0,449900.0
2018-01-30,355.0,365.0,352.0,356.0,474300.0
2018-01-31,354.0,365.0,354.0,361.0,370000.0
2018-02-01,360.0,371.0,360.0,370.0,661900.0
2018-02-02,369.0,369.0,361.0,363.0,350700.0
2018-02-05,353.0,359.0,348.0,353.0,718400.0
2018-02-06,332.0,336.0,312.0,325.0,1662100.0
2018-02-07,336.0,339.0,323.0,323.0,621900.0
2018-02-08,325.0,335.0,324.0,331.0,618300.0
2018-02-09,315.0,326.0,314.0,324.0,618200.0
2018-02-12,324.0,324.0,324.0,324.0,0.0
2018-02-13,326.0,326.0,312.0,313.0,844600.0
2018-02-14,312.0,321.0,310.0,318.0,669700.0
2018-02-15,320.0,332.0,318.0,325.0,539700.0
2018-02-16,331.0,332.0,324.0,327.0,383700.0
2018-02-19,330.0,332.0,328.0,330.0,255500.0
2018-02-20,330.0,338.0,330.0,336.0,280800.0
2018-02-21,334.0,338.0,332.0,334.0,212000.0
2018-02-22,330.0,334.0,327.0,327.0,248600.0
2018-02-23,349.0,351.0,334.0,336.0,1085400.0
2018-02-26,341.0,345.0,338.0,341.0,274600.0
2018-02-27,344.0,344.0,336.0,336.0,205800.0
2018-02-28,335.0,340.0,335.0,340.0,211200.0
2018-03-01,339.0,339.0,333.0,335.0,233100.0
2018-03-02,329.0,332.0,325.0,329.0,350100.0
2018-03-05,329.0,330.0,320.0,320.0,308400.0
2018-03-06,322.0,329.0,321.0,327.0,569300.0
2018-03-07,326.0,348.0,323.0,333.0,1247500.0
2018-03-08,334.0,340.0,332.0,339.0,408600.0
2018-03-09,342.0,342.0,334.0,335.0,339400.0
2018-03-12,338.0,340.0,334.0,335.0,342700.0
2018-03-13,338.0,343.0,335.0,343.0,392200.0
2018-03-14,341.0,351.0,340.0,349.0,498600.0
2018-03-15,352.0,357.0,344.0,347.0,677300.0
2018-03-16,343.0,344.0,339.0,340.0,326300.0
2018-03-19,338.0,340.0,332.0,338.0,402800.0
2018-03-20,332.0,338.0,331.0,335.0,208100.0
2018-03-21,335.0,335.0,335.0,335.0,0.0
2018-03-22,334.0,341.0,333.0,341.0,280300.0
2018-03-23,330.0,335.0,329.0,329.0,328500.0
2018-03-26,326.0,330.0,321.0,330.0,334100.0
2018-03-27,331.0,334.0,328.0,332.0,176600.0
2018-03-28,328.0,341.0,328.0,340.0,235800.0
2018-03-29,343.0,349.0,337.0,342.0,435500.0
2018-03-30,345.0,351.0,344.0,350.0,380800.0
2018-04-02,353.0,369.0,348.0,348.0,1266300.0
2018-04-03,345.0,354.0,341.0,354.0,373900.0
2018-04-04,355.0,356.0,343.0,344.0,363000.0
2018-04-05,350.0,354.0,345.0,354.0,358600.0
2018-04-06,351.0,354.0,343.0,345.0,347200.0
2018-04-09,343.0,346.0,336.0,340.0,372500.0
2018-04-10,341.0,341.0,337.0,337.0,201400.0
2018-04-11,337.0,338.0,332.0,334.0,282500.0
2018-04-12,332.0,338.0,332.0,333.0,206300.0
2018-04-13,338.0,338.0,332.0,335.0,127900.0
2018-04-16,334.0,336.0,330.0,330.0,316400.0
2018-04-17,330.0,334.0,325.0,326.0,274900.0
2018-04-18,328.0,332.0,326.0,328.0,140000.0
2018-04-19,329.0,330.0,327.0,328.0,136300.0
2018-04-20,328.0,335.0,327.0,330.0,187900.0
2018-04-23,330.0,330.0,326.0,327.0,159000.0
2018-04-24,327.0,330.0,326.0,326.0,176700.0
2018-04-25,327.0,333.0,327.0,328.0,195200.0
2018-04-26,329.0,333.0,327.0,332.0,160900.0
2018-04-27,332.0,335.0,329.0,331.0,155700.0
2018-04-30,331.0,331.0,331.0,331.0,0.0
2018-05-01,329.0,330.0,325.0,326.0,249800.0
2018-05-02,325.0,329.0,325.0,328.0,144000.0
2018-05-03,328.0,328.0,328.0,328.0,0.0
2018-05-04,328.0,328.0,328.0,328.0,0.0
2018-05-07,315.0,323.0,314.0,320.0,539600.0
2018-05-08,320.0,320.0,317.0,317.0,161900.0
2018-05-09,318.0,319.0,316.0,316.0,175700.0
2018-05-10,316.0,318.0,314.0,314.0,213700.0
2018-05-11,313.0,315.0,312.0,313.0,245100.0
2018-05-14,313.0,313.0,305.0,307.0,589800.0
2018-05-15,305.0,308.0,305.0,305.0,240700.0
2018-05-16,305.0,318.0,302.0,315.0,788100.0
2018-05-17,339.0,347.0,320.0,324.0,2690200.0
2018-05-18,321.0,321.0,314.0,314.0,602600.0
2018-05-21,316.0,320.0,314.0,320.0,354300.0
2018-05-22,320.0,324.0,318.0,322.0,337300.0
2018-05-23,323.0,327.0,317.0,322.0,397600.0
2018-05-24,320.0,326.0,320.0,323.0,267800.0
2018-05-25,321.0,323.0,320.0,320.0,164000.0
2018-05-28,300.0,303.0,287.0,288.0,2003900.0
2018-05-29,281.0,284.0,271.0,276.0,1328100.0
2018-05-30,272.0,279.0,271.0,278.0,452000.0
2018-05-31,280.0,281.0,272.0,274.0,502200.0
2018-06-01,275.0,279.0,274.0,277.0,187400.0
2018-06-04,275.0,276.0,272.0,272.0,453600.0
2018-06-05,270.0,276.0,269.0,272.0,435400.0
2018-06-06,270.0,274.0,268.0,273.0,402100.0
2018-06-07,272.0,278.0,271.0,277.0,330700.0
2018-06-08,275.0,281.0,275.0,279.0,199800.0
2018-06-11,282.0,284.0,280.0,284.0,216500.0
2018-06-12,285.0,290.0,283.0,288.0,510000.0
2018-06-13,287.0,292.0,285.0,286.0,357800.0
2018-06-14,283.0,284.0,277.0,278.0,405500.0
2018-06-15,278.0,279.0,274.0,275.0,242400.0
2018-06-18,273.0,275.0,266.0,267.0,431800.0
2018-06-19,270.0,271.0,261.0,261.0,493800.0
2018-06-20,262.0,264.0,259.0,264.0,396700.0
2018-06-21,270.0,284.0,266.0,268.0,701600.0
2018-06-22,264.0,264.0,260.0,261.0,363300.0
2018-06-25,262.0,264.0,253.0,254.0,455200.0
2018-06-26,250.0,255.0,249.0,254.0,305300.0
2018-06-27,253.0,255.0,250.0,252.0,261300.0
2018-06-28,250.0,251.0,245.0,246.0,393700.0
2018-06-29,246.0,248.0,243.0,246.0,347500.0
2018-07-02,245.0,246.0,241.0,241.0,344600.0
2018-07-03,241.0,244.0,237.0,239.0,437100.0
2018-07-04,239.0,243.0,237.0,238.0,329900.0
2018-07-05,236.0,239.0,220.0,225.0,875400.0
2018-07-06,224.0,237.0,224.0,235.0,542800.0
2018-07-09,231.0,241.0,225.0,232.0,536200.0
2018-07-10,230.0,235.0,229.0,231.0,430300.0
2018-07-11,229.0,231.0,220.0,224.0,451700.0
2018-07-12,221.0,226.0,221.0,222.0,338200.0
2018-07-13,224.0,227.0,222.0,223.0,353500.0
2018-07-16,223.0,223.0,223.0,223.0,0.0
2018-07-17,222.0,223.0,220.0,221.0,274000.0
2018-07-18,222.0,226.0,222.0,224.0,298400.0
2018-07-19,224.0,225.0,220.0,221.0,454900.0
2018-07-20,221.0,227.0,221.0,226.0,491900.0
2018-07-23,241.0,245.0,229.0,231.0,1122500.0
2018-07-24,231.0,239.0,229.0,239.0,491100.0
2018-07-25,242.0,243.0,233.0,233.0,485700.0
2018-07-26,233.0,233.0,228.0,230.0,337100.0
2018-07-27,229.0,230.0,224.0,227.0,592000.0
2018-07-30,235.0,272.0,229.0,238.0,6375400.0
2018-07-31,245.0,247.0,230.0,231.0,1280700.0
2018-08-01,228.0,229.0,225.0,226.0,590400.0
2018-08-02,224.0,226.0,223.0,225.0,507500.0
2018-08-03,225.0,226.0,220.0,221.0,480500.0
2018-08-06,221.0,222.0,209.0,211.0,1122000.0
2018-08-07,211.0,215.0,207.0,208.0,492000.0
2018-08-08,208.0,214.0,206.0,212.0,419300.0
2018-08-09,210.0,213.0,208.0,209.0,304000.0
2018-08-10,209.0,211.0,206.0,207.0,378700.0
2018-08-13,207.0,208.0,198.0,199.0,753400.0
2018-08-14,201.0,204.0,198.0,202.0,623000.0
2018-08-15,200.0,202.0,195.0,196.0,796600.0
2018-08-16,193.0,194.0,189.0,192.0,697900.0
2018-08-17,192.0,197.0,190.0,196.0,407800.0
2018-08-20,204.0,204.0,197.0,198.0,592700.0
2018-08-21,195.0,197.0,193.0,193.0,329800.0
2018-08-22,192.0,200.0,191.0,200.0,527300.0
2018-08-23,198.0,206.0,197.0,201.0,448100.0
2018-08-24,205.0,205.0,200.0,201.0,346000.0
2018-08-27,203.0,208.0,201.0,207.0,572200.0
2018-08-28,208.0,213.0,204.0,205.0,658400.0
2018-08-29,207.0,209.0,204.0,207.0,537100.0
2018-08-30,219.0,241.0,215.0,220.0,6552200.0
2018-08-31,216.0,219.0,213.0,215.0,948200.0
2018-09-03,215.0,242.0,209.0,235.0,4202800.0
2018-09-04,249.0,282.0,247.0,253.0,17647300.0
2018-09-05,246.0,252.0,239.0,244.0,3108200.0
2018-09-06,242.0,246.0,228.0,230.0,2088600.0
2018-09-07,228.0,232.0,220.0,228.0,1126100.0
2018-09-10,228.0,233.0,226.0,228.0,553400.0
2018-09-11,229.0,231.0,225.0,228.0,494900.0
2018-09-12,226.0,226.0,217.0,220.0,1003400.0
2018-09-13,218.0,223.0,217.0,219.0,405500.0
2018-09-14,218.0,222.0,217.0,220.0,306500.0
2018-09-17,220.0,220.0,220.0,220.0,0.0
2018-09-18,223.0,224.0,218.0,221.0,375200.0
2018-09-19,221.0,224.0,220.0,223.0,394300.0
2018-09-20,224.0,236.0,223.0,233.0,1076500.0
2018-09-21,239.0,245.0,230.0,230.0,1493600.0
2018-09-24,230.0,230.0,230.0,230.0,0.0
2018-09-25,243.0,263.0,232.0,257.0,3380900.0
2018-09-26,253.0,264.0,253.0,259.0,1590900.0
2018-09-27,255.0,256.0,247.0,250.0,1171500.0
2018-09-28,251.0,253.0,242.0,245.0,762100.0
2018-10-01,246.0,251.0,243.0,248.0,497200.0
2018-10-02,258.0,259.0,247.0,250.0,1002800.0
2018-10-03,247.0,249.0,238.0,244.0,658300.0
2018-10-04,243.0,244.0,236.0,239.0,367800.0
2018-10-05,235.0,245.0,235.0,238.0,533500.0
2018-10-08,238.0,238.0,238.0,238.0,0.0
2018-10-09,246.0,262.0,229.0,230.0,5496500.0
2018-10-10,240.0,247.0,238.0,243.0,1519800.0
2018-10-11,222.0,232.0,221.0,229.0,1179800.0
2018-10-12,227.0,238.0,227.0,236.0,664800.0
2018-10-15,236.0,237.0,230.0,233.0,530900.0
2018-10-16,231.0,249.0,231.0,246.0,1018500.0
2018-10-17,249.0,249.0,242.0,243.0,655900.0
2018-10-18,244.0,250.0,244.0,245.0,688100.0
2018-10-19,241.0,245.0,235.0,237.0,686200.0
2018-10-22,237.0,239.0,232.0,238.0,325400.0
2018-10-23,236.0,239.0,227.0,228.0,817500.0
2018-10-24,231.0,235.0,226.0,227.0,607200.0
2018-10-25,219.0,219.0,210.0,210.0,1147700.0
2018-10-26,214.0,216.0,201.0,205.0,1121300.0
2018-10-29,206.0,211.0,198.0,199.0,920800.0
2018-10-30,195.0,207.0,195.0,203.0,763400.0
2018-10-31,207.0,213.0,206.0,212.0,599600.0
2018-11-01,209.0,211.0,204.0,206.0,321700.0
2018-11-02,206.0,215.0,206.0,214.0,490600.0
2018-11-05,216.0,223.0,211.0,218.0,496700.0
2018-11-06,220.0,223.0,214.0,219.0,375200.0
2018-11-07,218.0,225.0,216.0,220.0,579400.0
2018-11-08,224.0,229.0,222.0,224.0,367100.0
2018-11-09,222.0,245.0,222.0,230.0,1622200.0
2018-11-12,232.0,242.0,230.0,233.0,1124900.0
2018-11-13,224.0,230.0,220.0,227.0,623100.0
2018-11-14,230.0,237.0,228.0,233.0,568600.0
2018-11-15,230.0,234.0,226.0,228.0,610900.0
2018-11-16,229.0,247.0,229.0,243.0,1526400.0
2018-11-19,242.0,251.0,234.0,247.0,1380700.0
2018-11-20,243.0,246.0,237.0,237.0,684600.0
2018-11-21,231.0,240.0,231.0,239.0,558700.0
2018-11-22,239.0,241.0,234.0,237.0,477400.0
2018-11-23,237.0,237.0,237.0,237.0,0.0
2018-11-26,235.0,279.0,234.0,252.0,7838500.0
2018-11-27,248.0,254.0,243.0,243.0,1135100.0
2018-11-28,248.0,262.0,244.0,257.0,1460800.0
2018-11-29,264.0,264.0,254.0,256.0,852500.0
2018-11-30,252.0,267.0,252.0,264.0,1029900.0
2018-12-03,268.0,270.0,262.0,265.0,927900.0
2018-12-04,264.0,266.0,256.0,257.0,902700.0
2018-12-05,253.0,258.0,252.0,258.0,596000.0
2018-12-06,256.0,258.0,235.0,241.0,1259000.0
2018-12-07,246.0,249.0,238.0,238.0,565500.0
2018-12-10,238.0,238.0,228.0,229.0,664400.0
2018-12-11,232.0,237.0,222.0,223.0,931300.0
2018-12-12,225.0,235.0,224.0,234.0,686000.0
2018-12-13,242.0,242.0,233.0,237.0,555500.0
2018-12-14,235.0,238.0,229.0,229.0,393200.0
2018-12-17,225.0,226.0,217.0,219.0,663300.0
2018-12-18,212.0,217.0,211.0,211.0,651300.0
2018-12-19,210.0,217.0,209.0,210.0,639400.0
2018-12-20,209.0,210.0,195.0,197.0,1313300.0
2018-12-21,192.0,197.0,186.0,190.0,1413400.0
2018-12-24,190.0,190.0,190.0,190.0,0.0
2018-12-25,170.0,179.0,170.0,171.0,2306000.0
2018-12-26,180.0,186.0,177.0,182.0,950900.0
2018-12-27,189.0,193.0,186.0,191.0,891400.0
2018-12-28,186.0,192.0,186.0,191.0,592100.0
2018-12-31,191.0,191.0,191.0,191.0,0.0
2019-01-04,186.0,201.0,186.0,200.0,709100.0
2019-01-07,210.0,212.0,204.0,207.0,763400.0
2019-01-08,209.0,218.0,209.0,216.0,706900.0
2019-01-09,218.0,222.0,209.0,212.0,801900.0
2019-01-10,208.0,217.0,207.0,217.0,775300.0
2019-01-11,220.0,221.0,214.0,217.0,523800.0
2019-01-15,214.0,222.0,211.0,218.0,587400.0
2019-01-16,218.0,227.0,217.0,223.0,570800.0
2019-01-17,225.0,233.0,224.0,232.0,1075600.0
2019-01-18,231.0,237.0,229.0,236.0,524900.0
2019-01-21,238.0,239.0,223.0,223.0,788800.0
2019-01-22,222.0,227.0,217.0,223.0,497600.0
2019-01-23,218.0,226.0,218.0,224.0,342100.0
2019-01-24,223.0,232.0,222.0,231.0,291500.0
2019-01-25,230.0,234.0,228.0,231.0,389500.0
2019-01-28,234.0,234.0,223.0,224.0,362200.0
2019-01-29,223.0,224.0,218.0,223.0,299700.0
2019-01-30,220.0,221.0,208.0,209.0,689200.0
2019-01-31,216.0,217.0,213.0,214.0,290700.0
2019-02-01,218.0,218.0,212.0,217.0,300400.0
2019-02-04,214.0,222.0,214.0,217.0,357500.0
2019-02-05,225.0,228.0,220.0,221.0,580100.0
2019-02-06,223.0,225.0,220.0,221.0,257700.0
2019-02-07,222.0,223.0,215.0,216.0,411900.0
2019-02-08,215.0,217.0,210.0,212.0,401400.0
2019-02-12,217.0,221.0,216.0,221.0,323600.0
2019-02-13,220.0,227.0,218.0,225.0,361700.0
2019-02-14,231.0,231.0,215.0,216.0,662500.0
2019-02-15,216.0,222.0,213.0,218.0,375000.0
2019-02-18,220.0,230.0,219.0,228.0,684000.0
2019-02-19,245.0,284.0,244.0,248.0,16408000.0
2019-02-20,246.0,251.0,238.0,239.0,1975000.0
2019-02-21,247.0,264.0,246.0,262.0,3831200.0
2019-02-22,262.0,264.0,250.0,251.0,1513700.0
2019-02-25,254.0,271.0,252.0,268.0,1655800.0
2019-02-26,268.0,268.0,253.0,257.0,1509100.0
2019-02-27,257.0,264.0,251.0,262.0,1090800.0
2019-02-28,264.0,265.0,247.0,247.0,1089000.0
2019-03-01,263.0,272.0,255.0,258.0,2338500.0
2019-03-04,259.0,264.0,257.0,258.0,797700.0
2019-03-05,254.0,260.0,252.0,259.0,589000.0
2019-03-06,275.0,277.0,259.0,261.0,1729000.0
2019-03-07,257.0,259.0,249.0,251.0,822400.0
2019-03-08,245.0,248.0,242.0,246.0,748200.0
2019-03-11,246.0,251.0,240.0,246.0,590100.0
2019-03-12,252.0,265.0,248.0,256.0,1070600.0
2019-03-13,254.0,265.0,254.0,263.0,749400.0
2019-03-14,264.0,268.0,258.0,265.0,702400.0
2019-03-15,263.0,272.0,259.0,259.0,1087400.0
2019-03-18,265.0,265.0,258.0,263.0,507900.0
2019-03-19,267.0,267.0,258.0,260.0,453200.0
2019-03-20,259.0,263.0,257.0,260.0,505600.0
2019-03-22,259.0,260.0,251.0,251.0,520800.0
2019-03-25,244.0,245.0,237.0,240.0,564200.0
2019-03-26,242.0,248.0,241.0,245.0,330300.0
2019-03-27,251.0,253.0,244.0,247.0,488400.0
2019-03-28,246.0,246.0,238.0,242.0,411200.0
2019-03-29,244.0,244.0,239.0,242.0,246100.0
2019-04-01,246.0,248.0,240.0,242.0,329900.0
2019-04-02,243.0,245.0,234.0,234.0,553600.0
2019-04-03,236.0,241.0,234.0,237.0,285100.0
2019-04-04,238.0,242.0,233.0,237.0,372700.0
2019-04-05,237.0,241.0,234.0,239.0,336200.0
2019-04-08,241.0,243.0,238.0,239.0,166300.0
2019-04-09,246.0,246.0,239.0,242.0,254500.0
2019-04-10,239.0,245.0,239.0,244.0,221400.0
2019-04-11,248.0,250.0,242.0,245.0,320600.0
2019-04-12,248.0,248.0,238.0,239.0,417500.0
2019-04-15,233.0,243.0,233.0,242.0,448600.0
2019-04-16,241.0,244.0,238.0,238.0,206000.0
2019-04-17,239.0,241.0,235.0,240.0,354300.0
2019-04-18,236.0,276.0,233.0,245.0,3484700.0
2019-04-19,248.0,262.0,245.0,255.0,1181000.0
2019-04-22,252.0,260.0,251.0,253.0,598300.0
2019-04-23,249.0,250.0,237.0,239.0,818100.0
2019-04-24,239.0,244.0,237.0,244.0,535400.0
2019-04-25,241.0,246.0,240.0,242.0,369900.0
2019-04-26,244.0,250.0,239.0,247.0,406500.0
2019-05-07,248.0,248.0,244.0,246.0,490400.0
2019-05-08,242.0,258.0,238.0,253.0,976900.0
2019-05-09,252.0,252.0,240.0,240.0,654300.0
2019-05-10,242.0,248.0,238.0,247.0,542100.0
2019-05-13,258.0,258.0,238.0,240.0,1132600.0
2019-05-14,235.0,241.0,228.0,238.0,757700.0
2019-05-15,235.0,238.0,228.0,232.0,793400.0
2019-05-16,232.0,234.0,227.0,227.0,465300.0
2019-05-17,229.0,233.0,228.0,230.0,376000.0
2019-05-20,232.0,234.0,226.0,227.0,288400.0
2019-05-21,229.0,229.0,223.0,223.0,385300.0
2019-05-22,224.0,228.0,222.0,225.0,445000.0
2019-05-23,224.0,225.0,220.0,221.0,500300.0
2019-05-24,216.0,222.0,214.0,220.0,523700.0
2019-05-27,218.0,222.0,218.0,221.0,207200.0
2019-05-28,223.0,229.0,221.0,229.0,435100.0
2019-05-29,226.0,228.0,221.0,224.0,378200.0
2019-05-30,225.0,231.0,213.0,215.0,1132800.0
2019-05-31,216.0,220.0,213.0,214.0,474400.0
2019-06-03,209.0,211.0,204.0,205.0,468500.0
2019-06-04,205.0,208.0,203.0,206.0,446000.0
2019-06-05,208.0,212.0,206.0,208.0,262100.0
2019-06-06,226.0,227.0,212.0,213.0,1697900.0
2019-06-07,215.0,219.0,213.0,219.0,420200.0
2019-06-10,219.0,222.0,217.0,220.0,333100.0
2019-06-11,220.0,224.0,216.0,221.0,340900.0
2019-06-12,220.0,227.0,220.0,225.0,349900.0
2019-06-13,222.0,224.0,216.0,218.0,361300.0
2019-06-14,218.0,221.0,217.0,218.0,232100.0
2019-06-17,221.0,221.0,216.0,218.0,213900.0
2019-06-18,219.0,219.0,211.0,212.0,314100.0
2019-06-19,214.0,217.0,212.0,215.0,190600.0
2019-06-20,216.0,221.0,213.0,220.0,289700.0
2019-06-21,219.0,220.0,213.0,213.0,297500.0
2019-06-24,221.0,225.0,217.0,218.0,760600.0
2019-06-25,218.0,220.0,213.0,216.0,232300.0
2019-06-26,213.0,220.0,213.0,218.0,278200.0
2019-06-27,218.0,220.0,216.0,219.0,160700.0
2019-06-28,219.0,225.0,219.0,224.0,392400.0
2019-07-01,225.0,227.0,224.0,224.0,356600.0
2019-07-02,228.0,235.0,226.0,232.0,632000.0
2019-07-03,237.0,237.0,224.0,230.0,613300.0
2019-07-04,230.0,231.0,227.0,230.0,187400.0
2019-07-05,230.0,244.0,229.0,244.0,922200.0
2019-07-08,241.0,248.0,239.0,241.0,645000.0
2019-07-09,248.0,254.0,240.0,241.0,1444300.0
2019-07-10,240.0,245.0,239.0,242.0,235100.0
2019-07-11,241.0,243.0,239.0,240.0,212300.0
2019-07-12,240.0,241.0,234.0,235.0,414700.0
2019-07-16,232.0,235.0,230.0,232.0,187600.0
2019-07-17,232.0,238.0,232.0,233.0,266900.0
2019-07-18,230.0,233.0,227.0,227.0,247600.0
2019-07-19,226.0,232.0,226.0,229.0,165500.0
2019-07-22,230.0,232.0,227.0,232.0,201200.0
2019-07-23,232.0,236.0,232.0,236.0,148400.0
2019-07-24,237.0,243.0,234.0,238.0,411900.0
2019-07-25,238.0,240.0,236.0,239.0,189200.0
2019-07-26,237.0,238.0,233.0,233.0,220300.0
2019-07-29,232.0,237.0,232.0,237.0,136200.0
2019-07-30,237.0,238.0,234.0,236.0,156000.0
2019-07-31,235.0,237.0,233.0,234.0,132500.0
2019-08-01,232.0,236.0,232.0,233.0,198000.0
2019-08-02,230.0,231.0,226.0,227.0,255500.0
2019-08-05,225.0,226.0,217.0,223.0,468100.0
2019-08-06,215.0,232.0,215.0,232.0,397200.0
2019-08-07,232.0,234.0,229.0,230.0,164600.0
2019-08-08,230.0,232.0,228.0,230.0,158300.0
2019-08-09,235.0,235.0,228.0,229.0,182500.0
2019-08-13,213.0,219.0,211.0,219.0,554300.0
2019-08-14,220.0,220.0,212.0,213.0,288400.0
2019-08-15,208.0,208.0,203.0,208.0,564400.0
2019-08-16,207.0,210.0,207.0,210.0,266100.0
2019-08-19,209.0,214.0,208.0,212.0,154500.0
2019-08-20,212.0,215.0,212.0,215.0,266200.0
2019-08-21,214.0,216.0,211.0,214.0,214200.0
2019-08-22,222.0,223.0,216.0,219.0,700700.0
2019-08-23,216.0,218.0,214.0,215.0,228400.0
2019-08-26,210.0,211.0,207.0,208.0,342600.0
2019-08-27,209.0,210.0,205.0,207.0,254800.0
2019-08-28,206.0,206.0,200.0,200.0,433000.0
2019-08-29,200.0,202.0,196.0,196.0,369700.0
2019-08-30,202.0,211.0,200.0,211.0,638500.0
2019-09-02,206.0,209.0,204.0,208.0,411300.0
2019-09-03,206.0,208.0,205.0,208.0,221700.0
2019-09-04,208.0,208.0,205.0,205.0,170100.0
2019-09-05,209.0,210.0,207.0,207.0,365700.0
2019-09-06,207.0,214.0,207.0,213.0,439000.0
2019-09-09,211.0,211.0,207.0,208.0,311500.0
2019-09-10,219.0,220.0,210.0,210.0,621000.0
2019-09-11,211.0,213.0,209.0,213.0,327200.0
2019-09-12,219.0,224.0,214.0,214.0,1177100.0
2019-09-13,212.0,214.0,210.0,212.0,407600.0
2019-09-17,211.0,213.0,210.0,212.0,294700.0
2019-09-18,213.0,215.0,212.0,214.0,168200.0
2019-09-19,213.0,216.0,213.0,213.0,178900.0
2019-09-20,213.0,215.0,212.0,213.0,216800.0
2019-09-24,215.0,220.0,215.0,217.0,453200.0
2019-09-25,215.0,217.0,212.0,213.0,318000.0
2019-09-26,215.0,223.0,215.0,221.0,732200.0
2019-09-27,223.0,229.0,220.0,229.0,922600.0
2019-09-30,229.0,236.0,229.0,233.0,657700.0
2019-10-01,236.0,237.0,227.0,227.0,699200.0
2019-10-02,228.0,236.0,228.0,236.0,536300.0
2019-10-03,231.0,232.0,225.0,227.0,529500.0
2019-10-04,228.0,233.0,226.0,233.0,286800.0
2019-10-07,236.0,236.0,228.0,228.0,300700.0
2019-10-08,230.0,230.0,225.0,229.0,382900.0
2019-10-09,226.0,228.0,224.0,224.0,275700.0
2019-10-10,224.0,224.0,216.0,218.0,327700.0
2019-10-11,216.0,219.0,215.0,217.0,162500.0
2019-10-15,218.0,221.0,217.0,220.0,146900.0
2019-10-16,221.0,222.0,220.0,220.0,138100.0
2019-10-17,219.0,221.0,217.0,217.0,191200.0
2019-10-18,216.0,219.0,215.0,219.0,222800.0
2019-10-21,218.0,218.0,216.0,218.0,172800.0
2019-10-23,218.0,225.0,217.0,224.0,300900.0
2019-10-24,223.0,224.0,221.0,223.0,147900.0
2019-10-25,224.0,226.0,221.0,221.0,245600.0
2019-10-28,222.0,228.0,221.0,224.0,200500.0
2019-10-29,224.0,227.0,224.0,225.0,293200.0
2019-10-30,226.0,228.0,225.0,227.0,295400.0
2019-10-31,226.0,228.0,225.0,225.0,217100.0
2019-11-01,226.0,226.0,220.0,222.0,195000.0
2019-11-05,224.0,224.0,221.0,224.0,186900.0
2019-11-06,224.0,225.0,221.0,225.0,172400.0
2019-11-07,226.0,230.0,224.0,226.0,223500.0
2019-11-08,226.0,228.0,222.0,222.0,203900.0
2019-11-11,223.0,224.0,222.0,224.0,96300.0
2019-11-12,223.0,224.0,220.0,222.0,176300.0
2019-11-13,222.0,222.0,215.0,217.0,340000.0
2019-11-14,218.0,221.0,214.0,214.0,246600.0
2019-11-15,215.0,222.0,215.0,220.0,246000.0
2019-11-18,222.0,230.0,222.0,228.0,517500.0
2019-11-19,229.0,230.0,226.0,230.0,240700.0
2019-11-20,229.0,235.0,228.0,234.0,654000.0
2019-11-21,235.0,235.0,224.0,229.0,498700.0
2019-11-22,229.0,231.0,225.0,230.0,233000.0
2019-11-25,229.0,234.0,229.0,232.0,272100.0
2019-11-26,232.0,234.0,231.0,234.0,219900.0
2019-11-27,233.0,238.0,231.0,234.0,517800.0
2019-11-28,236.0,237.0,233.0,233.0,185700.0
2019-11-29,234.0,235.0,229.0,229.0,303900.0
2019-12-02,230.0,232.0,227.0,230.0,334400.0
2019-12-03,227.0,230.0,226.0,228.0,193800.0
2019-12-04,228.0,228.0,225.0,226.0,228200.0
2019-12-05,227.0,228.0,225.0,225.0,154200.0
2019-12-06,225.0,226.0,223.0,224.0,140900.0
2019-12-09,226.0,226.0,223.0,225.0,103500.0
2019-12-10,226.0,231.0,226.0,229.0,400300.0
2019-12-11,231.0,233.0,227.0,230.0,264900.0
2019-12-12,230.0,231.0,226.0,229.0,298400.0
2019-12-13,229.0,229.0,223.0,224.0,390500.0
2019-12-16,222.0,223.0,218.0,218.0,354100.0
2019-12-17,219.0,220.0,217.0,219.0,258700.0
2019-12-18,219.0,221.0,217.0,219.0,249300.0
2019-12-19,217.0,219.0,217.0,217.0,229900.0
2019-12-20,217.0,218.0,215.0,217.0,326100.0
2019-12-23,216.0,216.0,207.0,209.0,1027900.0
2019-12-24,209.0,214.0,209.0,211.0,460600.0
2019-12-25,210.0,211.0,207.0,207.0,446500.0
2019-12-26,207.0,209.0,207.0,208.0,598100.0
2019-12-27,208.0,213.0,208.0,212.0,299500.0
2019-12-30,210.0,212.0,207.0,211.0,280900.0
2020-01-06,207.0,209.0,206.0,208.0,277400.0
2020-01-07,208.0,209.0,207.0,208.0,155400.0
2020-01-08,207.0,207.0,202.0,204.0,561800.0
2020-01-09,205.0,211.0,205.0,210.0,275100.0
2020-01-10,210.0,213.0,210.0,210.0,154400.0
2020-01-14,211.0,212.0,208.0,210.0,159400.0
2020-01-15,209.0,212.0,207.0,211.0,276500.0
2020-01-16,212.0,212.0,207.0,209.0,235000.0
2020-01-17,208.0,209.0,206.0,208.0,199800.0
2020-01-20,208.0,209.0,206.0,208.0,175800.0
2020-01-21,208.0,211.0,208.0,209.0,192400.0
2020-01-22,209.0,210.0,208.0,209.0,131200.0
2020-01-23,209.0,209.0,206.0,207.0,247700.0
2020-01-24,206.0,207.0,204.0,206.0,300300.0
2020-01-27,214.0,266.0,212.0,248.0,13654300.0
2020-01-28,285.0,328.0,281.0,328.0,11074400.0
2020-01-29,400.0,408.0,392.0,408.0,5265900.0
2020-01-30,472.0,475.0,343.0,353.0,35594500.0
2020-01-31,385.0,393.0,332.0,341.0,12213200.0
2020-02-03,329.0,382.0,327.0,337.0,11461100.0
2020-02-04,331.0,345.0,302.0,309.0,7550000.0
2020-02-05,317.0,341.0,311.0,319.0,5963700.0
2020-02-06,330.0,367.0,312.0,337.0,11147800.0
2020-02-07,341.0,357.0,315.0,321.0,7793600.0
2020-02-10,320.0,320.0,303.0,311.0,2410000.0
2020-02-12,309.0,323.0,305.0,312.0,2108800.0
2020-02-13,314.0,315.0,306.0,309.0,1372500.0
2020-02-14,306.0,307.0,283.0,288.0,3094400.0
2020-02-17,288.0,314.0,281.0,312.0,3371300.0
2020-02-18,310.0,325.0,300.0,309.0,2689500.0
2020-02-19,317.0,336.0,310.0,328.0,3434400.0
2020-02-20,333.0,336.0,321.0,328.0,2177900.0
2020-02-21,332.0,359.0,329.0,356.0,4806900.0
2020-02-25,372.0,436.0,359.0,398.0,19465200.0
2020-02-26,390.0,416.0,346.0,350.0,13315200.0
2020-02-27,344.0,362.0,323.0,330.0,6285100.0
2020-02-28,317.0,327.0,293.0,297.0,4641200.0
2020-03-02,297.0,325.0,296.0,315.0,3452300.0
2020-03-03,331.0,333.0,309.0,313.0,2274200.0
2020-03-04,302.0,322.0,302.0,316.0,1525700.0
2020-03-05,324.0,325.0,305.0,309.0,1877400.0
2020-03-06,302.0,317.0,301.0,306.0,1759400.0
2020-03-09,295.0,298.0,260.0,266.0,3258800.0
2020-03-10,250.0,273.0,238.0,270.0,3829600.0
2020-03-11,274.0,287.0,254.0,255.0,2033000.0
2020-03-12,247.0,265.0,245.0,253.0,2838100.0
2020-03-13,233.0,253.0,227.0,243.0,3053300.0
2020-03-16,254.0,277.0,243.0,259.0,2544300.0
2020-03-17,250.0,324.0,250.0,313.0,8955600.0
2020-03-18,311.0,334.0,300.0,304.0,5977100.0
2020-03-19,319.0,322.0,292.0,304.0,2545400.0
2020-03-23,303.0,303.0,286.0,288.0,2007200.0
2020-03-24,296.0,302.0,290.0,297.0,2156400.0
2020-03-25,305.0,310.0,295.0,301.0,1943200.0
2020-03-26,348.0,367.0,315.0,321.0,10060900.0
2020-03-27,321.0,330.0,307.0,316.0,3392400.0
2020-03-30,318.0,396.0,310.0,396.0,14735600.0
2020-03-31,415.0,434.0,358.0,367.0,14233200.0
2020-04-01,371.0,381.0,336.0,337.0,5499800.0
2020-04-02,345.0,360.0,336.0,340.0,3545400.0
2020-04-03,340.0,344.0,303.0,307.0,4498500.0
2020-04-06,308.0,314.0,296.0,310.0,2277100.0
2020-04-07,318.0,327.0,311.0,316.0,2460300.0
2020-04-08,330.0,357.0,317.0,346.0,5717600.0
2020-04-09,348.0,352.0,326.0,338.0,3714600.0
2020-04-10,334.0,337.0,326.0,335.0,1758000.0
2020-04-13,332.0,342.0,320.0,340.0,2930800.0
2020-04-14,348.0,373.0,343.0,352.0,5733600.0
2020-04-15,359.0,390.0,354.0,382.0,6342100.0
2020-04-16,377.0,388.0,368.0,382.0,3617400.0
2020-04-17,380.0,385.0,369.0,374.0,2947600.0
2020-04-20,376.0,377.0,354.0,356.0,3091200.0
2020-04-21,359.0,363.0,343.0,348.0,2642200.0
2020-04-22,338.0,356.0,332.0,344.0,2165200.0
2020-04-23,347.0,371.0,345.0,368.0,3728800.0
2020-04-24,370.0,392.0,360.0,380.0,6728300.0
2020-04-27,378.0,392.0,373.0,384.0,3953900.0
2020-04-28,382.0,389.0,368.0,373.0,3062000.0
2020-04-30,375.0,387.0,370.0,387.0,3554400.0
2020-05-01,388.0,444.0,384.0,417.0,15949700.0
2020-05-07,425.0,497.0,425.0,497.0,15876600.0
2020-05-08,505.0,513.0,417.0,417.0,18930200.0
2020-05-11,418.0,423.0,380.0,398.0,7353400.0
2020-05-12,406.0,438.0,402.0,422.0,6740900.0
2020-05-13,408.0,431.0,408.0,415.0,2589200.0
2020-05-14,418.0,442.0,414.0,422.0,4022700.0
2020-05-15,428.0,434.0,416.0,425.0,1812100.0
2020-05-18,427.0,470.0,427.0,462.0,5730800.0
2020-05-19,470.0,482.0,442.0,465.0,4450100.0
2020-05-20,455.0,465.0,440.0,460.0,2506600.0
2020-05-21,475.0,497.0,463.0,486.0,6162800.0
2020-05-22,482.0,488.0,470.0,475.0,3150700.0
2020-05-25,480.0,484.0,471.0,472.0,2617000.0
2020-05-26,473.0,473.0,440.0,449.0,3814000.0
2020-05-27,442.0,464.0,442.0,462.0,2124600.0
2020-05-28,454.0,456.0,433.0,441.0,2826600.0
2020-05-29,439.0,457.0,439.0,447.0,1640800.0
2020-06-01,451.0,456.0,445.0,448.0,1387900.0
2020-06-02,445.0,447.0,436.0,444.0,1636300.0
2020-06-03,501.0,503.0,455.0,461.0,11123700.0
2020-06-04,465.0,466.0,451.0,455.0,2909000.0
2020-06-05,454.0,455.0,442.0,450.0,2916100.0
2020-06-08,454.0,462.0,442.0,458.0,3264900.0
2020-06-09,460.0,484.0,450.0,484.0,4908000.0
2020-06-10,475.0,505.0,471.0,505.0,5016500.0
2020-06-11,504.0,547.0,472.0,484.0,14533000.0
2020-06-12,452.0,499.0,447.0,481.0,6196100.0
2020-06-15,497.0,499.0,444.0,446.0,5298400.0
2020-06-16,467.0,479.0,462.0,472.0,2485900.0
2020-06-17,480.0,485.0,469.0,476.0,2579100.0
2020-06-18,472.0,475.0,458.0,465.0,2132500.0
2020-06-19,469.0,478.0,460.0,476.0,1766900.0
2020-06-22,471.0,478.0,466.0,474.0,1318100.0
2020-06-23,469.0,470.0,451.0,454.0,2931700.0
2020-06-24,478.0,492.0,459.0,459.0,6865400.0
2020-06-25,459.0,466.0,446.0,449.0,3159000.0
2020-06-26,450.0,451.0,439.0,446.0,2085100.0
2020-06-29,463.0,471.0,430.0,433.0,3771100.0
2020-06-30,442.0,462.0,432.0,454.0,3546000.0
2020-07-01,448.0,451.0,433.0,437.0,1893100.0
2020-07-02,431.0,433.0,395.0,397.0,3881600.0
2020-07-03,402.0,432.0,400.0,427.0,2905900.0
2020-07-06,423.0,432.0,409.0,428.0,1581200.0
2020-07-07,425.0,438.0,417.0,431.0,1191900.0
2020-07-08,432.0,452.0,430.0,441.0,1850400.0
2020-07-09,443.0,446.0,430.0,434.0,1265500.0
2020-07-10,439.0,445.0,435.0,439.0,1031600.0
2020-07-13,423.0,425.0,406.0,418.0,2109300.0
2020-07-14,410.0,432.0,410.0,431.0,1470100.0
2020-07-15,431.0,434.0,425.0,425.0,793400.0
2020-07-16,428.0,430.0,418.0,418.0,914500.0
2020-07-17,418.0,419.0,398.0,400.0,1698900.0
2020-07-20,395.0,404.0,386.0,393.0,1233000.0
2020-07-21,405.0,414.0,399.0,407.0,1458800.0
2020-07-22,408.0,411.0,400.0,409.0,662700.0
2020-07-27,405.0,408.0,398.0,401.0,676000.0
2020-07-28,403.0,416.0,403.0,404.0,955800.0
2020-07-29,402.0,404.0,395.0,398.0,883000.0
2020-07-30,399.0,400.0,391.0,394.0,535600.0
2020-07-31,390.0,390.0,369.0,375.0,1313900.0
2020-08-03,375.0,400.0,375.0,398.0,1240400.0
2020-08-04,403.0,412.0,400.0,410.0,839400.0
2020-08-05,410.0,433.0,407.0,431.0,1435800.0
2020-08-06,427.0,427.0,409.0,413.0,1029200.0
2020-08-07,411.0,428.0,409.0,427.0,800100.0
2020-08-11,432.0,433.0,421.0,430.0,753700.0
2020-08-12,430.0,430.0,421.0,424.0,514300.0
2020-08-13,425.0,439.0,424.0,434.0,930300.0
2020-08-14,431.0,441.0,429.0,435.0,713600.0
2020-08-17,436.0,436.0,424.0,432.0,683800.0
2020-08-18,436.0,446.0,432.0,434.0,970600.0
2020-08-19,435.0,442.0,428.0,441.0,855000.0
2020-08-20,436.0,438.0,426.0,429.0,731900.0
2020-08-21,427.0,432.0,425.0,429.0,593600.0
2020-08-24,426.0,441.0,424.0,438.0,895600.0
2020-08-25,436.0,438.0,430.0,430.0,570000.0
2020-08-26,429.0,450.0,428.0,450.0,1741200.0
2020-08-27,450.0,458.0,435.0,449.0,1736300.0
2020-08-28,455.0,456.0,424.0,434.0,1914700.0
2020-08-31,447.0,460.0,442.0,457.0,1600000.0
2020-09-01,453.0,470.0,453.0,469.0,1516400.0
2020-09-02,466.0,467.0,456.0,459.0,914300.0
2020-09-03,459.0,460.0,451.0,452.0,679800.0
2020-09-04,441.0,448.0,436.0,444.0,1498900.0
2020-09-07,441.0,441.0,429.0,432.0,1247400.0
2020-09-08,429.0,442.0,426.0,440.0,892700.0
2020-09-09,428.0,438.0,427.0,430.0,743400.0
2020-09-10,432.0,439.0,429.0,430.0,749400.0
2020-09-11,428.0,443.0,426.0,443.0,817700.0
2020-09-14,443.0,448.0,439.0,443.0,606100.0
2020-09-15,444.0,452.0,441.0,442.0,742800.0
2020-09-16,444.0,456.0,438.0,455.0,1490300.0
2020-09-17,455.0,462.0,443.0,445.0,886700.0
2020-09-18,451.0,453.0,442.0,450.0,541700.0
2020-09-23,445.0,449.0,442.0,444.0,524300.0
2020-09-24,441.0,444.0,429.0,431.0,757600.0
2020-09-25,430.0,434.0,419.0,422.0,873000.0
2020-09-28,422.0,425.0,406.0,414.0,819100.0
2020-09-29,416.0,429.0,415.0,429.0,720500.0
2020-09-30,423.0,425.0,405.0,407.0,1542300.0
2020-10-02,404.0,414.0,395.0,400.0,1519500.0
2020-10-05,400.0,413.0,400.0,411.0,775100.0
2020-10-06,409.0,414.0,406.0,410.0,522800.0
2020-10-07,410.0,413.0,398.0,400.0,1035500.0
2020-10-08,423.0,426.0,404.0,406.0,1870800.0
2020-10-09,402.0,416.0,400.0,414.0,982700.0
2020-10-12,414.0,416.0,408.0,409.0,376600.0
2020-10-13,407.0,411.0,405.0,408.0,331100.0
2020-10-14,406.0,415.0,406.0,410.0,506300.0
2020-10-15,413.0,421.0,401.0,404.0,1210600.0
2020-10-16,401.0,403.0,395.0,395.0,909700.0
2020-10-19,395.0,404.0,395.0,402.0,514200.0
2020-10-20,399.0,403.0,391.0,393.0,677700.0
2020-10-21,390.0,393.0,385.0,386.0,603200.0
2020-10-22,385.0,388.0,366.0,373.0,1212100.0
2020-10-23,371.0,381.0,366.0,381.0,854500.0
2020-10-26,384.0,392.0,382.0,388.0,621500.0
2020-10-27,381.0,390.0,379.0,384.0,359700.0
2020-10-28,382.0,390.0,369.0,372.0,640500.0
2020-10-29,363.0,379.0,363.0,376.0,638100.0
2020-10-30,378.0,378.0,362.0,362.0,608300.0
2020-11-02,361.0,368.0,356.0,363.0,641100.0
2020-11-04,362.0,376.0,362.0,374.0,565400.0
2020-11-05,371.0,381.0,371.0,381.0,526700.0
2020-11-06,377.0,381.0,373.0,374.0,360300.0
2020-11-09,371.0,373.0,363.0,368.0,486300.0
2020-11-10,370.0,373.0,364.0,365.0,482100.0
2020-11-11,363.0,374.0,363.0,371.0,470200.0
2020-11-12,375.0,377.0,360.0,365.0,779300.0
2020-11-13,369.0,394.0,369.0,393.0,1372500.0
2020-11-16,395.0,397.0,372.0,372.0,991600.0
2020-11-17,380.0,380.0,364.0,366.0,650400.0
2020-11-18,365.0,382.0,365.0,380.0,647300.0
2020-11-19,377.0,379.0,369.0,372.0,377100.0
2020-11-20,371.0,378.0,367.0,378.0,272200.0
2020-11-24,378.0,380.0,375.0,377.0,299800.0
2020-11-25,390.0,392.0,372.0,373.0,963000.0
2020-11-26,379.0,383.0,376.0,381.0,452500.0
2020-11-27,378.0,392.0,378.0,391.0,672200.0
2020-11-30,396.0,419.0,396.0,406.0,1566700.0
2020-12-01,408.0,409.0,398.0,399.0,575100.0
2020-12-02,417.0,435.0,412.0,418.0,3276000.0
2020-12-03,419.0,425.0,414.0,417.0,935100.0
2020-12-04,419.0,419.0,404.0,412.0,859600.0
2020-12-07,412.0,418.0,410.0,415.0,671600.0
2020-12-08,410.0,413.0,405.0,407.0,593700.0
2020-12-09,406.0,413.0,404.0,407.0,762900.0
2020-12-10,405.0,415.0,404.0,412.0,720300.0
2020-12-11,414.0,431.0,414.0,423.0,1393200.0
2020-12-14,429.0,443.0,423.0,436.0,1220900.0
2020-12-15,435.0,439.0,425.0,430.0,925700.0
2020-12-16,430.0,434.0,424.0,425.0,570800.0
2020-12-17,425.0,425.0,413.0,419.0,660100.0
2020-12-18,417.0,425.0,414.0,423.0,510700.0
2020-12-21,423.0,424.0,412.0,413.0,536100.0
2020-12-22,410.0,417.0,404.0,404.0,637200.0
2020-12-23,401.0,414.0,401.0,412.0,560300.0
2020-12-24,408.0,432.0,408.0,418.0,1290400.0
2020-12-25,417.0,419.0,404.0,405.0,661400.0
2020-12-28,406.0,414.0,400.0,401.0,636200.0
2020-12-29,403.0,415.0,400.0,411.0,591900.0
2020-12-30,407.0,418.0,407.0,411.0,447200.0
2021-01-04,416.0,416.0,401.0,403.0,716400.0
2021-01-05,401.0,409.0,394.0,395.0,969000.0
2021-01-06,397.0,409.0,397.0,409.0,581800.0
2021-01-07,408.0,413.0,405.0,413.0,387200.0
2021-01-08,413.0,418.0,408.0,417.0,478400.0
2021-01-12,413.0,417.0,408.0,415.0,495700.0
2021-01-13,417.0,426.0,414.0,414.0,522500.0
2021-01-14,414.0,415.0,407.0,408.0,632200.0
2021-01-15,408.0,419.0,408.0,416.0,651400.0
2021-01-18,415.0,418.0,408.0,415.0,431400.0
2021-01-19,415.0,417.0,409.0,413.0,350200.0
2021-01-20,413.0,422.0,410.0,422.0,588000.0
2021-01-21,421.0,426.0,417.0,425.0,497900.0
2021-01-22,424.0,430.0,417.0,429.0,801100.0
2021-01-25,429.0,450.0,426.0,449.0,1318200.0
2021-01-26,445.0,449.0,427.0,429.0,1061100.0
2021-01-27,431.0,434.0,423.0,429.0,439700.0
2021-01-28,418.0,429.0,417.0,421.0,623300.0
2021-01-29,427.0,427.0,407.0,407.0,814100.0
2021-02-01,405.0,412.0,402.0,410.0,528800.0
2021-02-02,409.0,419.0,408.0,419.0,383200.0
2021-02-03,419.0,424.0,416.0,420.0,363100.0
2021-02-04,421.0,421.0,411.0,416.0,497400.0
2021-02-05,415.0,425.0,415.0,419.0,418600.0
2021-02-08,418.0,424.0,415.0,424.0,439900.0
2021-02-09,424.0,424.0,416.0,418.0,399700.0
2021-02-10,417.0,437.0,413.0,421.0,2023800.0
2021-02-12,430.0,430.0,420.0,423.0,924600.0
2021-02-15,413.0,417.0,397.0,411.0,1416300.0
2021-02-16,413.0,414.0,400.0,402.0,1005700.0
2021-02-17,402.0,417.0,402.0,416.0,777000.0
2021-02-18,419.0,424.0,408.0,408.0,754000.0
2021-02-19,406.0,410.0,400.0,403.0,705400.0
2021-02-22,403.0,410.0,401.0,405.0,413900.0
2021-02-24,405.0,405.0,392.0,394.0,1169400.0
2021-02-25,398.0,400.0,391.0,393.0,518300.0
2021-02-26,386.0,394.0,384.0,384.0,903700.0
2021-03-01,387.0,391.0,382.0,386.0,592200.0
2021-03-02,389.0,391.0,380.0,380.0,574800.0
2021-03-03,381.0,384.0,376.0,377.0,535300.0
2021-03-04,374.0,375.0,356.0,367.0,1121800.0
2021-03-05,362.0,365.0,353.0,362.0,865500.0
2021-03-08,366.0,373.0,363.0,367.0,560900.0
2021-03-09,365.0,374.0,361.0,374.0,396700.0
2021-03-10,376.0,382.0,375.0,378.0,286000.0
2021-03-11,380.0,385.0,374.0,383.0,297200.0
2021-03-12,390.0,395.0,387.0,393.0,452100.0
2021-03-15,393.0,401.0,389.0,398.0,577100.0
2021-03-16,403.0,403.0,395.0,401.0,385700.0
2021-03-17,404.0,413.0,404.0,411.0,875400.0
2021-03-18,416.0,419.0,413.0,417.0,524300.0
2021-03-19,412.0,419.0,408.0,415.0,577500.0
2021-03-22,419.0,428.0,414.0,417.0,793800.0
2021-03-23,420.0,420.0,409.0,413.0,527000.0
2021-03-24,406.0,417.0,401.0,409.0,752200.0
2021-03-25,407.0,413.0,403.0,413.0,573200.0
2021-03-26,410.0,425.0,409.0,420.0,976300.0
2021-03-29,419.0,420.0,403.0,403.0,733200.0
2021-03-30,403.0,416.0,402.0,412.0,469500.0
2021-03-31,409.0,419.0,408.0,413.0,341500.0
2021-04-01,412.0,418.0,410.0,417.0,324100.0
2021-04-02,416.0,418.0,412.0,412.0,247700.0
2021-04-05,413.0,413.0,408.0,411.0,295800.0
2021-04-06,409.0,410.0,400.0,402.0,617100.0
2021-04-07,411.0,415.0,405.0,415.0,920100.0
2021-04-08,431.0,431.0,408.0,410.0,2129900.0
2021-04-09,420.0,458.0,417.0,441.0,6854700.0
2021-04-12,446.0,455.0,425.0,425.0,2311400.0
2021-04-13,428.0,430.0,415.0,417.0,938700.0
2021-04-14,416.0,418.0,410.0,410.0,639500.0
2021-04-15,413.0,422.0,408.0,422.0,540300.0
2021-04-16,423.0,427.0,418.0,425.0,491100.0
2021-04-19,422.0,422.0,414.0,416.0,462700.0
2021-04-20,419.0,434.0,417.0,426.0,1022700.0
2021-04-21,425.0,430.0,416.0,424.0,651400.0
2021-04-22,423.0,431.0,423.0,429.0,449800.0
2021-04-23,427.0,456.0,427.0,450.0,2430100.0
2021-04-26,446.0,455.0,438.0,455.0,1233600.0
2021-04-27,447.0,455.0,444.0,449.0,690800.0
2021-04-28,448.0,449.0,433.0,435.0,869900.0
2021-04-30,431.0,441.0,429.0,438.0,508800.0
2021-05-06,433.0,440.0,430.0,435.0,510500.0
2021-05-07,436.0,436.0,426.0,427.0,533900.0
2021-05-10,428.0,432.0,421.0,422.0,512100.0
2021-05-11,422.0,425.0,413.0,419.0,666800.0
2021-05-12,417.0,420.0,403.0,407.0,960500.0
2021-05-13,391.0,404.0,381.0,395.0,1648600.0
2021-05-14,400.0,411.0,397.0,410.0,635300.0
2021-05-17,408.0,414.0,400.0,406.0,602700.0
2021-05-18,406.0,414.0,405.0,412.0,389300.0
2021-05-19,413.0,420.0,409.0,415.0,602600.0
2021-05-20,415.0,415.0,408.0,414.0,353600.0
2021-05-21,418.0,420.0,415.0,417.0,489100.0
2021-05-24,415.0,415.0,408.0,412.0,401700.0
2021-05-25,415.0,418.0,410.0,412.0,248800.0
2021-05-26,411.0,418.0,411.0,418.0,392500.0
2021-05-27,416.0,416.0,412.0,413.0,211600.0
2021-05-28,411.0,413.0,410.0,410.0,330300.0
2021-05-31,410.0,414.0,408.0,412.0,321400.0
2021-06-01,408.0,411.0,405.0,406.0,420400.0
2021-06-02,356.0,376.0,355.0,367.0,3908200.0
2021-06-03,366.0,370.0,356.0,357.0,1308400.0
2021-06-04,355.0,355.0,335.0,339.0,2990600.0
2021-06-07,341.0,348.0,336.0,344.0,1401000.0
2021-06-08,347.0,360.0,347.0,355.0,1299000.0
2021-06-09,359.0,365.0,354.0,361.0,1087300.0
2021-06-10,361.0,361.0,350.0,354.0,936300.0
2021-06-11,354.0,359.0,350.0,354.0,687300.0
2021-06-14,351.0,351.0,342.0,344.0,823900.0
2021-06-15,345.0,352.0,345.0,347.0,520700.0
2021-06-16,347.0,350.0,345.0,350.0,375100.0
2021-06-17,346.0,347.0,343.0,345.0,521000.0
2021-06-18,343.0,344.0,335.0,337.0,981000.0
2021-06-21,332.0,333.0,324.0,328.0,973500.0
2021-06-22,335.0,339.0,332.0,339.0,616300.0
2021-06-23,340.0,342.0,337.0,338.0,416000.0
2021-06-24,339.0,342.0,336.0,339.0,477800.0
2021-06-25,340.0,343.0,336.0,342.0,507000.0
2021-06-28,343.0,351.0,341.0,345.0,666100.0
2021-06-29,345.0,355.0,341.0,347.0,940400.0
2021-06-30,360.0,361.0,341.0,343.0,1525300.0
2021-07-01,343.0,352.0,342.0,350.0,760600.0
2021-07-02,348.0,348.0,341.0,342.0,608300.0
2021-07-05,342.0,343.0,335.0,338.0,589900.0
2021-07-06,338.0,338.0,333.0,335.0,312900.0
2021-07-07,332.0,336.0,330.0,333.0,433000.0
2021-07-08,332.0,335.0,323.0,323.0,816100.0
2021-07-09,319.0,329.0,315.0,327.0,704500.0
2021-07-12,328.0,334.0,326.0,331.0,494800.0
2021-07-13,334.0,335.0,330.0,331.0,481700.0
2021-07-14,329.0,334.0,328.0,333.0,326900.0
2021-07-15,332.0,332.0,325.0,328.0,356000.0
2021-07-16,325.0,330.0,324.0,327.0,235700.0
2021-07-19,325.0,326.0,316.0,321.0,518500.0
2021-07-20,318.0,321.0,316.0,316.0,410100.0
2021-07-21,318.0,322.0,314.0,315.0,628800.0
2021-07-26,318.0,318.0,314.0,314.0,218100.0
2021-07-27,314.0,315.0,306.0,308.0,617500.0
2021-07-28,308.0,309.0,300.0,301.0,486400.0
2021-07-29,304.0,307.0,301.0,304.0,347400.0
2021-07-30,304.0,304.0,297.0,300.0,629400.0
2021-08-02,298.0,305.0,295.0,302.0,438200.0
2021-08-03,302.0,305.0,300.0,302.0,278500.0
2021-08-04,302.0,303.0,294.0,297.0,683000.0
2021-08-05,295.0,299.0,287.0,287.0,737300.0
2021-08-06,286.0,298.0,286.0,286.0,637100.0
2021-08-10,286.0,296.0,283.0,295.0,708400.0
2021-08-11,296.0,303.0,296.0,301.0,393800.0
2021-08-12,303.0,303.0,295.0,298.0,688400.0
2021-08-13,302.0,306.0,297.0,305.0,728400.0
2021-08-16,300.0,301.0,288.0,300.0,771600.0
2021-08-17,299.0,307.0,291.0,294.0,1346800.0
2021-08-18,293.0,303.0,292.0,300.0,540900.0
2021-08-19,305.0,322.0,302.0,319.0,2035900.0
2021-08-20,312.0,317.0,292.0,295.0,1609700.0
2021-08-23,295.0,300.0,293.0,296.0,510900.0
2021-08-24,299.0,304.0,299.0,299.0,327400.0
2021-08-25,304.0,314.0,303.0,303.0,859000.0
2021-08-26,302.0,311.0,302.0,310.0,350500.0
2021-08-27,308.0,314.0,306.0,312.0,310300.0
2021-08-30,313.0,313.0,308.0,310.0,275700.0
2021-08-31,307.0,310.0,306.0,307.0,230700.0
2021-09-01,306.0,314.0,304.0,314.0,485500.0
2021-09-02,311.0,313.0,307.0,309.0,359000.0
2021-09-03,307.0,312.0,306.0,310.0,287900.0
2021-09-06,308.0,310.0,305.0,308.0,388200.0
2021-09-07,307.0,313.0,306.0,307.0,375200.0
2021-09-08,308.0,308.0,302.0,303.0,371400.0
2021-09-09,304.0,308.0,301.0,303.0,380000.0
2021-09-10,303.0,303.0,300.0,301.0,229400.0
2021-09-13,301.0,304.0,299.0,304.0,295900.0
2021-09-14,305.0,305.0,299.0,299.0,451900.0
2021-09-15,298.0,298.0,291.0,294.0,756400.0
2021-09-16,294.0,295.0,287.0,289.0,669200.0
2021-09-17,289.0,296.0,289.0,295.0,432400.0
2021-09-21,288.0,289.0,285.0,289.0,629400.0
2021-09-22,287.0,289.0,277.0,277.0,1018300.0
2021-09-24,279.0,288.0,279.0,287.0,655900.0
2021-09-27,286.0,287.0,284.0,287.0,360700.0
2021-09-28,285.0,287.0,283.0,283.0,314700.0
2021-09-29,280.0,286.0,278.0,285.0,445900.0
2021-09-30,285.0,291.0,283.0,286.0,339100.0
2021-10-01,285.0,286.0,281.0,283.0,380900.0
2021-10-04,281.0,283.0,270.0,271.0,868500.0
2021-10-05,267.0,267.0,257.0,263.0,985000.0
2021-10-06,265.0,267.0,261.0,261.0,522900.0
2021-10-07,260.0,262.0,256.0,259.0,527600.0
2021-10-08,258.0,264.0,258.0,260.0,439400.0
2021-10-11,260.0,263.0,257.0,263.0,458100.0
2021-10-12,261.0,262.0,254.0,255.0,676400.0
2021-10-13,257.0,261.0,256.0,258.0,509900.0
2021-10-14,256.0,260.0,252.0,259.0,791300.0
2021-10-15,257.0,264.0,256.0,263.0,590700.0
2021-10-18,261.0,261.0,256.0,258.0,513900.0
2021-10-19,257.0,260.0,256.0,259.0,337600.0
2021-10-20,259.0,263.0,258.0,262.0,388500.0
2021-10-21,260.0,261.0,254.0,254.0,581000.0
2021-10-22,254.0,255.0,250.0,251.0,501700.0
2021-10-25,249.0,250.0,245.0,249.0,550500.0
2021-10-26,248.0,254.0,247.0,253.0,567300.0
2021-10-27,255.0,255.0,248.0,248.0,402400.0
2021-10-28,247.0,248.0,244.0,245.0,467300.0
2021-10-29,245.0,246.0,239.0,240.0,615600.0
2021-11-01,240.0,245.0,240.0,243.0,575300.0
2021-11-02,241.0,243.0,236.0,236.0,704600.0
2021-11-04,236.0,239.0,232.0,232.0,561700.0
2021-11-05,232.0,234.0,226.0,229.0,703800.0
2021-11-08,229.0,231.0,225.0,226.0,428200.0
2021-11-09,228.0,229.0,222.0,222.0,830400.0
2021-11-10,223.0,234.0,222.0,229.0,893300.0
2021-11-11,227.0,228.0,223.0,224.0,685600.0
2021-11-12,225.0,233.0,225.0,232.0,640900.0
2021-11-15,235.0,245.0,232.0,243.0,970200.0
2021-11-16,248.0,248.0,236.0,239.0,746300.0
2021-11-17,236.0,237.0,229.0,231.0,711900.0
2021-11-18,228.0,229.0,223.0,224.0,544700.0
2021-11-19,224.0,226.0,222.0,222.0,517100.0
2021-11-22,223.0,232.0,222.0,232.0,690500.0
2021-11-24,232.0,232.0,226.0,228.0,485100.0
2021-11-25,227.0,228.0,222.0,224.0,540700.0
2021-11-26,224.0,225.0,219.0,224.0,764600.0
2021-11-29,220.0,229.0,220.0,223.0,931400.0
2021-11-30,261.0,264.0,233.0,233.0,9762900.0
2021-12-01,253.0,255.0,225.0,225.0,5078700.0
2021-12-02,228.0,242.0,221.0,238.0,4907000.0
2021-12-03,239.0,239.0,225.0,228.0,2861800.0
2021-12-06,228.0,231.0,221.0,221.0,2061400.0
2021-12-07,223.0,229.0,222.0,224.0,1232000.0
2021-12-08,224.0,228.0,222.0,225.0,1645700.0
2021-12-09,226.0,234.0,224.0,227.0,1718300.0
2021-12-10,225.0,226.0,220.0,222.0,1257100.0
2021-12-13,222.0,223.0,212.0,213.0,1547100.0
2021-12-14,212.0,216.0,207.0,211.0,1053400.0
2021-12-15,209.0,216.0,207.0,214.0,756100.0
2021-12-16,215.0,221.0,214.0,218.0,1009300.0
2021-12-17,215.0,225.0,215.0,222.0,861600.0
2021-12-20,222.0,225.0,218.0,222.0,951800.0
2021-12-21,221.0,227.0,221.0,225.0,946800.0
2021-12-22,225.0,231.0,224.0,229.0,1105100.0
2021-12-23,230.0,231.0,223.0,225.0,1084300.0
2021-12-24,225.0,226.0,222.0,224.0,1114500.0
2021-12-27,222.0,226.0,217.0,223.0,1243200.0
2021-12-28,223.0,226.0,216.0,216.0,1320200.0
2021-12-29,218.0,236.0,216.0,236.0,2226200.0
2021-12-30,235.0,241.0,231.0,236.0,1283400.0
2022-01-04,238.0,238.0,227.0,228.0,988000.0
2022-01-05,227.0,230.0,223.0,227.0,789200.0
2022-01-06,223.0,225.0,220.0,222.0,882700.0
2022-01-07,222.0,224.0,218.0,222.0,987700.0
2022-01-11,220.0,225.0,219.0,222.0,801700.0
2022-01-12,222.0,225.0,222.0,223.0,633400.0
2022-01-13,222.0,222.0,215.0,217.0,926700.0
2022-01-14,215.0,224.0,211.0,223.0,1479800.0
2022-01-17,224.0,224.0,218.0,219.0,801500.0
2022-01-18,219.0,224.0,218.0,218.0,1026600.0
2022-01-19,215.0,220.0,213.0,215.0,819000.0
2022-01-20,214.0,220.0,213.0,216.0,884700.0
2022-01-21,212.0,214.0,207.0,210.0,1665000.0
2022-01-24,207.0,216.0,204.0,213.0,941500.0
2022-01-25,213.0,215.0,204.0,206.0,1038500.0
2022-01-26,204.0,211.0,204.0,209.0,741400.0
2022-01-27,209.0,213.0,203.0,204.0,1319100.0
2022-01-28,215.0,215.0,207.0,211.0,1027600.0
2022-01-31,213.0,219.0,212.0,219.0,897000.0
2022-02-01,220.0,224.0,215.0,216.0,974200.0
2022-02-02,216.0,221.0,216.0,219.0,545300.0
2022-02-03,219.0,219.0,214.0,215.0,425000.0
2022-02-04,214.0,217.0,210.0,215.0,798000.0
2022-02-07,215.0,218.0,213.0,213.0,340000.0
2022-02-08,214.0,218.0,212.0,212.0,430100.0
2022-02-09,215.0,217.0,209.0,217.0,637500.0
2022-02-10,217.0,221.0,216.0,218.0,814400.0
2022-02-14,210.0,219.0,207.0,217.0,799100.0
2022-02-15,215.0,222.0,211.0,212.0,783100.0
2022-02-16,216.0,217.0,210.0,212.0,668800.0
2022-02-17,212.0,215.0,209.0,210.0,596600.0
2022-02-18,208.0,214.0,208.0,212.0,725400.0
2022-02-21,210.0,213.0,208.0,213.0,543300.0
2022-02-22,209.0,212.0,205.0,207.0,832700.0
2022-02-24,206.0,206.0,195.0,198.0,1742000.0
2022-02-25,200.0,204.0,199.0,204.0,1027400.0
2022-02-28,202.0,209.0,201.0,208.0,933200.0
2022-03-01,209.0,220.0,209.0,218.0,1383400.0
2022-03-02,215.0,222.0,214.0,221.0,1025100.0
2022-03-03,224.0,224.0,216.0,220.0,543200.0
2022-03-04,218.0,219.0,208.0,212.0,1156900.0
2022-03-07,208.0,211.0,207.0,208.0,814300.0
2022-03-08,209.0,217.0,208.0,214.0,1112900.0
2022-03-09,212.0,214.0,205.0,209.0,808800.0
2022-03-10,212.0,215.0,210.0,211.0,483700.0
2022-03-11,210.0,212.0,206.0,208.0,798700.0
2022-03-14,209.0,216.0,209.0,213.0,739700.0
2022-03-15,210.0,218.0,209.0,216.0,511000.0
2022-03-16,217.0,222.0,214.0,214.0,426300.0
2022-03-17,218.0,221.0,215.0,220.0,585200.0
2022-03-18,217.0,223.0,217.0,221.0,544600.0
2022-03-22,222.0,222.0,217.0,217.0,485000.0
2022-03-23,219.0,225.0,218.0,222.0,889400.0
2022-03-24,220.0,226.0,220.0,225.0,470100.0
2022-03-25,228.0,230.0,225.0,227.0,682300.0
2022-03-28,226.0,226.0,222.0,223.0,372800.0
2022-03-29,224.0,226.0,220.0,226.0,319000.0
2022-03-30,228.0,231.0,225.0,230.0,514200.0
2022-03-31,230.0,230.0,225.0,227.0,453500.0
2022-04-01,225.0,227.0,221.0,227.0,435000.0
2022-04-04,225.0,227.0,223.0,227.0,370400.0
2022-04-05,230.0,242.0,230.0,242.0,1952500.0
2022-04-06,238.0,239.0,233.0,235.0,1072300.0
2022-04-07,233.0,234.0,223.0,224.0,985300.0
2022-04-08,226.0,226.0,221.0,225.0,403600.0
2022-04-11,225.0,225.0,220.0,222.0,647500.0
2022-04-12,220.0,224.0,219.0,224.0,378200.0
2022-04-13,221.0,226.0,221.0,226.0,417400.0
2022-04-14,227.0,231.0,223.0,231.0,609400.0
2022-04-15,226.0,230.0,224.0,226.0,511300.0
2022-04-18,228.0,228.0,223.0,225.0,631500.0
2022-04-19,224.0,225.0,222.0,222.0,332900.0
2022-04-20,221.0,222.0,218.0,219.0,455700.0
2022-04-21,218.0,221.0,217.0,219.0,368200.0
2022-04-22,217.0,219.0,214.0,219.0,361300.0
2022-04-25,215.0,219.0,214.0,217.0,359900.0
2022-04-26,215.0,217.0,213.0,216.0,405000.0
2022-04-27,214.0,215.0,210.0,212.0,840800.0
2022-04-28,212.0,212.0,210.0,211.0,328300.0
2022-05-02,211.0,214.0,209.0,210.0,340600.0
2022-05-06,210.0,212.0,207.0,212.0,302900.0
2022-05-09,211.0,213.0,207.0,209.0,415700.0
2022-05-10,207.0,211.0,204.0,210.0,540300.0
2022-05-11,201.0,206.0,200.0,204.0,889600.0
2022-05-12,203.0,203.0,195.0,196.0,1152000.0
2022-05-13,198.0,204.0,198.0,202.0,732000.0
2022-05-16,203.0,204.0,192.0,194.0,1205700.0
2022-05-17,193.0,194.0,187.0,189.0,808200.0
2022-05-18,191.0,196.0,191.0,193.0,450000.0
2022-05-19,188.0,194.0,188.0,193.0,455000.0
2022-05-20,194.0,196.0,190.0,196.0,379100.0
2022-05-23,197.0,204.0,197.0,203.0,891500.0
2022-05-24,199.0,201.0,198.0,199.0,662300.0
2022-05-25,196.0,197.0,191.0,191.0,596600.0
2022-05-26,190.0,195.0,190.0,192.0,327100.0
2022-05-27,194.0,194.0,189.0,190.0,479500.0
2022-05-30,190.0,196.0,190.0,195.0,693400.0
2022-05-31,195.0,197.0,192.0,195.0,381900.0
2022-06-01,195.0,199.0,194.0,199.0,259200.0
2022-06-02,197.0,201.0,195.0,201.0,398200.0
2022-06-03,202.0,207.0,202.0,207.0,513200.0
2022-06-06,206.0,211.0,205.0,205.0,303000.0
2022-06-07,206.0,207.0,204.0,207.0,213800.0
2022-06-08,209.0,214.0,208.0,210.0,478000.0
2022-06-09,213.0,218.0,212.0,218.0,711600.0
2022-06-10,215.0,218.0,211.0,215.0,522900.0
2022-06-13,211.0,211.0,202.0,203.0,680000.0
2022-06-14,200.0,206.0,200.0,206.0,343200.0
2022-06-15,203.0,205.0,201.0,203.0,342000.0
2022-06-16,206.0,206.0,201.0,201.0,395200.0
2022-06-17,195.0,200.0,195.0,198.0,427700.0
2022-06-20,200.0,202.0,194.0,197.0,331300.0
2022-06-21,199.0,204.0,198.0,203.0,272400.0
2022-06-22,203.0,203.0,199.0,201.0,219500.0
2022-06-23,202.0,205.0,201.0,202.0,292200.0
2022-06-24,205.0,214.0,205.0,211.0,622100.0
2022-06-27,214.0,214.0,208.0,209.0,282000.0
2022-06-28,209.0,213.0,209.0,212.0,216700.0
2022-06-29,213.0,213.0,207.0,211.0,381400.0
2022-06-30,210.0,212.0,206.0,206.0,375500.0
2022-07-01,207.0,210.0,203.0,204.0,338200.0
2022-07-04,206.0,207.0,202.0,205.0,187700.0
2022-07-05,204.0,210.0,204.0,208.0,251500.0
2022-07-06,209.0,213.0,209.0,209.0,303100.0
2022-07-07,212.0,212.0,209.0,211.0,224800.0
2022-07-08,210.0,216.0,210.0,210.0,547000.0
2022-07-11,213.0,214.0,211.0,211.0,252000.0
2022-07-12,213.0,216.0,210.0,211.0,395500.0
2022-07-13,211.0,214.0,210.0,213.0,269400.0
2022-07-14,212.0,215.0,209.0,215.0,343800.0
2022-07-15,212.0,215.0,212.0,212.0,233800.0
2022-07-19,212.0,212.0,207.0,212.0,238500.0
2022-07-20,212.0,213.0,210.0,211.0,335700.0
2022-07-21,212.0,218.0,211.0,215.0,361400.0
2022-07-22,220.0,223.0,217.0,222.0,794900.0
2022-07-25,222.0,223.0,213.0,222.0,1589400.0
2022-07-26,224.0,224.0,211.0,211.0,1218100.0
2022-07-27,208.0,211.0,207.0,209.0,545000.0
2022-07-28,210.0,210.0,206.0,208.0,419500.0
2022-07-29,209.0,209.0,205.0,207.0,364700.0
2022-08-01,206.0,207.0,203.0,205.0,208900.0
2022-08-02,206.0,206.0,203.0,203.0,219000.0
2022-08-03,205.0,207.0,204.0,204.0,167300.0
2022-08-04,206.0,207.0,204.0,207.0,201700.0
2022-08-05,206.0,208.0,205.0,207.0,199900.0
2022-08-08,205.0,206.0,202.0,205.0,302800.0
2022-08-09,203.0,207.0,203.0,204.0,237200.0
2022-08-10,207.0,207.0,201.0,204.0,563400.0
2022-08-12,214.0,224.0,211.0,214.0,2347900.0
2022-08-15,214.0,226.0,212.0,220.0,1615400.0
2022-08-16,219.0,228.0,218.0,228.0,1052400.0
2022-08-17,225.0,245.0,223.0,244.0,2276800.0
2022-08-18,242.0,267.0,240.0,266.0,4648000.0
2022-08-19,270.0,271.0,251.0,254.0,2900900.0
2022-08-22,247.0,253.0,241.0,244.0,1514900.0
2022-08-23,237.0,238.0,233.0,234.0,1153700.0
2022-08-24,234.0,239.0,232.0,235.0,823600.0
2022-08-25,234.0,238.0,231.0,236.0,550100.0
2022-08-26,238.0,241.0,235.0,238.0,563600.0
2022-08-29,230.0,232.0,224.0,227.0,850200.0
2022-08-30,227.0,231.0,223.0,230.0,512000.0
2022-08-31,229.0,229.0,225.0,227.0,605100.0
2022-09-01,225.0,228.0,220.0,221.0,850600.0
2022-09-02,221.0,223.0,216.0,219.0,570200.0
2022-09-05,216.0,221.0,214.0,219.0,361700.0
2022-09-06,220.0,223.0,218.0,220.0,342100.0
2022-09-07,218.0,218.0,213.0,217.0,509500.0
2022-09-08,218.0,218.0,215.0,218.0,267100.0
2022-09-09,220.0,223.0,219.0,221.0,381700.0
2022-09-12,223.0,223.0,219.0,219.0,261200.0
2022-09-13,223.0,229.0,220.0,221.0,818400.0
2022-09-14,214.0,219.0,213.0,217.0,627200.0
2022-09-15,217.0,217.0,211.0,211.0,908100.0
2022-09-16,213.0,213.0,209.0,210.0,637600.0
2022-09-20,210.0,210.0,204.0,206.0,674400.0
2022-09-21,206.0,206.0,200.0,203.0,585800.0
2022-09-22,198.0,205.0,196.0,205.0,606100.0
2022-09-26,203.0,203.0,198.0,199.0,519800.0
2022-09-27,201.0,206.0,200.0,201.0,465500.0
2022-09-28,203.0,204.0,195.0,196.0,829000.0
2022-09-29,199.0,205.0,199.0,203.0,410200.0
2022-09-30,199.0,202.0,198.0,200.0,419400.0
2022-10-03,200.0,204.0,195.0,203.0,476700.0
2022-10-04,205.0,207.0,204.0,206.0,340100.0
2022-10-05,211.0,215.0,206.0,211.0,737400.0
2022-10-06,259.0,264.0,227.0,232.0,12124400.0
2022-10-07,227.0,259.0,226.0,250.0,7322400.0
2022-10-11,248.0,262.0,245.0,249.0,3622700.0
2022-10-12,244.0,259.0,238.0,244.0,3123600.0
2022-10-13,239.0,246.0,236.0,246.0,1268400.0
2022-10-14,249.0,251.0,242.0,242.0,1081400.0
2022-10-17,240.0,241.0,231.0,238.0,1135900.0
2022-10-18,239.0,254.0,239.0,254.0,1574000.0
2022-10-19,256.0,256.0,251.0,256.0,787400.0
2022-10-20,253.0,255.0,248.0,252.0,521000.0
2022-10-21,253.0,253.0,244.0,246.0,559500.0
2022-10-24,246.0,246.0,237.0,237.0,628800.0
2022-10-25,239.0,244.0,235.0,240.0,540300.0
2022-10-26,242.0,246.0,241.0,244.0,360500.0
2022-10-27,243.0,246.0,242.0,244.0,262800.0
2022-10-28,239.0,243.0,235.0,236.0,459200.0
2022-10-31,236.0,237.0,233.0,233.0,248600.0
2022-11-01,233.0,236.0,230.0,233.0,317700.0
2022-11-02,230.0,230.0,224.0,224.0,505300.0
2022-11-04,221.0,223.0,217.0,221.0,557600.0
2022-11-07,220.0,225.0,219.0,222.0,438000.0
2022-11-08,222.0,231.0,222.0,228.0,646700.0
2022-11-09,243.0,243.0,230.0,234.0,1258200.0
2022-11-10,244.0,244.0,228.0,228.0,1862100.0
2022-11-11,234.0,238.0,231.0,236.0,843000.0
2022-11-14,235.0,242.0,234.0,242.0,574400.0
2022-11-15,242.0,252.0,239.0,252.0,1066700.0
2022-11-16,251.0,253.0,244.0,249.0,902400.0
2022-11-17,247.0,250.0,243.0,245.0,511700.0
2022-11-18,245.0,246.0,238.0,243.0,492000.0
2022-11-21,243.0,249.0,242.0,245.0,301000.0
2022-11-22,249.0,270.0,249.0,261.0,4495800.0
2022-11-24,259.0,264.0,253.0,255.0,1007700.0
2022-11-25,258.0,294.0,255.0,293.0,5986700.0
2022-11-28,302.0,309.0,287.0,304.0,5590700.0
2022-11-29,301.0,311.0,294.0,310.0,2633000.0
2022-11-30,308.0,314.0,295.0,297.0,2343300.0
2022-12-01,294.0,301.0,287.0,295.0,1702900.0
2022-12-02,300.0,328.0,297.0,326.0,7609500.0
2022-12-05,332.0,347.0,318.0,344.0,6556600.0
2022-12-06,336.0,349.0,328.0,335.0,4250700.0
2022-12-07,332.0,380.0,331.0,370.0,10140700.0
2022-12-08,362.0,364.0,330.0,331.0,6486500.0
2022-12-09,317.0,333.0,303.0,326.0,4447000.0
2022-12-12,333.0,354.0,328.0,348.0,5776400.0
2022-12-13,352.0,362.0,338.0,359.0,4095300.0
2022-12-14,359.0,366.0,341.0,343.0,3261900.0
2022-12-15,340.0,359.0,339.0,346.0,3042800.0
2022-12-16,342.0,355.0,337.0,337.0,2016600.0
2022-12-19,329.0,335.0,319.0,324.0,1828100.0
2022-12-20,325.0,328.0,310.0,313.0,1953000.0
2022-12-21,311.0,319.0,307.0,311.0,1137700.0
2022-12-22,313.0,316.0,297.0,301.0,1265700.0
2022-12-23,301.0,302.0,289.0,293.0,1464400.0
2022-12-26,295.0,305.0,293.0,295.0,892000.0
2022-12-27,295.0,307.0,295.0,302.0,920700.0
2022-12-28,299.0,302.0,287.0,287.0,1213600.0
2022-12-29,290.0,299.0,288.0,297.0,770300.0
2022-12-30,303.0,311.0,299.0,303.0,1069900.0
2023-01-04,302.0,302.0,283.0,287.0,1208800.0
2023-01-05,286.0,289.0,279.0,282.0,872700.0
2023-01-06,278.0,282.0,274.0,279.0,581600.0
2023-01-10,285.0,288.0,280.0,284.0,515100.0
2023-01-11,281.0,293.0,280.0,290.0,708100.0
2023-01-12,289.0,289.0,282.0,286.0,571400.0
2023-01-13,283.0,285.0,277.0,279.0,579900.0
2023-01-16,274.0,278.0,265.0,266.0,1133300.0
2023-01-17,263.0,271.0,260.0,260.0,876300.0
2023-01-18,263.0,272.0,260.0,269.0,1044200.0
2023-01-19,272.0,285.0,267.0,283.0,1379900.0
2023-01-20,283.0,287.0,277.0,279.0,825600.0
2023-01-23,282.0,290.0,278.0,289.0,773800.0
2023-01-24,293.0,293.0,286.0,288.0,804900.0
2023-01-25,290.0,295.0,286.0,292.0,603200.0
2023-01-26,296.0,301.0,293.0,300.0,908900.0
2023-01-27,301.0,303.0,296.0,300.0,900600.0
2023-01-30,299.0,300.0,290.0,291.0,687500.0
2023-01-31,291.0,296.0,291.0,294.0,279200.0
2023-02-01,296.0,305.0,294.0,299.0,927400.0
2023-02-02,301.0,306.0,299.0,301.0,596400.0
2023-02-03,298.0,299.0,293.0,294.0,627100.0
2023-02-06,297.0,300.0,289.0,291.0,615600.0
2023-02-07,289.0,293.0,288.0,293.0,258600.0
2023-02-08,294.0,294.0,287.0,293.0,644900.0
2023-02-09,288.0,303.0,287.0,300.0,1177100.0
2023-02-10,300.0,300.0,279.0,279.0,1609300.0
2023-02-13,285.0,288.0,266.0,277.0,1549600.0
2023-02-14,275.0,284.0,269.0,270.0,714000.0
2023-02-15,273.0,273.0,265.0,270.0,670500.0
2023-02-16,270.0,280.0,267.0,278.0,654700.0
2023-02-17,274.0,279.0,270.0,270.0,784000.0
2023-02-20,272.0,273.0,265.0,266.0,543600.0
2023-02-21,268.0,271.0,266.0,269.0,322300.0
2023-02-22,265.0,266.0,258.0,258.0,902000.0
2023-02-24,260.0,261.0,250.0,251.0,1018600.0
2023-02-27,259.0,268.0,256.0,264.0,1476300.0
2023-02-28,264.0,267.0,258.0,263.0,827500.0
2023-03-01,259.0,261.0,257.0,259.0,575400.0
2023-03-02,258.0,260.0,254.0,259.0,522100.0
2023-03-03,262.0,264.0,258.0,261.0,464000.0
2023-03-06,258.0,262.0,258.0,259.0,396800.0
2023-03-07,259.0,262.0,258.0,262.0,345900.0
2023-03-08,261.0,262.0,258.0,261.0,397800.0
2023-03-09,259.0,262.0,257.0,261.0,538400.0
2023-03-10,263.0,265.0,256.0,256.0,752900.0
2023-03-13,253.0,255.0,249.0,252.0,946500.0
2023-03-14,247.0,250.0,241.0,241.0,1023000.0
2023-03-15,245.0,253.0,245.0,249.0,573600.0
2023-03-16,243.0,247.0,241.0,243.0,703300.0
2023-03-17,245.0,252.0,245.0,250.0,465400.0
2023-03-20,248.0,250.0,236.0,236.0,967000.0
2023-03-22,236.0,241.0,235.0,235.0,480200.0
2023-03-23,233.0,236.0,229.0,235.0,847900.0
2023-03-24,236.0,244.0,232.0,240.0,594300.0
2023-03-27,241.0,242.0,234.0,238.0,407300.0
2023-03-28,238.0,241.0,235.0,237.0,277700.0
2023-03-29,236.0,241.0,236.0,237.0,271600.0
2023-03-30,236.0,239.0,235.0,238.0,468900.0
2023-03-31,242.0,244.0,238.0,241.0,292600.0
2023-04-03,241.0,247.0,238.0,241.0,1022500.0
2023-04-04,237.0,237.0,232.0,232.0,608900.0
2023-04-05,231.0,233.0,226.0,227.0,603900.0
2023-04-06,229.0,230.0,224.0,227.0,432800.0
2023-04-07,229.0,231.0,224.0,225.0,477000.0
2023-04-10,233.0,242.0,232.0,235.0,1477200.0
2023-04-11,235.0,256.0,235.0,255.0,1704200.0
2023-04-12,257.0,258.0,245.0,247.0,1239200.0
2023-04-13,247.0,252.0,242.0,242.0,698100.0
2023-04-14,242.0,252.0,241.0,249.0,571800.0
2023-04-17,247.0,249.0,241.0,244.0,428400.0
2023-04-18,244.0,253.0,244.0,250.0,669500.0
2023-04-19,252.0,254.0,247.0,250.0,713400.0
2023-04-20,248.0,250.0,244.0,246.0,544500.0
2023-04-21,243.0,245.0,241.0,242.0,503700.0
2023-04-24,241.0,242.0,237.0,240.0,340000.0
2023-04-25,236.0,240.0,235.0,235.0,434500.0
2023-04-26,232.0,233.0,229.0,230.0,524400.0
2023-04-27,231.0,234.0,228.0,232.0,210200.0
2023-04-28,233.0,237.0,232.0,237.0,283600.0
2023-05-01,238.0,239.0,235.0,236.0,240800.0
2023-05-02,234.0,239.0,233.0,237.0,301800.0
2023-05-08,238.0,244.0,238.0,243.0,386300.0
2023-05-09,241.0,250.0,241.0,243.0,956200.0
2023-05-10,243.0,243.0,240.0,242.0,299300.0
2023-05-11,241.0,241.0,237.0,237.0,609300.0
2023-05-12,237.0,237.0,228.0,229.0,748300.0
2023-05-15,248.0,278.0,247.0,275.0,5674800.0
2023-05-16,280.0,308.0,272.0,305.0,4896200.0
2023-05-17,302.0,313.0,290.0,295.0,3855100.0
2023-05-18,299.0,303.0,279.0,283.0,2318900.0
2023-05-19,289.0,303.0,287.0,294.0,2185600.0
2023-05-22,295.0,296.0,282.0,289.0,1347500.0
2023-05-23,298.0,329.0,297.0,319.0,4885200.0
2023-05-24,324.0,328.0,310.0,324.0,2715400.0
2023-05-25,308.0,308.0,273.0,277.0,4564900.0
2023-05-26,271.0,274.0,261.0,263.0,1959000.0
2023-05-29,270.0,281.0,263.0,272.0,919100.0
2023-05-30,267.0,275.0,266.0,269.0,668900.0
2023-05-31,274.0,278.0,270.0,273.0,597800.0
2023-06-01,275.0,281.0,271.0,280.0,671000.0
2023-06-02,320.0,321.0,286.0,297.0,5631400.0
2023-06-05,300.0,315.0,297.0,304.0,2597700.0
2023-06-06,301.0,310.0,296.0,306.0,1475700.0
2023-06-07,303.0,306.0,294.0,298.0,1247500.0
2023-06-08,300.0,320.0,300.0,307.0,1980200.0
2023-06-09,305.0,307.0,297.0,302.0,1092800.0
2023-06-12,297.0,303.0,294.0,300.0,794900.0
2023-06-13,302.0,303.0,298.0,299.0,1011000.0
2023-06-14,299.0,301.0,295.0,295.0,683400.0
2023-06-15,300.0,301.0,291.0,296.0,1111300.0
2023-06-16,293.0,304.0,292.0,303.0,1173400.0
2023-06-19,302.0,314.0,300.0,312.0,1518200.0
2023-06-20,310.0,319.0,307.0,315.0,1517900.0
2023-06-21,315.0,319.0,308.0,312.0,1493800.0
2023-06-22,309.0,313.0,303.0,304.0,1318400.0
2023-06-23,307.0,307.0,297.0,304.0,962400.0
2023-06-26,307.0,322.0,301.0,321.0,3216400.0
2023-06-27,315.0,316.0,293.0,299.0,3423000.0
2023-06-28,294.0,297.0,284.0,293.0,1738300.0
2023-06-29,300.0,309.0,297.0,309.0,1743300.0
2023-06-30,302.0,309.0,300.0,309.0,777500.0
2023-07-03,303.0,305.0,298.0,303.0,1167300.0
2023-07-04,300.0,300.0,295.0,297.0,885000.0
2023-07-05,295.0,298.0,292.0,296.0,754200.0
2023-07-06,291.0,293.0,284.0,289.0,1139500.0
2023-07-07,285.0,291.0,283.0,289.0,557400.0
2023-07-10,286.0,287.0,282.0,285.0,625700.0
2023-07-11,287.0,293.0,286.0,289.0,653600.0
2023-07-12,288.0,292.0,284.0,285.0,476200.0
2023-07-13,283.0,289.0,282.0,288.0,430700.0
2023-07-14,287.0,292.0,284.0,284.0,472200.0
2023-07-18,287.0,290.0,286.0,289.0,273600.0
2023-07-19,290.0,291.0,287.0,291.0,368300.0
2023-07-20,290.0,291.0,286.0,287.0,485700.0
2023-07-21,285.0,289.0,284.0,286.0,306900.0
2023-07-24,286.0,289.0,284.0,287.0,414300.0
2023-07-25,285.0,287.0,282.0,284.0,578800.0
2023-07-26,284.0,287.0,283.0,285.0,434700.0
2023-07-27,284.0,288.0,279.0,280.0,621700.0
2023-07-28,278.0,281.0,273.0,278.0,796400.0
2023-07-31,281.0,286.0,280.0,283.0,508900.0
2023-08-01,282.0,286.0,281.0,282.0,345100.0
2023-08-02,280.0,280.0,274.0,276.0,526300.0
2023-08-03,272.0,276.0,271.0,274.0,493300.0
2023-08-04,272.0,277.0,272.0,274.0,302200.0
2023-08-07,272.0,280.0,270.0,279.0,362100.0
2023-08-08,281.0,281.0,275.0,275.0,294700.0
2023-08-09,273.0,281.0,271.0,281.0,602200.0
2023-08-10,279.0,280.0,271.0,271.0,666300.0
2023-08-14,270.0,270.0,258.0,260.0,1261900.0
2023-08-15,262.0,269.0,260.0,264.0,528700.0
2023-08-16,260.0,264.0,258.0,259.0,468900.0
2023-08-17,256.0,257.0,243.0,246.0,1577100.0
2023-08-18,241.0,249.0,241.0,246.0,768900.0
2023-08-21,243.0,256.0,243.0,254.0,470700.0
2023-08-22,255.0,257.0,251.0,254.0,339000.0
2023-08-23,254.0,260.0,253.0,259.0,260900.0
2023-08-24,260.0,262.0,254.0,256.0,332900.0
2023-08-25,250.0,256.0,249.0,253.0,287200.0
2023-08-28,254.0,257.0,253.0,255.0,253000.0
2023-08-29,255.0,260.0,254.0,257.0,332000.0
2023-08-30,257.0,257.0,253.0,254.0,361300.0
2023-08-31,252.0,257.0,252.0,257.0,180900.0
2023-09-01,256.0,257.0,252.0,256.0,241200.0
2023-09-04,254.0,257.0,252.0,253.0,312800.0
2023-09-05,256.0,260.0,255.0,258.0,413800.0
2023-09-06,259.0,261.0,255.0,258.0,363500.0
2023-09-07,257.0,257.0,252.0,252.0,455600.0
2023-09-08,251.0,254.0,248.0,253.0,488500.0
2023-09-11,253.0,260.0,252.0,257.0,633000.0
2023-09-12,257.0,263.0,254.0,255.0,451000.0
2023-09-13,258.0,258.0,250.0,250.0,542500.0
2023-09-14,251.0,253.0,246.0,247.0,501900.0
2023-09-15,247.0,248.0,244.0,246.0,383200.0
2023-09-19,246.0,247.0,240.0,242.0,574800.0
2023-09-20,242.0,247.0,241.0,243.0,277700.0
2023-09-21,241.0,242.0,234.0,235.0,741100.0
2023-09-22,231.0,242.0,230.0,241.0,595700.0
2023-09-25,243.0,245.0,241.0,242.0,271200.0
2023-09-26,245.0,245.0,239.0,239.0,172300.0
2023-09-27,236.0,245.0,236.0,245.0,349500.0
2023-09-28,245.0,248.0,241.0,244.0,313700.0
2023-09-29,244.0,244.0,238.0,240.0,312600.0
2023-10-02,242.0,242.0,233.0,233.0,400800.0
2023-10-03,232.0,234.0,226.0,228.0,910500.0
2023-10-04,223.0,226.0,218.0,218.0,1113500.0
2023-10-05,228.0,235.0,226.0,232.0,821200.0
2023-10-06,233.0,240.0,231.0,239.0,577000.0
2023-10-10,243.0,245.0,237.0,238.0,538400.0
2023-10-11,237.0,239.0,233.0,236.0,350700.0
2023-10-12,237.0,237.0,231.0,234.0,444800.0
2023-10-13,232.0,233.0,229.0,229.0,338800.0
2023-10-16,227.0,227.0,221.0,221.0,611200.0
2023-10-17,223.0,229.0,223.0,225.0,510300.0
2023-10-18,225.0,232.0,225.0,230.0,346500.0
2023-10-19,226.0,229.0,224.0,229.0,474000.0
2023-10-20,226.0,227.0,218.0,224.0,724400.0
2023-10-23,220.0,223.0,216.0,217.0,779200.0
2023-10-24,216.0,222.0,208.0,220.0,1144300.0
2023-10-25,223.0,236.0,223.0,233.0,913200.0
2023-10-26,227.0,233.0,227.0,227.0,445400.0
2023-10-27,225.0,226.0,221.0,224.0,344200.0
2023-10-30,222.0,228.0,222.0,226.0,233400.0
2023-10-31,229.0,232.0,227.0,231.0,422100.0
2023-11-01,235.0,236.0,227.0,231.0,422300.0
2023-11-02,232.0,242.0,232.0,242.0,564400.0
2023-11-06,243.0,247.0,239.0,242.0,617500.0
2023-11-07,242.0,245.0,240.0,241.0,518600.0
2023-11-08,242.0,245.0,237.0,239.0,403800.0
2023-11-09,236.0,238.0,233.0,236.0,308400.0
2023-11-10,236.0,237.0,230.0,233.0,413600.0
2023-11-13,221.0,222.0,209.0,209.0,1745300.0
2023-11-14,213.0,222.0,212.0,213.0,633600.0
2023-11-15,216.0,230.0,216.0,218.0,1099300.0
2023-11-16,218.0,218.0,211.0,213.0,566600.0
2023-11-17,211.0,213.0,208.0,211.0,680900.0
2023-11-20,211.0,216.0,211.0,213.0,477100.0
2023-11-21,212.0,216.0,210.0,215.0,421500.0
2023-11-22,212.0,215.0,211.0,213.0,266000.0
2023-11-24,213.0,220.0,213.0,217.0,478000.0
2023-11-27,218.0,218.0,211.0,211.0,470700.0
2023-11-28,212.0,213.0,209.0,210.0,550600.0
2023-11-29,209.0,213.0,208.0,208.0,584400.0
2023-11-30,208.0,209.0,203.0,205.0,682900.0
2023-12-01,205.0,206.0,201.0,202.0,818800.0
2023-12-04,208.0,211.0,205.0,209.0,1110600.0
2023-12-05,207.0,208.0,203.0,205.0,577400.0
2023-12-06,175.0,191.0,173.0,189.0,3311700.0
2023-12-07,185.0,187.0,180.0,181.0,1217700.0
2023-12-08,176.0,177.0,169.0,171.0,2034500.0
2023-12-11,169.0,175.0,168.0,172.0,920100.0
2023-12-12,172.0,174.0,163.0,165.0,1819300.0
2023-12-13,162.0,167.0,162.0,166.0,1081300.0
2023-12-14,168.0,174.0,163.0,166.0,881400.0
2023-12-15,164.0,167.0,163.0,167.0,414700.0
2023-12-18,165.0,166.0,162.0,164.0,536700.0
2023-12-19,163.0,169.0,163.0,169.0,884000.0
2023-12-20,171.0,177.0,168.0,170.0,827500.0
2023-12-21,168.0,169.0,166.0,166.0,396700.0
2023-12-22,167.0,169.0,163.0,164.0,1029000.0
2023-12-25,164.0,166.0,161.0,161.0,909700.0
2023-12-26,161.0,164.0,158.0,160.0,843000.0
2023-12-27,160.0,168.0,160.0,166.0,1312600.0
2023-12-28,165.0,176.0,164.0,176.0,977000.0
2023-12-29,174.0,178.0,170.0,175.0,559000.0
2024-01-04,172.0,179.0,168.0,177.0,832100.0
2024-01-05,178.0,178.0,173.0,173.0,568500.0
2024-01-09,173.0,177.0,171.0,171.0,910100.0
2024-01-10,172.0,172.0,169.0,171.0,514000.0
2024-01-11,171.0,171.0,167.0,168.0,653400.0
2024-01-12,171.0,173.0,167.0,172.0,676600.0
2024-01-15,171.0,172.0,170.0,171.0,171300.0
2024-01-16,176.0,180.0,170.0,172.0,1458000.0
2024-01-17,172.0,172.0,168.0,168.0,698000.0
2024-01-18,168.0,168.0,163.0,165.0,643000.0
2024-01-19,164.0,168.0,164.0,165.0,402700.0
2024-01-22,166.0,167.0,164.0,166.0,315000.0
2024-01-23,169.0,170.0,166.0,168.0,867600.0
2024-01-24,168.0,170.0,165.0,167.0,444900.0
2024-01-25,167.0,169.0,165.0,168.0,519900.0
2024-01-26,166.0,171.0,165.0,169.0,629300.0
2024-01-29,169.0,170.0,167.0,169.0,328400.0
2024-01-30,169.0,170.0,168.0,170.0,270100.0
2024-01-31,168.0,173.0,167.0,172.0,563300.0
2024-02-01,170.0,172.0,167.0,168.0,505500.0
2024-02-02,168.0,171.0,167.0,167.0,570600.0
2024-02-05,168.0,171.0,166.0,170.0,494300.0
2024-02-06,168.0,173.0,168.0,172.0,563400.0
2024-02-07,173.0,174.0,168.0,170.0,1146900.0
2024-02-08,170.0,170.0,165.0,167.0,807500.0
2024-02-09,167.0,169.0,165.0,169.0,468600.0
2024-02-13,166.0,170.0,165.0,167.0,891400.0
2024-02-14,165.0,167.0,160.0,161.0,710400.0
2024-02-15,163.0,163.0,155.0,155.0,836200.0
2024-02-16,152.0,163.0,152.0,162.0,1017200.0
2024-02-19,162.0,170.0,161.0,168.0,1022900.0
2024-02-20,167.0,169.0,165.0,167.0,398400.0
2024-02-21,166.0,168.0,161.0,163.0,562900.0
2024-02-22,163.0,163.0,156.0,160.0,591400.0
2024-02-26,158.0,164.0,157.0,163.0,670300.0
2024-02-27,164.0,169.0,163.0,169.0,882800.0
2024-02-28,169.0,173.0,168.0,171.0,681400.0
2024-02-29,169.0,171.0,166.0,169.0,647900.0
2024-03-01,170.0,172.0,167.0,170.0,511500.0
2024-03-04,171.0,173.0,168.0,169.0,789700.0
2024-03-05,167.0,168.0,164.0,166.0,641300.0
2024-03-06,164.0,169.0,164.0,166.0,536400.0
2024-03-07,165.0,168.0,162.0,164.0,500500.0
2024-03-08,162.0,166.0,161.0,166.0,464600.0
2024-03-11,162.0,164.0,158.0,160.0,868900.0
2024-03-12,162.0,163.0,157.0,160.0,714100.0
2024-03-13,159.0,160.0,155.0,155.0,764500.0
2024-03-14,155.0,158.0,152.0,156.0,471500.0
2024-03-15,155.0,157.0,154.0,157.0,325000.0
2024-03-18,156.0,159.0,156.0,158.0,357800.0
2024-03-19,159.0,162.0,157.0,160.0,483300.0
2024-03-21,160.0,161.0,158.0,158.0,402700.0
2024-03-22,158.0,159.0,156.0,159.0,289000.0
2024-03-25,157.0,162.0,157.0,158.0,581600.0
2024-03-26,157.0,157.0,154.0,157.0,550600.0
2024-03-27,157.0,159.0,154.0,156.0,359800.0
2024-03-28,156.0,160.0,155.0,155.0,334200.0
2024-03-29,155.0,161.0,155.0,161.0,316600.0
2024-04-01,160.0,160.0,156.0,159.0,454300.0
2024-04-02,158.0,158.0,153.0,153.0,485800.0
2024-04-03,151.0,153.0,149.0,152.0,775900.0
2024-04-04,154.0,154.0,149.0,152.0,472600.0
2024-04-05,150.0,151.0,148.0,149.0,312800.0
2024-04-08,149.0,151.0,147.0,149.0,294100.0
2024-04-09,148.0,150.0,147.0,150.0,256000.0
2024-04-10,150.0,152.0,148.0,150.0,496500.0
2024-04-11,148.0,149.0,145.0,147.0,706600.0
2024-04-12,147.0,148.0,142.0,142.0,623500.0
2024-04-15,140.0,141.0,137.0,139.0,685700.0
2024-04-16,136.0,139.0,135.0,139.0,468500.0
2024-04-17,139.0,139.0,132.0,136.0,616600.0
2024-04-18,136.0,142.0,135.0,142.0,442700.0
2024-04-19,139.0,140.0,133.0,137.0,475300.0
2024-04-22,137.0,139.0,136.0,139.0,353300.0
2024-04-23,139.0,140.0,138.0,139.0,157200.0
2024-04-24,138.0,140.0,137.0,139.0,254600.0
2024-04-25,138.0,140.0,136.0,136.0,323100.0
2024-04-26,136.0,137.0,134.0,135.0,247000.0
2024-04-30,137.0,138.0,135.0,137.0,259200.0
2024-05-01,136.0,142.0,135.0,142.0,404600.0
2024-05-02,140.0,142.0,138.0,139.0,287800.0
2024-05-07,141.0,143.0,140.0,143.0,333200.0
2024-05-08,140.0,144.0,139.0,139.0,477600.0
2024-05-09,139.0,139.0,136.0,136.0,309500.0
2024-05-10,136.0,137.0,134.0,134.0,281600.0
2024-05-13,135.0,135.0,131.0,132.0,498600.0
2024-05-14,130.0,138.0,130.0,136.0,517600.0
2024-05-15,136.0,136.0,133.0,133.0,213700.0
2024-05-16,134.0,135.0,129.0,130.0,516400.0
2024-05-17,129.0,132.0,128.0,132.0,324600.0
2024-05-20,131.0,136.0,130.0,134.0,447900.0
2024-05-21,135.0,138.0,133.0,133.0,294800.0
2024-05-22,133.0,134.0,132.0,132.0,225900.0
2024-05-23,133.0,133.0,128.0,129.0,467600.0
2024-05-24,127.0,130.0,126.0,128.0,486900.0
2024-05-27,135.0,135.0,128.0,132.0,677400.0
2024-05-28,131.0,137.0,130.0,133.0,610900.0
2024-05-29,134.0,134.0,127.0,127.0,574800.0
2024-05-30,125.0,129.0,125.0,128.0,503000.0
2024-05-31,128.0,131.0,128.0,131.0,259700.0
2024-06-03,131.0,134.0,131.0,131.0,177300.0
2024-06-04,130.0,141.0,130.0,140.0,795000.0
2024-06-05,139.0,140.0,137.0,140.0,326000.0
2024-06-06,140.0,140.0,133.0,134.0,365100.0
2024-06-07,134.0,138.0,134.0,138.0,198500.0
2024-06-10,137.0,138.0,134.0,137.0,196500.0
2024-06-11,136.0,142.0,135.0,141.0,438000.0
2024-06-12,142.0,143.0,139.0,142.0,332500.0
2024-06-13,142.0,142.0,139.0,139.0,404800.0
2024-06-14,137.0,141.0,136.0,138.0,433900.0
2024-06-17,139.0,139.0,134.0,135.0,434100.0
2024-06-18,134.0,137.0,134.0,135.0,207100.0
2024-06-19,134.0,134.0,130.0,131.0,468900.0
2024-06-20,130.0,133.0,130.0,132.0,205200.0
2024-06-21,132.0,135.0,132.0,133.0,140100.0
2024-06-24,133.0,135.0,133.0,133.0,88600.0
2024-06-25,134.0,138.0,133.0,137.0,387600.0
2024-06-26,136.0,139.0,136.0,137.0,620900.0
2024-06-27,137.0,139.0,135.0,139.0,394600.0
2024-06-28,140.0,146.0,140.0,146.0,1017200.0
2024-07-01,146.0,146.0,138.0,138.0,770500.0
2024-07-02,138.0,141.0,137.0,140.0,547400.0
2024-07-03,139.0,141.0,137.0,140.0,311300.0
2024-07-04,141.0,141.0,137.0,137.0,274500.0
2024-07-05,137.0,139.0,136.0,139.0,325200.0
2024-07-08,139.0,140.0,136.0,138.0,322300.0
2024-07-09,138.0,139.0,136.0,137.0,226800.0
2024-07-10,137.0,138.0,135.0,138.0,347200.0
2024-07-11,138.0,160.0,135.0,141.0,6358300.0
2024-07-12,139.0,147.0,137.0,146.0,1910300.0
2024-07-16,147.0,148.0,140.0,144.0,996500.0
2024-07-17,145.0,157.0,145.0,152.0,2482500.0
2024-07-18,151.0,153.0,148.0,149.0,937300.0
2024-07-19,150.0,150.0,142.0,143.0,863800.0
2024-07-22,142.0,143.0,138.0,140.0,644300.0
2024-07-23,140.0,143.0,139.0,141.0,478000.0
2024-07-24,140.0,142.0,137.0,138.0,513800.0
2024-07-25,136.0,140.0,135.0,138.0,943300.0
2024-07-26,139.0,142.0,137.0,138.0,413900.0
2024-07-29,139.0,140.0,137.0,140.0,341400.0
2024-07-30,139.0,140.0,137.0,139.0,309000.0
2024-07-31,138.0,139.0,136.0,137.0,594200.0
2024-08-01,136.0,136.0,131.0,133.0,804000.0
2024-08-02,129.0,129.0,121.0,122.0,1702400.0
2024-08-05,113.0,118.0,100.0,104.0,2254800.0
2024-08-06,114.0,120.0,111.0,117.0,1261800.0
2024-08-07,115.0,125.0,115.0,121.0,933700.0
2024-08-08,118.0,123.0,118.0,119.0,586500.0
2024-08-09,120.0,122.0,118.0,122.0,516400.0
2024-08-13,121.0,127.0,120.0,125.0,435200.0
2024-08-14,124.0,129.0,122.0,128.0,577400.0
2024-08-15,126.0,129.0,125.0,127.0,376400.0
2024-08-16,129.0,129.0,127.0,128.0,280700.0
2024-08-19,132.0,141.0,132.0,136.0,1679300.0
2024-08-20,136.0,138.0,134.0,136.0,516200.0
2024-08-21,135.0,137.0,134.0,136.0,268200.0
2024-08-22,135.0,138.0,135.0,138.0,358800.0
2024-08-23,138.0,140.0,135.0,138.0,729700.0
2024-08-26,137.0,145.0,136.0,145.0,1152200.0
2024-08-27,145.0,145.0,142.0,145.0,514900.0
2024-08-28,146.0,147.0,139.0,142.0,865200.0
2024-08-29,139.0,141.0,137.0,138.0,443600.0
2024-08-30,139.0,142.0,139.0,142.0,596600.0
2024-09-02,142.0,142.0,137.0,139.0,428100.0
2024-09-03,140.0,142.0,138.0,140.0,548900.0
2024-09-04,135.0,138.0,133.0,135.0,546200.0
2024-09-05,134.0,137.0,131.0,134.0,505200.0
2024-09-06,134.0,136.0,129.0,130.0,344300.0
2024-09-09,125.0,131.0,124.0,129.0,505000.0
2024-09-10,132.0,132.0,129.0,130.0,147300.0
2024-09-11,130.0,130.0,123.0,125.0,447200.0
2024-09-12,128.0,130.0,127.0,130.0,291500.0
2024-09-13,129.0,130.0,127.0,129.0,235300.0
2024-09-17,128.0,129.0,122.0,124.0,469100.0
2024-09-18,125.0,127.0,123.0,124.0,278000.0
2024-09-19,126.0,130.0,126.0,129.0,318400.0
2024-09-20,130.0,130.0,127.0,130.0,393300.0
2024-09-24,131.0,131.0,125.0,125.0,355800.0
2024-09-25,125.0,127.0,124.0,126.0,309400.0
2024-09-26,126.0,127.0,124.0,126.0,344400.0
2024-09-27,125.0,126.0,124.0,126.0,219200.0
2024-09-30,123.0,126.0,121.0,121.0,675700.0
2024-10-01,123.0,125.0,122.0,125.0,324300.0
2024-10-02,123.0,124.0,120.0,122.0,516400.0
2024-10-03,123.0,123.0,121.0,121.0,231400.0
2024-10-04,120.0,122.0,119.0,121.0,587100.0
2024-10-07,121.0,121.0,119.0,121.0,391600.0
2024-10-08,119.0,119.0,115.0,115.0,1065600.0
2024-10-09,116.0,116.0,114.0,114.0,309900.0
2024-10-10,114.0,114.0,112.0,112.0,335700.0
2024-10-11,112.0,114.0,112.0,112.0,271700.0
2024-10-15,112.0,114.0,111.0,111.0,214200.0
2024-10-16,110.0,113.0,110.0,112.0,393700.0
2024-10-17,111.0,113.0,111.0,111.0,285800.0
2024-10-18,112.0,113.0,111.0,111.0,241700.0
2024-10-21,112.0,115.0,111.0,114.0,234400.0
2024-10-22,114.0,114.0,109.0,111.0,626300.0
2024-10-23,110.0,110.0,108.0,108.0,389700.0
2024-10-24,108.0,108.0,104.0,105.0,666200.0
2024-10-25,106.0,107.0,101.0,102.0,692500.0
2024-10-28,102.0,109.0,102.0,109.0,562800.0
2024-10-29,108.0,110.0,107.0,110.0,525600.0
2024-10-30,109.0,110.0,107.0,109.0,304400.0
2024-10-31,107.0,110.0,107.0,110.0,367600.0
2024-11-01,108.0,109.0,107.0,107.0,411500.0
2024-11-05,107.0,108.0,105.0,107.0,206700.0
2024-11-06,107.0,108.0,106.0,107.0,283000.0
2024-11-07,107.0,109.0,104.0,104.0,503600.0
2024-11-08,105.0,106.0,103.0,103.0,413000.0
2024-11-11,103.0,105.0,102.0,105.0,398900.0
2024-11-12,105.0,109.0,105.0,106.0,507700.0
2024-11-13,106.0,108.0,104.0,104.0,458700.0
2024-11-14,104.0,107.0,103.0,104.0,487700.0
2024-11-15,103.0,103.0,101.0,103.0,482200.0
2024-11-18,102.0,103.0,101.0,102.0,243500.0
2024-11-19,102.0,110.0,102.0,110.0,846100.0
2024-11-20,110.0,111.0,108.0,108.0,503700.0
2024-11-21,110.0,116.0,110.0,116.0,687400.0
2024-11-22,116.0,116.0,113.0,114.0,635700.0
2024-11-25,115.0,119.0,114.0,117.0,902500.0
2024-11-26,117.0,121.0,116.0,117.0,867300.0
2024-11-27,117.0,118.0,116.0,117.0,309100.0
2024-11-28,118.0,120.0,115.0,117.0,476700.0
2024-11-29,115.0,117.0,112.0,114.0,414900.0
2024-12-02,112.0,114.0,111.0,113.0,298300.0
2024-12-03,112.0,113.0,109.0,109.0,468800.0
2024-12-04,109.0,110.0,107.0,107.0,209200.0
2024-12-05,107.0,109.0,107.0,108.0,260300.0
2024-12-06,108.0,108.0,105.0,107.0,544900.0
2024-12-09,107.0,110.0,107.0,108.0,437100.0
2024-12-10,109.0,113.0,107.0,108.0,691500.0
2024-12-11,110.0,110.0,106.0,108.0,510400.0
2024-12-12,109.0,109.0,106.0,108.0,573500.0
2024-12-13,109.0,110.0,106.0,108.0,617600.0
2024-12-16,107.0,107.0,104.0,104.0,496100.0
2024-12-17,104.0,105.0,103.0,104.0,421400.0
2024-12-18,104.0,104.0,102.0,103.0,534700.0
2024-12-19,102.0,104.0,101.0,102.0,854900.0
2024-12-20,103.0,104.0,99.0,100.0,1140200.0
2024-12-23,99.0,100.0,97.0,100.0,1079700.0
2024-12-24,99.0,101.0,98.0,100.0,852400.0
2024-12-25,100.0,102.0,99.0,100.0,593100.0
2024-12-26,100.0,102.0,100.0,101.0,745100.0
2024-12-27,102.0,106.0,102.0,103.0,635400.0
2024-12-30,104.0,107.0,104.0,104.0,623800.0
2025-01-06,104.0,104.0,102.0,103.0,668500.0
2025-01-07,103.0,104.0,102.0,103.0,240100.0
2025-01-08,104.0,106.0,104.0,106.0,331500.0
2025-01-09,106.0,106.0,103.0,105.0,327400.0
2025-01-10,107.0,107.0,105.0,106.0,283500.0
2025-01-14,105.0,105.0,103.0,105.0,282900.0
2025-01-15,104.0,106.0,104.0,104.0,286600.0
2025-01-16,104.0,106.0,101.0,101.0,444500.0
2025-01-17,101.0,101.0,99.0,100.0,544000.0
2025-01-20,102.0,104.0,102.0,103.0,320400.0
2025-01-21,103.0,105.0,102.0,103.0,381600.0
2025-01-22,104.0,108.0,104.0,107.0,659600.0
2025-01-23,107.0,107.0,103.0,104.0,461500.0
2025-01-24,105.0,109.0,105.0,109.0,663500.0
2025-01-27,111.0,112.0,109.0,112.0,632500.0
2025-01-28,111.0,114.0,110.0,114.0,399600.0
2025-01-29,115.0,115.0,111.0,112.0,458200.0
2025-01-30,111.0,113.0,109.0,110.0,283600.0
2025-01-31,110.0,111.0,109.0,111.0,418000.0
2025-02-03,109.0,110.0,106.0,106.0,545500.0
2025-02-04,119.0,156.0,111.0,156.0,19097000.0
2025-02-05,206.0,206.0,206.0,206.0,968100.0
2025-02-06,214.0,277.0,189.0,250.0,64974400.0
2025-02-07,240.0,250.0,198.0,199.0,22790700.0
2025-02-10,210.0,224.0,193.0,200.0,20081500.0
2025-02-12,195.0,195.0,174.0,185.0,8515300.0
2025-02-13,184.0,191.0,178.0,189.0,4742700.0
2025-02-14,200.0,221.0,183.0,205.0,25995500.0
2025-02-17,208.0,214.0,188.0,190.0,7578300.0
2025-02-18,189.0,210.0,189.0,205.0,6064100.0
2025-02-19,210.0,227.0,203.0,205.0,9497600.0
2025-02-20,205.0,209.0,194.0,198.0,3546600.0
2025-02-21,199.0,199.0,187.0,191.0,3062400.0
2025-02-25,184.0,188.0,182.0,183.0,1897800.0
2025-02-26,184.0,186.0,178.0,183.0,1409600.0
2025-02-27,185.0,185.0,178.0,178.0,1203600.0
2025-02-28,178.0,178.0,168.0,172.0,1874200.0
2025-03-03,177.0,177.0,171.0,174.0,785900.0
2025-03-04,171.0,171.0,164.0,166.0,1683500.0
2025-03-05,167.0,170.0,162.0,164.0,1003600.0
2025-03-06,164.0,170.0,159.0,161.0,1647800.0
2025-03-07,159.0,164.0,158.0,162.0,1192600.0
2025-03-10,161.0,167.0,158.0,167.0,909200.0
2025-03-11,164.0,167.0,158.0,166.0,1170500.0
2025-03-12,166.0,168.0,164.0,166.0,522400.0
2025-03-13,168.0,170.0,159.0,159.0,953600.0
2025-03-14,159.0,167.0,159.0,163.0,1018100.0
2025-03-17,164.0,166.0,161.0,161.0,534700.0
2025-03-18,162.0,165.0,158.0,159.0,814800.0
2025-03-19,159.0,172.0,158.0,167.0,2274100.0
2025-03-21,164.0,165.0,155.0,155.0,2158900.0
2025-03-24,155.0,157.0,152.0,153.0,1096700.0
2025-03-25,155.0,156.0,150.0,150.0,1123300.0
2025-03-26,150.0,155.0,150.0,152.0,555400.0
2025-03-27,151.0,157.0,150.0,157.0,767300.0
2025-03-28,154.0,158.0,151.0,152.0,524300.0
2025-03-31,150.0,151.0,146.0,147.0,677200.0
2025-04-01,147.0,150.0,144.0,145.0,438700.0
2025-04-02,169.0,169.0,140.0,142.0,7305500.0
2025-04-03,132.0,142.0,131.0,139.0,1408200.0
2025-04-04,136.0,139.0,127.0,132.0,2041000.0
2025-04-07,113.0,125.0,112.0,116.0,1885800.0
2025-04-08,126.0,132.0,122.0,129.0,891000.0
2025-04-09,130.0,130.0,120.0,125.0,1377400.0
2025-04-10,133.0,135.0,130.0,131.0,814900.0
2025-04-11,128.0,137.0,127.0,136.0,613600.0
2025-04-14,139.0,141.0,137.0,138.0,666200.0
2025-04-15,142.0,143.0,139.0,140.0,850500.0
2025-04-16,138.0,139.0,134.0,136.0,686500.0
2025-04-17,141.0,145.0,138.0,145.0,1262700.0
2025-04-18,144.0,154.0,143.0,153.0,1662200.0
2025-04-21,154.0,154.0,145.0,149.0,1471900.0
2025-04-22,144.0,149.0,143.0,144.0,779500.0
2025-04-23,147.0,155.0,135.0,147.0,1559800.0
2025-04-24,150.0,150.0,144.0,145.0,387000.0
2025-04-25,144.0,170.0,144.0,151.0,14123800.0
2025-04-28,149.0,153.0,146.0,146.0,1710800.0
2025-04-30,146.0,149.0,143.0,148.0,764700.0
2025-05-01,148.0,161.0,145.0,147.0,3700700.0
2025-05-02,146.0,149.0,138.0,142.0,2760700.0
2025-05-07,142.0,142.0,139.0,140.0,667100.0
2025-05-08,140.0,142.0,136.0,136.0,952300.0
2025-05-09,137.0,139.0,137.0,137.0,506700.0
2025-05-12,138.0,139.0,135.0,137.0,593600.0
2025-05-13,157.0,168.0,147.0,153.0,12712800.0
2025-05-14,153.0,165.0,150.0,161.0,4350100.0
2025-05-15,145.0,147.0,141.0,141.0,2814900.0
2025-05-16,142.0,156.0,141.0,156.0,1846900.0
2025-05-19,155.0,157.0,152.0,153.0,1171400.0
2025-05-20,153.0,174.0,153.0,172.0,4806700.0
2025-05-21,173.0,180.0,164.0,170.0,3349600.0
2025-05-22,168.0,172.0,165.0,170.0,1439100.0
2025-05-23,171.0,171.0,161.0,162.0,1762400.0
2025-05-26,163.0,171.0,160.0,161.0,1629600.0
2025-05-27,161.0,166.0,161.0,164.0,676200.0
2025-05-28,165.0,166.0,163.0,166.0,617200.0
2025-05-29,166.0,168.0,161.0,161.0,1103900.0
2025-05-30,161.0,171.0,160.0,168.0,2432000.0
2025-06-02,168.0,175.0,167.0,171.0,1798000.0
2025-06-03,171.0,171.0,165.0,171.0,1107700.0
2025-06-04,171.0,183.0,171.0,177.0,2717600.0
2025-06-05,179.0,180.0,174.0,174.0,1293900.0
2025-06-06,173.0,174.0,167.0,169.0,1137600.0
2025-06-09,172.0,186.0,172.0,186.0,3019200.0
2025-06-10,189.0,194.0,185.0,189.0,2733600.0
2025-06-11,190.0,194.0,185.0,193.0,2264300.0
2025-06-12,194.0,195.0,187.0,188.0,2020400.0
2025-06-13,189.0,193.0,185.0,187.0,1710100.0
2025-06-16,182.0,195.0,178.0,192.0,2223000.0
2025-06-17,196.0,197.0,185.0,186.0,2256700.0
2025-06-18,187.0,188.0,181.0,187.0,1471800.0
2025-06-19,187.0,189.0,179.0,180.0,1229200.0
2025-06-20,181.0,183.0,177.0,178.0,1141800.0
2025-06-23,173.0,174.0,167.0,169.0,1669700.0
2025-06-24,174.0,175.0,171.0,174.0,784400.0
2025-06-25,175.0,176.0,172.0,172.0,416300.0
2025-06-26,172.0,173.0,169.0,171.0,626000.0
2025-06-27,173.0,176.0,167.0,167.0,972600.0
2025-06-30,168.0,174.0,168.0,169.0,834600.0
2025-07-01,169.0,169.0,164.0,165.0,836100.0
2025-07-02,169.0,215.0,164.0,192.0,21747100.0
2025-07-03,188.0,204.0,183.0,198.0,8170700.0
2025-07-04,196.0,197.0,187.0,188.0,2869500.0
2025-07-07,187.0,191.0,183.0,184.0,1162700.0
2025-07-08,184.0,198.0,182.0,194.0,1915700.0
2025-07-09,196.0,211.0,193.0,209.0,3607100.0
2025-07-10,209.0,241.0,208.0,226.0,10610000.0
2025-07-11,221.0,231.0,220.0,226.0,2471000.0
2025-07-14,223.0,224.0,212.0,214.0,1652000.0
2025-07-15,213.0,230.0,212.0,212.0,2821200.0
2025-07-16,210.0,214.0,208.0,214.0,1071800.0
2025-07-17,215.0,218.0,208.0,209.0,1296800.0
2025-07-18,209.0,210.0,195.0,198.0,2421200.0
2025-07-22,200.0,203.0,197.0,197.0,715900.0
2025-07-23,215.0,225.0,207.0,212.0,5367000.0
2025-07-24,215.0,219.0,208.0,211.0,2349100.0
2025-07-25,219.0,228.0,213.0,216.0,3515700.0
2025-07-28,216.0,234.0,213.0,225.0,3536600.0
2025-07-29,224.0,225.0,214.0,215.0,1755600.0
2025-07-30,211.0,216.0,204.0,214.0,1605500.0
2025-07-31,213.0,214.0,206.0,207.0,1294700.0
2025-08-01,209.0,215.0,206.0,212.0,1199400.0
2025-08-04,205.0,213.0,205.0,209.0,1018600.0
2025-08-05,212.0,217.0,211.0,215.0,1167300.0
2025-08-06,214.0,218.0,213.0,218.0,1056100.0
2025-08-07,217.0,219.0,214.0,218.0,722200.0
2025-08-08,216.0,219.0,215.0,217.0,981300.0
2025-08-12,215.0,218.0,213.0,216.0,950300.0
2025-08-13,218.0,218.0,209.0,211.0,1109800.0
2025-08-14,191.0,195.0,185.0,189.0,3269200.0
2025-08-15,189.0,192.0,185.0,186.0,1495300.0
2025-08-18,187.0,191.0,185.0,187.0,918800.0
2025-08-19,188.0,191.0,187.0,188.0,961100.0
2025-08-20,188.0,188.0,181.0,182.0,1675400.0
2025-08-21,185.0,186.0,181.0,181.0,722700.0
2025-08-22,181.0,187.0,180.0,184.0,1091400.0
2025-08-25,185.0,191.0,185.0,189.0,1265800.0
2025-08-26,192.0,192.0,183.0,184.0,975500.0
2025-08-27,185.0,185.0,179.0,179.0,730800.0
2025-08-28,179.0,180.0,175.0,178.0,797200.0
2025-08-29,177.0,183.0,177.0,181.0,495500.0
2025-09-01,180.0,187.0,180.0,185.0,546200.0
2025-09-02,185.0,188.0,185.0,187.0,439500.0
2025-09-03,185.0,187.0,183.0,184.0,363300.0
2025-09-04,184.0,188.0,183.0,188.0,381500.0
2025-09-05,189.0,198.0,188.0,196.0,1564000.0
2025-09-08,198.0,201.0,195.0,195.0,1109400.0
2025-09-09,196.0,199.0,194.0,194.0,521200.0
2025-09-10,196.0,196.0,188.0,191.0,597200.0
2025-09-11,193.0,193.0,188.0,188.0,358000.0
2025-09-12,193.0,193.0,186.0,192.0,794200.0
2025-09-16,192.0,242.0,188.0,210.0,14644100.0
2025-09-17,205.0,214.0,203.0,209.0,3246600.0
2025-09-18,207.0,209.0,197.0,200.0,1654600.0
2025-09-19,201.0,206.0,197.0,206.0,1584000.0
2025-09-22,205.0,208.0,204.0,204.0,920100.0
2025-09-24,202.0,203.0,197.0,197.0,772300.0
2025-09-25,200.0,203.0,197.0,200.0,644900.0
2025-09-26,202.0,208.0,199.0,201.0,1198200.0
2025-09-29,201.0,202.0,194.0,194.0,759900.0
2025-09-30,195.0,198.0,193.0,194.0,458000.0
2025-10-01,192.0,192.0,186.0,186.0,1035900.0
2025-10-02,189.0,192.0,185.0,186.0,566700.0
2025-10-03,184.0,189.0,184.0,187.0,688200.0
2025-10-06,190.0,192.0,188.0,190.0,727800.0
2025-10-07,192.0,193.0,185.0,188.0,878800.0
2025-10-08,188.0,191.0,183.0,183.0,861700.0
2025-10-09,185.0,188.0,184.0,184.0,584000.0
2025-10-10,184.0,188.0,183.0,186.0,644200.0
2025-10-14,182.0,185.0,175.0,175.0,1615800.0
2025-10-15,178.0,187.0,177.0,186.0,845800.0
2025-10-16,184.0,187.0,183.0,183.0,327800.0
2025-10-17,180.0,182.0,175.0,175.0,560600.0
2025-10-20,179.0,183.0,177.0,180.0,478200.0
2025-10-21,185.0,185.0,181.0,183.0,531200.0
2025-10-22,185.0,188.0,183.0,187.0,574000.0
2025-10-23,187.0,188.0,183.0,184.0,583800.0
2025-10-24,184.0,186.0,180.0,180.0,459700.0
2025-10-27,180.0,184.0,177.0,181.0,454100.0
2025-10-28,181.0,182.0,178.0,178.0,356400.0
2025-10-29,179.0,179.0,172.0,172.0,816300.0
2025-10-30,172.0,177.0,171.0,177.0,472400.0
2025-10-31,175.0,178.0,174.0,177.0,268200.0
2025-11-04,176.0,177.0,172.0,173.0,357100.0
2025-11-05,171.0,173.0,168.0,170.0,753400.0
2025-11-06,171.0,173.0,169.0,173.0,373400.0
2025-11-07,170.0,171.0,166.0,168.0,447300.0
2025-11-10,168.0,171.0,168.0,170.0,380000.0
2025-11-11,170.0,171.0,168.0,169.0,257000.0
2025-11-12,169.0,174.0,167.0,172.0,582500.0
2025-11-13,170.0,170.0,168.0,168.0,307500.0
2025-11-14,158.0,165.0,157.0,161.0,983300.0
2025-11-17,159.0,161.0,155.0,157.0,790800.0
2025-11-18,158.0,161.0,155.0,160.0,776000.0
2025-11-19,160.0,161.0,155.0,158.0,399600.0
2025-11-20,159.0,162.0,158.0,160.0,239200.0
2025-11-21,159.0,162.0,158.0,161.0,330700.0
2025-11-25,159.0,162.0,154.0,155.0,643900.0
2025-11-26,157.0,160.0,155.0,160.0,450100.0
2025-11-27,160.0,163.0,160.0,161.0,243500.0
2025-11-28,160.0,165.0,160.0,162.0,433000.0
2025-12-01,163.0,163.0,157.0,158.0,477100.0
2025-12-02,158.0,159.0,154.0,155.0,534400.0
2025-12-03,155.0,156.0,153.0,153.0,403200.0
2025-12-04,153.0,172.0,153.0,162.0,1893800.0
2025-12-05,162.0,163.0,156.0,157.0,635900.0
2025-12-08,158.0,158.0,152.0,154.0,750300.0
2025-12-09,153.0,155.0,151.0,152.0,485900.0
2025-12-10,153.0,155.0,150.0,152.0,412100.0
2025-12-11,152.0,154.0,147.0,149.0,801000.0
2025-12-12,149.0,153.0,147.0,149.0,556800.0
2025-12-15,148.0,151.0,148.0,151.0,316300.0
2025-12-16,149.0,150.0,145.0,146.0,518400.0
2025-12-17,145.0,147.0,142.0,145.0,875200.0
2025-12-18,143.0,148.0,142.0,146.0,598400.0
2025-12-19,145.0,148.0,145.0,147.0,283500.0
2025-12-22,147.0,147.0,140.0,140.0,692000.0
2025-12-23,139.0,144.0,138.0,140.0,681800.0
2025-12-24,140.0,143.0,138.0,138.0,790600.0
2025-12-25,139.0,144.0,139.0,144.0,869400.0
2025-12-26,144.0,145.0,142.0,143.0,762900.0
2025-12-29,143.0,146.0,141.0,144.0,604800.0
2025-12-30,144.0,145.0,140.0,140.0,484100.0
2026-01-05,141.0,148.0,140.0,146.0,632900.0
2026-01-06,148.0,153.0,148.0,151.0,639100.0
2026-01-07,150.0,150.0,147.0,149.0,282100.0
2026-01-08,150.0,155.0,150.0,152.0,532700.0
2026-01-09,151.0,153.0,148.0,149.0,382200.0
2026-01-13,154.0,159.0,153.0,159.0,884100.0
2026-01-14,159.0,160.0,155.0,156.0,593200.0
2026-01-15,160.0,183.0,159.0,179.0,4590500.0
2026-01-16,178.0,178.0,168.0,171.0,1544700.0
2026-01-19,185.0,200.0,176.0,178.0,7007600.0
2026-01-20,178.0,179.0,171.0,171.0,1168400.0
2026-01-21,167.0,168.0,163.0,165.0,1282400.0
2026-01-22,169.0,169.0,166.0,168.0,576300.0
2026-01-23,167.0,171.0,164.0,170.0,570100.0
2026-01-26,166.0,170.0,164.0,164.0,618000.0
2026-01-27,167.0,167.0,162.0,162.0,623000.0
2026-01-28,167.0,170.0,162.0,163.0,890900.0
2026-01-29,163.0,163.0,156.0,158.0,936900.0
2026-01-30,156.0,161.0,156.0,159.0,536200.0
2026-02-02,160.0,164.0,158.0,160.0,439400.0
2026-02-03,165.0,168.0,161.0,163.0,712300.0
2026-02-04,163.0,163.0,158.0,159.0,449200.0
2026-02-05,159.0,165.0,158.0,163.0,481400.0
2026-02-06,160.0,160.0,156.0,159.0,474500.0
2026-02-09,160.0,163.0,158.0,160.0,354600.0
2026-02-10,160.0,166.0,160.0,164.0,800200.0
2026-02-12,164.0,164.0,160.0,161.0,375100.0
2026-02-13,146.0,149.0,142.0,148.0,1300000.0
2026-02-16,150.0,163.0,150.0,163.0,853000.0
2026-02-17,159.0,165.0,158.0,161.0,698600.0
2026-02-18,163.0,171.0,159.0,167.0,1008100.0
2026-02-19,171.0,178.0,163.0,178.0,1399700.0
2026-02-20,203.0,204.0,168.0,171.0,5941700.0
2026-02-24,172.0,173.0,165.0,170.0,907400.0
2026-02-25,168.0,185.0,168.0,183.0,1791600.0
2026-02-26,185.0,187.0,178.0,180.0,1053400.0
2026-02-27,179.0,188.0,177.0,188.0,1146700.0
2026-03-02,180.0,181.0,177.0,181.0,978800.0
2026-03-03,182.0,186.0,178.0,179.0,1125400.0
2026-03-04,174.0,180.0,165.0,169.0,1586100.0
2026-03-05,174.0,182.0,173.0,177.0,1171400.0
2026-03-06,182.0,193.0,179.0,192.0,2521700.0
2026-03-09,182.0,186.0,174.0,178.0,1746600.0
2026-03-10,183.0,191.0,178.0,189.0,1315200.0
2026-03-11,192.0,196.0,184.0,186.0,1728800.0
2026-03-12,187.0,187.0,174.0,176.0,1418400.0
2026-03-13,168.0,170.0,165.0,166.0,1412600.0
2026-03-16,165.0,172.0,161.0,171.0,1052400.0
2026-03-17,172.0,175.0,168.0,170.0,675900.0
2026-03-18,170.0,176.0,170.0,175.0,683000.0
2026-03-19,171.0,175.0,167.0,169.0,667300.0
2026-03-23,164.0,167.0,159.0,163.0,952100.0
2026-03-24,168.0,176.0,167.0,174.0,921500.0
2026-03-25,174.0,177.0,173.0,176.0,629900.0
2026-03-26,177.0,178.0,172.0,175.0,680900.0
2026-03-27,173.0,185.0,173.0,183.0,1340900.0
2026-03-30,178.0,182.0,177.0,178.0,1117500.0
2026-03-31,180.0,181.0,175.0,176.0,616100.0
2026-04-01,179.0,182.0,177.0,181.0,490000.0
2026-04-02,183.0,186.0,173.0,176.0,1189000.0
2026-04-03,176.0,178.0,166.0,168.0,1006900.0
2026-04-06,169.0,174.0,169.0,172.0,382200.0
2026-04-07,171.0,176.0,171.0,172.0,574100.0
2026-04-08,174.0,183.0,173.0,182.0,1404800.0
2026-04-09,180.0,182.0,177.0,182.0,535600.0
2026-04-10,181.0,182.0,177.0,179.0,349300.0
2026-04-13,177.0,179.0,174.0,178.0,338800.0
2026-04-14,179.0,182.0,178.0,181.0,337400.0
2026-04-15,182.0,184.0,176.0,180.0,636500.0
2026-04-16,180.0,184.0,180.0,183.0,542300.0
2026-04-17,182.0,183.0,178.0,180.0,433500.0
2026-04-20,180.0,183.0,177.0,180.0,443300.0
2026-04-21,180.0,180.0,176.0,177.0,445900.0
2026-04-22,177.0,180.0,176.0,177.0,200100.0
2026-04-23,175.0,177.0,173.0,175.0,382200.0
2026-04-24,176.0,178.0,173.0,173.0,278500.0
2026-04-27,174.0,174.0,166.0,172.0,436400.0
2026-04-28,172.0,174.0,171.0,171.0,193600.0
2026-04-30,170.0,172.0,170.0,172.0,214000.0
2026-05-01,170.0,175.0,170.0,173.0,356300.0
2026-05-07,174.0,178.0,174.0,176.0,257400.0
2026-05-08,175.0,176.0,171.0,174.0,405100.0
2026-05-11,174.0,176.0,170.0,171.0,248200.0
2026-05-12,172.0,173.0,166.0,167.0,438600.0
2026-05-13,167.0,169.0,165.0,169.0,384900.0
2026-05-14,169.0,171.0,164.0,166.0,699500.0
2026-05-15,166.0,171.0,166.0,169.0,504100.0
2026-05-18,166.0,167.0,152.0,153.0,1519400.0
2026-05-19,153.0,155.0,151.0,152.0,529100.0
2026-05-20,152.0,152.0,136.0,137.0,1711400.0
2026-05-21,139.0,144.0,139.0,142.0,324800.0
2026-05-22,142.0,146.0,141.0,144.0,461600.0
2026-05-25,145.0,148.0,141.0,143.0,538000.0
2026-05-26,142.0,143.0,140.0,141.0,265100.0
2026-05-27,143.0,143.0,139.0,141.0,290600.0
2026-05-28,136.0,137.0,125.0,128.0,1529100.0
2026-05-29,136.0,136.0,129.0,129.0,534100.0
2026-06-01,129.0,129.0,123.0,128.0,875000.0
2026-06-02,126.0,127.0,123.0,123.0,375000.0
2026-06-03,124.0,128.0,121.0,127.0,419200.0
2026-06-04,127.0,130.0,126.0,127.0,325900.0
2026-06-05,129.0,131.0,127.0,129.0,286600.0
2026-06-08,128.0,129.0,124.0,126.0,419400.0
2026-06-09,126.0,129.0,125.0,129.0,304600.0
2026-06-10,130.0,130.0,124.0,126.0,238800.0
2026-06-11,125.0,128.0,124.0,126.0,346600.0
2026-06-12,127.0,130.0,126.0,127.0,335500.0
2026-06-15,127.0,129.0,126.0,128.0,226900.0
2026-06-16,127.0,128.0,125.0,126.0,248800.0
2026-06-17,127.0,132.0,127.0,130.0,269900.0
2026-06-18,131.0,133.0,125.0,126.0,1026700.0
2026-06-19,130.0,131.0,123.0,126.0,666600.0
2026-06-22,125.0,127.0,123.0,123.0,366200.0
2026-06-23,123.0,123.0,121.0,122.0,245600.0
2026-06-24,122.0,122.0,117.0,120.0,687100.0
2026-06-25,142.0,142.0,128.0,132.0,4316000.0
2026-06-26,130.0,132.0,125.0,127.0,808800.0
2026-06-29,127.0,130.0,126.0,129.0,660900.0
2026-06-30,130.0,130.0,124.0,124.0,527900.0
2026-07-01,124.0,126.0,123.0,125.0,381700.0
2026-07-02,124.0,128.0,123.0,124.0,376700.0
2026-07-03,124.0,130.0,123.0,130.0,463400.0
2026-07-06,130.0,132.0,126.0,126.0,771100.0
2026-07-07,126.0,130.0,125.0,127.0,406400.0
2026-07-08,126.0,126.0,122.0,124.0,498300.0
2026-07-09,124.0,129.0,123.0,127.0,339400.0
2026-07-10,125.0,131.0,125.0,129.0,689800.0
2026-07-13,128.0,131.0,126.0,129.0,387700.0
2026-07-14,127.0,129.0,126.0,128.0,202600.0
2026-07-15,127.0,131.0,126.0,131.0,453200.0
2026-07-16,129.0,133.0,125.0,127.0,788500.0
2026-07-17,127.0,127.0,121.0,126.0,838100.0
2026-07-21,125.0,129.0,124.0,127.0,225900.0
2026-07-22,128.0,130.0,125.0,125.0,368300.0
2026-07-23,126.0,128.0,125.0,128.0,167700.0
2026-07-24,126.0,128.0,124.0,125.0,324400.0
2026-07-27,126.0,129.0,123.0,127.0,509600.0
2026-07-28,130.0,131.0,123.0,124.0,1001000.0
2026-07-29,124.0,125.0,120.0,124.0,866400.0
2026-07-30,124.0,126.0,122.0,123.0,588600.0
2026-07-31,123.0,128.0,121.0,127.0,694300.0
2026-08-03,125.0,126.0,122.0,124.0,615500.0
2026-08-04,123.0,128.0,123.0,126.0,377700.0
2026-08-05,127.0,130.0,127.0,128.0,328300.0
2026-08-06,128.0,131.0,127.0,131.0,654200.0
2026-08-07,131.0,133.0,128.0,132.0,831500.0
2026-08-10,133.0,139.0,132.0,137.0,1330600.0
2026-08-12,139.0,144.0,138.0,140.0,741600.0
2026-08-13,140.0,143.0,137.0,141.0,477200.0
2026-08-14,143.0,153.0,142.0,148.0,1489200.0
2026-08-17,151.0,156.0,149.0,152.0,859600.0
2026-08-18,152.0,157.0,150.0,155.0,851200.0
2026-08-19,156.0,156.0,148.0,148.0,663600.0
2026-08-20,152.0,155.0,149.0,154.0,550700.0
2026-08-21,151.0,151.0,147.0,150.0,564500.0
2026-08-24,151.0,153.0,148.0,150.0,338400.0
2026-08-25,149.0,149.0,145.0,148.0,597200.0
2026-08-26,147.0,150.0,146.0,149.0,384400.0
2026-08-27,150.0,151.0,147.0,149.0,432500.0
2026-08-28,150.0,154.0,149.0,150.0,556200.0
2026-08-31,150.0,151.0,146.0,151.0,393700.0
2026-09-01,149.0,151.0,148.0,150.0,373200.0
2026-09-02,148.0,149.0,145.0,147.0,393500.0
2026-09-03,147.0,147.0,145.0,146.0,286800.0
2026-09-04,147.0,148.0,145.0,146.0,328800.0
2026-09-07,145.0,152.0,145.0,149.0,614200.0
2026-09-08,149.0,152.0,147.0,149.0,641100.0
2026-09-09,147.0,147.0,136.0,136.0,1897800.0
2026-09-10,136.0,140.0,135.0,140.0,520700.0
2026-09-11,137.0,138.0,132.0,135.0,896200.0
2026-09-14,136.0,138.0,135.0,137.0,303500.0
2026-09-15,138.0,138.0,136.0,137.0,100600.0
2026-09-16,137.0,138.0,135.0,137.0,380100.0
2026-09-17,137.0,139.0,136.0,137.0,328400.0
2026-09-18,138.0,140.0,137.0,138.0,296000.0
2026-09-24,140.0,142.0,138.0,139.0,592800.0
2026-09-25,139.0,141.0,138.0,141.0,274700.0
2026-09-28,141.0,141.0,137.0,137.0,289000.0
2026-09-29,140.0,140.0,135.0,137.0,422100.0
2026-09-30,145.0,145.0,139.0,142.0,1024600.0
2026-10-01,142.0,143.0,139.0,139.0,380500.0
2026-10-02,138.0,139.0,132.0,132.0,1110700.0
2026-10-05,133.0,137.0,133.0,137.0,479600.0
