Date,Open,High,Low,Close,Volume
2012-10-01,546.0,550.0,546.0,550.0,5000
2012-10-02,550.0,552.0,550.0,550.0,2000
2012-10-03,544.0,544.0,544.0,544.0,1500
2012-10-04,552.0,552.0,552.0,552.0,500
2012-10-05,554.0,580.0,554.0,580.0,5500
2012-10-09,568.0,568.0,552.0,552.0,3000
2012-10-10,552.0,552.0,550.0,550.0,1000
2012-10-11,550.0,550.0,550.0,550.0,1500
2012-10-12,550.0,560.0,550.0,560.0,2500
2012-10-15,560.0,560.0,550.0,550.0,2500
2012-10-16,550.0,552.0,548.0,548.0,1500
2012-10-17,556.0,556.0,550.0,550.0,2500
2012-10-18,554.0,554.0,554.0,554.0,500
2012-10-19,554.0,554.0,554.0,554.0,0
2012-10-22,550.0,550.0,550.0,550.0,1000
2012-10-23,550.0,552.0,548.0,548.0,2000
2012-10-24,550.0,556.0,550.0,556.0,3500
2012-10-25,552.0,552.0,538.0,538.0,8000
2012-10-26,540.0,540.0,538.0,540.0,4000
2012-10-29,550.0,550.0,550.0,550.0,1500
2012-10-30,544.0,544.0,544.0,544.0,1500
2012-10-31,544.0,544.0,544.0,544.0,2000
2012-11-01,544.0,544.0,544.0,544.0,500
2012-11-02,546.0,552.0,546.0,552.0,3000
2012-11-05,554.0,554.0,550.0,550.0,1500
2012-11-06,550.0,550.0,548.0,550.0,2500
2012-11-07,550.0,550.0,540.0,540.0,2000
2012-11-08,544.0,544.0,540.0,540.0,2000
2012-11-09,540.0,548.0,540.0,544.0,6500
2012-11-12,540.0,542.0,540.0,542.0,2000
2012-11-13,540.0,540.0,538.0,538.0,1500
2012-11-14,540.0,540.0,540.0,540.0,1000
2012-11-15,544.0,546.0,544.0,546.0,4000
2012-11-16,550.0,550.0,544.0,544.0,5000
2012-11-19,552.0,552.0,546.0,546.0,2500
2012-11-20,548.0,548.0,548.0,548.0,3000
2012-11-21,550.0,550.0,550.0,550.0,3500
2012-11-22,542.0,546.0,542.0,544.0,10000
2012-11-26,542.0,548.0,542.0,546.0,7000
2012-11-27,544.0,548.0,544.0,548.0,1500
2012-11-28,544.0,544.0,544.0,544.0,1500
2012-11-29,548.0,550.0,546.0,546.0,5000
2012-11-30,548.0,552.0,548.0,548.0,5000
2012-12-03,556.0,556.0,548.0,554.0,5000
2012-12-04,554.0,556.0,550.0,556.0,8000
2012-12-05,554.0,554.0,552.0,554.0,1500
2012-12-06,552.0,552.0,542.0,548.0,29500
2012-12-07,550.0,550.0,542.0,546.0,9500
2012-12-10,550.0,550.0,544.0,544.0,8500
2012-12-11,544.0,546.0,544.0,544.0,3000
2012-12-12,546.0,546.0,546.0,546.0,500
2012-12-13,548.0,550.0,548.0,550.0,6000
2012-12-14,550.0,554.0,550.0,552.0,3500
2012-12-17,552.0,552.0,546.0,546.0,4000
2012-12-18,546.0,548.0,544.0,544.0,2500
2012-12-19,544.0,548.0,542.0,548.0,5500
2012-12-20,548.0,558.0,548.0,554.0,8500
2012-12-21,556.0,564.0,556.0,558.0,11500
2012-12-25,566.0,566.0,560.0,560.0,6500
2012-12-26,560.0,562.0,560.0,560.0,3000
2012-12-27,560.0,568.0,560.0,568.0,4000
2012-12-28,570.0,570.0,566.0,568.0,3000
2013-01-04,584.0,584.0,566.0,568.0,11500
2013-01-07,584.0,584.0,580.0,580.0,5500
2013-01-08,584.0,586.0,582.0,584.0,10500
2013-01-09,586.0,594.0,586.0,594.0,10500
2013-01-10,600.0,620.0,600.0,616.0,25000
2013-01-11,630.0,640.0,620.0,634.0,33000
2013-01-15,640.0,640.0,630.0,630.0,17500
2013-01-16,630.0,630.0,612.0,612.0,9500
2013-01-17,612.0,614.0,608.0,610.0,6000
2013-01-18,608.0,618.0,606.0,610.0,11000
2013-01-21,618.0,618.0,612.0,612.0,6500
2013-01-22,608.0,614.0,608.0,614.0,4500
2013-01-23,608.0,612.0,608.0,610.0,3000
2013-01-24,616.0,616.0,608.0,616.0,4500
2013-01-25,614.0,614.0,612.0,614.0,6500
2013-01-28,612.0,614.0,608.0,608.0,18000
2013-01-29,608.0,616.0,606.0,616.0,3000
2013-01-30,608.0,614.0,608.0,614.0,5500
2013-01-31,622.0,666.0,616.0,654.0,71000
2013-02-01,650.0,650.0,632.0,638.0,20000
2013-02-04,652.0,652.0,642.0,648.0,8500
2013-02-05,650.0,658.0,638.0,638.0,22000
2013-02-06,646.0,648.0,634.0,644.0,13000
2013-02-07,648.0,650.0,630.0,640.0,14000
2013-02-08,632.0,638.0,630.0,634.0,9500
2013-02-12,648.0,648.0,612.0,634.0,17000
2013-02-13,624.0,630.0,622.0,630.0,8500
2013-02-14,636.0,636.0,622.0,624.0,6500
2013-02-15,618.0,628.0,602.0,610.0,13500
2013-02-18,614.0,628.0,598.0,608.0,28000
2013-02-19,608.0,614.0,608.0,608.0,8000
2013-02-20,618.0,624.0,616.0,616.0,5000
2013-02-21,624.0,624.0,610.0,616.0,10000
2013-02-22,614.0,620.0,614.0,616.0,8000
2013-02-25,618.0,628.0,616.0,628.0,9500
2013-02-26,620.0,634.0,618.0,618.0,4000
2013-02-27,622.0,624.0,618.0,618.0,5500
2013-02-28,618.0,624.0,618.0,624.0,8500
2013-03-01,620.0,624.0,620.0,622.0,4500
2013-03-04,622.0,624.0,622.0,622.0,15000
2013-03-05,622.0,622.0,620.0,620.0,4000
2013-03-06,626.0,626.0,618.0,620.0,7500
2013-03-07,622.0,626.0,620.0,626.0,19000
2013-03-08,626.0,640.0,626.0,638.0,19500
2013-03-11,646.0,648.0,642.0,644.0,19000
2013-03-12,646.0,650.0,642.0,644.0,10000
2013-03-13,644.0,648.0,642.0,646.0,4500
2013-03-14,642.0,652.0,640.0,650.0,14000
2013-03-15,654.0,656.0,648.0,650.0,22000
2013-03-18,648.0,650.0,626.0,640.0,13000
2013-03-19,636.0,636.0,628.0,632.0,14500
2013-03-21,632.0,632.0,628.0,632.0,10500
2013-03-22,634.0,636.0,634.0,634.0,3500
2013-03-25,634.0,634.0,630.0,632.0,20500
2013-03-26,632.0,632.0,624.0,624.0,29000
2013-03-27,616.0,616.0,584.0,608.0,20500
2013-03-28,604.0,606.0,598.0,600.0,9000
2013-03-29,606.0,608.0,602.0,602.0,4500
2013-04-01,602.0,602.0,600.0,600.0,7000
2013-04-02,600.0,600.0,596.0,596.0,5000
2013-04-03,600.0,620.0,600.0,606.0,10500
2013-04-04,604.0,604.0,598.0,604.0,5500
2013-04-05,610.0,614.0,610.0,610.0,20000
2013-04-08,616.0,616.0,610.0,610.0,17000
2013-04-09,610.0,612.0,606.0,606.0,11000
2013-04-10,610.0,618.0,610.0,612.0,7000
2013-04-11,614.0,618.0,614.0,614.0,10000
2013-04-12,612.0,614.0,610.0,610.0,7000
2013-04-15,604.0,610.0,604.0,610.0,4500
2013-04-16,604.0,604.0,604.0,604.0,500
2013-04-17,604.0,612.0,604.0,606.0,7000
2013-04-18,610.0,610.0,606.0,608.0,5000
2013-04-19,608.0,610.0,606.0,606.0,2000
2013-04-22,600.0,608.0,600.0,602.0,25500
2013-04-23,602.0,606.0,602.0,604.0,10000
2013-04-24,604.0,610.0,602.0,604.0,23000
2013-04-25,604.0,604.0,602.0,602.0,7500
2013-04-26,602.0,610.0,602.0,604.0,7000
2013-04-30,610.0,610.0,604.0,610.0,14000
2013-05-01,604.0,604.0,602.0,602.0,14000
2013-05-02,602.0,614.0,602.0,608.0,25000
2013-05-07,620.0,620.0,612.0,616.0,13500
2013-05-08,616.0,620.0,612.0,614.0,13500
2013-05-09,618.0,618.0,606.0,608.0,10000
2013-05-10,614.0,624.0,608.0,624.0,66500
2013-05-13,626.0,638.0,624.0,624.0,26000
2013-05-14,632.0,632.0,628.0,630.0,17500
2013-05-15,630.0,634.0,622.0,626.0,9000
2013-05-16,626.0,626.0,600.0,608.0,49000
2013-05-17,614.0,616.0,612.0,614.0,9500
2013-05-20,618.0,630.0,618.0,630.0,18500
2013-05-21,624.0,628.0,620.0,622.0,11000
2013-05-22,628.0,630.0,622.0,622.0,9000
2013-05-23,622.0,624.0,616.0,616.0,19500
2013-05-24,618.0,618.0,610.0,610.0,12000
2013-05-27,604.0,610.0,604.0,608.0,6500
2013-05-28,612.0,612.0,604.0,604.0,3500
2013-05-29,618.0,624.0,610.0,624.0,11500
2013-05-30,614.0,614.0,610.0,610.0,3000
2013-05-31,614.0,620.0,614.0,616.0,4500
2013-06-03,618.0,618.0,606.0,612.0,4500
2013-06-04,608.0,610.0,604.0,608.0,7000
2013-06-05,608.0,608.0,604.0,604.0,1000
2013-06-06,602.0,610.0,600.0,610.0,8500
2013-06-07,604.0,604.0,590.0,598.0,10500
2013-06-10,602.0,604.0,602.0,604.0,2500
2013-06-11,604.0,604.0,598.0,598.0,1000
2013-06-12,596.0,600.0,594.0,600.0,16500
2013-06-13,598.0,598.0,594.0,594.0,1000
2013-06-14,594.0,594.0,594.0,594.0,0
2013-06-17,608.0,608.0,600.0,600.0,3000
2013-06-18,606.0,608.0,604.0,604.0,3500
2013-06-19,608.0,610.0,606.0,606.0,5500
2013-06-20,604.0,604.0,604.0,604.0,1500
2013-06-21,596.0,596.0,588.0,594.0,7000
2013-06-24,604.0,604.0,600.0,600.0,2500
2013-06-25,602.0,602.0,594.0,594.0,2500
2013-06-26,596.0,598.0,592.0,592.0,3000
2013-06-27,592.0,596.0,592.0,592.0,2500
2013-06-28,592.0,596.0,592.0,596.0,1000
2013-07-01,598.0,600.0,598.0,600.0,1500
2013-07-02,600.0,602.0,598.0,598.0,8000
2013-07-03,598.0,598.0,596.0,596.0,1500
2013-07-04,600.0,600.0,592.0,594.0,4500
2013-07-05,592.0,598.0,592.0,592.0,6000
2013-07-08,600.0,600.0,566.0,588.0,49000
2013-07-09,590.0,592.0,582.0,592.0,7500
2013-07-10,594.0,594.0,590.0,590.0,7500
2013-07-11,584.0,590.0,582.0,584.0,9000
2013-07-12,588.0,588.0,584.0,584.0,3000
2013-07-16,594.0,596.0,590.0,592.0,16000
2013-07-17,592.0,592.0,590.0,590.0,1000
2013-07-18,590.0,590.0,590.0,590.0,4000
2013-07-19,590.0,594.0,590.0,594.0,6000
2013-07-22,596.0,596.0,596.0,596.0,500
2013-07-23,592.0,592.0,592.0,592.0,2000
2013-07-24,592.0,592.0,592.0,592.0,3000
2013-07-25,596.0,596.0,592.0,592.0,7000
2013-07-26,582.0,584.0,582.0,582.0,2000
2013-07-29,582.0,588.0,580.0,580.0,4000
2013-07-30,582.0,588.0,578.0,588.0,6000
2013-07-31,582.0,582.0,580.0,580.0,2000
2013-08-01,580.0,580.0,576.0,576.0,9500
2013-08-02,578.0,582.0,576.0,576.0,5500
2013-08-05,576.0,580.0,576.0,580.0,1500
2013-08-06,576.0,590.0,576.0,590.0,4500
2013-08-07,578.0,584.0,578.0,584.0,1500
2013-08-08,586.0,586.0,586.0,586.0,1000
2013-08-09,582.0,592.0,578.0,580.0,11000
2013-08-12,576.0,580.0,576.0,576.0,3500
2013-08-13,582.0,582.0,576.0,580.0,4000
2013-08-14,580.0,580.0,578.0,578.0,2500
2013-08-15,580.0,582.0,580.0,582.0,6500
2013-08-16,582.0,582.0,582.0,582.0,2000
2013-08-19,582.0,582.0,582.0,582.0,1500
2013-08-20,582.0,584.0,580.0,582.0,3000
2013-08-21,580.0,582.0,580.0,582.0,4500
2013-08-22,578.0,580.0,578.0,580.0,1500
2013-08-23,584.0,584.0,576.0,576.0,5000
2013-08-26,574.0,574.0,572.0,574.0,12500
2013-08-27,578.0,578.0,578.0,578.0,500
2013-08-28,578.0,578.0,572.0,572.0,2500
2013-08-29,572.0,576.0,572.0,572.0,3000
2013-08-30,572.0,576.0,572.0,576.0,1500
2013-09-02,576.0,576.0,560.0,574.0,11500
2013-09-03,576.0,576.0,576.0,576.0,1500
2013-09-04,572.0,576.0,572.0,576.0,1500
2013-09-05,580.0,580.0,576.0,576.0,2000
2013-09-06,574.0,574.0,574.0,574.0,1500
2013-09-09,574.0,574.0,566.0,566.0,8500
2013-09-10,570.0,574.0,566.0,566.0,5000
2013-09-11,568.0,570.0,566.0,566.0,4500
2013-09-12,568.0,570.0,568.0,570.0,3000
2013-09-13,572.0,572.0,566.0,566.0,2500
2013-09-17,570.0,576.0,570.0,570.0,3000
2013-09-18,576.0,576.0,570.0,570.0,3500
2013-09-19,576.0,576.0,570.0,572.0,3500
2013-09-20,570.0,570.0,566.0,568.0,7000
2013-09-24,570.0,574.0,568.0,568.0,6000
2013-09-25,570.0,574.0,564.0,572.0,9000
2013-09-26,574.0,574.0,566.0,566.0,4000
2013-09-27,572.0,574.0,572.0,574.0,2000
2013-09-30,574.0,574.0,570.0,574.0,5500
2013-10-01,572.0,572.0,568.0,568.0,3000
2013-10-02,572.0,572.0,560.0,562.0,12500
2013-10-03,568.0,572.0,566.0,572.0,5000
2013-10-04,572.0,572.0,572.0,572.0,0
2013-10-07,568.0,570.0,568.0,570.0,2500
2013-10-08,566.0,568.0,560.0,568.0,8000
2013-10-09,566.0,570.0,566.0,570.0,2500
2013-10-10,562.0,562.0,562.0,562.0,2000
2013-10-11,562.0,570.0,562.0,570.0,6500
2013-10-15,568.0,568.0,564.0,564.0,3000
2013-10-16,562.0,566.0,562.0,566.0,5500
2013-10-17,566.0,568.0,564.0,564.0,3000
2013-10-18,564.0,570.0,564.0,570.0,5000
2013-10-21,572.0,576.0,572.0,574.0,6000
2013-10-22,576.0,576.0,576.0,576.0,9500
2013-10-23,572.0,572.0,568.0,568.0,8000
2013-10-24,570.0,570.0,570.0,570.0,2500
2013-10-25,570.0,574.0,570.0,572.0,3000
2013-10-28,570.0,570.0,568.0,570.0,3000
2013-10-29,570.0,570.0,570.0,570.0,0
2013-10-30,570.0,574.0,570.0,574.0,3000
2013-10-31,574.0,574.0,574.0,574.0,0
2013-11-01,574.0,576.0,568.0,572.0,7000
2013-11-05,576.0,576.0,570.0,574.0,4000
2013-11-06,574.0,574.0,564.0,564.0,13500
2013-11-07,566.0,570.0,562.0,562.0,20000
2013-11-08,564.0,566.0,564.0,564.0,7500
2013-11-11,612.0,620.0,576.0,578.0,125000
2013-11-12,578.0,578.0,572.0,572.0,22000
2013-11-13,576.0,582.0,576.0,576.0,5500
2013-11-14,578.0,578.0,574.0,574.0,14000
2013-11-15,576.0,578.0,572.0,576.0,14000
2013-11-18,580.0,580.0,574.0,576.0,11000
2013-11-19,576.0,580.0,576.0,580.0,2000
2013-11-20,580.0,586.0,580.0,582.0,5000
2013-11-21,582.0,582.0,578.0,580.0,6500
2013-11-22,584.0,588.0,582.0,582.0,6000
2013-11-25,588.0,590.0,584.0,584.0,8000
2013-11-26,588.0,588.0,582.0,582.0,6000
2013-11-27,586.0,586.0,584.0,584.0,7000
2013-11-28,584.0,586.0,580.0,580.0,9000
2013-11-29,584.0,590.0,584.0,584.0,9000
2013-12-02,584.0,594.0,584.0,592.0,14000
2013-12-03,592.0,630.0,588.0,616.0,50000
2013-12-04,600.0,616.0,600.0,614.0,17500
2013-12-05,612.0,614.0,596.0,614.0,23000
2013-12-06,614.0,614.0,604.0,610.0,18500
2013-12-09,618.0,634.0,616.0,632.0,54000
2013-12-10,638.0,638.0,628.0,632.0,20000
2013-12-11,626.0,630.0,618.0,630.0,18000
2013-12-12,628.0,630.0,626.0,630.0,13000
2013-12-13,630.0,646.0,630.0,646.0,61000
2013-12-16,648.0,666.0,642.0,644.0,76000
2013-12-17,644.0,662.0,640.0,648.0,30500
2013-12-18,648.0,648.0,632.0,636.0,21000
2013-12-19,634.0,634.0,620.0,624.0,11000
2013-12-20,614.0,620.0,610.0,610.0,18500
2013-12-24,610.0,610.0,604.0,606.0,10500
2013-12-25,604.0,610.0,604.0,608.0,13000
2013-12-26,618.0,628.0,610.0,610.0,13500
2013-12-27,630.0,654.0,628.0,646.0,39000
2013-12-30,652.0,652.0,622.0,628.0,31500
2014-01-06,630.0,636.0,628.0,634.0,16500
2014-01-07,638.0,640.0,638.0,638.0,6500
2014-01-08,640.0,640.0,638.0,638.0,7500
2014-01-09,636.0,640.0,634.0,636.0,5000
2014-01-10,636.0,662.0,636.0,662.0,38500
2014-01-14,648.0,662.0,642.0,652.0,13000
2014-01-15,652.0,658.0,640.0,642.0,15000
2014-01-16,644.0,648.0,638.0,646.0,18500
2014-01-17,656.0,656.0,648.0,654.0,13500
2014-01-20,654.0,654.0,648.0,648.0,2500
2014-01-21,648.0,656.0,648.0,654.0,7000
2014-01-22,654.0,656.0,648.0,648.0,8000
2014-01-23,648.0,650.0,646.0,650.0,3500
2014-01-24,646.0,646.0,642.0,642.0,4000
2014-01-27,636.0,636.0,626.0,634.0,7000
2014-01-28,636.0,646.0,630.0,646.0,6000
2014-01-29,646.0,660.0,646.0,656.0,15500
2014-01-30,646.0,648.0,644.0,648.0,2000
2014-01-31,658.0,662.0,648.0,650.0,17000
2014-02-03,650.0,650.0,638.0,638.0,4500
2014-02-04,632.0,642.0,624.0,642.0,15500
2014-02-05,648.0,648.0,644.0,646.0,7500
2014-02-06,630.0,640.0,630.0,634.0,7500
2014-02-07,640.0,640.0,632.0,632.0,4000
2014-02-10,642.0,642.0,630.0,636.0,6000
2014-02-12,636.0,636.0,632.0,632.0,2000
2014-02-13,630.0,630.0,628.0,630.0,3000
2014-02-14,622.0,622.0,590.0,592.0,10000
2014-02-17,592.0,600.0,586.0,592.0,12500
2014-02-18,594.0,604.0,594.0,604.0,5500
2014-02-19,600.0,604.0,594.0,596.0,3000
2014-02-20,596.0,598.0,592.0,592.0,8000
2014-02-21,600.0,604.0,594.0,594.0,10500
2014-02-24,600.0,604.0,600.0,604.0,4500
2014-02-25,604.0,618.0,604.0,618.0,4500
2014-02-26,618.0,620.0,612.0,620.0,3500
2014-02-27,630.0,640.0,628.0,628.0,16500
2014-02-28,626.0,626.0,612.0,612.0,4500
2014-03-03,618.0,620.0,610.0,610.0,3000
2014-03-04,606.0,614.0,604.0,614.0,1500
2014-03-05,620.0,620.0,614.0,614.0,2000
2014-03-06,622.0,622.0,614.0,614.0,2500
2014-03-07,614.0,614.0,608.0,608.0,18000
2014-03-10,610.0,620.0,610.0,620.0,2500
2014-03-11,620.0,620.0,616.0,616.0,1500
2014-03-12,618.0,618.0,618.0,618.0,500
2014-03-13,620.0,620.0,618.0,618.0,2500
2014-03-14,616.0,616.0,606.0,616.0,6500
2014-03-17,614.0,614.0,602.0,610.0,5500
2014-03-18,614.0,616.0,612.0,616.0,3500
2014-03-19,606.0,616.0,606.0,608.0,8000
2014-03-20,608.0,608.0,600.0,600.0,6500
2014-03-24,604.0,610.0,604.0,610.0,3000
2014-03-25,610.0,610.0,610.0,610.0,500
2014-03-26,606.0,608.0,594.0,602.0,37500
2014-03-27,582.0,582.0,572.0,576.0,12500
2014-03-28,584.0,584.0,576.0,576.0,2500
2014-03-31,590.0,598.0,586.0,596.0,6000
2014-04-01,598.0,600.0,598.0,600.0,2500
2014-04-02,608.0,608.0,592.0,598.0,4500
2014-04-03,594.0,602.0,594.0,596.0,10500
2014-04-04,596.0,596.0,594.0,594.0,1500
2014-04-07,590.0,590.0,590.0,590.0,6000
2014-04-08,590.0,590.0,590.0,590.0,500
2014-04-09,590.0,592.0,582.0,582.0,5500
2014-04-10,582.0,584.0,582.0,584.0,1000
2014-04-11,580.0,582.0,580.0,582.0,1000
2014-04-14,582.0,602.0,582.0,586.0,7500
2014-04-15,590.0,592.0,590.0,590.0,2000
2014-04-16,590.0,590.0,590.0,590.0,1000
2014-04-17,590.0,590.0,590.0,590.0,500
2014-04-18,590.0,590.0,588.0,588.0,1500
2014-04-21,588.0,588.0,588.0,588.0,0
2014-04-22,602.0,604.0,594.0,600.0,9500
2014-04-23,600.0,600.0,600.0,600.0,0
2014-04-24,594.0,594.0,590.0,590.0,2500
2014-04-25,590.0,590.0,584.0,584.0,5000
2014-04-28,582.0,582.0,582.0,582.0,1000
2014-04-30,582.0,590.0,582.0,588.0,3500
2014-05-01,582.0,582.0,582.0,582.0,5000
2014-05-02,582.0,588.0,582.0,588.0,3000
2014-05-07,584.0,586.0,584.0,584.0,1500
2014-05-08,586.0,586.0,582.0,582.0,4500
2014-05-09,586.0,590.0,582.0,582.0,8000
2014-05-12,586.0,588.0,586.0,588.0,1500
2014-05-13,584.0,588.0,580.0,582.0,8000
2014-05-14,584.0,588.0,584.0,588.0,2500
2014-05-15,590.0,590.0,586.0,588.0,5000
2014-05-16,588.0,588.0,580.0,588.0,6000
2014-05-19,590.0,592.0,586.0,586.0,2000
2014-05-20,586.0,586.0,584.0,584.0,1500
2014-05-21,584.0,584.0,584.0,584.0,0
2014-05-22,582.0,596.0,582.0,586.0,11000
2014-05-23,594.0,594.0,586.0,586.0,4500
2014-05-26,586.0,586.0,586.0,586.0,500
2014-05-27,588.0,592.0,588.0,590.0,8000
2014-05-28,586.0,592.0,586.0,588.0,25000
2014-05-29,588.0,588.0,580.0,580.0,12000
2014-05-30,584.0,584.0,584.0,584.0,3000
2014-06-02,584.0,584.0,584.0,584.0,0
2014-06-03,586.0,586.0,584.0,584.0,2500
2014-06-04,586.0,588.0,586.0,588.0,1500
2014-06-05,594.0,594.0,590.0,594.0,12000
2014-06-06,594.0,596.0,592.0,596.0,13500
2014-06-09,596.0,598.0,596.0,596.0,8000
2014-06-10,596.0,600.0,596.0,598.0,5500
2014-06-11,600.0,602.0,598.0,602.0,3000
2014-06-12,602.0,602.0,600.0,600.0,5000
2014-06-13,596.0,600.0,596.0,600.0,4000
2014-06-16,600.0,600.0,596.0,600.0,3500
2014-06-17,600.0,602.0,600.0,602.0,1000
2014-06-18,602.0,604.0,602.0,602.0,2000
2014-06-19,602.0,604.0,602.0,604.0,6500
2014-06-20,600.0,600.0,598.0,600.0,6500
2014-06-23,602.0,602.0,600.0,602.0,5000
2014-06-24,602.0,604.0,602.0,602.0,4500
2014-06-25,602.0,602.0,600.0,600.0,5500
2014-06-26,606.0,606.0,604.0,606.0,8000
2014-06-27,608.0,610.0,604.0,604.0,10500
2014-06-30,608.0,608.0,604.0,604.0,4000
2014-07-01,610.0,610.0,604.0,604.0,15000
2014-07-02,610.0,610.0,604.0,606.0,4500
2014-07-03,606.0,606.0,600.0,602.0,8000
2014-07-04,604.0,604.0,604.0,604.0,2000
2014-07-07,606.0,606.0,604.0,604.0,3000
2014-07-08,604.0,610.0,604.0,610.0,8500
2014-07-09,610.0,616.0,610.0,612.0,12000
2014-07-10,614.0,614.0,606.0,610.0,13500
2014-07-11,610.0,610.0,606.0,608.0,2000
2014-07-14,614.0,614.0,610.0,610.0,3500
2014-07-15,612.0,612.0,608.0,608.0,6000
2014-07-16,612.0,614.0,612.0,612.0,6000
2014-07-17,606.0,610.0,606.0,606.0,11000
2014-07-18,606.0,606.0,600.0,600.0,13000
2014-07-22,604.0,606.0,604.0,606.0,4500
2014-07-23,602.0,606.0,600.0,600.0,4000
2014-07-24,600.0,604.0,600.0,604.0,3000
2014-07-25,608.0,612.0,600.0,612.0,6500
2014-07-28,604.0,610.0,604.0,610.0,4500
2014-07-29,614.0,614.0,604.0,612.0,11500
2014-07-30,610.0,610.0,610.0,610.0,500
2014-07-31,612.0,612.0,604.0,608.0,9000
2014-08-01,606.0,608.0,598.0,608.0,13500
2014-08-04,604.0,608.0,604.0,608.0,2500
2014-08-05,608.0,626.0,608.0,622.0,23000
2014-08-06,616.0,622.0,610.0,614.0,9500
2014-08-07,616.0,618.0,610.0,610.0,5500
2014-08-08,610.0,616.0,602.0,610.0,22500
2014-08-11,616.0,618.0,606.0,606.0,4000
2014-08-12,608.0,610.0,608.0,610.0,1500
2014-08-13,606.0,606.0,604.0,606.0,3500
2014-08-14,608.0,608.0,608.0,608.0,1000
2014-08-15,608.0,610.0,604.0,610.0,4000
2014-08-18,610.0,612.0,608.0,608.0,4000
2014-08-19,614.0,614.0,608.0,608.0,2500
2014-08-20,608.0,612.0,608.0,610.0,2000
2014-08-21,610.0,612.0,610.0,612.0,1500
2014-08-22,610.0,612.0,610.0,610.0,7000
2014-08-25,604.0,612.0,604.0,612.0,8500
2014-08-26,606.0,610.0,604.0,604.0,4500
2014-08-27,610.0,750.0,610.0,654.0,660000
2014-08-28,666.0,814.0,642.0,814.0,2194000
2014-08-29,744.0,750.0,696.0,700.0,3669000
2014-09-01,796.0,860.0,766.0,860.0,4243000
2014-09-02,890.0,980.0,878.0,900.0,4109000
2014-09-03,932.0,934.0,800.0,836.0,1659000
2014-09-04,840.0,850.0,802.0,822.0,598500
2014-09-05,854.0,900.0,840.0,844.0,1139000
2014-09-08,924.0,938.0,870.0,890.0,1504000
2014-09-09,848.0,870.0,822.0,836.0,575500
2014-09-10,850.0,856.0,824.0,834.0,318000
2014-09-11,838.0,838.0,780.0,792.0,418500
2014-09-12,778.0,778.0,752.0,754.0,258000
2014-09-16,752.0,752.0,724.0,724.0,183500
2014-09-17,720.0,734.0,720.0,728.0,122500
2014-09-18,716.0,722.0,714.0,714.0,90000
2014-09-19,714.0,732.0,714.0,726.0,95000
2014-09-22,720.0,722.0,716.0,716.0,51000
2014-09-24,714.0,720.0,710.0,710.0,88500
2014-09-25,708.0,708.0,690.0,696.0,133500
2014-09-26,690.0,704.0,686.0,696.0,50000
2014-09-29,700.0,714.0,696.0,706.0,60500
2014-09-30,702.0,704.0,694.0,698.0,62500
2014-10-01,694.0,698.0,688.0,688.0,65500
2014-10-02,686.0,698.0,686.0,688.0,65000
2014-10-03,686.0,698.0,686.0,698.0,30500
2014-10-06,702.0,704.0,696.0,696.0,37500
2014-10-07,696.0,696.0,692.0,692.0,13000
2014-10-08,690.0,702.0,690.0,700.0,72500
2014-10-09,692.0,698.0,690.0,692.0,33000
2014-10-10,686.0,692.0,670.0,678.0,82500
2014-10-14,672.0,676.0,664.0,664.0,60000
2014-10-15,680.0,688.0,670.0,672.0,26500
2014-10-16,666.0,678.0,664.0,670.0,44000
2014-10-17,668.0,678.0,668.0,674.0,16500
2014-10-20,688.0,696.0,682.0,696.0,28000
2014-10-21,690.0,694.0,680.0,690.0,25000
2014-10-22,688.0,688.0,670.0,680.0,22000
2014-10-23,680.0,684.0,678.0,678.0,8000
2014-10-24,684.0,686.0,672.0,672.0,15000
2014-10-27,680.0,682.0,670.0,680.0,15000
2014-10-28,686.0,686.0,676.0,684.0,12500
2014-10-29,688.0,714.0,686.0,706.0,43000
2014-10-30,698.0,712.0,694.0,694.0,32000
2014-10-31,700.0,708.0,694.0,702.0,18000
2014-11-04,710.0,714.0,704.0,706.0,37500
2014-11-05,706.0,706.0,702.0,704.0,13500
2014-11-06,708.0,714.0,704.0,712.0,29000
2014-11-07,718.0,746.0,698.0,708.0,165500
2014-11-10,710.0,712.0,702.0,706.0,33000
2014-11-11,710.0,716.0,706.0,710.0,17000
2014-11-12,710.0,712.0,702.0,704.0,18500
2014-11-13,704.0,708.0,700.0,708.0,20500
2014-11-14,708.0,708.0,696.0,702.0,29000
2014-11-17,700.0,700.0,696.0,696.0,11000
2014-11-18,696.0,702.0,696.0,700.0,22500
2014-11-19,700.0,708.0,700.0,704.0,18000
2014-11-20,704.0,706.0,704.0,706.0,4500
2014-11-21,706.0,720.0,702.0,720.0,24500
2014-11-25,720.0,726.0,716.0,722.0,21500
2014-11-26,714.0,724.0,714.0,724.0,11500
2014-11-27,724.0,724.0,718.0,724.0,11000
2014-11-28,724.0,724.0,718.0,724.0,10000
2014-12-01,722.0,728.0,718.0,728.0,28500
2014-12-02,728.0,728.0,720.0,726.0,7500
2014-12-03,724.0,728.0,724.0,726.0,11500
2014-12-04,726.0,728.0,722.0,726.0,9500
2014-12-05,726.0,756.0,724.0,744.0,71500
2014-12-08,754.0,778.0,744.0,770.0,53500
2014-12-09,764.0,766.0,750.0,758.0,35500
2014-12-10,762.0,762.0,748.0,760.0,27500
2014-12-11,750.0,758.0,744.0,756.0,8500
2014-12-12,764.0,770.0,756.0,756.0,13000
2014-12-15,756.0,756.0,744.0,746.0,12500
2014-12-16,740.0,740.0,730.0,730.0,18500
2014-12-17,726.0,732.0,726.0,732.0,10500
2014-12-18,740.0,740.0,730.0,734.0,9000
2014-12-19,738.0,740.0,732.0,732.0,13500
2014-12-22,732.0,738.0,730.0,730.0,24000
2014-12-24,730.0,730.0,722.0,726.0,19000
2014-12-25,726.0,730.0,722.0,724.0,25000
2014-12-26,724.0,734.0,722.0,730.0,12500
2014-12-29,736.0,748.0,736.0,736.0,17000
2014-12-30,742.0,742.0,734.0,734.0,15500
2015-01-05,738.0,744.0,734.0,744.0,17500
2015-01-06,744.0,744.0,736.0,738.0,26000
2015-01-07,738.0,748.0,738.0,738.0,10500
2015-01-08,738.0,740.0,730.0,732.0,20000
2015-01-09,738.0,740.0,726.0,732.0,18000
2015-01-13,732.0,738.0,714.0,722.0,29500
2015-01-14,722.0,726.0,710.0,726.0,34000
2015-01-15,724.0,724.0,720.0,720.0,3000
2015-01-16,720.0,722.0,708.0,722.0,29000
2015-01-19,722.0,724.0,708.0,710.0,28000
2015-01-20,710.0,710.0,702.0,706.0,60000
2015-01-21,708.0,712.0,708.0,712.0,5500
2015-01-22,718.0,726.0,710.0,718.0,12500
2015-01-23,726.0,726.0,718.0,722.0,9500
2015-01-26,722.0,722.0,716.0,720.0,4000
2015-01-27,720.0,724.0,718.0,720.0,6000
2015-01-28,716.0,724.0,716.0,724.0,6000
2015-01-29,726.0,726.0,710.0,714.0,20500
2015-01-30,714.0,718.0,710.0,714.0,8000
2015-02-02,718.0,724.0,716.0,720.0,19500
2015-02-03,720.0,720.0,716.0,718.0,11500
2015-02-04,722.0,746.0,718.0,740.0,40000
2015-02-05,734.0,734.0,726.0,726.0,10000
2015-02-06,730.0,744.0,730.0,736.0,37500
2015-02-09,746.0,794.0,744.0,786.0,208500
2015-02-10,812.0,812.0,790.0,800.0,167500
2015-02-12,808.0,808.0,790.0,794.0,58000
2015-02-13,794.0,794.0,782.0,786.0,36000
2015-02-16,786.0,788.0,780.0,788.0,29500
2015-02-17,788.0,788.0,778.0,778.0,18500
2015-02-18,776.0,794.0,776.0,784.0,27500
2015-02-19,786.0,792.0,786.0,788.0,11500
2015-02-20,786.0,792.0,782.0,792.0,21000
2015-02-23,790.0,800.0,788.0,794.0,19500
2015-02-24,794.0,826.0,794.0,826.0,117000
2015-02-25,830.0,834.0,810.0,822.0,44500
2015-02-26,822.0,822.0,808.0,812.0,31500
2015-02-27,822.0,826.0,812.0,812.0,25000
2015-03-02,802.0,818.0,802.0,816.0,24000
2015-03-03,812.0,816.0,806.0,810.0,16000
2015-03-04,810.0,814.0,804.0,808.0,14000
2015-03-05,806.0,808.0,802.0,802.0,24000
2015-03-06,800.0,806.0,798.0,798.0,29500
2015-03-09,800.0,806.0,800.0,802.0,13000
2015-03-10,804.0,812.0,802.0,810.0,17500
2015-03-11,806.0,824.0,806.0,820.0,27000
2015-03-12,824.0,832.0,820.0,822.0,31000
2015-03-13,828.0,830.0,820.0,830.0,23000
2015-03-16,826.0,836.0,822.0,836.0,29500
2015-03-17,838.0,848.0,838.0,848.0,38500
2015-03-18,848.0,852.0,842.0,848.0,31000
2015-03-19,848.0,856.0,844.0,852.0,25500
2015-03-20,856.0,878.0,856.0,878.0,41000
2015-03-23,898.0,900.0,880.0,894.0,41000
2015-03-24,890.0,890.0,880.0,888.0,24000
2015-03-25,886.0,888.0,878.0,882.0,15000
2015-03-26,882.0,886.0,874.0,880.0,57000
2015-03-27,848.0,868.0,848.0,854.0,32000
2015-03-30,854.0,854.0,830.0,838.0,22000
2015-03-31,838.0,844.0,838.0,842.0,9500
2015-04-01,842.0,844.0,838.0,840.0,8500
2015-04-02,840.0,860.0,840.0,860.0,19000
2015-04-03,860.0,860.0,850.0,858.0,8000
2015-04-06,858.0,860.0,854.0,856.0,7000
2015-04-07,854.0,856.0,848.0,850.0,14000
2015-04-08,846.0,856.0,846.0,850.0,15500
2015-04-09,854.0,854.0,848.0,848.0,3500
2015-04-10,844.0,854.0,844.0,852.0,10000
2015-04-13,852.0,860.0,850.0,856.0,14500
2015-04-14,862.0,894.0,862.0,892.0,71000
2015-04-15,892.0,892.0,884.0,886.0,24500
2015-04-16,890.0,890.0,884.0,890.0,11000
2015-04-17,888.0,898.0,888.0,894.0,28000
2015-04-20,892.0,920.0,892.0,912.0,85500
2015-04-21,914.0,926.0,914.0,926.0,53500
2015-04-22,926.0,928.0,914.0,922.0,62000
2015-04-23,928.0,934.0,922.0,928.0,37500
2015-04-24,926.0,934.0,924.0,928.0,28000
2015-04-27,934.0,934.0,926.0,930.0,23500
2015-04-28,930.0,930.0,924.0,924.0,18500
2015-04-30,924.0,924.0,912.0,916.0,25000
2015-05-01,912.0,916.0,906.0,912.0,23500
2015-05-07,920.0,928.0,912.0,918.0,29000
2015-05-08,924.0,926.0,920.0,926.0,17500
2015-05-11,930.0,970.0,914.0,948.0,123000
2015-05-12,960.0,978.0,958.0,976.0,121500
2015-05-13,976.0,986.0,972.0,980.0,94500
2015-05-14,982.0,994.0,980.0,994.0,72000
2015-05-15,994.0,1046.0,994.0,1046.0,177500
2015-05-18,1086.0,1142.0,1072.0,1114.0,228000
2015-05-19,1128.0,1154.0,1128.0,1144.0,137500
2015-05-20,1150.0,1178.0,1104.0,1172.0,174500
2015-05-21,1190.0,1250.0,1178.0,1248.0,216500
2015-05-22,1228.0,1240.0,1188.0,1206.0,230000
2015-05-25,1202.0,1258.0,1176.0,1250.0,232500
2015-05-26,1266.0,1316.0,1258.0,1316.0,283000
2015-05-27,1296.0,1314.0,1282.0,1314.0,143500
2015-05-28,1316.0,1340.0,1272.0,1286.0,170000
2015-05-29,1268.0,1274.0,1230.0,1268.0,155000
2015-06-01,1288.0,1312.0,1272.0,1304.0,139500
2015-06-02,1344.0,1384.0,1338.0,1384.0,214000
2015-06-03,1380.0,1380.0,1342.0,1374.0,129500
2015-06-04,1366.0,1374.0,1332.0,1340.0,87000
2015-06-05,1360.0,1412.0,1360.0,1412.0,306500
2015-06-08,1428.0,1576.0,1428.0,1478.0,700000
2015-06-09,1448.0,1474.0,1430.0,1460.0,208500
2015-06-10,1436.0,1464.0,1426.0,1428.0,130500
2015-06-11,1440.0,1468.0,1440.0,1442.0,83000
2015-06-12,1464.0,1500.0,1454.0,1500.0,182000
2015-06-15,1530.0,1576.0,1516.0,1556.0,250500
2015-06-16,1578.0,1608.0,1510.0,1572.0,350500
2015-06-17,1586.0,1586.0,1536.0,1542.0,134000
2015-06-18,1532.0,1534.0,1420.0,1458.0,288000
2015-06-19,1452.0,1508.0,1452.0,1466.0,107000
2015-06-22,1452.0,1486.0,1452.0,1470.0,74000
2015-06-23,1492.0,1496.0,1442.0,1450.0,93000
2015-06-24,1440.0,1440.0,1422.0,1430.0,111000
2015-06-25,1404.0,1404.0,1326.0,1342.0,293500
2015-06-26,1330.0,1374.0,1322.0,1352.0,93500
2015-06-29,1304.0,1338.0,1300.0,1326.0,99000
2015-06-30,1308.0,1338.0,1306.0,1310.0,76000
2015-07-01,1324.0,1346.0,1312.0,1334.0,64000
2015-07-02,1354.0,1376.0,1342.0,1360.0,86000
2015-07-03,1370.0,1370.0,1346.0,1346.0,101500
2015-07-06,1340.0,1340.0,1316.0,1318.0,76000
2015-07-07,1320.0,1338.0,1320.0,1338.0,39000
2015-07-08,1342.0,1350.0,1262.0,1268.0,101500
2015-07-09,1188.0,1240.0,1110.0,1236.0,151500
2015-07-10,1228.0,1284.0,1224.0,1250.0,49500
2015-07-13,1278.0,1324.0,1262.0,1312.0,71000
2015-07-14,1332.0,1370.0,1332.0,1356.0,90000
2015-07-15,1362.0,1362.0,1336.0,1340.0,43000
2015-07-16,1350.0,1350.0,1334.0,1340.0,24000
2015-07-17,1342.0,1348.0,1336.0,1346.0,26500
2015-07-21,1356.0,1356.0,1344.0,1344.0,45500
2015-07-22,1346.0,1346.0,1326.0,1330.0,40500
2015-07-23,1346.0,1346.0,1324.0,1324.0,17500
2015-07-24,1330.0,1340.0,1322.0,1336.0,32000
2015-07-27,1326.0,1328.0,1278.0,1286.0,25500
2015-07-28,1278.0,1298.0,1228.0,1282.0,43500
2015-07-29,1282.0,1298.0,1282.0,1284.0,17000
2015-07-30,1292.0,1308.0,1280.0,1296.0,31000
2015-07-31,1306.0,1320.0,1290.0,1304.0,29000
2015-08-03,1336.0,1338.0,1308.0,1330.0,58500
2015-08-04,1330.0,1336.0,1324.0,1332.0,40500
2015-08-05,1338.0,1338.0,1316.0,1316.0,27000
2015-08-06,1328.0,1328.0,1300.0,1308.0,34000
2015-08-07,1308.0,1356.0,1308.0,1330.0,100000
2015-08-10,1350.0,1354.0,1302.0,1308.0,75500
2015-08-11,1320.0,1328.0,1284.0,1284.0,71500
2015-08-12,1276.0,1276.0,1210.0,1230.0,88500
2015-08-13,1210.0,1244.0,1188.0,1200.0,78500
2015-08-14,1200.0,1200.0,1180.0,1184.0,48000
2015-08-17,1180.0,1180.0,1104.0,1116.0,135000
2015-08-18,1104.0,1104.0,1030.0,1086.0,189000
2015-08-19,1086.0,1094.0,1056.0,1072.0,59500
2015-08-20,1060.0,1084.0,1054.0,1070.0,96500
2015-08-21,1052.0,1052.0,1032.0,1034.0,47500
2015-08-24,980.0,1004.0,922.0,950.0,105000
2015-08-25,842.0,1034.0,824.0,908.0,124500
2015-08-26,910.0,1004.0,910.0,978.0,46500
2015-08-27,994.0,1000.0,950.0,972.0,41500
2015-08-28,968.0,990.0,956.0,968.0,42500
2015-08-31,1010.0,1024.0,980.0,1000.0,65000
2015-09-01,988.0,994.0,972.0,972.0,34000
2015-09-02,960.0,988.0,946.0,966.0,20000
2015-09-03,972.0,976.0,948.0,948.0,17500
2015-09-04,958.0,966.0,938.0,944.0,29500
2015-09-07,930.0,932.0,910.0,910.0,34000
2015-09-08,904.0,912.0,878.0,882.0,27500
2015-09-09,892.0,938.0,892.0,902.0,34000
2015-09-10,902.0,918.0,902.0,902.0,14000
2015-09-11,906.0,940.0,884.0,934.0,24000
2015-09-14,938.0,940.0,916.0,916.0,15500
2015-09-15,932.0,932.0,912.0,916.0,13500
2015-09-16,926.0,926.0,908.0,912.0,6000
2015-09-17,916.0,916.0,902.0,906.0,8500
2015-09-18,906.0,906.0,890.0,898.0,17500
2015-09-24,884.0,884.0,878.0,880.0,18500
2015-09-25,872.0,920.0,872.0,896.0,28000
2015-09-28,896.0,896.0,886.0,890.0,9500
2015-09-29,876.0,878.0,868.0,870.0,15500
2015-09-30,870.0,876.0,868.0,872.0,11000
2015-10-01,880.0,886.0,874.0,874.0,9000
2015-10-02,870.0,870.0,862.0,864.0,10000
2015-10-05,872.0,878.0,864.0,870.0,16500
2015-10-06,902.0,918.0,872.0,880.0,37000
2015-10-07,880.0,882.0,874.0,882.0,10500
2015-10-08,878.0,878.0,874.0,876.0,7500
2015-10-09,878.0,878.0,866.0,868.0,13500
2015-10-13,874.0,874.0,864.0,864.0,12500
2015-10-14,864.0,868.0,862.0,866.0,14500
2015-10-15,868.0,876.0,860.0,876.0,28000
2015-10-16,866.0,874.0,866.0,872.0,7500
2015-10-19,876.0,876.0,862.0,866.0,11500
2015-10-20,864.0,864.0,850.0,852.0,22500
2015-10-21,846.0,850.0,844.0,850.0,26000
2015-10-22,856.0,856.0,842.0,850.0,13000
2015-10-23,866.0,866.0,852.0,852.0,13000
2015-10-26,856.0,868.0,848.0,850.0,30000
2015-10-27,858.0,858.0,850.0,850.0,10500
2015-10-28,866.0,866.0,848.0,856.0,20500
2015-10-29,856.0,856.0,848.0,850.0,12500
2015-10-30,854.0,858.0,850.0,858.0,18000
2015-11-02,866.0,870.0,862.0,870.0,13000
2015-11-04,870.0,908.0,870.0,900.0,37000
2015-11-05,894.0,932.0,894.0,930.0,46000
2015-11-06,960.0,1008.0,960.0,1004.0,96500
2015-11-09,1028.0,1066.0,960.0,960.0,163500
2015-11-10,944.0,1028.0,942.0,972.0,78000
2015-11-11,982.0,1022.0,982.0,1010.0,75500
2015-11-12,1002.0,1016.0,984.0,986.0,46000
2015-11-13,972.0,982.0,972.0,978.0,17500
2015-11-16,978.0,978.0,954.0,968.0,22000
2015-11-17,970.0,992.0,968.0,968.0,13000
2015-11-18,970.0,976.0,966.0,968.0,16000
2015-11-19,968.0,968.0,956.0,958.0,23500
2015-11-20,958.0,962.0,958.0,962.0,9000
2015-11-24,964.0,964.0,960.0,960.0,11000
2015-11-25,964.0,964.0,960.0,964.0,8000
2015-11-26,964.0,976.0,960.0,960.0,26500
2015-11-27,962.0,962.0,960.0,962.0,11500
2015-11-30,962.0,972.0,962.0,964.0,13500
2015-12-01,968.0,968.0,960.0,960.0,31000
2015-12-02,964.0,968.0,960.0,964.0,17500
2015-12-03,966.0,968.0,962.0,964.0,16500
2015-12-04,964.0,986.0,964.0,982.0,35000
2015-12-07,978.0,980.0,962.0,972.0,33000
2015-12-08,974.0,976.0,970.0,972.0,13500
2015-12-09,974.0,978.0,970.0,974.0,16500
2015-12-10,968.0,980.0,968.0,974.0,20000
2015-12-11,976.0,988.0,976.0,980.0,22000
2015-12-14,980.0,1002.0,972.0,992.0,42000
2015-12-15,988.0,990.0,982.0,986.0,30500
2015-12-16,990.0,1018.0,990.0,1018.0,53500
2015-12-17,1020.0,1036.0,1006.0,1006.0,50000
2015-12-18,1000.0,1006.0,992.0,1000.0,34000
2015-12-21,996.0,996.0,962.0,970.0,26500
2015-12-22,980.0,980.0,972.0,978.0,19500
2015-12-24,980.0,986.0,972.0,972.0,32000
2015-12-25,972.0,972.0,972.0,972.0,0
2015-12-28,972.0,1004.0,972.0,994.0,16000
2015-12-29,994.0,1000.0,974.0,992.0,19000
2015-12-30,992.0,998.0,984.0,998.0,10000
2016-01-04,1004.0,1040.0,1004.0,1006.0,36500
2016-01-05,1010.0,1020.0,1002.0,1018.0,22000
2016-01-06,1016.0,1020.0,1006.0,1008.0,16000
2016-01-07,1006.0,1016.0,998.0,1000.0,22500
2016-01-08,996.0,1004.0,990.0,1000.0,23000
2016-01-12,996.0,996.0,970.0,970.0,36000
2016-01-13,970.0,986.0,968.0,986.0,14500
2016-01-14,986.0,986.0,974.0,980.0,19000
2016-01-15,980.0,988.0,980.0,982.0,8500
2016-01-18,978.0,978.0,962.0,978.0,19000
2016-01-19,978.0,990.0,978.0,984.0,13000
2016-01-20,984.0,984.0,966.0,972.0,15000
2016-01-21,970.0,980.0,966.0,966.0,16000
2016-01-22,978.0,980.0,968.0,980.0,24500
2016-01-25,986.0,1028.0,986.0,1028.0,32000
2016-01-26,1022.0,1104.0,1018.0,1084.0,80000
2016-01-27,1098.0,1164.0,1082.0,1100.0,125000
2016-01-28,1100.0,1118.0,1082.0,1118.0,43500
2016-01-29,1158.0,1268.0,1158.0,1256.0,302000
2016-02-01,1296.0,1314.0,1210.0,1272.0,208500
2016-02-02,1360.0,1410.0,1282.0,1312.0,601000
2016-02-03,1318.0,1366.0,1302.0,1350.0,321500
2016-02-04,1354.0,1354.0,1184.0,1192.0,346500
2016-02-05,1142.0,1190.0,1120.0,1190.0,149500
2016-02-08,1180.0,1256.0,1162.0,1226.0,232500
2016-02-09,1204.0,1234.0,1184.0,1210.0,93500
2016-02-10,1198.0,1226.0,1170.0,1200.0,83500
2016-02-12,1164.0,1180.0,1120.0,1146.0,124500
2016-02-15,1176.0,1230.0,1168.0,1216.0,72000
2016-02-16,1190.0,1238.0,1190.0,1232.0,55500
2016-02-17,1238.0,1240.0,1216.0,1226.0,46000
2016-02-18,1238.0,1238.0,1214.0,1214.0,30500
2016-02-19,1204.0,1218.0,1184.0,1190.0,55500
2016-02-22,1174.0,1198.0,1174.0,1198.0,48000
2016-02-23,1190.0,1192.0,1172.0,1192.0,33500
2016-02-24,1176.0,1200.0,1174.0,1188.0,18000
2016-02-25,1188.0,1234.0,1188.0,1234.0,34000
2016-02-26,1288.0,1290.0,1224.0,1226.0,144000
2016-02-29,1226.0,1234.0,1208.0,1226.0,31000
2016-03-01,1238.0,1238.0,1220.0,1234.0,24000
2016-03-02,1240.0,1248.0,1234.0,1236.0,20500
2016-03-03,1234.0,1254.0,1222.0,1252.0,35000
2016-03-04,1258.0,1258.0,1234.0,1240.0,30000
2016-03-07,1240.0,1240.0,1222.0,1228.0,28000
2016-03-08,1226.0,1240.0,1226.0,1240.0,16000
2016-03-09,1244.0,1244.0,1234.0,1236.0,15000
2016-03-10,1250.0,1294.0,1250.0,1274.0,70500
2016-03-11,1272.0,1316.0,1268.0,1300.0,143000
2016-03-14,1304.0,1310.0,1284.0,1296.0,47500
2016-03-15,1298.0,1300.0,1294.0,1296.0,15500
2016-03-16,1296.0,1354.0,1294.0,1354.0,66000
2016-03-17,1354.0,1366.0,1340.0,1346.0,47000
2016-03-18,1360.0,1360.0,1342.0,1344.0,18500
2016-03-22,1356.0,1360.0,1336.0,1360.0,27000
2016-03-23,1364.0,1376.0,1356.0,1360.0,32000
2016-03-24,1350.0,1366.0,1350.0,1366.0,15500
2016-03-25,1366.0,1366.0,1344.0,1360.0,24500
2016-03-28,1366.0,1366.0,1336.0,1344.0,50000
2016-03-29,1340.0,1360.0,1340.0,1342.0,27500
2016-03-30,1342.0,1342.0,1328.0,1332.0,11500
2016-03-31,1328.0,1328.0,1310.0,1326.0,22500
2016-04-01,1324.0,1324.0,1254.0,1258.0,46500
2016-04-04,1250.0,1252.0,1210.0,1242.0,37500
2016-04-05,1242.0,1242.0,1202.0,1202.0,32000
2016-04-06,1202.0,1220.0,1188.0,1192.0,20500
2016-04-07,1192.0,1224.0,1190.0,1218.0,15500
2016-04-08,1218.0,1244.0,1196.0,1244.0,16000
2016-04-11,1232.0,1270.0,1230.0,1270.0,14000
2016-04-12,1272.0,1294.0,1272.0,1278.0,20000
2016-04-13,1294.0,1296.0,1276.0,1282.0,15000
2016-04-14,1330.0,1360.0,1314.0,1338.0,108500
2016-04-15,1318.0,1336.0,1316.0,1322.0,20000
2016-04-18,1282.0,1308.0,1272.0,1292.0,32000
2016-04-19,1316.0,1336.0,1308.0,1334.0,21000
2016-04-20,1344.0,1350.0,1334.0,1340.0,30500
2016-04-21,1346.0,1346.0,1316.0,1324.0,22000
2016-04-22,1320.0,1338.0,1316.0,1320.0,23000
2016-04-25,1340.0,1342.0,1316.0,1334.0,27000
2016-04-26,1340.0,1340.0,1324.0,1336.0,18000
2016-04-27,1336.0,1336.0,1326.0,1330.0,8500
2016-04-28,1330.0,1340.0,1322.0,1326.0,21000
2016-05-02,1326.0,1342.0,1312.0,1340.0,35500
2016-05-06,1340.0,1378.0,1340.0,1378.0,88500
2016-05-09,1380.0,1388.0,1374.0,1380.0,46500
2016-05-10,1382.0,1402.0,1366.0,1380.0,77500
2016-05-11,1388.0,1410.0,1376.0,1398.0,90000
2016-05-12,1386.0,1420.0,1384.0,1410.0,85500
2016-05-13,1420.0,1466.0,1408.0,1466.0,114000
2016-05-16,1474.0,1480.0,1422.0,1444.0,80500
2016-05-17,1438.0,1484.0,1434.0,1480.0,72500
2016-05-18,1490.0,1528.0,1478.0,1508.0,168500
2016-05-19,1522.0,1588.0,1522.0,1576.0,188000
2016-05-20,1590.0,1650.0,1574.0,1642.0,213500
2016-05-23,1664.0,1690.0,1646.0,1664.0,186000
2016-05-24,1660.0,1662.0,1586.0,1586.0,169500
2016-05-25,1586.0,1596.0,1416.0,1448.0,345500
2016-05-26,1446.0,1504.0,1386.0,1500.0,212000
2016-05-27,1500.0,1522.0,1474.0,1476.0,63500
2016-05-30,1494.0,1496.0,1476.0,1494.0,40000
2016-05-31,1490.0,1498.0,1490.0,1498.0,30500
2016-06-01,1490.0,1528.0,1480.0,1510.0,61000
2016-06-02,1502.0,1534.0,1484.0,1498.0,75000
2016-06-03,1498.0,1516.0,1488.0,1516.0,50000
2016-06-06,1494.0,1560.0,1478.0,1536.0,85500
2016-06-07,1546.0,1558.0,1520.0,1520.0,38500
2016-06-08,1524.0,1524.0,1426.0,1440.0,163000
2016-06-09,1446.0,1454.0,1384.0,1406.0,101000
2016-06-10,1412.0,1428.0,1396.0,1396.0,37500
2016-06-13,1366.0,1374.0,1332.0,1336.0,82500
2016-06-14,1310.0,1328.0,1246.0,1268.0,113500
2016-06-15,1260.0,1330.0,1260.0,1310.0,52500
2016-06-16,1298.0,1298.0,1248.0,1256.0,53500
2016-06-17,1258.0,1294.0,1258.0,1270.0,34000
2016-06-20,1296.0,1314.0,1280.0,1282.0,41000
2016-06-21,1302.0,1314.0,1286.0,1308.0,43000
2016-06-22,1300.0,1300.0,1280.0,1288.0,30000
2016-06-23,1286.0,1300.0,1284.0,1294.0,17500
2016-06-24,1288.0,1300.0,1214.0,1258.0,98000
2016-06-27,1256.0,1290.0,1256.0,1278.0,34000
2016-06-28,1260.0,1288.0,1260.0,1278.0,21000
2016-06-29,1280.0,1298.0,1280.0,1288.0,24000
2016-06-30,1292.0,1308.0,1292.0,1298.0,27500
2016-07-01,1308.0,1350.0,1302.0,1350.0,80000
2016-07-04,1360.0,1388.0,1354.0,1384.0,59500
2016-07-05,1390.0,1400.0,1364.0,1392.0,66000
2016-07-06,1372.0,1374.0,1316.0,1348.0,57000
2016-07-07,1356.0,1356.0,1302.0,1302.0,44000
2016-07-08,1296.0,1312.0,1256.0,1262.0,43500
2016-07-11,1262.0,1262.0,1262.0,1262.0,0
2016-07-12,1300.0,1306.0,1290.0,1300.0,33500
2016-07-13,1312.0,1324.0,1298.0,1298.0,43000
2016-07-14,1302.0,1308.0,1272.0,1288.0,22000
2016-07-15,1284.0,1284.0,1236.0,1250.0,56000
2016-07-19,1250.0,1260.0,1248.0,1250.0,36000
2016-07-20,1250.0,1262.0,1232.0,1262.0,45000
2016-07-21,1262.0,1290.0,1262.0,1276.0,58000
2016-07-22,1270.0,1272.0,1260.0,1260.0,30000
2016-07-25,1356.0,1372.0,1300.0,1310.0,283000
2016-07-26,1310.0,1368.0,1276.0,1342.0,153000
2016-07-27,1342.0,1342.0,1310.0,1330.0,64500
2016-07-28,1332.0,1332.0,1280.0,1280.0,52000
2016-07-29,1280.0,1296.0,1250.0,1294.0,50000
2016-08-01,1292.0,1298.0,1278.0,1288.0,20500
2016-08-02,1304.0,1320.0,1292.0,1318.0,52500
2016-08-03,1306.0,1324.0,1290.0,1290.0,49500
2016-08-04,1290.0,1302.0,1282.0,1282.0,23000
2016-08-05,1284.0,1298.0,1248.0,1250.0,73000
2016-08-08,1250.0,1288.0,1238.0,1288.0,61000
2016-08-09,1288.0,1290.0,1272.0,1288.0,33500
2016-08-10,1286.0,1292.0,1272.0,1288.0,22500
2016-08-12,1280.0,1282.0,1272.0,1280.0,22000
2016-08-15,1278.0,1278.0,1250.0,1266.0,46500
2016-08-16,1266.0,1266.0,1238.0,1252.0,38000
2016-08-17,1254.0,1258.0,1248.0,1256.0,16000
2016-08-18,1256.0,1256.0,1238.0,1244.0,20500
2016-08-19,1244.0,1248.0,1240.0,1246.0,9000
2016-08-22,1238.0,1238.0,1202.0,1202.0,29000
2016-08-23,1200.0,1222.0,1122.0,1134.0,77500
2016-08-24,1148.0,1154.0,1132.0,1132.0,32500
2016-08-25,1152.0,1160.0,1144.0,1154.0,31500
2016-08-26,1160.0,1170.0,1154.0,1156.0,18000
2016-08-29,1164.0,1184.0,1164.0,1172.0,27500
2016-08-30,1186.0,1212.0,1186.0,1208.0,42000
2016-08-31,1226.0,1236.0,1216.0,1230.0,38500
2016-09-01,1242.0,1242.0,1214.0,1214.0,26500
2016-09-02,1240.0,1270.0,1232.0,1268.0,80000
2016-09-05,1268.0,1270.0,1232.0,1262.0,41500
2016-09-06,1270.0,1290.0,1264.0,1290.0,44500
2016-09-07,1270.0,1280.0,1246.0,1246.0,33000
2016-09-08,1246.0,1250.0,1210.0,1246.0,40000
2016-09-09,1242.0,1242.0,1224.0,1240.0,21500
2016-09-12,1230.0,1272.0,1214.0,1224.0,70500
2016-09-13,1240.0,1240.0,1212.0,1218.0,23500
2016-09-14,1226.0,1226.0,1200.0,1218.0,28500
2016-09-15,1218.0,1230.0,1212.0,1230.0,17000
2016-09-16,1240.0,1242.0,1232.0,1242.0,11000
2016-09-20,1248.0,1248.0,1230.0,1230.0,9000
2016-09-21,1230.0,1242.0,1222.0,1228.0,10500
2016-09-23,1240.0,1246.0,1228.0,1240.0,19000
2016-09-26,1242.0,1248.0,1240.0,1240.0,16000
2016-09-27,1240.0,1260.0,1240.0,1250.0,21000
2016-09-28,1244.0,1270.0,1244.0,1266.0,29500
2016-09-29,1278.0,1278.0,1260.0,1264.0,15500
2016-09-30,1264.0,1302.0,1264.0,1294.0,76500
2016-10-03,1300.0,1310.0,1296.0,1310.0,28000
2016-10-04,1310.0,1330.0,1302.0,1330.0,69500
2016-10-05,1330.0,1330.0,1302.0,1306.0,22500
2016-10-06,1300.0,1300.0,1282.0,1284.0,21000
2016-10-07,1282.0,1290.0,1282.0,1290.0,9500
2016-10-11,1300.0,1302.0,1296.0,1302.0,9500
2016-10-12,1304.0,1304.0,1286.0,1296.0,13500
2016-10-13,1292.0,1302.0,1292.0,1296.0,14000
2016-10-14,1304.0,1360.0,1304.0,1344.0,108500
2016-10-17,1340.0,1356.0,1330.0,1342.0,33000
2016-10-18,1340.0,1344.0,1318.0,1326.0,32000
2016-10-19,1328.0,1370.0,1324.0,1364.0,46500
2016-10-20,1362.0,1362.0,1342.0,1346.0,31000
2016-10-21,1350.0,1364.0,1326.0,1330.0,33000
2016-10-24,1332.0,1372.0,1332.0,1354.0,32500
2016-10-25,1356.0,1368.0,1340.0,1348.0,30500
2016-10-26,1354.0,1364.0,1348.0,1350.0,40500
2016-10-27,1356.0,1358.0,1344.0,1358.0,9000
2016-10-28,1360.0,1360.0,1340.0,1346.0,12000
2016-10-31,1352.0,1352.0,1322.0,1332.0,27000
2016-11-01,1358.0,1398.0,1348.0,1396.0,159000
2016-11-02,1390.0,1396.0,1370.0,1382.0,75500
2016-11-04,1388.0,1388.0,1348.0,1360.0,53000
2016-11-07,1360.0,1362.0,1332.0,1340.0,35500
2016-11-08,1358.0,1358.0,1322.0,1322.0,29500
2016-11-09,1336.0,1344.0,1260.0,1260.0,69000
2016-11-10,1336.0,1336.0,1290.0,1298.0,37000
2016-11-11,1318.0,1318.0,1284.0,1304.0,16000
2016-11-14,1324.0,1328.0,1312.0,1324.0,14000
2016-11-15,1316.0,1324.0,1308.0,1310.0,8000
2016-11-16,1316.0,1322.0,1310.0,1310.0,21500
2016-11-17,1320.0,1328.0,1320.0,1326.0,26500
2016-11-18,1330.0,1340.0,1324.0,1328.0,17500
2016-11-21,1338.0,1346.0,1334.0,1340.0,8000
2016-11-22,1340.0,1342.0,1338.0,1338.0,10500
2016-11-24,1346.0,1346.0,1336.0,1336.0,17500
2016-11-25,1332.0,1334.0,1322.0,1330.0,25500
2016-11-28,1326.0,1336.0,1322.0,1330.0,17500
2016-11-29,1330.0,1340.0,1322.0,1330.0,16000
2016-11-30,1330.0,1338.0,1328.0,1330.0,20500
2016-12-01,1340.0,1342.0,1320.0,1320.0,36000
2016-12-02,1330.0,1330.0,1318.0,1318.0,20000
2016-12-05,1326.0,1330.0,1316.0,1322.0,16000
2016-12-06,1330.0,1334.0,1326.0,1334.0,26500
2016-12-07,1344.0,1364.0,1342.0,1352.0,25000
2016-12-08,1358.0,1362.0,1350.0,1360.0,11000
2016-12-09,1362.0,1362.0,1330.0,1330.0,51500
2016-12-12,1344.0,1344.0,1324.0,1324.0,22000
2016-12-13,1330.0,1346.0,1330.0,1346.0,12500
2016-12-14,1344.0,1350.0,1328.0,1332.0,14500
2016-12-15,1340.0,1340.0,1332.0,1336.0,12000
2016-12-16,1348.0,1360.0,1336.0,1360.0,24500
2016-12-19,1360.0,1366.0,1356.0,1360.0,17000
2016-12-20,1360.0,1370.0,1358.0,1370.0,13500
2016-12-21,1368.0,1376.0,1364.0,1364.0,10000
2016-12-22,1364.0,1368.0,1356.0,1368.0,16000
2016-12-26,1360.0,1372.0,1360.0,1360.0,14000
2016-12-27,1360.0,1416.0,1360.0,1410.0,31000
2016-12-28,1410.0,1482.0,1398.0,1442.0,63500
2016-12-29,1444.0,1444.0,1422.0,1422.0,18500
2016-12-30,1420.0,1428.0,1400.0,1428.0,26500
2017-01-04,1454.0,1454.0,1438.0,1446.0,20500
2017-01-05,1452.0,1454.0,1440.0,1454.0,16500
2017-01-06,1452.0,1480.0,1442.0,1478.0,57000
2017-01-10,1478.0,1500.0,1472.0,1484.0,58000
2017-01-11,1496.0,1498.0,1480.0,1498.0,22500
2017-01-12,1494.0,1496.0,1480.0,1490.0,27500
2017-01-13,1484.0,1488.0,1482.0,1486.0,14000
2017-01-16,1490.0,1520.0,1482.0,1520.0,44500
2017-01-17,1522.0,1526.0,1500.0,1506.0,35000
2017-01-18,1506.0,1552.0,1500.0,1552.0,37000
2017-01-19,1554.0,1592.0,1552.0,1584.0,42500
2017-01-20,1592.0,1592.0,1564.0,1586.0,20500
2017-01-23,1588.0,1594.0,1558.0,1586.0,26000
2017-01-24,1586.0,1586.0,1572.0,1574.0,11000
2017-01-25,1576.0,1586.0,1562.0,1562.0,15500
2017-01-26,1562.0,1568.0,1550.0,1554.0,17000
2017-01-27,1554.0,1554.0,1522.0,1522.0,24500
2017-01-30,1532.0,1544.0,1532.0,1538.0,11000
2017-01-31,1522.0,1530.0,1490.0,1496.0,23500
2017-02-01,1496.0,1510.0,1482.0,1492.0,13000
2017-02-02,1500.0,1500.0,1480.0,1488.0,15500
2017-02-03,1490.0,1526.0,1490.0,1526.0,16500
2017-02-06,1528.0,1562.0,1520.0,1560.0,41500
2017-02-07,1560.0,1560.0,1546.0,1558.0,11000
2017-02-08,1544.0,1614.0,1544.0,1584.0,80500
2017-02-09,1596.0,1608.0,1570.0,1594.0,35500
2017-02-10,1590.0,1590.0,1576.0,1576.0,19500
2017-02-13,1586.0,1592.0,1572.0,1576.0,14500
2017-02-14,1586.0,1586.0,1570.0,1572.0,7500
2017-02-15,1572.0,1580.0,1562.0,1562.0,5500
2017-02-16,1568.0,1568.0,1548.0,1548.0,5500
2017-02-17,1548.0,1548.0,1526.0,1544.0,6500
2017-02-20,1544.0,1544.0,1524.0,1530.0,8500
2017-02-21,1530.0,1570.0,1530.0,1562.0,14500
2017-02-22,1556.0,1560.0,1548.0,1554.0,5000
2017-02-23,1556.0,1572.0,1556.0,1560.0,5500
2017-02-24,1560.0,1560.0,1548.0,1554.0,6000
2017-02-27,1550.0,1578.0,1542.0,1566.0,11000
2017-02-28,1578.0,1596.0,1570.0,1596.0,38000
2017-03-01,1596.0,1618.0,1586.0,1606.0,32500
2017-03-02,1636.0,1636.0,1616.0,1628.0,39500
2017-03-03,1624.0,1624.0,1610.0,1614.0,19500
2017-03-06,1620.0,1690.0,1620.0,1690.0,95500
2017-03-07,1690.0,1692.0,1674.0,1692.0,32000
2017-03-08,1690.0,1730.0,1684.0,1710.0,60500
2017-03-09,1706.0,1710.0,1670.0,1674.0,19000
2017-03-10,1674.0,1682.0,1658.0,1660.0,24500
2017-03-13,1660.0,1666.0,1612.0,1612.0,29500
2017-03-14,1600.0,1640.0,1600.0,1632.0,35500
2017-03-15,1634.0,1634.0,1616.0,1616.0,23500
2017-03-16,1620.0,1640.0,1620.0,1636.0,10000
2017-03-17,1642.0,1648.0,1626.0,1644.0,20500
2017-03-21,1664.0,1724.0,1664.0,1716.0,45000
2017-03-22,1692.0,1712.0,1692.0,1708.0,17500
2017-03-23,1720.0,1754.0,1694.0,1694.0,43000
2017-03-24,1692.0,1702.0,1676.0,1684.0,23500
2017-03-27,1684.0,1694.0,1664.0,1664.0,15500
2017-03-28,1672.0,1686.0,1660.0,1662.0,32500
2017-03-29,1670.0,1678.0,1648.0,1672.0,19500
2017-03-30,1676.0,1714.0,1676.0,1700.0,39000
2017-03-31,1706.0,1736.0,1706.0,1726.0,44500
2017-04-03,1726.0,1726.0,1692.0,1692.0,25500
2017-04-04,1676.0,1684.0,1616.0,1626.0,48000
2017-04-05,1620.0,1636.0,1614.0,1618.0,39000
2017-04-06,1608.0,1628.0,1570.0,1572.0,44000
2017-04-07,1572.0,1602.0,1562.0,1576.0,24000
2017-04-10,1586.0,1588.0,1576.0,1576.0,9500
2017-04-11,1574.0,1574.0,1508.0,1510.0,47500
2017-04-12,1510.0,1510.0,1442.0,1452.0,58000
2017-04-13,1440.0,1460.0,1408.0,1442.0,52500
2017-04-14,1426.0,1482.0,1426.0,1476.0,33000
2017-04-17,1464.0,1502.0,1464.0,1470.0,21000
2017-04-18,1504.0,1528.0,1464.0,1502.0,85000
2017-04-19,1494.0,1520.0,1484.0,1500.0,11500
2017-04-20,1516.0,1550.0,1500.0,1532.0,22500
2017-04-21,1540.0,1568.0,1540.0,1568.0,25500
2017-04-24,1588.0,1612.0,1576.0,1576.0,26500
2017-04-25,1598.0,1608.0,1584.0,1596.0,22500
2017-04-26,1606.0,1606.0,1552.0,1558.0,36000
2017-04-27,1546.0,1566.0,1536.0,1562.0,25500
2017-04-28,1562.0,1562.0,1510.0,1534.0,43000
2017-05-01,1538.0,1604.0,1538.0,1596.0,36000
2017-05-02,1686.0,1690.0,1632.0,1670.0,168500
2017-05-08,1656.0,1672.0,1630.0,1644.0,95000
2017-05-09,1652.0,1672.0,1612.0,1614.0,92500
2017-05-10,1622.0,1660.0,1622.0,1656.0,57500
2017-05-11,1658.0,1660.0,1628.0,1628.0,50500
2017-05-12,1632.0,1646.0,1610.0,1616.0,69500
2017-05-15,1608.0,1624.0,1582.0,1624.0,45500
2017-05-16,1610.0,1610.0,1586.0,1608.0,38000
2017-05-17,1604.0,1604.0,1590.0,1602.0,18500
2017-05-18,1592.0,1594.0,1540.0,1594.0,84500
2017-05-19,1594.0,1602.0,1582.0,1586.0,12500
2017-05-22,1586.0,1600.0,1580.0,1582.0,15000
2017-05-23,1590.0,1590.0,1582.0,1586.0,11500
2017-05-24,1596.0,1604.0,1596.0,1602.0,23500
2017-05-25,1612.0,1620.0,1608.0,1618.0,25000
2017-05-26,1626.0,1628.0,1612.0,1612.0,16500
2017-05-29,1632.0,1652.0,1624.0,1652.0,79000
2017-05-30,1652.0,1654.0,1634.0,1646.0,27500
2017-05-31,1644.0,1648.0,1628.0,1644.0,12000
2017-06-01,1638.0,1644.0,1634.0,1642.0,22500
2017-06-02,1638.0,1658.0,1638.0,1650.0,46500
2017-06-05,1658.0,1672.0,1652.0,1672.0,39500
2017-06-06,1672.0,1684.0,1660.0,1684.0,46000
2017-06-07,1672.0,1686.0,1668.0,1684.0,18500
2017-06-08,1684.0,1684.0,1668.0,1678.0,25500
2017-06-09,1680.0,1708.0,1674.0,1700.0,58000
2017-06-12,1760.0,1776.0,1732.0,1752.0,150000
2017-06-13,1760.0,1760.0,1730.0,1758.0,59500
2017-06-14,1762.0,1808.0,1762.0,1808.0,156000
2017-06-15,1832.0,1860.0,1812.0,1860.0,162000
2017-06-16,1880.0,1954.0,1880.0,1906.0,171500
2017-06-19,1960.0,1974.0,1842.0,1878.0,207500
2017-06-20,1866.0,1868.0,1798.0,1800.0,193000
2017-06-21,1802.0,1816.0,1802.0,1808.0,31500
2017-06-22,1808.0,1864.0,1808.0,1832.0,47500
2017-06-23,1852.0,1862.0,1814.0,1820.0,51000
2017-06-26,1824.0,1856.0,1824.0,1852.0,38500
2017-06-27,1872.0,1880.0,1840.0,1842.0,63000
2017-06-28,1842.0,1852.0,1820.0,1826.0,44000
2017-06-29,1854.0,1858.0,1832.0,1858.0,34500
2017-06-30,1828.0,1946.0,1826.0,1922.0,290000
2017-07-03,1910.0,1920.0,1876.0,1918.0,66000
2017-07-04,1920.0,2208.0,1902.0,2048.0,655500
2017-07-05,2298.0,2416.0,2162.0,2208.0,1523000
2017-07-06,2260.0,2312.0,2194.0,2198.0,938000
2017-07-07,2284.0,2578.0,2266.0,2478.0,2649000
2017-07-10,2600.0,2740.0,2442.0,2458.0,1827500
2017-07-11,2618.0,2664.0,2328.0,2404.0,1039000
2017-07-12,2494.0,2518.0,2442.0,2470.0,606000
2017-07-13,2470.0,2470.0,2300.0,2314.0,449500
2017-07-14,2296.0,2296.0,2186.0,2208.0,459500
2017-07-17,2208.0,2208.0,2208.0,2208.0,0
2017-07-18,2264.0,2354.0,2246.0,2272.0,370000
2017-07-19,2222.0,2222.0,2174.0,2186.0,215500
2017-07-20,2306.0,2516.0,2276.0,2500.0,1157000
2017-07-21,2560.0,2656.0,2538.0,2560.0,725500
2017-07-24,2540.0,2618.0,2508.0,2570.0,290500
2017-07-25,2574.0,2580.0,2536.0,2552.0,169500
2017-07-26,2566.0,2566.0,2502.0,2506.0,116500
2017-07-27,2500.0,2502.0,2406.0,2430.0,135000
2017-07-28,2460.0,2492.0,2346.0,2386.0,148000
2017-07-31,2386.0,2410.0,2358.0,2362.0,60500
2017-08-01,2362.0,2380.0,2284.0,2298.0,100500
2017-08-02,2284.0,2398.0,2284.0,2378.0,110500
2017-08-03,2382.0,2392.0,2326.0,2382.0,56000
2017-08-04,2382.0,2430.0,2372.0,2416.0,85500
2017-08-07,2370.0,2374.0,2222.0,2240.0,224500
2017-08-08,2224.0,2232.0,2080.0,2090.0,266000
2017-08-09,2076.0,2156.0,2042.0,2072.0,127000
2017-08-10,2132.0,2132.0,2090.0,2104.0,54000
2017-08-11,2104.0,2104.0,2104.0,2104.0,0
2017-08-14,2074.0,2102.0,2052.0,2056.0,55500
2017-08-15,2048.0,2062.0,2030.0,2030.0,69000
2017-08-16,2000.0,2038.0,1966.0,1966.0,171000
2017-08-17,1972.0,2012.0,1972.0,2012.0,85000
2017-08-18,1990.0,2008.0,1982.0,1992.0,60500
2017-08-21,1992.0,2018.0,1988.0,2010.0,55000
2017-08-22,2010.0,2014.0,1968.0,1970.0,59000
2017-08-23,1972.0,1980.0,1942.0,1942.0,46000
2017-08-24,1934.0,1934.0,1856.0,1860.0,109000
2017-08-25,1856.0,1876.0,1844.0,1854.0,71000
2017-08-28,1860.0,1868.0,1810.0,1816.0,74500
2017-08-29,1790.0,1814.0,1782.0,1788.0,120000
2017-08-30,1790.0,1806.0,1770.0,1782.0,75500
2017-08-31,1784.0,1798.0,1758.0,1782.0,122000
2017-09-01,1790.0,1792.0,1764.0,1772.0,46500
2017-09-04,1778.0,1780.0,1742.0,1744.0,61000
2017-09-05,1744.0,1844.0,1744.0,1776.0,109000
2017-09-06,1776.0,1816.0,1768.0,1776.0,44000
2017-09-07,1806.0,1808.0,1780.0,1794.0,20500
2017-09-08,1782.0,1804.0,1782.0,1784.0,26500
2017-09-11,1806.0,1834.0,1802.0,1808.0,48000
2017-09-12,1832.0,1836.0,1810.0,1824.0,35000
2017-09-13,1840.0,1960.0,1840.0,1938.0,124000
2017-09-14,1950.0,1978.0,1940.0,1976.0,101000
2017-09-15,1966.0,1990.0,1966.0,1990.0,44000
2017-09-18,1990.0,1990.0,1990.0,1990.0,0
2017-09-19,1962.0,1972.0,1944.0,1944.0,91000
2017-09-20,1940.0,1988.0,1938.0,1980.0,43000
2017-09-21,1984.0,1984.0,1960.0,1962.0,15000
2017-09-22,1948.0,1974.0,1940.0,1952.0,32500
2017-09-25,1946.0,1970.0,1946.0,1958.0,34500
2017-09-26,1960.0,1972.0,1952.0,1952.0,25000
2017-09-27,1928.0,1978.0,1901.0,1904.0,50200
2017-09-28,1958.0,2088.0,1944.0,1996.0,69000
2017-09-29,2012.0,2012.0,1977.0,1997.0,21700
2017-10-02,2000.0,2030.0,1991.0,2026.0,33200
2017-10-03,2015.0,2041.0,2002.0,2038.0,30200
2017-10-04,2038.0,2049.0,2016.0,2027.0,42200
2017-10-05,2017.0,2038.0,2017.0,2030.0,20900
2017-10-06,2021.0,2037.0,2001.0,2007.0,24900
2017-10-09,2007.0,2007.0,2007.0,2007.0,0
2017-10-10,2017.0,2028.0,2003.0,2025.0,10400
2017-10-11,2012.0,2026.0,2006.0,2007.0,18800
2017-10-12,2005.0,2017.0,1982.0,1984.0,34600
2017-10-13,1980.0,1985.0,1960.0,1962.0,37600
2017-10-16,2000.0,2000.0,1963.0,1965.0,23100
2017-10-17,1989.0,1989.0,1970.0,1977.0,9500
2017-10-18,1979.0,1983.0,1951.0,1962.0,20700
2017-10-19,1961.0,1974.0,1940.0,1940.0,30300
2017-10-20,1948.0,1975.0,1940.0,1963.0,31200
2017-10-23,1978.0,1978.0,1945.0,1945.0,27100
2017-10-24,1947.0,1953.0,1932.0,1932.0,17900
2017-10-25,1943.0,1952.0,1933.0,1934.0,20900
2017-10-26,1950.0,1955.0,1900.0,1912.0,33300
2017-10-27,1910.0,1938.0,1908.0,1938.0,20100
2017-10-30,1949.0,2009.0,1930.0,2004.0,56300
2017-10-31,2004.0,2042.0,1981.0,2024.0,53700
2017-11-01,2035.0,2078.0,2028.0,2054.0,52000
2017-11-02,2051.0,2055.0,2020.0,2020.0,18700
2017-11-03,2020.0,2020.0,2020.0,2020.0,0
2017-11-06,2049.0,2049.0,2021.0,2033.0,16400
2017-11-07,2033.0,2057.0,2019.0,2033.0,33400
2017-11-08,2033.0,2041.0,2020.0,2034.0,24600
2017-11-09,2020.0,2043.0,2019.0,2036.0,32000
2017-11-10,2024.0,2073.0,1882.0,1976.0,129500
2017-11-13,2059.0,2059.0,2002.0,2035.0,46000
2017-11-14,2045.0,2045.0,2006.0,2017.0,19100
2017-11-15,2006.0,2010.0,1900.0,1917.0,84300
2017-11-16,1905.0,1957.0,1903.0,1935.0,19500
2017-11-17,1980.0,1988.0,1950.0,1957.0,14100
2017-11-20,1965.0,1971.0,1936.0,1952.0,7500
2017-11-21,1965.0,1977.0,1960.0,1965.0,9800
2017-11-22,1965.0,1997.0,1965.0,1997.0,15000
2017-11-23,1997.0,1997.0,1997.0,1997.0,0
2017-11-24,2017.0,2017.0,1976.0,1990.0,21200
2017-11-27,2009.0,2011.0,1962.0,1980.0,12400
2017-11-28,1961.0,2007.0,1961.0,1987.0,7700
2017-11-29,2001.0,2040.0,1982.0,2019.0,32300
2017-11-30,1997.0,2015.0,1991.0,2007.0,11100
2017-12-01,2017.0,2017.0,2000.0,2007.0,7300
2017-12-04,2023.0,2120.0,2017.0,2085.0,79600
2017-12-05,2061.0,2078.0,2020.0,2028.0,17000
2017-12-06,2025.0,2059.0,2019.0,2019.0,15100
2017-12-07,2047.0,2047.0,2029.0,2030.0,8000
2017-12-08,2050.0,2053.0,2035.0,2046.0,9900
2017-12-11,2049.0,2055.0,2031.0,2034.0,13900
2017-12-12,2047.0,2096.0,2035.0,2079.0,46800
2017-12-13,2079.0,2085.0,2042.0,2043.0,24300
2017-12-14,2099.0,2150.0,2084.0,2127.0,103800
2017-12-15,2150.0,2150.0,2103.0,2104.0,61000
2017-12-18,2166.0,2185.0,2131.0,2164.0,75300
2017-12-19,2187.0,2190.0,2170.0,2172.0,29300
2017-12-20,2190.0,2220.0,2150.0,2184.0,52400
2017-12-21,2170.0,2195.0,2155.0,2176.0,17900
2017-12-22,2180.0,2180.0,2166.0,2167.0,11800
2017-12-25,2174.0,2232.0,2166.0,2230.0,45200
2017-12-26,2250.0,2278.0,2232.0,2261.0,44900
2017-12-27,2256.0,2295.0,2227.0,2293.0,41200
2017-12-28,2293.0,2320.0,2251.0,2253.0,57100
2017-12-29,2214.0,2375.0,2212.0,2293.0,68400
2018-01-01,2293.0,2293.0,2293.0,2293.0,0
2018-01-02,2293.0,2293.0,2293.0,2293.0,0
2018-01-03,2293.0,2293.0,2293.0,2293.0,0
2018-01-04,2322.0,2322.0,2271.0,2281.0,24800
2018-01-05,2310.0,2310.0,2279.0,2287.0,21100
2018-01-08,2287.0,2287.0,2287.0,2287.0,0
2018-01-09,2282.0,2294.0,2258.0,2259.0,27300
2018-01-10,2257.0,2257.0,2204.0,2218.0,44500
2018-01-11,2208.0,2260.0,2206.0,2221.0,19300
2018-01-12,2226.0,2320.0,2226.0,2312.0,54500
2018-01-15,2323.0,2333.0,2289.0,2304.0,28300
2018-01-16,2310.0,2395.0,2306.0,2388.0,71200
2018-01-17,2400.0,2415.0,2366.0,2373.0,56800
2018-01-18,2384.0,2432.0,2381.0,2400.0,62200
2018-01-19,2428.0,2514.0,2403.0,2509.0,78900
2018-01-22,2499.0,2515.0,2451.0,2466.0,30700
2018-01-23,2490.0,2500.0,2463.0,2467.0,15200
2018-01-24,2469.0,2510.0,2462.0,2482.0,18200
2018-01-25,2470.0,2490.0,2455.0,2470.0,13800
2018-01-26,2470.0,2480.0,2453.0,2461.0,7600
2018-01-29,2453.0,2485.0,2453.0,2475.0,16600
2018-01-30,2470.0,2473.0,2409.0,2440.0,24000
2018-01-31,2417.0,2466.0,2409.0,2440.0,21600
2018-02-01,2443.0,2498.0,2443.0,2477.0,23700
2018-02-02,2455.0,2460.0,2417.0,2434.0,25200
2018-02-05,2384.0,2455.0,2381.0,2404.0,38100
2018-02-06,2212.0,2332.0,2211.0,2249.0,67000
2018-02-07,2461.0,2461.0,2293.0,2309.0,36600
2018-02-08,2276.0,2345.0,2276.0,2303.0,22300
2018-02-09,2276.0,2276.0,2166.0,2249.0,76600
2018-02-12,2249.0,2249.0,2249.0,2249.0,0
2018-02-13,2260.0,2328.0,2253.0,2297.0,25200
2018-02-14,2305.0,2359.0,2305.0,2315.0,22100
2018-02-15,2308.0,2359.0,2267.0,2351.0,17300
2018-02-16,2351.0,2422.0,2347.0,2380.0,33900
2018-02-19,2395.0,2450.0,2395.0,2447.0,17300
2018-02-20,2439.0,2494.0,2408.0,2475.0,13300
2018-02-21,2487.0,2514.0,2461.0,2481.0,43500
2018-02-22,2462.0,2475.0,2425.0,2425.0,12900
2018-02-23,2406.0,2408.0,2391.0,2399.0,16400
2018-02-26,2399.0,2399.0,2350.0,2365.0,29800
2018-02-27,2358.0,2358.0,2312.0,2320.0,38800
2018-02-28,2306.0,2426.0,2306.0,2421.0,29100
2018-03-01,2386.0,2391.0,2356.0,2366.0,10300
2018-03-02,2307.0,2349.0,2285.0,2290.0,30700
2018-03-05,2262.0,2268.0,2236.0,2240.0,22300
2018-03-06,2290.0,2347.0,2231.0,2241.0,20300
2018-03-07,2241.0,2258.0,2203.0,2214.0,10300
2018-03-08,2237.0,2269.0,2205.0,2225.0,5100
2018-03-09,2260.0,2260.0,2132.0,2147.0,31100
2018-03-12,2155.0,2155.0,2085.0,2143.0,35800
2018-03-13,2143.0,2179.0,2065.0,2174.0,66200
2018-03-14,2179.0,2285.0,2150.0,2268.0,29400
2018-03-15,2200.0,2200.0,2100.0,2135.0,151900
2018-03-16,2131.0,2158.0,2123.0,2142.0,45400
2018-03-19,2135.0,2140.0,2100.0,2100.0,43100
2018-03-20,1990.0,2022.0,1982.0,2002.0,197000
2018-03-21,2002.0,2002.0,2002.0,2002.0,0
2018-03-22,2005.0,2022.0,2001.0,2007.0,32000
2018-03-23,1991.0,1999.0,1966.0,1972.0,77200
2018-03-26,1950.0,1992.0,1942.0,1984.0,30000
2018-03-27,2000.0,2004.0,1976.0,1993.0,39400
2018-03-28,1979.0,2000.0,1974.0,1989.0,30400
2018-03-29,1993.0,2002.0,1930.0,1973.0,54300
2018-03-30,1988.0,2000.0,1970.0,1975.0,55900
2018-04-02,1995.0,2030.0,1976.0,2006.0,39700
2018-04-03,2000.0,2070.0,2000.0,2059.0,72900
2018-04-04,2070.0,2076.0,2034.0,2037.0,113500
2018-04-05,2046.0,2060.0,2035.0,2047.0,34200
2018-04-06,2058.0,2060.0,2030.0,2039.0,37000
2018-04-09,2040.0,2075.0,2025.0,2040.0,56400
2018-04-10,2050.0,2073.0,2050.0,2061.0,54100
2018-04-11,2069.0,2089.0,2062.0,2080.0,91200
2018-04-12,2080.0,2083.0,2037.0,2040.0,61200
2018-04-13,2063.0,2075.0,2043.0,2070.0,41400
2018-04-16,2056.0,2072.0,1980.0,1981.0,115000
2018-04-17,1987.0,2010.0,1963.0,1990.0,51700
2018-04-18,1993.0,2044.0,1990.0,2040.0,38800
2018-04-19,2048.0,2075.0,2024.0,2049.0,38600
2018-04-20,2038.0,2045.0,2006.0,2019.0,103000
2018-04-23,2016.0,2045.0,2010.0,2025.0,45500
2018-04-24,2025.0,2025.0,1995.0,2003.0,63800
2018-04-25,1998.0,2008.0,1996.0,2000.0,60300
2018-04-26,2002.0,2008.0,1996.0,1998.0,40400
2018-04-27,1998.0,2001.0,1982.0,1995.0,65400
2018-04-30,1995.0,1995.0,1995.0,1995.0,0
2018-05-01,2000.0,2045.0,2000.0,2043.0,97400
2018-05-02,2050.0,2147.0,2050.0,2140.0,205900
2018-05-03,2140.0,2140.0,2140.0,2140.0,0
2018-05-04,2140.0,2140.0,2140.0,2140.0,0
2018-05-07,2137.0,2142.0,2091.0,2136.0,104600
2018-05-08,2140.0,2149.0,2068.0,2104.0,143500
2018-05-09,2157.0,2196.0,2123.0,2144.0,298000
2018-05-10,2150.0,2150.0,2122.0,2130.0,60000
2018-05-11,2137.0,2183.0,2126.0,2169.0,144800
2018-05-14,2185.0,2235.0,2160.0,2212.0,242400
2018-05-15,2203.0,2249.0,2184.0,2236.0,134500
2018-05-16,2236.0,2236.0,2204.0,2210.0,93900
2018-05-17,2228.0,2310.0,2210.0,2288.0,265100
2018-05-18,2288.0,2300.0,2259.0,2291.0,99100
2018-05-21,2294.0,2294.0,2232.0,2256.0,174800
2018-05-22,2267.0,2310.0,2255.0,2290.0,117700
2018-05-23,2269.0,2289.0,2233.0,2262.0,109500
2018-05-24,2228.0,2240.0,2159.0,2166.0,154600
2018-05-25,2163.0,2209.0,2153.0,2181.0,47400
2018-05-28,2184.0,2197.0,2140.0,2142.0,54600
2018-05-29,2150.0,2170.0,2120.0,2122.0,65200
2018-05-30,2099.0,2118.0,2074.0,2116.0,64400
2018-05-31,2129.0,2146.0,2107.0,2136.0,49100
2018-06-01,2140.0,2208.0,2138.0,2194.0,83500
2018-06-04,2213.0,2267.0,2208.0,2253.0,109300
2018-06-05,2267.0,2268.0,2173.0,2185.0,127600
2018-06-06,2203.0,2265.0,2171.0,2244.0,123400
2018-06-07,2245.0,2270.0,2230.0,2238.0,83600
2018-06-08,2238.0,2260.0,2220.0,2256.0,70300
2018-06-11,2245.0,2275.0,2225.0,2228.0,53000
2018-06-12,2236.0,2236.0,2211.0,2220.0,50400
2018-06-13,2220.0,2246.0,2207.0,2235.0,60000
2018-06-14,2229.0,2242.0,2207.0,2207.0,58900
2018-06-15,2213.0,2216.0,2126.0,2142.0,137200
2018-06-18,2205.0,2207.0,2160.0,2200.0,106500
2018-06-19,2200.0,2200.0,2115.0,2138.0,82600
2018-06-20,2121.0,2140.0,2080.0,2135.0,56600
2018-06-21,2135.0,2140.0,2101.0,2107.0,32200
2018-06-22,2090.0,2090.0,2062.0,2074.0,53400
2018-06-25,2117.0,2118.0,2075.0,2088.0,36300
2018-06-26,2070.0,2082.0,2050.0,2052.0,43600
2018-06-27,2052.0,2052.0,2011.0,2016.0,46700
2018-06-28,2015.0,2088.0,1991.0,2062.0,101900
2018-06-29,2071.0,2080.0,2015.0,2052.0,33200
2018-07-02,2043.0,2095.0,2036.0,2054.0,46600
2018-07-03,2047.0,2048.0,1966.0,1979.0,76900
2018-07-04,1974.0,1979.0,1931.0,1947.0,57800
2018-07-05,1940.0,1953.0,1860.0,1882.0,90400
2018-07-06,1881.0,1923.0,1881.0,1910.0,45400
2018-07-09,1923.0,2013.0,1923.0,2013.0,64800
2018-07-10,2063.0,2063.0,2008.0,2009.0,47000
2018-07-11,2009.0,2009.0,1968.0,1985.0,27200
2018-07-12,1980.0,1987.0,1945.0,1950.0,49400
2018-07-13,1964.0,1993.0,1949.0,1986.0,38800
2018-07-16,1986.0,1986.0,1986.0,1986.0,0
2018-07-17,1995.0,2008.0,1975.0,1991.0,26600
2018-07-18,2003.0,2008.0,1962.0,1965.0,38600
2018-07-19,1961.0,1964.0,1936.0,1953.0,35100
2018-07-20,1952.0,1957.0,1930.0,1940.0,30400
2018-07-23,1931.0,1931.0,1906.0,1906.0,31300
2018-07-24,1905.0,1954.0,1905.0,1939.0,30000
2018-07-25,1970.0,1974.0,1941.0,1941.0,26300
2018-07-26,1935.0,1935.0,1910.0,1915.0,46600
2018-07-27,1918.0,1924.0,1905.0,1909.0,31100
2018-07-30,1906.0,1909.0,1884.0,1889.0,51200
2018-07-31,1889.0,1916.0,1880.0,1902.0,38200
2018-08-01,1920.0,1921.0,1894.0,1895.0,28500
2018-08-02,1867.0,1887.0,1846.0,1851.0,76400
2018-08-03,1853.0,1857.0,1826.0,1826.0,49300
2018-08-06,1809.0,1809.0,1773.0,1773.0,67700
2018-08-07,1760.0,1765.0,1730.0,1730.0,63400
2018-08-08,1712.0,1759.0,1606.0,1613.0,308400
2018-08-09,1625.0,1677.0,1618.0,1659.0,160300
2018-08-10,1671.0,1735.0,1650.0,1709.0,144600
2018-08-13,1680.0,1695.0,1653.0,1677.0,89900
2018-08-14,1702.0,1708.0,1683.0,1693.0,38200
2018-08-15,1700.0,1707.0,1669.0,1677.0,25800
2018-08-16,1671.0,1689.0,1655.0,1683.0,28500
2018-08-17,1686.0,1726.0,1686.0,1723.0,35200
2018-08-20,1731.0,1740.0,1710.0,1731.0,48700
2018-08-21,1715.0,1717.0,1690.0,1694.0,42000
2018-08-22,1695.0,1711.0,1690.0,1696.0,24600
2018-08-23,1685.0,1707.0,1673.0,1700.0,44700
2018-08-24,1700.0,1718.0,1700.0,1713.0,23300
2018-08-27,1702.0,1740.0,1702.0,1721.0,40500
2018-08-28,1736.0,1736.0,1691.0,1696.0,47200
2018-08-29,1691.0,1717.0,1681.0,1687.0,38400
2018-08-30,1688.0,1713.0,1686.0,1687.0,23600
2018-08-31,1680.0,1686.0,1670.0,1671.0,48800
2018-09-03,1680.0,1694.0,1672.0,1674.0,38500
2018-09-04,1670.0,1670.0,1635.0,1652.0,57700
2018-09-05,1640.0,1669.0,1628.0,1644.0,33700
2018-09-06,1640.0,1642.0,1602.0,1602.0,44800
2018-09-07,1602.0,1602.0,1538.0,1555.0,74600
2018-09-10,1537.0,1552.0,1515.0,1520.0,67900
2018-09-11,1516.0,1517.0,1485.0,1496.0,63000
2018-09-12,1495.0,1500.0,1468.0,1485.0,53000
2018-09-13,1485.0,1537.0,1477.0,1526.0,45400
2018-09-14,1512.0,1539.0,1505.0,1532.0,34700
2018-09-17,1532.0,1532.0,1532.0,1532.0,0
2018-09-18,1521.0,1580.0,1521.0,1555.0,39100
2018-09-19,1556.0,1608.0,1556.0,1587.0,28200
2018-09-20,1590.0,1590.0,1550.0,1555.0,36700
2018-09-21,1561.0,1597.0,1551.0,1594.0,51500
2018-09-24,1594.0,1594.0,1594.0,1594.0,0
2018-09-25,1589.0,1598.0,1560.0,1588.0,27300
2018-09-26,1590.0,1616.0,1586.0,1599.0,21700
2018-09-27,1610.0,1612.0,1570.0,1570.0,41000
2018-09-28,1575.0,1606.0,1560.0,1580.0,51100
2018-10-01,1599.0,1690.0,1580.0,1686.0,125000
2018-10-02,1683.0,1709.0,1645.0,1653.0,66100
2018-10-03,1669.0,1690.0,1659.0,1667.0,38300
2018-10-04,1661.0,1661.0,1569.0,1602.0,96100
2018-10-05,1584.0,1627.0,1570.0,1591.0,56500
2018-10-08,1591.0,1591.0,1591.0,1591.0,0
2018-10-09,1571.0,1573.0,1509.0,1515.0,78600
2018-10-10,1521.0,1530.0,1507.0,1520.0,34000
2018-10-11,1476.0,1512.0,1458.0,1505.0,82800
2018-10-12,1500.0,1613.0,1500.0,1593.0,55000
2018-10-15,1604.0,1604.0,1550.0,1557.0,29000
2018-10-16,1560.0,1593.0,1553.0,1588.0,26500
2018-10-17,1600.0,1613.0,1585.0,1587.0,16900
2018-10-18,1585.0,1624.0,1557.0,1559.0,50400
2018-10-19,1550.0,1584.0,1518.0,1583.0,21100
2018-10-22,1573.0,1621.0,1565.0,1612.0,26800
2018-10-23,1610.0,1617.0,1579.0,1613.0,33900
2018-10-24,1584.0,1619.0,1581.0,1586.0,23000
2018-10-25,1514.0,1536.0,1487.0,1501.0,87400
2018-10-26,1520.0,1567.0,1480.0,1492.0,70200
2018-10-29,1480.0,1531.0,1480.0,1481.0,40900
2018-10-30,1475.0,1584.0,1475.0,1555.0,38300
2018-10-31,1579.0,1580.0,1552.0,1552.0,14800
2018-11-01,1563.0,1579.0,1513.0,1520.0,27700
2018-11-02,1520.0,1579.0,1520.0,1565.0,33500
2018-11-05,1564.0,1564.0,1518.0,1543.0,28000
2018-11-06,1524.0,1554.0,1480.0,1530.0,68800
2018-11-07,1523.0,1561.0,1523.0,1545.0,43900
2018-11-08,1559.0,1625.0,1550.0,1602.0,203700
2018-11-09,1610.0,1659.0,1580.0,1640.0,145000
2018-11-12,1600.0,1686.0,1590.0,1663.0,102900
2018-11-13,1625.0,1677.0,1614.0,1634.0,56100
2018-11-14,1617.0,1629.0,1603.0,1615.0,29900
2018-11-15,1615.0,1615.0,1575.0,1583.0,35800
2018-11-16,1553.0,1585.0,1551.0,1568.0,49300
2018-11-19,1553.0,1596.0,1551.0,1580.0,38900
2018-11-20,1565.0,1577.0,1549.0,1552.0,24800
2018-11-21,1543.0,1566.0,1535.0,1551.0,51400
2018-11-22,1550.0,1553.0,1522.0,1531.0,56300
2018-11-23,1531.0,1531.0,1531.0,1531.0,0
2018-11-26,1534.0,1574.0,1531.0,1560.0,50700
2018-11-27,1560.0,1590.0,1560.0,1575.0,45800
2018-11-28,1580.0,1590.0,1559.0,1566.0,33900
2018-11-29,1566.0,1580.0,1554.0,1558.0,52000
2018-11-30,1565.0,1574.0,1553.0,1564.0,29100
2018-12-03,1570.0,1570.0,1530.0,1539.0,47600
2018-12-04,1539.0,1540.0,1507.0,1517.0,63400
2018-12-05,1497.0,1515.0,1491.0,1493.0,54400
2018-12-06,1512.0,1512.0,1481.0,1495.0,42700
2018-12-07,1495.0,1529.0,1481.0,1490.0,56600
2018-12-10,1479.0,1480.0,1424.0,1431.0,60400
2018-12-11,1406.0,1421.0,1360.0,1367.0,62100
2018-12-12,1367.0,1403.0,1359.0,1390.0,84200
2018-12-13,1397.0,1420.0,1395.0,1402.0,51600
2018-12-14,1402.0,1410.0,1360.0,1366.0,41200
2018-12-17,1366.0,1375.0,1308.0,1311.0,69800
2018-12-18,1292.0,1294.0,1248.0,1250.0,80700
2018-12-19,1245.0,1263.0,1200.0,1228.0,53200
2018-12-20,1213.0,1270.0,1137.0,1188.0,123100
2018-12-21,1166.0,1175.0,1067.0,1115.0,106500
2018-12-24,1115.0,1115.0,1115.0,1115.0,0
2018-12-25,1030.0,1049.0,1000.0,1021.0,139800
2018-12-26,1051.0,1081.0,1037.0,1074.0,65800
2018-12-27,1134.0,1144.0,1091.0,1127.0,80600
2018-12-28,1122.0,1180.0,1113.0,1154.0,55200
2018-12-31,1154.0,1154.0,1154.0,1154.0,0
2019-01-04,1126.0,1126.0,1066.0,1102.0,39000
2019-01-07,1124.0,1144.0,1115.0,1133.0,29300
2019-01-08,1125.0,1159.0,1125.0,1155.0,20400
2019-01-09,1160.0,1187.0,1156.0,1168.0,15400
2019-01-10,1161.0,1172.0,1119.0,1121.0,33500
2019-01-11,1120.0,1121.0,1077.0,1084.0,48200
2019-01-15,1083.0,1099.0,1070.0,1088.0,32600
2019-01-16,1091.0,1110.0,1090.0,1101.0,13600
2019-01-17,1106.0,1121.0,1097.0,1100.0,32500
2019-01-18,1101.0,1146.0,1101.0,1114.0,31700
2019-01-21,1133.0,1168.0,1126.0,1152.0,50100
2019-01-22,1155.0,1173.0,1138.0,1139.0,21300
2019-01-23,1117.0,1141.0,1114.0,1137.0,23900
2019-01-24,1135.0,1135.0,1126.0,1127.0,23000
2019-01-25,1127.0,1138.0,1125.0,1128.0,23800
2019-01-28,1135.0,1137.0,1126.0,1126.0,18100
2019-01-29,1136.0,1166.0,1128.0,1149.0,49400
2019-01-30,1149.0,1163.0,1145.0,1147.0,19600
2019-01-31,1160.0,1198.0,1159.0,1188.0,45100
2019-02-01,1185.0,1185.0,1162.0,1165.0,24400
2019-02-04,1164.0,1184.0,1163.0,1181.0,7200
2019-02-05,1190.0,1211.0,1182.0,1192.0,20100
2019-02-06,1199.0,1199.0,1175.0,1180.0,30900
2019-02-07,1180.0,1185.0,1155.0,1167.0,27800
2019-02-08,1142.0,1190.0,1142.0,1185.0,46000
2019-02-12,1215.0,1250.0,1195.0,1248.0,78800
2019-02-13,1240.0,1322.0,1216.0,1310.0,81800
2019-02-14,1317.0,1332.0,1284.0,1310.0,38800
2019-02-15,1293.0,1295.0,1253.0,1258.0,37500
2019-02-18,1266.0,1300.0,1263.0,1281.0,26100
2019-02-19,1278.0,1278.0,1260.0,1260.0,18500
2019-02-20,1262.0,1299.0,1261.0,1292.0,30000
2019-02-21,1293.0,1337.0,1293.0,1309.0,32900
2019-02-22,1307.0,1369.0,1291.0,1356.0,38300
2019-02-25,1357.0,1377.0,1338.0,1354.0,29000
2019-02-26,1346.0,1378.0,1338.0,1363.0,29500
2019-02-27,1358.0,1382.0,1358.0,1382.0,22400
2019-02-28,1372.0,1372.0,1342.0,1351.0,37400
2019-03-01,1370.0,1370.0,1300.0,1325.0,46500
2019-03-04,1325.0,1360.0,1324.0,1336.0,29200
2019-03-05,1322.0,1325.0,1310.0,1317.0,31200
2019-03-06,1318.0,1354.0,1314.0,1345.0,24100
2019-03-07,1344.0,1385.0,1331.0,1385.0,36500
2019-03-08,1355.0,1359.0,1320.0,1329.0,50400
2019-03-11,1340.0,1355.0,1332.0,1355.0,24800
2019-03-12,1384.0,1420.0,1384.0,1398.0,26100
2019-03-13,1380.0,1380.0,1338.0,1355.0,21200
2019-03-14,1372.0,1372.0,1350.0,1360.0,12700
2019-03-15,1355.0,1372.0,1347.0,1352.0,18000
2019-03-18,1345.0,1394.0,1333.0,1337.0,31300
2019-03-19,1326.0,1342.0,1301.0,1309.0,27100
2019-03-20,1303.0,1330.0,1300.0,1330.0,20000
2019-03-22,1342.0,1367.0,1341.0,1365.0,32800
2019-03-25,1351.0,1379.0,1342.0,1356.0,25600
2019-03-26,1378.0,1395.0,1361.0,1395.0,32100
2019-03-27,1355.0,1416.0,1351.0,1399.0,29400
2019-03-28,1381.0,1390.0,1364.0,1390.0,11600
2019-03-29,1397.0,1440.0,1397.0,1437.0,38500
2019-04-01,1450.0,1488.0,1450.0,1467.0,33900
2019-04-02,1467.0,1470.0,1431.0,1462.0,21200
2019-04-03,1467.0,1476.0,1454.0,1466.0,27700
2019-04-04,1463.0,1487.0,1461.0,1471.0,25200
2019-04-05,1469.0,1513.0,1469.0,1504.0,49000
2019-04-08,1513.0,1537.0,1481.0,1498.0,42200
2019-04-09,1503.0,1503.0,1452.0,1456.0,32900
2019-04-10,1465.0,1491.0,1438.0,1452.0,32100
2019-04-11,1450.0,1458.0,1415.0,1425.0,26900
2019-04-12,1418.0,1439.0,1407.0,1426.0,15100
2019-04-15,1423.0,1470.0,1423.0,1469.0,15900
2019-04-16,1469.0,1474.0,1455.0,1457.0,11300
2019-04-17,1481.0,1481.0,1460.0,1468.0,28600
2019-04-18,1468.0,1468.0,1430.0,1448.0,20600
2019-04-19,1465.0,1468.0,1434.0,1447.0,29100
2019-04-22,1449.0,1453.0,1424.0,1433.0,14300
2019-04-23,1433.0,1433.0,1406.0,1411.0,21500
2019-04-24,1428.0,1428.0,1410.0,1426.0,17000
2019-04-25,1433.0,1463.0,1412.0,1459.0,37100
2019-04-26,1451.0,1468.0,1429.0,1464.0,22300
2019-05-07,1443.0,1480.0,1434.0,1466.0,24300
2019-05-08,1452.0,1452.0,1400.0,1412.0,28900
2019-05-09,1389.0,1424.0,1357.0,1400.0,68800
2019-05-10,1370.0,1410.0,1361.0,1403.0,46300
2019-05-13,1403.0,1464.0,1235.0,1250.0,174700
2019-05-14,1204.0,1290.0,1186.0,1219.0,102300
2019-05-15,1221.0,1233.0,1191.0,1220.0,40900
2019-05-16,1231.0,1254.0,1211.0,1216.0,30900
2019-05-17,1231.0,1235.0,1215.0,1230.0,16600
2019-05-20,1232.0,1246.0,1211.0,1215.0,24400
2019-05-21,1215.0,1226.0,1203.0,1220.0,19500
2019-05-22,1235.0,1259.0,1217.0,1245.0,24300
2019-05-23,1245.0,1245.0,1220.0,1241.0,14600
2019-05-24,1234.0,1269.0,1230.0,1269.0,21200
2019-05-27,1293.0,1293.0,1273.0,1287.0,18500
2019-05-28,1293.0,1300.0,1280.0,1300.0,19500
2019-05-29,1293.0,1314.0,1275.0,1314.0,19000
2019-05-30,1300.0,1356.0,1299.0,1356.0,31500
2019-05-31,1360.0,1388.0,1354.0,1380.0,47000
2019-06-03,1375.0,1379.0,1317.0,1318.0,37700
2019-06-04,1329.0,1368.0,1308.0,1320.0,13400
2019-06-05,1348.0,1368.0,1339.0,1352.0,23800
2019-06-06,1352.0,1356.0,1315.0,1318.0,32200
2019-06-07,1329.0,1329.0,1294.0,1296.0,26400
2019-06-10,1307.0,1307.0,1252.0,1253.0,50800
2019-06-11,1262.0,1302.0,1235.0,1266.0,43900
2019-06-12,1278.0,1319.0,1257.0,1296.0,36400
2019-06-13,1326.0,1344.0,1308.0,1333.0,46200
2019-06-14,1333.0,1350.0,1318.0,1326.0,27300
2019-06-17,1366.0,1388.0,1328.0,1333.0,48500
2019-06-18,1325.0,1325.0,1294.0,1300.0,32700
2019-06-19,1313.0,1340.0,1312.0,1316.0,30600
2019-06-20,1311.0,1316.0,1286.0,1300.0,24000
2019-06-21,1310.0,1311.0,1299.0,1305.0,15800
2019-06-24,1305.0,1338.0,1305.0,1326.0,34100
2019-06-25,1336.0,1336.0,1319.0,1329.0,12900
2019-06-26,1329.0,1358.0,1326.0,1357.0,26500
2019-06-27,1365.0,1414.0,1347.0,1383.0,44000
2019-06-28,1393.0,1398.0,1371.0,1371.0,20500
2019-07-01,1398.0,1398.0,1351.0,1366.0,22800
2019-07-02,1366.0,1376.0,1342.0,1355.0,21700
2019-07-03,1355.0,1364.0,1343.0,1357.0,14200
2019-07-04,1356.0,1357.0,1339.0,1349.0,13000
2019-07-05,1346.0,1379.0,1345.0,1375.0,22900
2019-07-08,1380.0,1391.0,1371.0,1388.0,31800
2019-07-09,1385.0,1390.0,1371.0,1374.0,21100
2019-07-10,1372.0,1372.0,1342.0,1343.0,23600
2019-07-11,1333.0,1338.0,1327.0,1335.0,14000
2019-07-12,1338.0,1341.0,1323.0,1339.0,10500
2019-07-16,1320.0,1344.0,1320.0,1338.0,17800
2019-07-17,1338.0,1393.0,1329.0,1382.0,45700
2019-07-18,1369.0,1407.0,1336.0,1397.0,88000
2019-07-19,1400.0,1410.0,1351.0,1398.0,65600
2019-07-22,1394.0,1394.0,1355.0,1355.0,22900
2019-07-23,1356.0,1363.0,1341.0,1348.0,19000
2019-07-24,1350.0,1350.0,1319.0,1319.0,28300
2019-07-25,1321.0,1322.0,1305.0,1314.0,27800
2019-07-26,1318.0,1318.0,1300.0,1310.0,20700
2019-07-29,1308.0,1311.0,1296.0,1299.0,25600
2019-07-30,1293.0,1300.0,1274.0,1276.0,33500
2019-07-31,1281.0,1300.0,1281.0,1300.0,14300
2019-08-01,1300.0,1325.0,1287.0,1325.0,32200
2019-08-02,1310.0,1322.0,1283.0,1299.0,23700
2019-08-05,1298.0,1300.0,1212.0,1228.0,64000
2019-08-06,1200.0,1249.0,1180.0,1247.0,38400
2019-08-07,1250.0,1295.0,1246.0,1295.0,38700
2019-08-08,1279.0,1305.0,1270.0,1294.0,20900
2019-08-09,1310.0,1335.0,1120.0,1125.0,188600
2019-08-13,1130.0,1150.0,1123.0,1123.0,85500
2019-08-14,1163.0,1184.0,1143.0,1170.0,72500
2019-08-15,1155.0,1157.0,1123.0,1133.0,43500
2019-08-16,1133.0,1134.0,1098.0,1100.0,67300
2019-08-19,1118.0,1118.0,1074.0,1085.0,43800
2019-08-20,1100.0,1109.0,1089.0,1096.0,22100
2019-08-21,1079.0,1079.0,1060.0,1074.0,30100
2019-08-22,1080.0,1080.0,1059.0,1067.0,25800
2019-08-23,1067.0,1067.0,1046.0,1047.0,45400
2019-08-26,1015.0,1025.0,1010.0,1024.0,41400
2019-08-27,1033.0,1045.0,1010.0,1013.0,54300
2019-08-28,1015.0,1047.0,1015.0,1031.0,20100
2019-08-29,1040.0,1054.0,1040.0,1050.0,21600
2019-08-30,1061.0,1092.0,1057.0,1086.0,45100
2019-09-02,1085.0,1085.0,1061.0,1075.0,21300
2019-09-03,1065.0,1080.0,1060.0,1080.0,6400
2019-09-04,1080.0,1085.0,1068.0,1072.0,9600
2019-09-05,1083.0,1088.0,1072.0,1072.0,14400
2019-09-06,1078.0,1078.0,1060.0,1061.0,15200
2019-09-09,1060.0,1075.0,1055.0,1072.0,15800
2019-09-10,1075.0,1085.0,1072.0,1078.0,16500
2019-09-11,1080.0,1088.0,1077.0,1084.0,24200
2019-09-12,1091.0,1097.0,1081.0,1082.0,16600
2019-09-13,1082.0,1087.0,1078.0,1084.0,14700
2019-09-17,1077.0,1084.0,1069.0,1082.0,16400
2019-09-18,1082.0,1082.0,1065.0,1074.0,18500
2019-09-19,1070.0,1095.0,1070.0,1093.0,36100
2019-09-20,1093.0,1110.0,1090.0,1091.0,26200
2019-09-24,1095.0,1130.0,1095.0,1127.0,30300
2019-09-25,1122.0,1122.0,1086.0,1088.0,23500
2019-09-26,1093.0,1106.0,1088.0,1090.0,25100
2019-09-27,1092.0,1092.0,1056.0,1073.0,27300
2019-09-30,1069.0,1071.0,1043.0,1050.0,28300
2019-10-01,1050.0,1056.0,1040.0,1055.0,16300
2019-10-02,1054.0,1062.0,1042.0,1062.0,15300
2019-10-03,1042.0,1051.0,1041.0,1045.0,12400
2019-10-04,1052.0,1054.0,1045.0,1054.0,15700
2019-10-07,1054.0,1059.0,1046.0,1048.0,4900
2019-10-08,1048.0,1058.0,1042.0,1053.0,14500
2019-10-09,1049.0,1055.0,1046.0,1049.0,6900
2019-10-10,1046.0,1053.0,1042.0,1048.0,11600
2019-10-11,1047.0,1049.0,1038.0,1043.0,12900
2019-10-15,1061.0,1064.0,1054.0,1064.0,21300
2019-10-16,1064.0,1065.0,1049.0,1062.0,15400
2019-10-17,1097.0,1148.0,1081.0,1098.0,175400
2019-10-18,1101.0,1139.0,1099.0,1135.0,82100
2019-10-21,1148.0,1235.0,1129.0,1230.0,219400
2019-10-23,1239.0,1261.0,1192.0,1212.0,162000
2019-10-24,1242.0,1290.0,1232.0,1274.0,184300
2019-10-25,1289.0,1289.0,1252.0,1269.0,68400
2019-10-28,1284.0,1284.0,1220.0,1222.0,45500
2019-10-29,1203.0,1237.0,1200.0,1201.0,52000
2019-10-30,1196.0,1203.0,1171.0,1197.0,50000
2019-10-31,1210.0,1212.0,1191.0,1202.0,23600
2019-11-01,1204.0,1214.0,1197.0,1211.0,18300
2019-11-05,1213.0,1220.0,1205.0,1212.0,21300
2019-11-06,1218.0,1218.0,1208.0,1211.0,17400
2019-11-07,1215.0,1218.0,1202.0,1207.0,17900
2019-11-08,1209.0,1209.0,1178.0,1188.0,37200
2019-11-11,1158.0,1197.0,1138.0,1187.0,47600
2019-11-12,1199.0,1208.0,1188.0,1208.0,25800
2019-11-13,1208.0,1208.0,1179.0,1195.0,21300
2019-11-14,1182.0,1189.0,1147.0,1156.0,56200
2019-11-15,1155.0,1186.0,1150.0,1170.0,36000
2019-11-18,1177.0,1177.0,1162.0,1174.0,12100
2019-11-19,1174.0,1182.0,1155.0,1169.0,32500
2019-11-20,1170.0,1171.0,1151.0,1161.0,18400
2019-11-21,1150.0,1163.0,1150.0,1161.0,23700
2019-11-22,1169.0,1184.0,1161.0,1163.0,24600
2019-11-25,1170.0,1176.0,1160.0,1171.0,19900
2019-11-26,1179.0,1179.0,1149.0,1171.0,31500
2019-11-27,1171.0,1171.0,1161.0,1169.0,17400
2019-11-28,1169.0,1169.0,1155.0,1162.0,19400
2019-11-29,1165.0,1231.0,1162.0,1223.0,142400
2019-12-02,1215.0,1223.0,1195.0,1200.0,50300
2019-12-03,1198.0,1205.0,1174.0,1205.0,33800
2019-12-04,1200.0,1202.0,1177.0,1190.0,36500
2019-12-05,1188.0,1196.0,1178.0,1188.0,35400
2019-12-06,1184.0,1196.0,1165.0,1170.0,23900
2019-12-09,1170.0,1170.0,1152.0,1162.0,35300
2019-12-10,1133.0,1149.0,1118.0,1143.0,104300
2019-12-11,1140.0,1147.0,1138.0,1145.0,40500
2019-12-12,1141.0,1149.0,1124.0,1125.0,80200
2019-12-13,1128.0,1135.0,1125.0,1131.0,27100
2019-12-16,1132.0,1145.0,1132.0,1133.0,26200
2019-12-17,1137.0,1159.0,1137.0,1153.0,28700
2019-12-18,1153.0,1155.0,1142.0,1142.0,26600
2019-12-19,1143.0,1153.0,1140.0,1143.0,28700
2019-12-20,1141.0,1150.0,1137.0,1137.0,21400
2019-12-23,1139.0,1139.0,1122.0,1128.0,60100
2019-12-24,1128.0,1130.0,1115.0,1117.0,49500
2019-12-25,1112.0,1112.0,1095.0,1098.0,40500
2019-12-26,1097.0,1128.0,1095.0,1113.0,40000
2019-12-27,1120.0,1149.0,1114.0,1130.0,39400
2019-12-30,1130.0,1136.0,1119.0,1136.0,21700
2020-01-06,1148.0,1148.0,1118.0,1126.0,23600
2020-01-07,1150.0,1153.0,1130.0,1131.0,44700
2020-01-08,1135.0,1135.0,1115.0,1119.0,27800
2020-01-09,1138.0,1163.0,1125.0,1145.0,32800
2020-01-10,1150.0,1163.0,1150.0,1157.0,21500
2020-01-14,1157.0,1172.0,1151.0,1168.0,30600
2020-01-15,1172.0,1214.0,1172.0,1202.0,48200
2020-01-16,1199.0,1224.0,1199.0,1206.0,31500
2020-01-17,1206.0,1210.0,1181.0,1204.0,29300
2020-01-20,1207.0,1210.0,1200.0,1207.0,14000
2020-01-21,1210.0,1282.0,1206.0,1258.0,152700
2020-01-22,1285.0,1285.0,1237.0,1270.0,89800
2020-01-23,1251.0,1275.0,1241.0,1273.0,67100
2020-01-24,1273.0,1273.0,1245.0,1251.0,36800
2020-01-27,1270.0,1347.0,1256.0,1325.0,241200
2020-01-28,1348.0,1349.0,1225.0,1226.0,175700
2020-01-29,1254.0,1295.0,1220.0,1273.0,86300
2020-01-30,1300.0,1413.0,1283.0,1319.0,451100
2020-01-31,1312.0,1363.0,1256.0,1288.0,222200
2020-02-03,1366.0,1367.0,1302.0,1334.0,194700
2020-02-04,1313.0,1313.0,1251.0,1287.0,141900
2020-02-05,1299.0,1326.0,1289.0,1309.0,78300
2020-02-06,1320.0,1334.0,1312.0,1325.0,66700
2020-02-07,1325.0,1335.0,1287.0,1329.0,84300
2020-02-10,1329.0,1388.0,1320.0,1356.0,139300
2020-02-12,1362.0,1382.0,1341.0,1350.0,85500
2020-02-13,1342.0,1369.0,1330.0,1350.0,49800
2020-02-14,1368.0,1423.0,1350.0,1422.0,205500
2020-02-17,1460.0,1526.0,1446.0,1482.0,383200
2020-02-18,1503.0,1507.0,1412.0,1431.0,218200
2020-02-19,1421.0,1460.0,1415.0,1449.0,79900
2020-02-20,1438.0,1438.0,1382.0,1403.0,109600
2020-02-21,1406.0,1437.0,1406.0,1420.0,47100
2020-02-25,1390.0,1431.0,1385.0,1406.0,89100
2020-02-26,1398.0,1409.0,1339.0,1368.0,114100
2020-02-27,1369.0,1386.0,1326.0,1326.0,71500
2020-02-28,1230.0,1272.0,1189.0,1191.0,120400
2020-03-02,1206.0,1344.0,1200.0,1298.0,110600
2020-03-03,1350.0,1350.0,1255.0,1261.0,69600
2020-03-04,1261.0,1342.0,1240.0,1323.0,115500
2020-03-05,1327.0,1330.0,1260.0,1283.0,103200
2020-03-06,1255.0,1294.0,1245.0,1286.0,48300
2020-03-09,1273.0,1275.0,1181.0,1187.0,100000
2020-03-10,1144.0,1227.0,1103.0,1203.0,134000
2020-03-11,1248.0,1274.0,1170.0,1189.0,95100
2020-03-12,1170.0,1206.0,1135.0,1155.0,92500
2020-03-13,1065.0,1089.0,1001.0,1050.0,114600
2020-03-16,1099.0,1150.0,1079.0,1080.0,77300
2020-03-17,1061.0,1129.0,1050.0,1114.0,77500
2020-03-18,1149.0,1170.0,1101.0,1109.0,46000
2020-03-19,1110.0,1160.0,1084.0,1100.0,50200
2020-03-23,1100.0,1136.0,1093.0,1123.0,50600
2020-03-24,1153.0,1162.0,1127.0,1152.0,55900
2020-03-25,1220.0,1224.0,1180.0,1217.0,48300
2020-03-26,1200.0,1264.0,1191.0,1239.0,47100
2020-03-27,1298.0,1298.0,1250.0,1279.0,91200
2020-03-30,1221.0,1305.0,1218.0,1301.0,66400
2020-03-31,1301.0,1310.0,1260.0,1281.0,31700
2020-04-01,1280.0,1280.0,1188.0,1190.0,60600
2020-04-02,1170.0,1235.0,1163.0,1223.0,34500
2020-04-03,1234.0,1263.0,1188.0,1208.0,36500
2020-04-06,1195.0,1255.0,1195.0,1255.0,33900
2020-04-07,1255.0,1276.0,1234.0,1263.0,45800
2020-04-08,1265.0,1276.0,1240.0,1262.0,27000
2020-04-09,1262.0,1272.0,1245.0,1253.0,32900
2020-04-10,1245.0,1262.0,1220.0,1256.0,25100
2020-04-13,1240.0,1255.0,1225.0,1251.0,28400
2020-04-14,1255.0,1260.0,1240.0,1247.0,13600
2020-04-15,1260.0,1263.0,1243.0,1244.0,16000
2020-04-16,1248.0,1284.0,1244.0,1277.0,35900
2020-04-17,1282.0,1294.0,1263.0,1269.0,27400
2020-04-20,1302.0,1354.0,1296.0,1354.0,104000
2020-04-21,1352.0,1398.0,1327.0,1352.0,70400
2020-04-22,1345.0,1345.0,1289.0,1320.0,43700
2020-04-23,1370.0,1380.0,1350.0,1367.0,54000
2020-04-24,1378.0,1380.0,1351.0,1368.0,33700
2020-04-27,1362.0,1382.0,1348.0,1361.0,41100
2020-04-28,1383.0,1383.0,1322.0,1328.0,53000
2020-04-30,1370.0,1370.0,1319.0,1327.0,44800
2020-05-01,1322.0,1325.0,1308.0,1312.0,32800
2020-05-07,1315.0,1349.0,1305.0,1349.0,48200
2020-05-08,1354.0,1378.0,1338.0,1369.0,64100
2020-05-11,1380.0,1393.0,1366.0,1377.0,54600
2020-05-12,1376.0,1390.0,1369.0,1374.0,33600
2020-05-13,1371.0,1419.0,1334.0,1391.0,87800
2020-05-14,1476.0,1495.0,1380.0,1396.0,319800
2020-05-15,1402.0,1433.0,1394.0,1425.0,95400
2020-05-18,1428.0,1480.0,1410.0,1475.0,111400
2020-05-19,1477.0,1478.0,1449.0,1465.0,74300
2020-05-20,1478.0,1549.0,1468.0,1546.0,229100
2020-05-21,1622.0,1743.0,1555.0,1581.0,1886700
2020-05-22,1576.0,1620.0,1525.0,1530.0,323400
2020-05-25,1535.0,1589.0,1491.0,1582.0,350400
2020-05-26,1587.0,1618.0,1558.0,1573.0,768300
2020-05-27,1588.0,1674.0,1572.0,1673.0,964500
2020-05-28,1660.0,1705.0,1623.0,1678.0,712200
2020-05-29,1678.0,1734.0,1662.0,1717.0,808200
2020-06-01,1710.0,1827.0,1702.0,1748.0,1149300
2020-06-02,1765.0,1809.0,1745.0,1808.0,371400
2020-06-03,1814.0,1905.0,1810.0,1905.0,594700
2020-06-04,1904.0,1932.0,1836.0,1898.0,705500
2020-06-05,1865.0,1910.0,1802.0,1850.0,1076700
2020-06-08,1871.0,1895.0,1845.0,1887.0,672900
2020-06-09,1875.0,1888.0,1825.0,1885.0,616300
2020-06-10,1879.0,1969.0,1852.0,1969.0,690500
2020-06-11,1945.0,1959.0,1817.0,1836.0,638500
2020-06-12,1761.0,1980.0,1744.0,1929.0,1312100
2020-06-15,1902.0,1920.0,1750.0,1775.0,685500
2020-06-16,1895.0,1895.0,1830.0,1847.0,236600
2020-06-17,1844.0,1970.0,1816.0,1939.0,347600
2020-06-18,1925.0,1929.0,1880.0,1898.0,267500
2020-06-19,1907.0,1935.0,1872.0,1895.0,119400
2020-06-22,1890.0,1930.0,1878.0,1903.0,100000
2020-06-23,1891.0,1896.0,1851.0,1880.0,127000
2020-06-24,1915.0,1915.0,1845.0,1872.0,152000
2020-06-25,1851.0,1853.0,1812.0,1820.0,169400
2020-06-26,1843.0,1859.0,1816.0,1855.0,122400
2020-06-29,1879.0,1955.0,1863.0,1925.0,234600
2020-06-30,1975.0,2074.0,1959.0,2049.0,592200
2020-07-01,2059.0,2060.0,1874.0,1890.0,410500
2020-07-02,1905.0,1914.0,1814.0,1854.0,222200
2020-07-03,1868.0,1916.0,1842.0,1893.0,107400
2020-07-06,1901.0,1935.0,1875.0,1881.0,100400
2020-07-07,1894.0,1912.0,1875.0,1890.0,93700
2020-07-08,1910.0,1915.0,1880.0,1882.0,61400
2020-07-09,1890.0,1890.0,1815.0,1841.0,117900
2020-07-10,1842.0,1876.0,1818.0,1820.0,100000
2020-07-13,1836.0,1867.0,1828.0,1863.0,96000
2020-07-14,1850.0,1915.0,1815.0,1863.0,147000
2020-07-15,1865.0,1886.0,1834.0,1844.0,87600
2020-07-16,1862.0,1862.0,1830.0,1830.0,69000
2020-07-17,1838.0,1847.0,1803.0,1822.0,52700
2020-07-20,1800.0,1809.0,1742.0,1793.0,106600
2020-07-21,1784.0,1810.0,1758.0,1796.0,59500
2020-07-22,1795.0,1798.0,1761.0,1766.0,54600
2020-07-27,1755.0,1834.0,1748.0,1825.0,92800
2020-07-28,1850.0,1850.0,1784.0,1787.0,63700
2020-07-29,1787.0,1792.0,1746.0,1764.0,46300
2020-07-30,1760.0,1789.0,1756.0,1789.0,47800
2020-07-31,1788.0,1788.0,1682.0,1690.0,88800
2020-08-03,1728.0,1779.0,1728.0,1771.0,66000
2020-08-04,1792.0,1825.0,1786.0,1801.0,97100
2020-08-05,1839.0,1908.0,1811.0,1888.0,175600
2020-08-06,1915.0,1960.0,1901.0,1959.0,241400
2020-08-07,1988.0,1992.0,1830.0,1959.0,360100
2020-08-11,1839.0,1880.0,1770.0,1844.0,315300
2020-08-12,1808.0,1848.0,1790.0,1824.0,165600
2020-08-13,1824.0,1827.0,1803.0,1815.0,80300
2020-08-14,1820.0,1852.0,1805.0,1836.0,77800
2020-08-17,1860.0,1909.0,1824.0,1824.0,131900
2020-08-18,1826.0,1834.0,1770.0,1793.0,117300
2020-08-19,1793.0,1795.0,1755.0,1784.0,90300
2020-08-20,1771.0,1781.0,1754.0,1755.0,63700
2020-08-21,1810.0,1855.0,1783.0,1832.0,277100
2020-08-24,1890.0,1944.0,1870.0,1916.0,302400
2020-08-25,1900.0,1927.0,1893.0,1912.0,117400
2020-08-26,1920.0,1920.0,1884.0,1891.0,81000
2020-08-27,1900.0,1900.0,1879.0,1893.0,56100
2020-08-28,1883.0,1894.0,1850.0,1866.0,136700
2020-08-31,1893.0,1896.0,1861.0,1869.0,68500
2020-09-01,1849.0,1856.0,1835.0,1836.0,56500
2020-09-02,1861.0,1942.0,1855.0,1918.0,279900
2020-09-03,1935.0,1975.0,1922.0,1936.0,209900
2020-09-04,1872.0,1894.0,1870.0,1879.0,99400
2020-09-07,1885.0,1885.0,1811.0,1818.0,96800
2020-09-08,1807.0,1823.0,1795.0,1822.0,61400
2020-09-09,1795.0,1800.0,1763.0,1779.0,94000
2020-09-10,1803.0,1808.0,1766.0,1773.0,80400
2020-09-11,1773.0,1789.0,1765.0,1789.0,64400
2020-09-14,1792.0,1799.0,1764.0,1764.0,69000
2020-09-15,1774.0,1790.0,1762.0,1785.0,50200
2020-09-16,1785.0,1786.0,1772.0,1772.0,36700
2020-09-17,1784.0,1797.0,1758.0,1765.0,84000
2020-09-18,1786.0,1788.0,1755.0,1755.0,67100
2020-09-23,1745.0,1745.0,1701.0,1715.0,94000
2020-09-24,1709.0,1715.0,1670.0,1678.0,90100
2020-09-25,1680.0,1705.0,1680.0,1705.0,67200
2020-09-28,1715.0,1717.0,1672.0,1690.0,74300
2020-09-29,1692.0,1717.0,1676.0,1705.0,62200
2020-09-30,1711.0,1742.0,1710.0,1710.0,68300
2020-10-02,1734.0,1734.0,1633.0,1657.0,116300
2020-10-05,1690.0,1693.0,1661.0,1669.0,42400
2020-10-06,1676.0,1701.0,1671.0,1695.0,47500
2020-10-07,1681.0,1698.0,1679.0,1693.0,39000
2020-10-08,1715.0,1729.0,1700.0,1701.0,56000
2020-10-09,1717.0,1730.0,1702.0,1730.0,78000
2020-10-12,1731.0,1750.0,1696.0,1714.0,73900
2020-10-13,1716.0,1720.0,1692.0,1696.0,63000
2020-10-14,1691.0,1718.0,1687.0,1715.0,50600
2020-10-15,1719.0,1719.0,1671.0,1680.0,67300
2020-10-16,1680.0,1703.0,1667.0,1672.0,70600
2020-10-19,1672.0,1693.0,1664.0,1687.0,57100
2020-10-20,1673.0,1707.0,1671.0,1707.0,72300
2020-10-21,1702.0,1728.0,1702.0,1720.0,81300
2020-10-22,1702.0,1702.0,1606.0,1607.0,232600
2020-10-23,1635.0,1635.0,1602.0,1631.0,64200
2020-10-26,1635.0,1639.0,1605.0,1605.0,47800
2020-10-27,1598.0,1600.0,1560.0,1594.0,64100
2020-10-28,1564.0,1581.0,1546.0,1569.0,78000
2020-10-29,1540.0,1579.0,1536.0,1579.0,71400
2020-10-30,1579.0,1583.0,1548.0,1557.0,44100
2020-11-02,1570.0,1573.0,1518.0,1524.0,56600
2020-11-04,1541.0,1576.0,1535.0,1571.0,55800
2020-11-05,1559.0,1559.0,1531.0,1542.0,66800
2020-11-06,1559.0,1567.0,1535.0,1559.0,84300
2020-11-09,1599.0,1633.0,1598.0,1629.0,138300
2020-11-10,1627.0,1630.0,1541.0,1550.0,194100
2020-11-11,1569.0,1589.0,1550.0,1588.0,91900
2020-11-12,1598.0,1604.0,1567.0,1604.0,110700
2020-11-13,1599.0,1612.0,1571.0,1595.0,191900
2020-11-16,1600.0,1627.0,1549.0,1569.0,228400
2020-11-17,1563.0,1569.0,1483.0,1504.0,194100
2020-11-18,1520.0,1555.0,1520.0,1521.0,134700
2020-11-19,1539.0,1540.0,1488.0,1495.0,127400
2020-11-20,1490.0,1545.0,1487.0,1539.0,100900
2020-11-24,1540.0,1555.0,1530.0,1545.0,74300
2020-11-25,1548.0,1556.0,1530.0,1538.0,59800
2020-11-26,1530.0,1543.0,1524.0,1530.0,33400
2020-11-27,1530.0,1534.0,1514.0,1524.0,69100
2020-11-30,1523.0,1542.0,1491.0,1496.0,91900
2020-12-01,1510.0,1513.0,1491.0,1505.0,55200
2020-12-02,1508.0,1514.0,1495.0,1511.0,46800
2020-12-03,1500.0,1511.0,1494.0,1508.0,54000
2020-12-04,1502.0,1508.0,1486.0,1508.0,78200
2020-12-07,1510.0,1523.0,1490.0,1500.0,70600
2020-12-08,1486.0,1508.0,1475.0,1508.0,82200
2020-12-09,1507.0,1512.0,1497.0,1503.0,29400
2020-12-10,1510.0,1544.0,1497.0,1539.0,82000
2020-12-11,1539.0,1553.0,1514.0,1526.0,39100
2020-12-14,1535.0,1548.0,1525.0,1535.0,62000
2020-12-15,1560.0,1599.0,1555.0,1599.0,251300
2020-12-16,1615.0,1648.0,1600.0,1645.0,185200
2020-12-17,1650.0,1658.0,1623.0,1656.0,92400
2020-12-18,1656.0,1726.0,1647.0,1664.0,182200
2020-12-21,1664.0,1680.0,1610.0,1634.0,78000
2020-12-22,1639.0,1639.0,1588.0,1609.0,74800
2020-12-23,1609.0,1627.0,1574.0,1579.0,50000
2020-12-24,1584.0,1603.0,1571.0,1578.0,46200
2020-12-25,1591.0,1610.0,1575.0,1584.0,34700
2020-12-28,1584.0,1640.0,1580.0,1596.0,110400
2020-12-29,1602.0,1627.0,1587.0,1615.0,43200
2020-12-30,1617.0,1636.0,1597.0,1628.0,60900
2021-01-04,1647.0,1647.0,1582.0,1609.0,65000
2021-01-05,1606.0,1610.0,1586.0,1603.0,34400
2021-01-06,1603.0,1639.0,1603.0,1632.0,37700
2021-01-07,1634.0,1645.0,1619.0,1639.0,49300
2021-01-08,1635.0,1675.0,1635.0,1656.0,52600
2021-01-12,1658.0,1665.0,1638.0,1662.0,31700
2021-01-13,1671.0,1693.0,1658.0,1689.0,47700
2021-01-14,1695.0,1698.0,1642.0,1654.0,62600
2021-01-15,1654.0,1654.0,1620.0,1636.0,61500
2021-01-18,1635.0,1653.0,1609.0,1645.0,53700
2021-01-19,1654.0,1662.0,1642.0,1652.0,26800
2021-01-20,1650.0,1654.0,1638.0,1654.0,27400
2021-01-21,1654.0,1684.0,1650.0,1672.0,53300
2021-01-22,1671.0,1730.0,1665.0,1722.0,132600
2021-01-25,1730.0,1744.0,1697.0,1711.0,75200
2021-01-26,1710.0,1737.0,1705.0,1730.0,31900
2021-01-27,1738.0,1740.0,1715.0,1720.0,35300
2021-01-28,1700.0,1715.0,1687.0,1695.0,60400
2021-01-29,1700.0,1700.0,1655.0,1657.0,58400
2021-02-01,1650.0,1686.0,1650.0,1681.0,28000
2021-02-02,1678.0,1695.0,1667.0,1690.0,31300
2021-02-03,1701.0,1715.0,1682.0,1693.0,25500
2021-02-04,1707.0,1714.0,1690.0,1700.0,29200
2021-02-05,1711.0,1712.0,1691.0,1700.0,40500
2021-02-08,1712.0,1717.0,1695.0,1712.0,84800
2021-02-09,1710.0,1717.0,1680.0,1714.0,97200
2021-02-10,1709.0,1730.0,1704.0,1730.0,45000
2021-02-12,1745.0,1752.0,1721.0,1738.0,115800
2021-02-15,1735.0,1735.0,1621.0,1665.0,255400
2021-02-16,1666.0,1686.0,1636.0,1636.0,122500
2021-02-17,1635.0,1658.0,1625.0,1658.0,85800
2021-02-18,1658.0,1658.0,1613.0,1615.0,93200
2021-02-19,1610.0,1622.0,1590.0,1606.0,66900
2021-02-22,1609.0,1641.0,1608.0,1638.0,55500
2021-02-24,1641.0,1648.0,1605.0,1610.0,55900
2021-02-25,1619.0,1619.0,1602.0,1606.0,42300
2021-02-26,1588.0,1597.0,1580.0,1583.0,84400
2021-03-01,1583.0,1590.0,1564.0,1586.0,39300
2021-03-02,1599.0,1603.0,1566.0,1567.0,42200
2021-03-03,1573.0,1584.0,1571.0,1575.0,27100
2021-03-04,1571.0,1574.0,1552.0,1562.0,37200
2021-03-05,1560.0,1573.0,1522.0,1546.0,70200
2021-03-08,1560.0,1578.0,1546.0,1560.0,46800
2021-03-09,1581.0,1599.0,1560.0,1595.0,40800
2021-03-10,1610.0,1622.0,1601.0,1601.0,40900
2021-03-11,1617.0,1630.0,1608.0,1625.0,30800
2021-03-12,1663.0,1673.0,1644.0,1658.0,160300
2021-03-15,1653.0,1661.0,1632.0,1650.0,84200
2021-03-16,1638.0,1649.0,1616.0,1625.0,78200
2021-03-17,1633.0,1688.0,1633.0,1644.0,99900
2021-03-18,1651.0,1688.0,1651.0,1666.0,93200
2021-03-19,1655.0,1672.0,1648.0,1665.0,39900
2021-03-22,1658.0,1662.0,1643.0,1652.0,41600
2021-03-23,1650.0,1651.0,1617.0,1617.0,75800
2021-03-24,1601.0,1601.0,1565.0,1569.0,138600
2021-03-25,1580.0,1593.0,1577.0,1591.0,40200
2021-03-26,1600.0,1612.0,1600.0,1611.0,40700
2021-03-29,1611.0,1624.0,1604.0,1611.0,78600
2021-03-30,1590.0,1603.0,1583.0,1597.0,38500
2021-03-31,1595.0,1600.0,1588.0,1591.0,16600
2021-04-01,1594.0,1602.0,1591.0,1592.0,31500
2021-04-02,1605.0,1622.0,1598.0,1613.0,55000
2021-04-05,1625.0,1637.0,1613.0,1628.0,62100
2021-04-06,1626.0,1635.0,1609.0,1612.0,35800
2021-04-07,1613.0,1645.0,1611.0,1642.0,60800
2021-04-08,1640.0,1640.0,1610.0,1610.0,44100
2021-04-09,1611.0,1624.0,1605.0,1613.0,30700
2021-04-12,1615.0,1619.0,1601.0,1603.0,20900
2021-04-13,1605.0,1608.0,1591.0,1595.0,49400
2021-04-14,1590.0,1595.0,1571.0,1573.0,49000
2021-04-15,1570.0,1580.0,1570.0,1577.0,23100
2021-04-16,1579.0,1586.0,1575.0,1580.0,14300
2021-04-19,1579.0,1590.0,1570.0,1570.0,33500
2021-04-20,1565.0,1578.0,1551.0,1560.0,30200
2021-04-21,1548.0,1548.0,1517.0,1523.0,71800
2021-04-22,1538.0,1545.0,1530.0,1533.0,30900
2021-04-23,1521.0,1533.0,1518.0,1520.0,32800
2021-04-26,1522.0,1549.0,1516.0,1542.0,38200
2021-04-27,1545.0,1545.0,1536.0,1538.0,25100
2021-04-28,1536.0,1541.0,1530.0,1536.0,22700
2021-04-30,1540.0,1567.0,1530.0,1550.0,101400
2021-05-06,1560.0,1582.0,1555.0,1577.0,63300
2021-05-07,1587.0,1595.0,1571.0,1583.0,44600
2021-05-10,1593.0,1618.0,1583.0,1610.0,50900
2021-05-11,1609.0,1623.0,1598.0,1601.0,59900
2021-05-12,1596.0,1596.0,1400.0,1478.0,255000
2021-05-13,1470.0,1470.0,1405.0,1406.0,165800
2021-05-14,1412.0,1418.0,1359.0,1366.0,200900
2021-05-17,1389.0,1407.0,1378.0,1380.0,121500
2021-05-18,1397.0,1397.0,1360.0,1379.0,100800
2021-05-19,1372.0,1416.0,1370.0,1400.0,88100
2021-05-20,1410.0,1421.0,1407.0,1415.0,39900
2021-05-21,1426.0,1426.0,1399.0,1405.0,46300
2021-05-24,1407.0,1410.0,1390.0,1404.0,36800
2021-05-25,1413.0,1413.0,1391.0,1397.0,72200
2021-05-26,1406.0,1407.0,1396.0,1402.0,47200
2021-05-27,1402.0,1417.0,1400.0,1404.0,50800
2021-05-28,1406.0,1413.0,1402.0,1404.0,42000
2021-05-31,1404.0,1430.0,1404.0,1430.0,48900
2021-06-01,1445.0,1457.0,1433.0,1441.0,76500
2021-06-02,1455.0,1463.0,1440.0,1463.0,55600
2021-06-03,1465.0,1468.0,1450.0,1454.0,50800
2021-06-04,1457.0,1457.0,1440.0,1450.0,36700
2021-06-07,1455.0,1462.0,1451.0,1451.0,28100
2021-06-08,1451.0,1451.0,1433.0,1443.0,44700
2021-06-09,1450.0,1451.0,1432.0,1450.0,31500
2021-06-10,1445.0,1454.0,1440.0,1453.0,31600
2021-06-11,1453.0,1469.0,1448.0,1466.0,48400
2021-06-14,1470.0,1483.0,1463.0,1482.0,42300
2021-06-15,1493.0,1510.0,1483.0,1489.0,52100
2021-06-16,1488.0,1490.0,1481.0,1485.0,21900
2021-06-17,1480.0,1480.0,1461.0,1462.0,31500
2021-06-18,1463.0,1463.0,1440.0,1444.0,68000
2021-06-21,1432.0,1432.0,1405.0,1405.0,55000
2021-06-22,1425.0,1430.0,1410.0,1428.0,25400
2021-06-23,1441.0,1450.0,1431.0,1441.0,51000
2021-06-24,1440.0,1446.0,1431.0,1443.0,20400
2021-06-25,1453.0,1453.0,1436.0,1444.0,17600
2021-06-28,1453.0,1468.0,1443.0,1464.0,36300
2021-06-29,1458.0,1459.0,1448.0,1454.0,15800
2021-06-30,1455.0,1463.0,1450.0,1462.0,19300
2021-07-01,1462.0,1462.0,1449.0,1454.0,17600
2021-07-02,1454.0,1459.0,1450.0,1451.0,19400
2021-07-05,1469.0,1483.0,1458.0,1465.0,38100
2021-07-06,1466.0,1466.0,1451.0,1460.0,15600
2021-07-07,1458.0,1458.0,1436.0,1439.0,29000
2021-07-08,1435.0,1437.0,1419.0,1419.0,22400
2021-07-09,1415.0,1429.0,1401.0,1428.0,39200
2021-07-12,1438.0,1449.0,1428.0,1436.0,17700
2021-07-13,1444.0,1453.0,1438.0,1439.0,16800
2021-07-14,1436.0,1448.0,1435.0,1448.0,16400
2021-07-15,1448.0,1448.0,1433.0,1439.0,14900
2021-07-16,1440.0,1451.0,1432.0,1439.0,25800
2021-07-19,1432.0,1437.0,1410.0,1420.0,24800
2021-07-20,1409.0,1413.0,1400.0,1406.0,19700
2021-07-21,1436.0,1436.0,1410.0,1414.0,18600
2021-07-26,1428.0,1430.0,1416.0,1423.0,15000
2021-07-27,1428.0,1429.0,1422.0,1426.0,11400
2021-07-28,1419.0,1438.0,1419.0,1426.0,13600
2021-07-29,1426.0,1432.0,1422.0,1423.0,6000
2021-07-30,1423.0,1423.0,1400.0,1402.0,27800
2021-08-02,1415.0,1419.0,1406.0,1415.0,15000
2021-08-03,1415.0,1426.0,1412.0,1421.0,16100
2021-08-04,1421.0,1421.0,1410.0,1410.0,12200
2021-08-05,1405.0,1415.0,1402.0,1402.0,23300
2021-08-06,1403.0,1411.0,1362.0,1371.0,57000
2021-08-10,1380.0,1385.0,1365.0,1376.0,26800
2021-08-11,1380.0,1392.0,1380.0,1387.0,16700
2021-08-12,1386.0,1395.0,1382.0,1385.0,19200
2021-08-13,1384.0,1385.0,1372.0,1374.0,22500
2021-08-16,1364.0,1369.0,1341.0,1344.0,43400
2021-08-17,1340.0,1345.0,1310.0,1314.0,37700
2021-08-18,1314.0,1330.0,1300.0,1306.0,35500
2021-08-19,1306.0,1310.0,1292.0,1295.0,33300
2021-08-20,1291.0,1302.0,1282.0,1283.0,37100
2021-08-23,1295.0,1334.0,1295.0,1319.0,32500
2021-08-24,1319.0,1339.0,1312.0,1324.0,32000
2021-08-25,1340.0,1340.0,1332.0,1334.0,12300
2021-08-26,1335.0,1344.0,1335.0,1339.0,10900
2021-08-27,1333.0,1340.0,1331.0,1333.0,10600
2021-08-30,1335.0,1352.0,1314.0,1323.0,39900
2021-08-31,1327.0,1348.0,1323.0,1345.0,17800
2021-09-01,1349.0,1355.0,1344.0,1350.0,18100
2021-09-02,1360.0,1367.0,1359.0,1362.0,20400
2021-09-03,1362.0,1366.0,1354.0,1354.0,15500
2021-09-06,1354.0,1358.0,1334.0,1335.0,35000
2021-09-07,1340.0,1347.0,1324.0,1328.0,34300
2021-09-08,1328.0,1335.0,1318.0,1324.0,32900
2021-09-09,1318.0,1332.0,1318.0,1324.0,25800
2021-09-10,1325.0,1338.0,1318.0,1335.0,30200
2021-09-13,1335.0,1355.0,1335.0,1355.0,26500
2021-09-14,1356.0,1369.0,1356.0,1365.0,27400
2021-09-15,1363.0,1363.0,1336.0,1340.0,21000
2021-09-16,1345.0,1345.0,1323.0,1335.0,25700
2021-09-17,1325.0,1345.0,1325.0,1345.0,24800
2021-09-21,1320.0,1325.0,1306.0,1320.0,31800
2021-09-22,1313.0,1315.0,1297.0,1297.0,45500
2021-09-24,1312.0,1318.0,1300.0,1304.0,25800
2021-09-27,1302.0,1308.0,1301.0,1301.0,17500
2021-09-28,1300.0,1310.0,1295.0,1310.0,28300
2021-09-29,1310.0,1315.0,1291.0,1315.0,23100
2021-09-30,1315.0,1316.0,1300.0,1306.0,20500
2021-10-01,1303.0,1303.0,1275.0,1284.0,62100
2021-10-04,1297.0,1307.0,1287.0,1304.0,23000
2021-10-05,1291.0,1300.0,1283.0,1289.0,26300
2021-10-06,1298.0,1301.0,1281.0,1281.0,23400
2021-10-07,1282.0,1286.0,1275.0,1275.0,18800
2021-10-08,1278.0,1291.0,1278.0,1290.0,12500
2021-10-11,1295.0,1297.0,1288.0,1294.0,11000
2021-10-12,1300.0,1300.0,1283.0,1293.0,18100
2021-10-13,1285.0,1293.0,1280.0,1282.0,7400
2021-10-14,1280.0,1280.0,1261.0,1269.0,39400
2021-10-15,1278.0,1286.0,1271.0,1279.0,36000
2021-10-18,1281.0,1299.0,1280.0,1299.0,19400
2021-10-19,1299.0,1318.0,1299.0,1315.0,26000
2021-10-20,1322.0,1324.0,1314.0,1314.0,20500
2021-10-21,1310.0,1312.0,1285.0,1291.0,16400
2021-10-22,1282.0,1291.0,1274.0,1282.0,10600
2021-10-25,1280.0,1280.0,1265.0,1265.0,12500
2021-10-26,1268.0,1272.0,1266.0,1272.0,4800
2021-10-27,1275.0,1279.0,1265.0,1273.0,10300
2021-10-28,1264.0,1279.0,1264.0,1275.0,13900
2021-10-29,1275.0,1275.0,1265.0,1269.0,10000
2021-11-01,1274.0,1278.0,1263.0,1268.0,12800
2021-11-02,1269.0,1271.0,1262.0,1265.0,11600
2021-11-04,1265.0,1273.0,1264.0,1265.0,17100
2021-11-05,1261.0,1269.0,1261.0,1264.0,23000
2021-11-08,1268.0,1268.0,1261.0,1264.0,11300
2021-11-09,1264.0,1272.0,1261.0,1261.0,13600
2021-11-10,1260.0,1264.0,1251.0,1255.0,16900
2021-11-11,1250.0,1254.0,1230.0,1230.0,38700
2021-11-12,1208.0,1230.0,1204.0,1221.0,28700
2021-11-15,1219.0,1222.0,1207.0,1207.0,16800
2021-11-16,1202.0,1204.0,1176.0,1177.0,64300
2021-11-17,1176.0,1176.0,1156.0,1174.0,44200
2021-11-18,1172.0,1176.0,1165.0,1172.0,19600
2021-11-19,1170.0,1178.0,1162.0,1178.0,21300
2021-11-22,1182.0,1192.0,1172.0,1186.0,18900
2021-11-24,1188.0,1209.0,1188.0,1200.0,26300
2021-11-25,1211.0,1211.0,1191.0,1191.0,11100
2021-11-26,1183.0,1184.0,1165.0,1180.0,28200
2021-11-29,1166.0,1170.0,1145.0,1147.0,33000
2021-11-30,1148.0,1159.0,1112.0,1112.0,31800
2021-12-01,1113.0,1132.0,1107.0,1111.0,36500
2021-12-02,1105.0,1124.0,1104.0,1122.0,22400
2021-12-03,1124.0,1144.0,1124.0,1132.0,27400
2021-12-06,1132.0,1149.0,1132.0,1141.0,12700
2021-12-07,1141.0,1162.0,1141.0,1160.0,22600
2021-12-08,1168.0,1168.0,1162.0,1165.0,12100
2021-12-09,1164.0,1165.0,1148.0,1148.0,18100
2021-12-10,1147.0,1147.0,1130.0,1131.0,15400
2021-12-13,1134.0,1135.0,1121.0,1126.0,15500
2021-12-14,1119.0,1129.0,1118.0,1126.0,15400
2021-12-15,1116.0,1131.0,1104.0,1113.0,29000
2021-12-16,1119.0,1126.0,1111.0,1112.0,17200
2021-12-17,1110.0,1118.0,1107.0,1107.0,17600
2021-12-20,1104.0,1107.0,1070.0,1071.0,57400
2021-12-21,1079.0,1079.0,1071.0,1072.0,23400
2021-12-22,1075.0,1115.0,1072.0,1107.0,58100
2021-12-23,1107.0,1118.0,1100.0,1101.0,20600
2021-12-24,1112.0,1135.0,1112.0,1134.0,37800
2021-12-27,1138.0,1144.0,1113.0,1115.0,33500
2021-12-28,1115.0,1126.0,1111.0,1115.0,31300
2021-12-29,1119.0,1163.0,1119.0,1162.0,22400
2021-12-30,1152.0,1162.0,1149.0,1156.0,8800
2022-01-04,1186.0,1186.0,1155.0,1163.0,18800
2022-01-05,1166.0,1170.0,1164.0,1166.0,8200
2022-01-06,1165.0,1175.0,1162.0,1167.0,21900
2022-01-07,1167.0,1178.0,1160.0,1160.0,12900
2022-01-11,1163.0,1170.0,1149.0,1151.0,8600
2022-01-12,1145.0,1157.0,1144.0,1153.0,21500
2022-01-13,1150.0,1151.0,1140.0,1145.0,7100
2022-01-14,1141.0,1141.0,1123.0,1130.0,27400
2022-01-17,1131.0,1151.0,1131.0,1131.0,14100
2022-01-18,1127.0,1137.0,1127.0,1129.0,17100
2022-01-19,1120.0,1124.0,1096.0,1096.0,42200
2022-01-20,1091.0,1110.0,1088.0,1104.0,19600
2022-01-21,1088.0,1099.0,1087.0,1098.0,18800
2022-01-24,1086.0,1101.0,1086.0,1100.0,13700
2022-01-25,1100.0,1100.0,1087.0,1095.0,13700
2022-01-26,1095.0,1099.0,1087.0,1090.0,7400
2022-01-27,1090.0,1093.0,1056.0,1056.0,38700
2022-01-28,1057.0,1075.0,1054.0,1071.0,24700
2022-01-31,1071.0,1091.0,1070.0,1090.0,18200
2022-02-01,1080.0,1088.0,1066.0,1076.0,36300
2022-02-02,1080.0,1093.0,1079.0,1091.0,17000
2022-02-03,1090.0,1094.0,1084.0,1091.0,13300
2022-02-04,1091.0,1117.0,1088.0,1117.0,14800
2022-02-07,1120.0,1120.0,1105.0,1115.0,12200
2022-02-08,1112.0,1121.0,1099.0,1118.0,15400
2022-02-09,1110.0,1116.0,1103.0,1108.0,23200
2022-02-10,1110.0,1125.0,1110.0,1125.0,14800
2022-02-14,1115.0,1122.0,1108.0,1116.0,16100
2022-02-15,1111.0,1115.0,1106.0,1114.0,14700
2022-02-16,1125.0,1132.0,1120.0,1126.0,21100
2022-02-17,1130.0,1131.0,1114.0,1115.0,11300
2022-02-18,1115.0,1121.0,1104.0,1121.0,17200
2022-02-21,1122.0,1123.0,1109.0,1118.0,9600
2022-02-22,1112.0,1112.0,1098.0,1108.0,29100
2022-02-24,1099.0,1108.0,1089.0,1092.0,21500
2022-02-25,1091.0,1092.0,1080.0,1091.0,23000
2022-02-28,1082.0,1105.0,1082.0,1101.0,9700
2022-03-01,1109.0,1112.0,1096.0,1100.0,21300
2022-03-02,1097.0,1109.0,1096.0,1103.0,10600
2022-03-03,1110.0,1117.0,1106.0,1107.0,16700
2022-03-04,1108.0,1112.0,1102.0,1102.0,20800
2022-03-07,1100.0,1100.0,1070.0,1075.0,29800
2022-03-08,1078.0,1082.0,1045.0,1047.0,31100
2022-03-09,1050.0,1061.0,1041.0,1052.0,27200
2022-03-10,1054.0,1088.0,1054.0,1077.0,13800
2022-03-11,1075.0,1086.0,1066.0,1080.0,9500
2022-03-14,1086.0,1100.0,1086.0,1095.0,9600
2022-03-15,1088.0,1106.0,1088.0,1099.0,10700
2022-03-16,1102.0,1102.0,1090.0,1098.0,15200
2022-03-17,1102.0,1109.0,1100.0,1107.0,15800
2022-03-18,1107.0,1127.0,1103.0,1121.0,19200
2022-03-22,1125.0,1143.0,1121.0,1134.0,21900
2022-03-23,1142.0,1142.0,1127.0,1133.0,19000
2022-03-24,1135.0,1138.0,1127.0,1133.0,10800
2022-03-25,1143.0,1144.0,1125.0,1126.0,19300
2022-03-28,1135.0,1140.0,1126.0,1136.0,16600
2022-03-29,1132.0,1147.0,1132.0,1147.0,46100
2022-03-30,1127.0,1127.0,1102.0,1117.0,30300
2022-03-31,1117.0,1135.0,1101.0,1117.0,27800
2022-04-01,1115.0,1121.0,1102.0,1106.0,11900
2022-04-04,1107.0,1107.0,1101.0,1103.0,7400
2022-04-05,1115.0,1140.0,1110.0,1136.0,21600
2022-04-06,1136.0,1138.0,1123.0,1138.0,15000
2022-04-07,1137.0,1137.0,1108.0,1119.0,30000
2022-04-08,1117.0,1129.0,1104.0,1129.0,18300
2022-04-11,1136.0,1136.0,1096.0,1096.0,26700
2022-04-12,1096.0,1104.0,1086.0,1101.0,12500
2022-04-13,1098.0,1114.0,1098.0,1109.0,9100
2022-04-14,1106.0,1113.0,1098.0,1101.0,15900
2022-04-15,1097.0,1099.0,1090.0,1093.0,9000
2022-04-18,1084.0,1084.0,1064.0,1078.0,17800
2022-04-19,1084.0,1102.0,1078.0,1102.0,10600
2022-04-20,1102.0,1116.0,1102.0,1110.0,9800
2022-04-21,1110.0,1115.0,1100.0,1106.0,12500
2022-04-22,1106.0,1106.0,1095.0,1106.0,12500
2022-04-25,1107.0,1107.0,1095.0,1105.0,9600
2022-04-26,1107.0,1109.0,1098.0,1098.0,10300
2022-04-27,1096.0,1117.0,1085.0,1101.0,15000
2022-04-28,1101.0,1108.0,1100.0,1104.0,13900
2022-05-02,1081.0,1096.0,1075.0,1093.0,16800
2022-05-06,1099.0,1105.0,1095.0,1104.0,13800
2022-05-09,1096.0,1102.0,1092.0,1097.0,8800
2022-05-10,1090.0,1100.0,1082.0,1100.0,18600
2022-05-11,1100.0,1100.0,1090.0,1090.0,8800
2022-05-12,1092.0,1092.0,1082.0,1092.0,9200
2022-05-13,1084.0,1096.0,1083.0,1090.0,11900
2022-05-16,1100.0,1100.0,1090.0,1090.0,12700
2022-05-17,1092.0,1101.0,1091.0,1100.0,16100
2022-05-18,1095.0,1104.0,1095.0,1104.0,16500
2022-05-19,1101.0,1115.0,1095.0,1105.0,22900
2022-05-20,1104.0,1109.0,1095.0,1109.0,14200
2022-05-23,1105.0,1106.0,1097.0,1101.0,20900
2022-05-24,1097.0,1100.0,1091.0,1097.0,12400
2022-05-25,1100.0,1104.0,1093.0,1097.0,13800
2022-05-26,1097.0,1102.0,1090.0,1095.0,16300
2022-05-27,1095.0,1096.0,1091.0,1091.0,8800
2022-05-30,1092.0,1112.0,1092.0,1112.0,18100
2022-05-31,1102.0,1137.0,1101.0,1137.0,37000
2022-06-01,1126.0,1156.0,1117.0,1154.0,40200
2022-06-02,1150.0,1154.0,1143.0,1148.0,22700
2022-06-03,1150.0,1152.0,1141.0,1141.0,15200
2022-06-06,1140.0,1150.0,1138.0,1149.0,17000
2022-06-07,1157.0,1215.0,1157.0,1197.0,64100
2022-06-08,1225.0,1255.0,1223.0,1244.0,92700
2022-06-09,1229.0,1251.0,1221.0,1226.0,42700
2022-06-10,1220.0,1224.0,1191.0,1191.0,42700
2022-06-13,1179.0,1196.0,1170.0,1174.0,25600
2022-06-14,1167.0,1170.0,1155.0,1170.0,17300
2022-06-15,1170.0,1176.0,1152.0,1154.0,11100
2022-06-16,1166.0,1169.0,1151.0,1151.0,9300
2022-06-17,1134.0,1135.0,1120.0,1135.0,30500
2022-06-20,1128.0,1128.0,1105.0,1110.0,14800
2022-06-21,1110.0,1130.0,1106.0,1126.0,19100
2022-06-22,1135.0,1136.0,1118.0,1122.0,14700
2022-06-23,1116.0,1131.0,1112.0,1112.0,17100
2022-06-24,1113.0,1132.0,1113.0,1132.0,11400
2022-06-27,1149.0,1149.0,1138.0,1146.0,13800
2022-06-28,1139.0,1148.0,1129.0,1142.0,12200
2022-06-29,1143.0,1165.0,1136.0,1165.0,13400
2022-06-30,1175.0,1175.0,1160.0,1172.0,26100
2022-07-01,1177.0,1177.0,1150.0,1159.0,22500
2022-07-04,1173.0,1173.0,1147.0,1161.0,10200
2022-07-05,1156.0,1157.0,1146.0,1154.0,7900
2022-07-06,1154.0,1154.0,1144.0,1144.0,7000
2022-07-07,1144.0,1145.0,1130.0,1144.0,13800
2022-07-08,1158.0,1158.0,1137.0,1150.0,13400
2022-07-11,1157.0,1157.0,1147.0,1156.0,12800
2022-07-12,1155.0,1155.0,1141.0,1141.0,9800
2022-07-13,1141.0,1148.0,1140.0,1142.0,3200
2022-07-14,1140.0,1165.0,1138.0,1165.0,21800
2022-07-15,1165.0,1165.0,1150.0,1156.0,6600
2022-07-19,1147.0,1157.0,1147.0,1157.0,6200
2022-07-20,1157.0,1174.0,1157.0,1174.0,47700
2022-07-21,1171.0,1184.0,1167.0,1167.0,18300
2022-07-22,1167.0,1167.0,1151.0,1151.0,11300
2022-07-25,1161.0,1161.0,1146.0,1157.0,14400
2022-07-26,1157.0,1157.0,1147.0,1154.0,13600
2022-07-27,1148.0,1172.0,1147.0,1170.0,24800
2022-07-28,1170.0,1171.0,1155.0,1169.0,15500
2022-07-29,1167.0,1167.0,1150.0,1152.0,10400
2022-08-01,1163.0,1163.0,1152.0,1160.0,10900
2022-08-02,1160.0,1160.0,1148.0,1150.0,12600
2022-08-03,1150.0,1171.0,1148.0,1151.0,40100
2022-08-04,1146.0,1149.0,1141.0,1149.0,7500
2022-08-05,1152.0,1152.0,1140.0,1142.0,11500
2022-08-08,1140.0,1141.0,1130.0,1138.0,16500
2022-08-09,1138.0,1150.0,1110.0,1111.0,45200
2022-08-10,1111.0,1111.0,1095.0,1111.0,41600
2022-08-12,1111.0,1116.0,1096.0,1109.0,20200
2022-08-15,1112.0,1125.0,1109.0,1120.0,20500
2022-08-16,1120.0,1121.0,1115.0,1120.0,9800
2022-08-17,1119.0,1125.0,1113.0,1120.0,21000
2022-08-18,1120.0,1120.0,1111.0,1117.0,13700
2022-08-19,1117.0,1123.0,1113.0,1116.0,7400
2022-08-22,1116.0,1117.0,1108.0,1111.0,13200
2022-08-23,1052.0,1097.0,1052.0,1083.0,167400
2022-08-24,1088.0,1104.0,1087.0,1097.0,22900
2022-08-25,1107.0,1107.0,1100.0,1104.0,8100
2022-08-26,1103.0,1104.0,1099.0,1103.0,6400
2022-08-29,1090.0,1098.0,1090.0,1094.0,7500
2022-08-30,1107.0,1107.0,1091.0,1095.0,9600
2022-08-31,1095.0,1095.0,1090.0,1092.0,7100
2022-09-01,1094.0,1094.0,1082.0,1084.0,14900
2022-09-02,1081.0,1081.0,1068.0,1071.0,15300
2022-09-05,1072.0,1080.0,1069.0,1080.0,6900
2022-09-06,1080.0,1080.0,1067.0,1073.0,10300
2022-09-07,1071.0,1071.0,1060.0,1061.0,9000
2022-09-08,1063.0,1068.0,1060.0,1067.0,8200
2022-09-09,1075.0,1079.0,1070.0,1079.0,13600
2022-09-12,1083.0,1083.0,1077.0,1079.0,6400
2022-09-13,1082.0,1082.0,1075.0,1077.0,8400
2022-09-14,1070.0,1078.0,1070.0,1078.0,7100
2022-09-15,1078.0,1078.0,1059.0,1066.0,21100
2022-09-16,1067.0,1067.0,1043.0,1043.0,35400
2022-09-20,1049.0,1058.0,1047.0,1054.0,8000
2022-09-21,1051.0,1057.0,1050.0,1056.0,10600
2022-09-22,1058.0,1062.0,1050.0,1062.0,13400
2022-09-26,1059.0,1059.0,1045.0,1055.0,9000
2022-09-27,1050.0,1051.0,1044.0,1050.0,15200
2022-09-28,1047.0,1049.0,1041.0,1044.0,12300
2022-09-29,1060.0,1060.0,1043.0,1050.0,6000
2022-09-30,1055.0,1055.0,1042.0,1049.0,9600
2022-10-03,1058.0,1058.0,1041.0,1050.0,15600
2022-10-04,1050.0,1054.0,1046.0,1054.0,9000
2022-10-05,1054.0,1057.0,1049.0,1050.0,8500
2022-10-06,1050.0,1057.0,1049.0,1057.0,9800
2022-10-07,1057.0,1057.0,1049.0,1055.0,8500
2022-10-11,1050.0,1050.0,1045.0,1046.0,9600
2022-10-12,1045.0,1046.0,1037.0,1046.0,12700
2022-10-13,1040.0,1045.0,1038.0,1041.0,5600
2022-10-14,1043.0,1043.0,1037.0,1043.0,6400
2022-10-17,1050.0,1054.0,1040.0,1054.0,10400
2022-10-18,1050.0,1055.0,1045.0,1055.0,8200
2022-10-19,1055.0,1070.0,1050.0,1070.0,29900
2022-10-20,1065.0,1065.0,1058.0,1060.0,4000
2022-10-21,1060.0,1060.0,1047.0,1047.0,9600
2022-10-24,1055.0,1055.0,1046.0,1047.0,6400
2022-10-25,1058.0,1058.0,1050.0,1055.0,5400
2022-10-26,1055.0,1073.0,1055.0,1069.0,28700
2022-10-27,1069.0,1069.0,1060.0,1063.0,7400
2022-10-28,1063.0,1072.0,1063.0,1065.0,5200
2022-10-31,1070.0,1070.0,1058.0,1069.0,5700
2022-11-01,1071.0,1071.0,1062.0,1068.0,4300
2022-11-02,1069.0,1069.0,1059.0,1059.0,4500
2022-11-04,1062.0,1070.0,1049.0,1055.0,14400
2022-11-07,1052.0,1052.0,1047.0,1047.0,10100
2022-11-08,1055.0,1055.0,1045.0,1052.0,9700
2022-11-09,1052.0,1053.0,1045.0,1048.0,13900
2022-11-10,1045.0,1050.0,1044.0,1044.0,9400
2022-11-11,1046.0,1050.0,1044.0,1045.0,14500
2022-11-14,1045.0,1049.0,1033.0,1048.0,22400
2022-11-15,1045.0,1048.0,1041.0,1045.0,5500
2022-11-16,1044.0,1046.0,1040.0,1040.0,12700
2022-11-17,1043.0,1050.0,1041.0,1049.0,15600
2022-11-18,1050.0,1050.0,1044.0,1044.0,8200
2022-11-21,1049.0,1049.0,1042.0,1043.0,10300
2022-11-22,1047.0,1050.0,1042.0,1047.0,18800
2022-11-24,1047.0,1053.0,1045.0,1050.0,18200
2022-11-25,1052.0,1054.0,1045.0,1052.0,17000
2022-11-28,1052.0,1052.0,1046.0,1052.0,11300
2022-11-29,1050.0,1050.0,1047.0,1049.0,6000
2022-11-30,1049.0,1055.0,1044.0,1055.0,21300
2022-12-01,1055.0,1055.0,1049.0,1052.0,8400
2022-12-02,1052.0,1052.0,1044.0,1049.0,15500
2022-12-05,1045.0,1047.0,1043.0,1044.0,7400
2022-12-06,1041.0,1050.0,1041.0,1041.0,19000
2022-12-07,1045.0,1046.0,1040.0,1046.0,15200
2022-12-08,1045.0,1047.0,1043.0,1047.0,10200
2022-12-09,1052.0,1052.0,1045.0,1050.0,9600
2022-12-12,1050.0,1050.0,1044.0,1047.0,9500
2022-12-13,1049.0,1049.0,1045.0,1048.0,9300
2022-12-14,1046.0,1047.0,1042.0,1047.0,11900
2022-12-15,1045.0,1048.0,1041.0,1045.0,13300
2022-12-16,1045.0,1048.0,1043.0,1044.0,5300
2022-12-19,1044.0,1045.0,1042.0,1043.0,4500
2022-12-20,1044.0,1048.0,1033.0,1038.0,31100
2022-12-21,1038.0,1038.0,1032.0,1032.0,11300
2022-12-22,1033.0,1035.0,1030.0,1030.0,14200
2022-12-23,1032.0,1034.0,1029.0,1034.0,15700
2022-12-26,1035.0,1035.0,1029.0,1029.0,16400
2022-12-27,1029.0,1032.0,1020.0,1021.0,33700
2022-12-28,1021.0,1023.0,1018.0,1020.0,27400
2022-12-29,1029.0,1041.0,1024.0,1041.0,22700
2022-12-30,1041.0,1064.0,1037.0,1055.0,41700
2023-01-04,1064.0,1064.0,1046.0,1051.0,12100
2023-01-05,1051.0,1056.0,1046.0,1050.0,7300
2023-01-06,1050.0,1055.0,1048.0,1053.0,9200
2023-01-10,1058.0,1060.0,1058.0,1060.0,9200
2023-01-11,1060.0,1073.0,1060.0,1070.0,38000
2023-01-12,1073.0,1073.0,1062.0,1063.0,8500
2023-01-13,1057.0,1069.0,1057.0,1067.0,9100
2023-01-16,1062.0,1073.0,1060.0,1070.0,12500
2023-01-17,1071.0,1071.0,1067.0,1071.0,3900
2023-01-18,1072.0,1072.0,1060.0,1068.0,9800
2023-01-19,1069.0,1069.0,1063.0,1068.0,6000
2023-01-20,1066.0,1071.0,1063.0,1068.0,4200
2023-01-23,1071.0,1071.0,1067.0,1068.0,2800
2023-01-24,1071.0,1071.0,1060.0,1065.0,8100
2023-01-25,1072.0,1072.0,1064.0,1066.0,4500
2023-01-26,1066.0,1079.0,1064.0,1075.0,10400
2023-01-27,1074.0,1074.0,1069.0,1071.0,1600
2023-01-30,1074.0,1075.0,1071.0,1072.0,3000
2023-01-31,1069.0,1072.0,1067.0,1072.0,6600
2023-02-01,1074.0,1074.0,1063.0,1068.0,6300
2023-02-02,1069.0,1069.0,1060.0,1065.0,3400
2023-02-03,1061.0,1064.0,1059.0,1059.0,5600
2023-02-06,1060.0,1060.0,1050.0,1053.0,16300
2023-02-07,1053.0,1055.0,1050.0,1055.0,12100
2023-02-08,1050.0,1055.0,1050.0,1054.0,2300
2023-02-09,1055.0,1058.0,1055.0,1056.0,2800
2023-02-10,1056.0,1070.0,1052.0,1056.0,10900
2023-02-13,1048.0,1068.0,1045.0,1049.0,14900
2023-02-14,1051.0,1055.0,1047.0,1049.0,6600
2023-02-15,1048.0,1052.0,1045.0,1052.0,6200
2023-02-16,1052.0,1055.0,1049.0,1052.0,3500
2023-02-17,1055.0,1055.0,1051.0,1052.0,3000
2023-02-20,1052.0,1058.0,1052.0,1056.0,8300
2023-02-21,1058.0,1058.0,1055.0,1056.0,4800
2023-02-22,1055.0,1056.0,1053.0,1054.0,3700
2023-02-24,1060.0,1060.0,1055.0,1055.0,6100
2023-02-27,1055.0,1061.0,1054.0,1056.0,6200
2023-02-28,1056.0,1060.0,1053.0,1060.0,6100
2023-03-01,1065.0,1065.0,1057.0,1061.0,5400
2023-03-02,1062.0,1065.0,1060.0,1065.0,6400
2023-03-03,1069.0,1069.0,1061.0,1064.0,5100
2023-03-06,1070.0,1070.0,1063.0,1070.0,6600
2023-03-07,1075.0,1075.0,1066.0,1067.0,9600
2023-03-08,1071.0,1074.0,1070.0,1074.0,10900
2023-03-09,1075.0,1078.0,1071.0,1077.0,12200
2023-03-10,1075.0,1077.0,1070.0,1071.0,9800
2023-03-13,1070.0,1070.0,1060.0,1067.0,9200
2023-03-14,1067.0,1067.0,1056.0,1060.0,9900
2023-03-15,1061.0,1069.0,1055.0,1065.0,7900
2023-03-16,1060.0,1060.0,1055.0,1059.0,6600
2023-03-17,1079.0,1079.0,1058.0,1061.0,14600
2023-03-20,1066.0,1067.0,1061.0,1064.0,6200
2023-03-22,1074.0,1074.0,1062.0,1062.0,7300
2023-03-23,1065.0,1066.0,1063.0,1066.0,5200
2023-03-24,1074.0,1076.0,1069.0,1076.0,7700
2023-03-27,1080.0,1090.0,1077.0,1085.0,18700
2023-03-28,1090.0,1090.0,1086.0,1089.0,10400
2023-03-29,1090.0,1090.0,1087.0,1090.0,50300
2023-03-30,1060.0,1064.0,1055.0,1060.0,21400
2023-03-31,1068.0,1068.0,1060.0,1065.0,8700
2023-04-03,1069.0,1069.0,1061.0,1063.0,10400
2023-04-04,1070.0,1070.0,1065.0,1070.0,15600
2023-04-05,1070.0,1070.0,1062.0,1064.0,5400
2023-04-06,1061.0,1065.0,1060.0,1064.0,10500
2023-04-07,1069.0,1069.0,1062.0,1066.0,6000
2023-04-10,1062.0,1066.0,1062.0,1065.0,3900
2023-04-11,1065.0,1066.0,1062.0,1063.0,4000
2023-04-12,1063.0,1065.0,1061.0,1062.0,3800
2023-04-13,1062.0,1064.0,1057.0,1057.0,9200
2023-04-14,1058.0,1065.0,1058.0,1064.0,5500
2023-04-17,1064.0,1064.0,1058.0,1060.0,5000
2023-04-18,1060.0,1065.0,1059.0,1060.0,5600
2023-04-19,1059.0,1064.0,1058.0,1061.0,6100
2023-04-20,1063.0,1063.0,1059.0,1060.0,4100
2023-04-21,1060.0,1080.0,1060.0,1063.0,16400
2023-04-24,1074.0,1074.0,1065.0,1072.0,8300
2023-04-25,1077.0,1077.0,1071.0,1073.0,7500
2023-04-26,1071.0,1071.0,1065.0,1070.0,4100
2023-04-27,1073.0,1073.0,1066.0,1066.0,8300
2023-04-28,1074.0,1080.0,1070.0,1080.0,16200
2023-05-01,1080.0,1082.0,1076.0,1079.0,11000
2023-05-02,1079.0,1094.0,1079.0,1094.0,27800
2023-05-08,1094.0,1095.0,1085.0,1090.0,17200
2023-05-09,1090.0,1090.0,1084.0,1086.0,12200
2023-05-10,1086.0,1093.0,1081.0,1082.0,9400
2023-05-11,1082.0,1091.0,1080.0,1086.0,6500
2023-05-12,1086.0,1089.0,1080.0,1080.0,9800
2023-05-15,1080.0,1082.0,1069.0,1081.0,18500
2023-05-16,1090.0,1091.0,1077.0,1082.0,25900
2023-05-17,1079.0,1088.0,1076.0,1079.0,25400
2023-05-18,1082.0,1086.0,1080.0,1085.0,20500
2023-05-19,1085.0,1092.0,1082.0,1092.0,21600
2023-05-22,1092.0,1099.0,1092.0,1095.0,27300
2023-05-23,1100.0,1106.0,1095.0,1100.0,36200
2023-05-24,1100.0,1100.0,1095.0,1098.0,8900
2023-05-25,1100.0,1104.0,1095.0,1100.0,10400
2023-05-26,1100.0,1101.0,1090.0,1094.0,12300
2023-05-29,1095.0,1099.0,1089.0,1089.0,8700
2023-05-30,1090.0,1090.0,1078.0,1079.0,19000
2023-05-31,1079.0,1080.0,1076.0,1079.0,7600
2023-06-01,1070.0,1077.0,1070.0,1077.0,14600
2023-06-02,1073.0,1081.0,1072.0,1078.0,9700
2023-06-05,1082.0,1085.0,1078.0,1080.0,8300
2023-06-06,1074.0,1085.0,1074.0,1075.0,17800
2023-06-07,1084.0,1085.0,1076.0,1080.0,14100
2023-06-08,1085.0,1097.0,1083.0,1091.0,18200
2023-06-09,1087.0,1091.0,1085.0,1091.0,11500
2023-06-12,1091.0,1097.0,1083.0,1097.0,13900
2023-06-13,1098.0,1102.0,1095.0,1095.0,16500
2023-06-14,1090.0,1098.0,1090.0,1090.0,15800
2023-06-15,1090.0,1092.0,1088.0,1089.0,12600
2023-06-16,1100.0,1121.0,1094.0,1120.0,73700
2023-06-19,1145.0,1170.0,1141.0,1168.0,87200
2023-06-20,1166.0,1166.0,1147.0,1150.0,36100
2023-06-21,1148.0,1148.0,1130.0,1142.0,23400
2023-06-22,1149.0,1153.0,1135.0,1148.0,23200
2023-06-23,1151.0,1151.0,1132.0,1133.0,21300
2023-06-26,1130.0,1134.0,1120.0,1122.0,28700
2023-06-27,1128.0,1180.0,1117.0,1133.0,33200
2023-06-28,1148.0,1163.0,1139.0,1161.0,40000
2023-06-29,1151.0,1157.0,1139.0,1148.0,18800
2023-06-30,1147.0,1147.0,1136.0,1143.0,13600
2023-07-03,1150.0,1150.0,1136.0,1142.0,20600
2023-07-04,1145.0,1145.0,1129.0,1131.0,22000
2023-07-05,1131.0,1136.0,1128.0,1130.0,6200
2023-07-06,1131.0,1139.0,1130.0,1130.0,8400
2023-07-07,1138.0,1140.0,1125.0,1140.0,16100
2023-07-10,1145.0,1147.0,1130.0,1136.0,18900
2023-07-11,1131.0,1134.0,1121.0,1131.0,18300
2023-07-12,1141.0,1161.0,1133.0,1136.0,62700
2023-07-13,1136.0,1139.0,1131.0,1133.0,11500
2023-07-14,1140.0,1141.0,1105.0,1117.0,27200
2023-07-18,1125.0,1135.0,1125.0,1134.0,13000
2023-07-19,1136.0,1144.0,1131.0,1144.0,21500
2023-07-20,1144.0,1149.0,1125.0,1137.0,27600
2023-07-21,1145.0,1145.0,1133.0,1138.0,8200
2023-07-24,1140.0,1161.0,1131.0,1149.0,52800
2023-07-25,1154.0,1165.0,1145.0,1151.0,27600
2023-07-26,1160.0,1185.0,1155.0,1184.0,70300
2023-07-27,1188.0,1189.0,1172.0,1179.0,38400
2023-07-28,1174.0,1174.0,1148.0,1161.0,44500
2023-07-31,1180.0,1189.0,1173.0,1184.0,52000
2023-08-01,1186.0,1189.0,1174.0,1181.0,44400
2023-08-02,1182.0,1185.0,1165.0,1168.0,23900
2023-08-03,1170.0,1170.0,1150.0,1150.0,24400
2023-08-04,1156.0,1175.0,1154.0,1174.0,20200
2023-08-07,1182.0,1190.0,1176.0,1187.0,60200
2023-08-08,1188.0,1189.0,1171.0,1175.0,61200
2023-08-09,1166.0,1174.0,1155.0,1173.0,35200
2023-08-10,1165.0,1168.0,1118.0,1118.0,165900
2023-08-14,1111.0,1131.0,1106.0,1127.0,76000
2023-08-15,1128.0,1129.0,1108.0,1114.0,50500
2023-08-16,1114.0,1114.0,1087.0,1092.0,48500
2023-08-17,1086.0,1087.0,1070.0,1085.0,41300
2023-08-18,1075.0,1086.0,1071.0,1080.0,14000
2023-08-21,1080.0,1094.0,1080.0,1082.0,14600
2023-08-22,1085.0,1092.0,1080.0,1092.0,19300
2023-08-23,1100.0,1114.0,1098.0,1113.0,24500
2023-08-24,1113.0,1113.0,1105.0,1112.0,11900
2023-08-25,1111.0,1111.0,1103.0,1107.0,9900
2023-08-28,1107.0,1118.0,1107.0,1117.0,21200
2023-08-29,1117.0,1123.0,1114.0,1115.0,19700
2023-08-30,1115.0,1115.0,1109.0,1109.0,11100
2023-08-31,1114.0,1117.0,1110.0,1112.0,13500
2023-09-01,1112.0,1114.0,1109.0,1111.0,16000
2023-09-04,1108.0,1111.0,1102.0,1111.0,24500
2023-09-05,1105.0,1108.0,1092.0,1093.0,42600
2023-09-06,1093.0,1097.0,1087.0,1090.0,41200
2023-09-07,1091.0,1097.0,1088.0,1090.0,21500
2023-09-08,1090.0,1100.0,1090.0,1091.0,14100
2023-09-11,1091.0,1096.0,1088.0,1088.0,16400
2023-09-12,1097.0,1105.0,1092.0,1103.0,17700
2023-09-13,1103.0,1108.0,1098.0,1101.0,23700
2023-09-14,1101.0,1106.0,1095.0,1096.0,21700
2023-09-15,1097.0,1099.0,1091.0,1093.0,23000
2023-09-19,1093.0,1095.0,1090.0,1092.0,14600
2023-09-20,1095.0,1099.0,1089.0,1089.0,22000
2023-09-21,1090.0,1092.0,1077.0,1077.0,43000
2023-09-22,1074.0,1082.0,1070.0,1082.0,23100
2023-09-25,1103.0,1107.0,1092.0,1106.0,46600
2023-09-26,1110.0,1111.0,1096.0,1105.0,32200
2023-09-27,1105.0,1105.0,1096.0,1103.0,19000
2023-09-28,1101.0,1101.0,1085.0,1090.0,21300
2023-09-29,1092.0,1093.0,1074.0,1080.0,31200
2023-10-02,1109.0,1109.0,1085.0,1090.0,45800
2023-10-03,1090.0,1090.0,1072.0,1072.0,27700
2023-10-04,1064.0,1065.0,1047.0,1051.0,55200
2023-10-05,1058.0,1067.0,1048.0,1067.0,31100
2023-10-06,1066.0,1069.0,1055.0,1063.0,37300
2023-10-10,1064.0,1072.0,1064.0,1072.0,34500
2023-10-11,1075.0,1075.0,1060.0,1061.0,19600
2023-10-12,1061.0,1061.0,1052.0,1055.0,29500
2023-10-13,1053.0,1055.0,1043.0,1043.0,44800
2023-10-16,1054.0,1054.0,1043.0,1047.0,18300
2023-10-17,1047.0,1054.0,1047.0,1050.0,29900
2023-10-18,1048.0,1054.0,1043.0,1045.0,26700
2023-10-19,1041.0,1042.0,1038.0,1038.0,52100
2023-10-20,1040.0,1041.0,1037.0,1040.0,24800
2023-10-23,1044.0,1048.0,1040.0,1043.0,17300
2023-10-24,1049.0,1049.0,1033.0,1048.0,31200
2023-10-25,1051.0,1058.0,1047.0,1052.0,16900
2023-10-26,1052.0,1057.0,1047.0,1048.0,8900
2023-10-27,1048.0,1057.0,1048.0,1053.0,18500
2023-10-30,1053.0,1057.0,1046.0,1049.0,10400
2023-10-31,1047.0,1059.0,1044.0,1059.0,15300
2023-11-01,1063.0,1063.0,1051.0,1053.0,10900
2023-11-02,1059.0,1063.0,1054.0,1063.0,10600
2023-11-06,1069.0,1070.0,1063.0,1065.0,19200
2023-11-07,1069.0,1069.0,1060.0,1068.0,8200
2023-11-08,1068.0,1068.0,1055.0,1059.0,13700
2023-11-09,1052.0,1065.0,1051.0,1065.0,38200
2023-11-10,1053.0,1061.0,1042.0,1052.0,70400
2023-11-13,1069.0,1069.0,1055.0,1067.0,20600
2023-11-14,1061.0,1066.0,1060.0,1066.0,11900
2023-11-15,1071.0,1088.0,1071.0,1080.0,34300
2023-11-16,1085.0,1092.0,1081.0,1089.0,32800
2023-11-17,1081.0,1092.0,1081.0,1092.0,18900
2023-11-20,1095.0,1100.0,1091.0,1097.0,50900
2023-11-21,1100.0,1100.0,1093.0,1093.0,17400
2023-11-22,1097.0,1101.0,1093.0,1096.0,23500
2023-11-24,1101.0,1119.0,1101.0,1119.0,57100
2023-11-27,1124.0,1133.0,1124.0,1133.0,57700
2023-11-28,1139.0,1150.0,1134.0,1146.0,88200
2023-11-29,1155.0,1176.0,1145.0,1148.0,126900
2023-11-30,1152.0,1170.0,1145.0,1165.0,70200
2023-12-01,1188.0,1250.0,1183.0,1234.0,475200
2023-12-04,1285.0,1289.0,1228.0,1231.0,697900
2023-12-05,1226.0,1226.0,1167.0,1208.0,404900
2023-12-06,1207.0,1207.0,1165.0,1165.0,264400
2023-12-07,1164.0,1189.0,1152.0,1184.0,177700
2023-12-08,1183.0,1188.0,1143.0,1146.0,135600
2023-12-11,1162.0,1173.0,1147.0,1172.0,93800
2023-12-12,1161.0,1163.0,1141.0,1142.0,64400
2023-12-13,1143.0,1160.0,1143.0,1160.0,30200
2023-12-14,1147.0,1163.0,1138.0,1138.0,47300
2023-12-15,1140.0,1168.0,1132.0,1168.0,79400
2023-12-18,1154.0,1157.0,1137.0,1144.0,55400
2023-12-19,1150.0,1153.0,1145.0,1150.0,19700
2023-12-20,1155.0,1158.0,1143.0,1145.0,27500
2023-12-21,1141.0,1143.0,1120.0,1120.0,40600
2023-12-22,1116.0,1123.0,1108.0,1113.0,52800
2023-12-25,1116.0,1122.0,1106.0,1107.0,40300
2023-12-26,1105.0,1115.0,1101.0,1108.0,36300
2023-12-27,1110.0,1122.0,1109.0,1120.0,40100
2023-12-28,1115.0,1135.0,1115.0,1135.0,22400
2023-12-29,1136.0,1140.0,1131.0,1137.0,19500
2024-01-04,1143.0,1160.0,1133.0,1150.0,38900
2024-01-05,1150.0,1150.0,1130.0,1131.0,39300
2024-01-09,1133.0,1139.0,1126.0,1139.0,44200
2024-01-10,1139.0,1154.0,1139.0,1146.0,38500
2024-01-11,1148.0,1154.0,1145.0,1145.0,29300
2024-01-12,1142.0,1146.0,1133.0,1139.0,33100
2024-01-15,1146.0,1147.0,1139.0,1147.0,5000
2024-01-16,1145.0,1151.0,1133.0,1133.0,27600
2024-01-17,1131.0,1139.0,1130.0,1131.0,22400
2024-01-18,1135.0,1135.0,1130.0,1130.0,13400
2024-01-19,1134.0,1140.0,1132.0,1132.0,16600
2024-01-22,1138.0,1141.0,1135.0,1135.0,14000
2024-01-23,1136.0,1140.0,1132.0,1140.0,21900
2024-01-24,1139.0,1139.0,1131.0,1138.0,15000
2024-01-25,1135.0,1148.0,1135.0,1148.0,19100
2024-01-26,1149.0,1149.0,1141.0,1141.0,15900
2024-01-29,1145.0,1150.0,1143.0,1146.0,17800
2024-01-30,1150.0,1154.0,1144.0,1145.0,35900
2024-01-31,1144.0,1152.0,1138.0,1152.0,20000
2024-02-01,1152.0,1154.0,1143.0,1145.0,17700
2024-02-02,1146.0,1155.0,1142.0,1153.0,13700
2024-02-05,1157.0,1172.0,1155.0,1170.0,34000
2024-02-06,1172.0,1172.0,1161.0,1165.0,20400
2024-02-07,1165.0,1180.0,1165.0,1180.0,25100
2024-02-08,1180.0,1180.0,1159.0,1164.0,26500
2024-02-09,1164.0,1194.0,1159.0,1176.0,82900
2024-02-13,1160.0,1162.0,1133.0,1134.0,104100
2024-02-14,1132.0,1132.0,1116.0,1126.0,58100
2024-02-15,1131.0,1131.0,1091.0,1102.0,75800
2024-02-16,1102.0,1117.0,1102.0,1110.0,20300
2024-02-19,1112.0,1123.0,1112.0,1120.0,23100
2024-02-20,1123.0,1130.0,1123.0,1124.0,20700
2024-02-21,1123.0,1123.0,1110.0,1116.0,23900
2024-02-22,1125.0,1125.0,1113.0,1118.0,18300
2024-02-26,1118.0,1124.0,1114.0,1115.0,18400
2024-02-27,1117.0,1126.0,1116.0,1125.0,15300
2024-02-28,1122.0,1140.0,1122.0,1138.0,19500
2024-02-29,1135.0,1138.0,1124.0,1137.0,22900
2024-03-01,1137.0,1137.0,1128.0,1128.0,23700
2024-03-04,1134.0,1140.0,1130.0,1140.0,26700
2024-03-05,1130.0,1130.0,1111.0,1121.0,37100
2024-03-06,1117.0,1127.0,1116.0,1123.0,14400
2024-03-07,1137.0,1155.0,1135.0,1140.0,48500
2024-03-08,1139.0,1153.0,1137.0,1146.0,44400
2024-03-11,1150.0,1178.0,1148.0,1178.0,109700
2024-03-12,1199.0,1209.0,1170.0,1199.0,141900
2024-03-13,1209.0,1209.0,1176.0,1183.0,80400
2024-03-14,1183.0,1196.0,1170.0,1183.0,46200
2024-03-15,1177.0,1193.0,1176.0,1176.0,31000
2024-03-18,1170.0,1186.0,1168.0,1173.0,52100
2024-03-19,1174.0,1180.0,1165.0,1172.0,31200
2024-03-21,1190.0,1205.0,1175.0,1180.0,78100
2024-03-22,1189.0,1204.0,1182.0,1204.0,45100
2024-03-25,1220.0,1220.0,1189.0,1191.0,74600
2024-03-26,1200.0,1207.0,1184.0,1189.0,64600
2024-03-27,1193.0,1202.0,1193.0,1200.0,71000
2024-03-28,1166.0,1172.0,1155.0,1158.0,63600
2024-03-29,1160.0,1179.0,1160.0,1176.0,25500
2024-04-01,1187.0,1187.0,1148.0,1157.0,64400
2024-04-02,1158.0,1158.0,1141.0,1147.0,21300
2024-04-03,1148.0,1158.0,1141.0,1155.0,16500
2024-04-04,1154.0,1154.0,1134.0,1135.0,21600
2024-04-05,1135.0,1149.0,1130.0,1138.0,19700
2024-04-08,1138.0,1142.0,1135.0,1137.0,22500
2024-04-09,1138.0,1142.0,1134.0,1138.0,20400
2024-04-10,1138.0,1143.0,1137.0,1138.0,17900
2024-04-11,1138.0,1143.0,1131.0,1143.0,12000
2024-04-12,1143.0,1143.0,1133.0,1136.0,19300
2024-04-15,1128.0,1159.0,1125.0,1158.0,44600
2024-04-16,1158.0,1159.0,1135.0,1136.0,43200
2024-04-17,1142.0,1145.0,1134.0,1137.0,14900
2024-04-18,1137.0,1157.0,1137.0,1157.0,33700
2024-04-19,1156.0,1156.0,1134.0,1144.0,27900
2024-04-22,1154.0,1166.0,1142.0,1163.0,22700
2024-04-23,1163.0,1188.0,1158.0,1185.0,51400
2024-04-24,1189.0,1191.0,1171.0,1191.0,39500
2024-04-25,1189.0,1190.0,1179.0,1179.0,19000
2024-04-26,1177.0,1177.0,1157.0,1169.0,22700
2024-04-30,1168.0,1177.0,1159.0,1177.0,33400
2024-05-01,1166.0,1166.0,1143.0,1145.0,40500
2024-05-02,1139.0,1148.0,1138.0,1146.0,25900
2024-05-07,1168.0,1180.0,1155.0,1177.0,44900
2024-05-08,1180.0,1190.0,1171.0,1175.0,24900
2024-05-09,1185.0,1187.0,1168.0,1178.0,23900
2024-05-10,1189.0,1189.0,1177.0,1177.0,18400
2024-05-13,1182.0,1197.0,1178.0,1189.0,35500
2024-05-14,1189.0,1192.0,1185.0,1192.0,20900
2024-05-15,1192.0,1192.0,1177.0,1190.0,58800
2024-05-16,1191.0,1192.0,1173.0,1178.0,52500
2024-05-17,1180.0,1250.0,1172.0,1225.0,214200
2024-05-20,1220.0,1220.0,1196.0,1208.0,78400
2024-05-21,1208.0,1215.0,1206.0,1210.0,28600
2024-05-22,1218.0,1234.0,1210.0,1229.0,63100
2024-05-23,1245.0,1260.0,1230.0,1258.0,114200
2024-05-24,1245.0,1275.0,1238.0,1260.0,115000
2024-05-27,1260.0,1263.0,1225.0,1232.0,62200
2024-05-28,1229.0,1261.0,1226.0,1236.0,53500
2024-05-29,1240.0,1260.0,1219.0,1219.0,58000
2024-05-30,1196.0,1218.0,1179.0,1197.0,45600
2024-05-31,1205.0,1218.0,1205.0,1218.0,11900
2024-06-03,1226.0,1228.0,1213.0,1220.0,24000
2024-06-04,1211.0,1222.0,1211.0,1211.0,18900
2024-06-05,1208.0,1234.0,1206.0,1231.0,40900
2024-06-06,1235.0,1239.0,1208.0,1211.0,29100
2024-06-07,1206.0,1211.0,1202.0,1208.0,11200
2024-06-10,1208.0,1223.0,1205.0,1215.0,14100
2024-06-11,1219.0,1232.0,1214.0,1214.0,14000
2024-06-12,1215.0,1226.0,1205.0,1208.0,9600
2024-06-13,1209.0,1218.0,1188.0,1199.0,30700
2024-06-14,1186.0,1210.0,1185.0,1207.0,9800
2024-06-17,1207.0,1207.0,1191.0,1198.0,16000
2024-06-18,1199.0,1222.0,1199.0,1207.0,36200
2024-06-19,1207.0,1219.0,1204.0,1208.0,19200
2024-06-20,1208.0,1209.0,1189.0,1199.0,18400
2024-06-21,1199.0,1205.0,1190.0,1198.0,18700
2024-06-24,1215.0,1215.0,1198.0,1203.0,31100
2024-06-25,1218.0,1228.0,1215.0,1220.0,17800
2024-06-26,1222.0,1226.0,1212.0,1223.0,14400
2024-06-27,1225.0,1225.0,1216.0,1220.0,15000
2024-06-28,1221.0,1226.0,1217.0,1218.0,17500
2024-07-01,1223.0,1231.0,1215.0,1215.0,31400
2024-07-02,1224.0,1225.0,1218.0,1218.0,14100
2024-07-03,1218.0,1226.0,1215.0,1226.0,20100
2024-07-04,1224.0,1227.0,1218.0,1218.0,14300
2024-07-05,1219.0,1219.0,1193.0,1197.0,49200
2024-07-08,1197.0,1210.0,1196.0,1209.0,21700
2024-07-09,1205.0,1226.0,1199.0,1216.0,30900
2024-07-10,1220.0,1220.0,1202.0,1210.0,16800
2024-07-11,1212.0,1214.0,1205.0,1208.0,18300
2024-07-12,1215.0,1219.0,1207.0,1215.0,40900
2024-07-16,1219.0,1221.0,1212.0,1213.0,22300
2024-07-17,1215.0,1222.0,1210.0,1211.0,27200
2024-07-18,1211.0,1211.0,1193.0,1194.0,36700
2024-07-19,1194.0,1194.0,1177.0,1184.0,46100
2024-07-22,1185.0,1185.0,1161.0,1163.0,49400
2024-07-23,1167.0,1178.0,1167.0,1177.0,9900
2024-07-24,1176.0,1176.0,1154.0,1154.0,55600
2024-07-25,1149.0,1151.0,1136.0,1143.0,36500
2024-07-26,1155.0,1161.0,1146.0,1147.0,20900
2024-07-29,1149.0,1159.0,1149.0,1158.0,9400
2024-07-30,1156.0,1157.0,1152.0,1156.0,8900
2024-07-31,1156.0,1170.0,1152.0,1170.0,16700
2024-08-01,1162.0,1163.0,1135.0,1136.0,29800
2024-08-02,1095.0,1100.0,1065.0,1091.0,85500
2024-08-05,1046.0,1050.0,982.0,998.0,139100
2024-08-06,1001.0,1052.0,1001.0,1032.0,52700
2024-08-07,1023.0,1046.0,1020.0,1030.0,31800
2024-08-08,1030.0,1058.0,1027.0,1047.0,26700
2024-08-09,1052.0,1062.0,998.0,1013.0,106300
2024-08-13,1030.0,1030.0,1014.0,1020.0,18300
2024-08-14,1030.0,1039.0,1026.0,1039.0,23300
2024-08-15,1048.0,1059.0,1041.0,1052.0,23300
2024-08-16,1054.0,1069.0,1052.0,1058.0,25600
2024-08-19,1062.0,1065.0,1051.0,1051.0,25000
2024-08-20,1065.0,1072.0,1053.0,1053.0,31100
2024-08-21,1051.0,1061.0,1050.0,1061.0,13400
2024-08-22,1060.0,1061.0,1050.0,1060.0,10700
2024-08-23,1072.0,1073.0,1060.0,1072.0,13400
2024-08-26,1073.0,1095.0,1072.0,1081.0,23200
2024-08-27,1085.0,1103.0,1080.0,1086.0,39000
2024-08-28,1085.0,1100.0,1082.0,1096.0,17200
2024-08-29,1095.0,1098.0,1080.0,1084.0,7500
2024-08-30,1095.0,1095.0,1075.0,1081.0,20000
2024-09-02,1083.0,1085.0,1075.0,1081.0,17400
2024-09-03,1085.0,1092.0,1083.0,1083.0,8900
2024-09-04,1076.0,1080.0,1060.0,1067.0,27400
2024-09-05,1067.0,1078.0,1062.0,1072.0,10100
2024-09-06,1080.0,1080.0,1051.0,1054.0,21200
2024-09-09,1044.0,1069.0,1029.0,1062.0,29500
2024-09-10,1068.0,1069.0,1020.0,1055.0,19000
2024-09-11,1050.0,1054.0,1033.0,1037.0,14600
2024-09-12,1046.0,1057.0,1045.0,1056.0,8300
2024-09-13,1050.0,1054.0,1046.0,1054.0,5200
2024-09-17,1060.0,1060.0,1041.0,1045.0,12000
2024-09-18,1048.0,1057.0,1045.0,1052.0,6300
2024-09-19,1058.0,1064.0,1054.0,1058.0,6300
2024-09-20,1058.0,1065.0,1057.0,1065.0,12600
2024-09-24,1073.0,1073.0,1059.0,1065.0,10300
2024-09-25,1064.0,1072.0,1063.0,1072.0,35000
2024-09-26,1074.0,1074.0,1067.0,1068.0,7800
2024-09-27,1060.0,1065.0,1056.0,1061.0,11200
2024-09-30,1050.0,1073.0,1042.0,1070.0,23900
2024-10-01,1076.0,1080.0,1064.0,1065.0,10800
2024-10-02,1068.0,1070.0,1055.0,1057.0,8600
2024-10-03,1067.0,1067.0,1052.0,1055.0,6800
2024-10-04,1054.0,1063.0,1054.0,1057.0,5600
2024-10-07,1059.0,1064.0,1057.0,1057.0,8700
2024-10-08,1063.0,1066.0,1054.0,1054.0,13800
2024-10-09,1053.0,1054.0,1046.0,1049.0,14900
2024-10-10,1055.0,1055.0,1048.0,1050.0,6500
2024-10-11,1048.0,1054.0,1048.0,1052.0,6200
2024-10-15,1075.0,1075.0,1059.0,1072.0,19400
2024-10-16,1068.0,1075.0,1066.0,1075.0,10700
2024-10-17,1075.0,1085.0,1075.0,1082.0,18900
2024-10-18,1080.0,1086.0,1080.0,1086.0,8500
2024-10-21,1091.0,1100.0,1082.0,1082.0,27900
2024-10-22,1083.0,1088.0,1065.0,1065.0,21100
2024-10-23,1061.0,1072.0,1056.0,1056.0,17800
2024-10-24,1056.0,1061.0,1051.0,1057.0,9400
2024-10-25,1057.0,1062.0,1042.0,1051.0,18800
2024-10-28,1051.0,1057.0,1045.0,1050.0,4300
2024-10-29,1050.0,1100.0,1048.0,1055.0,10200
2024-10-30,1057.0,1058.0,1049.0,1055.0,4500
2024-10-31,1057.0,1078.0,1051.0,1065.0,12200
2024-11-01,1071.0,1072.0,1050.0,1060.0,13900
2024-11-05,1056.0,1071.0,1052.0,1057.0,6600
2024-11-06,1057.0,1065.0,1055.0,1055.0,8700
2024-11-07,1058.0,1063.0,1050.0,1062.0,13600
2024-11-08,1061.0,1065.0,1040.0,1042.0,27800
2024-11-11,1046.0,1052.0,1045.0,1052.0,16000
2024-11-12,1053.0,1057.0,1050.0,1051.0,8000
2024-11-13,1051.0,1062.0,1046.0,1057.0,12600
2024-11-14,1058.0,1058.0,1041.0,1041.0,9700
2024-11-15,1048.0,1048.0,1040.0,1044.0,11700
2024-11-18,1045.0,1049.0,1041.0,1047.0,10000
2024-11-19,1049.0,1051.0,1045.0,1050.0,5900
2024-11-20,1052.0,1055.0,1048.0,1055.0,7500
2024-11-21,1060.0,1066.0,1059.0,1061.0,16000
2024-11-22,1059.0,1065.0,1055.0,1065.0,12300
2024-11-25,1068.0,1068.0,1060.0,1064.0,7900
2024-11-26,1064.0,1067.0,1063.0,1063.0,11300
2024-11-27,1057.0,1068.0,1057.0,1065.0,23900
2024-11-28,1065.0,1067.0,1061.0,1063.0,8400
2024-11-29,1058.0,1068.0,1057.0,1068.0,11300
2024-12-02,1069.0,1069.0,1060.0,1065.0,9300
2024-12-03,1067.0,1077.0,1066.0,1075.0,46900
2024-12-04,1077.0,1083.0,1069.0,1072.0,17900
2024-12-05,1075.0,1084.0,1075.0,1077.0,10000
2024-12-06,1077.0,1083.0,1076.0,1079.0,11800
2024-12-09,1083.0,1083.0,1076.0,1076.0,21400
2024-12-10,1085.0,1085.0,1077.0,1078.0,15800
2024-12-11,1078.0,1082.0,1072.0,1079.0,14200
2024-12-12,1083.0,1083.0,1076.0,1076.0,10000
2024-12-13,1078.0,1084.0,1076.0,1077.0,9700
2024-12-16,1074.0,1077.0,1064.0,1067.0,11900
2024-12-17,1063.0,1065.0,1052.0,1065.0,23900
2024-12-18,1060.0,1060.0,1055.0,1058.0,6800
2024-12-19,1055.0,1061.0,1055.0,1058.0,4900
2024-12-20,1058.0,1058.0,1052.0,1057.0,10400
2024-12-23,1057.0,1057.0,1049.0,1049.0,17100
2024-12-24,1063.0,1067.0,1049.0,1066.0,34600
2024-12-25,1080.0,1080.0,1059.0,1059.0,25800
2024-12-26,1061.0,1070.0,1059.0,1064.0,20100
2024-12-27,1062.0,1071.0,1062.0,1070.0,10500
2024-12-30,1070.0,1073.0,1064.0,1073.0,15800
2025-01-06,1090.0,1090.0,1077.0,1089.0,20600
2025-01-07,1090.0,1098.0,1085.0,1093.0,14500
2025-01-08,1093.0,1103.0,1092.0,1098.0,19400
2025-01-09,1101.0,1101.0,1078.0,1080.0,8900
2025-01-10,1078.0,1085.0,1077.0,1081.0,5000
2025-01-14,1085.0,1085.0,1066.0,1071.0,12700
2025-01-15,1071.0,1088.0,1071.0,1079.0,13400
2025-01-16,1084.0,1094.0,1080.0,1080.0,8500
2025-01-17,1070.0,1082.0,1065.0,1079.0,11600
2025-01-20,1081.0,1089.0,1080.0,1083.0,12900
2025-01-21,1087.0,1090.0,1085.0,1090.0,6100
2025-01-22,1085.0,1097.0,1085.0,1095.0,9200
2025-01-23,1095.0,1095.0,1090.0,1090.0,5300
2025-01-24,1099.0,1099.0,1092.0,1092.0,8700
2025-01-27,1100.0,1100.0,1086.0,1086.0,4700
2025-01-28,1083.0,1091.0,1080.0,1085.0,5400
2025-01-29,1089.0,1093.0,1077.0,1087.0,9800
2025-01-30,1087.0,1093.0,1084.0,1093.0,2700
2025-01-31,1094.0,1094.0,1087.0,1093.0,8300
2025-02-03,1095.0,1095.0,1080.0,1082.0,17200
2025-02-04,1082.0,1085.0,1077.0,1079.0,10500
2025-02-05,1079.0,1087.0,1078.0,1084.0,3200
2025-02-06,1084.0,1088.0,1081.0,1085.0,3700
2025-02-07,1080.0,1088.0,1079.0,1085.0,6700
2025-02-10,1097.0,1140.0,1086.0,1090.0,69700
2025-02-12,1090.0,1105.0,1090.0,1105.0,9700
2025-02-13,1104.0,1110.0,1100.0,1104.0,10400
2025-02-14,1105.0,1111.0,1099.0,1100.0,7800
2025-02-17,1102.0,1110.0,1099.0,1099.0,6700
2025-02-18,1099.0,1108.0,1099.0,1102.0,5100
2025-02-19,1101.0,1104.0,1088.0,1088.0,18000
2025-02-20,1091.0,1098.0,1089.0,1089.0,6000
2025-02-21,1092.0,1094.0,1088.0,1094.0,2900
2025-02-25,1096.0,1104.0,1096.0,1101.0,8200
2025-02-26,1101.0,1109.0,1095.0,1096.0,8100
2025-02-27,1101.0,1106.0,1092.0,1092.0,4800
2025-02-28,1092.0,1108.0,1092.0,1107.0,8800
2025-03-03,1110.0,1114.0,1105.0,1105.0,12300
2025-03-04,1105.0,1110.0,1100.0,1103.0,13800
2025-03-05,1103.0,1114.0,1101.0,1110.0,5000
2025-03-06,1115.0,1120.0,1111.0,1112.0,11800
2025-03-07,1112.0,1125.0,1112.0,1122.0,8200
2025-03-10,1125.0,1130.0,1121.0,1125.0,10300
2025-03-11,1121.0,1124.0,1106.0,1117.0,12800
2025-03-12,1117.0,1130.0,1117.0,1130.0,4500
2025-03-13,1130.0,1133.0,1129.0,1129.0,6400
2025-03-14,1129.0,1132.0,1129.0,1129.0,5100
2025-03-17,1130.0,1145.0,1130.0,1143.0,13000
2025-03-18,1144.0,1151.0,1135.0,1135.0,17400
2025-03-19,1135.0,1143.0,1133.0,1135.0,10700
2025-03-21,1140.0,1147.0,1138.0,1139.0,13200
2025-03-24,1148.0,1149.0,1145.0,1149.0,11400
2025-03-25,1150.0,1154.0,1141.0,1145.0,21000
2025-03-26,1140.0,1144.0,1134.0,1135.0,21900
2025-03-27,1136.0,1142.0,1132.0,1141.0,49200
2025-03-28,1112.0,1113.0,1104.0,1106.0,25200
2025-03-31,1101.0,1101.0,1081.0,1086.0,14200
2025-04-01,1096.0,1096.0,1080.0,1080.0,12100
2025-04-02,1078.0,1081.0,1071.0,1081.0,8500
2025-04-03,1070.0,1082.0,1062.0,1082.0,18600
2025-04-04,1064.0,1077.0,1046.0,1053.0,31400
2025-04-07,1009.0,1039.0,988.0,1039.0,53000
2025-04-08,1033.0,1055.0,1033.0,1055.0,18100
2025-04-09,1050.0,1050.0,1021.0,1024.0,20800
2025-04-10,1069.0,1069.0,1042.0,1046.0,23200
2025-04-11,1047.0,1070.0,1024.0,1059.0,16500
2025-04-14,1063.0,1063.0,1050.0,1056.0,11900
2025-04-15,1063.0,1064.0,1056.0,1062.0,7700
2025-04-16,1061.0,1069.0,1055.0,1069.0,6900
2025-04-17,1072.0,1075.0,1064.0,1075.0,8600
2025-04-18,1079.0,1079.0,1067.0,1077.0,5900
2025-04-21,1077.0,1080.0,1071.0,1075.0,3400
2025-04-22,1072.0,1079.0,1072.0,1076.0,3500
2025-04-23,1080.0,1087.0,1077.0,1085.0,9800
2025-04-24,1088.0,1105.0,1088.0,1096.0,14200
2025-04-25,1104.0,1109.0,1097.0,1098.0,15300
2025-04-28,1105.0,1109.0,1102.0,1106.0,11400
2025-04-30,1107.0,1108.0,1103.0,1108.0,7200
2025-05-01,1084.0,1100.0,1083.0,1090.0,14300
2025-05-02,1090.0,1093.0,1081.0,1081.0,4100
2025-05-07,1082.0,1098.0,1082.0,1098.0,8400
2025-05-08,1098.0,1098.0,1086.0,1098.0,6500
2025-05-09,1092.0,1101.0,1092.0,1101.0,13600
2025-05-12,1101.0,1105.0,1095.0,1105.0,7900
2025-05-13,1104.0,1130.0,1088.0,1094.0,22300
2025-05-14,1108.0,1108.0,1084.0,1084.0,25400
2025-05-15,1088.0,1090.0,1084.0,1084.0,11500
2025-05-16,1094.0,1105.0,1084.0,1105.0,6500
2025-05-19,1109.0,1109.0,1095.0,1097.0,6000
2025-05-20,1100.0,1104.0,1093.0,1093.0,5900
2025-05-21,1102.0,1105.0,1098.0,1105.0,12200
2025-05-22,1117.0,1117.0,1104.0,1104.0,18900
2025-05-23,1121.0,1121.0,1107.0,1118.0,20200
2025-05-26,1121.0,1121.0,1112.0,1112.0,10900
2025-05-27,1118.0,1120.0,1108.0,1109.0,8800
2025-05-28,1114.0,1114.0,1105.0,1109.0,6500
2025-05-29,1111.0,1111.0,1105.0,1107.0,5700
2025-05-30,1105.0,1109.0,1101.0,1105.0,10900
2025-06-02,1106.0,1114.0,1106.0,1106.0,8200
2025-06-03,1111.0,1118.0,1106.0,1109.0,5900
2025-06-04,1110.0,1110.0,1101.0,1102.0,5600
2025-06-05,1105.0,1122.0,1101.0,1122.0,27300
2025-06-06,1123.0,1123.0,1110.0,1115.0,12200
2025-06-09,1119.0,1119.0,1110.0,1112.0,7100
2025-06-10,1112.0,1115.0,1101.0,1102.0,12800
2025-06-11,1102.0,1106.0,1100.0,1102.0,11300
2025-06-12,1102.0,1113.0,1101.0,1109.0,8100
2025-06-13,1109.0,1109.0,1088.0,1088.0,20700
2025-06-16,1108.0,1108.0,1088.0,1088.0,19100
2025-06-17,1088.0,1093.0,1087.0,1090.0,4300
2025-06-18,1093.0,1093.0,1086.0,1086.0,16600
2025-06-19,1089.0,1089.0,1084.0,1089.0,8100
2025-06-20,1085.0,1086.0,1081.0,1085.0,11100
2025-06-23,1080.0,1083.0,1065.0,1071.0,16500
2025-06-24,1078.0,1083.0,1077.0,1079.0,6700
2025-06-25,1083.0,1085.0,1075.0,1075.0,8800
2025-06-26,1081.0,1094.0,1079.0,1094.0,14100
2025-06-27,1095.0,1102.0,1085.0,1102.0,15200
2025-06-30,1111.0,1115.0,1098.0,1098.0,20800
2025-07-01,1101.0,1101.0,1094.0,1094.0,9400
2025-07-02,1094.0,1107.0,1093.0,1105.0,13200
2025-07-03,1102.0,1104.0,1093.0,1093.0,10300
2025-07-04,1099.0,1099.0,1093.0,1094.0,5400
2025-07-07,1101.0,1101.0,1094.0,1097.0,7300
2025-07-08,1097.0,1097.0,1091.0,1092.0,7600
2025-07-09,1094.0,1097.0,1093.0,1094.0,9300
2025-07-10,1102.0,1102.0,1095.0,1095.0,10500
2025-07-11,1096.0,1102.0,1095.0,1102.0,14500
2025-07-14,1102.0,1110.0,1102.0,1102.0,29900
2025-07-15,1104.0,1109.0,1101.0,1106.0,9500
2025-07-16,1108.0,1108.0,1100.0,1106.0,12300
2025-07-17,1104.0,1108.0,1095.0,1096.0,10500
2025-07-18,1097.0,1103.0,1095.0,1097.0,12700
2025-07-22,1094.0,1109.0,1094.0,1099.0,14400
2025-07-23,1099.0,1105.0,1096.0,1100.0,10400
2025-07-24,1101.0,1103.0,1096.0,1099.0,11100
2025-07-25,1106.0,1116.0,1100.0,1115.0,37700
2025-07-28,1117.0,1121.0,1110.0,1113.0,19300
2025-07-29,1109.0,1113.0,1106.0,1106.0,8000
2025-07-30,1112.0,1112.0,1107.0,1111.0,4500
2025-07-31,1119.0,1119.0,1107.0,1109.0,9400
2025-08-01,1116.0,1124.0,1110.0,1124.0,16400
2025-08-04,1125.0,1147.0,1116.0,1146.0,41500
2025-08-05,1150.0,1150.0,1133.0,1133.0,22100
2025-08-06,1137.0,1144.0,1135.0,1137.0,19600
2025-08-07,1140.0,1159.0,1138.0,1148.0,36900
2025-08-08,1161.0,1180.0,1113.0,1138.0,137000
2025-08-12,1160.0,1177.0,1142.0,1169.0,77500
2025-08-13,1169.0,1169.0,1155.0,1160.0,31400
2025-08-14,1157.0,1160.0,1146.0,1148.0,23300
2025-08-15,1142.0,1155.0,1141.0,1149.0,28700
2025-08-18,1152.0,1176.0,1150.0,1167.0,39200
2025-08-19,1171.0,1194.0,1161.0,1193.0,56200
2025-08-20,1193.0,1193.0,1173.0,1185.0,22900
2025-08-21,1182.0,1197.0,1181.0,1190.0,31900
2025-08-22,1190.0,1195.0,1178.0,1193.0,40000
2025-08-25,1189.0,1192.0,1172.0,1187.0,37100
2025-08-26,1185.0,1193.0,1180.0,1185.0,24400
2025-08-27,1181.0,1188.0,1180.0,1187.0,17200
2025-08-28,1188.0,1189.0,1180.0,1181.0,14300
2025-08-29,1184.0,1185.0,1178.0,1182.0,14200
2025-09-01,1176.0,1176.0,1166.0,1167.0,15000
2025-09-02,1166.0,1174.0,1165.0,1166.0,12400
2025-09-03,1165.0,1182.0,1165.0,1178.0,25200
2025-09-04,1178.0,1197.0,1178.0,1191.0,44300
2025-09-05,1195.0,1196.0,1181.0,1181.0,14400
2025-09-08,1188.0,1188.0,1177.0,1182.0,33500
2025-09-09,1181.0,1200.0,1181.0,1199.0,60000
2025-09-10,1191.0,1214.0,1191.0,1214.0,84800
2025-09-11,1218.0,1230.0,1218.0,1224.0,64600
2025-09-12,1227.0,1235.0,1217.0,1221.0,43500
2025-09-16,1221.0,1245.0,1210.0,1245.0,51000
2025-09-17,1241.0,1241.0,1225.0,1228.0,32200
2025-09-18,1233.0,1242.0,1230.0,1238.0,30400
2025-09-19,1238.0,1238.0,1212.0,1235.0,61900
2025-09-22,1235.0,1260.0,1233.0,1233.0,71300
2025-09-24,1237.0,1254.0,1237.0,1254.0,24500
2025-09-25,1254.0,1261.0,1251.0,1257.0,33800
2025-09-26,1251.0,1255.0,1240.0,1249.0,23000
2025-09-29,1254.0,1259.0,1238.0,1251.0,45500
2025-09-30,1251.0,1251.0,1232.0,1232.0,20100
2025-10-01,1232.0,1232.0,1206.0,1228.0,55600
2025-10-02,1223.0,1223.0,1190.0,1196.0,28100
2025-10-03,1196.0,1205.0,1192.0,1195.0,24700
2025-10-06,1200.0,1205.0,1193.0,1198.0,41300
2025-10-07,1198.0,1217.0,1190.0,1201.0,68100
2025-10-08,1211.0,1213.0,1200.0,1207.0,27000
2025-10-09,1208.0,1209.0,1197.0,1208.0,24800
2025-10-10,1203.0,1206.0,1175.0,1175.0,29800
2025-10-14,1164.0,1172.0,1156.0,1168.0,31700
2025-10-15,1181.0,1181.0,1165.0,1169.0,16300
2025-10-16,1180.0,1180.0,1165.0,1174.0,10000
2025-10-17,1168.0,1169.0,1162.0,1163.0,10700
2025-10-20,1177.0,1177.0,1167.0,1174.0,13100
2025-10-21,1175.0,1180.0,1167.0,1168.0,13900
2025-10-22,1178.0,1178.0,1172.0,1175.0,9200
2025-10-23,1175.0,1180.0,1169.0,1173.0,13800
2025-10-24,1179.0,1185.0,1174.0,1175.0,20600
2025-10-27,1176.0,1187.0,1176.0,1186.0,12500
2025-10-28,1188.0,1188.0,1176.0,1176.0,14700
2025-10-29,1182.0,1182.0,1152.0,1152.0,22400
2025-10-30,1152.0,1161.0,1140.0,1159.0,21600
2025-10-31,1157.0,1166.0,1153.0,1164.0,20500
2025-11-04,1160.0,1170.0,1159.0,1165.0,14900
2025-11-05,1165.0,1165.0,1145.0,1155.0,27200
2025-11-06,1156.0,1158.0,1150.0,1151.0,15400
2025-11-07,1141.0,1151.0,1136.0,1151.0,18900
2025-11-10,1163.0,1175.0,1145.0,1147.0,65900
2025-11-11,1147.0,1150.0,1120.0,1123.0,73800
2025-11-12,1129.0,1156.0,1126.0,1156.0,42500
2025-11-13,1156.0,1156.0,1144.0,1148.0,7600
2025-11-14,1138.0,1146.0,1137.0,1141.0,12400
2025-11-17,1142.0,1142.0,1135.0,1135.0,20400
2025-11-18,1135.0,1135.0,1124.0,1124.0,14900
2025-11-19,1124.0,1132.0,1121.0,1129.0,13600
2025-11-20,1127.0,1134.0,1125.0,1132.0,7100
2025-11-21,1131.0,1148.0,1129.0,1148.0,11100
2025-11-25,1157.0,1157.0,1143.0,1143.0,10800
2025-11-26,1143.0,1150.0,1143.0,1146.0,9200
2025-11-27,1145.0,1146.0,1139.0,1141.0,15500
2025-11-28,1145.0,1147.0,1135.0,1147.0,14800
2025-12-01,1150.0,1150.0,1139.0,1142.0,13900
2025-12-02,1140.0,1142.0,1127.0,1127.0,25100
2025-12-03,1130.0,1131.0,1123.0,1125.0,17400
2025-12-04,1130.0,1130.0,1125.0,1126.0,21800
2025-12-05,1124.0,1124.0,1112.0,1113.0,33600
2025-12-08,1114.0,1117.0,1113.0,1115.0,8100
2025-12-09,1117.0,1118.0,1111.0,1112.0,11200
2025-12-10,1117.0,1117.0,1112.0,1113.0,14500
2025-12-11,1113.0,1115.0,1110.0,1110.0,10600
2025-12-12,1111.0,1117.0,1111.0,1113.0,9000
2025-12-15,1113.0,1119.0,1113.0,1119.0,13600
2025-12-16,1119.0,1124.0,1116.0,1123.0,18400
2025-12-17,1121.0,1137.0,1121.0,1137.0,21800
2025-12-18,1136.0,1137.0,1130.0,1137.0,7100
2025-12-19,1136.0,1145.0,1134.0,1142.0,15600
2025-12-22,1140.0,1144.0,1136.0,1139.0,17400
2025-12-23,1139.0,1144.0,1137.0,1143.0,13500
2025-12-24,1139.0,1145.0,1138.0,1138.0,8700
2025-12-25,1139.0,1143.0,1138.0,1140.0,18900
2025-12-26,1140.0,1150.0,1140.0,1144.0,30600
2025-12-29,1149.0,1169.0,1146.0,1168.0,34400
2025-12-30,1169.0,1175.0,1161.0,1165.0,15300
2026-01-05,1171.0,1180.0,1163.0,1169.0,48900
2026-01-06,1168.0,1170.0,1165.0,1170.0,9500
2026-01-07,1166.0,1171.0,1166.0,1171.0,12200
2026-01-08,1173.0,1175.0,1167.0,1167.0,9800
2026-01-09,1168.0,1170.0,1166.0,1167.0,10400
2026-01-13,1175.0,1175.0,1163.0,1165.0,21200
2026-01-14,1166.0,1172.0,1165.0,1169.0,11200
2026-01-15,1172.0,1175.0,1168.0,1174.0,20900
2026-01-16,1175.0,1182.0,1168.0,1182.0,22100
2026-01-19,1186.0,1199.0,1178.0,1188.0,18600
2026-01-20,1193.0,1193.0,1176.0,1176.0,13400
2026-01-21,1175.0,1177.0,1168.0,1171.0,10600
2026-01-22,1175.0,1179.0,1171.0,1171.0,9600
2026-01-23,1177.0,1177.0,1166.0,1171.0,19400
2026-01-26,1171.0,1171.0,1163.0,1165.0,7800
2026-01-27,1165.0,1166.0,1162.0,1164.0,7200
2026-01-28,1164.0,1164.0,1159.0,1159.0,13300
2026-01-29,1158.0,1158.0,1150.0,1152.0,13400
2026-01-30,1152.0,1159.0,1149.0,1159.0,22500
2026-02-02,1159.0,1164.0,1155.0,1160.0,19800
2026-02-03,1163.0,1173.0,1162.0,1173.0,16200
2026-02-04,1173.0,1174.0,1166.0,1170.0,17400
2026-02-05,1173.0,1180.0,1172.0,1172.0,11300
2026-02-06,1172.0,1172.0,1165.0,1172.0,14800
2026-02-09,1177.0,1179.0,1170.0,1179.0,16700
2026-02-10,1182.0,1188.0,1167.0,1171.0,40800
2026-02-12,1175.0,1175.0,1160.0,1164.0,23200
2026-02-13,1160.0,1162.0,1154.0,1155.0,17800
2026-02-16,1160.0,1167.0,1155.0,1165.0,11800
2026-02-17,1168.0,1170.0,1162.0,1165.0,11500
2026-02-18,1171.0,1171.0,1167.0,1171.0,5200
2026-02-19,1174.0,1178.0,1166.0,1171.0,19000
2026-02-20,1170.0,1171.0,1160.0,1160.0,31300
2026-02-24,1164.0,1168.0,1159.0,1168.0,10500
2026-02-25,1175.0,1175.0,1168.0,1171.0,9400
2026-02-26,1173.0,1178.0,1170.0,1177.0,11200
2026-02-27,1175.0,1187.0,1175.0,1184.0,16700
2026-03-02,1180.0,1187.0,1177.0,1187.0,21100
2026-03-03,1182.0,1190.0,1175.0,1175.0,25200
2026-03-04,1166.0,1169.0,1150.0,1157.0,47900
2026-03-05,1172.0,1172.0,1166.0,1166.0,7200
2026-03-06,1161.0,1173.0,1161.0,1170.0,8500
2026-03-09,1160.0,1160.0,1149.0,1156.0,29900
2026-03-10,1159.0,1169.0,1158.0,1163.0,11200
2026-03-11,1164.0,1170.0,1163.0,1163.0,8900
2026-03-12,1160.0,1163.0,1155.0,1160.0,12100
2026-03-13,1154.0,1162.0,1153.0,1156.0,10000
2026-03-16,1156.0,1160.0,1154.0,1157.0,9900
2026-03-17,1157.0,1161.0,1156.0,1159.0,6500
2026-03-18,1162.0,1168.0,1160.0,1168.0,9100
2026-03-19,1161.0,1166.0,1153.0,1160.0,26200
2026-03-23,1155.0,1155.0,1141.0,1146.0,39500
2026-03-24,1151.0,1154.0,1145.0,1145.0,12500
2026-03-25,1150.0,1159.0,1150.0,1157.0,18100
2026-03-26,1157.0,1178.0,1150.0,1178.0,39000
2026-03-27,1172.0,1174.0,1153.0,1153.0,85900
2026-03-30,1110.0,1124.0,1110.0,1113.0,31600
2026-03-31,1113.0,1117.0,1095.0,1095.0,46400
2026-04-01,1107.0,1114.0,1100.0,1112.0,21100
2026-04-02,1113.0,1119.0,1106.0,1113.0,12000
2026-04-03,1118.0,1120.0,1112.0,1113.0,11100
2026-04-06,1113.0,1118.0,1101.0,1113.0,24600
2026-04-07,1111.0,1124.0,1111.0,1118.0,12900
2026-04-08,1123.0,1135.0,1121.0,1131.0,23100
2026-04-09,1131.0,1134.0,1127.0,1128.0,7000
2026-04-10,1129.0,1133.0,1122.0,1133.0,9200
2026-04-13,1121.0,1125.0,1116.0,1116.0,9200
2026-04-14,1116.0,1122.0,1116.0,1118.0,12300
2026-04-15,1118.0,1124.0,1113.0,1115.0,13800
2026-04-16,1116.0,1124.0,1116.0,1121.0,10300
2026-04-17,1121.0,1127.0,1118.0,1126.0,10200
2026-04-20,1127.0,1128.0,1123.0,1126.0,9600
2026-04-21,1126.0,1127.0,1121.0,1125.0,6600
2026-04-22,1122.0,1126.0,1122.0,1122.0,5100
2026-04-23,1126.0,1126.0,1119.0,1120.0,7300
2026-04-24,1122.0,1122.0,1115.0,1115.0,7300
2026-04-27,1118.0,1122.0,1113.0,1117.0,7500
2026-04-28,1115.0,1132.0,1115.0,1126.0,12300
2026-04-30,1124.0,1131.0,1123.0,1123.0,10800
2026-05-01,1124.0,1126.0,1115.0,1123.0,21700
2026-05-07,1125.0,1142.0,1121.0,1137.0,25400
2026-05-08,1137.0,1155.0,1135.0,1155.0,22500
2026-05-11,1155.0,1155.0,1142.0,1150.0,19400
2026-05-12,1151.0,1161.0,1151.0,1153.0,17900
2026-05-13,1123.0,1140.0,1123.0,1126.0,31100
2026-05-14,1120.0,1139.0,1115.0,1126.0,40200
2026-05-15,1120.0,1143.0,1120.0,1137.0,25700
2026-05-18,1135.0,1135.0,1125.0,1133.0,14300
2026-05-19,1135.0,1138.0,1126.0,1131.0,12400
2026-05-20,1131.0,1138.0,1120.0,1120.0,8000
2026-05-21,1121.0,1131.0,1121.0,1123.0,6800
2026-05-22,1133.0,1144.0,1125.0,1144.0,17100
2026-05-25,1148.0,1149.0,1135.0,1135.0,10700
2026-05-26,1134.0,1144.0,1132.0,1138.0,10400
2026-05-27,1137.0,1143.0,1136.0,1137.0,7300
2026-05-28,1144.0,1152.0,1140.0,1152.0,26300
2026-05-29,1154.0,1162.0,1152.0,1158.0,16300
2026-06-01,1163.0,1163.0,1122.0,1130.0,28200
2026-06-02,1123.0,1143.0,1122.0,1138.0,37000
2026-06-03,1144.0,1148.0,1138.0,1145.0,13100
2026-06-04,1138.0,1142.0,1133.0,1139.0,11900
2026-06-05,1139.0,1154.0,1139.0,1154.0,19300
2026-06-08,1147.0,1156.0,1135.0,1142.0,23700
2026-06-09,1148.0,1153.0,1142.0,1145.0,19500
2026-06-10,1141.0,1158.0,1141.0,1154.0,21700
2026-06-11,1152.0,1152.0,1138.0,1143.0,22600
2026-06-12,1147.0,1155.0,1145.0,1155.0,7400
2026-06-15,1156.0,1167.0,1155.0,1166.0,25900
2026-06-16,1166.0,1166.0,1156.0,1160.0,8000
2026-06-17,1150.0,1175.0,1150.0,1170.0,21500
2026-06-18,1163.0,1170.0,1154.0,1160.0,23800
2026-06-19,1160.0,1167.0,1155.0,1161.0,13000
2026-06-22,1166.0,1171.0,1151.0,1151.0,26200
2026-06-23,1151.0,1158.0,1148.0,1148.0,14400
2026-06-24,1150.0,1159.0,1143.0,1154.0,14600
2026-06-25,1160.0,1160.0,1151.0,1151.0,14000
2026-06-26,1151.0,1161.0,1151.0,1158.0,9400
2026-06-29,1160.0,1168.0,1156.0,1160.0,22200
2026-06-30,1164.0,1168.0,1162.0,1168.0,10600
2026-07-01,1170.0,1181.0,1166.0,1175.0,41900
2026-07-02,1175.0,1182.0,1173.0,1176.0,13700
2026-07-03,1176.0,1181.0,1173.0,1176.0,13100
2026-07-06,1176.0,1178.0,1169.0,1173.0,21200
2026-07-07,1173.0,1173.0,1163.0,1163.0,9600
2026-07-08,1163.0,1179.0,1159.0,1178.0,39500
2026-07-09,1178.0,1185.0,1173.0,1185.0,35700
2026-07-10,1190.0,1193.0,1181.0,1190.0,24900
2026-07-13,1191.0,1203.0,1180.0,1186.0,35800
2026-07-14,1183.0,1192.0,1180.0,1187.0,28000
2026-07-15,1187.0,1194.0,1186.0,1190.0,19100
2026-07-16,1195.0,1197.0,1186.0,1186.0,23400
2026-07-17,1194.0,1200.0,1178.0,1183.0,35400
2026-07-21,1182.0,1196.0,1177.0,1190.0,48200
2026-07-22,1190.0,1210.0,1190.0,1205.0,71300
2026-07-23,1206.0,1210.0,1198.0,1203.0,10900
2026-07-24,1207.0,1207.0,1190.0,1195.0,40100
2026-07-27,1195.0,1230.0,1195.0,1229.0,69300
2026-07-28,1225.0,1228.0,1212.0,1219.0,28800
2026-07-29,1216.0,1222.0,1209.0,1210.0,22800
2026-07-30,1214.0,1214.0,1202.0,1211.0,22300
2026-07-31,1220.0,1220.0,1202.0,1217.0,27100
2026-08-03,1217.0,1217.0,1197.0,1205.0,21300
2026-08-04,1207.0,1207.0,1189.0,1191.0,15900
2026-08-05,1191.0,1198.0,1182.0,1184.0,21500
2026-08-06,1178.0,1186.0,1169.0,1180.0,19800
2026-08-07,1180.0,1199.0,1172.0,1182.0,31400
2026-08-10,1180.0,1185.0,1171.0,1177.0,31100
2026-08-12,1177.0,1183.0,1170.0,1183.0,17200
2026-08-13,1179.0,1185.0,1174.0,1179.0,12200
2026-08-14,1179.0,1188.0,1179.0,1181.0,13200
2026-08-17,1181.0,1191.0,1181.0,1186.0,16200
2026-08-18,1187.0,1187.0,1178.0,1185.0,9400
2026-08-19,1182.0,1185.0,1173.0,1177.0,14800
2026-08-20,1180.0,1188.0,1178.0,1179.0,11000
2026-08-21,1178.0,1188.0,1177.0,1188.0,15100
2026-08-24,1188.0,1210.0,1188.0,1207.0,39300
2026-08-25,1207.0,1207.0,1191.0,1199.0,19000
2026-08-26,1199.0,1206.0,1197.0,1203.0,26900
2026-08-27,1206.0,1214.0,1203.0,1207.0,24400
2026-08-28,1204.0,1210.0,1192.0,1192.0,14200
2026-08-31,1195.0,1208.0,1191.0,1208.0,27100
2026-09-01,1209.0,1213.0,1197.0,1204.0,13900
2026-09-02,1200.0,1202.0,1191.0,1200.0,16900
2026-09-03,1195.0,1207.0,1194.0,1203.0,18200
2026-09-04,1203.0,1203.0,1190.0,1194.0,9700
2026-09-07,1190.0,1194.0,1178.0,1179.0,7600
2026-09-08,1180.0,1181.0,1171.0,1172.0,14900
2026-09-09,1172.0,1176.0,1168.0,1170.0,8900
2026-09-10,1163.0,1170.0,1163.0,1166.0,8000
2026-09-11,1162.0,1165.0,1157.0,1158.0,11200
2026-09-14,1155.0,1164.0,1155.0,1164.0,5200
2026-09-15,1157.0,1170.0,1156.0,1170.0,8600
2026-09-16,1168.0,1169.0,1159.0,1165.0,11300
2026-09-17,1169.0,1177.0,1160.0,1176.0,20800
2026-09-18,1171.0,1177.0,1167.0,1170.0,13800
2026-09-24,1170.0,1178.0,1162.0,1178.0,25600
2026-09-25,1174.0,1180.0,1171.0,1178.0,14600
2026-09-28,1179.0,1180.0,1163.0,1164.0,16400
2026-09-29,1160.0,1165.0,1154.0,1156.0,15900
