Date,Open,High,Low,Close,Volume
2012-10-01,822.5,822.5,810.0,820.0,368800
2012-10-02,821.25,821.25,805.0,807.5,372000
2012-10-03,803.75,808.75,798.75,808.75,336000
2012-10-04,810.0,823.75,810.0,815.0,264000
2012-10-05,816.25,821.25,807.5,818.75,240800
2012-10-09,817.5,830.0,810.0,811.25,462400
2012-10-10,798.75,805.0,795.0,801.25,203200
2012-10-11,792.5,802.5,788.75,796.25,327200
2012-10-12,797.5,806.25,795.0,803.75,256000
2012-10-15,803.75,816.25,800.0,806.25,250400
2012-10-16,807.5,817.5,806.25,806.25,218400
2012-10-17,823.75,837.5,818.75,828.75,372800
2012-10-18,828.75,841.25,828.75,841.25,362400
2012-10-19,841.25,855.0,838.75,845.0,346400
2012-10-22,837.5,850.0,836.25,846.25,257600
2012-10-23,847.5,850.0,836.25,850.0,242400
2012-10-24,838.75,858.75,838.75,846.25,612000
2012-10-25,847.5,853.75,840.0,853.75,301600
2012-10-26,853.75,858.75,842.5,843.75,260000
2012-10-29,845.0,853.75,841.25,846.25,349600
2012-10-30,846.25,857.5,838.75,838.75,391200
2012-10-31,843.75,857.5,836.25,857.5,420800
2012-11-01,858.75,873.75,858.75,871.25,337600
2012-11-02,880.0,893.75,877.5,890.0,578400
2012-11-05,882.5,888.75,881.25,887.5,205600
2012-11-06,882.5,887.5,872.5,885.0,304000
2012-11-07,890.0,890.0,875.0,882.5,255200
2012-11-08,877.5,877.5,868.75,870.0,228000
2012-11-09,860.0,868.75,857.5,860.0,322400
2012-11-12,853.75,867.5,850.0,850.0,407200
2012-11-13,850.0,850.0,833.75,841.25,440800
2012-11-14,838.75,842.5,832.5,832.5,389600
2012-11-15,832.5,835.0,825.0,826.25,569600
2012-11-16,831.25,847.5,818.75,838.75,625600
2012-11-19,847.5,861.25,846.25,853.75,435200
2012-11-20,858.75,866.25,857.5,860.0,363200
2012-11-21,867.5,868.75,856.25,861.25,390400
2012-11-22,872.5,875.0,865.0,875.0,331200
2012-11-26,893.75,896.25,867.5,870.0,493600
2012-11-27,863.75,892.5,863.75,886.25,588800
2012-11-28,877.5,886.25,877.5,880.0,310400
2012-11-29,882.5,893.75,882.5,885.0,413600
2012-11-30,893.75,893.75,875.0,878.75,532800
2012-12-03,885.0,886.25,878.75,881.25,270400
2012-12-04,882.5,890.0,882.5,883.75,447200
2012-12-05,878.75,887.5,875.0,880.0,348000
2012-12-06,881.25,887.5,875.0,877.5,484000
2012-12-07,882.5,882.5,873.75,877.5,356800
2012-12-10,882.5,886.25,867.5,871.25,762400
2012-12-11,871.25,871.25,851.25,858.75,538400
2012-12-12,867.5,877.5,862.5,863.75,745600
2012-12-13,876.25,878.75,861.25,862.5,898400
2012-12-14,870.0,878.75,861.25,865.0,1340800
2012-12-17,871.25,885.0,871.25,878.75,1100800
2012-12-18,881.25,900.0,880.0,886.25,1052800
2012-12-19,892.5,907.5,888.75,900.0,1248000
2012-12-20,906.25,921.25,901.25,906.25,2244000
2012-12-21,925.0,932.5,902.5,912.5,1558400
2012-12-25,927.5,931.25,902.5,903.75,400800
2012-12-26,905.0,915.0,896.25,900.0,708800
2012-12-27,907.5,911.25,898.75,901.25,560800
2012-12-28,908.75,911.25,896.25,910.0,471200
2013-01-04,928.75,941.25,921.25,938.75,985600
2013-01-07,955.0,963.75,918.75,921.25,1377600
2013-01-08,922.5,940.0,908.75,912.5,780000
2013-01-09,907.5,918.75,901.25,915.0,776800
2013-01-10,921.25,936.25,910.0,920.0,1179200
2013-01-11,936.25,942.5,922.5,935.0,768800
2013-01-15,948.75,953.75,935.0,940.0,659200
2013-01-16,940.0,951.25,931.25,938.75,1140800
2013-01-17,946.25,946.25,915.0,930.0,1108000
2013-01-18,942.5,942.5,925.0,942.5,1005600
2013-01-21,940.0,940.0,926.25,931.25,380800
2013-01-22,920.0,933.75,902.5,913.75,894400
2013-01-23,901.25,920.0,901.25,913.75,652000
2013-01-24,906.25,930.0,902.5,925.0,782400
2013-01-25,935.0,945.0,930.0,936.25,542400
2013-01-28,947.5,947.5,925.0,926.25,594400
2013-01-29,918.75,932.5,915.0,931.25,498400
2013-01-30,932.5,937.5,923.75,931.25,452800
2013-01-31,931.25,946.25,930.0,946.25,812800
2013-02-01,947.5,948.75,930.0,936.25,791200
2013-02-04,945.0,946.25,928.75,930.0,617600
2013-02-05,927.5,977.5,926.25,955.0,1260000
2013-02-06,973.75,977.5,960.0,970.0,621600
2013-02-07,970.0,998.75,970.0,995.0,1060000
2013-02-08,996.25,998.75,977.5,981.25,805600
2013-02-12,992.5,1015.0,987.5,987.5,897600
2013-02-13,977.5,998.75,977.5,986.25,654400
2013-02-14,985.0,987.5,971.25,972.5,1034400
2013-02-15,970.0,975.0,933.75,950.0,1346400
2013-02-18,968.75,1002.5,968.75,992.5,1037600
2013-02-19,988.75,1005.0,986.25,997.5,529600
2013-02-20,1008.75,1010.0,995.0,998.75,1277600
2013-02-21,997.5,1010.0,981.25,988.75,789600
2013-02-22,981.25,988.75,965.0,983.75,653600
2013-02-25,998.75,1010.0,991.25,1001.25,848800
2013-02-26,982.5,993.75,977.5,983.75,610400
2013-02-27,985.0,993.75,975.0,977.5,766400
2013-02-28,982.5,1012.5,976.25,1012.5,864800
2013-03-01,1000.0,1017.5,993.75,1013.75,584800
2013-03-04,1020.0,1037.5,1020.0,1030.0,540800
2013-03-05,1035.0,1060.0,1020.0,1028.75,716000
2013-03-06,1056.25,1058.75,1040.0,1052.5,510400
2013-03-07,1058.75,1063.75,1042.5,1047.5,832800
2013-03-08,1048.75,1058.75,1032.5,1053.75,1304800
2013-03-11,1071.25,1115.0,1066.25,1111.25,1253600
2013-03-12,1117.5,1131.25,1098.75,1112.5,935200
2013-03-13,1093.75,1110.0,1078.75,1080.0,1027200
2013-03-14,1083.75,1091.25,1068.75,1082.5,697600
2013-03-15,1097.5,1107.5,1086.25,1102.5,1420800
2013-03-18,1091.25,1110.0,1078.75,1098.75,566400
2013-03-19,1108.75,1137.5,1108.75,1137.5,648000
2013-03-21,1148.75,1182.5,1147.5,1170.0,1225600
2013-03-22,1166.25,1170.0,1133.75,1135.0,640000
2013-03-25,1161.25,1161.25,1137.5,1141.25,456800
2013-03-26,1125.0,1157.5,1123.75,1155.0,705600
2013-03-27,1152.5,1157.5,1147.5,1156.25,495200
2013-03-28,1148.75,1155.0,1132.5,1148.75,692000
2013-03-29,1148.75,1163.75,1137.5,1147.5,1067200
2013-04-01,1138.75,1138.75,1076.25,1078.75,920800
2013-04-02,1070.0,1090.0,1046.25,1078.75,1120800
2013-04-03,1072.5,1088.75,1060.0,1086.25,976800
2013-04-04,1078.75,1138.75,1060.0,1137.5,1048000
2013-04-05,1193.75,1228.75,1183.75,1207.5,1839200
2013-04-08,1228.75,1248.75,1203.75,1245.0,1244000
2013-04-09,1247.5,1247.5,1220.0,1233.75,929600
2013-04-10,1235.0,1296.25,1231.25,1295.0,1752000
2013-04-11,1296.25,1337.5,1277.5,1301.25,1430400
2013-04-12,1293.75,1315.0,1285.0,1303.75,739200
2013-04-15,1300.0,1300.0,1262.5,1287.5,827200
2013-04-16,1250.0,1255.0,1213.75,1223.75,1860800
2013-04-17,1236.25,1245.0,1218.75,1242.5,1407200
2013-04-18,1245.0,1276.25,1238.75,1256.25,1282400
2013-04-19,1252.5,1253.75,1210.0,1233.75,1188800
2013-04-22,1252.5,1272.5,1252.5,1253.75,666400
2013-04-23,1257.5,1266.25,1245.0,1251.25,685600
2013-04-24,1260.0,1262.5,1236.25,1242.5,1284800
2013-04-25,1253.75,1283.75,1253.75,1276.25,901600
2013-04-26,1285.0,1292.5,1258.75,1260.0,847200
2013-04-30,1271.25,1286.25,1271.25,1280.0,876800
2013-05-01,1280.0,1283.75,1257.5,1277.5,522400
2013-05-02,1276.25,1296.25,1263.75,1270.0,585600
2013-05-07,1290.0,1321.25,1290.0,1310.0,793600
2013-05-08,1322.5,1328.75,1312.5,1316.25,614400
2013-05-09,1325.0,1338.75,1290.0,1290.0,810400
2013-05-10,1303.75,1325.0,1300.0,1307.5,853600
2013-05-13,1325.0,1328.75,1300.0,1312.5,868800
2013-05-14,1305.0,1307.5,1281.25,1283.75,858400
2013-05-15,1310.0,1370.0,1308.75,1368.75,1378400
2013-05-16,1373.75,1382.5,1330.0,1340.0,1007200
2013-05-17,1340.0,1351.25,1305.0,1320.0,806400
2013-05-20,1323.75,1333.75,1300.0,1300.0,541600
2013-05-21,1301.25,1302.5,1273.75,1276.25,524000
2013-05-22,1272.5,1305.0,1271.25,1291.25,655200
2013-05-23,1292.5,1297.5,1112.5,1112.5,1765600
2013-05-24,1146.25,1168.75,1103.75,1127.5,2608800
2013-05-27,1101.25,1151.25,1090.0,1108.75,1072800
2013-05-28,1098.75,1117.5,1083.75,1085.0,1512000
2013-05-29,1112.5,1121.25,1090.0,1091.25,1262400
2013-05-30,1077.5,1077.5,1023.75,1030.0,1451200
2013-05-31,1048.75,1065.0,1025.0,1033.75,1794400
2013-06-03,1025.0,1027.5,982.5,987.5,1304800
2013-06-04,986.25,1035.0,958.75,1028.75,1728000
2013-06-05,1017.5,1047.5,1001.25,1001.25,1008800
2013-06-06,983.75,1008.75,970.0,978.75,1072000
2013-06-07,958.75,1018.75,956.25,995.0,2363200
2013-06-10,1013.75,1026.25,992.5,1020.0,1049600
2013-06-11,1005.0,1006.25,965.0,972.5,1772800
2013-06-12,956.25,965.0,928.75,957.5,1234400
2013-06-13,938.75,943.75,907.5,911.25,1399200
2013-06-14,933.75,945.0,907.5,907.5,1530400
2013-06-17,903.75,933.75,893.75,933.75,1098400
2013-06-18,936.25,937.5,907.5,912.5,772800
2013-06-19,930.0,962.5,928.75,960.0,1222400
2013-06-20,960.0,961.25,931.25,936.25,924000
2013-06-21,912.5,960.0,907.5,957.5,1183200
2013-06-24,975.0,975.0,945.0,948.75,498400
2013-06-25,951.25,965.0,930.0,942.5,652000
2013-06-26,960.0,965.0,937.5,943.75,552000
2013-06-27,948.75,975.0,946.25,975.0,640000
2013-06-28,987.5,1041.25,987.5,1033.75,1172000
2013-07-01,1046.25,1048.75,1011.25,1040.0,816800
2013-07-02,1050.0,1060.0,1028.75,1055.0,806400
2013-07-03,1056.25,1066.25,1040.0,1065.0,576800
2013-07-04,1061.25,1068.75,1050.0,1065.0,349600
2013-07-05,1070.0,1087.5,1066.25,1075.0,318400
2013-07-08,1091.25,1091.25,1060.0,1061.25,411200
2013-07-09,1085.0,1086.25,1072.5,1086.25,652800
2013-07-10,1087.5,1102.5,1083.75,1093.75,680000
2013-07-11,1082.5,1096.25,1063.75,1078.75,809600
2013-07-12,1078.75,1085.0,1071.25,1072.5,888000
2013-07-16,1076.25,1087.5,1051.25,1058.75,1162400
2013-07-17,1053.75,1066.25,1042.5,1061.25,852800
2013-07-18,1066.25,1087.5,1066.25,1087.5,619200
2013-07-19,1097.5,1108.75,1080.0,1087.5,787200
2013-07-22,1100.0,1103.75,1085.0,1101.25,374400
2013-07-23,1098.75,1120.0,1091.25,1117.5,492800
2013-07-24,1112.5,1123.75,1101.25,1107.5,377600
2013-07-25,1106.25,1112.5,1082.5,1082.5,416800
2013-07-26,1056.25,1058.75,1026.25,1028.75,627200
2013-07-29,997.5,1017.5,990.0,990.0,482400
2013-07-30,983.75,1005.0,981.25,1000.0,563200
2013-07-31,993.75,1000.0,980.0,980.0,653600
2013-08-01,961.25,1032.5,961.25,1028.75,723200
2013-08-02,1056.25,1092.5,1050.0,1092.5,1252000
2013-08-05,1080.0,1091.25,1068.75,1080.0,736800
2013-08-06,1076.25,1087.5,1055.0,1087.5,535200
2013-08-07,1068.75,1077.5,1062.5,1065.0,678400
2013-08-08,1065.0,1078.75,1043.75,1043.75,499200
2013-08-09,1045.0,1052.5,1036.25,1046.25,375200
2013-08-12,1035.0,1058.75,1030.0,1048.75,372000
2013-08-13,1062.5,1066.25,1052.5,1062.5,467200
2013-08-14,1072.5,1081.25,1060.0,1081.25,450400
2013-08-15,1065.0,1073.75,1057.5,1060.0,452800
2013-08-16,1041.25,1061.25,1040.0,1051.25,446400
2013-08-19,1050.0,1073.75,1050.0,1065.0,391200
2013-08-20,1065.0,1065.0,1038.75,1038.75,467200
2013-08-21,1036.25,1036.25,1021.25,1032.5,456800
2013-08-22,1022.5,1043.75,1016.25,1032.5,314400
2013-08-23,1047.5,1063.75,1035.0,1053.75,402400
2013-08-26,1052.5,1056.25,1038.75,1043.75,226400
2013-08-27,1033.75,1048.75,1032.5,1043.75,477600
2013-08-28,1018.75,1056.25,1018.75,1047.5,749600
2013-08-29,1050.0,1051.25,1038.75,1042.5,437600
2013-08-30,1047.5,1055.0,1007.5,1010.0,937600
2013-09-02,1016.25,1027.5,1012.5,1023.75,286400
2013-09-03,1042.5,1057.5,1038.75,1055.0,416000
2013-09-04,1036.25,1051.25,1033.75,1047.5,276800
2013-09-05,1050.0,1052.5,1037.5,1046.25,304800
2013-09-06,1047.5,1051.25,1020.0,1022.5,396800
2013-09-09,1051.25,1055.0,1038.75,1053.75,364800
2013-09-10,1058.75,1077.5,1058.75,1076.25,359200
2013-09-11,1082.5,1085.0,1070.0,1076.25,316800
2013-09-12,1076.25,1080.0,1061.25,1065.0,187200
2013-09-13,1053.75,1070.0,1051.25,1058.75,643200
2013-09-17,1068.75,1075.0,1048.75,1051.25,378400
2013-09-18,1061.25,1073.75,1050.0,1068.75,260000
2013-09-19,1086.25,1100.0,1068.75,1100.0,443200
2013-09-20,1102.5,1110.0,1100.0,1108.75,507200
2013-09-24,1107.5,1107.5,1081.25,1095.0,465600
2013-09-25,1088.75,1101.25,1083.75,1101.25,330400
2013-09-26,1095.0,1108.75,1062.5,1108.75,427200
2013-09-27,1108.75,1118.75,1105.0,1106.25,407200
2013-09-30,1078.75,1087.5,1070.0,1077.5,401600
2013-10-01,1080.0,1093.75,1073.75,1077.5,356000
2013-10-02,1086.25,1088.75,1050.0,1051.25,500800
2013-10-03,1052.5,1062.5,1041.25,1041.25,461600
2013-10-04,1040.0,1047.5,1027.5,1038.75,472800
2013-10-07,1045.0,1048.75,1030.0,1032.5,736800
2013-10-08,1033.75,1040.0,1026.25,1027.5,625600
2013-10-09,1028.75,1032.5,1015.0,1030.0,551200
2013-10-10,1037.5,1046.25,1027.5,1036.25,438400
2013-10-11,1065.0,1078.75,1057.5,1066.25,696000
2013-10-15,1077.5,1077.5,1057.5,1060.0,312800
2013-10-16,1063.75,1073.75,1058.75,1066.25,320000
2013-10-17,1078.75,1082.5,1062.5,1075.0,329600
2013-10-18,1082.5,1082.5,1065.0,1072.5,436000
2013-10-21,1076.25,1097.5,1076.25,1092.5,540000
2013-10-22,1098.75,1102.5,1090.0,1100.0,256800
2013-10-23,1106.25,1112.5,1082.5,1083.75,538400
2013-10-24,1082.5,1095.0,1065.0,1092.5,436000
2013-10-25,1098.75,1098.75,1062.5,1062.5,571200
2013-10-28,1073.75,1090.0,1061.25,1090.0,527200
2013-10-29,1090.0,1090.0,1068.75,1082.5,407200
2013-10-30,1088.75,1100.0,1082.5,1090.0,1370400
2013-10-31,1091.25,1093.75,1077.5,1077.5,492800
2013-11-01,1078.75,1082.5,1051.25,1052.5,372800
2013-11-05,1058.75,1061.25,1038.75,1041.25,606400
2013-11-06,1036.25,1070.0,1036.25,1061.25,417600
2013-11-07,1067.5,1067.5,1048.75,1051.25,243200
2013-11-08,1035.0,1046.25,1035.0,1037.5,367200
2013-11-11,1053.75,1060.0,1036.25,1045.0,378400
2013-11-12,1038.75,1077.5,1038.75,1076.25,536800
2013-11-13,1075.0,1091.25,1067.5,1075.0,647200
2013-11-14,1082.5,1095.0,1076.25,1088.75,412800
2013-11-15,1100.0,1121.25,1097.5,1116.25,708800
2013-11-18,1117.5,1121.25,1105.0,1108.75,362400
2013-11-19,1102.5,1110.0,1095.0,1098.75,478400
2013-11-20,1106.25,1111.25,1092.5,1097.5,502400
2013-11-21,1107.5,1125.0,1107.5,1115.0,657600
2013-11-22,1120.0,1125.0,1101.25,1111.25,657600
2013-11-25,1112.5,1117.5,1107.5,1116.25,403200
2013-11-26,1112.5,1136.25,1112.5,1125.0,620000
2013-11-27,1115.0,1122.5,1107.5,1107.5,308800
2013-11-28,1113.75,1123.75,1105.0,1111.25,260000
2013-11-29,1103.75,1108.75,1092.5,1098.75,464800
2013-12-02,1080.0,1097.5,1080.0,1088.75,532800
2013-12-03,1100.0,1106.25,1091.25,1096.25,434400
2013-12-04,1082.5,1095.0,1073.75,1073.75,687200
2013-12-05,1066.25,1077.5,1053.75,1055.0,560000
2013-12-06,1053.75,1057.5,1041.25,1048.75,505600
2013-12-09,1067.5,1067.5,1055.0,1060.0,557600
2013-12-10,1065.0,1075.0,1052.5,1056.25,736000
2013-12-11,1057.5,1065.0,1041.25,1046.25,468800
2013-12-12,1033.75,1040.0,1027.5,1032.5,488000
2013-12-13,1018.75,1041.25,1017.5,1020.0,1517600
2013-12-16,1022.5,1027.5,1005.0,1007.5,572800
2013-12-17,1015.0,1016.25,1008.75,1016.25,431200
2013-12-18,1016.25,1033.75,1016.25,1033.75,765600
2013-12-19,1038.75,1046.25,1037.5,1046.25,560800
2013-12-20,1046.25,1051.25,1032.5,1046.25,743200
2013-12-24,1036.25,1050.0,1036.25,1043.75,604000
2013-12-25,1038.75,1043.75,1031.25,1042.5,563200
2013-12-26,1046.25,1061.25,1042.5,1058.75,503200
2013-12-27,1062.5,1080.0,1053.75,1076.25,436000
2013-12-30,1086.25,1098.75,1083.75,1097.5,462400
2014-01-06,1097.5,1105.0,1088.75,1105.0,947200
2014-01-07,1100.0,1103.75,1090.0,1102.5,669600
2014-01-08,1112.5,1131.25,1106.25,1131.25,885600
2014-01-09,1133.75,1133.75,1116.25,1125.0,708800
2014-01-10,1112.5,1137.5,1106.25,1136.25,902400
2014-01-14,1120.0,1150.0,1110.0,1128.75,1451200
2014-01-15,1141.25,1141.25,1117.5,1141.25,685600
2014-01-16,1146.25,1148.75,1127.5,1131.25,639200
2014-01-17,1125.0,1133.75,1122.5,1125.0,403200
2014-01-20,1095.0,1118.75,1095.0,1103.75,1451200
2014-01-21,1113.75,1125.0,1112.5,1112.5,512800
2014-01-22,1112.5,1123.75,1103.75,1122.5,653600
2014-01-23,1125.0,1125.0,1102.5,1106.25,710400
2014-01-24,1090.0,1101.25,1081.25,1086.25,873600
2014-01-27,1045.0,1058.75,1037.5,1043.75,766400
2014-01-28,1043.75,1053.75,1028.75,1031.25,1031200
2014-01-29,1050.0,1062.5,1050.0,1062.5,556800
2014-01-30,1052.5,1062.5,1031.25,1035.0,924800
2014-01-31,1047.5,1050.0,1020.0,1032.5,497600
2014-02-03,1017.5,1026.25,1005.0,1005.0,550400
2014-02-04,970.0,985.0,942.5,942.5,1287200
2014-02-05,947.5,953.75,932.5,946.25,1077600
2014-02-06,962.5,966.25,948.75,957.5,623200
2014-02-07,980.0,980.0,960.0,973.75,461600
2014-02-10,1002.5,1002.5,971.25,981.25,444000
2014-02-12,992.5,1005.0,983.75,985.0,486400
2014-02-13,988.75,991.25,958.75,965.0,608000
2014-02-14,962.5,973.75,936.25,946.25,620000
2014-02-17,948.75,966.25,937.5,966.25,434400
2014-02-18,972.5,1006.25,965.0,1002.5,721600
2014-02-19,998.75,1005.0,986.25,998.75,373600
2014-02-20,993.75,998.75,971.25,975.0,484000
2014-02-21,976.25,1006.25,976.25,1006.25,504800
2014-02-24,1005.0,1023.75,981.25,992.5,560000
2014-02-25,1002.5,1015.0,997.5,1015.0,456000
2014-02-26,1000.0,1021.25,997.5,1001.25,440800
2014-02-27,993.75,1005.0,982.5,991.25,479200
2014-02-28,993.75,993.75,972.5,981.25,514400
2014-03-03,980.0,986.25,956.25,985.0,591200
2014-03-04,973.75,1001.25,968.75,1000.0,345600
2014-03-05,1011.25,1022.5,1006.25,1016.25,584800
2014-03-06,1016.25,1032.5,1010.0,1028.75,542400
2014-03-07,1037.5,1038.75,1023.75,1032.5,630400
2014-03-10,1022.5,1028.75,1015.0,1020.0,432000
2014-03-11,1030.0,1035.0,1015.0,1030.0,400000
2014-03-12,1013.75,1013.75,1003.75,1005.0,360000
2014-03-13,1000.0,1011.25,1000.0,1002.5,249600
2014-03-14,983.75,991.25,968.75,972.5,993600
2014-03-17,968.75,968.75,951.25,956.25,419200
2014-03-18,973.75,980.0,965.0,970.0,479200
2014-03-19,970.0,981.25,958.75,970.0,540000
2014-03-20,975.0,977.5,945.0,945.0,636800
2014-03-24,952.5,1002.5,952.5,996.25,939200
2014-03-25,978.75,1037.5,975.0,1013.75,1140000
2014-03-26,1028.75,1037.5,1003.75,1011.25,1232800
2014-03-27,1023.75,1047.5,1007.5,1045.0,1352800
2014-03-28,1038.75,1053.75,1031.25,1053.75,1095200
2014-03-31,1063.75,1068.75,1045.0,1065.0,856800
2014-04-01,1075.0,1075.0,1053.75,1072.5,900800
2014-04-02,1081.25,1100.0,1080.0,1080.0,852000
2014-04-03,1085.0,1090.0,1072.5,1081.25,936800
2014-04-04,1081.25,1086.25,1073.75,1081.25,521600
2014-04-07,1062.5,1072.5,1050.0,1052.5,510400
2014-04-08,1046.25,1055.0,1035.0,1043.75,792800
2014-04-09,1025.0,1037.5,1013.75,1016.25,819200
2014-04-10,1022.5,1036.25,1007.5,1008.75,628000
2014-04-11,991.25,1001.25,982.5,995.0,728800
2014-04-14,988.75,1007.5,986.25,986.25,480800
2014-04-15,992.5,1000.0,983.75,987.5,561600
2014-04-16,1001.25,1021.25,1001.25,1021.25,605600
2014-04-17,1023.75,1030.0,1012.5,1022.5,452800
2014-04-18,1025.0,1031.25,1018.75,1028.75,413600
2014-04-21,1032.5,1040.0,1022.5,1027.5,321600
2014-04-22,1031.25,1031.25,1011.25,1011.25,317600
2014-04-23,1012.5,1018.75,1007.5,1011.25,649600
2014-04-24,1018.75,1025.0,1010.0,1016.25,396800
2014-04-25,1018.75,1040.0,1016.25,1030.0,671200
2014-04-28,1016.25,1021.25,1006.25,1020.0,312800
2014-04-30,1026.25,1041.25,1020.0,1040.0,788000
2014-05-01,1040.0,1057.5,1037.5,1057.5,579200
2014-05-02,1051.25,1057.5,1042.5,1047.5,288000
2014-05-07,1036.25,1041.25,1001.25,1002.5,751200
2014-05-08,1002.5,1016.25,1002.5,1008.75,588800
2014-05-09,1000.0,1020.0,998.75,1010.0,465600
2014-05-12,1005.0,1010.0,990.0,993.75,396000
2014-05-13,1020.0,1033.75,1003.75,1005.0,706400
2014-05-14,1010.0,1025.0,1010.0,1022.5,560000
2014-05-15,1020.0,1045.0,1007.5,1042.5,1017600
2014-05-16,1032.5,1037.5,1013.75,1035.0,665600
2014-05-19,1038.75,1038.75,1028.75,1028.75,354400
2014-05-20,1038.75,1038.75,1028.75,1030.0,370400
2014-05-21,1025.0,1030.0,1016.25,1028.75,530400
2014-05-22,1037.5,1050.0,1028.75,1040.0,645600
2014-05-23,1043.75,1063.75,1042.5,1052.5,703200
2014-05-26,1061.25,1067.5,1057.5,1066.25,458400
2014-05-27,1066.25,1081.25,1065.0,1065.0,721600
2014-05-28,1068.75,1075.0,1062.5,1063.75,548800
2014-05-29,1060.0,1066.25,1053.75,1066.25,407200
2014-05-30,1060.0,1063.75,1052.5,1055.0,1696000
2014-06-02,1062.5,1071.25,1058.75,1066.25,622400
2014-06-03,1081.25,1083.75,1068.75,1075.0,755200
2014-06-04,1081.25,1082.5,1067.5,1076.25,454400
2014-06-05,1082.5,1088.75,1073.75,1076.25,642400
2014-06-06,1076.25,1082.5,1073.75,1081.25,428000
2014-06-09,1090.0,1090.0,1071.25,1075.0,412800
2014-06-10,1077.5,1090.0,1073.75,1082.5,599200
2014-06-11,1080.0,1097.5,1077.5,1095.0,632000
2014-06-12,1088.75,1098.75,1080.0,1092.5,582400
2014-06-13,1078.75,1098.75,1075.0,1098.75,1067200
2014-06-16,1087.5,1100.0,1076.25,1087.5,769600
2014-06-17,1087.5,1103.75,1085.0,1102.5,685600
2014-06-18,1106.25,1132.5,1106.25,1130.0,784000
2014-06-19,1123.75,1152.5,1117.5,1151.25,716800
2014-06-20,1151.25,1157.5,1137.5,1143.75,915200
2014-06-23,1150.0,1152.5,1136.25,1143.75,335200
2014-06-24,1147.5,1152.5,1136.25,1148.75,472000
2014-06-25,1147.5,1150.0,1140.0,1141.25,368800
2014-06-26,1150.0,1153.75,1141.25,1143.75,575200
2014-06-27,1145.0,1145.0,1113.75,1123.75,539200
2014-06-30,1142.5,1152.5,1130.0,1151.25,690400
2014-07-01,1152.5,1172.5,1152.5,1167.5,776800
2014-07-02,1152.5,1178.75,1152.5,1172.5,479200
2014-07-03,1180.0,1181.25,1163.75,1166.25,490400
2014-07-04,1182.5,1182.5,1173.75,1180.0,313600
2014-07-07,1171.25,1177.5,1168.75,1171.25,203200
2014-07-08,1161.25,1171.25,1153.75,1156.25,619200
2014-07-09,1150.0,1156.25,1145.0,1153.75,294400
2014-07-10,1161.25,1161.25,1150.0,1151.25,318400
2014-07-11,1133.75,1145.0,1133.75,1145.0,275200
2014-07-14,1147.5,1155.0,1140.0,1155.0,262400
2014-07-15,1156.25,1170.0,1156.25,1163.75,327200
2014-07-16,1162.5,1175.0,1152.5,1168.75,284000
2014-07-17,1165.0,1172.5,1162.5,1170.0,254400
2014-07-18,1165.0,1165.0,1145.0,1157.5,347200
2014-07-22,1172.5,1181.25,1168.75,1178.75,323200
2014-07-23,1176.25,1177.5,1166.25,1168.75,300000
2014-07-24,1163.75,1176.25,1157.5,1160.0,250400
2014-07-25,1162.5,1173.75,1146.25,1173.75,568000
2014-07-28,1168.75,1180.0,1163.75,1176.25,332800
2014-07-29,1176.25,1181.25,1173.75,1180.0,269600
2014-07-30,1171.25,1182.5,1171.25,1176.25,312000
2014-07-31,1185.0,1186.25,1177.5,1181.25,508000
2014-08-01,1176.25,1187.5,1170.0,1178.75,419200
2014-08-04,1166.25,1168.75,1153.75,1156.25,538400
2014-08-05,1150.0,1152.5,1125.0,1128.75,882400
2014-08-06,1118.75,1130.0,1111.25,1120.0,535200
2014-08-07,1125.0,1138.75,1115.0,1136.25,704000
2014-08-08,1120.0,1133.75,1100.0,1101.25,937600
2014-08-11,1120.0,1136.25,1111.25,1133.75,440800
2014-08-12,1137.5,1146.25,1136.25,1137.5,369600
2014-08-13,1136.25,1158.75,1132.5,1153.75,426400
2014-08-14,1162.5,1182.5,1157.5,1180.0,583200
2014-08-15,1175.0,1185.0,1170.0,1183.75,433600
2014-08-18,1187.5,1187.5,1165.0,1171.25,662400
2014-08-19,1175.0,1182.5,1173.75,1181.25,366400
2014-08-20,1181.25,1185.0,1171.25,1178.75,409600
2014-08-21,1178.75,1183.75,1171.25,1181.25,536000
2014-08-22,1187.5,1192.5,1177.5,1178.75,528800
2014-08-25,1178.75,1185.0,1171.25,1177.5,326400
2014-08-26,1172.5,1175.0,1165.0,1166.25,303200
2014-08-27,1170.0,1175.0,1161.25,1167.5,504000
2014-08-28,1160.0,1160.0,1141.25,1147.5,1173600
2014-08-29,1138.75,1152.5,1136.25,1143.75,594400
2014-09-01,1140.0,1147.5,1140.0,1145.0,416000
2014-09-02,1148.75,1171.25,1143.75,1160.0,591200
2014-09-03,1162.5,1172.5,1157.5,1165.0,611200
2014-09-04,1158.75,1168.75,1156.25,1163.75,465600
2014-09-05,1171.25,1171.25,1137.5,1138.75,795200
2014-09-08,1145.0,1155.0,1127.5,1155.0,999200
2014-09-09,1161.25,1163.75,1145.0,1145.0,460800
2014-09-10,1143.75,1176.25,1140.0,1175.0,840800
2014-09-11,1180.0,1181.25,1173.75,1175.0,405600
2014-09-12,1172.5,1182.5,1172.5,1178.75,918400
2014-09-16,1173.75,1173.75,1156.25,1157.5,522400
2014-09-17,1157.5,1158.75,1141.25,1141.25,476800
2014-09-18,1148.75,1160.0,1146.25,1148.75,770400
2014-09-19,1151.25,1165.0,1148.75,1153.75,881600
2014-09-22,1156.25,1162.5,1150.0,1161.25,716800
2014-09-24,1151.25,1165.0,1151.25,1163.75,567200
2014-09-25,1168.75,1186.25,1166.25,1186.25,640800
2014-09-26,1176.25,1176.25,1160.0,1170.0,655200
2014-09-29,1175.0,1177.5,1165.0,1175.0,682400
2014-09-30,1166.25,1171.25,1137.5,1138.75,1107200
2014-10-01,1147.5,1147.5,1130.0,1132.5,792000
2014-10-02,1121.25,1121.25,1086.25,1086.25,852000
2014-10-03,1080.0,1095.0,1078.75,1083.75,588800
2014-10-06,1110.0,1110.0,1093.75,1093.75,552800
2014-10-07,1095.0,1098.75,1078.75,1080.0,686400
2014-10-08,1062.5,1077.5,1061.25,1067.5,736800
2014-10-09,1072.5,1076.25,1057.5,1057.5,579200
2014-10-10,1033.75,1046.25,1030.0,1033.75,682400
2014-10-14,1012.5,1042.5,1012.5,1022.5,1197600
2014-10-15,1023.75,1036.25,1018.75,1031.25,904800
2014-10-16,1005.0,1011.25,997.5,1006.25,997600
2014-10-17,1007.5,1007.5,986.25,988.75,1414400
2014-10-20,1025.0,1031.25,1018.75,1025.0,910400
2014-10-21,1037.5,1043.75,1001.25,1003.75,896000
2014-10-22,1025.0,1035.0,1017.5,1033.75,558400
2014-10-23,1036.25,1043.75,1021.25,1040.0,714400
2014-10-24,1053.75,1057.5,1037.5,1051.25,705600
2014-10-27,1057.5,1062.5,1047.5,1061.25,417600
2014-10-28,1053.75,1071.25,1053.75,1067.5,460000
2014-10-29,1073.75,1101.25,1073.75,1097.5,879200
2014-10-30,1102.5,1123.75,1100.0,1120.0,968000
2014-10-31,1125.0,1187.5,1121.25,1185.0,1556800
2014-11-04,1250.0,1256.25,1210.0,1216.25,1637600
2014-11-05,1216.25,1222.5,1203.75,1217.5,913600
2014-11-06,1216.25,1227.5,1188.75,1188.75,1006400
2014-11-07,1198.75,1222.5,1190.0,1221.25,744000
2014-11-10,1213.75,1218.75,1203.75,1218.75,568800
2014-11-11,1218.75,1230.0,1212.5,1227.5,620800
2014-11-12,1237.5,1246.25,1220.0,1221.25,713600
2014-11-13,1216.25,1237.5,1212.5,1235.0,535200
2014-11-14,1250.0,1252.5,1236.25,1248.75,881600
2014-11-17,1250.0,1250.0,1212.5,1213.75,882400
2014-11-18,1228.75,1252.5,1223.75,1252.5,947200
2014-11-19,1250.0,1267.5,1240.0,1243.75,826400
2014-11-20,1256.25,1261.25,1238.75,1240.0,433600
2014-11-21,1240.0,1256.25,1232.5,1253.75,562400
2014-11-25,1262.5,1271.25,1227.5,1231.25,1110400
2014-11-26,1235.0,1251.25,1228.75,1238.75,743200
2014-11-27,1243.75,1257.5,1222.5,1223.75,693600
2014-11-28,1235.0,1251.25,1223.75,1247.5,637600
2014-12-01,1265.0,1276.25,1258.75,1263.75,675200
2014-12-02,1252.5,1280.0,1248.75,1280.0,616000
2014-12-03,1281.25,1311.25,1281.25,1308.75,1180800
2014-12-04,1316.25,1330.0,1306.25,1312.5,635200
2014-12-05,1306.25,1312.5,1292.5,1305.0,459200
2014-12-08,1313.75,1317.5,1293.75,1303.75,458400
2014-12-09,1297.5,1333.75,1290.0,1331.25,903200
2014-12-10,1331.25,1336.25,1285.0,1287.5,812800
2014-12-11,1257.5,1277.5,1257.5,1268.75,467200
2014-12-12,1256.25,1268.75,1246.25,1246.25,1352800
2014-12-15,1227.5,1245.0,1227.5,1233.75,578400
2014-12-16,1215.0,1227.5,1202.5,1213.75,710400
2014-12-17,1207.5,1231.25,1207.5,1211.25,736800
2014-12-18,1237.5,1262.5,1228.75,1230.0,640800
2014-12-19,1248.75,1275.0,1248.75,1275.0,665600
2014-12-22,1285.0,1293.75,1255.0,1267.5,626400
2014-12-24,1290.0,1293.75,1281.25,1288.75,527200
2014-12-25,1287.5,1296.25,1285.0,1287.5,365600
2014-12-26,1287.5,1297.5,1282.5,1286.25,218400
2014-12-29,1292.5,1296.25,1266.25,1280.0,344000
2014-12-30,1282.5,1282.5,1262.5,1265.0,382400
2015-01-05,1252.5,1258.75,1233.75,1251.25,569600
2015-01-06,1222.5,1227.5,1192.5,1193.75,744000
2015-01-07,1181.25,1197.5,1176.25,1185.0,476000
2015-01-08,1193.75,1211.25,1187.5,1206.25,566400
2015-01-09,1208.75,1211.25,1198.75,1205.0,472000
2015-01-13,1186.25,1192.5,1160.0,1173.75,813600
2015-01-14,1160.0,1175.0,1146.25,1151.25,670400
2015-01-15,1150.0,1176.25,1150.0,1172.5,564800
2015-01-16,1153.75,1161.25,1140.0,1157.5,998400
2015-01-19,1163.75,1166.25,1152.5,1161.25,548000
2015-01-20,1171.25,1198.75,1170.0,1197.5,468000
2015-01-21,1197.5,1197.5,1168.75,1177.5,453600
2015-01-22,1172.5,1172.5,1151.25,1166.25,376000
2015-01-23,1182.5,1186.25,1175.0,1183.75,417600
2015-01-26,1166.25,1196.25,1166.25,1196.25,375200
2015-01-27,1205.0,1242.5,1205.0,1242.5,547200
2015-01-28,1236.25,1250.0,1228.75,1246.25,500800
2015-01-29,1230.0,1256.25,1230.0,1238.75,472800
2015-01-30,1256.25,1260.0,1238.75,1242.5,519200
2015-02-02,1223.75,1235.0,1221.25,1233.75,361600
2015-02-03,1252.5,1261.25,1238.75,1243.75,790400
2015-02-04,1261.25,1283.75,1253.75,1260.0,740800
2015-02-05,1265.0,1281.25,1245.0,1267.5,578400
2015-02-06,1283.75,1286.25,1268.75,1275.0,560000
2015-02-09,1290.0,1292.5,1272.5,1281.25,507200
2015-02-10,1288.75,1290.0,1272.5,1282.5,460000
2015-02-12,1303.75,1343.75,1296.25,1338.75,1215200
2015-02-13,1345.0,1345.0,1316.25,1328.75,644000
2015-02-16,1343.75,1385.0,1340.0,1377.5,821600
2015-02-17,1377.5,1383.75,1365.0,1370.0,630400
2015-02-18,1387.5,1422.5,1387.5,1418.75,708000
2015-02-19,1425.0,1483.75,1423.75,1477.5,1195200
2015-02-20,1477.5,1483.75,1442.5,1482.5,751200
2015-02-23,1492.5,1492.5,1443.75,1472.5,831200
2015-02-24,1458.75,1470.0,1441.25,1448.75,750400
2015-02-25,1448.75,1463.75,1443.75,1460.0,441600
2015-02-26,1460.0,1465.0,1443.75,1461.25,624800
2015-02-27,1476.25,1492.5,1460.0,1463.75,776000
2015-03-02,1451.25,1463.75,1441.25,1451.25,650400
2015-03-03,1446.25,1491.25,1446.25,1478.75,1018400
2015-03-04,1478.75,1481.25,1446.25,1448.75,684000
2015-03-05,1448.75,1472.5,1440.0,1472.5,529600
2015-03-06,1472.5,1501.25,1465.0,1491.25,950400
2015-03-09,1491.25,1492.5,1456.25,1462.5,579200
2015-03-10,1475.0,1478.75,1442.5,1450.0,671200
2015-03-11,1450.0,1476.25,1447.5,1466.25,568800
2015-03-12,1478.75,1510.0,1473.75,1496.25,746400
2015-03-13,1522.5,1558.75,1508.75,1537.5,1412800
2015-03-16,1535.0,1566.25,1526.25,1543.75,721600
2015-03-17,1558.75,1558.75,1532.5,1551.25,596800
2015-03-18,1763.75,1841.25,1731.25,1776.25,5089600
2015-03-19,1763.75,1775.0,1656.25,1673.75,3292800
2015-03-20,1662.5,1668.75,1626.25,1636.25,1542400
2015-03-23,1628.75,1643.75,1607.5,1633.75,743200
2015-03-24,1618.75,1626.25,1590.0,1610.0,958400
2015-03-25,1608.75,1623.75,1591.25,1610.0,953600
2015-03-26,1587.5,1600.0,1548.75,1555.0,1421600
2015-03-27,1545.0,1587.5,1532.5,1546.25,788000
2015-03-30,1553.75,1618.75,1553.75,1615.0,992800
2015-03-31,1660.0,1662.5,1571.25,1573.75,1228000
2015-04-01,1551.25,1588.75,1533.75,1563.75,860000
2015-04-02,1571.25,1633.75,1566.25,1613.75,864000
2015-04-03,1603.75,1613.75,1563.75,1585.0,688000
2015-04-06,1573.75,1590.0,1556.25,1583.75,347200
2015-04-07,1592.5,1612.5,1585.0,1610.0,829600
2015-04-08,1625.0,1645.0,1613.75,1627.5,632800
2015-04-09,1621.25,1633.75,1593.75,1606.25,711200
2015-04-10,1615.0,1622.5,1586.25,1612.5,785600
2015-04-13,1612.5,1612.5,1586.25,1591.25,559200
2015-04-14,1593.75,1622.5,1590.0,1610.0,418400
2015-04-15,1608.75,1612.5,1587.5,1595.0,526400
2015-04-16,1586.25,1678.75,1586.25,1676.25,932000
2015-04-17,1671.25,1700.0,1643.75,1667.5,1290400
2015-04-20,1643.75,1686.25,1635.0,1646.25,888000
2015-04-21,1643.75,1701.25,1643.75,1686.25,1222400
2015-04-22,1698.75,1745.0,1681.25,1736.25,1639200
2015-04-23,1750.0,1771.25,1697.5,1720.0,1379200
2015-04-24,1727.5,1727.5,1701.25,1710.0,836000
2015-04-27,1703.75,1716.25,1673.75,1687.5,556000
2015-04-28,1687.5,1707.5,1673.75,1697.5,608800
2015-04-30,1680.0,1690.0,1626.25,1636.25,1313600
2015-05-01,1643.75,1667.5,1613.75,1633.75,1124800
2015-05-07,1635.0,1670.0,1618.75,1628.75,1106400
2015-05-08,1628.75,1671.25,1623.75,1671.25,905600
2015-05-11,1695.0,1700.0,1642.5,1658.75,1018400
2015-05-12,1658.75,1685.0,1641.25,1685.0,900000
2015-05-13,1668.75,1680.0,1645.0,1662.5,1099200
2015-05-14,1643.75,1666.25,1620.0,1626.25,691200
2015-05-15,1641.25,1670.0,1615.0,1658.75,862400
2015-05-18,1658.75,1685.0,1645.0,1685.0,1450400
2015-05-19,1687.5,1717.5,1672.5,1715.0,1134400
2015-05-20,1725.0,1728.75,1702.5,1707.5,1044000
2015-05-21,1720.0,1742.5,1712.5,1736.25,1235200
2015-05-22,1743.75,1778.75,1726.25,1775.0,1696000
2015-05-25,1795.0,1822.5,1783.75,1803.75,1233600
2015-05-26,1790.0,1803.75,1780.0,1792.5,748000
2015-05-27,1780.0,1780.0,1758.75,1771.25,1021600
2015-05-28,1773.75,1796.25,1761.25,1781.25,1616800
2015-05-29,1788.75,1803.75,1777.5,1777.5,1610400
2015-06-01,1752.5,1781.25,1751.25,1772.5,1140800
2015-06-02,1772.5,1773.75,1742.5,1748.75,1601600
2015-06-03,1736.25,1742.5,1718.75,1726.25,708800
2015-06-04,1727.5,1757.5,1725.0,1740.0,981600
2015-06-05,1745.0,1750.0,1733.75,1743.75,754400
2015-06-08,1791.25,1805.0,1751.25,1766.25,885600
2015-06-09,1741.25,1748.75,1717.5,1721.25,1038400
2015-06-10,1735.0,1738.75,1706.25,1708.75,885600
2015-06-11,1718.75,1742.5,1717.5,1732.5,528000
2015-06-12,1745.0,1748.75,1731.25,1746.25,1116000
2015-06-15,1728.75,1743.75,1722.5,1740.0,980800
2015-06-16,1721.25,1733.75,1678.75,1678.75,1536000
2015-06-17,1705.0,1712.5,1673.75,1685.0,1024800
2015-06-18,1677.5,1703.75,1662.5,1678.75,849600
2015-06-19,1703.75,1741.25,1700.0,1722.5,1213600
2015-06-22,1727.5,1765.0,1720.0,1761.25,1088800
2015-06-23,1785.0,1807.5,1768.75,1803.75,1354400
2015-06-24,1808.75,1866.25,1806.25,1852.5,1816800
2015-06-25,1830.0,1840.0,1815.0,1820.0,612000
2015-06-26,1787.5,1813.75,1762.5,1806.25,981600
2015-06-29,1742.5,1783.75,1742.5,1763.75,1216000
2015-06-30,1763.75,1777.5,1740.0,1762.5,1440800
2015-07-01,1775.0,1780.0,1755.0,1767.5,598400
2015-07-02,1790.0,1791.25,1770.0,1771.25,752000
2015-07-03,1771.25,1776.25,1751.25,1760.0,1123200
2015-07-06,1727.5,1738.75,1708.75,1713.75,856800
2015-07-07,1745.0,1766.25,1743.75,1762.5,1173600
2015-07-08,1745.0,1753.75,1681.25,1681.25,1583200
2015-07-09,1625.0,1660.0,1612.5,1656.25,1540000
2015-07-10,1686.25,1742.5,1681.25,1702.5,1578400
2015-07-13,1732.5,1758.75,1713.75,1755.0,664000
2015-07-14,1790.0,1825.0,1776.25,1825.0,1169600
2015-07-15,1812.5,1853.75,1807.5,1851.25,1172000
2015-07-16,1857.5,1873.75,1840.0,1870.0,1136800
2015-07-17,1870.0,1877.5,1843.75,1871.25,949600
2015-07-21,1881.25,1933.75,1870.0,1932.5,1069600
2015-07-22,1910.0,1910.0,1881.25,1882.5,630400
2015-07-23,1882.5,1895.0,1872.5,1876.25,666400
2015-07-24,1887.5,1898.75,1846.25,1853.75,649600
2015-07-27,1852.5,1853.75,1818.75,1831.25,568800
2015-07-28,1811.25,1826.25,1782.5,1810.0,722400
2015-07-29,1806.25,1821.25,1798.75,1807.5,712000
2015-07-30,1837.5,1846.25,1823.75,1833.75,956800
2015-07-31,1850.0,1850.0,1812.5,1828.75,1267200
2015-08-03,1828.75,1828.75,1792.5,1820.0,768000
2015-08-04,1791.25,1825.0,1787.5,1817.5,761600
2015-08-05,1807.5,1846.25,1807.5,1823.75,555200
2015-08-06,1846.25,1870.0,1831.25,1833.75,780800
2015-08-07,1825.0,1843.75,1816.25,1840.0,803200
2015-08-10,1837.5,1860.0,1817.5,1860.0,602400
2015-08-11,1861.25,1861.25,1823.75,1835.0,866400
2015-08-12,1820.0,1835.0,1792.5,1813.75,676800
2015-08-13,1812.5,1815.0,1783.75,1812.5,985600
2015-08-14,1812.5,1826.25,1802.5,1812.5,595200
2015-08-17,1828.75,1850.0,1810.0,1826.25,567200
2015-08-18,1828.75,1847.5,1828.75,1832.5,381600
2015-08-19,1821.25,1830.0,1802.5,1803.75,652000
2015-08-20,1792.5,1806.25,1742.5,1745.0,857600
2015-08-21,1691.25,1700.0,1641.25,1663.75,1464800
2015-08-24,1612.5,1631.25,1567.5,1567.5,2432800
2015-08-25,1470.0,1577.5,1468.75,1517.5,2738400
2015-08-26,1510.0,1573.75,1503.75,1572.5,1407200
2015-08-27,1610.0,1637.5,1597.5,1602.5,1111200
2015-08-28,1662.5,1678.75,1632.5,1668.75,579200
2015-08-31,1658.75,1658.75,1627.5,1646.25,811200
2015-09-01,1635.0,1646.25,1601.25,1601.25,960800
2015-09-02,1563.75,1636.25,1552.5,1588.75,1084800
2015-09-03,1593.75,1622.5,1593.75,1598.75,804000
2015-09-04,1582.5,1607.5,1545.0,1567.5,1483200
2015-09-07,1550.0,1593.75,1536.25,1583.75,966400
2015-09-08,1586.25,1592.5,1547.5,1550.0,1055200
2015-09-09,1610.0,1638.75,1596.25,1638.75,1296000
2015-09-10,1601.25,1608.75,1572.5,1600.0,912800
2015-09-11,1566.25,1618.75,1566.25,1611.25,1262400
2015-09-14,1625.0,1627.5,1600.0,1607.5,540800
2015-09-15,1631.25,1658.75,1602.5,1603.75,642400
2015-09-16,1625.0,1636.25,1597.5,1618.75,608000
2015-09-17,1630.0,1630.0,1577.5,1592.5,874400
2015-09-18,1572.5,1572.5,1516.25,1522.5,1495200
2015-09-24,1498.75,1526.25,1482.5,1482.5,1399200
2015-09-25,1490.0,1542.5,1482.5,1541.25,1101600
2015-09-28,1542.5,1561.25,1522.5,1533.75,819200
2015-09-29,1507.5,1510.0,1451.25,1460.0,1517600
2015-09-30,1487.5,1530.0,1487.5,1513.75,1324800
2015-10-01,1527.5,1555.0,1487.5,1531.25,908000
2015-10-02,1526.25,1526.25,1482.5,1500.0,668000
2015-10-05,1516.25,1521.25,1490.0,1503.75,749600
2015-10-06,1528.75,1535.0,1511.25,1530.0,949600
2015-10-07,1531.25,1547.5,1520.0,1545.0,617600
2015-10-08,1543.75,1556.25,1535.0,1541.25,752800
2015-10-09,1556.25,1563.75,1517.5,1560.0,1245600
2015-10-13,1536.25,1550.0,1497.5,1502.5,1060000
2015-10-14,1495.0,1495.0,1460.0,1470.0,797600
2015-10-15,1460.0,1513.75,1460.0,1508.75,530400
2015-10-16,1517.5,1553.75,1515.0,1521.25,644000
2015-10-19,1520.0,1523.75,1493.75,1496.25,568000
2015-10-20,1510.0,1522.5,1497.5,1502.5,504800
2015-10-21,1503.75,1542.5,1481.25,1538.75,555200
2015-10-22,1535.0,1550.0,1522.5,1526.25,495200
2015-10-23,1566.25,1572.5,1547.5,1556.25,446400
2015-10-26,1581.25,1587.5,1567.5,1570.0,491200
2015-10-27,1568.75,1581.25,1536.25,1538.75,628800
2015-10-28,1538.75,1560.0,1517.5,1525.0,652000
2015-10-29,1536.25,1536.25,1506.25,1513.75,780000
2015-10-30,1508.75,1548.75,1508.75,1538.75,772000
2015-11-02,1513.75,1518.75,1473.75,1475.0,563200
2015-11-04,1491.25,1498.75,1468.75,1468.75,531200
2015-11-05,1481.25,1511.25,1478.75,1495.0,710400
2015-11-06,1511.25,1536.25,1503.75,1526.25,703200
2015-11-09,1543.75,1580.0,1543.75,1563.75,932000
2015-11-10,1552.5,1575.0,1546.25,1558.75,820000
2015-11-11,1540.0,1586.25,1540.0,1577.5,677600
2015-11-12,1577.5,1591.25,1553.75,1560.0,840000
2015-11-13,1538.75,1547.5,1493.75,1507.5,1171200
2015-11-16,1483.75,1513.75,1478.75,1503.75,650400
2015-11-17,1521.25,1521.25,1491.25,1497.5,961600
2015-11-18,1511.25,1513.75,1493.75,1497.5,552000
2015-11-19,1501.25,1530.0,1497.5,1522.5,577600
2015-11-20,1515.0,1522.5,1503.75,1513.75,402400
2015-11-24,1506.25,1513.75,1495.0,1501.25,528000
2015-11-25,1495.0,1495.0,1472.5,1473.75,667200
2015-11-26,1475.0,1490.0,1475.0,1478.75,512000
2015-11-27,1478.75,1485.0,1460.0,1470.0,544000
2015-11-30,1456.25,1467.5,1433.75,1433.75,804000
2015-12-01,1436.25,1440.0,1418.75,1431.25,844800
2015-12-02,1431.25,1450.0,1425.0,1435.0,577600
2015-12-03,1425.0,1431.25,1410.0,1420.0,660000
2015-12-04,1400.0,1408.75,1388.75,1398.75,772800
2015-12-07,1401.25,1433.75,1396.25,1400.0,869600
2015-12-08,1398.75,1405.0,1373.75,1376.25,596800
2015-12-09,1373.75,1392.5,1370.0,1376.25,657600
2015-12-10,1366.25,1366.25,1342.5,1355.0,759200
2015-12-11,1342.5,1371.25,1342.5,1363.75,889600
2015-12-14,1330.0,1367.5,1328.75,1362.5,964800
2015-12-15,1362.5,1368.75,1338.75,1340.0,909600
2015-12-16,1365.0,1383.75,1363.75,1376.25,738400
2015-12-17,1395.0,1408.75,1391.25,1400.0,615200
2015-12-18,1398.75,1428.75,1376.25,1377.5,1800800
2015-12-21,1351.25,1366.25,1320.0,1353.75,1094400
2015-12-22,1347.5,1373.75,1343.75,1365.0,544800
2015-12-24,1366.25,1387.5,1365.0,1370.0,654400
2015-12-25,1377.5,1386.25,1347.5,1357.5,497600
2015-12-28,1363.75,1385.0,1363.75,1380.0,357600
2015-12-29,1380.0,1418.75,1365.0,1413.75,554400
2015-12-30,1415.0,1430.0,1405.0,1412.5,440800
2016-01-04,1395.0,1410.0,1353.75,1362.5,763200
2016-01-05,1363.75,1378.75,1353.75,1360.0,1032800
2016-01-06,1365.0,1380.0,1328.75,1343.75,784000
2016-01-07,1336.25,1357.5,1315.0,1315.0,758400
2016-01-08,1302.5,1316.25,1282.5,1288.75,805600
2016-01-12,1261.25,1271.25,1228.75,1230.0,932000
2016-01-13,1240.0,1270.0,1233.75,1261.25,623200
2016-01-14,1225.0,1240.0,1205.0,1236.25,737600
2016-01-15,1250.0,1258.75,1227.5,1238.75,604800
2016-01-18,1220.0,1235.0,1201.25,1227.5,754400
2016-01-19,1218.75,1238.75,1197.5,1216.25,707200
2016-01-20,1207.5,1211.25,1168.75,1172.5,826400
2016-01-21,1170.0,1187.5,1132.5,1132.5,632800
2016-01-22,1151.25,1187.5,1133.75,1185.0,1025600
2016-01-25,1188.75,1197.5,1175.0,1188.75,840000
2016-01-26,1163.75,1173.75,1140.0,1148.75,771200
2016-01-27,1175.0,1216.25,1173.75,1215.0,1208000
2016-01-28,1207.5,1220.0,1196.25,1198.75,571200
2016-01-29,1217.5,1233.75,1125.0,1152.5,1680000
2016-02-01,1077.5,1090.0,1037.5,1047.5,2574400
2016-02-02,1047.5,1072.5,1041.25,1052.5,1774400
2016-02-03,1038.75,1043.75,1013.75,1020.0,1221600
2016-02-04,1002.5,1040.0,996.25,1013.75,1353600
2016-02-05,1007.5,1026.25,975.0,987.5,1618400
2016-02-08,975.0,1013.75,972.5,1003.75,1496000
2016-02-09,970.0,971.25,933.75,947.5,1382400
2016-02-10,947.5,950.0,888.75,895.0,2061600
2016-02-12,862.5,912.5,853.75,880.0,3060800
2016-02-15,932.5,971.25,916.25,960.0,1904800
2016-02-16,922.5,962.5,910.0,941.25,2580000
2016-02-17,942.5,968.75,922.5,935.0,1696800
2016-02-18,955.0,958.75,937.5,943.75,1268800
2016-02-19,936.25,938.75,908.75,912.5,993600
2016-02-22,901.25,921.25,893.75,908.75,880000
2016-02-23,916.25,932.5,910.0,915.0,1239200
2016-02-24,901.25,941.25,900.0,922.5,889600
2016-02-25,923.75,943.75,917.5,925.0,1027200
2016-02-26,928.75,931.25,897.5,901.25,1466400
2016-02-29,901.25,915.0,883.75,883.75,2005600
2016-03-01,880.0,893.75,875.0,886.25,1611200
2016-03-02,913.75,913.75,890.0,911.25,2006400
2016-03-03,892.5,945.0,892.5,941.25,2664000
2016-03-04,948.75,978.75,948.75,976.25,2058400
2016-03-07,978.75,1001.25,977.5,983.75,1327200
2016-03-08,978.75,1010.0,956.25,965.0,1560800
2016-03-09,948.75,955.0,912.5,918.75,1273600
2016-03-10,926.25,931.25,912.5,926.25,973600
2016-03-11,913.75,947.5,912.5,942.5,1492000
2016-03-14,958.75,987.5,958.75,968.75,973600
2016-03-15,963.75,982.5,953.75,973.75,948800
2016-03-16,957.5,968.75,933.75,941.25,916000
2016-03-17,950.0,971.25,938.75,946.25,971200
2016-03-18,946.25,963.75,916.25,937.5,1348000
2016-03-22,950.0,960.0,938.75,950.0,712800
2016-03-23,953.75,961.25,931.25,935.0,573600
2016-03-24,933.75,933.75,902.5,903.75,1187200
2016-03-25,901.25,925.0,896.25,918.75,703200
2016-03-28,925.0,932.5,911.25,926.25,794400
2016-03-29,916.25,933.75,908.75,932.5,865600
2016-03-30,931.25,933.75,906.25,908.75,1468800
2016-03-31,915.0,937.5,915.0,917.5,1273600
2016-04-01,917.5,921.25,870.0,870.0,1831200
2016-04-04,877.5,893.75,863.75,870.0,1103200
2016-04-05,862.5,865.0,828.75,831.25,1001600
2016-04-06,825.0,833.75,815.0,820.0,1176000
2016-04-07,821.25,837.5,817.5,827.5,742400
2016-04-08,815.0,858.75,807.5,846.25,1213600
2016-04-11,835.0,840.0,817.5,825.0,883200
2016-04-12,826.25,881.25,826.25,876.25,1232000
2016-04-13,893.75,915.0,891.25,911.25,1128000
2016-04-14,930.0,956.25,926.25,956.25,1619200
2016-04-15,948.75,958.75,932.5,941.25,815200
2016-04-18,901.25,920.0,895.0,913.75,1096800
2016-04-19,945.0,972.5,942.5,970.0,1352800
2016-04-20,978.75,1001.25,968.75,976.25,1860000
2016-04-21,1003.75,1003.75,983.75,996.25,997600
2016-04-22,985.0,1052.5,977.5,1025.0,2000800
2016-04-25,1028.75,1041.25,1012.5,1040.0,1262400
2016-04-26,1036.25,1040.0,1001.25,1017.5,968800
2016-04-27,1017.5,1032.5,1001.25,1015.0,928800
2016-04-28,1027.5,1032.5,930.0,935.0,1588000
2016-05-02,897.5,913.75,877.5,881.25,1545600
2016-05-06,887.5,901.25,863.75,877.5,1504000
2016-05-09,887.5,896.25,885.0,886.25,627200
2016-05-10,888.75,907.5,871.25,900.0,1028000
2016-05-11,906.25,917.5,881.25,885.0,1061600
2016-05-12,875.0,891.25,872.5,878.75,966400
2016-05-13,873.75,873.75,841.25,842.5,1671200
2016-05-16,846.25,866.25,836.25,841.25,1204000
2016-05-17,853.75,857.5,841.25,852.5,948800
2016-05-18,851.25,877.5,851.25,871.25,1468800
2016-05-19,888.75,898.75,867.5,872.5,1367200
2016-05-20,872.5,887.5,870.0,885.0,985600
2016-05-23,876.25,885.0,861.25,881.25,1048800
2016-05-24,877.5,880.0,866.25,867.5,686400
2016-05-25,885.0,885.0,875.0,878.75,527200
2016-05-26,887.5,891.25,866.25,867.5,959200
2016-05-27,872.5,883.75,865.0,882.5,854400
2016-05-30,890.0,891.25,878.75,888.75,521600
2016-05-31,888.75,917.5,888.75,915.0,2752000
2016-06-01,912.5,922.5,892.5,906.25,912800
2016-06-02,891.25,906.25,868.75,868.75,933600
2016-06-03,870.0,880.0,863.75,871.25,901600
2016-06-06,850.0,860.0,845.0,860.0,896000
2016-06-07,863.75,885.0,862.5,882.5,814400
2016-06-08,885.0,887.5,871.25,887.5,684000
2016-06-09,876.25,880.0,858.75,861.25,803200
2016-06-10,865.0,865.0,836.25,842.5,1261600
2016-06-13,825.0,827.5,805.0,805.0,988000
2016-06-14,805.0,805.0,786.25,792.5,856800
2016-06-15,788.75,823.75,777.5,815.0,1616000
2016-06-16,816.25,817.5,788.75,792.5,758400
2016-06-17,805.0,822.5,800.0,818.75,1695200
2016-06-20,831.25,846.25,828.75,841.25,743200
2016-06-21,830.0,847.5,816.25,845.0,1105600
2016-06-22,843.75,843.75,823.75,828.75,858400
2016-06-23,825.0,848.75,818.75,843.75,724800
2016-06-24,850.0,861.25,765.0,778.75,1567200
2016-06-27,801.25,807.5,762.5,772.5,1356000
2016-06-28,765.0,778.75,743.75,761.25,1029600
2016-06-29,773.75,787.5,762.5,777.5,1053600
2016-06-30,802.5,802.5,778.75,778.75,1388800
2016-07-01,790.0,798.75,778.75,785.0,1350400
2016-07-04,782.5,786.25,767.5,782.5,512800
2016-07-05,773.75,773.75,757.5,766.25,610400
2016-07-06,753.75,753.75,728.75,741.25,1280000
2016-07-07,738.75,753.75,733.75,740.0,967200
2016-07-08,741.25,746.25,725.0,725.0,887200
2016-07-11,750.0,821.25,743.75,810.0,4244800
2016-07-12,833.75,888.75,830.0,881.25,5353600
2016-07-13,900.0,918.75,888.75,903.75,4360000
2016-07-14,906.25,992.5,896.25,987.5,7591200
2016-07-15,1012.5,1031.25,966.25,1017.5,6888800
2016-07-19,1092.5,1116.25,1015.0,1028.75,10025600
2016-07-20,995.0,998.75,950.0,977.5,6965600
2016-07-21,998.75,1005.0,940.0,963.75,4630400
2016-07-22,937.5,981.25,928.75,955.0,4342400
2016-07-25,920.0,927.5,883.75,891.25,4865600
2016-07-26,877.5,885.0,861.25,876.25,4072000
2016-07-27,883.75,886.25,860.0,870.0,2673600
2016-07-28,865.0,868.75,840.0,846.25,1844800
2016-07-29,833.75,885.0,815.0,873.75,4324000
2016-08-01,841.25,910.0,833.75,907.5,4845600
2016-08-02,888.75,895.0,853.75,856.25,2511200
2016-08-03,831.25,838.75,815.0,830.0,4085600
2016-08-04,838.75,860.0,827.5,857.5,2737600
2016-08-05,858.75,862.5,836.25,840.0,1927200
2016-08-08,873.75,890.0,861.25,885.0,2020800
2016-08-09,887.5,895.0,873.75,887.5,1321600
2016-08-10,881.25,893.75,875.0,890.0,1310400
2016-08-12,906.25,907.5,872.5,882.5,1613600
2016-08-15,882.5,896.25,876.25,877.5,810400
2016-08-16,878.75,887.5,866.25,868.75,1298400
2016-08-17,870.0,897.5,868.75,895.0,1273600
2016-08-18,886.25,916.25,881.25,882.5,1446400
2016-08-19,885.0,897.5,878.75,885.0,900800
2016-08-22,888.75,888.75,870.0,883.75,770400
2016-08-23,882.5,882.5,856.25,861.25,1336000
2016-08-24,866.25,871.25,856.25,862.5,668800
2016-08-25,866.25,870.0,852.5,865.0,1210400
2016-08-26,862.5,863.75,848.75,848.75,1389600
2016-08-29,870.0,891.25,867.5,883.75,1147200
2016-08-30,883.75,915.0,883.75,898.75,1436000
2016-08-31,912.5,936.25,907.5,935.0,1952000
2016-09-01,933.75,960.0,932.5,951.25,1272800
2016-09-02,956.25,966.25,937.5,961.25,1544800
2016-09-05,967.5,970.0,937.5,938.75,1245600
2016-09-06,947.5,951.25,931.25,941.25,705600
2016-09-07,926.25,942.5,910.0,928.75,1181600
2016-09-08,992.5,997.5,940.0,955.0,4212000
2016-09-09,955.0,960.0,947.5,951.25,1378400
2016-09-12,940.0,951.25,908.75,923.75,1304800
2016-09-13,921.25,926.25,891.25,902.5,1558400
2016-09-14,883.75,915.0,873.75,907.5,1690400
2016-09-15,902.5,907.5,881.25,906.25,1621600
2016-09-16,911.25,955.0,906.25,951.25,2283200
2016-09-20,937.5,952.5,932.5,936.25,2050400
2016-09-21,937.5,988.75,911.25,988.75,3064800
2016-09-23,975.0,997.5,966.25,991.25,2081600
2016-09-26,988.75,995.0,966.25,971.25,1716000
2016-09-27,950.0,961.25,926.25,961.25,1903200
2016-09-28,950.0,951.25,921.25,932.5,1332000
2016-09-29,951.25,966.25,941.25,956.25,1255200
2016-09-30,932.5,932.5,913.75,917.5,1571200
2016-10-03,931.25,940.0,920.0,925.0,1133600
2016-10-04,928.75,946.25,926.25,933.75,1104800
2016-10-05,936.25,950.0,918.75,940.0,1328800
2016-10-06,952.5,973.75,947.5,957.5,1307200
2016-10-07,952.5,960.0,946.25,952.5,1016000
2016-10-11,952.5,971.25,948.75,950.0,984000
2016-10-12,935.0,938.75,925.0,931.25,1312000
2016-10-13,932.5,940.0,913.75,917.5,1546400
2016-10-14,907.5,917.5,902.5,912.5,1410400
2016-10-17,916.25,930.0,901.25,908.75,1590400
2016-10-18,903.75,908.75,893.75,903.75,1422400
2016-10-19,903.75,912.5,897.5,906.25,1129600
2016-10-20,908.75,931.25,908.75,931.25,1147200
2016-10-21,931.25,953.75,927.5,948.75,1884000
2016-10-24,956.25,958.75,928.75,946.25,1175200
2016-10-25,951.25,963.75,943.75,952.5,1161600
2016-10-26,945.0,951.25,938.75,946.25,708800
2016-10-27,947.5,956.25,945.0,953.75,1067200
2016-10-28,965.0,973.75,962.5,971.25,2591200
2016-10-31,961.25,968.75,950.0,963.75,1122400
2016-11-01,968.75,968.75,950.0,960.0,892800
2016-11-02,947.5,950.0,937.5,938.75,969600
2016-11-04,927.5,933.75,912.5,923.75,1232000
2016-11-07,936.25,948.75,931.25,932.5,923200
2016-11-08,937.5,952.5,931.25,931.25,954400
2016-11-09,940.0,947.5,856.25,863.75,2652800
2016-11-10,937.5,961.25,928.75,952.5,2423200
2016-11-11,962.5,990.0,945.0,948.75,2046400
2016-11-14,966.25,977.5,957.5,965.0,1406400
2016-11-15,973.75,1005.0,967.5,973.75,2371200
2016-11-16,992.5,1005.0,987.5,1003.75,1748000
2016-11-17,990.0,1001.25,983.75,1000.0,1594400
2016-11-18,1007.5,1015.0,992.5,995.0,1656000
2016-11-21,1001.25,1017.5,993.75,1015.0,1476000
2016-11-22,1007.5,1021.25,998.75,1017.5,1308000
2016-11-24,1031.25,1035.0,1007.5,1021.25,1858400
2016-11-25,1022.5,1023.75,972.5,985.0,3712800
2016-11-28,986.25,998.75,977.5,996.25,1359200
2016-11-29,988.75,1001.25,982.5,998.75,1116000
2016-11-30,1001.25,1002.5,986.25,991.25,1691200
2016-12-01,1002.5,1037.5,1002.5,1021.25,2531200
2016-12-02,1027.5,1048.75,1026.25,1040.0,1827200
2016-12-05,1040.0,1047.5,1032.5,1038.75,1567200
2016-12-06,1041.25,1047.5,1031.25,1045.0,1912800
2016-12-07,1062.5,1091.25,1060.0,1088.75,2732000
2016-12-08,1102.5,1150.0,1102.5,1132.5,3330400
2016-12-09,1151.25,1176.25,1143.75,1171.25,2955200
2016-12-12,1203.75,1217.5,1142.5,1161.25,2891200
2016-12-13,1148.75,1160.0,1122.5,1143.75,1851200
2016-12-14,1146.25,1148.75,1126.25,1142.5,939200
2016-12-15,1147.5,1163.75,1138.75,1152.5,1334400
2016-12-16,1161.25,1183.75,1156.25,1171.25,1532800
2016-12-19,1162.5,1163.75,1151.25,1158.75,1017600
2016-12-20,1163.75,1172.5,1147.5,1162.5,1412000
2016-12-21,1163.75,1166.25,1142.5,1146.25,1569600
2016-12-22,1148.75,1152.5,1138.75,1145.0,1295200
2016-12-26,1145.0,1145.0,1125.0,1127.5,1042400
2016-12-27,1112.5,1132.5,1103.75,1115.0,2044000
2016-12-28,1121.25,1125.0,1113.75,1117.5,1034400
2016-12-29,1107.5,1112.5,1082.5,1091.25,1572000
2016-12-30,1083.75,1092.5,1077.5,1085.0,957600
2017-01-04,1097.5,1128.75,1097.5,1120.0,2209600
2017-01-05,1122.5,1127.5,1107.5,1118.75,1628000
2017-01-06,1102.5,1111.25,1096.25,1107.5,1184800
2017-01-10,1107.5,1108.75,1088.75,1091.25,1980000
2017-01-11,1097.5,1110.0,1093.75,1106.25,965600
2017-01-12,1101.25,1107.5,1076.25,1086.25,1277600
2017-01-13,1081.25,1093.75,1076.25,1092.5,1051200
2017-01-16,1088.75,1097.5,1076.25,1076.25,918400
2017-01-17,1076.25,1092.5,1066.25,1075.0,1740800
2017-01-18,1076.25,1085.0,1066.25,1082.5,1398400
2017-01-19,1100.0,1113.75,1095.0,1106.25,1109600
2017-01-20,1106.25,1112.5,1095.0,1102.5,1160000
2017-01-23,1087.5,1088.75,1077.5,1081.25,997600
2017-01-24,1080.0,1087.5,1076.25,1081.25,1534400
2017-01-25,1100.0,1101.25,1083.75,1090.0,1147200
2017-01-26,1105.0,1127.5,1105.0,1120.0,1591200
2017-01-27,1131.25,1147.5,1126.25,1131.25,1447200
2017-01-30,1126.25,1127.5,1107.5,1120.0,981600
2017-01-31,1106.25,1117.5,1096.25,1106.25,1090400
2017-02-01,1098.75,1132.5,1093.75,1132.5,1436000
2017-02-02,1138.75,1141.25,1106.25,1108.75,1387200
2017-02-03,1115.0,1173.75,1112.5,1166.25,2681600
2017-02-06,1188.75,1205.0,1166.25,1167.5,2175200
2017-02-07,1165.0,1175.0,1161.25,1162.5,1176800
2017-02-08,1163.75,1173.75,1157.5,1167.5,914400
2017-02-09,1160.0,1168.75,1157.5,1163.75,909600
2017-02-10,1193.75,1200.0,1182.5,1193.75,1364000
2017-02-13,1206.25,1210.0,1185.0,1186.25,927200
2017-02-14,1196.25,1198.75,1170.0,1171.25,912800
2017-02-15,1183.75,1196.25,1176.25,1190.0,850400
2017-02-16,1190.0,1210.0,1190.0,1196.25,880800
2017-02-17,1190.0,1195.0,1181.25,1188.75,639200
2017-02-20,1188.75,1206.25,1180.0,1205.0,1286400
2017-02-21,1206.25,1213.75,1197.5,1211.25,700800
2017-02-22,1218.75,1218.75,1200.0,1202.5,769600
2017-02-23,1202.5,1206.25,1176.25,1183.75,801600
2017-02-24,1173.75,1180.0,1168.75,1173.75,858400
2017-02-27,1160.0,1160.0,1132.5,1142.5,1202400
2017-02-28,1151.25,1157.5,1142.5,1143.75,1329600
2017-03-01,1150.0,1165.0,1143.75,1161.25,1425600
2017-03-02,1186.25,1188.75,1160.0,1161.25,876000
2017-03-03,1157.5,1170.0,1153.75,1168.75,985600
2017-03-06,1155.0,1178.75,1150.0,1172.5,732800
2017-03-07,1167.5,1167.5,1153.75,1163.75,790400
2017-03-08,1165.0,1165.0,1150.0,1155.0,863200
2017-03-09,1158.75,1166.25,1153.75,1158.75,964800
2017-03-10,1177.5,1187.5,1167.5,1175.0,1428000
2017-03-13,1172.5,1178.75,1166.25,1176.25,650400
2017-03-14,1177.5,1177.5,1156.25,1157.5,708000
2017-03-15,1143.75,1157.5,1137.5,1152.5,768800
2017-03-16,1137.5,1140.0,1127.5,1131.25,1688800
2017-03-17,1130.0,1130.0,1116.25,1120.0,1161600
2017-03-21,1115.0,1115.0,1095.0,1107.5,1396000
2017-03-22,1073.75,1078.75,1061.25,1071.25,2159200
2017-03-23,1071.25,1073.75,1050.0,1057.5,2309600
2017-03-24,1057.5,1077.5,1056.25,1063.75,1345600
2017-03-27,1050.0,1051.25,1038.75,1048.75,880800
2017-03-28,1058.75,1063.75,1050.0,1056.25,1384000
2017-03-29,1062.5,1065.0,1040.0,1050.0,1388000
2017-03-30,1041.25,1041.25,1022.5,1025.0,1778400
2017-03-31,1038.75,1047.5,1013.75,1013.75,1719200
2017-04-03,1018.75,1027.5,1002.5,1021.25,1472000
2017-04-04,1010.0,1012.5,992.5,1001.25,1765600
2017-04-05,1003.75,1006.25,982.5,987.5,1271200
2017-04-06,985.0,990.0,973.75,981.25,1252000
2017-04-07,987.5,1010.0,986.25,995.0,2156800
2017-04-10,1002.5,1022.5,993.75,1016.25,1740800
2017-04-11,1011.25,1021.25,1003.75,1018.75,1389600
2017-04-12,1008.75,1016.25,998.75,1015.0,1200000
2017-04-13,1007.5,1028.75,1003.75,1028.75,2349600
2017-04-14,1018.75,1051.25,1013.75,1043.75,1823200
2017-04-17,1033.75,1036.25,1017.5,1030.0,1316000
2017-04-18,1045.0,1057.5,1035.0,1037.5,1022400
2017-04-19,1025.0,1053.75,1013.75,1050.0,1504800
2017-04-20,1050.0,1080.0,1047.5,1065.0,1963200
2017-04-21,1075.0,1081.25,1061.25,1067.5,1092800
2017-04-24,1086.25,1092.5,1077.5,1083.75,948000
2017-04-25,1085.0,1097.5,1080.0,1091.25,899200
2017-04-26,1098.75,1111.25,1093.75,1111.25,887200
2017-04-27,1110.0,1125.0,1106.25,1123.75,1216000
2017-04-28,1118.75,1136.25,1100.0,1102.5,1512800
2017-05-01,1101.25,1103.75,1086.25,1102.5,909600
2017-05-02,1106.25,1117.5,1102.5,1108.75,728800
2017-05-08,1127.5,1138.75,1126.25,1135.0,1348000
2017-05-09,1140.0,1161.25,1135.0,1150.0,1761600
2017-05-10,1153.75,1157.5,1147.5,1151.25,1050400
2017-05-11,1157.5,1157.5,1147.5,1153.75,769600
2017-05-12,1151.25,1158.75,1142.5,1156.25,1000800
2017-05-15,1157.5,1175.0,1143.75,1171.25,1350400
2017-05-16,1175.0,1190.0,1172.5,1188.75,1830400
2017-05-17,1177.5,1201.25,1170.0,1200.0,1660800
2017-05-18,1177.5,1178.75,1142.5,1143.75,1454400
2017-05-19,1143.75,1161.25,1132.5,1156.25,1694400
2017-05-22,1153.75,1155.0,1136.25,1138.75,856800
2017-05-23,1140.0,1146.25,1128.75,1140.0,707200
2017-05-24,1150.0,1153.75,1135.0,1147.5,940800
2017-05-25,1143.75,1155.0,1141.25,1152.5,802400
2017-05-26,1147.5,1155.0,1146.25,1153.75,761600
2017-05-29,1157.5,1200.0,1156.25,1193.75,1802400
2017-05-30,1186.25,1192.5,1181.25,1186.25,709600
2017-05-31,1181.25,1182.5,1163.75,1168.75,1100000
2017-06-01,1168.75,1180.0,1167.5,1178.75,871200
2017-06-02,1192.5,1218.75,1192.5,1215.0,1412000
2017-06-05,1201.25,1215.0,1191.25,1208.75,880800
2017-06-06,1218.75,1228.75,1207.5,1207.5,1220800
2017-06-07,1207.5,1212.5,1200.0,1208.75,846400
2017-06-08,1215.0,1255.0,1215.0,1246.25,2168800
2017-06-09,1257.5,1273.75,1252.5,1266.25,2007200
2017-06-12,1266.25,1276.25,1257.5,1261.25,936800
2017-06-13,1261.25,1278.75,1256.25,1277.5,910400
2017-06-14,1287.5,1302.5,1281.25,1285.0,1273600
2017-06-15,1272.5,1298.75,1271.25,1295.0,1176800
2017-06-16,1295.0,1302.5,1255.0,1262.5,2007200
2017-06-19,1273.75,1311.25,1271.25,1307.5,1969600
2017-06-20,1318.75,1337.5,1316.25,1322.5,1156800
2017-06-21,1321.25,1327.5,1310.0,1313.75,1486400
2017-06-22,1315.0,1350.0,1315.0,1332.5,1620800
2017-06-23,1331.25,1340.0,1327.5,1335.0,693600
2017-06-26,1332.5,1343.75,1322.5,1335.0,656800
2017-06-27,1335.0,1340.0,1327.5,1335.0,1292000
2017-06-28,1333.75,1341.25,1323.75,1325.0,1063200
2017-06-29,1350.0,1360.0,1332.5,1337.5,1378400
2017-06-30,1325.0,1341.25,1320.0,1325.0,1233600
2017-07-03,1325.0,1326.25,1307.5,1322.5,933600
2017-07-04,1340.0,1345.0,1310.0,1317.5,1231200
2017-07-05,1306.25,1323.75,1301.25,1323.75,968800
2017-07-06,1331.25,1333.75,1311.25,1325.0,978400
2017-07-07,1311.25,1333.75,1310.0,1312.5,1608000
2017-07-10,1316.25,1330.0,1310.0,1326.25,776800
2017-07-11,1327.5,1353.75,1327.5,1348.75,731200
2017-07-12,1345.0,1352.5,1335.0,1338.75,845600
2017-07-13,1342.5,1347.5,1313.75,1318.75,696800
2017-07-14,1325.0,1336.25,1322.5,1330.0,885600
2017-07-17,1330.0,1330.0,1330.0,1330.0,0
2017-07-18,1306.25,1311.25,1285.0,1295.0,1243200
2017-07-19,1288.75,1302.5,1280.0,1298.75,749600
2017-07-20,1298.75,1307.5,1293.75,1302.5,748800
2017-07-21,1312.5,1322.5,1297.5,1307.5,807200
2017-07-24,1295.0,1317.5,1292.5,1317.5,870400
2017-07-25,1312.5,1330.0,1312.5,1318.75,632000
2017-07-26,1328.75,1337.5,1325.0,1331.25,848800
2017-07-27,1325.0,1351.25,1322.5,1338.75,1485600
2017-07-28,1337.5,1341.25,1327.5,1335.0,900800
2017-07-31,1332.5,1343.75,1322.5,1322.5,1422400
2017-08-01,1343.75,1362.5,1337.5,1360.0,1000000
2017-08-02,1375.0,1381.25,1355.0,1376.25,1062400
2017-08-03,1370.0,1377.5,1351.25,1363.75,995200
2017-08-04,1361.25,1371.25,1358.75,1367.5,668000
2017-08-07,1380.0,1387.5,1366.25,1366.25,893600
2017-08-08,1366.25,1380.0,1353.75,1355.0,812000
2017-08-09,1351.25,1352.5,1326.25,1337.5,808000
2017-08-10,1337.5,1340.0,1320.0,1331.25,617600
2017-08-11,1331.25,1331.25,1331.25,1331.25,0
2017-08-14,1312.5,1328.75,1300.0,1307.5,1060000
2017-08-15,1327.5,1338.75,1325.0,1328.75,859200
2017-08-16,1325.0,1331.25,1310.0,1310.0,649600
2017-08-17,1306.25,1308.75,1288.75,1290.0,643200
2017-08-18,1267.5,1275.0,1261.25,1267.5,850400
2017-08-21,1275.0,1276.25,1242.5,1243.75,1119200
2017-08-22,1243.75,1252.5,1240.0,1245.0,694400
2017-08-23,1262.5,1265.0,1237.5,1245.0,711200
2017-08-24,1240.0,1258.75,1240.0,1246.25,598400
2017-08-25,1252.5,1258.75,1246.25,1248.75,499200
2017-08-28,1247.5,1250.0,1232.5,1243.75,456000
2017-08-29,1230.0,1240.0,1222.5,1237.5,482400
2017-08-30,1240.0,1250.0,1235.0,1246.25,557600
2017-08-31,1260.0,1281.25,1255.0,1271.25,928000
2017-09-01,1277.5,1283.75,1257.5,1272.5,825600
2017-09-04,1260.0,1272.5,1248.75,1255.0,516000
2017-09-05,1252.5,1262.5,1245.0,1250.0,650400
2017-09-06,1240.0,1241.25,1228.75,1230.0,544800
2017-09-07,1238.75,1257.5,1238.75,1245.0,635200
2017-09-08,1238.75,1238.75,1203.75,1207.5,1191200
2017-09-11,1222.5,1232.5,1218.75,1223.75,645600
2017-09-12,1245.0,1245.0,1231.25,1242.5,708000
2017-09-13,1257.5,1278.75,1253.75,1277.5,664000
2017-09-14,1288.75,1323.75,1282.5,1283.75,1077600
2017-09-15,1286.25,1308.75,1283.75,1305.0,968000
2017-09-18,1305.0,1305.0,1305.0,1305.0,0
2017-09-19,1322.5,1363.75,1312.5,1358.75,1081600
2017-09-20,1365.0,1391.25,1360.0,1387.5,1256000
2017-09-21,1398.75,1408.75,1387.5,1391.25,1158400
2017-09-22,1405.0,1406.25,1391.25,1400.0,677600
2017-09-25,1393.75,1415.0,1393.75,1412.5,639200
2017-09-26,1402.5,1413.75,1395.0,1401.25,743200
2017-09-27,1415.0,1422.5,1387.5,1415.0,754400
2017-09-28,1430.0,1445.0,1417.5,1437.5,1044000
2017-09-29,1425.0,1430.0,1412.5,1430.0,986400
2017-10-02,1427.5,1437.5,1410.0,1430.0,967600
2017-10-03,1435.0,1447.5,1420.0,1437.5,719600
2017-10-04,1427.5,1435.0,1410.0,1432.5,951600
2017-10-05,1417.5,1432.5,1417.5,1427.5,627600
2017-10-06,1437.5,1460.0,1435.0,1442.5,954400
2017-10-09,1442.5,1442.5,1442.5,1442.5,0
2017-10-10,1432.5,1465.0,1427.5,1462.5,1022000
2017-10-11,1467.5,1485.0,1467.5,1480.0,888400
2017-10-12,1485.0,1485.0,1460.0,1465.0,784000
2017-10-13,1460.0,1465.0,1435.0,1457.5,982800
2017-10-16,1470.0,1500.0,1457.5,1490.0,1117600
2017-10-17,1500.0,1502.5,1477.5,1490.0,826400
2017-10-18,1482.5,1485.0,1467.5,1472.5,840800
2017-10-19,1472.5,1480.0,1462.5,1470.0,684800
2017-10-20,1447.5,1472.5,1440.0,1460.0,1010000
2017-10-23,1480.0,1482.5,1470.0,1475.0,766000
2017-10-24,1485.0,1500.0,1475.0,1490.0,1004000
2017-10-25,1492.5,1517.5,1487.5,1500.0,975600
2017-10-26,1502.5,1512.5,1480.0,1485.0,850800
2017-10-27,1475.0,1512.5,1470.0,1500.0,1649200
2017-10-30,1492.5,1497.5,1462.5,1475.0,3351600
2017-10-31,1475.0,1482.5,1467.5,1480.0,1102400
2017-11-01,1490.0,1490.0,1457.5,1475.0,1162400
2017-11-02,1485.0,1500.0,1467.5,1495.0,715600
2017-11-03,1495.0,1495.0,1495.0,1495.0,0
2017-11-06,1492.5,1492.5,1462.5,1470.0,838800
2017-11-07,1460.0,1485.0,1455.0,1475.0,860000
2017-11-08,1470.0,1470.0,1442.5,1462.5,1133600
2017-11-09,1470.0,1485.0,1460.0,1480.0,1094000
2017-11-10,1467.5,1482.5,1457.5,1465.0,690000
2017-11-13,1447.5,1500.0,1430.0,1445.0,1476000
2017-11-14,1440.0,1445.0,1412.5,1417.5,782400
2017-11-15,1395.0,1400.0,1370.0,1382.5,1076400
2017-11-16,1367.5,1400.0,1362.5,1392.5,890400
2017-11-17,1407.5,1442.5,1405.0,1437.5,1820000
2017-11-20,1422.5,1442.5,1415.0,1440.0,991200
2017-11-21,1450.0,1462.5,1442.5,1445.0,915200
2017-11-22,1445.0,1455.0,1435.0,1440.0,743200
2017-11-23,1440.0,1440.0,1440.0,1440.0,0
2017-11-24,1415.0,1437.5,1412.5,1432.5,581200
2017-11-27,1432.5,1442.5,1410.0,1410.0,740000
2017-11-28,1400.0,1410.0,1395.0,1400.0,645600
2017-11-29,1397.5,1425.0,1397.5,1407.5,871200
2017-11-30,1417.5,1437.5,1402.5,1430.0,1552000
2017-12-01,1445.0,1447.5,1425.0,1440.0,808400
2017-12-04,1437.5,1442.5,1407.5,1415.0,756400
2017-12-05,1402.5,1427.5,1402.5,1417.5,699200
2017-12-06,1412.5,1425.0,1387.5,1392.5,850000
2017-12-07,1405.0,1422.5,1397.5,1415.0,814800
2017-12-08,1412.5,1455.0,1410.0,1445.0,1356400
2017-12-11,1455.0,1485.0,1450.0,1485.0,972000
2017-12-12,1472.5,1520.0,1470.0,1507.5,1521200
2017-12-13,1507.5,1535.0,1502.5,1522.5,1535200
2017-12-14,1485.0,1507.5,1472.5,1490.0,1032000
2017-12-15,1487.5,1495.0,1467.5,1470.0,1266800
2017-12-18,1507.5,1547.5,1507.5,1537.5,1750800
2017-12-19,1547.5,1575.0,1522.5,1535.0,1012000
2017-12-20,1535.0,1582.5,1527.5,1557.5,1214400
2017-12-21,1550.0,1557.5,1507.5,1510.0,1128800
2017-12-22,1505.0,1525.0,1495.0,1500.0,880400
2017-12-25,1500.0,1510.0,1480.0,1485.0,320800
2017-12-26,1485.0,1500.0,1472.5,1482.5,356800
2017-12-27,1487.5,1492.5,1475.0,1482.5,456000
2017-12-28,1477.5,1485.0,1465.0,1470.0,433600
2017-12-29,1467.5,1497.5,1467.5,1467.5,713600
2018-01-01,1467.5,1467.5,1467.5,1467.5,0
2018-01-02,1467.5,1467.5,1467.5,1467.5,0
2018-01-03,1467.5,1467.5,1467.5,1467.5,0
2018-01-04,1492.5,1532.5,1490.0,1530.0,962000
2018-01-05,1550.0,1555.0,1525.0,1555.0,972400
2018-01-08,1555.0,1555.0,1555.0,1555.0,0
2018-01-09,1590.0,1607.5,1577.5,1602.5,1872400
2018-01-10,1615.0,1650.0,1615.0,1635.0,1157600
2018-01-11,1625.0,1630.0,1600.0,1627.5,908800
2018-01-12,1627.5,1635.0,1592.5,1615.0,1036800
2018-01-15,1632.5,1650.0,1620.0,1650.0,715200
2018-01-16,1647.5,1650.0,1615.0,1625.0,769200
2018-01-17,1605.0,1645.0,1590.0,1642.5,1218400
2018-01-18,1650.0,1670.0,1620.0,1625.0,1117200
2018-01-19,1640.0,1647.5,1625.0,1645.0,999600
2018-01-22,1632.5,1635.0,1612.5,1622.5,583600
2018-01-23,1632.5,1677.5,1620.0,1672.5,912800
2018-01-24,1665.0,1667.5,1635.0,1652.5,618000
2018-01-25,1630.0,1635.0,1615.0,1620.0,745600
2018-01-26,1625.0,1625.0,1602.5,1605.0,903200
2018-01-29,1595.0,1605.0,1580.0,1585.0,972800
2018-01-30,1577.5,1577.5,1545.0,1550.0,1222000
2018-01-31,1550.0,1577.5,1525.0,1527.5,1350800
2018-02-01,1570.0,1632.5,1557.5,1625.0,2348800
2018-02-02,1625.0,1657.5,1620.0,1652.5,2007200
2018-02-05,1622.5,1630.0,1600.0,1620.0,1345600
2018-02-06,1547.5,1552.5,1477.5,1512.5,2326000
2018-02-07,1550.0,1592.5,1517.5,1517.5,1677200
2018-02-08,1517.5,1535.0,1507.5,1522.5,1074400
2018-02-09,1465.0,1482.5,1462.5,1472.5,1038000
2018-02-12,1472.5,1472.5,1472.5,1472.5,0
2018-02-13,1497.5,1502.5,1450.0,1452.5,1192800
2018-02-14,1465.0,1472.5,1445.0,1452.5,986000
2018-02-15,1482.5,1500.0,1477.5,1490.0,656400
2018-02-16,1497.5,1510.0,1477.5,1490.0,593200
2018-02-19,1515.0,1535.0,1507.5,1530.0,518000
2018-02-20,1512.5,1527.5,1502.5,1507.5,643200
2018-02-21,1515.0,1520.0,1490.0,1495.0,556400
2018-02-22,1472.5,1495.0,1472.5,1482.5,477200
2018-02-23,1482.5,1510.0,1472.5,1507.5,550400
2018-02-26,1530.0,1532.5,1505.0,1520.0,548000
2018-02-27,1515.0,1517.5,1472.5,1512.5,1546000
2018-02-28,1505.0,1510.0,1487.5,1492.5,1062400
2018-03-01,1477.5,1495.0,1462.5,1482.5,1259200
2018-03-02,1450.0,1460.0,1432.5,1455.0,978800
2018-03-05,1430.0,1442.5,1407.5,1442.5,972000
2018-03-06,1460.0,1497.5,1460.0,1485.0,769600
2018-03-07,1472.5,1480.0,1447.5,1450.0,812400
2018-03-08,1467.5,1485.0,1450.0,1457.5,671600
2018-03-09,1482.5,1482.5,1440.0,1445.0,1207200
2018-03-12,1470.0,1485.0,1462.5,1480.0,744000
2018-03-13,1467.5,1487.5,1462.5,1485.0,559600
2018-03-14,1467.5,1487.5,1465.0,1477.5,539200
2018-03-15,1472.5,1472.5,1450.0,1460.0,554800
2018-03-16,1477.5,1487.5,1467.5,1475.0,777200
2018-03-19,1457.5,1470.0,1442.5,1450.0,581600
2018-03-20,1435.0,1455.0,1432.5,1452.5,631600
2018-03-21,1452.5,1452.5,1452.5,1452.5,0
2018-03-22,1447.5,1485.0,1435.0,1482.5,710000
2018-03-23,1425.0,1447.5,1415.0,1420.0,1106800
2018-03-26,1395.0,1412.5,1390.0,1410.0,741600
2018-03-27,1435.0,1467.5,1435.0,1460.0,930000
2018-03-28,1450.0,1457.5,1435.0,1455.0,892400
2018-03-29,1477.5,1492.5,1465.0,1485.0,888400
2018-03-30,1502.5,1502.5,1475.0,1485.0,493200
2018-04-02,1480.0,1487.5,1452.5,1452.5,446400
2018-04-03,1440.0,1447.5,1430.0,1437.5,566000
2018-04-04,1430.0,1445.0,1417.5,1437.5,846000
2018-04-05,1457.5,1492.5,1447.5,1472.5,791600
2018-04-06,1467.5,1487.5,1462.5,1477.5,816800
2018-04-09,1475.0,1505.0,1470.0,1495.0,564800
2018-04-10,1482.5,1505.0,1475.0,1490.0,825600
2018-04-11,1500.0,1517.5,1487.5,1502.5,766800
2018-04-12,1502.5,1525.0,1502.5,1515.0,552000
2018-04-13,1532.5,1565.0,1532.5,1557.5,832800
2018-04-16,1562.5,1590.0,1552.5,1555.0,859600
2018-04-17,1542.5,1555.0,1532.5,1532.5,813600
2018-04-18,1535.0,1552.5,1527.5,1547.5,711600
2018-04-19,1562.5,1567.5,1530.0,1532.5,791600
2018-04-20,1542.5,1575.0,1540.0,1555.0,1289200
2018-04-23,1575.0,1600.0,1575.0,1592.5,806400
2018-04-24,1617.5,1635.0,1607.5,1632.5,1068000
2018-04-25,1627.5,1645.0,1620.0,1640.0,671200
2018-04-26,1650.0,1650.0,1610.0,1622.5,1021600
2018-04-27,1632.5,1650.0,1627.5,1645.0,811200
2018-04-30,1645.0,1645.0,1645.0,1645.0,0
2018-05-01,1625.0,1625.0,1567.5,1580.0,913600
2018-05-02,1595.0,1597.5,1582.5,1597.5,621600
2018-05-03,1597.5,1597.5,1597.5,1597.5,0
2018-05-04,1597.5,1597.5,1597.5,1597.5,0
2018-05-07,1580.0,1582.5,1537.5,1552.5,1028400
2018-05-08,1557.5,1605.0,1555.0,1587.5,749200
2018-05-09,1602.5,1615.0,1585.0,1612.5,575200
2018-05-10,1612.5,1627.5,1607.5,1617.5,512800
2018-05-11,1612.5,1625.0,1607.5,1612.5,774400
2018-05-14,1595.0,1602.5,1567.5,1592.5,782800
2018-05-15,1575.0,1617.5,1575.0,1595.0,782800
2018-05-16,1582.5,1605.0,1577.5,1592.5,581200
2018-05-17,1587.5,1595.0,1582.5,1587.5,608400
2018-05-18,1595.0,1595.0,1575.0,1580.0,640800
2018-05-21,1562.5,1567.5,1542.5,1557.5,685200
2018-05-22,1555.0,1555.0,1537.5,1542.5,807600
2018-05-23,1530.0,1547.5,1510.0,1512.5,920000
2018-05-24,1507.5,1512.5,1475.0,1482.5,888800
2018-05-25,1470.0,1480.0,1457.5,1465.0,940800
2018-05-28,1465.0,1467.5,1450.0,1460.0,811600
2018-05-29,1457.5,1457.5,1440.0,1442.5,619600
2018-05-30,1400.0,1422.5,1400.0,1412.5,1034000
2018-05-31,1412.5,1430.0,1405.0,1425.0,3253200
2018-06-01,1402.5,1440.0,1400.0,1427.5,1323200
2018-06-04,1447.5,1482.5,1437.5,1472.5,883200
2018-06-05,1470.0,1470.0,1447.5,1460.0,644400
2018-06-06,1452.5,1457.5,1440.0,1447.5,499200
2018-06-07,1467.5,1477.5,1452.5,1452.5,611600
2018-06-08,1442.5,1455.0,1432.5,1437.5,1019600
2018-06-11,1435.0,1445.0,1422.5,1435.0,518400
2018-06-12,1437.5,1437.5,1422.5,1430.0,574400
2018-06-13,1430.0,1437.5,1402.5,1405.0,780800
2018-06-14,1390.0,1405.0,1367.5,1372.5,1745600
2018-06-15,1397.5,1422.5,1382.5,1385.0,1037200
2018-06-18,1375.0,1390.0,1342.5,1355.0,650400
2018-06-19,1342.5,1357.5,1337.5,1340.0,588000
2018-06-20,1330.0,1330.0,1295.0,1312.5,1644800
2018-06-21,1312.5,1320.0,1280.0,1282.5,1362000
2018-06-22,1262.5,1290.0,1260.0,1287.5,1582800
2018-06-25,1277.5,1285.0,1272.5,1277.5,652800
2018-06-26,1260.0,1292.5,1257.5,1285.0,561200
2018-06-27,1282.5,1292.5,1275.0,1277.5,930000
2018-06-28,1270.0,1280.0,1262.5,1272.5,908800
2018-06-29,1282.5,1290.0,1270.0,1282.5,985200
2018-07-02,1272.5,1275.0,1240.0,1250.0,1106400
2018-07-03,1250.0,1255.0,1235.0,1245.0,718800
2018-07-04,1230.0,1245.0,1225.0,1226.25,538800
2018-07-05,1215.0,1216.25,1200.0,1203.75,827600
2018-07-06,1210.0,1223.75,1206.25,1213.75,756000
2018-07-09,1225.0,1243.75,1225.0,1235.0,659600
2018-07-10,1250.0,1262.5,1248.75,1248.75,760400
2018-07-11,1233.75,1236.25,1210.0,1230.0,717600
2018-07-12,1235.0,1270.0,1233.75,1248.75,1196800
2018-07-13,1250.0,1257.5,1238.75,1247.5,779200
2018-07-16,1247.5,1247.5,1247.5,1247.5,0
2018-07-17,1255.0,1272.5,1252.5,1260.0,1091200
2018-07-18,1275.0,1280.0,1260.0,1260.0,732800
2018-07-19,1257.5,1267.5,1242.5,1265.0,870000
2018-07-20,1265.0,1275.0,1250.0,1255.0,611600
2018-07-23,1277.5,1317.5,1267.5,1300.0,1126000
2018-07-24,1312.5,1340.0,1305.0,1310.0,1024400
2018-07-25,1315.0,1337.5,1312.5,1325.0,738400
2018-07-26,1347.5,1350.0,1332.5,1345.0,675600
2018-07-27,1360.0,1392.5,1357.5,1365.0,1308800
2018-07-30,1400.0,1415.0,1385.0,1392.5,1642800
2018-07-31,1387.5,1415.0,1342.5,1352.5,1968000
2018-08-01,1427.5,1472.5,1390.0,1462.5,1865600
2018-08-02,1462.5,1492.5,1455.0,1460.0,1588000
2018-08-03,1467.5,1472.5,1437.5,1442.5,1248400
2018-08-06,1417.5,1460.0,1410.0,1422.5,1316800
2018-08-07,1427.5,1475.0,1427.5,1457.5,1360800
2018-08-08,1457.5,1472.5,1450.0,1457.5,972800
2018-08-09,1450.0,1460.0,1437.5,1455.0,690400
2018-08-10,1445.0,1447.5,1405.0,1410.0,830400
2018-08-13,1385.0,1387.5,1342.5,1352.5,875600
2018-08-14,1350.0,1385.0,1345.0,1382.5,716400
2018-08-15,1377.5,1382.5,1335.0,1347.5,705200
2018-08-16,1322.5,1357.5,1307.5,1355.0,1086400
2018-08-17,1357.5,1395.0,1350.0,1382.5,618800
2018-08-20,1377.5,1382.5,1365.0,1382.5,518800
2018-08-21,1360.0,1380.0,1357.5,1370.0,648000
2018-08-22,1367.5,1380.0,1362.5,1370.0,572400
2018-08-23,1370.0,1377.5,1360.0,1365.0,442800
2018-08-24,1367.5,1380.0,1367.5,1377.5,340400
2018-08-27,1395.0,1417.5,1387.5,1407.5,638400
2018-08-28,1415.0,1425.0,1397.5,1397.5,540400
2018-08-29,1415.0,1425.0,1407.5,1415.0,638800
2018-08-30,1420.0,1422.5,1400.0,1405.0,593200
2018-08-31,1385.0,1420.0,1380.0,1402.5,1050000
2018-09-03,1390.0,1397.5,1367.5,1382.5,365600
2018-09-04,1392.5,1392.5,1365.0,1365.0,660400
2018-09-05,1355.0,1370.0,1342.5,1360.0,631200
2018-09-06,1342.5,1352.5,1332.5,1337.5,566800
2018-09-07,1312.5,1330.0,1300.0,1315.0,781200
2018-09-10,1307.5,1365.0,1305.0,1347.5,676000
2018-09-11,1350.0,1352.5,1335.0,1345.0,523200
2018-09-12,1337.5,1340.0,1317.5,1325.0,705200
2018-09-13,1332.5,1375.0,1332.5,1362.5,1232800
2018-09-14,1362.5,1382.5,1350.0,1360.0,1332400
2018-09-17,1360.0,1360.0,1360.0,1360.0,0
2018-09-18,1350.0,1397.5,1350.0,1395.0,733600
2018-09-19,1432.5,1442.5,1417.5,1435.0,750800
2018-09-20,1457.5,1467.5,1435.0,1460.0,826400
2018-09-21,1482.5,1505.0,1465.0,1497.5,1162000
2018-09-24,1497.5,1497.5,1497.5,1497.5,0
2018-09-25,1505.0,1510.0,1490.0,1505.0,1084400
2018-09-26,1490.0,1512.5,1475.0,1497.5,958000
2018-09-27,1492.5,1505.0,1477.5,1482.5,586400
2018-09-28,1502.5,1515.0,1482.5,1482.5,881200
2018-10-01,1467.5,1485.0,1455.0,1477.5,584000
2018-10-02,1490.0,1505.0,1477.5,1495.0,699200
2018-10-03,1480.0,1497.5,1462.5,1462.5,688800
2018-10-04,1472.5,1492.5,1457.5,1467.5,1095600
2018-10-05,1452.5,1485.0,1450.0,1472.5,882800
2018-10-08,1472.5,1472.5,1472.5,1472.5,0
2018-10-09,1460.0,1477.5,1427.5,1430.0,823200
2018-10-10,1422.5,1462.5,1422.5,1450.0,1038800
2018-10-11,1405.0,1430.0,1380.0,1390.0,921200
2018-10-12,1377.5,1382.5,1355.0,1377.5,972400
2018-10-15,1350.0,1372.5,1330.0,1345.0,905200
2018-10-16,1332.5,1345.0,1327.5,1345.0,704000
2018-10-17,1370.0,1375.0,1352.5,1365.0,752400
2018-10-18,1367.5,1372.5,1350.0,1355.0,605600
2018-10-19,1330.0,1350.0,1330.0,1345.0,548000
2018-10-22,1325.0,1350.0,1317.5,1340.0,523200
2018-10-23,1320.0,1327.5,1297.5,1302.5,531200
2018-10-24,1297.5,1300.0,1252.5,1267.5,937600
2018-10-25,1225.0,1240.0,1220.0,1223.75,701600
2018-10-26,1225.0,1236.25,1212.5,1227.5,837200
2018-10-29,1236.25,1243.75,1216.25,1225.0,663200
2018-10-30,1225.0,1252.5,1225.0,1252.5,1943600
2018-10-31,1255.0,1280.0,1250.0,1272.5,1101600
2018-11-01,1275.0,1302.5,1270.0,1290.0,555600
2018-11-02,1287.5,1305.0,1275.0,1305.0,796000
2018-11-05,1297.5,1315.0,1282.5,1285.0,561600
2018-11-06,1292.5,1312.5,1292.5,1305.0,355200
2018-11-07,1315.0,1357.5,1310.0,1317.5,984800
2018-11-08,1342.5,1365.0,1340.0,1350.0,578400
2018-11-09,1355.0,1360.0,1337.5,1340.0,482800
2018-11-12,1332.5,1355.0,1327.5,1337.5,447600
2018-11-13,1312.5,1317.5,1290.0,1312.5,492800
2018-11-14,1312.5,1332.5,1307.5,1315.0,452000
2018-11-15,1297.5,1310.0,1290.0,1302.5,352400
2018-11-16,1295.0,1315.0,1295.0,1307.5,557600
2018-11-19,1302.5,1317.5,1265.0,1277.5,782800
2018-11-20,1275.0,1312.5,1267.5,1312.5,672800
2018-11-21,1280.0,1300.0,1275.0,1295.0,442000
2018-11-22,1297.5,1300.0,1272.5,1295.0,436800
2018-11-23,1295.0,1295.0,1295.0,1295.0,0
2018-11-26,1302.5,1317.5,1297.5,1315.0,508400
2018-11-27,1347.5,1362.5,1332.5,1357.5,694800
2018-11-28,1360.0,1362.5,1337.5,1352.5,522800
2018-11-29,1367.5,1397.5,1367.5,1370.0,560000
2018-11-30,1367.5,1382.5,1362.5,1365.0,1074000
2018-12-03,1372.5,1397.5,1365.0,1390.0,648000
2018-12-04,1395.0,1400.0,1352.5,1355.0,531200
2018-12-05,1307.5,1320.0,1295.0,1310.0,645600
2018-12-06,1295.0,1297.5,1267.5,1280.0,754800
2018-12-07,1275.0,1277.5,1257.5,1270.0,798400
2018-12-10,1270.0,1272.5,1255.0,1260.0,713200
2018-12-11,1262.5,1265.0,1252.5,1265.0,940000
2018-12-12,1277.5,1302.5,1272.5,1277.5,882000
2018-12-13,1275.0,1300.0,1270.0,1280.0,618400
2018-12-14,1262.5,1272.5,1250.0,1252.5,987600
2018-12-17,1255.0,1267.5,1250.0,1255.0,518800
2018-12-18,1242.5,1246.25,1223.75,1228.75,778800
2018-12-19,1222.5,1227.5,1190.0,1195.0,716800
2018-12-20,1191.25,1198.75,1145.0,1151.25,766400
2018-12-21,1145.0,1147.5,1112.5,1121.25,1097600
2018-12-24,1121.25,1121.25,1121.25,1121.25,0
2018-12-25,1076.25,1080.0,1057.5,1063.75,588800
2018-12-26,1061.25,1083.75,1055.0,1067.5,660800
2018-12-27,1102.5,1137.5,1102.5,1127.5,915600
2018-12-28,1133.75,1152.5,1118.75,1136.25,771600
2018-12-31,1136.25,1136.25,1136.25,1136.25,0
2019-01-04,1107.5,1123.75,1098.75,1120.0,930800
2019-01-07,1150.0,1167.5,1128.75,1132.5,956400
2019-01-08,1138.75,1148.75,1132.5,1132.5,952400
2019-01-09,1150.0,1157.5,1128.75,1130.0,890400
2019-01-10,1115.0,1121.25,1096.25,1118.75,872800
2019-01-11,1131.25,1141.25,1123.75,1138.75,858800
2019-01-15,1128.75,1136.25,1121.25,1125.0,608000
2019-01-16,1126.25,1133.75,1108.75,1130.0,482400
2019-01-17,1151.25,1167.5,1146.25,1163.75,648000
2019-01-18,1163.75,1181.25,1160.0,1173.75,534800
2019-01-21,1188.75,1207.5,1182.5,1187.5,522800
2019-01-22,1188.75,1190.0,1160.0,1170.0,272400
2019-01-23,1155.0,1178.75,1152.5,1165.0,337600
2019-01-24,1150.0,1171.25,1150.0,1171.25,383200
2019-01-25,1165.0,1181.25,1162.5,1170.0,416800
2019-01-28,1155.0,1158.75,1137.5,1143.75,523200
2019-01-29,1138.75,1146.25,1131.25,1140.0,669600
2019-01-30,1146.25,1147.5,1132.5,1133.75,543200
2019-01-31,1133.75,1166.25,1131.25,1156.25,952400
2019-02-01,1173.75,1173.75,1108.75,1108.75,784800
2019-02-04,1125.0,1145.0,1123.75,1140.0,620800
2019-02-05,1135.0,1151.25,1135.0,1145.0,357600
2019-02-06,1147.5,1151.25,1131.25,1131.25,396800
2019-02-07,1128.75,1136.25,1111.25,1121.25,508800
2019-02-08,1103.75,1113.75,1095.0,1097.5,668800
2019-02-12,1108.75,1143.75,1108.75,1137.5,567200
2019-02-13,1132.5,1150.0,1128.75,1145.0,417600
2019-02-14,1141.25,1152.5,1135.0,1143.75,399600
2019-02-15,1137.5,1155.0,1126.25,1146.25,514400
2019-02-18,1180.0,1183.75,1170.0,1173.75,460000
2019-02-19,1167.5,1173.75,1160.0,1173.75,299200
2019-02-20,1173.75,1180.0,1162.5,1170.0,422400
2019-02-21,1176.25,1178.75,1152.5,1166.25,432000
2019-02-22,1156.25,1156.25,1141.25,1148.75,338400
2019-02-25,1201.25,1243.75,1200.0,1240.0,2754000
2019-02-26,1250.0,1257.5,1217.5,1226.25,834800
2019-02-27,1228.75,1243.75,1228.75,1237.5,897200
2019-02-28,1242.5,1270.0,1238.75,1246.25,1254400
2019-03-01,1250.0,1260.0,1240.0,1250.0,714400
2019-03-04,1260.0,1272.5,1250.0,1270.0,699600
2019-03-05,1267.5,1292.5,1255.0,1292.5,815200
2019-03-06,1287.5,1302.5,1277.5,1300.0,814000
2019-03-07,1287.5,1297.5,1272.5,1287.5,741200
2019-03-08,1282.5,1287.5,1260.0,1267.5,1553200
2019-03-11,1267.5,1280.0,1252.5,1277.5,542800
2019-03-12,1282.5,1300.0,1280.0,1292.5,460400
2019-03-13,1280.0,1287.5,1257.5,1262.5,332400
2019-03-14,1280.0,1282.5,1257.5,1265.0,418400
2019-03-15,1265.0,1305.0,1262.5,1300.0,1103200
2019-03-18,1312.5,1315.0,1287.5,1292.5,346800
2019-03-19,1297.5,1297.5,1272.5,1277.5,441600
2019-03-20,1275.0,1285.0,1260.0,1267.5,604400
2019-03-22,1260.0,1260.0,1236.25,1245.0,973200
2019-03-25,1203.75,1203.75,1175.0,1180.0,682400
2019-03-26,1180.0,1213.75,1171.25,1211.25,880800
2019-03-27,1193.75,1195.0,1158.75,1167.5,804800
2019-03-28,1156.25,1161.25,1145.0,1156.25,524000
2019-03-29,1166.25,1167.5,1153.75,1157.5,990800
2019-04-01,1171.25,1198.75,1171.25,1197.5,658000
2019-04-02,1205.0,1227.5,1205.0,1216.25,834400
2019-04-03,1211.25,1235.0,1210.0,1232.5,606400
2019-04-04,1225.0,1238.75,1222.5,1230.0,434800
2019-04-05,1223.75,1235.0,1216.25,1222.5,574400
2019-04-08,1226.25,1228.75,1206.25,1206.25,282800
2019-04-09,1206.25,1207.5,1183.75,1190.0,263600
2019-04-10,1177.5,1186.25,1167.5,1185.0,344800
2019-04-11,1186.25,1190.0,1171.25,1182.5,380800
2019-04-12,1190.0,1193.75,1171.25,1176.25,523200
2019-04-15,1225.0,1230.0,1198.75,1212.5,1205200
2019-04-16,1195.0,1197.5,1181.25,1193.75,864400
2019-04-17,1202.5,1216.25,1197.5,1211.25,921200
2019-04-18,1212.5,1218.75,1196.25,1197.5,581200
2019-04-19,1225.0,1252.5,1220.0,1227.5,1480000
2019-04-22,1217.5,1218.75,1203.75,1215.0,459600
2019-04-23,1221.25,1225.0,1200.0,1217.5,672000
2019-04-24,1217.5,1217.5,1187.5,1192.5,1179600
2019-04-25,1187.5,1205.0,1176.25,1201.25,810400
2019-04-26,1183.75,1203.75,1175.0,1200.0,654800
2019-05-07,1195.0,1198.75,1165.0,1170.0,932800
2019-05-08,1152.5,1152.5,1126.25,1127.5,1140000
2019-05-09,1111.25,1117.5,1092.5,1105.0,1159200
2019-05-10,1101.25,1111.25,1088.75,1095.0,971600
2019-05-13,1093.75,1097.5,1080.0,1083.75,570000
2019-05-14,1048.75,1092.5,1020.0,1053.75,1956800
2019-05-15,1061.25,1082.5,1056.25,1080.0,1620400
2019-05-16,1070.0,1092.5,1066.25,1091.25,912000
2019-05-17,1105.0,1115.0,1090.0,1102.5,546000
2019-05-20,1102.5,1115.0,1097.5,1106.25,598400
2019-05-21,1088.75,1093.75,1077.5,1091.25,683200
2019-05-22,1086.25,1091.25,1067.5,1068.75,866400
2019-05-23,1060.0,1085.0,1058.75,1082.5,646000
2019-05-24,1065.0,1075.0,1061.25,1068.75,668000
2019-05-27,1072.5,1078.75,1065.0,1072.5,266800
2019-05-28,1071.25,1081.25,1066.25,1070.0,792800
2019-05-29,1066.25,1070.0,1052.5,1057.5,499600
2019-05-30,1048.75,1080.0,1048.75,1078.75,592400
2019-05-31,1065.0,1076.25,1060.0,1062.5,820800
2019-06-03,1037.5,1047.5,1032.5,1038.75,464000
2019-06-04,1043.75,1065.0,1036.25,1060.0,727200
2019-06-05,1077.5,1098.75,1077.5,1081.25,722000
2019-06-06,1071.25,1087.5,1067.5,1077.5,436800
2019-06-07,1075.0,1081.25,1063.75,1076.25,544000
2019-06-10,1080.0,1091.25,1076.25,1081.25,512000
2019-06-11,1086.25,1102.5,1085.0,1097.5,311600
2019-06-12,1090.0,1090.0,1078.75,1083.75,362400
2019-06-13,1071.25,1077.5,1061.25,1068.75,544400
2019-06-14,1070.0,1070.0,1055.0,1065.0,670000
2019-06-17,1062.5,1067.5,1042.5,1042.5,651600
2019-06-18,1038.75,1042.5,1015.0,1018.75,688000
2019-06-19,1028.75,1043.75,1022.5,1040.0,641600
2019-06-20,1036.25,1043.75,1027.5,1038.75,542000
2019-06-21,1032.5,1041.25,1022.5,1023.75,1465200
2019-06-24,1021.25,1037.5,1018.75,1027.5,951600
2019-06-25,1026.25,1036.25,1001.25,1010.0,1160800
2019-06-26,1008.75,1033.75,1008.75,1020.0,1303200
2019-06-27,1020.0,1036.25,1015.0,1036.25,1194400
2019-06-28,1025.0,1041.25,1018.75,1041.25,1493200
2019-07-01,1050.0,1070.0,1050.0,1070.0,763600
2019-07-02,1067.5,1076.25,1065.0,1071.25,547600
2019-07-03,1053.75,1066.25,1051.25,1066.25,526800
2019-07-04,1083.75,1090.0,1077.5,1085.0,386400
2019-07-05,1097.5,1098.75,1088.75,1095.0,525600
2019-07-08,1111.25,1113.75,1086.25,1087.5,418800
2019-07-09,1085.0,1096.25,1075.0,1082.5,513600
2019-07-10,1067.5,1071.25,1053.75,1058.75,1082000
2019-07-11,1056.25,1060.0,1036.25,1046.25,1039200
2019-07-12,1057.5,1061.25,1052.5,1057.5,724000
2019-07-16,1047.5,1053.75,1041.25,1043.75,505200
2019-07-17,1037.5,1053.75,1035.0,1051.25,744400
2019-07-18,1046.25,1047.5,1018.75,1020.0,814000
2019-07-19,1031.25,1047.5,1030.0,1038.75,666400
2019-07-22,1043.75,1047.5,1036.25,1041.25,748400
2019-07-23,1036.25,1055.0,1036.25,1047.5,411600
2019-07-24,1060.0,1062.5,1053.75,1058.75,713600
2019-07-25,1057.5,1065.0,1052.5,1058.75,422000
2019-07-26,1057.5,1066.25,1051.25,1058.75,473600
2019-07-29,1058.75,1066.25,1053.75,1062.5,613200
2019-07-30,1060.0,1066.25,1051.25,1058.75,524400
2019-07-31,1042.5,1063.75,1038.75,1058.75,1082000
2019-08-01,1058.75,1075.0,1058.75,1072.5,727600
2019-08-02,1041.25,1043.75,998.75,1002.5,1486400
2019-08-05,996.25,1002.5,973.75,987.5,1352400
2019-08-06,952.5,963.75,927.5,963.75,1427200
2019-08-07,957.5,967.5,950.0,963.75,902400
2019-08-08,955.0,971.25,953.75,965.0,551200
2019-08-09,971.25,981.25,971.25,972.5,480000
2019-08-13,958.75,966.25,947.5,955.0,684000
2019-08-14,972.5,982.5,958.75,965.0,440800
2019-08-15,937.5,947.5,932.5,943.75,625600
2019-08-16,932.5,935.0,918.75,927.5,959200
2019-08-19,943.75,946.25,927.5,935.0,653200
2019-08-20,936.25,938.75,922.5,930.0,511200
2019-08-21,916.25,922.5,913.75,921.25,467200
2019-08-22,926.25,928.75,913.75,928.75,521200
2019-08-23,923.75,935.0,922.5,932.5,318400
2019-08-26,900.0,921.25,897.5,918.75,692000
2019-08-27,930.0,935.0,923.75,927.5,834000
2019-08-28,920.0,926.25,915.0,922.5,488800
2019-08-29,931.25,932.5,913.75,926.25,517200
2019-08-30,943.75,953.75,941.25,953.75,735200
2019-09-02,945.0,953.75,933.75,936.25,389200
2019-09-03,933.75,952.5,932.5,943.75,445600
2019-09-04,940.0,940.0,927.5,936.25,618000
2019-09-05,942.5,968.75,941.25,958.75,677200
2019-09-06,975.0,983.75,968.75,971.25,514000
2019-09-09,968.75,983.75,965.0,983.75,459200
2019-09-10,1018.75,1021.25,1006.25,1018.75,935600
2019-09-11,1051.25,1068.75,1043.75,1062.5,1274800
2019-09-12,1080.0,1085.0,1065.0,1068.75,1131600
2019-09-13,1085.0,1100.0,1065.0,1098.75,1509600
2019-09-17,1098.75,1117.5,1082.5,1108.75,951600
2019-09-18,1091.25,1092.5,1062.5,1068.75,726400
2019-09-19,1088.75,1100.0,1082.5,1085.0,655200
2019-09-20,1093.75,1097.5,1080.0,1085.0,767600
2019-09-24,1071.25,1087.5,1068.75,1086.25,556400
2019-09-25,1083.75,1090.0,1080.0,1086.25,671200
2019-09-26,1102.5,1112.5,1093.75,1098.75,915600
2019-09-27,1095.0,1095.0,1051.25,1066.25,654800
2019-09-30,1062.5,1076.25,1050.0,1056.25,753200
2019-10-01,1056.25,1077.5,1056.25,1070.0,530400
2019-10-02,1055.0,1063.75,1050.0,1060.0,663200
2019-10-03,1030.0,1037.5,1018.75,1028.75,663600
2019-10-04,1012.5,1017.5,1003.75,1015.0,488400
2019-10-07,1013.75,1017.5,1003.75,1008.75,353200
2019-10-08,1015.0,1027.5,1011.25,1018.75,504800
2019-10-09,998.75,1007.5,990.0,1006.25,744800
2019-10-10,998.75,1002.5,981.25,993.75,728400
2019-10-11,1001.25,1007.5,997.5,998.75,589200
2019-10-15,1033.75,1050.0,1030.0,1032.5,727200
2019-10-16,1057.5,1072.5,1042.5,1048.75,919600
2019-10-17,1052.5,1052.5,1030.0,1033.75,581600
2019-10-18,1033.75,1040.0,1023.75,1030.0,657200
2019-10-21,1040.0,1050.0,1035.0,1045.0,478000
2019-10-23,1057.5,1062.5,1050.0,1060.0,613200
2019-10-24,1073.75,1080.0,1068.75,1071.25,492400
2019-10-25,1071.25,1078.75,1061.25,1077.5,660800
2019-10-28,1081.25,1087.5,1076.25,1082.5,544800
2019-10-29,1091.25,1105.0,1088.75,1093.75,698400
2019-10-30,1081.25,1088.75,1078.75,1082.5,706800
2019-10-31,1082.5,1090.0,1072.5,1085.0,636800
2019-11-01,1067.5,1077.5,1063.75,1070.0,748400
2019-11-05,1087.5,1108.75,1078.75,1105.0,1264400
2019-11-06,1115.0,1118.75,1108.75,1118.75,613200
2019-11-07,1115.0,1118.75,1106.25,1118.75,431200
2019-11-08,1131.25,1143.75,1126.25,1131.25,910000
2019-11-11,1150.0,1153.75,1136.25,1142.5,676400
2019-11-12,1142.5,1166.25,1142.5,1165.0,752000
2019-11-13,1165.0,1168.75,1152.5,1156.25,1021600
2019-11-14,1145.0,1151.25,1117.5,1121.25,794800
2019-11-15,1116.25,1130.0,1096.25,1130.0,769200
2019-11-18,1130.0,1136.25,1125.0,1136.25,486800
2019-11-19,1128.75,1133.75,1117.5,1118.75,692000
2019-11-20,1116.25,1128.75,1111.25,1120.0,520400
2019-11-21,1117.5,1125.0,1095.0,1116.25,499200
2019-11-22,1121.25,1126.25,1112.5,1112.5,436400
2019-11-25,1125.0,1127.5,1117.5,1122.5,396800
2019-11-26,1125.0,1130.0,1111.25,1113.75,652400
2019-11-27,1113.75,1123.75,1113.75,1121.25,330400
2019-11-28,1127.5,1135.0,1122.5,1128.75,351600
2019-11-29,1131.25,1133.75,1125.0,1128.75,523600
2019-12-02,1136.25,1155.0,1132.5,1145.0,552800
2019-12-03,1127.5,1127.5,1113.75,1125.0,416800
2019-12-04,1110.0,1113.75,1101.25,1113.75,651200
2019-12-05,1122.5,1143.75,1120.0,1137.5,470400
2019-12-06,1138.75,1153.75,1138.75,1150.0,463200
2019-12-09,1162.5,1167.5,1150.0,1161.25,427600
2019-12-10,1161.25,1170.0,1157.5,1160.0,588400
2019-12-11,1162.5,1163.75,1151.25,1155.0,639600
2019-12-12,1157.5,1161.25,1145.0,1150.0,551600
2019-12-13,1182.5,1205.0,1182.5,1202.5,1680400
2019-12-16,1207.5,1213.75,1200.0,1212.5,792400
2019-12-17,1220.0,1220.0,1202.5,1211.25,629200
2019-12-18,1225.0,1225.0,1192.5,1197.5,503600
2019-12-19,1197.5,1200.0,1190.0,1193.75,442800
2019-12-20,1196.25,1196.25,1180.0,1185.0,642000
2019-12-23,1192.5,1192.5,1176.25,1181.25,302800
2019-12-24,1187.5,1188.75,1172.5,1175.0,257200
2019-12-25,1173.75,1173.75,1157.5,1158.75,228400
2019-12-26,1147.5,1177.5,1147.5,1176.25,405200
2019-12-27,1186.25,1200.0,1186.25,1195.0,648800
2019-12-30,1183.75,1183.75,1167.5,1175.0,428400
2020-01-06,1140.0,1148.75,1131.25,1147.5,899600
2020-01-07,1161.25,1177.5,1156.25,1176.25,561200
2020-01-08,1143.75,1150.0,1123.75,1138.75,815600
2020-01-09,1166.25,1170.0,1157.5,1165.0,642000
2020-01-10,1161.25,1166.25,1153.75,1157.5,299600
2020-01-14,1152.5,1157.5,1137.5,1143.75,447600
2020-01-15,1130.0,1136.25,1123.75,1130.0,475600
2020-01-16,1136.25,1136.25,1127.5,1132.5,398400
2020-01-17,1133.75,1146.25,1130.0,1140.0,408000
2020-01-20,1140.0,1155.0,1138.75,1142.5,262000
2020-01-21,1142.5,1143.75,1131.25,1136.25,246800
2020-01-22,1126.25,1150.0,1123.75,1145.0,546800
2020-01-23,1132.5,1138.75,1130.0,1136.25,375600
2020-01-24,1136.25,1142.5,1130.0,1133.75,511200
2020-01-27,1112.5,1130.0,1103.75,1128.75,610800
2020-01-28,1111.25,1127.5,1108.75,1127.5,580800
2020-01-29,1128.75,1128.75,1117.5,1128.75,609200
2020-01-30,1116.25,1118.75,1101.25,1108.75,466000
2020-01-31,1122.5,1128.75,1112.5,1112.5,678400
2020-02-03,1095.0,1112.5,1095.0,1105.0,526400
2020-02-04,1090.0,1117.5,1087.5,1112.5,512800
2020-02-05,1130.0,1136.25,1125.0,1130.0,518400
2020-02-06,1155.0,1168.75,1153.75,1160.0,1023600
2020-02-07,1162.5,1162.5,1137.5,1141.25,441200
2020-02-10,1116.25,1127.5,1112.5,1121.25,630000
2020-02-12,1123.75,1125.0,1106.25,1113.75,633600
2020-02-13,1106.25,1111.25,1091.25,1103.75,436000
2020-02-14,1098.75,1108.75,1096.25,1107.5,532000
2020-02-17,1091.25,1093.75,1080.0,1090.0,323600
2020-02-18,1083.75,1083.75,1061.25,1065.0,423200
2020-02-19,1067.5,1067.5,1047.5,1047.5,694000
2020-02-20,1065.0,1073.75,1048.75,1050.0,531600
2020-02-21,1050.0,1062.5,1050.0,1053.75,372000
2020-02-25,1001.25,1022.5,996.25,1006.25,833600
2020-02-26,986.25,990.0,978.75,990.0,644000
2020-02-27,972.5,976.25,950.0,956.25,964000
2020-02-28,931.25,932.5,908.75,918.75,1600400
2020-03-02,925.0,963.75,923.75,943.75,1434400
2020-03-03,957.5,967.5,936.25,936.25,1232400
2020-03-04,912.5,941.25,910.0,921.25,1612400
2020-03-05,923.75,928.75,907.5,916.25,2069600
2020-03-06,893.75,898.75,871.25,876.25,1078800
2020-03-09,832.5,842.5,796.25,802.5,1387600
2020-03-10,785.0,832.5,771.25,826.25,1245200
2020-03-11,822.5,846.25,815.0,816.25,936800
2020-03-12,787.5,793.75,760.0,763.75,1684800
2020-03-13,712.0,746.5,692.5,720.0,3000000
2020-03-16,728.75,749.75,711.5,718.75,1289200
2020-03-17,695.25,771.25,686.5,767.5,2034800
2020-03-18,782.5,857.5,778.75,828.75,1824000
2020-03-19,868.75,943.75,860.0,891.25,2743600
2020-03-23,863.75,882.5,802.5,858.75,1930400
2020-03-24,876.25,878.75,823.75,855.0,1879600
2020-03-25,880.0,900.0,855.0,880.0,1224800
2020-03-26,847.5,927.5,843.75,911.25,1494400
2020-03-27,938.75,967.5,925.0,967.5,1337600
2020-03-30,923.75,937.5,867.5,921.25,1529600
2020-03-31,918.75,945.0,858.75,860.0,1640800
2020-04-01,855.0,886.25,831.25,837.5,1065200
2020-04-02,812.5,828.75,802.5,811.25,955600
2020-04-03,855.0,886.25,791.25,802.5,900000
2020-04-06,790.0,833.75,783.75,826.25,720800
2020-04-07,846.25,858.75,813.75,841.25,1112400
2020-04-08,858.75,887.5,850.0,873.75,1252800
2020-04-09,873.75,882.5,853.75,875.0,866400
2020-04-10,882.5,903.75,866.25,896.25,1022800
2020-04-13,886.25,890.0,865.0,870.0,702000
2020-04-14,871.25,902.5,868.75,901.25,785200
2020-04-15,888.75,900.0,878.75,886.25,650800
2020-04-16,868.75,878.75,860.0,873.75,740800
2020-04-17,891.25,911.25,872.5,875.0,675200
2020-04-20,872.5,895.0,870.0,881.25,389200
2020-04-21,870.0,890.0,867.5,883.75,438400
2020-04-22,876.25,900.0,876.25,893.75,587600
2020-04-23,890.0,898.75,880.0,898.75,559200
2020-04-24,905.0,912.5,888.75,903.75,518400
2020-04-27,908.75,930.0,897.5,926.25,701600
2020-04-28,913.75,927.5,910.0,920.0,632400
2020-04-30,937.5,960.0,927.5,927.5,1005600
2020-05-01,918.75,923.75,901.25,908.75,714800
2020-05-07,882.5,893.75,878.75,890.0,706800
2020-05-08,912.5,923.75,905.0,913.75,450400
2020-05-11,925.0,928.75,913.75,920.0,355200
2020-05-12,930.0,931.25,917.5,917.5,571200
2020-05-13,910.0,927.5,903.75,921.25,715600
2020-05-14,910.0,910.0,866.25,866.25,645200
2020-05-15,851.25,885.0,850.0,877.5,638800
2020-05-18,877.5,896.25,867.5,895.0,554400
2020-05-19,928.75,940.0,913.75,918.75,656000
2020-05-20,918.75,925.0,906.25,913.75,670800
2020-05-21,931.25,941.25,917.5,938.75,706400
2020-05-22,940.0,945.0,916.25,921.25,566800
2020-05-25,930.0,941.25,925.0,931.25,363600
2020-05-26,936.25,951.25,926.25,951.25,454800
2020-05-27,951.25,965.0,940.0,952.5,1288400
2020-05-28,975.0,1015.0,973.75,1005.0,1220000
2020-05-29,990.0,1005.0,967.5,967.5,1888400
2020-06-01,960.0,970.0,950.0,961.25,542000
2020-06-02,973.75,985.0,971.25,972.5,649600
2020-06-03,990.0,992.5,975.0,985.0,486000
2020-06-04,1008.75,1010.0,986.25,1001.25,595200
2020-06-05,1012.5,1018.75,1003.75,1013.75,634400
2020-06-08,1038.75,1050.0,1032.5,1043.75,586400
2020-06-09,1057.5,1058.75,1021.25,1033.75,594800
2020-06-10,1046.25,1046.25,1022.5,1025.0,631600
2020-06-11,990.0,1005.0,988.75,993.75,836400
2020-06-12,966.25,986.25,962.5,978.75,636800
2020-06-15,980.0,1000.0,967.5,967.5,682000
2020-06-16,1000.0,1010.0,977.5,993.75,1372400
2020-06-17,996.25,1003.75,983.75,992.5,672000
2020-06-18,982.5,998.75,971.25,987.5,626000
2020-06-19,996.25,997.5,973.75,982.5,1200800
2020-06-22,980.0,987.5,977.5,985.0,202800
2020-06-23,985.0,996.25,976.25,982.5,562400
2020-06-24,978.75,978.75,963.75,966.25,485200
2020-06-25,955.0,958.75,943.75,950.0,506800
2020-06-26,968.75,982.5,968.75,975.0,478800
2020-06-29,948.75,957.5,941.25,951.25,612000
2020-06-30,968.75,977.5,955.0,955.0,655600
2020-07-01,960.0,966.25,955.0,961.25,734400
2020-07-02,963.75,973.75,958.75,965.0,542000
2020-07-03,970.0,980.0,960.0,972.5,383200
2020-07-06,967.5,992.5,963.75,990.0,538000
2020-07-07,992.5,993.75,966.25,975.0,376800
2020-07-08,966.25,987.5,957.5,957.5,455600
2020-07-09,961.25,973.75,956.25,961.25,466400
2020-07-10,960.0,963.75,946.25,950.0,734000
2020-07-13,976.25,981.25,968.75,977.5,442400
2020-07-14,973.75,990.0,970.0,980.0,604000
2020-07-15,987.5,991.25,975.0,987.5,486400
2020-07-16,988.75,995.0,980.0,987.5,782400
2020-07-17,991.25,995.0,980.0,982.5,368400
2020-07-20,982.5,992.5,977.5,992.5,602800
2020-07-21,977.5,988.75,975.0,982.5,505200
2020-07-22,1000.0,1000.0,978.75,978.75,566000
2020-07-27,983.75,1013.75,975.0,1012.5,874400
2020-07-28,1007.5,1015.0,992.5,998.75,566800
2020-07-29,996.25,1000.0,985.0,985.0,456000
2020-07-30,992.5,992.5,975.0,982.5,603200
2020-07-31,982.5,988.75,966.25,966.25,1004400
2020-08-03,977.5,1008.75,977.5,998.75,715600
2020-08-04,1016.25,1037.5,1002.5,1011.25,854000
2020-08-05,990.0,1010.0,981.25,1010.0,548400
2020-08-06,1010.0,1013.75,996.25,998.75,292000
2020-08-07,1003.75,1037.5,1003.75,1032.5,776000
2020-08-11,1043.75,1085.0,1043.75,1085.0,793600
2020-08-12,1096.25,1116.25,1095.0,1108.75,1063600
2020-08-13,1111.25,1123.75,1110.0,1117.5,924400
2020-08-14,1122.5,1122.5,1105.0,1105.0,392800
2020-08-17,1097.5,1105.0,1083.75,1087.5,570800
2020-08-18,1092.5,1108.75,1086.25,1108.75,911200
2020-08-19,1101.25,1105.0,1091.25,1101.25,473600
2020-08-20,1101.25,1106.25,1085.0,1090.0,736400
2020-08-21,1093.75,1100.0,1072.5,1078.75,481600
2020-08-24,1080.0,1087.5,1077.5,1080.0,318000
2020-08-25,1122.5,1151.25,1122.5,1138.75,1612000
2020-08-26,1137.5,1148.75,1133.75,1142.5,714400
2020-08-27,1137.5,1156.25,1137.5,1143.75,777600
2020-08-28,1155.0,1163.75,1128.75,1142.5,1304000
2020-08-31,1153.75,1158.75,1130.0,1130.0,758800
2020-09-01,1117.5,1128.75,1111.25,1122.5,438000
2020-09-02,1135.0,1136.25,1122.5,1136.25,325200
2020-09-03,1145.0,1160.0,1142.5,1143.75,628000
2020-09-04,1146.25,1167.5,1141.25,1166.25,668800
2020-09-07,1166.25,1198.75,1166.25,1183.75,824800
2020-09-08,1200.0,1208.75,1191.25,1207.5,798000
2020-09-09,1185.0,1200.0,1178.75,1195.0,948400
2020-09-10,1196.25,1241.25,1195.0,1232.5,794400
2020-09-11,1243.75,1260.0,1231.25,1255.0,959200
2020-09-14,1272.5,1297.5,1270.0,1292.5,1010800
2020-09-15,1292.5,1317.5,1282.5,1315.0,769200
2020-09-16,1312.5,1315.0,1292.5,1300.0,847200
2020-09-17,1300.0,1317.5,1290.0,1300.0,898400
2020-09-18,1305.0,1320.0,1300.0,1307.5,1075600
2020-09-23,1285.0,1290.0,1262.5,1275.0,890000
2020-09-24,1272.5,1290.0,1267.5,1267.5,762000
2020-09-25,1285.0,1305.0,1250.0,1262.5,2149600
2020-09-28,1287.5,1307.5,1272.5,1305.0,1232400
2020-09-29,1292.5,1315.0,1287.5,1300.0,937600
2020-09-30,1297.5,1297.5,1267.5,1267.5,812000
2020-10-02,1275.0,1282.5,1243.75,1250.0,1100000
2020-10-05,1262.5,1280.0,1260.0,1275.0,460000
2020-10-06,1287.5,1295.0,1265.0,1280.0,538400
2020-10-07,1275.0,1285.0,1260.0,1282.5,399200
2020-10-08,1287.5,1302.5,1280.0,1282.5,628800
2020-10-09,1285.0,1285.0,1270.0,1272.5,325600
2020-10-12,1260.0,1265.0,1247.5,1257.5,412000
2020-10-13,1267.5,1267.5,1233.75,1255.0,800400
2020-10-14,1228.75,1235.0,1217.5,1228.75,893600
2020-10-15,1211.25,1223.75,1211.25,1218.75,635600
2020-10-16,1212.5,1216.25,1196.25,1207.5,690400
2020-10-19,1200.0,1218.75,1190.0,1213.75,679200
2020-10-20,1196.25,1205.0,1185.0,1190.0,780400
2020-10-21,1198.75,1211.25,1190.0,1198.75,702000
2020-10-22,1193.75,1193.75,1175.0,1186.25,641200
2020-10-23,1198.75,1203.75,1187.5,1192.5,394800
2020-10-26,1195.0,1195.0,1175.0,1180.0,302800
2020-10-27,1177.5,1177.5,1162.5,1173.75,585600
2020-10-28,1163.75,1177.5,1157.5,1176.25,454800
2020-10-29,1160.0,1180.0,1160.0,1176.25,331600
2020-10-30,1170.0,1170.0,1146.25,1148.75,681200
2020-11-02,1158.75,1193.75,1158.75,1187.5,696800
2020-11-04,1205.0,1217.5,1192.5,1195.0,608400
2020-11-05,1191.25,1210.0,1182.5,1202.5,686800
2020-11-06,1207.5,1232.5,1203.75,1221.25,666400
2020-11-09,1235.0,1240.0,1220.0,1227.5,780800
2020-11-10,1295.0,1297.5,1228.75,1247.5,1038400
2020-11-11,1290.0,1297.5,1280.0,1295.0,990400
2020-11-12,1282.5,1290.0,1270.0,1275.0,508800
2020-11-13,1300.0,1302.5,1277.5,1290.0,955200
2020-11-16,1302.5,1320.0,1287.5,1302.5,920800
2020-11-17,1297.5,1307.5,1272.5,1292.5,719200
2020-11-18,1290.0,1307.5,1280.0,1307.5,577600
2020-11-19,1305.0,1312.5,1287.5,1302.5,700400
2020-11-20,1297.5,1317.5,1292.5,1312.5,523600
2020-11-24,1350.0,1355.0,1317.5,1325.0,1011200
2020-11-25,1350.0,1350.0,1307.5,1310.0,713600
2020-11-26,1307.5,1340.0,1300.0,1330.0,545600
2020-11-27,1337.5,1347.5,1315.0,1337.5,902000
2020-11-30,1350.0,1350.0,1302.5,1302.5,1447600
2020-12-01,1315.0,1337.5,1285.0,1307.5,746400
2020-12-02,1325.0,1335.0,1307.5,1322.5,826800
2020-12-03,1322.5,1332.5,1310.0,1317.5,525600
2020-12-04,1322.5,1325.0,1307.5,1322.5,318000
2020-12-07,1337.5,1337.5,1312.5,1312.5,429600
2020-12-08,1310.0,1320.0,1305.0,1310.0,380800
2020-12-09,1315.0,1335.0,1310.0,1320.0,450800
2020-12-10,1332.5,1335.0,1315.0,1317.5,385600
2020-12-11,1317.5,1355.0,1317.5,1350.0,644000
2020-12-14,1347.5,1370.0,1347.5,1360.0,596800
2020-12-15,1367.5,1367.5,1332.5,1342.5,580000
2020-12-16,1360.0,1362.5,1345.0,1352.5,391200
2020-12-17,1352.5,1372.5,1342.5,1365.0,513600
2020-12-18,1360.0,1387.5,1357.5,1377.5,719200
2020-12-21,1375.0,1392.5,1347.5,1352.5,522400
2020-12-22,1342.5,1342.5,1317.5,1322.5,441200
2020-12-23,1312.5,1312.5,1280.0,1297.5,626800
2020-12-24,1307.5,1330.0,1300.0,1327.5,464800
2020-12-25,1327.5,1350.0,1327.5,1345.0,235600
2020-12-28,1350.0,1367.5,1350.0,1365.0,431200
2020-12-29,1367.5,1387.5,1365.0,1382.5,535600
2020-12-30,1375.0,1375.0,1340.0,1342.5,712800
2021-01-04,1350.0,1350.0,1317.5,1327.5,359600
2021-01-05,1322.5,1350.0,1320.0,1347.5,392000
2021-01-06,1347.5,1375.0,1347.5,1357.5,513200
2021-01-07,1400.0,1422.5,1390.0,1412.5,737600
2021-01-08,1405.0,1440.0,1395.0,1437.5,608000
2021-01-12,1445.0,1477.5,1442.5,1470.0,570400
2021-01-13,1465.0,1497.5,1462.5,1487.5,536000
2021-01-14,1505.0,1522.5,1492.5,1497.5,1271200
2021-01-15,1500.0,1512.5,1480.0,1492.5,1051600
2021-01-18,1475.0,1480.0,1457.5,1467.5,649600
2021-01-19,1467.5,1477.5,1452.5,1455.0,337200
2021-01-20,1455.0,1462.5,1422.5,1442.5,518000
2021-01-21,1440.0,1452.5,1420.0,1427.5,471200
2021-01-22,1412.5,1417.5,1395.0,1412.5,577200
2021-01-25,1417.5,1417.5,1385.0,1410.0,495600
2021-01-26,1417.5,1422.5,1400.0,1412.5,395200
2021-01-27,1437.5,1440.0,1402.5,1407.5,434400
2021-01-28,1382.5,1402.5,1370.0,1387.5,736000
2021-01-29,1382.5,1392.5,1367.5,1372.5,497200
2021-02-01,1370.0,1405.0,1370.0,1375.0,556800
2021-02-02,1375.0,1415.0,1360.0,1412.5,498400
2021-02-03,1432.5,1455.0,1430.0,1437.5,767600
2021-02-04,1432.5,1437.5,1412.5,1432.5,463600
2021-02-05,1457.5,1492.5,1442.5,1482.5,757200
2021-02-08,1482.5,1527.5,1477.5,1527.5,756800
2021-02-09,1535.0,1535.0,1510.0,1520.0,545200
2021-02-10,1522.5,1545.0,1510.0,1537.5,590000
2021-02-12,1542.5,1555.0,1532.5,1540.0,730000
2021-02-15,1580.0,1600.0,1572.5,1587.5,697200
2021-02-16,1587.5,1670.0,1585.0,1650.0,1040000
2021-02-17,1660.0,1677.5,1642.5,1667.5,719600
2021-02-18,1670.0,1670.0,1622.5,1632.5,702800
2021-02-19,1627.5,1655.0,1627.5,1630.0,685200
2021-02-22,1655.0,1672.5,1645.0,1652.5,573600
2021-02-24,1667.5,1667.5,1637.5,1645.0,556400
2021-02-25,1652.5,1667.5,1637.5,1660.0,663200
2021-02-26,1645.0,1647.5,1590.0,1597.5,824400
2021-03-01,1597.5,1617.5,1587.5,1615.0,681600
2021-03-02,1617.5,1617.5,1582.5,1610.0,640400
2021-03-03,1612.5,1620.0,1590.0,1620.0,646400
2021-03-04,1610.0,1632.5,1585.0,1620.0,630800
2021-03-05,1610.0,1620.0,1585.0,1605.0,852000
2021-03-08,1630.0,1647.5,1610.0,1625.0,612800
2021-03-09,1650.0,1680.0,1632.5,1662.5,916000
2021-03-10,1650.0,1652.5,1615.0,1640.0,967200
2021-03-11,1650.0,1705.0,1645.0,1700.0,924800
2021-03-12,1695.0,1695.0,1657.5,1680.0,840000
2021-03-15,1697.5,1710.0,1677.5,1707.5,534000
2021-03-16,1682.5,1705.0,1675.0,1680.0,624000
2021-03-17,1667.5,1720.0,1667.5,1712.5,572000
2021-03-18,1725.0,1780.0,1717.5,1777.5,992800
2021-03-19,1792.5,1867.5,1780.0,1845.0,1388400
2021-03-22,1827.5,1830.0,1790.0,1812.5,688000
2021-03-23,1805.0,1812.5,1772.5,1780.0,502800
2021-03-24,1742.5,1747.5,1662.5,1682.5,1171200
2021-03-25,1705.0,1750.0,1705.0,1737.5,658000
2021-03-26,1762.5,1775.0,1737.5,1760.0,844400
2021-03-29,1777.5,1780.0,1717.5,1755.0,989600
2021-03-30,1725.0,1747.5,1705.0,1735.0,802800
2021-03-31,1725.0,1737.5,1702.5,1702.5,732000
2021-04-01,1700.0,1712.5,1672.5,1690.0,582800
2021-04-02,1700.0,1722.5,1680.0,1690.0,409600
2021-04-05,1690.0,1725.0,1682.5,1710.0,414800
2021-04-06,1685.0,1697.5,1652.5,1662.5,448000
2021-04-07,1662.5,1667.5,1640.0,1665.0,337200
2021-04-08,1660.0,1660.0,1592.5,1605.0,716000
2021-04-09,1605.0,1630.0,1597.5,1610.0,547600
2021-04-12,1632.5,1640.0,1605.0,1620.0,487200
2021-04-13,1612.5,1625.0,1595.0,1595.0,413200
2021-04-14,1570.0,1600.0,1560.0,1600.0,625600
2021-04-15,1607.5,1622.5,1595.0,1597.5,333200
2021-04-16,1595.0,1600.0,1577.5,1590.0,343600
2021-04-19,1582.5,1587.5,1567.5,1572.5,368800
2021-04-20,1562.5,1562.5,1512.5,1522.5,959600
2021-04-21,1482.5,1490.0,1465.0,1472.5,947600
2021-04-22,1492.5,1505.0,1480.0,1502.5,735600
2021-04-23,1497.5,1512.5,1487.5,1495.0,440000
2021-04-26,1507.5,1512.5,1490.0,1492.5,435600
2021-04-27,1482.5,1490.0,1467.5,1470.0,771200
2021-04-28,1482.5,1497.5,1465.0,1472.5,743600
2021-04-30,1477.5,1490.0,1460.0,1465.0,632000
2021-05-06,1502.5,1510.0,1465.0,1475.0,1141600
2021-05-07,1482.5,1495.0,1462.5,1465.0,1085200
2021-05-10,1465.0,1512.5,1455.0,1500.0,850800
2021-05-11,1490.0,1512.5,1465.0,1470.0,812400
2021-05-12,1370.0,1377.5,1325.0,1347.5,3292800
2021-05-13,1345.0,1367.5,1322.5,1327.5,1466400
2021-05-14,1347.5,1357.5,1330.0,1332.5,1325600
2021-05-17,1330.0,1342.5,1287.5,1287.5,1341200
2021-05-18,1300.0,1312.5,1285.0,1295.0,1865200
2021-05-19,1277.5,1300.0,1265.0,1272.5,1623600
2021-05-20,1272.5,1282.5,1260.0,1270.0,1411200
2021-05-21,1252.5,1267.5,1245.0,1260.0,1316000
2021-05-24,1262.5,1290.0,1260.0,1272.5,1643200
2021-05-25,1277.5,1347.5,1277.5,1342.5,2622000
2021-05-26,1310.0,1335.0,1302.5,1330.0,2671200
2021-05-27,1332.5,1382.5,1332.5,1377.5,16945200
2021-05-28,1370.0,1415.0,1345.0,1390.0,2229200
2021-05-31,1377.5,1377.5,1347.5,1347.5,1016800
2021-06-01,1360.0,1370.0,1340.0,1365.0,1050000
2021-06-02,1365.0,1402.5,1345.0,1385.0,960800
2021-06-03,1375.0,1400.0,1362.5,1362.5,1061600
2021-06-04,1382.5,1382.5,1345.0,1365.0,857600
2021-06-07,1370.0,1370.0,1337.5,1345.0,980400
2021-06-08,1342.5,1355.0,1325.0,1330.0,900000
2021-06-09,1330.0,1337.5,1292.5,1297.5,1065200
2021-06-10,1292.5,1312.5,1290.0,1305.0,562400
2021-06-11,1302.5,1310.0,1285.0,1305.0,1056000
2021-06-14,1307.5,1315.0,1277.5,1282.5,839200
2021-06-15,1287.5,1307.5,1287.5,1300.0,635600
2021-06-16,1295.0,1297.5,1280.0,1287.5,716000
2021-06-17,1310.0,1332.5,1285.0,1287.5,904000
2021-06-18,1282.5,1282.5,1260.0,1267.5,1911200
2021-06-21,1246.25,1255.0,1220.0,1231.25,1544400
2021-06-22,1267.5,1295.0,1260.0,1290.0,757200
2021-06-23,1300.0,1300.0,1272.5,1277.5,736800
2021-06-24,1270.0,1272.5,1248.75,1255.0,538800
2021-06-25,1267.5,1275.0,1260.0,1270.0,815200
2021-06-28,1287.5,1307.5,1285.0,1300.0,683200
2021-06-29,1275.0,1287.5,1267.5,1275.0,710000
2021-06-30,1262.5,1277.5,1255.0,1260.0,689600
2021-07-01,1265.0,1267.5,1248.75,1255.0,353600
2021-07-02,1270.0,1280.0,1267.5,1277.5,488400
2021-07-05,1265.0,1267.5,1252.5,1252.5,338800
2021-07-06,1257.5,1272.5,1257.5,1262.5,667600
2021-07-07,1230.0,1237.5,1216.25,1218.75,1493600
2021-07-08,1210.0,1223.75,1196.25,1196.25,995200
2021-07-09,1180.0,1200.0,1172.5,1198.75,844800
2021-07-12,1233.75,1242.5,1221.25,1238.75,842000
2021-07-13,1248.75,1257.5,1237.5,1255.0,608000
2021-07-14,1246.25,1267.5,1245.0,1257.5,474400
2021-07-15,1247.5,1252.5,1222.5,1227.5,638800
2021-07-16,1233.75,1236.25,1223.75,1225.0,502400
2021-07-19,1207.5,1213.75,1192.5,1205.0,510000
2021-07-20,1187.5,1196.25,1183.75,1190.0,695200
2021-07-21,1212.5,1220.0,1197.5,1198.75,515600
2021-07-26,1225.0,1225.0,1200.0,1206.25,650400
2021-07-27,1218.75,1231.25,1217.5,1227.5,532000
2021-07-28,1217.5,1222.5,1207.5,1216.25,537200
2021-07-29,1221.25,1222.5,1202.5,1210.0,638000
2021-07-30,1201.25,1202.5,1173.75,1177.5,595200
2021-08-02,1187.5,1237.5,1181.25,1231.25,805200
2021-08-03,1223.75,1228.75,1198.75,1211.25,547600
2021-08-04,1217.5,1226.25,1206.25,1207.5,603600
2021-08-05,1208.75,1238.75,1208.75,1233.75,710000
2021-08-06,1230.0,1237.5,1213.75,1227.5,658000
2021-08-10,1235.0,1242.5,1218.75,1225.0,499600
2021-08-11,1236.25,1252.5,1233.75,1241.25,473600
2021-08-12,1257.5,1262.5,1250.0,1250.0,444000
2021-08-13,1245.0,1245.0,1232.5,1236.25,356000
2021-08-16,1226.25,1226.25,1196.25,1198.75,513600
2021-08-17,1208.75,1208.75,1185.0,1186.25,400800
2021-08-18,1191.25,1205.0,1190.0,1197.5,310800
2021-08-19,1182.5,1195.0,1182.5,1182.5,494400
2021-08-20,1187.5,1203.75,1187.5,1198.75,540800
2021-08-23,1207.5,1220.0,1202.5,1202.5,463200
2021-08-24,1197.5,1211.25,1187.5,1205.0,456400
2021-08-25,1212.5,1221.25,1210.0,1213.75,291200
2021-08-26,1213.75,1223.75,1212.5,1220.0,336400
2021-08-27,1220.0,1222.5,1197.5,1207.5,716000
2021-08-30,1223.75,1230.0,1212.5,1218.75,382400
2021-08-31,1201.25,1225.0,1190.0,1217.5,438800
2021-09-01,1211.25,1223.75,1208.75,1223.75,356400
2021-09-02,1212.5,1227.5,1211.25,1226.25,504400
2021-09-03,1228.75,1257.5,1225.0,1255.0,880800
2021-09-06,1267.5,1267.5,1240.0,1252.5,622400
2021-09-07,1277.5,1295.0,1262.5,1275.0,1124400
2021-09-08,1300.0,1322.5,1295.0,1300.0,1401600
2021-09-09,1280.0,1290.0,1257.5,1262.5,815200
2021-09-10,1277.5,1312.5,1272.5,1310.0,1302800
2021-09-13,1320.0,1345.0,1307.5,1345.0,1614000
2021-09-14,1352.5,1355.0,1322.5,1340.0,1156400
2021-09-15,1325.0,1325.0,1305.0,1312.5,904800
2021-09-16,1330.0,1337.5,1315.0,1327.5,1040800
2021-09-17,1315.0,1327.5,1292.5,1295.0,1283200
2021-09-21,1270.0,1272.5,1252.5,1255.0,1113200
2021-09-22,1238.75,1248.75,1225.0,1228.75,705200
2021-09-24,1270.0,1295.0,1270.0,1290.0,896800
2021-09-27,1300.0,1302.5,1282.5,1287.5,534400
2021-09-28,1295.0,1307.5,1285.0,1302.5,644400
2021-09-29,1282.5,1292.5,1260.0,1282.5,1214000
2021-09-30,1282.5,1302.5,1277.5,1290.0,680800
2021-10-01,1270.0,1270.0,1240.0,1246.25,892000
2021-10-04,1257.5,1260.0,1241.25,1248.75,521600
2021-10-05,1248.75,1262.5,1235.0,1240.0,824400
2021-10-06,1250.0,1275.0,1250.0,1272.5,660000
2021-10-07,1275.0,1300.0,1270.0,1292.5,1008000
2021-10-08,1312.5,1322.5,1305.0,1310.0,692000
2021-10-11,1312.5,1315.0,1290.0,1307.5,584000
2021-10-12,1292.5,1302.5,1285.0,1290.0,450000
2021-10-13,1297.5,1297.5,1277.5,1282.5,659600
2021-10-14,1277.5,1297.5,1275.0,1297.5,724800
2021-10-15,1315.0,1332.5,1307.5,1325.0,1172000
2021-10-18,1332.5,1332.5,1307.5,1315.0,364400
2021-10-19,1317.5,1325.0,1307.5,1325.0,400000
2021-10-20,1325.0,1350.0,1315.0,1317.5,531600
2021-10-21,1312.5,1322.5,1307.5,1312.5,381600
2021-10-22,1300.0,1320.0,1300.0,1312.5,520000
2021-10-25,1302.5,1317.5,1300.0,1302.5,571200
2021-10-26,1307.5,1310.0,1292.5,1300.0,535200
2021-10-27,1295.0,1302.5,1277.5,1282.5,569200
2021-10-28,1257.5,1275.0,1243.75,1260.0,738000
2021-10-29,1260.0,1280.0,1245.0,1280.0,722000
2021-11-01,1292.5,1310.0,1287.5,1300.0,530400
2021-11-02,1290.0,1317.5,1285.0,1292.5,494000
2021-11-04,1312.5,1322.5,1302.5,1322.5,491600
2021-11-05,1297.5,1310.0,1295.0,1310.0,344800
2021-11-08,1327.5,1335.0,1315.0,1315.0,474000
2021-11-09,1330.0,1337.5,1302.5,1302.5,386800
2021-11-10,1300.0,1305.0,1270.0,1275.0,991200
2021-11-11,1272.5,1290.0,1260.0,1265.0,614400
2021-11-12,1262.5,1285.0,1255.0,1270.0,1031600
2021-11-15,1247.5,1272.5,1240.0,1247.5,1037200
2021-11-16,1265.0,1280.0,1257.5,1265.0,748400
2021-11-17,1257.5,1262.5,1236.25,1241.25,699600
2021-11-18,1230.0,1240.0,1220.0,1223.75,528000
2021-11-19,1227.5,1242.5,1220.0,1241.25,668800
2021-11-22,1223.75,1241.25,1216.25,1236.25,414800
2021-11-24,1250.0,1255.0,1206.25,1220.0,1146400
2021-11-25,1237.5,1250.0,1236.25,1242.5,429200
2021-11-26,1236.25,1238.75,1218.75,1227.5,698800
2021-11-29,1225.0,1233.75,1215.0,1225.0,1002400
2021-11-30,1233.75,1245.0,1205.0,1206.25,998000
2021-12-01,1201.25,1226.25,1200.0,1221.25,626000
2021-12-02,1203.75,1225.0,1203.75,1217.5,556400
2021-12-03,1235.0,1272.5,1231.25,1272.5,977200
2021-12-06,1267.5,1277.5,1241.25,1247.5,570400
2021-12-07,1248.75,1265.0,1236.25,1262.5,608000
2021-12-08,1275.0,1282.5,1265.0,1270.0,509600
2021-12-09,1260.0,1267.5,1243.75,1243.75,423200
2021-12-10,1252.5,1260.0,1246.25,1250.0,620400
2021-12-13,1267.5,1267.5,1237.5,1237.5,350400
2021-12-14,1236.25,1243.75,1232.5,1240.0,300800
2021-12-15,1240.0,1260.0,1238.75,1247.5,490000
2021-12-16,1275.0,1275.0,1242.5,1257.5,1098400
2021-12-17,1282.5,1305.0,1277.5,1287.5,1148000
2021-12-20,1262.5,1262.5,1215.0,1218.75,632800
2021-12-21,1236.25,1255.0,1236.25,1252.5,473600
2021-12-22,1252.5,1252.5,1220.0,1226.25,520800
2021-12-23,1235.0,1236.25,1226.25,1235.0,288400
2021-12-24,1237.5,1245.0,1228.75,1230.0,222800
2021-12-27,1221.25,1228.75,1221.25,1223.75,314800
2021-12-28,1241.25,1265.0,1238.75,1265.0,692000
2021-12-29,1305.0,1365.0,1305.0,1362.5,1847600
2021-12-30,1342.5,1362.5,1332.5,1332.5,867600
2022-01-04,1347.5,1362.5,1312.5,1357.5,886800
2022-01-05,1375.0,1385.0,1357.5,1377.5,1155200
2022-01-06,1385.0,1395.0,1345.0,1357.5,864800
2022-01-07,1380.0,1405.0,1367.5,1387.5,1100800
2022-01-11,1412.5,1415.0,1355.0,1405.0,1201200
2022-01-12,1417.5,1422.5,1392.5,1395.0,691600
2022-01-13,1415.0,1420.0,1392.5,1410.0,703600
2022-01-14,1417.5,1417.5,1380.0,1395.0,775200
2022-01-17,1387.5,1405.0,1382.5,1390.0,393600
2022-01-18,1427.5,1445.0,1377.5,1385.0,1316000
2022-01-19,1360.0,1372.5,1315.0,1327.5,1032400
2022-01-20,1312.5,1340.0,1297.5,1297.5,1070000
2022-01-21,1297.5,1310.0,1267.5,1302.5,916800
2022-01-24,1302.5,1357.5,1300.0,1350.0,926400
2022-01-25,1342.5,1345.0,1300.0,1317.5,732800
2022-01-26,1332.5,1332.5,1297.5,1315.0,820000
2022-01-27,1332.5,1332.5,1285.0,1295.0,718000
2022-01-28,1312.5,1350.0,1310.0,1335.0,710000
2022-01-31,1322.5,1337.5,1305.0,1330.0,658800
2022-02-01,1315.0,1380.0,1310.0,1362.5,1006400
2022-02-02,1355.0,1410.0,1355.0,1410.0,777200
2022-02-03,1407.5,1410.0,1385.0,1397.5,394800
2022-02-04,1392.5,1412.5,1392.5,1410.0,654400
2022-02-07,1400.0,1435.0,1382.5,1422.5,936400
2022-02-08,1432.5,1462.5,1430.0,1450.0,972400
2022-02-09,1457.5,1477.5,1440.0,1450.0,831600
2022-02-10,1470.0,1470.0,1427.5,1457.5,687600
2022-02-14,1427.5,1440.0,1415.0,1435.0,858000
2022-02-15,1425.0,1442.5,1410.0,1417.5,662800
2022-02-16,1427.5,1457.5,1427.5,1455.0,567600
2022-02-17,1450.0,1460.0,1417.5,1430.0,570400
2022-02-18,1412.5,1417.5,1395.0,1410.0,790000
2022-02-21,1385.0,1400.0,1372.5,1395.0,628400
2022-02-22,1365.0,1380.0,1355.0,1377.5,806400
2022-02-24,1370.0,1375.0,1335.0,1362.5,1084400
2022-02-25,1337.5,1345.0,1285.0,1287.5,1368800
2022-02-28,1287.5,1290.0,1250.0,1282.5,2257600
2022-03-01,1282.5,1295.0,1262.5,1262.5,716400
2022-03-02,1237.5,1243.75,1222.5,1226.25,1156800
2022-03-03,1257.5,1265.0,1246.25,1250.0,657200
2022-03-04,1255.0,1260.0,1227.5,1228.75,906400
2022-03-07,1218.75,1223.75,1182.5,1200.0,1059200
2022-03-08,1167.5,1185.0,1155.0,1160.0,1492800
2022-03-09,1162.5,1186.25,1161.25,1165.0,707600
2022-03-10,1200.0,1223.75,1200.0,1216.25,827600
2022-03-11,1198.75,1220.0,1197.5,1216.25,971200
2022-03-14,1231.25,1255.0,1225.0,1241.25,507600
2022-03-15,1257.5,1302.5,1255.0,1295.0,823200
2022-03-16,1300.0,1322.5,1292.5,1312.5,1037200
2022-03-17,1352.5,1387.5,1352.5,1377.5,1222000
2022-03-18,1370.0,1392.5,1370.0,1382.5,1242800
2022-03-22,1382.5,1412.5,1380.0,1407.5,950000
2022-03-23,1425.0,1442.5,1417.5,1435.0,850800
2022-03-24,1410.0,1410.0,1390.0,1407.5,558800
2022-03-25,1405.0,1420.0,1400.0,1412.5,527200
2022-03-28,1415.0,1422.5,1400.0,1417.5,520400
2022-03-29,1397.5,1412.5,1385.0,1405.0,878400
2022-03-30,1392.5,1407.5,1367.5,1377.5,914800
2022-03-31,1345.0,1365.0,1337.5,1337.5,954000
2022-04-01,1327.5,1345.0,1315.0,1337.5,822000
2022-04-04,1325.0,1347.5,1317.5,1347.5,582000
2022-04-05,1357.5,1357.5,1317.5,1322.5,739200
2022-04-06,1312.5,1325.0,1297.5,1300.0,699200
2022-04-07,1275.0,1290.0,1260.0,1282.5,978800
2022-04-08,1277.5,1290.0,1262.5,1275.0,761600
2022-04-11,1282.5,1297.5,1280.0,1297.5,927200
2022-04-12,1307.5,1325.0,1307.5,1310.0,900000
2022-04-13,1295.0,1320.0,1285.0,1312.5,756400
2022-04-14,1302.5,1327.5,1302.5,1320.0,482400
2022-04-15,1312.5,1330.0,1312.5,1327.5,495200
2022-04-18,1305.0,1327.5,1302.5,1320.0,379600
2022-04-19,1332.5,1337.5,1315.0,1327.5,518000
2022-04-20,1345.0,1355.0,1337.5,1350.0,710400
2022-04-21,1352.5,1370.0,1350.0,1355.0,587200
2022-04-22,1337.5,1340.0,1312.5,1325.0,614000
2022-04-25,1300.0,1315.0,1292.5,1310.0,595600
2022-04-26,1325.0,1350.0,1325.0,1332.5,1002000
2022-04-27,1325.0,1327.5,1295.0,1302.5,1867600
2022-04-28,1327.5,1422.5,1325.0,1415.0,1580000
2022-05-02,1390.0,1407.5,1362.5,1375.0,886800
2022-05-06,1395.0,1412.5,1380.0,1407.5,550400
2022-05-09,1407.5,1420.0,1390.0,1410.0,801200
2022-05-10,1397.5,1420.0,1377.5,1410.0,988000
2022-05-11,1395.0,1395.0,1367.5,1370.0,1006000
2022-05-12,1375.0,1380.0,1350.0,1352.5,727200
2022-05-13,1360.0,1390.0,1352.5,1387.5,637200
2022-05-16,1362.5,1372.5,1307.5,1322.5,1138000
2022-05-17,1340.0,1340.0,1290.0,1287.5,734400
2022-05-18,1292.5,1317.5,1290.0,1312.5,587600
2022-05-19,1282.5,1300.0,1275.0,1297.5,642000
2022-05-20,1290.0,1302.5,1272.5,1290.0,776000
2022-05-23,1297.5,1325.0,1297.5,1305.0,444400
2022-05-24,1305.0,1310.0,1282.5,1282.5,507200
2022-05-25,1280.0,1287.5,1272.5,1277.5,383200
2022-05-26,1302.5,1375.0,1282.5,1357.5,1581200
2022-05-27,1382.5,1382.5,1350.0,1377.5,1091200
2022-05-30,1377.5,1420.0,1375.0,1405.0,1825200
2022-05-31,1385.0,1405.0,1377.5,1377.5,881600
2022-06-01,1410.0,1452.5,1410.0,1445.0,1397200
2022-06-02,1457.5,1465.0,1447.5,1455.0,696800
2022-06-03,1462.5,1462.5,1440.0,1450.0,550000
2022-06-06,1442.5,1460.0,1440.0,1452.5,488000
2022-06-07,1477.5,1495.0,1472.5,1475.0,718800
2022-06-08,1477.5,1485.0,1460.0,1472.5,708000
2022-06-09,1487.5,1520.0,1485.0,1505.0,965600
2022-06-10,1502.5,1510.0,1485.0,1492.5,777600
2022-06-13,1465.0,1490.0,1465.0,1485.0,780400
2022-06-14,1470.0,1482.5,1465.0,1472.5,604800
2022-06-15,1475.0,1482.5,1455.0,1467.5,678400
2022-06-16,1467.5,1482.5,1450.0,1455.0,860400
2022-06-17,1452.5,1470.0,1427.5,1437.5,1938000
2022-06-20,1450.0,1477.5,1425.0,1427.5,1126800
2022-06-21,1445.0,1485.0,1445.0,1467.5,1208000
2022-06-22,1452.5,1465.0,1422.5,1457.5,1040000
2022-06-23,1457.5,1470.0,1445.0,1450.0,501600
2022-06-24,1425.0,1447.5,1422.5,1430.0,540400
2022-06-27,1455.0,1462.5,1402.5,1415.0,574000
2022-06-28,1417.5,1452.5,1415.0,1447.5,791200
2022-06-29,1442.5,1472.5,1435.0,1452.5,1726400
2022-06-30,1420.0,1452.5,1415.0,1445.0,974800
2022-07-01,1450.0,1462.5,1390.0,1390.0,894800
2022-07-04,1412.5,1415.0,1385.0,1392.5,738400
2022-07-05,1405.0,1422.5,1397.5,1420.0,759600
2022-07-06,1412.5,1442.5,1380.0,1382.5,1140400
2022-07-07,1407.5,1412.5,1372.5,1387.5,813600
2022-07-08,1395.0,1417.5,1382.5,1402.5,825600
2022-07-11,1425.0,1445.0,1417.5,1442.5,688800
2022-07-12,1420.0,1427.5,1397.5,1405.0,583600
2022-07-13,1420.0,1422.5,1402.5,1410.0,446800
2022-07-14,1390.0,1390.0,1375.0,1382.5,412400
2022-07-15,1367.5,1370.0,1337.5,1357.5,581600
2022-07-19,1372.5,1375.0,1355.0,1362.5,553200
2022-07-20,1387.5,1400.0,1375.0,1400.0,630400
2022-07-21,1395.0,1412.5,1387.5,1410.0,322800
2022-07-22,1397.5,1407.5,1392.5,1402.5,489600
2022-07-25,1392.5,1405.0,1392.5,1392.5,313600
2022-07-26,1412.5,1425.0,1407.5,1412.5,341600
2022-07-27,1410.0,1417.5,1402.5,1405.0,268400
2022-07-28,1420.0,1420.0,1395.0,1407.5,494000
2022-07-29,1415.0,1420.0,1402.5,1410.0,630800
2022-08-01,1387.5,1417.5,1387.5,1405.0,794400
2022-08-02,1382.5,1390.0,1357.5,1362.5,806800
2022-08-03,1377.5,1377.5,1362.5,1367.5,342400
2022-08-04,1355.0,1355.0,1332.5,1350.0,680000
2022-08-05,1337.5,1350.0,1337.5,1342.5,602000
2022-08-08,1342.5,1365.0,1340.0,1360.0,479600
2022-08-09,1355.0,1362.5,1345.0,1345.0,396000
2022-08-10,1347.5,1355.0,1342.5,1350.0,346000
2022-08-12,1367.5,1402.5,1367.5,1387.5,680800
2022-08-15,1387.5,1397.5,1380.0,1387.5,313200
2022-08-16,1387.5,1392.5,1382.5,1385.0,232000
2022-08-17,1407.5,1427.5,1405.0,1410.0,827600
2022-08-18,1400.0,1405.0,1382.5,1387.5,411600
2022-08-19,1405.0,1405.0,1385.0,1392.5,291600
2022-08-22,1377.5,1387.5,1375.0,1385.0,325600
2022-08-23,1380.0,1380.0,1357.5,1365.0,500000
2022-08-24,1372.5,1390.0,1367.5,1380.0,691600
2022-08-25,1380.0,1390.0,1380.0,1387.5,280400
2022-08-26,1382.5,1400.0,1375.0,1375.0,420800
2022-08-29,1352.5,1372.5,1350.0,1365.0,482000
2022-08-30,1360.0,1370.0,1357.5,1365.0,455200
2022-08-31,1352.5,1377.5,1352.5,1360.0,592400
2022-09-01,1365.0,1375.0,1355.0,1362.5,638000
2022-09-02,1370.0,1372.5,1352.5,1370.0,952400
2022-09-05,1360.0,1365.0,1347.5,1347.5,597600
2022-09-06,1347.5,1355.0,1332.5,1337.5,557600
2022-09-07,1330.0,1337.5,1315.0,1327.5,634000
2022-09-08,1342.5,1357.5,1340.0,1350.0,786800
2022-09-09,1352.5,1357.5,1350.0,1355.0,764000
2022-09-12,1362.5,1362.5,1350.0,1357.5,434400
2022-09-13,1367.5,1375.0,1355.0,1360.0,402000
2022-09-14,1335.0,1345.0,1330.0,1335.0,788800
2022-09-15,1337.5,1350.0,1332.5,1340.0,584000
2022-09-16,1340.0,1375.0,1337.5,1367.5,912800
2022-09-20,1385.0,1397.5,1367.5,1372.5,734000
2022-09-21,1367.5,1387.5,1367.5,1380.0,732400
2022-09-22,1375.0,1377.5,1357.5,1367.5,650800
2022-09-26,1350.0,1357.5,1317.5,1322.5,982800
2022-09-27,1330.0,1337.5,1317.5,1317.5,608800
2022-09-28,1307.5,1322.5,1295.0,1317.5,797200
2022-09-29,1327.5,1345.0,1322.5,1330.0,639200
2022-09-30,1335.0,1337.5,1310.0,1322.5,622400
2022-10-03,1302.5,1307.5,1287.5,1300.0,726000
2022-10-04,1340.0,1350.0,1330.0,1337.5,823200
2022-10-05,1362.5,1375.0,1350.0,1352.5,848000
2022-10-06,1355.0,1380.0,1355.0,1362.5,556400
2022-10-07,1342.5,1372.5,1342.5,1355.0,530000
2022-10-11,1342.5,1370.0,1335.0,1342.5,846400
2022-10-12,1345.0,1352.5,1332.5,1340.0,696800
2022-10-13,1342.5,1355.0,1335.0,1345.0,891600
2022-10-14,1385.0,1405.0,1375.0,1400.0,1116000
2022-10-17,1387.5,1407.5,1365.0,1367.5,710400
2022-10-18,1387.5,1392.5,1375.0,1385.0,439200
2022-10-19,1382.5,1402.5,1382.5,1392.5,452000
2022-10-20,1372.5,1395.0,1370.0,1382.5,510400
2022-10-21,1367.5,1372.5,1347.5,1365.0,569600
2022-10-24,1385.0,1385.0,1367.5,1372.5,489600
2022-10-25,1397.5,1410.0,1392.5,1405.0,1080000
2022-10-26,1410.0,1425.0,1400.0,1422.5,917200
2022-10-27,1405.0,1410.0,1332.5,1332.5,1418000
2022-10-28,1332.5,1350.0,1325.0,1337.5,3498800
2022-10-31,1355.0,1357.5,1327.5,1340.0,859600
2022-11-01,1352.5,1357.5,1322.5,1322.5,578000
2022-11-02,1317.5,1337.5,1315.0,1322.5,519600
2022-11-04,1305.0,1325.0,1302.5,1307.5,705200
2022-11-07,1325.0,1327.5,1307.5,1307.5,282800
2022-11-08,1315.0,1345.0,1315.0,1337.5,591600
2022-11-09,1345.0,1350.0,1330.0,1332.5,283600
2022-11-10,1312.5,1330.0,1312.5,1327.5,302000
2022-11-11,1345.0,1352.5,1340.0,1345.0,614400
2022-11-14,1332.5,1337.5,1317.5,1317.5,342800
2022-11-15,1367.5,1385.0,1342.5,1350.0,1151600
2022-11-16,1350.0,1367.5,1335.0,1357.5,522400
2022-11-17,1355.0,1380.0,1355.0,1380.0,583600
2022-11-18,1387.5,1422.5,1385.0,1395.0,836400
2022-11-21,1395.0,1405.0,1380.0,1400.0,580000
2022-11-22,1392.5,1415.0,1387.5,1412.5,676000
2022-11-24,1422.5,1470.0,1417.5,1470.0,937600
2022-11-25,1470.0,1505.0,1460.0,1500.0,790400
2022-11-28,1520.0,1522.5,1460.0,1472.5,971600
2022-11-29,1447.5,1472.5,1440.0,1457.5,772800
2022-11-30,1450.0,1455.0,1425.0,1425.0,1226400
2022-12-01,1432.5,1435.0,1385.0,1400.0,951200
2022-12-02,1380.0,1390.0,1360.0,1375.0,1322800
2022-12-05,1367.5,1367.5,1340.0,1340.0,814800
2022-12-06,1330.0,1355.0,1330.0,1350.0,595600
2022-12-07,1342.5,1372.5,1340.0,1357.5,976400
2022-12-08,1345.0,1347.5,1320.0,1340.0,800000
2022-12-09,1335.0,1357.5,1335.0,1345.0,507200
2022-12-12,1352.5,1365.0,1350.0,1355.0,532400
2022-12-13,1357.5,1367.5,1347.5,1357.5,392800
2022-12-14,1352.5,1360.0,1350.0,1360.0,284000
2022-12-15,1350.0,1367.5,1350.0,1360.0,340000
2022-12-16,1360.0,1380.0,1342.5,1345.0,1017200
2022-12-19,1337.5,1360.0,1337.5,1355.0,523200
2022-12-20,1365.0,1447.5,1355.0,1405.0,2020800
2022-12-21,1427.5,1485.0,1395.0,1395.0,2786000
2022-12-22,1405.0,1415.0,1385.0,1412.5,1110000
2022-12-23,1407.5,1447.5,1407.5,1445.0,984800
2022-12-26,1460.0,1465.0,1432.5,1450.0,1055600
2022-12-27,1455.0,1490.0,1455.0,1482.5,923600
2022-12-28,1490.0,1512.5,1467.5,1475.0,1000000
2022-12-29,1485.0,1485.0,1450.0,1455.0,866400
2022-12-30,1457.5,1470.0,1452.5,1465.0,555200
2023-01-04,1475.0,1490.0,1440.0,1482.5,917600
2023-01-05,1467.5,1470.0,1435.0,1440.0,865200
2023-01-06,1440.0,1465.0,1427.5,1445.0,716000
2023-01-10,1445.0,1477.5,1435.0,1455.0,842400
2023-01-11,1465.0,1470.0,1442.5,1447.5,703200
2023-01-12,1445.0,1512.5,1442.5,1505.0,1286800
2023-01-13,1525.0,1652.5,1522.5,1625.0,3562400
2023-01-16,1620.0,1630.0,1547.5,1552.5,1910800
2023-01-17,1547.5,1555.0,1507.5,1512.5,1831200
2023-01-18,1515.0,1527.5,1442.5,1525.0,2359600
2023-01-19,1520.0,1537.5,1485.0,1485.0,1726000
2023-01-20,1475.0,1487.5,1465.0,1487.5,944800
2023-01-23,1500.0,1507.5,1487.5,1490.0,751200
2023-01-24,1492.5,1505.0,1482.5,1500.0,691600
2023-01-25,1497.5,1510.0,1480.0,1485.0,623200
2023-01-26,1485.0,1487.5,1470.0,1485.0,581200
2023-01-27,1490.0,1537.5,1482.5,1527.5,1240400
2023-01-30,1512.5,1545.0,1510.0,1530.0,1022800
2023-01-31,1532.5,1537.5,1500.0,1505.0,839200
2023-02-01,1550.0,1577.5,1520.0,1532.5,1916800
2023-02-02,1520.0,1537.5,1502.5,1510.0,860000
2023-02-03,1497.5,1522.5,1492.5,1517.5,1270800
2023-02-06,1517.5,1517.5,1470.0,1497.5,1382400
2023-02-07,1507.5,1537.5,1507.5,1525.0,988400
2023-02-08,1535.0,1552.5,1532.5,1550.0,741200
2023-02-09,1537.5,1555.0,1537.5,1547.5,702400
2023-02-10,1550.0,1577.5,1545.0,1562.5,725600
2023-02-13,1575.0,1600.0,1570.0,1570.0,1512400
2023-02-14,1582.5,1590.0,1572.5,1585.0,611200
2023-02-15,1585.0,1595.0,1577.5,1585.0,573200
2023-02-16,1585.0,1592.5,1575.0,1577.5,836400
2023-02-17,1580.0,1600.0,1577.5,1592.5,623200
2023-02-20,1600.0,1615.0,1595.0,1607.5,664800
2023-02-21,1620.0,1625.0,1612.5,1622.5,813600
2023-02-22,1612.5,1625.0,1602.5,1625.0,972800
2023-02-24,1632.5,1655.0,1602.5,1607.5,1323600
2023-02-27,1617.5,1642.5,1612.5,1637.5,672000
2023-02-28,1637.5,1640.0,1615.0,1625.0,884800
2023-03-01,1630.0,1655.0,1625.0,1642.5,831200
2023-03-02,1657.5,1682.5,1625.0,1645.0,1548000
2023-03-03,1640.0,1655.0,1627.5,1645.0,798400
2023-03-06,1637.5,1647.5,1625.0,1627.5,778800
2023-03-07,1630.0,1675.0,1630.0,1675.0,928800
2023-03-08,1667.5,1675.0,1647.5,1662.5,643200
2023-03-09,1675.0,1742.5,1675.0,1730.0,1328800
2023-03-10,1710.0,1725.0,1650.0,1652.5,2394800
2023-03-13,1627.5,1632.5,1570.0,1590.0,2168400
2023-03-14,1515.0,1532.5,1480.0,1492.5,3201200
2023-03-15,1542.5,1557.5,1517.5,1522.5,1408000
2023-03-16,1475.0,1522.5,1467.5,1522.5,2237600
2023-03-17,1547.5,1557.5,1510.0,1530.0,1677200
2023-03-20,1505.0,1545.0,1502.5,1510.0,1210400
2023-03-22,1560.0,1572.5,1540.0,1542.5,1069600
2023-03-23,1517.5,1542.5,1510.0,1540.0,711200
2023-03-24,1517.5,1550.0,1512.5,1535.0,985600
2023-03-27,1542.5,1542.5,1517.5,1532.5,713600
2023-03-28,1555.0,1565.0,1542.5,1555.0,754800
2023-03-29,1555.0,1577.5,1555.0,1572.5,879200
2023-03-30,1565.0,1570.0,1540.0,1560.0,754000
2023-03-31,1560.0,1572.5,1545.0,1562.5,800800
2023-04-03,1587.5,1617.5,1580.0,1612.5,861600
2023-04-04,1602.5,1607.5,1585.0,1605.0,771200
2023-04-05,1572.5,1575.0,1545.0,1555.0,1046800
2023-04-06,1542.5,1560.0,1537.5,1545.0,623600
2023-04-07,1552.5,1570.0,1552.5,1562.5,516000
2023-04-10,1565.0,1570.0,1552.5,1557.5,433600
2023-04-11,1570.0,1570.0,1542.5,1542.5,693200
2023-04-12,1550.0,1565.0,1540.0,1562.5,745200
2023-04-13,1562.5,1567.5,1550.0,1560.0,582800
2023-04-14,1570.0,1582.5,1562.5,1575.0,933600
2023-04-17,1575.0,1587.5,1570.0,1587.5,533600
2023-04-18,1607.5,1630.0,1607.5,1617.5,736000
2023-04-19,1622.5,1637.5,1610.0,1637.5,705600
2023-04-20,1637.5,1667.5,1637.5,1652.5,714800
2023-04-21,1630.0,1647.5,1625.0,1637.5,564400
2023-04-24,1650.0,1650.0,1617.5,1617.5,503200
2023-04-25,1622.5,1642.5,1620.0,1637.5,539200
2023-04-26,1620.0,1620.0,1595.0,1595.0,741200
2023-04-27,1620.0,1657.5,1612.5,1650.0,1368400
2023-04-28,1670.0,1695.0,1642.5,1662.5,1331200
2023-05-01,1662.5,1675.0,1647.5,1675.0,560400
2023-05-02,1677.5,1677.5,1645.0,1655.0,690400
2023-05-08,1632.5,1650.0,1625.0,1645.0,612000
2023-05-09,1650.0,1675.0,1625.0,1670.0,871200
2023-05-10,1680.0,1700.0,1680.0,1690.0,659600
2023-05-11,1675.0,1692.5,1672.5,1692.5,563200
2023-05-12,1695.0,1697.5,1677.5,1690.0,662400
2023-05-15,1712.5,1725.0,1697.5,1705.0,894800
2023-05-16,1717.5,1720.0,1685.0,1697.5,816400
2023-05-17,1695.0,1700.0,1677.5,1687.5,1266000
2023-05-18,1712.5,1712.5,1687.5,1697.5,821200
2023-05-19,1697.5,1697.5,1675.0,1680.0,843200
2023-05-22,1677.5,1695.0,1675.0,1680.0,896000
2023-05-23,1695.0,1712.5,1685.0,1707.5,1127600
2023-05-24,1720.0,1735.0,1712.5,1712.5,816400
2023-05-25,1702.5,1702.5,1677.5,1682.5,514800
2023-05-26,1687.5,1687.5,1657.5,1657.5,853200
2023-05-29,1665.0,1672.5,1652.5,1652.5,494800
2023-05-30,1647.5,1655.0,1642.5,1650.0,607200
2023-05-31,1630.0,1642.5,1622.5,1632.5,1194800
2023-06-01,1637.5,1670.0,1627.5,1662.5,781200
2023-06-02,1667.5,1677.5,1652.5,1677.5,740800
2023-06-05,1702.5,1711.25,1675.5,1678.75,913600
2023-06-06,1651.25,1659.75,1631.75,1659.5,968000
2023-06-07,1675.0,1675.0,1632.0,1640.0,996800
2023-06-08,1661.0,1663.0,1635.25,1640.25,790000
2023-06-09,1654.75,1672.5,1650.5,1671.75,1150400
2023-06-12,1675.75,1729.25,1675.75,1727.0,823200
2023-06-13,1743.25,1789.75,1739.5,1785.75,1586800
2023-06-14,1816.0,1828.25,1789.5,1797.25,1294000
2023-06-15,1776.5,1810.5,1776.0,1785.0,872800
2023-06-16,1796.25,1804.5,1764.75,1783.0,1425600
2023-06-19,1778.5,1792.0,1765.0,1776.5,598000
2023-06-20,1776.25,1776.25,1745.0,1757.5,650000
2023-06-21,1754.5,1762.5,1745.0,1757.25,551600
2023-06-22,1759.5,1820.0,1759.5,1810.0,685600
2023-06-23,1809.5,1811.25,1759.5,1779.25,601600
2023-06-26,1765.75,1777.25,1752.0,1767.25,452400
2023-06-27,1782.5,1791.0,1754.0,1770.0,521600
2023-06-28,1777.0,1832.5,1777.0,1822.0,774000
2023-06-29,1840.0,1855.0,1800.75,1809.25,716000
2023-06-30,1822.0,1822.0,1785.5,1795.5,733200
2023-07-03,1805.0,1811.25,1796.5,1808.0,430800
2023-07-04,1812.5,1853.75,1812.0,1853.25,792000
2023-07-05,1847.25,1868.75,1831.0,1840.5,666000
2023-07-06,1850.5,1856.0,1825.0,1837.0,718800
2023-07-07,1837.5,1886.75,1828.0,1873.25,944800
2023-07-10,1881.75,1885.75,1828.5,1844.75,1091200
2023-07-11,1862.5,1870.0,1835.0,1835.0,520000
2023-07-12,1857.0,1867.5,1837.0,1850.0,470400
2023-07-13,1851.0,1868.5,1844.75,1854.75,589600
2023-07-14,1865.25,1872.5,1852.5,1856.25,742400
2023-07-18,1880.5,1932.75,1880.0,1906.75,942800
2023-07-19,1937.0,1955.75,1926.0,1946.5,1102800
2023-07-20,1950.5,1957.25,1930.25,1935.5,700000
2023-07-21,1945.0,1945.0,1913.75,1919.0,548000
2023-07-24,1902.5,1921.75,1892.25,1896.75,575600
2023-07-25,1919.0,1930.0,1910.0,1918.25,618800
2023-07-26,1925.0,1949.5,1925.0,1945.5,587600
2023-07-27,1946.5,1979.75,1937.5,1976.25,590000
2023-07-28,1977.0,2032.75,1950.75,2025.0,1837200
2023-07-31,2051.75,2100.75,2051.75,2095.25,2314000
2023-08-01,2057.75,2083.75,2040.5,2070.0,1092000
2023-08-02,2043.5,2077.5,2041.25,2051.5,734400
2023-08-03,2035.75,2042.75,1991.25,1999.0,990800
2023-08-04,1999.75,2058.75,1993.25,2033.0,580000
2023-08-07,2023.75,2042.75,2008.75,2037.0,359600
2023-08-08,2044.5,2057.0,2025.75,2030.75,659600
2023-08-09,2018.25,2018.5,1975.75,1991.0,711200
2023-08-10,1982.0,2000.0,1971.75,1990.0,734000
2023-08-14,2005.5,2007.5,1954.0,1966.0,706000
2023-08-15,1972.0,1995.25,1958.75,1987.75,428400
2023-08-16,1955.25,1962.5,1929.5,1937.5,596000
2023-08-17,1925.0,1950.5,1902.5,1950.0,1400000
2023-08-18,1960.75,1977.0,1950.5,1965.5,484800
2023-08-21,1973.75,1993.0,1950.0,1969.0,877600
2023-08-22,1982.0,2062.25,1971.25,2057.5,961600
2023-08-23,2041.5,2071.25,2037.0,2066.25,741600
2023-08-24,2072.5,2114.5,2065.75,2105.75,994400
2023-08-25,2097.75,2101.0,2075.0,2092.5,780800
2023-08-28,2100.75,2142.5,2099.25,2134.5,647200
2023-08-29,2140.5,2151.5,2112.75,2134.5,956000
2023-08-30,2123.0,2140.0,2116.5,2125.5,1068000
2023-08-31,2088.0,2114.25,2067.5,2105.5,1372000
2023-09-01,2101.5,2136.25,2097.75,2119.75,1082000
2023-09-04,2113.5,2131.5,2105.5,2131.0,1122000
2023-09-05,2144.75,2156.5,2075.25,2099.25,1276800
2023-09-06,2093.25,2136.25,2091.25,2129.75,1021200
2023-09-07,2124.5,2158.25,2111.5,2140.25,1211200
2023-09-08,2111.0,2132.0,2094.75,2099.75,1440800
2023-09-11,2118.25,2177.75,2118.25,2165.75,1146800
2023-09-12,2172.0,2186.0,2136.0,2173.0,1033200
2023-09-13,2172.75,2182.5,2148.0,2167.0,1306800
2023-09-14,2202.75,2206.0,2173.5,2188.5,961600
2023-09-15,2193.75,2221.5,2135.5,2152.5,1240000
2023-09-19,2170.0,2184.75,2150.5,2171.75,749600
2023-09-20,2175.0,2185.25,2110.0,2116.5,1014000
2023-09-21,2096.5,2140.25,2095.25,2104.25,910800
2023-09-22,2080.5,2127.25,2072.5,2117.25,1063200
2023-09-25,2099.25,2099.25,2063.5,2083.25,778800
2023-09-26,2075.25,2118.25,2075.25,2095.5,778400
2023-09-27,2095.25,2133.5,2076.0,2125.75,1138400
2023-09-28,2125.75,2125.75,2125.75,2125.75,0
2023-09-29,2125.75,2125.75,2125.75,2125.75,0
2023-10-02,2143.25,2185.25,2088.25,2159.0,591600
2023-10-03,2159.0,2185.25,2112.5,2114.5,698400
2023-10-04,2090.0,2105.75,2013.5,2037.25,1122800
2023-10-05,2025.0,2088.75,2023.0,2062.0,719200
2023-10-06,2067.25,2106.75,2048.5,2080.0,491600
2023-10-10,2078.0,2158.0,2078.0,2143.75,1086800
2023-10-11,2143.75,2160.5,2131.5,2132.5,476000
2023-10-12,2114.0,2129.0,2096.5,2110.25,688800
2023-10-13,2100.0,2110.75,2037.5,2059.5,598400
2023-10-16,2038.5,2062.5,2023.25,2062.5,576000
2023-10-17,2068.0,2084.75,2038.75,2047.5,556000
2023-10-18,2064.75,2116.25,2054.5,2106.75,634400
2023-10-19,2107.0,2136.25,2085.0,2114.0,608400
2023-10-20,2132.5,2171.5,2103.5,2115.25,811600
2023-10-23,2142.5,2174.25,2116.25,2150.0,823600
2023-10-24,2162.75,2172.5,2084.5,2160.0,791200
2023-10-25,2150.0,2220.0,2148.75,2187.75,695200
2023-10-26,2172.5,2192.25,2152.5,2162.5,647200
2023-10-27,2140.0,2176.75,2121.0,2140.75,975600
2023-10-30,2103.25,2131.0,2052.5,2061.0,1036800
2023-10-31,2095.5,2158.75,2083.75,2127.5,1164400
2023-11-01,2161.75,2191.5,2127.5,2190.5,873600
2023-11-02,2218.5,2244.75,2180.5,2215.75,818800
2023-11-06,2245.0,2245.0,2185.75,2188.25,687600
2023-11-07,2180.0,2195.25,2136.0,2146.0,742400
2023-11-08,2128.0,2128.0,1988.5,2035.25,1919200
2023-11-09,2026.25,2082.75,2000.0,2063.5,1076400
2023-11-10,2070.0,2082.5,2042.5,2070.25,460000
2023-11-13,2073.0,2088.0,2046.25,2065.75,600400
2023-11-14,2137.5,2169.75,2089.75,2167.5,1715600
2023-11-15,2175.0,2181.0,2120.0,2142.75,1250000
2023-11-16,2125.75,2138.5,2112.5,2121.75,1166000
2023-11-17,2116.25,2201.75,2110.0,2191.0,1344400
2023-11-20,2165.25,2212.5,2165.25,2170.0,1059200
2023-11-21,2162.5,2182.75,2151.25,2170.0,701600
2023-11-22,2170.0,2233.5,2169.75,2223.0,592800
2023-11-24,2218.0,2229.5,2202.5,2227.5,396800
2023-11-27,2227.5,2297.5,2215.0,2281.75,710800
2023-11-28,2257.5,2293.5,2257.5,2293.5,776800
2023-11-29,2275.25,2294.0,2208.75,2217.5,859200
2023-11-30,2225.75,2227.0,2170.25,2212.25,1258400
2023-12-01,2224.5,2237.5,2203.75,2212.5,548000
2023-12-04,2192.25,2205.25,2169.5,2183.5,844400
2023-12-05,2172.0,2200.0,2157.75,2159.75,1048000
2023-12-06,2159.75,2193.0,2155.0,2189.75,689600
2023-12-07,2167.5,2206.25,2166.25,2206.25,639200
2023-12-08,2206.25,2288.75,2206.25,2236.25,1172800
2023-12-11,2273.75,2307.5,2246.75,2262.75,996800
2023-12-12,2272.5,2281.0,2244.5,2255.25,918000
2023-12-13,2248.25,2286.75,2244.5,2276.0,566000
2023-12-14,2266.0,2268.75,2178.75,2179.25,1148800
2023-12-15,2168.5,2174.75,2132.5,2150.0,1708400
2023-12-18,2118.0,2128.75,2081.0,2115.25,1598400
2023-12-19,2137.5,2137.5,2096.25,2121.5,1264000
2023-12-20,2120.0,2167.75,2107.5,2150.0,773600
2023-12-21,2125.0,2147.75,2115.5,2136.5,701600
2023-12-22,2135.0,2175.0,2132.25,2170.25,564800
2023-12-25,2186.25,2194.25,2165.75,2175.5,428400
2023-12-26,2196.5,2203.75,2172.5,2192.75,610000
2023-12-27,2211.75,2239.75,2206.25,2233.25,582800
2023-12-28,2206.5,2248.5,2202.5,2221.0,463900
2023-12-29,2216.5,2242.5,2190.0,2196.5,410800
2024-01-04,2195.0,2204.5,2144.0,2194.0,598500
2024-01-05,2209.5,2235.0,2203.0,2225.0,607800
2024-01-09,2223.5,2239.5,2188.0,2211.0,641000
2024-01-10,2202.5,2278.0,2202.5,2255.5,679000
2024-01-11,2280.0,2344.0,2280.0,2320.5,727800
2024-01-12,2338.0,2363.5,2315.5,2320.5,598700
2024-01-15,2320.5,2337.0,2320.5,2331.0,54200
2024-01-16,2377.0,2377.0,2305.0,2327.0,742100
2024-01-17,2339.0,2374.0,2331.0,2331.5,769000
2024-01-18,2325.0,2332.5,2306.0,2328.5,481800
2024-01-19,2328.5,2331.5,2308.5,2319.0,668300
2024-01-22,2342.0,2343.0,2317.5,2335.0,524400
2024-01-23,2332.5,2358.5,2309.0,2315.0,555800
2024-01-24,2300.0,2382.5,2290.0,2373.5,912200
2024-01-25,2400.0,2436.0,2369.5,2397.5,723900
2024-01-26,2367.0,2399.5,2351.5,2369.0,617600
2024-01-29,2394.0,2458.0,2387.0,2434.5,483600
2024-01-30,2450.0,2455.0,2418.5,2418.5,630800
2024-01-31,2438.0,2476.0,2397.5,2468.0,655400
2024-02-01,2467.5,2553.5,2460.0,2515.0,1288600
2024-02-02,2500.0,2500.0,2432.0,2448.0,1221800
2024-02-05,2458.5,2483.0,2438.5,2455.5,696500
2024-02-06,2434.0,2448.0,2411.0,2411.0,665000
2024-02-07,2398.0,2436.0,2378.0,2436.0,399900
2024-02-08,2421.0,2430.0,2390.0,2390.0,750000
2024-02-09,2373.5,2398.0,2338.0,2375.0,668600
2024-02-13,2369.5,2391.0,2339.0,2386.5,827500
2024-02-14,2386.0,2392.0,2363.0,2366.0,735800
2024-02-15,2384.0,2391.0,2302.0,2331.5,769800
2024-02-16,2380.0,2436.5,2367.5,2406.5,846000
2024-02-19,2420.5,2534.5,2420.5,2532.0,1004100
2024-02-20,2532.0,2545.5,2482.0,2524.0,899200
2024-02-21,2525.0,2605.0,2505.5,2591.0,929700
2024-02-22,2610.0,2648.0,2606.0,2632.0,835200
2024-02-26,2643.0,2654.0,2604.0,2614.0,854700
2024-02-27,2613.0,2685.0,2613.0,2641.5,724900
2024-02-28,2668.5,2722.5,2637.0,2655.0,742200
2024-02-29,2640.0,2646.5,2613.0,2615.5,705200
2024-03-01,2644.0,2688.0,2629.0,2682.5,648800
2024-03-04,2697.0,2742.0,2654.0,2724.0,920100
2024-03-05,2702.5,2759.5,2681.0,2742.5,602400
2024-03-06,2730.5,2765.0,2715.0,2752.0,746400
2024-03-07,2788.5,2870.0,2772.0,2834.0,1067100
2024-03-08,2836.0,2931.5,2788.5,2899.0,1412300
2024-03-11,2866.0,2868.0,2768.5,2809.5,1148300
2024-03-12,2764.0,2787.0,2722.0,2739.5,859800
2024-03-13,2807.5,2824.5,2644.0,2703.5,1046900
2024-03-14,2736.0,2740.0,2655.5,2682.0,1021900
2024-03-15,2672.5,2730.5,2659.0,2718.0,866900
2024-03-18,2757.5,2771.5,2724.5,2753.0,583700
2024-03-19,2745.0,2773.0,2711.0,2756.0,708900
2024-03-21,2783.5,2907.5,2777.0,2886.5,1870100
2024-03-22,2890.0,2907.5,2861.0,2887.0,832000
2024-03-25,2858.5,2858.5,2778.5,2785.0,914600
2024-03-26,2779.0,2808.0,2756.0,2789.0,985700
2024-03-27,2795.0,2858.5,2789.5,2839.0,1045100
2024-03-28,2791.0,2815.5,2721.5,2721.5,1036100
2024-03-29,2740.0,2768.5,2719.5,2753.0,293800
2024-04-01,2771.5,2782.5,2710.0,2733.0,517800
2024-04-02,2723.0,2745.0,2677.5,2693.5,904500
2024-04-03,2657.5,2726.5,2649.0,2714.5,584000
2024-04-04,2738.0,2808.0,2715.0,2777.0,716300
2024-04-05,2730.0,2734.0,2692.0,2733.0,618000
2024-04-08,2735.0,2742.0,2703.0,2716.0,540000
2024-04-09,2739.0,2756.5,2697.5,2727.5,542300
2024-04-10,2686.5,2716.0,2671.0,2671.0,515000
2024-04-11,2621.0,2715.0,2621.0,2704.5,700400
2024-04-12,2718.0,2762.0,2704.5,2749.0,537200
2024-04-15,2732.5,2765.0,2717.5,2758.0,524600
2024-04-16,2745.5,2790.0,2698.5,2702.0,910700
2024-04-17,2705.0,2715.0,2655.0,2675.0,679600
2024-04-18,2693.0,2780.5,2691.0,2771.5,617800
2024-04-19,2746.5,2768.5,2655.5,2694.0,951000
2024-04-22,2764.0,2819.5,2732.0,2768.5,957300
2024-04-23,2795.0,2800.0,2745.0,2762.5,680800
2024-04-24,2760.5,2776.5,2725.0,2759.5,729200
2024-04-25,2758.0,2780.0,2740.0,2761.5,534000
2024-04-26,2795.5,2846.0,2776.5,2816.0,907000
2024-04-30,2800.0,2813.5,2781.0,2812.0,691200
2024-05-01,2808.5,2838.5,2781.5,2805.5,591800
2024-05-02,2801.5,2825.0,2794.5,2801.0,496300
2024-05-07,2800.0,2801.0,2749.0,2787.5,561500
2024-05-08,2771.0,2792.5,2734.0,2754.5,398200
2024-05-09,2777.0,2791.0,2753.0,2768.0,347200
2024-05-10,2792.5,2820.0,2780.0,2820.0,481400
2024-05-13,2810.0,2860.0,2801.0,2846.0,634200
2024-05-14,2826.5,2869.0,2803.0,2860.5,828600
2024-05-15,2670.0,2697.0,2605.5,2632.0,2375600
2024-05-16,2635.0,2676.5,2595.0,2623.0,970100
2024-05-17,2625.0,2659.0,2588.0,2653.5,781200
2024-05-20,2653.5,2668.5,2617.5,2640.0,700200
2024-05-21,2665.0,2689.5,2648.0,2684.0,912600
2024-05-22,2700.0,2723.5,2655.0,2655.0,742900
2024-05-23,2645.0,2648.0,2619.0,2638.5,570800
2024-05-24,2619.0,2646.5,2619.0,2629.0,526900
2024-05-27,2617.0,2633.0,2610.5,2631.0,336800
2024-05-28,2635.5,2688.0,2623.0,2687.5,875400
2024-05-29,2687.5,2740.0,2668.5,2697.0,922700
2024-05-30,2678.0,2742.5,2652.0,2725.0,868800
2024-05-31,2725.0,2819.5,2721.5,2817.5,1220600
2024-06-03,2845.5,2865.0,2823.0,2843.0,668600
2024-06-04,2812.0,2845.5,2762.0,2792.5,636000
2024-06-05,2711.0,2740.0,2671.0,2723.0,871000
2024-06-06,2721.0,2757.0,2676.0,2712.5,751800
2024-06-07,2712.0,2739.5,2668.0,2675.5,514900
2024-06-10,2653.5,2683.5,2649.5,2681.0,655100
2024-06-11,2680.0,2725.0,2645.0,2650.0,658200
2024-06-12,2631.0,2655.0,2616.5,2640.0,427300
2024-06-13,2650.0,2655.0,2597.0,2597.0,443300
2024-06-14,2582.5,2613.5,2565.5,2605.0,898600
2024-06-17,2604.5,2612.5,2550.0,2557.5,386600
2024-06-18,2594.0,2594.0,2550.5,2577.5,454000
2024-06-19,2592.5,2672.0,2588.5,2661.0,448400
2024-06-20,2661.0,2764.0,2655.0,2739.0,1141200
2024-06-21,2778.0,2812.0,2735.0,2788.5,1491900
2024-06-24,2788.5,2798.5,2719.0,2741.0,798100
2024-06-25,2742.0,2820.0,2742.0,2820.0,817700
2024-06-26,2831.0,2908.0,2831.0,2896.0,1272700
2024-06-27,2889.0,2890.5,2843.5,2887.5,825900
2024-06-28,2887.5,2925.5,2850.0,2854.0,1186400
2024-07-01,2888.5,2895.5,2804.0,2848.0,1137600
2024-07-02,2834.0,2909.5,2833.0,2883.5,917400
2024-07-03,2884.0,2890.0,2853.5,2872.0,520200
2024-07-04,2880.0,2889.5,2838.0,2889.5,718500
2024-07-05,2888.0,2888.0,2793.5,2798.5,578700
2024-07-08,2820.0,2820.0,2733.5,2766.0,654100
2024-07-09,2755.0,2855.0,2755.0,2820.5,870100
2024-07-10,2806.5,2893.0,2806.5,2888.0,723500
2024-07-11,2922.0,2949.0,2891.0,2898.0,664200
2024-07-12,2850.0,2888.0,2836.5,2884.5,637200
2024-07-16,2878.5,2949.0,2851.0,2895.5,802000
2024-07-17,2945.5,2962.5,2925.0,2935.0,472500
2024-07-18,2885.0,2954.0,2880.0,2929.5,575300
2024-07-19,2901.0,2915.5,2860.5,2864.5,498300
2024-07-22,2870.0,2886.0,2815.0,2816.0,392800
2024-07-23,2820.0,2841.5,2804.5,2829.0,409900
2024-07-24,2848.0,2855.5,2755.0,2790.0,794000
2024-07-25,2760.0,2774.0,2693.5,2705.0,746300
2024-07-26,2700.0,2714.5,2659.0,2659.0,477900
2024-07-29,2701.0,2766.0,2668.0,2761.5,513900
2024-07-30,2711.5,2751.5,2693.5,2712.5,683600
2024-07-31,2708.0,2862.0,2680.0,2840.0,1221000
2024-08-01,2800.0,2905.5,2703.0,2729.0,1476300
2024-08-02,2610.5,2648.0,2440.0,2445.0,1513000
2024-08-05,2199.0,2213.0,1985.5,2039.5,1769200
2024-08-06,2289.5,2345.0,2151.5,2210.5,2784300
2024-08-07,2160.5,2428.0,2155.5,2357.0,1110500
2024-08-08,2333.0,2370.0,2239.0,2245.0,935900
2024-08-09,2329.5,2332.0,2260.0,2314.0,749500
2024-08-13,2346.0,2376.5,2323.5,2366.5,614500
2024-08-14,2395.0,2448.0,2367.5,2386.0,539600
2024-08-15,2389.5,2460.5,2389.5,2449.0,597000
2024-08-16,2503.5,2558.5,2487.5,2536.0,670800
2024-08-19,2515.0,2546.0,2476.0,2476.0,476700
2024-08-20,2512.0,2512.0,2459.5,2489.5,631000
2024-08-21,2450.0,2488.0,2430.0,2473.0,333000
2024-08-22,2426.0,2440.5,2390.5,2409.0,672600
2024-08-23,2362.0,2406.0,2351.0,2383.0,728600
2024-08-26,2359.0,2374.5,2305.5,2330.0,537700
2024-08-27,2330.5,2342.0,2301.0,2326.0,520700
2024-08-28,2325.0,2325.0,2299.5,2319.5,409600
2024-08-29,2337.5,2337.5,2288.0,2295.0,544000
2024-08-30,2295.0,2313.0,2282.5,2310.0,625600
2024-09-02,2310.0,2324.0,2271.0,2303.0,769800
2024-09-03,2310.0,2335.5,2299.5,2315.0,1110100
2024-09-04,2248.5,2284.0,2230.5,2234.0,1104000
2024-09-05,2134.0,2240.0,2131.0,2208.0,1512800
2024-09-06,2212.0,2229.0,2193.0,2227.0,821000
2024-09-09,2140.5,2203.5,2140.5,2183.0,627900
2024-09-10,2171.5,2217.5,2171.5,2186.0,649000
2024-09-11,2158.5,2188.5,2119.0,2127.0,822800
2024-09-12,2151.0,2178.5,2127.5,2155.0,797500
2024-09-13,2132.0,2161.0,2129.0,2134.0,881400
2024-09-17,2148.0,2155.0,2063.0,2115.0,898700
2024-09-18,2144.0,2151.5,2098.0,2125.0,628300
2024-09-19,2174.0,2189.0,2150.0,2153.0,689500
2024-09-20,2197.0,2209.0,2177.0,2178.0,1169800
2024-09-24,2205.5,2209.5,2145.0,2145.5,1060700
2024-09-25,2124.5,2143.5,2096.5,2124.0,1274000
2024-09-26,2142.0,2195.0,2129.0,2189.0,862900
2024-09-27,2171.0,2194.5,2156.5,2175.0,862700
2024-09-30,2191.5,2244.5,2180.0,2204.5,1345000
2024-10-01,2210.0,2252.0,2187.5,2217.5,678300
2024-10-02,2200.0,2226.5,2167.5,2184.5,966000
2024-10-03,2222.0,2227.5,2181.5,2220.5,858400
2024-10-04,2230.0,2265.0,2228.0,2237.5,785900
2024-10-07,2299.0,2363.0,2285.0,2334.5,1121800
2024-10-08,2296.0,2303.5,2235.5,2251.0,904300
2024-10-09,2267.5,2275.0,2229.0,2233.0,380800
2024-10-10,2272.0,2274.5,2248.0,2257.5,422900
2024-10-11,2264.5,2282.5,2257.0,2265.0,795200
2024-10-15,2300.0,2315.0,2282.5,2300.0,1061700
2024-10-16,2272.5,2298.0,2256.0,2259.0,651000
2024-10-17,2294.0,2320.0,2279.5,2288.0,758700
2024-10-18,2318.0,2341.0,2292.5,2335.5,646500
2024-10-21,2336.0,2336.0,2298.5,2314.5,731800
2024-10-22,2311.0,2326.5,2273.0,2286.5,588500
2024-10-23,2281.5,2286.5,2257.0,2261.0,373000
2024-10-24,2247.5,2295.5,2241.0,2262.5,735500
2024-10-25,2235.5,2246.5,2214.0,2230.0,506700
2024-10-28,2198.0,2269.0,2190.5,2252.0,699300
2024-10-29,2266.0,2294.5,2262.0,2272.5,429100
2024-10-30,2278.0,2304.0,2271.5,2278.5,879300
2024-10-31,2280.0,2297.5,2258.0,2267.5,758400
2024-11-01,2243.5,2298.5,2231.5,2251.5,490300
2024-11-05,2246.5,2271.5,2222.0,2248.0,391100
2024-11-06,2260.0,2347.0,2260.0,2343.5,642700
2024-11-07,2416.0,2435.0,2352.0,2369.5,1503200
2024-11-08,2356.0,2381.0,2343.5,2371.5,535600
2024-11-11,2350.0,2381.0,2338.0,2374.5,619900
2024-11-12,2400.0,2436.0,2378.0,2384.0,731600
2024-11-13,2408.0,2420.5,2365.0,2371.0,929600
2024-11-14,2378.0,2412.5,2376.0,2398.5,939400
2024-11-15,2381.0,2382.5,2327.5,2327.5,1464800
2024-11-18,2328.0,2339.5,2272.0,2274.5,1177800
2024-11-19,2290.5,2315.0,2244.5,2250.5,1016100
2024-11-20,2230.0,2244.5,2218.0,2220.0,664800
2024-11-21,2205.0,2264.5,2204.5,2264.5,1168000
2024-11-22,2271.0,2277.0,2246.5,2267.0,702200
2024-11-25,2300.0,2306.0,2274.5,2300.5,1298300
2024-11-26,2280.0,2290.0,2232.0,2256.5,926400
2024-11-27,2250.0,2255.0,2209.5,2221.0,944500
2024-11-28,2217.0,2260.0,2217.0,2250.0,441200
2024-11-29,2264.5,2278.5,2242.0,2258.5,437600
2024-12-02,2300.0,2369.0,2285.0,2369.0,945900
2024-12-03,2386.0,2416.5,2365.0,2379.0,901900
2024-12-04,2380.0,2397.5,2347.5,2347.5,521100
2024-12-05,2333.5,2343.0,2296.0,2329.0,688300
2024-12-06,2335.0,2347.5,2321.0,2339.5,401800
2024-12-09,2345.0,2352.0,2303.0,2337.5,539100
2024-12-10,2361.0,2368.0,2317.5,2328.0,455200
2024-12-11,2334.0,2334.5,2313.0,2328.5,442600
2024-12-12,2360.0,2362.0,2330.0,2334.0,578500
2024-12-13,2304.0,2329.5,2278.0,2290.5,893400
2024-12-16,2280.0,2292.0,2262.5,2273.0,845500
2024-12-17,2273.0,2302.5,2265.0,2269.5,704300
2024-12-18,2249.0,2265.0,2226.0,2234.0,891700
2024-12-19,2217.0,2254.5,2206.5,2228.5,914000
2024-12-20,2250.0,2255.0,2204.5,2211.5,1826800
2024-12-23,2217.0,2264.0,2211.0,2258.5,626200
2024-12-24,2279.5,2309.5,2277.0,2303.0,524200
2024-12-25,2300.0,2300.0,2254.0,2280.5,460700
2024-12-26,2279.0,2291.5,2264.5,2291.5,458400
2024-12-27,2299.5,2322.0,2299.0,2320.0,487900
2024-12-30,2331.5,2350.0,2313.0,2320.0,442100
2025-01-06,2315.0,2322.0,2274.0,2301.0,893300
2025-01-07,2301.5,2308.5,2276.5,2292.0,527700
2025-01-08,2290.0,2326.5,2286.5,2315.5,961500
2025-01-09,2309.0,2316.5,2277.0,2277.0,595800
2025-01-10,2266.0,2274.0,2223.0,2228.0,547000
2025-01-14,2210.0,2239.0,2195.0,2204.5,740600
2025-01-15,2218.0,2247.0,2207.0,2236.0,522800
2025-01-16,2245.0,2283.5,2243.0,2272.0,589300
2025-01-17,2272.0,2294.0,2222.0,2270.5,1077200
2025-01-20,2300.0,2307.5,2279.5,2295.0,514500
2025-01-21,2315.0,2325.0,2259.0,2274.5,681200
2025-01-22,2300.0,2305.0,2280.5,2282.5,498300
2025-01-23,2271.0,2292.0,2253.5,2282.0,622200
2025-01-24,2300.0,2309.0,2258.0,2278.5,1142000
2025-01-27,2286.0,2301.5,2252.5,2269.5,1087200
2025-01-28,2243.5,2292.0,2240.0,2280.0,1010000
2025-01-29,2272.5,2303.5,2257.0,2296.0,983800
2025-01-30,2296.5,2330.0,2292.0,2319.5,1041400
2025-01-31,2353.5,2353.5,2310.5,2344.0,937300
2025-02-03,2200.0,2275.0,2164.0,2164.0,2372100
2025-02-04,2180.0,2201.5,2147.0,2149.0,1739400
2025-02-05,2147.0,2189.0,2142.5,2170.0,1258700
2025-02-06,2176.0,2193.5,2169.0,2175.0,959900
2025-02-07,2172.0,2172.0,2147.0,2154.5,759700
2025-02-10,2054.5,2162.0,2054.5,2141.0,4628200
2025-02-12,2135.0,2188.5,2134.0,2159.0,2386900
2025-02-13,2148.0,2170.5,2138.0,2138.0,1545700
2025-02-14,2136.0,2174.0,2134.5,2165.5,1920900
2025-02-17,2158.0,2186.0,2147.5,2155.0,2241600
2025-02-18,2154.5,2181.5,2143.0,2151.0,5901500
2025-02-19,2180.0,2242.5,2170.5,2179.0,7444200
2025-02-20,2160.5,2172.0,2111.0,2133.5,2873900
2025-02-21,2125.0,2182.0,2125.0,2157.5,2261200
2025-02-25,2136.0,2153.5,2114.5,2129.5,2006200
2025-02-26,2111.0,2177.0,2111.0,2168.5,11736700
2025-02-27,2180.5,2203.0,2161.5,2187.5,2746000
2025-02-28,2170.0,2186.0,2143.5,2162.0,2535500
2025-03-03,2180.0,2198.5,2155.0,2191.0,1933700
2025-03-04,2189.0,2219.5,2166.0,2195.5,1586800
2025-03-05,2200.0,2235.0,2186.5,2193.5,2170300
2025-03-06,2198.0,2230.5,2186.0,2230.5,1454300
2025-03-07,2222.0,2240.0,2197.0,2240.0,1356000
2025-03-10,2240.0,2240.0,2181.0,2207.0,1369800
2025-03-11,2180.5,2205.5,2140.0,2205.5,1590500
2025-03-12,2214.0,2267.5,2210.5,2264.5,1485200
2025-03-13,2280.0,2323.0,2271.5,2292.5,1561400
2025-03-14,2300.0,2364.0,2293.5,2356.5,1896700
2025-03-17,2380.0,2395.0,2360.5,2365.5,1152900
2025-03-18,2375.0,2384.0,2350.0,2378.0,1310600
2025-03-19,2365.0,2374.0,2341.0,2350.0,1227400
2025-03-21,2351.0,2428.0,2351.0,2428.0,1661100
2025-03-24,2420.0,2422.0,2386.5,2412.5,1076400
2025-03-25,2398.5,2407.5,2340.5,2359.0,1012400
2025-03-26,2379.0,2396.0,2343.5,2383.0,1047300
2025-03-27,2375.5,2452.5,2372.0,2451.0,1981800
2025-03-28,2425.0,2434.5,2363.0,2370.0,1376200
2025-03-31,2290.0,2307.5,2240.0,2275.5,1432200
2025-04-01,2309.0,2327.0,2249.5,2258.5,1277100
2025-04-02,2264.5,2271.0,2225.5,2261.0,894300
2025-04-03,2161.0,2209.0,2143.0,2172.5,2403200
2025-04-04,2093.0,2108.5,1961.0,2032.0,3032300
2025-04-07,1832.0,1897.5,1788.5,1829.5,2837700
2025-04-08,1920.5,2024.0,1920.0,1972.0,1698100
2025-04-09,1932.0,1963.0,1872.0,1895.0,1772100
2025-04-10,2095.0,2095.0,2033.5,2066.5,1165900
2025-04-11,2016.5,2017.0,1945.0,1988.5,1238900
2025-04-14,1999.5,2038.0,1988.5,2017.5,611300
2025-04-15,2024.0,2043.5,2022.0,2023.0,512900
2025-04-16,2073.0,2149.0,2059.5,2084.0,2480500
2025-04-17,2080.5,2169.0,2073.0,2157.5,1355600
2025-04-18,2182.5,2231.5,2182.5,2218.0,1049200
2025-04-21,2199.0,2212.5,2176.0,2188.5,794700
2025-04-22,2201.5,2218.5,2182.5,2218.5,672900
2025-04-23,2318.5,2357.0,2284.0,2350.5,2524800
2025-04-24,2400.0,2420.0,2355.5,2370.0,1523400
2025-04-25,2391.5,2412.0,2376.5,2396.0,1319100
2025-04-28,2400.0,2439.0,2395.5,2418.0,1084600
2025-04-30,2424.0,2441.0,2397.5,2441.0,1667600
2025-05-01,2423.0,2437.0,2335.5,2337.0,1663700
2025-05-02,2328.0,2363.0,2264.0,2268.0,2034900
2025-05-07,2273.0,2348.0,2273.0,2334.5,1276200
2025-05-08,2372.0,2416.5,2345.5,2406.5,2092900
2025-05-09,2455.0,2522.5,2438.5,2494.0,2017700
2025-05-12,2499.5,2538.5,2479.0,2504.0,1514900
2025-05-13,2584.0,2614.0,2524.5,2533.0,1575100
2025-05-14,2530.0,2566.5,2501.5,2555.5,960900
2025-05-15,2537.5,2538.5,2472.0,2491.5,1511000
2025-05-16,2480.5,2480.5,2387.5,2418.0,1988800
2025-05-19,2379.5,2398.5,2345.5,2396.5,1554000
2025-05-20,2419.5,2438.0,2405.0,2422.5,891800
2025-05-21,2452.5,2492.5,2450.0,2473.5,811700
2025-05-22,2440.0,2475.0,2433.5,2457.5,672700
2025-05-23,2483.5,2496.0,2465.5,2467.5,595500
2025-05-26,2470.0,2481.5,2429.5,2440.0,599600
2025-05-27,2425.0,2447.0,2416.0,2441.0,435400
2025-05-28,2435.0,2443.0,2411.5,2425.0,862800
2025-05-29,2425.0,2438.5,2411.0,2416.0,1225900
2025-05-30,2390.5,2425.0,2379.0,2414.0,1135000
2025-06-02,2410.0,2450.0,2410.0,2449.0,638000
2025-06-03,2450.0,2458.0,2418.0,2445.0,674100
2025-06-04,2455.0,2467.0,2441.0,2444.5,571500
2025-06-05,2412.0,2430.0,2398.5,2422.0,622400
2025-06-06,2422.0,2436.0,2418.5,2423.0,491100
2025-06-09,2430.0,2440.0,2423.0,2440.0,454500
2025-06-10,2445.0,2453.0,2421.0,2428.5,733400
2025-06-11,2428.0,2433.5,2404.0,2426.5,473500
2025-06-12,2424.0,2435.0,2413.0,2425.5,470100
2025-06-13,2430.0,2434.5,2405.0,2432.0,859600
2025-06-16,2453.0,2485.0,2438.5,2453.0,674000
2025-06-17,2490.0,2493.0,2462.0,2475.0,672000
2025-06-18,2460.0,2523.5,2460.0,2512.0,1197800
2025-06-19,2555.0,2594.0,2532.5,2588.0,1462300
2025-06-20,2588.0,2605.5,2573.0,2588.0,3699000
2025-06-23,2570.0,2588.5,2554.5,2568.5,860400
2025-06-24,2584.0,2594.5,2557.5,2560.0,690400
2025-06-25,2560.0,2572.5,2546.5,2565.0,688700
2025-06-26,2565.0,2575.0,2559.0,2569.0,804100
2025-06-27,2565.5,2594.5,2554.5,2562.0,982900
2025-06-30,2569.0,2592.5,2562.5,2582.0,831200
2025-07-01,2563.0,2589.0,2549.0,2580.0,728700
2025-07-02,2556.5,2598.0,2556.5,2596.5,677200
2025-07-03,2613.5,2651.5,2612.5,2622.0,1083600
2025-07-04,2631.0,2662.5,2626.5,2645.5,712100
2025-07-07,2621.5,2641.5,2609.0,2639.5,620700
2025-07-08,2622.0,2669.5,2620.0,2660.5,902600
2025-07-09,2657.5,2712.0,2649.5,2698.5,944300
2025-07-10,2700.0,2701.5,2658.0,2682.5,838700
2025-07-11,2698.0,2749.5,2696.5,2721.5,722200
2025-07-14,2723.0,2731.5,2705.5,2719.0,550000
2025-07-15,2734.5,2764.5,2700.5,2712.5,586500
2025-07-16,2705.0,2720.5,2686.0,2699.0,689500
2025-07-17,2690.5,2710.0,2682.5,2703.0,698800
2025-07-18,2708.0,2727.0,2706.5,2715.5,488300
2025-07-22,2720.0,2720.0,2673.5,2689.5,609400
2025-07-23,2733.5,2779.0,2712.0,2756.5,1063000
2025-07-24,2800.0,2849.0,2791.5,2819.5,1081100
2025-07-25,2829.0,2850.5,2815.0,2837.5,989500
2025-07-28,2817.5,2820.0,2731.0,2731.0,764500
2025-07-29,2702.0,2722.0,2696.5,2709.5,838900
2025-07-30,2692.5,2721.5,2682.5,2710.0,945400
2025-07-31,2713.0,2752.0,2712.0,2743.0,902700
2025-08-01,2693.0,2715.0,2666.0,2706.0,906500
2025-08-04,2638.0,2676.5,2624.5,2675.0,1049700
2025-08-05,2690.0,2753.5,2676.0,2728.0,893800
2025-08-06,2724.0,2747.5,2714.0,2734.0,762500
2025-08-07,2734.0,2794.0,2734.0,2759.0,689300
2025-08-08,2764.0,2817.0,2755.5,2792.5,772300
2025-08-12,2830.0,2845.5,2804.0,2839.0,884700
2025-08-13,2839.0,2855.0,2808.5,2821.5,676400
2025-08-14,2800.5,2827.0,2785.0,2827.0,585900
2025-08-15,2850.0,2922.5,2840.0,2914.5,1023200
2025-08-18,2896.5,2916.5,2860.0,2870.0,731200
2025-08-19,2875.5,2895.0,2842.0,2863.0,604000
2025-08-20,2870.0,2920.0,2863.5,2887.5,700400
2025-08-21,2898.5,2905.0,2866.0,2873.5,362800
2025-08-22,2898.5,2945.0,2887.5,2938.5,548800
2025-08-25,2980.0,3022.0,2932.5,2940.0,599900
2025-08-26,2940.5,2944.5,2893.0,2906.5,600600
2025-08-27,2916.0,2923.0,2892.5,2898.5,439000
2025-08-28,2899.5,2952.0,2897.0,2942.0,608100
2025-08-29,2931.0,2967.5,2928.0,2936.5,534000
2025-09-01,2936.5,2965.5,2902.5,2910.5,387800
2025-09-02,2927.0,2975.5,2907.0,2960.0,401700
2025-09-03,2959.0,2960.0,2847.0,2878.5,789700
2025-09-04,2870.0,2907.0,2853.0,2872.5,892800
2025-09-05,2895.0,2916.5,2880.0,2903.0,732400
2025-09-08,2903.5,2912.0,2883.0,2907.5,563000
2025-09-09,2914.0,2943.5,2903.5,2927.0,561300
2025-09-10,2927.0,2992.0,2917.0,2992.0,621000
2025-09-11,2991.0,3011.0,2936.0,2937.0,522800
2025-09-12,2951.0,2956.0,2924.5,2949.0,779300
2025-09-16,2961.0,3012.0,2952.5,2986.5,648900
2025-09-17,2979.0,3018.0,2948.5,2993.0,973800
2025-09-18,3020.0,3042.0,2978.0,3015.0,764100
2025-09-19,3050.0,3079.0,3011.0,3040.0,2135200
2025-09-22,3030.0,3099.0,3029.0,3084.0,672200
2025-09-24,3089.0,3106.0,3037.0,3047.0,1053600
2025-09-25,3076.0,3085.0,3048.0,3080.0,851500
2025-09-26,3150.0,3233.0,3092.0,3223.0,1705000
2025-09-29,3200.0,3202.0,3111.0,3114.0,1546500
2025-09-30,3139.0,3163.0,3069.0,3146.0,1282900
2025-10-01,3140.0,3147.0,3075.0,3122.0,926700
2025-10-02,3121.0,3140.0,3083.0,3103.0,532400
2025-10-03,3107.0,3157.0,3107.0,3140.0,607500
2025-10-06,3190.0,3190.0,3071.0,3134.0,1296900
2025-10-07,3175.0,3197.0,3146.0,3149.0,679100
2025-10-08,3171.0,3214.0,3139.0,3144.0,509900
2025-10-09,3140.0,3177.0,3135.0,3177.0,511800
2025-10-10,3140.0,3150.0,3052.0,3057.0,752500
2025-10-14,3035.0,3064.0,3007.0,3014.0,861100
2025-10-15,3054.0,3070.0,3034.0,3061.0,479300
2025-10-16,3078.0,3094.0,3053.0,3063.0,420100
2025-10-17,3016.0,3030.0,2990.0,2998.0,525100
2025-10-20,3048.0,3120.0,3025.0,3108.0,486200
2025-10-21,3130.0,3147.0,3099.0,3117.0,540700
2025-10-22,3106.0,3149.0,3102.0,3141.0,388900
2025-10-23,3130.0,3160.0,3123.0,3145.0,383700
2025-10-24,3154.0,3161.0,3126.0,3127.0,394400
2025-10-27,3183.0,3252.0,3163.0,3252.0,716900
2025-10-28,3203.0,3210.0,3115.0,3115.0,799100
2025-10-29,3115.0,3135.0,3008.0,3019.0,764500
2025-10-30,3048.0,3115.0,3029.0,3113.0,2351100
2025-10-31,3119.0,3136.0,3082.0,3124.0,812100
2025-11-04,3156.0,3215.0,3122.0,3177.0,951900
2025-11-05,3177.0,3210.0,3099.0,3196.0,1157700
2025-11-06,3215.0,3298.0,3202.0,3276.0,872000
2025-11-07,3252.0,3268.0,3143.0,3187.0,744200
2025-11-10,3225.0,3228.0,3185.0,3205.0,414500
2025-11-11,3225.0,3243.0,3196.0,3204.0,332100
2025-11-12,3231.0,3296.0,3220.0,3271.0,533800
2025-11-13,3289.0,3333.0,3280.0,3325.0,660000
2025-11-14,3268.0,3311.0,3232.0,3252.0,963300
2025-11-17,3322.0,3375.0,3276.0,3365.0,1120100
2025-11-18,3330.0,3348.0,3207.0,3207.0,764400
2025-11-19,3250.0,3253.0,3191.0,3200.0,639800
2025-11-20,3270.0,3274.0,3201.0,3232.0,690400
2025-11-21,3205.0,3292.0,3202.0,3238.0,1057000
2025-11-25,3270.0,3290.0,3219.0,3259.0,624800
2025-11-26,3306.0,3362.0,3299.0,3332.0,807700
2025-11-27,3350.0,3385.0,3328.0,3340.0,551200
2025-11-28,3345.0,3409.0,3335.0,3400.0,436600
2025-12-01,3450.0,3488.0,3387.0,3387.0,623100
2025-12-02,3413.0,3437.0,3361.0,3361.0,564700
2025-12-03,3342.0,3348.0,3284.0,3324.0,539600
2025-12-04,3319.0,3427.0,3308.0,3427.0,525100
2025-12-05,3415.0,3429.0,3384.0,3413.0,490700
2025-12-08,3422.0,3430.0,3377.0,3405.0,316700
2025-12-09,3410.0,3433.0,3393.0,3397.0,281500
2025-12-10,3419.0,3439.0,3405.0,3427.0,334600
2025-12-11,3450.0,3460.0,3352.0,3357.0,539000
2025-12-12,3427.0,3448.0,3366.0,3444.0,599000
2025-12-15,3445.0,3532.0,3445.0,3521.0,646000
2025-12-16,3479.0,3499.0,3385.0,3385.0,577500
2025-12-17,3370.0,3376.0,3307.0,3334.0,619200
2025-12-18,3336.0,3383.0,3327.0,3375.0,472700
2025-12-19,3399.0,3479.0,3394.0,3471.0,1163200
2025-12-22,3503.0,3505.0,3451.0,3451.0,475400
2025-12-23,3457.0,3489.0,3429.0,3439.0,361600
2025-12-24,3474.0,3480.0,3417.0,3443.0,513000
2025-12-25,3443.0,3450.0,3413.0,3435.0,298300
2025-12-26,3432.0,3454.0,3411.0,3436.0,452100
2025-12-29,3434.0,3468.0,3420.0,3468.0,449300
2025-12-30,3442.0,3477.0,3427.0,3427.0,396000
2026-01-05,3458.0,3493.0,3448.0,3470.0,442100
2026-01-06,3497.0,3539.0,3488.0,3539.0,598200
2026-01-07,3529.0,3541.0,3505.0,3532.0,471000
2026-01-08,3519.0,3524.0,3475.0,3475.0,392000
2026-01-09,3487.0,3521.0,3485.0,3511.0,478700
2026-01-13,3628.0,3633.0,3564.0,3566.0,735900
2026-01-14,3566.0,3577.0,3499.0,3568.0,861000
2026-01-15,3575.0,3620.0,3562.0,3616.0,884100
2026-01-16,3599.0,3710.0,3591.0,3694.0,970100
2026-01-19,3677.0,3692.0,3623.0,3672.0,625100
2026-01-20,3643.0,3653.0,3620.0,3637.0,523900
2026-01-21,3591.0,3612.0,3532.0,3588.0,912700
2026-01-22,3658.0,3717.0,3628.0,3690.0,914900
2026-01-23,3726.0,3782.0,3710.0,3772.0,779100
2026-01-26,3666.0,3729.0,3655.0,3693.0,886800
2026-01-27,3665.0,3736.0,3610.0,3725.0,787400
2026-01-28,3700.0,3712.0,3658.0,3678.0,530400
2026-01-29,3672.0,3743.0,3639.0,3727.0,652100
2026-01-30,3761.0,3774.0,3710.0,3727.0,800000
2026-02-02,3797.0,3797.0,3702.0,3726.0,1331200
2026-02-03,3752.0,3815.0,3688.0,3791.0,1572500
2026-02-04,3860.0,3880.0,3787.0,3843.0,1232700
2026-02-05,3875.0,3907.0,3797.0,3822.0,936500
2026-02-06,3761.0,3826.0,3696.0,3826.0,1180100
2026-02-09,3950.0,3959.0,3878.0,3938.0,933000
2026-02-10,3933.0,4000.0,3921.0,3957.0,736800
2026-02-12,3936.0,4010.0,3921.0,3983.0,985900
2026-02-13,3913.0,3941.0,3865.0,3878.0,1234100
2026-02-16,3850.0,3855.0,3745.0,3780.0,978700
2026-02-17,3700.0,3780.0,3625.0,3625.0,1440500
2026-02-18,3666.0,3694.0,3627.0,3679.0,832100
2026-02-19,3676.0,3743.0,3664.0,3733.0,1097300
2026-02-20,3675.0,3709.0,3652.0,3698.0,854800
2026-02-24,3640.0,3651.0,3511.0,3562.0,1672800
2026-02-25,3540.0,3540.0,3400.0,3471.0,1852300
2026-02-26,3522.0,3547.0,3493.0,3538.0,1352300
2026-02-27,3581.0,3886.0,3549.0,3877.0,4580800
2026-03-02,3667.0,3832.0,3622.0,3832.0,2595800
2026-03-03,3902.0,3972.0,3870.0,3920.0,2972600
2026-03-04,3800.0,3881.0,3673.0,3708.0,2643300
2026-03-05,3878.0,4021.0,3861.0,3988.0,1993400
2026-03-06,3884.0,4195.0,3850.0,4169.0,2153300
2026-03-09,3889.0,3979.0,3853.0,3951.0,2016500
2026-03-10,4021.0,4088.0,3972.0,4027.0,1201700
2026-03-11,4049.0,4090.0,4029.0,4051.0,662700
2026-03-12,4150.0,4441.0,4112.0,4352.0,5899300
2026-03-13,4282.0,4490.0,4262.0,4468.0,2919700
2026-03-16,4472.0,4480.0,4371.0,4374.0,1369000
2026-03-17,4400.0,4417.0,4272.0,4309.0,1059200
2026-03-18,4330.0,4421.0,4324.0,4400.0,976800
2026-03-19,4341.0,4461.0,4305.0,4396.0,1407700
2026-03-23,4340.0,4370.0,4200.0,4294.0,1386000
2026-03-24,4420.0,4457.0,4269.0,4289.0,1250900
2026-03-25,4359.0,4422.0,4333.0,4403.0,1073400
2026-03-26,4415.0,4448.0,4323.0,4385.0,972700
2026-03-27,4377.0,4513.0,4369.0,4477.0,1600600
2026-03-30,4184.0,4242.0,4159.0,4210.0,1326400
2026-03-31,4177.0,4245.0,4061.0,4061.0,1357400
2026-04-01,4242.0,4376.0,4231.0,4376.0,1379900
2026-04-02,4399.0,4447.0,4257.0,4283.0,887000
2026-04-03,4318.0,4352.0,4297.0,4337.0,684200
2026-04-06,4381.0,4428.0,4358.0,4388.0,754500
2026-04-07,4445.0,4450.0,4379.0,4410.0,717200
2026-04-08,4550.0,4585.0,4444.0,4490.0,1200800
2026-04-09,4495.0,4506.0,4365.0,4412.0,1128100
2026-04-10,4430.0,4472.0,4330.0,4330.0,969900
2026-04-13,4300.0,4387.0,4295.0,4373.0,710300
2026-04-14,4395.0,4418.0,4315.0,4336.0,818100
2026-04-15,4350.0,4421.0,4350.0,4393.0,713600
2026-04-16,4395.0,4467.0,4392.0,4421.0,861100
2026-04-17,4395.0,4435.0,4361.0,4393.0,979500
2026-04-20,4450.0,4459.0,4292.0,4307.0,945900
2026-04-21,4364.0,4384.0,4305.0,4333.0,1112300
2026-04-22,4350.0,4367.0,4258.0,4258.0,735500
2026-04-23,4188.0,4280.0,4126.0,4264.0,1110600
2026-04-24,4230.0,4327.0,4227.0,4295.0,636800
2026-04-27,4176.0,4231.0,4143.0,4200.0,1131600
2026-04-28,4261.0,4362.0,4218.0,4352.0,1090700
2026-04-30,4319.0,4344.0,4251.0,4336.0,953800
2026-05-01,4336.0,4402.0,4285.0,4373.0,761000
2026-05-07,4443.0,4521.0,4396.0,4499.0,1203200
2026-05-08,4391.0,4420.0,4338.0,4395.0,910200
2026-05-11,4403.0,4441.0,4341.0,4401.0,826400
2026-05-12,4447.0,4467.0,4381.0,4419.0,760200
2026-05-13,4410.0,4491.0,4393.0,4484.0,823400
2026-05-14,4483.0,4483.0,4380.0,4400.0,946800
2026-05-15,4231.0,4534.0,4231.0,4413.0,2254500
2026-05-18,4420.0,4428.0,4282.0,4374.0,1044500
2026-05-19,4406.0,4453.0,4366.0,4407.0,921400
2026-05-20,4465.0,4494.0,4344.0,4385.0,1557500
2026-05-21,4450.0,4547.0,4443.0,4495.0,1403800
2026-05-22,4498.0,4519.0,4430.0,4479.0,675000
2026-05-25,4549.0,4605.0,4489.0,4575.0,904000
2026-05-26,4575.0,4576.0,4470.0,4530.0,1087300
2026-05-27,4502.0,4530.0,4437.0,4502.0,923100
2026-05-28,4504.0,4540.0,4386.0,4420.0,847900
2026-05-29,4403.0,4484.0,4312.0,4419.0,2498400
2026-06-01,4390.0,4397.0,4293.0,4341.0,970900
2026-06-02,4278.0,4384.0,4193.0,4373.0,845300
2026-06-03,4384.0,4396.0,4271.0,4347.0,964800
2026-06-04,4277.0,4527.0,4268.0,4482.0,1246000
2026-06-05,4600.0,4694.0,4580.0,4622.0,1321100
2026-06-08,4575.0,4612.0,4511.0,4575.0,1363900
2026-06-09,4575.0,4751.0,4573.0,4690.0,1266100
2026-06-10,4680.0,4755.0,4485.0,4494.0,1378800
2026-06-11,4480.0,4498.0,4390.0,4442.0,707600
2026-06-12,4499.0,4529.0,4456.0,4462.0,1120300
2026-06-15,4529.0,4583.0,4485.0,4500.0,1317000
2026-06-16,4468.0,4669.0,4375.0,4656.0,1685300
2026-06-17,4726.0,4733.0,4519.0,4535.0,1291700
2026-06-18,4620.0,4668.0,4600.0,4658.0,1461200
2026-06-19,4728.0,4808.0,4661.0,4726.0,2496400
2026-06-22,4866.0,4882.0,4791.0,4821.0,1295500
2026-06-23,4802.0,4812.0,4628.0,4628.0,1052500
2026-06-24,4639.0,4660.0,4529.0,4540.0,786500
2026-06-25,4582.0,4590.0,4473.0,4532.0,1114100
2026-06-26,4569.0,4581.0,4446.0,4477.0,904800
2026-06-29,4500.0,4526.0,4411.0,4511.0,1205300
2026-06-30,4541.0,4548.0,4465.0,4494.0,1455700
2026-07-01,4540.0,4603.0,4525.0,4573.0,1145800
2026-07-02,4643.0,4665.0,4573.0,4643.0,1202900
2026-07-03,4668.0,4729.0,4626.0,4710.0,1034900
2026-07-06,4674.0,4805.0,4641.0,4805.0,1319900
2026-07-07,4875.0,4890.0,4719.0,4719.0,880300
2026-07-08,4720.0,4817.0,4717.0,4758.0,853900
2026-07-09,4798.0,4798.0,4715.0,4782.0,896700
2026-07-10,4730.0,4783.0,4643.0,4654.0,896900
2026-07-13,4688.0,4729.0,4651.0,4660.0,537400
2026-07-14,4697.0,4704.0,4647.0,4700.0,466800
2026-07-15,4704.0,4780.0,4697.0,4770.0,789700
2026-07-16,4770.0,4779.0,4639.0,4649.0,911200
2026-07-17,4590.0,4630.0,4300.0,4384.0,1299400
2026-07-21,4454.0,4523.0,4397.0,4500.0,875100
2026-07-22,4549.0,4654.0,4509.0,4618.0,673800
2026-07-23,4573.0,4673.0,4562.0,4665.0,632100
2026-07-24,4595.0,4660.0,4583.0,4634.0,965700
2026-07-27,4633.0,4687.0,4572.0,4687.0,846800
2026-07-28,4630.0,4682.0,4578.0,4603.0,1186100
2026-07-29,4580.0,4600.0,4439.0,4533.0,1095800
2026-07-30,4450.0,4517.0,4402.0,4473.0,1058400
2026-07-31,4525.0,4534.0,4430.0,4437.0,1205500
2026-08-03,4403.0,4574.0,4375.0,4490.0,1789600
2026-08-04,4490.0,4584.0,4482.0,4574.0,818400
2026-08-05,4540.0,4677.0,4535.0,4677.0,942300
2026-08-06,4651.0,4728.0,4610.0,4630.0,905100
2026-08-07,4679.0,4699.0,4622.0,4668.0,717300
2026-08-10,4670.0,4677.0,4578.0,4669.0,708700
2026-08-12,4702.0,4764.0,4673.0,4759.0,813900
2026-08-13,4802.0,5000.0,4773.0,5000.0,1482200
2026-08-14,5027.0,5136.0,5008.0,5073.0,1435400
2026-08-17,5086.0,5113.0,5023.0,5091.0,711100
2026-08-18,5135.0,5164.0,4999.0,5022.0,878800
2026-08-19,4978.0,4984.0,4820.0,4824.0,916800
2026-08-20,4824.0,4832.0,4724.0,4803.0,905500
2026-08-21,4790.0,4849.0,4762.0,4841.0,1170500
2026-08-24,4874.0,4881.0,4753.0,4775.0,733900
2026-08-25,4792.0,4859.0,4775.0,4839.0,930500
2026-08-26,4870.0,4947.0,4856.0,4895.0,508600
2026-08-27,4895.0,4949.0,4857.0,4864.0,918400
2026-08-28,4881.0,4964.0,4872.0,4936.0,641500
2026-08-31,4920.0,4989.0,4860.0,4989.0,777000
2026-09-01,4950.0,4991.0,4884.0,4991.0,648800
2026-09-02,4921.0,4993.0,4901.0,4901.0,757400
2026-09-03,4929.0,4999.0,4890.0,4942.0,821300
2026-09-04,4994.0,4995.0,4880.0,4961.0,910200
2026-09-07,4961.0,4983.0,4895.0,4939.0,769300
2026-09-08,4899.0,4949.0,4820.0,4820.0,728900
2026-09-09,4825.0,4895.0,4753.0,4753.0,972600
2026-09-10,4766.0,4925.0,4766.0,4893.0,1454200
2026-09-11,4764.0,4830.0,4701.0,4815.0,1358500
2026-09-14,4793.0,4900.0,4779.0,4900.0,625900
2026-09-15,4872.0,4899.0,4795.0,4815.0,512900
2026-09-16,4800.0,4862.0,4791.0,4840.0,848000
2026-09-17,4896.0,4964.0,4862.0,4882.0,587200
2026-09-18,4882.0,4892.0,4776.0,4869.0,1058500
2026-09-24,4866.0,4866.0,4728.0,4740.0,734700
2026-09-25,4744.0,4888.0,4693.0,4869.0,1099400
2026-09-28,4960.0,5023.0,4905.0,4927.0,1259000
2026-09-29,4807.0,4855.0,4767.0,4782.0,821800
2026-09-30,4770.0,4846.0,4750.0,4814.0,1166300
