Date,Open,High,Low,Close,Volume
2012-10-01,1940.0,1943.3333740234373,1910.0,1920.0,519300
2012-10-02,1940.0,1943.3333740234373,1890.0,1890.0,455700
2012-10-03,1886.6666259765625,1890.0,1846.6666259765625,1853.3333740234373,617700
2012-10-04,1866.6666259765625,1883.3333740234373,1856.6666259765625,1860.0,688800
2012-10-05,1866.6666259765625,1883.3333740234373,1846.6666259765625,1860.0,692100
2012-10-09,1853.3333740234373,1883.3333740234373,1853.3333740234373,1866.6666259765625,375900
2012-10-10,1833.3333740234373,1856.6666259765625,1833.3333740234373,1850.0,475800
2012-10-11,1826.6666259765625,1860.0,1826.6666259765625,1836.6666259765625,492900
2012-10-12,1833.3333740234373,1850.0,1830.0,1843.3333740234373,264000
2012-10-15,1836.6666259765625,1856.6666259765625,1830.0,1833.3333740234373,505200
2012-10-16,1840.0,1853.3333740234373,1830.0,1836.6666259765625,574800
2012-10-17,1860.0,1880.0,1836.6666259765625,1860.0,806400
2012-10-18,1866.6666259765625,1890.0,1863.3333740234373,1880.0,550500
2012-10-19,1866.6666259765625,1870.0,1806.6666259765625,1816.6666259765625,1001700
2012-10-22,1796.6666259765625,1823.3333740234373,1783.3333740234375,1813.3333740234373,968700
2012-10-23,1813.3333740234373,1823.3333740234373,1800.0,1816.6666259765625,341700
2012-10-24,1823.3333740234373,1840.0,1813.3333740234373,1820.0,495900
2012-10-25,1813.3333740234373,1833.3333740234373,1810.0,1830.0,283200
2012-10-26,1830.0,1833.3333740234373,1813.3333740234373,1823.3333740234373,469200
2012-10-29,1823.3333740234373,1840.0,1820.0,1823.3333740234373,353100
2012-10-30,1820.0,1850.0,1806.6666259765625,1806.6666259765625,447600
2012-10-31,1806.6666259765625,1816.6666259765625,1800.0,1816.6666259765625,560100
2012-11-01,1823.3333740234373,1826.6666259765625,1796.6666259765625,1800.0,430200
2012-11-02,1803.3333740234373,1816.6666259765625,1793.3333740234375,1803.3333740234373,546000
2012-11-05,1793.3333740234375,1803.3333740234373,1763.3333740234375,1773.3333740234375,597300
2012-11-06,1743.3333740234375,1746.6666259765625,1693.3333740234375,1740.0,1266600
2012-11-07,1746.6666259765625,1760.0,1713.3333740234375,1726.6666259765625,963900
2012-11-08,1710.0,1743.3333740234375,1700.0,1736.6666259765625,702900
2012-11-09,1736.6666259765625,1783.3333740234375,1736.6666259765625,1780.0,929100
2012-11-12,1793.3333740234375,1846.6666259765625,1790.0,1843.3333740234373,873300
2012-11-13,1833.3333740234373,1836.6666259765625,1806.6666259765625,1813.3333740234373,450600
2012-11-14,1853.3333740234373,1900.0,1843.3333740234373,1886.6666259765625,1261200
2012-11-15,1916.6666259765625,1933.3333740234373,1893.3333740234373,1923.3333740234373,1036500
2012-11-16,1923.3333740234373,1926.6666259765625,1866.6666259765625,1876.6666259765625,1089000
2012-11-19,1863.3333740234373,1883.3333740234373,1856.6666259765625,1860.0,562200
2012-11-20,1896.6666259765625,1910.0,1873.3333740234373,1883.3333740234373,285300
2012-11-21,1896.6666259765625,1906.6666259765625,1880.0,1893.3333740234373,392400
2012-11-22,1926.6666259765625,1936.6666259765625,1876.6666259765625,1880.0,395700
2012-11-26,1880.0,1890.0,1866.6666259765625,1883.3333740234373,642600
2012-11-27,1896.6666259765625,1906.6666259765625,1880.0,1896.6666259765625,382500
2012-11-28,1896.6666259765625,1900.0,1886.6666259765625,1896.6666259765625,239400
2012-11-29,1896.6666259765625,1910.0,1890.0,1893.3333740234373,435900
2012-11-30,1896.6666259765625,1920.0,1886.6666259765625,1913.3333740234373,506100
2012-12-03,1946.6666259765625,1950.0,1906.6666259765625,1910.0,249900
2012-12-04,1903.3333740234373,1916.6666259765625,1893.3333740234373,1896.6666259765625,411000
2012-12-05,1893.3333740234373,1923.3333740234373,1886.6666259765625,1906.6666259765625,429300
2012-12-06,1933.3333740234373,1940.0,1923.3333740234373,1933.3333740234373,492900
2012-12-07,1940.0,1946.6666259765625,1936.6666259765625,1943.3333740234373,257100
2012-12-10,1950.0,1950.0,1930.0,1943.3333740234373,275700
2012-12-11,1930.0,1936.6666259765625,1903.3333740234373,1916.6666259765625,413700
2012-12-12,1943.3333740234373,1946.6666259765625,1916.6666259765625,1923.3333740234373,499800
2012-12-13,1940.0,1943.3333740234373,1926.6666259765625,1933.3333740234373,466500
2012-12-14,1933.3333740234373,1943.3333740234373,1933.3333740234373,1940.0,703200
2012-12-17,1943.3333740234373,1943.3333740234373,1920.0,1926.6666259765625,483000
2012-12-18,1933.3333740234373,1960.0,1930.0,1943.3333740234373,449100
2012-12-19,1950.0,1960.0,1926.6666259765625,1960.0,469800
2012-12-20,1970.0,1986.6666259765625,1936.6666259765625,1943.3333740234373,744900
2012-12-21,1970.0,1980.0,1930.0,1946.6666259765625,611700
2012-12-25,1960.0,1963.3333740234373,1933.3333740234373,1933.3333740234373,152100
2012-12-26,1950.0,1956.6666259765625,1930.0,1946.6666259765625,610500
2012-12-27,1946.6666259765625,1953.3333740234373,1930.0,1936.6666259765625,525000
2012-12-28,1946.6666259765625,1953.3333740234373,1926.6666259765625,1950.0,450300
2013-01-04,2010.0,2016.6666259765625,1976.6666259765625,2013.3333740234373,406800
2013-01-07,2023.3333740234373,2043.3333740234373,2016.6666259765625,2040.0,483600
2013-01-08,2036.6666259765625,2040.0,2010.0,2016.6666259765625,791400
2013-01-09,2016.6666259765625,2073.333251953125,2016.6666259765625,2070.0,568200
2013-01-10,2066.666748046875,2083.333251953125,2063.333251953125,2073.333251953125,304500
2013-01-11,2076.666748046875,2080.0,2033.3333740234373,2073.333251953125,592800
2013-01-15,2083.333251953125,2096.666748046875,2060.0,2080.0,590100
2013-01-16,2070.0,2096.666748046875,2063.333251953125,2063.333251953125,439500
2013-01-17,2076.666748046875,2096.666748046875,2050.0,2070.0,597900
2013-01-18,2090.0,2120.0,2083.333251953125,2096.666748046875,804000
2013-01-21,2106.666748046875,2116.666748046875,2083.333251953125,2093.333251953125,448200
2013-01-22,2076.666748046875,2090.0,2056.666748046875,2086.666748046875,504000
2013-01-23,2073.333251953125,2126.666748046875,2073.333251953125,2116.666748046875,531000
2013-01-24,2100.0,2150.0,2096.666748046875,2123.333251953125,483000
2013-01-25,2180.0,2216.666748046875,2173.333251953125,2183.333251953125,554100
2013-01-28,2190.0,2196.666748046875,2156.666748046875,2156.666748046875,340200
2013-01-29,2153.333251953125,2166.666748046875,2146.666748046875,2160.0,267000
2013-01-30,2116.666748046875,2140.0,2113.333251953125,2133.333251953125,488700
2013-01-31,2146.666748046875,2173.333251953125,2126.666748046875,2153.333251953125,470100
2013-02-01,2150.0,2190.0,2150.0,2190.0,388500
2013-02-04,2200.0,2213.333251953125,2096.666748046875,2103.333251953125,717600
2013-02-05,2093.333251953125,2133.333251953125,2093.333251953125,2103.333251953125,331200
2013-02-06,2130.0,2163.333251953125,2130.0,2160.0,347100
2013-02-07,2166.666748046875,2186.666748046875,2080.0,2093.333251953125,877200
2013-02-08,2126.666748046875,2193.333251953125,2100.0,2183.333251953125,800100
2013-02-12,2173.333251953125,2213.333251953125,2143.333251953125,2200.0,598800
2013-02-13,2216.666748046875,2223.333251953125,2176.666748046875,2196.666748046875,403800
2013-02-14,2180.0,2186.666748046875,2156.666748046875,2166.666748046875,295500
2013-02-15,2163.333251953125,2190.0,2150.0,2166.666748046875,497100
2013-02-18,2166.666748046875,2200.0,2146.666748046875,2200.0,191700
2013-02-19,2180.0,2226.666748046875,2180.0,2216.666748046875,319200
2013-02-20,2226.666748046875,2250.0,2210.0,2213.333251953125,430200
2013-02-21,2216.666748046875,2220.0,2173.333251953125,2180.0,309900
2013-02-22,2183.333251953125,2216.666748046875,2176.666748046875,2200.0,290400
2013-02-25,2230.0,2260.0,2230.0,2253.333251953125,351600
2013-02-26,2200.0,2213.333251953125,2186.666748046875,2193.333251953125,303900
2013-02-27,2200.0,2223.333251953125,2183.333251953125,2196.666748046875,354300
2013-02-28,2220.0,2223.333251953125,2200.0,2216.666748046875,364500
2013-03-01,2220.0,2250.0,2190.0,2240.0,267900
2013-03-04,2243.333251953125,2270.0,2220.0,2253.333251953125,416400
2013-03-05,2266.666748046875,2270.0,2233.333251953125,2240.0,263400
2013-03-06,2240.0,2243.333251953125,2216.666748046875,2230.0,257700
2013-03-07,2226.666748046875,2236.666748046875,2216.666748046875,2230.0,278100
2013-03-08,2223.333251953125,2253.333251953125,2216.666748046875,2250.0,477900
2013-03-11,2266.666748046875,2266.666748046875,2220.0,2230.0,318600
2013-03-12,2240.0,2300.0,2233.333251953125,2293.333251953125,399300
2013-03-13,2280.0,2283.333251953125,2240.0,2246.666748046875,320100
2013-03-14,2243.333251953125,2256.666748046875,2243.333251953125,2250.0,199200
2013-03-15,2263.333251953125,2310.0,2260.0,2293.333251953125,575700
2013-03-18,2270.0,2273.333251953125,2220.0,2220.0,421800
2013-03-19,2203.333251953125,2246.666748046875,2200.0,2230.0,441000
2013-03-21,2243.333251953125,2283.333251953125,2226.666748046875,2233.333251953125,475500
2013-03-22,2230.0,2243.333251953125,2166.666748046875,2166.666748046875,398100
2013-03-25,2193.333251953125,2223.333251953125,2190.0,2203.333251953125,248100
2013-03-26,2213.333251953125,2213.333251953125,2180.0,2190.0,325200
2013-03-27,2213.333251953125,2223.333251953125,2200.0,2203.333251953125,238500
2013-03-28,2200.0,2240.0,2193.333251953125,2230.0,301800
2013-03-29,2240.0,2260.0,2213.333251953125,2256.666748046875,382500
2013-04-01,2273.333251953125,2273.333251953125,2156.666748046875,2156.666748046875,167400
2013-04-02,2116.666748046875,2150.0,2083.333251953125,2133.333251953125,325500
2013-04-03,2116.666748046875,2120.0,2080.0,2120.0,389700
2013-04-04,2093.333251953125,2150.0,2050.0,2150.0,468300
2013-04-05,2250.0,2293.333251953125,2203.333251953125,2260.0,679200
2013-04-08,2286.666748046875,2330.0,2216.666748046875,2256.666748046875,567600
2013-04-09,2323.333251953125,2323.333251953125,2260.0,2283.333251953125,430800
2013-04-10,2276.666748046875,2350.0,2266.666748046875,2350.0,594000
2013-04-11,2376.666748046875,2450.0,2356.666748046875,2440.0,598800
2013-04-12,2433.333251953125,2433.333251953125,2393.333251953125,2420.0,334200
2013-04-15,2416.666748046875,2433.333251953125,2386.666748046875,2410.0,316500
2013-04-16,2360.0,2416.666748046875,2360.0,2390.0,375900
2013-04-17,2393.333251953125,2413.333251953125,2366.666748046875,2383.333251953125,194400
2013-04-18,2366.666748046875,2380.0,2313.333251953125,2346.666748046875,513900
2013-04-19,2366.666748046875,2366.666748046875,2310.0,2346.666748046875,298200
2013-04-22,2370.0,2423.333251953125,2366.666748046875,2416.666748046875,415200
2013-04-23,2443.333251953125,2460.0,2413.333251953125,2420.0,232500
2013-04-24,2460.0,2523.333251953125,2443.333251953125,2523.333251953125,322800
2013-04-25,2553.333251953125,2613.333251953125,2553.333251953125,2583.333251953125,523200
2013-04-26,2566.666748046875,2566.666748046875,2476.666748046875,2483.333251953125,345900
2013-04-30,2533.333251953125,2593.333251953125,2533.333251953125,2580.0,388200
2013-05-01,2583.333251953125,2600.0,2510.0,2516.666748046875,689100
2013-05-02,2503.333251953125,2516.666748046875,2490.0,2506.666748046875,230400
2013-05-07,2523.333251953125,2553.333251953125,2486.666748046875,2513.333251953125,531600
2013-05-08,2533.333251953125,2576.666748046875,2520.0,2550.0,231900
2013-05-09,2523.333251953125,2573.333251953125,2490.0,2490.0,388800
2013-05-10,2540.0,2600.0,2516.666748046875,2573.333251953125,522600
2013-05-13,2536.666748046875,2583.333251953125,2523.333251953125,2583.333251953125,437700
2013-05-14,2600.0,2670.0,2586.666748046875,2663.333251953125,339900
2013-05-15,2713.333251953125,2793.333251953125,2700.0,2760.0,728100
2013-05-16,2783.333251953125,2810.0,2673.333251953125,2716.666748046875,310500
2013-05-17,2716.666748046875,2746.666748046875,2693.333251953125,2716.666748046875,282900
2013-05-20,2723.333251953125,2746.666748046875,2683.333251953125,2716.666748046875,418500
2013-05-21,2800.0,2853.333251953125,2786.666748046875,2813.333251953125,712200
2013-05-22,2806.666748046875,2833.333251953125,2790.0,2790.0,411900
2013-05-23,2803.333251953125,2866.666748046875,2663.333251953125,2670.0,563100
2013-05-24,2656.666748046875,2756.666748046875,2613.333251953125,2736.666748046875,633900
2013-05-27,2740.0,2746.666748046875,2640.0,2683.333251953125,488400
2013-05-28,2660.0,2660.0,2576.666748046875,2633.333251953125,623400
2013-05-29,2696.666748046875,2730.0,2646.666748046875,2686.666748046875,456600
2013-05-30,2733.333251953125,2773.333251953125,2620.0,2636.666748046875,646500
2013-05-31,2643.333251953125,2730.0,2623.333251953125,2686.666748046875,860400
2013-06-03,2650.0,2663.333251953125,2603.333251953125,2610.0,371400
2013-06-04,2566.666748046875,2700.0,2533.333251953125,2676.666748046875,776100
2013-06-05,2663.333251953125,2693.333251953125,2586.666748046875,2586.666748046875,439800
2013-06-06,2406.666748046875,2466.666748046875,2313.333251953125,2383.333251953125,908100
2013-06-07,2300.0,2353.333251953125,2233.333251953125,2310.0,759300
2013-06-10,2403.333251953125,2473.333251953125,2380.0,2473.333251953125,577200
2013-06-11,2476.666748046875,2496.666748046875,2400.0,2403.333251953125,482700
2013-06-12,2336.666748046875,2396.666748046875,2316.666748046875,2380.0,539700
2013-06-13,2316.666748046875,2320.0,2213.333251953125,2216.666748046875,692700
2013-06-14,2243.333251953125,2260.0,2176.666748046875,2200.0,1802700
2013-06-17,2160.0,2206.666748046875,2130.0,2143.333251953125,2843400
2013-06-18,2143.333251953125,2263.333251953125,2126.666748046875,2216.666748046875,2997000
2013-06-19,2233.333251953125,2263.333251953125,2203.333251953125,2243.333251953125,1086600
2013-06-20,2210.0,2240.0,2190.0,2216.666748046875,957300
2013-06-21,2200.0,2240.0,2170.0,2230.0,1529700
2013-06-24,2213.333251953125,2226.666748046875,2186.666748046875,2193.333251953125,1198500
2013-06-25,2196.666748046875,2206.666748046875,2130.0,2150.0,4447500
2013-06-26,2153.333251953125,2183.333251953125,2153.333251953125,2180.0,1372200
2013-06-27,2200.0,2296.666748046875,2193.333251953125,2286.666748046875,1894800
2013-06-28,2316.666748046875,2363.333251953125,2286.666748046875,2353.333251953125,1535700
2013-07-01,2403.333251953125,2420.0,2346.666748046875,2376.666748046875,943800
2013-07-02,2416.666748046875,2416.666748046875,2366.666748046875,2396.666748046875,638400
2013-07-03,2400.0,2413.333251953125,2373.333251953125,2393.333251953125,500100
2013-07-04,2393.333251953125,2400.0,2360.0,2366.666748046875,392400
2013-07-05,2370.0,2406.666748046875,2350.0,2400.0,507300
2013-07-08,2410.0,2420.0,2356.666748046875,2356.666748046875,512700
2013-07-09,2390.0,2420.0,2373.333251953125,2420.0,583500
2013-07-10,2416.666748046875,2416.666748046875,2376.666748046875,2396.666748046875,347700
2013-07-11,2360.0,2416.666748046875,2360.0,2413.333251953125,362400
2013-07-12,2413.333251953125,2433.333251953125,2400.0,2420.0,374100
2013-07-16,2416.666748046875,2446.666748046875,2410.0,2433.333251953125,519900
2013-07-17,2406.666748046875,2436.666748046875,2406.666748046875,2423.333251953125,353700
2013-07-18,2433.333251953125,2463.333251953125,2420.0,2460.0,1782300
2013-07-19,2476.666748046875,2496.666748046875,2420.0,2440.0,460500
2013-07-22,2450.0,2460.0,2366.666748046875,2393.333251953125,540600
2013-07-23,2366.666748046875,2403.333251953125,2366.666748046875,2390.0,611100
2013-07-24,2396.666748046875,2430.0,2396.666748046875,2423.333251953125,462300
2013-07-25,2450.0,2456.666748046875,2433.333251953125,2443.333251953125,558000
2013-07-26,2450.0,2450.0,2420.0,2426.666748046875,609000
2013-07-29,2426.666748046875,2426.666748046875,2376.666748046875,2393.333251953125,454500
2013-07-30,2380.0,2430.0,2360.0,2410.0,476700
2013-07-31,2386.666748046875,2423.333251953125,2376.666748046875,2393.333251953125,383400
2013-08-01,2400.0,2493.333251953125,2383.333251953125,2493.333251953125,527100
2013-08-02,2493.333251953125,2546.666748046875,2466.666748046875,2540.0,420300
2013-08-05,2563.333251953125,2566.666748046875,2486.666748046875,2526.666748046875,421800
2013-08-06,2376.666748046875,2446.666748046875,2350.0,2420.0,783000
2013-08-07,2366.666748046875,2383.333251953125,2293.333251953125,2296.666748046875,608100
2013-08-08,2280.0,2300.0,2236.666748046875,2236.666748046875,561900
2013-08-09,2260.0,2286.666748046875,2243.333251953125,2270.0,624300
2013-08-12,2250.0,2313.333251953125,2250.0,2286.666748046875,393900
2013-08-13,2300.0,2303.333251953125,2250.0,2276.666748046875,394800
2013-08-14,2280.0,2293.333251953125,2250.0,2270.0,529200
2013-08-15,2246.666748046875,2266.666748046875,2193.333251953125,2203.333251953125,606600
2013-08-16,2183.333251953125,2216.666748046875,2176.666748046875,2200.0,476400
2013-08-19,2206.666748046875,2280.0,2203.333251953125,2276.666748046875,422400
2013-08-20,2296.666748046875,2326.666748046875,2260.0,2260.0,845400
2013-08-21,2256.666748046875,2293.333251953125,2236.666748046875,2276.666748046875,682500
2013-08-22,2280.0,2310.0,2263.333251953125,2270.0,615900
2013-08-23,2290.0,2333.333251953125,2280.0,2323.333251953125,861900
2013-08-26,2326.666748046875,2390.0,2326.666748046875,2350.0,743400
2013-08-27,2350.0,2350.0,2306.666748046875,2310.0,320400
2013-08-28,2240.0,2296.666748046875,2240.0,2286.666748046875,428100
2013-08-29,2300.0,2300.0,2270.0,2283.333251953125,546900
2013-08-30,2290.0,2300.0,2250.0,2290.0,1148400
2013-09-02,2293.333251953125,2320.0,2266.666748046875,2310.0,641700
2013-09-03,2333.333251953125,2353.333251953125,2310.0,2326.666748046875,517500
2013-09-04,2303.333251953125,2333.333251953125,2303.333251953125,2326.666748046875,499500
2013-09-05,2326.666748046875,2326.666748046875,2256.666748046875,2263.333251953125,580500
2013-09-06,2260.0,2280.0,2230.0,2250.0,502200
2013-09-09,2323.333251953125,2326.666748046875,2280.0,2296.666748046875,303300
2013-09-10,2290.0,2333.333251953125,2286.666748046875,2296.666748046875,435900
2013-09-11,2300.0,2306.666748046875,2286.666748046875,2303.333251953125,451800
2013-09-12,2303.333251953125,2353.333251953125,2293.333251953125,2346.666748046875,538800
2013-09-13,2360.0,2410.0,2346.666748046875,2386.666748046875,677700
2013-09-17,2400.0,2423.333251953125,2376.666748046875,2383.333251953125,266700
2013-09-18,2386.666748046875,2390.0,2353.333251953125,2370.0,550500
2013-09-19,2380.0,2403.333251953125,2350.0,2403.333251953125,438300
2013-09-20,2423.333251953125,2453.333251953125,2420.0,2450.0,543900
2013-09-24,2433.333251953125,2443.333251953125,2403.333251953125,2426.666748046875,387900
2013-09-25,2413.333251953125,2483.333251953125,2410.0,2480.0,540300
2013-09-26,2470.0,2483.333251953125,2413.333251953125,2483.333251953125,441000
2013-09-27,2500.0,2500.0,2463.333251953125,2486.666748046875,278100
2013-09-30,2420.0,2443.333251953125,2400.0,2426.666748046875,330900
2013-10-01,2426.666748046875,2470.0,2403.333251953125,2466.666748046875,366900
2013-10-02,2470.0,2476.666748046875,2436.666748046875,2450.0,426300
2013-10-03,2466.666748046875,2473.333251953125,2423.333251953125,2446.666748046875,371100
2013-10-04,2366.666748046875,2366.666748046875,2323.333251953125,2346.666748046875,691200
2013-10-07,2350.0,2373.333251953125,2350.0,2360.0,641100
2013-10-08,2310.0,2333.333251953125,2290.0,2320.0,942900
2013-10-09,2320.0,2360.0,2300.0,2356.666748046875,438300
2013-10-10,2360.0,2396.666748046875,2353.333251953125,2376.666748046875,364800
2013-10-11,2390.0,2403.333251953125,2356.666748046875,2380.0,652500
2013-10-15,2406.666748046875,2423.333251953125,2396.666748046875,2416.666748046875,307200
2013-10-16,2416.666748046875,2426.666748046875,2406.666748046875,2416.666748046875,210300
2013-10-17,2430.0,2450.0,2420.0,2443.333251953125,355200
2013-10-18,2436.666748046875,2460.0,2426.666748046875,2456.666748046875,329100
2013-10-21,2453.333251953125,2480.0,2450.0,2470.0,230400
2013-10-22,2473.333251953125,2480.0,2456.666748046875,2473.333251953125,286200
2013-10-23,2480.0,2480.0,2443.333251953125,2450.0,338700
2013-10-24,2443.333251953125,2476.666748046875,2420.0,2470.0,300300
2013-10-25,2473.333251953125,2473.333251953125,2430.0,2430.0,243900
2013-10-28,2456.666748046875,2516.666748046875,2456.666748046875,2516.666748046875,503400
2013-10-29,2493.333251953125,2513.333251953125,2483.333251953125,2503.333251953125,230100
2013-10-30,2530.0,2550.0,2506.666748046875,2536.666748046875,418800
2013-10-31,2550.0,2563.333251953125,2516.666748046875,2533.333251953125,399600
2013-11-01,2560.0,2596.666748046875,2553.333251953125,2563.333251953125,478800
2013-11-05,2566.666748046875,2570.0,2483.333251953125,2540.0,609900
2013-11-06,2596.666748046875,2596.666748046875,2546.666748046875,2560.0,555000
2013-11-07,2556.666748046875,2563.333251953125,2513.333251953125,2523.333251953125,373500
2013-11-08,2503.333251953125,2520.0,2496.666748046875,2506.666748046875,359400
2013-11-11,2520.0,2523.333251953125,2493.333251953125,2506.666748046875,314700
2013-11-12,2523.333251953125,2556.666748046875,2523.333251953125,2553.333251953125,352500
2013-11-13,2533.333251953125,2570.0,2526.666748046875,2563.333251953125,334500
2013-11-14,2586.666748046875,2616.666748046875,2566.666748046875,2590.0,330600
2013-11-15,2603.333251953125,2630.0,2583.333251953125,2613.333251953125,598200
2013-11-18,2626.666748046875,2626.666748046875,2576.666748046875,2580.0,609300
2013-11-19,2576.666748046875,2596.666748046875,2563.333251953125,2570.0,440400
2013-11-20,2553.333251953125,2583.333251953125,2546.666748046875,2553.333251953125,452700
2013-11-21,2563.333251953125,2593.333251953125,2523.333251953125,2563.333251953125,646500
2013-11-22,2576.666748046875,2610.0,2563.333251953125,2603.333251953125,708300
2013-11-25,2603.333251953125,2613.333251953125,2570.0,2600.0,272400
2013-11-26,2566.666748046875,2583.333251953125,2560.0,2563.333251953125,695100
2013-11-27,2563.333251953125,2566.666748046875,2536.666748046875,2540.0,267000
2013-11-28,2550.0,2563.333251953125,2543.333251953125,2560.0,200100
2013-11-29,2560.0,2586.666748046875,2543.333251953125,2580.0,284400
2013-12-02,2563.333251953125,2596.666748046875,2563.333251953125,2573.333251953125,279000
2013-12-03,2566.666748046875,2606.666748046875,2563.333251953125,2590.0,310200
2013-12-04,2580.0,2600.0,2553.333251953125,2556.666748046875,380400
2013-12-05,2566.666748046875,2580.0,2550.0,2563.333251953125,235200
2013-12-06,2556.666748046875,2586.666748046875,2540.0,2583.333251953125,342300
2013-12-09,2606.666748046875,2643.333251953125,2600.0,2640.0,396000
2013-12-10,2646.666748046875,2666.666748046875,2640.0,2656.666748046875,362400
2013-12-11,2656.666748046875,2656.666748046875,2623.333251953125,2646.666748046875,276300
2013-12-12,2646.666748046875,2646.666748046875,2616.666748046875,2630.0,418200
2013-12-13,2616.666748046875,2616.666748046875,2573.333251953125,2573.333251953125,713700
2013-12-16,2586.666748046875,2586.666748046875,2533.333251953125,2536.666748046875,369900
2013-12-17,2563.333251953125,2573.333251953125,2550.0,2566.666748046875,251400
2013-12-18,2546.666748046875,2583.333251953125,2536.666748046875,2583.333251953125,362400
2013-12-19,2596.666748046875,2620.0,2573.333251953125,2616.666748046875,487800
2013-12-20,2613.333251953125,2616.666748046875,2570.0,2583.333251953125,393600
2013-12-24,2596.666748046875,2616.666748046875,2580.0,2606.666748046875,510000
2013-12-25,2593.333251953125,2620.0,2586.666748046875,2620.0,392100
2013-12-26,2630.0,2666.666748046875,2620.0,2663.333251953125,188100
2013-12-27,2653.333251953125,2686.666748046875,2640.0,2683.333251953125,192300
2013-12-30,2703.333251953125,2733.333251953125,2700.0,2730.0,268500
2014-01-06,2780.0,2830.0,2753.333251953125,2793.333251953125,572700
2014-01-07,2793.333251953125,2806.666748046875,2750.0,2750.0,396300
2014-01-08,2793.333251953125,2800.0,2773.333251953125,2800.0,219600
2014-01-09,2780.0,2793.333251953125,2760.0,2793.333251953125,194100
2014-01-10,2763.333251953125,2770.0,2730.0,2756.666748046875,364200
2014-01-14,2720.0,2720.0,2680.0,2690.0,349200
2014-01-15,2726.666748046875,2760.0,2696.666748046875,2760.0,329700
2014-01-16,2760.0,2813.333251953125,2746.666748046875,2786.666748046875,352500
2014-01-17,2803.333251953125,2813.333251953125,2766.666748046875,2770.0,204600
2014-01-20,2796.666748046875,2806.666748046875,2753.333251953125,2756.666748046875,229800
2014-01-21,2766.666748046875,2803.333251953125,2766.666748046875,2773.333251953125,192900
2014-01-22,2770.0,2786.666748046875,2733.333251953125,2753.333251953125,228000
2014-01-23,2780.0,2783.333251953125,2706.666748046875,2710.0,241500
2014-01-24,2676.666748046875,2726.666748046875,2670.0,2693.333251953125,320400
2014-01-27,2593.333251953125,2633.333251953125,2593.333251953125,2603.333251953125,364500
2014-01-28,2626.666748046875,2653.333251953125,2616.666748046875,2616.666748046875,249600
2014-01-29,2640.0,2706.666748046875,2640.0,2706.666748046875,216300
2014-01-30,2673.333251953125,2693.333251953125,2650.0,2666.666748046875,376200
2014-01-31,2693.333251953125,2706.666748046875,2640.0,2670.0,291300
2014-02-03,2660.0,2680.0,2623.333251953125,2630.0,448500
2014-02-04,2586.666748046875,2606.666748046875,2443.333251953125,2443.333251953125,946800
2014-02-05,2493.333251953125,2563.333251953125,2466.666748046875,2560.0,706500
2014-02-06,2583.333251953125,2626.666748046875,2553.333251953125,2553.333251953125,276000
2014-02-07,2600.0,2606.666748046875,2546.666748046875,2593.333251953125,299400
2014-02-10,2733.333251953125,2750.0,2663.333251953125,2703.333251953125,528900
2014-02-12,2743.333251953125,2766.666748046875,2706.666748046875,2723.333251953125,314700
2014-02-13,2733.333251953125,2760.0,2686.666748046875,2696.666748046875,339000
2014-02-14,2716.666748046875,2746.666748046875,2640.0,2676.666748046875,352500
2014-02-17,2690.0,2733.333251953125,2656.666748046875,2733.333251953125,195900
2014-02-18,2713.333251953125,2773.333251953125,2703.333251953125,2763.333251953125,308700
2014-02-19,2783.333251953125,2796.666748046875,2760.0,2790.0,359100
2014-02-20,2766.666748046875,2786.666748046875,2736.666748046875,2753.333251953125,305100
2014-02-21,2790.0,2816.666748046875,2766.666748046875,2786.666748046875,310800
2014-02-24,2790.0,2910.0,2783.333251953125,2843.333251953125,798000
2014-02-25,2890.0,2933.333251953125,2873.333251953125,2926.666748046875,449700
2014-02-26,2916.666748046875,2940.0,2893.333251953125,2903.333251953125,410700
2014-02-27,2903.333251953125,2933.333251953125,2876.666748046875,2876.666748046875,515100
2014-02-28,2876.666748046875,2876.666748046875,2806.666748046875,2846.666748046875,706800
2014-03-03,2826.666748046875,2880.0,2816.666748046875,2836.666748046875,349200
2014-03-04,2833.333251953125,2863.333251953125,2800.0,2816.666748046875,450600
2014-03-05,2843.333251953125,2866.666748046875,2740.0,2760.0,794400
2014-03-06,2776.666748046875,2820.0,2750.0,2813.333251953125,345000
2014-03-07,2863.333251953125,2863.333251953125,2790.0,2820.0,255300
2014-03-10,2793.333251953125,2806.666748046875,2763.333251953125,2783.333251953125,311400
2014-03-11,2796.666748046875,2816.666748046875,2756.666748046875,2783.333251953125,261900
2014-03-12,2736.666748046875,2760.0,2710.0,2713.333251953125,224700
2014-03-13,2703.333251953125,2746.666748046875,2703.333251953125,2706.666748046875,230700
2014-03-14,2606.666748046875,2686.666748046875,2586.666748046875,2650.0,809100
2014-03-17,2636.666748046875,2653.333251953125,2593.333251953125,2606.666748046875,226200
2014-03-18,2673.333251953125,2683.333251953125,2636.666748046875,2650.0,212700
2014-03-19,2700.0,2736.666748046875,2666.666748046875,2703.333251953125,432900
2014-03-20,2733.333251953125,2763.333251953125,2703.333251953125,2710.0,417000
2014-03-24,2703.333251953125,2793.333251953125,2703.333251953125,2766.666748046875,438300
2014-03-25,2783.333251953125,2863.333251953125,2776.666748046875,2823.333251953125,598800
2014-03-26,2843.333251953125,2863.333251953125,2776.666748046875,2786.666748046875,646200
2014-03-27,2806.666748046875,2906.666748046875,2800.0,2900.0,535200
2014-03-28,2900.0,2933.333251953125,2866.666748046875,2923.333251953125,761400
2014-03-31,2940.0,3033.333251953125,2940.0,3023.333251953125,910800
2014-04-01,2996.666748046875,2996.666748046875,2936.666748046875,2953.333251953125,772200
2014-04-02,2953.333251953125,2993.333251953125,2920.0,2930.0,658200
2014-04-03,2910.0,2926.666748046875,2886.666748046875,2903.333251953125,664200
2014-04-04,2900.0,2940.0,2883.333251953125,2906.666748046875,337500
2014-04-07,2863.333251953125,2893.333251953125,2850.0,2886.666748046875,414300
2014-04-08,2850.0,2866.666748046875,2830.0,2843.333251953125,360600
2014-04-09,2803.333251953125,2830.0,2803.333251953125,2813.333251953125,537900
2014-04-10,2853.333251953125,2860.0,2806.666748046875,2810.0,408000
2014-04-11,2770.0,2793.333251953125,2726.666748046875,2746.666748046875,678900
2014-04-14,2746.666748046875,2803.333251953125,2723.333251953125,2760.0,430200
2014-04-15,2766.666748046875,2770.0,2733.333251953125,2750.0,357300
2014-04-16,2766.666748046875,2796.666748046875,2736.666748046875,2796.666748046875,580500
2014-04-17,2823.333251953125,2853.333251953125,2806.666748046875,2830.0,391500
2014-04-18,2863.333251953125,2866.666748046875,2803.333251953125,2820.0,228300
2014-04-21,2836.666748046875,2863.333251953125,2826.666748046875,2846.666748046875,261300
2014-04-22,2876.666748046875,2893.333251953125,2863.333251953125,2866.666748046875,438300
2014-04-23,2896.666748046875,2930.0,2896.666748046875,2916.666748046875,427500
2014-04-24,2933.333251953125,2933.333251953125,2913.333251953125,2923.333251953125,330000
2014-04-25,2920.0,2953.333251953125,2900.0,2906.666748046875,600900
2014-04-28,2873.333251953125,2873.333251953125,2780.0,2806.666748046875,578400
2014-04-30,2856.666748046875,2866.666748046875,2810.0,2833.333251953125,362400
2014-05-01,2863.333251953125,2886.666748046875,2820.0,2876.666748046875,409200
2014-05-02,2866.666748046875,2870.0,2833.333251953125,2856.666748046875,307800
2014-05-07,2813.333251953125,2823.333251953125,2783.333251953125,2796.666748046875,685500
2014-05-08,2810.0,2850.0,2786.666748046875,2830.0,399900
2014-05-09,2830.0,2993.333251953125,2826.666748046875,2920.0,837900
2014-05-12,3000.0,3060.0,2943.333251953125,2993.333251953125,752700
2014-05-13,3036.666748046875,3056.666748046875,3000.0,3026.666748046875,302700
2014-05-14,2976.666748046875,2983.333251953125,2933.333251953125,2970.0,597600
2014-05-15,2936.666748046875,3040.0,2920.0,3026.666748046875,418200
2014-05-16,2993.333251953125,3020.0,2973.333251953125,3013.333251953125,397200
2014-05-19,2993.333251953125,3043.333251953125,2983.333251953125,3026.666748046875,361800
2014-05-20,3050.0,3080.0,3023.333251953125,3060.0,460500
2014-05-21,3060.0,3103.333251953125,3046.666748046875,3090.0,701700
2014-05-22,3096.666748046875,3116.666748046875,3053.333251953125,3063.333251953125,468600
2014-05-23,3093.333251953125,3096.666748046875,3040.0,3046.666748046875,579000
2014-05-26,3053.333251953125,3090.0,3033.333251953125,3073.333251953125,635400
2014-05-27,3083.333251953125,3126.666748046875,3073.333251953125,3076.666748046875,404100
2014-05-28,3106.666748046875,3153.333251953125,3103.333251953125,3143.333251953125,377400
2014-05-29,3086.666748046875,3090.0,3020.0,3050.0,822600
2014-05-30,3000.0,3066.666748046875,2950.0,2973.333251953125,1859400
2014-06-02,2953.333251953125,3070.0,2953.333251953125,3036.666748046875,722400
2014-06-03,3086.666748046875,3133.333251953125,3083.333251953125,3123.333251953125,511800
2014-06-04,3100.0,3136.666748046875,3086.666748046875,3093.333251953125,408600
2014-06-05,3070.0,3116.666748046875,3070.0,3086.666748046875,365700
2014-06-06,3100.0,3116.666748046875,3080.0,3090.0,340500
2014-06-09,3100.0,3106.666748046875,3076.666748046875,3103.333251953125,252600
2014-06-10,3103.333251953125,3150.0,3103.333251953125,3133.333251953125,316800
2014-06-11,3153.333251953125,3250.0,3146.666748046875,3246.666748046875,760800
2014-06-12,3226.666748046875,3276.666748046875,3210.0,3240.0,779700
2014-06-13,3246.666748046875,3246.666748046875,3146.666748046875,3196.666748046875,728400
2014-06-16,3180.0,3196.666748046875,3160.0,3180.0,265800
2014-06-17,3180.0,3190.0,3146.666748046875,3166.666748046875,464400
2014-06-18,3166.666748046875,3183.333251953125,3153.333251953125,3173.333251953125,382500
2014-06-19,3196.666748046875,3263.333251953125,3180.0,3260.0,317100
2014-06-20,3266.666748046875,3276.666748046875,3220.0,3270.0,484500
2014-06-23,3273.333251953125,3303.333251953125,3260.0,3296.666748046875,315300
2014-06-24,3306.666748046875,3310.0,3263.333251953125,3283.333251953125,318300
2014-06-25,3266.666748046875,3286.666748046875,3250.0,3256.666748046875,215700
2014-06-26,3276.666748046875,3283.333251953125,3236.666748046875,3263.333251953125,289500
2014-06-27,3290.0,3290.0,3196.666748046875,3226.666748046875,403200
2014-06-30,3253.333251953125,3290.0,3226.666748046875,3260.0,328500
2014-07-01,3283.333251953125,3350.0,3273.333251953125,3310.0,480000
2014-07-02,3323.333251953125,3326.666748046875,3276.666748046875,3290.0,252900
2014-07-03,3286.666748046875,3290.0,3210.0,3220.0,632700
2014-07-04,3250.0,3276.666748046875,3213.333251953125,3230.0,466200
2014-07-07,3236.666748046875,3236.666748046875,3193.333251953125,3233.333251953125,265200
2014-07-08,3200.0,3226.666748046875,3156.666748046875,3203.333251953125,620400
2014-07-09,3170.0,3216.666748046875,3163.333251953125,3183.333251953125,355200
2014-07-10,3203.333251953125,3213.333251953125,3166.666748046875,3180.0,311700
2014-07-11,3150.0,3163.333251953125,3133.333251953125,3160.0,392700
2014-07-14,3163.333251953125,3166.666748046875,3103.333251953125,3136.666748046875,599400
2014-07-15,3186.666748046875,3206.666748046875,3166.666748046875,3180.0,466500
2014-07-16,3203.333251953125,3213.333251953125,3183.333251953125,3193.333251953125,398400
2014-07-17,3186.666748046875,3196.666748046875,3166.666748046875,3190.0,235500
2014-07-18,3160.0,3190.0,3133.333251953125,3183.333251953125,234600
2014-07-22,3216.666748046875,3223.333251953125,3190.0,3210.0,221100
2014-07-23,3223.333251953125,3226.666748046875,3196.666748046875,3206.666748046875,200400
2014-07-24,3210.0,3226.666748046875,3190.0,3210.0,245100
2014-07-25,3190.0,3196.666748046875,3140.0,3156.666748046875,661500
2014-07-28,3156.666748046875,3160.0,3136.666748046875,3146.666748046875,414000
2014-07-29,3123.333251953125,3146.666748046875,3073.333251953125,3130.0,445800
2014-07-30,3126.666748046875,3200.0,3126.666748046875,3183.333251953125,510600
2014-07-31,3203.333251953125,3203.333251953125,3153.333251953125,3160.0,316800
2014-08-01,3110.0,3136.666748046875,3083.333251953125,3106.666748046875,456300
2014-08-04,3116.666748046875,3143.333251953125,3083.333251953125,3103.333251953125,280800
2014-08-05,3253.333251953125,3323.333251953125,3216.666748046875,3263.333251953125,1166700
2014-08-06,3266.666748046875,3286.666748046875,3230.0,3240.0,428400
2014-08-07,3233.333251953125,3250.0,3130.0,3196.666748046875,895200
2014-08-08,3153.333251953125,3210.0,3093.333251953125,3096.666748046875,738900
2014-08-11,3143.333251953125,3170.0,3123.333251953125,3160.0,621900
2014-08-12,3173.333251953125,3173.333251953125,3146.666748046875,3153.333251953125,188700
2014-08-13,3136.666748046875,3260.0,3120.0,3230.0,616200
2014-08-14,3230.0,3246.666748046875,3210.0,3223.333251953125,318000
2014-08-15,3230.0,3250.0,3216.666748046875,3226.666748046875,273600
2014-08-18,3230.0,3233.333251953125,3156.666748046875,3170.0,423300
2014-08-19,3196.666748046875,3203.333251953125,3166.666748046875,3186.666748046875,207300
2014-08-20,3186.666748046875,3230.0,3170.0,3213.333251953125,219000
2014-08-21,3210.0,3240.0,3210.0,3226.666748046875,269400
2014-08-22,3240.0,3243.333251953125,3183.333251953125,3200.0,185400
2014-08-25,3193.333251953125,3196.666748046875,3170.0,3180.0,319500
2014-08-26,3166.666748046875,3183.333251953125,3143.333251953125,3150.0,538500
2014-08-27,3160.0,3176.666748046875,3130.0,3150.0,312900
2014-08-28,3123.333251953125,3123.333251953125,3066.666748046875,3083.333251953125,842700
2014-08-29,3076.666748046875,3136.666748046875,3073.333251953125,3076.666748046875,631500
2014-09-01,3096.666748046875,3130.0,3093.333251953125,3110.0,347400
2014-09-02,3130.0,3173.333251953125,3110.0,3123.333251953125,573600
2014-09-03,3120.0,3126.666748046875,3080.0,3103.333251953125,448200
2014-09-04,3106.666748046875,3130.0,3093.333251953125,3103.333251953125,486600
2014-09-05,3126.666748046875,3153.333251953125,3103.333251953125,3110.0,485100
2014-09-08,3106.666748046875,3120.0,3083.333251953125,3093.333251953125,357600
2014-09-09,3093.333251953125,3110.0,3060.0,3083.333251953125,351000
2014-09-10,3066.666748046875,3083.333251953125,3033.333251953125,3076.666748046875,579300
2014-09-11,3096.666748046875,3096.666748046875,3043.333251953125,3053.333251953125,427500
2014-09-12,3036.666748046875,3040.0,2973.333251953125,3013.333251953125,1060800
2014-09-16,3000.0,3026.666748046875,2983.333251953125,3016.666748046875,548700
2014-09-17,3020.0,3030.0,2996.666748046875,3006.666748046875,281100
2014-09-18,3010.0,3020.0,2986.666748046875,3010.0,353400
2014-09-19,3030.0,3030.0,2993.333251953125,3010.0,447300
2014-09-22,2966.666748046875,2996.666748046875,2953.333251953125,2993.333251953125,391500
2014-09-24,2983.333251953125,3000.0,2976.666748046875,2983.333251953125,259500
2014-09-25,3020.0,3046.666748046875,2993.333251953125,3046.666748046875,413700
2014-09-26,3013.333251953125,3046.666748046875,3010.0,3043.333251953125,452700
2014-09-29,3066.666748046875,3073.333251953125,3060.0,3063.333251953125,368100
2014-09-30,3073.333251953125,3093.333251953125,3023.333251953125,3036.666748046875,696300
2014-10-01,3040.0,3046.666748046875,3000.0,3006.666748046875,261300
2014-10-02,2996.666748046875,3016.666748046875,2906.666748046875,2916.666748046875,529500
2014-10-03,2913.333251953125,2966.666748046875,2913.333251953125,2953.333251953125,373200
2014-10-06,2980.0,2986.666748046875,2953.333251953125,2963.333251953125,357000
2014-10-07,2960.0,2980.0,2950.0,2966.666748046875,456000
2014-10-08,2950.0,3090.0,2950.0,3076.666748046875,1211400
2014-10-09,3066.666748046875,3080.0,3006.666748046875,3013.333251953125,658500
2014-10-10,2963.333251953125,3010.0,2963.333251953125,2986.666748046875,527400
2014-10-14,2943.333251953125,2986.666748046875,2940.0,2943.333251953125,500100
2014-10-15,2966.666748046875,2970.0,2923.333251953125,2930.0,391200
2014-10-16,2866.666748046875,2896.666748046875,2863.333251953125,2866.666748046875,466500
2014-10-17,2883.333251953125,2893.333251953125,2840.0,2843.333251953125,457800
2014-10-20,2926.666748046875,2926.666748046875,2870.0,2896.666748046875,696600
2014-10-21,2913.333251953125,2943.333251953125,2873.333251953125,2886.666748046875,723000
2014-10-22,2980.0,3060.0,2976.666748046875,3053.333251953125,606000
2014-10-23,3056.666748046875,3056.666748046875,3016.666748046875,3030.0,263400
2014-10-24,3060.0,3083.333251953125,3043.333251953125,3076.666748046875,357000
2014-10-27,3090.0,3130.0,3083.333251953125,3123.333251953125,315000
2014-10-28,3143.333251953125,3153.333251953125,3096.666748046875,3120.0,445800
2014-10-29,3156.666748046875,3163.333251953125,3100.0,3146.666748046875,548100
2014-10-30,3163.333251953125,3190.0,3136.666748046875,3153.333251953125,1479000
2014-10-31,3183.333251953125,3276.666748046875,3150.0,3270.0,681300
2014-11-04,3400.0,3400.0,3286.666748046875,3296.666748046875,552000
2014-11-05,3296.666748046875,3330.0,3083.333251953125,3100.0,1490400
2014-11-06,3100.0,3100.0,2916.666748046875,2923.333251953125,1791900
2014-11-07,2933.333251953125,2973.333251953125,2913.333251953125,2940.0,980400
2014-11-10,2940.0,2956.666748046875,2906.666748046875,2930.0,921900
2014-11-11,2926.666748046875,2950.0,2903.333251953125,2926.666748046875,622200
2014-11-12,2963.333251953125,2970.0,2913.333251953125,2920.0,613800
2014-11-13,2903.333251953125,2933.333251953125,2870.0,2913.333251953125,595200
2014-11-14,2950.0,2950.0,2916.666748046875,2946.666748046875,484200
2014-11-17,2956.666748046875,2956.666748046875,2883.333251953125,2890.0,642000
2014-11-18,2910.0,2946.666748046875,2910.0,2943.333251953125,460800
2014-11-19,2986.666748046875,3016.666748046875,2910.0,2920.0,896400
2014-11-20,2953.333251953125,2986.666748046875,2936.666748046875,2980.0,722400
2014-11-21,3003.333251953125,3016.666748046875,2966.666748046875,3006.666748046875,711900
2014-11-25,2976.666748046875,2996.666748046875,2950.0,2960.0,516300
2014-11-26,2946.666748046875,2976.666748046875,2933.333251953125,2950.0,504000
2014-11-27,2940.0,2950.0,2873.333251953125,2896.666748046875,676500
2014-11-28,2913.333251953125,2946.666748046875,2906.666748046875,2940.0,480600
2014-12-01,2966.666748046875,3030.0,2953.333251953125,3023.333251953125,1003500
2014-12-02,3040.0,3110.0,3023.333251953125,3096.666748046875,919500
2014-12-03,3103.333251953125,3113.333251953125,3000.0,3006.666748046875,919200
2014-12-04,2986.666748046875,3030.0,2960.0,2970.0,696600
2014-12-05,2983.333251953125,2983.333251953125,2903.333251953125,2913.333251953125,689700
2014-12-08,2893.333251953125,2906.666748046875,2810.0,2823.333251953125,1318500
2014-12-09,2800.0,2830.0,2786.666748046875,2820.0,680100
2014-12-10,2796.666748046875,2820.0,2766.666748046875,2776.666748046875,615900
2014-12-11,2746.666748046875,2753.333251953125,2713.333251953125,2736.666748046875,836400
2014-12-12,2716.666748046875,2733.333251953125,2710.0,2716.666748046875,663600
2014-12-15,2703.333251953125,2713.333251953125,2686.666748046875,2696.666748046875,493500
2014-12-16,2670.0,2690.0,2646.666748046875,2656.666748046875,493500
2014-12-17,2666.666748046875,2683.333251953125,2636.666748046875,2650.0,527400
2014-12-18,2726.666748046875,2726.666748046875,2693.333251953125,2726.666748046875,644100
2014-12-19,2756.666748046875,2780.0,2680.0,2703.333251953125,639300
2014-12-22,2680.0,2690.0,2620.0,2676.666748046875,892500
2014-12-24,2726.666748046875,2746.666748046875,2686.666748046875,2713.333251953125,381300
2014-12-25,2703.333251953125,2710.0,2670.0,2686.666748046875,326100
2014-12-26,2673.333251953125,2723.333251953125,2673.333251953125,2713.333251953125,317400
2014-12-29,2716.666748046875,2720.0,2613.333251953125,2650.0,1025100
2014-12-30,2686.666748046875,2730.0,2666.666748046875,2710.0,761700
2015-01-05,2686.666748046875,2706.666748046875,2653.333251953125,2660.0,581100
2015-01-06,2620.0,2643.333251953125,2606.666748046875,2606.666748046875,644100
2015-01-07,2596.666748046875,2606.666748046875,2560.0,2570.0,669300
2015-01-08,2563.333251953125,2576.666748046875,2490.0,2496.666748046875,1013400
2015-01-09,2500.0,2506.666748046875,2456.666748046875,2486.666748046875,1329000
2015-01-13,2466.666748046875,2506.666748046875,2460.0,2503.333251953125,819300
2015-01-14,2483.333251953125,2523.333251953125,2480.0,2513.333251953125,795600
2015-01-15,2503.333251953125,2583.333251953125,2503.333251953125,2563.333251953125,724500
2015-01-16,2550.0,2560.0,2510.0,2550.0,558900
2015-01-19,2590.0,2623.333251953125,2573.333251953125,2616.666748046875,561900
2015-01-20,2633.333251953125,2653.333251953125,2620.0,2646.666748046875,492900
2015-01-21,2643.333251953125,2643.333251953125,2596.666748046875,2606.666748046875,403200
2015-01-22,2600.0,2610.0,2543.333251953125,2566.666748046875,564300
2015-01-23,2606.666748046875,2656.666748046875,2600.0,2656.666748046875,385200
2015-01-26,2610.0,2626.666748046875,2586.666748046875,2606.666748046875,309300
2015-01-27,2616.666748046875,2630.0,2596.666748046875,2626.666748046875,466800
2015-01-28,2620.0,2666.666748046875,2606.666748046875,2660.0,428100
2015-01-29,2640.0,2673.333251953125,2636.666748046875,2643.333251953125,357900
2015-01-30,2653.333251953125,2673.333251953125,2640.0,2643.333251953125,405600
2015-02-02,2613.333251953125,2630.0,2606.666748046875,2626.666748046875,363900
2015-02-03,2643.333251953125,2676.666748046875,2640.0,2660.0,630900
2015-02-04,2686.666748046875,2786.666748046875,2683.333251953125,2763.333251953125,913200
2015-02-05,2810.0,2810.0,2750.0,2773.333251953125,738000
2015-02-06,2766.666748046875,2843.333251953125,2720.0,2843.333251953125,929700
2015-02-09,2820.0,2830.0,2773.333251953125,2793.333251953125,1352400
2015-02-10,2743.333251953125,2843.333251953125,2743.333251953125,2836.666748046875,568200
2015-02-12,2846.666748046875,2866.666748046875,2790.0,2810.0,578700
2015-02-13,2806.666748046875,2833.333251953125,2803.333251953125,2826.666748046875,312900
2015-02-16,2830.0,2833.333251953125,2800.0,2820.0,416100
2015-02-17,2833.333251953125,2863.333251953125,2820.0,2846.666748046875,453300
2015-02-18,2843.333251953125,2846.666748046875,2766.666748046875,2773.333251953125,829500
2015-02-19,2773.333251953125,2773.333251953125,2723.333251953125,2746.666748046875,727500
2015-02-20,2746.666748046875,2800.0,2723.333251953125,2793.333251953125,668700
2015-02-23,2806.666748046875,2826.666748046875,2790.0,2813.333251953125,398100
2015-02-24,2796.666748046875,2810.0,2786.666748046875,2810.0,354300
2015-02-25,2816.666748046875,2840.0,2803.333251953125,2840.0,442800
2015-02-26,2803.333251953125,2840.0,2786.666748046875,2833.333251953125,422400
2015-02-27,2843.333251953125,2853.333251953125,2796.666748046875,2806.666748046875,656100
2015-03-02,2810.0,2860.0,2803.333251953125,2856.666748046875,520200
2015-03-03,2856.666748046875,2860.0,2833.333251953125,2850.0,432900
2015-03-04,2846.666748046875,2880.0,2830.0,2873.333251953125,472500
2015-03-05,2830.0,2840.0,2790.0,2830.0,777000
2015-03-06,2836.666748046875,2856.666748046875,2820.0,2856.666748046875,563100
2015-03-09,2853.333251953125,2856.666748046875,2823.333251953125,2833.333251953125,453300
2015-03-10,2836.666748046875,2846.666748046875,2813.333251953125,2833.333251953125,702000
2015-03-11,2823.333251953125,2856.666748046875,2793.333251953125,2846.666748046875,543000
2015-03-12,2866.666748046875,2906.666748046875,2853.333251953125,2896.666748046875,411900
2015-03-13,2916.666748046875,2926.666748046875,2883.333251953125,2913.333251953125,740700
2015-03-16,2923.333251953125,2983.333251953125,2906.666748046875,2980.0,669600
2015-03-17,2993.333251953125,3010.0,2973.333251953125,2976.666748046875,555600
2015-03-18,2980.0,2983.333251953125,2933.333251953125,2976.666748046875,378000
2015-03-19,2976.666748046875,2983.333251953125,2930.0,2966.666748046875,343500
2015-03-20,2966.666748046875,3016.666748046875,2946.666748046875,3016.666748046875,462900
2015-03-23,3043.333251953125,3066.666748046875,3030.0,3066.666748046875,501900
2015-03-24,2966.666748046875,3050.0,2966.666748046875,3033.333251953125,870900
2015-03-25,3026.666748046875,3036.666748046875,2956.666748046875,3003.333251953125,673500
2015-03-26,2963.333251953125,2996.666748046875,2950.0,2973.333251953125,530400
2015-03-27,2966.666748046875,3020.0,2940.0,2960.0,418800
2015-03-30,2970.0,2970.0,2910.0,2930.0,458700
2015-03-31,2976.666748046875,2990.0,2950.0,2970.0,468000
2015-04-01,2903.333251953125,2943.333251953125,2863.333251953125,2913.333251953125,732000
2015-04-02,2930.0,2976.666748046875,2923.333251953125,2953.333251953125,637200
2015-04-03,2960.0,2976.666748046875,2940.0,2946.666748046875,245100
2015-04-06,2933.333251953125,2943.333251953125,2873.333251953125,2890.0,291600
2015-04-07,2876.666748046875,2940.0,2840.0,2923.333251953125,639900
2015-04-08,2963.333251953125,3006.666748046875,2960.0,2980.0,743100
2015-04-09,3006.666748046875,3006.666748046875,2936.666748046875,2960.0,306600
2015-04-10,2943.333251953125,2943.333251953125,2893.333251953125,2923.333251953125,419700
2015-04-13,2973.333251953125,2983.333251953125,2960.0,2976.666748046875,379500
2015-04-14,3000.0,3016.666748046875,2980.0,3010.0,264000
2015-04-15,3003.333251953125,3036.666748046875,2973.333251953125,3030.0,302100
2015-04-16,3030.0,3096.666748046875,3023.333251953125,3093.333251953125,449400
2015-04-17,3110.0,3143.333251953125,3100.0,3116.666748046875,592500
2015-04-20,3050.0,3080.0,3000.0,3013.333251953125,405000
2015-04-21,3020.0,3033.333251953125,2996.666748046875,3030.0,371100
2015-04-22,3016.666748046875,3060.0,3003.333251953125,3053.333251953125,288300
2015-04-23,3080.0,3090.0,3056.666748046875,3073.333251953125,237000
2015-04-24,3073.333251953125,3073.333251953125,3020.0,3033.333251953125,247200
2015-04-27,3050.0,3090.0,3033.333251953125,3083.333251953125,228000
2015-04-28,3083.333251953125,3090.0,3056.666748046875,3066.666748046875,174900
2015-04-30,3066.666748046875,3070.0,3020.0,3040.0,306900
2015-05-01,3033.333251953125,3053.333251953125,2946.666748046875,3013.333251953125,451800
2015-05-07,3000.0,3040.0,2916.666748046875,2930.0,548700
2015-05-08,2950.0,3143.333251953125,2950.0,3130.0,990600
2015-05-11,3070.0,3126.666748046875,3016.666748046875,3046.666748046875,796500
2015-05-12,3090.0,3096.666748046875,3020.0,3030.0,714900
2015-05-13,3013.333251953125,3146.666748046875,3010.0,3136.666748046875,622200
2015-05-14,3133.333251953125,3136.666748046875,3113.333251953125,3123.333251953125,297300
2015-05-15,3126.666748046875,3140.0,3066.666748046875,3103.333251953125,355200
2015-05-18,3136.666748046875,3183.333251953125,3126.666748046875,3176.666748046875,339900
2015-05-19,3166.666748046875,3213.333251953125,3153.333251953125,3163.333251953125,302400
2015-05-20,3203.333251953125,3240.0,3196.666748046875,3230.0,493800
2015-05-21,3230.0,3260.0,3230.0,3240.0,436800
2015-05-22,3243.333251953125,3266.666748046875,3226.666748046875,3260.0,252000
2015-05-25,3280.0,3346.666748046875,3266.666748046875,3323.333251953125,352800
2015-05-26,3323.333251953125,3330.0,3236.666748046875,3246.666748046875,419700
2015-05-27,3200.0,3236.666748046875,3170.0,3196.666748046875,434400
2015-05-28,3220.0,3223.333251953125,3180.0,3216.666748046875,414000
2015-05-29,3186.666748046875,3220.0,3170.0,3190.0,468900
2015-06-01,3093.333251953125,3183.333251953125,3093.333251953125,3153.333251953125,577500
2015-06-02,3146.666748046875,3206.666748046875,3146.666748046875,3193.333251953125,354600
2015-06-03,3190.0,3223.333251953125,3190.0,3196.666748046875,280800
2015-06-04,3206.666748046875,3253.333251953125,3186.666748046875,3250.0,246300
2015-06-05,3206.666748046875,3263.333251953125,3206.666748046875,3243.333251953125,234000
2015-06-08,3196.666748046875,3210.0,3146.666748046875,3173.333251953125,386700
2015-06-09,3140.0,3153.333251953125,3090.0,3093.333251953125,349200
2015-06-10,3093.333251953125,3116.666748046875,3063.333251953125,3076.666748046875,475800
2015-06-11,3116.666748046875,3143.333251953125,3113.333251953125,3133.333251953125,200700
2015-06-12,3103.333251953125,3126.666748046875,3093.333251953125,3100.0,515100
2015-06-15,3100.0,3120.0,3090.0,3116.666748046875,273300
2015-06-16,3116.666748046875,3120.0,3070.0,3076.666748046875,299100
2015-06-17,3076.666748046875,3106.666748046875,3053.333251953125,3060.0,280500
2015-06-18,3080.0,3186.666748046875,3063.333251953125,3163.333251953125,637200
2015-06-19,3213.333251953125,3253.333251953125,3186.666748046875,3246.666748046875,619200
2015-06-22,3220.0,3276.666748046875,3213.333251953125,3270.0,431400
2015-06-23,3306.666748046875,3383.333251953125,3283.333251953125,3360.0,715800
2015-06-24,3360.0,3373.333251953125,3296.666748046875,3313.333251953125,340200
2015-06-25,3266.666748046875,3356.666748046875,3266.666748046875,3326.666748046875,372600
2015-06-26,3333.333251953125,3333.333251953125,3270.0,3320.0,285300
2015-06-29,3223.333251953125,3263.333251953125,3220.0,3226.666748046875,298500
2015-06-30,3240.0,3243.333251953125,3193.333251953125,3216.666748046875,324300
2015-07-01,3216.666748046875,3236.666748046875,3190.0,3210.0,280500
2015-07-02,3246.666748046875,3300.0,3246.666748046875,3276.666748046875,285900
2015-07-03,3276.666748046875,3276.666748046875,3223.333251953125,3230.0,215400
2015-07-06,3190.0,3230.0,3173.333251953125,3186.666748046875,193200
2015-07-07,3236.666748046875,3270.0,3226.666748046875,3250.0,259200
2015-07-08,3246.666748046875,3246.666748046875,3043.333251953125,3043.333251953125,696300
2015-07-09,2976.666748046875,2993.333251953125,2910.0,2990.0,575100
2015-07-10,3020.0,3083.333251953125,3016.666748046875,3036.666748046875,364800
2015-07-13,3090.0,3133.333251953125,3066.666748046875,3113.333251953125,380700
2015-07-14,3186.666748046875,3206.666748046875,3113.333251953125,3126.666748046875,729000
2015-07-15,3146.666748046875,3196.666748046875,3130.0,3196.666748046875,323400
2015-07-16,3213.333251953125,3223.333251953125,3153.333251953125,3156.666748046875,395700
2015-07-17,3156.666748046875,3160.0,3100.0,3106.666748046875,232200
2015-07-21,3120.0,3163.333251953125,3113.333251953125,3130.0,275700
2015-07-22,3100.0,3126.666748046875,3093.333251953125,3113.333251953125,202500
2015-07-23,3106.666748046875,3106.666748046875,3043.333251953125,3060.0,504000
2015-07-24,3066.666748046875,3096.666748046875,3053.333251953125,3090.0,235500
2015-07-27,3066.666748046875,3086.666748046875,3036.666748046875,3073.333251953125,194700
2015-07-28,3050.0,3060.0,3000.0,3043.333251953125,325200
2015-07-29,3043.333251953125,3076.666748046875,2966.666748046875,2976.666748046875,534900
2015-07-30,2976.666748046875,2986.666748046875,2930.0,2940.0,501900
2015-07-31,2943.333251953125,2943.333251953125,2916.666748046875,2923.333251953125,546900
2015-08-03,2920.0,2960.0,2903.333251953125,2936.666748046875,431400
2015-08-04,2900.0,2956.666748046875,2860.0,2930.0,603600
2015-08-05,3160.0,3256.666748046875,3140.0,3243.333251953125,1395300
2015-08-06,3260.0,3326.666748046875,3220.0,3253.333251953125,724500
2015-08-07,3240.0,3293.333251953125,3233.333251953125,3246.666748046875,466200
2015-08-10,3196.666748046875,3243.333251953125,3153.333251953125,3243.333251953125,579300
2015-08-11,3250.0,3260.0,3210.0,3253.333251953125,286200
2015-08-12,3230.0,3283.333251953125,3230.0,3253.333251953125,486000
2015-08-13,3206.666748046875,3210.0,3136.666748046875,3183.333251953125,574500
2015-08-14,3183.333251953125,3200.0,3143.333251953125,3190.0,169200
2015-08-17,3186.666748046875,3253.333251953125,3176.666748046875,3243.333251953125,297000
2015-08-18,3230.0,3246.666748046875,3203.333251953125,3203.333251953125,207900
2015-08-19,3180.0,3213.333251953125,3126.666748046875,3143.333251953125,255000
2015-08-20,3136.666748046875,3180.0,3120.0,3150.0,265500
2015-08-21,3116.666748046875,3180.0,3106.666748046875,3133.333251953125,745500
2015-08-24,3083.333251953125,3083.333251953125,2916.666748046875,2916.666748046875,510600
2015-08-25,2816.666748046875,2930.0,2776.666748046875,2783.333251953125,595500
2015-08-26,2806.666748046875,2910.0,2770.0,2886.666748046875,600900
2015-08-27,2936.666748046875,3040.0,2923.333251953125,2973.333251953125,647700
2015-08-28,3033.333251953125,3060.0,2976.666748046875,3000.0,600600
2015-08-31,3000.0,3036.666748046875,2980.0,3030.0,455700
2015-09-01,3030.0,3040.0,2926.666748046875,2926.666748046875,562500
2015-09-02,2876.666748046875,2973.333251953125,2870.0,2913.333251953125,548400
2015-09-03,2963.333251953125,3020.0,2896.666748046875,2903.333251953125,577200
2015-09-04,2946.666748046875,2946.666748046875,2840.0,2866.666748046875,355500
2015-09-07,2910.0,3003.333251953125,2910.0,2956.666748046875,587400
2015-09-08,2933.333251953125,2933.333251953125,2843.333251953125,2853.333251953125,439500
2015-09-09,2966.666748046875,3033.333251953125,2923.333251953125,3033.333251953125,556800
2015-09-10,2983.333251953125,3070.0,2950.0,3060.0,466200
2015-09-11,3096.666748046875,3160.0,3083.333251953125,3136.666748046875,771000
2015-09-14,3160.0,3160.0,3093.333251953125,3130.0,398700
2015-09-15,3156.666748046875,3156.666748046875,3010.0,3036.666748046875,624000
2015-09-16,3073.333251953125,3083.333251953125,2960.0,3013.333251953125,618600
2015-09-17,3040.0,3046.666748046875,3003.333251953125,3036.666748046875,566100
2015-09-18,3003.333251953125,3063.333251953125,2993.333251953125,3020.0,407100
2015-09-24,2970.0,3013.333251953125,2936.666748046875,2936.666748046875,375300
2015-09-25,2953.333251953125,3086.666748046875,2940.0,3083.333251953125,611700
2015-09-28,3116.666748046875,3163.333251953125,3086.666748046875,3100.0,543300
2015-09-29,3060.0,3066.666748046875,2956.666748046875,2963.333251953125,565500
2015-09-30,3013.333251953125,3050.0,2976.666748046875,3033.333251953125,498000
2015-10-01,3066.666748046875,3163.333251953125,3063.333251953125,3140.0,604200
2015-10-02,3150.0,3180.0,3106.666748046875,3126.666748046875,402300
2015-10-05,3176.666748046875,3186.666748046875,3143.333251953125,3183.333251953125,369900
2015-10-06,3230.0,3243.333251953125,3150.0,3196.666748046875,374400
2015-10-07,3190.0,3206.666748046875,3153.333251953125,3200.0,351000
2015-10-08,3233.333251953125,3246.666748046875,3163.333251953125,3170.0,471000
2015-10-09,3196.666748046875,3233.333251953125,3153.333251953125,3226.666748046875,424200
2015-10-13,3233.333251953125,3296.666748046875,3233.333251953125,3290.0,345300
2015-10-14,3240.0,3283.333251953125,3193.333251953125,3216.666748046875,337500
2015-10-15,3180.0,3260.0,3163.333251953125,3236.666748046875,180000
2015-10-16,3266.666748046875,3286.666748046875,3230.0,3243.333251953125,252300
2015-10-19,3236.666748046875,3280.0,3233.333251953125,3256.666748046875,213600
2015-10-20,3280.0,3280.0,3213.333251953125,3236.666748046875,212700
2015-10-21,3240.0,3283.333251953125,3240.0,3273.333251953125,354600
2015-10-22,3243.333251953125,3270.0,3220.0,3226.666748046875,187800
2015-10-23,3270.0,3270.0,3220.0,3250.0,453000
2015-10-26,3306.666748046875,3310.0,3270.0,3286.666748046875,313800
2015-10-27,3266.666748046875,3276.666748046875,3233.333251953125,3233.333251953125,339300
2015-10-28,3233.333251953125,3253.333251953125,3176.666748046875,3186.666748046875,589500
2015-10-29,3216.666748046875,3226.666748046875,3180.0,3193.333251953125,519600
2015-10-30,3196.666748046875,3233.333251953125,3176.666748046875,3210.0,538800
2015-11-02,3150.0,3170.0,3133.333251953125,3143.333251953125,571800
2015-11-04,3223.333251953125,3240.0,3193.333251953125,3216.666748046875,584100
2015-11-05,3246.666748046875,3353.333251953125,3196.666748046875,3320.0,594000
2015-11-06,3570.0,3570.0,3430.0,3500.0,667200
2015-11-09,3600.0,3600.0,3496.666748046875,3513.333251953125,730500
2015-11-10,3456.666748046875,3496.666748046875,3440.0,3496.666748046875,453000
2015-11-11,3486.666748046875,3506.666748046875,3453.333251953125,3496.666748046875,372300
2015-11-12,3500.0,3516.666748046875,3466.666748046875,3470.0,323400
2015-11-13,3426.666748046875,3506.666748046875,3416.666748046875,3493.333251953125,385500
2015-11-16,3433.333251953125,3483.333251953125,3426.666748046875,3470.0,212700
2015-11-17,3506.666748046875,3523.333251953125,3483.333251953125,3493.333251953125,235500
2015-11-18,3516.666748046875,3523.333251953125,3490.0,3500.0,222600
2015-11-19,3540.0,3566.666748046875,3510.0,3556.666748046875,326100
2015-11-20,3583.333251953125,3660.0,3570.0,3606.666748046875,467100
2015-11-24,3640.0,3800.0,3630.0,3746.666748046875,947700
2015-11-25,3720.0,3720.0,3640.0,3670.0,323700
2015-11-26,3693.333251953125,3783.333251953125,3656.666748046875,3750.0,291900
2015-11-27,3773.333251953125,3773.333251953125,3646.666748046875,3700.0,440100
2015-11-30,3630.0,3706.666748046875,3630.0,3673.333251953125,629100
2015-12-01,3666.666748046875,3726.666748046875,3636.666748046875,3726.666748046875,398700
2015-12-02,3713.333251953125,3723.333251953125,3663.333251953125,3663.333251953125,497400
2015-12-03,3696.666748046875,3796.666748046875,3673.333251953125,3790.0,1000200
2015-12-04,3723.333251953125,3736.666748046875,3646.666748046875,3666.666748046875,369000
2015-12-07,3736.666748046875,3756.666748046875,3670.0,3676.666748046875,353700
2015-12-08,3683.333251953125,3706.666748046875,3603.333251953125,3613.333251953125,564000
2015-12-09,3566.666748046875,3643.333251953125,3560.0,3596.666748046875,292800
2015-12-10,3563.333251953125,3600.0,3563.333251953125,3570.0,275100
2015-12-11,3533.333251953125,3603.333251953125,3523.333251953125,3603.333251953125,457200
2015-12-14,3533.333251953125,3533.333251953125,3463.333251953125,3533.333251953125,492000
2015-12-15,3530.0,3573.333251953125,3456.666748046875,3463.333251953125,422700
2015-12-16,3533.333251953125,3550.0,3496.666748046875,3546.666748046875,480300
2015-12-17,3620.0,3646.666748046875,3583.333251953125,3593.333251953125,388200
2015-12-18,3600.0,3620.0,3533.333251953125,3540.0,437400
2015-12-21,3540.0,3546.666748046875,3473.333251953125,3520.0,523500
2015-12-22,3550.0,3570.0,3513.333251953125,3566.666748046875,325500
2015-12-24,3616.666748046875,3643.333251953125,3510.0,3526.666748046875,338400
2015-12-25,3526.666748046875,3526.666748046875,3526.666748046875,3526.666748046875,0
2015-12-28,3550.0,3553.333251953125,3500.0,3530.0,236100
2015-12-29,3563.333251953125,3613.333251953125,3543.333251953125,3596.666748046875,256200
2015-12-30,3600.0,3636.666748046875,3580.0,3593.333251953125,259200
2016-01-04,3593.333251953125,3606.666748046875,3486.666748046875,3500.0,297900
2016-01-05,3500.0,3570.0,3486.666748046875,3533.333251953125,300000
2016-01-06,3533.333251953125,3540.0,3456.666748046875,3503.333251953125,347400
2016-01-07,3510.0,3566.666748046875,3483.333251953125,3490.0,435600
2016-01-08,3466.666748046875,3496.666748046875,3423.333251953125,3433.333251953125,529500
2016-01-12,3420.0,3456.666748046875,3376.666748046875,3390.0,755400
2016-01-13,3463.333251953125,3610.0,3463.333251953125,3563.333251953125,714000
2016-01-14,3463.333251953125,3503.333251953125,3430.0,3493.333251953125,444300
2016-01-15,3566.666748046875,3616.666748046875,3546.666748046875,3603.333251953125,597300
2016-01-18,3503.333251953125,3570.0,3500.0,3553.333251953125,482100
2016-01-19,3536.666748046875,3596.666748046875,3513.333251953125,3536.666748046875,615600
2016-01-20,3516.666748046875,3543.333251953125,3373.333251953125,3380.0,627300
2016-01-21,3373.333251953125,3460.0,3306.666748046875,3306.666748046875,399600
2016-01-22,3353.333251953125,3440.0,3323.333251953125,3430.0,682200
2016-01-25,3506.666748046875,3553.333251953125,3466.666748046875,3496.666748046875,517800
2016-01-26,3440.0,3486.666748046875,3363.333251953125,3373.333251953125,582900
2016-01-27,3496.666748046875,3536.666748046875,3480.0,3530.0,515700
2016-01-28,3530.0,3600.0,3493.333251953125,3566.666748046875,370500
2016-01-29,3616.666748046875,3653.333251953125,3493.333251953125,3646.666748046875,710400
2016-02-01,3666.666748046875,3746.666748046875,3650.0,3680.0,584700
2016-02-02,3646.666748046875,3723.333251953125,3636.666748046875,3690.0,283500
2016-02-03,3633.333251953125,3686.666748046875,3593.333251953125,3673.333251953125,572700
2016-02-04,3633.333251953125,3666.666748046875,3563.333251953125,3600.0,316500
2016-02-05,3536.666748046875,3593.333251953125,3510.0,3566.666748046875,361200
2016-02-08,3366.666748046875,3403.333251953125,3330.0,3380.0,863700
2016-02-09,3290.0,3300.0,3230.0,3273.333251953125,612600
2016-02-10,3306.666748046875,3323.333251953125,3170.0,3230.0,659400
2016-02-12,3160.0,3173.333251953125,3050.0,3070.0,590400
2016-02-15,3220.0,3326.666748046875,3166.666748046875,3300.0,498300
2016-02-16,3253.333251953125,3276.666748046875,3203.333251953125,3220.0,514500
2016-02-17,3240.0,3286.666748046875,3170.0,3216.666748046875,420000
2016-02-18,3306.666748046875,3306.666748046875,3216.666748046875,3223.333251953125,438900
2016-02-19,3200.0,3236.666748046875,3163.333251953125,3210.0,259200
2016-02-22,3176.666748046875,3266.666748046875,3163.333251953125,3246.666748046875,326100
2016-02-23,3246.666748046875,3266.666748046875,3173.333251953125,3226.666748046875,429600
2016-02-24,3160.0,3246.666748046875,3153.333251953125,3200.0,398700
2016-02-25,3250.0,3350.0,3250.0,3333.333251953125,502800
2016-02-26,3333.333251953125,3340.0,3260.0,3300.0,420300
2016-02-29,3350.0,3350.0,3236.666748046875,3236.666748046875,379200
2016-03-01,3226.666748046875,3313.333251953125,3210.0,3286.666748046875,345900
2016-03-02,3423.333251953125,3453.333251953125,3370.0,3420.0,669900
2016-03-03,3416.666748046875,3416.666748046875,3323.333251953125,3393.333251953125,578700
2016-03-04,3376.666748046875,3423.333251953125,3313.333251953125,3420.0,882300
2016-03-07,3413.333251953125,3413.333251953125,3286.666748046875,3316.666748046875,635400
2016-03-08,3273.333251953125,3326.666748046875,3216.666748046875,3296.666748046875,618000
2016-03-09,3273.333251953125,3326.666748046875,3260.0,3290.0,318000
2016-03-10,3316.666748046875,3450.0,3310.0,3426.666748046875,782400
2016-03-11,3403.333251953125,3476.666748046875,3380.0,3440.0,767700
2016-03-14,3440.0,3466.666748046875,3313.333251953125,3356.666748046875,907200
2016-03-15,3340.0,3380.0,3310.0,3370.0,864300
2016-03-16,3326.666748046875,3386.666748046875,3326.666748046875,3343.333251953125,358500
2016-03-17,3360.0,3373.333251953125,3310.0,3340.0,644100
2016-03-18,3320.0,3336.666748046875,3280.0,3313.333251953125,376500
2016-03-22,3356.666748046875,3363.333251953125,3306.666748046875,3356.666748046875,431100
2016-03-23,3323.333251953125,3363.333251953125,3323.333251953125,3343.333251953125,415500
2016-03-24,3346.666748046875,3383.333251953125,3320.0,3326.666748046875,605700
2016-03-25,3363.333251953125,3426.666748046875,3353.333251953125,3383.333251953125,507300
2016-03-28,3396.666748046875,3410.0,3340.0,3403.333251953125,531600
2016-03-29,3453.333251953125,3453.333251953125,3373.333251953125,3426.666748046875,372300
2016-03-30,3426.666748046875,3463.333251953125,3400.0,3400.0,384300
2016-03-31,3423.333251953125,3440.0,3313.333251953125,3313.333251953125,590700
2016-04-01,3300.0,3300.0,3236.666748046875,3250.0,507900
2016-04-04,3256.666748046875,3313.333251953125,3240.0,3253.333251953125,387300
2016-04-05,3246.666748046875,3263.333251953125,3176.666748046875,3186.666748046875,342900
2016-04-06,3173.333251953125,3203.333251953125,3153.333251953125,3193.333251953125,336900
2016-04-07,3163.333251953125,3220.0,3160.0,3210.0,297000
2016-04-08,3160.0,3276.666748046875,3143.333251953125,3243.333251953125,539100
2016-04-11,3200.0,3233.333251953125,3146.666748046875,3216.666748046875,392700
2016-04-12,3206.666748046875,3223.333251953125,3176.666748046875,3213.333251953125,274800
2016-04-13,3233.333251953125,3250.0,3210.0,3243.333251953125,367200
2016-04-14,3313.333251953125,3356.666748046875,3280.0,3350.0,440100
2016-04-15,3303.333251953125,3353.333251953125,3303.333251953125,3340.0,213600
2016-04-18,3240.0,3323.333251953125,3236.666748046875,3303.333251953125,309300
2016-04-19,3343.333251953125,3360.0,3313.333251953125,3333.333251953125,323700
2016-04-20,3333.333251953125,3356.666748046875,3310.0,3316.666748046875,487200
2016-04-21,3366.666748046875,3376.666748046875,3326.666748046875,3350.0,416700
2016-04-22,3330.0,3376.666748046875,3330.0,3370.0,481200
2016-04-25,3370.0,3373.333251953125,3316.666748046875,3326.666748046875,328800
2016-04-26,3333.333251953125,3353.333251953125,3290.0,3320.0,239100
2016-04-27,3323.333251953125,3333.333251953125,3296.666748046875,3326.666748046875,267000
2016-04-28,3353.333251953125,3383.333251953125,3253.333251953125,3256.666748046875,387300
2016-05-02,3093.333251953125,3160.0,3086.666748046875,3160.0,503400
2016-05-06,3140.0,3176.666748046875,3133.333251953125,3153.333251953125,377700
2016-05-09,3203.333251953125,3250.0,3186.666748046875,3223.333251953125,471300
2016-05-10,3200.0,3360.0,3110.0,3310.0,739200
2016-05-11,3323.333251953125,3323.333251953125,3163.333251953125,3190.0,811200
2016-05-12,3140.0,3180.0,3123.333251953125,3166.666748046875,433800
2016-05-13,3163.333251953125,3163.333251953125,3110.0,3116.666748046875,664500
2016-05-16,3116.666748046875,3166.666748046875,3100.0,3103.333251953125,511800
2016-05-17,3116.666748046875,3156.666748046875,3083.333251953125,3143.333251953125,352500
2016-05-18,3130.0,3190.0,3123.333251953125,3153.333251953125,576300
2016-05-19,3170.0,3183.333251953125,3126.666748046875,3143.333251953125,440100
2016-05-20,3143.333251953125,3173.333251953125,3110.0,3130.0,362400
2016-05-23,3120.0,3126.666748046875,3066.666748046875,3100.0,451200
2016-05-24,3096.666748046875,3116.666748046875,3070.0,3083.333251953125,391500
2016-05-25,3123.333251953125,3163.333251953125,3120.0,3136.666748046875,319800
2016-05-26,3166.666748046875,3186.666748046875,3136.666748046875,3146.666748046875,262800
2016-05-27,3160.0,3190.0,3143.333251953125,3163.333251953125,254700
2016-05-30,3173.333251953125,3183.333251953125,3143.333251953125,3153.333251953125,191700
2016-05-31,3126.666748046875,3230.0,3126.666748046875,3220.0,891900
2016-06-01,3200.0,3220.0,3160.0,3176.666748046875,368100
2016-06-02,3170.0,3210.0,3110.0,3120.0,259800
2016-06-03,3123.333251953125,3156.666748046875,3100.0,3146.666748046875,239700
2016-06-06,3103.333251953125,3150.0,3093.333251953125,3146.666748046875,302100
2016-06-07,3140.0,3173.333251953125,3140.0,3156.666748046875,278100
2016-06-08,3056.666748046875,3126.666748046875,3006.666748046875,3123.333251953125,896700
2016-06-09,3100.0,3133.333251953125,3076.666748046875,3093.333251953125,234900
2016-06-10,3076.666748046875,3083.333251953125,3046.666748046875,3070.0,402300
2016-06-13,3023.333251953125,3023.333251953125,2963.333251953125,2963.333251953125,393900
2016-06-14,2970.0,3003.333251953125,2936.666748046875,2960.0,278100
2016-06-15,2950.0,2963.333251953125,2910.0,2930.0,390900
2016-06-16,2930.0,2936.666748046875,2846.666748046875,2850.0,459000
2016-06-17,2933.333251953125,2953.333251953125,2883.333251953125,2893.333251953125,899400
2016-06-20,2943.333251953125,2970.0,2900.0,2913.333251953125,360000
2016-06-21,2890.0,2993.333251953125,2890.0,2970.0,531900
2016-06-22,2953.333251953125,2980.0,2923.333251953125,2953.333251953125,287100
2016-06-23,2953.333251953125,2960.0,2936.666748046875,2953.333251953125,204900
2016-06-24,2953.333251953125,2993.333251953125,2803.333251953125,2826.666748046875,1380300
2016-06-27,2856.666748046875,2936.666748046875,2853.333251953125,2930.0,487500
2016-06-28,2930.0,3066.666748046875,2916.666748046875,2996.666748046875,794100
2016-06-29,3010.0,3036.666748046875,2953.333251953125,3033.333251953125,512100
2016-06-30,3093.333251953125,3106.666748046875,2986.666748046875,3000.0,747600
2016-07-01,3016.666748046875,3043.333251953125,2990.0,3006.666748046875,464700
2016-07-04,3000.0,3060.0,3000.0,3053.333251953125,676500
2016-07-05,3053.333251953125,3070.0,3033.333251953125,3066.666748046875,330000
2016-07-06,3016.666748046875,3053.333251953125,2986.666748046875,3053.333251953125,471000
2016-07-07,3093.333251953125,3123.333251953125,3040.0,3073.333251953125,527100
2016-07-08,3073.333251953125,3080.0,2990.0,2996.666748046875,507900
2016-07-11,2996.666748046875,2996.666748046875,2996.666748046875,2996.666748046875,0
2016-07-12,3130.0,3163.333251953125,3110.0,3120.0,509100
2016-07-13,3200.0,3203.333251953125,3140.0,3156.666748046875,654600
2016-07-14,3190.0,3253.333251953125,3190.0,3233.333251953125,544800
2016-07-15,3236.666748046875,3246.666748046875,3200.0,3240.0,596700
2016-07-19,3300.0,3333.333251953125,3286.666748046875,3330.0,681000
2016-07-20,3326.666748046875,3356.666748046875,3293.333251953125,3343.333251953125,538500
2016-07-21,3356.666748046875,3376.666748046875,3310.0,3336.666748046875,447600
2016-07-22,3286.666748046875,3336.666748046875,3280.0,3333.333251953125,401700
2016-07-25,3336.666748046875,3376.666748046875,3330.0,3333.333251953125,285600
2016-07-26,3323.333251953125,3356.666748046875,3310.0,3320.0,396600
2016-07-27,3343.333251953125,3353.333251953125,3323.333251953125,3336.666748046875,503700
2016-07-28,3313.333251953125,3323.333251953125,3276.666748046875,3306.666748046875,546900
2016-07-29,3320.0,3380.0,3296.666748046875,3376.666748046875,681900
2016-08-01,3320.0,3380.0,3293.333251953125,3373.333251953125,432000
2016-08-02,3316.666748046875,3366.666748046875,3313.333251953125,3323.333251953125,302100
2016-08-03,3273.333251953125,3316.666748046875,3250.0,3270.0,459000
2016-08-04,3220.0,3250.0,3183.333251953125,3193.333251953125,710100
2016-08-05,3133.333251953125,3226.666748046875,3100.0,3173.333251953125,824700
2016-08-08,3210.0,3246.666748046875,3203.333251953125,3236.666748046875,628500
2016-08-09,3220.0,3250.0,3196.666748046875,3240.0,538500
2016-08-10,3243.333251953125,3296.666748046875,3230.0,3283.333251953125,396300
2016-08-12,3320.0,3336.666748046875,3290.0,3313.333251953125,317700
2016-08-15,3263.333251953125,3270.0,3203.333251953125,3246.666748046875,356100
2016-08-16,3246.666748046875,3263.333251953125,3206.666748046875,3213.333251953125,384300
2016-08-17,3203.333251953125,3253.333251953125,3203.333251953125,3233.333251953125,341100
2016-08-18,3233.333251953125,3263.333251953125,3200.0,3203.333251953125,463800
2016-08-19,3226.666748046875,3226.666748046875,3140.0,3146.666748046875,488400
2016-08-22,3146.666748046875,3173.333251953125,3130.0,3160.0,348300
2016-08-23,3143.333251953125,3193.333251953125,3143.333251953125,3176.666748046875,300300
2016-08-24,3206.666748046875,3233.333251953125,3180.0,3203.333251953125,284700
2016-08-25,3210.0,3230.0,3170.0,3180.0,180000
2016-08-26,3313.333251953125,3313.333251953125,3236.666748046875,3246.666748046875,586500
2016-08-29,3276.666748046875,3283.333251953125,3206.666748046875,3236.666748046875,316200
2016-08-30,3236.666748046875,3236.666748046875,3186.666748046875,3206.666748046875,387000
2016-08-31,3223.333251953125,3240.0,3200.0,3233.333251953125,351600
2016-09-01,3233.333251953125,3253.333251953125,3210.0,3250.0,252000
2016-09-02,3233.333251953125,3266.666748046875,3220.0,3230.0,324300
2016-09-05,3250.0,3263.333251953125,3216.666748046875,3226.666748046875,295200
2016-09-06,3176.666748046875,3250.0,3170.0,3233.333251953125,508500
2016-09-07,3226.666748046875,3263.333251953125,3220.0,3253.333251953125,478800
2016-09-08,3260.0,3260.0,3200.0,3213.333251953125,383700
2016-09-09,3213.333251953125,3250.0,3206.666748046875,3213.333251953125,339900
2016-09-12,3163.333251953125,3200.0,3153.333251953125,3190.0,265800
2016-09-13,3180.0,3190.0,3150.0,3176.666748046875,361200
2016-09-14,3146.666748046875,3176.666748046875,3136.666748046875,3163.333251953125,232800
2016-09-15,3063.333251953125,3163.333251953125,3000.0,3016.666748046875,946800
2016-09-16,3016.666748046875,3033.333251953125,2966.666748046875,3026.666748046875,579300
2016-09-20,3020.0,3046.666748046875,2996.666748046875,3043.333251953125,581700
2016-09-21,3020.0,3156.666748046875,3020.0,3120.0,597300
2016-09-23,3100.0,3140.0,3090.0,3133.333251953125,415500
2016-09-26,3146.666748046875,3166.666748046875,3113.333251953125,3126.666748046875,315600
2016-09-27,3080.0,3180.0,3080.0,3180.0,421200
2016-09-28,3143.333251953125,3160.0,3113.333251953125,3150.0,419700
2016-09-29,3150.0,3166.666748046875,3140.0,3156.666748046875,291600
2016-09-30,3106.666748046875,3156.666748046875,3083.333251953125,3116.666748046875,392100
2016-10-03,3146.666748046875,3160.0,3120.0,3156.666748046875,278400
2016-10-04,3190.0,3196.666748046875,3123.333251953125,3136.666748046875,318900
2016-10-05,3146.666748046875,3176.666748046875,3126.666748046875,3153.333251953125,339900
2016-10-06,3160.0,3166.666748046875,3106.666748046875,3123.333251953125,330900
2016-10-07,3116.666748046875,3130.0,3096.666748046875,3110.0,242700
2016-10-11,3113.333251953125,3133.333251953125,3100.0,3120.0,342000
2016-10-12,3093.333251953125,3133.333251953125,3083.333251953125,3096.666748046875,310500
2016-10-13,3120.0,3130.0,3096.666748046875,3123.333251953125,284100
2016-10-14,3126.666748046875,3163.333251953125,3110.0,3143.333251953125,346200
2016-10-17,3153.333251953125,3173.333251953125,3136.666748046875,3170.0,346800
2016-10-18,3176.666748046875,3240.0,3156.666748046875,3236.666748046875,554700
2016-10-19,3250.0,3250.0,3210.0,3246.666748046875,325800
2016-10-20,3240.0,3283.333251953125,3230.0,3273.333251953125,372000
2016-10-21,3283.333251953125,3290.0,3266.666748046875,3280.0,357300
2016-10-24,3266.666748046875,3316.666748046875,3263.333251953125,3310.0,285300
2016-10-25,3276.666748046875,3326.666748046875,3276.666748046875,3310.0,372900
2016-10-26,3283.333251953125,3323.333251953125,3283.333251953125,3320.0,290400
2016-10-27,3330.0,3366.666748046875,3326.666748046875,3353.333251953125,365100
2016-10-28,3383.333251953125,3386.666748046875,3323.333251953125,3353.333251953125,852900
2016-10-31,3300.0,3380.0,3300.0,3366.666748046875,299700
2016-11-01,3370.0,3390.0,3343.333251953125,3383.333251953125,277500
2016-11-02,3366.666748046875,3366.666748046875,3306.666748046875,3330.0,437100
2016-11-04,3340.0,3410.0,3126.666748046875,3163.333251953125,1456800
2016-11-07,3063.333251953125,3126.666748046875,3016.666748046875,3096.666748046875,956100
2016-11-08,3083.333251953125,3153.333251953125,3080.0,3123.333251953125,513900
2016-11-09,3133.333251953125,3176.666748046875,3006.666748046875,3023.333251953125,695700
2016-11-10,3170.0,3183.333251953125,3116.666748046875,3130.0,693600
2016-11-11,3133.333251953125,3136.666748046875,2993.333251953125,3003.333251953125,895800
2016-11-14,3026.666748046875,3040.0,3000.0,3026.666748046875,406800
2016-11-15,3076.666748046875,3106.666748046875,3050.0,3100.0,651900
2016-11-16,3073.333251953125,3093.333251953125,3030.0,3056.666748046875,610800
2016-11-17,3026.666748046875,3103.333251953125,3026.666748046875,3086.666748046875,527400
2016-11-18,3110.0,3110.0,3050.0,3083.333251953125,536700
2016-11-21,3083.333251953125,3093.333251953125,3070.0,3080.0,312600
2016-11-22,3073.333251953125,3086.666748046875,3050.0,3063.333251953125,428100
2016-11-24,3086.666748046875,3120.0,3060.0,3116.666748046875,640200
2016-11-25,3150.0,3156.666748046875,3120.0,3130.0,615900
2016-11-28,3130.0,3203.333251953125,3130.0,3186.666748046875,623700
2016-11-29,3213.333251953125,3236.666748046875,3170.0,3193.333251953125,471000
2016-11-30,3200.0,3250.0,3196.666748046875,3243.333251953125,774300
2016-12-01,3246.666748046875,3246.666748046875,3156.666748046875,3166.666748046875,537900
2016-12-02,3160.0,3180.0,3103.333251953125,3130.0,539400
2016-12-05,3110.0,3140.0,3086.666748046875,3110.0,375600
2016-12-06,3156.666748046875,3156.666748046875,3086.666748046875,3100.0,404400
2016-12-07,3083.333251953125,3136.666748046875,3070.0,3120.0,546900
2016-12-08,3156.666748046875,3156.666748046875,3110.0,3136.666748046875,341400
2016-12-09,3126.666748046875,3146.666748046875,3113.333251953125,3130.0,406500
2016-12-12,3113.333251953125,3116.666748046875,3073.333251953125,3086.666748046875,886200
2016-12-13,3086.666748046875,3163.333251953125,3070.0,3156.666748046875,573600
2016-12-14,3200.0,3210.0,3126.666748046875,3153.333251953125,335100
2016-12-15,3136.666748046875,3136.666748046875,3090.0,3116.666748046875,619800
2016-12-16,3146.666748046875,3173.333251953125,3123.333251953125,3170.0,498900
2016-12-19,3150.0,3150.0,3116.666748046875,3133.333251953125,503700
2016-12-20,3130.0,3170.0,3123.333251953125,3156.666748046875,394800
2016-12-21,3180.0,3180.0,3150.0,3156.666748046875,266100
2016-12-22,3156.666748046875,3163.333251953125,3133.333251953125,3160.0,174000
2016-12-26,3156.666748046875,3173.333251953125,3136.666748046875,3160.0,247200
2016-12-27,3180.0,3206.666748046875,3156.666748046875,3163.333251953125,273900
2016-12-28,3163.333251953125,3176.666748046875,3143.333251953125,3166.666748046875,178800
2016-12-29,3116.666748046875,3153.333251953125,3116.666748046875,3143.333251953125,307800
2016-12-30,3133.333251953125,3153.333251953125,3110.0,3143.333251953125,207000
2017-01-04,3156.666748046875,3223.333251953125,3130.0,3220.0,406200
2017-01-05,3213.333251953125,3226.666748046875,3203.333251953125,3220.0,304200
2017-01-06,3200.0,3230.0,3190.0,3230.0,280200
2017-01-10,3200.0,3230.0,3190.0,3203.333251953125,274500
2017-01-11,3223.333251953125,3223.333251953125,3203.333251953125,3216.666748046875,240600
2017-01-12,3220.0,3230.0,3173.333251953125,3203.333251953125,355200
2017-01-13,3186.666748046875,3220.0,3173.333251953125,3206.666748046875,307800
2017-01-16,3220.0,3223.333251953125,3186.666748046875,3200.0,255900
2017-01-17,3176.666748046875,3176.666748046875,3130.0,3130.0,260400
2017-01-18,3120.0,3136.666748046875,3070.0,3123.333251953125,405300
2017-01-19,3146.666748046875,3166.666748046875,3123.333251953125,3143.333251953125,318300
2017-01-20,3146.666748046875,3183.333251953125,3140.0,3170.0,281400
2017-01-23,3136.666748046875,3150.0,3123.333251953125,3130.0,256500
2017-01-24,3133.333251953125,3140.0,3116.666748046875,3123.333251953125,160500
2017-01-25,3196.666748046875,3196.666748046875,3136.666748046875,3150.0,273900
2017-01-26,3190.0,3196.666748046875,3146.666748046875,3190.0,418500
2017-01-27,3213.333251953125,3240.0,3200.0,3203.333251953125,376500
2017-01-30,3183.333251953125,3186.666748046875,3153.333251953125,3180.0,263100
2017-01-31,3156.666748046875,3226.666748046875,3143.333251953125,3200.0,461700
2017-02-01,3176.666748046875,3213.333251953125,3160.0,3210.0,324600
2017-02-02,3210.0,3216.666748046875,3163.333251953125,3166.666748046875,288900
2017-02-03,3146.666748046875,3173.333251953125,3133.333251953125,3143.333251953125,298500
2017-02-06,3156.666748046875,3200.0,3130.0,3200.0,423900
2017-02-07,3170.0,3193.333251953125,3146.666748046875,3183.333251953125,347700
2017-02-08,2960.0,3046.666748046875,2883.333251953125,3023.333251953125,1571700
2017-02-09,3023.333251953125,3023.333251953125,2996.666748046875,3020.0,489900
2017-02-10,3056.666748046875,3060.0,2996.666748046875,3006.666748046875,585600
2017-02-13,3006.666748046875,3023.333251953125,3003.333251953125,3016.666748046875,427200
2017-02-14,3000.0,3006.666748046875,2963.333251953125,2966.666748046875,927300
2017-02-15,2940.0,2940.0,2883.333251953125,2893.333251953125,1077300
2017-02-16,2903.333251953125,2926.666748046875,2883.333251953125,2913.333251953125,470100
2017-02-17,2883.333251953125,2916.666748046875,2870.0,2913.333251953125,597600
2017-02-20,2910.0,2916.666748046875,2886.666748046875,2910.0,342900
2017-02-21,2930.0,2953.333251953125,2906.666748046875,2950.0,423900
2017-02-22,2943.333251953125,3006.666748046875,2933.333251953125,3000.0,758700
2017-02-23,2993.333251953125,3020.0,2986.666748046875,3013.333251953125,439200
2017-02-24,3006.666748046875,3030.0,2990.0,2996.666748046875,317700
2017-02-27,2946.666748046875,3003.333251953125,2946.666748046875,2986.666748046875,450900
2017-02-28,3010.0,3056.666748046875,3010.0,3020.0,578400
2017-03-01,3040.0,3053.333251953125,3006.666748046875,3030.0,427200
2017-03-02,3073.333251953125,3073.333251953125,3040.0,3063.333251953125,391200
2017-03-03,3043.333251953125,3076.666748046875,3006.666748046875,3030.0,466500
2017-03-06,3016.666748046875,3040.0,3006.666748046875,3013.333251953125,329100
2017-03-07,3003.333251953125,3030.0,3003.333251953125,3026.666748046875,237000
2017-03-08,3026.666748046875,3056.666748046875,3026.666748046875,3036.666748046875,294900
2017-03-09,3076.666748046875,3080.0,3040.0,3066.666748046875,338100
2017-03-10,3080.0,3100.0,3066.666748046875,3096.666748046875,374700
2017-03-13,3070.0,3086.666748046875,3050.0,3076.666748046875,355800
2017-03-14,3070.0,3080.0,3060.0,3066.666748046875,252300
2017-03-15,3076.666748046875,3130.0,3073.333251953125,3116.666748046875,390900
2017-03-16,3113.333251953125,3130.0,3100.0,3123.333251953125,291600
2017-03-17,3113.333251953125,3160.0,3096.666748046875,3150.0,501000
2017-03-21,3133.333251953125,3183.333251953125,3130.0,3176.666748046875,348000
2017-03-22,3106.666748046875,3150.0,3103.333251953125,3130.0,244200
2017-03-23,3110.0,3126.666748046875,3090.0,3120.0,328500
2017-03-24,3116.666748046875,3140.0,3110.0,3133.333251953125,359100
2017-03-27,3113.333251953125,3126.666748046875,3086.666748046875,3093.333251953125,259500
2017-03-28,3133.333251953125,3140.0,3116.666748046875,3126.666748046875,414600
2017-03-29,3143.333251953125,3156.666748046875,3130.0,3136.666748046875,236700
2017-03-30,3130.0,3130.0,3033.333251953125,3036.666748046875,478500
2017-03-31,2936.666748046875,3033.333251953125,2936.666748046875,2953.333251953125,1194600
2017-04-03,2946.666748046875,3006.666748046875,2943.333251953125,2983.333251953125,576900
2017-04-04,2983.333251953125,3013.333251953125,2973.333251953125,2990.0,530400
2017-04-05,3000.0,3006.666748046875,2963.333251953125,2976.666748046875,395700
2017-04-06,2980.0,2996.666748046875,2930.0,2930.0,398700
2017-04-07,2980.0,2990.0,2943.333251953125,2960.0,477900
2017-04-10,3010.0,3013.333251953125,2973.333251953125,2990.0,364800
2017-04-11,2990.0,3013.333251953125,2980.0,3006.666748046875,406800
2017-04-12,2993.333251953125,3010.0,2986.666748046875,3000.0,284400
2017-04-13,2986.666748046875,3013.333251953125,2976.666748046875,3000.0,371700
2017-04-14,2993.333251953125,3010.0,2963.333251953125,2970.0,245700
2017-04-17,2970.0,3023.333251953125,2970.0,3013.333251953125,274500
2017-04-18,3010.0,3016.666748046875,2996.666748046875,3003.333251953125,208800
2017-04-19,2993.333251953125,3026.666748046875,2990.0,3000.0,190500
2017-04-20,3013.333251953125,3016.666748046875,2996.666748046875,3010.0,251400
2017-04-21,2990.0,3013.333251953125,2980.0,3006.666748046875,351300
2017-04-24,3026.666748046875,3080.0,3023.333251953125,3066.666748046875,422700
2017-04-25,3036.666748046875,3063.333251953125,3026.666748046875,3063.333251953125,388200
2017-04-26,3073.333251953125,3080.0,3050.0,3080.0,336000
2017-04-27,3096.666748046875,3100.0,3073.333251953125,3083.333251953125,265500
2017-04-28,3083.333251953125,3096.666748046875,3076.666748046875,3086.666748046875,231900
2017-05-01,3096.666748046875,3096.666748046875,3066.666748046875,3083.333251953125,262200
2017-05-02,3096.666748046875,3130.0,3086.666748046875,3116.666748046875,298500
2017-05-08,3143.333251953125,3176.666748046875,3140.0,3170.0,681600
2017-05-09,3203.333251953125,3330.0,3180.0,3300.0,1590300
2017-05-10,3276.666748046875,3293.333251953125,3250.0,3280.0,974400
2017-05-11,3300.0,3306.666748046875,3266.666748046875,3300.0,582300
2017-05-12,3310.0,3323.333251953125,3283.333251953125,3320.0,428100
2017-05-15,3310.0,3346.666748046875,3303.333251953125,3326.666748046875,336300
2017-05-16,3353.333251953125,3363.333251953125,3333.333251953125,3340.0,417300
2017-05-17,3340.0,3363.333251953125,3336.666748046875,3360.0,306300
2017-05-18,3290.0,3350.0,3286.666748046875,3340.0,410700
2017-05-19,3326.666748046875,3336.666748046875,3296.666748046875,3303.333251953125,571800
2017-05-22,3303.333251953125,3316.666748046875,3283.333251953125,3293.333251953125,339600
2017-05-23,3276.666748046875,3303.333251953125,3276.666748046875,3293.333251953125,297600
2017-05-24,3326.666748046875,3326.666748046875,3273.333251953125,3293.333251953125,473400
2017-05-25,3283.333251953125,3320.0,3283.333251953125,3306.666748046875,300300
2017-05-26,3306.666748046875,3310.0,3273.333251953125,3286.666748046875,332100
2017-05-29,3293.333251953125,3320.0,3283.333251953125,3306.666748046875,238200
2017-05-30,3333.333251953125,3340.0,3303.333251953125,3333.333251953125,275700
2017-05-31,3316.666748046875,3343.333251953125,3306.666748046875,3320.0,270900
2017-06-01,3336.666748046875,3406.666748046875,3333.333251953125,3400.0,434700
2017-06-02,3396.666748046875,3436.666748046875,3376.666748046875,3426.666748046875,469800
2017-06-05,3396.666748046875,3450.0,3393.333251953125,3433.333251953125,285900
2017-06-06,3400.0,3416.666748046875,3383.333251953125,3386.666748046875,376200
2017-06-07,3400.0,3400.0,3350.0,3373.333251953125,298500
2017-06-08,3376.666748046875,3393.333251953125,3363.333251953125,3366.666748046875,235200
2017-06-09,3366.666748046875,3370.0,3326.666748046875,3333.333251953125,280800
2017-06-12,3330.0,3356.666748046875,3313.333251953125,3353.333251953125,199200
2017-06-13,3336.666748046875,3366.666748046875,3323.333251953125,3340.0,284100
2017-06-14,3366.666748046875,3383.333251953125,3346.666748046875,3366.666748046875,330900
2017-06-15,3366.666748046875,3410.0,3363.333251953125,3396.666748046875,212400
2017-06-16,3410.0,3446.666748046875,3390.0,3410.0,493200
2017-06-19,3450.0,3520.0,3430.0,3513.333251953125,456000
2017-06-20,3516.666748046875,3583.333251953125,3516.666748046875,3546.666748046875,384600
2017-06-21,3566.666748046875,3566.666748046875,3530.0,3556.666748046875,354300
2017-06-22,3533.333251953125,3556.666748046875,3530.0,3533.333251953125,339300
2017-06-23,3523.333251953125,3556.666748046875,3506.666748046875,3546.666748046875,188400
2017-06-26,3553.333251953125,3566.666748046875,3530.0,3543.333251953125,170700
2017-06-27,3556.666748046875,3560.0,3503.333251953125,3520.0,245700
2017-06-28,3500.0,3540.0,3490.0,3510.0,232800
2017-06-29,3533.333251953125,3536.666748046875,3473.333251953125,3513.333251953125,250500
2017-06-30,3486.666748046875,3500.0,3463.333251953125,3490.0,310200
2017-07-03,3470.0,3506.666748046875,3456.666748046875,3466.666748046875,223800
2017-07-04,3480.0,3480.0,3420.0,3433.333251953125,329100
2017-07-05,3420.0,3426.666748046875,3366.666748046875,3380.0,836400
2017-07-06,3383.333251953125,3420.0,3373.333251953125,3386.666748046875,919500
2017-07-07,3370.0,3390.0,3356.666748046875,3373.333251953125,321000
2017-07-10,3406.666748046875,3423.333251953125,3380.0,3400.0,189000
2017-07-11,3400.0,3423.333251953125,3393.333251953125,3423.333251953125,217500
2017-07-12,3423.333251953125,3423.333251953125,3396.666748046875,3406.666748046875,158100
2017-07-13,3443.333251953125,3493.333251953125,3443.333251953125,3456.666748046875,417000
2017-07-14,3453.333251953125,3473.333251953125,3436.666748046875,3456.666748046875,228600
2017-07-17,3456.666748046875,3456.666748046875,3456.666748046875,3456.666748046875,0
2017-07-18,3450.0,3463.333251953125,3396.666748046875,3426.666748046875,243000
2017-07-19,3406.666748046875,3456.666748046875,3406.666748046875,3446.666748046875,242100
2017-07-20,3440.0,3473.333251953125,3433.333251953125,3446.666748046875,155400
2017-07-21,3433.333251953125,3440.0,3410.0,3416.666748046875,212100
2017-07-24,3396.666748046875,3413.333251953125,3386.666748046875,3400.0,305400
2017-07-25,3393.333251953125,3396.666748046875,3376.666748046875,3380.0,182400
2017-07-26,3393.333251953125,3430.0,3373.333251953125,3410.0,261600
2017-07-27,3423.333251953125,3470.0,3423.333251953125,3436.666748046875,269700
2017-07-28,3436.666748046875,3456.666748046875,3430.0,3443.333251953125,267600
2017-07-31,3443.333251953125,3466.666748046875,3433.333251953125,3433.333251953125,238800
2017-08-01,3410.0,3466.666748046875,3400.0,3456.666748046875,435900
2017-08-02,3423.333251953125,3436.666748046875,3403.333251953125,3413.333251953125,312300
2017-08-03,3430.0,3476.666748046875,3423.333251953125,3460.0,335700
2017-08-04,3466.666748046875,3486.666748046875,3433.333251953125,3443.333251953125,253500
2017-08-07,3253.333251953125,3336.666748046875,3246.666748046875,3333.333251953125,1112400
2017-08-08,3333.333251953125,3343.333251953125,3293.333251953125,3303.333251953125,579900
2017-08-09,3310.0,3326.666748046875,3283.333251953125,3300.0,543900
2017-08-10,3313.333251953125,3320.0,3276.666748046875,3280.0,405000
2017-08-11,3280.0,3280.0,3280.0,3280.0,0
2017-08-14,3246.666748046875,3253.333251953125,3213.333251953125,3216.666748046875,350700
2017-08-15,3243.333251953125,3243.333251953125,3213.333251953125,3226.666748046875,358200
2017-08-16,3200.0,3226.666748046875,3193.333251953125,3216.666748046875,324900
2017-08-17,3206.666748046875,3230.0,3200.0,3200.0,249000
2017-08-18,3176.666748046875,3190.0,3153.333251953125,3170.0,231300
2017-08-21,3200.0,3206.666748046875,3180.0,3196.666748046875,303300
2017-08-22,3200.0,3206.666748046875,3166.666748046875,3186.666748046875,246900
2017-08-23,3220.0,3226.666748046875,3196.666748046875,3210.0,301500
2017-08-24,3210.0,3240.0,3203.333251953125,3206.666748046875,269700
2017-08-25,3206.666748046875,3223.333251953125,3190.0,3200.0,230100
2017-08-28,3193.333251953125,3210.0,3183.333251953125,3203.333251953125,281400
2017-08-29,3183.333251953125,3203.333251953125,3173.333251953125,3190.0,429600
2017-08-30,3200.0,3206.666748046875,3180.0,3200.0,521700
2017-08-31,3200.0,3203.333251953125,3180.0,3183.333251953125,457800
2017-09-01,3183.333251953125,3220.0,3176.666748046875,3213.333251953125,422700
2017-09-04,3183.333251953125,3203.333251953125,3173.333251953125,3190.0,417300
2017-09-05,3186.666748046875,3190.0,3140.0,3143.333251953125,612300
2017-09-06,3133.333251953125,3183.333251953125,3130.0,3156.666748046875,551400
2017-09-07,3176.666748046875,3193.333251953125,3160.0,3176.666748046875,294300
2017-09-08,3200.0,3226.666748046875,3163.333251953125,3166.666748046875,466200
2017-09-11,3213.333251953125,3220.0,3183.333251953125,3193.333251953125,257400
2017-09-12,3213.333251953125,3213.333251953125,3190.0,3200.0,237000
2017-09-13,3206.666748046875,3253.333251953125,3206.666748046875,3240.0,281400
2017-09-14,3230.0,3236.666748046875,3206.666748046875,3210.0,225000
2017-09-15,3223.333251953125,3230.0,3193.333251953125,3210.0,407400
2017-09-18,3210.0,3210.0,3210.0,3210.0,0
2017-09-19,3223.333251953125,3243.333251953125,3206.666748046875,3233.333251953125,455700
2017-09-20,3220.0,3246.666748046875,3213.333251953125,3223.333251953125,303300
2017-09-21,3220.0,3230.0,3203.333251953125,3210.0,231600
2017-09-22,3200.0,3223.333251953125,3190.0,3200.0,241500
2017-09-25,3203.333251953125,3216.666748046875,3186.666748046875,3216.666748046875,339900
2017-09-26,3206.666748046875,3233.333251953125,3196.666748046875,3210.0,393300
2017-09-27,3210.0,3216.666748046875,3160.0,3180.0,342900
2017-09-28,3200.0,3240.0,3190.0,3236.666748046875,443700
2017-09-29,3226.666748046875,3233.333251953125,3206.666748046875,3210.0,280200
2017-10-02,3210.0,3223.333251953125,3183.333251953125,3203.333251953125,317400
2017-10-03,3206.666748046875,3223.333251953125,3200.0,3213.333251953125,327300
2017-10-04,3213.333251953125,3233.333251953125,3206.666748046875,3213.333251953125,301800
2017-10-05,3213.333251953125,3223.333251953125,3206.666748046875,3216.666748046875,215100
2017-10-06,3230.0,3236.666748046875,3213.333251953125,3216.666748046875,245700
2017-10-09,3216.666748046875,3216.666748046875,3216.666748046875,3216.666748046875,0
2017-10-10,3233.333251953125,3270.0,3233.333251953125,3263.333251953125,402600
2017-10-11,3263.333251953125,3273.333251953125,3240.0,3253.333251953125,308700
2017-10-12,3266.666748046875,3266.666748046875,3240.0,3246.666748046875,213900
2017-10-13,3236.666748046875,3260.0,3223.333251953125,3243.333251953125,313800
2017-10-16,3233.333251953125,3280.0,3220.0,3263.333251953125,232200
2017-10-17,3280.0,3280.0,3213.333251953125,3216.666748046875,424500
2017-10-18,3230.0,3233.333251953125,3210.0,3210.0,303600
2017-10-19,3210.0,3226.666748046875,3206.666748046875,3213.333251953125,441900
2017-10-20,3223.333251953125,3260.0,3220.0,3236.666748046875,432900
2017-10-23,3260.0,3270.0,3240.0,3253.333251953125,378000
2017-10-24,3266.666748046875,3303.333251953125,3246.666748046875,3280.0,656700
2017-10-25,3313.333251953125,3313.333251953125,3230.0,3243.333251953125,525900
2017-10-26,3250.0,3250.0,3220.0,3230.0,400800
2017-10-27,3246.666748046875,3250.0,3220.0,3243.333251953125,323700
2017-10-30,3210.0,3230.0,3210.0,3223.333251953125,486300
2017-10-31,3223.333251953125,3240.0,3203.333251953125,3230.0,510300
2017-11-01,3253.333251953125,3300.0,3216.666748046875,3293.333251953125,390900
2017-11-02,3306.666748046875,3336.666748046875,3276.666748046875,3333.333251953125,355800
2017-11-03,3333.333251953125,3333.333251953125,3333.333251953125,3333.333251953125,0
2017-11-06,3326.666748046875,3333.333251953125,3293.333251953125,3300.0,298200
2017-11-07,3270.0,3303.333251953125,3113.333251953125,3236.666748046875,1067100
2017-11-08,3236.666748046875,3323.333251953125,3220.0,3320.0,654600
2017-11-09,3333.333251953125,3400.0,3333.333251953125,3366.666748046875,924300
2017-11-10,3323.333251953125,3350.0,3303.333251953125,3336.666748046875,547200
2017-11-13,3306.666748046875,3320.0,3280.0,3280.0,396900
2017-11-14,3300.0,3306.666748046875,3270.0,3276.666748046875,416400
2017-11-15,3300.0,3326.666748046875,3283.333251953125,3316.666748046875,755700
2017-11-16,3283.333251953125,3313.333251953125,3276.666748046875,3300.0,514200
2017-11-17,3300.0,3313.333251953125,3253.333251953125,3276.666748046875,629700
2017-11-20,3233.333251953125,3276.666748046875,3233.333251953125,3273.333251953125,299100
2017-11-21,3266.666748046875,3293.333251953125,3260.0,3263.333251953125,276600
2017-11-22,3260.0,3276.666748046875,3246.666748046875,3256.666748046875,288300
2017-11-23,3256.666748046875,3256.666748046875,3256.666748046875,3256.666748046875,0
2017-11-24,3226.666748046875,3230.0,3210.0,3226.666748046875,379800
2017-11-27,3246.666748046875,3300.0,3246.666748046875,3283.333251953125,641400
2017-11-28,3263.333251953125,3326.666748046875,3263.333251953125,3303.333251953125,403500
2017-11-29,3323.333251953125,3340.0,3310.0,3333.333251953125,219300
2017-11-30,3326.666748046875,3366.666748046875,3313.333251953125,3356.666748046875,554100
2017-12-01,3376.666748046875,3390.0,3360.0,3380.0,304200
2017-12-04,3316.666748046875,3333.333251953125,3260.0,3263.333251953125,463800
2017-12-05,3263.333251953125,3300.0,3250.0,3290.0,331500
2017-12-06,3253.333251953125,3296.666748046875,3253.333251953125,3283.333251953125,291300
2017-12-07,3300.0,3336.666748046875,3296.666748046875,3333.333251953125,324900
2017-12-08,3333.333251953125,3360.0,3306.666748046875,3333.333251953125,392400
2017-12-11,3333.333251953125,3346.666748046875,3296.666748046875,3346.666748046875,209100
2017-12-12,3346.666748046875,3363.333251953125,3330.0,3356.666748046875,228300
2017-12-13,3363.333251953125,3370.0,3343.333251953125,3370.0,229500
2017-12-14,3400.0,3400.0,3353.333251953125,3366.666748046875,310800
2017-12-15,3370.0,3373.333251953125,3333.333251953125,3356.666748046875,260700
2017-12-18,3353.333251953125,3373.333251953125,3340.0,3370.0,173400
2017-12-19,3366.666748046875,3370.0,3343.333251953125,3350.0,189600
2017-12-20,3360.0,3360.0,3326.666748046875,3350.0,247500
2017-12-21,3350.0,3363.333251953125,3333.333251953125,3363.333251953125,126600
2017-12-22,3370.0,3386.666748046875,3363.333251953125,3383.333251953125,211500
2017-12-25,3403.333251953125,3436.666748046875,3396.666748046875,3433.333251953125,193500
2017-12-26,3433.333251953125,3453.333251953125,3426.666748046875,3433.333251953125,160500
2017-12-27,3430.0,3443.333251953125,3416.666748046875,3420.0,65700
2017-12-28,3420.0,3433.333251953125,3403.333251953125,3410.0,121200
2017-12-29,3420.0,3436.666748046875,3393.333251953125,3400.0,159300
2018-01-01,3400.0,3400.0,3400.0,3400.0,0
2018-01-02,3400.0,3400.0,3400.0,3400.0,0
2018-01-03,3400.0,3400.0,3400.0,3400.0,0
2018-01-04,3410.0,3483.333251953125,3396.666748046875,3483.333251953125,258600
2018-01-05,3493.333251953125,3503.333251953125,3476.666748046875,3503.333251953125,221100
2018-01-08,3503.333251953125,3503.333251953125,3503.333251953125,3503.333251953125,0
2018-01-09,3510.0,3513.333251953125,3470.0,3486.666748046875,309600
2018-01-10,3480.0,3480.0,3426.666748046875,3450.0,283800
2018-01-11,3440.0,3473.333251953125,3423.333251953125,3470.0,394500
2018-01-12,3480.0,3483.333251953125,3446.666748046875,3466.666748046875,180300
2018-01-15,3493.333251953125,3493.333251953125,3453.333251953125,3460.0,192000
2018-01-16,3446.666748046875,3463.333251953125,3446.666748046875,3456.666748046875,189600
2018-01-17,3436.666748046875,3453.333251953125,3396.666748046875,3406.666748046875,432600
2018-01-18,3496.666748046875,3500.0,3433.333251953125,3436.666748046875,421200
2018-01-19,3460.0,3470.0,3420.0,3456.666748046875,291900
2018-01-22,3460.0,3466.666748046875,3416.666748046875,3423.333251953125,325500
2018-01-23,3456.666748046875,3483.333251953125,3436.666748046875,3476.666748046875,243600
2018-01-24,3500.0,3536.666748046875,3476.666748046875,3530.0,213000
2018-01-25,3503.333251953125,3516.666748046875,3446.666748046875,3456.666748046875,208500
2018-01-26,3446.666748046875,3466.666748046875,3440.0,3453.333251953125,234900
2018-01-29,3453.333251953125,3473.333251953125,3443.333251953125,3453.333251953125,239700
2018-01-30,3433.333251953125,3460.0,3433.333251953125,3450.0,345600
2018-01-31,3456.666748046875,3470.0,3416.666748046875,3423.333251953125,426600
2018-02-01,3416.666748046875,3440.0,3410.0,3433.333251953125,461400
2018-02-02,3426.666748046875,3480.0,3413.333251953125,3460.0,435600
2018-02-05,3436.666748046875,3456.666748046875,3363.333251953125,3366.666748046875,554700
2018-02-06,3266.666748046875,3310.0,3196.666748046875,3243.333251953125,874200
2018-02-07,3300.0,3383.333251953125,3273.333251953125,3276.666748046875,621900
2018-02-08,3226.666748046875,3340.0,3190.0,3290.0,686100
2018-02-09,3213.333251953125,3290.0,3213.333251953125,3283.333251953125,452100
2018-02-12,3283.333251953125,3283.333251953125,3283.333251953125,3283.333251953125,0
2018-02-13,3283.333251953125,3300.0,3253.333251953125,3266.666748046875,454500
2018-02-14,3263.333251953125,3270.0,3193.333251953125,3223.333251953125,277500
2018-02-15,3250.0,3260.0,3216.666748046875,3233.333251953125,255600
2018-02-16,3270.0,3283.333251953125,3246.666748046875,3256.666748046875,312300
2018-02-19,3306.666748046875,3306.666748046875,3260.0,3283.333251953125,287400
2018-02-20,3283.333251953125,3286.666748046875,3260.0,3270.0,278400
2018-02-21,3283.333251953125,3290.0,3243.333251953125,3256.666748046875,196800
2018-02-22,3240.0,3260.0,3206.666748046875,3243.333251953125,243300
2018-02-23,3250.0,3253.333251953125,3220.0,3253.333251953125,181800
2018-02-26,3276.666748046875,3280.0,3236.666748046875,3253.333251953125,255000
2018-02-27,3253.333251953125,3256.666748046875,3213.333251953125,3226.666748046875,333600
2018-02-28,3230.0,3246.666748046875,3203.333251953125,3203.333251953125,395100
2018-03-01,3193.333251953125,3193.333251953125,3123.333251953125,3130.0,339900
2018-03-02,3080.0,3090.0,3053.333251953125,3066.666748046875,475200
2018-03-05,3043.333251953125,3100.0,3043.333251953125,3083.333251953125,309600
2018-03-06,3126.666748046875,3143.333251953125,3096.666748046875,3106.666748046875,272400
2018-03-07,3106.666748046875,3130.0,3096.666748046875,3113.333251953125,390900
2018-03-08,3263.333251953125,3356.666748046875,3220.0,3260.0,916500
2018-03-09,3326.666748046875,3366.666748046875,3283.333251953125,3293.333251953125,699900
2018-03-12,3323.333251953125,3343.333251953125,3303.333251953125,3326.666748046875,351300
2018-03-13,3316.666748046875,3336.666748046875,3273.333251953125,3296.666748046875,359100
2018-03-14,3290.0,3300.0,3276.666748046875,3283.333251953125,417300
2018-03-15,3273.333251953125,3323.333251953125,3270.0,3303.333251953125,371400
2018-03-16,3333.333251953125,3346.666748046875,3303.333251953125,3330.0,525900
2018-03-19,3326.666748046875,3340.0,3300.0,3320.0,261600
2018-03-20,3300.0,3306.666748046875,3270.0,3300.0,278100
2018-03-21,3300.0,3300.0,3300.0,3300.0,0
2018-03-22,3273.333251953125,3296.666748046875,3256.666748046875,3293.333251953125,282900
2018-03-23,3243.333251953125,3266.666748046875,3213.333251953125,3223.333251953125,314400
2018-03-26,3203.333251953125,3290.0,3203.333251953125,3286.666748046875,411000
2018-03-27,3303.333251953125,3356.666748046875,3276.666748046875,3356.666748046875,522000
2018-03-28,3293.333251953125,3306.666748046875,3256.666748046875,3306.666748046875,528300
2018-03-29,3306.666748046875,3356.666748046875,3306.666748046875,3346.666748046875,351900
2018-03-30,3343.333251953125,3380.0,3316.666748046875,3366.666748046875,358500
2018-04-02,3366.666748046875,3376.666748046875,3340.0,3340.0,161700
2018-04-03,3310.0,3380.0,3296.666748046875,3363.333251953125,271500
2018-04-04,3380.0,3433.333251953125,3356.666748046875,3420.0,414900
2018-04-05,3430.0,3496.666748046875,3426.666748046875,3466.666748046875,430800
2018-04-06,3476.666748046875,3486.666748046875,3453.333251953125,3463.333251953125,331800
2018-04-09,3440.0,3476.666748046875,3436.666748046875,3466.666748046875,290700
2018-04-10,3470.0,3526.666748046875,3453.333251953125,3496.666748046875,394500
2018-04-11,3490.0,3496.666748046875,3453.333251953125,3483.333251953125,250800
2018-04-12,3486.666748046875,3493.333251953125,3450.0,3460.0,402300
2018-04-13,3470.0,3490.0,3440.0,3446.666748046875,330900
2018-04-16,3440.0,3486.666748046875,3440.0,3473.333251953125,342900
2018-04-17,3483.333251953125,3520.0,3473.333251953125,3490.0,222600
2018-04-18,3500.0,3530.0,3496.666748046875,3523.333251953125,300300
2018-04-19,3533.333251953125,3543.333251953125,3506.666748046875,3523.333251953125,233700
2018-04-20,3473.333251953125,3503.333251953125,3466.666748046875,3493.333251953125,382800
2018-04-23,3513.333251953125,3513.333251953125,3473.333251953125,3483.333251953125,219300
2018-04-24,3516.666748046875,3523.333251953125,3480.0,3523.333251953125,201900
2018-04-25,3533.333251953125,3546.666748046875,3493.333251953125,3536.666748046875,360000
2018-04-26,3536.666748046875,3563.333251953125,3530.0,3563.333251953125,260400
2018-04-27,3576.666748046875,3630.0,3566.666748046875,3630.0,291000
2018-04-30,3630.0,3630.0,3630.0,3630.0,0
2018-05-01,3620.0,3620.0,3576.666748046875,3613.333251953125,239100
2018-05-02,3650.0,3656.666748046875,3600.0,3610.0,289800
2018-05-03,3610.0,3610.0,3610.0,3610.0,0
2018-05-04,3610.0,3610.0,3610.0,3610.0,0
2018-05-07,3603.333251953125,3633.333251953125,3580.0,3633.333251953125,375900
2018-05-08,3630.0,3663.333251953125,3620.0,3640.0,351300
2018-05-09,3573.333251953125,3820.0,3556.666748046875,3603.333251953125,1406100
2018-05-10,3476.666748046875,3610.0,3476.666748046875,3576.666748046875,785400
2018-05-11,3566.666748046875,3610.0,3566.666748046875,3606.666748046875,392700
2018-05-14,3613.333251953125,3626.666748046875,3560.0,3570.0,540000
2018-05-15,3613.333251953125,3626.666748046875,3590.0,3606.666748046875,256500
2018-05-16,3620.0,3636.666748046875,3583.333251953125,3600.0,334200
2018-05-17,3636.666748046875,3643.333251953125,3593.333251953125,3626.666748046875,206100
2018-05-18,3626.666748046875,3626.666748046875,3570.0,3576.666748046875,300600
2018-05-21,3606.666748046875,3620.0,3600.0,3610.0,251400
2018-05-22,3610.0,3610.0,3563.333251953125,3570.0,292200
2018-05-23,3570.0,3586.666748046875,3536.666748046875,3540.0,281700
2018-05-24,3526.666748046875,3543.333251953125,3493.333251953125,3496.666748046875,345000
2018-05-25,3476.666748046875,3510.0,3476.666748046875,3496.666748046875,385200
2018-05-28,3510.0,3553.333251953125,3510.0,3546.666748046875,208200
2018-05-29,3526.666748046875,3546.666748046875,3516.666748046875,3543.333251953125,204600
2018-05-30,3486.666748046875,3520.0,3430.0,3440.0,636300
2018-05-31,3460.0,3516.666748046875,3450.0,3466.666748046875,656100
2018-06-01,3423.333251953125,3506.666748046875,3423.333251953125,3500.0,273600
2018-06-04,3516.666748046875,3543.333251953125,3506.666748046875,3526.666748046875,168000
2018-06-05,3540.0,3556.666748046875,3526.666748046875,3540.0,222300
2018-06-06,3546.666748046875,3546.666748046875,3496.666748046875,3526.666748046875,197100
2018-06-07,3543.333251953125,3543.333251953125,3473.333251953125,3486.666748046875,331200
2018-06-08,3486.666748046875,3510.0,3436.666748046875,3456.666748046875,562800
2018-06-11,3496.666748046875,3500.0,3460.0,3473.333251953125,175500
2018-06-12,3496.666748046875,3496.666748046875,3463.333251953125,3483.333251953125,300900
2018-06-13,3493.333251953125,3503.333251953125,3470.0,3496.666748046875,211200
2018-06-14,3476.666748046875,3486.666748046875,3416.666748046875,3420.0,218100
2018-06-15,3426.666748046875,3430.0,3403.333251953125,3426.666748046875,318900
2018-06-18,3406.666748046875,3420.0,3390.0,3393.333251953125,141000
2018-06-19,3376.666748046875,3386.666748046875,3336.666748046875,3343.333251953125,159000
2018-06-20,3340.0,3400.0,3340.0,3393.333251953125,329400
2018-06-21,3366.666748046875,3380.0,3353.333251953125,3353.333251953125,174000
2018-06-22,3340.0,3350.0,3323.333251953125,3343.333251953125,324900
2018-06-25,3336.666748046875,3340.0,3293.333251953125,3300.0,229800
2018-06-26,3273.333251953125,3296.666748046875,3260.0,3290.0,257100
2018-06-27,3290.0,3336.666748046875,3290.0,3323.333251953125,169800
2018-06-28,3300.0,3310.0,3276.666748046875,3283.333251953125,309600
2018-06-29,3296.666748046875,3296.666748046875,3240.0,3256.666748046875,344700
2018-07-02,3270.0,3293.333251953125,3220.0,3223.333251953125,392400
2018-07-03,3223.333251953125,3236.666748046875,3183.333251953125,3213.333251953125,371400
2018-07-04,3186.666748046875,3203.333251953125,3183.333251953125,3193.333251953125,215400
2018-07-05,3193.333251953125,3206.666748046875,3170.0,3180.0,413400
2018-07-06,3176.666748046875,3176.666748046875,3146.666748046875,3166.666748046875,460500
2018-07-09,3193.333251953125,3243.333251953125,3166.666748046875,3236.666748046875,493200
2018-07-10,3246.666748046875,3253.333251953125,3200.0,3200.0,325200
2018-07-11,3173.333251953125,3206.666748046875,3166.666748046875,3180.0,309000
2018-07-12,3203.333251953125,3213.333251953125,3146.666748046875,3163.333251953125,411900
2018-07-13,3180.0,3196.666748046875,3153.333251953125,3190.0,188400
2018-07-16,3190.0,3190.0,3190.0,3190.0,0
2018-07-17,3183.333251953125,3243.333251953125,3173.333251953125,3223.333251953125,258600
2018-07-18,3246.666748046875,3246.666748046875,3213.333251953125,3223.333251953125,273000
2018-07-19,3230.0,3230.0,3200.0,3200.0,160500
2018-07-20,3196.666748046875,3220.0,3183.333251953125,3213.333251953125,196800
2018-07-23,3203.333251953125,3226.666748046875,3186.666748046875,3186.666748046875,175200
2018-07-24,3213.333251953125,3223.333251953125,3190.0,3200.0,152100
2018-07-25,3216.666748046875,3223.333251953125,3153.333251953125,3160.0,209100
2018-07-26,3190.0,3243.333251953125,3190.0,3233.333251953125,252300
2018-07-27,3246.666748046875,3253.333251953125,3223.333251953125,3233.333251953125,191400
2018-07-30,3230.0,3233.333251953125,3190.0,3210.0,179100
2018-07-31,3210.0,3230.0,3180.0,3220.0,267300
2018-08-01,3223.333251953125,3223.333251953125,3190.0,3203.333251953125,318000
2018-08-02,3226.666748046875,3226.666748046875,3176.666748046875,3183.333251953125,237600
2018-08-03,3180.0,3203.333251953125,3166.666748046875,3196.666748046875,366300
2018-08-06,2916.666748046875,3043.333251953125,2873.333251953125,2910.0,1166100
2018-08-07,2913.333251953125,3000.0,2913.333251953125,2996.666748046875,467400
2018-08-08,2990.0,3010.0,2973.333251953125,2996.666748046875,294900
2018-08-09,2990.0,2990.0,2950.0,2983.333251953125,307200
2018-08-10,2983.333251953125,2990.0,2943.333251953125,2970.0,208200
2018-08-13,2933.333251953125,2943.333251953125,2896.666748046875,2900.0,331500
2018-08-14,2883.333251953125,2890.0,2863.333251953125,2890.0,641700
2018-08-15,2886.666748046875,2893.333251953125,2830.0,2850.0,496500
2018-08-16,2826.666748046875,2830.0,2796.666748046875,2806.666748046875,522900
2018-08-17,2786.666748046875,2786.666748046875,2763.333251953125,2770.0,429600
2018-08-20,2770.0,2790.0,2756.666748046875,2766.666748046875,443100
2018-08-21,2736.666748046875,2743.333251953125,2710.0,2730.0,762000
2018-08-22,2716.666748046875,2756.666748046875,2716.666748046875,2730.0,678600
2018-08-23,2700.0,2756.666748046875,2690.0,2743.333251953125,852900
2018-08-24,2743.333251953125,2746.666748046875,2716.666748046875,2733.333251953125,555600
2018-08-27,2733.333251953125,2740.0,2720.0,2733.333251953125,550500
2018-08-28,2770.0,2790.0,2753.333251953125,2756.666748046875,613800
2018-08-29,2786.666748046875,2800.0,2766.666748046875,2766.666748046875,473700
2018-08-30,2766.666748046875,2773.333251953125,2743.333251953125,2756.666748046875,589200
2018-08-31,2740.0,2770.0,2733.333251953125,2756.666748046875,441000
2018-09-03,2760.0,2760.0,2730.0,2730.0,441000
2018-09-04,2746.666748046875,2756.666748046875,2726.666748046875,2740.0,513600
2018-09-05,2733.333251953125,2750.0,2730.0,2736.666748046875,331500
2018-09-06,2733.333251953125,2733.333251953125,2710.0,2716.666748046875,309600
2018-09-07,2666.666748046875,2680.0,2646.666748046875,2663.333251953125,439200
2018-09-10,2650.0,2696.666748046875,2650.0,2676.666748046875,282600
2018-09-11,2650.0,2666.666748046875,2646.666748046875,2650.0,419700
2018-09-12,2650.0,2653.333251953125,2616.666748046875,2633.333251953125,645600
2018-09-13,2626.666748046875,2643.333251953125,2616.666748046875,2623.333251953125,558300
2018-09-14,2646.666748046875,2656.666748046875,2640.0,2643.333251953125,840600
2018-09-17,2643.333251953125,2643.333251953125,2643.333251953125,2643.333251953125,0
2018-09-18,2666.666748046875,2736.666748046875,2666.666748046875,2736.666748046875,849000
2018-09-19,2776.666748046875,2793.333251953125,2750.0,2783.333251953125,468300
2018-09-20,2800.0,2813.333251953125,2786.666748046875,2800.0,534300
2018-09-21,2760.0,2830.0,2756.666748046875,2813.333251953125,978000
2018-09-24,2813.333251953125,2813.333251953125,2813.333251953125,2813.333251953125,0
2018-09-25,2823.333251953125,2866.666748046875,2820.0,2866.666748046875,536700
2018-09-26,2863.333251953125,2873.333251953125,2823.333251953125,2866.666748046875,548100
2018-09-27,2866.666748046875,2866.666748046875,2806.666748046875,2843.333251953125,681300
2018-09-28,2860.0,2903.333251953125,2843.333251953125,2886.666748046875,673200
2018-10-01,2876.666748046875,2880.0,2820.0,2836.666748046875,597600
2018-10-02,2873.333251953125,2913.333251953125,2866.666748046875,2890.0,861000
2018-10-03,2886.666748046875,2896.666748046875,2843.333251953125,2843.333251953125,324300
2018-10-04,2883.333251953125,2890.0,2833.333251953125,2836.666748046875,510300
2018-10-05,2820.0,2836.666748046875,2783.333251953125,2796.666748046875,611700
2018-10-08,2796.666748046875,2796.666748046875,2796.666748046875,2796.666748046875,0
2018-10-09,2803.333251953125,2810.0,2753.333251953125,2773.333251953125,504000
2018-10-10,2786.666748046875,2850.0,2786.666748046875,2843.333251953125,525300
2018-10-11,2746.666748046875,2763.333251953125,2710.0,2736.666748046875,519000
2018-10-12,2710.0,2746.666748046875,2703.333251953125,2740.0,347400
2018-10-15,2696.666748046875,2733.333251953125,2686.666748046875,2726.666748046875,407700
2018-10-16,2716.666748046875,2776.666748046875,2716.666748046875,2776.666748046875,481200
2018-10-17,2800.0,2830.0,2786.666748046875,2820.0,353400
2018-10-18,2816.666748046875,2863.333251953125,2813.333251953125,2813.333251953125,352500
2018-10-19,2786.666748046875,2800.0,2776.666748046875,2790.0,457500
2018-10-22,2773.333251953125,2813.333251953125,2760.0,2800.0,480300
2018-10-23,2776.666748046875,2776.666748046875,2703.333251953125,2703.333251953125,532500
2018-10-24,2700.0,2756.666748046875,2693.333251953125,2743.333251953125,408300
2018-10-25,2673.333251953125,2706.666748046875,2663.333251953125,2670.0,352200
2018-10-26,2690.0,2710.0,2663.333251953125,2706.666748046875,597600
2018-10-29,2720.0,2773.333251953125,2716.666748046875,2716.666748046875,456600
2018-10-30,2696.666748046875,2723.333251953125,2676.666748046875,2703.333251953125,643500
2018-10-31,2720.0,2746.666748046875,2693.333251953125,2740.0,659700
2018-11-01,2763.333251953125,2806.666748046875,2750.0,2776.666748046875,507900
2018-11-02,2790.0,2800.0,2746.666748046875,2790.0,361500
2018-11-05,2763.333251953125,2793.333251953125,2743.333251953125,2776.666748046875,278700
2018-11-06,2803.333251953125,2820.0,2786.666748046875,2796.666748046875,256500
2018-11-07,2783.333251953125,2833.333251953125,2566.666748046875,2590.0,1602300
2018-11-08,2593.333251953125,2650.0,2583.333251953125,2606.666748046875,1163400
2018-11-09,2620.0,2733.333251953125,2620.0,2723.333251953125,693300
2018-11-12,2703.333251953125,2716.666748046875,2683.333251953125,2713.333251953125,379200
2018-11-13,2683.333251953125,2726.666748046875,2643.333251953125,2726.666748046875,564600
2018-11-14,2733.333251953125,2760.0,2710.0,2736.666748046875,285600
2018-11-15,2726.666748046875,2760.0,2720.0,2740.0,254700
2018-11-16,2733.333251953125,2753.333251953125,2716.666748046875,2743.333251953125,278700
2018-11-19,2753.333251953125,2810.0,2750.0,2810.0,520800
2018-11-20,2780.0,2820.0,2780.0,2813.333251953125,445200
2018-11-21,2766.666748046875,2783.333251953125,2740.0,2773.333251953125,581400
2018-11-22,2723.333251953125,2733.333251953125,2636.666748046875,2690.0,1001700
2018-11-23,2690.0,2690.0,2690.0,2690.0,0
2018-11-26,2706.666748046875,2750.0,2690.0,2716.666748046875,719400
2018-11-27,2706.666748046875,2736.666748046875,2680.0,2736.666748046875,649800
2018-11-28,2750.0,2750.0,2716.666748046875,2730.0,340500
2018-11-29,2726.666748046875,2726.666748046875,2673.333251953125,2706.666748046875,449100
2018-11-30,2693.333251953125,2733.333251953125,2690.0,2713.333251953125,699300
2018-12-03,2723.333251953125,2750.0,2696.666748046875,2726.666748046875,298500
2018-12-04,2733.333251953125,2743.333251953125,2670.0,2676.666748046875,351600
2018-12-05,2626.666748046875,2670.0,2610.0,2656.666748046875,364500
2018-12-06,2623.333251953125,2626.666748046875,2553.333251953125,2563.333251953125,553500
2018-12-07,2583.333251953125,2590.0,2510.0,2533.333251953125,578700
2018-12-10,2483.333251953125,2490.0,2423.333251953125,2433.333251953125,541800
2018-12-11,2433.333251953125,2473.333251953125,2433.333251953125,2470.0,631800
2018-12-12,2463.333251953125,2523.333251953125,2450.0,2513.333251953125,487800
2018-12-13,2536.666748046875,2573.333251953125,2526.666748046875,2553.333251953125,373500
2018-12-14,2530.0,2536.666748046875,2496.666748046875,2513.333251953125,477000
2018-12-17,2480.0,2496.666748046875,2473.333251953125,2483.333251953125,345900
2018-12-18,2486.666748046875,2500.0,2460.0,2466.666748046875,376200
2018-12-19,2463.333251953125,2506.666748046875,2463.333251953125,2500.0,317100
2018-12-20,2496.666748046875,2500.0,2406.666748046875,2413.333251953125,303600
2018-12-21,2416.666748046875,2426.666748046875,2363.333251953125,2380.0,502500
2018-12-24,2380.0,2380.0,2380.0,2380.0,0
2018-12-25,2296.666748046875,2296.666748046875,2246.666748046875,2266.666748046875,288300
2018-12-26,2276.666748046875,2346.666748046875,2276.666748046875,2320.0,418500
2018-12-27,2403.333251953125,2443.333251953125,2380.0,2440.0,350400
2018-12-28,2440.0,2446.666748046875,2373.333251953125,2413.333251953125,254100
2018-12-31,2413.333251953125,2413.333251953125,2413.333251953125,2413.333251953125,0
2019-01-04,2333.333251953125,2346.666748046875,2293.333251953125,2320.0,896400
2019-01-07,2323.333251953125,2360.0,2310.0,2346.666748046875,791100
2019-01-08,2296.666748046875,2350.0,2296.666748046875,2303.333251953125,992400
2019-01-09,2330.0,2353.333251953125,2293.333251953125,2323.333251953125,961200
2019-01-10,2336.666748046875,2380.0,2333.333251953125,2360.0,406200
2019-01-11,2366.666748046875,2386.666748046875,2360.0,2363.333251953125,229800
2019-01-15,2313.333251953125,2320.0,2290.0,2313.333251953125,516300
2019-01-16,2346.666748046875,2390.0,2316.666748046875,2363.333251953125,337200
2019-01-17,2386.666748046875,2400.0,2356.666748046875,2370.0,272400
2019-01-18,2386.666748046875,2413.333251953125,2383.333251953125,2393.333251953125,306900
2019-01-21,2400.0,2403.333251953125,2380.0,2386.666748046875,273000
2019-01-22,2416.666748046875,2416.666748046875,2366.666748046875,2370.0,264300
2019-01-23,2330.0,2366.666748046875,2330.0,2360.0,229800
2019-01-24,2353.333251953125,2390.0,2330.0,2383.333251953125,336300
2019-01-25,2383.333251953125,2413.333251953125,2370.0,2380.0,232500
2019-01-28,2380.0,2396.666748046875,2366.666748046875,2380.0,218400
2019-01-29,2363.333251953125,2416.666748046875,2360.0,2390.0,346500
2019-01-30,2403.333251953125,2403.333251953125,2340.0,2343.333251953125,380700
2019-01-31,2373.333251953125,2416.666748046875,2366.666748046875,2400.0,382500
2019-02-01,2416.666748046875,2426.666748046875,2386.666748046875,2386.666748046875,348000
2019-02-04,2416.666748046875,2476.666748046875,2400.0,2460.0,491700
2019-02-05,2433.333251953125,2443.333251953125,2403.333251953125,2420.0,377100
2019-02-06,2420.0,2460.0,2416.666748046875,2446.666748046875,418500
2019-02-07,2433.333251953125,2436.666748046875,2396.666748046875,2426.666748046875,265800
2019-02-08,2446.666748046875,2463.333251953125,2433.333251953125,2433.333251953125,605700
2019-02-12,2443.333251953125,2473.333251953125,2436.666748046875,2460.0,513900
2019-02-13,2483.333251953125,2486.666748046875,2450.0,2453.333251953125,499500
2019-02-14,2430.0,2500.0,2426.666748046875,2486.666748046875,415200
2019-02-15,2480.0,2496.666748046875,2456.666748046875,2483.333251953125,235500
2019-02-18,2516.666748046875,2520.0,2483.333251953125,2500.0,190200
2019-02-19,2500.0,2506.666748046875,2460.0,2470.0,281100
2019-02-20,2440.0,2473.333251953125,2440.0,2456.666748046875,270300
2019-02-21,2450.0,2456.666748046875,2416.666748046875,2446.666748046875,574800
2019-02-22,2430.0,2460.0,2413.333251953125,2440.0,234900
2019-02-25,2446.666748046875,2490.0,2443.333251953125,2473.333251953125,239700
2019-02-26,2476.666748046875,2503.333251953125,2470.0,2483.333251953125,189900
2019-02-27,2483.333251953125,2503.333251953125,2473.333251953125,2483.333251953125,341400
2019-02-28,2500.0,2513.333251953125,2493.333251953125,2496.666748046875,478500
2019-03-01,2500.0,2516.666748046875,2483.333251953125,2506.666748046875,236700
2019-03-04,2486.666748046875,2530.0,2486.666748046875,2500.0,210300
2019-03-05,2470.0,2493.333251953125,2460.0,2490.0,196800
2019-03-06,2500.0,2530.0,2496.666748046875,2526.666748046875,295200
2019-03-07,2520.0,2526.666748046875,2510.0,2526.666748046875,264600
2019-03-08,2520.0,2540.0,2486.666748046875,2496.666748046875,466800
2019-03-11,2500.0,2503.333251953125,2470.0,2480.0,122100
2019-03-12,2480.0,2526.666748046875,2473.333251953125,2513.333251953125,153300
2019-03-13,2500.0,2510.0,2460.0,2470.0,148800
2019-03-14,2490.0,2490.0,2446.666748046875,2456.666748046875,116400
2019-03-15,2460.0,2496.666748046875,2446.666748046875,2493.333251953125,349200
2019-03-18,2500.0,2520.0,2500.0,2513.333251953125,246600
2019-03-19,2533.333251953125,2533.333251953125,2506.666748046875,2520.0,196500
2019-03-20,2516.666748046875,2553.333251953125,2516.666748046875,2550.0,345000
2019-03-22,2570.0,2606.666748046875,2570.0,2596.666748046875,457800
2019-03-25,2573.333251953125,2576.666748046875,2553.333251953125,2570.0,286800
2019-03-26,2600.0,2646.666748046875,2596.666748046875,2646.666748046875,395700
2019-03-27,2626.666748046875,2630.0,2606.666748046875,2626.666748046875,198600
2019-03-28,2633.333251953125,2636.666748046875,2563.333251953125,2573.333251953125,261900
2019-03-29,2613.333251953125,2616.666748046875,2583.333251953125,2610.0,414300
2019-04-01,2653.333251953125,2653.333251953125,2626.666748046875,2643.333251953125,270900
2019-04-02,2646.666748046875,2650.0,2623.333251953125,2636.666748046875,207300
2019-04-03,2633.333251953125,2633.333251953125,2573.333251953125,2580.0,303900
2019-04-04,2566.666748046875,2580.0,2553.333251953125,2573.333251953125,144900
2019-04-05,2566.666748046875,2596.666748046875,2560.0,2586.666748046875,293100
2019-04-08,2570.0,2586.666748046875,2560.0,2563.333251953125,156600
2019-04-09,2583.333251953125,2583.333251953125,2556.666748046875,2570.0,97500
2019-04-10,2543.333251953125,2573.333251953125,2540.0,2563.333251953125,105300
2019-04-11,2566.666748046875,2586.666748046875,2546.666748046875,2576.666748046875,106200
2019-04-12,2606.666748046875,2606.666748046875,2570.0,2580.0,224100
2019-04-15,2630.0,2630.0,2593.333251953125,2616.666748046875,352500
2019-04-16,2616.666748046875,2623.333251953125,2603.333251953125,2616.666748046875,186000
2019-04-17,2626.666748046875,2626.666748046875,2596.666748046875,2610.0,198600
2019-04-18,2600.0,2603.333251953125,2546.666748046875,2553.333251953125,253800
2019-04-19,2570.0,2573.333251953125,2523.333251953125,2530.0,252300
2019-04-22,2513.333251953125,2556.666748046875,2513.333251953125,2546.666748046875,175500
2019-04-23,2556.666748046875,2570.0,2546.666748046875,2566.666748046875,139800
2019-04-24,2580.0,2580.0,2533.333251953125,2553.333251953125,210000
2019-04-25,2560.0,2573.333251953125,2543.333251953125,2550.0,159300
2019-04-26,2530.0,2536.666748046875,2490.0,2493.333251953125,339000
2019-05-07,2500.0,2520.0,2473.333251953125,2483.333251953125,463800
2019-05-08,2456.666748046875,2466.666748046875,2426.666748046875,2436.666748046875,339900
2019-05-09,2460.0,2563.333251953125,2380.0,2533.333251953125,1193100
2019-05-10,2436.666748046875,2516.666748046875,2420.0,2486.666748046875,560400
2019-05-13,2453.333251953125,2480.0,2413.333251953125,2460.0,341100
2019-05-14,2403.333251953125,2426.666748046875,2376.666748046875,2403.333251953125,270300
2019-05-15,2403.333251953125,2413.333251953125,2383.333251953125,2396.666748046875,268500
2019-05-16,2390.0,2423.333251953125,2380.0,2420.0,261600
2019-05-17,2470.0,2480.0,2403.333251953125,2463.333251953125,303300
2019-05-20,2450.0,2473.333251953125,2440.0,2456.666748046875,263400
2019-05-21,2416.666748046875,2440.0,2413.333251953125,2420.0,225000
2019-05-22,2416.666748046875,2433.333251953125,2400.0,2420.0,258600
2019-05-23,2396.666748046875,2396.666748046875,2346.666748046875,2380.0,382800
2019-05-24,2340.0,2380.0,2340.0,2373.333251953125,263100
2019-05-27,2376.666748046875,2386.666748046875,2366.666748046875,2383.333251953125,204600
2019-05-28,2396.666748046875,2436.666748046875,2393.333251953125,2416.666748046875,830100
2019-05-29,2403.333251953125,2443.333251953125,2383.333251953125,2423.333251953125,449400
2019-05-30,2396.666748046875,2410.0,2370.0,2390.0,210000
2019-05-31,2386.666748046875,2393.333251953125,2366.666748046875,2373.333251953125,292200
2019-06-03,2323.333251953125,2343.333251953125,2303.333251953125,2316.666748046875,366900
2019-06-04,2326.666748046875,2333.333251953125,2300.0,2316.666748046875,212100
2019-06-05,2370.0,2396.666748046875,2363.333251953125,2380.0,217500
2019-06-06,2356.666748046875,2403.333251953125,2353.333251953125,2383.333251953125,316200
2019-06-07,2393.333251953125,2393.333251953125,2366.666748046875,2380.0,148500
2019-06-10,2396.666748046875,2396.666748046875,2353.333251953125,2376.666748046875,244500
2019-06-11,2363.333251953125,2363.333251953125,2313.333251953125,2326.666748046875,460500
2019-06-12,2306.666748046875,2343.333251953125,2293.333251953125,2330.0,474900
2019-06-13,2310.0,2330.0,2303.333251953125,2313.333251953125,312600
2019-06-14,2323.333251953125,2353.333251953125,2306.666748046875,2343.333251953125,273300
2019-06-17,2320.0,2326.666748046875,2290.0,2290.0,218700
2019-06-18,2293.333251953125,2306.666748046875,2263.333251953125,2266.666748046875,261300
2019-06-19,2293.333251953125,2313.333251953125,2286.666748046875,2296.666748046875,224700
2019-06-20,2330.0,2340.0,2296.666748046875,2306.666748046875,182700
2019-06-21,2310.0,2310.0,2263.333251953125,2273.333251953125,352800
2019-06-24,2260.0,2263.333251953125,2236.666748046875,2256.666748046875,332100
2019-06-25,2253.333251953125,2286.666748046875,2236.666748046875,2243.333251953125,317700
2019-06-26,2216.666748046875,2270.0,2206.666748046875,2260.0,432000
2019-06-27,2260.0,2266.666748046875,2233.333251953125,2266.666748046875,377400
2019-06-28,2270.0,2290.0,2263.333251953125,2283.333251953125,331200
2019-07-01,2336.666748046875,2350.0,2316.666748046875,2330.0,247200
2019-07-02,2330.0,2363.333251953125,2320.0,2340.0,450000
2019-07-03,2346.666748046875,2376.666748046875,2343.333251953125,2363.333251953125,277200
2019-07-04,2363.333251953125,2393.333251953125,2363.333251953125,2383.333251953125,125700
2019-07-05,2383.333251953125,2403.333251953125,2366.666748046875,2383.333251953125,278700
2019-07-08,2376.666748046875,2386.666748046875,2360.0,2363.333251953125,174600
2019-07-09,2363.333251953125,2370.0,2343.333251953125,2346.666748046875,288300
2019-07-10,2320.0,2326.666748046875,2310.0,2313.333251953125,359400
2019-07-11,2330.0,2333.333251953125,2316.666748046875,2330.0,250200
2019-07-12,2340.0,2356.666748046875,2340.0,2350.0,252600
2019-07-16,2350.0,2370.0,2350.0,2360.0,221100
2019-07-17,2360.0,2386.666748046875,2356.666748046875,2366.666748046875,450000
2019-07-18,2343.333251953125,2350.0,2313.333251953125,2323.333251953125,461400
2019-07-19,2323.333251953125,2390.0,2320.0,2370.0,349800
2019-07-22,2370.0,2386.666748046875,2363.333251953125,2376.666748046875,259200
2019-07-23,2386.666748046875,2410.0,2380.0,2396.666748046875,265200
2019-07-24,2396.666748046875,2426.666748046875,2393.333251953125,2423.333251953125,211500
2019-07-25,2436.666748046875,2446.666748046875,2423.333251953125,2433.333251953125,217200
2019-07-26,2430.0,2443.333251953125,2416.666748046875,2436.666748046875,285300
2019-07-29,2423.333251953125,2430.0,2410.0,2423.333251953125,168600
2019-07-30,2433.333251953125,2460.0,2426.666748046875,2460.0,231300
2019-07-31,2473.333251953125,2476.666748046875,2450.0,2456.666748046875,393600
2019-08-01,2430.0,2433.333251953125,2413.333251953125,2426.666748046875,302400
2019-08-02,2376.666748046875,2400.0,2370.0,2396.666748046875,398400
2019-08-05,2363.333251953125,2386.666748046875,2363.333251953125,2383.333251953125,400200
2019-08-06,2276.666748046875,2380.0,2273.333251953125,2366.666748046875,595800
2019-08-07,2166.666748046875,2190.0,2080.0,2096.666748046875,1776900
2019-08-08,2113.333251953125,2160.0,2100.0,2136.666748046875,1651800
2019-08-09,2146.666748046875,2156.666748046875,2133.333251953125,2133.333251953125,489900
2019-08-13,2126.666748046875,2186.666748046875,2120.0,2160.0,823500
2019-08-14,2200.0,2200.0,2176.666748046875,2196.666748046875,566100
2019-08-15,2163.333251953125,2196.666748046875,2163.333251953125,2196.666748046875,446700
2019-08-16,2190.0,2196.666748046875,2173.333251953125,2190.0,505800
2019-08-19,2206.666748046875,2216.666748046875,2190.0,2200.0,313500
2019-08-20,2196.666748046875,2240.0,2196.666748046875,2240.0,280800
2019-08-21,2196.666748046875,2216.666748046875,2190.0,2213.333251953125,499500
2019-08-22,2226.666748046875,2250.0,2216.666748046875,2236.666748046875,514200
2019-08-23,2240.0,2286.666748046875,2230.0,2260.0,410100
2019-08-26,2206.666748046875,2223.333251953125,2200.0,2213.333251953125,578700
2019-08-27,2230.0,2236.666748046875,2220.0,2226.666748046875,799500
2019-08-28,2226.666748046875,2243.333251953125,2210.0,2236.666748046875,413700
2019-08-29,2233.333251953125,2236.666748046875,2193.333251953125,2216.666748046875,378000
2019-08-30,2223.333251953125,2240.0,2203.333251953125,2223.333251953125,655800
2019-09-02,2240.0,2246.666748046875,2216.666748046875,2220.0,253200
2019-09-03,2243.333251953125,2256.666748046875,2230.0,2250.0,363000
2019-09-04,2226.666748046875,2236.666748046875,2220.0,2230.0,223500
2019-09-05,2253.333251953125,2303.333251953125,2246.666748046875,2276.666748046875,542100
2019-09-06,2290.0,2310.0,2276.666748046875,2300.0,369000
2019-09-09,2283.333251953125,2313.333251953125,2273.333251953125,2310.0,358500
2019-09-10,2313.333251953125,2343.333251953125,2313.333251953125,2333.333251953125,429900
2019-09-11,2320.0,2366.666748046875,2316.666748046875,2366.666748046875,541800
2019-09-12,2386.666748046875,2433.333251953125,2383.333251953125,2420.0,537900
2019-09-13,2433.333251953125,2433.333251953125,2406.666748046875,2433.333251953125,663900
2019-09-17,2436.666748046875,2463.333251953125,2426.666748046875,2446.666748046875,738600
2019-09-18,2456.666748046875,2460.0,2426.666748046875,2430.0,455700
2019-09-19,2433.333251953125,2456.666748046875,2426.666748046875,2443.333251953125,297900
2019-09-20,2466.666748046875,2483.333251953125,2453.333251953125,2483.333251953125,405900
2019-09-24,2483.333251953125,2506.666748046875,2473.333251953125,2476.666748046875,542400
2019-09-25,2456.666748046875,2483.333251953125,2450.0,2460.0,375000
2019-09-26,2460.0,2483.333251953125,2440.0,2453.333251953125,585600
2019-09-27,2443.333251953125,2450.0,2406.666748046875,2436.666748046875,442500
2019-09-30,2430.0,2463.333251953125,2416.666748046875,2420.0,531000
2019-10-01,2466.666748046875,2466.666748046875,2446.666748046875,2450.0,310200
2019-10-02,2440.0,2466.666748046875,2440.0,2450.0,363900
2019-10-03,2410.0,2443.333251953125,2410.0,2433.333251953125,413700
2019-10-04,2433.333251953125,2446.666748046875,2406.666748046875,2446.666748046875,436200
2019-10-07,2436.666748046875,2456.666748046875,2416.666748046875,2430.0,381000
2019-10-08,2456.666748046875,2503.333251953125,2450.0,2493.333251953125,800400
2019-10-09,2493.333251953125,2496.666748046875,2446.666748046875,2470.0,738900
2019-10-10,2456.666748046875,2473.333251953125,2443.333251953125,2460.0,355800
2019-10-11,2473.333251953125,2476.666748046875,2430.0,2456.666748046875,323700
2019-10-15,2530.0,2546.666748046875,2483.333251953125,2503.333251953125,585900
2019-10-16,2536.666748046875,2556.666748046875,2523.333251953125,2526.666748046875,378000
2019-10-17,2536.666748046875,2560.0,2533.333251953125,2546.666748046875,356400
2019-10-18,2540.0,2546.666748046875,2506.666748046875,2516.666748046875,353700
2019-10-21,2520.0,2533.333251953125,2516.666748046875,2523.333251953125,234300
2019-10-23,2543.333251953125,2550.0,2510.0,2550.0,273000
2019-10-24,2573.333251953125,2586.666748046875,2546.666748046875,2576.666748046875,367500
2019-10-25,2563.333251953125,2603.333251953125,2556.666748046875,2600.0,442800
2019-10-28,2623.333251953125,2623.333251953125,2570.0,2596.666748046875,436800
2019-10-29,2600.0,2636.666748046875,2600.0,2630.0,428700
2019-10-30,2630.0,2663.333251953125,2630.0,2663.333251953125,1022400
2019-10-31,2656.666748046875,2690.0,2653.333251953125,2663.333251953125,403500
2019-11-01,2613.333251953125,2650.0,2606.666748046875,2630.0,378300
2019-11-05,2676.666748046875,2740.0,2660.0,2736.666748046875,451500
2019-11-06,2696.666748046875,2706.666748046875,2676.666748046875,2700.0,680400
2019-11-07,2733.333251953125,2776.666748046875,2646.666748046875,2733.333251953125,1084500
2019-11-08,2716.666748046875,2780.0,2713.333251953125,2760.0,660600
2019-11-11,2793.333251953125,2893.333251953125,2790.0,2890.0,916200
2019-11-12,2883.333251953125,2890.0,2846.666748046875,2883.333251953125,603600
2019-11-13,2896.666748046875,2923.333251953125,2883.333251953125,2900.0,720300
2019-11-14,2886.666748046875,2903.333251953125,2846.666748046875,2853.333251953125,511500
2019-11-15,2866.666748046875,2876.666748046875,2846.666748046875,2856.666748046875,386700
2019-11-18,2856.666748046875,2856.666748046875,2823.333251953125,2856.666748046875,272400
2019-11-19,2856.666748046875,2870.0,2830.0,2850.0,351900
2019-11-20,2830.0,2860.0,2820.0,2860.0,338100
2019-11-21,2840.0,2856.666748046875,2816.666748046875,2846.666748046875,395100
2019-11-22,2846.666748046875,2866.666748046875,2843.333251953125,2863.333251953125,267600
2019-11-25,2866.666748046875,2873.333251953125,2840.0,2860.0,198600
2019-11-26,2866.666748046875,2880.0,2850.0,2856.666748046875,468900
2019-11-27,2886.666748046875,2890.0,2860.0,2860.0,381300
2019-11-28,2866.666748046875,2870.0,2836.666748046875,2863.333251953125,407100
2019-11-29,2860.0,2863.333251953125,2796.666748046875,2800.0,491700
2019-12-02,2780.0,2840.0,2773.333251953125,2810.0,1071300
2019-12-03,2796.666748046875,2810.0,2753.333251953125,2806.666748046875,1035000
2019-12-04,2793.333251953125,2803.333251953125,2776.666748046875,2803.333251953125,381900
2019-12-05,2810.0,2830.0,2786.666748046875,2810.0,361800
2019-12-06,2796.666748046875,2810.0,2780.0,2793.333251953125,254700
2019-12-09,2820.0,2826.666748046875,2800.0,2820.0,305100
2019-12-10,2820.0,2846.666748046875,2803.333251953125,2833.333251953125,617100
2019-12-11,2830.0,2836.666748046875,2806.666748046875,2813.333251953125,226800
2019-12-12,2820.0,2843.333251953125,2813.333251953125,2836.666748046875,351600
2019-12-13,2860.0,2866.666748046875,2833.333251953125,2843.333251953125,565500
2019-12-16,2846.666748046875,2886.666748046875,2843.333251953125,2873.333251953125,353400
2019-12-17,2900.0,2906.666748046875,2876.666748046875,2903.333251953125,563700
2019-12-18,2896.666748046875,2896.666748046875,2863.333251953125,2876.666748046875,271800
2019-12-19,2886.666748046875,2886.666748046875,2853.333251953125,2873.333251953125,246600
2019-12-20,2883.333251953125,2910.0,2873.333251953125,2896.666748046875,450600
2019-12-23,2900.0,2916.666748046875,2880.0,2886.666748046875,220800
2019-12-24,2900.0,2903.333251953125,2860.0,2883.333251953125,170700
2019-12-25,2860.0,2873.333251953125,2853.333251953125,2863.333251953125,104400
2019-12-26,2850.0,2876.666748046875,2840.0,2876.666748046875,248400
2019-12-27,2906.666748046875,2906.666748046875,2880.0,2886.666748046875,137400
2019-12-30,2850.0,2873.333251953125,2843.333251953125,2850.0,213900
2020-01-06,2803.333251953125,2830.0,2796.666748046875,2813.333251953125,299400
2020-01-07,2833.333251953125,2866.666748046875,2830.0,2860.0,249600
2020-01-08,2786.666748046875,2806.666748046875,2763.333251953125,2796.666748046875,312600
2020-01-09,2823.333251953125,2840.0,2813.333251953125,2830.0,222000
2020-01-10,2860.0,2860.0,2826.666748046875,2836.666748046875,199500
2020-01-14,2786.666748046875,2820.0,2780.0,2820.0,284400
2020-01-15,2773.333251953125,2810.0,2756.666748046875,2760.0,415800
2020-01-16,2786.666748046875,2786.666748046875,2760.0,2773.333251953125,255900
2020-01-17,2786.666748046875,2790.0,2770.0,2776.666748046875,224100
2020-01-20,2776.666748046875,2796.666748046875,2776.666748046875,2786.666748046875,146100
2020-01-21,2780.0,2783.333251953125,2763.333251953125,2766.666748046875,147600
2020-01-22,2766.666748046875,2816.666748046875,2760.0,2810.0,249300
2020-01-23,2776.666748046875,2790.0,2766.666748046875,2770.0,174600
2020-01-24,2786.666748046875,2786.666748046875,2743.333251953125,2746.666748046875,174900
2020-01-27,2646.666748046875,2700.0,2646.666748046875,2670.0,254700
2020-01-28,2626.666748046875,2650.0,2623.333251953125,2633.333251953125,297600
2020-01-29,2646.666748046875,2663.333251953125,2626.666748046875,2663.333251953125,275700
2020-01-30,2653.333251953125,2660.0,2600.0,2616.666748046875,251700
2020-01-31,2656.666748046875,2663.333251953125,2626.666748046875,2626.666748046875,315300
2020-02-03,2566.666748046875,2600.0,2566.666748046875,2586.666748046875,270000
2020-02-04,2536.666748046875,2606.666748046875,2536.666748046875,2596.666748046875,392100
2020-02-05,2633.333251953125,2636.666748046875,2603.333251953125,2610.0,308100
2020-02-06,2636.666748046875,2663.333251953125,2623.333251953125,2653.333251953125,293700
2020-02-07,2643.333251953125,2643.333251953125,2613.333251953125,2623.333251953125,191100
2020-02-10,2583.333251953125,2616.666748046875,2583.333251953125,2596.666748046875,256200
2020-02-12,2590.0,2613.333251953125,2566.666748046875,2566.666748046875,386400
2020-02-13,2816.666748046875,2820.0,2680.0,2770.0,994500
2020-02-14,2743.333251953125,2763.333251953125,2690.0,2700.0,552300
2020-02-17,2626.666748046875,2636.666748046875,2573.333251953125,2606.666748046875,435000
2020-02-18,2580.0,2580.0,2553.333251953125,2570.0,327600
2020-02-19,2546.666748046875,2653.333251953125,2540.0,2636.666748046875,687000
2020-02-20,2686.666748046875,2763.333251953125,2676.666748046875,2723.333251953125,932100
2020-02-21,2713.333251953125,2756.666748046875,2710.0,2730.0,516000
2020-02-25,2596.666748046875,2670.0,2576.666748046875,2650.0,573300
2020-02-26,2576.666748046875,2610.0,2563.333251953125,2603.333251953125,582300
2020-02-27,2593.333251953125,2600.0,2526.666748046875,2540.0,473700
2020-02-28,2490.0,2490.0,2430.0,2456.666748046875,480300
2020-03-02,2426.666748046875,2516.666748046875,2410.0,2503.333251953125,424500
2020-03-03,2520.0,2526.666748046875,2396.666748046875,2396.666748046875,607200
2020-03-04,2363.333251953125,2420.0,2340.0,2393.333251953125,448800
2020-03-05,2443.333251953125,2460.0,2423.333251953125,2433.333251953125,497700
2020-03-06,2383.333251953125,2393.333251953125,2336.666748046875,2376.666748046875,514800
2020-03-09,2293.333251953125,2310.0,2223.333251953125,2253.333251953125,394800
2020-03-10,2213.333251953125,2253.333251953125,2143.333251953125,2240.0,653700
2020-03-11,2220.0,2300.0,2216.666748046875,2243.333251953125,491400
2020-03-12,2193.333251953125,2213.333251953125,2130.0,2156.666748046875,497700
2020-03-13,2090.0,2183.333251953125,2033.3333740234373,2146.666748046875,940200
2020-03-16,2156.666748046875,2200.0,2150.0,2163.333251953125,887100
2020-03-17,2143.333251953125,2270.0,2096.666748046875,2250.0,788400
2020-03-18,2270.0,2356.666748046875,2270.0,2310.0,776700
2020-03-19,2386.666748046875,2543.333251953125,2373.333251953125,2466.666748046875,1368900
2020-03-23,2430.0,2503.333251953125,2310.0,2333.333251953125,1157400
2020-03-24,2383.333251953125,2393.333251953125,2310.0,2373.333251953125,750600
2020-03-25,2423.333251953125,2466.666748046875,2396.666748046875,2436.666748046875,711600
2020-03-26,2450.0,2506.666748046875,2393.333251953125,2466.666748046875,575700
2020-03-27,2566.666748046875,2600.0,2516.666748046875,2600.0,650100
2020-03-30,2600.0,2600.0,2500.0,2580.0,629700
2020-03-31,2543.333251953125,2660.0,2530.0,2550.0,1012800
2020-04-01,2546.666748046875,2546.666748046875,2456.666748046875,2466.666748046875,498900
2020-04-02,2463.333251953125,2503.333251953125,2413.333251953125,2426.666748046875,525600
2020-04-03,2523.333251953125,2546.666748046875,2423.333251953125,2450.0,542100
2020-04-06,2493.333251953125,2613.333251953125,2493.333251953125,2600.0,564300
2020-04-07,2650.0,2656.666748046875,2553.333251953125,2586.666748046875,795900
2020-04-08,2596.666748046875,2670.0,2583.333251953125,2630.0,344100
2020-04-09,2626.666748046875,2636.666748046875,2516.666748046875,2570.0,673500
2020-04-10,2593.333251953125,2636.666748046875,2526.666748046875,2626.666748046875,318600
2020-04-13,2606.666748046875,2633.333251953125,2576.666748046875,2616.666748046875,208500
2020-04-14,2606.666748046875,2650.0,2606.666748046875,2650.0,334800
2020-04-15,2650.0,2703.333251953125,2616.666748046875,2700.0,571800
2020-04-16,2676.666748046875,2700.0,2643.333251953125,2650.0,555000
2020-04-17,2666.666748046875,2693.333251953125,2606.666748046875,2663.333251953125,340800
2020-04-20,2666.666748046875,2713.333251953125,2663.333251953125,2700.0,405000
2020-04-21,2666.666748046875,2713.333251953125,2660.0,2683.333251953125,421800
2020-04-22,2670.0,2703.333251953125,2660.0,2676.666748046875,302100
2020-04-23,2680.0,2723.333251953125,2663.333251953125,2720.0,323400
2020-04-24,2713.333251953125,2713.333251953125,2670.0,2700.0,366600
2020-04-27,2700.0,2723.333251953125,2676.666748046875,2713.333251953125,192300
2020-04-28,2713.333251953125,2760.0,2693.333251953125,2750.0,197100
2020-04-30,2790.0,2793.333251953125,2723.333251953125,2723.333251953125,489000
2020-05-01,2683.333251953125,2723.333251953125,2683.333251953125,2706.666748046875,243900
2020-05-07,2706.666748046875,2716.666748046875,2676.666748046875,2696.666748046875,434700
2020-05-08,2646.666748046875,2756.666748046875,2636.666748046875,2750.0,737400
2020-05-11,2836.666748046875,2983.333251953125,2826.666748046875,2933.333251953125,975900
2020-05-12,2920.0,2930.0,2876.666748046875,2913.333251953125,581400
2020-05-13,2886.666748046875,2920.0,2850.0,2860.0,708600
2020-05-14,2793.333251953125,2823.333251953125,2760.0,2776.666748046875,592800
2020-05-15,2783.333251953125,2840.0,2773.333251953125,2816.666748046875,604500
2020-05-18,2816.666748046875,2850.0,2803.333251953125,2830.0,278700
2020-05-19,2863.333251953125,2893.333251953125,2846.666748046875,2870.0,282600
2020-05-20,2870.0,2940.0,2863.333251953125,2933.333251953125,265200
2020-05-21,2940.0,2963.333251953125,2923.333251953125,2923.333251953125,310500
2020-05-22,2940.0,2953.333251953125,2906.666748046875,2930.0,268200
2020-05-25,2973.333251953125,2980.0,2920.0,2936.666748046875,228900
2020-05-26,2986.666748046875,3003.333251953125,2970.0,2996.666748046875,348300
2020-05-27,3023.333251953125,3076.666748046875,3016.666748046875,3066.666748046875,621300
2020-05-28,3096.666748046875,3150.0,3073.333251953125,3150.0,734700
2020-05-29,3133.333251953125,3133.333251953125,3023.333251953125,3023.333251953125,1677300
2020-06-01,3050.0,3063.333251953125,3010.0,3050.0,313500
2020-06-02,3083.333251953125,3136.666748046875,3063.333251953125,3133.333251953125,533100
2020-06-03,3136.666748046875,3150.0,3093.333251953125,3143.333251953125,465600
2020-06-04,3166.666748046875,3210.0,3146.666748046875,3193.333251953125,662400
2020-06-05,3150.0,3210.0,3150.0,3200.0,303300
2020-06-08,3230.0,3230.0,3086.666748046875,3116.666748046875,459000
2020-06-09,3116.666748046875,3116.666748046875,3033.333251953125,3056.666748046875,582300
2020-06-10,3086.666748046875,3166.666748046875,3086.666748046875,3116.666748046875,535200
2020-06-11,3086.666748046875,3123.333251953125,3053.333251953125,3070.0,356700
2020-06-12,3026.666748046875,3066.666748046875,2996.666748046875,3016.666748046875,633600
2020-06-15,3006.666748046875,3030.0,2953.333251953125,2953.333251953125,344400
2020-06-16,3040.0,3070.0,2983.333251953125,3000.0,463800
2020-06-17,3000.0,3013.333251953125,2986.666748046875,2993.333251953125,214800
2020-06-18,2970.0,2986.666748046875,2956.666748046875,2983.333251953125,227100
2020-06-19,2986.666748046875,3100.0,2973.333251953125,3053.333251953125,970500
2020-06-22,3033.333251953125,3043.333251953125,2986.666748046875,3006.666748046875,249600
2020-06-23,3023.333251953125,3066.666748046875,3010.0,3030.0,236400
2020-06-24,3033.333251953125,3036.666748046875,2990.0,3023.333251953125,198900
2020-06-25,2993.333251953125,2996.666748046875,2963.333251953125,2986.666748046875,244500
2020-06-26,3016.666748046875,3053.333251953125,3000.0,3040.0,281700
2020-06-29,3000.0,3056.666748046875,2993.333251953125,3050.0,315600
2020-06-30,3000.0,3040.0,2986.666748046875,3000.0,454500
2020-07-01,3006.666748046875,3016.666748046875,2960.0,2976.666748046875,281100
2020-07-02,2983.333251953125,3010.0,2953.333251953125,2996.666748046875,479700
2020-07-03,2996.666748046875,2996.666748046875,2966.666748046875,2993.333251953125,185100
2020-07-06,3013.333251953125,3026.666748046875,2993.333251953125,3023.333251953125,278100
2020-07-07,3023.333251953125,3033.333251953125,2976.666748046875,2990.0,486900
2020-07-08,2966.666748046875,2986.666748046875,2940.0,2953.333251953125,403500
2020-07-09,2933.333251953125,2963.333251953125,2913.333251953125,2953.333251953125,303900
2020-07-10,2936.666748046875,2943.333251953125,2916.666748046875,2920.0,356400
2020-07-13,2970.0,2986.666748046875,2953.333251953125,2980.0,253800
2020-07-14,2966.666748046875,2986.666748046875,2946.666748046875,2976.666748046875,373800
2020-07-15,2993.333251953125,2993.333251953125,2950.0,2983.333251953125,477000
2020-07-16,2960.0,2990.0,2946.666748046875,2990.0,515400
2020-07-17,3010.0,3013.333251953125,2983.333251953125,3000.0,423600
2020-07-20,3000.0,3000.0,2940.0,2963.333251953125,228600
2020-07-21,2966.666748046875,2966.666748046875,2930.0,2950.0,367200
2020-07-22,2950.0,2993.333251953125,2940.0,2950.0,381300
2020-07-27,2946.666748046875,3003.333251953125,2940.0,2993.333251953125,512100
2020-07-28,2993.333251953125,3020.0,2960.0,2983.333251953125,324300
2020-07-29,2960.0,2966.666748046875,2923.333251953125,2950.0,244800
2020-07-30,2976.666748046875,2990.0,2963.333251953125,2970.0,349500
2020-07-31,2953.333251953125,2953.333251953125,2880.0,2880.0,378600
2020-08-03,2913.333251953125,2920.0,2886.666748046875,2920.0,229500
2020-08-04,2946.666748046875,2966.666748046875,2910.0,2940.0,244800
2020-08-05,2940.0,2946.666748046875,2903.333251953125,2936.666748046875,206400
2020-08-06,2983.333251953125,2983.333251953125,2930.0,2963.333251953125,333000
2020-08-07,3056.666748046875,3066.666748046875,2986.666748046875,3026.666748046875,639300
2020-08-11,3106.666748046875,3106.666748046875,3010.0,3033.333251953125,524700
2020-08-12,3033.333251953125,3083.333251953125,3006.666748046875,3083.333251953125,347700
2020-08-13,3116.666748046875,3146.666748046875,3110.0,3126.666748046875,402600
2020-08-14,3140.0,3216.666748046875,3130.0,3196.666748046875,525900
2020-08-17,3173.333251953125,3186.666748046875,3126.666748046875,3140.0,276300
2020-08-18,3150.0,3196.666748046875,3130.0,3193.333251953125,329700
2020-08-19,3166.666748046875,3166.666748046875,3130.0,3163.333251953125,236700
2020-08-20,3150.0,3170.0,3120.0,3146.666748046875,312300
2020-08-21,3150.0,3183.333251953125,3136.666748046875,3183.333251953125,131400
2020-08-24,3173.333251953125,3276.666748046875,3173.333251953125,3276.666748046875,318900
2020-08-25,3273.333251953125,3276.666748046875,3233.333251953125,3256.666748046875,327900
2020-08-26,3256.666748046875,3266.666748046875,3226.666748046875,3263.333251953125,197700
2020-08-27,3263.333251953125,3276.666748046875,3230.0,3240.0,255900
2020-08-28,3243.333251953125,3296.666748046875,3200.0,3223.333251953125,354900
2020-08-31,3240.0,3293.333251953125,3233.333251953125,3270.0,383100
2020-09-01,3260.0,3260.0,3200.0,3216.666748046875,232500
2020-09-02,3236.666748046875,3270.0,3230.0,3236.666748046875,267300
2020-09-03,3253.333251953125,3263.333251953125,3230.0,3250.0,233400
2020-09-04,3226.666748046875,3246.666748046875,3200.0,3203.333251953125,279000
2020-09-07,3210.0,3216.666748046875,3136.666748046875,3170.0,318600
2020-09-08,3183.333251953125,3183.333251953125,3133.333251953125,3170.0,197100
2020-09-09,3136.666748046875,3266.666748046875,3130.0,3246.666748046875,679800
2020-09-10,3246.666748046875,3330.0,3226.666748046875,3313.333251953125,421500
2020-09-11,3360.0,3363.333251953125,3293.333251953125,3346.666748046875,380100
2020-09-14,3366.666748046875,3430.0,3350.0,3416.666748046875,315600
2020-09-15,3400.0,3400.0,3313.333251953125,3323.333251953125,612900
2020-09-16,3306.666748046875,3320.0,3276.666748046875,3283.333251953125,333000
2020-09-17,3283.333251953125,3313.333251953125,3276.666748046875,3293.333251953125,280200
2020-09-18,3286.666748046875,3320.0,3263.333251953125,3300.0,621600
2020-09-23,3293.333251953125,3363.333251953125,3286.666748046875,3356.666748046875,369900
2020-09-24,3330.0,3356.666748046875,3326.666748046875,3333.333251953125,343800
2020-09-25,3340.0,3346.666748046875,3303.333251953125,3333.333251953125,537900
2020-09-28,3333.333251953125,3456.666748046875,3333.333251953125,3443.333251953125,364800
2020-09-29,3456.666748046875,3513.333251953125,3430.0,3466.666748046875,385200
2020-09-30,3466.666748046875,3480.0,3413.333251953125,3416.666748046875,398700
2020-10-02,3500.0,3500.0,3420.0,3443.333251953125,380400
2020-10-05,3473.333251953125,3503.333251953125,3470.0,3500.0,291300
2020-10-06,3500.0,3506.666748046875,3463.333251953125,3473.333251953125,239100
2020-10-07,3436.666748046875,3470.0,3423.333251953125,3453.333251953125,350100
2020-10-08,3456.666748046875,3463.333251953125,3420.0,3423.333251953125,363900
2020-10-09,3420.0,3470.0,3406.666748046875,3460.0,302400
2020-10-12,3526.666748046875,3586.666748046875,3520.0,3553.333251953125,282600
2020-10-13,3556.666748046875,3583.333251953125,3553.333251953125,3573.333251953125,343800
2020-10-14,3583.333251953125,3620.0,3563.333251953125,3600.0,351600
2020-10-15,3600.0,3600.0,3523.333251953125,3530.0,236100
2020-10-16,3546.666748046875,3566.666748046875,3503.333251953125,3510.0,260400
2020-10-19,3536.666748046875,3576.666748046875,3526.666748046875,3546.666748046875,168000
2020-10-20,3530.0,3563.333251953125,3510.0,3510.0,319500
2020-10-21,3573.333251953125,3596.666748046875,3536.666748046875,3563.333251953125,309000
2020-10-22,3523.333251953125,3523.333251953125,3466.666748046875,3490.0,239700
2020-10-23,3466.666748046875,3500.0,3426.666748046875,3490.0,404700
2020-10-26,3473.333251953125,3483.333251953125,3446.666748046875,3456.666748046875,134700
2020-10-27,3463.333251953125,3526.666748046875,3416.666748046875,3486.666748046875,453300
2020-10-28,3456.666748046875,3546.666748046875,3440.0,3543.333251953125,320400
2020-10-29,3493.333251953125,3540.0,3480.0,3523.333251953125,258900
2020-10-30,3490.0,3516.666748046875,3333.333251953125,3433.333251953125,383400
2020-11-02,3450.0,3570.0,3450.0,3550.0,451800
2020-11-04,3606.666748046875,3630.0,3556.666748046875,3590.0,560100
2020-11-05,3590.0,3703.333251953125,3573.333251953125,3676.666748046875,429000
2020-11-06,3700.0,3753.333251953125,3683.333251953125,3706.666748046875,469200
2020-11-09,3890.0,3916.666748046875,3796.666748046875,3866.666748046875,557700
2020-11-10,3853.333251953125,3863.333251953125,3700.0,3713.333251953125,721800
2020-11-11,3766.666748046875,3770.0,3676.666748046875,3700.0,625200
2020-11-12,3703.333251953125,3803.333251953125,3690.0,3793.333251953125,574800
2020-11-13,3836.666748046875,3856.666748046875,3790.0,3806.666748046875,349200
2020-11-16,3836.666748046875,3936.666748046875,3820.0,3920.0,534300
2020-11-17,3906.666748046875,3933.333251953125,3830.0,3863.333251953125,499200
2020-11-18,3886.666748046875,3896.666748046875,3840.0,3856.666748046875,302100
2020-11-19,3810.0,3970.0,3796.666748046875,3960.0,709500
2020-11-20,3960.0,3986.666748046875,3886.666748046875,3950.0,682500
2020-11-24,4073.333251953125,4093.333251953125,4043.333251953125,4073.333251953125,537900
2020-11-25,4126.66650390625,4206.66650390625,4080.0,4146.66650390625,507600
2020-11-26,4123.33349609375,4176.66650390625,4056.666748046875,4073.333251953125,614400
2020-11-27,4073.333251953125,4123.33349609375,4036.666748046875,4100.0,599100
2020-11-30,4100.0,4160.0,3993.333251953125,4060.0,3503700
2020-12-01,4060.0,4133.33349609375,4036.666748046875,4073.333251953125,513300
2020-12-02,4173.33349609375,4186.66650390625,4103.33349609375,4143.33349609375,552300
2020-12-03,4200.0,4200.0,4100.0,4103.33349609375,513300
2020-12-04,4146.66650390625,4183.33349609375,4116.66650390625,4126.66650390625,282600
2020-12-07,4126.66650390625,4126.66650390625,4033.333251953125,4060.0,315000
2020-12-08,4000.0,4066.666748046875,4000.0,4053.333251953125,342600
2020-12-09,4013.333251953125,4070.0,4013.333251953125,4043.333251953125,369300
2020-12-10,4043.333251953125,4043.333251953125,3933.333251953125,3963.333251953125,583200
2020-12-11,3956.666748046875,4040.0,3940.0,4020.0,408000
2020-12-14,4023.333251953125,4036.666748046875,3983.333251953125,3986.666748046875,349800
2020-12-15,4033.333251953125,4036.666748046875,3970.0,3993.333251953125,387300
2020-12-16,4033.333251953125,4053.333251953125,3986.666748046875,4003.333251953125,207000
2020-12-17,4016.666748046875,4060.0,3973.333251953125,4040.0,317700
2020-12-18,4023.333251953125,4036.666748046875,3950.0,3960.0,469200
2020-12-21,3996.666748046875,4006.666748046875,3970.0,3993.333251953125,176400
2020-12-22,3970.0,3980.0,3910.0,3923.333251953125,232500
2020-12-23,3950.0,3976.666748046875,3936.666748046875,3970.0,168900
2020-12-24,3976.666748046875,3996.666748046875,3943.333251953125,3966.666748046875,183900
2020-12-25,3970.0,3990.0,3956.666748046875,3980.0,126600
2020-12-28,3980.0,4026.666748046875,3980.0,4016.666748046875,215100
2020-12-29,4006.666748046875,4026.666748046875,3960.0,4003.333251953125,175800
2020-12-30,3973.333251953125,4026.666748046875,3963.333251953125,3993.333251953125,165300
2021-01-04,3953.333251953125,3963.333251953125,3903.333251953125,3943.333251953125,260700
2021-01-05,3950.0,4003.333251953125,3926.666748046875,3983.333251953125,293700
2021-01-06,3970.0,3976.666748046875,3886.666748046875,3900.0,160500
2021-01-07,3983.333251953125,4003.333251953125,3950.0,3953.333251953125,374700
2021-01-08,3913.333251953125,4010.0,3883.333251953125,4003.333251953125,277500
2021-01-12,3933.333251953125,3963.333251953125,3903.333251953125,3956.666748046875,312000
2021-01-13,3923.333251953125,3986.666748046875,3920.0,3966.666748046875,329700
2021-01-14,3950.0,3973.333251953125,3916.666748046875,3950.0,386100
2021-01-15,3923.333251953125,3923.333251953125,3856.666748046875,3866.666748046875,276000
2021-01-18,3873.333251953125,3926.666748046875,3836.666748046875,3850.0,249900
2021-01-19,3850.0,3870.0,3816.666748046875,3830.0,447600
2021-01-20,3856.666748046875,3873.333251953125,3746.666748046875,3763.333251953125,278100
2021-01-21,3806.666748046875,3823.333251953125,3763.333251953125,3790.0,451500
2021-01-22,3706.666748046875,3760.0,3650.0,3746.666748046875,450600
2021-01-25,3803.333251953125,3813.333251953125,3720.0,3750.0,246900
2021-01-26,3703.333251953125,3713.333251953125,3673.333251953125,3673.333251953125,338100
2021-01-27,3706.666748046875,3726.666748046875,3660.0,3710.0,290400
2021-01-28,3686.666748046875,3713.333251953125,3640.0,3663.333251953125,429300
2021-01-29,3680.0,3730.0,3646.666748046875,3646.666748046875,334500
2021-02-01,3690.0,3823.333251953125,3690.0,3810.0,533100
2021-02-02,3833.333251953125,3860.0,3783.333251953125,3836.666748046875,322800
2021-02-03,3843.333251953125,3933.333251953125,3843.333251953125,3900.0,328800
2021-02-04,3910.0,3926.666748046875,3806.666748046875,3806.666748046875,313500
2021-02-05,3823.333251953125,3823.333251953125,3720.0,3723.333251953125,502500
2021-02-08,3713.333251953125,3753.333251953125,3670.0,3703.333251953125,444300
2021-02-09,3663.333251953125,3720.0,3643.333251953125,3706.666748046875,827400
2021-02-10,3696.666748046875,3766.666748046875,3673.333251953125,3720.0,400800
2021-02-12,3900.0,4050.0,3873.333251953125,4040.0,1040700
2021-02-15,4050.0,4073.333251953125,3933.333251953125,3983.333251953125,522300
2021-02-16,3973.333251953125,3973.333251953125,3820.0,3836.666748046875,339600
2021-02-17,3773.333251953125,3783.333251953125,3746.666748046875,3766.666748046875,317100
2021-02-18,3793.333251953125,3840.0,3763.333251953125,3830.0,528300
2021-02-19,3766.666748046875,3793.333251953125,3696.666748046875,3756.666748046875,365400
2021-02-22,3856.666748046875,3886.666748046875,3816.666748046875,3820.0,385200
2021-02-24,3756.666748046875,3756.666748046875,3586.666748046875,3596.666748046875,532800
2021-02-25,3653.333251953125,3710.0,3630.0,3646.666748046875,348600
2021-02-26,3616.666748046875,3626.666748046875,3583.333251953125,3593.333251953125,435600
2021-03-01,3650.0,3683.333251953125,3620.0,3656.666748046875,199800
2021-03-02,3723.333251953125,3723.333251953125,3616.666748046875,3660.0,439500
2021-03-03,3680.0,3710.0,3636.666748046875,3670.0,404400
2021-03-04,3620.0,3673.333251953125,3603.333251953125,3640.0,227400
2021-03-05,3663.333251953125,3723.333251953125,3590.0,3720.0,432900
2021-03-08,3760.0,3773.333251953125,3690.0,3710.0,316500
2021-03-09,3740.0,3740.0,3653.333251953125,3710.0,389400
2021-03-10,3743.333251953125,3743.333251953125,3636.666748046875,3706.666748046875,418500
2021-03-11,3763.333251953125,3870.0,3746.666748046875,3863.333251953125,580800
2021-03-12,3893.333251953125,3923.333251953125,3836.666748046875,3923.333251953125,470700
2021-03-15,3956.666748046875,3956.666748046875,3863.333251953125,3933.333251953125,266700
2021-03-16,3920.0,3943.333251953125,3880.0,3923.333251953125,228600
2021-03-17,3916.666748046875,3993.333251953125,3910.0,3976.666748046875,229800
2021-03-18,4000.0,4046.666748046875,3966.666748046875,4036.666748046875,342000
2021-03-19,4036.666748046875,4106.66650390625,4026.666748046875,4106.66650390625,486000
2021-03-22,4096.66650390625,4103.33349609375,4060.0,4073.333251953125,389100
2021-03-23,4073.333251953125,4116.66650390625,4056.666748046875,4076.666748046875,184800
2021-03-24,4080.0,4096.66650390625,4016.666748046875,4053.333251953125,525300
2021-03-25,4060.0,4136.66650390625,4043.333251953125,4123.33349609375,367200
2021-03-26,4140.0,4213.33349609375,4123.33349609375,4180.0,437400
2021-03-29,4223.33349609375,4256.66650390625,4200.0,4246.66650390625,438000
2021-03-30,4233.33349609375,4233.33349609375,4113.33349609375,4153.33349609375,248700
2021-03-31,4166.66650390625,4230.0,4116.66650390625,4130.0,337800
2021-04-01,4176.66650390625,4196.66650390625,4120.0,4146.66650390625,320100
2021-04-02,4183.33349609375,4183.33349609375,4080.0,4100.0,188400
2021-04-05,4070.0,4090.0,4036.666748046875,4066.666748046875,282600
2021-04-06,4100.0,4110.0,3986.666748046875,4010.0,406500
2021-04-07,4000.0,4073.333251953125,3986.666748046875,4030.0,386100
2021-04-08,4050.0,4080.0,3976.666748046875,4000.0,333600
2021-04-09,4000.0,4013.333251953125,3956.666748046875,3966.666748046875,396300
2021-04-12,3893.333251953125,3973.333251953125,3870.0,3960.0,453300
2021-04-13,3870.0,3953.333251953125,3866.666748046875,3906.666748046875,429900
2021-04-14,3936.666748046875,3966.666748046875,3866.666748046875,3873.333251953125,317400
2021-04-15,3850.0,3910.0,3850.0,3856.666748046875,200700
2021-04-16,3863.333251953125,3896.666748046875,3860.0,3873.333251953125,253500
2021-04-19,3883.333251953125,3943.333251953125,3883.333251953125,3910.0,241800
2021-04-20,3856.666748046875,3860.0,3823.333251953125,3843.333251953125,230100
2021-04-21,3773.333251953125,3780.0,3716.666748046875,3743.333251953125,204000
2021-04-22,3766.666748046875,3800.0,3766.666748046875,3793.333251953125,196200
2021-04-23,3773.333251953125,3790.0,3743.333251953125,3773.333251953125,361800
2021-04-26,3766.666748046875,3790.0,3743.333251953125,3770.0,222300
2021-04-27,3726.666748046875,3746.666748046875,3686.666748046875,3720.0,267900
2021-04-28,3733.333251953125,3760.0,3720.0,3720.0,225300
2021-04-30,3770.0,3770.0,3656.666748046875,3660.0,413400
2021-05-06,3920.0,3920.0,3770.0,3810.0,616800
2021-05-07,3803.333251953125,3843.333251953125,3776.666748046875,3816.666748046875,244200
2021-05-10,3783.333251953125,3806.666748046875,3750.0,3750.0,230400
2021-05-11,3750.0,3760.0,3656.666748046875,3670.0,318300
2021-05-12,3676.666748046875,3700.0,3453.333251953125,3503.333251953125,697200
2021-05-13,3566.666748046875,3593.333251953125,3420.0,3523.333251953125,567000
2021-05-14,3576.666748046875,3646.666748046875,3576.666748046875,3600.0,435300
2021-05-17,3643.333251953125,3646.666748046875,3546.666748046875,3546.666748046875,253500
2021-05-18,3610.0,3713.333251953125,3606.666748046875,3650.0,490500
2021-05-19,3683.333251953125,3710.0,3620.0,3640.0,353100
2021-05-20,3656.666748046875,3660.0,3606.666748046875,3610.0,307800
2021-05-21,3596.666748046875,3653.333251953125,3586.666748046875,3623.333251953125,247800
2021-05-24,3606.666748046875,3676.666748046875,3590.0,3650.0,220500
2021-05-25,3686.666748046875,3713.333251953125,3596.666748046875,3610.0,304500
2021-05-26,3560.0,3583.333251953125,3530.0,3543.333251953125,297000
2021-05-27,3546.666748046875,3603.333251953125,3546.666748046875,3596.666748046875,721800
2021-05-28,3626.666748046875,3660.0,3613.333251953125,3646.666748046875,243300
2021-05-31,3663.333251953125,3670.0,3536.666748046875,3553.333251953125,278100
2021-06-01,3570.0,3603.333251953125,3533.333251953125,3553.333251953125,186900
2021-06-02,3516.666748046875,3533.333251953125,3440.0,3460.0,483300
2021-06-03,3476.666748046875,3556.666748046875,3463.333251953125,3473.333251953125,347400
2021-06-04,3433.333251953125,3493.333251953125,3433.333251953125,3480.0,242700
2021-06-07,3490.0,3530.0,3473.333251953125,3490.0,175800
2021-06-08,3516.666748046875,3520.0,3476.666748046875,3480.0,198900
2021-06-09,3483.333251953125,3520.0,3476.666748046875,3476.666748046875,175800
2021-06-10,3463.333251953125,3536.666748046875,3453.333251953125,3520.0,417900
2021-06-11,3530.0,3536.666748046875,3483.333251953125,3523.333251953125,294000
2021-06-14,3580.0,3603.333251953125,3540.0,3576.666748046875,276900
2021-06-15,3600.0,3673.333251953125,3590.0,3643.333251953125,283800
2021-06-16,3636.666748046875,3663.333251953125,3590.0,3600.0,331500
2021-06-17,3566.666748046875,3583.333251953125,3536.666748046875,3550.0,201600
2021-06-18,3530.0,3536.666748046875,3436.666748046875,3466.666748046875,627600
2021-06-21,3433.333251953125,3470.0,3426.666748046875,3426.666748046875,266400
2021-06-22,3503.333251953125,3546.666748046875,3496.666748046875,3543.333251953125,329100
2021-06-23,3566.666748046875,3566.666748046875,3526.666748046875,3533.333251953125,258000
2021-06-24,3516.666748046875,3553.333251953125,3506.666748046875,3543.333251953125,129900
2021-06-25,3576.666748046875,3600.0,3553.333251953125,3556.666748046875,205200
2021-06-28,3580.0,3603.333251953125,3543.333251953125,3580.0,307500
2021-06-29,3530.0,3560.0,3526.666748046875,3553.333251953125,292500
2021-06-30,3593.333251953125,3600.0,3510.0,3523.333251953125,337800
2021-07-01,3496.666748046875,3573.333251953125,3496.666748046875,3560.0,226200
2021-07-02,3540.0,3566.666748046875,3533.333251953125,3550.0,251100
2021-07-05,3543.333251953125,3570.0,3523.333251953125,3530.0,166500
2021-07-06,3550.0,3550.0,3503.333251953125,3503.333251953125,187200
2021-07-07,3466.666748046875,3506.666748046875,3466.666748046875,3493.333251953125,224700
2021-07-08,3463.333251953125,3520.0,3463.333251953125,3466.666748046875,363900
2021-07-09,3400.0,3426.666748046875,3336.666748046875,3406.666748046875,340500
2021-07-12,3476.666748046875,3516.666748046875,3466.666748046875,3510.0,237600
2021-07-13,3526.666748046875,3563.333251953125,3520.0,3546.666748046875,190800
2021-07-14,3576.666748046875,3630.0,3560.0,3586.666748046875,303600
2021-07-15,3620.0,3646.666748046875,3510.0,3526.666748046875,419700
2021-07-16,3513.333251953125,3563.333251953125,3500.0,3503.333251953125,236400
2021-07-19,3466.666748046875,3486.666748046875,3433.333251953125,3440.0,192900
2021-07-20,3413.333251953125,3446.666748046875,3383.333251953125,3413.333251953125,320400
2021-07-21,3466.666748046875,3506.666748046875,3443.333251953125,3460.0,182100
2021-07-26,3560.0,3560.0,3476.666748046875,3476.666748046875,206100
2021-07-27,3503.333251953125,3540.0,3503.333251953125,3513.333251953125,164100
2021-07-28,3473.333251953125,3500.0,3440.0,3443.333251953125,157200
2021-07-29,3510.0,3543.333251953125,3463.333251953125,3483.333251953125,235800
2021-07-30,3450.0,3460.0,3366.666748046875,3373.333251953125,479100
2021-08-02,3446.666748046875,3536.666748046875,3436.666748046875,3510.0,264900
2021-08-03,3496.666748046875,3530.0,3493.333251953125,3520.0,232500
2021-08-04,3480.0,3510.0,3480.0,3490.0,184200
2021-08-05,3476.666748046875,3536.666748046875,3476.666748046875,3490.0,314400
2021-08-06,3516.666748046875,3603.333251953125,3516.666748046875,3560.0,361800
2021-08-10,3856.666748046875,3893.333251953125,3610.0,3616.666748046875,448500
2021-08-11,3646.666748046875,3666.666748046875,3590.0,3606.666748046875,232200
2021-08-12,3630.0,3710.0,3606.666748046875,3693.333251953125,189900
2021-08-13,3703.333251953125,3716.666748046875,3673.333251953125,3673.333251953125,207300
2021-08-16,3666.666748046875,3680.0,3616.666748046875,3660.0,224400
2021-08-17,3686.666748046875,3730.0,3663.333251953125,3680.0,274800
2021-08-18,3670.0,3690.0,3630.0,3630.0,276300
2021-08-19,3666.666748046875,3706.666748046875,3616.666748046875,3670.0,426300
2021-08-20,3656.666748046875,3703.333251953125,3650.0,3666.666748046875,295800
2021-08-23,3720.0,3800.0,3720.0,3773.333251953125,279600
2021-08-24,3786.666748046875,3846.666748046875,3783.333251953125,3830.0,364800
2021-08-25,3816.666748046875,3876.666748046875,3803.333251953125,3836.666748046875,263400
2021-08-26,3796.666748046875,3830.0,3763.333251953125,3803.333251953125,343200
2021-08-27,3823.333251953125,3866.666748046875,3806.666748046875,3813.333251953125,316200
2021-08-30,3860.0,3876.666748046875,3786.666748046875,3830.0,361200
2021-08-31,3820.0,3986.666748046875,3813.333251953125,3943.333251953125,763500
2021-09-01,3843.333251953125,4013.333251953125,3843.333251953125,3980.0,498000
2021-09-02,4136.66650390625,4156.66650390625,4083.333251953125,4100.0,585900
2021-09-03,4123.33349609375,4200.0,4103.33349609375,4180.0,454800
2021-09-06,4176.66650390625,4223.33349609375,4146.66650390625,4156.66650390625,508800
2021-09-07,4166.66650390625,4233.33349609375,4166.66650390625,4206.66650390625,428400
2021-09-08,4223.33349609375,4296.66650390625,4180.0,4283.33349609375,494700
2021-09-09,4283.33349609375,4323.33349609375,4263.33349609375,4286.66650390625,426300
2021-09-10,4350.0,4410.0,4306.66650390625,4410.0,557400
2021-09-13,4386.66650390625,4423.33349609375,4350.0,4420.0,428400
2021-09-14,4403.33349609375,4430.0,4360.0,4426.66650390625,408900
2021-09-15,4393.33349609375,4513.33349609375,4366.66650390625,4463.33349609375,521700
2021-09-16,4413.33349609375,4463.33349609375,4403.33349609375,4446.66650390625,453300
2021-09-17,4446.66650390625,4550.0,4446.66650390625,4510.0,622800
2021-09-21,4436.66650390625,4453.33349609375,4330.0,4350.0,708300
2021-09-22,4290.0,4310.0,4213.33349609375,4283.33349609375,529500
2021-09-24,4356.66650390625,4416.66650390625,4330.0,4400.0,499500
2021-09-27,4376.66650390625,4383.33349609375,4253.33349609375,4273.33349609375,633000
2021-09-28,4223.33349609375,4246.66650390625,4140.0,4150.0,572100
2021-09-29,4043.333251953125,4083.333251953125,4010.0,4063.333251953125,531900
2021-09-30,4076.666748046875,4153.33349609375,4066.666748046875,4086.666748046875,407700
2021-10-01,4033.333251953125,4043.333251953125,3943.333251953125,3970.0,326400
2021-10-04,4013.333251953125,4060.0,3886.666748046875,3923.333251953125,367200
2021-10-05,3870.0,3873.333251953125,3790.0,3840.0,410100
2021-10-06,3870.0,3953.333251953125,3823.333251953125,3860.0,495000
2021-10-07,3926.666748046875,3933.333251953125,3830.0,3830.0,562500
2021-10-08,3900.0,3943.333251953125,3880.0,3880.0,371700
2021-10-11,3840.0,3900.0,3803.333251953125,3900.0,286200
2021-10-12,3860.0,3876.666748046875,3796.666748046875,3813.333251953125,433200
2021-10-13,3800.0,3840.0,3776.666748046875,3796.666748046875,332100
2021-10-14,3800.0,3820.0,3763.333251953125,3820.0,324600
2021-10-15,3870.0,3903.333251953125,3860.0,3876.666748046875,357900
2021-10-18,3886.666748046875,3886.666748046875,3846.666748046875,3870.0,231300
2021-10-19,3900.0,3990.0,3900.0,3990.0,360900
2021-10-20,4000.0,4026.666748046875,3970.0,3973.333251953125,279900
2021-10-21,3976.666748046875,3986.666748046875,3910.0,3910.0,282600
2021-10-22,3893.333251953125,3903.333251953125,3863.333251953125,3890.0,332100
2021-10-25,3856.666748046875,3890.0,3856.666748046875,3873.333251953125,188700
2021-10-26,3906.666748046875,3930.0,3883.333251953125,3906.666748046875,235800
2021-10-27,3903.333251953125,3926.666748046875,3840.0,3870.0,304800
2021-10-28,3870.0,3910.0,3870.0,3896.666748046875,660300
2021-10-29,3906.666748046875,3940.0,3883.333251953125,3886.666748046875,479100
2021-11-01,3966.666748046875,3966.666748046875,3913.333251953125,3963.333251953125,321900
2021-11-02,3936.666748046875,3936.666748046875,3836.666748046875,3856.666748046875,276000
2021-11-04,3896.666748046875,3903.333251953125,3846.666748046875,3900.0,354300
2021-11-05,3886.666748046875,4053.333251953125,3790.0,4006.666748046875,858300
2021-11-08,4100.0,4126.66650390625,3883.333251953125,4020.0,782400
2021-11-09,4070.0,4123.33349609375,4066.666748046875,4110.0,576000
2021-11-10,4160.0,4186.66650390625,4113.33349609375,4143.33349609375,459300
2021-11-11,4123.33349609375,4123.33349609375,4050.0,4080.0,330000
2021-11-12,4063.333251953125,4140.0,4050.0,4080.0,268800
2021-11-15,4120.0,4120.0,4063.333251953125,4066.666748046875,397200
2021-11-16,4066.666748046875,4066.666748046875,4033.333251953125,4043.333251953125,283800
2021-11-17,4070.0,4070.0,3993.333251953125,3993.333251953125,361500
2021-11-18,3936.666748046875,4030.0,3916.666748046875,4010.0,291300
2021-11-19,4023.333251953125,4090.0,4020.0,4076.666748046875,316200
2021-11-22,4043.333251953125,4043.333251953125,3986.666748046875,4016.666748046875,242400
2021-11-24,3970.0,4010.0,3926.666748046875,3926.666748046875,241200
2021-11-25,3956.666748046875,3956.666748046875,3883.333251953125,3886.666748046875,297900
2021-11-26,3866.666748046875,3866.666748046875,3773.333251953125,3793.333251953125,244800
2021-11-29,3733.333251953125,3756.666748046875,3686.666748046875,3690.0,299400
2021-11-30,3710.0,3730.0,3570.0,3573.333251953125,1264200
2021-12-01,3550.0,3600.0,3536.666748046875,3560.0,525900
2021-12-02,3516.666748046875,3556.666748046875,3493.333251953125,3506.666748046875,475200
2021-12-03,3506.666748046875,3650.0,3503.333251953125,3633.333251953125,490800
2021-12-06,3640.0,3676.666748046875,3610.0,3630.0,292800
2021-12-07,3646.666748046875,3716.666748046875,3646.666748046875,3713.333251953125,359100
2021-12-08,3770.0,3800.0,3696.666748046875,3706.666748046875,324600
2021-12-09,3690.0,3706.666748046875,3650.0,3653.333251953125,204300
2021-12-10,3653.333251953125,3673.333251953125,3633.333251953125,3633.333251953125,300900
2021-12-13,3636.666748046875,3673.333251953125,3636.666748046875,3646.666748046875,288600
2021-12-14,3660.0,3670.0,3613.333251953125,3633.333251953125,437700
2021-12-15,3573.333251953125,3586.666748046875,3546.666748046875,3556.666748046875,581100
2021-12-16,3613.333251953125,3656.666748046875,3613.333251953125,3636.666748046875,387600
2021-12-17,3556.666748046875,3583.333251953125,3486.666748046875,3496.666748046875,903300
2021-12-20,3446.666748046875,3460.0,3403.333251953125,3446.666748046875,528300
2021-12-21,3496.666748046875,3513.333251953125,3460.0,3490.0,273900
2021-12-22,3510.0,3540.0,3483.333251953125,3483.333251953125,203400
2021-12-23,3496.666748046875,3503.333251953125,3463.333251953125,3480.0,189600
2021-12-24,3503.333251953125,3510.0,3446.666748046875,3460.0,161100
2021-12-27,3460.0,3473.333251953125,3430.0,3443.333251953125,112200
2021-12-28,3496.666748046875,3516.666748046875,3470.0,3510.0,192300
2021-12-29,3516.666748046875,3546.666748046875,3483.333251953125,3493.333251953125,205500
2021-12-30,3493.333251953125,3510.0,3433.333251953125,3460.0,312300
2022-01-04,3493.333251953125,3516.666748046875,3446.666748046875,3506.666748046875,207000
2022-01-05,3520.0,3533.333251953125,3500.0,3516.666748046875,345900
2022-01-06,3470.0,3496.666748046875,3413.333251953125,3423.333251953125,281700
2022-01-07,3460.0,3486.666748046875,3416.666748046875,3450.0,374700
2022-01-11,3470.0,3483.333251953125,3393.333251953125,3396.666748046875,472800
2022-01-12,3463.333251953125,3523.333251953125,3440.0,3506.666748046875,285000
2022-01-13,3550.0,3550.0,3480.0,3493.333251953125,319500
2022-01-14,3486.666748046875,3606.666748046875,3463.333251953125,3600.0,844500
2022-01-17,3576.666748046875,3663.333251953125,3570.0,3583.333251953125,338400
2022-01-18,3606.666748046875,3620.0,3543.333251953125,3586.666748046875,224100
2022-01-19,3540.0,3563.333251953125,3483.333251953125,3490.0,346500
2022-01-20,3473.333251953125,3560.0,3470.0,3533.333251953125,419700
2022-01-21,3523.333251953125,3523.333251953125,3463.333251953125,3513.333251953125,246300
2022-01-24,3436.666748046875,3526.666748046875,3436.666748046875,3506.666748046875,218400
2022-01-25,3530.0,3530.0,3433.333251953125,3496.666748046875,219600
2022-01-26,3466.666748046875,3500.0,3416.666748046875,3416.666748046875,234900
2022-01-27,3423.333251953125,3470.0,3290.0,3300.0,349200
2022-01-28,3343.333251953125,3413.333251953125,3343.333251953125,3373.333251953125,360900
2022-01-31,3353.333251953125,3410.0,3350.0,3393.333251953125,403200
2022-02-01,3436.666748046875,3463.333251953125,3386.666748046875,3390.0,368400
2022-02-02,3373.333251953125,3406.666748046875,3360.0,3380.0,449400
2022-02-03,3280.0,3306.666748046875,3263.333251953125,3296.666748046875,395700
2022-02-04,3303.333251953125,3390.0,3300.0,3370.0,380400
2022-02-07,3330.0,3376.666748046875,3330.0,3370.0,288000
2022-02-08,3366.666748046875,3420.0,3366.666748046875,3373.333251953125,261900
2022-02-09,3416.666748046875,3446.666748046875,3396.666748046875,3416.666748046875,409800
2022-02-10,3243.333251953125,3346.666748046875,3193.333251953125,3290.0,1228500
2022-02-14,3283.333251953125,3316.666748046875,3220.0,3270.0,758700
2022-02-15,3276.666748046875,3346.666748046875,3266.666748046875,3330.0,527400
2022-02-16,3356.666748046875,3366.666748046875,3310.0,3350.0,420300
2022-02-17,3333.333251953125,3333.333251953125,3263.333251953125,3290.0,333900
2022-02-18,3250.0,3296.666748046875,3226.666748046875,3283.333251953125,238500
2022-02-21,3216.666748046875,3246.666748046875,3186.666748046875,3200.0,338100
2022-02-22,3150.0,3160.0,3103.333251953125,3133.333251953125,644400
2022-02-24,3113.333251953125,3153.333251953125,3073.333251953125,3106.666748046875,526200
2022-02-25,3066.666748046875,3120.0,3053.333251953125,3106.666748046875,837600
2022-02-28,3106.666748046875,3143.333251953125,3076.666748046875,3140.0,1009500
2022-03-01,3190.0,3210.0,3100.0,3113.333251953125,555600
2022-03-02,3076.666748046875,3120.0,3056.666748046875,3070.0,463200
2022-03-03,3110.0,3240.0,3103.333251953125,3203.333251953125,706200
2022-03-04,3183.333251953125,3236.666748046875,3156.666748046875,3193.333251953125,661800
2022-03-07,3106.666748046875,3153.333251953125,3073.333251953125,3133.333251953125,606900
2022-03-08,3083.333251953125,3123.333251953125,3050.0,3050.0,691800
2022-03-09,3040.0,3063.333251953125,2993.333251953125,3000.0,351000
2022-03-10,3050.0,3096.666748046875,3050.0,3073.333251953125,712200
2022-03-11,3030.0,3060.0,2973.333251953125,3030.0,519000
2022-03-14,3010.0,3036.666748046875,2980.0,2980.0,456600
2022-03-15,2980.0,3040.0,2976.666748046875,3033.333251953125,486900
2022-03-16,3060.0,3116.666748046875,3060.0,3083.333251953125,482400
2022-03-17,3143.333251953125,3166.666748046875,3116.666748046875,3140.0,552600
2022-03-18,3123.333251953125,3153.333251953125,3113.333251953125,3136.666748046875,470100
2022-03-22,3133.333251953125,3133.333251953125,3050.0,3066.666748046875,519900
2022-03-23,3116.666748046875,3130.0,3086.666748046875,3100.0,971100
2022-03-24,3050.0,3066.666748046875,2973.333251953125,3066.666748046875,1083600
2022-03-25,3093.333251953125,3163.333251953125,3093.333251953125,3110.0,643200
2022-03-28,3110.0,3113.333251953125,3056.666748046875,3100.0,425400
2022-03-29,3136.666748046875,3146.666748046875,3066.666748046875,3106.666748046875,536400
2022-03-30,3133.333251953125,3156.666748046875,3100.0,3130.0,764100
2022-03-31,3063.333251953125,3110.0,3056.666748046875,3056.666748046875,705300
2022-04-01,3026.666748046875,3046.666748046875,2980.0,3003.333251953125,722700
2022-04-04,3013.333251953125,3073.333251953125,3013.333251953125,3060.0,613200
2022-04-05,3073.333251953125,3076.666748046875,3036.666748046875,3050.0,749400
2022-04-06,3043.333251953125,3066.666748046875,3006.666748046875,3006.666748046875,756300
2022-04-07,2973.333251953125,3006.666748046875,2940.0,2956.666748046875,587700
2022-04-08,2983.333251953125,3003.333251953125,2913.333251953125,2933.333251953125,550200
2022-04-11,2906.666748046875,2920.0,2780.0,2833.333251953125,834600
2022-04-12,2833.333251953125,2833.333251953125,2703.333251953125,2706.666748046875,970800
2022-04-13,2756.666748046875,2810.0,2723.333251953125,2733.333251953125,1072200
2022-04-14,2746.666748046875,2786.666748046875,2743.333251953125,2746.666748046875,563400
2022-04-15,2713.333251953125,2733.333251953125,2683.333251953125,2706.666748046875,544500
2022-04-18,2706.666748046875,2723.333251953125,2616.666748046875,2646.666748046875,644700
2022-04-19,2680.0,2690.0,2646.666748046875,2653.333251953125,960000
2022-04-20,2716.666748046875,2726.666748046875,2646.666748046875,2666.666748046875,670200
2022-04-21,2703.333251953125,2800.0,2700.0,2780.0,887700
2022-04-22,2730.0,2780.0,2710.0,2750.0,672900
2022-04-25,2693.333251953125,2710.0,2680.0,2686.666748046875,490200
2022-04-26,2703.333251953125,2740.0,2693.333251953125,2726.666748046875,505500
2022-04-27,2676.666748046875,2706.666748046875,2660.0,2703.333251953125,925200
2022-04-28,2773.333251953125,2800.0,2743.333251953125,2773.333251953125,939300
2022-05-02,2743.333251953125,2786.666748046875,2726.666748046875,2760.0,844500
2022-05-06,2716.666748046875,2776.666748046875,2670.0,2753.333251953125,1143000
2022-05-09,2743.333251953125,2756.666748046875,2696.666748046875,2710.0,755700
2022-05-10,2693.333251953125,2933.333251953125,2680.0,2913.333251953125,2424000
2022-05-11,2860.0,2950.0,2840.0,2913.333251953125,1547400
2022-05-12,2840.0,2876.666748046875,2756.666748046875,2760.0,1390800
2022-05-13,2766.666748046875,2940.0,2766.666748046875,2910.0,1479900
2022-05-16,2916.666748046875,2940.0,2886.666748046875,2906.666748046875,1296000
2022-05-17,2900.0,2933.333251953125,2873.333251953125,2890.0,957000
2022-05-18,2916.666748046875,2933.333251953125,2856.666748046875,2870.0,1338000
2022-05-19,2780.0,2833.333251953125,2770.0,2806.666748046875,905400
2022-05-20,2810.0,2836.666748046875,2773.333251953125,2783.333251953125,1236600
2022-05-23,2806.666748046875,2853.333251953125,2786.666748046875,2840.0,1039500
2022-05-24,2840.0,2870.0,2816.666748046875,2830.0,1352100
2022-05-25,2803.333251953125,2846.666748046875,2776.666748046875,2803.333251953125,919800
2022-05-26,2790.0,2820.0,2760.0,2766.666748046875,1148100
2022-05-27,2810.0,2853.333251953125,2790.0,2833.333251953125,1244100
2022-05-30,2850.0,2916.666748046875,2843.333251953125,2913.333251953125,1433700
2022-05-31,2903.333251953125,2973.333251953125,2886.666748046875,2956.666748046875,10062600
2022-06-01,2943.333251953125,3033.333251953125,2943.333251953125,3003.333251953125,1020900
2022-06-02,2953.333251953125,2996.666748046875,2890.0,2903.333251953125,1125600
2022-06-03,2933.333251953125,2990.0,2906.666748046875,2963.333251953125,757800
2022-06-06,2933.333251953125,2966.666748046875,2930.0,2940.0,572400
2022-06-07,3000.0,3010.0,2966.666748046875,2986.666748046875,657300
2022-06-08,3000.0,3090.0,2996.666748046875,3046.666748046875,979500
2022-06-09,3030.0,3060.0,3016.666748046875,3020.0,678000
2022-06-10,2976.666748046875,3040.0,2963.333251953125,3020.0,731100
2022-06-13,2950.0,3016.666748046875,2943.333251953125,3000.0,652200
2022-06-14,2933.333251953125,2960.0,2920.0,2943.333251953125,850200
2022-06-15,2990.0,3020.0,2976.666748046875,2993.333251953125,977100
2022-06-16,3023.333251953125,3066.666748046875,3010.0,3013.333251953125,824700
2022-06-17,2943.333251953125,3010.0,2936.666748046875,2993.333251953125,704400
2022-06-20,3010.0,3036.666748046875,2970.0,2993.333251953125,501000
2022-06-21,3016.666748046875,3076.666748046875,3010.0,3060.0,686400
2022-06-22,3073.333251953125,3110.0,3020.0,3030.0,786600
2022-06-23,3043.333251953125,3053.333251953125,2993.333251953125,3010.0,634200
2022-06-24,3046.666748046875,3080.0,3033.333251953125,3070.0,475200
2022-06-27,3106.666748046875,3113.333251953125,3066.666748046875,3106.666748046875,465300
2022-06-28,3116.666748046875,3123.333251953125,3076.666748046875,3123.333251953125,541200
2022-06-29,3096.666748046875,3123.333251953125,3053.333251953125,3120.0,740100
2022-06-30,3110.0,3153.333251953125,3100.0,3110.0,796800
2022-07-01,3136.666748046875,3163.333251953125,3083.333251953125,3096.666748046875,560100
2022-07-04,3133.333251953125,3183.333251953125,3133.333251953125,3150.0,567000
2022-07-05,3170.0,3206.666748046875,3156.666748046875,3176.666748046875,475500
2022-07-06,3180.0,3230.0,3176.666748046875,3226.666748046875,659100
2022-07-07,3226.666748046875,3283.333251953125,3223.333251953125,3270.0,747600
2022-07-08,3296.666748046875,3303.333251953125,3253.333251953125,3263.333251953125,727200
2022-07-11,3310.0,3316.666748046875,3246.666748046875,3266.666748046875,600900
2022-07-12,3310.0,3310.0,3210.0,3230.0,661800
2022-07-13,3240.0,3263.333251953125,3210.0,3223.333251953125,311100
2022-07-14,3173.333251953125,3240.0,3170.0,3230.0,345000
2022-07-15,3240.0,3273.333251953125,3220.0,3243.333251953125,539700
2022-07-19,3293.333251953125,3293.333251953125,3240.0,3253.333251953125,630300
2022-07-20,3316.666748046875,3333.333251953125,3293.333251953125,3310.0,574200
2022-07-21,3263.333251953125,3320.0,3263.333251953125,3320.0,437700
2022-07-22,3323.333251953125,3356.666748046875,3323.333251953125,3333.333251953125,325200
2022-07-25,3366.666748046875,3400.0,3326.666748046875,3396.666748046875,599100
2022-07-26,3370.0,3400.0,3343.333251953125,3380.0,751500
2022-07-27,3360.0,3390.0,3356.666748046875,3360.0,558000
2022-07-28,3366.666748046875,3376.666748046875,3320.0,3356.666748046875,388500
2022-07-29,3356.666748046875,3380.0,3346.666748046875,3360.0,507600
2022-08-01,3343.333251953125,3386.666748046875,3333.333251953125,3360.0,742500
2022-08-02,3380.0,3380.0,3226.666748046875,3283.333251953125,668100
2022-08-03,3273.333251953125,3306.666748046875,3260.0,3273.333251953125,555900
2022-08-04,3276.666748046875,3313.333251953125,3273.333251953125,3290.0,458400
2022-08-05,3286.666748046875,3303.333251953125,3273.333251953125,3303.333251953125,501000
2022-08-08,3633.333251953125,3686.666748046875,3563.333251953125,3676.666748046875,1412700
2022-08-09,3660.0,3683.333251953125,3610.0,3680.0,794700
2022-08-10,3580.0,3623.333251953125,3553.333251953125,3556.666748046875,883800
2022-08-12,3556.666748046875,3636.666748046875,3546.666748046875,3610.0,740100
2022-08-15,3556.666748046875,3650.0,3556.666748046875,3650.0,593700
2022-08-16,3550.0,3616.666748046875,3536.666748046875,3610.0,506400
2022-08-17,3666.666748046875,3696.666748046875,3650.0,3690.0,378900
2022-08-18,3626.666748046875,3660.0,3620.0,3640.0,279000
2022-08-19,3660.0,3683.333251953125,3636.666748046875,3646.666748046875,238200
2022-08-22,3606.666748046875,3626.666748046875,3593.333251953125,3613.333251953125,301200
2022-08-23,3583.333251953125,3590.0,3543.333251953125,3543.333251953125,384600
2022-08-24,3543.333251953125,3590.0,3540.0,3566.666748046875,391200
2022-08-25,3650.0,3673.333251953125,3596.666748046875,3606.666748046875,293100
2022-08-26,3623.333251953125,3636.666748046875,3573.333251953125,3580.0,244500
2022-08-29,3500.0,3520.0,3480.0,3500.0,312300
2022-08-30,3526.666748046875,3580.0,3523.333251953125,3576.666748046875,333600
2022-08-31,3550.0,3573.333251953125,3530.0,3573.333251953125,381000
2022-09-01,3556.666748046875,3573.333251953125,3530.0,3556.666748046875,345300
2022-09-02,3543.333251953125,3550.0,3483.333251953125,3506.666748046875,363000
2022-09-05,3536.666748046875,3536.666748046875,3500.0,3530.0,342600
2022-09-06,3500.0,3526.666748046875,3500.0,3516.666748046875,260400
2022-09-07,3490.0,3523.333251953125,3466.666748046875,3510.0,422700
2022-09-08,3540.0,3570.0,3503.333251953125,3570.0,629400
2022-09-09,3556.666748046875,3603.333251953125,3556.666748046875,3570.0,392700
2022-09-12,3576.666748046875,3593.333251953125,3560.0,3580.0,217500
2022-09-13,3570.0,3583.333251953125,3550.0,3573.333251953125,283800
2022-09-14,3476.666748046875,3496.666748046875,3446.666748046875,3490.0,413400
2022-09-15,3473.333251953125,3483.333251953125,3453.333251953125,3473.333251953125,262200
2022-09-16,3473.333251953125,3483.333251953125,3453.333251953125,3476.666748046875,351600
2022-09-20,3486.666748046875,3550.0,3486.666748046875,3530.0,314400
2022-09-21,3513.333251953125,3513.333251953125,3460.0,3466.666748046875,389100
2022-09-22,3423.333251953125,3453.333251953125,3400.0,3436.666748046875,431100
2022-09-26,3416.666748046875,3433.333251953125,3380.0,3380.0,410400
2022-09-27,3380.0,3400.0,3366.666748046875,3376.666748046875,481800
2022-09-28,3376.666748046875,3406.666748046875,3366.666748046875,3400.0,686700
2022-09-29,3416.666748046875,3483.333251953125,3386.666748046875,3470.0,653400
2022-09-30,3463.333251953125,3503.333251953125,3436.666748046875,3463.333251953125,501000
2022-10-03,3440.0,3510.0,3423.333251953125,3496.666748046875,476400
2022-10-04,3556.666748046875,3640.0,3546.666748046875,3620.0,436800
2022-10-05,3633.333251953125,3656.666748046875,3613.333251953125,3636.666748046875,384300
2022-10-06,3613.333251953125,3653.333251953125,3610.0,3636.666748046875,334200
2022-10-07,3566.666748046875,3603.333251953125,3553.333251953125,3566.666748046875,296700
2022-10-11,3513.333251953125,3556.666748046875,3490.0,3510.0,393600
2022-10-12,3510.0,3510.0,3440.0,3466.666748046875,456300
2022-10-13,3450.0,3456.666748046875,3430.0,3430.0,312900
2022-10-14,3496.666748046875,3520.0,3453.333251953125,3506.666748046875,389100
2022-10-17,3460.0,3486.666748046875,3430.0,3450.0,171600
2022-10-18,3503.333251953125,3510.0,3466.666748046875,3483.333251953125,227700
2022-10-19,3480.0,3483.333251953125,3430.0,3440.0,292200
2022-10-20,3383.333251953125,3393.333251953125,3330.0,3346.666748046875,560100
2022-10-21,3336.666748046875,3366.666748046875,3316.666748046875,3336.666748046875,339300
2022-10-24,3376.666748046875,3376.666748046875,3316.666748046875,3333.333251953125,400200
2022-10-25,3340.0,3343.333251953125,3283.333251953125,3323.333251953125,547500
2022-10-26,3353.333251953125,3386.666748046875,3343.333251953125,3383.333251953125,441300
2022-10-27,3396.666748046875,3410.0,3350.0,3356.666748046875,445800
2022-10-28,3316.666748046875,3393.333251953125,3310.0,3356.666748046875,753600
2022-10-31,3390.0,3400.0,3356.666748046875,3380.0,531600
2022-11-01,3400.0,3403.333251953125,3336.666748046875,3340.0,362400
2022-11-02,3343.333251953125,3370.0,3340.0,3340.0,381000
2022-11-04,3276.666748046875,3300.0,3056.666748046875,3126.666748046875,1798500
2022-11-07,3226.666748046875,3310.0,3226.666748046875,3296.666748046875,853800
2022-11-08,3346.666748046875,3370.0,3323.333251953125,3333.333251953125,578700
2022-11-09,3390.0,3420.0,3353.333251953125,3353.333251953125,447000
2022-11-10,3360.0,3360.0,3293.333251953125,3296.666748046875,254700
2022-11-11,3413.333251953125,3413.333251953125,3343.333251953125,3383.333251953125,356400
2022-11-14,3396.666748046875,3490.0,3396.666748046875,3446.666748046875,476400
2022-11-15,3413.333251953125,3423.333251953125,3363.333251953125,3413.333251953125,235200
2022-11-16,3443.333251953125,3443.333251953125,3396.666748046875,3426.666748046875,186300
2022-11-17,3420.0,3450.0,3373.333251953125,3386.666748046875,267000
2022-11-18,3400.0,3410.0,3380.0,3400.0,235800
2022-11-21,3400.0,3416.666748046875,3380.0,3390.0,173100
2022-11-22,3416.666748046875,3473.333251953125,3406.666748046875,3460.0,281700
2022-11-24,3486.666748046875,3503.333251953125,3470.0,3476.666748046875,234000
2022-11-25,3496.666748046875,3500.0,3473.333251953125,3476.666748046875,119100
2022-11-28,3490.0,3496.666748046875,3450.0,3496.666748046875,264900
2022-11-29,3460.0,3460.0,3410.0,3423.333251953125,266400
2022-11-30,3393.333251953125,3423.333251953125,3376.666748046875,3393.333251953125,423600
2022-12-01,3410.0,3416.666748046875,3360.0,3393.333251953125,366300
2022-12-02,3373.333251953125,3373.333251953125,3313.333251953125,3330.0,428400
2022-12-05,3353.333251953125,3363.333251953125,3326.666748046875,3363.333251953125,327300
2022-12-06,3336.666748046875,3346.666748046875,3310.0,3336.666748046875,463200
2022-12-07,3323.333251953125,3366.666748046875,3313.333251953125,3343.333251953125,288600
2022-12-08,3333.333251953125,3336.666748046875,3310.0,3326.666748046875,336600
2022-12-09,3346.666748046875,3380.0,3343.333251953125,3360.0,263400
2022-12-12,3360.0,3386.666748046875,3340.0,3366.666748046875,271200
2022-12-13,3366.666748046875,3390.0,3343.333251953125,3350.0,291000
2022-12-14,3353.333251953125,3363.333251953125,3336.666748046875,3356.666748046875,188700
2022-12-15,3350.0,3360.0,3330.0,3340.0,379800
2022-12-16,3313.333251953125,3323.333251953125,3293.333251953125,3313.333251953125,270900
2022-12-19,3293.333251953125,3300.0,3273.333251953125,3280.0,182400
2022-12-20,3303.333251953125,3306.666748046875,3233.333251953125,3243.333251953125,254100
2022-12-21,3233.333251953125,3236.666748046875,3183.333251953125,3220.0,271500
2022-12-22,3230.0,3250.0,3213.333251953125,3233.333251953125,170700
2022-12-23,3206.666748046875,3213.333251953125,3193.333251953125,3206.666748046875,153000
2022-12-26,3200.0,3220.0,3190.0,3203.333251953125,191700
2022-12-27,3216.666748046875,3236.666748046875,3200.0,3233.333251953125,124500
2022-12-28,3236.666748046875,3270.0,3220.0,3270.0,187200
2022-12-29,3253.333251953125,3270.0,3213.333251953125,3263.333251953125,222000
2022-12-30,3280.0,3306.666748046875,3263.333251953125,3276.666748046875,197700
2023-01-04,3276.666748046875,3276.666748046875,3213.333251953125,3213.333251953125,203700
2023-01-05,3200.0,3230.0,3186.666748046875,3226.666748046875,283500
2023-01-06,3250.0,3263.333251953125,3236.666748046875,3263.333251953125,297300
2023-01-10,3246.666748046875,3280.0,3156.666748046875,3200.0,926400
2023-01-11,3216.666748046875,3226.666748046875,3186.666748046875,3200.0,422700
2023-01-12,3233.333251953125,3246.666748046875,3200.0,3233.333251953125,356100
2023-01-13,3196.666748046875,3230.0,3193.333251953125,3213.333251953125,220800
2023-01-16,3186.666748046875,3206.666748046875,3166.666748046875,3183.333251953125,198900
2023-01-17,3190.0,3223.333251953125,3190.0,3196.666748046875,165300
2023-01-18,3186.666748046875,3233.333251953125,3170.0,3213.333251953125,377400
2023-01-19,3243.333251953125,3250.0,3226.666748046875,3230.0,307500
2023-01-20,3233.333251953125,3246.666748046875,3223.333251953125,3240.0,258300
2023-01-23,3270.0,3293.333251953125,3260.0,3283.333251953125,247800
2023-01-24,3326.666748046875,3343.333251953125,3313.333251953125,3333.333251953125,341400
2023-01-25,3306.666748046875,3336.666748046875,3296.666748046875,3323.333251953125,367800
2023-01-26,3300.0,3340.0,3293.333251953125,3330.0,488100
2023-01-27,3330.0,3366.666748046875,3323.333251953125,3323.333251953125,473400
2023-01-30,3333.333251953125,3340.0,3306.666748046875,3340.0,375600
2023-01-31,3353.333251953125,3416.666748046875,3353.333251953125,3406.666748046875,455700
2023-02-01,3436.666748046875,3440.0,3316.666748046875,3330.0,385500
2023-02-02,3333.333251953125,3336.666748046875,3313.333251953125,3330.0,403500
2023-02-03,3323.333251953125,3323.333251953125,3280.0,3310.0,227400
2023-02-06,3333.333251953125,3336.666748046875,3286.666748046875,3306.666748046875,231000
2023-02-07,3310.0,3310.0,3283.333251953125,3293.333251953125,212100
2023-02-08,3286.666748046875,3316.666748046875,3270.0,3290.0,239700
2023-02-09,3456.666748046875,3496.666748046875,3296.666748046875,3296.666748046875,1230000
2023-02-10,3270.0,3296.666748046875,3240.0,3280.0,624000
2023-02-13,3260.0,3276.666748046875,3196.666748046875,3210.0,384000
2023-02-14,3230.0,3253.333251953125,3220.0,3246.666748046875,510900
2023-02-15,3240.0,3253.333251953125,3193.333251953125,3200.0,451800
2023-02-16,3213.333251953125,3246.666748046875,3206.666748046875,3236.666748046875,329400
2023-02-17,3220.0,3273.333251953125,3213.333251953125,3240.0,429600
2023-02-20,3256.666748046875,3263.333251953125,3226.666748046875,3230.0,217800
2023-02-21,3236.666748046875,3260.0,3220.0,3256.666748046875,138900
2023-02-22,3206.666748046875,3226.666748046875,3170.0,3170.0,476700
2023-02-24,3193.333251953125,3196.666748046875,3173.333251953125,3183.333251953125,261900
2023-02-27,3146.666748046875,3180.0,3140.0,3166.666748046875,383100
2023-02-28,3170.0,3203.333251953125,3156.666748046875,3183.333251953125,343800
2023-03-01,3186.666748046875,3206.666748046875,3180.0,3190.0,253500
2023-03-02,3193.333251953125,3210.0,3186.666748046875,3193.333251953125,202800
2023-03-03,3216.666748046875,3226.666748046875,3200.0,3206.666748046875,350700
2023-03-06,3210.0,3233.333251953125,3203.333251953125,3220.0,229200
2023-03-07,3206.666748046875,3256.666748046875,3200.0,3250.0,288600
2023-03-08,3233.333251953125,3263.333251953125,3233.333251953125,3240.0,182700
2023-03-09,3250.0,3280.0,3250.0,3260.0,302700
2023-03-10,3210.0,3240.0,3203.333251953125,3210.0,330900
2023-03-13,3186.666748046875,3193.333251953125,3153.333251953125,3186.666748046875,309600
2023-03-14,3166.666748046875,3166.666748046875,3110.0,3143.333251953125,618900
2023-03-15,3180.0,3223.333251953125,3170.0,3216.666748046875,342900
2023-03-16,3200.0,3236.666748046875,3186.666748046875,3213.333251953125,439500
2023-03-17,3250.0,3250.0,3216.666748046875,3233.333251953125,358200
2023-03-20,3236.666748046875,3266.666748046875,3203.333251953125,3203.333251953125,464100
2023-03-22,3243.333251953125,3250.0,3230.0,3240.0,286800
2023-03-23,3216.666748046875,3250.0,3193.333251953125,3246.666748046875,234000
2023-03-24,3230.0,3236.666748046875,3203.333251953125,3206.666748046875,278400
2023-03-27,3213.333251953125,3216.666748046875,3173.333251953125,3173.333251953125,253200
2023-03-28,3206.666748046875,3206.666748046875,3170.0,3186.666748046875,218700
2023-03-29,3210.0,3246.666748046875,3183.333251953125,3246.666748046875,437700
2023-03-30,3235.0,3235.0,3170.0,3195.0,233000
2023-03-31,3200.0,3250.0,3195.0,3235.0,326300
2023-04-03,3275.0,3275.0,3230.0,3235.0,237100
2023-04-04,3235.0,3275.0,3225.0,3270.0,285700
2023-04-05,3245.0,3250.0,3190.0,3210.0,265900
2023-04-06,3175.0,3190.0,3150.0,3185.0,277300
2023-04-07,3170.0,3220.0,3170.0,3200.0,187500
2023-04-10,3210.0,3225.0,3195.0,3195.0,170500
2023-04-11,3235.0,3250.0,3200.0,3210.0,170800
2023-04-12,3215.0,3260.0,3215.0,3245.0,149100
2023-04-13,3255.0,3305.0,3245.0,3265.0,321800
2023-04-14,3265.0,3285.0,3255.0,3275.0,223500
2023-04-17,3270.0,3275.0,3235.0,3270.0,234200
2023-04-18,3290.0,3315.0,3265.0,3280.0,263900
2023-04-19,3250.0,3270.0,3240.0,3270.0,277800
2023-04-20,3270.0,3280.0,3255.0,3275.0,194200
2023-04-21,3275.0,3295.0,3255.0,3270.0,178500
2023-04-24,3270.0,3290.0,3240.0,3250.0,248900
2023-04-25,3275.0,3290.0,3240.0,3245.0,283700
2023-04-26,3215.0,3225.0,3190.0,3195.0,314100
2023-04-27,3195.0,3200.0,3175.0,3190.0,272700
2023-04-28,3235.0,3290.0,3230.0,3280.0,306000
2023-05-01,3300.0,3330.0,3285.0,3330.0,318400
2023-05-02,3305.0,3305.0,3255.0,3290.0,262700
2023-05-08,3290.0,3320.0,3275.0,3285.0,373500
2023-05-09,3285.0,3310.0,3275.0,3300.0,311900
2023-05-10,3320.0,3360.0,3235.0,3270.0,916400
2023-05-11,3245.0,3315.0,3240.0,3300.0,510100
2023-05-12,3280.0,3340.0,3260.0,3270.0,550400
2023-05-15,3300.0,3345.0,3295.0,3340.0,357300
2023-05-16,3370.0,3430.0,3360.0,3425.0,621800
2023-05-17,3400.0,3435.0,3340.0,3345.0,425800
2023-05-18,3350.0,3355.0,3270.0,3280.0,494000
2023-05-19,3275.0,3285.0,3235.0,3270.0,428500
2023-05-22,3240.0,3250.0,3200.0,3240.0,396800
2023-05-23,3230.0,3245.0,3190.0,3200.0,509600
2023-05-24,3175.0,3200.0,3155.0,3180.0,413400
2023-05-25,3150.0,3155.0,3115.0,3130.0,454500
2023-05-26,3100.0,3105.0,2996.0,2998.0,867400
2023-05-29,3030.0,3045.0,3000.0,3015.0,500800
2023-05-30,2965.0,3010.0,2948.0,2993.0,689200
2023-05-31,2977.0,2980.0,2939.0,2961.0,1249500
2023-06-01,2951.0,2968.0,2930.0,2942.0,589200
2023-06-02,2892.0,2972.0,2883.0,2967.0,865700
2023-06-05,3026.0,3055.0,3016.0,3048.0,736700
2023-06-06,3037.0,3069.0,3033.0,3061.0,520500
2023-06-07,3068.0,3079.0,3011.0,3021.0,652900
2023-06-08,3042.0,3046.0,3012.0,3018.0,496100
2023-06-09,3012.0,3028.0,2990.0,3001.0,864900
2023-06-12,3002.0,3010.0,2988.5,3002.0,517200
2023-06-13,3020.0,3034.0,2995.0,3004.0,477600
2023-06-14,3005.0,3020.0,2987.0,3017.0,472400
2023-06-15,3019.0,3023.0,2971.5,2971.5,892500
2023-06-16,2971.0,3009.0,2959.5,3009.0,815100
2023-06-19,3009.0,3012.0,2967.0,2980.0,538800
2023-06-20,2971.0,3026.0,2956.5,3026.0,793900
2023-06-21,3015.0,3062.0,3014.0,3042.0,621400
2023-06-22,3057.0,3085.0,3053.0,3064.0,485400
2023-06-23,3066.0,3072.0,3000.0,3019.0,378800
2023-06-26,3023.0,3030.0,2998.5,3012.0,283200
2023-06-27,3029.0,3076.0,3021.0,3069.0,489500
2023-06-28,3074.0,3134.0,3074.0,3131.0,520900
2023-06-29,3131.0,3140.0,3112.0,3123.0,243100
2023-06-30,3125.0,3140.0,3113.0,3131.0,468600
2023-07-03,3171.0,3179.0,3127.0,3145.0,408900
2023-07-04,3122.0,3124.0,3073.0,3078.0,481400
2023-07-05,3078.0,3121.0,3076.0,3106.0,466100
2023-07-06,3100.0,3113.0,3064.0,3072.0,398600
2023-07-07,3050.0,3079.0,3030.0,3049.0,311000
2023-07-10,3058.0,3069.0,3030.0,3043.0,317300
2023-07-11,3057.0,3059.0,3033.0,3039.0,250000
2023-07-12,3079.0,3085.0,3054.0,3069.0,283500
2023-07-13,3085.0,3097.0,3046.0,3058.0,371400
2023-07-14,3081.0,3096.0,3069.0,3079.0,359900
2023-07-18,3097.0,3120.0,3093.0,3114.0,294900
2023-07-19,3145.0,3185.0,3139.0,3174.0,612100
2023-07-20,3149.0,3161.0,3091.0,3109.0,433100
2023-07-21,3105.0,3123.0,3082.0,3099.0,266700
2023-07-24,3091.0,3112.0,3085.0,3102.0,247700
2023-07-25,3100.0,3125.0,3094.0,3112.0,240500
2023-07-26,3113.0,3145.0,3105.0,3133.0,293000
2023-07-27,3113.0,3127.0,3095.0,3125.0,236400
2023-07-28,3091.0,3120.0,3071.0,3112.0,510300
2023-07-31,3143.0,3143.0,3080.0,3096.0,591000
2023-08-01,3125.0,3126.0,3090.0,3118.0,320500
2023-08-02,3088.0,3094.0,3047.0,3058.0,465100
2023-08-03,3042.0,3042.0,2975.5,2985.0,624800
2023-08-04,2975.0,2979.5,2937.0,2950.5,679900
2023-08-07,2750.5,2866.5,2745.5,2860.0,1469600
2023-08-08,2887.5,2924.5,2862.5,2895.5,901500
2023-08-09,2884.0,2894.0,2848.5,2883.0,582900
2023-08-10,2871.0,2904.0,2870.0,2904.0,527100
2023-08-14,2897.5,2897.5,2830.0,2838.0,527000
2023-08-15,2810.0,2820.0,2771.5,2781.0,613800
2023-08-16,2750.0,2755.5,2715.0,2722.5,646300
2023-08-17,2688.5,2734.0,2687.5,2729.5,782700
2023-08-18,2711.0,2725.5,2706.0,2725.5,544500
2023-08-21,2730.0,2754.5,2726.0,2746.5,415300
2023-08-22,2742.0,2750.5,2715.5,2750.5,396900
2023-08-23,2755.5,2801.0,2752.5,2800.0,567400
2023-08-24,2794.0,2847.0,2787.0,2832.0,759500
2023-08-25,2829.0,2857.5,2820.5,2836.0,576500
2023-08-28,2836.0,2854.0,2830.0,2854.0,282500
2023-08-29,2866.0,2882.0,2855.5,2871.0,362100
2023-08-30,2843.0,2860.0,2833.5,2838.0,414900
2023-08-31,2824.0,2845.0,2815.0,2821.5,588200
2023-09-01,2818.5,2861.5,2811.0,2853.0,489100
2023-09-04,2863.5,2865.5,2851.0,2864.5,352100
2023-09-05,2865.0,2870.0,2830.0,2846.0,349600
2023-09-06,2850.0,2876.0,2845.0,2858.5,399200
2023-09-07,2857.0,2862.5,2842.0,2856.0,404900
2023-09-08,2868.0,2869.0,2832.0,2848.0,667300
2023-09-11,2835.5,2848.5,2805.0,2821.0,470800
2023-09-12,2838.0,2867.5,2836.5,2861.5,371000
2023-09-13,2880.0,2881.0,2853.5,2866.0,318500
2023-09-14,2860.0,2868.5,2850.5,2865.0,347200
2023-09-15,2861.5,2866.0,2845.5,2858.5,658600
2023-09-19,2850.0,2850.0,2810.0,2831.5,430700
2023-09-20,2845.0,2866.0,2824.0,2825.5,665500
2023-09-21,2817.0,2824.0,2796.0,2806.5,377100
2023-09-22,2777.5,2800.5,2770.0,2788.5,309200
2023-09-25,2791.0,2815.0,2785.5,2801.0,256500
2023-09-26,2816.0,2840.0,2800.5,2823.0,397400
2023-09-27,2816.5,2833.5,2802.5,2829.0,475000
2023-09-28,2811.0,2816.5,2780.5,2796.5,621300
2023-09-29,2803.0,2810.5,2785.0,2800.0,645600
2023-10-02,2826.0,2838.0,2795.5,2800.0,558100
2023-10-03,2800.0,2810.5,2762.5,2768.0,664400
2023-10-04,2751.5,2808.0,2745.0,2773.5,745200
2023-10-05,2801.0,2809.0,2779.0,2795.5,592500
2023-10-06,2795.0,2809.0,2788.5,2802.5,381400
2023-10-10,2850.0,2850.0,2819.0,2834.5,493600
2023-10-11,2820.5,2822.0,2785.5,2802.5,373500
2023-10-12,2837.5,2837.5,2813.0,2828.5,428900
2023-10-13,2805.0,2808.0,2790.5,2807.5,378800
2023-10-16,2796.5,2802.5,2738.0,2750.5,462600
2023-10-17,2761.5,2765.5,2736.0,2749.0,496400
2023-10-18,2763.0,2770.0,2720.0,2743.0,315900
2023-10-19,2705.0,2739.5,2697.0,2712.5,360800
2023-10-20,2697.0,2704.0,2668.5,2688.0,294900
2023-10-23,2670.0,2686.5,2657.5,2672.0,366200
2023-10-24,2672.0,2683.0,2636.0,2678.5,488300
2023-10-25,2688.0,2715.0,2675.5,2682.5,312900
2023-10-26,2681.5,2711.5,2658.5,2673.5,344400
2023-10-27,2721.5,2751.0,2717.5,2747.0,558500
2023-10-30,2717.0,2738.5,2705.5,2734.5,1592800
2023-10-31,2748.0,2769.5,2724.5,2763.5,440800
2023-11-01,2796.0,2813.0,2777.0,2808.5,465500
2023-11-02,2840.5,2857.0,2833.5,2851.5,590800
2023-11-06,2872.5,2872.5,2834.0,2842.0,475000
2023-11-07,2824.5,2978.0,2805.5,2821.0,2317800
2023-11-08,2871.0,2894.0,2824.0,2874.5,1027400
2023-11-09,2885.0,2935.5,2884.0,2918.0,744300
2023-11-10,2912.5,2923.5,2876.0,2895.0,344800
2023-11-13,2884.0,2894.0,2843.0,2843.0,531100
2023-11-14,2855.0,2883.5,2844.0,2849.5,843700
2023-11-15,2867.0,2925.0,2855.5,2917.5,819600
2023-11-16,2898.0,2959.0,2892.5,2949.5,585000
2023-11-17,2935.0,2992.5,2926.0,2980.0,624800
2023-11-20,2981.5,3005.0,2968.0,2984.5,547700
2023-11-21,2987.5,2998.0,2970.0,2982.5,327700
2023-11-22,2955.0,2999.5,2945.0,2987.5,310400
2023-11-24,2982.0,3040.0,2982.0,3015.0,478700
2023-11-27,3052.0,3113.0,3046.0,3046.0,518900
2023-11-28,3068.0,3073.0,3021.0,3031.0,348600
2023-11-29,3029.0,3043.0,3006.0,3015.0,489100
2023-11-30,2998.5,3017.0,2986.0,3005.0,717800
2023-12-01,3046.0,3056.0,3033.0,3034.0,448300
2023-12-04,3033.0,3042.0,2998.0,3016.0,427400
2023-12-05,3007.0,3028.0,3005.0,3020.0,333000
2023-12-06,3010.0,3048.0,2995.0,3043.0,350900
2023-12-07,3062.0,3090.0,3044.0,3073.0,496300
2023-12-08,3097.0,3098.0,3020.0,3046.0,617700
2023-12-11,3065.0,3127.0,3065.0,3127.0,620000
2023-12-12,3173.0,3174.0,3138.0,3156.0,556700
2023-12-13,3195.0,3210.0,3158.0,3175.0,895300
2023-12-14,3198.0,3275.0,3185.0,3188.0,893200
2023-12-15,3221.0,3233.0,3174.0,3205.0,1228600
2023-12-18,3188.0,3188.0,3105.0,3164.0,471600
2023-12-19,3170.0,3181.0,3149.0,3181.0,518400
2023-12-20,3160.0,3205.0,3158.0,3194.0,464000
2023-12-21,3175.0,3177.0,3155.0,3177.0,444000
2023-12-22,3181.0,3189.0,3157.0,3169.0,421300
2023-12-25,3188.0,3198.0,3166.0,3185.0,236100
2023-12-26,3169.0,3183.0,3164.0,3178.0,234400
2023-12-27,3193.0,3213.0,3191.0,3212.0,298100
2023-12-28,3213.0,3261.0,3213.0,3255.0,487100
2023-12-29,3254.0,3268.0,3238.0,3268.0,381200
2024-01-04,3268.0,3313.0,3236.0,3313.0,451500
2024-01-05,3308.0,3308.0,3265.0,3280.0,516100
2024-01-09,3342.0,3421.0,3338.0,3411.0,771000
2024-01-10,3400.0,3416.0,3375.0,3402.0,773100
2024-01-11,3410.0,3415.0,3310.0,3345.0,990300
2024-01-12,3386.0,3398.0,3362.0,3395.0,520200
2024-01-15,3367.0,3381.0,3344.0,3354.0,73100
2024-01-16,3390.0,3410.0,3332.0,3334.0,386700
2024-01-17,3321.0,3350.0,3288.0,3289.0,443300
2024-01-18,3280.0,3313.0,3267.0,3297.0,405700
2024-01-19,3332.0,3336.0,3308.0,3311.0,253000
2024-01-22,3354.0,3356.0,3326.0,3339.0,374800
2024-01-23,3359.0,3450.0,3355.0,3444.0,771700
2024-01-24,3389.0,3409.0,3359.0,3390.0,419600
2024-01-25,3380.0,3405.0,3376.0,3398.0,262100
2024-01-26,3383.0,3412.0,3356.0,3363.0,323800
2024-01-29,3379.0,3386.0,3351.0,3382.0,226000
2024-01-30,3396.0,3408.0,3342.0,3365.0,619100
2024-01-31,3338.0,3359.0,3324.0,3358.0,336500
2024-02-01,3340.0,3349.0,3266.0,3269.0,502900
2024-02-02,3292.0,3329.0,3289.0,3297.0,262500
2024-02-05,3297.0,3354.0,3290.0,3336.0,315500
2024-02-06,3302.0,3313.0,3256.0,3261.0,324800
2024-02-07,3249.0,3256.0,3225.0,3249.0,330000
2024-02-08,3247.0,3342.0,3234.0,3287.0,441900
2024-02-09,3737.0,3786.0,3474.0,3531.0,1585200
2024-02-13,3539.0,3562.0,3497.0,3556.0,470100
2024-02-14,3562.0,3571.0,3459.0,3496.0,366300
2024-02-15,3497.0,3515.0,3421.0,3468.0,427100
2024-02-16,3436.0,3501.0,3405.0,3500.0,399100
2024-02-19,3499.0,3530.0,3470.0,3527.0,233800
2024-02-20,3488.0,3558.0,3476.0,3534.0,525300
2024-02-21,3534.0,3575.0,3506.0,3561.0,345100
2024-02-22,3592.0,3596.0,3530.0,3552.0,296600
2024-02-26,3541.0,3543.0,3466.0,3473.0,493800
2024-02-27,3496.0,3540.0,3464.0,3516.0,368500
2024-02-28,3516.0,3522.0,3485.0,3494.0,232600
2024-02-29,3501.0,3501.0,3413.0,3489.0,561600
2024-03-01,3516.0,3544.0,3498.0,3511.0,282800
2024-03-04,3500.0,3517.0,3467.0,3475.0,237700
2024-03-05,3475.0,3490.0,3457.0,3457.0,260200
2024-03-06,3440.0,3494.0,3431.0,3485.0,291200
2024-03-07,3485.0,3486.0,3439.0,3453.0,233200
2024-03-08,3395.0,3482.0,3395.0,3465.0,381700
2024-03-11,3406.0,3441.0,3356.0,3402.0,363100
2024-03-12,3369.0,3416.0,3351.0,3416.0,236300
2024-03-13,3401.0,3415.0,3355.0,3361.0,302800
2024-03-14,3399.0,3430.0,3381.0,3422.0,347900
2024-03-15,3422.0,3442.0,3395.0,3410.0,437100
2024-03-18,3417.0,3483.0,3409.0,3473.0,289900
2024-03-19,3473.0,3481.0,3427.0,3466.0,175200
2024-03-21,3499.0,3576.0,3480.0,3559.0,495200
2024-03-22,3522.0,3540.0,3506.0,3540.0,300400
2024-03-25,3529.0,3535.0,3477.0,3482.0,273300
2024-03-26,3475.0,3482.0,3439.0,3465.0,195400
2024-03-27,3487.0,3512.0,3474.0,3504.0,249300
2024-03-28,3456.0,3482.0,3435.0,3465.0,214200
2024-03-29,3475.0,3496.0,3458.0,3483.0,70400
2024-04-01,3484.0,3496.0,3433.0,3449.0,281700
2024-04-02,3403.0,3407.0,3337.0,3379.0,408200
2024-04-03,3378.0,3378.0,3327.0,3331.0,321500
2024-04-04,3341.0,3368.0,3319.0,3327.0,510600
2024-04-05,3325.0,3381.0,3312.0,3365.0,362200
2024-04-08,3365.0,3391.0,3351.0,3383.0,225700
2024-04-09,3386.0,3416.0,3372.0,3414.0,326800
2024-04-10,3401.0,3409.0,3346.0,3381.0,286400
2024-04-11,3311.0,3357.0,3298.0,3354.0,390300
2024-04-12,3366.0,3387.0,3361.0,3383.0,257600
2024-04-15,3362.0,3422.0,3355.0,3404.0,354100
2024-04-16,3359.0,3377.0,3334.0,3372.0,224800
2024-04-17,3340.0,3340.0,3300.0,3308.0,257500
2024-04-18,3340.0,3387.0,3332.0,3350.0,475000
2024-04-19,3334.0,3336.0,3277.0,3300.0,585500
2024-04-22,3328.0,3336.0,3296.0,3328.0,444700
2024-04-23,3295.0,3320.0,3287.0,3317.0,380000
2024-04-24,3319.0,3343.0,3311.0,3330.0,637500
2024-04-25,3310.0,3316.0,3285.0,3298.0,493400
2024-04-26,3283.0,3376.0,3270.0,3363.0,476100
2024-04-30,3421.0,3437.0,3378.0,3425.0,378800
2024-05-01,3403.0,3412.0,3370.0,3409.0,232400
2024-05-02,3431.0,3440.0,3365.0,3380.0,202300
2024-05-07,3388.0,3418.0,3359.0,3399.0,286300
2024-05-08,3374.0,3426.0,3373.0,3413.0,352400
2024-05-09,3413.0,3827.0,3345.0,3728.0,2682300
2024-05-10,3750.0,3837.0,3744.0,3822.0,1212300
2024-05-13,3821.0,3855.0,3791.0,3800.0,443700
2024-05-14,3800.0,3857.0,3794.0,3810.0,342800
2024-05-15,3794.0,3801.0,3670.0,3714.0,655100
2024-05-16,3730.0,3839.0,3714.0,3827.0,650400
2024-05-17,3825.0,3910.0,3813.0,3892.0,454800
2024-05-20,3877.0,3906.0,3854.0,3859.0,290700
2024-05-21,3868.0,3895.0,3850.0,3850.0,276200
2024-05-22,3825.0,3858.0,3814.0,3814.0,268500
2024-05-23,3795.0,3822.0,3781.0,3807.0,240900
2024-05-24,3755.0,3791.0,3751.0,3776.0,229900
2024-05-27,3768.0,3771.0,3738.0,3748.0,336200
2024-05-28,3748.0,3751.0,3698.0,3729.0,297700
2024-05-29,3713.0,3728.0,3698.0,3713.0,294500
2024-05-30,3695.0,3771.0,3691.0,3757.0,279200
2024-05-31,3757.0,3798.0,3749.0,3769.0,537700
2024-06-03,3787.0,3812.0,3777.0,3797.0,286400
2024-06-04,3755.0,3755.0,3696.0,3709.0,384000
2024-06-05,3675.0,3699.0,3655.0,3674.0,427500
2024-06-06,3784.0,3784.0,3713.0,3716.0,347400
2024-06-07,3704.0,3748.0,3699.0,3738.0,234400
2024-06-10,3707.0,3722.0,3685.0,3703.0,388500
2024-06-11,3699.0,3752.0,3699.0,3726.0,377300
2024-06-12,3796.0,3833.0,3698.0,3703.0,265900
2024-06-13,3708.0,3708.0,3654.0,3684.0,424700
2024-06-14,3684.0,3774.0,3684.0,3747.0,431600
2024-06-17,3740.0,3761.0,3717.0,3725.0,264500
2024-06-18,3717.0,3731.0,3698.0,3708.0,226900
2024-06-19,3710.0,3737.0,3706.0,3722.0,209200
2024-06-20,3715.0,3757.0,3712.0,3746.0,237100
2024-06-21,3746.0,3775.0,3738.0,3746.0,334400
2024-06-24,3750.0,3759.0,3729.0,3748.0,231600
2024-06-25,3766.0,3772.0,3737.0,3745.0,231700
2024-06-26,3742.0,3748.0,3685.0,3697.0,329800
2024-06-27,3656.0,3672.0,3616.0,3669.0,488200
2024-06-28,3678.0,3726.0,3656.0,3660.0,407700
2024-07-01,3685.0,3705.0,3655.0,3664.0,271300
2024-07-02,3623.0,3640.0,3559.0,3580.0,451200
2024-07-03,3548.0,3585.0,3517.0,3585.0,650300
2024-07-04,3589.0,3608.0,3573.0,3603.0,317400
2024-07-05,3578.0,3595.0,3566.0,3574.0,249800
2024-07-08,3588.0,3646.0,3569.0,3636.0,332700
2024-07-09,3646.0,3661.0,3591.0,3638.0,291600
2024-07-10,3638.0,3660.0,3612.0,3654.0,239000
2024-07-11,3697.0,3724.0,3671.0,3703.0,314300
2024-07-12,3664.0,3757.0,3653.0,3722.0,355200
2024-07-16,3754.0,3768.0,3687.0,3689.0,230700
2024-07-17,3715.0,3729.0,3697.0,3702.0,165300
2024-07-18,3669.0,3737.0,3666.0,3690.0,289700
2024-07-19,3690.0,3728.0,3685.0,3728.0,233000
2024-07-22,3729.0,3764.0,3725.0,3731.0,329400
2024-07-23,3712.0,3755.0,3712.0,3746.0,322700
2024-07-24,3725.0,3734.0,3644.0,3681.0,242400
2024-07-25,3666.0,3680.0,3607.0,3615.0,276300
2024-07-26,3630.0,3694.0,3629.0,3677.0,270300
2024-07-29,3717.0,3743.0,3706.0,3717.0,272000
2024-07-30,3717.0,3717.0,3656.0,3693.0,208200
2024-07-31,3639.0,3701.0,3620.0,3700.0,389200
2024-08-01,3630.0,3689.0,3590.0,3626.0,338100
2024-08-02,3539.0,3544.0,3411.0,3417.0,520800
2024-08-05,3220.0,3284.0,2980.0,2991.5,720600
2024-08-06,3213.0,3369.0,3204.0,3328.0,539300
2024-08-07,3227.0,3560.0,3063.0,3207.0,1085500
2024-08-08,3206.0,3347.0,3174.0,3225.0,797400
2024-08-09,3155.0,3155.0,2993.5,3041.0,1663100
2024-08-13,3055.0,3180.0,3054.0,3150.0,728500
2024-08-14,3130.0,3178.0,3075.0,3112.0,426800
2024-08-15,3128.0,3145.0,3073.0,3117.0,837200
2024-08-16,3167.0,3244.0,3160.0,3230.0,551000
2024-08-19,3200.0,3225.0,3147.0,3171.0,429800
2024-08-20,3206.0,3270.0,3170.0,3260.0,246100
2024-08-21,3225.0,3249.0,3201.0,3229.0,297900
2024-08-22,3253.0,3272.0,3229.0,3266.0,398400
2024-08-23,3276.0,3307.0,3267.0,3267.0,390500
2024-08-26,3265.0,3326.0,3262.0,3317.0,277000
2024-08-27,3320.0,3340.0,3293.0,3316.0,325400
2024-08-28,3315.0,3317.0,3268.0,3288.0,354000
2024-08-29,3298.0,3316.0,3254.0,3279.0,206900
2024-08-30,3280.0,3293.0,3239.0,3271.0,321400
2024-09-02,3291.0,3294.0,3234.0,3247.0,319600
2024-09-03,3267.0,3375.0,3264.0,3369.0,356200
2024-09-04,3299.0,3414.0,3291.0,3362.0,661400
2024-09-05,3361.0,3403.0,3345.0,3395.0,309600
2024-09-06,3420.0,3456.0,3403.0,3417.0,576900
2024-09-09,3375.0,3421.0,3320.0,3410.0,382000
2024-09-10,3427.0,3470.0,3425.0,3444.0,268800
2024-09-11,3439.0,3453.0,3380.0,3402.0,375500
2024-09-12,3440.0,3463.0,3417.0,3422.0,444100
2024-09-13,3391.0,3397.0,3367.0,3385.0,432200
2024-09-17,3408.0,3430.0,3340.0,3411.0,502100
2024-09-18,3435.0,3449.0,3385.0,3435.0,295100
2024-09-19,3465.0,3498.0,3445.0,3448.0,358700
2024-09-20,3500.0,3526.0,3452.0,3468.0,507900
2024-09-24,3478.0,3494.0,3450.0,3477.0,394300
2024-09-25,3449.0,3503.0,3428.0,3488.0,356400
2024-09-26,3523.0,3569.0,3509.0,3569.0,461100
2024-09-27,3519.0,3603.0,3515.0,3593.0,337900
2024-09-30,3465.0,3541.0,3465.0,3531.0,317200
2024-10-01,3531.0,3578.0,3522.0,3575.0,296100
2024-10-02,3530.0,3551.0,3490.0,3494.0,319000
2024-10-03,3528.0,3542.0,3501.0,3510.0,321100
2024-10-04,3510.0,3533.0,3503.0,3522.0,370100
2024-10-07,3559.0,3574.0,3513.0,3549.0,429900
2024-10-08,3539.0,3549.0,3509.0,3512.0,428200
2024-10-09,3540.0,3570.0,3523.0,3570.0,334300
2024-10-10,3562.0,3578.0,3551.0,3574.0,307100
2024-10-11,3548.0,3578.0,3529.0,3530.0,399700
2024-10-15,3569.0,3584.0,3508.0,3533.0,477400
2024-10-16,3489.0,3505.0,3452.0,3452.0,362400
2024-10-17,3454.0,3460.0,3437.0,3448.0,289800
2024-10-18,3444.0,3454.0,3425.0,3430.0,245300
2024-10-21,3440.0,3448.0,3408.0,3420.0,263700
2024-10-22,3430.0,3440.0,3362.0,3366.0,402700
2024-10-23,3381.0,3407.0,3348.0,3352.0,306200
2024-10-24,3332.0,3354.0,3319.0,3346.0,285300
2024-10-25,3354.0,3362.0,3324.0,3348.0,255000
2024-10-28,3348.0,3401.0,3344.0,3386.0,352500
2024-10-29,3375.0,3379.0,3292.0,3310.0,969400
2024-10-30,3350.0,3380.0,3328.0,3350.0,1840800
2024-10-31,3351.0,3365.0,3334.0,3362.0,447700
2024-11-01,3329.0,3353.0,3298.0,3312.0,342300
2024-11-05,3311.0,3404.0,3295.0,3404.0,501200
2024-11-06,3364.0,3406.0,3353.0,3356.0,495900
2024-11-07,3368.0,3525.0,3323.0,3392.0,1795900
2024-11-08,3445.0,3455.0,3363.0,3385.0,659300
2024-11-11,3380.0,3403.0,3316.0,3328.0,333500
2024-11-12,3320.0,3342.0,3237.0,3260.0,360300
2024-11-13,3244.0,3245.0,3159.0,3188.0,599800
2024-11-14,3189.0,3202.0,3123.0,3123.0,712800
2024-11-15,3179.0,3208.0,3152.0,3152.0,748100
2024-11-18,3137.0,3229.0,3104.0,3176.0,579100
2024-11-19,3173.0,3193.0,3149.0,3193.0,413400
2024-11-20,3183.0,3197.0,3143.0,3155.0,380000
2024-11-21,3144.0,3177.0,3133.0,3177.0,292800
2024-11-22,3183.0,3210.0,3159.0,3202.0,260100
2024-11-25,3233.0,3243.0,3160.0,3171.0,353900
2024-11-26,3178.0,3248.0,3173.0,3232.0,413800
2024-11-27,3220.0,3234.0,3197.0,3215.0,408100
2024-11-28,3220.0,3243.0,3212.0,3221.0,349100
2024-11-29,3220.0,3223.0,3179.0,3188.0,234700
2024-12-02,3184.0,3194.0,3125.0,3186.0,480100
2024-12-03,3186.0,3267.0,3176.0,3245.0,406600
2024-12-04,3240.0,3274.0,3231.0,3259.0,418300
2024-12-05,3276.0,3280.0,3215.0,3227.0,265100
2024-12-06,3230.0,3243.0,3212.0,3225.0,209300
2024-12-09,3262.0,3270.0,3235.0,3240.0,219900
2024-12-10,3280.0,3286.0,3246.0,3256.0,187600
2024-12-11,3257.0,3279.0,3247.0,3268.0,229300
2024-12-12,3296.0,3297.0,3225.0,3235.0,411700
2024-12-13,3195.0,3231.0,3182.0,3195.0,357100
2024-12-16,3200.0,3230.0,3196.0,3197.0,276600
2024-12-17,3197.0,3212.0,3183.0,3192.0,232100
2024-12-18,3183.0,3212.0,3160.0,3168.0,315700
2024-12-19,3111.0,3177.0,3111.0,3162.0,225200
2024-12-20,3178.0,3185.0,3148.0,3148.0,628600
2024-12-23,3177.0,3197.0,3161.0,3179.0,216800
2024-12-24,3195.0,3260.0,3185.0,3225.0,310100
2024-12-25,3220.0,3221.0,3175.0,3207.0,298600
2024-12-26,3200.0,3234.0,3185.0,3234.0,277700
2024-12-27,3235.0,3243.0,3213.0,3242.0,254000
2024-12-30,3268.0,3279.0,3243.0,3259.0,249400
2025-01-06,3238.0,3239.0,3189.0,3205.0,443300
2025-01-07,3220.0,3243.0,3182.0,3237.0,319900
2025-01-08,3220.0,3235.0,3202.0,3227.0,428000
2025-01-09,3242.0,3283.0,3227.0,3255.0,567100
2025-01-10,3216.0,3235.0,3211.0,3228.0,256300
2025-01-14,3220.0,3223.0,3185.0,3197.0,360000
2025-01-15,3192.0,3214.0,3184.0,3201.0,420500
2025-01-16,3271.0,3306.0,3245.0,3293.0,579500
2025-01-17,3255.0,3321.0,3255.0,3309.0,393000
2025-01-20,3300.0,3315.0,3293.0,3308.0,273600
2025-01-21,3340.0,3346.0,3312.0,3335.0,377700
2025-01-22,3350.0,3359.0,3332.0,3332.0,307600
2025-01-23,3352.0,3369.0,3338.0,3352.0,317700
2025-01-24,3375.0,3418.0,3367.0,3377.0,424100
2025-01-27,3372.0,3429.0,3372.0,3418.0,419900
2025-01-28,3425.0,3446.0,3409.0,3425.0,470800
2025-01-29,3425.0,3426.0,3394.0,3417.0,285900
2025-01-30,3453.0,3482.0,3422.0,3464.0,457600
2025-01-31,3455.0,3464.0,3413.0,3427.0,386800
2025-02-03,3396.0,3430.0,3350.0,3381.0,481500
2025-02-04,3429.0,3429.0,3365.0,3365.0,249000
2025-02-05,3399.0,3430.0,3378.0,3384.0,381100
2025-02-06,3385.0,3408.0,3371.0,3393.0,352600
2025-02-07,3399.0,3439.0,3389.0,3418.0,331500
2025-02-10,3404.0,3418.0,3383.0,3406.0,338000
2025-02-12,3284.0,3413.0,3281.0,3413.0,827000
2025-02-13,3413.0,3421.0,3369.0,3399.0,656900
2025-02-14,3379.0,3400.0,3312.0,3312.0,403700
2025-02-17,3335.0,3335.0,3293.0,3293.0,263800
2025-02-18,3264.0,3302.0,3257.0,3289.0,364400
2025-02-19,3290.0,3333.0,3282.0,3330.0,350200
2025-02-20,3350.0,3444.0,3340.0,3428.0,656400
2025-02-21,3468.0,3478.0,3397.0,3415.0,539200
2025-02-25,3400.0,3408.0,3367.0,3384.0,321300
2025-02-26,3416.0,3477.0,3349.0,3466.0,469800
2025-02-27,3438.0,3459.0,3420.0,3457.0,442400
2025-02-28,3420.0,3464.0,3381.0,3428.0,557000
2025-03-03,3429.0,3446.0,3364.0,3379.0,445200
2025-03-04,3376.0,3383.0,3347.0,3383.0,335300
2025-03-05,3385.0,3454.0,3368.0,3447.0,455700
2025-03-06,3423.0,3519.0,3420.0,3488.0,442900
2025-03-07,3439.0,3455.0,3389.0,3452.0,421600
2025-03-10,3522.0,3522.0,3450.0,3473.0,477900
2025-03-11,3447.0,3461.0,3387.0,3442.0,549200
2025-03-12,3494.0,3562.0,3465.0,3552.0,721500
2025-03-13,3563.0,3563.0,3506.0,3530.0,468700
2025-03-14,3551.0,3558.0,3495.0,3540.0,633500
2025-03-17,3565.0,3584.0,3551.0,3568.0,277300
2025-03-18,3575.0,3600.0,3546.0,3600.0,335900
2025-03-19,3608.0,3612.0,3580.0,3587.0,346000
2025-03-21,3588.0,3614.0,3577.0,3593.0,369500
2025-03-24,3574.0,3584.0,3545.0,3568.0,306800
2025-03-25,3560.0,3582.0,3546.0,3557.0,248100
2025-03-26,3587.0,3589.0,3524.0,3559.0,486200
2025-03-27,3565.0,3586.0,3535.0,3586.0,318300
2025-03-28,3482.0,3534.0,3447.0,3523.0,520100
2025-03-31,3467.0,3483.0,3430.0,3456.0,446900
2025-04-01,3465.0,3480.0,3441.0,3450.0,280700
2025-04-02,3455.0,3462.0,3398.0,3410.0,344400
2025-04-03,3287.0,3370.0,3283.0,3355.0,332100
2025-04-04,3351.0,3354.0,3265.0,3290.0,499600
2025-04-07,3049.0,3138.0,2993.0,3074.0,503000
2025-04-08,3144.0,3198.0,3115.0,3155.0,390100
2025-04-09,3102.0,3160.0,3042.0,3064.0,494700
2025-04-10,3204.0,3204.0,3143.0,3181.0,352000
2025-04-11,3116.0,3138.0,3062.0,3134.0,395000
2025-04-14,3149.0,3171.0,3134.0,3151.0,268700
2025-04-15,3155.0,3169.0,3123.0,3140.0,349700
2025-04-16,3103.0,3127.0,3079.0,3121.0,511400
2025-04-17,3109.0,3123.0,3092.0,3110.0,345100
2025-04-18,3141.0,3153.0,3125.0,3150.0,235200
2025-04-21,3131.0,3143.0,3095.0,3120.0,198800
2025-04-22,3125.0,3131.0,3106.0,3131.0,165700
2025-04-23,3182.0,3193.0,3156.0,3163.0,224000
2025-04-24,3165.0,3170.0,3133.0,3142.0,213000
2025-04-25,3145.0,3181.0,3138.0,3154.0,243300
2025-04-28,3171.0,3191.0,3166.0,3182.0,251300
2025-04-30,3200.0,3234.0,3171.0,3203.0,309400
2025-05-01,3195.0,3231.0,3180.0,3228.0,225900
2025-05-02,3228.0,3271.0,3215.0,3259.0,279500
2025-05-07,3278.0,3298.0,3268.0,3270.0,404600
2025-05-08,3270.0,3294.0,3250.0,3282.0,323900
2025-05-09,3298.0,3577.0,3294.0,3565.0,1589100
2025-05-12,3627.0,3696.0,3537.0,3625.0,774900
2025-05-13,3655.0,3668.0,3597.0,3597.0,528400
2025-05-14,3580.0,3610.0,3543.0,3571.0,391200
2025-05-15,3569.0,3618.0,3557.0,3580.0,279900
2025-05-16,3606.0,3619.0,3557.0,3580.0,298100
2025-05-19,3563.0,3587.0,3545.0,3579.0,293000
2025-05-20,3610.0,3624.0,3556.0,3581.0,339600
2025-05-21,3650.0,3659.0,3588.0,3588.0,345600
2025-05-22,3572.0,3585.0,3542.0,3560.0,284900
2025-05-23,3565.0,3596.0,3550.0,3583.0,324500
2025-05-26,3599.0,3635.0,3583.0,3615.0,297100
2025-05-27,3601.0,3621.0,3601.0,3604.0,187000
2025-05-28,3633.0,3633.0,3606.0,3612.0,326400
2025-05-29,3646.0,3649.0,3579.0,3595.0,334300
2025-05-30,3570.0,3635.0,3567.0,3605.0,398400
2025-06-02,3590.0,3604.0,3570.0,3604.0,309800
2025-06-03,3623.0,3625.0,3592.0,3606.0,233900
2025-06-04,3591.0,3614.0,3576.0,3594.0,295700
2025-06-05,3572.0,3615.0,3569.0,3601.0,264900
2025-06-06,3616.0,3671.0,3598.0,3601.0,252000
2025-06-09,3660.0,3673.0,3619.0,3670.0,340700
2025-06-10,3675.0,3712.0,3675.0,3688.0,334000
2025-06-11,3702.0,3710.0,3649.0,3679.0,230000
2025-06-12,3669.0,3693.0,3637.0,3646.0,225400
2025-06-13,3643.0,3651.0,3610.0,3636.0,327800
2025-06-16,3657.0,3664.0,3625.0,3639.0,214900
2025-06-17,3645.0,3660.0,3628.0,3634.0,262100
2025-06-18,3615.0,3633.0,3608.0,3620.0,269100
2025-06-19,3606.0,3612.0,3572.0,3590.0,210000
2025-06-20,3583.0,3598.0,3575.0,3575.0,393900
2025-06-23,3559.0,3566.0,3536.0,3550.0,316800
2025-06-24,3596.0,3599.0,3551.0,3560.0,168900
2025-06-25,3526.0,3570.0,3521.0,3551.0,181600
2025-06-26,3540.0,3576.0,3540.0,3570.0,228500
2025-06-27,3565.0,3576.0,3548.0,3558.0,280800
2025-06-30,3589.0,3604.0,3559.0,3579.0,369500
2025-07-01,3572.0,3592.0,3553.0,3584.0,325600
2025-07-02,3545.0,3624.0,3545.0,3613.0,329400
2025-07-03,3628.0,3645.0,3604.0,3630.0,279900
2025-07-04,3610.0,3654.0,3608.0,3624.0,213200
2025-07-07,3627.0,3660.0,3625.0,3648.0,249500
2025-07-08,3658.0,3700.0,3653.0,3653.0,350400
2025-07-09,3671.0,3717.0,3662.0,3712.0,356100
2025-07-10,3712.0,3714.0,3650.0,3677.0,300600
2025-07-11,3699.0,3726.0,3677.0,3709.0,212700
2025-07-14,3688.0,3729.0,3678.0,3713.0,214400
2025-07-15,3731.0,3750.0,3700.0,3700.0,157800
2025-07-16,3691.0,3708.0,3673.0,3682.0,219900
2025-07-17,3699.0,3699.0,3669.0,3683.0,228600
2025-07-18,3700.0,3714.0,3672.0,3672.0,246500
2025-07-22,3647.0,3674.0,3607.0,3616.0,260300
2025-07-23,3670.0,3722.0,3640.0,3715.0,298500
2025-07-24,3715.0,3758.0,3705.0,3747.0,291200
2025-07-25,3720.0,3751.0,3694.0,3731.0,179500
2025-07-28,3731.0,3760.0,3725.0,3734.0,259200
2025-07-29,3734.0,3757.0,3725.0,3750.0,184300
2025-07-30,3733.0,3753.0,3718.0,3743.0,155300
2025-07-31,3758.0,3771.0,3740.0,3740.0,231900
2025-08-01,3760.0,3810.0,3755.0,3798.0,190600
2025-08-04,3743.0,3760.0,3719.0,3753.0,251300
2025-08-05,3771.0,3830.0,3770.0,3793.0,336800
2025-08-06,3770.0,4000.0,3766.0,3909.0,724500
2025-08-07,3846.0,3917.0,3830.0,3836.0,396900
2025-08-08,3860.0,3961.0,3845.0,3943.0,417300
2025-08-12,4013.0,4022.0,3958.0,3985.0,303900
2025-08-13,3976.0,4021.0,3960.0,3981.0,178700
2025-08-14,3983.0,3989.0,3940.0,3959.0,166500
2025-08-15,3944.0,3947.0,3891.0,3937.0,204100
2025-08-18,3937.0,3966.0,3937.0,3960.0,156000
2025-08-19,3956.0,3990.0,3954.0,3977.0,145100
2025-08-20,3997.0,4038.0,3989.0,3999.0,252100
2025-08-21,3971.0,3977.0,3904.0,3917.0,303100
2025-08-22,3878.0,3880.0,3793.0,3804.0,462300
2025-08-25,3816.0,3827.0,3761.0,3796.0,348100
2025-08-26,3762.0,3780.0,3700.0,3702.0,577700
2025-08-27,3732.0,3740.0,3672.0,3679.0,354500
2025-08-28,3661.0,3719.0,3639.0,3688.0,351000
2025-08-29,3671.0,3685.0,3651.0,3666.0,277900
2025-09-01,3666.0,3712.0,3649.0,3670.0,294200
2025-09-02,3678.0,3697.0,3667.0,3673.0,290600
2025-09-03,3669.0,3703.0,3665.0,3700.0,302300
2025-09-04,3703.0,3734.0,3688.0,3719.0,241000
2025-09-05,3719.0,3736.0,3699.0,3723.0,229500
2025-09-08,3733.0,3750.0,3722.0,3726.0,279000
2025-09-09,3748.0,3755.0,3708.0,3735.0,246100
2025-09-10,3706.0,3728.0,3690.0,3716.0,210500
2025-09-11,3711.0,3745.0,3707.0,3728.0,264000
2025-09-12,3732.0,3743.0,3690.0,3690.0,382700
2025-09-16,3680.0,3723.0,3673.0,3706.0,307800
2025-09-17,3680.0,3691.0,3655.0,3678.0,255000
2025-09-18,3678.0,3695.0,3656.0,3695.0,294500
2025-09-19,3715.0,3738.0,3657.0,3668.0,576700
2025-09-22,3650.0,3660.0,3612.0,3612.0,271400
2025-09-24,3636.0,3640.0,3581.0,3588.0,246000
2025-09-25,3626.0,3626.0,3566.0,3581.0,325000
2025-09-26,3581.0,3604.0,3566.0,3601.0,404000
2025-09-29,3560.0,3560.0,3515.0,3528.0,303900
2025-09-30,3502.0,3533.0,3493.0,3506.0,308200
2025-10-01,3500.0,3513.0,3466.0,3466.0,341200
2025-10-02,3467.0,3482.0,3442.0,3477.0,245800
2025-10-03,3477.0,3497.0,3445.0,3445.0,195300
2025-10-06,3506.0,3520.0,3462.0,3469.0,325100
2025-10-07,3466.0,3489.0,3461.0,3488.0,260700
2025-10-08,3488.0,3509.0,3472.0,3481.0,283500
2025-10-09,3472.0,3488.0,3463.0,3476.0,294900
2025-10-10,3444.0,3451.0,3413.0,3438.0,275800
2025-10-14,3383.0,3436.0,3365.0,3368.0,338300
2025-10-15,3410.0,3446.0,3410.0,3430.0,361800
2025-10-16,3425.0,3441.0,3385.0,3397.0,253600
2025-10-17,3397.0,3427.0,3394.0,3411.0,296600
2025-10-20,3466.0,3466.0,3431.0,3451.0,277900
2025-10-21,3406.0,3458.0,3400.0,3431.0,461700
2025-10-22,3466.0,3482.0,3439.0,3450.0,337100
2025-10-23,3450.0,3470.0,3435.0,3464.0,284900
2025-10-24,3445.0,3466.0,3438.0,3439.0,298300
2025-10-27,3491.0,3507.0,3461.0,3489.0,291800
2025-10-28,3489.0,3495.0,3415.0,3418.0,556500
2025-10-29,3418.0,3440.0,3402.0,3412.0,391700
2025-10-30,3436.0,3468.0,3408.0,3463.0,444200
2025-10-31,3475.0,3500.0,3468.0,3499.0,438800
2025-11-04,3458.0,3466.0,3380.0,3402.0,450500
2025-11-05,3402.0,3419.0,3365.0,3388.0,424000
2025-11-06,3438.0,3808.0,3421.0,3731.0,2262100
2025-11-07,3726.0,3847.0,3721.0,3787.0,797700
2025-11-10,3825.0,3866.0,3794.0,3858.0,566300
2025-11-11,3876.0,3891.0,3837.0,3837.0,477700
2025-11-12,3823.0,3844.0,3758.0,3784.0,437700
2025-11-13,3791.0,3809.0,3782.0,3797.0,191200
2025-11-14,3783.0,3806.0,3766.0,3796.0,242300
2025-11-17,3791.0,3796.0,3734.0,3744.0,347300
2025-11-18,3747.0,3762.0,3710.0,3724.0,290500
2025-11-19,3758.0,3789.0,3737.0,3763.0,382500
2025-11-20,3798.0,3894.0,3793.0,3856.0,430000
2025-11-21,3860.0,3928.0,3856.0,3923.0,362700
2025-11-25,3905.0,3923.0,3845.0,3851.0,331000
2025-11-26,3866.0,3945.0,3865.0,3940.0,407700
2025-11-27,3949.0,3972.0,3944.0,3972.0,189500
2025-11-28,4028.0,4028.0,3958.0,3978.0,235900
2025-12-01,3966.0,3966.0,3923.0,3935.0,344000
2025-12-02,3931.0,3953.0,3914.0,3939.0,325300
2025-12-03,3916.0,3926.0,3886.0,3900.0,253800
2025-12-04,3900.0,3939.0,3890.0,3919.0,332900
2025-12-05,3897.0,3930.0,3834.0,3864.0,236100
2025-12-08,3887.0,3917.0,3860.0,3897.0,241400
2025-12-09,3902.0,3918.0,3865.0,3897.0,164600
2025-12-10,3914.0,3946.0,3898.0,3923.0,324600
2025-12-11,3950.0,3954.0,3913.0,3922.0,276500
2025-12-12,3992.0,4043.0,3957.0,4043.0,407400
2025-12-15,4043.0,4075.0,4024.0,4037.0,302000
2025-12-16,4028.0,4051.0,3945.0,3960.0,263700
2025-12-17,3972.0,3974.0,3936.0,3952.0,217700
2025-12-18,3978.0,4017.0,3961.0,3999.0,217400
2025-12-19,3993.0,4005.0,3974.0,3988.0,330900
2025-12-22,4021.0,4030.0,3981.0,3993.0,201700
2025-12-23,3981.0,4001.0,3976.0,4000.0,119100
2025-12-24,3990.0,3997.0,3954.0,3966.0,143500
2025-12-25,3966.0,3975.0,3954.0,3975.0,77200
2025-12-26,3995.0,3995.0,3955.0,3970.0,101300
2025-12-29,3971.0,3989.0,3953.0,3978.0,157100
2025-12-30,3986.0,3988.0,3960.0,3960.0,130900
2026-01-05,3983.0,4025.0,3960.0,3995.0,203900
2026-01-06,4003.0,4038.0,3999.0,4033.0,276300
2026-01-07,3995.0,4072.0,3980.0,4044.0,308900
2026-01-08,3993.0,4028.0,3990.0,4005.0,312700
2026-01-09,4047.0,4074.0,4004.0,4060.0,291700
2026-01-13,4100.0,4100.0,4032.0,4059.0,224500
2026-01-14,4069.0,4146.0,4068.0,4121.0,307200
2026-01-15,4051.0,4125.0,4051.0,4085.0,346000
2026-01-16,4082.0,4108.0,4055.0,4108.0,217100
2026-01-19,4090.0,4124.0,4081.0,4099.0,235500
2026-01-20,4051.0,4096.0,4045.0,4066.0,209200
2026-01-21,4025.0,4047.0,4000.0,4047.0,273100
2026-01-22,4061.0,4101.0,4046.0,4100.0,346300
2026-01-23,4120.0,4149.0,4096.0,4117.0,327500
2026-01-26,4076.0,4097.0,4050.0,4079.0,257400
2026-01-27,4035.0,4089.0,4027.0,4067.0,269000
2026-01-28,4067.0,4082.0,4003.0,4015.0,382500
2026-01-29,3986.0,4003.0,3946.0,4003.0,555500
2026-01-30,4031.0,4083.0,4009.0,4059.0,391700
2026-02-02,4149.0,4167.0,4082.0,4102.0,374800
2026-02-03,4102.0,4180.0,4089.0,4151.0,362800
2026-02-04,4151.0,4194.0,4115.0,4187.0,360700
2026-02-05,4198.0,4258.0,4173.0,4225.0,339100
2026-02-06,4179.0,4253.0,4178.0,4242.0,258600
2026-02-09,4297.0,4318.0,4263.0,4305.0,394200
2026-02-10,4322.0,4343.0,4289.0,4310.0,355300
2026-02-12,4311.0,4456.0,4132.0,4227.0,909500
2026-02-13,4172.0,4226.0,4021.0,4021.0,909000
2026-02-16,4043.0,4062.0,3967.0,4002.0,577400
2026-02-17,4000.0,4039.0,3966.0,4013.0,439800
2026-02-18,4050.0,4117.0,4041.0,4063.0,459000
2026-02-19,4044.0,4050.0,3989.0,4041.0,349400
2026-02-20,4020.0,4064.0,4003.0,4037.0,327100
2026-02-24,4030.0,4115.0,3998.0,4060.0,285300
2026-02-25,4076.0,4081.0,3981.0,4011.0,327900
2026-02-26,4011.0,4048.0,4000.0,4010.0,278300
2026-02-27,4031.0,4087.0,4010.0,4073.0,355200
2026-03-02,4120.0,4195.0,4093.0,4161.0,580000
2026-03-03,4053.0,4108.0,4032.0,4061.0,511300
2026-03-04,4006.0,4037.0,3888.0,3960.0,351200
2026-03-05,4060.0,4073.0,3950.0,3950.0,267200
2026-03-06,3880.0,3948.0,3860.0,3927.0,299400
2026-03-09,3730.0,3834.0,3728.0,3813.0,339400
2026-03-10,3866.0,3897.0,3834.0,3836.0,395200
2026-03-11,3874.0,3922.0,3855.0,3863.0,249400
2026-03-12,3847.0,3866.0,3783.0,3812.0,331700
2026-03-13,3781.0,3839.0,3770.0,3823.0,254700
2026-03-16,3821.0,3830.0,3743.0,3756.0,217700
2026-03-17,3761.0,3787.0,3743.0,3763.0,283500
2026-03-18,3753.0,3828.0,3745.0,3825.0,204000
2026-03-19,3761.0,3787.0,3656.0,3671.0,580900
2026-03-23,3631.0,3662.0,3601.0,3634.0,293800
2026-03-24,3687.0,3708.0,3658.0,3702.0,246300
2026-03-25,3760.0,3766.0,3731.0,3746.0,235600
2026-03-26,3738.0,3753.0,3693.0,3725.0,281900
2026-03-27,3734.0,3768.0,3734.0,3751.0,349600
2026-03-30,3631.0,3667.0,3587.0,3653.0,380900
2026-03-31,3636.0,3687.0,3623.0,3659.0,262500
2026-04-01,3739.0,3749.0,3694.0,3735.0,267000
2026-04-02,3744.0,3765.0,3656.0,3660.0,388500
2026-04-03,3654.0,3679.0,3648.0,3663.0,240900
2026-04-06,3680.0,3701.0,3655.0,3671.0,150500
2026-04-07,3690.0,3700.0,3658.0,3665.0,229500
2026-04-08,3761.0,3761.0,3703.0,3743.0,358900
2026-04-09,3750.0,3774.0,3731.0,3749.0,320800
2026-04-10,3732.0,3768.0,3720.0,3754.0,234000
2026-04-13,3740.0,3748.0,3697.0,3697.0,260200
2026-04-14,3667.0,3680.0,3557.0,3557.0,530300
2026-04-15,3572.0,3605.0,3568.0,3594.0,411800
2026-04-16,3602.0,3606.0,3523.0,3523.0,630800
2026-04-17,3529.0,3555.0,3492.0,3541.0,482200
2026-04-20,3572.0,3572.0,3518.0,3537.0,259200
2026-04-21,3516.0,3534.0,3486.0,3492.0,329800
2026-04-22,3482.0,3527.0,3479.0,3511.0,440700
2026-04-23,3508.0,3518.0,3478.0,3511.0,338100
2026-04-24,3524.0,3526.0,3481.0,3513.0,266200
2026-04-27,3502.0,3549.0,3492.0,3549.0,288300
2026-04-28,3549.0,3606.0,3536.0,3606.0,417900
2026-04-30,3556.0,3562.0,3507.0,3562.0,333600
2026-05-01,3567.0,3615.0,3553.0,3588.0,277900
2026-05-07,3680.0,3750.0,3647.0,3690.0,673900
2026-05-08,3690.0,3700.0,3574.0,3603.0,499300
2026-05-11,3590.0,3603.0,3553.0,3579.0,426800
2026-05-12,3526.0,3761.0,3211.0,3431.0,1975200
2026-05-13,3434.0,3461.0,3322.0,3346.0,955200
2026-05-14,3380.0,3404.0,3322.0,3377.0,603300
2026-05-15,3410.0,3462.0,3394.0,3462.0,624200
2026-05-18,3460.0,3492.0,3427.0,3467.0,522000
2026-05-19,3517.0,3596.0,3510.0,3556.0,677500
2026-05-20,3548.0,3569.0,3522.0,3550.0,444600
2026-05-21,3592.0,3609.0,3528.0,3537.0,337100
2026-05-22,3544.0,3558.0,3475.0,3506.0,375300
2026-05-25,3495.0,3502.0,3420.0,3434.0,363800
2026-05-26,3434.0,3454.0,3397.0,3413.0,311600
2026-05-27,3413.0,3470.0,3403.0,3452.0,484700
2026-05-28,3435.0,3462.0,3405.0,3426.0,353700
2026-05-29,3423.0,3433.0,3393.0,3393.0,462500
2026-06-01,3350.0,3352.0,3290.0,3350.0,407700
2026-06-02,3301.0,3344.0,3251.0,3342.0,410200
2026-06-03,3342.0,3392.0,3326.0,3392.0,389200
2026-06-04,3387.0,3432.0,3377.0,3420.0,467400
2026-06-05,3455.0,3512.0,3450.0,3500.0,498600
2026-06-08,3472.0,3523.0,3455.0,3504.0,463400
2026-06-09,3560.0,3600.0,3504.0,3548.0,688800
2026-06-10,3587.0,3598.0,3522.0,3536.0,385400
2026-06-11,3537.0,3542.0,3500.0,3536.0,229900
2026-06-12,3529.0,3560.0,3483.0,3483.0,551600
2026-06-15,3526.0,3527.0,3461.0,3479.0,415600
2026-06-16,3435.0,3441.0,3392.0,3421.0,528600
2026-06-17,3428.0,3465.0,3428.0,3465.0,423300
2026-06-18,3463.0,3468.0,3420.0,3433.0,506400
2026-06-19,3477.0,3500.0,3421.0,3438.0,867600
2026-06-22,3427.0,3500.0,3423.0,3485.0,463500
2026-06-23,3474.0,3515.0,3470.0,3477.0,375900
2026-06-24,3464.0,3520.0,3464.0,3516.0,399100
2026-06-25,3574.0,3592.0,3533.0,3543.0,262900
2026-06-26,3581.0,3588.0,3553.0,3588.0,320000
2026-06-29,3611.0,3624.0,3575.0,3600.0,443100
2026-06-30,3600.0,3616.0,3536.0,3559.0,303600
2026-07-01,3581.0,3584.0,3550.0,3565.0,273600
2026-07-02,3597.0,3606.0,3554.0,3570.0,242200
2026-07-03,3603.0,3629.0,3591.0,3598.0,190500
2026-07-06,3623.0,3632.0,3589.0,3622.0,193400
2026-07-07,3644.0,3694.0,3630.0,3665.0,362500
2026-07-08,3659.0,3673.0,3621.0,3621.0,373100
2026-07-09,3612.0,3624.0,3563.0,3582.0,292800
2026-07-10,3592.0,3596.0,3543.0,3561.0,270400
2026-07-13,3600.0,3600.0,3531.0,3563.0,226800
2026-07-14,3600.0,3640.0,3570.0,3615.0,214100
2026-07-15,3615.0,3638.0,3571.0,3592.0,335000
2026-07-16,3591.0,3629.0,3582.0,3618.0,236300
2026-07-17,3647.0,3662.0,3613.0,3628.0,350000
2026-07-21,3639.0,3669.0,3619.0,3623.0,274100
2026-07-22,3602.0,3608.0,3566.0,3587.0,307300
2026-07-23,3559.0,3578.0,3545.0,3578.0,305900
2026-07-24,3542.0,3576.0,3528.0,3557.0,302800
2026-07-27,3615.0,3657.0,3557.0,3656.0,380000
2026-07-28,3660.0,3703.0,3660.0,3685.0,360900
2026-07-29,3715.0,3794.0,3704.0,3781.0,519300
2026-07-30,3781.0,3797.0,3722.0,3747.0,399700
2026-07-31,3607.0,3672.0,3580.0,3580.0,425100
2026-08-03,3566.0,3599.0,3517.0,3544.0,297300
2026-08-04,3530.0,3558.0,3480.0,3486.0,388200
2026-08-05,3481.0,3500.0,3463.0,3500.0,302100
2026-08-06,3508.0,3644.0,3496.0,3596.0,721400
2026-08-07,3601.0,3668.0,3601.0,3614.0,856900
2026-08-10,3611.0,3642.0,3554.0,3623.0,376700
2026-08-12,3648.0,3650.0,3573.0,3605.0,397100
2026-08-13,3601.0,3615.0,3571.0,3602.0,396300
2026-08-14,3588.0,3662.0,3581.0,3650.0,356200
2026-08-17,3648.0,3659.0,3606.0,3609.0,284100
2026-08-18,3591.0,3635.0,3566.0,3616.0,262900
2026-08-19,3620.0,3620.0,3536.0,3567.0,509000
2026-08-20,3619.0,3634.0,3558.0,3566.0,326500
2026-08-21,3568.0,3591.0,3554.0,3575.0,184300
2026-08-24,3576.0,3590.0,3547.0,3559.0,197400
2026-08-25,3577.0,3587.0,3554.0,3571.0,244900
2026-08-26,3579.0,3615.0,3579.0,3584.0,214200
2026-08-27,3556.0,3618.0,3555.0,3595.0,251700
2026-08-28,3595.0,3631.0,3585.0,3624.0,340000
2026-08-31,3624.0,3641.0,3597.0,3628.0,330900
2026-09-01,3625.0,3693.0,3619.0,3688.0,401200
2026-09-02,3646.0,3655.0,3602.0,3628.0,311300
2026-09-03,3636.0,3653.0,3609.0,3635.0,254800
2026-09-04,3630.0,3635.0,3576.0,3582.0,219700
2026-09-07,3556.0,3569.0,3513.0,3514.0,317200
2026-09-08,3510.0,3517.0,3491.0,3491.0,246100
2026-09-09,3480.0,3484.0,3446.0,3460.0,294200
2026-09-10,3440.0,3459.0,3404.0,3458.0,311500
2026-09-11,3410.0,3439.0,3391.0,3432.0,477200
2026-09-14,3469.0,3515.0,3455.0,3497.0,258500
2026-09-15,3520.0,3521.0,3456.0,3461.0,230200
2026-09-16,3472.0,3487.0,3453.0,3456.0,161900
2026-09-17,3454.0,3500.0,3454.0,3500.0,210800
2026-09-18,3505.0,3511.0,3377.0,3377.0,663800
2026-09-24,3374.0,3467.0,3373.0,3438.0,499100
2026-09-25,3431.0,3450.0,3415.0,3450.0,276200
