Date,Open,High,Low,Close,Volume
2012-10-01,584.0,584.0,573.0,580.0,10920000
2012-10-02,584.0,586.0,576.0,577.0,8569000
2012-10-03,573.0,583.0,571.0,575.0,9715000
2012-10-04,578.0,598.0,578.0,589.0,11229000
2012-10-05,585.0,598.0,585.0,596.0,7955000
2012-10-09,592.0,592.0,576.0,578.0,8456000
2012-10-10,570.0,576.0,565.0,574.0,6013000
2012-10-11,564.0,582.0,564.0,574.0,6070000
2012-10-12,571.0,583.0,571.0,575.0,9521000
2012-10-15,570.0,579.0,565.0,576.0,12094000
2012-10-16,584.0,600.0,582.0,598.0,6949000
2012-10-17,615.0,620.0,611.0,615.0,9939000
2012-10-18,624.0,639.0,623.0,637.0,11838000
2012-10-19,631.0,644.0,629.0,642.0,8296000
2012-10-22,632.0,641.0,626.0,637.0,4722000
2012-10-23,638.0,640.0,625.0,630.0,5603000
2012-10-24,620.0,626.0,617.0,619.0,6727000
2012-10-25,620.0,631.0,615.0,630.0,6276000
2012-10-26,617.0,617.0,594.0,596.0,13247000
2012-10-29,584.0,592.0,583.0,590.0,6772000
2012-10-30,589.0,597.0,575.0,575.0,7385000
2012-10-31,578.0,607.0,577.0,596.0,16094000
2012-11-01,595.0,598.0,582.0,594.0,6223000
2012-11-02,602.0,604.0,591.0,598.0,5823000
2012-11-05,597.0,602.0,592.0,598.0,3689000
2012-11-06,593.0,593.0,581.0,582.0,6615000
2012-11-07,589.0,593.0,585.0,590.0,9105000
2012-11-08,582.0,583.0,575.0,576.0,5556000
2012-11-09,569.0,574.0,568.0,572.0,6292000
2012-11-12,567.0,570.0,562.0,562.0,3986000
2012-11-13,564.0,567.0,557.0,566.0,4562000
2012-11-14,566.0,566.0,557.0,560.0,3378000
2012-11-15,557.0,577.0,557.0,576.0,6615000
2012-11-16,589.0,607.0,587.0,598.0,11280000
2012-11-19,618.0,624.0,612.0,623.0,11589000
2012-11-20,627.0,633.0,619.0,622.0,6705000
2012-11-21,622.0,629.0,616.0,626.0,4920000
2012-11-22,638.0,647.0,637.0,647.0,6694000
2012-11-26,665.0,673.0,656.0,658.0,10929000
2012-11-27,650.0,653.0,636.0,638.0,9598000
2012-11-28,633.0,635.0,621.0,625.0,7733000
2012-11-29,633.0,643.0,631.0,635.0,7078000
2012-11-30,634.0,646.0,622.0,642.0,11022000
2012-12-03,647.0,665.0,645.0,663.0,11507000
2012-12-04,659.0,662.0,652.0,655.0,6161000
2012-12-05,649.0,664.0,647.0,656.0,4622000
2012-12-06,664.0,665.0,657.0,662.0,6133000
2012-12-07,662.0,670.0,662.0,665.0,4019000
2012-12-10,675.0,675.0,658.0,660.0,4588000
2012-12-11,660.0,668.0,660.0,666.0,3838000
2012-12-12,674.0,677.0,671.0,677.0,6999000
2012-12-13,689.0,704.0,688.0,701.0,9369000
2012-12-14,700.0,710.0,696.0,708.0,12859000
2012-12-17,721.0,727.0,716.0,718.0,8394000
2012-12-18,722.0,731.0,719.0,719.0,7924000
2012-12-19,729.0,744.0,726.0,744.0,8690000
2012-12-20,730.0,779.0,727.0,761.0,19585000
2012-12-21,761.0,765.0,736.0,744.0,10130000
2012-12-25,706.0,722.0,700.0,714.0,13939000
2012-12-26,725.0,733.0,716.0,721.0,9892000
2012-12-27,727.0,735.0,722.0,727.0,7846000
2012-12-28,732.0,734.0,725.0,731.0,6755000
2013-01-04,767.0,770.0,751.0,754.0,6207000
2013-01-07,761.0,763.0,746.0,750.0,5566000
2013-01-08,750.0,752.0,741.0,747.0,6960000
2013-01-09,740.0,752.0,731.0,748.0,8020000
2013-01-10,748.0,754.0,745.0,747.0,5483000
2013-01-11,762.0,778.0,760.0,770.0,13321000
2013-01-15,783.0,785.0,769.0,772.0,7038000
2013-01-16,767.0,768.0,745.0,747.0,7875000
2013-01-17,755.0,759.0,734.0,747.0,7319000
2013-01-18,763.0,768.0,758.0,763.0,7808000
2013-01-21,777.0,778.0,760.0,760.0,9618000
2013-01-22,764.0,778.0,750.0,755.0,11860000
2013-01-23,747.0,749.0,742.0,742.0,5379000
2013-01-24,744.0,756.0,739.0,750.0,6483000
2013-01-25,764.0,771.0,760.0,765.0,9910000
2013-01-28,758.0,759.0,730.0,731.0,13191000
2013-01-29,731.0,750.0,731.0,746.0,8031000
2013-01-30,746.0,760.0,744.0,756.0,8508000
2013-01-31,763.0,764.0,749.0,757.0,9432000
2013-02-01,764.0,764.0,747.0,749.0,7435000
2013-02-04,749.0,792.0,747.0,773.0,18961000
2013-02-05,763.0,775.0,760.0,766.0,12573000
2013-02-06,791.0,817.0,788.0,808.0,16420000
2013-02-07,800.0,814.0,796.0,812.0,13190000
2013-02-08,795.0,799.0,787.0,788.0,10750000
2013-02-12,801.0,813.0,797.0,803.0,7455000
2013-02-13,799.0,801.0,775.0,779.0,9759000
2013-02-14,780.0,783.0,767.0,775.0,9559000
2013-02-15,775.0,775.0,758.0,770.0,9771000
2013-02-18,785.0,788.0,778.0,780.0,4888000
2013-02-19,771.0,783.0,761.0,778.0,6385000
2013-02-20,784.0,790.0,781.0,786.0,6940000
2013-02-21,780.0,781.0,770.0,771.0,6510000
2013-02-22,760.0,766.0,745.0,762.0,8505000
2013-02-25,777.0,783.0,773.0,781.0,6130000
2013-02-26,764.0,773.0,763.0,766.0,6482000
2013-02-27,762.0,763.0,740.0,740.0,9104000
2013-02-28,748.0,755.0,746.0,755.0,8432000
2013-03-01,755.0,773.0,754.0,772.0,7812000
2013-03-04,780.0,787.0,770.0,771.0,7903000
2013-03-05,775.0,789.0,773.0,783.0,6575000
2013-03-06,790.0,796.0,789.0,791.0,5531000
2013-03-07,795.0,804.0,792.0,795.0,4709000
2013-03-08,801.0,805.0,798.0,804.0,11878000
2013-03-11,809.0,825.0,808.0,818.0,6142000
2013-03-12,826.0,843.0,814.0,814.0,9588000
2013-03-13,805.0,813.0,801.0,803.0,5837000
2013-03-14,805.0,816.0,791.0,813.0,7310000
2013-03-15,828.0,849.0,824.0,834.0,14206000
2013-03-18,819.0,829.0,812.0,825.0,6274000
2013-03-19,830.0,830.0,821.0,826.0,5621000
2013-03-21,841.0,846.0,830.0,833.0,11751000
2013-03-22,815.0,818.0,794.0,794.0,12530000
2013-03-25,800.0,804.0,789.0,789.0,7796000
2013-03-26,777.0,778.0,759.0,760.0,13305000
2013-03-27,769.0,779.0,764.0,775.0,6245000
2013-03-28,787.0,787.0,757.0,761.0,7515000
2013-03-29,768.0,769.0,755.0,757.0,5225000
2013-04-01,759.0,760.0,740.0,741.0,6962000
2013-04-02,733.0,737.0,711.0,719.0,8851000
2013-04-03,734.0,736.0,727.0,735.0,7069000
2013-04-04,722.0,751.0,720.0,751.0,8649000
2013-04-05,796.0,808.0,786.0,790.0,15821000
2013-04-08,815.0,831.0,803.0,830.0,14561000
2013-04-09,848.0,856.0,835.0,853.0,13675000
2013-04-10,857.0,897.0,855.0,887.0,15550000
2013-04-11,900.0,930.0,898.0,925.0,13454000
2013-04-12,930.0,938.0,902.0,907.0,9834000
2013-04-15,900.0,917.0,896.0,897.0,8104000
2013-04-16,884.0,885.0,864.0,874.0,10784000
2013-04-17,886.0,895.0,879.0,892.0,6434000
2013-04-18,885.0,885.0,859.0,861.0,8774000
2013-04-19,864.0,886.0,852.0,882.0,7344000
2013-04-22,909.0,910.0,896.0,901.0,5174000
2013-04-23,892.0,904.0,888.0,891.0,3884000
2013-04-24,900.0,907.0,894.0,907.0,4173000
2013-04-25,908.0,948.0,902.0,947.0,10518000
2013-04-26,949.0,955.0,925.0,931.0,7197000
2013-04-30,931.0,950.0,920.0,928.0,12862000
2013-05-01,947.0,968.0,947.0,962.0,11720000
2013-05-02,976.0,997.0,966.0,970.0,12768000
2013-05-07,1010.0,1023.0,1004.0,1008.0,8515000
2013-05-08,1012.0,1042.0,1008.0,1036.0,11831000
2013-05-09,1040.0,1043.0,1006.0,1006.0,6361000
2013-05-10,1040.0,1059.0,1037.0,1047.0,8171000
2013-05-13,1070.0,1075.0,1054.0,1070.0,6833000
2013-05-14,1072.0,1109.0,1071.0,1097.0,9182000
2013-05-15,1127.0,1198.0,1127.0,1180.0,12107000
2013-05-16,1197.0,1242.0,1161.0,1175.0,19657000
2013-05-17,1160.0,1182.0,1146.0,1165.0,10511000
2013-05-20,1195.0,1210.0,1190.0,1193.0,9675000
2013-05-21,1180.0,1206.0,1156.0,1183.0,10619000
2013-05-22,1180.0,1188.0,1146.0,1149.0,12097000
2013-05-23,1128.0,1175.0,1042.0,1045.0,19494000
2013-05-24,1100.0,1132.0,1035.0,1098.0,16830000
2013-05-27,1041.0,1050.0,1003.0,1014.0,12768000
2013-05-28,1000.0,1089.0,997.0,1080.0,14828000
2013-05-29,1100.0,1107.0,1040.0,1047.0,10941000
2013-05-30,1020.0,1050.0,985.0,993.0,13733000
2013-05-31,1014.0,1019.0,976.0,977.0,15534000
2013-06-03,965.0,983.0,950.0,950.0,9064000
2013-06-04,944.0,999.0,926.0,993.0,13317000
2013-06-05,998.0,1005.0,946.0,946.0,11581000
2013-06-06,926.0,983.0,926.0,933.0,13027000
2013-06-07,912.0,925.0,858.0,895.0,23667000
2013-06-10,940.0,953.0,927.0,949.0,13074000
2013-06-11,943.0,985.0,934.0,968.0,13034000
2013-06-12,938.0,987.0,928.0,973.0,8262000
2013-06-13,946.0,946.0,903.0,917.0,8328000
2013-06-14,961.0,973.0,945.0,951.0,13565000
2013-06-17,929.0,958.0,922.0,953.0,6704000
2013-06-18,954.0,975.0,946.0,961.0,7501000
2013-06-19,977.0,980.0,951.0,958.0,5982000
2013-06-20,943.0,949.0,920.0,920.0,9310000
2013-06-21,890.0,930.0,878.0,923.0,11717000
2013-06-24,924.0,929.0,870.0,877.0,11187000
2013-06-25,871.0,907.0,868.0,883.0,10471000
2013-06-26,900.0,901.0,868.0,871.0,7928000
2013-06-27,894.0,928.0,883.0,928.0,11556000
2013-06-28,930.0,937.0,920.0,929.0,12465000
2013-07-01,941.0,959.0,928.0,959.0,8008000
2013-07-02,965.0,989.0,959.0,989.0,5916000
2013-07-03,1017.0,1025.0,1008.0,1023.0,9604000
2013-07-04,1018.0,1032.0,999.0,1009.0,6340000
2013-07-05,1028.0,1050.0,1027.0,1048.0,6678000
2013-07-08,1065.0,1070.0,1033.0,1033.0,5536000
2013-07-09,1054.0,1066.0,1040.0,1066.0,5541000
2013-07-10,1066.0,1067.0,1038.0,1046.0,6452000
2013-07-11,1030.0,1063.0,1030.0,1061.0,6435000
2013-07-12,1070.0,1092.0,1066.0,1087.0,8560000
2013-07-16,1096.0,1100.0,1084.0,1092.0,8927000
2013-07-17,1091.0,1100.0,1081.0,1086.0,9467000
2013-07-18,1082.0,1088.0,1063.0,1082.0,49150000
2013-07-19,1090.0,1094.0,1055.0,1065.0,8535000
2013-07-22,1075.0,1079.0,1059.0,1073.0,4279000
2013-07-23,1066.0,1086.0,1057.0,1077.0,3640000
2013-07-24,1066.0,1074.0,1050.0,1057.0,4531000
2013-07-25,1061.0,1064.0,1046.0,1048.0,3580000
2013-07-26,1018.0,1029.0,1014.0,1014.0,6124000
2013-07-29,979.0,1020.0,979.0,1003.0,8117000
2013-07-30,1000.0,1022.0,993.0,1013.0,3553000
2013-07-31,1003.0,1050.0,940.0,953.0,21725000
2013-08-01,952.0,973.0,946.0,964.0,10444000
2013-08-02,989.0,1001.0,966.0,1001.0,9193000
2013-08-05,991.0,1053.0,986.0,1048.0,14544000
2013-08-06,1040.0,1051.0,1020.0,1048.0,5109000
2013-08-07,1023.0,1034.0,1006.0,1006.0,7052000
2013-08-08,989.0,1006.0,966.0,980.0,13178000
2013-08-09,983.0,997.0,978.0,983.0,4696000
2013-08-12,969.0,982.0,961.0,973.0,3482000
2013-08-13,988.0,1022.0,984.0,1021.0,7883000
2013-08-14,1029.0,1044.0,1014.0,1043.0,6672000
2013-08-15,1021.0,1035.0,1010.0,1012.0,3514000
2013-08-16,993.0,1013.0,991.0,1006.0,6308000
2013-08-19,1005.0,1010.0,987.0,1007.0,3759000
2013-08-20,989.0,1004.0,976.0,976.0,5495000
2013-08-21,970.0,985.0,960.0,978.0,5391000
2013-08-22,971.0,992.0,967.0,986.0,5543000
2013-08-23,1010.0,1016.0,997.0,1003.0,4782000
2013-08-26,1002.0,1009.0,991.0,998.0,3171000
2013-08-27,988.0,1010.0,986.0,1003.0,4455000
2013-08-28,961.0,983.0,960.0,977.0,11431000
2013-08-29,974.0,981.0,971.0,974.0,4802000
2013-08-30,1000.0,1007.0,976.0,981.0,9363000
2013-09-02,988.0,1019.0,986.0,1015.0,6977000
2013-09-03,1032.0,1038.0,1029.0,1034.0,5264000
2013-09-04,1016.0,1035.0,1010.0,1032.0,4245000
2013-09-05,1040.0,1040.0,1028.0,1034.0,5905000
2013-09-06,1041.0,1044.0,1017.0,1031.0,5695000
2013-09-09,1050.0,1059.0,1038.0,1043.0,5664000
2013-09-10,1052.0,1056.0,1046.0,1050.0,4287000
2013-09-11,1060.0,1070.0,1052.0,1055.0,4457000
2013-09-12,1055.0,1058.0,1040.0,1055.0,5704000
2013-09-13,1042.0,1067.0,1040.0,1067.0,7222000
2013-09-17,1062.0,1077.0,1053.0,1059.0,4367000
2013-09-18,1072.0,1089.0,1066.0,1079.0,5254000
2013-09-19,1088.0,1089.0,1062.0,1077.0,8151000
2013-09-20,1083.0,1096.0,1078.0,1092.0,6008000
2013-09-24,1074.0,1076.0,1060.0,1063.0,5580000
2013-09-25,1063.0,1067.0,1045.0,1056.0,5908000
2013-09-26,1045.0,1062.0,1037.0,1060.0,6400000
2013-09-27,1055.0,1067.0,1053.0,1059.0,5982000
2013-09-30,1055.0,1056.0,1030.0,1030.0,6782000
2013-10-01,1031.0,1038.0,1023.0,1030.0,6590000
2013-10-02,1031.0,1035.0,1014.0,1020.0,8879000
2013-10-03,1030.0,1038.0,1024.0,1032.0,6224000
2013-10-04,1021.0,1039.0,1020.0,1026.0,5654000
2013-10-07,1026.0,1051.0,1024.0,1027.0,6754000
2013-10-08,1016.0,1030.0,1016.0,1026.0,5282000
2013-10-09,1020.0,1063.0,1019.0,1062.0,6616000
2013-10-10,1050.0,1067.0,1050.0,1054.0,6495000
2013-10-11,1070.0,1084.0,1066.0,1074.0,4912000
2013-10-15,1085.0,1099.0,1075.0,1081.0,6312000
2013-10-16,1076.0,1085.0,1065.0,1070.0,2673000
2013-10-17,1072.0,1083.0,1051.0,1063.0,4795000
2013-10-18,1064.0,1069.0,1054.0,1055.0,4047000
2013-10-21,1055.0,1055.0,1039.0,1041.0,5382000
2013-10-22,1042.0,1051.0,1036.0,1048.0,4206000
2013-10-23,1054.0,1059.0,1030.0,1032.0,4316000
2013-10-24,1023.0,1042.0,1014.0,1041.0,5163000
2013-10-25,1041.0,1042.0,1018.0,1025.0,6001000
2013-10-28,1038.0,1066.0,1036.0,1063.0,5640000
2013-10-29,1049.0,1064.0,1047.0,1049.0,4017000
2013-10-30,1060.0,1068.0,1052.0,1064.0,4602000
2013-10-31,1068.0,1098.0,1061.0,1075.0,14693000
2013-11-01,1079.0,1095.0,1053.0,1060.0,7006000
2013-11-05,1082.0,1091.0,1063.0,1073.0,6832000
2013-11-06,1069.0,1090.0,1068.0,1089.0,5470000
2013-11-07,1095.0,1100.0,1086.0,1092.0,5900000
2013-11-08,1083.0,1090.0,1077.0,1085.0,4032000
2013-11-11,1098.0,1099.0,1072.0,1079.0,4918000
2013-11-12,1085.0,1100.0,1080.0,1100.0,5896000
2013-11-13,1095.0,1100.0,1081.0,1085.0,5429000
2013-11-14,1088.0,1098.0,1081.0,1094.0,5855000
2013-11-15,1100.0,1134.0,1098.0,1132.0,12000000
2013-11-18,1150.0,1153.0,1134.0,1137.0,7905000
2013-11-19,1142.0,1152.0,1130.0,1141.0,6746000
2013-11-20,1144.0,1148.0,1133.0,1135.0,3766000
2013-11-21,1143.0,1160.0,1132.0,1160.0,6012000
2013-11-22,1190.0,1194.0,1179.0,1186.0,9432000
2013-11-25,1199.0,1205.0,1185.0,1198.0,9400000
2013-11-26,1188.0,1197.0,1177.0,1191.0,5243000
2013-11-27,1180.0,1190.0,1179.0,1183.0,4595000
2013-11-28,1186.0,1193.0,1183.0,1193.0,4637000
2013-11-29,1176.0,1187.0,1167.0,1183.0,5920000
2013-12-02,1177.0,1191.0,1173.0,1179.0,4134000
2013-12-03,1185.0,1197.0,1175.0,1188.0,6116000
2013-12-04,1170.0,1175.0,1154.0,1159.0,5531000
2013-12-05,1159.0,1169.0,1140.0,1142.0,6597000
2013-12-06,1135.0,1167.0,1133.0,1165.0,5364000
2013-12-09,1181.0,1189.0,1177.0,1189.0,5682000
2013-12-10,1189.0,1208.0,1183.0,1206.0,9319000
2013-12-11,1203.0,1231.0,1200.0,1228.0,14969000
2013-12-12,1228.0,1248.0,1208.0,1224.0,15030000
2013-12-13,1220.0,1242.0,1214.0,1227.0,13675000
2013-12-16,1220.0,1225.0,1197.0,1203.0,5739000
2013-12-17,1220.0,1238.0,1216.0,1224.0,5601000
2013-12-18,1218.0,1256.0,1217.0,1254.0,10097000
2013-12-19,1275.0,1295.0,1268.0,1275.0,9064000
2013-12-20,1279.0,1282.0,1257.0,1271.0,7305000
2013-12-24,1275.0,1282.0,1257.0,1262.0,5242000
2013-12-25,1262.0,1263.0,1250.0,1255.0,4810000
2013-12-26,1267.0,1290.0,1263.0,1284.0,4154000
2013-12-27,1286.0,1295.0,1278.0,1295.0,3169000
2013-12-30,1300.0,1320.0,1297.0,1320.0,6112000
2014-01-06,1302.0,1321.0,1300.0,1311.0,6718000
2014-01-07,1305.0,1307.0,1290.0,1297.0,4955000
2014-01-08,1304.0,1344.0,1304.0,1343.0,6718000
2014-01-09,1350.0,1350.0,1330.0,1337.0,7110000
2014-01-10,1321.0,1327.0,1307.0,1325.0,7290000
2014-01-14,1296.0,1298.0,1280.0,1288.0,8653000
2014-01-15,1308.0,1324.0,1297.0,1309.0,8398000
2014-01-16,1303.0,1309.0,1287.0,1290.0,8471000
2014-01-17,1292.0,1298.0,1276.0,1287.0,7861000
2014-01-20,1305.0,1319.0,1291.0,1313.0,6694000
2014-01-21,1306.0,1314.0,1295.0,1295.0,6348000
2014-01-22,1314.0,1333.0,1305.0,1317.0,8570000
2014-01-23,1329.0,1350.0,1319.0,1319.0,7863000
2014-01-24,1286.0,1292.0,1262.0,1269.0,9496000
2014-01-27,1218.0,1237.0,1217.0,1220.0,8554000
2014-01-28,1220.0,1238.0,1212.0,1219.0,6620000
2014-01-29,1252.0,1269.0,1242.0,1268.0,4906000
2014-01-30,1216.0,1231.0,1186.0,1194.0,10755000
2014-01-31,1214.0,1217.0,1178.0,1178.0,7121000
2014-02-03,1164.0,1203.0,1145.0,1189.0,13855000
2014-02-04,1129.0,1145.0,1104.0,1107.0,11898000
2014-02-05,1167.0,1167.0,1135.0,1140.0,9726000
2014-02-06,1148.0,1158.0,1144.0,1145.0,7143000
2014-02-07,1172.0,1190.0,1152.0,1188.0,7284000
2014-02-10,1204.0,1211.0,1192.0,1208.0,7434000
2014-02-12,1220.0,1247.0,1219.0,1240.0,6573000
2014-02-13,1248.0,1248.0,1201.0,1207.0,6150000
2014-02-14,1230.0,1245.0,1196.0,1221.0,11307000
2014-02-17,1219.0,1225.0,1194.0,1210.0,5875000
2014-02-18,1223.0,1245.0,1209.0,1237.0,6278000
2014-02-19,1229.0,1229.0,1199.0,1203.0,9193000
2014-02-20,1188.0,1199.0,1152.0,1161.0,10575000
2014-02-21,1181.0,1206.0,1180.0,1204.0,6366000
2014-02-24,1205.0,1216.0,1181.0,1196.0,6140000
2014-02-25,1200.0,1214.0,1197.0,1203.0,6680000
2014-02-26,1191.0,1198.0,1173.0,1173.0,6580000
2014-02-27,1172.0,1197.0,1162.0,1186.0,7136000
2014-02-28,1199.0,1215.0,1193.0,1205.0,8487000
2014-03-03,1188.0,1188.0,1158.0,1180.0,6192000
2014-03-04,1172.0,1207.0,1165.0,1202.0,5036000
2014-03-05,1227.0,1229.0,1213.0,1219.0,5551000
2014-03-06,1215.0,1243.0,1213.0,1242.0,6059000
2014-03-07,1251.0,1268.0,1245.0,1258.0,5915000
2014-03-10,1254.0,1263.0,1241.0,1246.0,4225000
2014-03-11,1250.0,1256.0,1243.0,1248.0,4030000
2014-03-12,1220.0,1227.0,1206.0,1208.0,7735000
2014-03-13,1200.0,1217.0,1199.0,1202.0,4188000
2014-03-14,1176.0,1178.0,1143.0,1146.0,10709000
2014-03-17,1131.0,1135.0,1102.0,1113.0,7820000
2014-03-18,1168.0,1170.0,1141.0,1147.0,6675000
2014-03-19,1155.0,1161.0,1133.0,1135.0,7780000
2014-03-20,1145.0,1146.0,1113.0,1115.0,7857000
2014-03-24,1123.0,1148.0,1120.0,1143.0,9341000
2014-03-25,1150.0,1155.0,1135.0,1138.0,7389000
2014-03-26,1145.0,1150.0,1136.0,1143.0,6847000
2014-03-27,1142.0,1145.0,1118.0,1137.0,9535000
2014-03-28,1137.0,1146.0,1118.0,1140.0,7634000
2014-03-31,1163.0,1166.0,1152.0,1162.0,6304000
2014-04-01,1185.0,1194.0,1170.0,1193.0,8203000
2014-04-02,1201.0,1211.0,1196.0,1205.0,8319000
2014-04-03,1217.0,1226.0,1212.0,1220.0,7586000
2014-04-04,1209.0,1216.0,1203.0,1211.0,4089000
2014-04-07,1200.0,1214.0,1187.0,1191.0,5179000
2014-04-08,1171.0,1181.0,1165.0,1169.0,4300000
2014-04-09,1139.0,1142.0,1118.0,1119.0,8773000
2014-04-10,1145.0,1150.0,1123.0,1133.0,5298000
2014-04-11,1099.0,1110.0,1093.0,1104.0,7271000
2014-04-14,1099.0,1119.0,1097.0,1107.0,4921000
2014-04-15,1128.0,1128.0,1108.0,1111.0,4428000
2014-04-16,1125.0,1156.0,1124.0,1156.0,5581000
2014-04-17,1160.0,1178.0,1151.0,1156.0,6834000
2014-04-18,1157.0,1161.0,1148.0,1160.0,2875000
2014-04-21,1169.0,1179.0,1158.0,1163.0,2439000
2014-04-22,1165.0,1171.0,1139.0,1140.0,3452000
2014-04-23,1148.0,1157.0,1144.0,1153.0,2903000
2014-04-24,1164.0,1164.0,1129.0,1139.0,3975000
2014-04-25,1124.0,1151.0,1120.0,1128.0,5087000
2014-04-28,1114.0,1155.0,1095.0,1128.0,11841000
2014-04-30,1170.0,1175.0,1153.0,1163.0,8786000
2014-05-01,1176.0,1217.0,1174.0,1213.0,9327000
2014-05-02,1203.0,1210.0,1194.0,1205.0,5763000
2014-05-07,1186.0,1187.0,1157.0,1157.0,8081000
2014-05-08,1165.0,1194.0,1162.0,1181.0,6080000
2014-05-09,1175.0,1205.0,1171.0,1196.0,5920000
2014-05-12,1188.0,1204.0,1182.0,1182.0,4065000
2014-05-13,1212.0,1217.0,1189.0,1200.0,4704000
2014-05-14,1194.0,1205.0,1184.0,1193.0,4771000
2014-05-15,1180.0,1193.0,1172.0,1191.0,5148000
2014-05-16,1174.0,1174.0,1145.0,1153.0,6889000
2014-05-19,1141.0,1143.0,1113.0,1113.0,7663000
2014-05-20,1102.0,1110.0,1084.0,1085.0,9776000
2014-05-21,1083.0,1109.0,1083.0,1098.0,7378000
2014-05-22,1105.0,1137.0,1105.0,1128.0,6546000
2014-05-23,1150.0,1169.0,1146.0,1159.0,7448000
2014-05-26,1181.0,1189.0,1172.0,1180.0,5541000
2014-05-27,1179.0,1186.0,1163.0,1164.0,7251000
2014-05-28,1168.0,1179.0,1166.0,1173.0,3989000
2014-05-29,1173.0,1192.0,1167.0,1188.0,5208000
2014-05-30,1191.0,1194.0,1181.0,1181.0,5716000
2014-06-02,1197.0,1212.0,1194.0,1210.0,4861000
2014-06-03,1245.0,1245.0,1216.0,1217.0,6470000
2014-06-04,1224.0,1240.0,1222.0,1238.0,6084000
2014-06-05,1243.0,1248.0,1234.0,1243.0,4656000
2014-06-06,1249.0,1253.0,1240.0,1248.0,6453000
2014-06-09,1260.0,1264.0,1236.0,1237.0,6717000
2014-06-10,1242.0,1246.0,1219.0,1226.0,5461000
2014-06-11,1226.0,1230.0,1216.0,1226.0,6828000
2014-06-12,1206.0,1207.0,1187.0,1207.0,8384000
2014-06-13,1182.0,1216.0,1178.0,1212.0,9937000
2014-06-16,1203.0,1211.0,1195.0,1208.0,5241000
2014-06-17,1219.0,1222.0,1205.0,1209.0,5425000
2014-06-18,1211.0,1238.0,1211.0,1236.0,4752000
2014-06-19,1243.0,1277.0,1243.0,1274.0,9055000
2014-06-20,1293.0,1299.0,1282.0,1289.0,8345000
2014-06-23,1281.0,1290.0,1279.0,1283.0,3722000
2014-06-24,1287.0,1295.0,1272.0,1294.0,4439000
2014-06-25,1280.0,1289.0,1271.0,1274.0,5035000
2014-06-26,1283.0,1283.0,1262.0,1268.0,5273000
2014-06-27,1280.0,1281.0,1247.0,1257.0,8045000
2014-06-30,1260.0,1261.0,1245.0,1250.0,5156000
2014-07-01,1260.0,1305.0,1255.0,1301.0,8991000
2014-07-02,1311.0,1316.0,1300.0,1302.0,4729000
2014-07-03,1295.0,1298.0,1286.0,1291.0,12218000
2014-07-04,1293.0,1301.0,1284.0,1290.0,7618000
2014-07-07,1286.0,1287.0,1278.0,1282.0,4194000
2014-07-08,1277.0,1291.0,1270.0,1286.0,5387000
2014-07-09,1270.0,1287.0,1270.0,1284.0,5014000
2014-07-10,1292.0,1294.0,1271.0,1274.0,5864000
2014-07-11,1262.0,1277.0,1258.0,1269.0,4682000
2014-07-14,1273.0,1293.0,1273.0,1291.0,3022000
2014-07-15,1299.0,1309.0,1293.0,1297.0,4006000
2014-07-16,1300.0,1306.0,1294.0,1294.0,3198000
2014-07-17,1299.0,1318.0,1299.0,1311.0,5740000
2014-07-18,1295.0,1305.0,1289.0,1299.0,4208000
2014-07-22,1315.0,1336.5,1312.5,1336.0,6226000
2014-07-23,1343.0,1356.0,1341.0,1353.5,7308000
2014-07-24,1359.5,1374.0,1351.5,1358.0,6380000
2014-07-25,1359.0,1367.5,1346.0,1364.5,5134000
2014-07-28,1356.0,1365.0,1348.5,1357.0,3777000
2014-07-29,1357.0,1364.5,1349.0,1357.5,3248000
2014-07-30,1372.0,1412.5,1370.0,1404.0,13012000
2014-07-31,1429.0,1432.0,1375.0,1376.0,8549000
2014-08-01,1356.5,1384.0,1352.5,1356.5,7288000
2014-08-04,1350.0,1361.0,1341.5,1343.5,5706000
2014-08-05,1356.0,1357.0,1319.0,1321.0,5435000
2014-08-06,1308.0,1314.0,1296.0,1306.0,7212000
2014-08-07,1319.0,1325.0,1290.5,1308.0,6082000
2014-08-08,1297.0,1298.0,1257.5,1265.5,6548000
2014-08-11,1295.5,1299.0,1278.5,1295.5,3251000
2014-08-12,1307.0,1314.5,1300.5,1310.0,3559000
2014-08-13,1310.0,1318.0,1302.0,1315.5,3329000
2014-08-14,1328.0,1344.0,1327.0,1339.0,3943000
2014-08-15,1330.5,1335.0,1317.5,1323.0,4018000
2014-08-18,1325.5,1327.5,1316.0,1319.0,3059000
2014-08-19,1335.5,1339.0,1320.0,1325.5,3864000
2014-08-20,1338.0,1338.0,1320.0,1322.5,3389000
2014-08-21,1330.0,1338.0,1325.5,1337.0,3417000
2014-08-22,1345.0,1345.0,1313.5,1317.0,4311000
2014-08-25,1330.0,1344.0,1321.0,1341.5,2942000
2014-08-26,1344.0,1350.0,1328.0,1328.5,2972000
2014-08-27,1329.0,1334.5,1313.0,1318.5,4728000
2014-08-28,1305.0,1308.5,1298.0,1301.5,5087000
2014-08-29,1298.0,1313.0,1297.0,1302.0,3854000
2014-09-01,1300.0,1316.0,1300.0,1315.5,2513000
2014-09-02,1320.5,1358.0,1319.5,1355.0,5752000
2014-09-03,1365.0,1371.5,1356.5,1360.5,5125000
2014-09-04,1355.0,1358.0,1344.5,1347.0,2788000
2014-09-05,1355.0,1357.0,1341.0,1343.0,4195000
2014-09-08,1367.0,1375.0,1355.5,1371.0,4528000
2014-09-09,1383.5,1405.5,1379.0,1401.5,7623000
2014-09-10,1392.0,1405.5,1388.0,1404.0,5481000
2014-09-11,1412.0,1412.0,1385.0,1387.0,7735000
2014-09-12,1385.0,1397.5,1377.5,1382.5,10600000
2014-09-16,1373.5,1390.0,1370.0,1386.5,6333000
2014-09-17,1387.0,1394.0,1377.0,1377.5,4004000
2014-09-18,1400.0,1417.5,1395.5,1410.0,7026000
2014-09-19,1419.0,1438.5,1412.0,1430.5,8897000
2014-09-22,1424.0,1427.5,1411.0,1419.5,3889000
2014-09-24,1414.0,1424.0,1403.5,1411.0,4950000
2014-09-25,1424.5,1456.0,1420.5,1456.0,7664000
2014-09-26,1429.0,1458.0,1427.5,1455.0,6658000
2014-09-29,1501.0,1506.0,1466.5,1484.5,9376000
2014-09-30,1470.0,1470.0,1436.0,1460.5,8929000
2014-10-01,1453.0,1458.5,1431.0,1432.0,6759000
2014-10-02,1405.0,1421.0,1392.0,1396.5,7735000
2014-10-03,1382.5,1395.5,1373.5,1388.5,7444000
2014-10-06,1418.5,1426.0,1413.5,1415.0,6303000
2014-10-07,1410.0,1410.0,1391.5,1393.5,5807000
2014-10-08,1349.5,1359.5,1343.0,1349.0,10669000
2014-10-09,1355.0,1358.0,1324.5,1325.0,8001000
2014-10-10,1290.0,1295.0,1271.0,1289.0,12220000
2014-10-14,1250.0,1278.0,1250.0,1263.0,8866000
2014-10-15,1273.5,1276.0,1252.0,1275.5,7981000
2014-10-16,1248.0,1275.5,1242.0,1261.5,9487000
2014-10-17,1257.5,1263.5,1222.5,1224.0,8650000
2014-10-20,1272.0,1304.0,1266.5,1301.0,8506000
2014-10-21,1310.0,1312.0,1259.0,1264.0,6275000
2014-10-22,1290.0,1313.5,1283.5,1311.0,5526000
2014-10-23,1308.0,1323.5,1296.0,1312.5,4316000
2014-10-24,1342.5,1343.5,1319.5,1332.0,5754000
2014-10-27,1340.0,1345.5,1322.0,1328.5,5090000
2014-10-28,1335.5,1335.5,1309.5,1314.5,5200000
2014-10-29,1335.0,1354.5,1331.0,1344.5,7904000
2014-10-30,1350.0,1380.0,1343.0,1345.5,12445000
2014-10-31,1374.5,1404.5,1366.5,1396.5,13391000
2014-11-04,1511.5,1511.5,1441.0,1454.5,14716000
2014-11-05,1452.0,1465.0,1439.0,1450.0,9297000
2014-11-06,1448.0,1453.0,1427.5,1430.0,9106000
2014-11-07,1447.0,1453.5,1430.0,1435.0,6527000
2014-11-10,1427.0,1439.5,1425.0,1436.5,4139000
2014-11-11,1434.0,1444.5,1427.0,1443.0,9082000
2014-11-12,1450.0,1454.5,1424.5,1428.0,9214000
2014-11-13,1424.0,1431.0,1408.0,1428.0,6692000
2014-11-14,1454.0,1454.0,1418.5,1431.5,7243000
2014-11-17,1422.0,1425.5,1390.0,1395.0,7405000
2014-11-18,1423.0,1432.0,1408.0,1416.0,9682000
2014-11-19,1416.5,1446.5,1415.0,1417.5,7431000
2014-11-20,1430.0,1431.5,1419.0,1423.0,4657000
2014-11-21,1418.0,1419.5,1384.5,1401.5,9503000
2014-11-25,1427.0,1427.5,1412.5,1421.5,7832000
2014-11-26,1419.5,1431.0,1412.5,1425.5,5818000
2014-11-27,1420.0,1425.0,1401.0,1401.0,6650000
2014-11-28,1402.5,1428.0,1402.5,1426.5,6251000
2014-12-01,1442.5,1453.5,1433.0,1438.5,6391000
2014-12-02,1439.0,1450.0,1430.5,1446.5,5404000
2014-12-03,1456.0,1483.5,1401.5,1454.0,13144000
2014-12-04,1471.0,1477.5,1458.0,1464.0,6424000
2014-12-05,1464.5,1503.5,1453.5,1499.5,8698000
2014-12-08,1511.0,1519.5,1497.0,1510.5,7740000
2014-12-09,1505.0,1531.5,1500.5,1510.5,10115000
2014-12-10,1550.0,1550.0,1449.0,1464.5,12504000
2014-12-11,1420.5,1444.5,1413.0,1440.0,7504000
2014-12-12,1430.0,1464.0,1430.0,1445.0,12345000
2014-12-15,1417.5,1426.5,1400.0,1403.0,7207000
2014-12-16,1390.0,1409.0,1380.5,1381.0,9366000
2014-12-17,1380.0,1403.5,1375.5,1392.0,9588000
2014-12-18,1445.0,1455.0,1409.0,1412.0,8754000
2014-12-19,1449.0,1453.0,1431.5,1453.0,5619000
2014-12-22,1468.0,1469.5,1444.5,1453.5,5860000
2014-12-24,1474.0,1487.0,1470.5,1476.5,4627000
2014-12-25,1476.0,1480.0,1467.0,1472.5,2471000
2014-12-26,1476.5,1483.5,1471.0,1480.0,2387000
2014-12-29,1485.0,1489.5,1459.0,1484.0,4813000
2014-12-30,1482.0,1482.0,1445.5,1446.0,4977000
2015-01-05,1434.5,1449.5,1421.5,1441.5,5725000
2015-01-06,1418.5,1420.5,1403.0,1403.5,7064000
2015-01-07,1392.5,1406.5,1392.0,1396.5,5098000
2015-01-08,1421.0,1438.5,1411.0,1415.0,7699000
2015-01-09,1426.0,1434.0,1406.5,1414.0,6274000
2015-01-13,1380.0,1386.5,1351.5,1385.5,8796000
2015-01-14,1366.0,1369.5,1340.0,1350.5,8924000
2015-01-15,1345.5,1367.0,1335.5,1363.0,9038000
2015-01-16,1340.0,1375.0,1337.0,1375.0,11267000
2015-01-19,1387.0,1396.0,1367.5,1379.5,5714000
2015-01-20,1376.0,1378.5,1365.0,1378.5,10050000
2015-01-21,1369.5,1373.5,1354.5,1365.5,8170000
2015-01-22,1358.5,1366.0,1343.5,1366.0,6444000
2015-01-23,1380.5,1391.0,1375.5,1388.0,5320000
2015-01-26,1371.5,1388.5,1363.5,1384.0,4562000
2015-01-27,1399.5,1407.0,1392.5,1405.0,7149000
2015-01-28,1376.5,1380.5,1366.5,1369.5,13054000
2015-01-29,1359.0,1375.0,1352.5,1362.5,9154000
2015-01-30,1380.0,1390.0,1364.0,1376.5,8463000
2015-02-02,1350.0,1404.0,1335.0,1384.0,11486000
2015-02-03,1381.5,1399.0,1326.0,1332.0,13866000
2015-02-04,1360.0,1368.5,1334.5,1340.0,12135000
2015-02-05,1330.0,1340.0,1303.0,1307.5,10350000
2015-02-06,1318.5,1327.0,1307.0,1317.5,6340000
2015-02-09,1332.5,1333.0,1298.0,1304.5,9668000
2015-02-10,1308.5,1316.0,1291.5,1300.5,8586000
2015-02-12,1326.0,1333.0,1316.5,1326.0,9388000
2015-02-13,1337.0,1358.5,1333.5,1353.0,10305000
2015-02-16,1371.0,1372.0,1328.0,1332.0,7204000
2015-02-17,1323.0,1335.5,1315.5,1331.0,7177000
2015-02-18,1356.0,1373.0,1349.5,1369.5,8174000
2015-02-19,1377.0,1384.5,1370.0,1371.0,6101000
2015-02-20,1368.0,1370.5,1354.0,1357.0,8016000
2015-02-23,1374.0,1378.5,1362.0,1367.5,6118000
2015-02-24,1368.0,1368.0,1361.0,1363.5,5115000
2015-02-25,1377.5,1381.0,1370.5,1378.0,8393000
2015-02-26,1379.5,1395.0,1375.0,1394.5,7077000
2015-02-27,1406.0,1408.0,1389.5,1401.0,7819000
2015-03-02,1411.0,1419.0,1386.5,1391.5,6067000
2015-03-03,1405.0,1409.0,1390.5,1393.0,8781000
2015-03-04,1384.0,1384.0,1359.0,1371.5,7849000
2015-03-05,1382.5,1394.5,1381.0,1394.0,6608000
2015-03-06,1399.0,1401.0,1384.5,1394.5,6818000
2015-03-09,1379.0,1397.5,1373.5,1397.0,7905000
2015-03-10,1397.5,1403.5,1376.0,1385.5,6153000
2015-03-11,1370.0,1390.0,1369.5,1382.0,4384000
2015-03-12,1377.0,1407.0,1377.0,1401.5,7961000
2015-03-13,1409.0,1419.0,1400.5,1412.0,10639000
2015-03-16,1415.0,1418.5,1407.0,1408.0,4236000
2015-03-17,1410.5,1439.0,1409.0,1431.5,8469000
2015-03-18,1450.0,1455.0,1428.0,1446.5,8365000
2015-03-19,1434.5,1456.0,1422.5,1431.5,7518000
2015-03-20,1462.0,1465.0,1442.0,1461.5,8796000
2015-03-23,1470.0,1474.0,1453.0,1461.0,5120000
2015-03-24,1455.0,1460.0,1450.0,1457.0,5053000
2015-03-25,1451.0,1463.5,1451.0,1462.0,5795000
2015-03-26,1456.0,1460.0,1442.0,1451.5,5601000
2015-03-27,1450.0,1460.0,1417.0,1430.0,7210000
2015-03-30,1441.0,1441.5,1421.0,1435.0,4746000
2015-03-31,1435.5,1449.0,1428.5,1428.5,7657000
2015-04-01,1420.0,1432.0,1412.0,1420.5,8189000
2015-04-02,1432.0,1457.0,1427.5,1447.5,6347000
2015-04-03,1453.0,1473.5,1451.5,1467.5,6385000
2015-04-06,1452.5,1458.0,1445.0,1454.0,3622000
2015-04-07,1473.5,1503.0,1470.0,1494.5,9026000
2015-04-08,1509.0,1518.5,1504.0,1504.5,8298000
2015-04-09,1513.5,1522.0,1507.0,1520.0,5794000
2015-04-10,1520.0,1524.0,1508.0,1512.0,6814000
2015-04-13,1510.5,1515.0,1502.0,1509.5,4514000
2015-04-14,1500.0,1505.5,1493.0,1500.0,5800000
2015-04-15,1503.0,1520.0,1500.0,1514.5,5877000
2015-04-16,1511.5,1520.0,1505.0,1520.0,4649000
2015-04-17,1525.0,1529.0,1513.0,1518.5,6988000
2015-04-20,1513.0,1524.5,1500.0,1514.5,4797000
2015-04-21,1540.0,1574.0,1539.0,1567.0,12741000
2015-04-22,1567.0,1583.5,1566.5,1578.5,7326000
2015-04-23,1582.0,1594.5,1580.0,1588.5,6331000
2015-04-24,1581.0,1584.0,1568.5,1574.5,5307000
2015-04-27,1554.0,1572.5,1550.0,1572.5,6680000
2015-04-28,1556.0,1623.5,1556.0,1582.0,12445000
2015-04-30,1650.0,1651.5,1562.0,1564.0,12679000
2015-05-01,1562.0,1574.0,1535.0,1551.0,6333000
2015-05-07,1543.5,1571.0,1543.0,1546.5,9579000
2015-05-08,1538.5,1570.5,1538.0,1565.0,6753000
2015-05-11,1598.0,1601.0,1586.5,1594.5,6398000
2015-05-12,1602.0,1608.0,1570.0,1578.5,7897000
2015-05-13,1560.0,1594.0,1560.0,1580.5,6611000
2015-05-14,1580.0,1596.5,1577.0,1587.0,4409000
2015-05-15,1599.0,1602.5,1577.5,1589.0,3797000
2015-05-18,1596.5,1631.0,1589.5,1628.5,6182000
2015-05-19,1650.0,1658.0,1626.0,1637.5,8915000
2015-05-20,1653.5,1657.5,1643.0,1654.5,6237000
2015-05-21,1663.5,1682.0,1647.0,1655.5,6380000
2015-05-22,1650.0,1667.5,1638.0,1665.0,5035000
2015-05-25,1667.5,1673.5,1656.5,1671.5,4181000
2015-05-26,1673.5,1678.0,1658.0,1671.5,4319000
2015-05-27,1673.5,1679.5,1664.0,1679.0,5104000
2015-05-28,1693.0,1718.0,1692.0,1707.5,7305000
2015-05-29,1700.0,1709.5,1682.0,1705.0,8361000
2015-06-01,1702.5,1702.5,1681.5,1693.0,4341000
2015-06-02,1711.0,1713.0,1690.0,1691.5,4457000
2015-06-03,1684.0,1699.5,1680.0,1694.0,3564000
2015-06-04,1694.0,1694.0,1682.0,1686.5,5571000
2015-06-05,1671.0,1679.0,1658.5,1671.5,5669000
2015-06-08,1675.0,1682.5,1662.0,1674.5,4105000
2015-06-09,1672.0,1674.0,1651.0,1654.0,5672000
2015-06-10,1645.5,1688.0,1645.5,1667.0,10463000
2015-06-11,1683.0,1695.0,1671.0,1679.0,6822000
2015-06-12,1694.5,1694.5,1673.5,1684.0,8854000
2015-06-15,1666.0,1685.5,1661.5,1682.0,3410000
2015-06-16,1691.0,1696.5,1671.0,1677.5,4956000
2015-06-17,1668.5,1676.0,1652.0,1657.5,5626000
2015-06-18,1656.0,1656.5,1614.5,1614.5,6965000
2015-06-19,1618.0,1633.5,1613.0,1627.5,9539000
2015-06-22,1627.0,1635.0,1613.0,1619.5,8576000
2015-06-23,1619.5,1649.0,1601.0,1647.5,7569000
2015-06-24,1657.5,1672.0,1647.0,1648.5,5845000
2015-06-25,1627.0,1642.0,1625.0,1633.0,4845000
2015-06-26,1631.0,1636.0,1615.0,1632.5,4049000
2015-06-29,1593.0,1599.5,1580.0,1586.0,5053000
2015-06-30,1603.5,1605.0,1573.5,1582.0,6582000
2015-07-01,1589.5,1592.5,1577.0,1586.0,4329000
2015-07-02,1590.0,1598.5,1577.5,1581.5,5932000
2015-07-03,1575.0,1577.5,1544.0,1571.0,8157000
2015-07-06,1547.0,1563.0,1534.0,1542.0,6024000
2015-07-07,1572.5,1576.5,1555.5,1559.0,4805000
2015-07-08,1537.5,1544.5,1500.5,1500.5,8053000
2015-07-09,1455.5,1483.0,1423.0,1480.0,12625000
2015-07-10,1491.0,1497.0,1466.0,1470.5,8548000
2015-07-13,1485.0,1494.0,1468.5,1475.0,6445000
2015-07-14,1512.5,1524.0,1508.0,1521.0,7084000
2015-07-15,1537.0,1539.5,1507.0,1516.5,7321000
2015-07-16,1526.5,1526.5,1495.0,1503.0,6791000
2015-07-17,1500.5,1509.0,1489.5,1499.0,5197000
2015-07-21,1520.0,1535.0,1509.5,1532.5,6944000
2015-07-22,1520.0,1527.0,1505.0,1506.0,5775000
2015-07-23,1505.0,1507.5,1488.5,1497.0,5039000
2015-07-24,1477.5,1481.5,1460.0,1464.5,7302000
2015-07-27,1470.0,1481.5,1456.0,1476.5,8086000
2015-07-28,1451.0,1487.5,1448.0,1478.0,8146000
2015-07-29,1448.0,1465.0,1415.0,1456.5,12004000
2015-07-30,1455.5,1499.0,1345.5,1374.0,18741000
2015-07-31,1305.5,1335.0,1288.5,1333.5,22367000
2015-08-03,1344.0,1344.0,1330.0,1331.0,13444000
2015-08-04,1320.0,1323.0,1305.5,1317.0,10453000
2015-08-05,1316.0,1336.5,1293.0,1325.0,10599000
2015-08-06,1321.5,1334.0,1315.5,1318.0,9051000
2015-08-07,1315.0,1343.5,1312.0,1339.5,8516000
2015-08-10,1330.0,1340.5,1320.5,1340.5,7927000
2015-08-11,1352.0,1361.0,1340.5,1352.5,7864000
2015-08-12,1342.5,1369.5,1327.5,1341.0,8961000
2015-08-13,1350.0,1388.5,1350.0,1381.0,15154000
2015-08-14,1381.0,1385.0,1365.0,1370.5,8503000
2015-08-17,1370.0,1371.0,1337.5,1348.0,7697000
2015-08-18,1352.0,1375.5,1346.5,1366.5,5907000
2015-08-19,1350.0,1361.0,1324.0,1324.0,7467000
2015-08-20,1312.0,1313.5,1286.5,1293.5,10844000
2015-08-21,1248.0,1268.0,1238.5,1244.5,12943000
2015-08-24,1198.0,1234.5,1194.5,1194.5,11973000
2015-08-25,1143.0,1213.0,1122.0,1146.5,14326000
2015-08-26,1140.0,1181.0,1133.0,1174.5,14427000
2015-08-27,1210.0,1219.5,1178.0,1180.0,8955000
2015-08-28,1215.0,1252.5,1214.0,1234.0,8011000
2015-08-31,1230.0,1232.0,1196.5,1211.0,6201000
2015-09-01,1195.5,1196.0,1154.0,1154.0,7514000
2015-09-02,1127.5,1150.0,1116.0,1124.5,10419000
2015-09-03,1140.0,1166.0,1127.0,1145.0,9265000
2015-09-04,1140.0,1144.0,1107.0,1123.0,8841000
2015-09-07,1119.0,1148.5,1103.0,1137.5,7544000
2015-09-08,1130.5,1142.5,1123.0,1126.5,7127000
2015-09-09,1173.0,1206.5,1169.5,1206.5,8874000
2015-09-10,1183.5,1200.5,1175.0,1198.0,6840000
2015-09-11,1145.0,1159.0,1142.5,1150.5,15465000
2015-09-14,1169.0,1169.0,1144.5,1148.5,4787000
2015-09-15,1143.0,1160.0,1133.5,1147.5,6811000
2015-09-16,1165.0,1186.0,1160.0,1178.0,5861000
2015-09-17,1189.0,1205.5,1179.5,1198.0,7795000
2015-09-18,1180.0,1183.0,1159.5,1169.0,8075000
2015-09-24,1145.0,1147.5,1098.5,1098.5,14734000
2015-09-25,1112.5,1131.0,1102.5,1131.0,8853000
2015-09-28,1152.0,1155.0,1114.0,1117.0,5825000
2015-09-29,1099.0,1099.0,1063.0,1063.0,7369000
2015-09-30,1084.0,1098.5,1080.0,1090.0,6075000
2015-10-01,1111.5,1172.5,1111.5,1152.5,9555000
2015-10-02,1140.0,1154.5,1125.0,1150.0,5393000
2015-10-05,1167.0,1176.5,1152.0,1165.5,4646000
2015-10-06,1171.5,1195.0,1162.5,1166.5,8862000
2015-10-07,1162.0,1198.0,1157.0,1192.5,7873000
2015-10-08,1199.0,1232.5,1192.0,1215.0,8661000
2015-10-09,1225.5,1254.5,1223.0,1254.5,9080000
2015-10-13,1257.5,1258.5,1227.0,1241.5,6330000
2015-10-14,1221.0,1225.0,1199.0,1211.0,9543000
2015-10-15,1199.0,1227.0,1187.0,1223.0,7512000
2015-10-16,1229.0,1236.5,1224.0,1229.0,7814000
2015-10-19,1218.5,1227.0,1193.0,1199.0,10378000
2015-10-20,1200.0,1204.5,1185.5,1198.5,7737000
2015-10-21,1199.5,1253.0,1199.0,1248.5,8652000
2015-10-22,1225.5,1266.0,1225.5,1243.5,6646000
2015-10-23,1281.5,1282.5,1258.0,1265.0,8520000
2015-10-26,1299.0,1317.0,1288.5,1303.0,10680000
2015-10-27,1295.0,1301.0,1273.0,1287.5,6829000
2015-10-28,1280.5,1287.0,1261.0,1274.5,6263000
2015-10-29,1301.0,1308.0,1173.0,1265.5,23056000
2015-10-30,1266.0,1285.5,1257.0,1270.0,15013000
2015-11-02,1240.0,1254.5,1234.0,1248.0,6430000
2015-11-04,1278.0,1282.0,1252.0,1254.0,8910000
2015-11-05,1261.5,1275.0,1259.0,1270.0,6685000
2015-11-06,1275.0,1284.0,1267.5,1279.0,4447000
2015-11-09,1299.0,1326.0,1293.0,1321.5,8652000
2015-11-10,1315.0,1324.5,1304.5,1323.0,4170000
2015-11-11,1312.0,1321.0,1305.5,1310.5,4510000
2015-11-12,1302.0,1319.5,1301.5,1317.0,3924000
2015-11-13,1299.0,1300.0,1280.5,1292.0,6441000
2015-11-16,1264.0,1283.0,1263.0,1276.5,5186000
2015-11-17,1300.0,1339.5,1300.0,1320.5,8293000
2015-11-18,1343.0,1357.5,1337.0,1338.0,11340000
2015-11-19,1365.5,1377.0,1353.0,1355.5,7953000
2015-11-20,1357.0,1370.0,1347.5,1370.0,6904000
2015-11-24,1354.0,1366.0,1345.5,1362.5,6231000
2015-11-25,1361.5,1365.0,1354.0,1359.5,4317000
2015-11-26,1360.0,1367.0,1356.0,1362.5,3799000
2015-11-27,1369.0,1369.0,1358.0,1358.0,4135000
2015-11-30,1362.0,1364.5,1351.0,1363.0,6712000
2015-12-01,1383.0,1409.5,1379.0,1402.0,9569000
2015-12-02,1405.0,1408.5,1393.5,1403.0,7237000
2015-12-03,1389.0,1394.0,1380.5,1389.5,6400000
2015-12-04,1352.0,1375.0,1352.0,1367.5,6631000
2015-12-07,1366.0,1381.5,1365.0,1376.0,4164000
2015-12-08,1370.0,1372.5,1334.0,1343.0,6292000
2015-12-09,1330.0,1336.0,1318.5,1324.0,7686000
2015-12-10,1306.5,1317.0,1295.5,1306.5,7648000
2015-12-11,1276.5,1328.0,1276.5,1320.0,9508000
2015-12-14,1278.0,1287.5,1254.0,1282.0,7711000
2015-12-15,1285.0,1292.0,1252.5,1252.5,6194000
2015-12-16,1282.0,1290.5,1268.0,1285.5,6057000
2015-12-17,1309.5,1318.0,1289.0,1292.0,6899000
2015-12-18,1292.0,1324.0,1262.0,1264.0,9933000
2015-12-21,1246.5,1263.0,1241.5,1254.0,7122000
2015-12-22,1240.5,1260.0,1238.5,1253.0,5181000
2015-12-24,1272.5,1282.0,1260.0,1261.0,5000000
2015-12-25,1261.0,1261.0,1261.0,1261.0,0
2015-12-28,1254.5,1283.0,1254.5,1268.5,3510000
2015-12-29,1268.0,1285.0,1254.5,1281.5,3656000
2015-12-30,1300.0,1309.0,1279.5,1282.5,4435000
2016-01-04,1280.0,1285.0,1243.5,1246.5,5407000
2016-01-05,1244.0,1252.0,1230.5,1237.5,4614000
2016-01-06,1239.0,1255.0,1201.0,1212.5,6334000
2016-01-07,1206.0,1208.0,1164.0,1167.0,8884000
2016-01-08,1149.0,1187.0,1149.0,1162.5,7716000
2016-01-12,1139.5,1149.5,1119.5,1119.5,7733000
2016-01-13,1138.5,1169.5,1138.0,1157.5,6232000
2016-01-14,1107.5,1120.0,1097.0,1116.5,8519000
2016-01-15,1139.5,1152.0,1098.0,1102.5,8075000
2016-01-18,1065.5,1103.0,1062.0,1094.5,7021000
2016-01-19,1091.5,1123.0,1086.0,1122.5,7599000
2016-01-20,1128.0,1137.0,1086.5,1086.5,10346000
2016-01-21,1088.0,1107.0,1053.5,1053.5,11669000
2016-01-22,1102.0,1125.0,1080.5,1121.5,10246000
2016-01-25,1136.0,1139.5,1112.5,1126.5,9163000
2016-01-26,1102.5,1108.5,1086.0,1088.5,6276000
2016-01-27,1113.5,1126.5,1103.0,1117.0,6841000
2016-01-28,1113.0,1126.5,1100.5,1100.5,6493000
2016-01-29,1096.5,1111.5,1037.0,1099.5,20616000
2016-02-01,1139.5,1145.0,1115.5,1124.0,11520000
2016-02-02,1075.0,1195.0,1045.0,1176.5,19666000
2016-02-03,1150.0,1153.0,1112.0,1119.5,11740000
2016-02-04,1108.0,1141.0,1104.0,1118.5,9602000
2016-02-05,1101.5,1137.5,1101.0,1124.0,9102000
2016-02-08,1110.0,1151.0,1100.5,1143.0,7018000
2016-02-09,1100.0,1104.5,1062.0,1074.0,9548000
2016-02-10,1069.5,1081.0,1026.0,1042.5,11934000
2016-02-12,1002.0,1006.0,947.0,948.5,22023000
2016-02-15,1008.5,1067.5,1005.0,1057.0,8787000
2016-02-16,1047.0,1095.5,1042.0,1074.0,8277000
2016-02-17,1073.0,1112.0,1060.5,1081.5,8246000
2016-02-18,1135.0,1160.0,1126.5,1144.0,8902000
2016-02-19,1135.0,1138.0,1097.5,1118.5,8820000
2016-02-22,1110.5,1141.5,1106.0,1134.0,6117000
2016-02-23,1150.0,1159.0,1117.0,1132.5,7855000
2016-02-24,1116.0,1133.0,1100.5,1121.0,6504000
2016-02-25,1127.5,1147.0,1122.0,1140.0,5934000
2016-02-26,1155.0,1161.0,1140.5,1141.5,4383000
2016-02-29,1175.0,1191.5,1144.0,1144.0,11875000
2016-03-01,1144.0,1151.5,1117.5,1130.0,8592000
2016-03-02,1179.5,1218.5,1171.5,1208.5,14017000
2016-03-03,1226.0,1234.5,1205.5,1218.5,6841000
2016-03-04,1216.5,1231.0,1211.5,1224.5,7535000
2016-03-07,1196.5,1209.0,1183.0,1199.0,9357000
2016-03-08,1170.0,1196.0,1156.0,1173.0,11487000
2016-03-09,1160.0,1165.5,1139.0,1162.0,8600000
2016-03-10,1179.5,1198.5,1178.5,1197.0,6404000
2016-03-11,1169.5,1200.5,1158.0,1193.5,11024000
2016-03-14,1212.0,1219.0,1199.0,1205.5,6098000
2016-03-15,1198.0,1209.5,1179.5,1185.0,4712000
2016-03-16,1171.0,1193.5,1166.5,1175.5,5554000
2016-03-17,1190.0,1204.5,1159.0,1175.5,5262000
2016-03-18,1164.0,1187.0,1146.0,1165.5,8563000
2016-03-22,1193.0,1215.0,1173.0,1188.5,8039000
2016-03-23,1185.5,1197.0,1171.0,1171.5,5313000
2016-03-24,1162.5,1172.0,1150.0,1153.0,6282000
2016-03-25,1155.5,1188.0,1148.5,1184.5,3604000
2016-03-28,1192.5,1201.5,1179.0,1199.5,4863000
2016-03-29,1177.0,1204.0,1176.5,1198.0,5785000
2016-03-30,1185.0,1212.0,1185.0,1190.0,6811000
2016-03-31,1190.0,1205.0,1177.5,1179.5,7656000
2016-04-01,1180.0,1180.0,1121.5,1126.5,8787000
2016-04-04,1132.0,1155.0,1118.5,1127.0,5047000
2016-04-05,1126.5,1136.0,1083.0,1086.5,7308000
2016-04-06,1089.5,1104.5,1083.5,1092.5,7882000
2016-04-07,1093.0,1111.5,1085.0,1090.5,5716000
2016-04-08,1071.5,1129.0,1064.5,1113.0,12231000
2016-04-11,1116.0,1125.5,1083.0,1106.0,8920000
2016-04-12,1109.0,1138.0,1101.5,1133.0,6225000
2016-04-13,1155.5,1204.5,1155.5,1197.5,8063000
2016-04-14,1225.5,1247.5,1214.5,1247.5,8853000
2016-04-15,1238.0,1265.0,1232.5,1250.0,9304000
2016-04-18,1189.0,1216.5,1187.5,1203.5,10084000
2016-04-19,1250.0,1253.0,1240.0,1250.0,7643000
2016-04-20,1265.0,1277.5,1228.0,1230.5,7872000
2016-04-21,1232.5,1236.0,1196.0,1226.5,10894000
2016-04-22,1198.5,1236.0,1195.5,1227.0,8610000
2016-04-25,1247.0,1248.5,1229.5,1242.5,5060000
2016-04-26,1237.5,1246.5,1227.0,1235.5,6104000
2016-04-27,1236.0,1238.5,1218.0,1224.0,6184000
2016-04-28,1224.5,1246.5,1150.0,1198.0,15343000
2016-05-02,1130.0,1195.5,1130.0,1189.0,11979000
2016-05-06,1177.5,1193.0,1170.5,1187.5,8974000
2016-05-09,1203.5,1206.0,1185.0,1189.0,4616000
2016-05-10,1186.0,1243.0,1181.0,1238.5,11319000
2016-05-11,1247.0,1257.5,1232.0,1238.5,8271000
2016-05-12,1228.0,1237.0,1216.0,1235.0,5992000
2016-05-13,1243.5,1249.0,1207.5,1208.5,6371000
2016-05-16,1204.0,1253.0,1204.0,1247.0,5395000
2016-05-17,1265.0,1293.5,1253.0,1280.0,10086000
2016-05-18,1300.0,1308.5,1276.5,1282.0,9723000
2016-05-19,1300.0,1306.5,1289.0,1294.0,8527000
2016-05-20,1281.0,1301.5,1280.5,1296.0,6079000
2016-05-23,1285.0,1288.5,1263.0,1287.5,4605000
2016-05-24,1280.5,1282.5,1253.0,1256.0,5387000
2016-05-25,1284.0,1292.0,1280.5,1287.5,6939000
2016-05-26,1300.0,1302.0,1279.5,1281.0,4647000
2016-05-27,1289.0,1289.5,1280.0,1280.0,3640000
2016-05-30,1288.0,1316.0,1283.0,1314.0,4225000
2016-05-31,1310.0,1339.5,1305.0,1339.5,5947000
2016-06-01,1325.5,1343.0,1323.0,1332.0,5883000
2016-06-02,1324.5,1332.5,1295.5,1303.5,7400000
2016-06-03,1294.0,1305.0,1279.5,1296.5,6031000
2016-06-06,1252.0,1293.0,1245.0,1291.0,5946000
2016-06-07,1298.0,1307.5,1288.5,1299.0,5723000
2016-06-08,1303.5,1320.0,1291.0,1320.0,5689000
2016-06-09,1305.0,1319.0,1296.5,1301.5,4512000
2016-06-10,1317.5,1321.0,1282.5,1294.0,8296000
2016-06-13,1255.0,1273.0,1253.0,1260.0,6232000
2016-06-14,1245.0,1264.0,1236.5,1249.5,5497000
2016-06-15,1243.5,1278.0,1235.0,1266.5,6183000
2016-06-16,1261.0,1272.0,1224.0,1229.0,4699000
2016-06-17,1240.5,1275.5,1236.0,1260.0,9141000
2016-06-20,1292.0,1324.0,1291.0,1317.5,9160000
2016-06-21,1302.0,1315.5,1293.0,1308.5,5538000
2016-06-22,1289.5,1300.0,1277.0,1286.0,6404000
2016-06-23,1289.0,1307.0,1275.5,1307.0,6796000
2016-06-24,1314.0,1319.5,1148.0,1153.5,12486000
2016-06-27,1180.0,1200.0,1140.0,1165.0,9125000
2016-06-28,1150.0,1185.5,1145.0,1177.0,8183000
2016-06-29,1213.0,1224.0,1190.5,1218.5,5957000
2016-06-30,1222.0,1233.0,1208.0,1208.0,6821000
2016-07-01,1211.0,1233.0,1211.0,1221.5,4946000
2016-07-04,1209.0,1227.0,1202.5,1216.5,4606000
2016-07-05,1204.0,1206.0,1189.5,1198.0,5073000
2016-07-06,1160.0,1169.5,1130.5,1151.0,9074000
2016-07-07,1151.0,1159.0,1117.0,1117.5,10392000
2016-07-08,1130.0,1135.5,1108.0,1108.0,5713000
2016-07-11,1108.0,1108.0,1108.0,1108.0,0
2016-07-12,1218.0,1234.0,1207.5,1213.5,7796000
2016-07-13,1250.0,1252.0,1231.0,1235.0,8022000
2016-07-14,1230.0,1249.0,1227.0,1241.0,5689000
2016-07-15,1250.0,1283.5,1241.5,1279.0,8394000
2016-07-19,1268.5,1287.0,1260.5,1277.5,6007000
2016-07-20,1276.5,1309.0,1276.0,1306.5,6910000
2016-07-21,1326.0,1346.0,1326.0,1336.5,8156000
2016-07-22,1300.5,1319.5,1300.5,1310.0,5420000
2016-07-25,1298.5,1322.5,1296.5,1302.5,5500000
2016-07-26,1294.0,1296.5,1275.5,1284.5,5384000
2016-07-27,1298.5,1299.5,1278.5,1285.0,6135000
2016-07-28,1286.5,1350.0,1155.0,1184.5,22973000
2016-07-29,1200.0,1238.0,1187.5,1217.5,11695000
2016-08-01,1196.5,1214.0,1183.5,1196.5,6774000
2016-08-02,1183.0,1199.0,1182.5,1188.5,4681000
2016-08-03,1148.5,1173.5,1148.5,1160.0,7696000
2016-08-04,1165.0,1178.0,1155.0,1175.0,7075000
2016-08-05,1191.0,1202.0,1186.0,1195.5,6995000
2016-08-08,1225.5,1249.0,1213.5,1249.0,8439000
2016-08-09,1249.0,1291.0,1247.5,1287.5,7979000
2016-08-10,1276.0,1315.0,1275.0,1310.5,9125000
2016-08-12,1320.0,1333.5,1305.5,1327.5,10141000
2016-08-15,1325.0,1328.5,1314.5,1324.0,6666000
2016-08-16,1314.0,1322.0,1286.0,1289.5,10230000
2016-08-17,1284.0,1322.0,1280.0,1319.0,7118000
2016-08-18,1302.5,1313.5,1294.0,1296.0,4381000
2016-08-19,1313.0,1327.5,1306.0,1320.0,4716000
2016-08-22,1329.0,1335.0,1316.5,1332.5,3305000
2016-08-23,1324.0,1327.0,1306.0,1309.5,4284000
2016-08-24,1313.5,1317.0,1297.5,1302.5,3627000
2016-08-25,1283.0,1288.0,1263.5,1275.0,6674000
2016-08-26,1275.0,1275.0,1261.0,1264.0,4395000
2016-08-29,1307.0,1329.0,1303.5,1310.0,5730000
2016-08-30,1310.5,1327.5,1306.0,1319.5,3248000
2016-08-31,1339.5,1354.5,1329.0,1350.5,5957000
2016-09-01,1352.5,1358.5,1346.0,1349.5,5054000
2016-09-02,1344.5,1348.5,1328.5,1338.0,5016000
2016-09-05,1354.0,1358.5,1336.0,1337.5,4436000
2016-09-06,1330.5,1339.5,1324.0,1328.0,4380000
2016-09-07,1308.0,1341.0,1308.0,1338.5,6839000
2016-09-08,1318.0,1331.5,1296.0,1304.0,7889000
2016-09-09,1289.5,1309.5,1286.5,1305.0,6576000
2016-09-12,1280.5,1285.5,1261.0,1268.0,5109000
2016-09-13,1276.0,1280.5,1257.0,1269.0,3613000
2016-09-14,1260.0,1271.0,1252.5,1259.0,3659000
2016-09-15,1250.0,1252.5,1228.5,1236.0,6736000
2016-09-16,1238.5,1248.5,1233.5,1243.5,5663000
2016-09-20,1243.0,1272.5,1236.5,1253.5,6874000
2016-09-21,1250.0,1300.0,1246.5,1299.0,6362000
2016-09-23,1300.0,1321.0,1291.0,1317.0,7594000
2016-09-26,1307.0,1309.0,1279.0,1282.0,4910000
2016-09-27,1260.0,1297.5,1258.0,1297.5,5403000
2016-09-28,1274.5,1286.5,1263.0,1277.0,4277000
2016-09-29,1290.0,1308.0,1285.0,1302.5,4419000
2016-09-30,1279.5,1290.5,1273.0,1282.5,4404000
2016-10-03,1295.5,1299.0,1278.5,1293.0,3739200
2016-10-04,1301.5,1310.5,1292.0,1309.0,4560900
2016-10-05,1321.0,1343.0,1316.0,1335.0,6548400
2016-10-06,1341.5,1348.0,1330.5,1333.0,4390800
2016-10-07,1329.0,1337.5,1315.0,1337.5,2954200
2016-10-11,1335.5,1353.0,1330.0,1337.5,5669000
2016-10-12,1311.5,1331.5,1304.5,1304.5,7379800
2016-10-13,1300.5,1312.5,1276.5,1287.0,9271600
2016-10-14,1285.5,1301.0,1284.0,1299.5,5324200
2016-10-17,1315.0,1339.5,1311.0,1330.5,7709300
2016-10-18,1328.5,1348.5,1327.0,1345.5,6458000
2016-10-19,1345.5,1348.0,1336.0,1340.0,4108000
2016-10-20,1343.5,1354.5,1341.0,1348.5,4779200
2016-10-21,1358.0,1384.0,1350.5,1376.5,9564300
2016-10-24,1390.0,1392.0,1379.0,1390.5,6499600
2016-10-25,1402.0,1413.5,1394.5,1404.0,7171500
2016-10-26,1398.5,1401.5,1387.5,1399.0,4640200
2016-10-27,1403.5,1414.0,1400.0,1408.5,5947200
2016-10-28,1415.0,1420.0,1408.0,1418.0,7247000
2016-10-31,1400.5,1448.5,1393.0,1422.5,11895500
2016-11-01,1436.5,1461.5,1429.5,1459.0,9167800
2016-11-02,1435.5,1450.0,1428.5,1435.0,6807500
2016-11-04,1433.0,1447.0,1415.5,1441.5,8091100
2016-11-07,1469.0,1488.0,1455.5,1470.5,7672100
2016-11-08,1472.5,1473.0,1447.0,1457.0,5340400
2016-11-09,1471.5,1480.0,1369.0,1387.5,10182900
2016-11-10,1495.0,1495.0,1457.0,1480.5,10006500
2016-11-11,1500.0,1500.0,1469.0,1481.0,6836900
2016-11-14,1495.5,1527.0,1483.0,1519.0,6022000
2016-11-15,1516.5,1519.5,1504.0,1513.0,4644300
2016-11-16,1538.0,1560.0,1531.5,1556.5,9515100
2016-11-17,1557.0,1593.0,1553.5,1592.0,10127500
2016-11-18,1600.0,1605.5,1583.5,1589.0,10298600
2016-11-21,1600.0,1607.0,1578.5,1597.0,7422100
2016-11-22,1587.0,1588.0,1554.5,1560.0,9384900
2016-11-24,1580.0,1583.5,1564.5,1568.5,8221500
2016-11-25,1574.0,1600.0,1568.5,1600.0,7282500
2016-11-28,1594.0,1609.5,1592.0,1609.0,9888100
2016-11-29,1593.0,1597.0,1578.5,1580.0,6095500
2016-11-30,1583.0,1588.5,1570.0,1576.5,7834800
2016-12-01,1605.0,1606.0,1574.5,1578.0,8370800
2016-12-02,1599.0,1600.5,1567.5,1575.0,8169100
2016-12-05,1570.0,1584.0,1564.0,1579.5,7288000
2016-12-06,1600.0,1608.0,1589.0,1593.0,7889200
2016-12-07,1610.0,1635.0,1609.0,1620.0,10063200
2016-12-08,1650.0,1664.0,1639.0,1662.5,15821600
2016-12-09,1635.0,1668.5,1632.5,1665.5,9465900
2016-12-12,1666.0,1668.0,1635.0,1654.0,7854500
2016-12-13,1635.5,1647.0,1621.5,1640.0,6921900
2016-12-14,1620.5,1660.0,1620.5,1659.5,5526800
2016-12-15,1665.0,1673.0,1645.5,1654.0,5824400
2016-12-16,1670.0,1683.0,1665.0,1681.5,8110500
2016-12-19,1666.0,1671.0,1649.5,1656.0,4932200
2016-12-20,1663.0,1663.0,1649.5,1661.0,4046500
2016-12-21,1652.0,1659.5,1637.5,1645.5,4752300
2016-12-22,1630.0,1649.0,1626.5,1647.0,5039900
2016-12-26,1630.5,1641.5,1629.0,1632.0,3226700
2016-12-27,1620.0,1626.5,1609.0,1609.0,5780400
2016-12-28,1598.0,1657.5,1597.0,1647.0,6929700
2016-12-29,1642.0,1644.5,1617.0,1632.5,4933300
2016-12-30,1629.0,1633.0,1613.0,1629.5,3577100
2017-01-04,1639.5,1666.5,1637.5,1664.5,6590500
2017-01-05,1662.0,1662.5,1638.5,1643.0,5614100
2017-01-06,1626.5,1653.0,1623.0,1647.5,5078900
2017-01-10,1643.0,1656.0,1628.0,1629.5,5628800
2017-01-11,1630.0,1638.0,1618.5,1632.5,7295700
2017-01-12,1636.0,1652.0,1628.5,1645.5,5514800
2017-01-13,1649.0,1654.5,1633.5,1646.5,3909100
2017-01-16,1644.0,1658.5,1631.5,1634.0,3715700
2017-01-17,1620.0,1639.5,1614.0,1615.5,6194100
2017-01-18,1610.0,1629.5,1585.5,1623.5,5464000
2017-01-19,1645.0,1652.5,1635.0,1648.5,4362100
2017-01-20,1658.0,1698.0,1650.5,1692.0,8853100
2017-01-23,1678.0,1685.5,1662.5,1672.5,4986100
2017-01-24,1674.0,1688.0,1671.5,1677.0,5235700
2017-01-25,1700.0,1708.0,1690.0,1704.5,5428400
2017-01-26,1723.0,1760.0,1722.0,1757.5,8597200
2017-01-27,1764.0,1772.5,1755.5,1766.0,7588300
2017-01-30,1756.0,1761.5,1743.0,1750.5,5103500
2017-01-31,1725.5,1745.0,1719.0,1721.5,6302600
2017-02-01,1705.0,1748.0,1696.5,1742.5,5717900
2017-02-02,1774.0,1802.0,1628.5,1659.5,18506400
2017-02-03,1660.0,1662.0,1601.0,1637.0,12322000
2017-02-06,1637.5,1644.5,1581.5,1609.0,11201700
2017-02-07,1609.0,1621.0,1594.0,1608.5,5759000
2017-02-08,1615.0,1618.5,1600.5,1616.5,5314000
2017-02-09,1600.5,1624.0,1596.0,1617.5,6673300
2017-02-10,1656.0,1680.5,1648.0,1678.0,8549200
2017-02-13,1711.0,1718.0,1683.5,1692.0,6833200
2017-02-14,1705.0,1708.0,1674.0,1676.5,5388000
2017-02-15,1692.0,1713.0,1685.0,1707.0,4799100
2017-02-16,1708.5,1716.0,1691.0,1705.5,3993100
2017-02-17,1691.0,1691.0,1673.0,1679.0,4524100
2017-02-20,1674.5,1685.0,1651.5,1681.0,4278100
2017-02-21,1696.0,1710.0,1683.0,1705.5,4752900
2017-02-22,1714.0,1714.5,1696.5,1701.0,3827900
2017-02-23,1715.0,1715.0,1696.0,1707.0,3697100
2017-02-24,1698.5,1711.0,1686.0,1691.0,4137000
2017-02-27,1651.0,1661.0,1638.5,1651.5,6403400
2017-02-28,1665.0,1669.0,1645.5,1647.5,6272600
2017-03-01,1664.5,1683.5,1652.5,1680.5,5227700
2017-03-02,1706.5,1707.0,1685.5,1690.0,5087800
2017-03-03,1683.5,1689.0,1663.0,1673.0,3932400
2017-03-06,1673.0,1676.0,1655.0,1662.0,3653000
2017-03-07,1655.0,1657.5,1641.5,1653.5,4736600
2017-03-08,1653.0,1659.0,1643.0,1652.0,2815700
2017-03-09,1669.0,1674.0,1660.5,1671.5,3331300
2017-03-10,1685.0,1696.5,1682.5,1696.0,6105000
2017-03-13,1689.0,1698.0,1680.0,1692.5,2901600
2017-03-14,1695.5,1700.0,1690.5,1699.5,2927600
2017-03-15,1688.0,1696.5,1684.5,1694.5,2546300
2017-03-16,1690.0,1710.0,1683.5,1709.0,4197900
2017-03-17,1692.5,1694.0,1681.5,1687.0,4739400
2017-03-21,1680.5,1690.0,1673.0,1688.5,3385100
2017-03-22,1643.5,1666.5,1643.5,1646.0,4785100
2017-03-23,1641.0,1648.0,1631.0,1638.0,4750400
2017-03-24,1631.0,1643.5,1619.5,1622.0,12767200
2017-03-27,1620.0,1621.0,1607.5,1613.0,9730800
2017-03-28,1620.0,1627.0,1616.5,1622.5,7546200
2017-03-29,1628.5,1642.0,1624.0,1632.0,8018400
2017-03-30,1618.0,1637.5,1610.5,1611.0,4183300
2017-03-31,1625.0,1635.5,1597.0,1597.0,6442500
2017-04-03,1601.5,1621.0,1595.5,1610.0,4820000
2017-04-04,1609.5,1615.5,1573.0,1588.5,5023300
2017-04-05,1597.0,1601.0,1577.5,1596.0,5924200
2017-04-06,1556.0,1578.5,1541.0,1543.0,9283200
2017-04-07,1530.0,1564.5,1530.0,1541.0,7707100
2017-04-10,1550.5,1554.5,1536.5,1543.0,5687600
2017-04-11,1522.0,1536.0,1520.5,1535.5,4652500
2017-04-12,1526.5,1530.0,1493.0,1506.5,7796300
2017-04-13,1491.5,1501.0,1478.0,1498.0,8011100
2017-04-14,1500.5,1505.5,1468.0,1475.0,6631500
2017-04-17,1464.5,1480.5,1462.0,1475.0,4871700
2017-04-18,1490.0,1500.5,1466.5,1470.0,6310800
2017-04-19,1475.5,1534.5,1472.0,1510.0,12215800
2017-04-20,1501.5,1505.5,1482.0,1483.5,7620600
2017-04-21,1503.0,1505.0,1493.0,1498.5,7188900
2017-04-24,1503.5,1506.5,1486.5,1486.5,11027000
2017-04-25,1485.5,1512.0,1481.5,1508.0,10486800
2017-04-26,1529.0,1546.0,1526.5,1538.5,11267800
2017-04-27,1535.0,1545.0,1526.5,1538.5,5718300
2017-04-28,1539.0,1573.5,1480.0,1554.0,15302600
2017-05-01,1620.0,1620.0,1569.5,1612.0,10805600
2017-05-02,1617.0,1618.0,1603.5,1609.0,5753600
2017-05-08,1649.0,1666.0,1634.0,1664.5,10312000
2017-05-09,1650.0,1654.0,1630.0,1637.5,7169900
2017-05-10,1646.0,1661.0,1642.0,1647.0,5592100
2017-05-11,1655.0,1661.0,1644.0,1649.0,5132000
2017-05-12,1649.0,1655.5,1621.5,1639.5,5202200
2017-05-15,1618.5,1622.5,1602.5,1622.5,6065400
2017-05-16,1634.5,1646.5,1627.5,1632.5,5340400
2017-05-17,1612.0,1620.5,1585.5,1588.0,6919600
2017-05-18,1546.0,1566.5,1537.5,1546.5,9525700
2017-05-19,1553.0,1590.5,1552.5,1587.0,8487400
2017-05-22,1597.5,1606.0,1579.0,1586.0,5401100
2017-05-23,1580.0,1586.5,1559.5,1564.5,5139700
2017-05-24,1575.0,1584.5,1558.0,1571.5,4079500
2017-05-25,1571.5,1582.0,1563.5,1577.0,4616200
2017-05-26,1572.5,1573.0,1550.5,1559.5,5397400
2017-05-29,1555.0,1564.5,1548.0,1549.5,3089400
2017-05-30,1547.0,1550.5,1527.5,1548.5,4291800
2017-05-31,1537.0,1542.0,1524.5,1527.0,5930100
2017-06-01,1541.5,1569.0,1537.0,1562.5,5783100
2017-06-02,1609.5,1654.0,1603.5,1643.5,11758100
2017-06-05,1635.0,1641.5,1613.5,1616.0,5733100
2017-06-06,1597.0,1600.0,1577.5,1583.5,7317000
2017-06-07,1584.0,1592.5,1569.5,1585.0,5126000
2017-06-08,1596.5,1614.5,1595.5,1603.0,5767000
2017-06-09,1619.0,1622.0,1602.0,1612.0,7774500
2017-06-12,1604.0,1609.5,1595.0,1605.5,4596200
2017-06-13,1612.5,1622.5,1599.0,1602.0,3480800
2017-06-14,1588.0,1603.5,1582.0,1597.5,5567900
2017-06-15,1593.5,1602.5,1565.5,1565.5,6379800
2017-06-16,1578.0,1595.0,1576.0,1591.5,8220000
2017-06-19,1587.0,1597.5,1578.5,1592.0,2844500
2017-06-20,1615.5,1630.0,1611.0,1621.0,6218800
2017-06-21,1606.0,1610.0,1593.5,1603.5,5673400
2017-06-22,1598.0,1603.5,1578.0,1580.0,5069100
2017-06-23,1579.0,1586.5,1574.5,1582.5,3451700
2017-06-26,1585.5,1594.5,1585.0,1585.5,3415100
2017-06-27,1588.5,1623.5,1587.5,1619.0,6612700
2017-06-28,1615.0,1621.5,1600.0,1602.5,4491500
2017-06-29,1619.0,1620.5,1600.5,1602.0,4418700
2017-06-30,1600.0,1616.0,1596.5,1615.5,6390300
2017-07-03,1619.0,1636.5,1607.0,1630.5,4660700
2017-07-04,1650.0,1650.5,1615.0,1622.5,4705700
2017-07-05,1625.5,1648.5,1625.5,1646.5,3952100
2017-07-06,1641.0,1655.0,1631.5,1650.0,6234600
2017-07-07,1634.5,1672.5,1630.0,1659.5,6469000
2017-07-10,1669.5,1687.0,1667.5,1669.5,5565000
2017-07-11,1666.0,1676.5,1662.5,1673.0,3574700
2017-07-12,1653.0,1660.5,1637.5,1642.5,5783200
2017-07-13,1647.0,1655.5,1636.0,1640.0,4457200
2017-07-14,1644.5,1659.0,1642.0,1656.0,4616100
2017-07-17,1656.0,1656.0,1656.0,1656.0,0
2017-07-18,1653.5,1662.5,1630.5,1643.0,4467300
2017-07-19,1635.5,1641.5,1621.5,1622.5,7914400
2017-07-20,1623.5,1647.5,1620.5,1644.5,9630500
2017-07-21,1706.5,1728.0,1699.0,1720.0,13380300
2017-07-24,1708.5,1709.0,1685.5,1694.0,5253400
2017-07-25,1700.0,1700.0,1686.0,1687.0,3482900
2017-07-26,1710.0,1717.0,1696.5,1699.5,5125800
2017-07-27,1703.0,1716.0,1701.0,1709.0,5174800
2017-07-28,1715.0,1725.5,1696.5,1705.0,5809500
2017-07-31,1700.0,1740.0,1686.0,1710.5,11223300
2017-08-01,1720.0,1746.5,1713.0,1718.5,6810400
2017-08-02,1734.0,1757.5,1728.5,1754.0,7261000
2017-08-03,1754.0,1760.0,1739.5,1746.5,5245000
2017-08-04,1736.0,1739.0,1728.5,1729.5,3170800
2017-08-07,1749.0,1751.5,1737.5,1740.5,2799200
2017-08-08,1741.0,1741.5,1717.5,1724.0,3076500
2017-08-09,1720.0,1728.5,1691.5,1710.5,5510000
2017-08-10,1699.5,1715.5,1693.0,1695.5,4801900
2017-08-11,1695.5,1695.5,1695.5,1695.5,0
2017-08-14,1673.0,1694.0,1668.5,1671.0,5616100
2017-08-15,1686.5,1698.5,1685.0,1686.5,5249000
2017-08-16,1696.5,1703.5,1683.0,1688.0,4313400
2017-08-17,1688.0,1708.0,1681.5,1705.5,4723600
2017-08-18,1670.0,1673.0,1642.0,1642.0,7760800
2017-08-21,1641.0,1647.0,1630.0,1639.5,4257300
2017-08-22,1640.0,1645.0,1632.0,1642.0,4368400
2017-08-23,1661.0,1663.5,1641.5,1646.5,3989400
2017-08-24,1637.5,1654.5,1634.0,1635.0,4255900
2017-08-25,1639.0,1648.0,1623.0,1624.0,5800800
2017-08-28,1635.0,1638.5,1609.5,1624.5,5066200
2017-08-29,1611.5,1624.5,1605.0,1620.5,4332000
2017-08-30,1627.0,1644.0,1622.0,1642.0,4390400
2017-08-31,1650.0,1651.0,1627.0,1627.0,6813300
2017-09-01,1648.0,1684.0,1645.5,1679.5,7990300
2017-09-04,1675.0,1688.5,1644.0,1647.5,6874300
2017-09-05,1650.0,1652.0,1628.5,1632.0,3545200
2017-09-06,1629.5,1633.5,1620.5,1626.5,5594800
2017-09-07,1645.5,1667.0,1643.0,1649.0,5027200
2017-09-08,1647.5,1650.5,1626.5,1634.5,5897100
2017-09-11,1659.5,1683.5,1652.0,1674.0,4278700
2017-09-12,1688.0,1705.0,1683.0,1694.5,5320300
2017-09-13,1709.5,1712.5,1697.0,1705.5,5002900
2017-09-14,1705.0,1715.0,1688.5,1708.0,5595400
2017-09-15,1706.0,1725.0,1696.5,1722.5,6904200
2017-09-18,1722.5,1722.5,1722.5,1722.5,0
2017-09-19,1750.0,1776.0,1750.0,1755.0,9312400
2017-09-20,1764.0,1784.0,1757.5,1779.0,6644000
2017-09-21,1780.0,1786.5,1759.0,1760.0,6460900
2017-09-22,1770.5,1770.5,1735.0,1742.0,7282000
2017-09-25,1758.5,1771.5,1747.0,1749.5,5303800
2017-09-26,1744.5,1760.5,1739.0,1744.5,8686200
2017-09-27,1735.5,1742.5,1724.5,1740.5,4940500
2017-09-28,1749.0,1749.5,1722.5,1735.0,6464500
2017-09-29,1737.0,1760.0,1730.0,1758.0,5997100
2017-10-02,1762.5,1762.5,1740.5,1745.5,4062500
2017-10-03,1760.0,1769.0,1746.0,1766.0,4584400
2017-10-04,1775.5,1813.0,1773.0,1802.0,8655300
2017-10-05,1805.0,1806.0,1783.0,1791.0,4361100
2017-10-06,1800.0,1808.5,1791.5,1797.0,4802900
2017-10-09,1797.0,1797.0,1797.0,1797.0,0
2017-10-10,1778.5,1780.0,1758.0,1774.0,6192300
2017-10-11,1777.0,1791.5,1770.0,1790.5,4630900
2017-10-12,1801.5,1803.5,1791.5,1802.0,4947000
2017-10-13,1805.0,1832.0,1797.0,1827.5,7011100
2017-10-16,1855.5,1873.0,1847.5,1863.0,7182600
2017-10-17,1882.5,1905.0,1867.5,1878.0,7475300
2017-10-18,1885.0,1888.5,1858.5,1864.5,4974600
2017-10-19,1880.5,1892.0,1867.0,1892.0,7232300
2017-10-20,1911.5,1913.5,1888.5,1908.0,8501400
2017-10-23,1936.0,1946.5,1930.5,1940.5,8500900
2017-10-24,1930.0,1950.0,1921.0,1949.5,6565400
2017-10-25,1975.0,1975.0,1937.0,1949.0,8594000
2017-10-26,1955.5,1963.5,1945.0,1952.5,7866800
2017-10-27,1969.0,1972.0,1950.5,1971.0,5489800
2017-10-30,1969.0,1975.0,1945.5,1961.0,12610300
2017-10-31,1952.0,1979.0,1880.0,1931.5,13555500
2017-11-01,1927.5,1929.5,1884.0,1892.0,14046900
2017-11-02,1923.0,1924.5,1887.5,1896.5,6787600
2017-11-03,1896.5,1896.5,1896.5,1896.5,0
2017-11-06,1918.0,1919.0,1903.5,1913.5,6139000
2017-11-07,1916.0,1941.0,1911.0,1936.5,7330700
2017-11-08,1932.5,1956.0,1920.0,1947.5,6460700
2017-11-09,1959.0,1972.5,1895.0,1924.5,10041600
2017-11-10,1875.0,1910.5,1873.0,1903.0,7275400
2017-11-13,1885.0,1897.5,1875.0,1875.5,4895600
2017-11-14,1870.0,1894.0,1860.0,1887.5,5818300
2017-11-15,1860.5,1866.5,1824.0,1831.5,8022300
2017-11-16,1833.0,1872.0,1831.5,1868.0,7462100
2017-11-17,1889.5,1893.0,1861.5,1867.5,7188000
2017-11-20,1865.0,1870.0,1847.0,1850.5,4833500
2017-11-21,1863.0,1876.0,1856.0,1857.0,5497300
2017-11-22,1878.0,1897.5,1875.0,1890.0,6472300
2017-11-23,1890.0,1890.0,1890.0,1890.0,0
2017-11-24,1892.0,1902.5,1866.5,1894.5,5270800
2017-11-27,1912.5,1917.5,1886.5,1887.5,4679100
2017-11-28,1882.5,1883.0,1861.0,1862.5,4061000
2017-11-29,1883.5,1886.5,1867.0,1876.0,4263300
2017-11-30,1868.0,1872.5,1849.0,1852.5,7043800
2017-12-01,1869.0,1879.5,1844.0,1857.5,4397100
2017-12-04,1865.0,1865.0,1841.0,1843.0,3774900
2017-12-05,1835.5,1865.0,1834.0,1855.0,5073500
2017-12-06,1862.0,1862.0,1811.0,1815.5,6587600
2017-12-07,1804.0,1833.0,1801.5,1824.0,7201400
2017-12-08,1824.0,1869.0,1824.0,1868.0,8018000
2017-12-11,1867.5,1868.0,1840.5,1866.0,4316000
2017-12-12,1870.0,1876.5,1857.0,1863.0,3586900
2017-12-13,1863.0,1864.5,1807.5,1816.5,7835100
2017-12-14,1812.0,1820.5,1796.5,1802.0,6313700
2017-12-15,1805.5,1821.5,1789.0,1803.0,6385900
2017-12-18,1824.0,1849.5,1817.0,1849.0,4091300
2017-12-19,1856.0,1874.5,1854.0,1868.5,4819600
2017-12-20,1878.0,1878.0,1859.5,1870.5,3526300
2017-12-21,1881.0,1903.5,1867.0,1903.0,5109100
2017-12-22,1908.5,1919.0,1900.0,1905.5,4801900
2017-12-25,1909.5,1918.0,1900.0,1917.5,2485500
2017-12-26,1916.0,1917.5,1894.0,1897.0,2830300
2017-12-27,1895.0,1907.5,1892.5,1897.0,2441500
2017-12-28,1891.0,1897.5,1874.0,1878.0,2893600
2017-12-29,1879.0,1890.0,1869.0,1871.5,2653500
2018-01-01,1871.5,1871.5,1871.5,1871.5,0
2018-01-02,1871.5,1871.5,1871.5,1871.5,0
2018-01-03,1871.5,1871.5,1871.5,1871.5,0
2018-01-04,1913.0,1945.0,1909.0,1945.0,7100600
2018-01-05,1955.0,1989.0,1953.0,1988.0,7577800
2018-01-08,1988.0,1988.0,1988.0,1988.0,0
2018-01-09,2007.5,2033.0,2007.0,2027.0,9301600
2018-01-10,2025.0,2036.0,2013.0,2026.5,7278000
2018-01-11,2007.0,2013.0,2000.5,2012.0,4779800
2018-01-12,2010.0,2021.0,1999.0,2006.0,4834600
2018-01-15,2020.0,2021.0,2001.5,2011.0,4543300
2018-01-16,2016.5,2038.0,2011.0,2036.0,5489900
2018-01-17,2050.0,2099.0,2047.0,2096.0,9589300
2018-01-18,2137.0,2156.0,2104.5,2126.0,13308000
2018-01-19,2145.5,2179.0,2126.0,2175.5,9836000
2018-01-22,2151.0,2154.0,2118.0,2124.5,7240900
2018-01-23,2121.0,2125.0,2103.0,2109.0,7342800
2018-01-24,2102.5,2126.0,2084.0,2087.5,7181500
2018-01-25,2048.0,2077.5,2041.0,2049.5,6072100
2018-01-26,2068.5,2074.5,2042.5,2049.0,5954200
2018-01-29,2043.5,2046.5,2016.0,2026.5,7504700
2018-01-30,2021.0,2033.5,1988.5,1994.5,7227000
2018-01-31,1982.5,2034.0,1982.0,1992.5,10170300
2018-02-01,2014.5,2023.5,1994.0,2019.5,5474400
2018-02-02,2013.5,2067.0,1978.5,2049.5,10760300
2018-02-05,1998.0,2000.0,1950.5,1952.0,8100300
2018-02-06,1890.0,1912.5,1832.5,1881.0,13821500
2018-02-07,1936.0,1939.5,1864.0,1865.0,11569000
2018-02-08,1869.0,1894.0,1859.0,1882.5,8657800
2018-02-09,1807.5,1835.5,1795.0,1832.5,8982600
2018-02-12,1832.5,1832.5,1832.5,1832.5,0
2018-02-13,1860.0,1887.0,1834.5,1841.0,10075300
2018-02-14,1839.0,1864.0,1798.0,1805.5,6407700
2018-02-15,1819.0,1844.5,1804.5,1825.5,6834700
2018-02-16,1832.5,1857.0,1828.5,1835.0,5110700
2018-02-19,1856.5,1877.5,1846.0,1873.5,4975000
2018-02-20,1857.5,1861.5,1820.5,1829.5,6841200
2018-02-21,1832.0,1844.0,1813.0,1827.5,5662600
2018-02-22,1808.0,1815.5,1793.5,1799.0,5382100
2018-02-23,1805.5,1814.5,1797.0,1811.0,3499200
2018-02-26,1825.0,1825.5,1812.0,1821.0,3459900
2018-02-27,1845.0,1876.5,1844.0,1863.0,6249000
2018-02-28,1863.0,1867.5,1816.5,1817.0,6151100
2018-03-01,1809.0,1809.5,1784.5,1793.5,5767500
2018-03-02,1748.0,1761.5,1741.0,1754.0,6213100
2018-03-05,1733.0,1741.5,1722.5,1733.5,4967200
2018-03-06,1760.5,1781.0,1735.0,1736.0,6135100
2018-03-07,1709.5,1726.5,1705.0,1714.5,6875600
2018-03-08,1740.0,1750.0,1716.0,1718.5,5470300
2018-03-09,1764.0,1773.5,1721.0,1732.0,9085200
2018-03-12,1778.0,1787.5,1749.0,1775.0,6732800
2018-03-13,1779.0,1795.5,1773.0,1795.5,6967700
2018-03-14,1769.0,1784.0,1760.0,1773.0,5787400
2018-03-15,1766.5,1779.5,1757.5,1771.5,4577100
2018-03-16,1759.0,1763.0,1734.5,1738.5,6376900
2018-03-19,1732.5,1740.5,1713.5,1723.5,4242800
2018-03-20,1710.0,1715.0,1701.0,1711.5,3898400
2018-03-21,1711.5,1711.5,1711.5,1711.5,0
2018-03-22,1720.0,1741.0,1709.0,1740.5,5395200
2018-03-23,1686.0,1689.5,1635.0,1641.5,8716100
2018-03-26,1620.5,1661.0,1620.0,1661.0,7406500
2018-03-27,1687.0,1727.5,1677.5,1717.5,9031700
2018-03-28,1691.0,1715.0,1672.5,1713.0,6429500
2018-03-29,1707.0,1713.5,1685.5,1699.5,4403600
2018-03-30,1714.0,1717.0,1690.5,1701.5,4596900
2018-04-02,1700.0,1711.5,1688.5,1688.5,3318300
2018-04-03,1662.0,1685.5,1655.0,1679.0,4898100
2018-04-04,1694.0,1708.5,1671.5,1675.0,5160600
2018-04-05,1699.5,1710.5,1686.0,1695.5,6191900
2018-04-06,1690.0,1694.0,1672.0,1673.0,4614400
2018-04-09,1671.0,1685.0,1659.0,1680.5,4717500
2018-04-10,1665.0,1699.0,1657.5,1691.0,4446300
2018-04-11,1712.0,1724.0,1701.0,1710.0,3980700
2018-04-12,1701.0,1701.0,1675.0,1681.0,3614400
2018-04-13,1695.0,1721.0,1694.0,1711.0,4679500
2018-04-16,1721.0,1723.0,1689.5,1694.0,3776300
2018-04-17,1693.5,1697.5,1681.0,1681.0,3270100
2018-04-18,1694.5,1721.0,1690.5,1717.5,5995200
2018-04-19,1736.0,1776.0,1730.0,1756.0,6069600
2018-04-20,1738.5,1744.0,1711.0,1714.0,5547600
2018-04-23,1724.0,1729.0,1714.0,1726.0,3854300
2018-04-24,1753.0,1765.5,1741.5,1765.5,4095600
2018-04-25,1735.5,1740.0,1717.0,1737.5,4553100
2018-04-26,1755.0,1762.0,1748.0,1750.5,3551200
2018-04-27,1750.0,1753.0,1665.0,1680.5,12928100
2018-04-30,1680.5,1680.5,1680.5,1680.5,0
2018-05-01,1678.0,1680.0,1600.5,1601.5,14096300
2018-05-02,1614.0,1621.0,1600.0,1610.5,7601400
2018-05-03,1610.5,1610.5,1610.5,1610.5,0
2018-05-04,1610.5,1610.5,1610.5,1610.5,0
2018-05-07,1610.0,1623.0,1604.0,1615.0,4948400
2018-05-08,1618.5,1638.0,1613.0,1631.0,6371700
2018-05-09,1620.0,1635.0,1618.5,1626.5,5136800
2018-05-10,1632.5,1646.0,1625.5,1634.0,3969800
2018-05-11,1650.0,1659.0,1645.0,1649.5,5317100
2018-05-14,1637.0,1658.0,1631.0,1656.5,3956500
2018-05-15,1678.0,1687.0,1658.5,1659.0,6782700
2018-05-16,1650.5,1654.5,1637.0,1637.5,5859400
2018-05-17,1636.0,1636.0,1624.5,1630.0,6234900
2018-05-18,1644.0,1644.0,1625.5,1631.0,5626000
2018-05-21,1630.0,1630.0,1618.0,1623.0,4998000
2018-05-22,1627.0,1658.0,1626.5,1656.0,6166600
2018-05-23,1627.5,1643.0,1621.5,1626.5,6844000
2018-05-24,1610.0,1612.5,1572.5,1577.5,8790600
2018-05-25,1582.5,1594.0,1562.5,1590.0,6841400
2018-05-28,1578.0,1593.5,1575.5,1587.5,3228200
2018-05-29,1585.0,1588.5,1573.0,1582.0,3702300
2018-05-30,1549.5,1551.0,1535.0,1541.0,5552200
2018-05-31,1553.0,1559.0,1532.0,1545.0,13539400
2018-06-01,1530.0,1551.5,1527.0,1543.0,5475500
2018-06-04,1583.0,1605.0,1581.5,1583.5,6322000
2018-06-05,1613.5,1618.5,1590.5,1595.5,4872600
2018-06-06,1579.0,1580.0,1559.5,1560.0,6423500
2018-06-07,1571.5,1588.5,1571.5,1586.5,7057100
2018-06-08,1576.5,1593.0,1569.5,1570.0,6732200
2018-06-11,1577.5,1579.0,1562.5,1562.5,4862200
2018-06-12,1577.0,1582.0,1555.5,1559.5,2819500
2018-06-13,1572.5,1575.0,1561.5,1564.0,3830200
2018-06-14,1550.0,1556.5,1531.5,1533.5,4767600
2018-06-15,1540.0,1540.5,1513.5,1521.0,6860000
2018-06-18,1505.0,1507.0,1464.0,1481.5,5595000
2018-06-19,1466.0,1482.5,1449.5,1449.5,6905400
2018-06-20,1460.5,1469.0,1430.0,1459.0,8319900
2018-06-21,1465.0,1476.0,1451.0,1455.0,4371700
2018-06-22,1432.5,1467.5,1430.5,1460.5,8652700
2018-06-25,1463.5,1465.5,1450.5,1451.0,4583000
2018-06-26,1426.5,1441.0,1401.0,1434.5,8287100
2018-06-27,1450.5,1464.5,1435.5,1437.0,7382200
2018-06-28,1461.0,1476.0,1453.0,1474.0,9152000
2018-06-29,1470.0,1475.0,1448.0,1474.5,7635100
2018-07-02,1457.5,1471.0,1422.5,1424.5,7374900
2018-07-03,1421.5,1432.5,1410.5,1424.5,5401100
2018-07-04,1425.0,1443.0,1418.0,1422.0,5492300
2018-07-05,1415.5,1422.5,1399.0,1402.0,5159900
2018-07-06,1410.0,1427.5,1402.5,1411.5,6767800
2018-07-09,1429.0,1434.5,1421.5,1434.0,3618700
2018-07-10,1456.5,1484.0,1456.0,1476.0,8188600
2018-07-11,1469.5,1473.0,1427.5,1460.0,7402000
2018-07-12,1462.0,1464.0,1439.5,1448.0,4957200
2018-07-13,1458.0,1464.0,1446.0,1454.0,6163500
2018-07-16,1454.0,1454.0,1454.0,1454.0,0
2018-07-17,1396.0,1425.5,1385.5,1413.5,11320500
2018-07-18,1431.0,1444.5,1425.5,1435.5,6533100
2018-07-19,1456.0,1492.5,1455.0,1486.5,8727500
2018-07-20,1500.0,1504.5,1460.0,1473.0,9192200
2018-07-23,1467.0,1476.0,1460.5,1472.0,4949700
2018-07-24,1485.0,1492.0,1477.0,1490.0,4994900
2018-07-25,1534.5,1541.5,1531.0,1538.0,10131200
2018-07-26,1546.0,1551.5,1521.5,1529.5,5712600
2018-07-27,1550.0,1553.0,1534.0,1551.0,5905900
2018-07-30,1560.0,1570.0,1477.0,1527.0,18907600
2018-07-31,1526.5,1542.0,1511.0,1511.5,12627700
2018-08-01,1501.0,1506.5,1493.5,1502.0,10730800
2018-08-02,1503.0,1522.0,1500.0,1513.0,9224600
2018-08-03,1500.5,1507.0,1498.5,1501.5,5430500
2018-08-06,1500.0,1511.0,1499.0,1502.0,5033900
2018-08-07,1501.5,1517.0,1501.5,1516.5,3224500
2018-08-08,1518.0,1523.5,1511.0,1512.5,4010500
2018-08-09,1515.0,1516.5,1504.5,1512.0,3164200
2018-08-10,1505.5,1507.5,1494.0,1499.0,7183800
2018-08-13,1481.0,1482.5,1456.5,1456.5,7736200
2018-08-14,1455.5,1468.5,1450.5,1465.5,5767100
2018-08-15,1457.0,1462.5,1436.5,1450.0,6827200
2018-08-16,1430.5,1466.0,1427.0,1462.0,7033000
2018-08-17,1469.5,1485.0,1467.5,1480.0,3711800
2018-08-20,1473.0,1481.0,1468.5,1475.5,3209000
2018-08-21,1461.5,1473.5,1457.0,1459.5,5037900
2018-08-22,1471.0,1502.0,1470.0,1491.0,4504000
2018-08-23,1483.0,1485.0,1470.5,1481.5,4194800
2018-08-24,1489.0,1495.5,1485.5,1491.5,3293800
2018-08-27,1500.0,1519.5,1493.5,1517.0,3274200
2018-08-28,1534.0,1540.0,1523.0,1524.0,4096400
2018-08-29,1527.0,1534.0,1513.0,1515.0,7137000
2018-08-30,1521.0,1530.5,1506.5,1513.0,5885200
2018-08-31,1500.0,1509.5,1496.5,1500.0,4571000
2018-09-03,1495.5,1501.0,1464.0,1464.0,4822400
2018-09-04,1463.0,1479.5,1457.5,1470.0,4265000
2018-09-05,1478.5,1478.5,1456.5,1466.0,5954600
2018-09-06,1457.0,1466.5,1452.0,1460.5,4112600
2018-09-07,1450.0,1452.0,1427.0,1438.0,5890400
2018-09-10,1422.5,1444.0,1420.5,1436.5,4819800
2018-09-11,1433.5,1443.5,1426.0,1439.0,3816900
2018-09-12,1419.0,1425.0,1411.5,1422.0,9189100
2018-09-13,1420.0,1440.5,1418.5,1435.0,5481300
2018-09-14,1463.0,1481.0,1461.0,1472.0,10420200
2018-09-17,1472.0,1472.0,1472.0,1472.0,0
2018-09-18,1471.0,1495.5,1463.5,1488.0,5950500
2018-09-19,1512.0,1531.0,1506.5,1526.5,6320000
2018-09-20,1544.0,1550.5,1532.5,1541.5,5936500
2018-09-21,1550.0,1565.0,1537.5,1563.5,8891500
2018-09-24,1563.5,1563.5,1563.5,1563.5,0
2018-09-25,1565.5,1567.5,1536.0,1553.0,6319500
2018-09-26,1545.5,1557.5,1532.0,1557.5,4592800
2018-09-27,1550.0,1562.0,1539.0,1541.0,5018000
2018-09-28,1560.0,1569.0,1550.0,1556.5,5528800
2018-10-01,1555.5,1567.5,1546.5,1566.0,3633100
2018-10-02,1580.0,1600.5,1576.5,1581.5,5733300
2018-10-03,1569.0,1571.0,1545.0,1545.5,4780700
2018-10-04,1570.0,1573.0,1546.0,1551.5,4455900
2018-10-05,1535.0,1541.5,1528.5,1532.5,4979200
2018-10-08,1532.5,1532.5,1532.5,1532.5,0
2018-10-09,1500.0,1505.0,1474.0,1478.5,6606200
2018-10-10,1496.5,1504.0,1491.5,1496.5,4995100
2018-10-11,1413.0,1430.5,1403.0,1420.0,10778100
2018-10-12,1400.0,1434.0,1395.0,1429.5,9834900
2018-10-15,1407.0,1418.5,1402.0,1402.5,7217100
2018-10-16,1402.0,1421.0,1401.5,1421.0,5526100
2018-10-17,1442.5,1451.5,1433.0,1442.5,5242100
2018-10-18,1445.5,1446.0,1409.0,1410.0,4748400
2018-10-19,1390.0,1405.0,1388.5,1400.0,4703800
2018-10-22,1386.5,1408.5,1377.0,1404.0,4682000
2018-10-23,1395.0,1397.5,1371.5,1371.5,5680900
2018-10-24,1379.5,1380.5,1357.0,1359.5,5521300
2018-10-25,1318.5,1332.0,1309.5,1311.0,7073800
2018-10-26,1317.0,1334.5,1296.0,1308.5,7917800
2018-10-29,1328.0,1353.0,1260.0,1315.5,8835200
2018-10-30,1308.0,1379.0,1304.5,1376.0,9993900
2018-10-31,1386.5,1433.5,1376.5,1433.5,9673200
2018-11-01,1444.5,1448.5,1421.5,1446.0,6762900
2018-11-02,1460.0,1521.0,1452.5,1506.5,10059300
2018-11-05,1474.5,1498.0,1466.5,1491.0,5182300
2018-11-06,1481.0,1483.0,1458.0,1473.5,5596600
2018-11-07,1464.5,1491.0,1434.0,1442.5,6863700
2018-11-08,1478.0,1493.5,1469.0,1475.5,5384400
2018-11-09,1469.0,1469.5,1444.5,1454.0,3849800
2018-11-12,1434.0,1468.5,1424.0,1464.5,3246300
2018-11-13,1425.5,1447.5,1408.5,1444.0,4630900
2018-11-14,1441.0,1472.5,1433.5,1469.0,4875500
2018-11-15,1455.5,1458.0,1437.5,1451.5,4543200
2018-11-16,1450.0,1460.5,1434.0,1440.0,4182600
2018-11-19,1454.0,1488.0,1449.5,1484.0,4999400
2018-11-20,1461.5,1473.0,1453.5,1458.5,4621600
2018-11-21,1399.0,1422.5,1366.0,1419.5,9064500
2018-11-22,1426.0,1435.0,1400.0,1407.5,5080200
2018-11-23,1407.5,1407.5,1407.5,1407.5,0
2018-11-26,1420.5,1436.0,1408.0,1432.5,4947100
2018-11-27,1450.0,1462.5,1436.0,1453.5,4148100
2018-11-28,1470.0,1480.0,1454.0,1472.5,3623800
2018-11-29,1492.5,1504.5,1478.0,1481.0,3134200
2018-11-30,1488.0,1501.0,1481.0,1498.0,5482500
2018-12-03,1527.5,1530.5,1491.0,1495.5,4963200
2018-12-04,1492.5,1503.5,1443.0,1447.5,6355400
2018-12-05,1420.0,1441.0,1415.0,1423.5,5416500
2018-12-06,1398.0,1399.0,1353.0,1366.5,8305900
2018-12-07,1383.0,1392.0,1364.5,1367.0,5781600
2018-12-10,1326.0,1347.0,1321.0,1343.5,5162600
2018-12-11,1334.0,1335.0,1298.0,1305.0,7180000
2018-12-12,1313.5,1353.0,1305.0,1338.5,6869900
2018-12-13,1332.5,1348.0,1323.0,1329.5,6475800
2018-12-14,1318.5,1323.5,1286.5,1292.5,10096900
2018-12-17,1299.0,1325.5,1295.5,1306.0,5454400
2018-12-18,1283.0,1303.5,1280.0,1282.5,6293700
2018-12-19,1279.5,1290.0,1269.0,1282.0,6871200
2018-12-20,1267.5,1269.0,1227.5,1234.5,9230800
2018-12-21,1227.5,1246.5,1218.5,1224.5,9681200
2018-12-24,1224.5,1224.5,1224.5,1224.5,0
2018-12-25,1162.0,1174.5,1146.0,1151.0,5828100
2018-12-26,1168.5,1187.5,1154.5,1175.0,5656800
2018-12-27,1231.0,1234.0,1201.5,1224.5,7880900
2018-12-28,1200.0,1229.0,1198.0,1216.5,6721000
2018-12-31,1216.5,1216.5,1216.5,1216.5,0
2019-01-04,1176.5,1184.0,1155.0,1176.0,9231000
2019-01-07,1226.0,1233.0,1215.5,1218.5,5302500
2019-01-08,1240.0,1240.5,1222.0,1225.5,6568100
2019-01-09,1251.5,1257.5,1236.0,1240.5,6028700
2019-01-10,1226.0,1243.5,1217.0,1240.5,6867100
2019-01-11,1233.5,1257.5,1231.0,1250.0,8222500
2019-01-15,1248.5,1291.0,1242.5,1286.0,10493500
2019-01-16,1306.5,1312.0,1272.0,1304.5,9163000
2019-01-17,1319.0,1321.5,1291.5,1294.5,4350600
2019-01-18,1306.5,1342.5,1306.0,1336.5,6519600
2019-01-21,1362.5,1363.0,1342.0,1354.0,5780700
2019-01-22,1354.5,1357.5,1333.5,1339.5,4289800
2019-01-23,1330.0,1354.5,1329.5,1334.5,4380900
2019-01-24,1329.0,1360.0,1326.0,1356.5,4531500
2019-01-25,1356.0,1382.0,1350.0,1373.0,4734500
2019-01-28,1390.0,1399.5,1376.0,1378.0,4875500
2019-01-29,1353.0,1368.5,1344.5,1356.5,5313500
2019-01-30,1360.0,1373.0,1351.5,1353.5,5419700
2019-01-31,1369.5,1374.5,1349.5,1365.5,5935400
2019-02-01,1371.5,1392.5,1370.0,1372.5,5448500
2019-02-04,1364.0,1418.0,1340.0,1406.5,8223200
2019-02-05,1410.0,1421.5,1379.5,1387.5,6630100
2019-02-06,1387.5,1399.5,1372.0,1385.5,4755400
2019-02-07,1384.5,1407.5,1381.5,1390.5,3940000
2019-02-08,1362.5,1369.0,1339.0,1350.0,6453600
2019-02-12,1361.5,1402.0,1360.0,1400.5,5917300
2019-02-13,1425.0,1434.0,1412.5,1434.0,4503600
2019-02-14,1422.5,1432.5,1414.0,1430.0,5079600
2019-02-15,1415.0,1422.0,1406.5,1417.0,3216200
2019-02-18,1452.5,1455.5,1439.0,1444.5,3234600
2019-02-19,1434.0,1438.5,1425.0,1438.0,3019800
2019-02-20,1449.0,1453.0,1427.5,1436.5,3301100
2019-02-21,1426.0,1436.5,1418.0,1428.0,3540400
2019-02-22,1418.0,1420.0,1402.0,1418.0,3769200
2019-02-25,1432.0,1439.0,1427.0,1433.0,2898400
2019-02-26,1435.0,1446.0,1422.5,1426.5,2855800
2019-02-27,1425.0,1428.0,1409.0,1412.5,5422400
2019-02-28,1402.0,1405.0,1394.0,1394.0,8189500
2019-03-01,1397.0,1406.5,1389.5,1389.5,4151900
2019-03-04,1412.5,1422.0,1404.0,1419.0,2744500
2019-03-05,1406.0,1415.5,1367.0,1392.5,5960600
2019-03-06,1389.5,1392.0,1380.0,1386.5,4791900
2019-03-07,1366.0,1367.0,1341.5,1350.5,4712900
2019-03-08,1334.0,1346.0,1308.0,1316.5,6912800
2019-03-11,1317.0,1332.5,1312.0,1324.0,2308600
2019-03-12,1344.0,1373.0,1343.0,1365.0,2375400
2019-03-13,1377.0,1378.0,1342.0,1353.0,2409400
2019-03-14,1372.0,1383.5,1364.5,1365.0,2669900
2019-03-15,1375.0,1402.0,1369.0,1399.5,9166400
2019-03-18,1409.0,1420.5,1404.0,1408.5,2831500
2019-03-19,1414.0,1429.0,1400.5,1427.0,1655000
2019-03-20,1438.0,1442.0,1425.5,1435.0,4334100
2019-03-22,1446.0,1464.0,1443.0,1452.0,4502600
2019-03-25,1405.0,1406.0,1383.5,1400.0,3052700
2019-03-26,1431.5,1453.0,1425.5,1449.0,2865700
2019-03-27,1444.5,1447.5,1412.5,1424.5,3059400
2019-03-28,1405.0,1421.5,1391.5,1415.0,2799100
2019-03-29,1423.0,1429.5,1403.0,1422.5,5696500
2019-04-01,1458.5,1482.5,1454.0,1475.5,4019100
2019-04-02,1508.5,1522.5,1506.5,1521.0,5313000
2019-04-03,1522.5,1536.5,1510.0,1533.5,3351400
2019-04-04,1543.0,1549.5,1529.5,1533.5,3071500
2019-04-05,1540.0,1548.5,1536.5,1544.0,3568100
2019-04-08,1550.0,1553.5,1531.5,1535.5,2417900
2019-04-09,1523.0,1543.5,1521.0,1543.5,1747800
2019-04-10,1506.0,1521.0,1500.0,1520.0,3160500
2019-04-11,1518.0,1532.0,1512.5,1527.5,1880800
2019-04-12,1542.5,1542.5,1520.5,1533.0,4415000
2019-04-15,1560.5,1567.5,1551.5,1556.5,5514000
2019-04-16,1556.5,1569.0,1549.5,1559.5,3986400
2019-04-17,1570.0,1573.0,1556.0,1560.5,3394700
2019-04-18,1549.5,1551.5,1517.0,1517.5,5730000
2019-04-19,1497.0,1528.5,1492.5,1523.0,4988400
2019-04-22,1519.5,1528.5,1508.0,1521.5,2762600
2019-04-23,1520.5,1526.0,1506.0,1523.0,3006000
2019-04-24,1536.0,1540.0,1514.0,1514.5,3186500
2019-04-25,1516.0,1527.5,1510.0,1523.5,3224400
2019-04-26,1501.5,1592.0,1493.0,1582.0,9584600
2019-05-07,1554.0,1559.5,1495.5,1524.0,7933800
2019-05-08,1490.5,1518.0,1486.0,1495.5,6515700
2019-05-09,1495.0,1515.5,1486.5,1505.0,5602700
2019-05-10,1499.0,1509.5,1471.5,1484.0,6361100
2019-05-13,1467.5,1469.0,1449.5,1449.5,4533800
2019-05-14,1402.0,1438.5,1398.5,1435.5,6156000
2019-05-15,1439.0,1448.5,1431.5,1448.5,5569600
2019-05-16,1440.5,1444.5,1419.5,1433.0,3936300
2019-05-17,1445.0,1454.0,1435.0,1439.5,3558700
2019-05-20,1437.0,1440.0,1411.5,1421.0,2589000
2019-05-21,1400.0,1404.5,1379.5,1395.0,4631200
2019-05-22,1401.5,1408.5,1385.0,1385.0,4641500
2019-05-23,1383.0,1386.5,1364.5,1378.0,4428800
2019-05-24,1353.5,1377.0,1346.0,1371.5,4564300
2019-05-27,1375.0,1382.5,1370.0,1376.0,2131300
2019-05-28,1380.0,1398.5,1378.0,1392.5,3129200
2019-05-29,1405.0,1407.5,1374.0,1387.0,4028000
2019-05-30,1378.0,1395.0,1373.0,1393.0,3513900
2019-05-31,1373.0,1377.5,1360.0,1360.5,4613700
2019-06-03,1332.5,1349.5,1330.5,1341.5,4338900
2019-06-04,1355.5,1380.5,1353.0,1378.0,6657400
2019-06-05,1418.0,1418.0,1394.0,1402.5,4833100
2019-06-06,1390.0,1397.0,1377.5,1377.5,2939700
2019-06-07,1370.0,1382.5,1354.5,1378.0,3707300
2019-06-10,1400.0,1413.5,1391.0,1407.0,4504400
2019-06-11,1405.5,1421.0,1398.5,1415.0,2906800
2019-06-12,1405.0,1420.5,1400.0,1408.0,3168500
2019-06-13,1392.5,1399.5,1374.5,1388.5,3736200
2019-06-14,1393.5,1393.5,1372.5,1383.0,3666600
2019-06-17,1372.5,1375.0,1359.5,1363.0,2859800
2019-06-18,1358.0,1363.5,1340.5,1345.5,3523600
2019-06-19,1372.0,1385.5,1367.0,1377.5,3926800
2019-06-20,1376.5,1390.0,1364.0,1388.0,4578600
2019-06-21,1388.0,1410.5,1387.0,1396.0,7157900
2019-06-24,1387.0,1396.0,1379.0,1392.0,3430100
2019-06-25,1395.5,1411.0,1393.0,1400.0,3171900
2019-06-26,1392.0,1406.0,1391.0,1397.0,3047200
2019-06-27,1411.5,1437.5,1407.0,1437.0,4009300
2019-06-28,1418.0,1430.5,1406.5,1419.0,4385000
2019-07-01,1457.5,1483.0,1450.0,1478.0,5348600
2019-07-02,1480.0,1496.0,1477.5,1490.5,4652000
2019-07-03,1476.5,1482.5,1462.5,1476.5,4186800
2019-07-04,1488.0,1490.0,1468.5,1471.5,2867400
2019-07-05,1477.0,1482.5,1470.5,1474.5,2650200
2019-07-08,1470.0,1478.0,1465.0,1465.5,3473000
2019-07-09,1478.0,1483.0,1455.0,1464.0,3474200
2019-07-10,1440.5,1453.0,1436.5,1450.0,4522100
2019-07-11,1460.5,1466.5,1452.0,1461.0,3078500
2019-07-12,1454.0,1455.5,1430.0,1433.5,4478800
2019-07-16,1433.5,1440.5,1423.0,1426.5,3951800
2019-07-17,1418.0,1443.0,1416.5,1436.0,3614400
2019-07-18,1410.0,1417.5,1379.0,1384.0,5518700
2019-07-19,1389.5,1427.0,1389.5,1420.0,4101700
2019-07-22,1404.5,1427.5,1403.0,1418.5,2620600
2019-07-23,1433.0,1454.5,1429.5,1448.5,3068100
2019-07-24,1460.0,1463.0,1445.0,1462.5,2471600
2019-07-25,1472.0,1474.0,1461.5,1469.5,2919100
2019-07-26,1492.0,1494.0,1441.5,1446.5,3758800
2019-07-29,1435.0,1441.0,1420.5,1438.5,2594400
2019-07-30,1455.5,1494.5,1425.0,1483.5,6946300
2019-07-31,1458.0,1466.0,1432.5,1432.5,6186000
2019-08-01,1429.5,1449.0,1421.0,1438.0,4185800
2019-08-02,1403.0,1408.0,1380.5,1386.5,6022500
2019-08-05,1362.0,1366.0,1312.0,1324.5,6575400
2019-08-06,1279.0,1320.0,1276.5,1318.0,4620100
2019-08-07,1296.5,1309.5,1290.5,1301.0,4732100
2019-08-08,1303.5,1323.5,1302.5,1313.5,3293700
2019-08-09,1325.5,1325.5,1302.0,1307.5,3685800
2019-08-13,1299.5,1305.5,1280.5,1296.5,4687800
2019-08-14,1314.5,1323.5,1299.5,1302.5,3408900
2019-08-15,1253.5,1278.5,1251.0,1277.5,4362900
2019-08-16,1266.0,1276.5,1265.0,1273.5,2685500
2019-08-19,1280.0,1284.0,1271.0,1271.0,3440400
2019-08-20,1274.5,1279.0,1266.5,1270.5,4011800
2019-08-21,1248.5,1254.5,1242.0,1248.0,4813000
2019-08-22,1252.5,1259.0,1223.5,1236.0,6586200
2019-08-23,1236.0,1265.5,1236.0,1256.0,4505200
2019-08-26,1213.0,1254.5,1213.0,1250.0,4823900
2019-08-27,1250.0,1266.5,1249.5,1259.0,3914700
2019-08-28,1254.5,1257.5,1245.5,1253.0,2996900
2019-08-29,1254.0,1264.0,1242.5,1248.0,3113600
2019-08-30,1278.0,1293.0,1272.0,1283.5,6492400
2019-09-02,1277.5,1281.5,1270.0,1281.0,2368200
2019-09-03,1280.0,1294.0,1279.5,1286.0,2690500
2019-09-04,1281.0,1281.0,1260.0,1273.5,2971800
2019-09-05,1292.5,1328.5,1284.5,1318.0,5422900
2019-09-06,1328.0,1339.0,1323.5,1333.5,3564300
2019-09-09,1334.5,1346.0,1331.0,1344.5,3167400
2019-09-10,1353.5,1379.0,1352.0,1379.0,4458900
2019-09-11,1396.0,1425.5,1395.0,1425.0,5867600
2019-09-12,1479.5,1481.0,1444.0,1459.0,7833600
2019-09-13,1475.0,1475.0,1455.0,1472.0,7615300
2019-09-17,1478.5,1486.0,1461.5,1472.0,4559100
2019-09-18,1472.0,1475.0,1458.5,1467.0,3364200
2019-09-19,1478.5,1504.5,1460.5,1462.5,5705800
2019-09-20,1460.5,1471.5,1445.0,1448.0,5747900
2019-09-24,1453.0,1475.0,1451.5,1463.0,3343500
2019-09-25,1452.0,1468.0,1436.0,1467.0,3339100
2019-09-26,1491.0,1495.5,1455.5,1462.5,5220100
2019-09-27,1448.0,1459.0,1423.5,1445.5,5660000
2019-09-30,1427.5,1443.5,1422.5,1432.5,4482600
2019-10-01,1448.5,1478.5,1448.5,1471.0,4306600
2019-10-02,1455.0,1462.5,1442.0,1454.5,3636700
2019-10-03,1408.5,1428.0,1404.0,1428.0,3821500
2019-10-04,1420.0,1437.5,1415.0,1434.0,2633900
2019-10-07,1436.0,1444.5,1420.0,1426.5,2007500
2019-10-08,1436.0,1442.5,1423.0,1427.5,3735400
2019-10-09,1416.0,1436.5,1413.5,1426.5,3094300
2019-10-10,1432.0,1433.0,1411.0,1428.0,2821300
2019-10-11,1445.5,1448.5,1433.0,1442.5,3578700
2019-10-15,1480.5,1487.5,1472.5,1478.5,4898300
2019-10-16,1506.0,1533.0,1506.0,1518.0,6914400
2019-10-17,1515.0,1515.5,1501.5,1503.0,4023600
2019-10-18,1511.5,1518.0,1504.0,1509.0,3319700
2019-10-21,1522.5,1526.5,1513.0,1515.0,2610600
2019-10-23,1495.0,1524.0,1489.0,1519.5,5105300
2019-10-24,1530.0,1536.0,1522.0,1529.5,3315300
2019-10-25,1530.5,1532.0,1513.5,1524.0,3169500
2019-10-28,1540.0,1554.0,1536.5,1552.0,4825900
2019-10-29,1564.5,1568.5,1551.0,1567.0,3765100
2019-10-30,1569.0,1578.0,1548.0,1572.0,6264400
2019-10-31,1572.0,1584.5,1542.0,1556.5,5991200
2019-11-01,1524.5,1561.0,1522.0,1561.0,4250300
2019-11-05,1620.0,1620.0,1574.5,1595.0,6141500
2019-11-06,1607.5,1607.5,1586.0,1592.0,4575800
2019-11-07,1584.5,1606.5,1581.0,1605.0,4022100
2019-11-08,1621.0,1622.0,1582.0,1592.5,6946300
2019-11-11,1598.0,1601.5,1565.5,1568.0,4956500
2019-11-12,1578.5,1582.5,1568.5,1580.0,3845100
2019-11-13,1573.5,1573.5,1553.5,1561.0,3744800
2019-11-14,1540.5,1553.5,1529.0,1529.0,5090600
2019-11-15,1529.0,1552.0,1524.0,1543.0,3793900
2019-11-18,1531.0,1540.0,1524.0,1527.0,3076000
2019-11-19,1519.0,1531.0,1513.0,1519.0,3287400
2019-11-20,1500.0,1526.0,1497.0,1509.5,3206700
2019-11-21,1505.0,1517.0,1481.5,1501.5,3202800
2019-11-22,1511.0,1524.0,1507.5,1510.0,3496800
2019-11-25,1525.0,1535.0,1516.0,1524.5,2917600
2019-11-26,1540.5,1553.5,1526.5,1527.0,6339500
2019-11-27,1526.0,1546.5,1526.0,1537.0,2546600
2019-11-28,1525.0,1535.0,1514.0,1520.5,3262000
2019-11-29,1526.0,1536.5,1510.0,1511.5,2895400
2019-12-02,1520.0,1540.0,1517.0,1534.5,3265800
2019-12-03,1513.5,1533.5,1502.0,1532.5,4362100
2019-12-04,1525.0,1526.5,1513.0,1520.0,3625700
2019-12-05,1535.5,1544.5,1525.0,1531.0,3727500
2019-12-06,1532.5,1538.5,1519.5,1526.0,4214700
2019-12-09,1541.0,1542.5,1528.5,1542.5,3164900
2019-12-10,1533.5,1537.0,1527.0,1535.0,3496500
2019-12-11,1532.0,1548.0,1520.0,1524.0,3528500
2019-12-12,1535.0,1536.5,1506.0,1517.5,3073600
2019-12-13,1557.5,1564.5,1547.5,1558.0,6996900
2019-12-16,1550.0,1559.0,1545.5,1549.0,2518200
2019-12-17,1565.0,1570.0,1544.0,1555.5,4458300
2019-12-18,1543.0,1544.0,1515.0,1522.0,4681900
2019-12-19,1531.0,1539.0,1523.0,1536.5,3375800
2019-12-20,1535.5,1544.0,1523.0,1527.0,4240900
2019-12-23,1525.0,1530.0,1506.5,1508.5,2836100
2019-12-24,1520.5,1525.0,1516.5,1523.0,2238000
2019-12-25,1525.5,1525.5,1508.0,1515.5,1378200
2019-12-26,1514.0,1526.5,1509.5,1526.5,1974600
2019-12-27,1540.0,1542.5,1528.0,1529.5,1896400
2019-12-30,1514.5,1516.5,1489.5,1498.5,3186200
2020-01-06,1477.0,1488.0,1464.5,1476.5,4107900
2020-01-07,1484.5,1507.0,1483.0,1504.0,3449700
2020-01-08,1475.0,1493.0,1471.5,1490.5,4770900
2020-01-09,1509.5,1524.0,1503.0,1520.0,3596100
2020-01-10,1532.0,1532.5,1512.0,1519.0,3640800
2020-01-14,1524.5,1535.5,1520.5,1532.5,3890900
2020-01-15,1522.5,1537.0,1522.0,1525.5,3595000
2020-01-16,1538.5,1539.0,1520.0,1527.0,3146300
2020-01-17,1540.5,1587.5,1539.0,1585.5,6388700
2020-01-20,1579.5,1587.5,1551.5,1563.0,4856500
2020-01-21,1580.0,1589.0,1567.0,1572.0,4421200
2020-01-22,1565.0,1592.0,1565.0,1592.0,4780200
2020-01-23,1595.0,1598.5,1579.5,1586.5,4913300
2020-01-24,1598.0,1598.5,1579.0,1588.5,2934400
2020-01-27,1562.5,1572.5,1555.5,1561.5,4147800
2020-01-28,1537.5,1544.5,1534.0,1538.5,4591500
2020-01-29,1570.0,1573.5,1546.0,1565.5,5608100
2020-01-30,1553.5,1558.5,1521.5,1532.0,5055500
2020-01-31,1546.0,1569.5,1542.0,1545.0,5607300
2020-02-03,1516.5,1593.5,1516.0,1584.0,7362200
2020-02-04,1578.5,1588.5,1551.0,1587.5,5479800
2020-02-05,1600.0,1604.0,1585.5,1598.0,3915400
2020-02-06,1637.5,1658.0,1626.5,1650.0,6608400
2020-02-07,1642.0,1642.5,1618.0,1632.0,4968200
2020-02-10,1607.0,1614.5,1602.5,1609.0,3779600
2020-02-12,1614.0,1614.0,1590.5,1604.5,5025700
2020-02-13,1598.0,1602.0,1577.5,1590.5,5183300
2020-02-14,1577.0,1580.0,1558.5,1567.0,4293000
2020-02-17,1538.5,1565.5,1537.0,1564.0,3728900
2020-02-18,1554.0,1563.5,1543.5,1551.0,3629600
2020-02-19,1560.0,1561.0,1546.5,1553.5,3228400
2020-02-20,1579.5,1588.0,1561.5,1566.5,3548900
2020-02-21,1563.0,1572.5,1552.5,1556.0,3658000
2020-02-25,1460.0,1489.5,1459.0,1477.5,9398200
2020-02-26,1461.0,1469.0,1438.5,1454.5,7389800
2020-02-27,1450.5,1455.0,1422.5,1431.5,6428900
2020-02-28,1399.0,1399.0,1354.0,1371.0,9231300
2020-03-02,1356.5,1388.5,1344.5,1374.0,6110600
2020-03-03,1392.0,1392.5,1345.0,1345.5,6033800
2020-03-04,1338.0,1368.0,1331.5,1352.5,4781500
2020-03-05,1381.0,1383.5,1352.5,1360.0,5264700
2020-03-06,1331.0,1339.0,1317.5,1330.0,5843100
2020-03-09,1273.0,1276.5,1215.5,1244.5,8309100
2020-03-10,1227.5,1266.5,1196.0,1258.0,7462600
2020-03-11,1267.0,1281.5,1248.0,1251.5,7003200
2020-03-12,1221.5,1242.5,1198.5,1214.5,9748300
2020-03-13,1096.5,1209.5,1096.5,1175.5,17323100
2020-03-16,1162.0,1202.5,1133.0,1139.5,9047700
2020-03-17,1117.0,1181.5,1105.5,1171.5,11489100
2020-03-18,1189.5,1226.0,1172.5,1184.0,10124300
2020-03-19,1210.5,1233.5,1168.5,1182.0,12566100
2020-03-23,1161.0,1205.5,1147.0,1177.5,10904900
2020-03-24,1196.5,1222.0,1170.0,1210.0,8918100
2020-03-25,1299.0,1333.5,1287.0,1331.0,7663100
2020-03-26,1326.5,1359.5,1303.5,1339.0,7527700
2020-03-27,1425.0,1435.0,1376.0,1420.5,10796100
2020-03-30,1347.0,1379.0,1320.0,1354.5,7309000
2020-03-31,1358.0,1382.0,1328.0,1335.0,6919300
2020-04-01,1312.5,1327.5,1265.5,1282.5,4676500
2020-04-02,1271.0,1281.0,1236.0,1240.0,5838000
2020-04-03,1319.5,1325.5,1235.0,1253.0,5436100
2020-04-06,1267.5,1296.5,1253.0,1288.5,6835400
2020-04-07,1318.5,1336.0,1272.0,1307.0,5980800
2020-04-08,1316.5,1343.0,1306.0,1330.0,4948900
2020-04-09,1338.5,1338.5,1301.5,1327.5,3673000
2020-04-10,1328.5,1338.5,1301.0,1333.5,2793700
2020-04-13,1315.5,1323.0,1302.5,1305.5,2234400
2020-04-14,1309.0,1337.0,1306.5,1332.0,4351600
2020-04-15,1326.5,1347.0,1312.5,1345.5,3992300
2020-04-16,1309.0,1314.0,1285.0,1294.0,4186200
2020-04-17,1309.0,1325.0,1289.0,1304.5,3339300
2020-04-20,1286.0,1314.0,1286.0,1295.0,3052800
2020-04-21,1267.5,1288.0,1265.0,1276.0,3630300
2020-04-22,1257.5,1270.0,1242.0,1260.0,3090100
2020-04-23,1265.5,1277.0,1261.0,1273.0,2619900
2020-04-24,1260.0,1282.0,1256.0,1279.5,3216400
2020-04-27,1260.5,1313.0,1258.0,1307.5,4009400
2020-04-28,1307.0,1316.5,1289.5,1313.0,3928400
2020-04-30,1361.0,1367.0,1335.5,1340.5,6178600
2020-05-01,1316.0,1318.0,1285.5,1295.5,4505300
2020-05-07,1293.0,1305.5,1278.0,1305.0,6097600
2020-05-08,1328.5,1339.0,1314.0,1335.0,4318800
2020-05-11,1352.0,1367.5,1346.0,1362.0,3644400
2020-05-12,1377.0,1393.5,1341.5,1355.5,3924600
2020-05-13,1325.5,1361.0,1322.0,1352.5,4375500
2020-05-14,1351.5,1351.5,1301.0,1301.0,3519700
2020-05-15,1331.0,1332.5,1300.0,1300.0,4315000
2020-05-18,1310.5,1313.5,1290.0,1300.0,2240300
2020-05-19,1345.5,1353.0,1338.5,1341.5,4085500
2020-05-20,1333.5,1342.0,1332.0,1335.0,2844500
2020-05-21,1335.0,1345.0,1329.0,1332.0,3011800
2020-05-22,1330.0,1337.0,1311.0,1320.5,3166100
2020-05-25,1343.0,1350.0,1336.5,1350.0,3225900
2020-05-26,1350.5,1370.0,1338.5,1363.5,5239200
2020-05-27,1370.5,1421.0,1365.5,1419.0,6552000
2020-05-28,1450.0,1475.0,1442.5,1471.5,6970400
2020-05-29,1451.5,1459.5,1418.5,1418.5,10510600
2020-06-01,1423.5,1436.0,1412.5,1423.5,4038100
2020-06-02,1445.5,1480.0,1430.0,1456.0,6838600
2020-06-03,1478.0,1480.0,1437.0,1449.0,4484500
2020-06-04,1479.0,1479.5,1434.5,1445.5,4156000
2020-06-05,1429.5,1450.5,1417.5,1450.0,5171800
2020-06-08,1468.5,1476.5,1445.0,1476.5,4961800
2020-06-09,1483.0,1498.5,1472.0,1496.5,5055700
2020-06-10,1473.5,1485.0,1464.0,1483.5,5638600
2020-06-11,1461.5,1471.0,1446.0,1451.5,5361200
2020-06-12,1440.0,1440.0,1401.0,1439.5,6896200
2020-06-15,1429.5,1448.0,1389.0,1389.0,3403300
2020-06-16,1421.0,1456.0,1409.5,1451.5,4766300
2020-06-17,1466.0,1473.0,1428.0,1435.0,3001400
2020-06-18,1422.5,1432.5,1406.5,1419.0,3138300
2020-06-19,1423.5,1425.0,1395.5,1402.5,6693000
2020-06-22,1405.0,1406.0,1391.0,1394.5,2962500
2020-06-23,1400.0,1413.0,1383.0,1398.5,4011100
2020-06-24,1400.0,1402.0,1392.0,1398.0,3188600
2020-06-25,1371.0,1380.5,1365.0,1377.0,3897700
2020-06-26,1387.0,1397.0,1384.5,1388.5,3708400
2020-06-29,1372.5,1378.0,1357.5,1368.0,3585800
2020-06-30,1411.5,1423.5,1397.5,1399.5,5336400
2020-07-01,1406.5,1410.0,1370.0,1376.0,2832900
2020-07-02,1379.5,1387.0,1365.5,1381.5,3274700
2020-07-03,1395.5,1401.0,1378.5,1395.5,1983700
2020-07-06,1400.0,1438.5,1392.0,1436.0,3677700
2020-07-07,1429.0,1435.5,1408.0,1415.0,3062300
2020-07-08,1411.5,1437.0,1405.0,1405.0,3210900
2020-07-09,1392.0,1403.0,1382.5,1393.5,3699500
2020-07-10,1397.0,1400.0,1375.0,1376.5,3782600
2020-07-13,1370.0,1396.0,1366.0,1387.0,4490100
2020-07-14,1366.5,1387.0,1366.5,1378.0,3485400
2020-07-15,1382.0,1417.0,1382.0,1412.5,4022300
2020-07-16,1410.0,1418.0,1390.0,1396.0,3797700
2020-07-17,1398.5,1409.0,1389.0,1396.0,3019400
2020-07-20,1401.0,1405.5,1388.5,1402.0,1698000
2020-07-21,1402.0,1403.5,1383.0,1388.0,3063700
2020-07-22,1392.0,1420.5,1389.5,1399.0,4011300
2020-07-27,1393.5,1430.5,1384.5,1427.0,5875600
2020-07-28,1426.5,1439.0,1417.0,1423.0,3866800
2020-07-29,1421.0,1422.0,1401.0,1409.5,3052000
2020-07-30,1412.0,1475.0,1397.0,1432.5,6307800
2020-07-31,1404.0,1421.5,1370.0,1370.5,6297000
2020-08-03,1379.5,1403.5,1361.0,1392.5,4594300
2020-08-04,1411.5,1421.5,1406.0,1411.0,3614800
2020-08-05,1397.5,1399.0,1374.5,1399.0,4012800
2020-08-06,1399.5,1415.5,1384.5,1386.0,2924000
2020-08-07,1400.0,1401.0,1376.5,1383.5,2898000
2020-08-11,1411.5,1438.5,1403.0,1432.0,4800600
2020-08-12,1440.5,1452.5,1427.0,1450.5,4126600
2020-08-13,1450.0,1461.0,1439.0,1454.5,4437600
2020-08-14,1460.5,1470.0,1447.0,1455.0,3436500
2020-08-17,1446.5,1458.0,1446.0,1447.5,1580300
2020-08-18,1442.0,1448.5,1435.0,1441.0,2783200
2020-08-19,1436.0,1446.0,1430.5,1442.5,1638900
2020-08-20,1431.0,1443.0,1430.5,1430.5,2040400
2020-08-21,1450.0,1456.5,1441.5,1442.5,2298100
2020-08-24,1445.0,1448.5,1434.5,1435.5,3294300
2020-08-25,1460.0,1468.0,1451.0,1458.0,3384300
2020-08-26,1447.0,1452.0,1440.0,1449.0,1960000
2020-08-27,1442.0,1467.0,1442.0,1462.0,2521300
2020-08-28,1472.5,1499.5,1445.0,1464.0,3588500
2020-08-31,1478.0,1486.0,1462.5,1463.0,3034100
2020-09-01,1454.5,1459.5,1442.5,1450.0,2954000
2020-09-02,1465.5,1471.5,1452.0,1465.0,2550400
2020-09-03,1484.5,1485.0,1459.0,1461.0,2763100
2020-09-04,1448.5,1460.0,1443.0,1455.5,3155500
2020-09-07,1445.5,1472.0,1445.0,1467.5,2690200
2020-09-08,1466.5,1471.5,1456.0,1470.5,3396200
2020-09-09,1454.5,1466.5,1449.0,1461.0,4073700
2020-09-10,1474.0,1490.5,1469.0,1482.5,3990300
2020-09-11,1483.0,1488.0,1461.0,1484.5,5143700
2020-09-14,1490.0,1513.0,1484.5,1506.5,3889500
2020-09-15,1500.0,1500.0,1482.5,1493.5,2426200
2020-09-16,1492.0,1494.5,1477.0,1480.0,2618800
2020-09-17,1490.0,1490.0,1463.5,1469.0,3280100
2020-09-18,1461.0,1466.0,1452.0,1462.5,5001600
2020-09-23,1469.5,1471.0,1456.5,1470.0,3904400
2020-09-24,1456.5,1464.0,1434.0,1437.5,4552500
2020-09-25,1450.0,1450.0,1440.0,1443.5,4064800
2020-09-28,1445.5,1472.0,1445.0,1470.0,5414100
2020-09-29,1457.5,1466.5,1446.0,1457.5,3041800
2020-09-30,1444.0,1452.5,1419.0,1421.5,6373500
2020-10-02,1417.5,1434.0,1407.5,1416.0,5350600
2020-10-05,1442.5,1455.5,1430.5,1435.0,3691800
2020-10-06,1432.0,1448.0,1430.0,1447.0,3015400
2020-10-07,1432.5,1443.0,1431.0,1442.0,2934800
2020-10-08,1442.0,1455.5,1434.0,1444.0,3142700
2020-10-09,1434.5,1449.0,1426.0,1430.5,3101600
2020-10-12,1423.0,1429.0,1402.0,1404.0,3319600
2020-10-13,1407.5,1413.0,1402.5,1405.0,2545700
2020-10-14,1399.5,1403.0,1389.0,1393.5,2950700
2020-10-15,1383.5,1396.5,1376.5,1381.5,3994000
2020-10-16,1376.0,1385.0,1366.5,1366.5,3211900
2020-10-19,1377.5,1386.0,1375.5,1379.0,2258700
2020-10-20,1368.5,1377.5,1354.0,1361.5,3269700
2020-10-21,1373.5,1388.0,1368.5,1381.0,3114300
2020-10-22,1371.5,1375.5,1355.5,1361.0,2711800
2020-10-23,1371.0,1377.5,1358.0,1365.5,2642300
2020-10-26,1365.5,1374.0,1361.5,1367.5,2539700
2020-10-27,1373.0,1374.0,1355.0,1371.0,2752900
2020-10-28,1362.5,1374.5,1356.5,1371.5,2865300
2020-10-29,1371.5,1409.0,1363.0,1398.5,7082600
2020-10-30,1368.5,1368.5,1330.5,1340.0,7973400
2020-11-02,1349.5,1365.5,1339.0,1355.0,4435400
2020-11-04,1385.0,1391.0,1357.0,1358.5,4257200
2020-11-05,1340.0,1351.5,1325.5,1338.0,5367800
2020-11-06,1312.0,1352.5,1304.5,1346.5,4950800
2020-11-09,1355.0,1365.5,1342.0,1360.0,4300300
2020-11-10,1400.0,1415.0,1391.0,1406.0,7358400
2020-11-11,1450.0,1464.5,1439.0,1464.0,6105500
2020-11-12,1461.0,1472.5,1422.5,1430.5,4913700
2020-11-13,1415.5,1430.0,1384.0,1392.5,5080600
2020-11-16,1392.5,1424.0,1390.5,1415.0,4204100
2020-11-17,1447.0,1481.0,1441.0,1477.5,7477900
2020-11-18,1478.5,1483.5,1447.5,1463.5,5598400
2020-11-19,1458.5,1468.5,1443.5,1468.5,4838300
2020-11-20,1490.0,1490.0,1469.5,1484.0,5084600
2020-11-24,1511.0,1538.0,1504.0,1520.5,5418500
2020-11-25,1539.5,1571.0,1536.5,1550.5,6385900
2020-11-26,1523.5,1573.0,1520.5,1562.0,3656000
2020-11-27,1562.0,1575.0,1549.0,1561.5,5451400
2020-11-30,1570.0,1571.0,1528.0,1533.5,7067600
2020-12-01,1531.0,1546.5,1524.0,1536.0,4200000
2020-12-02,1556.5,1567.5,1548.0,1557.5,6197600
2020-12-03,1563.0,1581.5,1559.0,1569.5,4957400
2020-12-04,1570.0,1571.5,1548.5,1550.5,3191800
2020-12-07,1580.5,1580.5,1526.5,1533.0,3546600
2020-12-08,1507.5,1522.5,1505.0,1513.0,3300600
2020-12-09,1506.0,1531.0,1505.0,1521.5,4227900
2020-12-10,1533.0,1536.0,1496.0,1502.5,4490000
2020-12-11,1504.5,1509.0,1486.5,1494.0,4632300
2020-12-14,1488.5,1545.5,1487.0,1531.5,3686300
2020-12-15,1537.5,1548.0,1527.5,1535.5,2980500
2020-12-16,1554.5,1558.5,1543.0,1550.0,3363700
2020-12-17,1566.0,1574.5,1550.5,1553.5,3884700
2020-12-18,1540.0,1566.5,1536.0,1562.5,6326500
2020-12-21,1574.5,1576.0,1544.5,1552.5,3047400
2020-12-22,1540.5,1562.0,1532.5,1549.0,3381600
2020-12-23,1550.0,1553.5,1534.0,1545.5,2611000
2020-12-24,1570.0,1573.0,1543.0,1545.0,2034000
2020-12-25,1548.0,1562.0,1545.0,1559.0,1188200
2020-12-28,1556.5,1576.5,1556.5,1572.5,2334100
2020-12-29,1574.5,1591.0,1569.5,1587.0,3561800
2020-12-30,1575.5,1575.5,1554.0,1557.0,3796800
2021-01-04,1563.0,1569.5,1519.0,1541.0,3182800
2021-01-05,1540.5,1572.0,1533.0,1571.5,4145800
2021-01-06,1558.5,1571.5,1553.0,1566.5,2732300
2021-01-07,1606.0,1643.0,1597.0,1625.0,5806700
2021-01-08,1621.0,1639.0,1616.5,1639.0,4130700
2021-01-12,1629.5,1641.5,1618.5,1637.5,3161800
2021-01-13,1642.0,1665.0,1637.5,1663.0,4147700
2021-01-14,1655.5,1693.5,1651.5,1682.0,4196500
2021-01-15,1679.0,1690.5,1640.0,1640.0,4054100
2021-01-18,1640.0,1642.5,1619.0,1622.5,2049000
2021-01-19,1634.0,1654.0,1629.5,1635.5,3639000
2021-01-20,1655.0,1674.5,1632.5,1668.5,4390600
2021-01-21,1672.0,1681.5,1644.0,1652.5,3667800
2021-01-22,1640.5,1644.0,1627.5,1633.5,3716600
2021-01-25,1649.0,1672.5,1637.5,1670.0,4401800
2021-01-26,1656.0,1665.0,1629.0,1635.5,4227000
2021-01-27,1650.0,1668.0,1640.0,1650.0,5415700
2021-01-28,1602.0,1622.5,1598.0,1617.5,6699900
2021-01-29,1619.0,1629.5,1592.5,1594.5,4154500
2021-02-01,1601.5,1631.5,1597.5,1622.0,4079500
2021-02-02,1633.0,1673.5,1623.5,1634.0,8560400
2021-02-03,1679.0,1699.0,1629.0,1653.0,6336700
2021-02-04,1651.0,1678.0,1640.0,1670.0,4209000
2021-02-05,1670.5,1679.5,1646.5,1658.0,4156900
2021-02-08,1670.0,1725.5,1669.0,1724.5,5990000
2021-02-09,1726.5,1731.5,1704.0,1727.5,4386400
2021-02-10,1725.5,1727.0,1706.5,1708.0,2639500
2021-02-12,1703.0,1706.5,1689.0,1698.5,3082500
2021-02-15,1713.0,1734.0,1703.5,1710.0,1862400
2021-02-16,1712.0,1715.0,1687.0,1691.5,4012000
2021-02-17,1691.0,1703.5,1686.0,1691.5,2791900
2021-02-18,1685.0,1687.0,1624.5,1626.0,5271500
2021-02-19,1624.5,1635.5,1598.0,1603.0,4177600
2021-02-22,1626.0,1632.5,1601.5,1601.5,3584100
2021-02-24,1617.5,1618.5,1566.5,1581.5,6126400
2021-02-25,1619.5,1631.0,1595.0,1622.0,4885200
2021-02-26,1602.0,1607.0,1566.5,1568.5,5494500
2021-03-01,1602.0,1632.0,1598.5,1615.0,3768300
2021-03-02,1639.0,1639.0,1591.5,1615.0,3816100
2021-03-03,1610.0,1623.0,1602.0,1611.5,3764300
2021-03-04,1611.0,1636.0,1604.5,1626.5,4803700
2021-03-05,1630.0,1638.0,1603.0,1637.0,5052000
2021-03-08,1662.0,1675.0,1636.0,1646.0,4045200
2021-03-09,1686.0,1691.0,1655.0,1672.0,5558700
2021-03-10,1667.0,1669.5,1648.5,1666.0,4179200
2021-03-11,1689.5,1710.0,1679.5,1710.0,4694300
2021-03-12,1744.0,1745.0,1703.0,1738.0,7101100
2021-03-15,1745.0,1759.5,1728.0,1746.5,4894000
2021-03-16,1747.5,1752.0,1735.0,1744.5,3799800
2021-03-17,1727.5,1735.5,1715.0,1726.0,3963700
2021-03-18,1746.0,1772.0,1739.0,1770.5,5270500
2021-03-19,1744.0,1785.5,1732.5,1775.5,7368500
2021-03-22,1745.0,1750.0,1720.5,1739.5,5335500
2021-03-23,1762.0,1762.5,1709.0,1711.0,4304100
2021-03-24,1690.0,1705.0,1673.5,1674.0,4032300
2021-03-25,1691.5,1710.0,1689.0,1702.5,4644000
2021-03-26,1722.5,1743.0,1716.0,1718.0,6239300
2021-03-29,1737.0,1756.5,1719.0,1747.5,6028600
2021-03-30,1729.5,1729.5,1696.5,1718.5,3988800
2021-03-31,1690.5,1719.0,1684.5,1686.5,4664500
2021-04-01,1718.0,1720.0,1674.0,1677.0,3415900
2021-04-02,1695.5,1715.0,1691.5,1700.0,2537900
2021-04-05,1703.0,1715.0,1689.5,1695.0,2117600
2021-04-06,1695.0,1701.0,1661.0,1663.5,2985600
2021-04-07,1682.5,1683.0,1656.5,1670.5,3068300
2021-04-08,1659.5,1665.0,1651.0,1655.0,2652900
2021-04-09,1655.5,1675.5,1645.5,1664.0,3732900
2021-04-12,1683.5,1689.0,1658.0,1665.5,2304200
2021-04-13,1666.0,1695.0,1661.5,1678.5,2725000
2021-04-14,1674.5,1675.5,1657.0,1658.0,2612000
2021-04-15,1662.5,1674.0,1656.5,1663.5,2173100
2021-04-16,1665.5,1684.0,1659.0,1679.5,2562400
2021-04-19,1689.0,1691.5,1678.5,1679.0,1944200
2021-04-20,1674.5,1674.5,1644.5,1661.0,3534300
2021-04-21,1634.0,1639.0,1592.0,1598.0,4441000
2021-04-22,1638.0,1659.0,1623.5,1655.5,3876300
2021-04-23,1640.0,1654.5,1628.5,1643.0,2695200
2021-04-26,1646.0,1655.5,1617.0,1633.5,2553600
2021-04-27,1633.0,1639.0,1605.5,1611.0,3683100
2021-04-28,1606.5,1662.5,1594.0,1626.0,7432700
2021-04-30,1688.0,1703.0,1660.5,1682.0,6519200
2021-05-06,1701.5,1704.5,1666.5,1666.5,5144700
2021-05-07,1675.0,1686.5,1666.0,1674.0,3058300
2021-05-10,1690.5,1716.5,1687.0,1696.0,3197300
2021-05-11,1709.0,1719.5,1673.0,1683.5,4483000
2021-05-12,1685.0,1693.5,1634.5,1647.0,3911500
2021-05-13,1625.0,1644.5,1613.5,1620.5,3314400
2021-05-14,1642.0,1643.0,1617.5,1628.5,3795600
2021-05-17,1631.0,1656.0,1627.5,1639.0,3096400
2021-05-18,1648.0,1669.5,1639.5,1663.0,3327200
2021-05-19,1648.0,1673.5,1642.0,1654.0,3933300
2021-05-20,1654.5,1683.5,1652.5,1673.0,3095500
2021-05-21,1673.5,1683.5,1663.5,1677.0,2768300
2021-05-24,1683.0,1714.5,1680.0,1690.0,2392500
2021-05-25,1697.5,1700.0,1682.5,1693.0,3443300
2021-05-26,1675.0,1693.5,1669.5,1690.0,3156700
2021-05-27,1689.5,1707.5,1687.0,1707.0,8660400
2021-05-28,1727.5,1738.0,1716.5,1721.5,3390100
2021-05-31,1711.0,1711.0,1685.0,1692.0,2972700
2021-06-01,1692.5,1699.0,1668.0,1690.5,2319900
2021-06-02,1730.5,1754.5,1718.0,1742.0,6032000
2021-06-03,1755.5,1812.0,1741.5,1793.0,7094900
2021-06-04,1791.0,1812.0,1783.0,1802.0,3490200
2021-06-07,1817.0,1817.0,1792.5,1809.5,4202000
2021-06-08,1813.0,1816.0,1791.5,1800.0,3359400
2021-06-09,1815.0,1815.5,1775.0,1779.5,2572700
2021-06-10,1770.0,1771.0,1745.0,1747.5,5683200
2021-06-11,1741.0,1770.5,1734.5,1741.5,6044100
2021-06-14,1748.5,1756.5,1725.5,1734.0,3545100
2021-06-15,1728.5,1755.5,1723.0,1739.0,4360600
2021-06-16,1742.0,1763.0,1736.5,1747.0,3149500
2021-06-17,1736.0,1743.5,1717.5,1719.5,3853600
2021-06-18,1720.0,1735.5,1712.5,1714.5,5882600
2021-06-21,1674.5,1675.5,1626.5,1641.5,6646500
2021-06-22,1691.0,1727.5,1691.0,1720.0,4850500
2021-06-23,1717.0,1726.0,1709.5,1709.5,2805600
2021-06-24,1669.5,1681.5,1660.0,1667.5,5669600
2021-06-25,1677.5,1692.5,1663.0,1678.0,5505900
2021-06-28,1678.0,1686.5,1653.0,1658.0,5097300
2021-06-29,1639.5,1642.5,1620.0,1633.0,8127400
2021-06-30,1593.0,1628.5,1590.0,1612.5,14979200
2021-07-01,1593.5,1612.0,1503.0,1515.0,16358100
2021-07-02,1536.5,1559.5,1530.0,1554.5,10233300
2021-07-05,1534.5,1535.0,1518.5,1526.0,6295400
2021-07-06,1518.0,1519.0,1488.0,1501.0,7939200
2021-07-07,1480.0,1497.0,1471.0,1478.5,9369700
2021-07-08,1473.5,1484.5,1465.5,1465.5,8238100
2021-07-09,1437.5,1451.0,1424.0,1447.0,10731300
2021-07-12,1489.5,1497.5,1469.5,1484.5,6535300
2021-07-13,1485.0,1514.0,1485.0,1499.5,4868900
2021-07-14,1504.0,1531.5,1502.0,1515.5,7764700
2021-07-15,1499.5,1512.0,1487.5,1490.0,6345900
2021-07-16,1485.0,1504.0,1479.0,1494.5,4222900
2021-07-19,1480.0,1487.5,1463.5,1475.0,5307300
2021-07-20,1451.0,1475.0,1450.0,1460.5,5965200
2021-07-21,1488.5,1498.5,1473.0,1478.0,4032800
2021-07-26,1517.0,1517.0,1493.5,1502.5,4663800
2021-07-27,1515.0,1518.0,1503.0,1506.5,4722100
2021-07-28,1486.5,1509.0,1486.5,1489.5,4376700
2021-07-29,1499.5,1532.0,1492.0,1500.0,11334700
2021-07-30,1491.0,1514.0,1474.0,1476.0,8187500
2021-08-02,1485.5,1519.5,1485.0,1515.0,5925500
2021-08-03,1500.0,1516.5,1499.5,1514.0,3946900
2021-08-04,1513.0,1516.5,1504.5,1510.0,4552400
2021-08-05,1510.0,1520.5,1510.0,1518.0,3018900
2021-08-06,1503.0,1514.5,1496.5,1508.5,3485000
2021-08-10,1518.0,1536.5,1513.5,1518.5,4143500
2021-08-11,1517.5,1537.0,1512.0,1533.5,4128600
2021-08-12,1524.5,1538.5,1510.5,1513.5,4094300
2021-08-13,1516.5,1522.0,1511.0,1514.0,3812100
2021-08-16,1512.0,1514.5,1487.0,1494.0,4759800
2021-08-17,1501.0,1502.5,1477.0,1478.5,4418900
2021-08-18,1448.5,1472.0,1440.0,1454.5,6714800
2021-08-19,1453.5,1473.0,1452.0,1453.5,5109900
2021-08-20,1452.5,1465.0,1438.0,1442.5,4757000
2021-08-23,1457.5,1477.0,1455.5,1469.0,3903300
2021-08-24,1471.0,1485.5,1468.0,1471.5,4666500
2021-08-25,1481.5,1498.0,1474.5,1474.5,3266200
2021-08-26,1474.0,1482.5,1466.5,1469.0,3618200
2021-08-27,1466.0,1487.0,1464.5,1480.5,4800100
2021-08-30,1495.0,1509.0,1492.5,1501.0,4019500
2021-08-31,1505.0,1519.5,1501.0,1505.5,7249400
2021-09-01,1505.5,1516.0,1501.5,1512.5,3604800
2021-09-02,1509.0,1514.0,1498.0,1507.0,3140700
2021-09-03,1522.5,1538.5,1517.0,1530.5,4563700
2021-09-06,1545.0,1548.5,1534.5,1535.5,3779900
2021-09-07,1547.5,1561.0,1542.5,1547.5,4151100
2021-09-08,1547.5,1563.0,1547.0,1559.0,5481900
2021-09-09,1555.5,1574.0,1554.0,1560.5,6737600
2021-09-10,1548.0,1565.0,1548.0,1564.5,7093600
2021-09-13,1562.5,1580.0,1558.0,1580.0,4043200
2021-09-14,1590.5,1599.5,1585.0,1598.0,5181800
2021-09-15,1587.5,1601.5,1580.0,1584.5,5264500
2021-09-16,1589.5,1602.0,1583.0,1588.5,5482000
2021-09-17,1598.5,1600.0,1581.5,1590.0,8762400
2021-09-21,1550.0,1587.0,1541.5,1576.5,5764100
2021-09-22,1565.5,1565.5,1540.0,1548.5,5391800
2021-09-24,1594.5,1596.5,1577.0,1593.0,5704600
2021-09-27,1600.0,1611.0,1579.0,1580.5,4148100
2021-09-28,1585.5,1594.5,1573.5,1589.5,5831000
2021-09-29,1557.0,1567.5,1541.5,1567.0,5172700
2021-09-30,1570.5,1571.0,1552.0,1557.0,4705500
2021-10-01,1527.0,1552.5,1527.0,1535.0,4761800
2021-10-04,1547.0,1549.5,1497.5,1503.5,5010400
2021-10-05,1476.0,1481.5,1456.5,1464.0,6025000
2021-10-06,1483.5,1508.0,1470.0,1487.5,7124900
2021-10-07,1486.5,1503.0,1480.5,1493.5,6436300
2021-10-08,1520.0,1524.5,1505.5,1509.0,5795800
2021-10-11,1509.0,1527.5,1504.0,1526.5,3869600
2021-10-12,1533.5,1542.5,1518.5,1527.0,2757600
2021-10-13,1516.0,1526.5,1509.5,1511.0,3153400
2021-10-14,1508.5,1531.0,1506.5,1526.0,3556700
2021-10-15,1542.0,1563.5,1542.0,1560.0,2595100
2021-10-18,1567.0,1569.5,1556.5,1562.5,1977800
2021-10-19,1566.5,1572.0,1549.0,1559.5,2706900
2021-10-20,1581.0,1609.0,1579.5,1606.5,6165000
2021-10-21,1616.5,1629.0,1587.0,1587.5,4302800
2021-10-22,1581.5,1594.5,1572.0,1583.5,2886600
2021-10-25,1583.5,1596.5,1572.5,1586.0,2682200
2021-10-26,1597.5,1611.0,1587.5,1603.5,3228100
2021-10-27,1607.5,1609.0,1588.0,1597.0,3800400
2021-10-28,1596.5,1598.0,1535.0,1566.5,10093800
2021-10-29,1559.5,1565.0,1506.5,1525.0,6828800
2021-11-01,1529.0,1533.5,1507.0,1528.5,7880800
2021-11-02,1523.5,1533.5,1520.0,1524.5,5979300
2021-11-04,1541.0,1557.0,1530.5,1555.0,6036200
2021-11-05,1544.5,1548.5,1525.5,1535.5,3227600
2021-11-08,1542.0,1549.0,1531.5,1534.0,3234700
2021-11-09,1542.0,1542.5,1499.0,1503.0,3319100
2021-11-10,1510.0,1535.5,1509.0,1525.5,3422800
2021-11-11,1520.0,1535.5,1519.5,1525.5,2105700
2021-11-12,1530.0,1553.0,1526.0,1528.0,4478100
2021-11-15,1539.5,1552.5,1534.0,1535.5,3249900
2021-11-16,1536.0,1547.0,1522.5,1523.0,3484600
2021-11-17,1500.0,1505.0,1493.0,1500.0,5875900
2021-11-18,1510.0,1514.0,1497.0,1506.5,4755700
2021-11-19,1505.0,1524.0,1503.0,1523.0,6037600
2021-11-22,1503.0,1509.0,1482.0,1497.0,4002200
2021-11-24,1500.0,1509.5,1485.5,1490.5,5830400
2021-11-25,1485.0,1493.0,1477.0,1477.5,5532500
2021-11-26,1479.0,1479.5,1468.0,1473.5,5894700
2021-11-29,1459.0,1484.0,1451.5,1453.0,5819000
2021-11-30,1460.5,1469.5,1418.0,1424.5,15360300
2021-12-01,1433.0,1452.0,1426.5,1432.5,8868000
2021-12-02,1419.0,1436.0,1408.0,1425.0,6422800
2021-12-03,1429.0,1449.5,1418.0,1447.0,5438400
2021-12-06,1447.0,1459.0,1442.5,1444.5,3845000
2021-12-07,1453.5,1473.0,1445.0,1470.0,7676700
2021-12-08,1470.0,1476.0,1456.5,1473.0,5514500
2021-12-09,1474.5,1488.5,1467.0,1471.0,5870200
2021-12-10,1476.5,1491.5,1472.5,1479.0,4271600
2021-12-13,1489.0,1497.0,1478.5,1480.0,3296300
2021-12-14,1470.0,1478.0,1460.5,1473.5,4842400
2021-12-15,1474.0,1491.0,1474.0,1488.5,3761100
2021-12-16,1505.0,1510.0,1493.0,1503.5,3879300
2021-12-17,1497.0,1502.0,1482.0,1491.5,7459400
2021-12-20,1474.5,1480.0,1451.0,1451.0,3655400
2021-12-21,1474.5,1496.0,1470.5,1484.0,4044900
2021-12-22,1491.0,1499.0,1488.0,1495.5,3652600
2021-12-23,1500.0,1516.0,1500.0,1516.0,3464600
2021-12-24,1515.5,1518.0,1477.0,1481.0,3549200
2021-12-27,1479.0,1480.5,1460.0,1461.0,1938500
2021-12-28,1476.5,1481.0,1465.0,1472.5,3150800
2021-12-29,1478.5,1482.0,1463.5,1470.5,2714400
2021-12-30,1459.0,1464.5,1445.5,1458.5,2960000
2022-01-04,1470.0,1504.0,1469.0,1501.5,5187200
2022-01-05,1516.0,1525.0,1505.5,1517.5,4527100
2022-01-06,1514.5,1519.5,1489.0,1496.0,3869100
2022-01-07,1503.5,1517.0,1490.5,1504.0,4501300
2022-01-11,1500.5,1515.0,1493.5,1513.0,5666700
2022-01-12,1530.0,1557.5,1525.5,1555.0,6527000
2022-01-13,1559.5,1560.0,1535.5,1543.5,5793100
2022-01-14,1534.5,1536.0,1515.0,1525.0,7147700
2022-01-17,1520.5,1532.5,1511.0,1514.5,3340100
2022-01-18,1527.0,1529.0,1504.5,1513.5,3155000
2022-01-19,1501.0,1504.0,1467.5,1470.0,5829000
2022-01-20,1454.5,1482.0,1454.5,1472.0,5019100
2022-01-21,1468.5,1482.5,1458.0,1477.5,5331400
2022-01-24,1477.5,1490.0,1469.0,1484.5,4489200
2022-01-25,1475.5,1475.5,1448.5,1457.0,5645700
2022-01-26,1458.5,1463.0,1443.5,1448.5,4253600
2022-01-27,1451.0,1467.0,1417.0,1423.5,5937000
2022-01-28,1446.0,1455.5,1436.0,1448.5,5816400
2022-01-31,1427.0,1435.5,1413.0,1431.5,5659200
2022-02-01,1448.5,1461.5,1436.5,1440.5,4261300
2022-02-02,1440.5,1467.5,1377.0,1379.0,12680000
2022-02-03,1386.0,1399.0,1337.5,1375.5,10931200
2022-02-04,1384.5,1404.0,1373.0,1400.0,6651900
2022-02-07,1400.0,1417.5,1394.5,1410.0,6179700
2022-02-08,1410.0,1424.0,1408.0,1420.0,5296600
2022-02-09,1419.5,1428.0,1411.0,1422.0,5619100
2022-02-10,1435.0,1443.0,1424.5,1440.5,6404700
2022-02-14,1410.5,1427.0,1405.5,1420.5,4326300
2022-02-15,1420.5,1438.5,1419.5,1435.0,4346100
2022-02-16,1454.5,1456.0,1431.0,1440.0,5239100
2022-02-17,1442.5,1452.0,1436.5,1445.5,3653600
2022-02-18,1426.5,1452.0,1426.0,1446.0,3164300
2022-02-21,1430.5,1436.5,1418.5,1425.0,3087500
2022-02-22,1400.0,1417.0,1399.0,1410.0,3465700
2022-02-24,1371.0,1391.0,1367.0,1373.5,5459600
2022-02-25,1375.0,1391.5,1374.5,1380.5,3435400
2022-02-28,1377.0,1394.0,1373.0,1381.5,4960000
2022-03-01,1408.0,1419.0,1401.0,1404.5,4181100
2022-03-02,1376.0,1395.5,1376.0,1383.5,4181700
2022-03-03,1399.0,1399.5,1385.5,1388.0,3539200
2022-03-04,1388.0,1393.0,1363.0,1370.0,3902000
2022-03-07,1342.0,1344.5,1289.0,1304.5,5426500
2022-03-08,1275.5,1283.0,1228.5,1233.0,7550200
2022-03-09,1227.0,1299.0,1225.5,1274.0,7369400
2022-03-10,1285.5,1321.5,1282.5,1313.0,5032800
2022-03-11,1290.0,1316.0,1287.0,1313.0,5215000
2022-03-14,1329.0,1339.0,1315.0,1317.5,2970500
2022-03-15,1323.0,1349.5,1320.0,1338.0,3258500
2022-03-16,1351.5,1359.0,1336.5,1337.5,5252300
2022-03-17,1363.5,1388.5,1345.5,1380.5,5186800
2022-03-18,1384.0,1392.5,1373.0,1387.5,7463100
2022-03-22,1382.5,1405.5,1382.0,1405.0,5053200
2022-03-23,1418.5,1441.5,1413.5,1437.0,4035400
2022-03-24,1427.0,1445.0,1420.5,1440.5,3694400
2022-03-25,1440.0,1446.5,1426.5,1435.5,3679100
2022-03-28,1440.5,1445.0,1431.0,1440.0,3352400
2022-03-29,1451.5,1455.0,1445.5,1455.0,5657000
2022-03-30,1436.0,1437.0,1404.5,1419.5,4904600
2022-03-31,1409.5,1427.5,1396.5,1410.0,5554500
2022-04-01,1414.5,1419.0,1387.5,1408.0,3783300
2022-04-04,1413.5,1415.0,1400.5,1410.0,2458600
2022-04-05,1415.0,1419.5,1388.5,1392.0,4650100
2022-04-06,1373.0,1377.5,1346.5,1351.5,4889300
2022-04-07,1330.0,1331.0,1305.0,1325.0,6383500
2022-04-08,1347.5,1366.5,1343.5,1353.0,5303100
2022-04-11,1344.0,1356.0,1341.5,1355.5,3217500
2022-04-12,1345.0,1345.5,1329.0,1331.5,3712800
2022-04-13,1329.0,1355.0,1324.5,1352.5,3285400
2022-04-14,1353.0,1368.0,1349.5,1365.0,3412800
2022-04-15,1353.0,1364.0,1343.0,1358.5,2011000
2022-04-18,1340.0,1351.5,1332.5,1345.0,1803600
2022-04-19,1369.5,1372.5,1352.5,1370.0,2723200
2022-04-20,1400.0,1403.5,1380.0,1394.0,5075400
2022-04-21,1390.0,1406.5,1389.5,1402.5,4337500
2022-04-22,1379.5,1380.0,1359.0,1376.0,4490000
2022-04-25,1344.5,1361.5,1338.5,1356.0,3911700
2022-04-26,1356.0,1367.5,1352.5,1354.0,3487400
2022-04-27,1313.0,1338.5,1313.0,1332.5,4473900
2022-04-28,1349.0,1377.5,1307.0,1368.0,6999000
2022-05-02,1367.5,1376.5,1348.5,1355.0,5832000
2022-05-06,1342.5,1374.5,1325.5,1374.0,8174300
2022-05-09,1361.0,1373.0,1352.5,1355.0,4144200
2022-05-10,1342.5,1354.5,1328.5,1351.0,3404500
2022-05-11,1315.0,1335.0,1312.0,1326.5,4903600
2022-05-12,1321.5,1343.0,1315.0,1329.0,3361300
2022-05-13,1354.5,1416.0,1348.0,1406.0,7587900
2022-05-16,1440.0,1448.0,1417.5,1429.0,5816100
2022-05-17,1423.0,1429.0,1401.0,1404.5,3782300
2022-05-18,1407.0,1423.5,1402.5,1405.0,4406000
2022-05-19,1380.0,1403.5,1375.5,1396.0,4486500
2022-05-20,1401.5,1420.0,1397.0,1417.0,4112300
2022-05-23,1440.0,1440.0,1415.5,1426.0,2790100
2022-05-24,1421.5,1433.0,1412.0,1426.0,3416300
2022-05-25,1419.0,1429.0,1408.0,1422.5,3657400
2022-05-26,1365.0,1379.0,1338.5,1363.5,10725200
2022-05-27,1382.5,1388.0,1373.0,1381.0,6280100
2022-05-30,1405.0,1423.5,1393.0,1418.5,5448900
2022-05-31,1420.0,1431.5,1410.0,1416.0,17132000
2022-06-01,1417.0,1446.5,1413.0,1446.0,3886400
2022-06-02,1446.5,1454.5,1426.5,1448.0,3843600
2022-06-03,1465.0,1465.5,1443.0,1457.0,2698900
2022-06-06,1450.5,1451.0,1441.0,1447.0,2771100
2022-06-07,1458.0,1458.5,1444.5,1454.0,3333300
2022-06-08,1461.5,1494.5,1460.0,1490.5,4437000
2022-06-09,1490.0,1504.5,1484.5,1486.0,4608300
2022-06-10,1482.0,1485.0,1469.0,1476.0,4227400
2022-06-13,1435.0,1452.5,1435.0,1449.0,3518800
2022-06-14,1426.0,1444.5,1424.0,1434.5,4355000
2022-06-15,1422.5,1428.0,1405.0,1405.5,4655100
2022-06-16,1425.0,1442.0,1416.0,1424.5,3201600
2022-06-17,1384.5,1412.5,1377.0,1402.0,6435300
2022-06-20,1423.0,1423.5,1374.0,1382.5,4453200
2022-06-21,1385.5,1405.5,1381.0,1403.5,2930200
2022-06-22,1421.0,1422.0,1395.5,1395.5,3357000
2022-06-23,1397.5,1431.0,1392.5,1425.5,4683800
2022-06-24,1429.0,1457.5,1422.5,1452.0,5082500
2022-06-27,1465.5,1477.0,1454.0,1474.5,4153500
2022-06-28,1475.0,1480.5,1460.5,1479.0,4441100
2022-06-29,1467.0,1488.0,1465.0,1465.5,4314000
2022-06-30,1450.0,1467.0,1447.5,1451.0,4455600
2022-07-01,1462.0,1475.5,1441.5,1447.5,4923300
2022-07-04,1451.0,1471.5,1448.5,1468.5,2643700
2022-07-05,1484.0,1484.0,1461.5,1465.0,2845300
2022-07-06,1442.0,1446.5,1424.5,1433.5,3987500
2022-07-07,1445.0,1462.0,1427.0,1457.0,4626900
2022-07-08,1460.5,1479.0,1451.0,1454.5,5161700
2022-07-11,1476.0,1483.0,1467.0,1469.0,3276200
2022-07-12,1470.0,1473.0,1438.0,1446.0,3334600
2022-07-13,1448.5,1455.5,1439.5,1446.0,3014400
2022-07-14,1420.0,1448.0,1416.0,1443.5,3376400
2022-07-15,1448.0,1454.0,1438.0,1441.0,2469000
2022-07-19,1453.5,1455.0,1440.0,1444.0,3429400
2022-07-20,1474.0,1479.0,1459.5,1478.5,4894000
2022-07-21,1471.5,1483.0,1460.0,1478.5,3774900
2022-07-22,1476.5,1484.5,1467.0,1482.0,3607600
2022-07-25,1478.5,1483.5,1470.0,1475.5,2748200
2022-07-26,1481.5,1494.5,1479.0,1486.5,3482300
2022-07-27,1480.5,1495.5,1473.5,1487.0,2852100
2022-07-28,1491.0,1492.5,1395.0,1401.5,11076200
2022-07-29,1409.0,1420.5,1400.5,1404.0,6430200
2022-08-01,1396.0,1403.0,1377.0,1395.0,6905200
2022-08-02,1380.0,1385.5,1352.5,1352.5,5897100
2022-08-03,1367.0,1402.5,1365.0,1392.0,6978200
2022-08-04,1392.0,1394.5,1375.5,1382.0,4154500
2022-08-05,1367.0,1382.0,1362.0,1378.5,4031500
2022-08-08,1379.0,1396.5,1375.5,1394.0,2939400
2022-08-09,1381.5,1391.0,1374.5,1386.0,3477100
2022-08-10,1389.5,1392.0,1374.5,1392.0,2608100
2022-08-12,1399.0,1417.5,1395.0,1411.0,5994000
2022-08-15,1412.5,1444.0,1411.5,1444.0,3144600
2022-08-16,1440.0,1440.5,1425.0,1432.0,2144200
2022-08-17,1444.0,1458.5,1441.5,1457.0,4146400
2022-08-18,1435.5,1440.0,1429.0,1438.0,2690400
2022-08-19,1455.5,1459.0,1433.0,1437.0,2852500
2022-08-22,1415.5,1442.0,1413.0,1435.5,3589400
2022-08-23,1426.0,1429.0,1404.5,1415.0,3894700
2022-08-24,1412.0,1420.5,1407.5,1414.5,3434500
2022-08-25,1415.5,1427.0,1412.5,1424.5,2956200
2022-08-26,1425.0,1435.0,1420.5,1426.5,2619300
2022-08-29,1382.0,1394.5,1381.0,1392.5,3977800
2022-08-30,1405.0,1411.0,1397.0,1406.0,3209900
2022-08-31,1395.0,1418.5,1391.0,1418.5,9349200
2022-09-01,1394.0,1405.5,1381.0,1386.0,5185200
2022-09-02,1395.0,1405.0,1390.5,1399.5,5487300
2022-09-05,1399.5,1403.0,1383.0,1386.0,2912200
2022-09-06,1385.0,1391.5,1375.0,1384.0,2316600
2022-09-07,1368.0,1375.0,1362.0,1368.5,4895900
2022-09-08,1381.0,1401.5,1377.0,1401.5,4403600
2022-09-09,1396.5,1408.5,1392.0,1396.5,5539100
2022-09-12,1407.0,1409.0,1387.0,1390.0,2754700
2022-09-13,1391.0,1397.0,1387.5,1390.0,2351400
2022-09-14,1352.5,1364.5,1342.0,1357.0,5379100
2022-09-15,1357.5,1363.0,1350.0,1357.5,2917200
2022-09-16,1362.0,1374.5,1359.0,1368.0,5641400
2022-09-20,1375.0,1396.5,1374.0,1387.5,4421000
2022-09-21,1371.0,1372.5,1357.5,1363.0,4046100
2022-09-22,1351.0,1367.5,1346.5,1362.0,4133900
2022-09-26,1340.0,1344.5,1318.0,1321.0,6065900
2022-09-27,1336.0,1349.0,1330.0,1332.5,5153700
2022-09-28,1310.5,1326.0,1305.5,1323.5,5044200
2022-09-29,1324.5,1337.0,1314.0,1320.5,5744400
2022-09-30,1324.0,1330.0,1304.5,1304.5,5692400
2022-10-03,1298.0,1310.5,1293.0,1306.5,6461800
2022-10-04,1334.5,1345.5,1327.5,1343.5,7266800
2022-10-05,1358.0,1358.0,1339.5,1343.0,5436600
2022-10-06,1349.0,1367.5,1346.0,1360.0,5582200
2022-10-07,1341.5,1349.0,1339.5,1347.0,4034200
2022-10-11,1342.0,1349.0,1329.5,1334.5,4446000
2022-10-12,1333.0,1334.0,1318.0,1325.5,3281000
2022-10-13,1324.5,1336.0,1320.0,1334.5,3779900
2022-10-14,1363.0,1387.0,1356.0,1377.0,6607300
2022-10-17,1358.5,1377.0,1357.5,1369.0,3513300
2022-10-18,1390.0,1391.0,1379.5,1386.5,3806100
2022-10-19,1395.0,1401.0,1390.0,1398.0,3480100
2022-10-20,1374.0,1392.5,1372.0,1389.0,4437200
2022-10-21,1379.0,1421.0,1378.5,1402.5,6541400
2022-10-24,1413.5,1413.5,1396.0,1397.0,3545800
2022-10-25,1410.0,1420.0,1406.5,1417.0,4407800
2022-10-26,1408.0,1412.5,1386.5,1395.0,5218500
2022-10-27,1386.0,1392.5,1372.0,1379.0,4283600
2022-10-28,1369.5,1384.0,1334.0,1338.5,11743200
2022-10-31,1344.0,1350.0,1308.0,1310.0,8516200
2022-11-01,1316.0,1318.0,1305.5,1310.0,4678200
2022-11-02,1309.5,1319.5,1301.0,1303.5,5523900
2022-11-04,1317.5,1328.5,1305.0,1310.0,6824800
2022-11-07,1320.0,1321.0,1311.5,1315.5,3682200
2022-11-08,1319.5,1322.5,1314.0,1320.5,4271900
2022-11-09,1330.0,1335.5,1323.0,1335.0,5063800
2022-11-10,1323.0,1328.0,1316.0,1323.0,4242600
2022-11-11,1358.0,1359.5,1347.5,1358.0,4805200
2022-11-14,1346.0,1360.0,1346.0,1349.0,3996200
2022-11-15,1353.0,1375.0,1349.0,1372.5,4376900
2022-11-16,1376.5,1377.0,1360.5,1372.0,5497900
2022-11-17,1371.5,1376.0,1362.5,1367.5,3568200
2022-11-18,1372.0,1384.5,1369.5,1379.0,3071600
2022-11-21,1390.0,1397.5,1381.0,1392.0,3812700
2022-11-22,1400.0,1414.0,1400.0,1412.5,4443700
2022-11-24,1430.0,1442.0,1429.5,1437.0,5204500
2022-11-25,1435.5,1439.5,1422.5,1422.5,3203800
2022-11-28,1423.0,1425.0,1404.5,1413.0,2696800
2022-11-29,1395.0,1398.5,1388.0,1391.0,3697000
2022-11-30,1376.5,1382.5,1369.5,1377.5,7602000
2022-12-01,1381.0,1382.0,1365.0,1373.5,4253200
2022-12-02,1360.0,1361.0,1326.5,1341.5,5894100
2022-12-05,1345.0,1350.0,1335.0,1344.5,3700200
2022-12-06,1340.5,1348.0,1336.0,1345.0,3176600
2022-12-07,1320.0,1335.5,1314.0,1327.0,5144600
2022-12-08,1327.0,1328.0,1314.5,1319.5,4463900
2022-12-09,1325.0,1365.0,1322.5,1362.0,7935400
2022-12-12,1362.0,1375.5,1359.5,1364.5,4528400
2022-12-13,1383.5,1396.0,1373.5,1375.0,4908700
2022-12-14,1380.5,1388.0,1374.5,1383.0,2924400
2022-12-15,1364.0,1374.5,1356.5,1368.0,4238900
2022-12-16,1349.0,1354.0,1341.0,1349.0,6123500
2022-12-19,1342.0,1348.0,1339.5,1345.0,2841300
2022-12-20,1350.0,1361.0,1320.0,1331.0,6369500
2022-12-21,1329.0,1331.5,1315.5,1324.5,6564700
2022-12-22,1333.0,1338.5,1325.5,1336.0,3687000
2022-12-23,1323.5,1327.5,1318.0,1321.5,3313700
2022-12-26,1330.0,1338.5,1325.0,1338.0,2185300
2022-12-27,1341.5,1347.0,1325.5,1327.5,1579100
2022-12-28,1325.0,1330.0,1317.0,1328.0,2386100
2022-12-29,1316.5,1325.5,1306.5,1324.5,2443000
2022-12-30,1324.0,1332.0,1312.5,1313.5,2828800
2023-01-04,1298.5,1314.0,1292.5,1312.5,4261200
2023-01-05,1305.5,1310.5,1296.0,1303.0,5245500
2023-01-06,1294.0,1302.0,1286.0,1300.0,4635000
2023-01-10,1290.5,1302.0,1276.0,1276.0,5965800
2023-01-11,1287.0,1291.0,1280.5,1286.5,3037600
2023-01-12,1280.0,1282.5,1273.0,1281.5,3827900
2023-01-13,1278.0,1293.0,1278.0,1285.5,4307600
2023-01-16,1284.0,1302.5,1278.0,1283.0,4109700
2023-01-17,1286.0,1303.0,1284.0,1300.0,2616500
2023-01-18,1296.0,1323.5,1296.0,1316.5,4243400
2023-01-19,1311.0,1313.5,1301.5,1302.5,3189300
2023-01-20,1300.0,1321.5,1296.0,1317.0,3193300
2023-01-23,1334.0,1346.0,1331.0,1340.0,4230600
2023-01-24,1364.0,1386.5,1358.5,1377.0,7813200
2023-01-25,1382.0,1406.0,1380.0,1405.0,7687400
2023-01-26,1398.0,1410.0,1396.0,1405.5,6660000
2023-01-27,1413.0,1422.0,1406.0,1418.5,4667900
2023-01-30,1415.0,1420.0,1408.0,1415.5,5883500
2023-01-31,1436.0,1441.5,1423.0,1426.0,6763900
2023-02-01,1430.0,1439.0,1422.5,1424.5,3343800
2023-02-02,1407.5,1480.0,1387.0,1462.5,12194700
2023-02-03,1475.0,1505.0,1475.0,1487.5,10596600
2023-02-06,1495.0,1514.5,1494.5,1509.5,7677400
2023-02-07,1498.0,1512.5,1496.0,1504.5,7314900
2023-02-08,1500.0,1513.5,1490.0,1490.0,4747000
2023-02-09,1489.5,1503.5,1484.0,1499.0,3980600
2023-02-10,1502.5,1524.5,1498.0,1516.5,5723300
2023-02-13,1514.0,1521.0,1502.5,1517.0,4931600
2023-02-14,1541.0,1545.0,1517.5,1524.5,4517000
2023-02-15,1529.5,1533.0,1516.5,1520.5,3596600
2023-02-16,1535.0,1537.5,1524.0,1531.0,3650200
2023-02-17,1521.5,1537.0,1519.0,1529.0,2688600
2023-02-20,1541.0,1550.0,1531.0,1549.5,3714100
2023-02-21,1543.5,1551.0,1537.0,1545.5,3155900
2023-02-22,1532.0,1543.0,1521.5,1529.0,5821600
2023-02-24,1534.5,1540.5,1526.5,1532.5,6080400
2023-02-27,1535.0,1557.0,1533.0,1550.0,3525200
2023-02-28,1556.5,1558.5,1529.0,1533.0,6457700
2023-03-01,1532.5,1548.5,1520.0,1547.5,4623400
2023-03-02,1554.5,1563.0,1541.0,1548.5,3579300
2023-03-03,1551.0,1569.0,1544.5,1562.0,5346200
2023-03-06,1573.0,1579.0,1564.0,1573.5,2703200
2023-03-07,1571.5,1580.5,1564.5,1577.0,4442400
2023-03-08,1577.5,1588.5,1575.5,1584.0,3123900
2023-03-09,1588.0,1602.5,1585.0,1593.5,4606800
2023-03-10,1572.5,1586.5,1569.5,1573.0,5871400
2023-03-13,1558.0,1561.5,1543.0,1556.5,4160500
2023-03-14,1538.0,1540.5,1516.5,1530.0,5792700
2023-03-15,1544.5,1547.5,1528.0,1543.0,4344300
2023-03-16,1506.0,1522.0,1496.0,1519.0,4062700
2023-03-17,1524.0,1530.5,1508.0,1515.5,5881400
2023-03-20,1515.5,1524.0,1498.0,1499.0,4737300
2023-03-22,1523.5,1537.5,1519.0,1531.0,4863900
2023-03-23,1520.0,1545.5,1513.5,1541.5,3874500
2023-03-24,1533.5,1545.5,1529.0,1538.0,2872800
2023-03-27,1554.0,1567.0,1546.0,1551.0,3178800
2023-03-28,1554.0,1561.5,1549.5,1556.5,2639400
2023-03-29,1557.0,1588.5,1551.5,1588.5,5857200
2023-03-30,1589.5,1592.0,1562.0,1574.0,3905400
2023-03-31,1575.5,1599.0,1574.0,1578.5,6621700
2023-04-03,1588.0,1589.0,1571.0,1587.0,3935800
2023-04-04,1584.0,1591.5,1578.5,1590.5,4278800
2023-04-05,1570.0,1574.0,1548.5,1553.5,4918900
2023-04-06,1536.5,1538.0,1523.5,1525.0,4144700
2023-04-07,1525.0,1533.5,1521.5,1525.5,2199800
2023-04-10,1529.5,1545.5,1524.5,1532.0,2326000
2023-04-11,1545.0,1548.5,1528.5,1533.5,2951700
2023-04-12,1541.0,1555.0,1538.5,1549.0,2750100
2023-04-13,1569.0,1582.5,1556.0,1559.5,4297200
2023-04-14,1565.5,1593.0,1547.5,1579.5,8147500
2023-04-17,1579.5,1583.5,1567.0,1581.5,3235000
2023-04-18,1585.0,1606.0,1582.5,1601.5,3558500
2023-04-19,1600.0,1611.5,1597.5,1607.0,3624400
2023-04-20,1592.5,1622.5,1592.0,1617.0,4251400
2023-04-21,1620.5,1633.0,1611.5,1622.5,4586500
2023-04-24,1622.5,1633.0,1610.5,1629.5,3075100
2023-04-25,1687.0,1717.0,1679.5,1683.0,9502300
2023-04-26,1669.0,1670.0,1646.5,1658.0,4379100
2023-04-27,1655.0,1668.5,1649.5,1662.0,5276400
2023-04-28,1701.5,1702.0,1653.0,1679.0,6700500
2023-05-01,1706.0,1755.0,1706.0,1752.5,8174200
2023-05-02,1750.0,1755.0,1722.0,1724.5,5126100
2023-05-08,1750.0,1756.5,1737.5,1748.0,5419100
2023-05-09,1788.0,1788.0,1758.5,1779.5,6493200
2023-05-10,1744.5,1748.5,1707.5,1740.5,7460900
2023-05-11,1730.0,1755.0,1721.5,1747.5,5060100
2023-05-12,1755.5,1758.0,1720.5,1727.0,5927000
2023-05-15,1726.0,1730.0,1711.0,1718.0,5152100
2023-05-16,1727.0,1729.5,1714.0,1729.0,7689500
2023-05-17,1717.0,1747.0,1715.0,1747.0,6006600
2023-05-18,1750.0,1757.0,1734.0,1745.0,5967500
2023-05-19,1745.5,1765.0,1745.0,1755.0,5349700
2023-05-22,1755.0,1809.0,1754.0,1807.5,6923000
2023-05-23,1804.0,1808.0,1773.5,1790.5,5841600
2023-05-24,1787.5,1790.0,1769.5,1784.0,5299500
2023-05-25,1778.5,1792.0,1760.5,1785.0,6977900
2023-05-26,1795.0,1802.5,1790.0,1798.5,6080300
2023-05-29,1838.0,1846.0,1823.5,1832.0,5533200
2023-05-30,1814.0,1836.5,1805.5,1831.5,5770500
2023-05-31,1829.0,1845.0,1807.5,1819.0,14460900
2023-06-01,1812.0,1852.5,1809.5,1848.5,5934400
2023-06-02,1870.0,1909.0,1867.0,1903.0,7555200
2023-06-05,1941.0,1958.0,1926.0,1953.5,6937900
2023-06-06,1957.0,1993.0,1951.5,1993.0,5818400
2023-06-07,1990.5,1991.5,1947.5,1960.5,6951000
2023-06-08,1959.5,1973.0,1943.5,1959.0,5472800
2023-06-09,1973.5,1988.5,1947.5,1982.0,9925600
2023-06-12,1990.0,2011.0,1985.0,2003.5,5443700
2023-06-13,2000.0,2018.0,1988.5,2010.0,5952000
2023-06-14,2027.0,2044.0,2008.5,2033.5,7084800
2023-06-15,2029.0,2053.0,2020.0,2043.5,4648200
2023-06-16,2020.0,2044.5,2016.5,2037.5,9314400
2023-06-19,2021.0,2030.0,1998.5,2012.0,8345000
2023-06-20,1971.0,1997.5,1965.0,1973.0,10013700
2023-06-21,1971.0,2024.5,1961.0,2019.5,8367900
2023-06-22,2007.5,2051.0,2007.0,2045.5,6846500
2023-06-23,2031.0,2048.0,1976.0,1986.5,6637200
2023-06-26,1973.5,1986.5,1951.0,1972.5,4333000
2023-06-27,1975.5,1982.0,1946.0,1965.5,3294500
2023-06-28,1990.0,2004.0,1974.0,2001.5,3709300
2023-06-29,2011.0,2026.5,1997.0,2003.5,4270400
2023-06-30,2035.0,2035.0,2009.5,2027.0,8007200
2023-07-03,2027.5,2047.0,2026.0,2044.0,5089000
2023-07-04,2040.0,2045.0,2027.5,2033.5,3690100
2023-07-05,2028.5,2065.5,2022.0,2048.0,4970200
2023-07-06,2040.0,2051.0,2021.0,2029.0,4933500
2023-07-07,1988.5,2015.0,1983.5,1999.5,5350800
2023-07-10,2001.5,2017.0,1991.5,1997.5,4592800
2023-07-11,2006.5,2011.0,1990.5,2002.5,4671900
2023-07-12,2003.5,2013.0,1994.0,2006.5,4609800
2023-07-13,2010.5,2031.0,1999.0,2025.0,4217300
2023-07-14,2036.5,2043.0,2009.5,2034.5,6470700
2023-07-18,2035.0,2057.0,2032.5,2052.5,3820700
2023-07-19,2060.0,2075.0,2056.0,2070.5,4390800
2023-07-20,2069.5,2076.5,2047.5,2050.0,3425500
2023-07-21,2049.5,2065.0,2041.0,2063.0,3414400
2023-07-24,2065.5,2087.0,2064.0,2086.0,3665800
2023-07-25,2085.5,2105.0,2076.0,2101.0,5264100
2023-07-26,2101.0,2103.5,2081.5,2086.0,5181200
2023-07-27,2069.5,2074.5,2052.0,2070.0,4896400
2023-07-28,2033.0,2047.5,2001.0,2043.5,7824100
2023-07-31,2064.5,2069.0,2009.0,2051.0,11461500
2023-08-01,1936.0,1946.5,1915.5,1920.5,16425900
2023-08-02,1911.0,1951.0,1902.5,1921.0,10648600
2023-08-03,1910.0,1921.0,1864.0,1864.0,8079500
2023-08-04,1855.0,1878.5,1837.5,1878.0,5861000
2023-08-07,1872.0,1880.0,1862.0,1880.0,4865700
2023-08-08,1887.5,1896.0,1876.5,1889.0,4209000
2023-08-09,1878.0,1884.0,1843.0,1844.0,6255500
2023-08-10,1844.0,1884.5,1844.0,1867.0,5877900
2023-08-14,1867.5,1882.5,1840.0,1849.5,3593700
2023-08-15,1859.0,1872.0,1844.0,1844.0,2968100
2023-08-16,1823.5,1832.0,1817.0,1817.0,4697400
2023-08-17,1816.5,1820.0,1786.0,1814.0,4210600
2023-08-18,1787.0,1801.0,1779.0,1798.0,3632000
2023-08-21,1799.0,1803.0,1774.0,1774.5,5096100
2023-08-22,1784.5,1788.0,1768.5,1782.0,4396000
2023-08-23,1775.5,1818.0,1772.5,1812.0,3446600
2023-08-24,1807.5,1834.0,1807.0,1828.5,3643000
2023-08-25,1808.5,1812.5,1793.0,1795.0,4766200
2023-08-28,1811.0,1869.5,1810.0,1867.0,5627100
2023-08-29,1864.0,1886.0,1860.5,1879.5,4842700
2023-08-30,1889.0,1907.0,1880.5,1899.5,5442500
2023-08-31,1898.5,1900.5,1886.5,1899.0,6718500
2023-09-01,1892.0,1910.0,1888.5,1893.5,4266300
2023-09-04,1905.5,1919.5,1899.5,1919.5,3955400
2023-09-05,1920.0,1927.5,1913.5,1922.5,3708000
2023-09-06,1930.0,1942.0,1924.5,1934.5,3806300
2023-09-07,1924.0,1934.5,1920.5,1928.0,4440100
2023-09-08,1929.5,1932.5,1906.0,1911.0,5848700
2023-09-11,1912.5,1915.5,1884.0,1889.5,4037800
2023-09-12,1895.0,1907.5,1886.0,1895.0,7225100
2023-09-13,1890.0,1902.0,1885.0,1889.0,7431000
2023-09-14,1879.0,1886.0,1856.5,1869.5,9049900
2023-09-15,1906.0,1919.0,1900.0,1908.5,9552600
2023-09-19,1915.0,1930.5,1909.0,1930.5,6506200
2023-09-20,1936.5,1938.0,1909.5,1913.5,7381800
2023-09-21,1910.0,1919.0,1871.0,1871.0,5661900
2023-09-22,1854.0,1867.0,1846.5,1854.0,4996700
2023-09-25,1862.5,1870.0,1853.0,1866.0,4508100
2023-09-26,1878.5,1879.0,1862.0,1871.0,4789600
2023-09-27,1870.5,1912.5,1865.5,1911.0,7529700
2023-09-28,1876.5,1881.5,1855.0,1869.0,7242000
2023-09-29,1865.0,1871.5,1840.5,1849.0,6038400
2023-10-02,1863.0,1876.5,1830.0,1835.5,5977100
2023-10-03,1815.5,1827.0,1780.0,1784.5,4775500
2023-10-04,1768.5,1769.0,1735.0,1742.5,7033000
2023-10-05,1749.0,1781.0,1739.0,1768.5,4511100
2023-10-06,1770.5,1777.0,1760.5,1765.0,5348100
2023-10-10,1786.5,1824.0,1786.5,1812.5,7955300
2023-10-11,1787.5,1818.0,1785.0,1786.5,7606700
2023-10-12,1798.0,1817.5,1797.0,1810.5,8388100
2023-10-13,1800.0,1829.5,1799.5,1809.5,6250000
2023-10-16,1793.5,1817.5,1778.5,1784.0,4566100
2023-10-17,1807.0,1822.5,1805.5,1814.5,5991900
2023-10-18,1819.5,1826.5,1785.0,1804.0,7191000
2023-10-19,1766.0,1779.0,1762.0,1768.0,3521800
2023-10-20,1760.0,1785.5,1756.0,1765.0,3626300
2023-10-23,1745.5,1749.5,1732.5,1736.5,4182000
2023-10-24,1738.0,1747.0,1697.5,1734.0,4714400
2023-10-25,1749.0,1751.5,1722.0,1728.0,4719400
2023-10-26,1721.5,1739.0,1712.5,1728.0,5497300
2023-10-27,1738.0,1766.0,1738.0,1756.0,4301400
2023-10-30,1738.5,1740.5,1684.5,1698.0,22797500
2023-10-31,1727.0,1727.0,1651.5,1677.5,9719200
2023-11-01,1917.5,1929.5,1870.5,1921.0,18378000
2023-11-02,1900.0,1902.0,1871.0,1890.0,7987700
2023-11-06,1938.0,1946.5,1903.5,1908.0,9516600
2023-11-07,1905.0,1911.0,1890.5,1892.0,5344000
2023-11-08,1883.5,1904.5,1874.0,1879.0,5189000
2023-11-09,1916.0,1924.5,1890.5,1918.5,4526200
2023-11-10,1925.5,1945.5,1911.5,1943.0,4412500
2023-11-13,1958.0,1978.0,1946.5,1956.5,5712400
2023-11-14,1958.0,1969.0,1947.5,1948.0,4625100
2023-11-15,1970.0,1977.0,1960.5,1963.0,4619300
2023-11-16,1950.0,1970.5,1938.0,1953.0,4260700
2023-11-17,1959.0,2008.0,1957.5,2008.0,6342400
2023-11-20,2010.5,2062.0,2008.5,2052.5,8651700
2023-11-21,2060.5,2089.0,2053.0,2073.5,8250000
2023-11-22,2073.0,2084.0,2046.0,2050.0,4474400
2023-11-24,2081.0,2109.5,2071.0,2105.0,6144300
2023-11-27,2090.0,2095.5,2035.5,2050.0,5207400
2023-11-28,2049.5,2053.0,2004.5,2029.5,4771700
2023-11-29,2008.5,2023.5,1992.5,2005.0,5084900
2023-11-30,1995.0,2015.5,1991.0,2009.0,6638300
2023-12-01,2016.0,2057.0,2007.0,2055.5,4883500
2023-12-04,2041.0,2068.5,2024.5,2050.5,4975800
2023-12-05,2028.5,2033.5,1992.5,1993.0,5386500
2023-12-06,1991.0,2021.5,1990.5,2005.5,3987200
2023-12-07,1985.0,1996.5,1971.5,1978.0,4874500
2023-12-08,1969.0,1970.0,1934.0,1954.5,7531200
2023-12-11,1986.5,2002.0,1982.5,1986.0,5259900
2023-12-12,2010.0,2027.5,2007.5,2007.5,5474500
2023-12-13,2020.5,2047.5,2012.0,2045.0,5581500
2023-12-14,2070.0,2073.0,2000.5,2004.0,5297300
2023-12-15,2020.0,2051.0,2015.0,2033.0,6775900
2023-12-18,2004.0,2008.5,1964.0,1992.0,3813600
2023-12-19,1969.0,2001.0,1966.5,2001.0,4384900
2023-12-20,2013.5,2054.5,2005.5,2036.5,4956200
2023-12-21,2016.0,2032.5,2011.0,2023.0,3306700
2023-12-22,2031.5,2059.5,2022.5,2022.5,4608900
2023-12-25,2050.0,2050.0,2015.0,2016.5,2694100
2023-12-26,2008.0,2020.0,1991.5,2008.5,3600500
2023-12-27,2020.0,2033.5,2018.5,2033.5,3619000
2023-12-28,2001.0,2020.5,2001.0,2006.5,2582400
2023-12-29,2001.0,2008.0,1982.5,1999.0,4307100
2024-01-04,2008.5,2025.0,1972.5,2015.0,4864800
2024-01-05,2020.0,2037.5,2015.5,2029.5,3145100
2024-01-09,2050.0,2063.0,2014.0,2026.0,5102300
2024-01-10,2026.0,2059.0,2026.0,2045.0,4342000
2024-01-11,2095.0,2134.5,2086.5,2116.0,6590400
2024-01-12,2150.0,2150.0,2116.0,2142.5,6229200
2024-01-15,2145.0,2145.0,2126.0,2136.5,636900
2024-01-16,2131.0,2138.5,2101.5,2103.0,3860100
2024-01-17,2125.0,2149.0,2115.0,2125.5,5312700
2024-01-18,2141.0,2211.0,2126.5,2156.0,8015000
2024-01-19,2204.5,2204.5,2141.0,2166.0,7009100
2024-01-22,2191.0,2211.5,2179.0,2208.5,4613000
2024-01-23,2234.0,2243.5,2197.5,2205.0,5241200
2024-01-24,2204.0,2209.5,2162.0,2169.0,4575800
2024-01-25,2155.0,2167.5,2146.0,2153.0,3488600
2024-01-26,2176.5,2189.5,2136.5,2152.5,5314900
2024-01-29,2184.0,2205.0,2175.0,2200.0,5197200
2024-01-30,2221.5,2221.5,2189.0,2190.0,4038900
2024-01-31,2171.5,2204.0,2163.5,2203.0,5860600
2024-02-01,2180.0,2201.5,2158.0,2159.5,4624900
2024-02-02,2150.0,2181.5,2136.0,2165.0,5566100
2024-02-05,2165.5,2215.5,2161.0,2213.5,8200900
2024-02-06,2098.5,2113.5,2061.5,2075.0,17444600
2024-02-07,2068.5,2068.5,2010.0,2015.0,10077700
2024-02-08,2010.0,2086.0,2007.5,2083.5,9851100
2024-02-09,2085.0,2110.0,2064.5,2092.5,6737600
2024-02-13,2122.5,2174.5,2116.0,2170.5,8185100
2024-02-14,2165.0,2167.0,2115.0,2124.5,5570000
2024-02-15,2164.0,2203.0,2157.0,2201.0,7040800
2024-02-16,2240.0,2292.0,2235.0,2271.0,9120500
2024-02-19,2259.0,2278.0,2250.5,2276.0,4363000
2024-02-20,2284.0,2315.0,2266.0,2312.0,5459900
2024-02-21,2300.0,2307.5,2257.5,2279.0,6395500
2024-02-22,2300.0,2325.0,2286.0,2323.5,4895000
2024-02-26,2356.0,2431.5,2355.0,2377.5,8180900
2024-02-27,2386.0,2426.5,2383.0,2397.0,6829000
2024-02-28,2421.5,2437.0,2391.5,2415.5,6229000
2024-02-29,2414.5,2437.5,2367.5,2381.5,13765300
2024-03-01,2382.0,2432.0,2378.0,2431.5,4381000
2024-03-04,2405.0,2418.0,2394.0,2405.5,6833600
2024-03-05,2390.0,2453.0,2382.0,2432.5,5544800
2024-03-06,2420.0,2484.5,2420.0,2458.5,5130000
2024-03-07,2480.0,2516.0,2456.5,2477.0,6570200
2024-03-08,2511.0,2534.0,2481.5,2513.5,10374200
2024-03-11,2463.5,2475.5,2409.0,2443.5,6493700
2024-03-12,2377.0,2416.0,2323.5,2416.0,8207800
2024-03-13,2450.0,2450.0,2356.5,2362.5,6820500
2024-03-14,2376.0,2400.5,2355.5,2394.0,6989900
2024-03-15,2409.0,2463.0,2391.0,2430.5,8512500
2024-03-18,2450.0,2483.5,2450.0,2474.0,4368100
2024-03-19,2481.5,2527.5,2474.0,2527.5,5348000
2024-03-21,2577.5,2581.5,2540.0,2551.5,7238400
2024-03-22,2542.5,2600.5,2540.5,2573.0,5425400
2024-03-25,2579.5,2586.0,2543.5,2545.5,4762400
2024-03-26,2525.5,2578.0,2517.0,2554.0,5359000
2024-03-27,2561.0,2602.5,2561.0,2575.0,6999100
2024-03-28,2549.0,2556.5,2510.0,2521.5,6104100
2024-03-29,2526.5,2528.5,2487.0,2500.0,2289500
2024-04-01,2538.0,2554.0,2453.5,2470.5,4583400
2024-04-02,2470.5,2516.5,2460.0,2472.0,5196900
2024-04-03,2450.0,2485.0,2422.0,2424.0,6053200
2024-04-04,2436.0,2458.0,2420.0,2428.5,6521200
2024-04-05,2380.0,2403.5,2353.5,2371.5,6561600
2024-04-08,2405.0,2453.5,2397.5,2434.5,4318500
2024-04-09,2460.0,2517.5,2456.0,2517.5,5886100
2024-04-10,2483.0,2527.5,2479.0,2506.5,3990300
2024-04-11,2500.0,2597.5,2488.5,2589.5,7985400
2024-04-12,2584.0,2610.5,2544.5,2570.5,7539800
2024-04-15,2540.0,2582.0,2529.5,2578.5,5261700
2024-04-16,2546.5,2561.5,2498.5,2522.5,6084800
2024-04-17,2530.5,2532.0,2468.0,2476.5,5095600
2024-04-18,2463.0,2514.0,2448.5,2493.5,4085600
2024-04-19,2490.5,2512.0,2431.0,2458.0,6224300
2024-04-22,2494.0,2527.5,2432.5,2451.5,4258700
2024-04-23,2457.0,2466.0,2408.0,2425.0,4804500
2024-04-24,2435.0,2494.5,2413.0,2488.0,5428800
2024-04-25,2403.0,2428.0,2396.5,2397.0,6759400
2024-04-26,2380.0,2414.0,2351.5,2393.0,9789600
2024-04-30,2643.0,2831.5,2571.0,2773.0,35630000
2024-05-01,2823.0,2857.0,2770.5,2850.0,16538900
2024-05-02,2837.5,2867.5,2812.0,2836.0,10436700
2024-05-07,2925.0,2942.5,2839.0,2856.0,7775600
2024-05-08,2849.0,2865.0,2816.5,2816.5,5596100
2024-05-09,2850.0,2862.0,2763.5,2766.0,6025400
2024-05-10,2800.0,2821.0,2768.0,2783.0,6639000
2024-05-13,2742.5,2778.0,2734.5,2750.5,4490900
2024-05-14,2770.5,2793.0,2726.0,2782.5,5150000
2024-05-15,2800.0,2831.5,2778.0,2799.5,4786600
2024-05-16,2815.0,2831.0,2801.0,2822.5,4449600
2024-05-17,2823.5,2838.5,2802.5,2819.5,4233500
2024-05-20,2823.5,2852.5,2821.5,2824.5,4568700
2024-05-21,2826.0,2838.0,2806.5,2818.0,3382200
2024-05-22,2791.5,2797.0,2750.5,2754.0,3776900
2024-05-23,2790.5,2825.0,2775.0,2809.0,5769500
2024-05-24,2827.0,2860.0,2800.5,2831.5,9472600
2024-05-27,2856.5,2875.0,2796.0,2816.5,11121900
2024-05-28,2816.0,2841.0,2811.5,2827.0,5549800
2024-05-29,2816.0,2847.0,2564.0,2698.5,21669000
2024-05-30,2598.5,2630.0,2532.5,2610.0,11411300
2024-05-31,2580.5,2752.0,2570.0,2730.0,18626500
2024-06-03,2773.0,2816.0,2725.5,2755.0,9089400
2024-06-04,2761.0,2796.0,2735.0,2768.0,8302700
2024-06-05,2768.0,2768.0,2636.5,2671.0,7935600
2024-06-06,2665.5,2679.0,2633.0,2639.5,6338600
2024-06-07,2658.0,2659.0,2625.0,2655.0,4425100
2024-06-10,2665.0,2698.5,2653.0,2686.5,4254800
2024-06-11,2650.0,2667.5,2610.0,2611.5,7945400
2024-06-12,2598.0,2638.5,2595.0,2625.5,6693800
2024-06-13,2615.5,2618.5,2509.5,2509.5,6753300
2024-06-14,2483.0,2566.5,2480.0,2553.5,9273800
2024-06-17,2518.0,2532.0,2495.0,2530.0,4581300
2024-06-18,2570.0,2573.5,2518.0,2519.5,3265500
2024-06-19,2519.5,2529.0,2487.5,2510.5,3757100
2024-06-20,2494.5,2495.0,2446.0,2481.0,5261700
2024-06-21,2480.5,2507.5,2472.0,2487.0,6517200
2024-06-24,2473.5,2531.0,2468.0,2509.5,5424300
2024-06-25,2525.5,2557.5,2510.5,2539.0,6661500
2024-06-26,2531.0,2545.0,2509.0,2524.5,5202800
2024-06-27,2513.0,2522.5,2496.0,2508.0,8450300
2024-06-28,2539.5,2588.5,2533.5,2567.5,8305000
2024-07-01,2598.0,2611.5,2557.0,2557.0,6863800
2024-07-02,2570.5,2625.5,2535.5,2613.5,7666500
2024-07-03,2658.5,2672.0,2627.5,2658.5,8227200
2024-07-04,2647.5,2685.0,2620.0,2674.5,6713400
2024-07-05,2653.0,2757.0,2652.0,2717.5,10121700
2024-07-08,2707.0,2769.5,2704.0,2734.5,10472300
2024-07-09,2735.5,2760.0,2701.0,2740.5,9801600
2024-07-10,2715.5,2830.5,2703.0,2810.5,11660300
2024-07-11,2877.5,2915.5,2816.0,2839.5,9056900
2024-07-12,2789.5,2809.0,2751.0,2776.0,5959800
2024-07-16,2779.5,2868.0,2767.0,2851.0,6533900
2024-07-17,2880.0,2925.0,2867.0,2885.0,6501200
2024-07-18,2808.0,2844.0,2803.5,2803.5,4849800
2024-07-19,2781.0,2821.5,2765.0,2789.0,4551300
2024-07-22,2788.0,2788.0,2715.5,2716.5,4673700
2024-07-23,2740.0,2748.5,2691.5,2691.5,4396600
2024-07-24,2676.5,2738.0,2661.5,2661.5,5833000
2024-07-25,2600.0,2607.0,2507.5,2514.0,8039400
2024-07-26,2510.0,2513.0,2445.0,2448.5,8063100
2024-07-29,2530.5,2580.0,2510.5,2570.5,6286200
2024-07-30,2600.0,2628.0,2566.0,2601.0,7237600
2024-07-31,2520.0,2624.5,2505.0,2601.0,6791200
2024-08-01,2251.5,2367.0,2222.0,2367.0,13470200
2024-08-02,2260.0,2260.5,2162.0,2200.0,9795100
2024-08-05,1980.5,2022.5,1867.0,1905.5,15344700
2024-08-06,2025.0,2134.5,2008.5,2099.0,18652900
2024-08-07,2036.0,2257.0,2026.0,2160.5,13845900
2024-08-08,2114.5,2160.5,2095.5,2141.0,7692200
2024-08-09,2142.0,2154.0,2022.5,2058.0,11555800
2024-08-13,2095.5,2176.5,2075.0,2167.5,9043900
2024-08-14,2228.0,2229.5,2165.5,2182.5,5240300
2024-08-15,2249.0,2336.5,2221.0,2301.5,9995600
2024-08-16,2415.0,2466.5,2369.0,2461.5,12549200
2024-08-19,2421.0,2452.5,2363.5,2366.5,6865200
2024-08-20,2428.0,2433.0,2364.0,2390.0,4619300
2024-08-21,2360.0,2393.5,2346.0,2359.0,4564700
2024-08-22,2355.0,2367.0,2325.0,2347.5,3942200
2024-08-23,2354.5,2369.0,2317.0,2340.0,4673500
2024-08-26,2312.0,2315.0,2266.5,2300.5,3685400
2024-08-27,2307.5,2318.0,2274.0,2294.5,3816000
2024-08-28,2288.0,2332.0,2278.0,2317.5,2982100
2024-08-29,2323.0,2382.5,2318.5,2373.0,5335800
2024-08-30,2413.5,2479.5,2410.0,2441.0,11620900
2024-09-02,2471.0,2487.5,2442.5,2460.5,4053300
2024-09-03,2442.0,2468.0,2423.5,2447.5,3829400
2024-09-04,2335.5,2367.5,2324.5,2336.5,5689600
2024-09-05,2290.0,2366.5,2269.0,2326.0,4883300
2024-09-06,2276.0,2307.0,2266.0,2279.0,4611400
2024-09-09,2160.0,2271.0,2155.5,2262.0,5510400
2024-09-10,2241.0,2261.5,2218.0,2232.0,5147500
2024-09-11,2220.0,2248.5,2175.5,2208.5,5141500
2024-09-12,2277.0,2320.5,2270.5,2310.0,6950900
2024-09-13,2333.0,2359.0,2298.0,2314.0,8206400
2024-09-17,2310.0,2330.0,2256.5,2302.5,7129100
2024-09-18,2305.0,2315.0,2262.0,2290.0,5672200
2024-09-19,2219.0,2269.0,2215.5,2238.0,14216400
2024-09-20,2265.0,2315.5,2257.0,2276.5,10076800
2024-09-24,2302.0,2315.0,2271.5,2276.5,6621000
2024-09-25,2278.0,2351.0,2268.5,2324.5,6347900
2024-09-26,2364.0,2400.5,2335.5,2400.5,7276500
2024-09-27,2419.5,2457.5,2393.5,2457.5,10002600
2024-09-30,2319.0,2366.5,2285.5,2303.5,10384900
2024-10-01,2311.5,2372.0,2297.0,2359.5,8493700
2024-10-02,2320.0,2407.0,2320.0,2362.0,7618500
2024-10-03,2440.0,2440.0,2375.5,2389.5,6474500
2024-10-04,2389.5,2417.5,2382.0,2415.5,5498000
2024-10-07,2465.0,2479.0,2436.0,2461.0,6878400
2024-10-08,2427.0,2437.5,2387.5,2397.5,5751600
2024-10-09,2424.5,2433.5,2380.5,2391.0,4360800
2024-10-10,2463.0,2472.0,2418.0,2434.0,6967900
2024-10-11,2434.5,2434.5,2392.5,2394.0,5273700
2024-10-15,2401.0,2422.5,2367.5,2417.0,7614700
2024-10-16,2374.0,2407.0,2365.0,2376.0,4315100
2024-10-17,2368.0,2376.0,2345.0,2353.0,5315300
2024-10-18,2355.5,2366.0,2341.5,2352.0,3924400
2024-10-21,2365.0,2370.5,2335.5,2368.0,4669400
2024-10-22,2366.5,2374.0,2290.5,2308.0,6590500
2024-10-23,2305.5,2342.0,2298.5,2314.0,3065900
2024-10-24,2272.0,2341.0,2272.0,2332.5,4137600
2024-10-25,2321.0,2326.5,2280.0,2301.5,5388900
2024-10-28,2278.5,2353.5,2268.0,2340.5,4407600
2024-10-29,2339.0,2373.0,2321.0,2370.0,4330800
2024-10-30,2361.5,2402.0,2355.0,2388.0,25207500
2024-10-31,2361.5,2405.5,2356.0,2387.5,6183000
2024-11-01,2760.0,2787.0,2662.5,2726.0,22331000
2024-11-05,2700.0,2709.0,2627.0,2653.5,9843000
2024-11-06,2655.0,2796.0,2636.0,2729.5,11331100
2024-11-07,2770.0,2826.5,2739.0,2757.5,10127200
2024-11-08,2824.0,2826.0,2739.5,2739.5,5386700
2024-11-11,2739.5,2764.0,2717.0,2721.5,4601900
2024-11-12,2717.0,2736.0,2673.5,2673.5,4736800
2024-11-13,2685.0,2716.0,2674.0,2689.5,5814300
2024-11-14,2719.0,2779.0,2713.0,2729.0,7582100
2024-11-15,2756.0,2786.0,2744.5,2744.5,5873900
2024-11-18,2700.0,2722.0,2671.5,2671.5,4142600
2024-11-19,2653.0,2679.5,2623.0,2637.0,7004500
2024-11-20,2657.0,2665.0,2621.0,2621.0,3214100
2024-11-21,2610.0,2613.5,2583.5,2600.0,3293100
2024-11-22,2604.5,2612.5,2582.5,2584.0,3663000
2024-11-25,2614.5,2654.0,2593.0,2626.0,8627000
2024-11-26,2600.0,2609.5,2537.5,2559.0,5774000
2024-11-27,2585.5,2590.5,2502.0,2538.0,4310100
2024-11-28,2513.0,2563.5,2504.5,2554.5,2594700
2024-11-29,2550.0,2557.0,2525.0,2547.0,2931500
2024-12-02,2548.5,2577.5,2540.0,2568.5,3432500
2024-12-03,2610.0,2680.5,2603.5,2654.5,5565600
2024-12-04,2654.5,2687.5,2630.5,2656.0,4913400
2024-12-05,2689.5,2694.0,2638.0,2651.5,4912100
2024-12-06,2676.5,2677.0,2616.0,2634.5,2918600
2024-12-09,2647.0,2660.5,2581.5,2591.0,4180400
2024-12-10,2655.0,2677.0,2601.5,2612.0,4163200
2024-12-11,2650.0,2654.0,2624.0,2645.5,3245400
2024-12-12,2691.0,2766.5,2685.0,2698.5,6151300
2024-12-13,2648.5,2667.5,2625.5,2634.0,5496700
2024-12-16,2635.0,2674.0,2634.5,2649.0,3338300
2024-12-17,2640.0,2667.0,2616.5,2630.5,4115500
2024-12-18,2619.5,2647.0,2610.0,2639.5,3183000
2024-12-19,2539.5,2626.0,2533.0,2607.0,3572300
2024-12-20,2621.0,2624.5,2591.5,2599.0,5298700
2024-12-23,2625.5,2666.0,2614.0,2660.0,3149700
2024-12-24,2648.0,2660.0,2631.0,2652.5,1871500
2024-12-25,2651.0,2661.5,2627.0,2661.5,2514300
2024-12-26,2659.0,2680.0,2652.5,2680.0,3732400
2024-12-27,2680.0,2704.5,2675.0,2702.0,4143500
2024-12-30,2714.0,2715.5,2673.0,2687.0,3326700
2025-01-06,2692.0,2711.0,2650.5,2685.0,4930900
2025-01-07,2681.5,2698.0,2667.5,2675.5,4419400
2025-01-08,2643.0,2676.5,2631.5,2658.5,3716300
2025-01-09,2648.5,2654.5,2577.5,2587.0,3456400
2025-01-10,2562.5,2595.0,2561.0,2570.5,3566000
2025-01-14,2585.5,2585.5,2529.0,2559.5,4938700
2025-01-15,2574.0,2590.5,2535.5,2547.5,3046400
2025-01-16,2560.5,2577.0,2533.0,2550.0,3124800
2025-01-17,2525.0,2550.0,2483.0,2544.0,4971500
2025-01-20,2560.0,2593.0,2551.5,2583.5,2987800
2025-01-21,2592.0,2596.5,2551.5,2571.5,1941800
2025-01-22,2598.5,2672.0,2598.0,2646.5,5855300
2025-01-23,2677.0,2687.0,2646.5,2663.5,4003800
2025-01-24,2687.0,2699.5,2653.0,2671.0,4266000
2025-01-27,2700.0,2727.0,2630.0,2638.5,6898600
2025-01-28,2608.0,2625.0,2573.5,2591.0,8431500
2025-01-29,2593.5,2599.5,2564.0,2577.0,5225900
2025-01-30,2551.0,2587.5,2551.0,2557.0,4727500
2025-01-31,2551.0,2580.5,2542.5,2571.5,5999200
2025-02-03,2550.5,2571.0,2517.0,2546.0,6817800
2025-02-04,2593.0,2595.0,2532.5,2561.0,5643900
2025-02-05,2461.0,2507.5,2428.0,2436.0,11325900
2025-02-06,2441.0,2468.0,2420.0,2424.5,6014600
2025-02-07,2459.0,2467.0,2416.0,2439.5,4369400
2025-02-10,2424.0,2435.0,2396.0,2400.5,4817600
2025-02-12,2424.0,2434.5,2404.0,2422.0,6577900
2025-02-13,2425.0,2431.0,2413.5,2422.5,4847100
2025-02-14,2423.5,2431.5,2373.0,2385.5,7763700
2025-02-17,2390.0,2423.5,2382.5,2398.0,5261500
2025-02-18,2386.5,2419.5,2382.5,2382.5,6407500
2025-02-19,2370.0,2372.0,2332.0,2366.0,10222300
2025-02-20,2351.0,2365.5,2331.5,2364.0,8266300
2025-02-21,2327.0,2367.0,2323.0,2364.0,7466000
2025-02-25,2336.0,2401.5,2328.0,2383.5,8275200
2025-02-26,2383.0,2383.0,2305.5,2337.5,6644600
2025-02-27,2337.5,2371.0,2320.5,2371.0,5753400
2025-02-28,2345.0,2364.0,2294.0,2307.0,8934200
2025-03-03,2348.0,2366.5,2318.5,2349.5,6205200
2025-03-04,2345.5,2421.5,2340.0,2395.5,9663200
2025-03-05,2417.5,2543.5,2408.0,2512.5,16891300
2025-03-06,2560.5,2683.5,2560.0,2678.0,16680300
2025-03-07,2692.0,2741.5,2653.5,2690.0,12971100
2025-03-10,2665.0,2675.5,2633.5,2647.0,8365400
2025-03-11,2650.0,2679.5,2545.5,2561.5,10003200
2025-03-12,2582.5,2741.0,2570.0,2723.0,17171600
2025-03-13,2740.0,2774.5,2726.0,2757.0,13459900
2025-03-14,2769.0,2870.0,2735.5,2856.0,12881000
2025-03-17,2922.0,3052.0,2909.0,3035.0,14346200
2025-03-18,3045.0,3047.0,2936.0,2945.0,12917600
2025-03-19,2971.0,3018.0,2969.0,2969.5,7001400
2025-03-21,2950.5,2959.5,2878.0,2878.0,11838400
2025-03-24,2892.0,2917.0,2863.5,2866.5,5296700
2025-03-25,2880.0,2889.5,2820.0,2823.0,6371000
2025-03-26,2907.5,2952.5,2884.0,2922.5,9688200
2025-03-27,2872.5,2937.0,2870.5,2937.0,6441900
2025-03-28,2878.0,2891.0,2803.0,2837.5,6749000
2025-03-31,2737.5,2759.5,2672.5,2720.0,9229500
2025-04-01,2770.0,2779.0,2686.0,2689.0,7147200
2025-04-02,2718.5,2750.0,2664.0,2741.0,7815600
2025-04-03,2620.5,2663.5,2616.0,2649.0,7201600
2025-04-04,2560.0,2578.0,2469.5,2528.5,8427000
2025-04-07,2282.5,2394.0,2267.0,2280.5,8496600
2025-04-08,2425.0,2513.0,2418.0,2480.0,7247400
2025-04-09,2442.0,2456.0,2372.0,2383.5,9408700
2025-04-10,2690.0,2690.0,2607.5,2640.0,7408800
2025-04-11,2541.0,2620.5,2501.0,2596.5,8120800
2025-04-14,2646.5,2651.0,2571.5,2571.5,4687800
2025-04-15,2603.0,2621.5,2562.0,2569.0,4525900
2025-04-16,2564.5,2583.5,2466.0,2492.5,6302600
2025-04-17,2513.0,2589.5,2507.0,2563.5,5616800
2025-04-18,2563.5,2590.0,2557.0,2581.5,2432200
2025-04-21,2556.0,2559.0,2507.5,2526.5,3171400
2025-04-22,2518.5,2526.0,2497.0,2508.5,3630200
2025-04-23,2598.0,2599.0,2540.5,2557.5,4919100
2025-04-24,2600.0,2614.0,2535.0,2547.5,4775600
2025-04-25,2620.0,2674.0,2600.5,2646.5,7351900
2025-04-28,2676.0,2685.0,2613.5,2620.0,7101900
2025-04-30,2651.0,2769.0,2633.5,2760.5,18571900
2025-05-01,2763.0,2854.0,2732.0,2843.5,8295000
2025-05-02,2850.0,2855.0,2790.5,2810.5,7901600
2025-05-07,2848.0,2849.5,2752.5,2779.5,6427800
2025-05-08,2779.5,2835.0,2779.0,2811.5,4991300
2025-05-09,2850.0,2874.5,2826.5,2847.5,5835300
2025-05-12,2846.0,2865.0,2825.0,2857.5,4180700
2025-05-13,2907.5,2915.5,2830.0,2843.0,6656200
2025-05-14,2844.5,2849.5,2772.5,2819.0,4975800
2025-05-15,2800.0,2848.5,2794.0,2836.5,5039200
2025-05-16,2872.5,2936.0,2865.0,2935.0,10026900
2025-05-19,2968.5,2974.0,2916.0,2923.5,6290800
2025-05-20,2924.0,2982.0,2923.0,2940.0,5502400
2025-05-21,2960.5,2970.0,2890.0,2909.0,5063900
2025-05-22,2904.5,2954.0,2890.5,2952.5,6521200
2025-05-23,2951.0,3031.0,2938.0,2986.0,7708900
2025-05-26,2995.0,3011.0,2981.5,3011.0,4006400
2025-05-27,2995.0,3068.0,2982.5,3065.0,4700700
2025-05-28,3100.0,3124.0,2901.0,2901.0,15383700
2025-05-29,2900.0,2957.5,2843.5,2944.0,11228700
2025-05-30,2880.0,2925.0,2880.0,2904.0,10848000
2025-06-02,2880.0,2911.0,2871.0,2880.0,5677700
2025-06-03,2937.5,2997.0,2935.5,2976.0,10520300
2025-06-04,3026.0,3030.0,2942.5,2980.0,7042900
2025-06-05,2945.0,2954.0,2903.0,2913.0,5185400
2025-06-06,2896.5,2932.0,2874.0,2919.5,4728900
2025-06-09,2942.0,3015.0,2941.0,3011.0,5661100
2025-06-10,3040.0,3052.0,2956.5,2971.0,7487000
2025-06-11,2965.0,2970.0,2894.0,2923.0,6481700
2025-06-12,2928.0,2938.0,2907.5,2926.5,3789700
2025-06-13,2889.0,2926.5,2863.0,2916.5,6633500
2025-06-16,2975.0,2978.0,2924.0,2955.5,4400500
2025-06-17,2965.0,3018.0,2960.0,3005.0,6036600
2025-06-18,2995.0,3032.0,2992.0,3029.0,4256000
2025-06-19,3014.0,3017.0,2975.5,3010.0,3209100
2025-06-20,3020.0,3043.0,2999.0,3007.0,10586600
2025-06-23,2991.5,2997.5,2955.0,2972.5,3427800
2025-06-24,3000.0,3009.0,2952.5,3009.0,3780100
2025-06-25,3100.0,3117.0,3061.0,3068.0,7158100
2025-06-26,3036.0,3061.0,3001.0,3034.0,6179100
2025-06-27,3075.0,3130.0,3069.0,3124.0,7355200
2025-06-30,3137.0,3147.0,3094.0,3111.0,6674700
2025-07-01,3150.0,3211.0,3101.0,3142.0,8494400
2025-07-02,3115.0,3115.0,3060.0,3081.0,5747900
2025-07-03,3089.0,3090.0,3041.0,3056.0,4755800
2025-07-04,3080.0,3088.0,3052.0,3085.0,2798200
2025-07-07,3055.0,3069.0,3044.0,3056.0,2707300
2025-07-08,3040.0,3092.0,3032.0,3066.0,5254100
2025-07-09,3080.0,3120.0,3069.0,3116.0,3951700
2025-07-10,3103.0,3127.0,3066.0,3096.0,4694600
2025-07-11,3111.0,3119.0,3062.0,3068.0,3422800
2025-07-14,3090.0,3106.0,3045.0,3067.0,3390000
2025-07-15,3137.0,3160.0,3088.0,3115.0,4286000
2025-07-16,3098.0,3129.0,3075.0,3118.0,3444900
2025-07-17,3060.0,3121.0,3051.0,3109.0,3723900
2025-07-18,3109.0,3110.0,3078.0,3110.0,3184000
2025-07-22,3143.0,3220.0,3134.0,3214.0,6434700
2025-07-23,3296.0,3310.0,3228.0,3284.0,8726800
2025-07-24,3325.0,3374.0,3309.0,3347.0,6986700
2025-07-25,3310.0,3328.0,3297.0,3309.0,4949600
2025-07-28,3322.0,3327.0,3273.0,3286.0,3908400
2025-07-29,3257.0,3260.0,3226.0,3254.0,3235800
2025-07-30,3240.0,3279.0,3235.0,3269.0,4314500
2025-07-31,3266.0,3342.0,3265.0,3342.0,5295300
2025-08-01,3658.0,3696.0,3475.0,3496.0,11835300
2025-08-04,3426.0,3483.0,3415.0,3445.0,5538700
2025-08-05,3482.0,3505.0,3456.0,3490.0,4986000
2025-08-06,3500.0,3632.0,3495.0,3578.0,7591800
2025-08-07,3620.0,3675.0,3618.0,3624.0,5891600
2025-08-08,3660.0,3666.0,3603.0,3614.0,6391500
2025-08-12,3599.0,3704.0,3586.0,3666.0,7751600
2025-08-13,3668.0,3743.0,3666.0,3705.0,6472600
2025-08-14,3670.0,3698.0,3628.0,3644.0,4985800
2025-08-15,3633.0,3649.0,3602.0,3625.0,5262000
2025-08-18,3668.0,3705.0,3600.0,3679.0,4990800
2025-08-19,3678.0,3800.0,3669.0,3770.0,7029900
2025-08-20,3700.0,3723.0,3642.0,3692.0,5159400
2025-08-21,3675.0,3708.0,3656.0,3676.0,3311800
2025-08-22,3676.0,3721.0,3676.0,3699.0,3163400
2025-08-25,3737.0,3742.0,3693.0,3712.0,2347800
2025-08-26,3698.0,3717.0,3641.0,3641.0,4457300
2025-08-27,3641.0,3655.0,3602.0,3626.0,3562000
2025-08-28,3604.0,3635.0,3587.0,3621.0,3191800
2025-08-29,3625.0,3633.0,3548.0,3552.0,6101000
2025-09-01,3530.0,3576.0,3479.0,3515.0,2909100
2025-09-02,3515.0,3539.0,3499.0,3518.0,2970400
2025-09-03,3508.0,3525.0,3454.0,3474.0,4821100
2025-09-04,3511.0,3554.0,3497.0,3512.0,4444900
2025-09-05,3627.0,3665.0,3590.0,3657.0,6241700
2025-09-08,3657.0,3696.0,3631.0,3659.0,3790800
2025-09-09,3718.0,3767.0,3686.0,3700.0,5578300
2025-09-10,3677.0,3712.0,3672.0,3684.0,4338400
2025-09-11,3734.0,3773.0,3725.0,3766.0,4725600
2025-09-12,3906.0,3945.0,3849.0,3854.0,8323600
2025-09-16,3884.0,3895.0,3811.0,3811.0,5200000
2025-09-17,3790.0,3798.0,3744.0,3744.0,4137800
2025-09-18,3744.0,3800.0,3728.0,3763.0,3930000
2025-09-19,3812.0,3857.0,3732.0,3792.0,8409700
2025-09-22,3792.0,3822.0,3774.0,3793.0,3070900
2025-09-24,3830.0,3833.0,3755.0,3828.0,3981400
2025-09-25,3863.0,3875.0,3807.0,3821.0,3965000
2025-09-26,3819.0,3854.0,3799.0,3815.0,4545800
2025-09-29,3790.0,3797.0,3727.0,3742.0,3809800
2025-09-30,3795.0,3812.0,3767.0,3803.0,4607700
2025-10-01,3786.0,3797.0,3692.0,3715.0,5532100
2025-10-02,3738.0,3747.0,3668.0,3694.0,4727300
2025-10-03,3691.0,3761.0,3680.0,3743.0,4366200
2025-10-06,4000.0,4012.0,3934.0,4005.0,10896200
2025-10-07,4010.0,4034.0,3939.0,3995.0,6962800
2025-10-08,3990.0,4089.0,3976.0,4089.0,6628600
2025-10-09,4132.0,4140.0,4049.0,4078.0,5337000
2025-10-10,4050.0,4065.0,3903.0,3927.0,6317700
2025-10-14,3860.0,3881.0,3747.0,3793.0,8269800
2025-10-15,3816.0,3953.0,3806.0,3939.0,6152700
2025-10-16,3966.0,3992.0,3892.0,3899.0,4954600
2025-10-17,3875.0,3929.0,3833.0,3842.0,5043100
2025-10-20,3905.0,3955.0,3896.0,3955.0,5199000
2025-10-21,3980.0,3997.0,3917.0,3941.0,5729500
2025-10-22,3944.0,3958.0,3908.0,3934.0,5400900
2025-10-23,3890.0,3957.0,3872.0,3954.0,4287200
2025-10-24,4003.0,4027.0,3970.0,4004.0,5038600
2025-10-27,4105.0,4154.0,4072.0,4090.0,6042300
2025-10-28,4078.0,4135.0,4042.0,4080.0,4932400
2025-10-29,4187.0,4282.0,4147.0,4154.0,9435700
2025-10-30,4175.0,4244.0,4168.0,4206.0,19126200
2025-10-31,4220.0,4360.0,4197.0,4317.0,12776400
2025-11-04,4387.0,4418.0,4244.0,4332.0,18723200
2025-11-05,4245.0,4257.0,4115.0,4240.0,12260900
2025-11-06,4366.0,4403.0,4313.0,4374.0,8222800
2025-11-07,4255.0,4303.0,4230.0,4297.0,6519800
2025-11-10,4293.0,4324.0,4281.0,4311.0,4342400
2025-11-11,4400.0,4412.0,4304.0,4338.0,5369300
2025-11-12,4338.0,4364.0,4280.0,4312.0,5943500
2025-11-13,4333.0,4365.0,4303.0,4303.0,4463300
2025-11-14,4203.0,4241.0,4180.0,4237.0,5088700
2025-11-17,4237.0,4300.0,4198.0,4273.0,4361300
2025-11-18,4215.0,4235.0,4045.0,4060.0,5690700
2025-11-19,4070.0,4110.0,4002.0,4024.0,5015300
2025-11-20,4305.0,4306.0,4226.0,4256.0,5947900
2025-11-21,4164.0,4179.0,4107.0,4158.0,13497700
2025-11-25,4184.0,4210.0,4148.0,4150.0,5598900
2025-11-26,4200.0,4259.0,4157.0,4259.0,5148700
2025-11-27,4284.0,4286.0,4218.0,4227.0,3688300
2025-11-28,4218.0,4261.0,4196.0,4223.0,4497800
2025-12-01,4222.0,4236.0,4145.0,4233.0,6284000
2025-12-02,4202.0,4300.0,4168.0,4300.0,6457200
2025-12-03,4440.0,4440.0,4306.0,4339.0,7330300
2025-12-04,4350.0,4509.0,4340.0,4500.0,7231900
2025-12-05,4430.0,4468.0,4310.0,4468.0,6940600
2025-12-08,4481.0,4621.0,4448.0,4621.0,6137900
2025-12-09,4619.0,4620.0,4534.0,4593.0,5810400
2025-12-10,4643.0,4706.0,4605.0,4637.0,6842100
2025-12-11,4646.0,4678.0,4574.0,4603.0,3979300
2025-12-12,4673.0,4829.0,4655.0,4793.0,8601500
2025-12-15,4800.0,4891.0,4747.0,4808.0,6125400
2025-12-16,4789.0,4825.0,4675.0,4677.0,5786200
2025-12-17,4607.0,4650.0,4527.0,4598.0,5634500
2025-12-18,4485.0,4551.0,4471.0,4533.0,4652900
2025-12-19,4549.0,4612.0,4513.0,4596.0,9177400
2025-12-22,4687.0,4726.0,4660.0,4676.0,4912300
2025-12-23,4702.0,4705.0,4622.0,4640.0,4566800
2025-12-24,4649.0,4667.0,4608.0,4608.0,2825900
2025-12-25,4633.0,4643.0,4567.0,4605.0,1880300
2025-12-26,4645.0,4670.0,4595.0,4637.0,2426600
2025-12-29,4617.0,4648.0,4587.0,4619.0,2619300
2025-12-30,4587.0,4629.0,4569.0,4585.0,2450100
2026-01-05,4740.0,4821.0,4704.0,4790.0,6068600
2026-01-06,4847.0,4917.0,4808.0,4913.0,5385400
2026-01-07,4843.0,4901.0,4798.0,4800.0,4414000
2026-01-08,4795.0,4818.0,4710.0,4711.0,5211600
2026-01-09,4671.0,4754.0,4649.0,4735.0,5913200
2026-01-13,4971.0,5066.0,4933.0,5037.0,8956400
2026-01-14,5065.0,5148.0,5048.0,5148.0,6169300
2026-01-15,5052.0,5114.0,5039.0,5079.0,8302100
2026-01-16,5061.0,5152.0,5045.0,5100.0,5220200
2026-01-19,5020.0,5100.0,4994.0,5100.0,3212700
2026-01-20,5098.0,5100.0,4971.0,4971.0,4626200
2026-01-21,4870.0,4993.0,4869.0,4953.0,4739300
2026-01-22,5023.0,5040.0,4951.0,4979.0,3856800
2026-01-23,5030.0,5038.0,4941.0,4966.0,3962500
2026-01-26,4853.0,4904.0,4837.0,4866.0,5500700
2026-01-27,4865.0,4894.0,4764.0,4886.0,6097900
2026-01-28,4791.0,4815.0,4765.0,4804.0,5381100
2026-01-29,4809.0,4849.0,4762.0,4812.0,6376700
2026-01-30,4850.0,4864.0,4781.0,4830.0,6250400
2026-02-02,4900.0,4984.0,4802.0,4811.0,5878600
2026-02-03,4922.0,5000.0,4900.0,5000.0,5977300
2026-02-04,5150.0,5383.0,5085.0,5383.0,14837800
2026-02-05,5322.0,5402.0,5256.0,5358.0,11376600
2026-02-06,5285.0,5510.0,5281.0,5479.0,6973800
2026-02-09,5979.0,5990.0,5688.0,5753.0,11348200
2026-02-10,5889.0,5902.0,5750.0,5814.0,9494900
2026-02-12,5850.0,5941.0,5792.0,5821.0,8968100
2026-02-13,5721.0,5786.0,5575.0,5590.0,10815500
2026-02-16,5643.0,5646.0,5519.0,5519.0,5102500
2026-02-17,5500.0,5509.0,5368.0,5467.0,5791500
2026-02-18,5556.0,5658.0,5514.0,5625.0,5949700
2026-02-19,5645.0,5780.0,5630.0,5731.0,6508200
2026-02-20,5695.0,5850.0,5615.0,5850.0,6983300
2026-02-24,5922.0,5947.0,5790.0,5916.0,8972200
2026-02-25,5950.0,5955.0,5716.0,5860.0,8492100
2026-02-26,5900.0,6060.0,5850.0,5870.0,8464800
2026-02-27,5857.0,6018.0,5851.0,5991.0,8186300
2026-03-02,5850.0,5997.0,5795.0,5994.0,5233000
2026-03-03,5925.0,5950.0,5634.0,5634.0,13169300
2026-03-04,5520.0,5627.0,5324.0,5469.0,9337700
2026-03-05,5700.0,5775.0,5534.0,5618.0,8046400
2026-03-06,5490.0,5534.0,5370.0,5518.0,5275600
2026-03-09,5170.0,5259.0,5077.0,5235.0,7878000
2026-03-10,5335.0,5483.0,5301.0,5417.0,5815000
2026-03-11,5500.0,5569.0,5463.0,5499.0,5716200
2026-03-12,5406.0,5575.0,5405.0,5523.0,4972300
2026-03-13,5338.0,5480.0,5337.0,5456.0,4956800
2026-03-16,5425.0,5470.0,5290.0,5353.0,5855300
2026-03-17,5453.0,5516.0,5412.0,5459.0,4902000
2026-03-18,5550.0,5664.0,5502.0,5639.0,4594900
2026-03-19,5539.0,5597.0,5478.0,5483.0,7867000
2026-03-23,5183.0,5237.0,5069.0,5144.0,7279000
2026-03-24,5319.0,5319.0,5178.0,5275.0,3909300
2026-03-25,5432.0,5557.0,5405.0,5539.0,5387700
2026-03-26,5578.0,5709.0,5383.0,5456.0,4881300
2026-03-27,5380.0,5415.0,5234.0,5335.0,7564900
2026-03-30,5008.0,5081.0,4957.0,5042.0,7621400
2026-03-31,4945.0,5101.0,4931.0,4988.0,7408600
2026-04-01,5237.0,5337.0,5183.0,5337.0,8731700
2026-04-02,5426.0,5465.0,5156.0,5157.0,6041100
2026-04-03,5344.0,5377.0,5289.0,5306.0,3487500
2026-04-06,5300.0,5406.0,5299.0,5300.0,3453100
2026-04-07,5349.0,5391.0,5310.0,5386.0,3475800
2026-04-08,5595.0,5648.0,5546.0,5619.0,5868900
2026-04-09,5670.0,5710.0,5590.0,5639.0,5402400
2026-04-10,5700.0,5853.0,5664.0,5813.0,6068800
2026-04-13,5742.0,5867.0,5704.0,5814.0,4120200
2026-04-14,5914.0,5921.0,5835.0,5859.0,5422000
2026-04-15,5990.0,5998.0,5777.0,5811.0,5117500
2026-04-16,5878.0,5981.0,5878.0,5975.0,4956600
2026-04-17,5904.0,5944.0,5799.0,5799.0,5511200
2026-04-20,5883.0,6107.0,5866.0,6088.0,5914100
2026-04-21,6100.0,6160.0,6028.0,6028.0,5315200
2026-04-22,5901.0,5938.0,5845.0,5935.0,4450800
2026-04-23,5869.0,5905.0,5739.0,5881.0,7685300
2026-04-24,5959.0,6010.0,5814.0,5999.0,4219000
2026-04-27,6039.0,6129.0,5943.0,6048.0,7729900
2026-04-28,6048.0,6231.0,5955.0,6078.0,9526000
2026-04-30,6398.0,6490.0,6115.0,6231.0,13025200
2026-05-01,6269.0,6330.0,6061.0,6071.0,6295700
2026-05-07,6377.0,6636.0,6349.0,6448.0,12043300
2026-05-08,6448.0,6591.0,6401.0,6460.0,8585500
2026-05-11,6467.0,6615.0,6382.0,6447.0,7418200
2026-05-12,6623.0,6667.0,6373.0,6373.0,5642700
2026-05-13,6333.0,6495.0,6296.0,6468.0,4512200
2026-05-14,6463.0,6512.0,6382.0,6436.0,6838400
2026-05-15,6500.0,6662.0,6296.0,6416.0,8906700
2026-05-18,6380.0,6394.0,6200.0,6350.0,6997100
2026-05-19,6312.0,6330.0,6018.0,6020.0,9166700
2026-05-20,5823.0,5895.0,5623.0,5747.0,10679400
2026-05-21,6008.0,6124.0,5957.0,6069.0,8500900
2026-05-22,6080.0,6359.0,6080.0,6301.0,6834800
2026-05-25,6414.0,6614.0,6392.0,6560.0,5608300
2026-05-26,6554.0,6675.0,6497.0,6539.0,5113000
2026-05-27,6650.0,6686.0,6488.0,6500.0,5960900
2026-05-28,6321.0,6565.0,6320.0,6557.0,7953400
2026-05-29,6500.0,6641.0,6290.0,6558.0,14852400
2026-06-01,6560.0,6682.0,6069.0,6088.0,10106300
2026-06-02,6060.0,6133.0,5867.0,6001.0,9193900
2026-06-03,6101.0,6177.0,6030.0,6085.0,5455800
2026-06-04,6051.0,6084.0,5908.0,5952.0,6699000
2026-06-05,5899.0,6043.0,5797.0,6014.0,5707800
2026-06-08,5514.0,5707.0,5490.0,5668.0,7398800
2026-06-09,5868.0,5868.0,5685.0,5819.0,7745700
2026-06-10,5750.0,5767.0,5471.0,5572.0,9152600
2026-06-11,5372.0,5446.0,5225.0,5446.0,7318500
2026-06-12,5621.0,5661.0,5455.0,5545.0,8209700
2026-06-15,5700.0,5903.0,5676.0,5858.0,6107400
2026-06-16,5958.0,6009.0,5820.0,5872.0,6728200
2026-06-17,5853.0,5925.0,5790.0,5863.0,4255000
2026-06-18,6163.0,6230.0,6040.0,6056.0,6755700
2026-06-19,6148.0,6166.0,6023.0,6051.0,6589200
2026-06-22,6121.0,6253.0,6065.0,6183.0,4105900
2026-06-23,6283.0,6345.0,6087.0,6104.0,6378500
2026-06-24,6004.0,6052.0,5882.0,5982.0,6046300
2026-06-25,6082.0,6110.0,5927.0,5986.0,5408200
2026-06-26,5927.0,5942.0,5790.0,5858.0,4893500
2026-06-29,5925.0,5935.0,5724.0,5860.0,5025400
2026-06-30,5980.0,5980.0,5782.0,5876.0,4773000
2026-07-01,5966.0,6040.0,5888.0,6034.0,5406300
2026-07-02,5934.0,6020.0,5845.0,5913.0,5264200
2026-07-03,5868.0,5968.0,5795.0,5944.0,4126300
2026-07-06,5970.0,6078.0,5938.0,6043.0,4086700
2026-07-07,6074.0,6171.0,5896.0,5947.0,5447100
2026-07-08,5847.0,5904.0,5699.0,5699.0,6314100
2026-07-09,5730.0,5826.0,5722.0,5783.0,3365800
2026-07-10,5867.0,5910.0,5800.0,5827.0,3949600
2026-07-13,5836.0,5872.0,5598.0,5647.0,4924600
2026-07-14,5676.0,5686.0,5512.0,5592.0,5256900
2026-07-15,5747.0,5769.0,5609.0,5764.0,4745000
2026-07-16,5680.0,5737.0,5650.0,5666.0,4058500
2026-07-17,5566.0,5577.0,5203.0,5370.0,7417200
2026-07-21,5413.0,5591.0,5306.0,5591.0,6347000
2026-07-22,5669.0,5795.0,5629.0,5629.0,5262700
2026-07-23,5700.0,5764.0,5673.0,5746.0,4022600
2026-07-24,5679.0,5686.0,5586.0,5650.0,3355200
2026-07-27,5632.0,5681.0,5552.0,5669.0,5310700
2026-07-28,5480.0,5500.0,5291.0,5319.0,6391900
2026-07-29,5238.0,5297.0,5050.0,5172.0,8659200
2026-07-30,5072.0,5358.0,5071.0,5318.0,8047800
2026-07-31,5550.0,5912.0,5531.0,5912.0,10558100
2026-08-03,5712.0,5773.0,5357.0,5536.0,13219500
2026-08-04,5636.0,5699.0,5500.0,5649.0,7340000
2026-08-05,5748.0,5866.0,5678.0,5848.0,6634100
2026-08-06,5925.0,6061.0,5799.0,5870.0,7307800
2026-08-07,5827.0,5900.0,5752.0,5826.0,6142000
2026-08-10,5850.0,5940.0,5809.0,5844.0,4778500
2026-08-12,5799.0,5906.0,5695.0,5892.0,4882600
2026-08-13,5972.0,6079.0,5949.0,6020.0,4841400
2026-08-14,6096.0,6265.0,6079.0,6153.0,7545200
2026-08-17,6160.0,6203.0,6062.0,6126.0,3726600
2026-08-18,6149.0,6224.0,6012.0,6031.0,3848700
2026-08-19,5702.0,5757.0,5612.0,5641.0,6192100
2026-08-20,5662.0,5730.0,5621.0,5655.0,5298800
2026-08-21,5507.0,5611.0,5497.0,5602.0,5763500
2026-08-24,5596.0,5636.0,5500.0,5568.0,3418300
2026-08-25,5501.0,5614.0,5451.0,5614.0,3621800
2026-08-26,5635.0,5648.0,5545.0,5619.0,4672400
2026-08-27,5667.0,5677.0,5563.0,5563.0,4817600
2026-08-28,5626.0,5679.0,5590.0,5648.0,6031600
2026-08-31,5500.0,5585.0,5464.0,5585.0,6314700
2026-09-01,5521.0,5616.0,5507.0,5521.0,5430900
2026-09-02,5431.0,5450.0,5255.0,5276.0,7514400
2026-09-03,5323.0,5356.0,5237.0,5310.0,5502100
2026-09-04,5217.0,5306.0,5188.0,5248.0,7714900
2026-09-07,5300.0,5400.0,5285.0,5385.0,5665500
2026-09-08,5325.0,5325.0,5066.0,5066.0,6387400
2026-09-09,5060.0,5187.0,5043.0,5168.0,6506800
2026-09-10,5134.0,5138.0,5045.0,5095.0,4696600
2026-09-11,4936.0,5050.0,4936.0,5027.0,6163500
2026-09-14,5000.0,5139.0,4964.0,5122.0,4591300
2026-09-15,5022.0,5134.0,5006.0,5100.0,6786200
2026-09-16,5115.0,5182.0,5110.0,5160.0,3138300
2026-09-17,5222.0,5250.0,5139.0,5164.0,4392800
2026-09-18,5215.0,5237.0,5126.0,5126.0,6822100
2026-09-24,5190.0,5313.0,5158.0,5274.0,6073800
2026-09-25,5242.0,5279.0,5210.0,5239.0,6640500
2026-09-28,5218.0,5293.0,5196.0,5213.0,7216200
2026-09-29,5164.0,5180.0,5106.0,5131.0,7195200
