Date,Open,High,Low,Close,Volume
2012-10-01,433.3333435058594,450.0,426.6666564941406,430.0,17700
2012-10-02,433.3333435058594,433.3333435058594,406.6666564941406,406.6666564941406,57600
2012-10-03,410.0,413.3333435058594,410.0,410.0,13800
2012-10-04,416.6666564941406,420.0,410.0,410.0,17400
2012-10-05,410.0,413.3333435058594,406.6666564941406,410.0,12600
2012-10-09,416.6666564941406,416.6666564941406,410.0,413.3333435058594,6600
2012-10-10,416.6666564941406,416.6666564941406,413.3333435058594,416.6666564941406,9900
2012-10-11,413.3333435058594,416.6666564941406,406.6666564941406,410.0,19200
2012-10-12,413.3333435058594,413.3333435058594,396.6666564941406,396.6666564941406,29700
2012-10-15,396.6666564941406,400.0,386.6666564941406,396.6666564941406,24900
2012-10-16,400.0,410.0,396.6666564941406,403.3333435058594,6900
2012-10-17,416.6666564941406,463.3333435058594,416.6666564941406,440.0,179700
2012-10-18,436.6666564941406,443.3333435058594,433.3333435058594,440.0,38100
2012-10-19,440.0,460.0,440.0,460.0,45900
2012-10-22,446.6666564941406,453.3333435058594,440.0,450.0,34500
2012-10-23,456.6666564941406,456.6666564941406,440.0,446.6666564941406,18600
2012-10-24,433.3333435058594,440.0,430.0,436.6666564941406,16500
2012-10-25,440.0,443.3333435058594,436.6666564941406,443.3333435058594,15000
2012-10-26,443.3333435058594,446.6666564941406,436.6666564941406,440.0,16500
2012-10-29,443.3333435058594,446.6666564941406,436.6666564941406,436.6666564941406,5400
2012-10-30,436.6666564941406,440.0,416.6666564941406,416.6666564941406,27600
2012-10-31,426.6666564941406,440.0,426.6666564941406,436.6666564941406,23700
2012-11-01,433.3333435058594,440.0,426.6666564941406,436.6666564941406,16800
2012-11-02,436.6666564941406,443.3333435058594,433.3333435058594,440.0,19200
2012-11-05,440.0,463.3333435058594,440.0,450.0,86400
2012-11-06,453.3333435058594,453.3333435058594,440.0,446.6666564941406,18300
2012-11-07,446.6666564941406,473.3333435058594,443.3333435058594,463.3333435058594,97200
2012-11-08,450.0,456.6666564941406,443.3333435058594,443.3333435058594,43500
2012-11-09,440.0,450.0,440.0,443.3333435058594,18300
2012-11-12,443.3333435058594,456.6666564941406,436.6666564941406,446.6666564941406,20100
2012-11-13,450.0,450.0,436.6666564941406,440.0,26700
2012-11-14,436.6666564941406,443.3333435058594,426.6666564941406,436.6666564941406,28200
2012-11-15,440.0,460.0,440.0,453.3333435058594,38700
2012-11-16,453.3333435058594,463.3333435058594,450.0,453.3333435058594,27900
2012-11-19,456.6666564941406,466.6666564941406,456.6666564941406,466.6666564941406,24900
2012-11-20,466.6666564941406,466.6666564941406,463.3333435058594,463.3333435058594,24900
2012-11-21,466.6666564941406,490.0,466.6666564941406,486.6666564941406,78000
2012-11-22,483.3333435058594,490.0,480.0,480.0,54300
2012-11-26,490.0,496.6666564941406,486.6666564941406,490.0,37500
2012-11-27,486.6666564941406,503.3333435058594,483.3333435058594,500.0,58500
2012-11-28,490.0,496.6666564941406,486.6666564941406,493.3333435058594,24900
2012-11-29,493.3333435058594,500.0,493.3333435058594,500.0,20400
2012-11-30,503.3333435058594,503.3333435058594,496.6666564941406,496.6666564941406,26700
2012-12-03,500.0,500.0,493.3333435058594,493.3333435058594,15600
2012-12-04,486.6666564941406,496.6666564941406,480.0,496.6666564941406,18000
2012-12-05,493.3333435058594,500.0,486.6666564941406,500.0,23400
2012-12-06,503.3333435058594,520.0,496.6666564941406,520.0,60300
2012-12-07,506.6666564941406,516.6666870117188,503.3333435058594,503.3333435058594,36600
2012-12-10,506.6666564941406,513.3333129882812,506.6666564941406,510.0,30000
2012-12-11,510.0,513.3333129882812,500.0,510.0,32400
2012-12-12,506.6666564941406,510.0,503.3333435058594,510.0,12300
2012-12-13,516.6666870117188,516.6666870117188,506.6666564941406,506.6666564941406,18600
2012-12-14,500.0,506.6666564941406,500.0,500.0,33900
2012-12-17,503.3333435058594,506.6666564941406,496.6666564941406,496.6666564941406,29100
2012-12-18,493.3333435058594,506.6666564941406,490.0,500.0,35700
2012-12-19,506.6666564941406,513.3333129882812,503.3333435058594,513.3333129882812,40800
2012-12-20,516.6666870117188,516.6666870117188,503.3333435058594,510.0,21900
2012-12-21,516.6666870117188,516.6666870117188,503.3333435058594,506.6666564941406,25500
2012-12-25,516.6666870117188,516.6666870117188,506.6666564941406,506.6666564941406,19500
2012-12-26,506.6666564941406,530.0,506.6666564941406,520.0,75000
2012-12-27,526.6666870117188,556.6666870117188,520.0,536.6666870117188,148800
2012-12-28,536.6666870117188,550.0,536.6666870117188,536.6666870117188,57900
2013-01-04,553.3333129882812,563.3333129882812,543.3333129882812,563.3333129882812,60300
2013-01-07,573.3333129882812,580.0,556.6666870117188,570.0,64500
2013-01-08,570.0,570.0,556.6666870117188,566.6666870117188,33000
2013-01-09,566.6666870117188,586.6666870117188,563.3333129882812,580.0,82200
2013-01-10,576.6666870117188,580.0,573.3333129882812,576.6666870117188,64200
2013-01-11,573.3333129882812,576.6666870117188,566.6666870117188,570.0,41100
2013-01-15,576.6666870117188,593.3333129882812,570.0,590.0,81900
2013-01-16,583.3333129882812,590.0,576.6666870117188,583.3333129882812,77400
2013-01-17,573.3333129882812,576.6666870117188,553.3333129882812,556.6666870117188,77400
2013-01-18,563.3333129882812,573.3333129882812,563.3333129882812,566.6666870117188,48000
2013-01-21,566.6666870117188,583.3333129882812,560.0,580.0,32400
2013-01-22,580.0,586.6666870117188,573.3333129882812,576.6666870117188,45900
2013-01-23,580.0,580.0,566.6666870117188,570.0,30000
2013-01-24,570.0,573.3333129882812,563.3333129882812,570.0,24600
2013-01-25,576.6666870117188,603.3333129882812,576.6666870117188,593.3333129882812,94200
2013-01-28,606.6666870117188,610.0,593.3333129882812,593.3333129882812,48000
2013-01-29,593.3333129882812,600.0,586.6666870117188,590.0,37500
2013-01-30,596.6666870117188,596.6666870117188,583.3333129882812,596.6666870117188,27300
2013-01-31,596.6666870117188,596.6666870117188,590.0,593.3333129882812,21600
2013-02-01,593.3333129882812,596.6666870117188,590.0,590.0,18000
2013-02-04,580.0,596.6666870117188,580.0,590.0,55800
2013-02-05,573.3333129882812,576.6666870117188,570.0,573.3333129882812,49200
2013-02-06,573.3333129882812,583.3333129882812,573.3333129882812,580.0,24300
2013-02-07,576.6666870117188,590.0,576.6666870117188,586.6666870117188,49200
2013-02-08,593.3333129882812,593.3333129882812,586.6666870117188,590.0,32700
2013-02-12,600.0,606.6666870117188,596.6666870117188,603.3333129882812,72900
2013-02-13,600.0,623.3333129882812,586.6666870117188,586.6666870117188,225600
2013-02-14,590.0,590.0,580.0,580.0,28500
2013-02-15,580.0,580.0,553.3333129882812,556.6666870117188,43800
2013-02-18,560.0,580.0,556.6666870117188,576.6666870117188,19800
2013-02-19,566.6666870117188,580.0,566.6666870117188,576.6666870117188,14400
2013-02-20,580.0,593.3333129882812,580.0,586.6666870117188,23700
2013-02-21,586.6666870117188,620.0,586.6666870117188,610.0,141000
2013-02-22,610.0,616.6666870117188,596.6666870117188,610.0,78900
2013-02-25,613.3333129882812,636.6666870117188,600.0,626.6666870117188,136200
2013-02-26,616.6666870117188,626.6666870117188,603.3333129882812,610.0,58500
2013-02-27,610.0,610.0,590.0,590.0,58200
2013-02-28,596.6666870117188,673.3333129882812,596.6666870117188,660.0,917100
2013-03-01,650.0,673.3333129882812,636.6666870117188,653.3333129882812,328200
2013-03-04,646.6666870117188,676.6666870117188,643.3333129882812,653.3333129882812,180600
2013-03-05,660.0,680.0,650.0,653.3333129882812,113400
2013-03-06,666.6666870117188,676.6666870117188,653.3333129882812,673.3333129882812,100800
2013-03-07,683.3333129882812,696.6666870117188,663.3333129882812,663.3333129882812,110400
2013-03-08,660.0,666.6666870117188,656.6666870117188,656.6666870117188,74400
2013-03-11,653.3333129882812,673.3333129882812,650.0,666.6666870117188,61800
2013-03-12,660.0,666.6666870117188,636.6666870117188,636.6666870117188,83700
2013-03-13,636.6666870117188,643.3333129882812,626.6666870117188,640.0,66600
2013-03-14,633.3333129882812,663.3333129882812,626.6666870117188,636.6666870117188,230700
2013-03-15,653.3333129882812,666.6666870117188,640.0,653.3333129882812,198000
2013-03-18,666.6666870117188,776.6666870117188,660.0,733.3333129882812,3465900
2013-03-19,673.3333129882812,683.3333129882812,626.6666870117188,656.6666870117188,793500
2013-03-21,670.0,690.0,656.6666870117188,660.0,328800
2013-03-22,656.6666870117188,660.0,650.0,650.0,73500
2013-03-25,650.0,656.6666870117188,633.3333129882812,636.6666870117188,99000
2013-03-26,633.3333129882812,636.6666870117188,630.0,630.0,48600
2013-03-27,626.6666870117188,626.6666870117188,606.6666870117188,610.0,75600
2013-03-28,610.0,613.3333129882812,590.0,596.6666870117188,57000
2013-03-29,610.0,610.0,596.6666870117188,600.0,46800
2013-04-01,603.3333129882812,606.6666870117188,583.3333129882812,583.3333129882812,54600
2013-04-02,570.0,573.3333129882812,550.0,566.6666870117188,99900
2013-04-03,576.6666870117188,583.3333129882812,560.0,583.3333129882812,40200
2013-04-04,566.6666870117188,596.6666870117188,566.6666870117188,590.0,43500
2013-04-05,600.0,620.0,596.6666870117188,606.6666870117188,55200
2013-04-08,606.6666870117188,613.3333129882812,600.0,610.0,35700
2013-04-09,616.6666870117188,616.6666870117188,600.0,600.0,44400
2013-04-10,600.0,603.3333129882812,593.3333129882812,600.0,32400
2013-04-11,600.0,613.3333129882812,600.0,610.0,37200
2013-04-12,606.6666870117188,610.0,603.3333129882812,603.3333129882812,19200
2013-04-15,596.6666870117188,613.3333129882812,596.6666870117188,606.6666870117188,30000
2013-04-16,593.3333129882812,603.3333129882812,590.0,596.6666870117188,28800
2013-04-17,600.0,613.3333129882812,600.0,606.6666870117188,26700
2013-04-18,606.6666870117188,613.3333129882812,606.6666870117188,606.6666870117188,21600
2013-04-19,606.6666870117188,620.0,600.0,616.6666870117188,28800
2013-04-22,626.6666870117188,630.0,623.3333129882812,626.6666870117188,27900
2013-04-23,630.0,646.6666870117188,630.0,646.6666870117188,75900
2013-04-24,650.0,656.6666870117188,640.0,643.3333129882812,55800
2013-04-25,646.6666870117188,650.0,636.6666870117188,636.6666870117188,42300
2013-04-26,636.6666870117188,643.3333129882812,626.6666870117188,630.0,33600
2013-04-30,620.0,630.0,616.6666870117188,623.3333129882812,44700
2013-05-01,620.0,623.3333129882812,616.6666870117188,620.0,12300
2013-05-02,620.0,633.3333129882812,616.6666870117188,623.3333129882812,27900
2013-05-07,626.6666870117188,646.6666870117188,626.6666870117188,646.6666870117188,47700
2013-05-08,640.0,660.0,633.3333129882812,660.0,68400
2013-05-09,660.0,706.6666870117188,650.0,696.6666870117188,332400
2013-05-10,723.3333129882812,730.0,673.3333129882812,680.0,291000
2013-05-13,676.6666870117188,690.0,673.3333129882812,676.6666870117188,79200
2013-05-14,673.3333129882812,680.0,673.3333129882812,676.6666870117188,33600
2013-05-15,680.0,686.6666870117188,663.3333129882812,666.6666870117188,76200
2013-05-16,660.0,663.3333129882812,623.3333129882812,633.3333129882812,111000
2013-05-17,630.0,653.3333129882812,630.0,650.0,61200
2013-05-20,663.3333129882812,670.0,656.6666870117188,663.3333129882812,69000
2013-05-21,670.0,673.3333129882812,656.6666870117188,666.6666870117188,76500
2013-05-22,673.3333129882812,673.3333129882812,653.3333129882812,656.6666870117188,64500
2013-05-23,660.0,666.6666870117188,606.6666870117188,613.3333129882812,145500
2013-05-24,620.0,626.6666870117188,606.6666870117188,613.3333129882812,94800
2013-05-27,603.3333129882812,610.0,593.3333129882812,593.3333129882812,51000
2013-05-28,583.3333129882812,606.6666870117188,583.3333129882812,596.6666870117188,24300
2013-05-29,606.6666870117188,626.6666870117188,600.0,610.0,38100
2013-05-30,593.3333129882812,600.0,583.3333129882812,583.3333129882812,41100
2013-05-31,586.6666870117188,593.3333129882812,586.6666870117188,590.0,17700
2013-06-03,593.3333129882812,596.6666870117188,583.3333129882812,583.3333129882812,34200
2013-06-04,576.6666870117188,593.3333129882812,576.6666870117188,593.3333129882812,44700
2013-06-05,596.6666870117188,613.3333129882812,570.0,570.0,25800
2013-06-06,573.3333129882812,580.0,543.3333129882812,543.3333129882812,75900
2013-06-07,540.0,543.3333129882812,510.0,516.6666870117188,86100
2013-06-10,550.0,560.0,543.3333129882812,550.0,25500
2013-06-11,550.0,550.0,540.0,543.3333129882812,15900
2013-06-12,540.0,550.0,526.6666870117188,550.0,16800
2013-06-13,533.3333129882812,540.0,530.0,533.3333129882812,12600
2013-06-14,536.6666870117188,543.3333129882812,530.0,540.0,47700
2013-06-17,533.3333129882812,556.6666870117188,533.3333129882812,550.0,21300
2013-06-18,556.6666870117188,563.3333129882812,546.6666870117188,550.0,9000
2013-06-19,563.3333129882812,566.6666870117188,553.3333129882812,563.3333129882812,28800
2013-06-20,566.6666870117188,570.0,553.3333129882812,556.6666870117188,25200
2013-06-21,550.0,566.6666870117188,536.6666870117188,556.6666870117188,14700
2013-06-24,556.6666870117188,566.6666870117188,550.0,563.3333129882812,16500
2013-06-25,563.3333129882812,563.3333129882812,543.3333129882812,553.3333129882812,19200
2013-06-26,556.6666870117188,556.6666870117188,536.6666870117188,536.6666870117188,19200
2013-06-27,530.0,546.6666870117188,520.0,536.6666870117188,22500
2013-06-28,543.3333129882812,543.3333129882812,533.3333129882812,540.0,41100
2013-07-01,546.6666870117188,550.0,546.6666870117188,550.0,12900
2013-07-02,553.3333129882812,556.6666870117188,546.6666870117188,556.6666870117188,18000
2013-07-03,553.3333129882812,556.6666870117188,550.0,553.3333129882812,20100
2013-07-04,553.3333129882812,553.3333129882812,546.6666870117188,553.3333129882812,9000
2013-07-05,563.3333129882812,573.3333129882812,556.6666870117188,573.3333129882812,47400
2013-07-08,580.0,583.3333129882812,560.0,560.0,35100
2013-07-09,556.6666870117188,566.6666870117188,553.3333129882812,563.3333129882812,31500
2013-07-10,570.0,573.3333129882812,560.0,563.3333129882812,26400
2013-07-11,560.0,566.6666870117188,556.6666870117188,560.0,26400
2013-07-12,563.3333129882812,566.6666870117188,556.6666870117188,556.6666870117188,30000
2013-07-16,560.0,576.6666870117188,560.0,560.0,36000
2013-07-17,566.6666870117188,573.3333129882812,560.0,570.0,22800
2013-07-18,573.3333129882812,583.3333129882812,573.3333129882812,580.0,75000
2013-07-19,580.0,580.0,560.0,563.3333129882812,30900
2013-07-22,570.0,576.6666870117188,566.6666870117188,576.6666870117188,8100
2013-07-23,576.6666870117188,576.6666870117188,570.0,576.6666870117188,13200
2013-07-24,573.3333129882812,593.3333129882812,566.6666870117188,590.0,64500
2013-07-25,590.0,603.3333129882812,586.6666870117188,593.3333129882812,158400
2013-07-26,580.0,586.6666870117188,570.0,570.0,29700
2013-07-29,556.6666870117188,556.6666870117188,536.6666870117188,540.0,45000
2013-07-30,533.3333129882812,546.6666870117188,533.3333129882812,546.6666870117188,10800
2013-07-31,550.0,550.0,543.3333129882812,543.3333129882812,11700
2013-08-01,536.6666870117188,546.6666870117188,533.3333129882812,546.6666870117188,25800
2013-08-02,550.0,556.6666870117188,550.0,556.6666870117188,35700
2013-08-05,540.0,540.0,530.0,533.3333129882812,45600
2013-08-06,536.6666870117188,540.0,533.3333129882812,533.3333129882812,33300
2013-08-07,533.3333129882812,533.3333129882812,526.6666870117188,526.6666870117188,18000
2013-08-08,523.3333129882812,530.0,520.0,520.0,16800
2013-08-09,526.6666870117188,530.0,520.0,520.0,23400
2013-08-12,520.0,523.3333129882812,520.0,520.0,6000
2013-08-13,520.0,523.3333129882812,510.0,516.6666870117188,32100
2013-08-14,516.6666870117188,526.6666870117188,516.6666870117188,526.6666870117188,16200
2013-08-15,516.6666870117188,520.0,513.3333129882812,516.6666870117188,13200
2013-08-16,513.3333129882812,516.6666870117188,513.3333129882812,513.3333129882812,12000
2013-08-19,510.0,513.3333129882812,510.0,513.3333129882812,5100
2013-08-20,513.3333129882812,520.0,513.3333129882812,513.3333129882812,12600
2013-08-21,516.6666870117188,516.6666870117188,510.0,510.0,13500
2013-08-22,503.3333435058594,510.0,503.3333435058594,506.6666564941406,14100
2013-08-23,510.0,513.3333129882812,506.6666564941406,513.3333129882812,21900
2013-08-26,513.3333129882812,516.6666870117188,513.3333129882812,513.3333129882812,18600
2013-08-27,513.3333129882812,516.6666870117188,510.0,513.3333129882812,9600
2013-08-28,510.0,513.3333129882812,503.3333435058594,503.3333435058594,12300
2013-08-29,506.6666564941406,510.0,506.6666564941406,506.6666564941406,4800
2013-08-30,506.6666564941406,510.0,500.0,500.0,14400
2013-09-02,503.3333435058594,506.6666564941406,500.0,503.3333435058594,14100
2013-09-03,506.6666564941406,513.3333129882812,506.6666564941406,513.3333129882812,9600
2013-09-04,510.0,510.0,506.6666564941406,510.0,15000
2013-09-05,516.6666870117188,516.6666870117188,506.6666564941406,513.3333129882812,15000
2013-09-06,516.6666870117188,516.6666870117188,503.3333435058594,510.0,10200
2013-09-09,516.6666870117188,526.6666870117188,510.0,526.6666870117188,25200
2013-09-10,526.6666870117188,550.0,523.3333129882812,550.0,54300
2013-09-11,550.0,576.6666870117188,533.3333129882812,546.6666870117188,232800
2013-09-12,546.6666870117188,550.0,540.0,543.3333129882812,93000
2013-09-13,536.6666870117188,543.3333129882812,530.0,540.0,61200
2013-09-17,550.0,573.3333129882812,543.3333129882812,550.0,115500
2013-09-18,563.3333129882812,570.0,556.6666870117188,560.0,59700
2013-09-19,560.0,570.0,560.0,570.0,46800
2013-09-20,510.0,530.0,503.3333435058594,526.6666870117188,327600
2013-09-24,526.6666870117188,530.0,523.3333129882812,526.6666870117188,95400
2013-09-25,533.3333129882812,533.3333129882812,526.6666870117188,530.0,65400
2013-09-26,530.0,530.0,516.6666870117188,530.0,51900
2013-09-27,530.0,530.0,523.3333129882812,526.6666870117188,39900
2013-09-30,523.3333129882812,530.0,520.0,526.6666870117188,23100
2013-10-01,523.3333129882812,526.6666870117188,516.6666870117188,516.6666870117188,63000
2013-10-02,523.3333129882812,523.3333129882812,513.3333129882812,516.6666870117188,42000
2013-10-03,510.0,520.0,510.0,516.6666870117188,40200
2013-10-04,513.3333129882812,513.3333129882812,506.6666564941406,506.6666564941406,39000
2013-10-07,506.6666564941406,506.6666564941406,500.0,500.0,34200
2013-10-08,496.6666564941406,506.6666564941406,486.6666564941406,500.0,49800
2013-10-09,493.3333435058594,506.6666564941406,493.3333435058594,500.0,28800
2013-10-10,506.6666564941406,506.6666564941406,500.0,506.6666564941406,38700
2013-10-11,506.6666564941406,516.6666870117188,506.6666564941406,513.3333129882812,56400
2013-10-15,516.6666870117188,516.6666870117188,510.0,516.6666870117188,27600
2013-10-16,513.3333129882812,516.6666870117188,510.0,516.6666870117188,9000
2013-10-17,516.6666870117188,526.6666870117188,513.3333129882812,523.3333129882812,48600
2013-10-18,520.0,530.0,516.6666870117188,523.3333129882812,70200
2013-10-21,530.0,533.3333129882812,526.6666870117188,533.3333129882812,45000
2013-10-22,533.3333129882812,540.0,526.6666870117188,536.6666870117188,46800
2013-10-23,540.0,543.3333129882812,530.0,530.0,85800
2013-10-24,530.0,536.6666870117188,530.0,536.6666870117188,17100
2013-10-25,540.0,543.3333129882812,536.6666870117188,536.6666870117188,37800
2013-10-28,536.6666870117188,540.0,536.6666870117188,540.0,17700
2013-10-29,526.6666870117188,536.6666870117188,523.3333129882812,533.3333129882812,37500
2013-10-30,533.3333129882812,540.0,526.6666870117188,533.3333129882812,33300
2013-10-31,530.0,533.3333129882812,523.3333129882812,526.6666870117188,22200
2013-11-01,526.6666870117188,526.6666870117188,520.0,520.0,15900
2013-11-05,510.0,513.3333129882812,506.6666564941406,513.3333129882812,25200
2013-11-06,503.3333435058594,510.0,503.3333435058594,510.0,18600
2013-11-07,513.3333129882812,513.3333129882812,506.6666564941406,506.6666564941406,13200
2013-11-08,503.3333435058594,513.3333129882812,503.3333435058594,510.0,17100
2013-11-11,513.3333129882812,513.3333129882812,500.0,506.6666564941406,30900
2013-11-12,503.3333435058594,510.0,503.3333435058594,510.0,22800
2013-11-13,510.0,513.3333129882812,506.6666564941406,510.0,20700
2013-11-14,513.3333129882812,516.6666870117188,506.6666564941406,513.3333129882812,22200
2013-11-15,513.3333129882812,523.3333129882812,510.0,523.3333129882812,27000
2013-11-18,526.6666870117188,526.6666870117188,513.3333129882812,520.0,56100
2013-11-19,520.0,523.3333129882812,516.6666870117188,520.0,25200
2013-11-20,520.0,523.3333129882812,520.0,523.3333129882812,12600
2013-11-21,523.3333129882812,526.6666870117188,523.3333129882812,526.6666870117188,21900
2013-11-22,526.6666870117188,530.0,523.3333129882812,526.6666870117188,18000
2013-11-25,526.6666870117188,533.3333129882812,526.6666870117188,533.3333129882812,20100
2013-11-26,533.3333129882812,536.6666870117188,530.0,536.6666870117188,26700
2013-11-27,533.3333129882812,536.6666870117188,523.3333129882812,523.3333129882812,24300
2013-11-28,526.6666870117188,526.6666870117188,520.0,526.6666870117188,16200
2013-11-29,526.6666870117188,533.3333129882812,520.0,530.0,22800
2013-12-02,533.3333129882812,536.6666870117188,530.0,530.0,31800
2013-12-03,536.6666870117188,536.6666870117188,530.0,530.0,10500
2013-12-04,526.6666870117188,536.6666870117188,526.6666870117188,526.6666870117188,28200
2013-12-05,530.0,530.0,516.6666870117188,516.6666870117188,23700
2013-12-06,523.3333129882812,523.3333129882812,513.3333129882812,516.6666870117188,21000
2013-12-09,516.6666870117188,516.6666870117188,513.3333129882812,513.3333129882812,27000
2013-12-10,513.3333129882812,516.6666870117188,510.0,513.3333129882812,42000
2013-12-11,520.0,520.0,506.6666564941406,510.0,34500
2013-12-12,510.0,510.0,503.3333435058594,510.0,26400
2013-12-13,506.6666564941406,510.0,503.3333435058594,503.3333435058594,65700
2013-12-16,503.3333435058594,516.6666870117188,490.0,490.0,94500
2013-12-17,490.0,496.6666564941406,490.0,493.3333435058594,32400
2013-12-18,490.0,496.6666564941406,486.6666564941406,496.6666564941406,48000
2013-12-19,496.6666564941406,496.6666564941406,490.0,496.6666564941406,43500
2013-12-20,496.6666564941406,496.6666564941406,486.6666564941406,490.0,55500
2013-12-24,490.0,493.3333435058594,486.6666564941406,490.0,62700
2013-12-25,490.0,506.6666564941406,490.0,506.6666564941406,82500
2013-12-26,513.3333129882812,530.0,510.0,526.6666870117188,64500
2013-12-27,533.3333129882812,536.6666870117188,520.0,533.3333129882812,64800
2013-12-30,536.6666870117188,536.6666870117188,526.6666870117188,536.6666870117188,37500
2014-01-06,536.6666870117188,536.6666870117188,526.6666870117188,533.3333129882812,28500
2014-01-07,536.6666870117188,540.0,530.0,530.0,44100
2014-01-08,530.0,543.3333129882812,530.0,543.3333129882812,60600
2014-01-09,543.3333129882812,550.0,540.0,550.0,48600
2014-01-10,550.0,560.0,536.6666870117188,560.0,105900
2014-01-14,553.3333129882812,576.6666870117188,553.3333129882812,573.3333129882812,105600
2014-01-15,576.6666870117188,593.3333129882812,550.0,560.0,177600
2014-01-16,560.0,570.0,560.0,566.6666870117188,47700
2014-01-17,570.0,570.0,560.0,563.3333129882812,44400
2014-01-20,566.6666870117188,573.3333129882812,556.6666870117188,560.0,36600
2014-01-21,566.6666870117188,570.0,556.6666870117188,560.0,26700
2014-01-22,560.0,563.3333129882812,553.3333129882812,560.0,32400
2014-01-23,560.0,566.6666870117188,556.6666870117188,560.0,31200
2014-01-24,560.0,563.3333129882812,550.0,553.3333129882812,37800
2014-01-27,530.0,540.0,523.3333129882812,526.6666870117188,34500
2014-01-28,526.6666870117188,540.0,523.3333129882812,523.3333129882812,62400
2014-01-29,530.0,536.6666870117188,523.3333129882812,530.0,18300
2014-01-30,526.6666870117188,526.6666870117188,516.6666870117188,520.0,27900
2014-01-31,523.3333129882812,526.6666870117188,513.3333129882812,516.6666870117188,29700
2014-02-03,510.0,520.0,503.3333435058594,503.3333435058594,38700
2014-02-04,500.0,500.0,483.3333435058594,493.3333435058594,110100
2014-02-05,496.6666564941406,500.0,486.6666564941406,493.3333435058594,71100
2014-02-06,493.3333435058594,500.0,486.6666564941406,496.6666564941406,45000
2014-02-07,503.3333435058594,513.3333129882812,493.3333435058594,510.0,39300
2014-02-10,513.3333129882812,526.6666870117188,513.3333129882812,523.3333129882812,25200
2014-02-12,523.3333129882812,530.0,520.0,523.3333129882812,24900
2014-02-13,526.6666870117188,526.6666870117188,506.6666564941406,513.3333129882812,35100
2014-02-14,510.0,516.6666870117188,486.6666564941406,500.0,62700
2014-02-17,496.6666564941406,506.6666564941406,486.6666564941406,506.6666564941406,24900
2014-02-18,503.3333435058594,510.0,496.6666564941406,506.6666564941406,22500
2014-02-19,506.6666564941406,510.0,496.6666564941406,506.6666564941406,29400
2014-02-20,506.6666564941406,506.6666564941406,493.3333435058594,506.6666564941406,18900
2014-02-21,510.0,513.3333129882812,503.3333435058594,510.0,17400
2014-02-24,510.0,510.0,503.3333435058594,503.3333435058594,21600
2014-02-25,506.6666564941406,513.3333129882812,506.6666564941406,510.0,24900
2014-02-26,510.0,510.0,496.6666564941406,496.6666564941406,36900
2014-02-27,496.6666564941406,500.0,493.3333435058594,500.0,36300
2014-02-28,500.0,500.0,490.0,490.0,34800
2014-03-03,486.6666564941406,490.0,483.3333435058594,490.0,22800
2014-03-04,486.6666564941406,496.6666564941406,486.6666564941406,493.3333435058594,46200
2014-03-05,496.6666564941406,500.0,496.6666564941406,496.6666564941406,16800
2014-03-06,496.6666564941406,503.3333435058594,496.6666564941406,500.0,58200
2014-03-07,503.3333435058594,506.6666564941406,503.3333435058594,506.6666564941406,14700
2014-03-10,500.0,506.6666564941406,500.0,506.6666564941406,14400
2014-03-11,500.0,513.3333129882812,500.0,513.3333129882812,12000
2014-03-12,513.3333129882812,513.3333129882812,500.0,503.3333435058594,17100
2014-03-13,500.0,503.3333435058594,496.6666564941406,500.0,11700
2014-03-14,490.0,496.6666564941406,490.0,493.3333435058594,42300
2014-03-17,496.6666564941406,496.6666564941406,483.3333435058594,486.6666564941406,21900
2014-03-18,493.3333435058594,496.6666564941406,493.3333435058594,493.3333435058594,6300
2014-03-19,500.0,500.0,493.3333435058594,496.6666564941406,22500
2014-03-20,496.6666564941406,496.6666564941406,490.0,490.0,13200
2014-03-24,490.0,506.6666564941406,490.0,503.3333435058594,27000
2014-03-25,513.3333129882812,516.6666870117188,503.3333435058594,510.0,37200
2014-03-26,513.3333129882812,520.0,513.3333129882812,516.6666870117188,33900
2014-03-27,516.6666870117188,520.0,513.3333129882812,516.6666870117188,37500
2014-03-28,523.3333129882812,523.3333129882812,520.0,523.3333129882812,19200
2014-03-31,530.0,530.0,523.3333129882812,530.0,15300
2014-04-01,530.0,530.0,520.0,526.6666870117188,36300
2014-04-02,533.3333129882812,533.3333129882812,523.3333129882812,523.3333129882812,20100
2014-04-03,523.3333129882812,526.6666870117188,516.6666870117188,523.3333129882812,18600
2014-04-04,516.6666870117188,523.3333129882812,516.6666870117188,520.0,12000
2014-04-07,510.0,513.3333129882812,510.0,513.3333129882812,15300
2014-04-08,503.3333435058594,516.6666870117188,503.3333435058594,513.3333129882812,21900
2014-04-09,496.6666564941406,503.3333435058594,493.3333435058594,496.6666564941406,25800
2014-04-10,496.6666564941406,506.6666564941406,496.6666564941406,503.3333435058594,6900
2014-04-11,503.3333435058594,503.3333435058594,493.3333435058594,500.0,30000
2014-04-14,506.6666564941406,506.6666564941406,500.0,500.0,7800
2014-04-15,496.6666564941406,503.3333435058594,496.6666564941406,500.0,5400
2014-04-16,500.0,510.0,500.0,510.0,12000
2014-04-17,520.0,520.0,506.6666564941406,506.6666564941406,8100
2014-04-18,510.0,510.0,503.3333435058594,506.6666564941406,7800
2014-04-21,513.3333129882812,513.3333129882812,506.6666564941406,506.6666564941406,5400
2014-04-22,516.6666870117188,516.6666870117188,513.3333129882812,513.3333129882812,2700
2014-04-23,513.3333129882812,513.3333129882812,506.6666564941406,506.6666564941406,11100
2014-04-24,506.6666564941406,520.0,506.6666564941406,516.6666870117188,27000
2014-04-25,516.6666870117188,516.6666870117188,510.0,510.0,11400
2014-04-28,516.6666870117188,516.6666870117188,503.3333435058594,513.3333129882812,17700
2014-04-30,513.3333129882812,513.3333129882812,510.0,510.0,8100
2014-05-01,516.6666870117188,516.6666870117188,506.6666564941406,513.3333129882812,6000
2014-05-02,513.3333129882812,513.3333129882812,503.3333435058594,510.0,22500
2014-05-07,506.6666564941406,506.6666564941406,500.0,503.3333435058594,24300
2014-05-08,503.3333435058594,510.0,503.3333435058594,510.0,9900
2014-05-09,510.0,510.0,503.3333435058594,510.0,7500
2014-05-12,510.0,520.0,510.0,516.6666870117188,24900
2014-05-13,523.3333129882812,523.3333129882812,516.6666870117188,520.0,20100
2014-05-14,520.0,523.3333129882812,516.6666870117188,523.3333129882812,15000
2014-05-15,510.0,516.6666870117188,510.0,510.0,18300
2014-05-16,513.3333129882812,516.6666870117188,510.0,513.3333129882812,48000
2014-05-19,510.0,516.6666870117188,510.0,510.0,8100
2014-05-20,516.6666870117188,520.0,510.0,510.0,46500
2014-05-21,506.6666564941406,510.0,503.3333435058594,503.3333435058594,11100
2014-05-22,510.0,516.6666870117188,510.0,516.6666870117188,6900
2014-05-23,516.6666870117188,520.0,513.3333129882812,520.0,26100
2014-05-26,523.3333129882812,526.6666870117188,516.6666870117188,526.6666870117188,30900
2014-05-27,523.3333129882812,523.3333129882812,520.0,523.3333129882812,13500
2014-05-28,526.6666870117188,530.0,523.3333129882812,530.0,25200
2014-05-29,530.0,543.3333129882812,526.6666870117188,540.0,34200
2014-05-30,540.0,543.3333129882812,536.6666870117188,536.6666870117188,11100
2014-06-02,540.0,543.3333129882812,526.6666870117188,533.3333129882812,41100
2014-06-03,533.3333129882812,536.6666870117188,533.3333129882812,533.3333129882812,4500
2014-06-04,536.6666870117188,540.0,530.0,533.3333129882812,22800
2014-06-05,533.3333129882812,533.3333129882812,530.0,533.3333129882812,17100
2014-06-06,536.6666870117188,536.6666870117188,533.3333129882812,533.3333129882812,18000
2014-06-09,533.3333129882812,540.0,533.3333129882812,533.3333129882812,8700
2014-06-10,536.6666870117188,540.0,533.3333129882812,536.6666870117188,33300
2014-06-11,530.0,546.6666870117188,530.0,536.6666870117188,64200
2014-06-12,533.3333129882812,533.3333129882812,526.6666870117188,533.3333129882812,31500
2014-06-13,543.3333129882812,550.0,536.6666870117188,550.0,52500
2014-06-16,556.6666870117188,556.6666870117188,550.0,550.0,26400
2014-06-17,553.3333129882812,556.6666870117188,550.0,556.6666870117188,17100
2014-06-18,556.6666870117188,560.0,546.6666870117188,546.6666870117188,24000
2014-06-19,556.6666870117188,560.0,550.0,553.3333129882812,41400
2014-06-20,553.3333129882812,553.3333129882812,543.3333129882812,546.6666870117188,27000
2014-06-23,543.3333129882812,546.6666870117188,540.0,546.6666870117188,8700
2014-06-24,546.6666870117188,546.6666870117188,543.3333129882812,546.6666870117188,14400
2014-06-25,546.6666870117188,550.0,546.6666870117188,546.6666870117188,12300
2014-06-26,546.6666870117188,550.0,543.3333129882812,546.6666870117188,14400
2014-06-27,550.0,550.0,533.3333129882812,540.0,16800
2014-06-30,540.0,540.0,536.6666870117188,536.6666870117188,19500
2014-07-01,540.0,550.0,540.0,543.3333129882812,23400
2014-07-02,550.0,553.3333129882812,543.3333129882812,543.3333129882812,12000
2014-07-03,546.6666870117188,546.6666870117188,536.6666870117188,540.0,16500
2014-07-04,553.3333129882812,556.6666870117188,543.3333129882812,553.3333129882812,34800
2014-07-07,550.0,570.0,550.0,570.0,78600
2014-07-08,570.0,583.3333129882812,560.0,566.6666870117188,108900
2014-07-09,566.6666870117188,586.6666870117188,553.3333129882812,566.6666870117188,95400
2014-07-10,573.3333129882812,576.6666870117188,543.3333129882812,543.3333129882812,60900
2014-07-11,536.6666870117188,543.3333129882812,536.6666870117188,540.0,34200
2014-07-14,550.0,583.3333129882812,550.0,573.3333129882812,112200
2014-07-15,580.0,603.3333129882812,560.0,566.6666870117188,174300
2014-07-16,566.6666870117188,573.3333129882812,560.0,560.0,45000
2014-07-17,563.3333129882812,570.0,550.0,550.0,31800
2014-07-18,546.6666870117188,550.0,543.3333129882812,550.0,19200
2014-07-22,553.3333129882812,566.6666870117188,546.6666870117188,546.6666870117188,33900
2014-07-23,550.0,553.3333129882812,550.0,550.0,19200
2014-07-24,560.0,560.0,546.6666870117188,556.6666870117188,23400
2014-07-25,556.6666870117188,556.6666870117188,553.3333129882812,553.3333129882812,10800
2014-07-28,560.0,560.0,550.0,553.3333129882812,25200
2014-07-29,560.0,563.3333129882812,553.3333129882812,560.0,21600
2014-07-30,560.0,560.0,556.6666870117188,556.6666870117188,9000
2014-07-31,560.0,560.0,553.3333129882812,553.3333129882812,16500
2014-08-01,550.0,553.3333129882812,543.3333129882812,550.0,36300
2014-08-04,536.6666870117188,540.0,526.6666870117188,536.6666870117188,39900
2014-08-05,540.0,540.0,536.6666870117188,536.6666870117188,15600
2014-08-06,533.3333129882812,533.3333129882812,526.6666870117188,530.0,31800
2014-08-07,523.3333129882812,526.6666870117188,523.3333129882812,526.6666870117188,13200
2014-08-08,520.0,523.3333129882812,516.6666870117188,516.6666870117188,15300
2014-08-11,523.3333129882812,523.3333129882812,520.0,520.0,10800
2014-08-12,516.6666870117188,520.0,516.6666870117188,520.0,12000
2014-08-13,513.3333129882812,520.0,510.0,520.0,24600
2014-08-14,520.0,523.3333129882812,516.6666870117188,523.3333129882812,16800
2014-08-15,550.0,570.0,543.3333129882812,553.3333129882812,236700
2014-08-18,550.0,570.0,543.3333129882812,556.6666870117188,52500
2014-08-19,556.6666870117188,556.6666870117188,550.0,556.6666870117188,26100
2014-08-20,560.0,566.6666870117188,550.0,556.6666870117188,35700
2014-08-21,563.3333129882812,563.3333129882812,556.6666870117188,560.0,16200
2014-08-22,563.3333129882812,566.6666870117188,553.3333129882812,553.3333129882812,18000
2014-08-25,553.3333129882812,566.6666870117188,553.3333129882812,563.3333129882812,31500
2014-08-26,566.6666870117188,570.0,560.0,560.0,19200
2014-08-27,560.0,600.0,560.0,566.6666870117188,316200
2014-08-28,576.6666870117188,576.6666870117188,553.3333129882812,553.3333129882812,92400
2014-08-29,553.3333129882812,560.0,550.0,556.6666870117188,36300
2014-09-01,566.6666870117188,580.0,566.6666870117188,573.3333129882812,38400
2014-09-02,573.3333129882812,573.3333129882812,563.3333129882812,563.3333129882812,24300
2014-09-03,563.3333129882812,576.6666870117188,560.0,573.3333129882812,48600
2014-09-04,570.0,570.0,563.3333129882812,566.6666870117188,19800
2014-09-05,566.6666870117188,566.6666870117188,560.0,563.3333129882812,23400
2014-09-08,566.6666870117188,583.3333129882812,566.6666870117188,573.3333129882812,38700
2014-09-09,576.6666870117188,593.3333129882812,576.6666870117188,583.3333129882812,80400
2014-09-10,580.0,583.3333129882812,573.3333129882812,580.0,18000
2014-09-11,586.6666870117188,593.3333129882812,580.0,583.3333129882812,59100
2014-09-12,580.0,583.3333129882812,576.6666870117188,580.0,50100
2014-09-16,586.6666870117188,586.6666870117188,576.6666870117188,583.3333129882812,22200
2014-09-17,586.6666870117188,586.6666870117188,580.0,580.0,13200
2014-09-18,573.3333129882812,580.0,570.0,580.0,27600
2014-09-19,576.6666870117188,580.0,570.0,573.3333129882812,27300
2014-09-22,573.3333129882812,573.3333129882812,560.0,566.6666870117188,44700
2014-09-24,563.3333129882812,570.0,560.0,570.0,19500
2014-09-25,570.0,576.6666870117188,570.0,576.6666870117188,41700
2014-09-26,570.0,573.3333129882812,570.0,570.0,29400
2014-09-29,570.0,570.0,566.6666870117188,570.0,12000
2014-09-30,563.3333129882812,566.6666870117188,560.0,563.3333129882812,27600
2014-10-01,563.3333129882812,563.3333129882812,553.3333129882812,556.6666870117188,31800
2014-10-02,550.0,556.6666870117188,550.0,550.0,32400
2014-10-03,550.0,560.0,550.0,560.0,16200
2014-10-06,560.0,566.6666870117188,560.0,560.0,23700
2014-10-07,566.6666870117188,566.6666870117188,556.6666870117188,556.6666870117188,20400
2014-10-08,546.6666870117188,550.0,543.3333129882812,543.3333129882812,38100
2014-10-09,546.6666870117188,550.0,533.3333129882812,533.3333129882812,26400
2014-10-10,533.3333129882812,533.3333129882812,526.6666870117188,530.0,21600
2014-10-14,526.6666870117188,530.0,510.0,510.0,19200
2014-10-15,520.0,526.6666870117188,516.6666870117188,523.3333129882812,10200
2014-10-16,523.3333129882812,523.3333129882812,493.3333435058594,496.6666564941406,60600
2014-10-17,500.0,506.6666564941406,493.3333435058594,493.3333435058594,37500
2014-10-20,503.3333435058594,516.6666870117188,503.3333435058594,513.3333129882812,21900
2014-10-21,513.3333129882812,513.3333129882812,490.0,496.6666564941406,25800
2014-10-22,506.6666564941406,526.6666870117188,506.6666564941406,526.6666870117188,28800
2014-10-23,516.6666870117188,520.0,510.0,510.0,6300
2014-10-24,520.0,533.3333129882812,510.0,510.0,46200
2014-10-27,516.6666870117188,520.0,510.0,520.0,10800
2014-10-28,520.0,520.0,513.3333129882812,516.6666870117188,11700
2014-10-29,516.6666870117188,526.6666870117188,516.6666870117188,516.6666870117188,18900
2014-10-30,520.0,520.0,503.3333435058594,503.3333435058594,28800
2014-10-31,510.0,530.0,506.6666564941406,526.6666870117188,36900
2014-11-04,536.6666870117188,536.6666870117188,526.6666870117188,530.0,26400
2014-11-05,520.0,530.0,506.6666564941406,510.0,38100
2014-11-06,516.6666870117188,530.0,510.0,513.3333129882812,47400
2014-11-07,516.6666870117188,520.0,506.6666564941406,510.0,31200
2014-11-10,516.6666870117188,553.3333129882812,516.6666870117188,533.3333129882812,76500
2014-11-11,533.3333129882812,550.0,533.3333129882812,546.6666870117188,29100
2014-11-12,546.6666870117188,550.0,523.3333129882812,526.6666870117188,60900
2014-11-13,526.6666870117188,536.6666870117188,526.6666870117188,533.3333129882812,12000
2014-11-14,546.6666870117188,546.6666870117188,530.0,536.6666870117188,25500
2014-11-17,543.3333129882812,543.3333129882812,526.6666870117188,526.6666870117188,8700
2014-11-18,526.6666870117188,693.3333129882812,526.6666870117188,693.3333129882812,5578800
2014-11-19,823.3333129882812,960.0,806.6666870117188,960.0,11468700
2014-11-20,1093.3333740234375,1186.6666259765625,1000.0,1080.0,73545000
2014-11-21,1053.3333740234375,1070.0,966.6666870117188,1006.6666870117188,27474600
2014-11-25,1013.3333129882812,1120.0,990.0,1056.6666259765625,10181700
2014-11-26,1013.3333129882812,1020.0,966.6666870117188,983.3333129882812,4346100
2014-11-27,966.6666870117188,966.6666870117188,910.0,913.3333129882812,2588700
2014-11-28,906.6666870117188,973.3333129882812,890.0,903.3333129882812,3076500
2014-12-01,900.0,936.6666870117188,890.0,920.0,1316700
2014-12-02,916.6666870117188,993.3333129882812,916.6666870117188,986.6666870117188,2058900
2014-12-03,970.0,986.6666870117188,943.3333129882812,973.3333129882812,1249200
2014-12-04,973.3333129882812,1013.3333129882812,960.0,973.3333129882812,1656600
2014-12-05,1026.6666259765625,1053.3333740234375,973.3333129882812,986.6666870117188,2145600
2014-12-08,970.0,980.0,913.3333129882812,920.0,942000
2014-12-09,913.3333129882812,946.6666870117188,896.6666870117188,926.6666870117188,712200
2014-12-10,920.0,950.0,916.6666870117188,940.0,329700
2014-12-11,920.0,986.6666870117188,916.6666870117188,986.6666870117188,699300
2014-12-12,960.0,993.3333129882812,950.0,950.0,449700
2014-12-15,943.3333129882812,963.3333129882812,900.0,900.0,527400
2014-12-16,906.6666870117188,926.6666870117188,900.0,913.3333129882812,342900
2014-12-17,906.6666870117188,933.3333129882812,883.3333129882812,900.0,601200
2014-12-18,920.0,926.6666870117188,903.3333129882812,926.6666870117188,337800
2014-12-19,926.6666870117188,956.6666870117188,913.3333129882812,926.6666870117188,615600
2014-12-22,933.3333129882812,943.3333129882812,893.3333129882812,910.0,328200
2014-12-24,913.3333129882812,920.0,806.6666870117188,820.0,1104300
2014-12-25,813.3333129882812,836.6666870117188,803.3333129882812,813.3333129882812,466200
2014-12-26,810.0,846.6666870117188,810.0,833.3333129882812,240600
2014-12-29,830.0,846.6666870117188,830.0,836.6666870117188,178200
2014-12-30,823.3333129882812,836.6666870117188,823.3333129882812,836.6666870117188,110400
2015-01-05,833.3333129882812,840.0,820.0,833.3333129882812,120000
2015-01-06,820.0,823.3333129882812,806.6666870117188,810.0,176400
2015-01-07,800.0,810.0,790.0,793.3333129882812,160200
2015-01-08,800.0,820.0,796.6666870117188,803.3333129882812,121500
2015-01-09,870.0,883.3333129882812,826.6666870117188,826.6666870117188,792300
2015-01-13,816.6666870117188,823.3333129882812,810.0,820.0,107100
2015-01-14,843.3333129882812,843.3333129882812,800.0,806.6666870117188,147300
2015-01-15,816.6666870117188,816.6666870117188,800.0,806.6666870117188,88500
2015-01-16,800.0,806.6666870117188,783.3333129882812,796.6666870117188,105300
2015-01-19,796.6666870117188,796.6666870117188,766.6666870117188,766.6666870117188,102600
2015-01-20,760.0,760.0,736.6666870117188,756.6666870117188,175800
2015-01-21,756.6666870117188,783.3333129882812,756.6666870117188,773.3333129882812,102000
2015-01-22,800.0,820.0,790.0,796.6666870117188,212400
2015-01-23,796.6666870117188,803.3333129882812,776.6666870117188,783.3333129882812,104100
2015-01-26,780.0,806.6666870117188,776.6666870117188,806.6666870117188,92100
2015-01-27,800.0,803.3333129882812,783.3333129882812,786.6666870117188,88800
2015-01-28,790.0,800.0,786.6666870117188,796.6666870117188,47700
2015-01-29,790.0,793.3333129882812,773.3333129882812,780.0,57900
2015-01-30,776.6666870117188,776.6666870117188,766.6666870117188,770.0,48900
2015-02-02,783.3333129882812,793.3333129882812,760.0,760.0,112800
2015-02-03,760.0,770.0,740.0,746.6666870117188,138900
2015-02-04,750.0,753.3333129882812,740.0,743.3333129882812,91200
2015-02-05,730.0,733.3333129882812,720.0,720.0,84000
2015-02-06,720.0,743.3333129882812,720.0,736.6666870117188,62400
2015-02-09,693.3333129882812,716.6666870117188,693.3333129882812,693.3333129882812,191100
2015-02-10,700.0,703.3333129882812,696.6666870117188,696.6666870117188,67800
2015-02-12,710.0,726.6666870117188,706.6666870117188,716.6666870117188,72600
2015-02-13,710.0,736.6666870117188,710.0,723.3333129882812,89700
2015-02-16,733.3333129882812,733.3333129882812,713.3333129882812,716.6666870117188,60000
2015-02-17,713.3333129882812,740.0,710.0,730.0,94200
2015-02-18,743.3333129882812,763.3333129882812,733.3333129882812,736.6666870117188,156900
2015-02-19,730.0,746.6666870117188,730.0,740.0,53700
2015-02-20,750.0,750.0,743.3333129882812,743.3333129882812,24600
2015-02-23,756.6666870117188,756.6666870117188,730.0,736.6666870117188,70800
2015-02-24,740.0,743.3333129882812,723.3333129882812,723.3333129882812,59400
2015-02-25,733.3333129882812,760.0,726.6666870117188,733.3333129882812,191100
2015-02-26,733.3333129882812,740.0,726.6666870117188,733.3333129882812,59700
2015-02-27,730.0,740.0,726.6666870117188,726.6666870117188,44700
2015-03-02,726.6666870117188,743.3333129882812,726.6666870117188,736.6666870117188,58200
2015-03-03,740.0,746.6666870117188,726.6666870117188,736.6666870117188,65100
2015-03-04,743.3333129882812,743.3333129882812,730.0,733.3333129882812,36300
2015-03-05,736.6666870117188,746.6666870117188,736.6666870117188,740.0,29700
2015-03-06,746.6666870117188,753.3333129882812,743.3333129882812,753.3333129882812,54900
2015-03-09,753.3333129882812,766.6666870117188,746.6666870117188,766.6666870117188,70500
2015-03-10,766.6666870117188,766.6666870117188,746.6666870117188,753.3333129882812,57900
2015-03-11,746.6666870117188,753.3333129882812,736.6666870117188,753.3333129882812,41700
2015-03-12,753.3333129882812,756.6666870117188,743.3333129882812,750.0,37200
2015-03-13,756.6666870117188,760.0,743.3333129882812,760.0,86400
2015-03-16,760.0,763.3333129882812,750.0,760.0,34200
2015-03-17,760.0,760.0,746.6666870117188,753.3333129882812,34800
2015-03-18,753.3333129882812,756.6666870117188,746.6666870117188,756.6666870117188,30900
2015-03-19,756.6666870117188,763.3333129882812,740.0,743.3333129882812,100800
2015-03-20,743.3333129882812,746.6666870117188,716.6666870117188,726.6666870117188,132300
2015-03-23,733.3333129882812,743.3333129882812,723.3333129882812,743.3333129882812,51300
2015-03-24,740.0,746.6666870117188,730.0,740.0,46500
2015-03-25,740.0,740.0,723.3333129882812,730.0,53400
2015-03-26,730.0,730.0,723.3333129882812,726.6666870117188,29400
2015-03-27,723.3333129882812,733.3333129882812,710.0,713.3333129882812,43800
2015-03-30,713.3333129882812,963.3333129882812,703.3333129882812,896.6666870117188,10270800
2015-03-31,843.3333129882812,873.3333129882812,800.0,810.0,2790900
2015-04-01,850.0,860.0,803.3333129882812,833.3333129882812,1631400
2015-04-02,830.0,846.6666870117188,776.6666870117188,786.6666870117188,836700
2015-04-03,783.3333129882812,790.0,766.6666870117188,770.0,233400
2015-04-06,780.0,780.0,760.0,773.3333129882812,171300
2015-04-07,783.3333129882812,800.0,783.3333129882812,796.6666870117188,303900
2015-04-08,793.3333129882812,793.3333129882812,770.0,770.0,183300
2015-04-09,776.6666870117188,780.0,753.3333129882812,756.6666870117188,149100
2015-04-10,750.0,763.3333129882812,750.0,763.3333129882812,110700
2015-04-13,756.6666870117188,760.0,750.0,753.3333129882812,53700
2015-04-14,756.6666870117188,766.6666870117188,753.3333129882812,763.3333129882812,59400
2015-04-15,770.0,773.3333129882812,763.3333129882812,773.3333129882812,83400
2015-04-16,776.6666870117188,780.0,763.3333129882812,770.0,66900
2015-04-17,770.0,770.0,763.3333129882812,770.0,43200
2015-04-20,760.0,770.0,753.3333129882812,756.6666870117188,60900
2015-04-21,756.6666870117188,760.0,746.6666870117188,753.3333129882812,90300
2015-04-22,750.0,760.0,746.6666870117188,756.6666870117188,57900
2015-04-23,750.0,766.6666870117188,750.0,763.3333129882812,48900
2015-04-24,763.3333129882812,766.6666870117188,760.0,760.0,49800
2015-04-27,766.6666870117188,766.6666870117188,760.0,763.3333129882812,34800
2015-04-28,763.3333129882812,766.6666870117188,746.6666870117188,746.6666870117188,70500
2015-04-30,740.0,746.6666870117188,733.3333129882812,736.6666870117188,80400
2015-05-01,736.6666870117188,746.6666870117188,733.3333129882812,740.0,50400
2015-05-07,740.0,743.3333129882812,726.6666870117188,726.6666870117188,59100
2015-05-08,723.3333129882812,753.3333129882812,723.3333129882812,750.0,88800
2015-05-11,780.0,783.3333129882812,763.3333129882812,780.0,249600
2015-05-12,780.0,783.3333129882812,770.0,770.0,81900
2015-05-13,783.3333129882812,783.3333129882812,770.0,773.3333129882812,44700
2015-05-14,773.3333129882812,776.6666870117188,763.3333129882812,763.3333129882812,50400
2015-05-15,766.6666870117188,770.0,756.6666870117188,763.3333129882812,55800
2015-05-18,776.6666870117188,776.6666870117188,763.3333129882812,770.0,98400
2015-05-19,763.3333129882812,776.6666870117188,763.3333129882812,766.6666870117188,118500
2015-05-20,760.0,763.3333129882812,756.6666870117188,756.6666870117188,97800
2015-05-21,763.3333129882812,823.3333129882812,763.3333129882812,820.0,718800
2015-05-22,806.6666870117188,810.0,793.3333129882812,810.0,202800
2015-05-25,810.0,833.3333129882812,810.0,826.6666870117188,225600
2015-05-26,833.3333129882812,846.6666870117188,830.0,840.0,156900
2015-05-27,846.6666870117188,856.6666870117188,826.6666870117188,830.0,287100
2015-05-28,843.3333129882812,843.3333129882812,806.6666870117188,810.0,195600
2015-05-29,803.3333129882812,823.3333129882812,803.3333129882812,820.0,86100
2015-06-01,813.3333129882812,820.0,813.3333129882812,820.0,40500
2015-06-02,823.3333129882812,843.3333129882812,823.3333129882812,836.6666870117188,178200
2015-06-03,836.6666870117188,863.3333129882812,836.6666870117188,853.3333129882812,272400
2015-06-04,856.6666870117188,873.3333129882812,846.6666870117188,850.0,332100
2015-06-05,860.0,873.3333129882812,853.3333129882812,873.3333129882812,203100
2015-06-08,890.0,896.6666870117188,876.6666870117188,893.3333129882812,274500
2015-06-09,893.3333129882812,893.3333129882812,853.3333129882812,856.6666870117188,147600
2015-06-10,856.6666870117188,863.3333129882812,840.0,850.0,105300
2015-06-11,853.3333129882812,863.3333129882812,853.3333129882812,860.0,60600
2015-06-12,873.3333129882812,873.3333129882812,860.0,860.0,84900
2015-06-15,866.6666870117188,890.0,863.3333129882812,886.6666870117188,189900
2015-06-16,883.3333129882812,886.6666870117188,846.6666870117188,856.6666870117188,123300
2015-06-17,860.0,860.0,850.0,856.6666870117188,34500
2015-06-18,856.6666870117188,856.6666870117188,806.6666870117188,806.6666870117188,153000
2015-06-19,810.0,820.0,810.0,816.6666870117188,60300
2015-06-22,816.6666870117188,823.3333129882812,813.3333129882812,816.6666870117188,41700
2015-06-23,816.6666870117188,830.0,813.3333129882812,826.6666870117188,60600
2015-06-24,830.0,836.6666870117188,816.6666870117188,820.0,67200
2015-06-25,820.0,826.6666870117188,810.0,820.0,72900
2015-06-26,816.6666870117188,820.0,796.6666870117188,816.6666870117188,96000
2015-06-29,790.0,800.0,773.3333129882812,780.0,96000
2015-06-30,783.3333129882812,786.6666870117188,773.3333129882812,776.6666870117188,44400
2015-07-01,780.0,793.3333129882812,780.0,790.0,27900
2015-07-02,790.0,800.0,786.6666870117188,793.3333129882812,57600
2015-07-03,786.6666870117188,946.6666870117188,780.0,866.6666870117188,6120600
2015-07-06,863.3333129882812,1063.3333740234375,853.3333129882812,1000.0,21952800
2015-07-07,1053.3333740234375,1073.3333740234375,990.0,1033.3333740234375,13600800
2015-07-08,1006.6666870117188,1013.3333129882812,940.0,966.6666870117188,3401400
2015-07-09,940.0,990.0,883.3333129882812,986.6666870117188,1829100
2015-07-10,970.0,976.6666870117188,940.0,940.0,918000
2015-07-13,950.0,973.3333129882812,936.6666870117188,950.0,546600
2015-07-14,960.0,1003.3333129882812,953.3333129882812,966.6666870117188,977700
2015-07-15,976.6666870117188,1023.3333129882812,966.6666870117188,1006.6666870117188,873300
2015-07-16,1010.0,1026.6666259765625,983.3333129882812,990.0,900600
2015-07-17,990.0,993.3333129882812,966.6666870117188,983.3333129882812,348300
2015-07-21,993.3333129882812,993.3333129882812,980.0,990.0,206100
2015-07-22,996.6666870117188,1050.0,960.0,970.0,2138400
2015-07-23,983.3333129882812,996.6666870117188,976.6666870117188,986.6666870117188,277800
2015-07-24,996.6666870117188,996.6666870117188,970.0,973.3333129882812,190500
2015-07-27,990.0,990.0,950.0,956.6666870117188,310200
2015-07-28,940.0,973.3333129882812,936.6666870117188,966.6666870117188,222900
2015-07-29,966.6666870117188,966.6666870117188,950.0,950.0,121500
2015-07-30,956.6666870117188,970.0,943.3333129882812,950.0,116400
2015-07-31,946.6666870117188,956.6666870117188,940.0,946.6666870117188,173700
2015-08-03,940.0,970.0,940.0,966.6666870117188,152700
2015-08-04,956.6666870117188,970.0,943.3333129882812,953.3333129882812,145500
2015-08-05,970.0,970.0,943.3333129882812,956.6666870117188,204000
2015-08-06,960.0,963.3333129882812,940.0,953.3333129882812,132600
2015-08-07,943.3333129882812,956.6666870117188,936.6666870117188,936.6666870117188,154500
2015-08-10,890.0,903.3333129882812,873.3333129882812,883.3333129882812,414300
2015-08-11,883.3333129882812,903.3333129882812,883.3333129882812,893.3333129882812,123300
2015-08-12,883.3333129882812,890.0,876.6666870117188,880.0,86400
2015-08-13,866.6666870117188,876.6666870117188,856.6666870117188,863.3333129882812,104400
2015-08-14,860.0,913.3333129882812,850.0,880.0,179700
2015-08-17,880.0,880.0,853.3333129882812,853.3333129882812,111300
2015-08-18,853.3333129882812,860.0,850.0,850.0,55800
2015-08-19,863.3333129882812,866.6666870117188,840.0,840.0,83400
2015-08-20,840.0,843.3333129882812,833.3333129882812,840.0,84900
2015-08-21,823.3333129882812,826.6666870117188,800.0,800.0,128400
2015-08-24,756.6666870117188,790.0,723.3333129882812,726.6666870117188,248400
2015-08-25,690.0,753.3333129882812,653.3333129882812,703.3333129882812,213000
2015-08-26,703.3333129882812,736.6666870117188,703.3333129882812,736.6666870117188,103800
2015-08-27,740.0,756.6666870117188,730.0,736.6666870117188,117600
2015-08-28,746.6666870117188,780.0,743.3333129882812,776.6666870117188,166200
2015-08-31,776.6666870117188,783.3333129882812,760.0,773.3333129882812,54000
2015-09-01,760.0,770.0,736.6666870117188,736.6666870117188,63900
2015-09-02,720.0,746.6666870117188,713.3333129882812,723.3333129882812,81000
2015-09-03,736.6666870117188,743.3333129882812,726.6666870117188,730.0,39900
2015-09-04,733.3333129882812,733.3333129882812,690.0,696.6666870117188,65400
2015-09-07,676.6666870117188,683.3333129882812,670.0,683.3333129882812,70800
2015-09-08,680.0,686.6666870117188,660.0,660.0,85800
2015-09-09,683.3333129882812,713.3333129882812,680.0,710.0,68700
2015-09-10,706.6666870117188,716.6666870117188,690.0,710.0,44700
2015-09-11,723.3333129882812,806.6666870117188,716.6666870117188,773.3333129882812,693600
2015-09-14,783.3333129882812,796.6666870117188,766.6666870117188,776.6666870117188,93300
2015-09-15,793.3333129882812,793.3333129882812,746.6666870117188,753.3333129882812,69900
2015-09-16,756.6666870117188,793.3333129882812,723.3333129882812,733.3333129882812,171300
2015-09-17,740.0,770.0,740.0,766.6666870117188,67200
2015-09-18,756.6666870117188,770.0,753.3333129882812,766.6666870117188,29700
2015-09-24,763.3333129882812,763.3333129882812,736.6666870117188,743.3333129882812,33600
2015-09-25,743.3333129882812,756.6666870117188,740.0,750.0,26100
2015-09-28,750.0,766.6666870117188,746.6666870117188,763.3333129882812,36600
2015-09-29,760.0,760.0,733.3333129882812,736.6666870117188,46200
2015-09-30,733.3333129882812,743.3333129882812,723.3333129882812,733.3333129882812,48900
2015-10-01,736.6666870117188,753.3333129882812,733.3333129882812,743.3333129882812,26400
2015-10-02,743.3333129882812,750.0,726.6666870117188,736.6666870117188,44100
2015-10-05,746.6666870117188,776.6666870117188,743.3333129882812,770.0,62700
2015-10-06,783.3333129882812,783.3333129882812,763.3333129882812,773.3333129882812,43800
2015-10-07,766.6666870117188,780.0,763.3333129882812,780.0,32400
2015-10-08,780.0,780.0,770.0,780.0,18900
2015-10-09,773.3333129882812,786.6666870117188,773.3333129882812,783.3333129882812,41100
2015-10-13,776.6666870117188,813.3333129882812,776.6666870117188,806.6666870117188,84000
2015-10-14,800.0,830.0,790.0,826.6666870117188,66600
2015-10-15,823.3333129882812,836.6666870117188,806.6666870117188,816.6666870117188,67800
2015-10-16,826.6666870117188,826.6666870117188,813.3333129882812,823.3333129882812,44700
2015-10-19,823.3333129882812,826.6666870117188,800.0,806.6666870117188,30900
2015-10-20,810.0,813.3333129882812,786.6666870117188,790.0,28200
2015-10-21,793.3333129882812,806.6666870117188,793.3333129882812,806.6666870117188,27300
2015-10-22,803.3333129882812,810.0,796.6666870117188,800.0,20100
2015-10-23,810.0,810.0,793.3333129882812,800.0,35400
2015-10-26,800.0,820.0,800.0,816.6666870117188,34200
2015-10-27,820.0,823.3333129882812,810.0,810.0,23400
2015-10-28,816.6666870117188,853.3333129882812,813.3333129882812,850.0,109800
2015-10-29,846.6666870117188,850.0,830.0,830.0,78000
2015-10-30,833.3333129882812,836.6666870117188,826.6666870117188,826.6666870117188,52800
2015-11-02,816.6666870117188,816.6666870117188,803.3333129882812,806.6666870117188,41100
2015-11-04,806.6666870117188,810.0,790.0,800.0,34800
2015-11-05,796.6666870117188,796.6666870117188,783.3333129882812,783.3333129882812,20100
2015-11-06,760.0,796.6666870117188,760.0,793.3333129882812,30900
2015-11-09,790.0,816.6666870117188,780.0,806.6666870117188,47100
2015-11-10,793.3333129882812,816.6666870117188,793.3333129882812,806.6666870117188,34800
2015-11-11,800.0,813.3333129882812,800.0,813.3333129882812,9900
2015-11-12,810.0,816.6666870117188,806.6666870117188,813.3333129882812,23700
2015-11-13,790.0,813.3333129882812,790.0,800.0,22500
2015-11-16,870.0,906.6666870117188,816.6666870117188,823.3333129882812,934200
2015-11-17,830.0,836.6666870117188,820.0,823.3333129882812,134700
2015-11-18,833.3333129882812,840.0,823.3333129882812,840.0,97800
2015-11-19,846.6666870117188,853.3333129882812,836.6666870117188,836.6666870117188,59400
2015-11-20,836.6666870117188,843.3333129882812,830.0,836.6666870117188,65100
2015-11-24,843.3333129882812,853.3333129882812,840.0,846.6666870117188,69300
2015-11-25,846.6666870117188,850.0,830.0,840.0,87300
2015-11-26,836.6666870117188,840.0,823.3333129882812,830.0,81300
2015-11-27,820.0,833.3333129882812,820.0,830.0,48000
2015-11-30,830.0,846.6666870117188,830.0,836.6666870117188,48600
2015-12-01,843.3333129882812,866.6666870117188,840.0,866.6666870117188,97500
2015-12-02,870.0,873.3333129882812,850.0,860.0,77100
2015-12-03,866.6666870117188,870.0,846.6666870117188,850.0,70500
2015-12-04,833.3333129882812,846.6666870117188,833.3333129882812,836.6666870117188,66600
2015-12-07,843.3333129882812,863.3333129882812,843.3333129882812,853.3333129882812,49500
2015-12-08,850.0,850.0,840.0,843.3333129882812,48600
2015-12-09,836.6666870117188,846.6666870117188,836.6666870117188,836.6666870117188,42900
2015-12-10,840.0,840.0,830.0,833.3333129882812,54600
2015-12-11,833.3333129882812,846.6666870117188,833.3333129882812,840.0,51000
2015-12-14,826.6666870117188,833.3333129882812,816.6666870117188,830.0,40500
2015-12-15,830.0,830.0,800.0,803.3333129882812,50400
2015-12-16,810.0,810.0,793.3333129882812,800.0,62100
2015-12-17,803.3333129882812,813.3333129882812,793.3333129882812,813.3333129882812,45600
2015-12-18,800.0,806.6666870117188,793.3333129882812,796.6666870117188,48600
2015-12-21,786.6666870117188,790.0,770.0,783.3333129882812,51000
2015-12-22,776.6666870117188,776.6666870117188,743.3333129882812,743.3333129882812,119700
2015-12-24,746.6666870117188,746.6666870117188,733.3333129882812,733.3333129882812,71100
2015-12-25,733.3333129882812,733.3333129882812,733.3333129882812,733.3333129882812,0
2015-12-28,710.0,746.6666870117188,710.0,743.3333129882812,43500
2015-12-29,743.3333129882812,746.6666870117188,736.6666870117188,743.3333129882812,29700
2015-12-30,746.6666870117188,766.6666870117188,746.6666870117188,763.3333129882812,40200
2016-01-04,770.0,776.6666870117188,740.0,746.6666870117188,57600
2016-01-05,743.3333129882812,760.0,740.0,750.0,61500
2016-01-06,740.0,743.3333129882812,716.6666870117188,716.6666870117188,131400
2016-01-07,693.3333129882812,706.6666870117188,686.6666870117188,686.6666870117188,165000
2016-01-08,683.3333129882812,710.0,683.3333129882812,700.0,50400
2016-01-12,696.6666870117188,700.0,666.6666870117188,670.0,62100
2016-01-13,676.6666870117188,693.3333129882812,676.6666870117188,690.0,37500
2016-01-14,683.3333129882812,683.3333129882812,663.3333129882812,676.6666870117188,74100
2016-01-15,683.3333129882812,686.6666870117188,660.0,660.0,64200
2016-01-18,643.3333129882812,646.6666870117188,606.6666870117188,636.6666870117188,84600
2016-01-19,633.3333129882812,643.3333129882812,630.0,640.0,36600
2016-01-20,640.0,640.0,613.3333129882812,616.6666870117188,49800
2016-01-21,613.3333129882812,626.6666870117188,590.0,590.0,66000
2016-01-22,600.0,626.6666870117188,593.3333129882812,623.3333129882812,64800
2016-01-25,633.3333129882812,636.6666870117188,626.6666870117188,636.6666870117188,24000
2016-01-26,636.6666870117188,636.6666870117188,620.0,620.0,20700
2016-01-27,636.6666870117188,643.3333129882812,626.6666870117188,643.3333129882812,29700
2016-01-28,640.0,653.3333129882812,636.6666870117188,636.6666870117188,32400
2016-01-29,636.6666870117188,650.0,620.0,646.6666870117188,42300
2016-02-01,663.3333129882812,666.6666870117188,656.6666870117188,666.6666870117188,31800
2016-02-02,666.6666870117188,686.6666870117188,660.0,670.0,45600
2016-02-03,653.3333129882812,656.6666870117188,643.3333129882812,653.3333129882812,33300
2016-02-04,653.3333129882812,656.6666870117188,633.3333129882812,633.3333129882812,27600
2016-02-05,623.3333129882812,633.3333129882812,613.3333129882812,620.0,31500
2016-02-08,610.0,680.0,610.0,673.3333129882812,78900
2016-02-09,633.3333129882812,646.6666870117188,623.3333129882812,623.3333129882812,64500
2016-02-10,626.6666870117188,633.3333129882812,596.6666870117188,606.6666870117188,52500
2016-02-12,580.0,586.6666870117188,533.3333129882812,533.3333129882812,116100
2016-02-15,566.6666870117188,580.0,550.0,573.3333129882812,43800
2016-02-16,573.3333129882812,593.3333129882812,566.6666870117188,586.6666870117188,39600
2016-02-17,590.0,603.3333129882812,580.0,590.0,24300
2016-02-18,603.3333129882812,613.3333129882812,583.3333129882812,600.0,48000
2016-02-19,593.3333129882812,603.3333129882812,583.3333129882812,600.0,20700
2016-02-22,596.6666870117188,676.6666870117188,596.6666870117188,636.6666870117188,219900
2016-02-23,633.3333129882812,643.3333129882812,606.6666870117188,610.0,68100
2016-02-24,600.0,613.3333129882812,590.0,593.3333129882812,45300
2016-02-25,593.3333129882812,616.6666870117188,593.3333129882812,606.6666870117188,21600
2016-02-26,616.6666870117188,623.3333129882812,603.3333129882812,603.3333129882812,27900
2016-02-29,616.6666870117188,616.6666870117188,596.6666870117188,596.6666870117188,19800
2016-03-01,596.6666870117188,596.6666870117188,590.0,593.3333129882812,12000
2016-03-02,603.3333129882812,616.6666870117188,603.3333129882812,613.3333129882812,13200
2016-03-03,613.3333129882812,636.6666870117188,613.3333129882812,633.3333129882812,32400
2016-03-04,633.3333129882812,646.6666870117188,630.0,636.6666870117188,27000
2016-03-07,646.6666870117188,650.0,636.6666870117188,643.3333129882812,21000
2016-03-08,643.3333129882812,643.3333129882812,623.3333129882812,636.6666870117188,34800
2016-03-09,630.0,630.0,623.3333129882812,623.3333129882812,34200
2016-03-10,626.6666870117188,633.3333129882812,623.3333129882812,633.3333129882812,30900
2016-03-11,626.6666870117188,653.3333129882812,626.6666870117188,650.0,61200
2016-03-14,656.6666870117188,666.6666870117188,653.3333129882812,656.6666870117188,46800
2016-03-15,660.0,676.6666870117188,656.6666870117188,670.0,43800
2016-03-16,670.0,673.3333129882812,656.6666870117188,660.0,30000
2016-03-17,663.3333129882812,666.6666870117188,643.3333129882812,656.6666870117188,37800
2016-03-18,643.3333129882812,650.0,633.3333129882812,640.0,29400
2016-03-22,676.6666870117188,683.3333129882812,656.6666870117188,673.3333129882812,89700
2016-03-23,710.0,753.3333129882812,696.6666870117188,753.3333129882812,930900
2016-03-24,760.0,770.0,736.6666870117188,753.3333129882812,466200
2016-03-25,750.0,750.0,726.6666870117188,726.6666870117188,124500
2016-03-28,736.6666870117188,740.0,703.3333129882812,723.3333129882812,134700
2016-03-29,713.3333129882812,723.3333129882812,636.6666870117188,720.0,107700
2016-03-30,713.3333129882812,713.3333129882812,690.0,703.3333129882812,62100
2016-03-31,703.3333129882812,726.6666870117188,700.0,713.3333129882812,77100
2016-04-01,710.0,713.3333129882812,676.6666870117188,676.6666870117188,80100
2016-04-04,673.3333129882812,686.6666870117188,656.6666870117188,670.0,52800
2016-04-05,666.6666870117188,666.6666870117188,640.0,640.0,45000
2016-04-06,640.0,656.6666870117188,640.0,643.3333129882812,34200
2016-04-07,646.6666870117188,673.3333129882812,646.6666870117188,650.0,55500
2016-04-08,636.6666870117188,663.3333129882812,636.6666870117188,660.0,41100
2016-04-11,663.3333129882812,663.3333129882812,650.0,660.0,36300
2016-04-12,660.0,680.0,660.0,673.3333129882812,41700
2016-04-13,676.6666870117188,693.3333129882812,676.6666870117188,680.0,22500
2016-04-14,690.0,693.3333129882812,676.6666870117188,690.0,64200
2016-04-15,690.0,690.0,673.3333129882812,683.3333129882812,54000
2016-04-18,676.6666870117188,676.6666870117188,656.6666870117188,660.0,43800
2016-04-19,666.6666870117188,680.0,666.6666870117188,673.3333129882812,43500
2016-04-20,673.3333129882812,686.6666870117188,670.0,676.6666870117188,57600
2016-04-21,680.0,690.0,680.0,683.3333129882812,44700
2016-04-22,683.3333129882812,683.3333129882812,670.0,680.0,36900
2016-04-25,683.3333129882812,690.0,676.6666870117188,690.0,62100
2016-04-26,693.3333129882812,730.0,690.0,720.0,201000
2016-04-27,716.6666870117188,730.0,690.0,700.0,138300
2016-04-28,700.0,703.3333129882812,673.3333129882812,676.6666870117188,81000
2016-05-02,663.3333129882812,663.3333129882812,643.3333129882812,650.0,70500
2016-05-06,656.6666870117188,656.6666870117188,646.6666870117188,656.6666870117188,29400
2016-05-09,673.3333129882812,723.3333129882812,670.0,683.3333129882812,228300
2016-05-10,693.3333129882812,706.6666870117188,686.6666870117188,700.0,64500
2016-05-11,710.0,716.6666870117188,706.6666870117188,716.6666870117188,48000
2016-05-12,713.3333129882812,716.6666870117188,710.0,716.6666870117188,33300
2016-05-13,710.0,710.0,683.3333129882812,690.0,81000
2016-05-16,730.0,736.6666870117188,706.6666870117188,706.6666870117188,164100
2016-05-17,720.0,733.3333129882812,710.0,733.3333129882812,95100
2016-05-18,736.6666870117188,750.0,720.0,730.0,82500
2016-05-19,730.0,736.6666870117188,726.6666870117188,733.3333129882812,45600
2016-05-20,730.0,733.3333129882812,723.3333129882812,733.3333129882812,38100
2016-05-23,740.0,753.3333129882812,723.3333129882812,750.0,104100
2016-05-24,746.6666870117188,750.0,736.6666870117188,746.6666870117188,25200
2016-05-25,750.0,753.3333129882812,736.6666870117188,743.3333129882812,65700
2016-05-26,740.0,743.3333129882812,716.6666870117188,733.3333129882812,76500
2016-05-27,723.3333129882812,736.6666870117188,720.0,723.3333129882812,37800
2016-05-30,723.3333129882812,740.0,716.6666870117188,736.6666870117188,42900
2016-05-31,736.6666870117188,736.6666870117188,730.0,733.3333129882812,20400
2016-06-01,723.3333129882812,736.6666870117188,723.3333129882812,730.0,33000
2016-06-02,733.3333129882812,746.6666870117188,716.6666870117188,723.3333129882812,47400
2016-06-03,723.3333129882812,730.0,720.0,726.6666870117188,16200
2016-06-06,710.0,726.6666870117188,710.0,723.3333129882812,27000
2016-06-07,726.6666870117188,736.6666870117188,720.0,733.3333129882812,36900
2016-06-08,733.3333129882812,746.6666870117188,726.6666870117188,746.6666870117188,63300
2016-06-09,746.6666870117188,746.6666870117188,733.3333129882812,740.0,37500
2016-06-10,736.6666870117188,736.6666870117188,716.6666870117188,723.3333129882812,58200
2016-06-13,716.6666870117188,720.0,670.0,686.6666870117188,91500
2016-06-14,676.6666870117188,680.0,646.6666870117188,663.3333129882812,72000
2016-06-15,653.3333129882812,670.0,650.0,656.6666870117188,50100
2016-06-16,650.0,656.6666870117188,623.3333129882812,623.3333129882812,96900
2016-06-17,630.0,643.3333129882812,626.6666870117188,633.3333129882812,44100
2016-06-20,636.6666870117188,646.6666870117188,633.3333129882812,636.6666870117188,50700
2016-06-21,643.3333129882812,650.0,640.0,650.0,28800
2016-06-22,653.3333129882812,653.3333129882812,633.3333129882812,636.6666870117188,35700
2016-06-23,640.0,643.3333129882812,630.0,636.6666870117188,34500
2016-06-24,643.3333129882812,650.0,566.6666870117188,586.6666870117188,105600
2016-06-27,586.6666870117188,623.3333129882812,586.6666870117188,606.6666870117188,40500
2016-06-28,600.0,626.6666870117188,586.6666870117188,603.3333129882812,31800
2016-06-29,620.0,636.6666870117188,616.6666870117188,633.3333129882812,29100
2016-06-30,640.0,640.0,630.0,633.3333129882812,24300
2016-07-01,636.6666870117188,640.0,630.0,633.3333129882812,33000
2016-07-04,640.0,650.0,636.6666870117188,646.6666870117188,23400
2016-07-05,653.3333129882812,653.3333129882812,646.6666870117188,650.0,21000
2016-07-06,636.6666870117188,636.6666870117188,620.0,623.3333129882812,51000
2016-07-07,623.3333129882812,626.6666870117188,603.3333129882812,603.3333129882812,33300
2016-07-08,603.3333129882812,613.3333129882812,596.6666870117188,600.0,29700
2016-07-11,600.0,600.0,600.0,600.0,0
2016-07-12,626.6666870117188,646.6666870117188,626.6666870117188,633.3333129882812,28800
2016-07-13,646.6666870117188,646.6666870117188,630.0,636.6666870117188,23400
2016-07-14,636.6666870117188,640.0,633.3333129882812,636.6666870117188,23100
2016-07-15,640.0,643.3333129882812,633.3333129882812,633.3333129882812,31500
2016-07-19,636.6666870117188,643.3333129882812,636.6666870117188,643.3333129882812,18600
2016-07-20,646.6666870117188,646.6666870117188,633.3333129882812,636.6666870117188,20400
2016-07-21,640.0,646.6666870117188,633.3333129882812,640.0,39300
2016-07-22,640.0,660.0,640.0,660.0,35100
2016-07-25,670.0,680.0,666.6666870117188,680.0,31800
2016-07-26,686.6666870117188,686.6666870117188,656.6666870117188,663.3333129882812,42000
2016-07-27,666.6666870117188,673.3333129882812,660.0,670.0,32700
2016-07-28,670.0,670.0,656.6666870117188,663.3333129882812,36600
2016-07-29,660.0,663.3333129882812,643.3333129882812,660.0,35100
2016-08-01,653.3333129882812,663.3333129882812,646.6666870117188,660.0,15300
2016-08-02,660.0,660.0,650.0,653.3333129882812,8400
2016-08-03,650.0,650.0,633.3333129882812,633.3333129882812,27600
2016-08-04,630.0,676.6666870117188,630.0,653.3333129882812,30900
2016-08-05,653.3333129882812,653.3333129882812,643.3333129882812,643.3333129882812,5100
2016-08-08,653.3333129882812,673.3333129882812,650.0,673.3333129882812,66000
2016-08-09,670.0,670.0,660.0,670.0,20100
2016-08-10,670.0,670.0,660.0,663.3333129882812,14400
2016-08-12,666.6666870117188,670.0,663.3333129882812,670.0,23700
2016-08-15,673.3333129882812,676.6666870117188,666.6666870117188,670.0,11400
2016-08-16,666.6666870117188,670.0,660.0,666.6666870117188,17400
2016-08-17,663.3333129882812,663.3333129882812,650.0,656.6666870117188,37500
2016-08-18,660.0,666.6666870117188,656.6666870117188,660.0,27000
2016-08-19,670.0,700.0,670.0,690.0,102900
2016-08-22,716.6666870117188,720.0,696.6666870117188,706.6666870117188,67500
2016-08-23,713.3333129882812,713.3333129882812,693.3333129882812,706.6666870117188,45600
2016-08-24,716.6666870117188,740.0,713.3333129882812,720.0,115200
2016-08-25,730.0,730.0,710.0,713.3333129882812,28500
2016-08-26,720.0,720.0,700.0,710.0,26400
2016-08-29,716.6666870117188,716.6666870117188,706.6666870117188,716.6666870117188,17100
2016-08-30,713.3333129882812,723.3333129882812,710.0,720.0,21900
2016-08-31,720.0,763.3333129882812,720.0,753.3333129882812,121800
2016-09-01,760.0,760.0,736.6666870117188,746.6666870117188,53400
2016-09-02,746.6666870117188,746.6666870117188,716.6666870117188,726.6666870117188,45000
2016-09-05,730.0,740.0,730.0,733.3333129882812,8100
2016-09-06,733.3333129882812,736.6666870117188,730.0,733.3333129882812,15000
2016-09-07,730.0,766.6666870117188,730.0,743.3333129882812,113400
2016-09-08,743.3333129882812,746.6666870117188,726.6666870117188,736.6666870117188,39300
2016-09-09,736.6666870117188,736.6666870117188,726.6666870117188,730.0,25200
2016-09-12,726.6666870117188,726.6666870117188,713.3333129882812,723.3333129882812,26700
2016-09-13,723.3333129882812,723.3333129882812,706.6666870117188,713.3333129882812,30000
2016-09-14,703.3333129882812,706.6666870117188,693.3333129882812,693.3333129882812,42600
2016-09-15,686.6666870117188,693.3333129882812,676.6666870117188,686.6666870117188,28800
2016-09-16,683.3333129882812,713.3333129882812,683.3333129882812,713.3333129882812,44400
2016-09-20,713.3333129882812,720.0,703.3333129882812,713.3333129882812,30300
2016-09-21,706.6666870117188,720.0,700.0,720.0,29400
2016-09-23,713.3333129882812,723.3333129882812,710.0,720.0,42000
2016-09-26,716.6666870117188,720.0,710.0,716.6666870117188,22200
2016-09-27,703.3333129882812,720.0,700.0,720.0,23400
2016-09-28,720.0,730.0,713.3333129882812,730.0,40500
2016-09-29,730.0,733.3333129882812,716.6666870117188,723.3333129882812,28500
2016-09-30,713.3333129882812,723.3333129882812,700.0,716.6666870117188,36000
2016-10-03,723.3333129882812,733.3333129882812,723.3333129882812,726.6666870117188,10500
2016-10-04,726.6666870117188,733.3333129882812,726.6666870117188,733.3333129882812,18600
2016-10-05,733.3333129882812,740.0,730.0,736.6666870117188,34200
2016-10-06,743.3333129882812,746.6666870117188,740.0,743.3333129882812,36900
2016-10-07,740.0,760.0,740.0,746.6666870117188,68100
2016-10-11,746.6666870117188,746.6666870117188,723.3333129882812,733.3333129882812,47100
2016-10-12,723.3333129882812,740.0,723.3333129882812,730.0,22200
2016-10-13,730.0,730.0,716.6666870117188,726.6666870117188,18600
2016-10-14,720.0,756.6666870117188,720.0,720.0,164700
2016-10-17,733.3333129882812,740.0,726.6666870117188,730.0,35700
2016-10-18,733.3333129882812,740.0,733.3333129882812,736.6666870117188,39000
2016-10-19,746.6666870117188,763.3333129882812,743.3333129882812,756.6666870117188,68400
2016-10-20,766.6666870117188,793.3333129882812,766.6666870117188,783.3333129882812,145200
2016-10-21,790.0,793.3333129882812,753.3333129882812,756.6666870117188,94500
2016-10-24,716.6666870117188,726.6666870117188,700.0,713.3333129882812,183900
2016-10-25,716.6666870117188,726.6666870117188,710.0,713.3333129882812,97200
2016-10-26,716.6666870117188,730.0,716.6666870117188,723.3333129882812,47100
2016-10-27,723.3333129882812,730.0,713.3333129882812,720.0,43800
2016-10-28,720.0,740.0,720.0,736.6666870117188,63300
2016-10-31,740.0,743.3333129882812,726.6666870117188,740.0,62100
2016-11-01,743.3333129882812,743.3333129882812,730.0,730.0,20400
2016-11-02,720.0,723.3333129882812,700.0,703.3333129882812,66000
2016-11-04,700.0,720.0,690.0,706.6666870117188,40500
2016-11-07,706.6666870117188,716.6666870117188,696.6666870117188,710.0,45900
2016-11-08,713.3333129882812,720.0,710.0,716.6666870117188,45300
2016-11-09,726.6666870117188,726.6666870117188,660.0,680.0,79200
2016-11-10,706.6666870117188,713.3333129882812,703.3333129882812,706.6666870117188,39300
2016-11-11,713.3333129882812,716.6666870117188,706.6666870117188,713.3333129882812,41100
2016-11-14,713.3333129882812,726.6666870117188,713.3333129882812,720.0,26700
2016-11-15,716.6666870117188,723.3333129882812,713.3333129882812,720.0,24600
2016-11-16,723.3333129882812,733.3333129882812,723.3333129882812,733.3333129882812,38400
2016-11-17,733.3333129882812,733.3333129882812,726.6666870117188,730.0,15000
2016-11-18,733.3333129882812,733.3333129882812,713.3333129882812,723.3333129882812,33600
2016-11-21,726.6666870117188,730.0,726.6666870117188,730.0,23400
2016-11-22,730.0,736.6666870117188,720.0,726.6666870117188,43800
2016-11-24,730.0,733.3333129882812,726.6666870117188,730.0,16500
2016-11-25,730.0,730.0,716.6666870117188,723.3333129882812,33000
2016-11-28,720.0,726.6666870117188,713.3333129882812,726.6666870117188,23400
2016-11-29,726.6666870117188,726.6666870117188,720.0,726.6666870117188,16500
2016-11-30,730.0,736.6666870117188,726.6666870117188,730.0,28800
2016-12-01,736.6666870117188,736.6666870117188,726.6666870117188,726.6666870117188,34800
2016-12-02,726.6666870117188,730.0,720.0,723.3333129882812,29700
2016-12-05,720.0,723.3333129882812,716.6666870117188,723.3333129882812,13800
2016-12-06,726.6666870117188,733.3333129882812,723.3333129882812,726.6666870117188,24300
2016-12-07,730.0,750.0,730.0,746.6666870117188,83100
2016-12-08,753.3333129882812,753.3333129882812,736.6666870117188,753.3333129882812,51900
2016-12-09,753.3333129882812,780.0,743.3333129882812,770.0,160800
2016-12-12,776.6666870117188,776.6666870117188,750.0,763.3333129882812,81000
2016-12-13,763.3333129882812,763.3333129882812,743.3333129882812,750.0,46800
2016-12-14,746.6666870117188,750.0,736.6666870117188,743.3333129882812,33900
2016-12-15,743.3333129882812,750.0,723.3333129882812,736.6666870117188,53400
2016-12-16,736.6666870117188,736.6666870117188,730.0,733.3333129882812,19800
2016-12-19,730.0,733.3333129882812,726.6666870117188,733.3333129882812,32400
2016-12-20,733.3333129882812,743.3333129882812,733.3333129882812,743.3333129882812,31500
2016-12-21,743.3333129882812,743.3333129882812,730.0,730.0,43200
2016-12-22,730.0,730.0,723.3333129882812,726.6666870117188,33600
2016-12-26,726.6666870117188,733.3333129882812,720.0,730.0,26400
2016-12-27,726.6666870117188,730.0,720.0,730.0,21000
2016-12-28,733.3333129882812,733.3333129882812,730.0,733.3333129882812,13200
2016-12-29,733.3333129882812,733.3333129882812,726.6666870117188,730.0,19200
2016-12-30,723.3333129882812,730.0,723.3333129882812,730.0,17100
2017-01-04,736.6666870117188,750.0,733.3333129882812,750.0,45000
2017-01-05,750.0,756.6666870117188,750.0,756.6666870117188,35400
2017-01-06,750.0,760.0,750.0,760.0,47400
2017-01-10,766.6666870117188,766.6666870117188,753.3333129882812,753.3333129882812,31800
2017-01-11,750.0,756.6666870117188,746.6666870117188,753.3333129882812,25800
2017-01-12,750.0,750.0,740.0,746.6666870117188,25800
2017-01-13,746.6666870117188,760.0,743.3333129882812,753.3333129882812,29700
2017-01-16,750.0,760.0,746.6666870117188,750.0,13800
2017-01-17,750.0,756.6666870117188,736.6666870117188,736.6666870117188,26100
2017-01-18,740.0,746.6666870117188,736.6666870117188,746.6666870117188,19200
2017-01-19,750.0,780.0,746.6666870117188,756.6666870117188,82200
2017-01-20,756.6666870117188,766.6666870117188,750.0,760.0,46200
2017-01-23,756.6666870117188,760.0,746.6666870117188,753.3333129882812,20100
2017-01-24,766.6666870117188,840.0,766.6666870117188,796.6666870117188,645300
2017-01-25,796.6666870117188,820.0,796.6666870117188,813.3333129882812,177300
2017-01-26,816.6666870117188,816.6666870117188,800.0,803.3333129882812,85800
2017-01-27,806.6666870117188,806.6666870117188,790.0,800.0,40800
2017-01-30,790.0,813.3333129882812,790.0,796.6666870117188,97200
2017-01-31,796.6666870117188,873.3333129882812,790.0,833.3333129882812,503700
2017-02-01,830.0,846.6666870117188,823.3333129882812,843.3333129882812,158100
2017-02-02,840.0,846.6666870117188,810.0,823.3333129882812,147600
2017-02-03,820.0,830.0,813.3333129882812,813.3333129882812,49800
2017-02-06,796.6666870117188,796.6666870117188,770.0,780.0,129900
2017-02-07,766.6666870117188,770.0,750.0,750.0,121200
2017-02-08,750.0,766.6666870117188,750.0,756.6666870117188,87600
2017-02-09,756.6666870117188,766.6666870117188,726.6666870117188,736.6666870117188,146400
2017-02-10,746.6666870117188,760.0,740.0,750.0,79200
2017-02-13,770.0,770.0,756.6666870117188,770.0,81300
2017-02-14,766.6666870117188,783.3333129882812,766.6666870117188,773.3333129882812,61800
2017-02-15,776.6666870117188,790.0,776.6666870117188,780.0,55800
2017-02-16,780.0,783.3333129882812,766.6666870117188,776.6666870117188,36600
2017-02-17,776.6666870117188,776.6666870117188,770.0,773.3333129882812,27600
2017-02-20,776.6666870117188,776.6666870117188,770.0,770.0,18300
2017-02-21,770.0,783.3333129882812,760.0,780.0,48300
2017-02-22,780.0,793.3333129882812,776.6666870117188,793.3333129882812,31800
2017-02-23,793.3333129882812,800.0,790.0,796.6666870117188,38400
2017-02-24,800.0,803.3333129882812,793.3333129882812,796.6666870117188,41400
2017-02-27,793.3333129882812,793.3333129882812,766.6666870117188,770.0,41400
2017-02-28,780.0,786.6666870117188,773.3333129882812,776.6666870117188,34200
2017-03-01,776.6666870117188,783.3333129882812,770.0,783.3333129882812,30000
2017-03-02,783.3333129882812,786.6666870117188,776.6666870117188,783.3333129882812,23100
2017-03-03,783.3333129882812,783.3333129882812,773.3333129882812,773.3333129882812,20400
2017-03-06,773.3333129882812,780.0,773.3333129882812,776.6666870117188,21300
2017-03-07,780.0,780.0,763.3333129882812,763.3333129882812,28200
2017-03-08,763.3333129882812,770.0,763.3333129882812,766.6666870117188,24000
2017-03-09,763.3333129882812,773.3333129882812,763.3333129882812,770.0,13800
2017-03-10,773.3333129882812,773.3333129882812,763.3333129882812,770.0,44100
2017-03-13,743.3333129882812,746.6666870117188,726.6666870117188,726.6666870117188,213600
2017-03-14,740.0,740.0,726.6666870117188,733.3333129882812,95100
2017-03-15,740.0,740.0,733.3333129882812,736.6666870117188,45300
2017-03-16,733.3333129882812,753.3333129882812,733.3333129882812,743.3333129882812,89400
2017-03-17,746.6666870117188,746.6666870117188,733.3333129882812,740.0,30300
2017-03-21,746.6666870117188,750.0,740.0,750.0,38700
2017-03-22,740.0,740.0,726.6666870117188,733.3333129882812,66000
2017-03-23,733.3333129882812,733.3333129882812,726.6666870117188,730.0,22500
2017-03-24,730.0,740.0,726.6666870117188,733.3333129882812,33300
2017-03-27,736.6666870117188,736.6666870117188,723.3333129882812,726.6666870117188,62700
2017-03-28,726.6666870117188,740.0,726.6666870117188,740.0,42300
2017-03-29,730.0,733.3333129882812,726.6666870117188,733.3333129882812,19500
2017-03-30,726.6666870117188,730.0,720.0,730.0,16500
2017-03-31,730.0,730.0,716.6666870117188,716.6666870117188,32400
2017-04-03,720.0,720.0,710.0,710.0,40200
2017-04-04,713.3333129882812,713.3333129882812,690.0,696.6666870117188,30600
2017-04-05,693.3333129882812,696.6666870117188,680.0,683.3333129882812,33300
2017-04-06,683.3333129882812,690.0,666.6666870117188,666.6666870117188,45000
2017-04-07,673.3333129882812,676.6666870117188,660.0,663.3333129882812,63000
2017-04-10,670.0,690.0,670.0,676.6666870117188,37200
2017-04-11,670.0,686.6666870117188,660.0,676.6666870117188,74400
2017-04-12,670.0,680.0,663.3333129882812,670.0,52500
2017-04-13,660.0,670.0,656.6666870117188,663.3333129882812,41700
2017-04-14,663.3333129882812,663.3333129882812,653.3333129882812,656.6666870117188,29700
2017-04-17,653.3333129882812,660.0,653.3333129882812,660.0,15000
2017-04-18,666.6666870117188,676.6666870117188,660.0,660.0,27300
2017-04-19,660.0,666.6666870117188,660.0,663.3333129882812,20400
2017-04-20,663.3333129882812,670.0,663.3333129882812,666.6666870117188,15300
2017-04-21,666.6666870117188,680.0,660.0,680.0,31800
2017-04-24,683.3333129882812,683.3333129882812,676.6666870117188,680.0,15900
2017-04-25,680.0,693.3333129882812,680.0,690.0,31500
2017-04-26,696.6666870117188,706.6666870117188,696.6666870117188,706.6666870117188,19500
2017-04-27,706.6666870117188,710.0,706.6666870117188,710.0,24300
2017-04-28,710.0,713.3333129882812,703.3333129882812,703.3333129882812,28800
2017-05-01,703.3333129882812,713.3333129882812,703.3333129882812,706.6666870117188,16800
2017-05-02,706.6666870117188,720.0,706.6666870117188,713.3333129882812,37800
2017-05-08,723.3333129882812,730.0,723.3333129882812,730.0,38700
2017-05-09,730.0,733.3333129882812,726.6666870117188,733.3333129882812,36900
2017-05-10,730.0,736.6666870117188,730.0,736.6666870117188,25200
2017-05-11,736.6666870117188,740.0,733.3333129882812,740.0,31800
2017-05-12,733.3333129882812,740.0,730.0,740.0,36000
2017-05-15,680.0,693.3333129882812,676.6666870117188,680.0,100800
2017-05-16,680.0,686.6666870117188,676.6666870117188,686.6666870117188,41100
2017-05-17,686.6666870117188,686.6666870117188,676.6666870117188,683.3333129882812,49800
2017-05-18,673.3333129882812,676.6666870117188,666.6666870117188,670.0,33000
2017-05-19,670.0,673.3333129882812,666.6666870117188,673.3333129882812,19800
2017-05-22,673.3333129882812,703.3333129882812,673.3333129882812,700.0,48900
2017-05-23,700.0,700.0,690.0,696.6666870117188,20100
2017-05-24,703.3333129882812,703.3333129882812,693.3333129882812,693.3333129882812,17700
2017-05-25,693.3333129882812,696.6666870117188,686.6666870117188,693.3333129882812,22200
2017-05-26,690.0,690.0,676.6666870117188,683.3333129882812,29100
2017-05-29,686.6666870117188,696.6666870117188,686.6666870117188,693.3333129882812,13500
2017-05-30,693.3333129882812,693.3333129882812,666.6666870117188,676.6666870117188,48000
2017-05-31,680.0,683.3333129882812,666.6666870117188,666.6666870117188,21900
2017-06-01,670.0,673.3333129882812,670.0,673.3333129882812,29100
2017-06-02,673.3333129882812,683.3333129882812,673.3333129882812,680.0,42900
2017-06-05,683.3333129882812,683.3333129882812,673.3333129882812,673.3333129882812,41400
2017-06-06,683.3333129882812,683.3333129882812,673.3333129882812,673.3333129882812,61500
2017-06-07,676.6666870117188,676.6666870117188,673.3333129882812,676.6666870117188,28500
2017-06-08,680.0,690.0,680.0,686.6666870117188,52200
2017-06-09,680.0,686.6666870117188,680.0,683.3333129882812,25500
2017-06-12,680.0,683.3333129882812,676.6666870117188,676.6666870117188,21300
2017-06-13,676.6666870117188,683.3333129882812,676.6666870117188,680.0,16500
2017-06-14,676.6666870117188,680.0,673.3333129882812,676.6666870117188,23700
2017-06-15,676.6666870117188,676.6666870117188,673.3333129882812,673.3333129882812,15900
2017-06-16,673.3333129882812,676.6666870117188,673.3333129882812,676.6666870117188,12000
2017-06-19,676.6666870117188,676.6666870117188,670.0,673.3333129882812,17100
2017-06-20,673.3333129882812,680.0,673.3333129882812,676.6666870117188,38100
2017-06-21,676.6666870117188,676.6666870117188,673.3333129882812,673.3333129882812,8100
2017-06-22,673.3333129882812,676.6666870117188,673.3333129882812,673.3333129882812,11400
2017-06-23,673.3333129882812,676.6666870117188,670.0,673.3333129882812,27000
2017-06-26,676.6666870117188,676.6666870117188,673.3333129882812,673.3333129882812,17400
2017-06-27,673.3333129882812,673.3333129882812,670.0,670.0,17700
2017-06-28,670.0,670.0,663.3333129882812,663.3333129882812,39300
2017-06-29,666.6666870117188,670.0,663.3333129882812,666.6666870117188,45300
2017-06-30,673.3333129882812,703.3333129882812,673.3333129882812,690.0,261900
2017-07-03,736.6666870117188,736.6666870117188,706.6666870117188,720.0,146400
2017-07-04,726.6666870117188,726.6666870117188,686.6666870117188,693.3333129882812,161400
2017-07-05,720.0,960.0,700.0,806.6666870117188,13605600
2017-07-06,793.3333129882812,793.3333129882812,753.3333129882812,763.3333129882812,2340900
2017-07-07,750.0,773.3333129882812,746.6666870117188,760.0,500700
2017-07-10,756.6666870117188,763.3333129882812,743.3333129882812,750.0,447000
2017-07-11,750.0,760.0,743.3333129882812,750.0,227100
2017-07-12,760.0,790.0,753.3333129882812,770.0,425100
2017-07-13,770.0,773.3333129882812,750.0,760.0,203400
2017-07-14,756.6666870117188,760.0,750.0,753.3333129882812,91500
2017-07-17,753.3333129882812,753.3333129882812,753.3333129882812,753.3333129882812,0
2017-07-18,756.6666870117188,760.0,750.0,760.0,125100
2017-07-19,760.0,763.3333129882812,753.3333129882812,756.6666870117188,91500
2017-07-20,756.6666870117188,770.0,753.3333129882812,766.6666870117188,123900
2017-07-21,766.6666870117188,780.0,763.3333129882812,770.0,94500
2017-07-24,770.0,770.0,753.3333129882812,756.6666870117188,129600
2017-07-25,756.6666870117188,770.0,753.3333129882812,763.3333129882812,78000
2017-07-26,780.0,780.0,763.3333129882812,766.6666870117188,104700
2017-07-27,770.0,770.0,760.0,763.3333129882812,58800
2017-07-28,760.0,760.0,743.3333129882812,750.0,115500
2017-07-31,750.0,756.6666870117188,750.0,750.0,45000
2017-08-01,753.3333129882812,760.0,746.6666870117188,756.6666870117188,112500
2017-08-02,756.6666870117188,760.0,753.3333129882812,756.6666870117188,31200
2017-08-03,756.6666870117188,756.6666870117188,746.6666870117188,753.3333129882812,63000
2017-08-04,753.3333129882812,753.3333129882812,740.0,746.6666870117188,76200
2017-08-07,700.0,700.0,670.0,690.0,225000
2017-08-08,686.6666870117188,690.0,676.6666870117188,680.0,89400
2017-08-09,676.6666870117188,680.0,663.3333129882812,666.6666870117188,181800
2017-08-10,666.6666870117188,673.3333129882812,666.6666870117188,670.0,65100
2017-08-11,670.0,670.0,670.0,670.0,0
2017-08-14,656.6666870117188,663.3333129882812,650.0,660.0,69600
2017-08-15,663.3333129882812,673.3333129882812,660.0,663.3333129882812,49800
2017-08-16,663.3333129882812,683.3333129882812,663.3333129882812,676.6666870117188,67200
2017-08-17,680.0,683.3333129882812,676.6666870117188,676.6666870117188,42000
2017-08-18,676.6666870117188,686.6666870117188,676.6666870117188,683.3333129882812,109200
2017-08-21,683.3333129882812,683.3333129882812,666.6666870117188,670.0,83700
2017-08-22,666.6666870117188,673.3333129882812,666.6666870117188,670.0,64800
2017-08-23,673.3333129882812,673.3333129882812,656.6666870117188,660.0,79500
2017-08-24,670.0,670.0,660.0,666.6666870117188,52800
2017-08-25,666.6666870117188,670.0,663.3333129882812,663.3333129882812,50700
2017-08-28,663.3333129882812,666.6666870117188,660.0,663.3333129882812,45300
2017-08-29,663.3333129882812,673.3333129882812,656.6666870117188,670.0,52500
2017-08-30,673.3333129882812,683.3333129882812,673.3333129882812,683.3333129882812,80700
2017-08-31,690.0,693.3333129882812,683.3333129882812,686.6666870117188,63900
2017-09-01,686.6666870117188,686.6666870117188,676.6666870117188,680.0,54000
2017-09-04,680.0,680.0,666.6666870117188,670.0,55800
2017-09-05,676.6666870117188,676.6666870117188,653.3333129882812,663.3333129882812,104100
2017-09-06,663.3333129882812,663.3333129882812,653.3333129882812,663.3333129882812,38400
2017-09-07,663.3333129882812,670.0,663.3333129882812,666.6666870117188,34500
2017-09-08,666.6666870117188,666.6666870117188,660.0,663.3333129882812,29400
2017-09-11,670.0,690.0,670.0,690.0,88200
2017-09-12,696.6666870117188,713.3333129882812,690.0,710.0,126300
2017-09-13,720.0,723.3333129882812,686.6666870117188,710.0,180000
2017-09-14,703.3333129882812,713.3333129882812,683.3333129882812,683.3333129882812,197700
2017-09-15,683.3333129882812,696.6666870117188,680.0,693.3333129882812,73200
2017-09-18,693.3333129882812,693.3333129882812,693.3333129882812,693.3333129882812,0
2017-09-19,693.3333129882812,713.3333129882812,693.3333129882812,710.0,96300
2017-09-20,710.0,723.3333129882812,710.0,716.6666870117188,96000
2017-09-21,716.6666870117188,720.0,710.0,713.3333129882812,85500
2017-09-22,700.0,706.6666870117188,693.3333129882812,696.6666870117188,56700
2017-09-25,696.6666870117188,706.6666870117188,696.6666870117188,696.6666870117188,45600
2017-09-26,693.3333129882812,700.0,693.3333129882812,696.6666870117188,33000
2017-09-27,690.3333129882812,692.3333129882812,667.6666870117188,688.6666870117188,44400
2017-09-28,685.0,698.3333129882812,685.0,695.6666870117188,56700
2017-09-29,696.6666870117188,700.0,688.3333129882812,692.0,25800
2017-10-02,692.0,708.6666870117188,692.0,706.3333129882812,67500
2017-10-03,710.6666870117188,711.0,704.0,709.6666870117188,44100
2017-10-04,713.3333129882812,713.3333129882812,697.3333129882812,698.6666870117188,45600
2017-10-05,693.6666870117188,697.6666870117188,691.0,691.0,33600
2017-10-06,689.3333129882812,693.6666870117188,685.0,688.6666870117188,37200
2017-10-09,688.6666870117188,688.6666870117188,688.6666870117188,688.6666870117188,0
2017-10-10,685.6666870117188,693.3333129882812,685.0,690.0,57900
2017-10-11,686.6666870117188,690.0,675.6666870117188,677.6666870117188,52800
2017-10-12,683.3333129882812,683.3333129882812,677.6666870117188,679.6666870117188,14100
2017-10-13,679.6666870117188,682.0,676.3333129882812,677.6666870117188,41100
2017-10-16,683.0,696.6666870117188,680.0,683.0,58800
2017-10-17,682.0,685.6666870117188,680.6666870117188,682.3333129882812,21300
2017-10-18,680.6666870117188,685.0,680.0,682.6666870117188,28200
2017-10-19,682.6666870117188,693.0,682.6666870117188,688.6666870117188,35100
2017-10-20,689.3333129882812,693.6666870117188,686.6666870117188,692.0,61500
2017-10-23,692.3333129882812,702.6666870117188,692.3333129882812,699.6666870117188,52800
2017-10-24,699.6666870117188,716.6666870117188,699.6666870117188,710.3333129882812,69900
2017-10-25,705.6666870117188,712.0,697.0,697.3333129882812,52500
2017-10-26,692.0,705.0,692.0,700.3333129882812,28500
2017-10-27,697.3333129882812,708.3333129882812,697.3333129882812,708.3333129882812,45000
2017-10-30,708.3333129882812,711.6666870117188,703.6666870117188,710.0,52500
2017-10-31,710.0,719.0,705.0,716.0,87900
2017-11-01,716.0,726.0,714.6666870117188,726.0,86700
2017-11-02,724.3333129882812,724.3333129882812,710.3333129882812,713.0,31800
2017-11-03,713.0,713.0,713.0,713.0,0
2017-11-06,703.6666870117188,709.3333129882812,702.0,707.6666870117188,42600
2017-11-07,707.6666870117188,712.6666870117188,703.0,711.6666870117188,30600
2017-11-08,710.6666870117188,710.6666870117188,700.3333129882812,710.0,32400
2017-11-09,709.6666870117188,709.6666870117188,693.3333129882812,699.6666870117188,55800
2017-11-10,689.0,694.6666870117188,688.6666870117188,693.3333129882812,26700
2017-11-13,692.6666870117188,693.6666870117188,686.6666870117188,691.6666870117188,33600
2017-11-14,688.6666870117188,695.3333129882812,686.6666870117188,693.0,33600
2017-11-15,693.0,711.3333129882812,685.0,689.6666870117188,83700
2017-11-16,684.0,700.0,684.0,696.3333129882812,23400
2017-11-17,711.3333129882812,716.6666870117188,691.6666870117188,694.3333129882812,102300
2017-11-20,690.0,698.6666870117188,684.6666870117188,693.3333129882812,45900
2017-11-21,692.6666870117188,696.6666870117188,687.0,690.6666870117188,37800
2017-11-22,690.6666870117188,695.0,690.0,692.0,35400
2017-11-23,692.0,692.0,692.0,692.0,0
2017-11-24,692.0,692.0,688.0,691.3333129882812,22800
2017-11-27,691.3333129882812,692.3333129882812,684.3333129882812,686.0,33600
2017-11-28,689.3333129882812,689.3333129882812,677.3333129882812,678.3333129882812,37800
2017-11-29,679.0,686.0,677.6666870117188,685.0,40800
2017-11-30,684.0,684.0,673.3333129882812,679.0,30300
2017-12-01,681.6666870117188,681.6666870117188,671.0,673.3333129882812,42600
2017-12-04,676.0,676.0,672.6666870117188,674.3333129882812,29100
2017-12-05,673.3333129882812,673.3333129882812,670.0,673.0,40200
2017-12-06,670.3333129882812,678.0,668.0,669.0,38400
2017-12-07,666.6666870117188,675.3333129882812,666.6666870117188,673.6666870117188,39300
2017-12-08,673.6666870117188,679.6666870117188,669.6666870117188,672.0,52200
2017-12-11,672.3333129882812,677.0,669.3333129882812,675.6666870117188,53700
2017-12-12,677.0,677.0,673.0,676.0,48300
2017-12-13,676.0,676.6666870117188,672.6666870117188,675.0,27600
2017-12-14,676.0,687.0,674.0,685.0,77400
2017-12-15,681.3333129882812,681.6666870117188,675.6666870117188,679.0,43500
2017-12-18,679.6666870117188,681.6666870117188,674.6666870117188,678.6666870117188,44100
2017-12-19,678.6666870117188,681.3333129882812,669.0,669.3333129882812,42000
2017-12-20,669.3333129882812,673.3333129882812,666.6666870117188,669.3333129882812,52800
2017-12-21,668.0,675.6666870117188,667.0,673.6666870117188,90300
2017-12-22,671.6666870117188,676.3333129882812,668.3333129882812,672.3333129882812,66600
2017-12-25,676.3333129882812,679.6666870117188,661.0,664.6666870117188,144300
2017-12-26,657.3333129882812,662.3333129882812,655.3333129882812,655.3333129882812,126600
2017-12-27,655.3333129882812,662.6666870117188,654.6666870117188,662.6666870117188,57600
2017-12-28,662.6666870117188,663.3333129882812,659.6666870117188,661.3333129882812,40500
2017-12-29,661.3333129882812,664.6666870117188,658.0,664.6666870117188,66000
2018-01-01,664.6666870117188,664.6666870117188,664.6666870117188,664.6666870117188,0
2018-01-02,664.6666870117188,664.6666870117188,664.6666870117188,664.6666870117188,0
2018-01-03,664.6666870117188,664.6666870117188,664.6666870117188,664.6666870117188,0
2018-01-04,676.6666870117188,689.3333129882812,671.3333129882812,687.0,119400
2018-01-05,680.0,695.6666870117188,680.0,693.3333129882812,126000
2018-01-08,693.3333129882812,693.3333129882812,693.3333129882812,693.3333129882812,0
2018-01-09,700.0,713.3333129882812,699.0,713.0,98400
2018-01-10,714.0,720.6666870117188,709.6666870117188,718.0,54600
2018-01-11,715.0,730.0,712.6666870117188,723.3333129882812,81900
2018-01-12,718.3333129882812,731.0,718.3333129882812,728.6666870117188,70500
2018-01-15,733.3333129882812,735.0,728.3333129882812,733.6666870117188,57000
2018-01-16,729.6666870117188,733.3333129882812,724.6666870117188,726.6666870117188,47400
2018-01-17,726.6666870117188,726.6666870117188,711.6666870117188,716.3333129882812,36300
2018-01-18,717.6666870117188,721.6666870117188,715.0,715.3333129882812,57000
2018-01-19,712.6666870117188,715.0,705.3333129882812,709.3333129882812,34800
2018-01-22,706.3333129882812,718.6666870117188,706.3333129882812,716.6666870117188,36900
2018-01-23,715.6666870117188,724.0,715.6666870117188,723.0,36000
2018-01-24,722.0,725.3333129882812,717.3333129882812,722.3333129882812,33600
2018-01-25,722.3333129882812,722.3333129882812,713.3333129882812,716.6666870117188,28800
2018-01-26,715.6666870117188,724.0,715.0,719.3333129882812,27300
2018-01-29,724.3333129882812,724.3333129882812,717.3333129882812,717.6666870117188,41700
2018-01-30,717.6666870117188,719.6666870117188,702.3333129882812,704.0,51900
2018-01-31,704.3333129882812,710.6666870117188,702.6666870117188,704.3333129882812,23400
2018-02-01,707.0,711.0,707.0,710.3333129882812,16200
2018-02-02,707.3333129882812,707.3333129882812,700.3333129882812,701.6666870117188,28500
2018-02-05,691.3333129882812,692.0,678.0,679.6666870117188,47700
2018-02-06,645.0,648.3333129882812,622.6666870117188,640.0,115500
2018-02-07,656.6666870117188,662.0,638.3333129882812,641.0,51600
2018-02-08,645.0,650.0,635.0,640.3333129882812,22800
2018-02-09,616.6666870117188,625.6666870117188,615.6666870117188,623.6666870117188,42600
2018-02-12,623.6666870117188,623.6666870117188,623.6666870117188,623.6666870117188,0
2018-02-13,631.6666870117188,652.0,631.6666870117188,647.0,49500
2018-02-14,659.0,678.3333129882812,657.0,669.6666870117188,120300
2018-02-15,678.3333129882812,693.0,663.3333129882812,688.6666870117188,80400
2018-02-16,696.3333129882812,706.6666870117188,691.6666870117188,701.6666870117188,94500
2018-02-19,701.6666870117188,716.0,701.6666870117188,710.6666870117188,69900
2018-02-20,710.6666870117188,721.3333129882812,710.6666870117188,721.3333129882812,62100
2018-02-21,716.6666870117188,725.0,713.3333129882812,723.6666870117188,72600
2018-02-22,710.0,728.6666870117188,710.0,723.0,59400
2018-02-23,723.6666870117188,735.3333129882812,723.6666870117188,733.6666870117188,91200
2018-02-26,733.6666870117188,735.6666870117188,726.0,732.6666870117188,51300
2018-02-27,735.0,754.0,732.6666870117188,750.0,78600
2018-02-28,747.3333129882812,759.3333129882812,738.6666870117188,749.6666870117188,51900
2018-03-01,749.0,750.3333129882812,742.3333129882812,748.0,45900
2018-03-02,737.6666870117188,746.3333129882812,731.3333129882812,732.3333129882812,54900
2018-03-05,728.0,729.6666870117188,704.3333129882812,705.0,39900
2018-03-06,719.3333129882812,723.0,709.6666870117188,712.3333129882812,33000
2018-03-07,717.3333129882812,717.3333129882812,695.6666870117188,697.3333129882812,39600
2018-03-08,697.6666870117188,703.0,689.3333129882812,693.3333129882812,24600
2018-03-09,693.6666870117188,702.6666870117188,693.6666870117188,699.3333129882812,31200
2018-03-12,704.3333129882812,717.0,704.3333129882812,717.0,15300
2018-03-13,718.3333129882812,729.6666870117188,718.3333129882812,729.6666870117188,33000
2018-03-14,729.3333129882812,729.3333129882812,724.6666870117188,727.0,16500
2018-03-15,729.0,731.0,716.6666870117188,720.6666870117188,36000
2018-03-16,720.6666870117188,720.6666870117188,710.0,713.0,26100
2018-03-19,715.0,715.0,683.3333129882812,696.6666870117188,35400
2018-03-20,693.3333129882812,702.0,688.0,699.0,22800
2018-03-21,699.0,699.0,699.0,699.0,0
2018-03-22,699.0,715.3333129882812,699.0,712.0,22500
2018-03-23,711.3333129882812,711.3333129882812,681.3333129882812,685.6666870117188,50700
2018-03-26,685.6666870117188,692.6666870117188,671.3333129882812,691.0,26700
2018-03-27,699.6666870117188,709.0,694.3333129882812,707.3333129882812,26400
2018-03-28,682.0,694.6666870117188,679.6666870117188,688.3333129882812,23700
2018-03-29,698.0,700.0,686.3333129882812,697.3333129882812,31200
2018-03-30,706.6666870117188,707.6666870117188,698.3333129882812,705.0,17700
2018-04-02,698.6666870117188,702.3333129882812,695.3333129882812,699.0,11700
2018-04-03,698.6666870117188,698.6666870117188,688.0,690.6666870117188,18000
2018-04-04,702.3333129882812,702.3333129882812,691.6666870117188,699.0,16200
2018-04-05,699.3333129882812,726.6666870117188,695.0,726.6666870117188,32100
2018-04-06,723.3333129882812,723.3333129882812,705.3333129882812,706.3333129882812,25500
2018-04-09,697.0,710.3333129882812,697.0,705.3333129882812,21300
2018-04-10,696.3333129882812,707.6666870117188,690.0,705.6666870117188,15300
2018-04-11,705.6666870117188,709.3333129882812,699.3333129882812,700.3333129882812,17400
2018-04-12,699.0,712.6666870117188,699.0,710.3333129882812,14400
2018-04-13,713.3333129882812,727.0,713.3333129882812,723.6666870117188,31200
2018-04-16,732.6666870117188,733.0,724.0,728.0,16800
2018-04-17,728.0,728.0,703.6666870117188,706.6666870117188,29100
2018-04-18,706.6666870117188,716.6666870117188,703.0,708.0,31500
2018-04-19,710.0,718.6666870117188,702.3333129882812,716.0,27900
2018-04-20,716.0,722.0,707.3333129882812,712.0,24300
2018-04-23,720.0,720.0,706.3333129882812,710.3333129882812,16500
2018-04-24,710.3333129882812,717.0,707.6666870117188,717.0,21300
2018-04-25,717.0,720.6666870117188,713.0,719.0,16800
2018-04-26,717.3333129882812,725.6666870117188,717.0,722.3333129882812,19800
2018-04-27,726.3333129882812,726.3333129882812,700.6666870117188,710.3333129882812,30900
2018-04-30,710.3333129882812,710.3333129882812,710.3333129882812,710.3333129882812,0
2018-05-01,703.6666870117188,720.0,700.3333129882812,716.3333129882812,22800
2018-05-02,712.0,719.0,711.0,716.6666870117188,12000
2018-05-03,716.6666870117188,716.6666870117188,716.6666870117188,716.6666870117188,0
2018-05-04,716.6666870117188,716.6666870117188,716.6666870117188,716.6666870117188,0
2018-05-07,716.6666870117188,719.0,712.0,717.0,9900
2018-05-08,719.3333129882812,739.3333129882812,719.3333129882812,733.6666870117188,62400
2018-05-09,726.6666870117188,734.6666870117188,726.6666870117188,730.3333129882812,21000
2018-05-10,728.6666870117188,731.6666870117188,715.6666870117188,717.6666870117188,27900
2018-05-11,715.3333129882812,723.3333129882812,704.3333129882812,713.3333129882812,26400
2018-05-14,783.3333129882812,799.6666870117188,764.0,799.6666870117188,309900
2018-05-15,799.6666870117188,799.6666870117188,783.6666870117188,795.0,80400
2018-05-16,793.0,797.3333129882812,786.3333129882812,790.6666870117188,48300
2018-05-17,790.6666870117188,790.6666870117188,771.3333129882812,778.0,56100
2018-05-18,780.0,787.0,776.0,786.3333129882812,59400
2018-05-21,790.0,790.0,776.0,783.3333129882812,68100
2018-05-22,790.3333129882812,809.6666870117188,788.3333129882812,799.0,82200
2018-05-23,799.6666870117188,799.6666870117188,787.3333129882812,787.3333129882812,35700
2018-05-24,787.0,792.3333129882812,786.6666870117188,790.0,53100
2018-05-25,790.0,791.0,787.0,791.0,21300
2018-05-28,795.0,795.0,788.0,792.3333129882812,19800
2018-05-29,792.3333129882812,792.3333129882812,785.3333129882812,789.6666870117188,16500
2018-05-30,774.0,783.6666870117188,773.6666870117188,779.3333129882812,15600
2018-05-31,785.0,785.0,760.3333129882812,762.6666870117188,30300
2018-06-01,757.0,764.0,750.6666870117188,759.6666870117188,30600
2018-06-04,766.6666870117188,773.0,759.3333129882812,763.3333129882812,13500
2018-06-05,756.6666870117188,776.6666870117188,720.0,739.6666870117188,53700
2018-06-06,743.0,754.6666870117188,732.3333129882812,751.0,24600
2018-06-07,748.0,769.6666870117188,748.0,768.6666870117188,27600
2018-06-08,759.6666870117188,782.3333129882812,759.6666870117188,779.3333129882812,45000
2018-06-11,773.0,778.6666870117188,767.6666870117188,776.6666870117188,32400
2018-06-12,775.6666870117188,778.0,771.3333129882812,771.3333129882812,12900
2018-06-13,773.3333129882812,788.6666870117188,773.3333129882812,784.0,23700
2018-06-14,787.6666870117188,787.6666870117188,783.3333129882812,786.3333129882812,18300
2018-06-15,787.0,808.0,787.0,800.0,54600
2018-06-18,803.6666870117188,824.3333129882812,801.6666870117188,806.3333129882812,85200
2018-06-19,801.3333129882812,803.3333129882812,780.3333129882812,785.6666870117188,46200
2018-06-20,786.0,791.0,762.0,787.6666870117188,46500
2018-06-21,787.3333129882812,790.3333129882812,780.0,781.6666870117188,22200
2018-06-22,769.0,786.3333129882812,767.3333129882812,785.3333129882812,17100
2018-06-25,785.3333129882812,792.6666870117188,783.6666870117188,785.3333129882812,27900
2018-06-26,772.3333129882812,789.3333129882812,770.0,786.6666870117188,38400
2018-06-27,786.6666870117188,799.6666870117188,786.6666870117188,797.3333129882812,19500
2018-06-28,797.3333129882812,797.6666870117188,789.6666870117188,797.6666870117188,14700
2018-06-29,797.6666870117188,815.6666870117188,797.6666870117188,812.6666870117188,41700
2018-07-02,810.0,810.0,790.6666870117188,793.6666870117188,44700
2018-07-03,794.3333129882812,798.0,771.6666870117188,776.3333129882812,27300
2018-07-04,771.6666870117188,778.6666870117188,755.0,761.6666870117188,27600
2018-07-05,747.0,764.0,747.0,754.6666870117188,43800
2018-07-06,749.6666870117188,766.3333129882812,746.6666870117188,763.6666870117188,21300
2018-07-09,761.0,763.0,741.6666870117188,746.0,27900
2018-07-10,746.0,759.3333129882812,746.0,748.3333129882812,22500
2018-07-11,750.0,769.0,734.6666870117188,768.3333129882812,57600
2018-07-12,766.3333129882812,766.3333129882812,750.6666870117188,750.6666870117188,16500
2018-07-13,749.0,753.6666870117188,749.0,751.3333129882812,13200
2018-07-16,751.3333129882812,751.3333129882812,751.3333129882812,751.3333129882812,0
2018-07-17,751.3333129882812,770.0,751.3333129882812,768.3333129882812,12600
2018-07-18,768.3333129882812,770.3333129882812,759.6666870117188,768.3333129882812,11100
2018-07-19,762.0,767.0,760.6666870117188,766.0,11400
2018-07-20,766.0,766.6666870117188,754.6666870117188,758.6666870117188,15600
2018-07-23,744.6666870117188,759.0,744.6666870117188,754.3333129882812,10800
2018-07-24,760.0,760.0,755.6666870117188,757.3333129882812,11700
2018-07-25,757.6666870117188,768.0,757.6666870117188,765.6666870117188,12600
2018-07-26,771.6666870117188,787.6666870117188,766.6666870117188,787.6666870117188,25500
2018-07-27,787.6666870117188,797.3333129882812,787.6666870117188,790.6666870117188,30000
2018-07-30,790.3333129882812,800.3333129882812,783.3333129882812,794.6666870117188,19500
2018-07-31,791.6666870117188,795.3333129882812,785.6666870117188,795.3333129882812,20700
2018-08-01,799.0,799.0,784.0,785.3333129882812,16800
2018-08-02,788.0,792.0,783.6666870117188,783.6666870117188,16500
2018-08-03,785.0,798.3333129882812,763.6666870117188,781.6666870117188,49500
2018-08-06,748.3333129882812,778.3333129882812,748.3333129882812,775.3333129882812,54600
2018-08-07,758.6666870117188,799.0,758.6666870117188,793.3333129882812,39900
2018-08-08,793.0,798.6666870117188,788.3333129882812,790.0,18300
2018-08-09,785.3333129882812,791.0,785.3333129882812,789.6666870117188,8100
2018-08-10,794.6666870117188,800.0,790.3333129882812,792.3333129882812,22800
2018-08-13,785.0,785.0,757.6666870117188,783.0,31200
2018-08-14,774.3333129882812,778.0,757.6666870117188,762.3333129882812,17700
2018-08-15,762.3333129882812,762.3333129882812,752.6666870117188,754.0,13800
2018-08-16,751.6666870117188,751.6666870117188,736.6666870117188,743.3333129882812,22500
2018-08-17,751.0,751.0,736.0,736.0,17100
2018-08-20,742.6666870117188,742.6666870117188,717.0,718.0,33600
2018-08-21,713.6666870117188,716.3333129882812,702.3333129882812,703.6666870117188,24300
2018-08-22,703.6666870117188,717.3333129882812,703.6666870117188,711.0,9000
2018-08-23,712.3333129882812,719.6666870117188,712.3333129882812,717.3333129882812,9600
2018-08-24,720.3333129882812,734.6666870117188,720.3333129882812,733.0,10200
2018-08-27,733.3333129882812,740.6666870117188,733.3333129882812,740.6666870117188,6000
2018-08-28,742.0,751.0,742.0,747.0,11700
2018-08-29,755.3333129882812,755.3333129882812,747.0,753.3333129882812,14100
2018-08-30,753.3333129882812,754.0,745.0,745.0,17700
2018-08-31,728.3333129882812,738.6666870117188,727.6666870117188,727.6666870117188,15000
2018-09-03,724.0,724.6666870117188,703.6666870117188,709.6666870117188,28200
2018-09-04,708.6666870117188,708.6666870117188,700.6666870117188,702.3333129882812,21900
2018-09-05,702.3333129882812,705.0,693.3333129882812,695.6666870117188,11700
2018-09-06,695.6666870117188,695.6666870117188,678.3333129882812,685.6666870117188,15300
2018-09-07,678.3333129882812,680.0,671.3333129882812,672.3333129882812,15900
2018-09-10,674.0,689.6666870117188,674.0,682.6666870117188,28200
2018-09-11,682.6666870117188,696.6666870117188,682.6666870117188,696.6666870117188,19200
2018-09-12,701.3333129882812,701.3333129882812,688.3333129882812,693.6666870117188,19800
2018-09-13,692.0,711.3333129882812,692.0,709.6666870117188,21000
2018-09-14,709.6666870117188,721.6666870117188,709.6666870117188,718.0,32700
2018-09-17,718.0,718.0,718.0,718.0,0
2018-09-18,718.0,718.0,706.6666870117188,717.0,18600
2018-09-19,719.3333129882812,737.6666870117188,714.6666870117188,732.6666870117188,24600
2018-09-20,733.0,738.0,732.0,736.3333129882812,14700
2018-09-21,740.0,747.3333129882812,736.0,745.0,28200
2018-09-24,745.0,745.0,745.0,745.0,0
2018-09-25,745.6666870117188,766.6666870117188,737.3333129882812,766.6666870117188,54300
2018-09-26,768.3333129882812,773.0,758.3333129882812,773.0,20700
2018-09-27,772.3333129882812,772.3333129882812,752.6666870117188,753.3333129882812,20700
2018-09-28,755.0,759.6666870117188,749.3333129882812,754.0,14700
2018-10-01,750.3333129882812,754.0,745.0,746.0,19200
2018-10-02,753.0,754.3333129882812,740.0,742.3333129882812,20100
2018-10-03,742.0,742.0,727.0,729.3333129882812,21000
2018-10-04,733.0,740.0,726.3333129882812,729.6666870117188,15000
2018-10-05,729.6666870117188,740.0,728.6666870117188,734.6666870117188,10500
2018-10-08,734.6666870117188,734.6666870117188,734.6666870117188,734.6666870117188,0
2018-10-09,734.6666870117188,735.6666870117188,715.0,726.3333129882812,16200
2018-10-10,726.3333129882812,726.3333129882812,707.0,716.0,14700
2018-10-11,702.6666870117188,702.6666870117188,684.6666870117188,687.3333129882812,20700
2018-10-12,686.6666870117188,692.3333129882812,686.0,686.6666870117188,16200
2018-10-15,692.3333129882812,692.3333129882812,677.6666870117188,677.6666870117188,22800
2018-10-16,673.6666870117188,684.6666870117188,673.6666870117188,683.0,20100
2018-10-17,684.0,705.0,684.0,698.3333129882812,20400
2018-10-18,697.0,698.3333129882812,688.6666870117188,691.0,19200
2018-10-19,684.0,691.6666870117188,677.0,681.3333129882812,27300
2018-10-22,681.3333129882812,689.3333129882812,672.3333129882812,685.6666870117188,26100
2018-10-23,685.0,685.0,670.3333129882812,670.3333129882812,22500
2018-10-24,670.3333129882812,684.0,670.3333129882812,681.3333129882812,21300
2018-10-25,681.3333129882812,681.3333129882812,652.0,652.0,45600
2018-10-26,665.3333129882812,665.3333129882812,643.0,644.0,39000
2018-10-29,630.6666870117188,651.6666870117188,618.0,641.3333129882812,43500
2018-10-30,629.3333129882812,686.6666870117188,629.3333129882812,685.0,54000
2018-10-31,685.0,686.6666870117188,675.3333129882812,680.0,23700
2018-11-01,678.3333129882812,680.3333129882812,667.6666870117188,671.0,14700
2018-11-02,670.6666870117188,693.6666870117188,670.6666870117188,681.6666870117188,35100
2018-11-05,683.6666870117188,684.0,676.0,680.6666870117188,16800
2018-11-06,678.6666870117188,690.3333129882812,677.6666870117188,680.3333129882812,18300
2018-11-07,685.3333129882812,690.6666870117188,669.3333129882812,675.6666870117188,24900
2018-11-08,681.3333129882812,691.0,681.3333129882812,684.3333129882812,14400
2018-11-09,684.3333129882812,693.6666870117188,684.3333129882812,688.3333129882812,21300
2018-11-12,709.6666870117188,725.6666870117188,707.0,722.0,64500
2018-11-13,700.6666870117188,717.6666870117188,697.3333129882812,700.0,28800
2018-11-14,704.3333129882812,704.3333129882812,687.6666870117188,688.3333129882812,28800
2018-11-15,688.3333129882812,694.3333129882812,679.0,689.0,19500
2018-11-16,684.0,684.0,663.3333129882812,665.6666870117188,21300
2018-11-19,665.6666870117188,683.0,665.6666870117188,674.3333129882812,20100
2018-11-20,670.6666870117188,670.6666870117188,658.3333129882812,665.6666870117188,15600
2018-11-21,652.3333129882812,652.3333129882812,635.3333129882812,635.6666870117188,47100
2018-11-22,636.0,649.3333129882812,633.3333129882812,641.6666870117188,25500
2018-11-23,641.6666870117188,641.6666870117188,641.6666870117188,641.6666870117188,0
2018-11-26,641.6666870117188,646.3333129882812,635.6666870117188,639.3333129882812,15600
2018-11-27,639.3333129882812,664.6666870117188,639.3333129882812,662.3333129882812,32400
2018-11-28,665.6666870117188,681.0,660.6666870117188,673.3333129882812,25500
2018-11-29,674.0,682.0,669.0,674.0,16500
2018-11-30,676.6666870117188,677.0,660.6666870117188,672.3333129882812,18300
2018-12-03,677.0,686.3333129882812,675.3333129882812,682.6666870117188,25800
2018-12-04,678.3333129882812,683.6666870117188,659.3333129882812,659.3333129882812,35700
2018-12-05,658.6666870117188,658.6666870117188,646.3333129882812,651.3333129882812,24000
2018-12-06,648.0,650.0,638.6666870117188,640.0,26700
2018-12-07,640.3333129882812,656.6666870117188,639.3333129882812,639.3333129882812,13800
2018-12-10,639.3333129882812,639.3333129882812,623.3333129882812,626.0,33000
2018-12-11,626.3333129882812,628.0,603.3333129882812,605.3333129882812,44700
2018-12-12,618.6666870117188,637.6666870117188,612.3333129882812,631.6666870117188,34500
2018-12-13,629.6666870117188,640.0,622.3333129882812,632.6666870117188,24000
2018-12-14,638.6666870117188,639.3333129882812,625.0,625.0,30300
2018-12-17,625.0,625.0,613.6666870117188,615.0,17100
2018-12-18,608.6666870117188,608.6666870117188,588.0,591.3333129882812,27900
2018-12-19,583.3333129882812,602.3333129882812,583.3333129882812,596.0,38100
2018-12-20,596.0,596.0,561.6666870117188,567.0,35400
2018-12-21,557.0,557.0,523.0,544.3333129882812,38700
2018-12-24,544.3333129882812,544.3333129882812,544.3333129882812,544.3333129882812,0
2018-12-25,516.6666870117188,521.0,499.3333435058594,501.6666564941406,60900
2018-12-26,514.3333129882812,530.0,510.0,528.6666870117188,45900
2018-12-27,555.3333129882812,586.0,546.6666870117188,581.3333129882812,59100
2018-12-28,572.3333129882812,587.3333129882812,570.0,578.6666870117188,40200
2018-12-31,578.6666870117188,578.6666870117188,578.6666870117188,578.6666870117188,0
2019-01-04,565.3333129882812,586.6666870117188,553.6666870117188,581.0,38400
2019-01-07,589.0,607.0,589.0,594.3333129882812,50100
2019-01-08,594.3333129882812,610.0,589.6666870117188,605.6666870117188,41700
2019-01-09,609.0,618.3333129882812,602.6666870117188,609.3333129882812,29700
2019-01-10,600.6666870117188,606.6666870117188,588.3333129882812,602.0,27000
2019-01-11,602.0,608.3333129882812,595.0,599.0,14100
2019-01-15,601.3333129882812,613.3333129882812,600.0,610.0,27000
2019-01-16,610.0,610.0,600.3333129882812,602.0,13200
2019-01-17,603.0,606.6666870117188,599.0,601.6666870117188,14100
2019-01-18,604.0,617.0,604.0,614.0,31500
2019-01-21,614.3333129882812,624.6666870117188,614.3333129882812,615.3333129882812,16200
2019-01-22,616.6666870117188,616.6666870117188,601.6666870117188,609.6666870117188,18600
2019-01-23,600.0,603.6666870117188,597.0,598.3333129882812,19500
2019-01-24,598.0,598.6666870117188,591.3333129882812,596.6666870117188,16500
2019-01-25,600.0,605.0,595.3333129882812,601.6666870117188,18000
2019-01-28,607.3333129882812,607.3333129882812,590.3333129882812,596.3333129882812,15600
2019-01-29,590.6666870117188,595.3333129882812,580.6666870117188,594.0,24300
2019-01-30,594.0,594.0,566.0,567.3333129882812,31800
2019-01-31,567.3333129882812,582.3333129882812,567.0,578.0,23400
2019-02-01,576.0,582.6666870117188,576.0,579.6666870117188,28800
2019-02-04,579.6666870117188,594.3333129882812,578.6666870117188,592.3333129882812,28800
2019-02-05,593.3333129882812,599.0,591.0,598.6666870117188,16800
2019-02-06,598.6666870117188,602.6666870117188,594.3333129882812,602.0,15900
2019-02-07,596.6666870117188,596.6666870117188,586.6666870117188,596.3333129882812,16200
2019-02-08,593.3333129882812,601.0,587.3333129882812,599.6666870117188,28200
2019-02-12,602.0,602.6666870117188,588.6666870117188,594.6666870117188,43800
2019-02-13,594.6666870117188,597.6666870117188,591.0,596.6666870117188,16500
2019-02-14,592.6666870117188,604.6666870117188,592.6666870117188,595.6666870117188,42000
2019-02-15,593.0,603.3333129882812,592.0,600.0,24600
2019-02-18,600.3333129882812,615.0,600.3333129882812,615.0,32700
2019-02-19,614.6666870117188,625.6666870117188,610.6666870117188,623.0,36300
2019-02-20,621.3333129882812,628.3333129882812,616.3333129882812,622.0,25500
2019-02-21,621.6666870117188,626.6666870117188,612.6666870117188,619.3333129882812,25200
2019-02-22,618.0,618.0,606.0,612.0,21900
2019-02-25,612.0,666.3333129882812,612.0,621.0,208200
2019-02-26,623.0,623.0,600.6666870117188,608.6666870117188,65400
2019-02-27,610.3333129882812,622.3333129882812,610.3333129882812,617.0,24000
2019-02-28,617.0,618.6666870117188,609.0,612.6666870117188,21900
2019-03-01,612.0,618.3333129882812,612.0,617.3333129882812,14100
2019-03-04,617.6666870117188,624.3333129882812,617.6666870117188,624.3333129882812,21900
2019-03-05,621.3333129882812,623.6666870117188,620.6666870117188,623.6666870117188,22500
2019-03-06,621.0,621.0,614.0,614.0,22800
2019-03-07,610.6666870117188,610.6666870117188,600.6666870117188,604.0,26400
2019-03-08,594.0,596.3333129882812,569.3333129882812,574.3333129882812,73800
2019-03-11,580.3333129882812,583.0,569.3333129882812,579.3333129882812,22200
2019-03-12,578.0,589.0,577.3333129882812,583.3333129882812,18000
2019-03-13,583.6666870117188,586.3333129882812,576.6666870117188,580.0,20400
2019-03-14,579.3333129882812,579.3333129882812,569.3333129882812,570.6666870117188,22800
2019-03-15,567.6666870117188,577.0,560.0,562.3333129882812,49800
2019-03-18,565.0,565.0,546.0,563.6666870117188,28200
2019-03-19,566.6666870117188,566.6666870117188,549.3333129882812,561.0,64800
2019-03-20,560.6666870117188,570.3333129882812,550.0,553.0,64200
2019-03-22,558.0,581.3333129882812,553.3333129882812,580.0,63900
2019-03-25,579.0,579.0,559.0,566.3333129882812,72900
2019-03-26,566.6666870117188,593.6666870117188,565.0,592.3333129882812,56100
2019-03-27,590.3333129882812,591.6666870117188,578.6666870117188,591.6666870117188,20400
2019-03-28,584.6666870117188,584.6666870117188,575.0,577.6666870117188,23700
2019-03-29,578.0,579.3333129882812,567.6666870117188,571.6666870117188,25500
2019-04-01,574.6666870117188,586.0,572.0,579.0,37500
2019-04-02,587.3333129882812,587.3333129882812,571.0,577.3333129882812,24000
2019-04-03,580.0,580.0,566.6666870117188,578.3333129882812,17100
2019-04-04,577.3333129882812,582.3333129882812,576.3333129882812,579.0,6600
2019-04-05,578.6666870117188,583.3333129882812,578.6666870117188,580.0,6600
2019-04-08,575.3333129882812,576.0,573.3333129882812,574.0,3000
2019-04-09,575.3333129882812,576.0,573.3333129882812,574.0,3000
2019-04-10,568.0,569.0,564.3333129882812,564.3333129882812,16200
2019-04-11,568.0,569.0,564.3333129882812,564.3333129882812,16200
2019-04-12,565.0,570.0,563.3333129882812,565.0,23400
2019-04-15,570.3333129882812,583.0,570.3333129882812,582.0,29100
2019-04-16,581.0,584.0,579.6666870117188,582.0,13200
2019-04-17,579.6666870117188,592.6666870117188,577.3333129882812,591.3333129882812,38400
2019-04-18,589.6666870117188,595.0,578.6666870117188,579.6666870117188,29700
2019-04-19,580.0,587.3333129882812,580.0,581.0,24000
2019-04-22,581.0,582.6666870117188,575.3333129882812,578.0,17100
2019-04-23,579.0,588.3333129882812,575.6666870117188,584.0,35100
2019-04-24,584.0,589.6666870117188,578.0,578.6666870117188,25200
2019-04-25,579.0,589.6666870117188,576.3333129882812,589.0,48600
2019-04-26,586.3333129882812,587.0,582.6666870117188,585.3333129882812,31200
2019-05-07,585.3333129882812,604.3333129882812,584.0,591.6666870117188,41400
2019-05-08,563.3333129882812,571.6666870117188,563.3333129882812,568.3333129882812,75300
2019-05-09,567.3333129882812,573.3333129882812,549.0,550.0,55200
2019-05-10,538.0,552.0,536.6666870117188,544.0,34800
2019-05-13,538.3333129882812,540.0,519.3333129882812,519.3333129882812,22800
2019-05-14,518.6666870117188,537.0,514.3333129882812,534.0,34200
2019-05-15,547.3333129882812,547.3333129882812,530.3333129882812,545.0,22800
2019-05-16,550.6666870117188,550.6666870117188,529.3333129882812,538.6666870117188,15600
2019-05-17,550.3333129882812,550.6666870117188,540.6666870117188,545.3333129882812,10200
2019-05-20,549.0,549.0,538.0,543.3333129882812,14700
2019-05-21,543.3333129882812,543.3333129882812,525.6666870117188,542.0,15300
2019-05-22,544.6666870117188,544.6666870117188,533.3333129882812,540.3333129882812,13200
2019-05-23,540.0,540.0,532.6666870117188,534.6666870117188,11400
2019-05-24,532.0,542.3333129882812,530.3333129882812,540.0,27900
2019-05-27,542.6666870117188,545.6666870117188,542.6666870117188,545.3333129882812,4200
2019-05-28,547.6666870117188,547.6666870117188,544.6666870117188,544.6666870117188,3000
2019-05-29,649.3333129882812,660.0,600.6666870117188,610.0,943500
2019-05-30,622.3333129882812,626.3333129882812,598.0,619.3333129882812,247500
2019-05-31,607.6666870117188,619.0,605.6666870117188,612.6666870117188,80100
2019-06-03,583.3333129882812,599.6666870117188,569.6666870117188,569.6666870117188,164700
2019-06-04,576.6666870117188,595.6666870117188,575.3333129882812,595.3333129882812,48600
2019-06-05,602.3333129882812,612.0,601.0,610.3333129882812,49500
2019-06-06,616.6666870117188,616.6666870117188,600.3333129882812,600.3333129882812,40200
2019-06-07,602.0,613.0,595.3333129882812,611.0,39300
2019-06-10,612.6666870117188,619.3333129882812,600.6666870117188,616.3333129882812,52500
2019-06-11,608.3333129882812,635.6666870117188,608.3333129882812,626.3333129882812,75000
2019-06-12,625.3333129882812,640.0,625.3333129882812,636.0,59400
2019-06-13,633.0,637.6666870117188,629.3333129882812,635.6666870117188,41400
2019-06-14,637.6666870117188,641.6666870117188,634.0,637.0,39600
2019-06-17,642.3333129882812,642.3333129882812,633.3333129882812,635.6666870117188,42900
2019-06-18,639.3333129882812,639.3333129882812,617.3333129882812,620.3333129882812,39000
2019-06-19,631.3333129882812,631.6666870117188,624.6666870117188,625.6666870117188,17100
2019-06-20,626.3333129882812,641.0,626.0,639.3333129882812,34800
2019-06-21,639.3333129882812,640.3333129882812,625.6666870117188,626.6666870117188,38400
2019-06-24,627.3333129882812,631.6666870117188,623.0,625.3333129882812,18000
2019-06-25,625.3333129882812,630.6666870117188,619.0,622.3333129882812,32100
2019-06-26,627.3333129882812,639.3333129882812,605.3333129882812,619.3333129882812,81300
2019-06-27,622.0,629.3333129882812,622.0,628.3333129882812,13200
2019-06-28,629.6666870117188,635.3333129882812,619.0,626.0,47100
2019-07-01,632.3333129882812,641.3333129882812,627.3333129882812,641.3333129882812,32400
2019-07-02,641.0,657.6666870117188,638.6666870117188,650.0,38400
2019-07-03,654.6666870117188,665.0,645.3333129882812,665.0,44400
2019-07-04,665.0,672.3333129882812,658.6666870117188,659.6666870117188,42900
2019-07-05,661.0,667.6666870117188,661.0,663.6666870117188,38700
2019-07-08,664.0,664.0,654.6666870117188,661.3333129882812,24300
2019-07-09,660.6666870117188,664.0,655.0,662.0,15000
2019-07-10,655.6666870117188,664.0,655.6666870117188,655.6666870117188,19500
2019-07-11,645.3333129882812,663.3333129882812,645.3333129882812,657.6666870117188,30900
2019-07-12,657.3333129882812,672.0,655.6666870117188,666.6666870117188,32400
2019-07-16,666.6666870117188,672.3333129882812,661.6666870117188,668.0,17100
2019-07-17,665.3333129882812,669.3333129882812,661.3333129882812,669.3333129882812,23400
2019-07-18,663.6666870117188,663.6666870117188,643.3333129882812,643.3333129882812,36000
2019-07-19,644.0,659.3333129882812,644.0,659.3333129882812,15000
2019-07-22,659.3333129882812,665.6666870117188,656.3333129882812,657.3333129882812,11400
2019-07-23,657.3333129882812,661.6666870117188,657.3333129882812,660.6666870117188,6900
2019-07-24,665.3333129882812,666.6666870117188,661.0,665.3333129882812,18300
2019-07-25,665.3333129882812,668.6666870117188,661.3333129882812,666.6666870117188,18300
2019-07-26,666.6666870117188,670.0,662.3333129882812,670.0,12900
2019-07-29,670.0,681.6666870117188,670.0,678.0,33000
2019-07-30,690.0,699.6666870117188,689.6666870117188,696.0,53400
2019-07-31,698.0,698.6666870117188,684.6666870117188,687.3333129882812,16200
2019-08-01,687.0,687.0,675.0,677.6666870117188,16500
2019-08-02,661.0,661.0,640.0,647.6666870117188,50400
2019-08-05,681.6666870117188,681.6666870117188,632.0,642.0,81000
2019-08-06,602.0,645.3333129882812,602.0,634.6666870117188,54900
2019-08-07,634.6666870117188,635.6666870117188,624.3333129882812,632.0,41700
2019-08-08,636.6666870117188,645.6666870117188,636.6666870117188,642.6666870117188,30300
2019-08-09,647.3333129882812,648.3333129882812,639.0,639.6666870117188,20400
2019-08-13,624.0,635.3333129882812,621.0,629.6666870117188,29700
2019-08-14,633.6666870117188,638.6666870117188,622.6666870117188,629.0,28500
2019-08-15,607.0,625.3333129882812,606.6666870117188,614.6666870117188,25200
2019-08-16,614.6666870117188,618.6666870117188,608.3333129882812,609.6666870117188,21600
2019-08-19,610.6666870117188,616.6666870117188,609.6666870117188,611.3333129882812,14400
2019-08-20,614.0,616.0,606.3333129882812,616.0,18300
2019-08-21,614.3333129882812,615.6666870117188,603.0,603.0,27300
2019-08-22,603.3333129882812,603.3333129882812,594.0,594.0,26100
2019-08-23,594.3333129882812,597.6666870117188,590.3333129882812,592.0,25200
2019-08-26,582.3333129882812,582.3333129882812,570.6666870117188,575.0,21600
2019-08-27,581.3333129882812,581.3333129882812,570.6666870117188,571.0,23700
2019-08-28,564.6666870117188,573.3333129882812,564.6666870117188,569.3333129882812,21000
2019-08-29,567.6666870117188,570.0,563.0,568.3333129882812,9900
2019-08-30,574.0,586.3333129882812,573.6666870117188,585.6666870117188,18300
2019-09-02,586.0,589.6666870117188,572.0,573.6666870117188,31500
2019-09-03,579.0,586.0,573.6666870117188,580.3333129882812,13200
2019-09-04,577.3333129882812,585.0,573.0,573.0,16500
2019-09-05,574.0,591.3333129882812,574.0,583.3333129882812,25800
2019-09-06,588.6666870117188,592.0,585.0,588.0,12000
2019-09-09,587.6666870117188,587.6666870117188,583.0,586.3333129882812,9900
2019-09-10,586.3333129882812,591.6666870117188,583.0,591.6666870117188,17700
2019-09-11,591.6666870117188,608.3333129882812,591.6666870117188,608.0,31200
2019-09-12,607.3333129882812,616.3333129882812,606.3333129882812,608.3333129882812,29100
2019-09-13,612.6666870117188,621.0,603.6666870117188,620.3333129882812,51600
2019-09-17,620.0,629.6666870117188,614.0,618.6666870117188,37800
2019-09-18,618.0,618.3333129882812,608.3333129882812,611.0,26700
2019-09-19,606.3333129882812,623.0,606.3333129882812,618.3333129882812,31800
2019-09-20,618.3333129882812,622.3333129882812,614.6666870117188,620.6666870117188,19200
2019-09-24,620.6666870117188,620.6666870117188,613.3333129882812,614.6666870117188,19200
2019-09-25,616.0,624.6666870117188,614.6666870117188,622.6666870117188,28500
2019-09-26,628.0,634.0,618.3333129882812,621.3333129882812,48600
2019-09-27,624.6666870117188,624.6666870117188,612.3333129882812,619.6666870117188,24000
2019-09-30,613.3333129882812,615.3333129882812,610.3333129882812,615.3333129882812,16200
2019-10-01,615.3333129882812,621.3333129882812,614.3333129882812,614.3333129882812,11700
2019-10-02,610.3333129882812,616.3333129882812,608.6666870117188,612.3333129882812,21300
2019-10-03,599.0,603.3333129882812,596.0,598.0,21300
2019-10-04,596.6666870117188,598.0,591.6666870117188,594.3333129882812,9300
2019-10-07,595.0,597.0,592.3333129882812,595.6666870117188,7800
2019-10-08,595.6666870117188,599.6666870117188,593.6666870117188,597.3333129882812,10800
2019-10-09,597.3333129882812,609.6666870117188,597.3333129882812,609.6666870117188,16500
2019-10-10,609.6666870117188,609.6666870117188,601.0,604.0,6600
2019-10-11,604.0,608.0,600.0,606.6666870117188,19800
2019-10-15,609.6666870117188,618.0,608.3333129882812,612.6666870117188,17400
2019-10-16,615.3333129882812,620.0,614.3333129882812,620.0,18000
2019-10-17,616.6666870117188,616.6666870117188,607.0,609.0,23700
2019-10-18,608.3333129882812,618.0,608.3333129882812,614.6666870117188,7200
2019-10-21,617.3333129882812,620.0,614.6666870117188,616.3333129882812,9300
2019-10-23,616.3333129882812,621.3333129882812,616.3333129882812,620.3333129882812,17100
2019-10-24,620.0,622.3333129882812,614.0,617.3333129882812,21600
2019-10-25,617.3333129882812,617.3333129882812,606.6666870117188,613.3333129882812,20100
2019-10-28,613.3333129882812,618.0,613.3333129882812,615.3333129882812,9300
2019-10-29,615.3333129882812,649.3333129882812,615.3333129882812,649.0,83400
2019-10-30,643.3333129882812,644.0,623.3333129882812,623.3333129882812,107100
2019-10-31,632.6666870117188,632.6666870117188,614.3333129882812,620.6666870117188,37500
2019-11-01,620.3333129882812,620.3333129882812,612.3333129882812,618.0,11400
2019-11-05,623.0,630.3333129882812,622.3333129882812,628.3333129882812,14100
2019-11-06,623.0,628.0,622.3333129882812,628.0,8700
2019-11-07,629.0,629.3333129882812,625.0,627.6666870117188,5100
2019-11-08,633.0,638.0,629.0,632.3333129882812,32400
2019-11-11,632.0,648.6666870117188,632.0,645.6666870117188,37200
2019-11-12,647.3333129882812,661.0,647.3333129882812,661.0,35100
2019-11-13,652.0,661.0,652.0,656.6666870117188,27300
2019-11-14,655.6666870117188,656.3333129882812,652.6666870117188,652.6666870117188,13500
2019-11-15,645.0,664.6666870117188,645.0,664.6666870117188,26100
2019-11-18,666.6666870117188,667.3333129882812,658.0,664.0,21900
2019-11-19,665.0,665.3333129882812,661.0,662.6666870117188,15900
2019-11-20,662.6666870117188,666.6666870117188,662.0,666.6666870117188,26400
2019-11-21,655.6666870117188,666.0,647.6666870117188,664.6666870117188,24900
2019-11-22,664.0,664.6666870117188,660.3333129882812,661.6666870117188,15600
2019-11-25,665.0,666.6666870117188,661.6666870117188,663.6666870117188,27000
2019-11-26,666.6666870117188,670.3333129882812,664.6666870117188,667.6666870117188,32100
2019-11-27,667.6666870117188,673.6666870117188,664.3333129882812,665.0,60900
2019-11-28,658.3333129882812,658.3333129882812,647.0,654.6666870117188,22200
2019-11-29,666.6666870117188,666.6666870117188,645.6666870117188,655.6666870117188,106800
2019-12-02,656.6666870117188,662.6666870117188,656.6666870117188,659.3333129882812,15900
2019-12-03,659.0,662.0,652.6666870117188,656.0,21000
2019-12-04,652.3333129882812,659.3333129882812,651.0,659.0,22200
2019-12-05,659.0,659.0,648.3333129882812,651.6666870117188,42900
2019-12-06,647.3333129882812,652.3333129882812,647.3333129882812,648.3333129882812,13800
2019-12-09,653.3333129882812,658.0,648.0,653.6666870117188,34800
2019-12-10,653.6666870117188,653.6666870117188,647.6666870117188,647.6666870117188,28500
2019-12-11,647.0,647.0,640.6666870117188,641.0,44400
2019-12-12,648.0,648.0,641.0,643.0,12300
2019-12-13,647.3333129882812,651.3333129882812,642.6666870117188,644.3333129882812,57000
2019-12-16,650.3333129882812,654.0,641.0,652.3333129882812,38100
2019-12-17,652.3333129882812,655.0,648.0,655.0,27900
2019-12-18,656.3333129882812,656.3333129882812,643.3333129882812,645.6666870117188,25500
2019-12-19,648.6666870117188,651.3333129882812,643.0,647.3333129882812,26400
2019-12-20,652.3333129882812,655.0,644.6666870117188,652.6666870117188,38100
2019-12-23,649.6666870117188,649.6666870117188,635.0,639.6666870117188,32100
2019-12-24,636.6666870117188,638.3333129882812,630.6666870117188,634.0,75900
2019-12-25,634.0,639.6666870117188,634.0,638.3333129882812,13800
2019-12-26,638.3333129882812,645.3333129882812,638.3333129882812,645.3333129882812,22200
2019-12-27,645.3333129882812,648.6666870117188,643.3333129882812,648.6666870117188,28200
2019-12-30,643.6666870117188,651.3333129882812,643.6666870117188,650.0,24600
2020-01-06,649.0,649.0,640.3333129882812,642.3333129882812,23100
2020-01-07,649.0,652.6666870117188,645.6666870117188,649.0,34800
2020-01-08,649.0,649.3333129882812,640.0,642.3333129882812,40500
2020-01-09,648.0,656.6666870117188,647.3333129882812,652.3333129882812,37500
2020-01-10,650.3333129882812,662.3333129882812,649.3333129882812,659.0,35400
2020-01-14,660.6666870117188,673.3333129882812,660.0,673.3333129882812,62100
2020-01-15,672.6666870117188,673.3333129882812,667.3333129882812,672.0,31800
2020-01-16,672.0,672.0,655.0,655.0,25200
2020-01-17,660.6666870117188,661.6666870117188,654.3333129882812,654.3333129882812,24900
2020-01-20,654.6666870117188,664.3333129882812,654.6666870117188,659.6666870117188,19500
2020-01-21,659.6666870117188,669.6666870117188,659.6666870117188,665.6666870117188,33300
2020-01-22,664.6666870117188,675.0,664.6666870117188,668.0,44400
2020-01-23,683.0,715.0,681.3333129882812,714.6666870117188,188400
2020-01-24,714.6666870117188,720.0,700.3333129882812,704.3333129882812,126900
2020-01-27,704.3333129882812,727.3333129882812,695.6666870117188,718.6666870117188,128400
2020-01-28,711.3333129882812,713.3333129882812,702.6666870117188,705.6666870117188,67200
2020-01-29,705.6666870117188,713.3333129882812,694.0,708.3333129882812,72600
2020-01-30,714.0,714.0,674.0,674.0,64200
2020-01-31,679.3333129882812,691.0,675.6666870117188,682.0,32100
2020-02-03,665.6666870117188,673.6666870117188,660.3333129882812,667.0,59400
2020-02-04,666.6666870117188,673.0,661.6666870117188,669.3333129882812,36600
2020-02-05,676.3333129882812,677.0,666.6666870117188,666.6666870117188,37200
2020-02-06,670.3333129882812,684.0,669.3333129882812,682.3333129882812,59700
2020-02-07,688.6666870117188,688.6666870117188,674.3333129882812,685.0,27000
2020-02-10,668.3333129882812,677.3333129882812,647.6666870117188,649.0,84000
2020-02-12,656.6666870117188,656.6666870117188,635.6666870117188,636.0,51000
2020-02-13,640.0,643.6666870117188,623.6666870117188,628.3333129882812,76800
2020-02-14,630.0,631.0,619.0,622.0,48000
2020-02-17,618.3333129882812,618.3333129882812,602.0,602.6666870117188,74700
2020-02-18,605.3333129882812,616.3333129882812,601.6666870117188,605.6666870117188,70800
2020-02-19,612.6666870117188,614.0,607.0,610.6666870117188,17700
2020-02-20,612.3333129882812,623.3333129882812,612.3333129882812,613.0,30300
2020-02-21,613.0,619.6666870117188,611.6666870117188,613.0,41400
2020-02-25,594.3333129882812,596.3333129882812,581.0,583.3333129882812,94500
2020-02-26,583.3333129882812,602.0,576.0,600.0,59700
2020-02-27,599.3333129882812,605.3333129882812,581.3333129882812,583.0,68100
2020-02-28,556.3333129882812,569.0,539.3333129882812,540.0,87600
2020-03-02,540.0,565.6666870117188,540.0,561.0,59400
2020-03-03,567.6666870117188,571.6666870117188,540.6666870117188,540.6666870117188,53700
2020-03-04,540.6666870117188,555.0,538.6666870117188,546.6666870117188,22500
2020-03-05,549.3333129882812,553.0,543.6666870117188,545.6666870117188,35700
2020-03-06,538.6666870117188,538.6666870117188,523.3333129882812,523.6666870117188,57000
2020-03-09,518.6666870117188,518.6666870117188,478.3333435058594,485.3333435058594,71700
2020-03-10,473.3333435058594,501.0,454.6666564941406,501.0,56700
2020-03-11,503.3333435058594,510.0,490.0,490.6666564941406,45300
2020-03-12,470.3333435058594,479.6666564941406,452.6666564941406,454.0,99900
2020-03-13,404.0,448.0,404.0,444.0,81300
2020-03-16,447.0,466.6666564941406,442.6666564941406,445.0,39300
2020-03-17,437.3333435058594,466.0,406.3333435058594,464.6666564941406,78900
2020-03-18,469.6666564941406,470.6666564941406,441.3333435058594,444.0,75600
2020-03-19,454.0,458.0,411.6666564941406,411.6666564941406,75900
2020-03-23,413.0,453.0,412.0,453.0,67800
2020-03-24,456.3333435058594,466.3333435058594,444.3333435058594,466.3333435058594,67200
2020-03-25,478.3333435058594,489.0,467.0,489.0,58500
2020-03-26,486.6666564941406,489.0,468.0,484.3333435058594,45300
2020-03-27,486.6666564941406,516.0,485.0,516.0,60000
2020-03-30,497.6666564941406,499.3333435058594,475.3333435058594,497.0,48000
2020-03-31,505.6666564941406,508.6666564941406,489.3333435058594,503.6666564941406,48000
2020-04-01,500.0,500.0,482.6666564941406,494.0,57900
2020-04-02,483.3333435058594,492.0,476.6666564941406,491.6666564941406,38700
2020-04-03,494.6666564941406,498.6666564941406,469.3333435058594,478.0,54000
2020-04-06,468.3333435058594,501.3333435058594,468.3333435058594,498.3333435058594,54900
2020-04-07,500.0,510.3333435058594,493.3333435058594,507.3333435058594,50700
2020-04-08,507.3333435058594,515.0,493.0,512.6666870117188,38400
2020-04-09,516.3333129882812,537.6666870117188,506.6666564941406,523.6666870117188,71400
2020-04-10,524.3333129882812,537.3333129882812,513.6666870117188,529.0,48000
2020-04-13,529.3333129882812,539.3333129882812,525.0,525.6666870117188,33000
2020-04-14,530.0,537.0,526.6666870117188,530.6666870117188,40200
2020-04-15,531.0,539.3333129882812,525.0,538.3333129882812,33000
2020-04-16,526.0,540.0,526.0,540.0,26700
2020-04-17,537.3333129882812,547.6666870117188,529.6666870117188,542.0,36300
2020-04-20,546.6666870117188,563.6666870117188,543.3333129882812,559.6666870117188,70200
2020-04-21,559.6666870117188,564.3333129882812,547.0,551.3333129882812,30000
2020-04-22,549.0,557.3333129882812,541.6666870117188,548.3333129882812,42000
2020-04-23,553.0,553.0,548.6666870117188,550.0,11700
2020-04-24,550.3333129882812,560.0,549.0,560.0,27000
2020-04-27,564.6666870117188,580.0,562.6666870117188,580.0,79800
2020-04-28,586.0,586.0,560.0,578.3333129882812,70800
2020-04-30,565.0,578.6666870117188,565.0,573.3333129882812,55200
2020-05-01,570.6666870117188,574.0,560.3333129882812,566.3333129882812,34800
2020-05-07,562.0,566.3333129882812,555.0,566.3333129882812,23100
2020-05-08,565.6666870117188,573.6666870117188,563.6666870117188,567.3333129882812,26100
2020-05-11,575.3333129882812,591.0,575.3333129882812,587.3333129882812,20700
2020-05-12,585.3333129882812,592.0,583.0,589.0,10800
2020-05-13,580.0,588.6666870117188,579.0,583.0,9600
2020-05-14,583.0,583.0,567.3333129882812,568.3333129882812,23700
2020-05-15,576.6666870117188,577.0,568.3333129882812,577.0,7200
2020-05-18,563.6666870117188,575.0,563.6666870117188,568.3333129882812,31800
2020-05-19,579.3333129882812,579.3333129882812,571.6666870117188,579.3333129882812,17400
2020-05-20,580.3333129882812,589.3333129882812,580.0,587.3333129882812,31800
2020-05-21,593.3333129882812,601.3333129882812,583.0,583.0,63000
2020-05-22,581.3333129882812,590.6666870117188,580.0,586.6666870117188,22800
2020-05-25,587.3333129882812,593.3333129882812,585.0,588.3333129882812,18000
2020-05-26,591.0,595.6666870117188,566.0,592.3333129882812,30900
2020-05-27,591.0,596.3333129882812,590.6666870117188,594.3333129882812,17400
2020-05-28,594.6666870117188,597.6666870117188,588.0,596.6666870117188,27900
2020-05-29,596.3333129882812,602.0,579.3333129882812,582.3333129882812,33600
2020-06-01,585.0,590.6666870117188,579.0,581.0,19500
2020-06-02,581.0,590.0,581.0,590.0,14700
2020-06-03,599.6666870117188,599.6666870117188,581.0,586.0,24300
2020-06-04,586.3333129882812,598.3333129882812,584.3333129882812,598.3333129882812,13200
2020-06-05,598.0,599.6666870117188,588.6666870117188,599.3333129882812,24000
2020-06-08,598.0,605.0,596.6666870117188,604.3333129882812,21900
2020-06-09,605.6666870117188,605.6666870117188,589.6666870117188,596.0,15300
2020-06-10,596.0,604.0,594.3333129882812,601.0,12300
2020-06-11,599.6666870117188,600.6666870117188,597.0,597.0,11700
2020-06-12,582.6666870117188,597.6666870117188,582.6666870117188,596.3333129882812,24000
2020-06-15,596.3333129882812,598.0,574.6666870117188,580.3333129882812,15900
2020-06-16,587.0,591.6666870117188,581.3333129882812,591.6666870117188,18300
2020-06-17,591.6666870117188,600.0,591.6666870117188,599.3333129882812,10500
2020-06-18,598.3333129882812,602.0,592.0,602.0,7800
2020-06-19,602.0,608.3333129882812,599.6666870117188,604.3333129882812,27900
2020-06-22,606.6666870117188,608.6666870117188,601.3333129882812,604.3333129882812,17700
2020-06-23,611.6666870117188,611.6666870117188,603.0,605.6666870117188,5400
2020-06-24,609.0,609.3333129882812,599.3333129882812,602.0,8700
2020-06-25,601.3333129882812,601.3333129882812,570.0,570.0,55500
2020-06-26,583.3333129882812,583.3333129882812,548.6666870117188,567.6666870117188,45000
2020-06-29,553.3333129882812,578.6666870117188,547.3333129882812,573.3333129882812,55800
2020-06-30,573.6666870117188,576.3333129882812,558.3333129882812,562.6666870117188,23100
2020-07-01,564.3333129882812,564.3333129882812,543.3333129882812,543.3333129882812,21000
2020-07-02,543.3333129882812,544.3333129882812,513.6666870117188,521.0,42900
2020-07-03,533.0,533.0,514.6666870117188,518.6666870117188,10800
2020-07-06,528.0,543.6666870117188,521.6666870117188,542.6666870117188,24000
2020-07-07,529.3333129882812,538.0,528.6666870117188,531.0,13200
2020-07-08,537.3333129882812,537.3333129882812,522.0,522.0,8100
2020-07-09,522.0,529.0,514.3333129882812,518.3333129882812,18000
2020-07-10,515.3333129882812,523.0,502.0,504.0,15900
2020-07-13,504.0,508.6666564941406,504.0,504.3333435058594,18600
2020-07-14,509.0,519.6666870117188,504.6666564941406,515.6666870117188,11100
2020-07-15,515.6666870117188,524.3333129882812,512.3333129882812,524.3333129882812,8700
2020-07-16,525.3333129882812,527.0,523.3333129882812,523.3333129882812,8100
2020-07-17,522.6666870117188,522.6666870117188,508.3333435058594,508.6666564941406,9000
2020-07-20,501.3333435058594,509.3333435058594,500.3333435058594,500.3333435058594,34500
2020-07-21,500.0,504.3333435058594,494.3333435058594,503.0,29100
2020-07-22,503.0,503.0,499.6666564941406,500.0,13800
2020-07-27,493.0,504.3333435058594,492.6666564941406,504.3333435058594,14100
2020-07-28,498.3333435058594,500.0,496.0,496.3333435058594,14400
2020-07-29,500.6666564941406,500.6666564941406,494.0,494.0,3600
2020-07-30,494.6666564941406,494.6666564941406,482.0,482.0,23100
2020-07-31,482.0,482.0,466.3333435058594,466.3333435058594,15300
2020-08-03,476.3333435058594,476.3333435058594,469.6666564941406,476.3333435058594,11700
2020-08-04,481.3333435058594,481.6666564941406,476.6666564941406,481.3333435058594,13500
2020-08-05,477.6666564941406,487.6666564941406,477.6666564941406,485.6666564941406,9300
2020-08-06,487.6666564941406,487.6666564941406,483.6666564941406,483.6666564941406,6300
2020-08-07,483.6666564941406,484.0,476.0,476.0,23100
2020-08-11,474.6666564941406,478.0,467.3333435058594,478.0,19800
2020-08-12,473.6666564941406,483.0,472.0,478.0,20700
2020-08-13,478.0,486.6666564941406,476.3333435058594,483.6666564941406,28500
2020-08-14,483.6666564941406,493.6666564941406,483.6666564941406,490.3333435058594,52800
2020-08-17,488.6666564941406,488.6666564941406,473.6666564941406,476.0,24900
2020-08-18,473.3333435058594,474.0,464.0,466.0,20400
2020-08-19,466.6666564941406,466.6666564941406,455.0,455.0,32700
2020-08-20,455.0,455.3333435058594,435.6666564941406,435.6666564941406,47700
2020-08-21,436.3333435058594,444.0,430.0,443.6666564941406,45600
2020-08-24,440.3333435058594,440.3333435058594,432.0,432.3333435058594,33600
2020-08-25,435.0,443.6666564941406,434.6666564941406,442.0,35400
2020-08-26,445.6666564941406,457.6666564941406,442.3333435058594,455.6666564941406,40500
2020-08-27,461.3333435058594,461.3333435058594,454.3333435058594,458.0,30600
2020-08-28,456.0,463.6666564941406,456.0,456.6666564941406,30900
2020-08-31,464.0,473.0,461.6666564941406,466.6666564941406,26400
2020-09-01,470.3333435058594,471.6666564941406,463.3333435058594,466.3333435058594,12600
2020-09-02,470.6666564941406,471.0,459.0,460.6666564941406,12900
2020-09-03,466.3333435058594,466.3333435058594,458.3333435058594,461.6666564941406,9300
2020-09-04,461.6666564941406,466.0,453.6666564941406,463.3333435058594,18900
2020-09-07,460.0,466.6666564941406,460.0,463.3333435058594,13800
2020-09-08,466.3333435058594,468.6666564941406,463.3333435058594,465.0,21300
2020-09-09,464.3333435058594,464.6666564941406,454.3333435058594,463.3333435058594,24900
2020-09-10,466.3333435058594,466.3333435058594,460.0,462.3333435058594,16800
2020-09-11,471.3333435058594,482.6666564941406,462.6666564941406,472.0,81300
2020-09-14,476.6666564941406,485.0,473.6666564941406,474.6666564941406,27000
2020-09-15,474.0,481.3333435058594,473.3333435058594,479.6666564941406,13200
2020-09-16,480.0,490.0,480.0,490.0,25500
2020-09-17,493.3333435058594,494.3333435058594,488.3333435058594,490.0,19200
2020-09-18,495.6666564941406,498.3333435058594,493.3333435058594,498.0,35400
2020-09-23,498.0,498.0,495.0,497.3333435058594,16200
2020-09-24,494.3333435058594,494.3333435058594,487.3333435058594,487.3333435058594,18900
2020-09-25,487.3333435058594,493.3333435058594,486.6666564941406,487.0,30300
2020-09-28,497.0,504.3333435058594,492.0,504.3333435058594,48600
2020-09-29,421.0,466.3333435058594,421.0,436.3333435058594,475200
2020-09-30,426.6666564941406,430.3333435058594,394.6666564941406,403.6666564941406,410400
2020-10-02,374.0,392.6666564941406,373.6666564941406,381.6666564941406,268200
2020-10-05,385.3333435058594,387.0,374.6666564941406,380.3333435058594,171900
2020-10-06,377.0,379.6666564941406,371.3333435058594,375.0,185400
2020-10-07,372.0,383.6666564941406,363.0,364.6666564941406,321300
2020-10-08,424.6666564941406,448.0,417.3333435058594,442.6666564941406,1415100
2020-10-09,447.3333435058594,453.3333435058594,439.3333435058594,451.6666564941406,381300
2020-10-12,463.3333435058594,484.0,451.6666564941406,471.6666564941406,457800
2020-10-13,461.6666564941406,474.3333435058594,453.6666564941406,469.6666564941406,257400
2020-10-14,465.0,468.0,460.0,460.3333435058594,96900
2020-10-15,459.6666564941406,466.3333435058594,459.6666564941406,465.6666564941406,68700
2020-10-16,464.6666564941406,466.6666564941406,458.3333435058594,463.0,59400
2020-10-19,463.3333435058594,463.3333435058594,454.6666564941406,461.6666564941406,143700
2020-10-20,459.3333435058594,461.6666564941406,458.6666564941406,459.3333435058594,62100
2020-10-21,459.3333435058594,463.6666564941406,459.3333435058594,459.6666564941406,29400
2020-10-22,458.0,459.0,447.0,458.0,57000
2020-10-23,458.0,458.0,451.0,455.6666564941406,52800
2020-10-26,454.0,457.3333435058594,453.0,454.6666564941406,18900
2020-10-27,454.6666564941406,474.3333435058594,445.3333435058594,474.3333435058594,66000
2020-10-28,464.0,475.0,459.6666564941406,474.0,208500
2020-10-29,462.6666564941406,471.6666564941406,459.6666564941406,464.0,38100
2020-10-30,463.6666564941406,470.3333435058594,456.6666564941406,461.3333435058594,48000
2020-11-02,463.3333435058594,463.3333435058594,460.6666564941406,462.0,14400
2020-11-04,462.6666564941406,471.6666564941406,462.6666564941406,464.6666564941406,89700
2020-11-05,468.0,474.3333435058594,462.6666564941406,472.6666564941406,54900
2020-11-06,474.6666564941406,474.6666564941406,469.6666564941406,474.0,21000
2020-11-09,474.3333435058594,480.0,472.0,479.3333435058594,26700
2020-11-10,483.3333435058594,483.3333435058594,467.6666564941406,471.3333435058594,70800
2020-11-11,472.0,477.3333435058594,470.6666564941406,476.6666564941406,35400
2020-11-12,476.6666564941406,491.3333435058594,476.0,477.6666564941406,35700
2020-11-13,472.6666564941406,482.0,472.6666564941406,477.6666564941406,23100
2020-11-16,487.0,493.0,477.6666564941406,485.6666564941406,40200
2020-11-17,476.3333435058594,478.3333435058594,458.3333435058594,465.3333435058594,77100
2020-11-18,465.6666564941406,479.6666564941406,455.0,473.3333435058594,69900
2020-11-19,468.6666564941406,471.6666564941406,459.3333435058594,468.6666564941406,38700
2020-11-20,463.6666564941406,472.6666564941406,463.3333435058594,470.6666564941406,30300
2020-11-24,478.6666564941406,482.6666564941406,474.0,474.6666564941406,21900
2020-11-25,476.3333435058594,483.0,474.3333435058594,476.0,70800
2020-11-26,473.3333435058594,479.3333435058594,473.3333435058594,477.6666564941406,20400
2020-11-27,478.6666564941406,486.6666564941406,478.6666564941406,485.3333435058594,45300
2020-11-30,489.6666564941406,489.6666564941406,478.0,480.3333435058594,32400
2020-12-01,480.0,482.3333435058594,478.6666564941406,478.6666564941406,18000
2020-12-02,478.0,483.0,476.6666564941406,477.3333435058594,33000
2020-12-03,477.0,481.3333435058594,475.0,475.3333435058594,21300
2020-12-04,475.3333435058594,475.6666564941406,474.3333435058594,474.6666564941406,18900
2020-12-07,475.0,477.0,473.0,473.0,45900
2020-12-08,473.0,475.0,472.3333435058594,473.0,24900
2020-12-09,472.6666564941406,474.6666564941406,472.6666564941406,473.6666564941406,15600
2020-12-10,476.3333435058594,479.0,473.6666564941406,473.6666564941406,15300
2020-12-11,473.6666564941406,476.0,472.6666564941406,473.0,28500
2020-12-14,473.0,488.0,473.0,475.6666564941406,39600
2020-12-15,475.6666564941406,478.3333435058594,473.3333435058594,473.3333435058594,17400
2020-12-16,472.6666564941406,475.3333435058594,472.3333435058594,472.3333435058594,23400
2020-12-17,473.6666564941406,474.0,471.3333435058594,472.6666564941406,13800
2020-12-18,472.3333435058594,473.3333435058594,467.3333435058594,468.0,64200
2020-12-21,468.0,469.0,465.3333435058594,469.0,24600
2020-12-22,468.3333435058594,468.3333435058594,442.0,449.3333435058594,57300
2020-12-23,453.3333435058594,453.3333435058594,444.3333435058594,444.6666564941406,13500
2020-12-24,444.6666564941406,450.0,442.6666564941406,442.6666564941406,186300
2020-12-25,443.0,446.3333435058594,441.6666564941406,443.0,28800
2020-12-28,447.3333435058594,447.3333435058594,439.0,443.0,27300
2020-12-29,440.3333435058594,447.6666564941406,440.3333435058594,447.6666564941406,6600
2020-12-30,451.0,457.6666564941406,447.6666564941406,457.6666564941406,16200
2021-01-04,457.6666564941406,458.3333435058594,449.3333435058594,458.3333435058594,10800
2021-01-05,453.6666564941406,459.6666564941406,453.6666564941406,459.6666564941406,6300
2021-01-06,457.3333435058594,462.3333435058594,457.3333435058594,460.6666564941406,5400
2021-01-07,463.0,463.6666564941406,461.0,462.6666564941406,10500
2021-01-08,461.3333435058594,469.3333435058594,461.3333435058594,465.3333435058594,27600
2021-01-12,461.6666564941406,468.0,461.6666564941406,466.3333435058594,16200
2021-01-13,466.6666564941406,468.0,464.0,465.3333435058594,19200
2021-01-14,464.0,469.0,464.0,466.0,17400
2021-01-15,464.0,466.6666564941406,463.6666564941406,463.6666564941406,26700
2021-01-18,458.6666564941406,458.6666564941406,455.0,456.3333435058594,10800
2021-01-19,455.0,458.3333435058594,455.0,455.6666564941406,14100
2021-01-20,456.0,458.0,454.0,456.3333435058594,30600
2021-01-21,456.3333435058594,457.3333435058594,456.3333435058594,457.3333435058594,6900
2021-01-22,455.6666564941406,457.6666564941406,454.3333435058594,454.3333435058594,11100
2021-01-25,454.3333435058594,466.3333435058594,454.0,461.6666564941406,12900
2021-01-26,461.6666564941406,466.6666564941406,461.6666564941406,466.6666564941406,15000
2021-01-27,466.6666564941406,471.6666564941406,466.0,470.3333435058594,18900
2021-01-28,469.0,473.6666564941406,469.0,473.6666564941406,29700
2021-01-29,473.0,476.0,471.3333435058594,472.3333435058594,28500
2021-02-01,470.0,474.0,470.0,472.3333435058594,10800
2021-02-02,473.3333435058594,475.0,472.3333435058594,472.6666564941406,16500
2021-02-03,474.6666564941406,474.6666564941406,472.0,473.3333435058594,7500
2021-02-04,474.0,474.6666564941406,473.0,473.6666564941406,7800
2021-02-05,473.3333435058594,474.6666564941406,473.0,474.0,11100
2021-02-08,472.6666564941406,476.0,472.6666564941406,474.3333435058594,32100
2021-02-09,474.0,481.6666564941406,474.0,477.6666564941406,16800
2021-02-10,475.0,482.6666564941406,475.0,477.3333435058594,11400
2021-02-12,477.3333435058594,486.3333435058594,477.0,482.3333435058594,20100
2021-02-15,480.3333435058594,485.3333435058594,473.6666564941406,485.3333435058594,33900
2021-02-16,532.0,534.0,504.0,511.3333435058594,147000
2021-02-17,508.3333435058594,510.6666564941406,504.0,506.6666564941406,25500
2021-02-18,507.3333435058594,507.6666564941406,502.0,502.3333435058594,16500
2021-02-19,501.6666564941406,503.3333435058594,500.6666564941406,500.6666564941406,15300
2021-02-22,504.3333435058594,504.3333435058594,498.3333435058594,498.3333435058594,75300
2021-02-24,498.3333435058594,498.3333435058594,494.0,496.6666564941406,18300
2021-02-25,496.6666564941406,501.0,496.0,496.6666564941406,27000
2021-02-26,497.0,501.6666564941406,497.0,497.6666564941406,24000
2021-03-01,500.0,506.0,500.0,504.0,31800
2021-03-02,506.6666564941406,510.6666564941406,506.6666564941406,509.0,16800
2021-03-03,509.0,511.3333435058594,507.6666564941406,511.3333435058594,12000
2021-03-04,511.3333435058594,511.6666564941406,508.0,511.6666564941406,8700
2021-03-05,511.6666564941406,522.0,508.3333435058594,522.0,23100
2021-03-08,524.3333129882812,525.6666870117188,518.6666870117188,523.6666870117188,12000
2021-03-09,520.6666870117188,524.0,518.6666870117188,519.3333129882812,32700
2021-03-10,521.3333129882812,524.6666870117188,518.3333129882812,524.6666870117188,25800
2021-03-11,524.6666870117188,524.6666870117188,518.6666870117188,519.0,17100
2021-03-12,521.6666870117188,521.6666870117188,515.6666870117188,517.3333129882812,36600
2021-03-15,521.3333129882812,523.3333129882812,520.3333129882812,522.3333129882812,21300
2021-03-16,525.0,527.6666870117188,518.6666870117188,525.6666870117188,45300
2021-03-17,527.0,530.0,525.0,526.3333129882812,24300
2021-03-18,526.3333129882812,526.3333129882812,518.0,521.3333129882812,30600
2021-03-19,521.3333129882812,529.3333129882812,521.3333129882812,529.0,44100
2021-03-22,529.6666870117188,529.6666870117188,526.0,529.3333129882812,27600
2021-03-23,529.0,534.3333129882812,527.6666870117188,530.0,40800
2021-03-24,527.3333129882812,529.6666870117188,526.0,527.3333129882812,47400
2021-03-25,527.3333129882812,530.0,527.3333129882812,528.0,15900
2021-03-26,531.0,541.6666870117188,531.0,540.6666870117188,24600
2021-03-29,542.3333129882812,546.6666870117188,528.3333129882812,536.6666870117188,45600
2021-03-30,533.0,535.0,524.0,527.6666870117188,109200
2021-03-31,527.6666870117188,540.6666870117188,527.6666870117188,534.3333129882812,10500
2021-04-01,531.3333129882812,531.6666870117188,527.6666870117188,527.6666870117188,5700
2021-04-02,530.0,530.0,527.0,527.0,34800
2021-04-05,533.0,535.0,527.3333129882812,531.3333129882812,10200
2021-04-06,531.3333129882812,532.3333129882812,527.0,527.0,11700
2021-04-07,527.0,529.0,527.0,528.6666870117188,11700
2021-04-08,527.3333129882812,528.6666870117188,523.3333129882812,523.3333129882812,24300
2021-04-09,524.6666870117188,531.0,524.0,524.0,9300
2021-04-12,523.3333129882812,526.0,523.3333129882812,526.0,2400
2021-04-13,527.6666870117188,528.6666870117188,523.3333129882812,523.3333129882812,4800
2021-04-14,523.3333129882812,523.3333129882812,521.0,522.0,45600
2021-04-15,519.3333129882812,522.6666870117188,515.0,517.6666870117188,16500
2021-04-16,517.6666870117188,518.3333129882812,501.0,501.0,17700
2021-04-19,502.0,503.3333435058594,502.0,502.3333435058594,15300
2021-04-20,502.3333435058594,503.3333435058594,498.6666564941406,500.0,36000
2021-04-21,491.0,500.0,491.0,493.6666564941406,28800
2021-04-22,493.6666564941406,501.3333435058594,493.6666564941406,496.6666564941406,5400
2021-04-23,497.0,498.3333435058594,492.6666564941406,492.6666564941406,19800
2021-04-26,491.6666564941406,498.0,491.6666564941406,496.0,11100
2021-04-27,496.0,497.6666564941406,494.3333435058594,494.3333435058594,4200
2021-04-28,494.3333435058594,498.0,493.0,493.0,8400
2021-04-30,493.0,494.0,492.6666564941406,492.6666564941406,8100
2021-05-06,492.6666564941406,496.0,492.6666564941406,493.3333435058594,8400
2021-05-07,498.3333435058594,498.3333435058594,494.0,494.0,3000
2021-05-10,498.0,498.3333435058594,495.3333435058594,497.0,7200
2021-05-11,496.6666564941406,497.6666564941406,495.0,495.0,7800
2021-05-12,495.0,495.0,490.0,491.3333435058594,36900
2021-05-13,491.0,491.0,489.0,489.0,6300
2021-05-14,493.0,501.3333435058594,493.0,498.3333435058594,9900
2021-05-17,505.6666564941406,507.3333435058594,490.3333435058594,500.6666564941406,47100
2021-05-18,454.3333435058594,481.0,440.0,481.0,125100
2021-05-19,471.0,486.6666564941406,465.3333435058594,466.0,92700
2021-05-20,466.0,476.0,466.0,467.3333435058594,13800
2021-05-21,473.0,476.0,471.0,471.0,5700
2021-05-24,471.0,481.6666564941406,471.0,471.3333435058594,13200
2021-05-25,473.3333435058594,481.0,469.6666564941406,469.6666564941406,14700
2021-05-26,469.0,470.0,466.6666564941406,466.6666564941406,16800
2021-05-27,466.6666564941406,467.3333435058594,466.3333435058594,466.3333435058594,4200
2021-05-28,467.3333435058594,471.3333435058594,466.3333435058594,470.0,10500
2021-05-31,469.6666564941406,469.6666564941406,465.0,465.0,28800
2021-06-01,474.0,474.0,466.0,466.0,5100
2021-06-02,465.6666564941406,468.0,465.0,465.0,11100
2021-06-03,465.0,468.0,465.0,467.3333435058594,6600
2021-06-04,465.0,468.0,464.0,468.0,15900
2021-06-07,471.6666564941406,472.6666564941406,465.0,466.3333435058594,14400
2021-06-08,467.6666564941406,471.0,464.6666564941406,464.6666564941406,19800
2021-06-09,466.3333435058594,466.3333435058594,463.3333435058594,463.3333435058594,18600
2021-06-10,463.6666564941406,465.0,463.6666564941406,465.0,2700
2021-06-11,465.0,466.6666564941406,463.3333435058594,463.3333435058594,19800
2021-06-14,463.3333435058594,463.6666564941406,461.6666564941406,461.6666564941406,18000
2021-06-15,462.0,464.3333435058594,461.6666564941406,463.3333435058594,9600
2021-06-16,464.6666564941406,465.3333435058594,462.3333435058594,462.3333435058594,6900
2021-06-17,462.6666564941406,464.0,460.6666564941406,462.3333435058594,15300
2021-06-18,462.3333435058594,462.3333435058594,460.3333435058594,460.3333435058594,21300
2021-06-21,456.6666564941406,456.6666564941406,443.3333435058594,443.3333435058594,26400
2021-06-22,448.3333435058594,452.3333435058594,443.0,443.6666564941406,20700
2021-06-23,442.6666564941406,452.6666564941406,442.6666564941406,447.3333435058594,10200
2021-06-24,445.3333435058594,447.3333435058594,445.3333435058594,446.0,4800
2021-06-25,446.3333435058594,448.3333435058594,446.0,447.6666564941406,5100
2021-06-28,450.3333435058594,450.3333435058594,449.3333435058594,450.0,6900
2021-06-29,450.0,451.6666564941406,448.3333435058594,451.6666564941406,8400
2021-06-30,451.6666564941406,453.3333435058594,451.6666564941406,452.6666564941406,5400
2021-07-01,452.6666564941406,460.0,452.6666564941406,452.6666564941406,16500
2021-07-02,452.6666564941406,454.6666564941406,451.0,452.3333435058594,9600
2021-07-05,452.3333435058594,457.6666564941406,452.3333435058594,453.6666564941406,2700
2021-07-06,452.6666564941406,453.6666564941406,450.3333435058594,450.3333435058594,6000
2021-07-07,450.0,450.0,448.0,448.6666564941406,16500
2021-07-08,447.0,450.6666564941406,447.0,447.0,12900
2021-07-09,445.3333435058594,448.0,444.6666564941406,444.6666564941406,20100
2021-07-12,446.3333435058594,449.6666564941406,445.3333435058594,446.0,12900
2021-07-13,446.0,447.6666564941406,445.3333435058594,447.6666564941406,7800
2021-07-14,446.0,448.6666564941406,445.3333435058594,445.6666564941406,17400
2021-07-15,445.6666564941406,448.3333435058594,445.0,445.0,6000
2021-07-16,445.0,445.6666564941406,445.0,445.3333435058594,5100
2021-07-19,445.3333435058594,449.3333435058594,444.0,445.0,9600
2021-07-20,445.0,448.3333435058594,444.3333435058594,444.6666564941406,17400
2021-07-21,444.6666564941406,449.3333435058594,444.3333435058594,444.3333435058594,28200
2021-07-26,444.3333435058594,447.0,444.0,444.0,6600
2021-07-27,445.0,445.0,444.0,445.0,4800
2021-07-28,443.6666564941406,445.0,439.6666564941406,443.6666564941406,38100
2021-07-29,443.6666564941406,445.3333435058594,443.0,445.3333435058594,4800
2021-07-30,445.3333435058594,445.3333435058594,443.3333435058594,443.3333435058594,2700
2021-08-02,441.3333435058594,466.6666564941406,438.3333435058594,460.0,33900
2021-08-03,450.0,456.0,450.0,451.3333435058594,4800
2021-08-04,451.0,455.6666564941406,451.0,451.6666564941406,2700
2021-08-05,451.6666564941406,454.3333435058594,449.6666564941406,449.6666564941406,7500
2021-08-06,449.3333435058594,452.3333435058594,449.3333435058594,452.3333435058594,1800
2021-08-10,453.3333435058594,453.3333435058594,449.6666564941406,449.6666564941406,4800
2021-08-11,449.0,450.6666564941406,449.0,450.6666564941406,2700
2021-08-12,452.3333435058594,456.3333435058594,450.6666564941406,454.3333435058594,4200
2021-08-13,449.3333435058594,449.6666564941406,447.3333435058594,449.0,9000
2021-08-16,449.0,449.0,447.6666564941406,447.6666564941406,8700
2021-08-17,446.3333435058594,447.6666564941406,446.3333435058594,447.3333435058594,3900
2021-08-18,447.3333435058594,447.3333435058594,446.3333435058594,447.0,2700
2021-08-19,447.0,447.0,445.6666564941406,445.6666564941406,4800
2021-08-20,445.6666564941406,446.6666564941406,445.0,445.0,6900
2021-08-23,451.0,451.0,444.6666564941406,448.0,11100
2021-08-24,445.3333435058594,452.0,445.3333435058594,452.0,5100
2021-08-25,452.0,452.0,446.3333435058594,446.3333435058594,15000
2021-08-26,447.3333435058594,451.6666564941406,447.3333435058594,450.6666564941406,5400
2021-08-27,451.6666564941406,453.0,448.3333435058594,449.3333435058594,9600
2021-08-30,452.6666564941406,456.0,450.6666564941406,451.3333435058594,9900
2021-08-31,449.3333435058594,454.3333435058594,449.3333435058594,451.3333435058594,4500
2021-09-01,455.6666564941406,455.6666564941406,450.6666564941406,452.0,5400
2021-09-02,453.3333435058594,453.3333435058594,451.0,451.0,3000
2021-09-03,452.0,456.3333435058594,452.0,455.0,5700
2021-09-06,456.0,456.0,453.3333435058594,456.0,5400
2021-09-07,454.3333435058594,459.6666564941406,454.3333435058594,459.6666564941406,12300
2021-09-08,459.6666564941406,459.6666564941406,455.3333435058594,455.3333435058594,15900
2021-09-09,455.0,458.6666564941406,455.0,458.6666564941406,13200
2021-09-10,455.6666564941406,460.3333435058594,455.6666564941406,460.3333435058594,21600
2021-09-13,458.3333435058594,464.6666564941406,458.3333435058594,464.3333435058594,6900
2021-09-14,459.6666564941406,466.3333435058594,459.6666564941406,466.3333435058594,11400
2021-09-15,462.6666564941406,466.6666564941406,462.6666564941406,466.6666564941406,9000
2021-09-16,463.3333435058594,466.6666564941406,462.0,466.6666564941406,15000
2021-09-17,466.6666564941406,468.0,463.0,468.0,20400
2021-09-21,466.6666564941406,471.6666564941406,465.6666564941406,471.3333435058594,23700
2021-09-22,473.0,476.0,467.0,467.0,29100
2021-09-24,469.6666564941406,482.6666564941406,469.6666564941406,476.6666564941406,39300
2021-09-27,476.6666564941406,483.3333435058594,476.6666564941406,483.3333435058594,18900
2021-09-28,483.3333435058594,483.6666564941406,482.6666564941406,483.3333435058594,19200
2021-09-29,483.3333435058594,485.6666564941406,481.6666564941406,481.6666564941406,19800
2021-09-30,481.6666564941406,484.3333435058594,480.6666564941406,480.6666564941406,13200
2021-10-01,480.6666564941406,481.0,478.6666564941406,478.6666564941406,12300
2021-10-04,479.3333435058594,479.3333435058594,476.6666564941406,476.6666564941406,6900
2021-10-05,476.6666564941406,477.6666564941406,474.3333435058594,474.3333435058594,25200
2021-10-06,475.3333435058594,476.6666564941406,474.0,475.0,16800
2021-10-07,475.0,477.0,475.0,476.6666564941406,2400
2021-10-08,476.6666564941406,478.0,476.0,476.0,8400
2021-10-11,479.3333435058594,479.3333435058594,476.3333435058594,476.3333435058594,2100
2021-10-12,476.3333435058594,478.0,472.0,476.6666564941406,17400
2021-10-13,478.0,478.3333435058594,474.3333435058594,478.3333435058594,17100
2021-10-14,478.3333435058594,478.3333435058594,476.0,476.3333435058594,12300
2021-10-15,476.0,477.6666564941406,475.6666564941406,477.6666564941406,9000
2021-10-18,476.3333435058594,477.6666564941406,476.3333435058594,476.3333435058594,4800
2021-10-19,477.3333435058594,477.3333435058594,476.6666564941406,477.0,5700
2021-10-20,477.0,477.0,476.0,476.0,5700
2021-10-21,476.6666564941406,476.6666564941406,476.3333435058594,476.6666564941406,6000
2021-10-22,477.0,477.3333435058594,476.6666564941406,476.6666564941406,3300
2021-10-25,476.6666564941406,477.6666564941406,476.6666564941406,476.6666564941406,14100
2021-10-26,480.6666564941406,480.6666564941406,476.0,476.6666564941406,8700
2021-10-27,479.0,479.0,475.6666564941406,475.6666564941406,6000
2021-10-28,476.6666564941406,481.6666564941406,476.6666564941406,478.6666564941406,12600
2021-10-29,477.6666564941406,479.0,477.6666564941406,479.0,6300
2021-11-01,479.0,482.3333435058594,477.3333435058594,477.6666564941406,11400
2021-11-02,477.0,478.3333435058594,476.6666564941406,477.3333435058594,4500
2021-11-04,477.3333435058594,478.6666564941406,476.6666564941406,476.6666564941406,7800
2021-11-05,476.6666564941406,477.0,476.3333435058594,476.3333435058594,6000
2021-11-08,476.3333435058594,476.6666564941406,475.6666564941406,475.6666564941406,12300
2021-11-09,457.6666564941406,475.6666564941406,457.6666564941406,473.6666564941406,22500
2021-11-10,472.6666564941406,474.0,472.0,474.0,3300
2021-11-11,471.6666564941406,472.0,471.3333435058594,472.0,6000
2021-11-12,472.0,481.0,471.0,481.0,13500
2021-11-15,471.6666564941406,483.3333435058594,471.3333435058594,479.0,31200
2021-11-16,481.6666564941406,491.3333435058594,481.6666564941406,490.0,18000
2021-11-17,488.0,488.6666564941406,488.0,488.3333435058594,4500
2021-11-18,490.3333435058594,490.3333435058594,487.0,488.6666564941406,6900
2021-11-19,487.3333435058594,487.3333435058594,486.6666564941406,486.6666564941406,2400
2021-11-22,486.6666564941406,486.6666564941406,486.0,486.0,7200
2021-11-24,486.6666564941406,487.3333435058594,485.6666564941406,486.0,10800
2021-11-25,486.6666564941406,487.0,486.0,486.0,7500
2021-11-26,486.6666564941406,486.6666564941406,479.6666564941406,479.6666564941406,17700
2021-11-29,439.6666564941406,482.0,434.0,450.6666564941406,173700
2021-11-30,459.6666564941406,459.6666564941406,449.3333435058594,449.3333435058594,20700
2021-12-01,449.3333435058594,461.6666564941406,446.6666564941406,448.6666564941406,18000
2021-12-02,448.0,449.6666564941406,430.6666564941406,436.6666564941406,64500
2021-12-03,434.3333435058594,441.3333435058594,433.3333435058594,440.0,16500
2021-12-06,440.6666564941406,454.3333435058594,440.6666564941406,449.0,24300
2021-12-07,449.0,451.6666564941406,449.0,451.0,16500
2021-12-08,451.3333435058594,456.0,451.3333435058594,453.3333435058594,7500
2021-12-09,453.3333435058594,455.3333435058594,451.3333435058594,451.3333435058594,9900
2021-12-10,451.3333435058594,455.0,451.3333435058594,451.3333435058594,13800
2021-12-13,451.6666564941406,451.6666564941406,447.6666564941406,449.3333435058594,9000
2021-12-14,444.0,449.0,444.0,446.6666564941406,15000
2021-12-15,445.3333435058594,449.6666564941406,445.3333435058594,447.3333435058594,11100
2021-12-16,450.0,455.3333435058594,448.6666564941406,450.6666564941406,14700
2021-12-17,451.6666564941406,451.6666564941406,446.6666564941406,448.6666564941406,28500
2021-12-20,448.6666564941406,449.0,443.0,443.0,10500
2021-12-21,443.0,448.0,435.6666564941406,444.0,11100
2021-12-22,442.3333435058594,442.3333435058594,433.3333435058594,442.0,19200
2021-12-23,439.6666564941406,446.3333435058594,439.6666564941406,442.6666564941406,10200
2021-12-24,442.6666564941406,443.3333435058594,438.0,438.0,13200
2021-12-27,438.3333435058594,438.3333435058594,433.6666564941406,437.6666564941406,12600
2021-12-28,436.6666564941406,438.3333435058594,435.0,438.3333435058594,21300
2021-12-29,437.6666564941406,454.0,437.6666564941406,447.3333435058594,7800
2021-12-30,449.3333435058594,449.3333435058594,440.6666564941406,444.6666564941406,4200
2022-01-04,444.6666564941406,460.0,439.3333435058594,460.0,17400
2022-01-05,460.0,461.3333435058594,453.0,459.0,4800
2022-01-06,453.6666564941406,453.6666564941406,449.6666564941406,450.0,21900
2022-01-07,450.0,450.6666564941406,437.0,444.3333435058594,12900
2022-01-11,442.3333435058594,447.6666564941406,437.0,446.0,13800
2022-01-12,446.0,446.0,439.0,444.6666564941406,10500
2022-01-13,444.6666564941406,445.3333435058594,444.0,444.6666564941406,6900
2022-01-14,444.6666564941406,444.6666564941406,439.0,439.0,17100
2022-01-17,436.0,440.3333435058594,434.0,440.3333435058594,11400
2022-01-18,444.0,444.0,432.0,441.3333435058594,22200
2022-01-19,440.0,441.6666564941406,436.3333435058594,436.3333435058594,20700
2022-01-20,436.3333435058594,436.3333435058594,417.0,423.3333435058594,44700
2022-01-21,424.3333435058594,433.3333435058594,422.6666564941406,432.3333435058594,8700
2022-01-24,427.3333435058594,436.6666564941406,427.3333435058594,429.3333435058594,9900
2022-01-25,429.3333435058594,434.6666564941406,429.3333435058594,429.6666564941406,21600
2022-01-26,429.6666564941406,433.6666564941406,429.6666564941406,433.6666564941406,3600
2022-01-27,433.6666564941406,435.6666564941406,428.6666564941406,428.6666564941406,31500
2022-01-28,428.6666564941406,433.0,428.6666564941406,433.0,4800
2022-01-31,435.6666564941406,435.6666564941406,431.6666564941406,432.6666564941406,7200
2022-02-01,433.0,433.0,431.6666564941406,431.6666564941406,5700
2022-02-02,433.3333435058594,440.0,433.3333435058594,440.0,8400
2022-02-03,440.0,440.0,436.6666564941406,436.6666564941406,3600
2022-02-04,435.6666564941406,439.0,433.3333435058594,438.0,5700
2022-02-07,438.0,442.6666564941406,437.0,439.3333435058594,16200
2022-02-08,442.6666564941406,443.0,441.0,443.0,4800
2022-02-09,443.3333435058594,454.0,443.3333435058594,454.0,16800
2022-02-10,459.3333435058594,463.6666564941406,459.3333435058594,463.6666564941406,10800
2022-02-14,463.6666564941406,463.6666564941406,455.0,455.0,4800
2022-02-15,455.0,459.0,455.0,459.0,5400
2022-02-16,466.3333435058594,466.3333435058594,464.3333435058594,466.0,5400
2022-02-17,463.0,466.0,462.3333435058594,462.3333435058594,1500
2022-02-18,462.3333435058594,467.6666564941406,462.3333435058594,465.6666564941406,10200
2022-02-21,466.0,470.0,466.0,467.3333435058594,4800
2022-02-22,467.3333435058594,469.3333435058594,460.6666564941406,469.3333435058594,11400
2022-02-24,466.0,469.3333435058594,466.0,469.3333435058594,7500
2022-02-25,469.3333435058594,479.6666564941406,469.3333435058594,479.6666564941406,13800
2022-02-28,479.6666564941406,479.6666564941406,466.6666564941406,468.0,24000
2022-03-01,466.6666564941406,477.6666564941406,466.6666564941406,477.6666564941406,13200
2022-03-02,477.6666564941406,477.6666564941406,474.6666564941406,474.6666564941406,5400
2022-03-03,477.6666564941406,477.6666564941406,471.3333435058594,471.3333435058594,7500
2022-03-04,472.0,476.0,467.6666564941406,469.6666564941406,28800
2022-03-07,469.6666564941406,472.3333435058594,467.6666564941406,469.3333435058594,18600
2022-03-08,470.6666564941406,470.6666564941406,468.6666564941406,470.6666564941406,17400
2022-03-09,470.6666564941406,471.6666564941406,469.3333435058594,469.3333435058594,16800
2022-03-10,471.3333435058594,472.0,469.0,472.0,17700
2022-03-11,466.6666564941406,472.0,466.6666564941406,469.0,16200
2022-03-14,472.0,472.6666564941406,469.0,472.6666564941406,15900
2022-03-15,469.6666564941406,479.6666564941406,469.6666564941406,479.6666564941406,17100
2022-03-16,479.6666564941406,479.6666564941406,473.3333435058594,474.0,22800
2022-03-17,475.6666564941406,480.0,474.0,480.0,7500
2022-03-18,480.0,510.6666564941406,480.0,510.6666564941406,36300
2022-03-22,510.6666564941406,510.6666564941406,501.0,505.3333435058594,15900
2022-03-23,506.6666564941406,510.0,505.6666564941406,509.0,11700
2022-03-24,509.0,509.0,503.3333435058594,508.0,10200
2022-03-25,510.0,511.3333435058594,508.6666564941406,508.6666564941406,6900
2022-03-28,508.6666564941406,510.0,508.6666564941406,510.0,6600
2022-03-29,512.0,515.0,506.6666564941406,515.0,24900
2022-03-30,515.0,518.3333129882812,505.0,515.6666870117188,12600
2022-03-31,516.6666870117188,517.0,511.6666564941406,511.6666564941406,16500
2022-04-01,516.6666870117188,533.0,516.6666870117188,520.3333129882812,27300
2022-04-04,523.3333129882812,523.3333129882812,518.0,518.0,3600
2022-04-05,521.6666870117188,521.6666870117188,518.3333129882812,518.3333129882812,5100
2022-04-06,516.0,518.3333129882812,515.0,515.0,12000
2022-04-07,507.3333435058594,511.3333435058594,507.3333435058594,511.3333435058594,9600
2022-04-08,514.6666870117188,520.3333129882812,508.3333435058594,517.6666870117188,45600
2022-04-11,519.3333129882812,519.3333129882812,501.3333435058594,502.3333435058594,11400
2022-04-12,502.3333435058594,514.3333129882812,501.0,504.0,8100
2022-04-13,501.0,503.0,498.6666564941406,503.0,7800
2022-04-14,514.3333129882812,514.3333129882812,501.0,504.3333435058594,6600
2022-04-15,504.3333435058594,504.3333435058594,497.6666564941406,501.0,6300
2022-04-18,497.3333435058594,502.6666564941406,497.3333435058594,500.3333435058594,8100
2022-04-19,499.3333435058594,502.6666564941406,499.3333435058594,502.6666564941406,2400
2022-04-20,502.6666564941406,502.6666564941406,500.3333435058594,501.6666564941406,5100
2022-04-21,502.0,503.3333435058594,499.6666564941406,502.0,12900
2022-04-22,500.0,504.0,500.0,501.6666564941406,2400
2022-04-25,501.6666564941406,502.6666564941406,499.0,500.0,12300
2022-04-26,498.0,500.3333435058594,485.3333435058594,500.0,11700
2022-04-27,497.0,508.0,497.0,503.6666564941406,30600
2022-04-28,501.3333435058594,502.6666564941406,498.3333435058594,499.0,9600
2022-05-02,508.0,508.0,494.6666564941406,501.3333435058594,5100
2022-05-06,499.6666564941406,504.6666564941406,499.6666564941406,500.0,6300
2022-05-09,500.0,503.3333435058594,500.0,500.3333435058594,6900
2022-05-10,499.3333435058594,501.0,497.3333435058594,497.3333435058594,7500
2022-05-11,493.6666564941406,501.6666564941406,493.6666564941406,500.0,8700
2022-05-12,499.3333435058594,502.0,499.3333435058594,499.6666564941406,5100
2022-05-13,498.3333435058594,506.0,498.3333435058594,506.0,12900
2022-05-16,505.6666564941406,505.6666564941406,498.3333435058594,501.6666564941406,11400
2022-05-17,500.0,501.6666564941406,498.3333435058594,500.0,11700
2022-05-18,500.0,502.3333435058594,500.0,502.3333435058594,3600
2022-05-19,500.0,500.6666564941406,500.0,500.0,3300
2022-05-20,500.0,501.6666564941406,499.3333435058594,501.6666564941406,15000
2022-05-23,501.6666564941406,503.0,498.0,499.3333435058594,6300
2022-05-24,480.3333435058594,501.0,480.3333435058594,499.3333435058594,20100
2022-05-25,499.3333435058594,502.3333435058594,499.3333435058594,502.3333435058594,8100
2022-05-26,502.3333435058594,503.3333435058594,500.0,502.0,6900
2022-05-27,502.0,503.3333435058594,500.0,503.3333435058594,5700
2022-05-30,503.0,505.0,500.0,505.0,28800
2022-05-31,501.6666564941406,504.6666564941406,501.6666564941406,504.6666564941406,2100
2022-06-01,502.3333435058594,506.6666564941406,501.0,505.3333435058594,9900
2022-06-02,502.3333435058594,502.3333435058594,502.3333435058594,502.3333435058594,2700
2022-06-03,501.0,501.0,498.3333435058594,498.3333435058594,11700
2022-06-06,488.6666564941406,495.0,488.6666564941406,493.6666564941406,7800
2022-06-07,493.6666564941406,496.6666564941406,490.3333435058594,491.0,12300
2022-06-08,491.3333435058594,497.3333435058594,491.0,495.3333435058594,16800
2022-06-09,496.6666564941406,501.0,495.0,496.3333435058594,13500
2022-06-10,486.3333435058594,492.6666564941406,484.6666564941406,489.3333435058594,18600
2022-06-13,482.0,488.0,482.0,487.3333435058594,9300
2022-06-14,481.6666564941406,484.0,480.6666564941406,481.0,17700
2022-06-15,481.0,481.6666564941406,461.3333435058594,461.3333435058594,30900
2022-06-16,465.3333435058594,469.0,459.0,459.0,17700
2022-06-17,456.0,461.3333435058594,456.0,457.0,20700
2022-06-20,457.0,458.3333435058594,453.6666564941406,456.6666564941406,21900
2022-06-21,455.3333435058594,466.3333435058594,455.3333435058594,457.6666564941406,13500
2022-06-22,456.0,461.0,455.3333435058594,456.3333435058594,12600
2022-06-23,455.0,459.6666564941406,455.0,457.3333435058594,9600
2022-06-24,457.3333435058594,457.6666564941406,442.6666564941406,442.6666564941406,13800
2022-06-27,446.3333435058594,453.6666564941406,443.3333435058594,443.3333435058594,12300
2022-06-28,443.3333435058594,444.6666564941406,437.0,443.6666564941406,20100
2022-06-29,443.6666564941406,450.6666564941406,438.6666564941406,450.3333435058594,38700
2022-06-30,450.0,450.0,441.0,441.0,11100
2022-07-01,442.3333435058594,449.3333435058594,431.0,431.0,14100
2022-07-04,427.0,430.3333435058594,418.6666564941406,418.6666564941406,34200
2022-07-05,418.3333435058594,424.0,418.3333435058594,420.3333435058594,16200
2022-07-06,419.0,428.0,417.0,417.0,21000
2022-07-07,417.0,422.6666564941406,417.0,417.6666564941406,5100
2022-07-08,418.0,424.3333435058594,417.0,419.3333435058594,32700
2022-07-11,422.0,423.3333435058594,410.3333435058594,414.3333435058594,104700
2022-07-12,414.6666564941406,420.6666564941406,414.6666564941406,416.0,29100
2022-07-13,416.0,423.3333435058594,416.0,417.3333435058594,11400
2022-07-14,417.3333435058594,446.6666564941406,414.3333435058594,418.0,224400
2022-07-15,414.3333435058594,419.3333435058594,413.3333435058594,417.3333435058594,41100
2022-07-19,417.3333435058594,422.6666564941406,417.3333435058594,417.3333435058594,21300
2022-07-20,418.6666564941406,424.6666564941406,417.3333435058594,422.6666564941406,52500
2022-07-21,425.3333435058594,428.3333435058594,423.0,425.3333435058594,16200
2022-07-22,428.6666564941406,429.0,426.6666564941406,426.6666564941406,11100
2022-07-25,427.6666564941406,427.6666564941406,425.0,426.3333435058594,25500
2022-07-26,426.3333435058594,428.0,424.0,428.0,15600
2022-07-27,428.0,428.6666564941406,428.0,428.6666564941406,8400
2022-07-28,428.6666564941406,434.0,428.0,434.0,27600
2022-07-29,430.6666564941406,434.6666564941406,428.3333435058594,433.3333435058594,21300
2022-08-01,435.0,438.6666564941406,434.6666564941406,438.6666564941406,15600
2022-08-02,438.6666564941406,440.6666564941406,438.3333435058594,438.3333435058594,12000
2022-08-03,438.3333435058594,438.6666564941406,434.0,434.0,17700
2022-08-04,434.0,436.0,433.6666564941406,433.6666564941406,8100
2022-08-05,434.0,437.0,433.6666564941406,433.6666564941406,12900
2022-08-08,433.3333435058594,434.0,432.6666564941406,433.0,18300
2022-08-09,432.6666564941406,433.0,431.0,431.0,17700
2022-08-10,427.6666564941406,431.0,427.6666564941406,431.0,7500
2022-08-12,431.0,435.3333435058594,431.0,435.3333435058594,14400
2022-08-15,433.6666564941406,436.6666564941406,431.6666564941406,433.0,14700
2022-08-16,433.0,434.6666564941406,432.6666564941406,434.0,4800
2022-08-17,434.0,434.0,432.0,432.0,20700
2022-08-18,431.6666564941406,432.0,431.0,431.3333435058594,13500
2022-08-19,431.3333435058594,434.3333435058594,431.3333435058594,433.0,5100
2022-08-22,433.0,436.3333435058594,432.0,432.0,6900
2022-08-23,431.6666564941406,435.0,431.6666564941406,432.0,6300
2022-08-24,432.0,433.6666564941406,431.3333435058594,432.0,10800
2022-08-25,432.0,436.0,432.0,432.0,7800
2022-08-26,432.0,434.0,432.0,434.0,3900
2022-08-29,434.0,435.6666564941406,433.6666564941406,433.6666564941406,15600
2022-08-30,433.6666564941406,435.6666564941406,433.6666564941406,435.6666564941406,4800
2022-08-31,433.6666564941406,435.6666564941406,432.3333435058594,432.3333435058594,14100
2022-09-01,431.6666564941406,432.3333435058594,427.0,427.0,23100
2022-09-02,427.0,428.6666564941406,427.0,427.0,11100
2022-09-05,428.6666564941406,428.6666564941406,427.0,427.6666564941406,6600
2022-09-06,430.3333435058594,431.0,427.0,427.0,9300
2022-09-07,424.6666564941406,427.0,424.3333435058594,424.3333435058594,14700
2022-09-08,422.3333435058594,425.6666564941406,422.3333435058594,422.3333435058594,24000
2022-09-09,423.3333435058594,423.3333435058594,422.3333435058594,422.3333435058594,18000
2022-09-12,422.6666564941406,427.3333435058594,422.6666564941406,426.3333435058594,5700
2022-09-13,425.0,425.0,422.0,422.0,34500
2022-09-14,420.0,423.3333435058594,420.0,423.3333435058594,11100
2022-09-15,421.6666564941406,423.3333435058594,421.6666564941406,422.3333435058594,5400
2022-09-16,422.3333435058594,422.3333435058594,421.0,421.0,7500
2022-09-20,421.0,425.0,420.6666564941406,420.6666564941406,15600
2022-09-21,420.3333435058594,422.0,420.0,420.0,12900
2022-09-22,420.0,423.3333435058594,416.6666564941406,416.6666564941406,26700
2022-09-26,417.0,417.0,411.3333435058594,411.3333435058594,48900
2022-09-27,416.3333435058594,416.3333435058594,411.0,411.3333435058594,21000
2022-09-28,411.0,416.3333435058594,410.3333435058594,416.3333435058594,23400
2022-09-29,416.0,418.0,412.6666564941406,418.0,17400
2022-09-30,415.3333435058594,419.3333435058594,414.0,414.0,18900
2022-10-03,413.0,416.0,412.3333435058594,412.3333435058594,17100
2022-10-04,413.3333435058594,415.6666564941406,411.3333435058594,412.6666564941406,18000
2022-10-05,411.3333435058594,413.0,411.3333435058594,412.3333435058594,23400
2022-10-06,411.6666564941406,414.3333435058594,411.6666564941406,414.3333435058594,28800
2022-10-07,412.3333435058594,417.0,412.3333435058594,416.0,20100
2022-10-11,411.6666564941406,417.0,402.3333435058594,402.3333435058594,74400
2022-10-12,407.6666564941406,407.6666564941406,402.6666564941406,404.6666564941406,36000
2022-10-13,402.6666564941406,403.0,402.3333435058594,402.3333435058594,61500
2022-10-14,404.0,405.6666564941406,402.6666564941406,402.6666564941406,29700
2022-10-17,403.6666564941406,406.6666564941406,402.3333435058594,402.3333435058594,23400
2022-10-18,407.6666564941406,407.6666564941406,402.3333435058594,402.3333435058594,34500
2022-10-19,403.0,410.0,402.3333435058594,402.3333435058594,36000
2022-10-20,404.6666564941406,404.6666564941406,402.3333435058594,403.6666564941406,28800
2022-10-21,402.3333435058594,403.0,396.6666564941406,399.0,96300
2022-10-24,399.0,401.6666564941406,387.3333435058594,399.6666564941406,56100
2022-10-25,399.6666564941406,400.3333435058594,392.3333435058594,399.0,44700
2022-10-26,400.0,402.0,396.3333435058594,402.0,36000
2022-10-27,402.0,415.3333435058594,400.0,412.0,47400
2022-10-28,406.3333435058594,413.6666564941406,405.3333435058594,410.0,213000
2022-10-31,406.0,416.3333435058594,406.0,415.6666564941406,19500
2022-11-01,421.3333435058594,421.3333435058594,415.0,419.6666564941406,6600
2022-11-02,419.6666564941406,421.3333435058594,419.3333435058594,419.6666564941406,6300
2022-11-04,420.0,421.3333435058594,418.6666564941406,419.3333435058594,15300
2022-11-07,419.3333435058594,422.6666564941406,419.3333435058594,422.6666564941406,3900
2022-11-08,422.6666564941406,426.3333435058594,422.6666564941406,423.3333435058594,18000
2022-11-09,426.3333435058594,426.6666564941406,424.6666564941406,426.6666564941406,8700
2022-11-10,428.0,432.6666564941406,427.0,430.3333435058594,17700
2022-11-11,434.0,434.0,430.3333435058594,433.3333435058594,10500
2022-11-14,433.3333435058594,442.3333435058594,433.3333435058594,442.0,21000
2022-11-15,442.3333435058594,448.0,442.3333435058594,448.0,16200
2022-11-16,449.6666564941406,466.3333435058594,449.6666564941406,465.3333435058594,41400
2022-11-17,467.0,475.6666564941406,467.0,475.6666564941406,21300
2022-11-18,477.3333435058594,477.3333435058594,455.0,459.0,22500
2022-11-21,459.0,459.6666564941406,456.6666564941406,458.6666564941406,10500
2022-11-22,462.0,462.3333435058594,456.3333435058594,458.0,16500
2022-11-24,457.3333435058594,457.3333435058594,454.0,456.3333435058594,12300
2022-11-25,456.3333435058594,458.3333435058594,449.6666564941406,453.6666564941406,23700
2022-11-28,455.6666564941406,484.6666564941406,455.6666564941406,482.6666564941406,28800
2022-11-29,484.3333435058594,484.3333435058594,470.3333435058594,470.3333435058594,25500
2022-11-30,470.0,470.0,456.6666564941406,456.6666564941406,10500
2022-12-01,456.6666564941406,456.6666564941406,429.3333435058594,438.3333435058594,44100
2022-12-02,438.3333435058594,442.3333435058594,433.3333435058594,438.0,22200
2022-12-05,437.3333435058594,445.0,437.3333435058594,441.6666564941406,14700
2022-12-06,436.0,436.3333435058594,419.6666564941406,419.6666564941406,35700
2022-12-07,420.0,422.6666564941406,419.0,419.0,9900
2022-12-08,424.0,428.0,420.6666564941406,420.6666564941406,19200
2022-12-09,421.0,425.3333435058594,421.0,422.3333435058594,10200
2022-12-12,423.6666564941406,427.0,419.6666564941406,423.6666564941406,24000
2022-12-13,429.6666564941406,429.6666564941406,416.0,416.0,14700
2022-12-14,417.0,419.6666564941406,416.6666564941406,418.3333435058594,9000
2022-12-15,416.0,421.3333435058594,415.3333435058594,418.0,6600
2022-12-16,419.0,419.0,413.0,413.0,19200
2022-12-19,411.6666564941406,411.6666564941406,407.3333435058594,409.0,18900
2022-12-20,411.0,415.3333435058594,409.0,411.6666564941406,15900
2022-12-21,413.3333435058594,413.3333435058594,404.0,404.0,15600
2022-12-22,404.0,404.3333435058594,400.0,400.0,40500
2022-12-23,400.0,401.3333435058594,400.0,400.0,15000
2022-12-26,400.0,403.0,400.0,400.0,15900
2022-12-27,400.3333435058594,400.3333435058594,400.0,400.0,4800
2022-12-28,400.0,401.6666564941406,400.0,401.6666564941406,13500
2022-12-29,400.0,400.0,397.3333435058594,398.3333435058594,35400
2022-12-30,398.3333435058594,398.3333435058594,393.0,394.0,14100
2023-01-04,394.0,394.0,391.6666564941406,391.6666564941406,8100
2023-01-05,399.0,399.0,393.3333435058594,393.3333435058594,14400
2023-01-06,399.3333435058594,399.3333435058594,393.3333435058594,394.3333435058594,8100
2023-01-10,394.3333435058594,396.3333435058594,393.3333435058594,393.3333435058594,5100
2023-01-11,396.3333435058594,398.6666564941406,393.3333435058594,393.3333435058594,9600
2023-01-12,394.0,394.0,393.3333435058594,393.3333435058594,28800
2023-01-13,394.6666564941406,394.6666564941406,390.3333435058594,390.6666564941406,11400
2023-01-16,399.0,399.3333435058594,390.3333435058594,394.0,13500
2023-01-17,392.0,394.3333435058594,390.6666564941406,392.6666564941406,14100
2023-01-18,396.0,397.0,393.3333435058594,396.6666564941406,5700
2023-01-19,392.0,396.6666564941406,392.0,395.0,9000
2023-01-20,395.0,399.6666564941406,395.0,396.3333435058594,8400
2023-01-23,399.6666564941406,407.0,399.6666564941406,406.0,11100
2023-01-24,406.0,409.3333435058594,406.0,409.3333435058594,16800
2023-01-25,409.3333435058594,412.3333435058594,409.3333435058594,410.3333435058594,18300
2023-01-26,410.3333435058594,411.0,406.6666564941406,408.0,15000
2023-01-27,406.3333435058594,409.0,406.3333435058594,409.0,6000
2023-01-30,409.0,416.6666564941406,397.3333435058594,397.3333435058594,97200
2023-01-31,400.0,402.3333435058594,400.0,401.6666564941406,11400
2023-02-01,400.0,401.6666564941406,400.0,401.6666564941406,11700
2023-02-02,401.6666564941406,402.6666564941406,398.3333435058594,400.0,7200
2023-02-03,399.3333435058594,408.0,399.3333435058594,406.6666564941406,14700
2023-02-06,404.6666564941406,410.3333435058594,404.0,408.6666564941406,13800
2023-02-07,406.0,407.3333435058594,406.0,407.3333435058594,1800
2023-02-08,405.0,409.0,404.0,404.0,9300
2023-02-09,400.3333435058594,406.6666564941406,400.3333435058594,403.3333435058594,6300
2023-02-10,411.3333435058594,433.3333435058594,408.0,408.0,35400
2023-02-13,475.3333435058594,489.0,450.0,466.0,527400
2023-02-14,466.0,471.0,457.0,471.0,116700
2023-02-15,462.6666564941406,477.0,462.6666564941406,468.3333435058594,60000
2023-02-16,468.3333435058594,470.0,463.6666564941406,467.6666564941406,25500
2023-02-17,466.6666564941406,489.6666564941406,463.0,484.6666564941406,86100
2023-02-20,486.3333435058594,510.6666564941406,486.3333435058594,507.6666564941406,78000
2023-02-21,509.6666564941406,510.0,495.0,495.0,24000
2023-02-22,491.3333435058594,491.3333435058594,481.6666564941406,481.6666564941406,32700
2023-02-24,487.0,508.3333435058594,487.0,506.6666564941406,67800
2023-02-27,506.6666564941406,516.0,502.3333435058594,513.0,62700
2023-02-28,508.0,525.3333129882812,508.0,518.6666870117188,34800
2023-03-01,511.0,529.6666870117188,509.3333435058594,526.6666870117188,44400
2023-03-02,519.3333129882812,545.0,519.3333129882812,529.3333129882812,61500
2023-03-03,526.6666870117188,532.3333129882812,524.3333129882812,528.3333129882812,44700
2023-03-06,536.0,536.0,518.0,520.6666870117188,68100
2023-03-07,520.0,533.3333129882812,519.6666870117188,530.6666870117188,15000
2023-03-08,518.3333129882812,539.3333129882812,518.3333129882812,539.0,20700
2023-03-09,540.0,548.3333129882812,540.0,542.0,35700
2023-03-10,536.0,538.0,527.3333129882812,533.6666870117188,60000
2023-03-13,531.6666870117188,532.6666870117188,513.6666870117188,519.6666870117188,39900
2023-03-14,516.6666870117188,523.6666870117188,510.6666564941406,519.6666870117188,54000
2023-03-15,524.0,537.0,524.0,535.0,26700
2023-03-16,531.6666870117188,560.0,522.3333129882812,555.6666870117188,55500
2023-03-17,561.6666870117188,572.3333129882812,545.0,564.0,114600
2023-03-20,563.3333129882812,563.6666870117188,529.0,530.3333129882812,72000
2023-03-22,546.6666870117188,553.6666870117188,534.0,553.6666870117188,30000
2023-03-23,550.0,562.0,549.0,562.0,21900
2023-03-24,562.0,562.0,541.3333129882812,544.0,44100
2023-03-27,546.6666870117188,586.0,546.3333129882812,584.6666870117188,90300
2023-03-28,584.6666870117188,587.3333129882812,567.0,573.6666870117188,100500
2023-03-29,573.6666870117188,602.0,573.6666870117188,602.0,78000
2023-03-30,605.3333129882812,618.6666870117188,592.3333129882812,600.0,46500
2023-03-31,600.3333129882812,631.0,600.3333129882812,622.3333129882812,69900
2023-04-03,622.3333129882812,666.0,622.3333129882812,663.3333129882812,183900
2023-04-04,665.3333129882812,669.3333129882812,637.6666870117188,648.3333129882812,213300
2023-04-05,643.3333129882812,656.0,640.0,642.6666870117188,65100
2023-04-06,640.3333129882812,662.3333129882812,640.3333129882812,641.6666870117188,71100
2023-04-07,641.6666870117188,655.0,605.6666870117188,608.0,113100
2023-04-10,607.0,640.3333129882812,607.0,632.0,63600
2023-04-11,633.3333129882812,656.3333129882812,624.6666870117188,656.0,71400
2023-04-12,643.6666870117188,646.6666870117188,625.6666870117188,634.6666870117188,77100
2023-04-13,633.0,641.6666870117188,622.0,635.0,41700
2023-04-14,641.6666870117188,641.6666870117188,621.3333129882812,624.0,35700
2023-04-17,616.6666870117188,619.6666870117188,600.3333129882812,613.0,45600
2023-04-18,616.6666870117188,627.0,616.6666870117188,624.0,30900
2023-04-19,631.3333129882812,640.0,614.6666870117188,635.0,55200
2023-04-20,635.0,637.6666870117188,617.3333129882812,634.0,33600
2023-04-21,625.0,629.0,614.6666870117188,615.0,26100
2023-04-24,615.0,626.6666870117188,612.3333129882812,618.6666870117188,34800
2023-04-25,619.0,631.0,609.0,609.3333129882812,46200
2023-04-26,611.0,611.0,586.6666870117188,592.3333129882812,65700
2023-04-27,589.3333129882812,609.0,589.3333129882812,602.6666870117188,115500
2023-04-28,593.3333129882812,611.6666870117188,593.3333129882812,611.6666870117188,35400
2023-05-01,638.3333129882812,713.3333129882812,632.3333129882812,706.3333129882812,645600
2023-05-02,705.3333129882812,710.3333129882812,685.3333129882812,710.3333129882812,225300
2023-05-08,711.6666870117188,722.6666870117188,698.3333129882812,702.6666870117188,151800
2023-05-09,697.0,710.3333129882812,691.6666870117188,707.6666870117188,82200
2023-05-10,710.6666870117188,720.0,700.0,719.6666870117188,124800
2023-05-11,713.0,743.0,712.6666870117188,740.3333129882812,108900
2023-05-12,730.6666870117188,735.6666870117188,696.6666870117188,713.6666870117188,119100
2023-05-15,700.0,700.0,660.6666870117188,663.6666870117188,250800
2023-05-16,650.6666870117188,673.6666870117188,649.6666870117188,654.0,129000
2023-05-17,649.6666870117188,657.6666870117188,642.3333129882812,642.3333129882812,67500
2023-05-18,645.6666870117188,656.6666870117188,629.0,655.6666870117188,73800
2023-05-19,655.6666870117188,661.6666870117188,637.3333129882812,637.3333129882812,33000
2023-05-22,637.3333129882812,644.6666870117188,623.0,642.0,32700
2023-05-23,643.3333129882812,644.6666870117188,625.3333129882812,632.3333129882812,55200
2023-05-24,629.0,635.0,625.6666870117188,628.3333129882812,23700
2023-05-25,629.6666870117188,636.3333129882812,628.3333129882812,631.3333129882812,20700
2023-05-26,633.3333129882812,644.3333129882812,625.6666870117188,635.0,27000
2023-05-29,635.0,648.0,629.3333129882812,629.3333129882812,39000
2023-05-30,627.0,636.0,625.0,627.0,28200
2023-05-31,619.0,626.6666870117188,611.6666870117188,620.3333129882812,63000
2023-06-01,624.6666870117188,635.6666870117188,617.0,620.3333129882812,28200
2023-06-02,632.0,632.0,616.6666870117188,617.6666870117188,37500
2023-06-05,617.6666870117188,626.0,616.0,616.6666870117188,19200
2023-06-06,613.3333129882812,613.3333129882812,601.0,602.6666870117188,52800
2023-06-07,603.3333129882812,612.6666870117188,600.0,604.6666870117188,41700
2023-06-08,604.0,605.6666870117188,589.3333129882812,591.0,42000
2023-06-09,592.3333129882812,597.6666870117188,584.6666870117188,586.6666870117188,45300
2023-06-12,588.3333129882812,606.6666870117188,588.3333129882812,597.3333129882812,33000
2023-06-13,606.0,606.6666870117188,595.6666870117188,599.6666870117188,53100
2023-06-14,603.0,610.0,593.6666870117188,598.0,50400
2023-06-15,594.0,607.6666870117188,581.6666870117188,602.0,56700
2023-06-16,600.0,636.3333129882812,600.0,622.3333129882812,69600
2023-06-19,624.6666870117188,637.0,612.6666870117188,624.6666870117188,47700
2023-06-20,624.6666870117188,661.6666870117188,624.6666870117188,657.6666870117188,75300
2023-06-21,657.0,662.6666870117188,642.0,643.0,67200
2023-06-22,642.6666870117188,657.3333129882812,633.6666870117188,638.0,53400
2023-06-23,638.6666870117188,673.6666870117188,637.3333129882812,666.6666870117188,70500
2023-06-26,667.0,704.6666870117188,663.3333129882812,693.3333129882812,65400
2023-06-27,693.3333129882812,696.3333129882812,671.6666870117188,688.0,34200
2023-06-28,684.3333129882812,698.0,675.3333129882812,694.3333129882812,24000
2023-06-29,699.0,711.0,672.3333129882812,685.6666870117188,43800
2023-06-30,676.3333129882812,704.3333129882812,673.0,700.3333129882812,34200
2023-07-03,687.3333129882812,716.6666870117188,687.3333129882812,712.0,43500
2023-07-04,710.0,726.6666870117188,704.3333129882812,713.6666870117188,36600
2023-07-05,702.6666870117188,711.3333129882812,702.6666870117188,706.3333129882812,31200
2023-07-06,701.6666870117188,723.3333129882812,698.3333129882812,709.0,49800
2023-07-07,700.3333129882812,758.6666870117188,694.6666870117188,753.3333129882812,112500
2023-07-10,749.3333129882812,749.3333129882812,721.3333129882812,729.3333129882812,58500
2023-07-11,725.6666870117188,725.6666870117188,701.6666870117188,709.3333129882812,52200
2023-07-12,709.0,709.0,680.3333129882812,688.3333129882812,46800
2023-07-13,684.6666870117188,706.6666870117188,684.0,702.3333129882812,38400
2023-07-14,702.3333129882812,710.3333129882812,691.6666870117188,698.3333129882812,21300
2023-07-18,684.6666870117188,703.3333129882812,672.6666870117188,673.3333129882812,51600
2023-07-19,673.3333129882812,692.6666870117188,673.3333129882812,687.3333129882812,19800
2023-07-20,687.3333129882812,726.3333129882812,686.6666870117188,716.3333129882812,69900
2023-07-21,716.3333129882812,723.0,690.3333129882812,690.3333129882812,32700
2023-07-24,697.6666870117188,720.3333129882812,696.3333129882812,709.0,36000
2023-07-25,709.0,725.3333129882812,705.0,717.3333129882812,39900
2023-07-26,724.0,724.0,686.6666870117188,696.0,51000
2023-07-27,700.0,700.6666870117188,684.3333129882812,688.3333129882812,45600
2023-07-28,680.0,682.6666870117188,668.3333129882812,682.6666870117188,164100
2023-07-31,685.0,701.6666870117188,685.0,697.0,66000
2023-08-01,701.3333129882812,743.6666870117188,699.0,732.3333129882812,130500
2023-08-02,727.3333129882812,733.6666870117188,713.6666870117188,716.0,40800
2023-08-03,713.6666870117188,713.6666870117188,700.3333129882812,706.3333129882812,42300
2023-08-04,701.3333129882812,734.3333129882812,700.3333129882812,734.3333129882812,73500
2023-08-07,763.0,787.6666870117188,708.3333129882812,738.6666870117188,325200
2023-08-08,744.6666870117188,786.6666870117188,738.6666870117188,783.3333129882812,129600
2023-08-09,783.3333129882812,803.3333129882812,766.6666870117188,799.6666870117188,131400
2023-08-10,794.6666870117188,794.6666870117188,751.3333129882812,751.3333129882812,98100
2023-08-14,750.0,750.0,726.6666870117188,745.6666870117188,60000
2023-08-15,750.3333129882812,757.6666870117188,741.6666870117188,754.3333129882812,37800
2023-08-16,754.3333129882812,756.6666870117188,743.0,745.3333129882812,22200
2023-08-17,745.3333129882812,745.3333129882812,721.0,736.0,38100
2023-08-18,729.6666870117188,734.6666870117188,703.0,704.3333129882812,39300
2023-08-21,722.6666870117188,733.0,717.3333129882812,725.0,24600
2023-08-22,725.0,743.6666870117188,719.6666870117188,737.6666870117188,27300
2023-08-23,737.6666870117188,766.6666870117188,724.6666870117188,758.3333129882812,56400
2023-08-24,760.3333129882812,775.0,753.3333129882812,753.3333129882812,25800
2023-08-25,753.3333129882812,766.3333129882812,740.3333129882812,760.0,28800
2023-08-28,775.6666870117188,793.3333129882812,767.0,773.6666870117188,47700
2023-08-29,771.3333129882812,785.3333129882812,769.6666870117188,782.3333129882812,30000
2023-08-30,783.0,796.6666870117188,770.6666870117188,788.0,25200
2023-08-31,795.6666870117188,800.0,778.3333129882812,792.6666870117188,36600
2023-09-01,792.6666870117188,875.0,792.6666870117188,851.0,273600
2023-09-04,856.6666870117188,893.3333129882812,850.0,869.0,156000
2023-09-05,857.3333129882812,871.6666870117188,845.3333129882812,857.3333129882812,84900
2023-09-06,857.3333129882812,891.3333129882812,857.3333129882812,876.6666870117188,79500
2023-09-07,885.0,890.0,847.3333129882812,858.3333129882812,51300
2023-09-08,864.3333129882812,882.3333129882812,860.0,866.6666870117188,51000
2023-09-11,859.0,866.3333129882812,844.0,854.6666870117188,32700
2023-09-12,849.3333129882812,866.3333129882812,849.3333129882812,857.6666870117188,19200
2023-09-13,852.3333129882812,856.0,843.3333129882812,845.0,36000
2023-09-14,847.0,869.6666870117188,837.3333129882812,863.3333129882812,36900
2023-09-15,867.0,872.3333129882812,828.0,838.6666870117188,58200
2023-09-19,833.3333129882812,845.0,819.3333129882812,836.0,41100
2023-09-20,827.0,844.3333129882812,811.3333129882812,829.6666870117188,72900
2023-09-21,820.0,826.0,812.3333129882812,824.3333129882812,19500
2023-09-22,812.6666870117188,846.3333129882812,812.6666870117188,834.6666870117188,39600
2023-09-25,834.6666870117188,857.3333129882812,834.6666870117188,848.0,27600
2023-09-26,852.6666870117188,852.6666870117188,830.3333129882812,836.6666870117188,33600
2023-09-27,832.0,842.6666870117188,815.6666870117188,842.6666870117188,41400
2023-09-28,847.0,847.3333129882812,813.3333129882812,830.0,43500
2023-09-29,830.0,841.3333129882812,816.6666870117188,816.6666870117188,52800
2023-10-02,816.6666870117188,836.6666870117188,796.6666870117188,796.6666870117188,50100
2023-10-03,800.6666870117188,823.0,791.3333129882812,800.0,74700
2023-10-04,781.3333129882812,802.0,774.6666870117188,778.3333129882812,48600
2023-10-05,778.6666870117188,793.6666870117188,778.6666870117188,791.6666870117188,44400
2023-10-06,800.0,823.0,800.0,816.3333129882812,37800
2023-10-10,820.3333129882812,835.0,800.0,807.6666870117188,55200
2023-10-11,815.0,818.6666870117188,789.0,801.6666870117188,27900
2023-10-12,809.3333129882812,833.0,790.0,816.0,33300
2023-10-13,808.6666870117188,808.6666870117188,761.0,761.0,30900
2023-10-16,748.6666870117188,759.3333129882812,740.3333129882812,747.6666870117188,29400
2023-10-17,761.3333129882812,766.3333129882812,741.3333129882812,749.0,29100
2023-10-18,749.0,778.0,749.0,776.0,53100
2023-10-19,772.6666870117188,777.3333129882812,757.6666870117188,765.3333129882812,45300
2023-10-20,765.3333129882812,781.3333129882812,761.6666870117188,772.3333129882812,47100
2023-10-23,772.3333129882812,772.3333129882812,745.6666870117188,755.0,46200
2023-10-24,771.6666870117188,771.6666870117188,730.6666870117188,758.0,68700
2023-10-25,763.0,764.3333129882812,733.3333129882812,734.3333129882812,61800
2023-10-26,733.3333129882812,734.3333129882812,720.6666870117188,726.0,59400
2023-10-27,726.0,766.6666870117188,726.0,766.6666870117188,47700
2023-10-30,765.0,765.0,740.3333129882812,740.3333129882812,121200
2023-10-31,739.3333129882812,749.6666870117188,728.3333129882812,740.6666870117188,103800
2023-11-01,740.6666870117188,741.6666870117188,719.6666870117188,726.3333129882812,41700
2023-11-02,734.6666870117188,740.6666870117188,714.3333129882812,726.6666870117188,72600
2023-11-06,733.6666870117188,751.6666870117188,732.3333129882812,750.3333129882812,38700
2023-11-07,747.0,752.0,731.0,737.6666870117188,37200
2023-11-08,746.3333129882812,746.3333129882812,716.6666870117188,735.0,71700
2023-11-09,746.3333129882812,773.6666870117188,733.0,771.6666870117188,50400
2023-11-10,760.0,792.3333129882812,759.6666870117188,780.0,129600
2023-11-13,813.3333129882812,813.3333129882812,750.0,768.0,313200
2023-11-14,779.6666870117188,779.6666870117188,745.6666870117188,755.6666870117188,98400
2023-11-15,747.3333129882812,758.3333129882812,742.6666870117188,748.6666870117188,63000
2023-11-16,740.6666870117188,747.0,725.6666870117188,734.3333129882812,121800
2023-11-17,727.3333129882812,769.6666870117188,724.6666870117188,769.6666870117188,116400
2023-11-20,766.6666870117188,786.6666870117188,761.0,761.0,70200
2023-11-21,757.0,784.6666870117188,757.0,779.3333129882812,73200
2023-11-22,778.6666870117188,799.0,776.0,798.6666870117188,49200
2023-11-24,799.6666870117188,838.6666870117188,799.6666870117188,836.6666870117188,114300
2023-11-27,836.6666870117188,908.0,836.6666870117188,903.0,212700
2023-11-28,900.0,907.0,872.6666870117188,879.0,111300
2023-11-29,870.3333129882812,896.3333129882812,870.3333129882812,888.3333129882812,83100
2023-11-30,884.0,901.0,882.6666870117188,900.0,73500
2023-12-01,900.0,907.6666870117188,858.3333129882812,859.0,114600
2023-12-04,861.0,879.6666870117188,861.0,875.6666870117188,96000
2023-12-05,875.6666870117188,886.6666870117188,850.0,858.6666870117188,191700
2023-12-06,861.3333129882812,885.0,861.3333129882812,873.0,57900
2023-12-07,865.3333129882812,886.3333129882812,854.3333129882812,869.6666870117188,144300
2023-12-08,868.6666870117188,868.6666870117188,848.0,855.0,146700
2023-12-11,859.0,898.3333129882812,859.0,898.3333129882812,81600
2023-12-12,893.0,907.3333129882812,883.6666870117188,889.6666870117188,56400
2023-12-13,880.6666870117188,890.6666870117188,860.3333129882812,861.3333129882812,47100
2023-12-14,863.3333129882812,887.3333129882812,861.6666870117188,883.0,70800
2023-12-15,886.0,886.0,853.0,859.3333129882812,28800
2023-12-18,860.3333129882812,882.6666870117188,853.3333129882812,881.6666870117188,42000
2023-12-19,889.0,920.6666870117188,889.0,902.6666870117188,101400
2023-12-20,902.6666870117188,903.6666870117188,883.3333129882812,884.6666870117188,63300
2023-12-21,880.0,887.6666870117188,869.3333129882812,878.3333129882812,48600
2023-12-22,878.6666870117188,894.0,878.6666870117188,881.0,40200
2023-12-25,882.6666870117188,882.6666870117188,865.0,867.6666870117188,34800
2023-12-26,874.6666870117188,877.6666870117188,856.6666870117188,864.6666870117188,19500
2023-12-27,864.6666870117188,874.6666870117188,856.6666870117188,874.6666870117188,42000
2023-12-28,874.6666870117188,874.6666870117188,847.3333129882812,848.3333129882812,44100
2023-12-29,840.6666870117188,867.0,839.3333129882812,861.0,48900
2024-01-04,861.6666870117188,873.6666870117188,854.3333129882812,864.0,36000
2024-01-05,867.3333129882812,869.3333129882812,856.3333129882812,868.0,29700
2024-01-09,882.3333129882812,885.3333129882812,870.3333129882812,870.3333129882812,39900
2024-01-10,864.3333129882812,871.3333129882812,859.3333129882812,865.6666870117188,20700
2024-01-11,866.6666870117188,884.0,864.6666870117188,872.3333129882812,56100
2024-01-12,865.6666870117188,866.0,831.3333129882812,839.0,120900
2024-01-15,857.6666870117188,889.6666870117188,857.6666870117188,884.3333129882812,56400
2024-01-16,857.6666870117188,889.6666870117188,850.0,853.0,52800
2024-01-17,853.6666870117188,869.3333129882812,847.6666870117188,853.0,55200
2024-01-18,851.6666870117188,878.6666870117188,851.6666870117188,867.0,49500
2024-01-19,859.0,861.3333129882812,850.6666870117188,851.0,68700
2024-01-22,854.3333129882812,882.6666870117188,853.3333129882812,877.3333129882812,54600
2024-01-23,878.3333129882812,893.3333129882812,870.0,870.3333129882812,44100
2024-01-24,870.3333129882812,877.0,858.3333129882812,871.0,43800
2024-01-25,866.0,881.3333129882812,859.6666870117188,862.3333129882812,68100
2024-01-26,862.3333129882812,911.6666870117188,862.3333129882812,890.3333129882812,143400
2024-01-29,891.3333129882812,924.6666870117188,891.3333129882812,918.3333129882812,72300
2024-01-30,918.3333129882812,933.6666870117188,905.3333129882812,931.6666870117188,145800
2024-01-31,931.6666870117188,964.0,921.0,939.6666870117188,73200
2024-02-01,939.6666870117188,939.6666870117188,925.3333129882812,925.3333129882812,52500
2024-02-02,925.3333129882812,937.6666870117188,901.0,927.0,48000
2024-02-05,933.3333129882812,946.6666870117188,933.3333129882812,937.3333129882812,33300
2024-02-06,940.0,955.0,938.3333129882812,946.6666870117188,34800
2024-02-07,947.0,959.3333129882812,944.0,945.0,39000
2024-02-08,947.3333129882812,966.6666870117188,936.0,948.3333129882812,75900
2024-02-09,936.6666870117188,937.0,913.0,913.0,99300
2024-02-13,1010.0,1066.6666259765625,1010.0,1066.6666259765625,607800
2024-02-14,1051.6666259765625,1093.3333740234375,1043.3333740234375,1043.3333740234375,259500
2024-02-15,1056.6666259765625,1065.0,1036.6666259765625,1045.0,93000
2024-02-16,1045.0,1060.0,1020.0,1035.0,81300
2024-02-19,1036.6666259765625,1071.6666259765625,1036.6666259765625,1056.6666259765625,101700
2024-02-20,1066.6666259765625,1081.6666259765625,1056.6666259765625,1056.6666259765625,56700
2024-02-21,1055.0,1066.6666259765625,1035.0,1038.3333740234375,44100
2024-02-22,1043.3333740234375,1063.3333740234375,1038.3333740234375,1048.3333740234375,70500
2024-02-26,1038.3333740234375,1103.3333740234375,1038.3333740234375,1088.3333740234375,136500
2024-02-27,1083.3333740234375,1103.3333740234375,1076.6666259765625,1090.0,87600
2024-02-28,1083.3333740234375,1145.0,1083.3333740234375,1128.3333740234375,102000
2024-02-29,1108.3333740234375,1113.3333740234375,1096.6666259765625,1106.6666259765625,68100
2024-03-01,1110.0,1110.0,1086.6666259765625,1086.6666259765625,45000
2024-03-04,1101.6666259765625,1103.3333740234375,1073.3333740234375,1081.6666259765625,60600
2024-03-05,1073.3333740234375,1090.0,1068.3333740234375,1081.6666259765625,34500
2024-03-06,1071.6666259765625,1100.0,1071.6666259765625,1090.0,38700
2024-03-07,1100.0,1100.0,1068.3333740234375,1078.3333740234375,33600
2024-03-08,1070.0,1110.0,1058.3333740234375,1091.6666259765625,65700
2024-03-11,1085.0,1085.0,1026.6666259765625,1040.0,103800
2024-03-12,1040.0,1060.0,1031.6666259765625,1060.0,29100
2024-03-13,1065.0,1065.0,1025.0,1030.0,34500
2024-03-14,1036.6666259765625,1043.3333740234375,1023.3333129882812,1043.3333740234375,29700
2024-03-15,1033.3333740234375,1043.3333740234375,1026.6666259765625,1030.0,23700
2024-03-18,1030.0,1051.6666259765625,1030.0,1051.6666259765625,66000
2024-03-19,1050.0,1076.6666259765625,1050.0,1073.3333740234375,47100
2024-03-21,1086.6666259765625,1086.6666259765625,1070.0,1080.0,48000
2024-03-22,1086.6666259765625,1086.6666259765625,1063.3333740234375,1078.3333740234375,30300
2024-03-25,1098.3333740234375,1111.6666259765625,1076.6666259765625,1085.0,94200
2024-03-26,1085.0,1091.6666259765625,1073.3333740234375,1076.6666259765625,33900
2024-03-27,1073.3333740234375,1088.3333740234375,1060.0,1071.6666259765625,134400
2024-03-28,1021.6666870117188,1028.3333740234375,999.3333129882812,1001.6666870117188,93000
2024-03-29,1020.0,1041.6666259765625,1013.3333129882812,1035.0,32400
2024-04-01,1048.3333740234375,1048.3333740234375,1001.6666870117188,1010.0,44400
2024-04-02,1015.0,1015.0,975.3333129882812,980.0,90300
2024-04-03,970.0,995.0,970.0,992.6666870117188,45000
2024-04-04,992.6666870117188,997.3333129882812,977.0,984.0,36600
2024-04-05,970.0,982.0,960.0,962.6666870117188,81900
2024-04-08,975.3333129882812,975.3333129882812,952.3333129882812,954.6666870117188,60300
2024-04-09,940.3333129882812,956.0,940.0,948.3333129882812,81600
2024-04-10,948.3333129882812,965.3333129882812,946.6666870117188,955.0,48300
2024-04-11,947.3333129882812,951.6666870117188,935.3333129882812,943.3333129882812,78000
2024-04-12,946.6666870117188,949.3333129882812,940.0,940.0,33300
2024-04-15,936.6666870117188,946.0,933.3333129882812,941.3333129882812,40800
2024-04-16,935.3333129882812,939.6666870117188,913.0,919.6666870117188,111600
2024-04-17,919.6666870117188,951.0,911.6666870117188,941.0,85500
2024-04-18,941.0,970.3333129882812,938.3333129882812,961.6666870117188,43200
2024-04-19,958.3333129882812,958.3333129882812,912.6666870117188,925.6666870117188,101100
2024-04-22,938.3333129882812,946.0,930.0,944.3333129882812,31200
2024-04-23,944.6666870117188,947.6666870117188,928.3333129882812,942.6666870117188,27300
2024-04-24,946.0,960.6666870117188,934.6666870117188,954.3333129882812,30600
2024-04-25,949.3333129882812,949.3333129882812,933.6666870117188,933.6666870117188,37200
2024-04-26,928.3333129882812,950.6666870117188,924.0,949.0,168000
2024-04-30,959.0,963.3333129882812,950.6666870117188,958.3333129882812,27300
2024-05-01,943.3333129882812,963.0,938.3333129882812,963.0,57000
2024-05-02,964.6666870117188,973.6666870117188,958.6666870117188,971.6666870117188,25500
2024-05-07,973.0,981.3333129882812,956.6666870117188,975.3333129882812,25800
2024-05-08,975.3333129882812,981.6666870117188,969.0,969.0,24900
2024-05-09,968.3333129882812,973.6666870117188,956.6666870117188,965.0,34800
2024-05-10,965.0,972.0,920.6666870117188,932.0,79500
2024-05-13,910.3333129882812,916.6666870117188,885.3333129882812,898.3333129882812,151800
2024-05-14,899.0,912.6666870117188,890.0,898.3333129882812,51000
2024-05-15,898.3333129882812,898.3333129882812,884.0,884.0,28500
2024-05-16,884.0,884.0,853.6666870117188,866.6666870117188,68100
2024-05-17,870.6666870117188,890.3333129882812,869.6666870117188,869.6666870117188,31500
2024-05-20,873.0,906.6666870117188,866.6666870117188,899.3333129882812,121500
2024-05-21,900.0,912.3333129882812,890.3333129882812,899.6666870117188,36300
2024-05-22,907.3333129882812,910.6666870117188,900.3333129882812,900.3333129882812,24000
2024-05-23,900.6666870117188,916.6666870117188,895.0,915.3333129882812,27000
2024-05-24,915.3333129882812,936.6666870117188,909.3333129882812,936.6666870117188,56400
2024-05-27,953.3333129882812,953.3333129882812,940.0,950.6666870117188,37800
2024-05-28,950.0,952.0,933.3333129882812,933.3333129882812,24300
2024-05-29,928.0,933.0,902.3333129882812,902.3333129882812,46200
2024-05-30,852.3333129882812,872.0,814.6666870117188,829.0,380400
2024-05-31,818.3333129882812,861.6666870117188,818.3333129882812,861.6666870117188,206400
2024-06-03,861.6666870117188,876.3333129882812,847.0,874.3333129882812,179100
2024-06-04,872.0,895.6666870117188,872.0,875.3333129882812,98100
2024-06-05,874.0,893.3333129882812,870.3333129882812,886.6666870117188,69000
2024-06-06,898.0,912.3333129882812,888.3333129882812,898.0,86400
2024-06-07,898.0,898.0,882.6666870117188,894.0,33900
2024-06-10,891.0,901.0,884.0,893.0,66600
2024-06-11,892.0,902.0,879.6666870117188,879.6666870117188,36000
2024-06-12,877.3333129882812,887.6666870117188,866.6666870117188,873.0,35700
2024-06-13,881.6666870117188,881.6666870117188,857.6666870117188,860.6666870117188,27600
2024-06-14,853.6666870117188,875.6666870117188,850.6666870117188,875.6666870117188,60300
2024-06-17,868.6666870117188,873.3333129882812,856.0,868.0,54300
2024-06-18,865.0,884.6666870117188,865.0,884.6666870117188,43200
2024-06-19,886.0,890.0,869.0,871.0,20700
2024-06-20,871.0,903.0,870.3333129882812,881.0,47400
2024-06-21,888.3333129882812,899.6666870117188,883.6666870117188,895.0,24900
2024-06-24,900.0,929.6666870117188,900.0,922.6666870117188,63300
2024-06-25,923.0,933.3333129882812,897.0,906.6666870117188,88800
2024-06-26,906.6666870117188,911.3333129882812,897.6666870117188,906.3333129882812,20700
2024-06-27,913.0,918.6666870117188,900.3333129882812,901.0,47400
2024-06-28,909.3333129882812,912.6666870117188,900.6666870117188,912.3333129882812,26400
2024-07-01,915.0,917.0,902.6666870117188,912.3333129882812,20700
2024-07-02,915.3333129882812,915.3333129882812,896.0,900.3333129882812,28500
2024-07-03,898.3333129882812,904.3333129882812,895.6666870117188,896.0,21300
2024-07-04,904.3333129882812,904.3333129882812,896.0,899.6666870117188,25800
2024-07-05,902.3333129882812,902.3333129882812,890.0,892.6666870117188,18900
2024-07-08,900.0,900.0,878.3333129882812,880.3333129882812,54000
2024-07-09,871.6666870117188,883.0,863.3333129882812,872.0,51300
2024-07-10,876.6666870117188,876.6666870117188,858.0,863.3333129882812,57300
2024-07-11,869.3333129882812,873.6666870117188,864.6666870117188,871.3333129882812,26100
2024-07-12,867.0,880.0,865.0,865.0,33300
2024-07-16,874.3333129882812,887.6666870117188,874.3333129882812,878.0,32700
2024-07-17,876.6666870117188,887.6666870117188,876.0,880.0,15300
2024-07-18,874.6666870117188,885.3333129882812,874.6666870117188,885.3333129882812,15600
2024-07-19,883.0,886.6666870117188,875.0,880.0,27300
2024-07-22,880.0,882.6666870117188,867.0,882.0,46200
2024-07-23,887.0,895.3333129882812,873.6666870117188,880.3333129882812,45600
2024-07-24,879.3333129882812,881.3333129882812,865.6666870117188,865.6666870117188,45300
2024-07-25,865.0,869.0,845.6666870117188,852.0,67500
2024-07-26,852.0,860.6666870117188,845.6666870117188,845.6666870117188,28800
2024-07-29,859.3333129882812,863.0,850.6666870117188,862.3333129882812,26400
2024-07-30,860.0,861.6666870117188,837.6666870117188,846.0,139200
2024-07-31,845.3333129882812,859.0,835.6666870117188,859.0,31200
2024-08-01,850.6666870117188,850.6666870117188,817.0,829.3333129882812,104400
2024-08-02,803.3333129882812,812.6666870117188,780.0,781.3333129882812,173700
2024-08-05,731.3333129882812,746.6666870117188,666.0,678.0,199800
2024-08-06,728.0,773.3333129882812,728.0,763.3333129882812,59100
2024-08-07,750.3333129882812,789.6666870117188,747.0,760.0,70800
2024-08-08,761.6666870117188,795.0,761.6666870117188,771.6666870117188,55800
2024-08-09,778.3333129882812,786.0,759.0,763.0,48300
2024-08-13,763.0,797.3333129882812,753.3333129882812,793.3333129882812,40500
2024-08-14,793.3333129882812,800.0,787.6666870117188,800.0,28200
2024-08-15,800.0,803.6666870117188,787.0,788.3333129882812,27900
2024-08-16,800.0,806.6666870117188,791.6666870117188,802.0,53100
2024-08-19,799.6666870117188,806.3333129882812,791.6666870117188,795.6666870117188,26100
2024-08-20,800.0,800.3333129882812,791.6666870117188,799.6666870117188,45000
2024-08-21,799.3333129882812,799.3333129882812,785.3333129882812,789.6666870117188,51300
2024-08-22,787.0,795.6666870117188,786.6666870117188,789.0,22200
2024-08-23,789.6666870117188,814.6666870117188,789.6666870117188,810.3333129882812,36600
2024-08-26,815.6666870117188,817.6666870117188,810.6666870117188,812.0,16800
2024-08-27,818.3333129882812,832.3333129882812,816.6666870117188,830.0,19800
2024-08-28,829.6666870117188,829.6666870117188,810.3333129882812,812.0,10800
2024-08-29,812.0,815.3333129882812,802.3333129882812,807.3333129882812,24600
2024-08-30,807.3333129882812,823.6666870117188,807.3333129882812,818.6666870117188,13200
2024-09-02,835.3333129882812,835.6666870117188,815.0,821.3333129882812,29700
2024-09-03,816.6666870117188,824.3333129882812,816.6666870117188,818.6666870117188,18600
2024-09-04,811.6666870117188,811.6666870117188,776.0,779.0,66600
2024-09-05,779.0,787.0,769.3333129882812,776.3333129882812,57300
2024-09-06,773.6666870117188,779.0,768.3333129882812,771.3333129882812,27000
2024-09-09,767.0,785.0,751.0,784.0,48900
2024-09-10,774.0,785.0,774.0,780.6666870117188,21900
2024-09-11,772.3333129882812,774.0,756.6666870117188,764.6666870117188,58500
2024-09-12,780.0,780.3333129882812,763.0,773.3333129882812,43500
2024-09-13,766.3333129882812,768.0,759.3333129882812,765.6666870117188,26700
2024-09-17,763.6666870117188,764.0,751.3333129882812,763.6666870117188,16800
2024-09-18,761.3333129882812,774.3333129882812,761.0,774.3333129882812,33000
2024-09-19,778.3333129882812,782.6666870117188,772.6666870117188,774.3333129882812,30300
2024-09-20,776.6666870117188,793.3333129882812,776.6666870117188,792.3333129882812,35400
2024-09-24,796.0,798.3333129882812,788.3333129882812,791.3333129882812,63600
2024-09-25,791.3333129882812,799.6666870117188,787.0,794.0,26700
2024-09-26,794.0,810.3333129882812,794.0,810.3333129882812,27600
2024-09-27,813.3333129882812,818.0,800.0,805.6666870117188,31200
2024-09-30,796.6666870117188,802.0,781.3333129882812,783.6666870117188,45300
2024-10-01,786.6666870117188,798.0,786.6666870117188,787.6666870117188,13800
2024-10-02,787.3333129882812,793.0,777.6666870117188,778.3333129882812,33900
2024-10-03,794.0,800.0,787.0,798.0,22500
2024-10-04,798.0,799.0,792.3333129882812,797.6666870117188,21000
2024-10-07,804.3333129882812,804.3333129882812,795.6666870117188,804.0,15000
2024-10-08,796.0,801.0,784.3333129882812,790.0,29400
2024-10-09,790.0,790.3333129882812,778.6666870117188,790.0,25200
2024-10-10,790.0,790.0,771.0,779.3333129882812,39900
2024-10-11,777.6666870117188,781.6666870117188,771.0,779.3333129882812,21600
2024-10-15,781.0,794.3333129882812,780.6666870117188,793.0,60600
2024-10-16,785.3333129882812,796.6666870117188,785.3333129882812,793.3333129882812,39300
2024-10-17,795.3333129882812,795.3333129882812,786.0,786.0,20700
2024-10-18,792.3333129882812,794.6666870117188,787.0,790.0,21900
2024-10-21,797.3333129882812,828.6666870117188,795.3333129882812,818.0,113400
2024-10-22,816.6666870117188,821.6666870117188,803.6666870117188,808.3333129882812,51900
2024-10-23,803.6666870117188,808.0,798.6666870117188,799.3333129882812,27900
2024-10-24,794.6666870117188,796.6666870117188,788.3333129882812,793.6666870117188,23700
2024-10-25,793.6666870117188,793.6666870117188,778.0,785.6666870117188,47100
2024-10-28,780.3333129882812,801.3333129882812,780.3333129882812,795.0,26700
2024-10-29,794.0,814.0,794.0,808.3333129882812,20100
2024-10-30,797.0,811.3333129882812,797.0,804.6666870117188,119700
2024-10-31,801.3333129882812,814.0,793.3333129882812,807.3333129882812,31800
2024-11-01,802.6666870117188,813.3333129882812,800.0,805.6666870117188,24900
2024-11-05,810.3333129882812,816.3333129882812,800.6666870117188,805.6666870117188,12300
2024-11-06,805.6666870117188,810.0,800.0,802.0,23700
2024-11-07,809.3333129882812,818.0,804.0,816.0,24600
2024-11-08,825.3333129882812,825.3333129882812,800.0,801.6666870117188,33000
2024-11-11,803.6666870117188,813.0,803.6666870117188,813.0,35100
2024-11-12,813.3333129882812,833.0,813.3333129882812,815.0,55800
2024-11-13,816.0,829.3333129882812,815.3333129882812,824.0,36000
2024-11-14,819.3333129882812,831.3333129882812,819.3333129882812,821.6666870117188,22800
2024-11-15,831.6666870117188,866.6666870117188,827.0,862.0,105300
2024-11-18,862.0,879.6666870117188,854.0,876.6666870117188,51900
2024-11-19,871.6666870117188,892.0,871.6666870117188,891.6666870117188,85200
2024-11-20,889.0,905.0,885.0,904.0,59700
2024-11-21,911.6666870117188,912.6666870117188,887.6666870117188,907.0,59100
2024-11-22,907.6666870117188,927.0,906.6666870117188,918.3333129882812,69600
2024-11-25,919.6666870117188,923.3333129882812,898.3333129882812,912.0,52500
2024-11-26,905.0,914.3333129882812,883.3333129882812,887.6666870117188,83100
2024-11-27,894.3333129882812,894.3333129882812,868.6666870117188,881.0,60900
2024-11-28,873.6666870117188,894.3333129882812,873.6666870117188,882.6666870117188,39300
2024-11-29,881.6666870117188,903.3333129882812,881.6666870117188,887.3333129882812,66300
2024-12-02,962.6666870117188,966.6666870117188,935.0,943.3333129882812,733800
2024-12-03,941.6666870117188,946.6666870117188,926.6666870117188,937.6666870117188,272100
2024-12-04,943.3333129882812,951.6666870117188,925.6666870117188,927.6666870117188,174600
2024-12-05,929.3333129882812,933.0,913.6666870117188,923.0,145500
2024-12-06,925.6666870117188,933.3333129882812,919.6666870117188,933.0,64800
2024-12-09,936.6666870117188,936.6666870117188,925.0,931.6666870117188,69900
2024-12-10,936.0,936.0,926.6666870117188,932.0,51000
2024-12-11,932.6666870117188,932.6666870117188,923.3333129882812,924.6666870117188,34800
2024-12-12,925.0,931.6666870117188,925.0,931.0,48000
2024-12-13,931.3333129882812,931.6666870117188,923.3333129882812,929.0,51900
2024-12-16,931.6666870117188,935.6666870117188,928.6666870117188,933.3333129882812,69300
2024-12-17,933.3333129882812,933.3333129882812,925.3333129882812,929.0,41700
2024-12-18,927.3333129882812,933.3333129882812,925.6666870117188,927.0,34200
2024-12-19,926.6666870117188,935.0,923.0,929.0,81900
2024-12-20,929.0,933.3333129882812,924.0,924.0,40200
2024-12-23,929.6666870117188,930.6666870117188,926.0,929.3333129882812,46200
2024-12-24,927.0,931.3333129882812,925.3333129882812,929.0,48600
2024-12-25,930.0,933.3333129882812,924.0,925.0,75600
2024-12-26,929.3333129882812,948.6666870117188,925.0,945.6666870117188,94200
2024-12-27,948.6666870117188,956.6666870117188,947.6666870117188,949.0,75600
2024-12-30,955.3333129882812,961.3333129882812,951.6666870117188,951.6666870117188,48900
2025-01-06,956.6666870117188,985.3333129882812,956.6666870117188,978.3333129882812,119700
2025-01-07,985.0,985.0,971.3333129882812,973.6666870117188,69600
2025-01-08,979.0,984.3333129882812,971.0,972.0,37200
2025-01-09,968.0,973.3333129882812,950.3333129882812,955.6666870117188,96900
2025-01-10,955.6666870117188,961.6666870117188,951.0,951.0,33600
2025-01-14,951.3333129882812,953.0,942.0,943.3333129882812,56700
2025-01-15,944.0,949.6666870117188,940.0,949.3333129882812,48000
2025-01-16,943.0,943.0,923.3333129882812,926.0,133500
2025-01-17,925.6666870117188,930.0,917.3333129882812,922.0,78300
2025-01-20,923.0,933.3333129882812,920.3333129882812,933.3333129882812,53700
2025-01-21,938.0,949.6666870117188,938.0,949.6666870117188,64500
2025-01-22,949.6666870117188,959.3333129882812,947.3333129882812,953.3333129882812,62100
2025-01-23,959.0,977.6666870117188,955.3333129882812,977.0,85500
2025-01-24,977.0,981.3333129882812,967.3333129882812,971.6666870117188,60900
2025-01-27,979.3333129882812,989.3333129882812,974.0,975.6666870117188,65700
2025-01-28,976.6666870117188,981.6666870117188,973.0,974.3333129882812,32400
2025-01-29,983.3333129882812,987.6666870117188,977.0,977.0,40800
2025-01-30,977.0,980.0,951.6666870117188,960.0,355200
2025-01-31,976.6666870117188,979.3333129882812,951.3333129882812,956.3333129882812,97800
2025-02-03,953.3333129882812,962.6666870117188,951.3333129882812,959.0,39300
2025-02-04,969.3333129882812,969.3333129882812,953.3333129882812,953.3333129882812,26400
2025-02-05,953.6666870117188,966.6666870117188,953.6666870117188,961.0,24600
2025-02-06,966.0,966.6666870117188,960.0,966.6666870117188,18900
2025-02-07,966.3333129882812,970.0,962.3333129882812,967.3333129882812,31200
2025-02-10,983.3333129882812,1006.6666870117188,983.3333129882812,999.0,88200
2025-02-12,1003.3333129882812,1008.3333129882812,995.0,1008.3333129882812,34200
2025-02-13,1008.3333129882812,1008.3333129882812,997.3333129882812,1006.6666870117188,21300
2025-02-14,1006.6666870117188,1006.6666870117188,993.3333129882812,995.3333129882812,33000
2025-02-17,999.3333129882812,1008.3333129882812,998.3333129882812,1003.3333129882812,40500
2025-02-18,998.6666870117188,1013.3333129882812,998.3333129882812,1013.3333129882812,55200
2025-02-19,1016.6666870117188,1033.3333740234375,1015.0,1031.6666259765625,60600
2025-02-20,1031.6666259765625,1031.6666259765625,1013.3333129882812,1023.3333129882812,30600
2025-02-21,1023.3333129882812,1026.6666259765625,1005.0,1005.0,29700
2025-02-25,1106.6666259765625,1106.6666259765625,1070.0,1100.0,692100
2025-02-26,1098.3333740234375,1098.3333740234375,1081.6666259765625,1091.6666259765625,153900
2025-02-27,1096.6666259765625,1096.6666259765625,1083.3333740234375,1091.6666259765625,94500
2025-02-28,1090.0,1100.0,1083.3333740234375,1096.6666259765625,118200
2025-03-03,1098.3333740234375,1098.3333740234375,1090.0,1095.0,72300
2025-03-04,1093.3333740234375,1093.3333740234375,1076.6666259765625,1091.6666259765625,57900
2025-03-05,1088.3333740234375,1098.3333740234375,1073.3333740234375,1096.6666259765625,86100
2025-03-06,1098.3333740234375,1115.0,1091.6666259765625,1111.6666259765625,81300
2025-03-07,1106.6666259765625,1113.3333740234375,1100.0,1108.3333740234375,24300
2025-03-10,1111.6666259765625,1113.3333740234375,1098.3333740234375,1105.0,43800
2025-03-11,1091.6666259765625,1110.0,1085.0,1110.0,46500
2025-03-12,1098.3333740234375,1110.0,1098.3333740234375,1110.0,29400
2025-03-13,1110.0,1115.0,1101.6666259765625,1108.3333740234375,40500
2025-03-14,1105.0,1110.0,1098.3333740234375,1106.6666259765625,60300
2025-03-17,1106.6666259765625,1113.3333740234375,1093.3333740234375,1095.0,56700
2025-03-18,1096.6666259765625,1103.3333740234375,1095.0,1096.6666259765625,51600
2025-03-19,1096.6666259765625,1101.6666259765625,1093.3333740234375,1100.0,32700
2025-03-21,1098.3333740234375,1106.6666259765625,1093.3333740234375,1101.6666259765625,68700
2025-03-24,1100.0,1101.6666259765625,1080.0,1083.3333740234375,111300
2025-03-25,1085.0,1090.0,1075.0,1086.6666259765625,146700
2025-03-26,1078.3333740234375,1090.0,1073.3333740234375,1078.3333740234375,137100
2025-03-27,1068.3333740234375,1088.3333740234375,1060.0,1081.6666259765625,181500
2025-03-28,1003.3333129882812,1050.0,1001.6666870117188,1031.6666259765625,172200
2025-03-31,1016.6666870117188,1030.0,1013.3333129882812,1026.6666259765625,74400
2025-04-01,1030.0,1058.3333740234375,1028.3333740234375,1053.3333740234375,74700
2025-04-02,1053.3333740234375,1053.3333740234375,1033.3333740234375,1036.6666259765625,53700
2025-04-03,995.3333129882812,1033.3333740234375,993.3333129882812,1033.3333740234375,138600
2025-04-04,1016.6666870117188,1016.6666870117188,944.0,972.0,170700
2025-04-07,896.0,929.6666870117188,888.0,920.3333129882812,180900
2025-04-08,966.6666870117188,992.6666870117188,966.6666870117188,986.6666870117188,74700
2025-04-09,970.0,972.0,924.3333129882812,941.6666870117188,162900
2025-04-10,991.6666870117188,998.6666870117188,973.3333129882812,977.6666870117188,49800
2025-04-11,976.3333129882812,984.0,948.6666870117188,978.6666870117188,36900
2025-04-14,992.0,992.0,966.6666870117188,966.6666870117188,30900
2025-04-15,970.6666870117188,973.0,968.0,972.6666870117188,30300
2025-04-16,972.6666870117188,974.6666870117188,960.3333129882812,965.0,31800
2025-04-17,965.3333129882812,975.6666870117188,965.3333129882812,974.3333129882812,26700
2025-04-18,979.3333129882812,996.6666870117188,960.0,996.6666870117188,46200
2025-04-21,996.6666870117188,996.6666870117188,978.6666870117188,986.6666870117188,22800
2025-04-22,977.0,983.3333129882812,977.0,978.0,20400
2025-04-23,989.6666870117188,989.6666870117188,977.6666870117188,978.3333129882812,26700
2025-04-24,981.6666870117188,982.3333129882812,970.0,972.6666870117188,23700
2025-04-25,978.0,990.0,978.0,990.0,24300
2025-04-28,990.0,999.3333129882812,988.0,992.6666870117188,40500
2025-04-30,996.6666870117188,1010.0,988.3333129882812,1008.3333129882812,44100
2025-05-01,1015.0,1015.0,1000.0,1003.3333129882812,30300
2025-05-02,1003.3333129882812,1008.3333129882812,986.0,1008.3333129882812,39300
2025-05-07,1008.3333129882812,1035.0,1008.3333129882812,1025.0,48900
2025-05-08,1030.0,1033.3333740234375,1018.3333129882812,1025.0,19800
2025-05-09,1033.3333740234375,1046.6666259765625,1028.3333740234375,1028.3333740234375,54900
2025-05-12,1261.6666259765625,1261.6666259765625,1261.6666259765625,1261.6666259765625,146100
2025-05-13,1316.6666259765625,1466.6666259765625,1295.0,1341.6666259765625,1358700
2025-05-14,1335.0,1398.3333740234375,1316.6666259765625,1343.3333740234375,276900
2025-05-15,1323.3333740234375,1366.6666259765625,1318.3333740234375,1335.0,151200
2025-05-16,1320.0,1361.6666259765625,1308.3333740234375,1361.6666259765625,145500
2025-05-19,1401.6666259765625,1416.6666259765625,1363.3333740234375,1391.6666259765625,231900
2025-05-20,1393.3333740234375,1413.3333740234375,1381.6666259765625,1383.3333740234375,133500
2025-05-21,1383.3333740234375,1441.6666259765625,1383.3333740234375,1426.6666259765625,230400
2025-05-22,1310.0,1323.3333740234375,1266.6666259765625,1300.0,627600
2025-05-23,1300.0,1330.0,1295.0,1316.6666259765625,188400
2025-05-26,1316.6666259765625,1331.6666259765625,1301.6666259765625,1306.6666259765625,77700
2025-05-27,1323.3333740234375,1323.3333740234375,1288.3333740234375,1293.3333740234375,71700
2025-05-28,1295.0,1308.3333740234375,1288.3333740234375,1291.6666259765625,69300
2025-05-29,1296.6666259765625,1308.3333740234375,1290.0,1308.3333740234375,34200
2025-05-30,1303.3333740234375,1308.3333740234375,1298.3333740234375,1300.0,27000
2025-06-02,1310.0,1348.3333740234375,1310.0,1336.6666259765625,111300
2025-06-03,1340.0,1348.3333740234375,1330.0,1338.3333740234375,45300
2025-06-04,1341.6666259765625,1360.0,1340.0,1360.0,51300
2025-06-05,1356.6666259765625,1356.6666259765625,1333.3333740234375,1335.0,29400
2025-06-06,1336.6666259765625,1348.3333740234375,1330.0,1343.3333740234375,38700
2025-06-09,1343.3333740234375,1345.0,1335.0,1343.3333740234375,32400
2025-06-10,1336.6666259765625,1348.3333740234375,1333.3333740234375,1336.6666259765625,32100
2025-06-11,1336.6666259765625,1348.3333740234375,1331.6666259765625,1346.6666259765625,26100
2025-06-12,1348.3333740234375,1365.0,1341.6666259765625,1356.6666259765625,59700
2025-06-13,1363.3333740234375,1371.6666259765625,1333.3333740234375,1335.0,105000
2025-06-16,1358.3333740234375,1376.6666259765625,1330.0,1336.6666259765625,93600
2025-06-17,1348.3333740234375,1358.3333740234375,1335.0,1356.6666259765625,49200
2025-06-18,1346.6666259765625,1351.6666259765625,1328.3333740234375,1331.6666259765625,65400
2025-06-19,1333.3333740234375,1355.0,1333.3333740234375,1343.3333740234375,64200
2025-06-20,1350.0,1380.0,1350.0,1360.0,71700
2025-06-23,1360.0,1360.0,1336.6666259765625,1336.6666259765625,52800
2025-06-24,1343.3333740234375,1343.3333740234375,1335.0,1336.6666259765625,36300
2025-06-25,1338.3333740234375,1343.3333740234375,1333.3333740234375,1340.0,39000
2025-06-26,1340.0,1368.3333740234375,1340.0,1363.3333740234375,69900
2025-06-27,1363.3333740234375,1371.6666259765625,1343.3333740234375,1345.0,41700
2025-06-30,1355.0,1366.6666259765625,1355.0,1361.6666259765625,31800
2025-07-01,1361.6666259765625,1376.6666259765625,1351.6666259765625,1370.0,48300
2025-07-02,1371.6666259765625,1373.3333740234375,1353.3333740234375,1353.3333740234375,28800
2025-07-03,1353.3333740234375,1356.6666259765625,1333.3333740234375,1340.0,94800
2025-07-04,1341.6666259765625,1350.0,1335.0,1340.0,33600
2025-07-07,1338.3333740234375,1351.6666259765625,1336.6666259765625,1340.0,40500
2025-07-08,1338.3333740234375,1350.0,1335.0,1340.0,56100
2025-07-09,1346.6666259765625,1361.6666259765625,1341.6666259765625,1355.0,68400
2025-07-10,1360.0,1375.0,1353.3333740234375,1355.0,42300
2025-07-11,1355.0,1370.0,1355.0,1360.0,41700
2025-07-14,1360.0,1370.0,1358.3333740234375,1363.3333740234375,45900
2025-07-15,1366.6666259765625,1383.3333740234375,1366.6666259765625,1368.3333740234375,47100
2025-07-16,1370.0,1373.3333740234375,1363.3333740234375,1370.0,29400
2025-07-17,1370.0,1373.3333740234375,1363.3333740234375,1371.6666259765625,27600
2025-07-18,1371.6666259765625,1380.0,1356.6666259765625,1361.6666259765625,67200
2025-07-22,1366.6666259765625,1378.3333740234375,1365.0,1376.6666259765625,63300
2025-07-23,1385.0,1386.6666259765625,1373.3333740234375,1383.3333740234375,65100
2025-07-24,1386.6666259765625,1393.3333740234375,1380.0,1388.3333740234375,73800
2025-07-25,1390.0,1405.0,1385.0,1405.0,66900
2025-07-28,1428.3333740234375,1466.6666259765625,1418.3333740234375,1450.0,107700
2025-07-29,1448.3333740234375,1458.3333740234375,1443.3333740234375,1451.6666259765625,25200
2025-07-30,1446.6666259765625,1526.6666259765625,1446.6666259765625,1503.3333740234375,120000
2025-07-31,1520.0,1548.3333740234375,1508.3333740234375,1543.3333740234375,77700
2025-08-01,1536.6666259765625,1548.3333740234375,1531.6666259765625,1546.6666259765625,64500
2025-08-04,1546.6666259765625,1570.0,1546.6666259765625,1563.3333740234375,48000
2025-08-05,1571.6666259765625,1598.3333740234375,1571.6666259765625,1578.3333740234375,76200
2025-08-06,1580.0,1615.0,1573.3333740234375,1603.3333740234375,35400
2025-08-07,1613.3333740234375,1633.3333740234375,1603.3333740234375,1608.3333740234375,36600
2025-08-08,1628.3333740234375,1630.0,1590.0,1605.0,79500
2025-08-12,1676.6666259765625,1723.3333740234375,1673.3333740234375,1690.0,166500
2025-08-13,1690.0,1713.3333740234375,1670.0,1690.0,114600
2025-08-14,1693.3333740234375,1696.6666259765625,1673.3333740234375,1683.3333740234375,37800
2025-08-15,1673.3333740234375,1680.0,1666.6666259765625,1676.6666259765625,40500
2025-08-18,1676.6666259765625,1703.3333740234375,1673.3333740234375,1690.0,36900
2025-08-19,1696.6666259765625,1733.3333740234375,1690.0,1733.3333740234375,74100
2025-08-20,1730.0,1733.3333740234375,1690.0,1703.3333740234375,92100
2025-08-21,1713.3333740234375,1726.6666259765625,1696.6666259765625,1723.3333740234375,116100
2025-08-22,1706.6666259765625,1713.3333740234375,1696.6666259765625,1710.0,139500
2025-08-25,1723.3333740234375,1723.3333740234375,1686.6666259765625,1700.0,41700
2025-08-26,1690.0,1743.3333740234375,1690.0,1723.3333740234375,74700
2025-08-27,1706.6666259765625,1720.0,1670.0,1690.0,126600
2025-08-28,1690.0,1706.6666259765625,1676.6666259765625,1686.6666259765625,54300
2025-08-29,1690.0,1713.3333740234375,1683.3333740234375,1703.3333740234375,58500
2025-09-01,1706.6666259765625,1713.3333740234375,1686.6666259765625,1690.0,37200
2025-09-02,1700.0,1700.0,1683.3333740234375,1693.3333740234375,21300
2025-09-03,1690.0,1706.6666259765625,1686.6666259765625,1700.0,53100
2025-09-04,1700.0,1706.6666259765625,1686.6666259765625,1696.6666259765625,47700
2025-09-05,1706.6666259765625,1726.6666259765625,1696.6666259765625,1710.0,43800
2025-09-08,1720.0,1733.3333740234375,1720.0,1723.3333740234375,45000
2025-09-09,1723.3333740234375,1760.0,1723.3333740234375,1743.3333740234375,51600
2025-09-10,1743.3333740234375,1760.0,1740.0,1750.0,16500
2025-09-11,1756.6666259765625,1766.6666259765625,1740.0,1760.0,36000
2025-09-12,1760.0,1796.6666259765625,1760.0,1780.0,48600
2025-09-16,1770.0,1780.0,1753.3333740234375,1756.6666259765625,66000
2025-09-17,1763.3333740234375,1763.3333740234375,1733.3333740234375,1733.3333740234375,34800
2025-09-18,1733.3333740234375,1733.3333740234375,1693.3333740234375,1716.6666259765625,63600
2025-09-19,1740.0,1740.0,1716.6666259765625,1733.3333740234375,39900
2025-09-22,1733.3333740234375,1740.0,1723.3333740234375,1730.0,45300
2025-09-24,1740.0,1743.3333740234375,1723.3333740234375,1743.3333740234375,30300
2025-09-25,1743.3333740234375,1750.0,1730.0,1736.6666259765625,33900
2025-09-26,1733.3333740234375,1766.6666259765625,1733.3333740234375,1750.0,102000
2025-09-29,1723.3333740234375,1743.3333740234375,1703.3333740234375,1723.3333740234375,42300
2025-09-30,1736.6666259765625,1746.6666259765625,1690.0,1690.0,33000
2025-10-01,1700.0,1700.0,1635.0,1635.0,44700
2025-10-02,1653.3333740234375,1670.0,1606.6666259765625,1635.0,54000
2025-10-03,1646.6666259765625,1683.3333740234375,1640.0,1683.3333740234375,51000
2025-10-06,1716.6666259765625,1726.6666259765625,1665.0,1703.3333740234375,78900
2025-10-07,1720.0,1730.0,1703.3333740234375,1713.3333740234375,59400
2025-10-08,1723.3333740234375,1743.3333740234375,1720.0,1730.0,25500
2025-10-09,1743.3333740234375,1746.6666259765625,1723.3333740234375,1740.0,13200
2025-10-10,1740.0,1750.0,1720.0,1750.0,32700
2025-10-14,1726.6666259765625,1760.0,1716.6666259765625,1730.0,38100
2025-10-15,1753.3333740234375,1760.0,1726.6666259765625,1760.0,23400
2025-10-16,1763.3333740234375,1780.0,1760.0,1776.6666259765625,20100
2025-10-17,1763.3333740234375,1770.0,1750.0,1750.0,15000
2025-10-20,1750.0,1753.3333740234375,1733.3333740234375,1753.3333740234375,16800
2025-10-21,1743.3333740234375,1776.6666259765625,1740.0,1763.3333740234375,32700
2025-10-22,1733.3333740234375,1796.6666259765625,1706.6666259765625,1780.0,63600
2025-10-23,1780.0,1810.0,1773.3333740234375,1806.6666259765625,23700
2025-10-24,1803.3333740234373,1816.6666259765625,1793.3333740234375,1816.6666259765625,8400
2025-10-27,1826.6666259765625,1870.0,1826.6666259765625,1840.0,24000
2025-10-28,1850.0,1853.3333740234373,1820.0,1826.6666259765625,24600
2025-10-29,1823.3333740234373,1826.6666259765625,1796.6666259765625,1796.6666259765625,11700
2025-10-30,1790.0,1850.0,1760.0,1806.6666259765625,46800
2025-10-31,1806.6666259765625,1813.3333740234373,1783.3333740234375,1796.6666259765625,9300
2025-11-04,1810.0,1833.3333740234373,1800.0,1820.0,16200
2025-11-05,1803.3333740234373,1833.3333740234373,1776.6666259765625,1833.3333740234373,38700
2025-11-06,1833.3333740234373,1833.3333740234373,1816.6666259765625,1826.6666259765625,9300
2025-11-07,1830.0,1830.0,1813.3333740234373,1823.3333740234373,16500
2025-11-10,1823.3333740234373,1823.3333740234373,1800.0,1800.0,12000
2025-11-11,1796.6666259765625,1796.6666259765625,1770.0,1783.3333740234375,23400
2025-11-12,1783.3333740234375,1806.6666259765625,1783.3333740234375,1806.6666259765625,15900
2025-11-13,1806.6666259765625,1823.3333740234373,1790.0,1796.6666259765625,29400
2025-11-14,1696.6666259765625,1753.3333740234375,1686.6666259765625,1690.0,133800
2025-11-17,1690.0,1690.0,1666.6666259765625,1670.0,46800
2025-11-18,1665.0,1666.6666259765625,1621.6666259765625,1621.6666259765625,55200
2025-11-19,1626.6666259765625,1658.3333740234375,1626.6666259765625,1655.0,28200
2025-11-20,1660.0,1665.0,1645.0,1645.0,27900
2025-11-21,1645.0,1653.3333740234375,1638.3333740234375,1641.6666259765625,43200
2025-11-25,1643.3333740234375,1676.6666259765625,1643.3333740234375,1670.0,35100
2025-11-26,1676.6666259765625,1683.3333740234375,1663.3333740234375,1673.3333740234375,30000
2025-11-27,1666.6666259765625,1680.0,1666.6666259765625,1666.6666259765625,16500
2025-11-28,1673.3333740234375,1693.3333740234375,1666.6666259765625,1693.3333740234375,28200
2025-12-01,1690.0,1703.3333740234375,1680.0,1690.0,31200
2025-12-02,1696.6666259765625,1696.6666259765625,1665.0,1683.3333740234375,19800
2025-12-03,1676.6666259765625,1686.6666259765625,1670.0,1673.3333740234375,9000
2025-12-04,1673.3333740234375,1726.6666259765625,1673.3333740234375,1723.3333740234375,55200
2025-12-05,1743.3333740234375,1746.6666259765625,1723.3333740234375,1736.6666259765625,19200
2025-12-08,1750.0,1770.0,1750.0,1756.6666259765625,17700
2025-12-09,1760.0,1783.3333740234375,1760.0,1766.6666259765625,11700
2025-12-10,1780.0,1810.0,1770.0,1790.0,18600
2025-12-11,1800.0,1803.3333740234373,1773.3333740234375,1776.6666259765625,29400
2025-12-12,1773.3333740234375,1803.3333740234373,1753.3333740234375,1786.6666259765625,17400
2025-12-15,1810.0,1830.0,1796.6666259765625,1830.0,17400
2025-12-16,1806.6666259765625,1853.3333740234373,1803.3333740234373,1806.6666259765625,31200
2025-12-17,1840.0,1863.3333740234373,1826.6666259765625,1836.6666259765625,33300
2025-12-18,1840.0,1883.3333740234373,1836.6666259765625,1843.3333740234373,33000
2025-12-19,1843.3333740234373,1946.6666259765625,1843.3333740234373,1946.6666259765625,69000
2025-12-22,1946.6666259765625,1946.6666259765625,1920.0,1926.6666259765625,26400
2025-12-23,1926.6666259765625,1946.6666259765625,1926.6666259765625,1946.6666259765625,14700
2025-12-24,1950.0,1960.0,1940.0,1946.6666259765625,20100
2025-12-25,1946.6666259765625,1960.0,1916.6666259765625,1926.6666259765625,24300
2025-12-26,1976.6666259765625,2016.6666259765625,1960.0,1983.3333740234373,51900
2025-12-29,1983.3333740234373,2023.3333740234373,1960.0,2013.3333740234373,34200
2025-12-30,2013.3333740234373,2020.0,1996.6666259765625,1996.6666259765625,17700
2026-01-05,2000.0,2046.6666259765625,1993.3333740234373,2030.0,40800
2026-01-06,2066.666748046875,2120.0,2046.6666259765625,2120.0,55200
2026-01-07,2120.0,2150.0,2106.666748046875,2150.0,31500
2026-01-08,2150.0,2150.0,2116.666748046875,2133.333251953125,40500
2026-01-09,2146.666748046875,2160.0,2116.666748046875,2160.0,29400
2026-01-13,2170.0,2196.666748046875,2153.333251953125,2196.666748046875,37800
2026-01-14,2200.0,2243.333251953125,2190.0,2213.333251953125,51000
2026-01-15,2213.333251953125,2233.333251953125,2173.333251953125,2190.0,57000
2026-01-16,2200.0,2260.0,2200.0,2246.666748046875,35100
2026-01-19,2260.0,2260.0,2233.333251953125,2253.333251953125,13500
2026-01-20,2263.333251953125,2263.333251953125,2136.666748046875,2150.0,75000
2026-01-21,2096.666748046875,2136.666748046875,2053.333251953125,2086.666748046875,65400
2026-01-22,2090.0,2100.0,2050.0,2066.666748046875,26100
2026-01-23,2080.0,2166.666748046875,2073.333251953125,2166.666748046875,31800
2026-01-26,2133.333251953125,2196.666748046875,2103.333251953125,2146.666748046875,59700
2026-01-27,2180.0,2190.0,2133.333251953125,2186.666748046875,20400
2026-01-28,2186.666748046875,2193.333251953125,2160.0,2166.666748046875,27300
2026-01-29,2166.666748046875,2176.666748046875,2136.666748046875,2150.0,17700
2026-01-30,2183.333251953125,2206.666748046875,2170.0,2193.333251953125,19800
2026-02-02,2220.0,2240.0,2220.0,2230.0,24300
2026-02-03,2253.333251953125,2296.666748046875,2206.666748046875,2263.333251953125,93900
2026-02-04,2263.333251953125,2290.0,2246.666748046875,2290.0,36000
2026-02-05,2283.333251953125,2333.333251953125,2256.666748046875,2333.333251953125,26400
2026-02-06,2333.333251953125,2383.333251953125,2300.0,2383.333251953125,36900
2026-02-09,2433.333251953125,2446.666748046875,2363.333251953125,2406.666748046875,48000
2026-02-10,2410.0,2486.666748046875,2410.0,2466.666748046875,34800
2026-02-12,2450.0,2480.0,2426.666748046875,2476.666748046875,51600
2026-02-13,2333.333251953125,2446.666748046875,2316.666748046875,2410.0,126600
2026-02-16,2360.0,2430.0,2323.333251953125,2340.0,46200
2026-02-17,2376.666748046875,2416.666748046875,2306.666748046875,2400.0,87300
2026-02-18,2390.0,2433.333251953125,2383.333251953125,2410.0,33000
2026-02-19,2430.0,2433.333251953125,2373.333251953125,2396.666748046875,55200
2026-02-20,2696.666748046875,2750.0,2516.666748046875,2576.666748046875,188400
2026-02-24,2553.333251953125,2726.666748046875,2553.333251953125,2583.333251953125,90000
2026-02-25,2586.666748046875,2680.0,2573.333251953125,2613.333251953125,100200
2026-02-26,2613.333251953125,2633.333251953125,2540.0,2616.666748046875,67500
2026-02-27,2656.666748046875,2736.666748046875,2603.333251953125,2736.666748046875,36000
2026-03-02,2650.0,2676.666748046875,2596.666748046875,2643.333251953125,202200
2026-03-03,2643.333251953125,2746.666748046875,2643.333251953125,2686.666748046875,78000
2026-03-04,2626.666748046875,2663.333251953125,2523.333251953125,2546.666748046875,187800
2026-03-05,2646.666748046875,2730.0,2616.666748046875,2626.666748046875,60900
2026-03-06,2666.666748046875,2666.666748046875,2580.0,2633.333251953125,35700
2026-03-09,2563.333251953125,2580.0,2516.666748046875,2556.666748046875,150600
2026-03-10,2633.333251953125,2673.333251953125,2623.333251953125,2670.0,36600
2026-03-11,2700.0,2776.666748046875,2686.666748046875,2700.0,75000
2026-03-12,2703.333251953125,2706.666748046875,2630.0,2646.666748046875,114000
2026-03-13,2566.666748046875,2620.0,2463.333251953125,2463.333251953125,107400
2026-03-16,2463.333251953125,2566.666748046875,2333.333251953125,2333.333251953125,82500
2026-03-17,2363.333251953125,2430.0,2290.0,2290.0,73200
2026-03-18,2310.0,2380.0,2310.0,2373.333251953125,24600
2026-03-19,2373.333251953125,2373.333251953125,2263.333251953125,2296.666748046875,39600
2026-03-23,2236.666748046875,2236.666748046875,2053.333251953125,2083.333251953125,102600
2026-03-24,2166.666748046875,2190.0,2123.333251953125,2150.0,53400
2026-03-25,2156.666748046875,2216.666748046875,2156.666748046875,2176.666748046875,33600
2026-03-26,2176.666748046875,2183.333251953125,2100.0,2116.666748046875,42600
2026-03-27,2316.666748046875,2360.0,2220.0,2263.333251953125,154500
2026-03-30,2000.0,2193.0,2000.0,2189.0,84800
2026-03-31,2139.0,2150.0,2051.0,2082.0,122100
2026-04-01,2180.0,2180.0,2067.0,2096.0,110200
2026-04-02,2122.0,2135.0,2018.0,2063.0,79100
2026-04-03,2081.0,2140.0,2081.0,2121.0,31600
2026-04-06,2103.0,2151.0,2100.0,2103.0,29500
2026-04-07,2105.0,2159.0,2105.0,2159.0,19900
2026-04-08,2171.0,2223.0,2171.0,2205.0,35700
2026-04-09,2209.0,2210.0,2151.0,2187.0,44300
2026-04-10,2187.0,2213.0,2114.0,2133.0,33300
2026-04-13,2123.0,2163.0,2107.0,2133.0,38200
2026-04-14,2144.0,2200.0,2136.0,2198.0,39200
2026-04-15,2211.0,2244.0,2184.0,2198.0,37600
2026-04-16,2198.0,2240.0,2198.0,2218.0,14700
2026-04-17,2218.0,2254.0,2218.0,2243.0,22300
2026-04-20,2243.0,2243.0,2212.0,2228.0,17500
2026-04-21,2222.0,2275.0,2222.0,2268.0,17500
2026-04-22,2263.0,2263.0,2216.0,2245.0,20600
2026-04-23,2240.0,2240.0,2190.0,2194.0,26200
2026-04-24,2171.0,2204.0,2154.0,2181.0,20800
2026-04-27,2181.0,2204.0,2153.0,2176.0,40600
2026-04-28,2168.0,2224.0,2168.0,2210.0,18500
2026-04-30,2175.0,2180.0,2140.0,2160.0,37300
2026-05-01,2155.0,2178.0,2135.0,2148.0,15000
2026-05-07,2174.0,2213.0,2169.0,2188.0,17300
2026-05-08,2171.0,2180.0,2130.0,2171.0,26100
2026-05-11,2171.0,2175.0,2151.0,2163.0,8900
2026-05-12,2154.0,2179.0,2124.0,2130.0,29000
2026-05-13,2131.0,2176.0,2131.0,2147.0,19500
2026-05-14,2151.0,2187.0,2080.0,2164.0,37900
2026-05-15,2140.0,2141.0,1950.0,1971.0,94900
2026-05-18,1998.0,2016.0,1973.0,2012.0,44100
2026-05-19,2002.0,2046.0,1996.0,2035.0,31100
2026-05-20,2016.0,2016.0,1981.0,2013.0,28800
2026-05-21,2021.0,2044.0,2016.0,2016.0,22400
2026-05-22,2015.0,2025.0,2000.0,2023.0,19100
2026-05-25,2030.0,2067.0,2026.0,2040.0,12100
2026-05-26,2045.0,2060.0,1997.0,1997.0,30500
2026-05-27,1998.0,1998.0,1953.0,1956.0,39300
2026-05-28,1956.0,1986.0,1933.0,1978.0,32400
2026-05-29,1978.0,1983.0,1963.0,1963.0,23300
2026-06-01,1960.0,1960.0,1904.0,1907.0,46900
2026-06-02,1905.0,1905.0,1861.0,1884.0,47400
2026-06-03,1904.0,1935.0,1877.0,1926.0,29000
2026-06-04,1940.0,1967.0,1911.0,1960.0,24500
2026-06-05,1961.0,2004.0,1958.0,1995.0,32700
2026-06-08,1977.0,1981.0,1874.0,1901.0,78300
2026-06-09,1920.0,1945.0,1912.0,1917.0,31500
2026-06-10,1922.0,1922.0,1888.0,1911.0,38000
2026-06-11,1900.0,1905.0,1868.0,1878.0,45700
2026-06-12,1906.0,1924.0,1876.0,1918.0,47600
2026-06-15,1943.0,1983.0,1930.0,1972.0,41700
2026-06-16,1970.0,1970.0,1913.0,1913.0,25800
2026-06-17,1910.0,1946.0,1884.0,1884.0,79700
2026-06-18,1895.0,1899.0,1858.0,1860.0,68800
2026-06-19,1867.0,1925.0,1867.0,1902.0,44500
2026-06-22,1902.0,1915.0,1882.0,1882.0,47500
2026-06-23,1881.0,1883.0,1855.0,1855.0,68900
2026-06-24,1852.0,1870.0,1836.0,1837.0,54500
2026-06-25,1863.0,1872.0,1847.0,1847.0,31700
2026-06-26,1849.0,1873.0,1840.0,1872.0,36000
2026-06-29,1897.0,1917.0,1876.0,1889.0,29700
2026-06-30,1920.0,1920.0,1891.0,1891.0,17100
2026-07-01,1895.0,1920.0,1892.0,1915.0,20400
2026-07-02,1915.0,1964.0,1905.0,1932.0,28300
2026-07-03,1932.0,1961.0,1928.0,1961.0,15800
2026-07-06,1970.0,2005.0,1965.0,1980.0,38100
2026-07-07,1999.0,2008.0,1956.0,1965.0,36300
2026-07-08,1994.0,1994.0,1950.0,1951.0,26500
2026-07-09,1950.0,1962.0,1941.0,1941.0,17200
2026-07-10,1956.0,1998.0,1953.0,1988.0,17500
2026-07-13,1987.0,2005.0,1940.0,1944.0,46500
2026-07-14,1941.0,1957.0,1938.0,1954.0,17300
2026-07-15,1946.0,1966.0,1945.0,1965.0,16500
2026-07-16,1965.0,1976.0,1955.0,1958.0,18700
2026-07-17,1955.0,1956.0,1909.0,1936.0,48100
2026-07-21,1961.0,2000.0,1940.0,1986.0,52300
2026-07-22,1988.0,2022.0,1988.0,1999.0,28500
2026-07-23,2004.0,2030.0,2004.0,2013.0,27700
2026-07-24,2013.0,2018.0,1982.0,1994.0,33200
2026-07-27,1995.0,2070.0,1995.0,2065.0,30800
2026-07-28,2070.0,2074.0,2027.0,2034.0,39700
2026-07-29,2030.0,2038.0,2005.0,2022.0,36400
2026-07-30,2038.0,2059.0,2020.0,2037.0,95300
2026-07-31,2111.0,2111.0,2027.0,2033.0,65600
2026-08-03,2015.0,2015.0,1970.0,1977.0,71100
2026-08-04,2002.0,2013.0,1990.0,2002.0,35500
2026-08-05,2028.0,2041.0,2001.0,2040.0,18300
2026-08-06,2047.0,2057.0,2026.0,2037.0,23600
2026-08-07,2037.0,2047.0,1995.0,2002.0,48200
2026-08-10,2052.0,2112.0,2023.0,2059.0,74500
2026-08-12,2065.0,2140.0,2059.0,2140.0,46500
2026-08-13,2140.0,2175.0,2120.0,2159.0,59500
2026-08-14,2140.0,2175.0,2139.0,2175.0,46200
2026-08-17,2180.0,2180.0,2154.0,2172.0,34200
2026-08-18,2178.0,2197.0,2155.0,2167.0,37400
2026-08-19,2143.0,2147.0,2100.0,2123.0,58100
2026-08-20,2130.0,2145.0,2121.0,2135.0,21100
2026-08-21,2143.0,2163.0,2122.0,2160.0,30800
2026-08-24,2164.0,2178.0,2156.0,2165.0,31800
2026-08-25,2178.0,2180.0,2140.0,2157.0,40200
2026-08-26,2168.0,2199.0,2167.0,2177.0,24000
2026-08-27,2158.0,2179.0,2152.0,2161.0,35100
2026-08-28,2172.0,2199.0,2166.0,2199.0,41700
2026-08-31,2200.0,2215.0,2179.0,2213.0,42500
2026-09-01,2213.0,2217.0,2198.0,2213.0,37200
2026-09-02,2213.0,2213.0,2180.0,2201.0,23500
2026-09-03,2191.0,2199.0,2141.0,2147.0,62200
2026-09-04,2142.0,2185.0,2142.0,2172.0,27600
2026-09-07,2180.0,2183.0,2170.0,2177.0,17800
2026-09-08,2171.0,2171.0,2150.0,2151.0,27000
2026-09-09,2152.0,2152.0,2115.0,2129.0,30800
2026-09-10,2128.0,2128.0,2089.0,2089.0,31400
2026-09-11,2074.0,2106.0,2056.0,2102.0,25500
2026-09-14,2109.0,2164.0,2109.0,2145.0,32400
2026-09-15,2135.0,2170.0,2135.0,2165.0,27100
2026-09-16,2172.0,2190.0,2171.0,2184.0,29400
2026-09-17,2184.0,2212.0,2184.0,2212.0,33300
2026-09-18,2213.0,2231.0,2208.0,2224.0,23100
2026-09-24,2224.0,2228.0,2194.0,2194.0,34000
2026-09-25,2195.0,2215.0,2194.0,2200.0,28100
2026-09-28,2192.0,2208.0,2175.0,2175.0,59700
2026-09-29,2115.0,2141.0,2106.0,2111.0,27100
2026-09-30,2124.0,2148.0,2112.0,2145.0,17100
