Date,Open,High,Low,Close,Volume
2012-12-19,254.0,299.5,250.0,299.5,47801600
2012-12-20,312.5,374.5,309.75,362.5,28997200
2012-12-21,377.5,387.5,345.5,355.75,15501200
2012-12-25,375.0,391.0,365.5,387.5,9769200
2012-12-26,382.0,402.5,371.0,397.25,8404400
2012-12-27,402.5,404.75,375.0,387.25,5155600
2012-12-28,380.0,387.0,366.25,381.5,3320400
2013-01-04,386.5,409.5,372.5,401.25,5674800
2013-01-07,420.0,493.75,413.75,440.75,12679200
2013-01-08,441.75,491.75,430.5,484.25,10336800
2013-01-09,494.25,494.75,467.75,474.0,5754400
2013-01-10,454.0,467.5,440.0,443.25,6911200
2013-01-11,457.5,457.5,420.0,431.75,4386000
2013-01-15,440.0,457.5,431.25,450.5,3680000
2013-01-16,455.0,492.0,449.75,469.75,9240800
2013-01-17,459.75,465.0,432.25,457.5,4573600
2013-01-18,462.25,467.25,447.5,457.0,2474400
2013-01-21,462.25,479.75,458.25,477.75,3452000
2013-01-22,487.5,547.0,483.75,537.0,16807600
2013-01-23,521.75,532.0,505.25,522.5,6743600
2013-01-24,535.0,562.25,519.0,557.0,9013200
2013-01-25,563.5,593.0,550.25,585.0,10812400
2013-01-28,577.75,595.0,557.5,577.0,5345200
2013-01-29,575.0,588.75,562.75,571.5,3593200
2013-01-30,566.5,597.5,547.5,597.5,7969600
2013-01-31,600.0,614.5,585.0,589.0,5206400
2013-02-01,586.5,591.75,569.75,572.0,2497200
2013-02-04,572.5,592.25,564.0,576.25,2305200
2013-02-05,573.75,588.75,568.0,584.25,2198000
2013-02-06,625.25,659.5,618.0,625.0,9825600
2013-02-07,618.0,674.0,614.0,672.0,7051600
2013-02-08,687.5,797.5,684.5,797.5,19004000
2013-02-12,825.0,832.5,713.25,728.5,10065600
2013-02-13,722.5,815.0,699.5,747.0,13136000
2013-02-14,725.0,742.0,688.5,689.0,4495200
2013-02-15,678.0,710.5,592.75,665.25,7834000
2013-02-18,690.25,723.75,687.5,701.0,4752800
2013-02-19,692.5,708.0,675.0,681.75,1987600
2013-02-20,676.0,711.25,675.25,682.25,3460400
2013-02-21,687.5,688.0,663.25,672.5,2041600
2013-02-22,670.0,688.0,655.25,677.5,1709600
2013-02-25,685.0,709.75,675.25,701.0,2624000
2013-02-26,678.0,706.0,678.0,686.25,1878800
2013-02-27,696.0,700.0,678.75,678.75,1193200
2013-02-28,684.0,686.25,662.75,665.0,1973200
2013-03-01,652.5,661.25,632.5,651.75,3220000
2013-03-04,659.5,678.75,653.75,668.0,2045600
2013-03-05,705.5,743.75,690.5,740.5,8406400
2013-03-06,767.5,768.75,738.75,753.75,6629200
2013-03-07,760.0,760.0,725.25,733.75,2402800
2013-03-08,717.75,762.5,693.75,742.25,4177200
2013-03-11,739.25,793.75,738.0,788.75,6873600
2013-03-12,805.0,886.25,792.5,885.0,12184800
2013-03-13,850.0,902.5,845.0,866.25,5592800
2013-03-14,861.25,920.0,860.0,898.75,5852400
2013-03-15,933.75,950.0,883.75,892.5,6024000
2013-03-18,875.0,918.75,865.0,888.75,2580800
2013-03-19,911.25,931.25,901.25,926.25,3696400
2013-03-21,926.25,927.5,878.75,905.0,3157200
2013-03-22,893.75,912.5,871.25,871.25,2003200
2013-03-25,871.25,900.0,838.75,857.5,2754800
2013-03-26,845.0,867.5,841.25,846.25,1312400
2013-03-27,847.5,922.5,847.5,901.25,4191600
2013-03-28,920.0,920.0,871.25,896.25,2084400
2013-03-29,910.0,910.0,877.5,881.25,1264400
2013-04-01,863.75,877.5,817.5,821.25,2228400
2013-04-02,737.5,835.0,730.0,808.75,2802000
2013-04-03,823.75,836.25,790.0,798.75,1595200
2013-04-04,775.0,853.75,775.0,852.5,2411200
2013-04-05,905.0,910.0,862.5,880.0,3808400
2013-04-08,912.5,991.25,895.0,987.5,9834000
2013-04-09,1022.5,1026.25,963.75,981.25,5543200
2013-04-10,971.25,1006.25,967.5,985.0,2462800
2013-04-11,978.75,998.75,948.75,972.5,2405200
2013-04-12,960.0,983.75,942.5,943.75,2014400
2013-04-15,926.25,942.5,897.5,910.0,2183600
2013-04-16,878.75,947.5,875.0,912.5,2392800
2013-04-17,925.0,977.5,920.0,968.75,2642400
2013-04-18,985.0,1005.0,956.25,968.75,3806000
2013-04-19,975.0,986.25,967.5,977.5,1338800
2013-04-22,1000.0,1022.5,987.5,1010.0,3476800
2013-04-23,1010.0,1030.0,987.5,1006.25,2063600
2013-04-24,1023.75,1037.5,988.75,1007.5,3038000
2013-04-25,998.75,1006.25,963.75,977.5,1868400
2013-04-26,975.0,1005.0,966.25,992.5,2993600
2013-04-30,1005.0,1043.75,991.25,1040.0,2977200
2013-05-01,1057.5,1120.0,1052.5,1097.5,7484400
2013-05-02,1103.75,1105.0,1050.0,1096.25,2842400
2013-05-07,1125.0,1150.0,1100.0,1137.5,4765200
2013-05-08,1087.5,1162.5,1082.5,1103.75,4342400
2013-05-09,1108.75,1110.0,1043.75,1052.5,2868400
2013-05-10,1066.25,1078.75,1021.25,1033.75,2666000
2013-05-13,1051.25,1095.0,1048.75,1077.5,2353200
2013-05-14,1086.25,1092.5,1042.5,1043.75,1522000
2013-05-15,1055.0,1056.25,943.75,981.25,3182800
2013-05-16,971.25,1036.25,927.5,992.5,3586400
2013-05-17,991.25,1030.0,957.5,1020.0,2163200
2013-05-20,1040.0,1046.25,1018.75,1026.25,1463200
2013-05-21,1010.0,1023.75,972.5,977.5,1440800
2013-05-22,960.0,993.75,946.25,963.75,1799200
2013-05-23,957.5,961.25,788.75,871.25,8880400
2013-05-24,887.5,911.25,825.0,888.75,2902000
2013-05-27,840.0,882.5,832.5,865.0,1192000
2013-05-28,830.0,880.0,828.75,860.0,1305600
2013-05-29,875.0,893.75,857.5,873.75,959200
2013-05-30,847.5,872.5,826.25,847.5,1131200
2013-05-31,847.5,862.5,815.0,836.25,1100000
2013-06-03,823.75,842.5,783.75,788.75,1867600
2013-06-04,771.25,798.75,737.5,797.5,1389200
2013-06-05,780.0,828.75,771.25,782.5,1253200
2013-06-06,752.5,766.25,706.5,726.75,1804400
2013-06-07,701.75,818.75,701.75,777.5,3636400
2013-06-10,837.5,920.0,815.0,892.5,2116400
2013-06-11,875.0,887.5,832.5,862.5,948400
2013-06-12,827.5,851.25,806.25,843.75,1228400
2013-06-13,817.5,825.0,773.75,775.0,856000
2013-06-14,810.0,815.0,752.5,755.0,1367200
2013-06-17,750.0,770.0,736.75,762.5,884000
2013-06-18,772.5,793.75,761.25,790.0,536400
2013-06-19,811.25,818.75,772.5,796.25,850800
2013-06-20,787.5,792.5,753.75,760.0,699200
2013-06-21,730.0,803.75,728.75,802.5,1451600
2013-06-24,801.25,815.0,787.5,803.75,858800
2013-06-25,786.25,798.75,765.0,783.75,881200
2013-06-26,787.5,787.5,745.0,751.25,884000
2013-06-27,768.75,787.5,730.0,783.75,1138400
2013-06-28,801.25,802.5,785.0,790.0,1149600
2013-07-01,798.75,846.25,788.75,840.0,1287200
2013-07-02,862.5,885.0,848.75,885.0,1265600
2013-07-03,890.0,891.25,866.25,880.0,923600
2013-07-04,870.0,920.0,870.0,912.5,1131200
2013-07-05,920.0,937.5,902.5,912.5,942000
2013-07-08,932.5,942.5,885.0,897.5,1188000
2013-07-09,892.5,910.0,868.75,893.75,910400
2013-07-10,897.5,905.0,876.25,883.75,410400
2013-07-11,875.0,892.5,867.5,891.25,600800
2013-07-12,903.75,906.25,885.0,893.75,455600
2013-07-16,910.0,921.25,897.5,903.75,660400
2013-07-17,911.25,930.0,901.25,926.25,1100400
2013-07-18,935.0,956.25,933.75,952.5,10454000
2013-07-19,962.5,967.5,917.5,948.75,1630000
2013-07-22,958.75,982.5,950.0,971.25,1375600
2013-07-23,972.5,980.0,960.0,976.25,1906800
2013-07-24,980.0,985.0,963.75,982.5,991600
2013-07-25,987.5,987.5,951.25,952.5,1059200
2013-07-26,956.25,966.25,911.25,937.5,2002800
2013-07-29,902.5,926.25,875.0,880.0,1384000
2013-07-30,865.0,921.25,860.0,906.25,1188400
2013-07-31,895.0,901.25,860.0,865.0,782800
2013-08-01,857.5,897.5,857.5,897.5,664400
2013-08-02,915.0,952.5,913.75,952.5,732800
2013-08-05,952.5,968.75,940.0,966.25,428000
2013-08-06,945.0,971.25,905.0,971.25,1087600
2013-08-07,953.75,962.5,937.5,942.5,679600
2013-08-08,941.25,953.75,915.0,921.25,672000
2013-08-09,925.0,943.75,911.25,913.75,622000
2013-08-12,907.5,917.5,885.0,891.25,458400
2013-08-13,905.0,933.75,905.0,927.5,438000
2013-08-14,910.0,945.0,905.0,936.25,555200
2013-08-15,926.25,936.25,913.75,918.75,459600
2013-08-16,907.5,970.0,907.5,958.75,867200
2013-08-19,975.0,987.5,963.75,987.5,884800
2013-08-20,975.0,978.75,950.0,955.0,593200
2013-08-21,950.0,953.75,925.0,946.25,393600
2013-08-22,945.0,945.0,918.75,927.5,357200
2013-08-23,950.0,963.75,898.75,906.25,698800
2013-08-26,913.75,917.5,882.5,896.25,328400
2013-08-27,883.75,892.5,876.25,887.5,397200
2013-08-28,862.5,868.75,855.0,858.75,402400
2013-08-29,858.75,867.5,851.25,867.5,250800
2013-08-30,876.25,880.0,862.5,872.5,246800
2013-09-02,877.5,922.5,873.75,922.5,361600
2013-09-03,940.0,945.0,920.0,930.0,371600
2013-09-04,912.5,943.75,912.5,926.25,456000
2013-09-05,935.0,936.25,913.75,925.0,385600
2013-09-06,926.25,930.0,897.5,910.0,363200
2013-09-09,960.0,960.0,923.75,933.75,364000
2013-09-10,937.5,942.5,922.5,941.25,307600
2013-09-11,942.5,945.0,931.25,938.75,320800
2013-09-12,947.5,961.25,931.25,958.75,594000
2013-09-13,960.0,1015.0,956.25,1012.5,2006000
2013-09-17,1040.0,1060.0,1031.25,1035.0,1604000
2013-09-18,1028.75,1050.0,1016.25,1031.25,664400
2013-09-19,1042.5,1067.5,1042.5,1063.75,1136400
2013-09-20,1075.0,1075.0,1045.0,1063.75,703600
2013-09-24,1052.5,1053.75,1026.25,1043.75,620400
2013-09-25,1060.0,1066.25,1040.0,1062.5,998400
2013-09-26,1050.0,1085.0,1050.0,1085.0,817600
2013-09-27,1090.0,1106.25,1087.5,1103.75,908800
2013-09-30,1086.25,1097.5,1071.25,1081.25,375200
2013-10-01,1067.5,1107.5,1066.25,1102.5,770800
2013-10-02,1096.25,1100.0,1065.0,1073.75,741200
2013-10-03,1060.0,1082.5,1056.25,1075.0,608800
2013-10-04,1062.5,1106.25,1062.5,1097.5,831200
2013-10-07,1100.0,1107.5,1030.0,1035.0,1035200
2013-10-08,1026.25,1051.25,1008.75,1048.75,1260000
2013-10-09,1050.0,1090.0,1025.0,1085.0,681600
2013-10-10,1090.0,1093.75,1070.0,1085.0,550800
2013-10-11,1100.0,1107.5,1090.0,1098.75,571200
2013-10-15,1098.75,1100.0,1070.0,1077.5,503200
2013-10-16,1067.5,1078.75,1055.0,1056.25,289200
2013-10-17,1081.25,1085.0,1063.75,1075.0,295600
2013-10-18,1072.5,1075.0,1057.5,1067.5,329600
2013-10-21,1067.5,1075.0,1058.75,1075.0,267200
2013-10-22,1075.0,1075.0,1055.0,1057.5,366000
2013-10-23,1052.5,1083.75,1051.25,1051.25,621600
2013-10-24,1058.75,1073.75,1040.0,1072.5,813200
2013-10-25,1078.75,1078.75,1053.75,1060.0,413200
2013-10-28,1075.0,1075.0,1063.75,1065.0,296400
2013-10-29,1062.5,1072.5,1052.5,1052.5,595200
2013-10-30,1072.5,1095.0,1063.75,1090.0,1270000
2013-10-31,1091.25,1091.25,1051.25,1055.0,565200
2013-11-01,1051.25,1057.5,1016.25,1033.75,436000
2013-11-05,1048.75,1058.75,1042.5,1056.25,583600
2013-11-06,1038.75,1038.75,993.75,1000.0,1187200
2013-11-07,997.5,1043.75,997.5,1020.0,1088800
2013-11-08,1012.5,1033.75,1000.0,1025.0,910800
2013-11-11,1048.75,1073.75,1043.75,1053.75,890400
2013-11-12,1053.75,1087.5,1052.5,1087.5,1000800
2013-11-13,1092.5,1115.0,1091.25,1102.5,994000
2013-11-14,1102.5,1120.0,1082.5,1090.0,1282400
2013-11-15,1112.5,1198.75,1112.5,1173.75,2498000
2013-11-18,1181.25,1220.0,1135.0,1143.75,2350400
2013-11-19,1161.25,1162.5,1137.5,1150.0,526000
2013-11-20,1163.75,1235.0,1162.5,1216.25,2262400
2013-11-21,1223.75,1223.75,1191.25,1213.75,1106800
2013-11-22,1225.0,1235.0,1197.5,1206.25,1026400
2013-11-25,1201.25,1216.25,1193.75,1201.25,599600
2013-11-26,1177.5,1197.5,1170.0,1188.75,592800
2013-11-27,1177.5,1208.75,1175.0,1196.25,537600
2013-11-28,1211.25,1216.25,1190.0,1201.25,342400
2013-11-29,1196.25,1207.5,1170.0,1181.25,642800
2013-12-02,1185.0,1208.75,1183.75,1201.25,434800
2013-12-03,1202.5,1207.5,1157.5,1160.0,706400
2013-12-04,1132.5,1153.75,1128.75,1128.75,734800
2013-12-05,1130.0,1167.5,1130.0,1153.75,636000
2013-12-06,1166.25,1196.25,1166.25,1191.25,917600
2013-12-09,1210.0,1225.0,1200.0,1222.5,784800
2013-12-10,1222.5,1222.5,1166.25,1172.5,836800
2013-12-11,1172.5,1172.5,1140.0,1155.0,550000
2013-12-12,1147.5,1148.75,1131.25,1140.0,400000
2013-12-13,1137.5,1166.25,1137.5,1150.0,561600
2013-12-16,1152.5,1160.0,1110.0,1111.25,603600
2013-12-17,1113.75,1132.5,1106.25,1113.75,377200
2013-12-18,1098.75,1122.5,1092.5,1100.0,710400
2013-12-19,1123.75,1147.5,1118.75,1138.75,750400
2013-12-20,1146.25,1151.25,1130.0,1138.75,404000
2013-12-24,1148.75,1162.5,1112.5,1117.5,405200
2013-12-25,1107.5,1128.75,1102.5,1123.75,750800
2013-12-26,1142.5,1160.0,1137.5,1155.0,372400
2013-12-27,1150.0,1155.0,1130.0,1151.25,396800
2013-12-30,1161.25,1161.25,1146.25,1150.0,316000
2014-01-06,1151.25,1186.25,1141.25,1172.5,664000
2014-01-07,1161.25,1161.25,1135.0,1141.25,544400
2014-01-08,1150.0,1161.25,1128.75,1138.75,385200
2014-01-09,1142.5,1157.5,1138.75,1145.0,502400
2014-01-10,1138.75,1147.5,1130.0,1146.25,416800
2014-01-14,1125.0,1125.0,1095.0,1102.5,537200
2014-01-15,1107.5,1121.25,1092.5,1105.0,436000
2014-01-16,1120.0,1131.25,1111.25,1112.5,297600
2014-01-17,1101.25,1103.75,1085.0,1098.75,422400
2014-01-20,1108.75,1110.0,1093.75,1102.5,237200
2014-01-21,1137.5,1156.25,1128.75,1147.5,614000
2014-01-22,1150.0,1166.25,1132.5,1155.0,478800
2014-01-23,1167.5,1191.25,1158.75,1186.25,916000
2014-01-24,1176.25,1262.5,1163.75,1240.0,2155200
2014-01-27,1218.75,1230.0,1210.0,1220.0,1534000
2014-01-28,1237.5,1297.5,1225.0,1260.0,1556800
2014-01-29,1277.5,1305.0,1246.25,1270.0,988800
2014-01-30,1232.5,1265.0,1217.5,1228.75,1089200
2014-01-31,1241.25,1248.75,1187.5,1210.0,574400
2014-02-03,1196.25,1198.75,1150.0,1155.0,483200
2014-02-04,1086.25,1198.75,1086.25,1142.5,1393600
2014-02-05,1160.0,1235.0,1142.5,1227.5,1198000
2014-02-06,1140.0,1162.5,1090.0,1127.5,2696000
2014-02-07,1140.0,1151.25,1038.75,1053.75,2826800
2014-02-10,1025.0,1086.25,952.5,1075.0,5878000
2014-02-12,1105.0,1121.25,1095.0,1100.0,1216000
2014-02-13,1106.25,1116.25,1083.75,1097.5,724400
2014-02-14,1097.5,1105.0,1060.0,1070.0,597600
2014-02-17,1087.5,1107.5,1077.5,1095.0,754000
2014-02-18,1106.25,1125.0,1085.0,1121.25,754000
2014-02-19,1111.25,1116.25,1090.0,1093.75,401600
2014-02-20,1082.5,1091.25,1048.75,1052.5,696800
2014-02-21,1057.5,1073.75,1052.5,1068.75,365600
2014-02-24,1077.5,1118.75,1067.5,1117.5,1040400
2014-02-25,1135.0,1157.5,1131.25,1148.75,787600
2014-02-26,1174.0,1225.0,1150.0,1170.5,812600
2014-02-27,1174.0,1203.0,1174.0,1184.0,680400
2014-02-28,1177.0,1192.5,1137.0,1153.0,386000
2014-03-03,1142.5,1175.0,1117.5,1148.5,508000
2014-03-04,1129.0,1142.5,1121.0,1133.0,288200
2014-03-05,1139.0,1186.5,1139.0,1166.0,447800
2014-03-06,1161.0,1186.0,1160.5,1175.0,437200
2014-03-07,1197.5,1210.0,1171.0,1189.0,316200
2014-03-10,1190.0,1200.0,1185.0,1196.5,436400
2014-03-11,1187.5,1224.5,1187.5,1222.0,343400
2014-03-12,1219.0,1253.5,1200.0,1235.0,1059600
2014-03-13,1215.5,1222.5,1200.0,1204.0,453400
2014-03-14,1200.0,1208.0,1168.0,1176.5,742000
2014-03-17,1174.0,1220.5,1169.5,1207.0,464000
2014-03-18,1245.0,1282.0,1234.5,1273.0,1169200
2014-03-19,1289.5,1322.5,1285.0,1305.5,1135600
2014-03-20,1310.0,1333.0,1295.0,1329.0,1600200
2014-03-24,1339.0,1432.0,1316.0,1403.0,1555800
2014-03-25,1394.5,1465.0,1297.5,1311.0,2887200
2014-03-26,1298.5,1349.5,1265.5,1281.0,1158400
2014-03-27,1268.0,1280.0,1254.5,1271.5,703400
2014-03-28,1270.0,1315.0,1263.5,1311.0,680800
2014-03-31,1344.0,1376.5,1317.5,1361.5,949000
2014-04-01,1350.0,1364.5,1322.0,1344.0,542800
2014-04-02,1340.0,1357.5,1314.0,1343.5,675600
2014-04-03,1352.5,1397.5,1340.0,1388.5,637400
2014-04-04,1383.5,1397.5,1337.5,1344.5,751400
2014-04-07,1319.0,1339.5,1305.0,1311.0,462200
2014-04-08,1301.5,1312.5,1284.0,1288.5,622600
2014-04-09,1288.0,1324.0,1277.0,1308.5,888000
2014-04-10,1321.5,1376.0,1300.0,1303.5,872200
2014-04-11,1287.5,1300.0,1260.5,1288.0,612200
2014-04-14,1284.0,1306.5,1262.0,1265.0,381400
2014-04-15,1267.5,1272.5,1206.5,1211.0,867000
2014-04-16,1211.0,1227.0,1208.5,1227.0,1253400
2014-04-17,1288.5,1295.0,1223.0,1240.5,1387800
2014-04-18,1242.5,1260.0,1219.5,1259.0,507200
2014-04-21,1284.0,1297.5,1219.0,1220.5,602000
2014-04-22,1223.5,1264.5,1219.0,1225.0,552800
2014-04-23,1231.0,1246.0,1228.0,1244.0,587400
2014-04-24,1236.5,1260.0,1200.5,1216.0,924800
2014-04-25,1216.0,1239.0,1203.5,1235.5,618000
2014-04-28,1207.5,1219.0,1134.0,1163.0,1071600
2014-04-30,1175.5,1191.0,1134.5,1143.5,740600
2014-05-01,1168.5,1213.5,1160.0,1212.0,1005600
2014-05-02,1212.0,1247.0,1205.5,1244.5,744800
2014-05-07,1205.5,1233.0,1173.0,1220.5,1176000
2014-05-08,1195.5,1247.5,1195.5,1233.0,641200
2014-05-09,1237.0,1283.0,1234.0,1271.0,917800
2014-05-12,1280.5,1294.5,1240.5,1242.0,558400
2014-05-13,1250.0,1300.0,1250.0,1279.0,723800
2014-05-14,1281.5,1324.5,1273.5,1307.5,647800
2014-05-15,1276.5,1294.0,1253.0,1272.5,491600
2014-05-16,1270.0,1275.0,1245.0,1270.0,610000
2014-05-19,1293.5,1304.5,1242.0,1246.5,658600
2014-05-20,1225.5,1247.0,1204.0,1229.5,663200
2014-05-21,1204.5,1225.0,1200.0,1216.0,460600
2014-05-22,1218.5,1250.0,1217.0,1239.0,488800
2014-05-23,1244.0,1249.0,1218.5,1234.0,439400
2014-05-26,1250.5,1288.5,1250.5,1282.0,446000
2014-05-27,1282.0,1282.0,1250.0,1252.5,393200
2014-05-28,1262.5,1280.0,1256.0,1269.5,499400
2014-05-29,1262.5,1269.5,1243.0,1246.5,529400
2014-05-30,1248.0,1259.0,1236.0,1254.5,562200
2014-06-02,1254.5,1254.5,1254.5,1254.5,0
2014-06-03,1319.5,1345.0,1315.0,1325.0,434000
2014-06-04,1325.5,1356.0,1300.5,1355.0,439800
2014-06-05,1350.0,1363.0,1333.5,1342.0,284600
2014-06-06,1349.0,1353.5,1322.0,1325.0,442000
2014-06-09,1326.0,1352.0,1317.0,1319.0,295600
2014-06-10,1323.5,1337.5,1304.5,1322.5,430400
2014-06-11,1330.0,1346.5,1305.5,1314.5,506800
2014-06-12,1314.5,1314.5,1262.0,1276.0,812400
2014-06-13,1265.0,1303.5,1265.0,1294.5,553600
2014-06-16,1319.5,1320.0,1261.0,1276.0,365800
2014-06-17,1325.0,1329.0,1295.5,1306.0,771000
2014-06-18,1306.5,1319.5,1288.5,1314.0,812000
2014-06-19,1318.5,1344.0,1313.5,1340.5,584000
2014-06-20,1337.5,1408.5,1333.0,1392.0,1682400
2014-06-23,1377.5,1395.0,1366.0,1368.5,348600
2014-06-24,1378.0,1399.5,1369.0,1379.5,414600
2014-06-25,1392.0,1420.0,1380.5,1387.0,829800
2014-06-26,1389.0,1392.5,1359.5,1369.0,417000
2014-06-27,1364.0,1376.5,1337.5,1347.5,512800
2014-06-30,1360.5,1382.5,1342.0,1378.0,543800
2014-07-01,1386.5,1399.5,1376.0,1387.5,533400
2014-07-02,1392.5,1402.0,1382.5,1385.5,548400
2014-07-03,1385.5,1410.0,1385.5,1393.5,568800
2014-07-04,1400.0,1406.5,1363.0,1365.5,497400
2014-07-07,1374.5,1377.5,1366.5,1373.5,511400
2014-07-08,1378.0,1384.5,1371.0,1381.0,913000
2014-07-09,1380.0,1397.5,1376.0,1395.0,1524400
2014-07-10,1397.5,1422.5,1394.5,1398.0,1405800
2014-07-11,1382.5,1398.0,1373.0,1385.0,464200
2014-07-14,1392.5,1396.0,1378.0,1390.5,338400
2014-07-15,1402.5,1409.5,1386.0,1395.5,676600
2014-07-16,1387.5,1404.0,1358.0,1360.0,1104400
2014-07-17,1365.0,1374.0,1341.0,1343.5,1063200
2014-07-18,1316.5,1338.5,1301.0,1329.5,635000
2014-07-22,1335.0,1343.0,1312.5,1334.0,640400
2014-07-23,1342.5,1347.5,1309.0,1314.0,480200
2014-07-24,1301.0,1301.5,1262.5,1266.5,988000
2014-07-25,1281.0,1287.0,1265.5,1284.5,491000
2014-07-28,1270.0,1293.0,1267.5,1292.5,355400
2014-07-29,1282.5,1299.5,1279.5,1295.0,591000
2014-07-30,1304.5,1329.0,1296.5,1325.5,608600
2014-07-31,1343.5,1350.0,1319.0,1320.5,405600
2014-08-01,1294.5,1312.5,1288.5,1298.0,384000
2014-08-04,1295.0,1309.5,1280.5,1299.5,352200
2014-08-05,1293.0,1305.5,1256.5,1259.0,739000
2014-08-06,1290.0,1328.0,1272.0,1323.5,1206400
2014-08-07,1322.0,1377.5,1313.5,1375.0,1505400
2014-08-08,1355.0,1379.0,1333.0,1351.5,1266800
2014-08-11,1367.0,1381.0,1333.5,1337.5,748400
2014-08-12,1333.0,1370.5,1331.0,1362.5,651400
2014-08-13,1367.0,1376.0,1351.0,1363.5,332400
2014-08-14,1368.5,1376.5,1352.5,1371.0,279600
2014-08-15,1378.0,1393.5,1371.5,1389.0,343000
2014-08-18,1388.5,1399.0,1384.5,1388.0,306400
2014-08-19,1390.0,1397.0,1388.0,1393.5,429800
2014-08-20,1391.5,1404.0,1383.5,1391.5,727000
2014-08-21,1399.5,1409.0,1379.0,1392.5,667600
2014-08-22,1404.0,1420.0,1386.5,1390.5,554400
2014-08-25,1414.0,1414.0,1393.5,1405.5,434800
2014-08-26,1406.5,1409.5,1392.5,1396.0,375200
2014-08-27,1398.0,1407.0,1383.0,1388.0,274200
2014-08-28,1387.5,1398.5,1363.0,1372.0,372600
2014-08-29,1376.5,1395.5,1369.5,1393.0,509200
2014-09-01,1399.0,1408.5,1380.5,1393.5,493200
2014-09-02,1393.0,1417.0,1393.0,1409.5,408000
2014-09-03,1425.0,1477.0,1417.0,1463.5,1142400
2014-09-04,1463.5,1470.5,1432.5,1468.0,846000
2014-09-05,1489.0,1499.5,1451.0,1458.5,416000
2014-09-08,1483.5,1525.0,1475.0,1488.5,727600
2014-09-09,1510.0,1510.0,1466.0,1479.0,475400
2014-09-10,1475.0,1488.5,1461.0,1483.0,576000
2014-09-11,1495.5,1500.0,1457.0,1463.0,500000
2014-09-12,1453.0,1453.0,1417.5,1433.5,841600
2014-09-16,1435.5,1471.0,1428.5,1464.0,844800
2014-09-17,1462.0,1462.5,1443.0,1446.0,416800
2014-09-18,1446.0,1452.5,1429.5,1450.5,347200
2014-09-19,1465.0,1479.0,1450.0,1468.5,2279800
2014-09-22,1480.0,1498.5,1462.0,1494.0,864400
2014-09-24,1496.5,1525.0,1473.5,1492.5,650600
2014-09-25,1505.0,1547.5,1502.5,1527.5,630800
2014-09-26,1502.5,1522.5,1495.0,1510.0,303400
2014-09-29,1510.0,1515.0,1490.5,1510.0,309400
2014-09-30,1515.0,1535.0,1500.0,1530.0,466400
2014-10-01,1542.5,1552.5,1522.5,1532.5,542800
2014-10-02,1507.5,1530.0,1502.5,1505.0,516400
2014-10-03,1495.0,1537.5,1495.0,1530.0,502000
2014-10-06,1555.0,1582.5,1547.5,1572.5,447200
2014-10-07,1567.5,1590.0,1532.5,1537.5,488400
2014-10-08,1522.5,1552.5,1522.5,1547.5,433200
2014-10-09,1550.0,1555.0,1520.0,1527.5,502200
2014-10-10,1496.5,1530.0,1494.5,1527.5,489600
2014-10-14,1492.5,1547.5,1485.0,1537.5,747800
2014-10-15,1560.0,1580.0,1510.0,1525.0,797600
2014-10-16,1510.0,1522.5,1500.0,1502.5,588800
2014-10-17,1520.0,1557.5,1505.0,1510.0,622600
2014-10-20,1575.0,1635.0,1572.5,1617.5,1116600
2014-10-21,1630.0,1652.5,1607.5,1617.5,837400
2014-10-22,1645.0,1665.0,1622.5,1637.5,646400
2014-10-23,1625.0,1637.5,1597.5,1600.0,435600
2014-10-24,1630.0,1635.0,1612.5,1615.0,328000
2014-10-27,1750.0,1767.5,1557.5,1572.5,2721200
2014-10-28,1555.0,1562.5,1505.0,1515.0,1653200
2014-10-29,1540.0,1555.0,1505.0,1550.0,1376200
2014-10-30,1565.0,1655.0,1560.0,1640.0,2166200
2014-10-31,1627.5,1747.5,1620.0,1740.0,1590600
2014-11-04,1852.5,1860.0,1775.0,1827.5,1864400
2014-11-05,1800.0,1852.5,1772.5,1845.0,792600
2014-11-06,1875.0,1875.0,1802.5,1835.0,839200
2014-11-07,1800.0,1835.0,1795.0,1797.5,814200
2014-11-10,1747.5,1747.5,1747.5,1747.5,719200
2014-11-11,1745.0,1775.0,1727.5,1762.5,599000
2014-11-12,1765.0,1807.5,1765.0,1770.0,513200
2014-11-13,1755.0,1802.5,1750.0,1800.0,462200
2014-11-14,1840.0,1842.5,1797.5,1815.0,533600
2014-11-17,1795.0,1795.0,1727.5,1740.0,510800
2014-11-18,1745.0,1797.5,1730.0,1792.5,454200
2014-11-19,1780.0,1800.0,1760.0,1777.5,321400
2014-11-20,1797.5,1810.0,1760.0,1762.5,190600
2014-11-21,1750.0,1775.0,1742.5,1770.0,362800
2014-11-25,1802.5,1887.5,1802.5,1852.5,681600
2014-11-26,1842.5,1867.5,1840.0,1857.5,384200
2014-11-27,1825.0,1852.5,1787.5,1787.5,617400
2014-11-28,1775.0,1805.0,1765.0,1777.5,637000
2014-12-01,1800.0,1827.5,1782.5,1795.0,339200
2014-12-02,1790.0,1812.5,1777.5,1802.5,251800
2014-12-03,1810.0,1857.5,1810.0,1830.0,400200
2014-12-04,1822.5,1840.0,1810.0,1812.5,371600
2014-12-05,1805.0,1832.5,1805.0,1832.5,270400
2014-12-08,1845.0,1847.5,1800.0,1805.0,775200
2014-12-09,1790.0,1800.0,1770.0,1770.0,344800
2014-12-10,1752.5,1800.0,1752.5,1772.5,471200
2014-12-11,1765.0,1767.5,1735.0,1737.5,420600
2014-12-12,1717.5,1755.0,1715.0,1725.0,455600
2014-12-15,1717.5,1737.5,1700.0,1700.0,233600
2014-12-16,1665.0,1692.5,1637.5,1652.5,393800
2014-12-17,1625.0,1685.0,1590.0,1637.5,953800
2014-12-18,1670.0,1717.5,1665.0,1667.5,831000
2014-12-19,1710.0,1722.5,1685.0,1707.5,558400
2014-12-22,1740.0,1747.5,1712.5,1727.5,309200
2014-12-24,1767.5,1767.5,1715.0,1730.0,299800
2014-12-25,1730.0,1742.5,1717.5,1722.5,206200
2014-12-26,1727.5,1742.5,1725.0,1727.5,213800
2014-12-29,1740.0,1752.5,1712.5,1730.0,213400
2014-12-30,1737.5,1737.5,1712.5,1717.5,192000
2015-01-05,1707.5,1717.5,1670.0,1692.5,392200
2015-01-06,1657.5,1680.0,1655.0,1657.5,303200
2015-01-07,1650.0,1672.5,1637.5,1640.0,316200
2015-01-08,1655.0,1705.0,1652.5,1697.5,447200
2015-01-09,1707.5,1737.5,1705.0,1725.0,418800
2015-01-13,1717.5,1717.5,1675.0,1705.0,270600
2015-01-14,1687.5,1732.5,1685.0,1722.5,373400
2015-01-15,1755.0,1785.0,1740.0,1777.5,543600
2015-01-16,1725.0,1742.5,1687.5,1695.0,534200
2015-01-19,1720.0,1722.5,1677.5,1682.5,289000
2015-01-20,1687.5,1720.0,1687.5,1720.0,190000
2015-01-21,1727.5,1742.5,1710.0,1732.5,316200
2015-01-22,1740.0,1757.5,1705.0,1720.0,217800
2015-01-23,1747.5,1800.0,1745.0,1795.0,476400
2015-01-26,1782.5,1787.5,1750.0,1767.5,346400
2015-01-27,1802.5,1827.5,1795.0,1820.0,354600
2015-01-28,1800.0,1820.0,1795.0,1812.5,254400
2015-01-29,1815.0,1865.0,1805.0,1860.0,530200
2015-01-30,1900.0,1922.5,1865.0,1890.0,689400
2015-02-02,1877.5,1885.0,1837.5,1865.0,436800
2015-02-03,1875.0,1882.5,1830.0,1872.5,636800
2015-02-04,1905.0,1915.0,1882.5,1897.5,667200
2015-02-05,1967.5,2007.5,1907.5,1932.5,1240800
2015-02-06,1907.5,1910.0,1782.5,1810.0,1294200
2015-02-09,1892.5,1982.5,1877.5,1942.5,1155800
2015-02-10,1940.0,1945.0,1895.0,1915.0,330000
2015-02-12,1942.5,1952.5,1880.0,1895.0,794000
2015-02-13,1932.5,2015.0,1932.5,1955.0,1225600
2015-02-16,1980.0,2000.0,1952.5,1970.0,443800
2015-02-17,1970.0,1972.5,1937.5,1945.0,281400
2015-02-18,1975.0,1987.5,1917.5,1930.0,591400
2015-02-19,1922.5,1945.0,1915.0,1920.0,522400
2015-02-20,1940.0,1977.5,1922.5,1965.0,428200
2015-02-23,1955.0,1965.0,1905.0,1915.0,671400
2015-02-24,1915.0,1925.0,1892.5,1907.5,475600
2015-02-25,1922.5,1942.5,1910.0,1930.0,293600
2015-02-26,1932.5,1937.5,1907.5,1925.0,362000
2015-02-27,1945.0,1992.5,1937.5,1950.0,740200
2015-03-02,1957.5,1985.0,1917.5,1917.5,710600
2015-03-03,1942.5,2027.5,1932.5,2017.5,938600
2015-03-04,2005.0,2017.5,1960.0,1997.5,488800
2015-03-05,1990.0,2020.0,1985.0,2017.5,411600
2015-03-06,2025.0,2077.5,2015.0,2042.5,807200
2015-03-09,2040.0,2090.0,2037.5,2082.5,465800
2015-03-10,2125.0,2170.0,2125.0,2152.5,1008800
2015-03-11,2187.5,2255.0,2180.0,2230.0,1090800
2015-03-12,2230.0,2312.5,2192.5,2295.0,1118200
2015-03-13,2317.5,2385.0,2310.0,2340.0,1365000
2015-03-16,2297.5,2325.0,2197.5,2227.5,1105000
2015-03-17,2217.5,2282.5,2215.0,2250.0,626800
2015-03-18,2285.0,2320.0,2250.0,2305.0,657600
2015-03-19,2307.5,2322.5,2277.5,2302.5,673600
2015-03-20,2302.5,2327.5,2287.5,2322.5,408400
2015-03-23,2362.5,2377.5,2317.5,2322.5,770200
2015-03-24,2287.5,2295.0,2250.0,2272.5,883400
2015-03-25,2245.0,2270.0,2215.0,2242.5,782400
2015-03-26,2212.5,2225.0,2190.0,2210.0,1273200
2015-03-27,2190.0,2257.5,2172.5,2207.5,773600
2015-03-30,2200.0,2287.5,2175.0,2270.0,702000
2015-03-31,2302.5,2312.5,2247.5,2252.5,521200
2015-04-01,2200.0,2212.5,2152.5,2187.5,972800
2015-04-02,2187.5,2280.0,2180.0,2252.5,813200
2015-04-03,2217.5,2282.5,2217.5,2282.5,416000
2015-04-06,2265.0,2347.5,2252.5,2340.0,592000
2015-04-07,2340.0,2397.5,2337.5,2390.0,744200
2015-04-08,2395.0,2407.5,2327.5,2350.0,597000
2015-04-09,2322.5,2352.5,2310.0,2337.5,518800
2015-04-10,2355.0,2385.0,2345.0,2370.0,595800
2015-04-13,2337.5,2400.0,2305.0,2382.5,491800
2015-04-14,2395.0,2430.0,2337.5,2347.5,579800
2015-04-15,2325.0,2360.0,2307.5,2312.5,436000
2015-04-16,2307.5,2340.0,2262.5,2307.5,921200
2015-04-17,2305.0,2342.5,2265.0,2265.0,508000
2015-04-20,2220.0,2235.0,2182.5,2215.0,1107800
2015-04-21,2230.0,2287.5,2215.0,2277.5,675800
2015-04-22,2295.0,2320.0,2265.0,2270.0,567000
2015-04-23,2280.0,2297.5,2207.5,2222.5,538400
2015-04-24,2200.0,2222.5,2190.0,2197.5,417800
2015-04-27,2195.0,2260.0,2190.0,2245.0,387400
2015-04-28,2270.0,2272.5,2242.5,2257.5,375400
2015-04-30,2262.5,2262.5,2212.5,2215.0,445600
2015-05-01,2195.0,2205.0,2155.0,2205.0,368200
2015-05-07,2160.0,2182.5,2142.5,2150.0,486000
2015-05-08,2122.5,2195.0,2105.0,2180.0,532800
2015-05-11,2215.0,2362.5,2205.0,2332.5,1109400
2015-05-12,2315.0,2352.5,2280.0,2287.5,454000
2015-05-13,2250.0,2287.5,2165.0,2177.5,1035600
2015-05-14,2155.0,2200.0,2132.5,2135.0,727600
2015-05-15,2140.0,2167.5,2130.0,2145.0,542800
2015-05-18,2180.0,2197.5,2145.0,2155.0,334200
2015-05-19,2167.5,2197.5,2162.5,2190.0,463200
2015-05-20,2215.0,2215.0,2160.0,2170.0,595800
2015-05-21,2150.0,2150.0,2100.0,2105.0,1152800
2015-05-22,2122.5,2147.5,2115.0,2142.5,386000
2015-05-25,2142.5,2147.5,2127.5,2137.5,265000
2015-05-26,2127.5,2130.0,2107.5,2120.0,234200
2015-05-27,2100.0,2100.0,2075.0,2075.0,759000
2015-05-28,2060.0,2092.5,2020.0,2067.5,1149200
2015-05-29,2060.0,2100.0,2055.0,2090.0,527400
2015-06-01,2120.0,2175.0,2107.5,2167.5,715600
2015-06-02,2187.5,2197.5,2137.5,2172.5,670000
2015-06-03,2157.5,2180.0,2145.0,2165.0,284400
2015-06-04,2145.0,2175.0,2132.5,2162.5,267000
2015-06-05,2115.0,2137.5,2110.0,2110.0,342400
2015-06-08,2110.0,2137.5,2110.0,2130.0,256600
2015-06-09,2115.0,2140.0,2100.0,2100.0,366000
2015-06-10,2107.5,2110.0,2047.5,2050.0,486800
2015-06-11,2062.5,2107.5,2057.5,2092.5,497400
2015-06-12,2115.0,2175.0,2110.0,2145.0,808800
2015-06-15,2102.5,2135.0,2080.0,2127.5,471200
2015-06-16,2115.0,2125.0,2085.0,2087.5,308200
2015-06-17,2090.0,2090.0,2052.5,2062.5,387400
2015-06-18,2067.5,2160.0,2065.0,2137.5,915800
2015-06-19,2145.0,2152.5,2117.5,2132.5,329800
2015-06-22,2125.0,2130.0,2105.0,2127.5,168000
2015-06-23,2155.0,2157.5,2137.5,2155.0,238400
2015-06-24,2172.5,2182.5,2140.0,2152.5,287400
2015-06-25,2137.5,2145.0,2105.0,2112.5,354600
2015-06-26,2130.0,2155.0,2112.5,2145.0,411200
2015-06-29,2110.0,2130.0,2080.0,2090.0,410000
2015-06-30,2100.0,2182.5,2097.5,2180.0,680000
2015-07-01,2172.5,2225.0,2152.5,2225.0,503600
2015-07-02,2255.0,2347.5,2255.0,2332.5,974000
2015-07-03,2340.0,2375.0,2290.0,2312.5,461200
2015-07-06,2262.5,2297.5,2215.0,2232.5,347600
2015-07-07,2245.0,2267.5,2217.5,2242.5,312400
2015-07-08,2242.5,2245.0,2150.0,2150.0,402800
2015-07-09,2090.0,2152.5,2060.0,2142.5,531400
2015-07-10,2140.0,2180.0,2125.0,2162.5,462200
2015-07-13,2162.5,2207.5,2152.5,2192.5,345400
2015-07-14,2227.5,2242.5,2190.0,2197.5,364600
2015-07-15,2220.0,2262.5,2205.0,2257.5,454000
2015-07-16,2265.0,2300.0,2257.5,2292.5,242600
2015-07-17,2292.5,2320.0,2262.5,2317.5,391800
2015-07-21,2337.5,2385.0,2337.5,2375.0,436200
2015-07-22,2347.5,2365.0,2325.0,2347.5,240400
2015-07-23,2317.5,2345.0,2312.5,2330.0,210000
2015-07-24,2362.5,2372.5,2320.0,2335.0,292200
2015-07-27,2317.5,2317.5,2267.5,2272.5,181800
2015-07-28,2255.0,2297.5,2235.0,2280.0,245800
2015-07-29,2252.5,2320.0,2252.5,2307.5,249400
2015-07-30,2312.5,2320.0,2292.5,2300.0,251000
2015-07-31,2300.0,2310.0,2250.0,2260.0,235800
2015-08-03,2257.5,2297.5,2247.5,2292.5,150800
2015-08-04,2342.5,2382.5,2315.0,2375.0,437200
2015-08-05,2375.0,2435.0,2352.5,2435.0,515600
2015-08-06,2330.0,2420.0,2330.0,2377.5,560000
2015-08-07,2400.0,2422.5,2355.0,2415.0,304000
2015-08-10,2375.0,2402.5,2287.5,2400.0,509600
2015-08-11,2400.0,2440.0,2367.5,2412.5,425000
2015-08-12,2377.5,2382.5,2305.0,2310.0,575400
2015-08-13,2310.0,2372.5,2310.0,2370.0,417400
2015-08-14,2360.0,2415.0,2347.5,2407.5,299400
2015-08-17,2420.0,2460.0,2415.0,2457.5,421600
2015-08-18,2470.0,2487.5,2410.0,2420.0,350400
2015-08-19,2417.5,2432.5,2377.5,2392.5,295000
2015-08-20,2392.5,2432.5,2315.0,2322.5,475200
2015-08-21,2257.5,2287.5,2220.0,2242.5,613600
2015-08-24,2142.5,2207.5,2067.5,2072.5,675000
2015-08-25,1975.0,2137.5,1947.5,2002.5,1066400
2015-08-26,2015.0,2097.5,2002.5,2087.5,560600
2015-08-27,2150.0,2160.0,2115.0,2127.5,398000
2015-08-28,2227.5,2227.5,2165.0,2182.5,483800
2015-08-31,2170.0,2187.5,2130.0,2187.5,354000
2015-09-01,2167.5,2185.0,2085.0,2085.0,449400
2015-09-02,2032.5,2107.5,2025.0,2040.0,554000
2015-09-03,2075.0,2112.5,2050.0,2067.5,366200
2015-09-04,2065.0,2067.5,1930.0,1952.5,736400
2015-09-07,1932.5,1932.5,1857.5,1920.0,593800
2015-09-08,1927.5,1935.0,1855.0,1855.0,298600
2015-09-09,1947.5,2022.5,1937.5,2022.5,411600
2015-09-10,1945.0,2022.5,1942.5,1992.5,590000
2015-09-11,1975.0,2037.5,1975.0,2015.0,395000
2015-09-14,2005.0,2012.5,1977.5,1995.0,288600
2015-09-15,2000.0,2030.0,1950.0,1955.0,291000
2015-09-16,1980.0,1980.0,1882.5,1890.0,392600
2015-09-17,1925.0,1987.5,1907.5,1985.0,383800
2015-09-18,1950.0,1965.0,1895.0,1900.0,468800
2015-09-24,1870.0,1922.5,1862.5,1867.5,468400
2015-09-25,1860.0,1877.5,1837.5,1872.5,470400
2015-09-28,1892.5,1955.0,1867.5,1940.0,413800
2015-09-29,1905.0,1937.5,1887.5,1910.0,625800
2015-09-30,1955.0,2012.5,1955.0,1975.0,759200
2015-10-01,2000.0,2112.5,1997.5,2085.0,921000
2015-10-02,2062.5,2122.5,2060.0,2097.5,667400
2015-10-05,2107.5,2117.5,2067.5,2110.0,224600
2015-10-06,2145.0,2160.0,2115.0,2117.5,419400
2015-10-07,2095.0,2112.5,2047.5,2090.0,305000
2015-10-08,2092.5,2105.0,2057.5,2070.0,297800
2015-10-09,2082.5,2085.0,2030.0,2080.0,292600
2015-10-13,2060.0,2100.0,2060.0,2067.5,331800
2015-10-14,2050.0,2062.5,2020.0,2055.0,281600
2015-10-15,2025.0,2067.5,2017.5,2057.5,269400
2015-10-16,2075.0,2090.0,2050.0,2065.0,351000
2015-10-19,2057.5,2072.5,2047.5,2060.0,162800
2015-10-20,2062.5,2075.0,2035.0,2045.0,323200
2015-10-21,2042.5,2067.5,2032.5,2062.5,435800
2015-10-22,2050.0,2050.0,1980.0,1985.0,505600
2015-10-23,2030.0,2030.0,1975.0,2012.5,631200
2015-10-26,2025.0,2050.0,2010.0,2032.5,266600
2015-10-27,2035.0,2047.5,2017.5,2017.5,206600
2015-10-28,2030.0,2030.0,1990.0,2005.0,281400
2015-10-29,2025.0,2055.0,2025.0,2042.5,530200
2015-10-30,2042.5,2072.5,2012.5,2057.5,388400
2015-11-02,2027.5,2050.0,2015.0,2042.5,379400
2015-11-04,2087.5,2092.5,2017.5,2020.0,393800
2015-11-05,2045.0,2100.0,2035.0,2090.0,319800
2015-11-06,2065.0,2085.0,2015.0,2020.0,695800
2015-11-09,2115.0,2155.0,2100.0,2125.0,786400
2015-11-10,2097.5,2180.0,2090.0,2170.0,989800
2015-11-11,2150.0,2170.0,2135.0,2152.5,511600
2015-11-12,2140.0,2155.0,2122.5,2130.0,387800
2015-11-13,2097.5,2122.5,2075.0,2110.0,421800
2015-11-16,2075.0,2105.0,2075.0,2092.5,327200
2015-11-17,2090.0,2127.5,2087.5,2112.5,363400
2015-11-18,2112.5,2115.0,2072.5,2077.5,448400
2015-11-19,2075.0,2085.0,2030.0,2042.5,996200
2015-11-20,2035.0,2065.0,2022.5,2065.0,1033800
2015-11-24,2055.0,2072.5,2042.5,2055.0,628800
2015-11-25,2040.0,2062.5,2037.5,2050.0,532400
2015-11-26,2060.0,2080.0,2055.0,2067.5,717000
2015-11-27,2075.0,2075.0,2037.5,2042.5,450200
2015-11-30,2035.0,2037.5,2015.0,2017.5,391800
2015-12-01,2030.0,2087.5,2030.0,2087.5,740600
2015-12-02,2087.5,2097.5,2075.0,2082.5,532200
2015-12-03,2082.5,2082.5,2055.0,2075.0,477400
2015-12-04,2055.0,2062.5,2037.5,2057.5,591000
2015-12-07,2070.0,2092.5,2065.0,2067.5,420600
2015-12-08,2065.0,2070.0,2025.0,2030.0,291600
2015-12-09,2025.0,2037.5,1992.5,2000.0,401200
2015-12-10,1965.0,1975.0,1957.5,1962.5,439200
2015-12-11,1935.0,1980.0,1935.0,1957.5,694400
2015-12-14,1927.5,1940.0,1912.5,1937.5,377200
2015-12-15,1957.5,1965.0,1905.0,1912.5,460800
2015-12-16,1962.5,1990.0,1960.0,1977.5,438800
2015-12-17,2022.5,2045.0,2010.0,2030.0,566400
2015-12-18,2027.5,2052.5,1992.5,2007.5,1658600
2015-12-21,1992.5,2007.5,1960.0,1992.5,343000
2015-12-22,2022.5,2050.0,2007.5,2015.0,432600
2015-12-24,2045.0,2045.0,2000.0,2000.0,348400
2015-12-25,2000.0,2000.0,2000.0,2000.0,0
2015-12-28,2005.0,2020.0,1982.5,2000.0,170600
2015-12-29,2000.0,2032.5,1982.5,2020.0,345000
2015-12-30,2035.0,2037.5,2000.0,2012.5,249200
2016-01-04,2027.5,2042.5,1972.5,1980.0,393400
2016-01-05,1970.0,1980.0,1915.0,1950.0,611200
2016-01-06,1962.5,1977.5,1940.0,1952.5,356800
2016-01-07,1952.5,1972.5,1915.0,1930.0,544200
2016-01-08,1897.5,1947.5,1892.5,1922.5,510000
2016-01-12,1900.0,1927.5,1875.0,1882.5,624800
2016-01-13,1902.5,1940.0,1892.5,1935.0,285800
2016-01-14,1875.0,1882.5,1845.0,1882.5,406600
2016-01-15,1910.0,1925.0,1867.5,1882.5,428400
2016-01-18,1832.5,1877.5,1817.5,1862.5,402400
2016-01-19,1847.5,1865.0,1810.0,1825.0,537200
2016-01-20,1822.5,1825.0,1740.0,1745.0,456200
2016-01-21,1727.5,1750.0,1680.0,1680.0,856400
2016-01-22,1750.0,1785.0,1712.5,1775.0,572200
2016-01-25,1805.0,1832.5,1787.5,1817.5,420800
2016-01-26,1787.5,1805.0,1772.5,1775.0,368800
2016-01-27,1835.0,1847.5,1812.5,1835.0,530800
2016-01-28,1825.0,1857.5,1807.5,1845.0,484600
2016-01-29,1867.5,1880.0,1772.5,1875.0,990000
2016-02-01,1927.5,2015.0,1927.5,2012.5,1297600
2016-02-02,2015.0,2042.5,1997.5,2017.5,677600
2016-02-03,1955.0,1972.5,1930.0,1952.5,493600
2016-02-04,1932.5,1972.5,1920.0,1932.5,450600
2016-02-05,1897.5,1902.5,1847.5,1880.0,473000
2016-02-08,1787.5,1842.5,1757.5,1805.0,899600
2016-02-09,1725.0,1737.5,1675.0,1697.5,742200
2016-02-10,1687.5,1695.0,1542.5,1587.5,1364600
2016-02-12,1500.0,1505.0,1452.5,1466.5,1531000
2016-02-15,1595.0,1625.0,1562.5,1600.0,1024000
2016-02-16,1595.0,1655.0,1582.5,1607.5,504000
2016-02-17,1605.0,1672.5,1605.0,1647.5,1223400
2016-02-18,1747.5,1747.5,1690.0,1710.0,1035400
2016-02-19,1710.0,1710.0,1647.5,1652.5,778400
2016-02-22,1632.5,1662.5,1615.0,1655.0,706200
2016-02-23,1652.5,1655.0,1577.5,1610.0,817200
2016-02-24,1582.5,1655.0,1575.0,1620.0,583000
2016-02-25,1620.0,1662.5,1615.0,1637.5,1601600
2016-02-26,1640.0,1725.0,1640.0,1712.5,1486000
2016-02-29,1740.0,1765.0,1682.5,1682.5,932200
2016-03-01,1680.0,1752.5,1662.5,1727.5,1377400
2016-03-02,1787.5,1805.0,1762.5,1777.5,1333800
2016-03-03,1777.5,1817.5,1760.0,1817.5,802400
2016-03-04,1817.5,1847.5,1800.0,1847.5,717800
2016-03-07,1860.0,1862.5,1795.0,1805.0,862800
2016-03-08,1797.5,1797.5,1730.0,1770.0,920800
2016-03-09,1747.5,1760.0,1727.5,1735.0,844200
2016-03-10,1732.5,1782.5,1732.5,1777.5,962800
2016-03-11,1742.5,1795.0,1740.0,1785.0,566400
2016-03-14,1810.0,1832.5,1795.0,1822.5,607000
2016-03-15,1820.0,1845.0,1812.5,1817.5,607400
2016-03-16,1815.0,1867.5,1810.0,1862.5,952000
2016-03-17,1872.5,1885.0,1827.5,1845.0,852400
2016-03-18,1837.5,1847.5,1807.5,1842.5,760600
2016-03-22,1900.0,1937.5,1875.0,1897.5,938400
2016-03-23,1902.5,1925.0,1875.0,1882.5,1171800
2016-03-24,1872.5,1892.5,1865.0,1882.5,970000
2016-03-25,1900.0,1902.5,1870.0,1882.5,734600
2016-03-28,1892.5,1927.5,1890.0,1917.5,1825600
2016-03-29,1927.5,1940.0,1882.5,1937.5,1187000
2016-03-30,1957.5,1990.0,1942.5,1955.0,1385000
2016-03-31,1980.0,1987.5,1910.0,1910.0,1074200
2016-04-01,1902.5,1902.5,1837.5,1842.5,601600
2016-04-04,1837.5,1895.0,1822.5,1850.0,784200
2016-04-05,1832.5,1842.5,1790.0,1800.0,585400
2016-04-06,1780.0,1825.0,1772.5,1805.0,543800
2016-04-07,1800.0,1860.0,1787.5,1845.0,928200
2016-04-08,1830.0,1922.5,1820.0,1907.5,1039200
2016-04-11,1890.0,1905.0,1842.5,1877.5,484800
2016-04-12,1890.0,1925.0,1880.0,1920.0,619600
2016-04-13,1945.0,1995.0,1942.5,1990.0,1123000
2016-04-14,2025.0,2062.5,1997.5,2062.5,1600800
2016-04-15,2075.0,2095.0,2042.5,2062.5,1172800
2016-04-18,1960.0,1987.5,1955.0,1960.0,496400
2016-04-19,2022.5,2030.0,2005.0,2020.0,386400
2016-04-20,2050.0,2057.5,2005.0,2022.5,615600
2016-04-21,2055.0,2067.5,2037.5,2062.5,591200
2016-04-22,2037.5,2097.5,2030.0,2092.5,600200
2016-04-25,2095.0,2097.5,2052.5,2065.0,430400
2016-04-26,2042.5,2065.0,2020.0,2037.5,365800
2016-04-27,2032.5,2082.5,2025.0,2072.5,462000
2016-04-28,2085.0,2095.0,1967.5,1970.0,563200
2016-05-02,1900.0,1952.5,1897.5,1945.0,461800
2016-05-06,1970.0,2022.5,1952.5,1965.0,580600
2016-05-09,1985.0,1987.5,1952.5,1960.0,394400
2016-05-10,1860.0,1935.0,1860.0,1877.5,1739000
2016-05-11,1925.0,1967.5,1917.5,1925.0,683800
2016-05-12,1907.5,1975.0,1907.5,1970.0,718600
2016-05-13,1970.0,1997.5,1940.0,1972.5,552200
2016-05-16,1990.0,1997.5,1952.5,1962.5,370400
2016-05-17,1967.5,1972.5,1935.0,1970.0,426600
2016-05-18,1935.0,1955.0,1900.0,1940.0,689600
2016-05-19,1920.0,1952.5,1880.0,1885.0,1174000
2016-05-20,1882.5,1922.5,1882.5,1917.5,561000
2016-05-23,1900.0,1907.5,1870.0,1900.0,396800
2016-05-24,1890.0,1892.5,1827.5,1835.0,868400
2016-05-25,1860.0,1862.5,1812.5,1817.5,975400
2016-05-26,1832.5,1837.5,1792.5,1815.0,755600
2016-05-27,1825.0,1832.5,1802.5,1815.0,502400
2016-05-30,1817.5,1825.0,1777.5,1800.0,981200
2016-05-31,1802.5,1832.5,1790.0,1825.0,788600
2016-06-01,1865.0,1912.5,1860.0,1870.0,1435800
2016-06-02,1845.0,1850.0,1785.0,1787.5,789000
2016-06-03,1787.5,1827.5,1785.0,1790.0,723600
2016-06-06,1760.0,1800.0,1755.0,1797.5,624800
2016-06-07,1817.5,1842.5,1807.5,1835.0,465600
2016-06-08,1842.5,1845.0,1807.5,1835.0,316000
2016-06-09,1832.5,1842.5,1820.0,1827.5,494800
2016-06-10,1865.0,1870.0,1832.5,1847.5,742000
2016-06-13,1825.0,1842.5,1792.5,1795.0,658000
2016-06-14,1792.5,1820.0,1755.0,1777.5,603800
2016-06-15,1785.0,1822.5,1777.5,1810.0,671800
2016-06-16,1800.0,1820.0,1747.5,1757.5,562600
2016-06-17,1792.5,1815.0,1780.0,1790.0,678400
2016-06-20,1815.0,1840.0,1800.0,1825.0,494600
2016-06-21,1797.5,1862.5,1790.0,1860.0,459200
2016-06-22,1855.0,1887.5,1840.0,1877.5,715400
2016-06-23,1885.0,1885.0,1847.5,1872.5,405000
2016-06-24,1887.5,1892.5,1732.5,1762.5,994000
2016-06-27,1780.0,1845.0,1770.0,1837.5,789800
2016-06-28,1835.0,1835.0,1785.0,1815.0,790000
2016-06-29,1867.5,1870.0,1845.0,1855.0,386200
2016-06-30,1872.5,1875.0,1842.5,1850.0,396000
2016-07-01,1875.0,1895.0,1845.0,1895.0,621400
2016-07-04,1882.5,1955.0,1880.0,1952.5,744600
2016-07-05,1952.5,1995.0,1925.0,1990.0,702200
2016-07-06,2000.0,2005.0,1945.0,2000.0,914000
2016-07-07,2000.0,2000.0,1965.0,1975.0,517200
2016-07-08,1987.5,1987.5,1922.5,1922.5,414000
2016-07-11,1922.5,1922.5,1922.5,1922.5,0
2016-07-12,2025.0,2040.0,2005.0,2020.0,805400
2016-07-13,2040.0,2047.5,1975.0,1987.5,1005800
2016-07-14,2005.0,2022.5,1982.5,2000.0,529800
2016-07-15,2015.0,2037.5,2002.5,2012.5,684800
2016-07-19,2030.0,2082.5,2020.0,2082.5,930400
2016-07-20,2070.0,2095.0,2045.0,2092.5,543800
2016-07-21,2100.0,2110.0,2055.0,2072.5,516000
2016-07-22,2042.5,2065.0,2037.5,2052.5,399200
2016-07-25,2085.0,2097.5,2065.0,2067.5,404200
2016-07-26,2050.0,2052.5,2020.0,2037.5,381400
2016-07-27,2040.0,2057.5,2005.0,2022.5,770400
2016-07-28,2002.5,2037.5,2000.0,2027.5,392000
2016-07-29,2017.5,2045.0,1982.5,2042.5,478000
2016-08-01,2040.0,2077.5,2010.0,2057.5,449400
2016-08-02,2030.0,2060.0,2027.5,2050.0,541000
2016-08-03,2015.0,2037.5,2007.5,2010.0,383600
2016-08-04,2010.0,2045.0,1975.0,2042.5,621600
2016-08-05,2047.5,2070.0,2032.5,2045.0,842000
2016-08-08,2050.0,2055.0,1930.0,1940.0,1075800
2016-08-09,1940.0,2042.5,1940.0,2035.0,583600
2016-08-10,2012.5,2030.0,2000.0,2012.5,283000
2016-08-12,2017.5,2032.5,1977.5,2017.5,349200
2016-08-15,2072.5,2097.5,2060.0,2082.5,684400
2016-08-16,2085.0,2100.0,2052.5,2075.0,724200
2016-08-17,2097.5,2122.5,2065.0,2085.0,635000
2016-08-18,2085.0,2107.5,2080.0,2082.5,495600
2016-08-19,2075.0,2085.0,2022.5,2030.0,476800
2016-08-22,2035.0,2067.5,2025.0,2057.5,413200
2016-08-23,2045.0,2080.0,2035.0,2040.0,447000
2016-08-24,2060.0,2087.5,2057.5,2062.5,338800
2016-08-25,2057.5,2060.0,2022.5,2030.0,444200
2016-08-26,2015.0,2035.0,2007.5,2015.0,478200
2016-08-29,2065.0,2067.5,2030.0,2052.5,411800
2016-08-30,2057.5,2060.0,2017.5,2017.5,1157400
2016-08-31,2052.5,2060.0,2015.0,2032.5,613800
2016-09-01,2027.5,2032.5,1960.0,1970.0,679400
2016-09-02,1965.0,1980.0,1950.0,1977.5,614200
2016-09-05,2007.5,2012.5,1970.0,1975.0,424200
2016-09-06,1992.5,2027.5,1980.0,2017.5,362200
2016-09-07,2020.0,2085.0,2020.0,2077.5,645800
2016-09-08,2067.5,2067.5,2020.0,2037.5,383800
2016-09-09,2035.0,2050.0,2007.5,2007.5,468800
2016-09-12,2000.0,2012.5,1972.5,1987.5,357200
2016-09-13,1972.5,1995.0,1970.0,1980.0,355400
2016-09-14,1967.5,2012.5,1960.0,2007.5,339600
2016-09-15,1985.0,2017.5,1985.0,1997.5,323200
2016-09-16,2000.0,2012.5,1970.0,2012.5,459400
2016-09-20,1992.5,2032.5,1990.0,2017.5,300200
2016-09-21,2020.0,2065.0,1975.0,2065.0,661600
2016-09-23,2070.0,2127.5,2050.0,2127.5,697800
2016-09-26,2107.5,2140.0,2097.5,2130.0,505800
2016-09-27,2095.0,2160.0,2080.0,2160.0,807800
2016-09-28,2160.0,2182.5,2125.0,2140.0,489400
2016-09-29,2150.0,2170.0,2142.5,2150.0,406200
2016-09-30,2092.5,2115.0,2075.0,2082.5,495800
2016-10-03,2100.0,2127.5,2092.5,2120.0,332400
2016-10-04,2102.5,2127.5,2087.5,2102.5,369200
2016-10-05,2102.5,2115.0,2075.0,2080.0,545600
2016-10-06,2065.0,2075.0,2022.5,2035.0,653200
2016-10-07,2025.0,2037.5,2020.0,2032.5,339600
2016-10-11,2075.0,2087.5,2050.0,2060.0,489800
2016-10-12,2077.5,2142.5,2072.5,2125.0,749400
2016-10-13,2132.5,2137.5,2095.0,2115.0,459000
2016-10-14,2122.5,2187.5,2120.0,2177.5,676200
2016-10-17,2177.5,2180.0,2142.5,2172.5,344400
2016-10-18,2180.0,2232.5,2180.0,2230.0,620200
2016-10-19,2242.5,2290.0,2237.5,2247.5,758400
2016-10-20,2255.0,2275.0,2242.5,2260.0,469400
2016-10-21,2235.0,2245.0,2187.5,2200.0,719000
2016-10-24,2212.5,2217.5,2180.0,2212.5,426600
2016-10-25,2202.5,2232.5,2202.5,2217.5,412800
2016-10-26,2225.0,2230.0,2195.0,2215.0,442000
2016-10-27,2222.5,2230.0,2197.5,2210.0,361200
2016-10-28,2222.5,2222.5,2172.5,2192.5,1039800
2016-10-31,2217.5,2260.0,2212.5,2260.0,551200
2016-11-01,2230.0,2232.5,2192.5,2210.0,589000
2016-11-02,2187.5,2197.5,2165.0,2180.0,370600
2016-11-04,2155.0,2185.0,2120.0,2132.5,687000
2016-11-07,2062.5,2072.5,1980.0,2032.5,1473000
2016-11-08,2057.5,2057.5,2025.0,2027.5,681800
2016-11-09,2012.5,2045.0,1942.5,1967.5,725200
2016-11-10,2017.5,2062.5,2007.5,2052.5,668800
2016-11-11,2022.5,2032.5,1922.5,1932.5,1281400
2016-11-14,1967.5,1982.5,1945.0,1960.0,868200
2016-11-15,1980.0,1980.0,1927.5,1935.0,768400
2016-11-16,1965.0,1965.0,1920.0,1940.0,1065000
2016-11-17,1930.0,1950.0,1925.0,1947.5,988600
2016-11-18,1947.5,1947.5,1920.0,1947.5,717800
2016-11-21,1960.0,1960.0,1930.0,1952.5,716400
2016-11-22,1955.0,1962.5,1942.5,1962.5,570000
2016-11-24,1970.0,1975.0,1932.5,1937.5,608800
2016-11-25,1955.0,1955.0,1935.0,1952.5,638400
2016-11-28,1945.0,1967.5,1935.0,1960.0,620600
2016-11-29,1945.0,1960.0,1935.0,1942.5,473400
2016-11-30,1957.5,1965.0,1937.5,1937.5,673800
2016-12-01,1940.0,1957.5,1922.5,1935.0,1022800
2016-12-02,1920.0,1940.0,1915.0,1920.0,643200
2016-12-05,1907.5,1912.5,1887.5,1897.5,530200
2016-12-06,1907.5,1912.5,1855.0,1870.0,924200
2016-12-07,1840.0,1865.0,1815.0,1862.5,1051600
2016-12-08,1865.0,1867.5,1810.0,1852.5,1249800
2016-12-09,1810.0,1890.0,1810.0,1885.0,1422000
2016-12-12,1890.0,1905.0,1870.0,1885.0,1340400
2016-12-13,1897.5,1915.0,1877.5,1907.5,1032000
2016-12-14,1905.0,1960.0,1895.0,1945.0,887000
2016-12-15,1950.0,1972.5,1935.0,1955.0,970000
2016-12-16,1970.0,1975.0,1925.0,1932.5,786600
2016-12-19,1925.0,1925.0,1882.5,1887.5,743600
2016-12-20,1872.5,1882.5,1855.0,1870.0,779800
2016-12-21,1877.5,1877.5,1852.5,1857.5,771000
2016-12-22,1850.0,1855.0,1835.0,1847.5,628400
2016-12-26,1860.0,1882.5,1850.0,1877.5,344400
2016-12-27,1882.5,1902.5,1882.5,1885.0,509800
2016-12-28,1880.0,1897.5,1870.0,1872.5,459600
2016-12-29,1867.5,1870.0,1837.5,1852.5,622800
2016-12-30,1845.0,1880.0,1845.0,1877.5,436200
2017-01-04,1885.0,1895.0,1862.5,1877.5,758400
2017-01-05,1900.0,1990.0,1900.0,1960.0,1245000
2017-01-06,1995.0,2007.5,1972.5,1995.0,1038800
2017-01-10,2005.0,2030.0,1992.5,2007.5,1071800
2017-01-11,2007.5,2020.0,1987.5,2007.5,471600
2017-01-12,2022.5,2030.0,1990.0,1997.5,670000
2017-01-13,2000.0,2020.0,2000.0,2007.5,626400
2017-01-16,1995.0,2015.0,1987.5,2002.5,551600
2017-01-17,1985.0,1987.5,1952.5,1952.5,617600
2017-01-18,1955.0,1962.5,1925.0,1937.5,502600
2017-01-19,1957.5,1992.5,1955.0,1982.5,512800
2017-01-20,1942.5,1957.5,1930.0,1937.5,606200
2017-01-23,1960.0,1987.5,1922.5,1925.0,695400
2017-01-24,1907.5,1930.0,1897.5,1922.5,443800
2017-01-25,1947.5,1952.5,1912.5,1925.0,330400
2017-01-26,1937.5,1960.0,1932.5,1952.5,466800
2017-01-27,1955.0,1975.0,1955.0,1957.5,315000
2017-01-30,1962.5,1987.5,1947.5,1982.5,458000
2017-01-31,1957.5,1977.5,1947.5,1952.5,396800
2017-02-01,1935.0,1952.5,1927.5,1947.5,343800
2017-02-02,1942.5,1947.5,1907.5,1910.0,466600
2017-02-03,1900.0,1915.0,1857.5,1870.0,754400
2017-02-06,1870.0,1877.5,1802.5,1810.0,1327800
2017-02-07,1805.0,1807.5,1772.5,1792.5,1078200
2017-02-08,1785.0,1792.5,1745.0,1762.5,1213400
2017-02-09,1767.5,1770.0,1740.0,1742.5,1056600
2017-02-10,1732.5,1760.0,1705.0,1752.5,1048000
2017-02-13,1810.0,1817.5,1775.0,1810.0,1150600
2017-02-14,1822.5,1842.5,1817.5,1827.5,916600
2017-02-15,1850.0,1862.5,1830.0,1835.0,734600
2017-02-16,1835.0,1845.0,1810.0,1815.0,794600
2017-02-17,1815.0,1825.0,1805.0,1810.0,509600
2017-02-20,1815.0,1837.5,1802.5,1810.0,599200
2017-02-21,1820.0,1845.0,1817.5,1837.5,426800
2017-02-22,1835.0,1835.0,1815.0,1822.5,422400
2017-02-23,1817.5,1820.0,1795.0,1802.5,609200
2017-02-24,1807.5,1827.5,1802.5,1812.5,479000
2017-02-27,1812.5,1822.5,1795.0,1797.5,752600
2017-02-28,1807.5,1837.5,1807.5,1827.5,678200
2017-03-01,1832.5,1847.5,1817.5,1847.5,698400
2017-03-02,1865.0,1880.0,1857.5,1867.5,872800
2017-03-03,1865.0,1875.0,1832.5,1840.0,559800
2017-03-06,1842.5,1847.5,1822.5,1830.0,482400
2017-03-07,1830.0,1845.0,1822.5,1832.5,379400
2017-03-08,1830.0,1835.0,1807.5,1817.5,598600
2017-03-09,1830.0,1850.0,1822.5,1845.0,737000
2017-03-10,1850.0,1865.0,1837.5,1847.5,663400
2017-03-13,1842.5,1850.0,1832.5,1842.5,528400
2017-03-14,1845.0,1850.0,1837.5,1842.5,235000
2017-03-15,1837.5,1842.5,1827.5,1835.0,231600
2017-03-16,1832.5,1847.5,1827.5,1847.5,397600
2017-03-17,1847.5,1862.5,1835.0,1835.0,483000
2017-03-21,1835.0,1837.5,1805.0,1805.0,600600
2017-03-22,1865.0,1967.5,1847.5,1912.5,3165000
2017-03-23,1912.5,1945.0,1895.0,1945.0,1489600
2017-03-24,1975.0,2017.5,1965.0,2002.5,1685600
2017-03-27,2000.0,2005.0,1952.5,1960.0,1110000
2017-03-28,1972.5,1980.0,1947.5,1977.5,1274200
2017-03-29,1975.0,1982.5,1942.5,1952.5,1068000
2017-03-30,1957.5,1965.0,1935.0,1942.5,684400
2017-03-31,1927.5,1945.0,1895.0,1895.0,894600
2017-04-03,1910.0,1930.0,1897.5,1920.0,787200
2017-04-04,1972.5,2007.5,1950.0,1965.0,1569200
2017-04-05,1985.0,2025.0,1967.5,2012.5,1736600
2017-04-06,1987.5,2020.0,1975.0,1982.5,1252400
2017-04-07,1995.0,2032.5,1985.0,2020.0,1160800
2017-04-10,2047.5,2052.5,2022.5,2035.0,854600
2017-04-11,2000.0,2017.5,1977.5,2007.5,867400
2017-04-12,1992.5,2012.5,1990.0,2007.5,809600
2017-04-13,1990.0,2025.0,1987.5,2012.5,833400
2017-04-14,2005.0,2020.0,1975.0,1980.0,427000
2017-04-17,1980.0,2015.0,1975.0,2015.0,371200
2017-04-18,2035.0,2037.5,2005.0,2017.5,529600
2017-04-19,1997.5,2017.5,1985.0,2002.5,507800
2017-04-20,1990.0,2005.0,1955.0,1960.0,757800
2017-04-21,1967.5,1972.5,1942.5,1970.0,652200
2017-04-24,1970.0,1980.0,1955.0,1975.0,483400
2017-04-25,1957.5,1972.5,1952.5,1970.0,526800
2017-04-26,1980.0,1980.0,1957.5,1980.0,643600
2017-04-27,1967.5,1997.5,1960.0,1990.0,469600
2017-04-28,2007.5,2027.5,2005.0,2015.0,731400
2017-05-01,2015.0,2017.5,1977.5,1990.0,391800
2017-05-02,1997.5,2027.5,1995.0,2027.5,379000
2017-05-08,2030.0,2067.5,2025.0,2060.0,842800
2017-05-09,2080.0,2167.5,2072.5,2160.0,1220000
2017-05-10,2175.0,2217.5,2172.5,2207.5,1053000
2017-05-11,2215.0,2257.5,2210.0,2217.5,959400
2017-05-12,2210.0,2250.0,2202.5,2242.5,704200
2017-05-15,2225.0,2267.5,2212.5,2262.5,653200
2017-05-16,2267.5,2282.5,2260.0,2277.5,745200
2017-05-17,2245.0,2277.5,2242.5,2275.0,550600
2017-05-18,2245.0,2295.0,2240.0,2290.0,735800
2017-05-19,2300.0,2300.0,2277.5,2287.5,437400
2017-05-22,2290.0,2302.5,2272.5,2295.0,717200
2017-05-23,2312.5,2350.0,2312.5,2337.5,759200
2017-05-24,2355.0,2357.5,2327.5,2345.0,461600
2017-05-25,2317.5,2350.0,2297.5,2340.0,687400
2017-05-26,2327.5,2340.0,2307.5,2340.0,814400
2017-05-29,2240.0,2287.5,2225.0,2272.5,1068400
2017-05-30,2290.0,2297.5,2267.5,2280.0,477000
2017-05-31,2267.5,2287.5,2260.0,2267.5,633400
2017-06-01,2270.0,2307.5,2262.5,2305.0,555400
2017-06-02,2302.5,2312.5,2290.0,2292.5,672800
2017-06-05,2282.5,2362.5,2282.5,2360.0,509800
2017-06-06,2340.0,2352.5,2327.5,2337.5,429000
2017-06-07,2325.0,2365.0,2320.0,2347.5,540200
2017-06-08,2357.5,2382.5,2345.0,2350.0,641400
2017-06-09,2350.0,2352.5,2275.0,2292.5,850000
2017-06-12,2257.5,2287.5,2227.5,2280.0,640000
2017-06-13,2287.5,2350.0,2287.5,2330.0,489000
2017-06-14,2347.5,2392.5,2347.5,2357.5,506200
2017-06-15,2345.0,2382.5,2322.5,2377.5,578800
2017-06-16,2362.5,2385.0,2350.0,2370.0,445200
2017-06-19,2370.0,2392.5,2362.5,2387.5,366200
2017-06-20,2402.5,2422.5,2377.5,2392.5,441000
2017-06-21,2407.5,2420.0,2392.5,2405.0,357000
2017-06-22,2422.5,2430.0,2410.0,2412.5,284600
2017-06-23,2427.5,2427.5,2365.0,2412.5,569400
2017-06-26,2410.0,2415.0,2392.5,2412.5,275400
2017-06-27,2395.0,2395.0,2362.5,2382.5,730800
2017-06-28,2370.0,2380.0,2345.0,2347.5,543400
2017-06-29,2340.0,2342.5,2292.5,2327.5,935200
2017-06-30,2322.5,2345.0,2285.0,2297.5,852200
2017-07-03,2302.5,2352.5,2287.5,2340.0,781200
2017-07-04,2365.0,2365.0,2307.5,2315.0,407600
2017-07-05,2300.0,2330.0,2280.0,2330.0,377400
2017-07-06,2357.5,2382.5,2352.5,2375.0,569800
2017-07-07,2352.5,2360.0,2317.5,2342.5,495200
2017-07-10,2367.5,2390.0,2352.5,2375.0,330400
2017-07-11,2367.5,2415.0,2362.5,2412.5,400600
2017-07-12,2405.0,2412.5,2370.0,2372.5,217000
2017-07-13,2375.0,2420.0,2375.0,2405.0,461000
2017-07-14,2405.0,2407.5,2387.5,2397.5,277800
2017-07-17,2397.5,2397.5,2397.5,2397.5,0
2017-07-18,2380.0,2395.0,2352.5,2385.0,391800
2017-07-19,2382.5,2397.5,2380.0,2390.0,263200
2017-07-20,2402.5,2420.0,2400.0,2417.5,426600
2017-07-21,2420.0,2422.5,2380.0,2385.0,402000
2017-07-24,2370.0,2395.0,2365.0,2387.5,322400
2017-07-25,2382.5,2392.5,2357.5,2367.5,323800
2017-07-26,2350.0,2352.5,2325.0,2337.5,382800
2017-07-27,2357.5,2412.5,2357.5,2392.5,477600
2017-07-28,2382.5,2397.5,2367.5,2397.5,340600
2017-07-31,2380.0,2397.5,2370.0,2370.0,325000
2017-08-01,2367.5,2395.0,2362.5,2377.5,318200
2017-08-02,2402.5,2427.5,2395.0,2425.0,468800
2017-08-03,2437.5,2450.0,2410.0,2430.0,413000
2017-08-04,2430.0,2447.5,2407.5,2440.0,336000
2017-08-07,2500.0,2515.0,2325.0,2342.5,1330000
2017-08-08,2342.5,2350.0,2310.0,2340.0,590400
2017-08-09,2325.0,2335.0,2280.0,2305.0,516200
2017-08-10,2290.0,2305.0,2265.0,2295.0,529800
2017-08-11,2295.0,2295.0,2295.0,2295.0,0
2017-08-14,2275.0,2287.5,2252.5,2255.0,452800
2017-08-15,2260.0,2300.0,2240.0,2297.5,646600
2017-08-16,2282.5,2285.0,2252.5,2262.5,450600
2017-08-17,2275.0,2282.5,2255.0,2267.5,475800
2017-08-18,2237.5,2260.0,2222.5,2240.0,454800
2017-08-21,2237.5,2262.5,2222.5,2230.0,360200
2017-08-22,2230.0,2245.0,2220.0,2227.5,214000
2017-08-23,2250.0,2250.0,2220.0,2222.5,283800
2017-08-24,2220.0,2272.5,2220.0,2247.5,514200
2017-08-25,2247.5,2252.5,2210.0,2217.5,339600
2017-08-28,2230.0,2252.5,2215.0,2227.5,243000
2017-08-29,2210.0,2230.0,2195.0,2212.5,316600
2017-08-30,2235.0,2247.5,2222.5,2240.0,374600
2017-08-31,2250.0,2250.0,2225.0,2232.5,221800
2017-09-01,2250.0,2250.0,2230.0,2245.0,307400
2017-09-04,2235.0,2237.5,2210.0,2220.0,207000
2017-09-05,2222.5,2225.0,2192.5,2195.0,399400
2017-09-06,2175.0,2200.0,2157.5,2190.0,232000
2017-09-07,2190.0,2230.0,2185.0,2222.5,335000
2017-09-08,2212.5,2225.0,2200.0,2207.5,396200
2017-09-11,2222.5,2235.0,2195.0,2200.0,344200
2017-09-12,2222.5,2242.5,2200.0,2205.0,426000
2017-09-13,2217.5,2217.5,2177.5,2195.0,442000
2017-09-14,2200.0,2235.0,2192.5,2217.5,432400
2017-09-15,2217.5,2222.5,2192.5,2207.5,479800
2017-09-18,2207.5,2207.5,2207.5,2207.5,0
2017-09-19,2227.5,2260.0,2210.0,2260.0,469000
2017-09-20,2260.0,2282.5,2232.5,2240.0,465600
2017-09-21,2225.0,2230.0,2200.0,2212.5,479400
2017-09-22,2210.0,2225.0,2197.5,2222.5,383000
2017-09-25,2242.5,2282.5,2217.5,2277.5,354200
2017-09-26,2290.0,2320.0,2285.0,2307.5,536800
2017-09-27,2307.5,2312.5,2275.0,2282.5,341000
2017-09-28,2292.5,2315.0,2280.0,2312.5,264400
2017-09-29,2312.5,2375.0,2307.5,2362.5,555000
2017-10-02,2390.0,2390.0,2355.0,2382.5,498600
2017-10-03,2392.5,2405.0,2377.5,2392.5,505000
2017-10-04,2382.5,2397.5,2365.0,2377.5,355400
2017-10-05,2342.5,2355.0,2335.0,2347.5,313800
2017-10-06,2305.0,2312.5,2277.5,2282.5,521200
2017-10-09,2282.5,2282.5,2282.5,2282.5,0
2017-10-10,2282.5,2305.0,2265.0,2285.0,624400
2017-10-11,2272.5,2290.0,2265.0,2275.0,419600
2017-10-12,2272.5,2292.5,2255.0,2290.0,542000
2017-10-13,2277.5,2305.0,2275.0,2300.0,403400
2017-10-16,2300.0,2337.5,2290.0,2330.0,525400
2017-10-17,2320.0,2322.5,2295.0,2300.0,384600
2017-10-18,2305.0,2305.0,2262.5,2272.5,617200
2017-10-19,2277.5,2290.0,2272.5,2277.5,288600
2017-10-20,2262.5,2292.5,2255.0,2265.0,384800
2017-10-23,2282.5,2290.0,2275.0,2282.5,308800
2017-10-24,2347.5,2365.0,2305.0,2305.0,709800
2017-10-25,2350.0,2382.5,2340.0,2342.5,705800
2017-10-26,2330.0,2337.5,2315.0,2330.0,369400
2017-10-27,2350.0,2352.5,2292.5,2310.0,597800
2017-10-30,2315.0,2337.5,2312.5,2332.5,496800
2017-10-31,2350.0,2365.0,2307.5,2325.0,515000
2017-11-01,2340.0,2367.5,2325.0,2352.5,408800
2017-11-02,2355.0,2362.5,2315.0,2350.0,368800
2017-11-03,2350.0,2350.0,2350.0,2350.0,0
2017-11-06,2352.5,2387.5,2340.0,2357.5,569800
2017-11-07,2497.5,2575.0,2480.0,2555.0,1727400
2017-11-08,2535.0,2555.0,2510.0,2555.0,606800
2017-11-09,2550.0,2580.0,2492.5,2510.0,740000
2017-11-10,2485.0,2515.0,2472.5,2475.0,497600
2017-11-13,2485.0,2495.0,2457.5,2457.5,325000
2017-11-14,2465.0,2487.5,2415.0,2415.0,343400
2017-11-15,2367.5,2382.5,2340.0,2355.0,713200
2017-11-16,2335.0,2355.0,2312.5,2342.5,432600
2017-11-17,2352.5,2380.0,2335.0,2362.5,549200
2017-11-20,2330.0,2362.5,2320.0,2357.5,194400
2017-11-21,2375.0,2395.0,2367.5,2377.5,277200
2017-11-22,2390.0,2390.0,2332.5,2340.0,353400
2017-11-23,2340.0,2340.0,2340.0,2340.0,0
2017-11-24,2325.0,2362.5,2312.5,2340.0,304200
2017-11-27,2340.0,2342.5,2320.0,2322.5,324200
2017-11-28,2345.0,2385.0,2340.0,2347.5,340800
2017-11-29,2372.5,2375.0,2345.0,2365.0,245800
2017-11-30,2390.0,2420.0,2350.0,2417.5,579400
2017-12-01,2500.0,2535.0,2455.0,2487.5,664400
2017-12-04,2480.0,2525.0,2460.0,2465.0,370200
2017-12-05,2500.0,2515.0,2475.0,2510.0,286200
2017-12-06,2535.0,2540.0,2475.0,2495.0,344000
2017-12-07,2482.5,2515.0,2465.0,2472.5,247200
2017-12-08,2437.5,2472.5,2437.5,2462.5,551800
2017-12-11,2450.0,2505.0,2427.5,2500.0,296200
2017-12-12,2505.0,2530.0,2472.5,2482.5,278000
2017-12-13,2487.5,2525.0,2477.5,2510.0,207200
2017-12-14,2510.0,2525.0,2467.5,2475.0,362200
2017-12-15,2472.5,2510.0,2455.0,2492.5,378800
2017-12-18,2510.0,2525.0,2475.0,2510.0,382600
2017-12-19,2482.5,2505.0,2465.0,2492.5,305600
2017-12-20,2467.5,2482.5,2442.5,2470.0,326000
2017-12-21,2460.0,2530.0,2452.5,2515.0,309400
2017-12-22,2515.0,2520.0,2462.5,2467.5,889000
2017-12-25,2467.5,2477.5,2440.0,2462.5,684800
2017-12-26,2465.0,2487.5,2460.0,2470.0,390200
2017-12-27,2470.0,2480.0,2460.0,2467.5,246200
2017-12-28,2465.0,2467.5,2437.5,2442.5,257400
2017-12-29,2432.5,2442.5,2412.5,2422.5,200000
2018-01-01,2422.5,2422.5,2422.5,2422.5,0
2018-01-02,2422.5,2422.5,2422.5,2422.5,0
2018-01-03,2422.5,2422.5,2422.5,2422.5,0
2018-01-04,2435.0,2490.0,2415.0,2480.0,584800
2018-01-05,2487.5,2545.0,2455.0,2525.0,609800
2018-01-08,2525.0,2525.0,2525.0,2525.0,0
2018-01-09,2545.0,2600.0,2535.0,2545.0,471400
2018-01-10,2505.0,2520.0,2472.5,2480.0,465200
2018-01-11,2472.5,2492.5,2472.5,2485.0,340000
2018-01-12,2485.0,2490.0,2460.0,2465.0,284600
2018-01-15,2475.0,2490.0,2457.5,2465.0,228800
2018-01-16,2465.0,2482.5,2455.0,2480.0,301400
2018-01-17,2500.0,2565.0,2495.0,2550.0,548200
2018-01-18,2575.0,2610.0,2560.0,2565.0,493600
2018-01-19,2595.0,2625.0,2590.0,2620.0,353400
2018-01-22,2645.0,2715.0,2640.0,2710.0,641600
2018-01-23,2725.0,2765.0,2705.0,2730.0,361400
2018-01-24,2770.0,2770.0,2690.0,2700.0,268600
2018-01-25,2690.0,2705.0,2640.0,2650.0,343000
2018-01-26,2665.0,2715.0,2660.0,2700.0,316400
2018-01-29,2650.0,2655.0,2575.0,2630.0,518000
2018-01-30,2630.0,2630.0,2580.0,2585.0,364000
2018-01-31,2610.0,2620.0,2545.0,2550.0,472400
2018-02-01,2535.0,2570.0,2505.0,2560.0,545000
2018-02-02,2590.0,2590.0,2545.0,2565.0,514800
2018-02-05,2525.0,2545.0,2487.5,2520.0,646600
2018-02-06,2440.0,2445.0,2352.5,2415.0,1026200
2018-02-07,2450.0,2460.0,2342.5,2345.0,1244800
2018-02-08,2367.5,2405.0,2360.0,2380.0,598600
2018-02-09,2305.0,2312.5,2277.5,2300.0,452400
2018-02-12,2300.0,2300.0,2300.0,2300.0,0
2018-02-13,2322.5,2327.5,2260.0,2265.0,625000
2018-02-14,2307.5,2340.0,2267.5,2282.5,439400
2018-02-15,2300.0,2337.5,2297.5,2302.5,367000
2018-02-16,2315.0,2355.0,2315.0,2350.0,304000
2018-02-19,2377.5,2402.5,2362.5,2402.5,220600
2018-02-20,2410.0,2427.5,2387.5,2400.0,235000
2018-02-21,2400.0,2420.0,2387.5,2397.5,255400
2018-02-22,2397.5,2410.0,2352.5,2355.0,381600
2018-02-23,2350.0,2350.0,2322.5,2340.0,424000
2018-02-26,2360.0,2360.0,2327.5,2347.5,340000
2018-02-27,2350.0,2367.5,2320.0,2362.5,489800
2018-02-28,2362.5,2392.5,2357.5,2362.5,496800
2018-03-01,2355.0,2360.0,2322.5,2335.0,405200
2018-03-02,2287.5,2315.0,2277.5,2295.0,407200
2018-03-05,2295.0,2310.0,2280.0,2287.5,361200
2018-03-06,2305.0,2332.5,2287.5,2305.0,308600
2018-03-07,2307.5,2350.0,2302.5,2317.5,454400
2018-03-08,2330.0,2330.0,2290.0,2295.0,284400
2018-03-09,2302.5,2337.5,2285.0,2285.0,476400
2018-03-12,2320.0,2322.5,2295.0,2305.0,308800
2018-03-13,2277.5,2337.5,2277.5,2335.0,323800
2018-03-14,2322.5,2342.5,2317.5,2335.0,338600
2018-03-15,2327.5,2345.0,2292.5,2315.0,436600
2018-03-16,2325.0,2332.5,2305.0,2312.5,319400
2018-03-19,2307.5,2310.0,2265.0,2265.0,336000
2018-03-20,2280.0,2317.5,2267.5,2302.5,835600
2018-03-21,2302.5,2302.5,2302.5,2302.5,0
2018-03-22,2370.0,2405.0,2332.5,2402.5,1030400
2018-03-23,2337.5,2347.5,2235.0,2257.5,908800
2018-03-26,2222.5,2280.0,2220.0,2280.0,801800
2018-03-27,2325.0,2330.0,2272.5,2317.5,1460600
2018-03-28,2260.0,2305.0,2252.5,2305.0,577000
2018-03-29,2302.5,2317.5,2280.0,2315.0,455400
2018-03-30,2340.0,2342.5,2317.5,2335.0,302600
2018-04-02,2335.0,2335.0,2310.0,2312.5,261400
2018-04-03,2277.5,2302.5,2267.5,2295.0,343000
2018-04-04,2327.5,2350.0,2307.5,2347.5,327200
2018-04-05,2355.0,2360.0,2330.0,2355.0,348400
2018-04-06,2347.5,2362.5,2325.0,2327.5,370800
2018-04-09,2342.5,2365.0,2320.0,2357.5,313800
2018-04-10,2337.5,2357.5,2330.0,2337.5,312600
2018-04-11,2345.0,2345.0,2295.0,2305.0,331400
2018-04-12,2310.0,2315.0,2290.0,2300.0,221400
2018-04-13,2320.0,2322.5,2287.5,2295.0,478600
2018-04-16,2282.5,2307.5,2277.5,2300.0,314000
2018-04-17,2287.5,2297.5,2267.5,2280.0,330400
2018-04-18,2285.0,2297.5,2272.5,2280.0,458600
2018-04-19,2295.0,2295.0,2235.0,2240.0,490000
2018-04-20,2215.0,2222.5,2190.0,2220.0,894200
2018-04-23,2235.0,2240.0,2207.5,2235.0,460600
2018-04-24,2220.0,2255.0,2220.0,2237.5,520000
2018-04-25,2247.5,2257.5,2235.0,2247.5,466200
2018-04-26,2262.5,2307.5,2252.5,2287.5,643200
2018-04-27,2272.5,2280.0,2247.5,2262.5,473600
2018-04-30,2262.5,2262.5,2262.5,2262.5,0
2018-05-01,2287.5,2292.5,2265.0,2277.5,411400
2018-05-02,2295.0,2307.5,2280.0,2292.5,334600
2018-05-03,2292.5,2292.5,2292.5,2292.5,0
2018-05-04,2292.5,2292.5,2292.5,2292.5,0
2018-05-07,2317.5,2342.5,2310.0,2337.5,655400
2018-05-08,2430.0,2505.0,2387.5,2397.5,1423000
2018-05-09,2450.0,2540.0,2440.0,2515.0,1124800
2018-05-10,2545.0,2560.0,2505.0,2530.0,506200
2018-05-11,2550.0,2565.0,2510.0,2550.0,722400
2018-05-14,2535.0,2545.0,2510.0,2540.0,296000
2018-05-15,2510.0,2555.0,2492.5,2530.0,612000
2018-05-16,2530.0,2565.0,2505.0,2520.0,415400
2018-05-17,2500.0,2525.0,2477.5,2515.0,473600
2018-05-18,2520.0,2545.0,2485.0,2540.0,405400
2018-05-21,2550.0,2555.0,2520.0,2545.0,383800
2018-05-22,2545.0,2560.0,2525.0,2555.0,343000
2018-05-23,2550.0,2600.0,2540.0,2585.0,478400
2018-05-24,2560.0,2600.0,2550.0,2595.0,434800
2018-05-25,2575.0,2655.0,2560.0,2645.0,667000
2018-05-28,2645.0,2645.0,2590.0,2620.0,342400
2018-05-29,2620.0,2625.0,2595.0,2605.0,237400
2018-05-30,2575.0,2605.0,2570.0,2590.0,295200
2018-05-31,2590.0,2625.0,2585.0,2620.0,524800
2018-06-01,2585.0,2605.0,2565.0,2565.0,314800
2018-06-04,2585.0,2610.0,2575.0,2595.0,330000
2018-06-05,2600.0,2605.0,2560.0,2575.0,317800
2018-06-06,2580.0,2585.0,2550.0,2560.0,211400
2018-06-07,2545.0,2570.0,2540.0,2565.0,215400
2018-06-08,2535.0,2565.0,2535.0,2545.0,515600
2018-06-11,2560.0,2570.0,2540.0,2540.0,242800
2018-06-12,2580.0,2580.0,2535.0,2545.0,342800
2018-06-13,2525.0,2560.0,2520.0,2555.0,222800
2018-06-14,2595.0,2610.0,2550.0,2565.0,465600
2018-06-15,2555.0,2610.0,2555.0,2595.0,454600
2018-06-18,2585.0,2605.0,2575.0,2590.0,213200
2018-06-19,2585.0,2610.0,2575.0,2595.0,375600
2018-06-20,2610.0,2625.0,2570.0,2595.0,297400
2018-06-21,2565.0,2580.0,2550.0,2555.0,283000
2018-06-22,2535.0,2580.0,2520.0,2575.0,505800
2018-06-25,2600.0,2600.0,2540.0,2550.0,289800
2018-06-26,2520.0,2550.0,2515.0,2545.0,189200
2018-06-27,2540.0,2550.0,2520.0,2535.0,251600
2018-06-28,2510.0,2510.0,2452.5,2482.5,435200
2018-06-29,2492.5,2520.0,2465.0,2515.0,681800
2018-07-02,2500.0,2505.0,2472.5,2492.5,649800
2018-07-03,2505.0,2520.0,2492.5,2520.0,436600
2018-07-04,2490.0,2560.0,2487.5,2550.0,325400
2018-07-05,2540.0,2540.0,2505.0,2515.0,308800
2018-07-06,2510.0,2535.0,2480.0,2520.0,361800
2018-07-09,2525.0,2585.0,2525.0,2570.0,317800
2018-07-10,2600.0,2605.0,2540.0,2540.0,318400
2018-07-11,2535.0,2540.0,2500.0,2525.0,335600
2018-07-12,2510.0,2515.0,2475.0,2482.5,302800
2018-07-13,2485.0,2505.0,2472.5,2492.5,221400
2018-07-16,2492.5,2492.5,2492.5,2492.5,0
2018-07-17,2485.0,2565.0,2480.0,2540.0,347000
2018-07-18,2570.0,2580.0,2545.0,2565.0,235400
2018-07-19,2560.0,2560.0,2495.0,2500.0,273600
2018-07-20,2492.5,2505.0,2480.0,2505.0,325400
2018-07-23,2497.5,2515.0,2482.5,2505.0,222400
2018-07-24,2530.0,2555.0,2515.0,2535.0,265400
2018-07-25,2565.0,2565.0,2505.0,2520.0,208200
2018-07-26,2545.0,2565.0,2535.0,2555.0,244200
2018-07-27,2570.0,2575.0,2525.0,2535.0,267200
2018-07-30,2505.0,2505.0,2480.0,2487.5,371400
2018-07-31,2470.0,2470.0,2425.0,2460.0,544400
2018-08-01,2462.5,2490.0,2445.0,2477.5,487200
2018-08-02,2465.0,2475.0,2430.0,2435.0,255800
2018-08-03,2432.5,2432.5,2405.0,2405.0,251000
2018-08-06,2402.5,2405.0,2232.5,2250.0,768400
2018-08-07,2262.5,2262.5,2207.5,2225.0,623200
2018-08-08,2257.5,2262.5,2192.5,2195.0,1523600
2018-08-09,2180.0,2180.0,2140.0,2150.0,1615000
2018-08-10,2152.5,2212.5,2150.0,2172.5,748200
2018-08-13,2182.5,2232.5,2180.0,2212.5,1185600
2018-08-14,2222.5,2252.5,2202.5,2250.0,483600
2018-08-15,2237.5,2237.5,2217.5,2227.5,361400
2018-08-16,2225.0,2270.0,2210.0,2245.0,718200
2018-08-17,2255.0,2257.5,2215.0,2242.5,461600
2018-08-20,2235.0,2277.5,2227.5,2267.5,481000
2018-08-21,2267.5,2310.0,2265.0,2267.5,667800
2018-08-22,2285.0,2315.0,2235.0,2247.5,534600
2018-08-23,2237.5,2275.0,2230.0,2267.5,249400
2018-08-24,2282.5,2282.5,2260.0,2270.0,284400
2018-08-27,2282.5,2307.5,2282.5,2305.0,247600
2018-08-28,2307.5,2315.0,2297.5,2310.0,222400
2018-08-29,2300.0,2305.0,2287.5,2292.5,262800
2018-08-30,2277.5,2287.5,2245.0,2260.0,502200
2018-08-31,2245.0,2270.0,2242.5,2250.0,454200
2018-09-03,2247.5,2265.0,2177.5,2212.5,780200
2018-09-04,2217.5,2260.0,2200.0,2242.5,420400
2018-09-05,2252.5,2255.0,2210.0,2217.5,306000
2018-09-06,2200.0,2210.0,2167.5,2167.5,499800
2018-09-07,2165.0,2180.0,2140.0,2150.0,532400
2018-09-10,2150.0,2175.0,2150.0,2157.5,334200
2018-09-11,2157.5,2177.5,2140.0,2170.0,271800
2018-09-12,2165.0,2190.0,2125.0,2132.5,482600
2018-09-13,2132.5,2197.5,2132.5,2177.5,341200
2018-09-14,2197.5,2210.0,2175.0,2182.5,413800
2018-09-17,2182.5,2182.5,2182.5,2182.5,0
2018-09-18,2180.0,2227.5,2175.0,2220.0,325600
2018-09-19,2250.0,2262.5,2222.5,2255.0,369000
2018-09-20,2260.0,2260.0,2205.0,2220.0,454000
2018-09-21,2225.0,2247.5,2222.5,2240.0,257600
2018-09-24,2240.0,2240.0,2240.0,2240.0,0
2018-09-25,2247.5,2287.5,2245.0,2285.0,562400
2018-09-26,2282.5,2312.5,2270.0,2305.0,427400
2018-09-27,2282.5,2295.0,2235.0,2237.5,389000
2018-09-28,2250.0,2285.0,2250.0,2272.5,396200
2018-10-01,2255.0,2257.5,2225.0,2242.5,421200
2018-10-02,2242.5,2247.5,2200.0,2200.0,622600
2018-10-03,2210.0,2242.5,2197.5,2200.0,395800
2018-10-04,2207.5,2212.5,2182.5,2197.5,591800
2018-10-05,2187.5,2215.0,2185.0,2200.0,319400
2018-10-08,2200.0,2200.0,2200.0,2200.0,0
2018-10-09,2167.5,2167.5,2080.0,2110.0,814400
2018-10-10,2115.0,2167.5,2112.5,2155.0,472600
2018-10-11,2097.5,2137.5,2097.5,2135.0,771600
2018-10-12,2125.0,2145.0,2105.0,2122.5,627200
2018-10-15,2107.5,2120.0,2045.0,2045.0,786200
2018-10-16,2017.5,2045.0,2002.5,2037.5,728800
2018-10-17,2072.5,2127.5,2065.0,2117.5,514800
2018-10-18,2145.0,2175.0,2137.5,2155.0,573800
2018-10-19,2155.0,2185.0,2140.0,2172.5,826000
2018-10-22,2152.5,2172.5,2142.5,2157.5,451000
2018-10-23,2147.5,2147.5,2067.5,2077.5,367600
2018-10-24,2090.0,2097.5,2057.5,2087.5,284000
2018-10-25,2052.5,2060.0,2017.5,2020.0,300000
2018-10-26,2027.5,2035.0,1967.5,1982.5,341200
2018-10-29,1982.5,2025.0,1970.0,1977.5,396200
2018-10-30,2000.0,2040.0,1997.5,2025.0,427800
2018-10-31,2045.0,2052.5,2022.5,2045.0,549000
2018-11-01,2042.5,2070.0,2012.5,2057.5,573200
2018-11-02,2045.0,2067.5,2010.0,2065.0,554600
2018-11-05,2037.5,2072.5,2030.0,2047.5,499600
2018-11-06,2012.5,2107.5,2007.5,2095.0,994000
2018-11-07,2130.0,2145.0,2085.0,2117.5,679600
2018-11-08,2170.0,2192.5,2145.0,2175.0,583200
2018-11-09,2162.5,2185.0,2142.5,2157.5,493200
2018-11-12,2142.5,2160.0,2132.5,2135.0,337000
2018-11-13,2085.0,2090.0,2055.0,2067.5,531200
2018-11-14,2065.0,2080.0,2047.5,2047.5,424600
2018-11-15,2047.5,2065.0,2035.0,2047.5,219000
2018-11-16,2047.5,2062.5,2012.5,2017.5,455400
2018-11-19,2010.0,2027.5,1932.5,1940.0,739800
2018-11-20,1927.5,1937.5,1887.5,1907.5,653400
2018-11-21,1872.5,1900.0,1862.5,1885.0,302000
2018-11-22,1890.0,1915.0,1882.5,1915.0,362800
2018-11-23,1915.0,1915.0,1915.0,1915.0,0
2018-11-26,1900.0,1917.5,1890.0,1895.0,276600
2018-11-27,1912.5,1927.5,1897.5,1925.0,298000
2018-11-28,1937.5,1947.5,1912.5,1922.5,353400
2018-11-29,1940.0,1965.0,1927.5,1952.5,464200
2018-11-30,1947.5,1950.0,1930.0,1940.0,258600
2018-12-03,1950.0,1987.5,1937.5,1980.0,346000
2018-12-04,1982.5,1995.0,1912.5,1912.5,381200
2018-12-05,1897.5,1927.5,1887.5,1912.5,231000
2018-12-06,1900.0,1912.5,1877.5,1895.0,309400
2018-12-07,1915.0,1970.0,1910.0,1965.0,610200
2018-12-10,1945.0,1960.0,1910.0,1920.0,360800
2018-12-11,1917.5,1920.0,1852.5,1860.0,379800
2018-12-12,1890.0,1930.0,1887.5,1907.5,487600
2018-12-13,1920.0,1920.0,1887.5,1895.0,365600
2018-12-14,1887.5,1895.0,1840.0,1842.5,443600
2018-12-17,1847.5,1870.0,1842.5,1860.0,564800
2018-12-18,1837.5,1852.5,1812.5,1815.0,509000
2018-12-19,1820.0,1825.0,1775.0,1790.0,493200
2018-12-20,1747.5,1765.0,1725.0,1725.0,757800
2018-12-21,1717.5,1717.5,1662.5,1677.5,509600
2018-12-24,1677.5,1677.5,1677.5,1677.5,0
2018-12-25,1592.5,1627.5,1580.0,1592.5,440800
2018-12-26,1620.0,1635.0,1595.0,1617.5,377400
2018-12-27,1687.5,1727.5,1675.0,1725.0,457800
2018-12-28,1735.0,1740.0,1717.5,1722.5,360400
2018-12-31,1722.5,1722.5,1722.5,1722.5,0
2019-01-04,1710.0,1732.5,1682.5,1720.0,504200
2019-01-07,1747.5,1800.0,1740.0,1790.0,644800
2019-01-08,1822.5,1847.5,1792.5,1792.5,625800
2019-01-09,1812.5,1817.5,1787.5,1800.0,415800
2019-01-10,1775.0,1785.0,1752.5,1775.0,325000
2019-01-11,1797.5,1807.5,1772.5,1782.5,222800
2019-01-15,1775.0,1820.0,1762.5,1807.5,316400
2019-01-16,1835.0,1837.5,1810.0,1822.5,475200
2019-01-17,1850.0,1872.5,1847.5,1870.0,398000
2019-01-18,1872.5,1915.0,1872.5,1910.0,457600
2019-01-21,1922.5,1925.0,1905.0,1915.0,374200
2019-01-22,1915.0,1920.0,1895.0,1895.0,221000
2019-01-23,1875.0,1892.5,1862.5,1867.5,305000
2019-01-24,1857.5,1892.5,1845.0,1887.5,243800
2019-01-25,1882.5,1955.0,1877.5,1947.5,487200
2019-01-28,1927.5,1932.5,1895.0,1907.5,597800
2019-01-29,1905.0,1927.5,1895.0,1920.0,288600
2019-01-30,1902.5,1907.5,1877.5,1882.5,385400
2019-01-31,1907.5,1915.0,1880.0,1902.5,349600
2019-02-01,1882.5,1905.0,1875.0,1900.0,340400
2019-02-04,1907.5,1932.5,1895.0,1930.0,392800
2019-02-05,2025.0,2072.5,1977.5,1990.0,720800
2019-02-06,1992.5,1997.5,1970.0,1987.5,542200
2019-02-07,1955.0,1967.5,1932.5,1955.0,588200
2019-02-08,1940.0,1972.5,1935.0,1972.5,354800
2019-02-12,1982.5,2022.5,1982.5,2015.0,491600
2019-02-13,2012.5,2017.5,1985.0,1992.5,320600
2019-02-14,1975.0,2000.0,1962.5,1997.5,287200
2019-02-15,1990.0,1992.5,1967.5,1987.5,210800
2019-02-18,2027.5,2032.5,2005.0,2027.5,326000
2019-02-19,2020.0,2062.5,2015.0,2057.5,325400
2019-02-20,2055.0,2055.0,2022.5,2030.0,439600
2019-02-21,2027.5,2037.5,2010.0,2017.5,509400
2019-02-22,2010.0,2037.5,1997.5,2002.5,437600
2019-02-25,2025.0,2025.0,1992.5,2005.0,442200
2019-02-26,2025.0,2032.5,2005.0,2020.0,236400
2019-02-27,2035.0,2060.0,2020.0,2055.0,343000
2019-02-28,2047.5,2052.5,2030.0,2047.5,286000
2019-03-01,2057.5,2087.5,2050.0,2085.0,333800
2019-03-04,2097.5,2107.5,2080.0,2097.5,281200
2019-03-05,2075.0,2105.0,2075.0,2102.5,324400
2019-03-06,2097.5,2107.5,2090.0,2097.5,202200
2019-03-07,2082.5,2090.0,2070.0,2082.5,242200
2019-03-08,2055.0,2070.0,2032.5,2042.5,418200
2019-03-11,2040.0,2062.5,2040.0,2057.5,214800
2019-03-12,2067.5,2092.5,2060.0,2087.5,192800
2019-03-13,2075.0,2105.0,2075.0,2092.5,276600
2019-03-14,2105.0,2115.0,2080.0,2082.5,233200
2019-03-15,2087.5,2115.0,2082.5,2110.0,457600
2019-03-18,2135.0,2137.5,2120.0,2125.0,274800
2019-03-19,2110.0,2115.0,2027.5,2052.5,719800
2019-03-20,2057.5,2057.5,2002.5,2045.0,923200
2019-03-22,2027.5,2082.5,2025.0,2080.0,820200
2019-03-25,2045.0,2047.5,1985.0,2002.5,820600
2019-03-26,2035.0,2060.0,2027.5,2055.0,929200
2019-03-27,1952.5,1977.5,1945.0,1972.5,732400
2019-03-28,1955.0,1960.0,1930.0,1940.0,249400
2019-03-29,1950.0,1955.0,1920.0,1935.0,409400
2019-04-01,1940.0,1992.5,1940.0,1987.5,343200
2019-04-02,2005.0,2010.0,1965.0,1970.0,215600
2019-04-03,1942.5,1952.5,1925.0,1950.0,306800
2019-04-04,1945.0,1960.0,1930.0,1935.0,194600
2019-04-05,1930.0,1937.5,1915.0,1922.5,270800
2019-04-08,1922.5,1930.0,1915.0,1922.5,156200
2019-04-09,1897.5,1905.0,1882.5,1887.5,200600
2019-04-10,1880.0,1892.5,1870.0,1875.0,249000
2019-04-11,1880.0,1902.5,1872.5,1895.0,326400
2019-04-12,1870.0,1902.5,1865.0,1887.5,201400
2019-04-15,1922.5,1925.0,1902.5,1910.0,237600
2019-04-16,1902.5,1932.5,1892.5,1917.5,269400
2019-04-17,1920.0,1942.5,1915.0,1930.0,232000
2019-04-18,1930.0,1932.5,1897.5,1912.5,231000
2019-04-19,1920.0,1925.0,1892.5,1895.0,118200
2019-04-22,1895.0,1895.0,1872.5,1882.5,180000
2019-04-23,1890.0,1905.0,1882.5,1897.5,163600
2019-04-24,1890.0,1902.5,1870.0,1877.5,331800
2019-04-25,1895.0,1925.0,1887.5,1920.0,259200
2019-04-26,1930.0,1947.5,1912.5,1945.0,296400
2019-05-07,1955.0,1955.0,1920.0,1925.0,404000
2019-05-08,1890.0,1902.5,1840.0,1845.0,498200
2019-05-09,1810.0,1810.0,1765.0,1785.0,709800
2019-05-10,1817.5,1940.0,1807.5,1820.0,980600
2019-05-13,1815.0,1892.5,1805.0,1857.5,582200
2019-05-14,1822.5,1877.5,1800.0,1875.0,367000
2019-05-15,1905.0,1915.0,1880.0,1890.0,394800
2019-05-16,1915.0,1930.0,1900.0,1912.5,423000
2019-05-17,1930.0,1947.5,1905.0,1940.0,449200
2019-05-20,1990.0,1995.0,1915.0,1940.0,425400
2019-05-21,1922.5,1927.5,1907.5,1927.5,576600
2019-05-22,1940.0,1955.0,1935.0,1940.0,288200
2019-05-23,1950.0,2000.0,1942.5,1985.0,528800
2019-05-24,1957.5,2002.5,1952.5,2002.5,362800
2019-05-27,2000.0,2027.5,1995.0,2022.5,167400
2019-05-28,2057.5,2075.0,2045.0,2062.5,510800
2019-05-29,2042.5,2060.0,2030.0,2052.5,493400
2019-05-30,2062.5,2087.5,2042.5,2087.5,422600
2019-05-31,2075.0,2095.0,2067.5,2080.0,559800
2019-06-03,2025.0,2060.0,2015.0,2047.5,362600
2019-06-04,2047.5,2052.5,2027.5,2030.0,573400
2019-06-05,2050.0,2065.0,2030.0,2065.0,369400
2019-06-06,2075.0,2080.0,2055.0,2060.0,245200
2019-06-07,2072.5,2097.5,2057.5,2097.5,199400
2019-06-10,2110.0,2122.5,2097.5,2105.0,323000
2019-06-11,2120.0,2145.0,2110.0,2127.5,251600
2019-06-12,2127.5,2142.5,2117.5,2130.0,253400
2019-06-13,2102.5,2125.0,2100.0,2105.0,229600
2019-06-14,2112.5,2127.5,2092.5,2125.0,261200
2019-06-17,2107.5,2127.5,2097.5,2115.0,203200
2019-06-18,2112.5,2142.5,2110.0,2120.0,288400
2019-06-19,2145.0,2162.5,2130.0,2147.5,274600
2019-06-20,2155.0,2157.5,2137.5,2145.0,200200
2019-06-21,2142.5,2142.5,2092.5,2097.5,472800
2019-06-24,2102.5,2105.0,2052.5,2067.5,413000
2019-06-25,2055.0,2060.0,2017.5,2020.0,488400
2019-06-26,2000.0,2022.5,1985.0,2002.5,357800
2019-06-27,2032.5,2050.0,2025.0,2047.5,327800
2019-06-28,2072.5,2080.0,2050.0,2067.5,423000
2019-07-01,2120.0,2135.0,2077.5,2105.0,247800
2019-07-02,2115.0,2135.0,2115.0,2135.0,174000
2019-07-03,2137.5,2152.5,2127.5,2137.5,241000
2019-07-04,2150.0,2177.5,2145.0,2172.5,253600
2019-07-05,2200.0,2210.0,2177.5,2180.0,469400
2019-07-08,2185.0,2205.0,2165.0,2167.5,329200
2019-07-09,2200.0,2205.0,2160.0,2180.0,274400
2019-07-10,2165.0,2192.5,2152.5,2190.0,191800
2019-07-11,2187.5,2200.0,2180.0,2197.5,194200
2019-07-12,2187.5,2190.0,2157.5,2167.5,194800
2019-07-16,2150.0,2175.0,2127.5,2152.5,270600
2019-07-17,2127.5,2155.0,2112.5,2140.0,418200
2019-07-18,2122.5,2127.5,2095.0,2102.5,380000
2019-07-19,2102.5,2150.0,2097.5,2137.5,346200
2019-07-22,2130.0,2130.0,2102.5,2107.5,211200
2019-07-23,2107.5,2115.0,2100.0,2110.0,204000
2019-07-24,2125.0,2125.0,2095.0,2107.5,350200
2019-07-25,2127.5,2132.5,2115.0,2127.5,136400
2019-07-26,2100.0,2112.5,2092.5,2105.0,241800
2019-07-29,2092.5,2107.5,2090.0,2105.0,250400
2019-07-30,2107.5,2127.5,2102.5,2115.0,211200
2019-07-31,2107.5,2147.5,2097.5,2132.5,346400
2019-08-01,2115.0,2142.5,2110.0,2140.0,261200
2019-08-02,2105.0,2142.5,2092.5,2112.5,434800
2019-08-05,2135.0,2202.5,2077.5,2085.0,571400
2019-08-06,2015.0,2062.5,2000.0,2055.0,549200
2019-08-07,2047.5,2055.0,2027.5,2047.5,350200
2019-08-08,2027.5,2045.0,2012.5,2035.0,277600
2019-08-09,2050.0,2050.0,2030.0,2040.0,158000
2019-08-13,2007.5,2017.5,1992.5,1995.0,441200
2019-08-14,2005.0,2020.0,1992.5,2010.0,262400
2019-08-15,1962.5,1985.0,1947.5,1980.0,318200
2019-08-16,1967.5,1995.0,1955.0,1980.0,244400
2019-08-19,1987.5,1995.0,1975.0,1982.5,169800
2019-08-20,1995.0,2015.0,1990.0,1997.5,203800
2019-08-21,1982.5,1985.0,1962.5,1972.5,361400
2019-08-22,1990.0,1992.5,1965.0,1977.5,320000
2019-08-23,1980.0,2005.0,1977.5,1990.0,208200
2019-08-26,1935.0,1977.5,1935.0,1962.5,332400
2019-08-27,1967.5,1977.5,1955.0,1965.0,314400
2019-08-28,1975.0,1987.5,1965.0,1982.5,240200
2019-08-29,1987.5,1992.5,1952.5,1975.0,305400
2019-08-30,2002.5,2025.0,1985.0,2022.5,403200
2019-09-02,2002.5,2027.5,1997.5,2000.0,201600
2019-09-03,1972.5,2000.0,1972.5,1992.5,424000
2019-09-04,2002.5,2027.5,1985.0,1990.0,452600
2019-09-05,2000.0,2025.0,1995.0,1997.5,391600
2019-09-06,2002.5,2017.5,1985.0,1987.5,330400
2019-09-09,1985.0,2012.5,1972.5,2012.5,299800
2019-09-10,2015.0,2025.0,2010.0,2012.5,327600
2019-09-11,2022.5,2060.0,2017.5,2057.5,495400
2019-09-12,2060.0,2075.0,2037.5,2042.5,460200
2019-09-13,2045.0,2047.5,2010.0,2020.0,576400
2019-09-17,2047.5,2097.5,2042.5,2090.0,625800
2019-09-18,2075.0,2090.0,2050.0,2055.0,380000
2019-09-19,2095.0,2135.0,2095.0,2112.5,624600
2019-09-20,2130.0,2130.0,2075.0,2075.0,519600
2019-09-24,2087.5,2137.5,2087.5,2100.0,602000
2019-09-25,2090.0,2122.5,2077.5,2112.5,452400
2019-09-26,2135.0,2135.0,2087.5,2095.0,671200
2019-09-27,2105.0,2107.5,2047.5,2067.5,648200
2019-09-30,2052.5,2102.5,2050.0,2102.5,523200
2019-10-01,2107.5,2152.5,2107.5,2142.5,588200
2019-10-02,2147.5,2147.5,2080.0,2087.5,374200
2019-10-03,2045.0,2050.0,2005.0,2025.0,806200
2019-10-04,2005.0,2022.5,1980.0,2015.0,448000
2019-10-07,2012.5,2027.5,2010.0,2022.5,275000
2019-10-08,2035.0,2055.0,2032.5,2050.0,274800
2019-10-09,2037.5,2077.5,2035.0,2077.5,346200
2019-10-10,2097.5,2102.5,2060.0,2070.0,428200
2019-10-11,2080.0,2090.0,2075.0,2075.0,439000
2019-10-15,2130.0,2145.0,2060.0,2062.5,677400
2019-10-16,2082.5,2122.5,2075.0,2087.5,723400
2019-10-17,2102.5,2155.0,2100.0,2150.0,523400
2019-10-18,2165.0,2200.0,2157.5,2170.0,536200
2019-10-21,2202.5,2215.0,2185.0,2195.0,369800
2019-10-23,2217.5,2282.5,2217.5,2275.0,863400
2019-10-24,2262.5,2272.5,2232.5,2250.0,627000
2019-10-25,2240.0,2262.5,2225.0,2262.5,528600
2019-10-28,2265.0,2265.0,2235.0,2245.0,358400
2019-10-29,2257.5,2265.0,2242.5,2255.0,354400
2019-10-30,2267.5,2272.5,2247.5,2260.0,455200
2019-10-31,2277.5,2282.5,2255.0,2272.5,343600
2019-11-01,2247.5,2290.0,2247.5,2290.0,274400
2019-11-05,2300.0,2312.5,2275.0,2305.0,314800
2019-11-06,2272.5,2307.5,2225.0,2265.0,821400
2019-11-07,2260.0,2270.0,2190.0,2192.5,609000
2019-11-08,2202.5,2207.5,2177.5,2187.5,363400
2019-11-11,2190.0,2197.5,2167.5,2180.0,315000
2019-11-12,2180.0,2192.5,2165.0,2182.5,319200
2019-11-13,2175.0,2177.5,2125.0,2132.5,436400
2019-11-14,2117.5,2127.5,2105.0,2117.5,398400
2019-11-15,2127.5,2140.0,2117.5,2125.0,418600
2019-11-18,2127.5,2140.0,2122.5,2130.0,217400
2019-11-19,2130.0,2157.5,2127.5,2150.0,365200
2019-11-20,2125.0,2150.0,2122.5,2147.5,345400
2019-11-21,2127.5,2147.5,2122.5,2142.5,698600
2019-11-22,2147.5,2195.0,2142.5,2177.5,301800
2019-11-25,2187.5,2197.5,2177.5,2195.0,193400
2019-11-26,2187.5,2200.0,2172.5,2175.0,290000
2019-11-27,2175.0,2180.0,2157.5,2177.5,370800
2019-11-28,2185.0,2207.5,2182.5,2205.0,500400
2019-11-29,2205.0,2212.5,2190.0,2195.0,379000
2019-12-02,2200.0,2212.5,2192.5,2205.0,287800
2019-12-03,2210.0,2227.5,2195.0,2215.0,313400
2019-12-04,2202.5,2235.0,2197.5,2222.5,457800
2019-12-05,2245.0,2245.0,2217.5,2230.0,242400
2019-12-06,2250.0,2257.5,2225.0,2232.5,268200
2019-12-09,2262.5,2262.5,2227.5,2235.0,227000
2019-12-10,2262.5,2265.0,2240.0,2255.0,230200
2019-12-11,2267.5,2295.0,2260.0,2287.5,310000
2019-12-12,2287.5,2290.0,2277.5,2277.5,306000
2019-12-13,2307.5,2312.5,2277.5,2287.5,381800
2019-12-16,2305.0,2317.5,2300.0,2300.0,232200
2019-12-17,2320.0,2467.5,2302.5,2387.5,745600
2019-12-18,2387.5,2395.0,2355.0,2370.0,521600
2019-12-19,2350.0,2367.5,2332.5,2352.5,546000
2019-12-20,2347.5,2347.5,2310.0,2335.0,323600
2019-12-23,2357.5,2357.5,2317.5,2330.0,200400
2019-12-24,2330.0,2330.0,2307.5,2315.0,193400
2019-12-25,2317.5,2325.0,2302.5,2302.5,129200
2019-12-26,2300.0,2327.5,2300.0,2317.5,179600
2019-12-27,2317.5,2327.5,2310.0,2320.0,176600
2019-12-30,2330.0,2337.5,2315.0,2325.0,271400
2020-01-06,2292.5,2302.5,2270.0,2287.5,368200
2020-01-07,2287.5,2377.5,2287.5,2372.5,425600
2020-01-08,2302.5,2322.5,2292.5,2310.0,428200
2020-01-09,2325.0,2340.0,2320.0,2335.0,260200
2020-01-10,2340.0,2342.5,2320.0,2335.0,283400
2020-01-14,2350.0,2375.0,2345.0,2372.5,390000
2020-01-15,2362.5,2375.0,2350.0,2360.0,265800
2020-01-16,2357.5,2367.5,2342.5,2350.0,202600
2020-01-17,2372.5,2372.5,2340.0,2355.0,178400
2020-01-20,2375.0,2377.5,2360.0,2367.5,94200
2020-01-21,2357.5,2360.0,2342.5,2357.5,143200
2020-01-22,2350.0,2372.5,2332.5,2365.0,278600
2020-01-23,2365.0,2365.0,2340.0,2357.5,183200
2020-01-24,2350.0,2357.5,2332.5,2350.0,296800
2020-01-27,2340.0,2355.0,2327.5,2350.0,222200
2020-01-28,2325.0,2357.5,2315.0,2350.0,250000
2020-01-29,2352.5,2387.5,2347.5,2357.5,536600
2020-01-30,2375.0,2397.5,2342.5,2355.0,347800
2020-01-31,2357.5,2385.0,2352.5,2357.5,222000
2020-02-03,2322.5,2350.0,2315.0,2317.5,336600
2020-02-04,2327.5,2362.5,2325.0,2357.5,446400
2020-02-05,2390.0,2390.0,2355.0,2362.5,469600
2020-02-06,2300.0,2330.0,2265.0,2280.0,1513800
2020-02-07,2270.0,2277.5,2235.0,2242.5,556400
2020-02-10,2240.0,2292.5,2235.0,2292.5,446200
2020-02-12,2312.5,2367.5,2290.0,2362.5,568000
2020-02-13,2397.5,2422.5,2362.5,2417.5,445200
2020-02-14,2400.0,2405.0,2360.0,2370.0,320400
2020-02-17,2347.5,2355.0,2310.0,2330.0,280000
2020-02-18,2335.0,2345.0,2312.5,2315.0,198600
2020-02-19,2340.0,2340.0,2287.5,2290.0,282200
2020-02-20,2315.0,2322.5,2270.0,2275.0,271400
2020-02-21,2282.5,2287.5,2252.5,2260.0,328400
2020-02-25,2180.0,2222.5,2177.5,2212.5,492600
2020-02-26,2197.5,2212.5,2175.0,2212.5,391000
2020-02-27,2177.5,2187.5,2092.5,2097.5,672400
2020-02-28,2027.5,2030.0,1985.0,2022.5,891000
2020-03-02,1982.5,2040.0,1977.5,2027.5,716200
2020-03-03,2062.5,2065.0,2002.5,2002.5,473600
2020-03-04,1992.5,2037.5,1992.5,2012.5,460600
2020-03-05,2035.0,2037.5,2010.0,2025.0,528600
2020-03-06,2025.0,2030.0,1972.5,1977.5,689600
2020-03-09,1960.0,1990.0,1855.0,1890.0,1046200
2020-03-10,1847.5,1907.5,1785.0,1895.0,599000
2020-03-11,1900.0,1935.0,1895.0,1897.5,515000
2020-03-12,1862.5,1867.5,1785.0,1795.0,947000
2020-03-13,1617.5,1710.0,1545.0,1605.0,1711800
2020-03-16,1615.0,1655.0,1562.5,1572.5,916600
2020-03-17,1555.0,1610.0,1502.5,1560.0,1957000
2020-03-18,1577.5,1652.5,1500.0,1505.0,1727400
2020-03-19,1540.0,1552.5,1461.0,1467.0,1259200
2020-03-23,1450.0,1502.5,1392.0,1490.0,1744600
2020-03-24,1580.0,1625.0,1545.0,1567.5,1224600
2020-03-25,1707.5,1807.5,1665.0,1795.0,1419000
2020-03-26,1780.0,1840.0,1750.0,1805.0,1294000
2020-03-27,1867.5,1907.5,1780.0,1817.5,1931800
2020-03-30,1735.0,1765.0,1690.0,1762.5,685200
2020-03-31,1745.0,1752.5,1675.0,1697.5,669200
2020-04-01,1672.5,1712.5,1562.5,1585.0,1454400
2020-04-02,1525.0,1555.0,1490.5,1494.0,1252800
2020-04-03,1670.0,1712.5,1467.5,1492.5,580200
2020-04-06,1467.5,1507.5,1435.0,1475.0,1019200
2020-04-07,1517.5,1527.5,1442.5,1468.0,2067600
2020-04-08,1468.0,1497.5,1422.5,1478.0,1391000
2020-04-09,1502.5,1537.5,1471.0,1490.0,1142000
2020-04-10,1493.5,1496.0,1442.0,1485.0,930600
2020-04-13,1490.0,1494.5,1469.0,1475.0,490000
2020-04-14,1456.0,1482.0,1446.5,1479.0,946200
2020-04-15,1473.5,1473.5,1447.5,1450.5,733800
2020-04-16,1422.5,1434.0,1412.5,1424.0,733600
2020-04-17,1444.5,1467.5,1440.5,1454.0,715400
2020-04-20,1449.0,1471.0,1441.0,1458.0,402200
2020-04-21,1426.5,1434.5,1405.5,1421.5,857200
2020-04-22,1394.5,1397.0,1359.5,1382.5,979600
2020-04-23,1380.5,1405.5,1378.5,1394.5,805200
2020-04-24,1417.5,1442.5,1400.0,1427.5,877800
2020-04-27,1450.0,1487.0,1447.0,1482.0,753400
2020-04-28,1507.5,1515.0,1496.5,1505.0,536800
2020-04-30,1537.5,1605.0,1537.5,1582.5,935000
2020-05-01,1582.5,1595.0,1560.0,1562.5,767400
2020-05-07,1530.0,1550.0,1505.0,1547.5,839800
2020-05-08,1582.5,1610.0,1565.0,1597.5,664600
2020-05-11,1737.5,1737.5,1692.5,1720.0,1570200
2020-05-12,1727.5,1775.0,1717.5,1750.0,1374200
2020-05-13,1722.5,1742.5,1690.0,1722.5,839000
2020-05-14,1690.0,1755.0,1680.0,1707.5,846800
2020-05-15,1750.0,1755.0,1692.5,1725.0,866000
2020-05-18,1750.0,1772.5,1740.0,1760.0,525800
2020-05-19,1850.0,1882.5,1800.0,1822.5,1112400
2020-05-20,1825.0,1870.0,1822.5,1862.5,1222400
2020-05-21,1875.0,1922.5,1860.0,1910.0,1314800
2020-05-22,1930.0,1965.0,1930.0,1960.0,1403000
2020-05-25,1987.5,2040.0,1967.5,2030.0,913400
2020-05-26,2050.0,2065.0,1997.5,2017.5,1305800
2020-05-27,2017.5,2045.0,1992.5,2030.0,1166000
2020-05-28,2065.0,2095.0,2020.0,2095.0,887000
2020-05-29,2075.0,2110.0,2062.5,2072.5,1135000
2020-06-01,2072.5,2097.5,2062.5,2085.0,517600
2020-06-02,2107.5,2170.0,2087.5,2140.0,786000
2020-06-03,2140.0,2162.5,2102.5,2145.0,740000
2020-06-04,2145.0,2145.0,2067.5,2095.0,909600
2020-06-05,2060.0,2107.5,2020.0,2102.5,1020800
2020-06-08,2152.5,2250.0,2150.0,2250.0,1278000
2020-06-09,2215.0,2220.0,2137.5,2162.5,1276200
2020-06-10,2160.0,2205.0,2135.0,2175.0,740600
2020-06-11,2112.5,2145.0,2087.5,2097.5,1054400
2020-06-12,1977.5,2057.5,1965.0,2025.0,1545000
2020-06-15,1997.5,2017.5,1970.0,1970.0,811600
2020-06-16,2027.5,2070.0,2025.0,2045.0,753400
2020-06-17,2057.5,2060.0,2020.0,2050.0,594400
2020-06-18,2052.5,2065.0,2027.5,2045.0,475000
2020-06-19,2030.0,2050.0,2007.5,2037.5,698600
2020-06-22,2050.0,2107.5,2050.0,2087.5,499800
2020-06-23,2112.5,2132.5,2090.0,2092.5,640000
2020-06-24,2122.5,2145.0,2085.0,2092.5,810000
2020-06-25,2092.5,2102.5,2057.5,2065.0,837000
2020-06-26,2087.5,2100.0,2067.5,2075.0,627800
2020-06-29,2040.0,2060.0,2025.0,2047.5,848400
2020-06-30,2092.5,2102.5,2020.0,2025.0,875400
2020-07-01,2050.0,2075.0,2027.5,2045.0,747400
2020-07-02,2042.5,2050.0,2002.5,2012.5,703400
2020-07-03,2042.5,2042.5,2000.0,2017.5,478400
2020-07-06,2020.0,2040.0,2002.5,2040.0,420400
2020-07-07,2050.0,2050.0,2017.5,2032.5,379800
2020-07-08,2005.0,2025.0,1997.5,2005.0,550200
2020-07-09,2000.0,2012.5,1972.5,1975.0,606000
2020-07-10,1952.5,1955.0,1905.0,1910.0,779800
2020-07-13,1945.0,1960.0,1932.5,1952.5,510600
2020-07-14,1942.5,1950.0,1920.0,1927.5,537000
2020-07-15,1950.0,2002.5,1947.5,1995.0,768600
2020-07-16,2030.0,2057.5,2017.5,2017.5,776000
2020-07-17,2002.5,2032.5,1977.5,1990.0,387200
2020-07-20,1990.0,1992.5,1952.5,1980.0,385400
2020-07-21,2000.0,2000.0,1975.0,1995.0,404200
2020-07-22,1990.0,1995.0,1972.5,1972.5,281800
2020-07-27,1957.5,2007.5,1942.5,2007.5,377400
2020-07-28,1980.0,1997.5,1955.0,1957.5,385600
2020-07-29,1937.5,1940.0,1870.0,1880.0,841200
2020-07-30,1892.5,1910.0,1882.5,1887.5,333800
2020-07-31,1867.5,1870.0,1822.5,1830.0,522000
2020-08-03,1820.0,1862.5,1810.0,1847.5,486000
2020-08-04,1882.5,1940.0,1877.5,1932.5,1082200
2020-08-05,1955.0,1960.0,1927.5,1942.5,522000
2020-08-06,1927.5,1962.5,1912.5,1935.0,376000
2020-08-07,1917.5,1947.5,1912.5,1932.5,663000
2020-08-11,1950.0,1967.5,1910.0,1915.0,847600
2020-08-12,1925.0,2002.5,1920.0,1985.0,697000
2020-08-13,1972.5,1985.0,1930.0,1952.5,611000
2020-08-14,1957.5,1962.5,1932.5,1947.5,402600
2020-08-17,1960.0,1962.5,1922.5,1925.0,391200
2020-08-18,1930.0,1935.0,1907.5,1912.5,336200
2020-08-19,1935.0,1940.0,1915.0,1925.0,333200
2020-08-20,1915.0,1930.0,1897.5,1907.5,551000
2020-08-21,1907.5,1945.0,1907.5,1927.5,464600
2020-08-24,1930.0,1960.0,1930.0,1955.0,484600
2020-08-25,1952.5,1955.0,1927.5,1940.0,973000
2020-08-26,1920.0,1935.0,1897.5,1910.0,641600
2020-08-27,1905.0,1912.5,1890.0,1890.0,384400
2020-08-28,1902.5,1915.0,1825.0,1837.5,899000
2020-08-31,1872.5,1907.5,1872.5,1877.5,515400
2020-09-01,1880.0,1917.5,1875.0,1912.5,425000
2020-09-02,1932.5,1935.0,1915.0,1920.0,684400
2020-09-03,1945.0,1952.5,1927.5,1930.0,639600
2020-09-04,1930.0,1960.0,1925.0,1950.0,487600
2020-09-07,1955.0,1967.5,1950.0,1957.5,448400
2020-09-08,1957.5,1972.5,1942.5,1965.0,499400
2020-09-09,1937.5,1947.5,1920.0,1942.5,560000
2020-09-10,1960.0,2012.5,1952.5,2010.0,436400
2020-09-11,2040.0,2042.5,2005.0,2037.5,544400
2020-09-14,2050.0,2085.0,2035.0,2067.5,539600
2020-09-15,2072.5,2125.0,2067.5,2095.0,779600
2020-09-16,2067.5,2075.0,2037.5,2042.5,494600
2020-09-17,2040.0,2070.0,2035.0,2040.0,423400
2020-09-18,2037.5,2037.5,2010.0,2022.5,437600
2020-09-23,1997.5,2012.5,1972.5,1985.0,449600
2020-09-24,1965.0,1977.5,1950.0,1965.0,498000
2020-09-25,1975.0,1975.0,1957.5,1970.0,815200
2020-09-28,1987.5,2065.0,1972.5,2065.0,937800
2020-09-29,2057.5,2087.5,2040.0,2072.5,594200
2020-09-30,2072.5,2100.0,2062.5,2067.5,650000
2020-10-02,2100.0,2110.0,2060.0,2067.5,746200
2020-10-05,2085.0,2110.0,2082.5,2110.0,462200
2020-10-06,2110.0,2110.0,2072.5,2092.5,304200
2020-10-07,2107.5,2150.0,2082.5,2137.5,460600
2020-10-08,2125.0,2177.5,2110.0,2162.5,585400
2020-10-09,2150.0,2170.0,2135.0,2165.0,422400
2020-10-12,2152.5,2165.0,2130.0,2162.5,316200
2020-10-13,2175.0,2180.0,2160.0,2162.5,367000
2020-10-14,2147.5,2157.5,2130.0,2135.0,294000
2020-10-15,2137.5,2152.5,2122.5,2145.0,255200
2020-10-16,2160.0,2160.0,2122.5,2127.5,285200
2020-10-19,2137.5,2152.5,2132.5,2135.0,209000
2020-10-20,2130.0,2132.5,2107.5,2110.0,231200
2020-10-21,2117.5,2152.5,2112.5,2137.5,202800
2020-10-22,2125.0,2135.0,2115.0,2122.5,334600
2020-10-23,2132.5,2145.0,2125.0,2135.0,271200
2020-10-26,2150.0,2150.0,2090.0,2100.0,359600
2020-10-27,2075.0,2125.0,2035.0,2117.5,462800
2020-10-28,2100.0,2122.5,2092.5,2107.5,243000
2020-10-29,2087.5,2127.5,2085.0,2120.0,264200
2020-10-30,2102.5,2102.5,2040.0,2050.0,612400
2020-11-02,2050.0,2057.5,2030.0,2040.0,564000
2020-11-04,2072.5,2132.5,2045.0,2117.5,553200
2020-11-05,2125.0,2177.5,2110.0,2175.0,510200
2020-11-06,2197.5,2257.5,2182.5,2235.0,532400
2020-11-09,2267.5,2285.0,2247.5,2267.5,559800
2020-11-10,2317.5,2340.0,2305.0,2337.5,666600
2020-11-11,2382.5,2397.5,2347.5,2362.5,607800
2020-11-12,2365.0,2372.5,2320.0,2345.0,367400
2020-11-13,2350.0,2355.0,2305.0,2342.5,488000
2020-11-16,2397.5,2430.0,2385.0,2412.5,564400
2020-11-17,2405.0,2417.5,2385.0,2415.0,384800
2020-11-18,2405.0,2435.0,2382.5,2400.0,393200
2020-11-19,2400.0,2405.0,2367.5,2397.5,512800
2020-11-20,2372.5,2385.0,2342.5,2372.5,489400
2020-11-24,2425.0,2470.0,2422.5,2462.5,705000
2020-11-25,2497.5,2515.0,2417.5,2425.0,573000
2020-11-26,2397.5,2412.5,2387.5,2405.0,581200
2020-11-27,2397.5,2435.0,2392.5,2427.5,504400
2020-11-30,2432.5,2440.0,2387.5,2387.5,520200
2020-12-01,2352.5,2450.0,2340.0,2435.0,661000
2020-12-02,2445.0,2495.0,2420.0,2482.5,461200
2020-12-03,2447.5,2447.5,2390.0,2392.5,503000
2020-12-04,2380.0,2405.0,2370.0,2400.0,306800
2020-12-07,2365.0,2377.5,2352.5,2357.5,446800
2020-12-08,2367.5,2402.5,2357.5,2375.0,298400
2020-12-09,2350.0,2370.0,2342.5,2357.5,533600
2020-12-10,2360.0,2375.0,2355.0,2367.5,415600
2020-12-11,2345.0,2360.0,2312.5,2332.5,466800
2020-12-14,2332.5,2352.5,2317.5,2335.0,383600
2020-12-15,2337.5,2345.0,2320.0,2320.0,290000
2020-12-16,2332.5,2350.0,2327.5,2340.0,207400
2020-12-17,2310.0,2335.0,2305.0,2332.5,179200
2020-12-18,2332.5,2335.0,2310.0,2322.5,210800
2020-12-21,2305.0,2330.0,2292.5,2312.5,237200
2020-12-22,2292.5,2295.0,2240.0,2257.5,356600
2020-12-23,2280.0,2282.5,2247.5,2277.5,238800
2020-12-24,2300.0,2317.5,2280.0,2295.0,258600
2020-12-25,2295.0,2297.5,2280.0,2292.5,182600
2020-12-28,2290.0,2310.0,2282.5,2295.0,380600
2020-12-29,2320.0,2362.5,2307.5,2362.5,396400
2020-12-30,2370.0,2377.5,2357.5,2362.5,338000
2021-01-04,2397.5,2400.0,2302.5,2322.5,279200
2021-01-05,2300.0,2327.5,2300.0,2305.0,277800
2021-01-06,2280.0,2332.5,2272.5,2322.5,243000
2021-01-07,2347.5,2407.5,2332.5,2390.0,378800
2021-01-08,2377.5,2382.5,2350.0,2355.0,483000
2021-01-12,2347.5,2347.5,2280.0,2290.0,571400
2021-01-13,2297.5,2337.5,2282.5,2292.5,470800
2021-01-14,2285.0,2305.0,2282.5,2295.0,311400
2021-01-15,2287.5,2290.0,2242.5,2247.5,503400
2021-01-18,2222.5,2230.0,2207.5,2225.0,294600
2021-01-19,2225.0,2230.0,2210.0,2210.0,203000
2021-01-20,2217.5,2227.5,2182.5,2202.5,416600
2021-01-21,2205.0,2240.0,2200.0,2227.5,454000
2021-01-22,2215.0,2292.5,2215.0,2270.0,449400
2021-01-25,2267.5,2277.5,2245.0,2257.5,352600
2021-01-26,2260.0,2292.5,2250.0,2282.5,307800
2021-01-27,2290.0,2320.0,2282.5,2315.0,560200
2021-01-28,2280.0,2335.0,2277.5,2312.5,1190200
2021-01-29,2292.5,2352.5,2280.0,2332.5,615600
2021-02-01,2332.5,2387.5,2332.5,2362.5,458400
2021-02-02,2387.5,2395.0,2362.5,2387.5,289000
2021-02-03,2395.0,2415.0,2387.5,2410.0,296600
2021-02-04,2392.5,2420.0,2385.0,2397.5,316600
2021-02-05,2422.5,2467.5,2417.5,2460.0,416000
2021-02-08,2490.0,2525.0,2470.0,2485.0,556600
2021-02-09,2490.0,2520.0,2465.0,2510.0,576400
2021-02-10,2505.0,2510.0,2482.5,2495.0,329000
2021-02-12,2520.0,2520.0,2490.0,2500.0,265000
2021-02-15,2515.0,2545.0,2505.0,2530.0,215000
2021-02-16,2570.0,2675.0,2545.0,2650.0,596800
2021-02-17,2640.0,2670.0,2605.0,2660.0,438600
2021-02-18,2640.0,2655.0,2620.0,2635.0,520800
2021-02-19,2630.0,2650.0,2610.0,2625.0,292800
2021-02-22,2635.0,2655.0,2565.0,2580.0,411600
2021-02-24,2580.0,2600.0,2520.0,2535.0,567800
2021-02-25,2585.0,2595.0,2530.0,2550.0,595200
2021-02-26,2515.0,2540.0,2442.5,2442.5,624000
2021-03-01,2487.5,2515.0,2472.5,2500.0,337800
2021-03-02,2530.0,2530.0,2485.0,2515.0,437400
2021-03-03,2505.0,2510.0,2485.0,2510.0,235400
2021-03-04,2485.0,2525.0,2472.5,2525.0,301800
2021-03-05,2500.0,2520.0,2462.5,2500.0,349600
2021-03-08,2530.0,2540.0,2450.0,2462.5,538000
2021-03-09,2470.0,2505.0,2465.0,2492.5,440600
2021-03-10,2495.0,2505.0,2485.0,2485.0,383600
2021-03-11,2500.0,2500.0,2475.0,2485.0,364400
2021-03-12,2485.0,2515.0,2465.0,2515.0,485800
2021-03-15,2530.0,2560.0,2525.0,2550.0,374600
2021-03-16,2545.0,2560.0,2505.0,2525.0,295400
2021-03-17,2525.0,2535.0,2500.0,2520.0,356800
2021-03-18,2545.0,2565.0,2525.0,2565.0,465600
2021-03-19,2590.0,2675.0,2575.0,2670.0,923000
2021-03-22,2660.0,2665.0,2610.0,2620.0,432600
2021-03-23,2630.0,2640.0,2545.0,2545.0,483200
2021-03-24,2545.0,2560.0,2480.0,2487.5,528800
2021-03-25,2495.0,2525.0,2487.5,2505.0,548400
2021-03-26,2550.0,2595.0,2515.0,2595.0,739400
2021-03-29,2575.0,2605.0,2570.0,2590.0,1062600
2021-03-30,2535.0,2560.0,2520.0,2555.0,410200
2021-03-31,2560.0,2560.0,2530.0,2540.0,270800
2021-04-01,2545.0,2545.0,2525.0,2535.0,173000
2021-04-02,2560.0,2560.0,2520.0,2535.0,113600
2021-04-05,2535.0,2550.0,2510.0,2550.0,140000
2021-04-06,2560.0,2560.0,2505.0,2510.0,258600
2021-04-07,2535.0,2585.0,2530.0,2585.0,260200
2021-04-08,2595.0,2620.0,2575.0,2585.0,353600
2021-04-09,2600.0,2630.0,2585.0,2630.0,286600
2021-04-12,2615.0,2615.0,2565.0,2575.0,348800
2021-04-13,2585.0,2635.0,2575.0,2605.0,438200
2021-04-14,2585.0,2585.0,2550.0,2555.0,380200
2021-04-15,2570.0,2580.0,2520.0,2525.0,257600
2021-04-16,2535.0,2560.0,2520.0,2560.0,299400
2021-04-19,2565.0,2570.0,2535.0,2535.0,278600
2021-04-20,2515.0,2520.0,2485.0,2505.0,316800
2021-04-21,2482.5,2505.0,2457.5,2462.5,335600
2021-04-22,2492.5,2510.0,2475.0,2500.0,278200
2021-04-23,2500.0,2505.0,2485.0,2487.5,199000
2021-04-26,2510.0,2510.0,2482.5,2482.5,279400
2021-04-27,2487.5,2500.0,2480.0,2482.5,304600
2021-04-28,2500.0,2500.0,2470.0,2482.5,229200
2021-04-30,2482.5,2497.5,2450.0,2452.5,284000
2021-05-06,2487.5,2520.0,2472.5,2487.5,335600
2021-05-07,2487.5,2535.0,2477.5,2510.0,242200
2021-05-10,2487.5,2490.0,2465.0,2467.5,259000
2021-05-11,2465.0,2465.0,2377.5,2382.5,593000
2021-05-12,2347.5,2355.0,2310.0,2327.5,481200
2021-05-13,2297.5,2332.5,2270.0,2287.5,431800
2021-05-14,2310.0,2320.0,2295.0,2295.0,400400
2021-05-17,2325.0,2327.5,2282.5,2287.5,274000
2021-05-18,2290.0,2307.5,2282.5,2295.0,388000
2021-05-19,2282.5,2295.0,2270.0,2280.0,546000
2021-05-20,2275.0,2320.0,2272.5,2315.0,786800
2021-05-21,2325.0,2360.0,2312.5,2342.5,401800
2021-05-24,2332.5,2342.5,2320.0,2320.0,241200
2021-05-25,2322.5,2330.0,2307.5,2330.0,220600
2021-05-26,2307.5,2322.5,2297.5,2300.0,375800
2021-05-27,2290.0,2297.5,2267.5,2275.0,436600
2021-05-28,2277.5,2307.5,2272.5,2280.0,413200
2021-05-31,2277.5,2282.5,2245.0,2252.5,450400
2021-06-01,2265.0,2287.5,2255.0,2285.0,226600
2021-06-02,2300.0,2332.5,2292.5,2322.5,401800
2021-06-03,2327.5,2347.5,2325.0,2340.0,358400
2021-06-04,2345.0,2355.0,2330.0,2335.0,222400
2021-06-07,2345.0,2357.5,2327.5,2337.5,200400
2021-06-08,2310.0,2360.0,2297.5,2357.5,282000
2021-06-09,2362.5,2370.0,2347.5,2355.0,174400
2021-06-10,2352.5,2415.0,2352.5,2407.5,392000
2021-06-11,2417.5,2422.5,2372.5,2397.5,474600
2021-06-14,2422.5,2425.0,2390.0,2402.5,172200
2021-06-15,2435.0,2435.0,2405.0,2410.0,346600
2021-06-16,2410.0,2415.0,2400.0,2412.5,257800
2021-06-17,2400.0,2412.5,2392.5,2395.0,208600
2021-06-18,2402.5,2402.5,2377.5,2382.5,275800
2021-06-21,2340.0,2360.0,2332.5,2352.5,481800
2021-06-22,2410.0,2412.5,2370.0,2392.5,336400
2021-06-23,2375.0,2392.5,2360.0,2362.5,230800
2021-06-24,2385.0,2385.0,2355.0,2362.5,197400
2021-06-25,2387.5,2400.0,2375.0,2392.5,249800
2021-06-28,2405.0,2455.0,2402.5,2447.5,293400
2021-06-29,2397.5,2397.5,2370.0,2380.0,422400
2021-06-30,2407.5,2412.5,2370.0,2387.5,304000
2021-07-01,2407.5,2435.0,2400.0,2422.5,241000
2021-07-02,2395.0,2450.0,2387.5,2437.5,229800
2021-07-05,2447.5,2462.5,2435.0,2447.5,175600
2021-07-06,2437.5,2455.0,2427.5,2450.0,134000
2021-07-07,2410.0,2435.0,2405.0,2430.0,257200
2021-07-08,2402.5,2445.0,2402.5,2420.0,369800
2021-07-09,2405.0,2422.5,2365.0,2415.0,454200
2021-07-12,2485.0,2485.0,2450.0,2465.0,358800
2021-07-13,2515.0,2560.0,2510.0,2540.0,415200
2021-07-14,2550.0,2560.0,2535.0,2535.0,244800
2021-07-15,2565.0,2570.0,2540.0,2545.0,211400
2021-07-16,2550.0,2560.0,2530.0,2550.0,231200
2021-07-19,2535.0,2550.0,2520.0,2530.0,274000
2021-07-20,2485.0,2487.5,2467.5,2480.0,328200
2021-07-21,2510.0,2510.0,2480.0,2505.0,348800
2021-07-26,2570.0,2585.0,2550.0,2560.0,278600
2021-07-27,2575.0,2575.0,2540.0,2550.0,251800
2021-07-28,2535.0,2565.0,2505.0,2525.0,252000
2021-07-29,2520.0,2530.0,2515.0,2530.0,295200
2021-07-30,2545.0,2545.0,2472.5,2480.0,364800
2021-08-02,2505.0,2540.0,2505.0,2535.0,306800
2021-08-03,2510.0,2535.0,2510.0,2515.0,143000
2021-08-04,2515.0,2530.0,2510.0,2520.0,251200
2021-08-05,2525.0,2545.0,2525.0,2530.0,313200
2021-08-06,2550.0,2560.0,2530.0,2560.0,340200
2021-08-10,2465.0,2565.0,2460.0,2535.0,426600
2021-08-11,2535.0,2555.0,2515.0,2525.0,229600
2021-08-12,2550.0,2550.0,2510.0,2515.0,186200
2021-08-13,2550.0,2580.0,2545.0,2575.0,298800
2021-08-16,2580.0,2585.0,2540.0,2560.0,204200
2021-08-17,2590.0,2590.0,2545.0,2550.0,253000
2021-08-18,2550.0,2595.0,2535.0,2585.0,200400
2021-08-19,2570.0,2620.0,2570.0,2610.0,266200
2021-08-20,2610.0,2615.0,2520.0,2535.0,366400
2021-08-23,2575.0,2620.0,2575.0,2585.0,298200
2021-08-24,2605.0,2665.0,2605.0,2655.0,271800
2021-08-25,2675.0,2720.0,2675.0,2690.0,335800
2021-08-26,2665.0,2665.0,2640.0,2655.0,224400
2021-08-27,2635.0,2655.0,2615.0,2625.0,157200
2021-08-30,2650.0,2650.0,2620.0,2650.0,167400
2021-08-31,2625.0,2655.0,2610.0,2620.0,262000
2021-09-01,2625.0,2650.0,2605.0,2620.0,265000
2021-09-02,2630.0,2645.0,2610.0,2620.0,218800
2021-09-03,2640.0,2735.0,2635.0,2715.0,466600
2021-09-06,2750.0,2810.0,2735.0,2775.0,317000
2021-09-07,2825.0,2875.0,2825.0,2835.0,341800
2021-09-08,2840.0,2875.0,2840.0,2870.0,330800
2021-09-09,2835.0,2865.0,2830.0,2845.0,251800
2021-09-10,2850.0,2910.0,2850.0,2905.0,352200
2021-09-13,2870.0,2895.0,2835.0,2890.0,251000
2021-09-14,2930.0,2940.0,2885.0,2905.0,291800
2021-09-15,2855.0,2860.0,2820.0,2845.0,228800
2021-09-16,2820.0,2835.0,2800.0,2825.0,237600
2021-09-17,2830.0,2850.0,2805.0,2830.0,349800
2021-09-21,2750.0,2770.0,2735.0,2760.0,373600
2021-09-22,2750.0,2755.0,2715.0,2715.0,280000
2021-09-24,2775.0,2785.0,2750.0,2770.0,396600
2021-09-27,2770.0,2775.0,2740.0,2755.0,308800
2021-09-28,2755.0,2760.0,2715.0,2760.0,380600
2021-09-29,2715.0,2720.0,2675.0,2705.0,377400
2021-09-30,2740.0,2775.0,2730.0,2730.0,327200
2021-10-01,2695.0,2710.0,2665.0,2690.0,313600
2021-10-04,2725.0,2730.0,2650.0,2670.0,300200
2021-10-05,2620.0,2620.0,2545.0,2560.0,445000
2021-10-06,2585.0,2625.0,2520.0,2525.0,335800
2021-10-07,2540.0,2590.0,2525.0,2575.0,442000
2021-10-08,2580.0,2645.0,2570.0,2620.0,305400
2021-10-11,2640.0,2705.0,2640.0,2680.0,373000
2021-10-12,2695.0,2695.0,2645.0,2660.0,278200
2021-10-13,2620.0,2665.0,2605.0,2645.0,232400
2021-10-14,2620.0,2675.0,2610.0,2675.0,258600
2021-10-15,2695.0,2710.0,2665.0,2710.0,220600
2021-10-18,2720.0,2720.0,2665.0,2690.0,169400
2021-10-19,2715.0,2750.0,2705.0,2730.0,240000
2021-10-20,2745.0,2775.0,2745.0,2750.0,183600
2021-10-21,2700.0,2725.0,2680.0,2685.0,256600
2021-10-22,2655.0,2700.0,2650.0,2680.0,196800
2021-10-25,2645.0,2725.0,2645.0,2690.0,190000
2021-10-26,2685.0,2705.0,2675.0,2695.0,252000
2021-10-27,2690.0,2720.0,2675.0,2715.0,253800
2021-10-28,2690.0,2735.0,2660.0,2720.0,1055400
2021-10-29,2755.0,2765.0,2740.0,2750.0,288400
2021-11-01,2800.0,2820.0,2780.0,2820.0,239200
2021-11-02,2795.0,2800.0,2710.0,2710.0,264600
2021-11-04,2750.0,2750.0,2695.0,2705.0,214000
2021-11-05,2655.0,2660.0,2605.0,2640.0,336000
2021-11-08,2735.0,2745.0,2620.0,2635.0,237400
2021-11-09,2685.0,2685.0,2630.0,2635.0,159000
2021-11-10,2600.0,2620.0,2590.0,2600.0,218200
2021-11-11,2585.0,2620.0,2580.0,2610.0,161800
2021-11-12,2610.0,2660.0,2610.0,2630.0,168600
2021-11-15,2620.0,2625.0,2570.0,2580.0,471800
2021-11-16,2585.0,2595.0,2540.0,2575.0,875600
2021-11-17,2555.0,2560.0,2515.0,2515.0,912000
2021-11-18,2492.5,2575.0,2487.5,2565.0,326600
2021-11-19,2575.0,2585.0,2540.0,2570.0,282800
2021-11-22,2530.0,2580.0,2530.0,2580.0,228600
2021-11-24,2560.0,2585.0,2525.0,2530.0,340200
2021-11-25,2555.0,2555.0,2520.0,2535.0,159200
2021-11-26,2550.0,2550.0,2510.0,2515.0,206600
2021-11-29,2487.5,2535.0,2482.5,2510.0,364000
2021-11-30,2535.0,2560.0,2480.0,2480.0,397000
2021-12-01,2487.5,2535.0,2480.0,2530.0,217800
2021-12-02,2482.5,2530.0,2482.5,2500.0,256400
2021-12-03,2530.0,2595.0,2525.0,2595.0,317200
2021-12-06,2595.0,2600.0,2560.0,2575.0,254000
2021-12-07,2590.0,2640.0,2580.0,2635.0,276400
2021-12-08,2650.0,2660.0,2630.0,2635.0,250000
2021-12-09,2600.0,2615.0,2565.0,2575.0,254200
2021-12-10,2555.0,2580.0,2540.0,2540.0,207400
2021-12-13,2550.0,2570.0,2540.0,2545.0,149000
2021-12-14,2515.0,2555.0,2505.0,2510.0,276000
2021-12-15,2475.0,2510.0,2465.0,2487.5,287200
2021-12-16,2497.5,2510.0,2485.0,2500.0,277400
2021-12-17,2490.0,2505.0,2470.0,2487.5,296600
2021-12-20,2452.5,2465.0,2435.0,2440.0,281600
2021-12-21,2480.0,2500.0,2465.0,2490.0,190200
2021-12-22,2490.0,2500.0,2480.0,2500.0,113600
2021-12-23,2500.0,2500.0,2465.0,2487.5,143200
2021-12-24,2485.0,2485.0,2465.0,2470.0,88000
2021-12-27,2472.5,2480.0,2460.0,2465.0,118400
2021-12-28,2495.0,2515.0,2482.5,2515.0,179400
2021-12-29,2500.0,2530.0,2500.0,2505.0,142400
2021-12-30,2500.0,2515.0,2492.5,2505.0,175000
2022-01-04,2535.0,2540.0,2510.0,2535.0,232600
2022-01-05,2540.0,2565.0,2540.0,2565.0,213400
2022-01-06,2565.0,2575.0,2535.0,2545.0,320000
2022-01-07,2555.0,2570.0,2525.0,2540.0,281200
2022-01-11,2575.0,2620.0,2555.0,2620.0,315800
2022-01-12,2660.0,2670.0,2640.0,2655.0,379800
2022-01-13,2660.0,2660.0,2625.0,2640.0,136600
2022-01-14,2620.0,2630.0,2590.0,2625.0,293000
2022-01-17,2630.0,2635.0,2590.0,2605.0,249600
2022-01-18,2625.0,2655.0,2610.0,2620.0,234400
2022-01-19,2585.0,2600.0,2540.0,2565.0,318800
2022-01-20,2570.0,2620.0,2570.0,2610.0,262400
2022-01-21,2630.0,2635.0,2595.0,2620.0,342000
2022-01-24,2570.0,2640.0,2570.0,2640.0,302400
2022-01-25,2625.0,2630.0,2570.0,2595.0,339800
2022-01-26,2590.0,2625.0,2575.0,2605.0,253600
2022-01-27,2605.0,2625.0,2555.0,2580.0,402600
2022-01-28,2600.0,2605.0,2555.0,2585.0,354000
2022-01-31,2575.0,2575.0,2540.0,2550.0,276200
2022-02-01,2555.0,2585.0,2525.0,2535.0,226400
2022-02-02,2515.0,2605.0,2515.0,2600.0,206200
2022-02-03,2565.0,2585.0,2555.0,2585.0,132600
2022-02-04,2560.0,2575.0,2525.0,2540.0,300000
2022-02-07,2525.0,2555.0,2525.0,2545.0,218000
2022-02-08,2495.0,2535.0,2412.5,2435.0,916200
2022-02-09,2410.0,2417.5,2340.0,2340.0,1003200
2022-02-10,2355.0,2455.0,2355.0,2445.0,650800
2022-02-14,2447.5,2467.5,2407.5,2435.0,335800
2022-02-15,2455.0,2462.5,2425.0,2427.5,219400
2022-02-16,2452.5,2480.0,2442.5,2450.0,255800
2022-02-17,2440.0,2445.0,2422.5,2425.0,246600
2022-02-18,2402.5,2427.5,2390.0,2390.0,275800
2022-02-21,2362.5,2425.0,2360.0,2415.0,140200
2022-02-22,2385.0,2427.5,2385.0,2420.0,192600
2022-02-24,2405.0,2437.5,2395.0,2402.5,238000
2022-02-25,2402.5,2412.5,2377.5,2390.0,220600
2022-02-28,2390.0,2422.5,2390.0,2410.0,339600
2022-03-01,2430.0,2437.5,2402.5,2402.5,236800
2022-03-02,2375.0,2402.5,2370.0,2395.0,327200
2022-03-03,2415.0,2440.0,2405.0,2430.0,249400
2022-03-04,2412.5,2420.0,2372.5,2372.5,288800
2022-03-07,2337.5,2337.5,2280.0,2285.0,339200
2022-03-08,2255.0,2332.5,2255.0,2280.0,334000
2022-03-09,2290.0,2312.5,2287.5,2297.5,252800
2022-03-10,2357.5,2372.5,2345.0,2357.5,245000
2022-03-11,2322.5,2335.0,2302.5,2310.0,363000
2022-03-14,2305.0,2322.5,2297.5,2305.0,262800
2022-03-15,2300.0,2327.5,2297.5,2320.0,269400
2022-03-16,2315.0,2327.5,2305.0,2305.0,360200
2022-03-17,2327.5,2357.5,2317.5,2347.5,441200
2022-03-18,2347.5,2365.0,2335.0,2345.0,439600
2022-03-22,2365.0,2375.0,2345.0,2352.5,384200
2022-03-23,2375.0,2430.0,2375.0,2410.0,459600
2022-03-24,2400.0,2410.0,2350.0,2390.0,500000
2022-03-25,2390.0,2415.0,2390.0,2405.0,614200
2022-03-28,2425.0,2457.5,2410.0,2437.5,642200
2022-03-29,2447.5,2450.0,2415.0,2450.0,677800
2022-03-30,2365.0,2407.5,2347.5,2397.5,623400
2022-03-31,2382.5,2400.0,2355.0,2355.0,393200
2022-04-01,2320.0,2362.5,2315.0,2362.5,302200
2022-04-04,2357.5,2387.5,2357.5,2380.0,212600
2022-04-05,2380.0,2395.0,2367.5,2380.0,339800
2022-04-06,2367.5,2395.0,2367.5,2382.5,407600
2022-04-07,2360.0,2375.0,2322.5,2327.5,268000
2022-04-08,2342.5,2352.5,2320.0,2340.0,259800
2022-04-11,2365.0,2370.0,2310.0,2325.0,258200
2022-04-12,2320.0,2335.0,2315.0,2325.0,348200
2022-04-13,2322.5,2345.0,2310.0,2342.5,273600
2022-04-14,2337.5,2342.5,2315.0,2327.5,158800
2022-04-15,2307.5,2337.5,2307.5,2327.5,197800
2022-04-18,2315.0,2322.5,2282.5,2290.0,187800
2022-04-19,2312.5,2312.5,2282.5,2297.5,124400
2022-04-20,2322.5,2337.5,2307.5,2320.0,245400
2022-04-21,2320.0,2345.0,2317.5,2337.5,255800
2022-04-22,2302.5,2322.5,2300.0,2312.5,266200
2022-04-25,2262.5,2270.0,2250.0,2257.5,330400
2022-04-26,2252.5,2255.0,2225.0,2237.5,293400
2022-04-27,2202.5,2220.0,2175.0,2202.5,560200
2022-04-28,2237.5,2287.5,2235.0,2282.5,408600
2022-05-02,2282.5,2307.5,2265.0,2302.5,291600
2022-05-06,2302.5,2307.5,2272.5,2297.5,240600
2022-05-09,2272.5,2285.0,2260.0,2270.0,270200
2022-05-10,2200.0,2277.5,2190.0,2272.5,710200
2022-05-11,2270.0,2307.5,2270.0,2277.5,394000
2022-05-12,2270.0,2277.5,2232.5,2235.0,327800
2022-05-13,2225.0,2257.5,2220.0,2250.0,189600
2022-05-16,2252.5,2255.0,2182.5,2182.5,306600
2022-05-17,2182.5,2190.0,2145.0,2157.5,231400
2022-05-18,2150.0,2152.5,2100.0,2105.0,346000
2022-05-19,2082.5,2130.0,2080.0,2117.5,302600
2022-05-20,2115.0,2125.0,2100.0,2120.0,226200
2022-05-23,2122.5,2142.5,2120.0,2135.0,316400
2022-05-24,2137.5,2142.5,2110.0,2112.5,216200
2022-05-25,2110.0,2127.5,2105.0,2112.5,189200
2022-05-26,2105.0,2130.0,2105.0,2115.0,188200
2022-05-27,2130.0,2145.0,2120.0,2135.0,220200
2022-05-30,2155.0,2175.0,2145.0,2162.5,464600
2022-05-31,2160.0,2177.5,2130.0,2137.5,412200
2022-06-01,2135.0,2190.0,2135.0,2185.0,280200
2022-06-02,2150.0,2175.0,2150.0,2160.0,251800
2022-06-03,2190.0,2192.5,2160.0,2180.0,182800
2022-06-06,2152.5,2182.5,2150.0,2177.5,158200
2022-06-07,2175.0,2195.0,2175.0,2187.5,171400
2022-06-08,2195.0,2212.5,2190.0,2210.0,206000
2022-06-09,2175.0,2192.5,2155.0,2155.0,499400
2022-06-10,2137.5,2157.5,2130.0,2137.5,380200
2022-06-13,2110.0,2130.0,2097.5,2122.5,348400
2022-06-14,2102.5,2145.0,2102.5,2135.0,285800
2022-06-15,2142.5,2152.5,2127.5,2132.5,215800
2022-06-16,2167.5,2170.0,2122.5,2125.0,292600
2022-06-17,2110.0,2127.5,2102.5,2125.0,422000
2022-06-20,2110.0,2120.0,2077.5,2090.0,308400
2022-06-21,2110.0,2127.5,2107.5,2115.0,300400
2022-06-22,2132.5,2135.0,2100.0,2112.5,264000
2022-06-23,2102.5,2132.5,2102.5,2125.0,318200
2022-06-24,2122.5,2140.0,2117.5,2140.0,267800
2022-06-27,2150.0,2162.5,2142.5,2147.5,198600
2022-06-28,2140.0,2152.5,2125.0,2150.0,388600
2022-06-29,2127.5,2157.5,2120.0,2140.0,607400
2022-06-30,2145.0,2157.5,2117.5,2125.0,319000
2022-07-01,2117.5,2125.0,2095.0,2100.0,385800
2022-07-04,2135.0,2135.0,2107.5,2120.0,289600
2022-07-05,2132.5,2132.5,2092.5,2102.5,348400
2022-07-06,2092.5,2120.0,2092.5,2117.5,303800
2022-07-07,2117.5,2140.0,2112.5,2130.0,370000
2022-07-08,2150.0,2177.5,2127.5,2155.0,638000
2022-07-11,2175.0,2192.5,2167.5,2182.5,359000
2022-07-12,2187.5,2187.5,2145.0,2147.5,213200
2022-07-13,2147.5,2167.5,2147.5,2167.5,160400
2022-07-14,2152.5,2182.5,2152.5,2175.0,282200
2022-07-15,2162.5,2180.0,2160.0,2167.5,232400
2022-07-19,2165.0,2177.5,2160.0,2172.5,203600
2022-07-20,2202.5,2232.5,2195.0,2230.0,348400
2022-07-21,2230.0,2237.5,2210.0,2227.5,240800
2022-07-22,2255.0,2275.0,2250.0,2262.5,345400
2022-07-25,2247.5,2265.0,2240.0,2252.5,293400
2022-07-26,2272.5,2282.5,2255.0,2270.0,329000
2022-07-27,2257.5,2270.0,2252.5,2255.0,216600
2022-07-28,2265.0,2277.5,2250.0,2275.0,282400
2022-07-29,2262.5,2275.0,2247.5,2257.5,366600
2022-08-01,2262.5,2262.5,2242.5,2250.0,366000
2022-08-02,2215.0,2222.5,2180.0,2195.0,575800
2022-08-03,2197.5,2205.0,2190.0,2200.0,227600
2022-08-04,2202.5,2225.0,2192.5,2222.5,389200
2022-08-05,2237.5,2245.0,2227.5,2232.5,337000
2022-08-08,2175.0,2195.0,2152.5,2187.5,512000
2022-08-09,2192.5,2197.5,2175.0,2182.5,233400
2022-08-10,2205.0,2205.0,2175.0,2182.5,260800
2022-08-12,2202.5,2212.5,2177.5,2187.5,410600
2022-08-15,2200.0,2200.0,2185.0,2195.0,182000
2022-08-16,2190.0,2190.0,2152.5,2182.5,286800
2022-08-17,2202.5,2215.0,2187.5,2215.0,304600
2022-08-18,2222.5,2250.0,2210.0,2247.5,329200
2022-08-19,2247.5,2257.5,2237.5,2250.0,409800
2022-08-22,2225.0,2255.0,2225.0,2255.0,383400
2022-08-23,2280.0,2292.5,2252.5,2257.5,255800
2022-08-24,2272.5,2272.5,2242.5,2255.0,197600
2022-08-25,2257.5,2290.0,2257.5,2282.5,144600
2022-08-26,2290.0,2297.5,2280.0,2287.5,174400
2022-08-29,2250.0,2297.5,2245.0,2292.5,415600
2022-08-30,2270.0,2315.0,2262.5,2302.5,577600
2022-08-31,2302.5,2307.5,2292.5,2307.5,307000
2022-09-01,2297.5,2312.5,2290.0,2300.0,305000
2022-09-02,2315.0,2325.0,2295.0,2300.0,283800
2022-09-05,2312.5,2322.5,2300.0,2315.0,209000
2022-09-06,2327.5,2340.0,2312.5,2317.5,277000
2022-09-07,2320.0,2350.0,2317.5,2345.0,388400
2022-09-08,2360.0,2370.0,2347.5,2365.0,343400
2022-09-09,2362.5,2387.5,2355.0,2355.0,369200
2022-09-12,2375.0,2380.0,2367.5,2375.0,252800
2022-09-13,2380.0,2380.0,2357.5,2367.5,267200
2022-09-14,2335.0,2347.5,2322.5,2325.0,269600
2022-09-15,2335.0,2357.5,2327.5,2350.0,215800
2022-09-16,2357.5,2372.5,2342.5,2362.5,485200
2022-09-20,2377.5,2377.5,2352.5,2362.5,315400
2022-09-21,2347.5,2352.5,2330.0,2342.5,215600
2022-09-22,2337.5,2345.0,2325.0,2337.5,288800
2022-09-26,2332.5,2352.5,2322.5,2332.5,448400
2022-09-27,2345.0,2372.5,2325.0,2327.5,399000
2022-09-28,2412.5,2412.5,2352.5,2402.5,1131000
2022-09-29,2400.0,2417.5,2395.0,2405.0,417400
2022-09-30,2415.0,2427.5,2390.0,2407.5,624200
2022-10-03,2407.5,2425.0,2385.0,2412.5,338200
2022-10-04,2445.0,2457.5,2410.0,2437.5,522400
2022-10-05,2427.5,2462.5,2425.0,2442.5,358000
2022-10-06,2425.0,2472.5,2422.5,2465.0,387600
2022-10-07,2445.0,2480.0,2427.5,2475.0,291000
2022-10-11,2447.5,2465.0,2422.5,2430.0,302800
2022-10-12,2395.0,2427.5,2387.5,2415.0,259000
2022-10-13,2422.5,2427.5,2395.0,2402.5,249200
2022-10-14,2435.0,2457.5,2412.5,2447.5,284600
2022-10-17,2412.5,2422.5,2397.5,2397.5,279400
2022-10-18,2425.0,2430.0,2395.0,2407.5,242000
2022-10-19,2402.5,2410.0,2395.0,2397.5,199400
2022-10-20,2385.0,2415.0,2380.0,2415.0,213200
2022-10-21,2395.0,2410.0,2375.0,2395.0,307000
2022-10-24,2410.0,2410.0,2392.5,2392.5,242200
2022-10-25,2405.0,2417.5,2390.0,2397.5,255400
2022-10-26,2397.5,2422.5,2390.0,2410.0,330200
2022-10-27,2412.5,2412.5,2395.0,2402.5,167200
2022-10-28,2387.5,2405.0,2377.5,2390.0,660400
2022-10-31,2407.5,2455.0,2407.5,2455.0,499200
2022-11-01,2455.0,2467.5,2442.5,2462.5,227200
2022-11-02,2447.5,2447.5,2417.5,2432.5,291200
2022-11-04,2415.0,2435.0,2412.5,2432.5,374200
2022-11-07,2437.5,2482.5,2425.0,2482.5,326400
2022-11-08,2497.5,2510.0,2480.0,2500.0,318800
2022-11-09,2500.0,2520.0,2467.5,2480.0,206000
2022-11-10,2475.0,2492.5,2462.5,2485.0,162800
2022-11-11,2492.5,2505.0,2460.0,2480.0,258200
2022-11-14,2480.0,2505.0,2477.5,2487.5,251000
2022-11-15,2492.5,2520.0,2492.5,2515.0,208600
2022-11-16,2505.0,2515.0,2480.0,2500.0,210600
2022-11-17,2500.0,2520.0,2485.0,2515.0,199800
2022-11-18,2520.0,2525.0,2505.0,2505.0,183400
2022-11-21,2525.0,2540.0,2520.0,2530.0,145800
2022-11-22,2535.0,2565.0,2535.0,2555.0,204400
2022-11-24,2570.0,2595.0,2565.0,2595.0,245000
2022-11-25,2595.0,2610.0,2585.0,2605.0,171000
2022-11-28,2600.0,2615.0,2590.0,2605.0,178200
2022-11-29,2585.0,2585.0,2560.0,2580.0,154400
2022-11-30,2570.0,2575.0,2545.0,2550.0,223400
2022-12-01,2545.0,2545.0,2515.0,2515.0,266600
2022-12-02,2500.0,2505.0,2445.0,2460.0,391600
2022-12-05,2452.5,2460.0,2422.5,2457.5,295200
2022-12-06,2457.5,2482.5,2455.0,2470.0,276400
2022-12-07,2452.5,2495.0,2452.5,2472.5,269800
2022-12-08,2480.0,2492.5,2455.0,2487.5,237800
2022-12-09,2467.5,2505.0,2467.5,2497.5,279400
2022-12-12,2505.0,2525.0,2500.0,2515.0,223400
2022-12-13,2510.0,2535.0,2510.0,2525.0,184000
2022-12-14,2510.0,2530.0,2505.0,2520.0,326600
2022-12-15,2520.0,2545.0,2505.0,2535.0,121200
2022-12-16,2525.0,2530.0,2505.0,2520.0,229600
2022-12-19,2505.0,2525.0,2500.0,2515.0,256000
2022-12-20,2525.0,2525.0,2462.5,2495.0,324000
2022-12-21,2500.0,2515.0,2492.5,2500.0,288400
2022-12-22,2515.0,2555.0,2505.0,2550.0,258200
2022-12-23,2525.0,2540.0,2525.0,2535.0,131400
2022-12-26,2555.0,2560.0,2545.0,2560.0,109000
2022-12-27,2555.0,2555.0,2530.0,2530.0,156200
2022-12-28,2530.0,2535.0,2497.5,2525.0,200800
2022-12-29,2530.0,2530.0,2505.0,2530.0,146200
2022-12-30,2545.0,2545.0,2515.0,2525.0,175200
2023-01-04,2530.0,2530.0,2482.5,2485.0,179000
2023-01-05,2490.0,2505.0,2467.5,2505.0,208600
2023-01-06,2500.0,2505.0,2482.5,2492.5,213600
2023-01-10,2510.0,2510.0,2475.0,2482.5,244200
2023-01-11,2480.0,2510.0,2477.5,2477.5,201800
2023-01-12,2487.5,2487.5,2435.0,2447.5,223200
2023-01-13,2412.5,2430.0,2402.5,2407.5,314800
2023-01-16,2395.0,2407.5,2370.0,2377.5,481400
2023-01-17,2377.5,2395.0,2362.5,2375.0,273800
2023-01-18,2392.5,2427.5,2392.5,2427.5,256600
2023-01-19,2415.0,2415.0,2392.5,2400.0,373800
2023-01-20,2395.0,2410.0,2390.0,2405.0,236800
2023-01-23,2415.0,2417.5,2400.0,2410.0,315000
2023-01-24,2407.5,2415.0,2395.0,2405.0,359200
2023-01-25,2402.5,2442.5,2385.0,2430.0,459400
2023-01-26,2425.0,2457.5,2420.0,2452.5,226600
2023-01-27,2462.5,2470.0,2452.5,2467.5,284000
2023-01-30,2465.0,2505.0,2460.0,2505.0,314200
2023-01-31,2495.0,2530.0,2492.5,2525.0,247800
2023-02-01,2525.0,2525.0,2467.5,2467.5,291600
2023-02-02,2472.5,2477.5,2437.5,2437.5,250200
2023-02-03,2427.5,2435.0,2407.5,2420.0,360600
2023-02-06,2430.0,2465.0,2405.0,2457.5,408000
2023-02-07,2472.5,2487.5,2450.0,2450.0,262200
2023-02-08,2475.0,2492.5,2470.0,2485.0,335600
2023-02-09,2495.0,2510.0,2485.0,2500.0,177400
2023-02-10,2500.0,2525.0,2482.5,2495.0,257800
2023-02-13,2505.0,2515.0,2480.0,2510.0,146000
2023-02-14,2530.0,2565.0,2525.0,2545.0,279000
2023-02-15,2555.0,2560.0,2535.0,2545.0,152400
2023-02-16,2565.0,2575.0,2550.0,2575.0,216600
2023-02-17,2580.0,2610.0,2580.0,2590.0,345800
2023-02-20,2605.0,2645.0,2600.0,2645.0,323800
2023-02-21,2640.0,2650.0,2620.0,2640.0,202600
2023-02-22,2650.0,2670.0,2635.0,2650.0,314200
2023-02-24,2620.0,2645.0,2610.0,2635.0,286000
2023-02-27,2640.0,2665.0,2610.0,2630.0,295800
2023-02-28,2600.0,2615.0,2590.0,2595.0,401000
2023-03-01,2585.0,2620.0,2575.0,2620.0,270000
2023-03-02,2625.0,2655.0,2615.0,2655.0,261800
2023-03-03,2670.0,2705.0,2660.0,2700.0,509400
2023-03-06,2705.0,2735.0,2700.0,2725.0,363400
2023-03-07,2740.0,2810.0,2735.0,2765.0,766400
2023-03-08,2755.0,2770.0,2735.0,2765.0,357000
2023-03-09,2765.0,2790.0,2755.0,2765.0,375200
2023-03-10,2755.0,2760.0,2735.0,2755.0,483200
2023-03-13,2730.0,2730.0,2680.0,2690.0,285800
2023-03-14,2655.0,2660.0,2585.0,2600.0,417600
2023-03-15,2635.0,2675.0,2605.0,2660.0,381000
2023-03-16,2615.0,2635.0,2595.0,2625.0,418200
2023-03-17,2655.0,2655.0,2610.0,2630.0,586400
2023-03-20,2630.0,2635.0,2585.0,2605.0,482200
2023-03-22,2645.0,2680.0,2630.0,2635.0,719000
2023-03-23,2635.0,2640.0,2590.0,2595.0,808400
2023-03-24,2560.0,2575.0,2550.0,2555.0,940400
2023-03-27,2550.0,2595.0,2550.0,2575.0,776400
2023-03-28,2600.0,2605.0,2525.0,2530.0,779800
2023-03-29,2535.0,2570.0,2535.0,2565.0,910000
2023-03-30,2495.0,2500.0,2467.5,2487.5,565200
2023-03-31,2500.0,2505.0,2477.5,2497.5,367400
2023-04-03,2515.0,2515.0,2487.5,2492.5,374200
2023-04-04,2492.5,2510.0,2482.5,2510.0,575400
2023-04-05,2490.0,2492.5,2435.0,2437.5,534600
2023-04-06,2405.0,2432.5,2395.0,2427.5,518400
2023-04-07,2417.5,2435.0,2397.5,2400.0,272000
2023-04-10,2405.0,2420.0,2382.5,2395.0,263600
2023-04-11,2410.0,2417.5,2385.0,2390.0,272600
2023-04-12,2400.0,2442.5,2400.0,2440.0,398200
2023-04-13,2440.0,2455.0,2430.0,2435.0,277000
2023-04-14,2452.5,2467.5,2445.0,2462.5,329800
2023-04-17,2470.0,2480.0,2457.5,2475.0,287000
2023-04-18,2480.0,2490.0,2467.5,2477.5,257800
2023-04-19,2457.5,2462.5,2440.0,2462.5,339400
2023-04-20,2465.0,2475.0,2450.0,2465.0,355000
2023-04-21,2480.0,2480.0,2460.0,2470.0,217800
2023-04-24,2492.5,2500.0,2480.0,2487.5,200200
2023-04-25,2497.5,2510.0,2477.5,2487.5,203400
2023-04-26,2475.0,2475.0,2450.0,2455.0,183600
2023-04-27,2440.0,2465.0,2430.0,2462.5,243200
2023-04-28,2490.0,2500.0,2480.0,2495.0,327000
2023-05-01,2500.0,2505.0,2480.0,2500.0,271200
2023-05-02,2500.0,2500.0,2475.0,2480.0,221600
2023-05-08,2480.0,2505.0,2475.0,2497.5,299600
2023-05-09,2497.5,2515.0,2490.0,2505.0,273000
2023-05-10,2475.0,2497.5,2442.5,2455.0,957600
2023-05-11,2465.0,2485.0,2450.0,2482.5,447600
2023-05-12,2482.5,2482.5,2455.0,2475.0,347200
2023-05-15,2495.0,2565.0,2487.5,2560.0,638200
2023-05-16,2560.0,2570.0,2540.0,2555.0,259000
2023-05-17,2555.0,2555.0,2520.0,2535.0,264400
2023-05-18,2570.0,2585.0,2540.0,2545.0,223400
2023-05-19,2550.0,2555.0,2515.0,2520.0,257000
2023-05-22,2535.0,2560.0,2530.0,2555.0,228600
2023-05-23,2570.0,2570.0,2530.0,2545.0,285400
2023-05-24,2535.0,2555.0,2525.0,2540.0,220000
2023-05-25,2535.0,2545.0,2525.0,2530.0,208800
2023-05-26,2525.0,2535.0,2515.0,2520.0,166400
2023-05-29,2530.0,2540.0,2515.0,2525.0,203400
2023-05-30,2520.0,2525.0,2500.0,2510.0,194200
2023-05-31,2490.0,2520.0,2485.0,2492.5,444000
2023-06-01,2490.0,2520.0,2482.5,2505.0,244200
2023-06-02,2520.0,2550.0,2515.0,2545.0,269000
2023-06-05,2550.0,2565.5,2544.5,2553.0,274800
2023-06-06,2553.5,2573.0,2542.0,2571.5,241200
2023-06-07,2590.0,2597.0,2547.5,2563.0,313200
2023-06-08,2553.5,2570.0,2541.0,2544.5,189800
2023-06-09,2583.5,2594.0,2563.0,2576.5,358600
2023-06-12,2583.0,2595.0,2561.0,2562.5,301800
2023-06-13,2570.0,2573.0,2548.0,2548.5,265200
2023-06-14,2551.0,2566.0,2545.0,2560.0,323000
2023-06-15,2566.5,2590.0,2559.5,2572.5,327400
2023-06-16,2573.0,2599.5,2557.0,2591.0,675600
2023-06-19,2597.0,2597.0,2556.5,2562.0,324800
2023-06-20,2556.5,2563.0,2539.0,2551.5,248200
2023-06-21,2551.5,2578.0,2546.0,2573.0,311200
2023-06-22,2579.0,2593.5,2573.0,2579.5,245800
2023-06-23,2590.0,2590.0,2537.5,2548.5,378600
2023-06-26,2539.5,2539.5,2508.5,2521.5,302600
2023-06-27,2513.5,2518.5,2495.0,2502.5,524200
2023-06-28,2517.0,2527.5,2513.5,2527.0,434800
2023-06-29,2535.5,2544.5,2499.5,2510.0,561800
2023-06-30,2503.0,2506.0,2494.0,2499.0,513400
2023-07-03,2505.5,2525.5,2504.0,2505.5,553400
2023-07-04,2505.0,2511.0,2490.0,2490.5,549800
2023-07-05,2475.0,2490.0,2462.5,2489.0,565200
2023-07-06,2485.0,2491.5,2459.5,2468.5,450600
2023-07-07,2450.5,2466.5,2446.0,2451.0,486000
2023-07-10,2471.5,2485.0,2458.5,2473.0,408600
2023-07-11,2485.0,2485.0,2458.0,2467.0,307600
2023-07-12,2468.0,2471.5,2437.0,2449.0,449400
2023-07-13,2437.0,2443.0,2430.5,2437.0,449600
2023-07-14,2435.0,2440.5,2426.5,2433.5,567600
2023-07-18,2430.0,2445.0,2425.5,2438.0,405000
2023-07-19,2450.5,2455.0,2435.5,2454.5,532000
2023-07-20,2465.5,2469.5,2442.5,2445.0,470800
2023-07-21,2445.5,2446.0,2415.0,2429.5,652800
2023-07-24,2464.5,2477.5,2450.5,2476.5,539600
2023-07-25,2490.0,2494.5,2481.0,2491.0,380400
2023-07-26,2494.0,2494.5,2474.0,2489.0,259400
2023-07-27,2484.0,2490.5,2476.0,2488.5,293200
2023-07-28,2469.5,2488.5,2458.5,2479.0,563600
2023-07-31,2499.0,2499.5,2487.0,2494.5,521800
2023-08-01,2499.0,2499.0,2482.5,2488.0,275800
2023-08-02,2480.0,2480.0,2465.5,2471.5,336200
2023-08-03,2463.5,2471.0,2453.5,2468.5,396200
2023-08-04,2476.0,2494.0,2472.0,2478.5,319800
2023-08-07,2475.0,2488.5,2464.5,2468.0,472800
2023-08-08,2469.5,2518.0,2469.5,2517.5,867400
2023-08-09,2511.0,2515.0,2466.5,2471.5,588800
2023-08-10,2461.0,2494.0,2448.0,2494.0,451000
2023-08-14,2489.0,2495.5,2478.0,2483.5,312600
2023-08-15,2496.5,2502.5,2483.5,2500.0,203200
2023-08-16,2499.5,2509.0,2487.5,2498.0,333800
2023-08-17,2500.0,2501.5,2472.5,2500.5,412400
2023-08-18,2490.0,2508.5,2481.5,2502.5,243200
2023-08-21,2512.5,2528.5,2501.5,2502.5,517000
2023-08-22,2510.0,2510.0,2494.5,2509.5,264800
2023-08-23,2500.0,2506.0,2489.5,2493.0,289600
2023-08-24,2485.5,2513.5,2478.0,2511.5,298400
2023-08-25,2505.0,2507.0,2491.5,2503.0,163200
2023-08-28,2514.0,2516.5,2496.0,2499.0,220200
2023-08-29,2493.0,2503.5,2486.5,2503.5,206000
2023-08-30,2498.5,2507.0,2491.5,2497.0,279000
2023-08-31,2500.0,2529.5,2495.0,2523.5,361000
2023-09-01,2505.5,2534.5,2497.5,2533.0,354600
2023-09-04,2548.5,2548.5,2528.5,2540.5,261200
2023-09-05,2549.0,2557.0,2541.0,2549.0,207600
2023-09-06,2539.5,2540.0,2519.5,2530.5,321400
2023-09-07,2525.0,2540.0,2513.5,2531.5,330800
2023-09-08,2515.0,2531.0,2501.5,2514.5,392800
2023-09-11,2515.5,2524.0,2491.5,2499.5,484200
2023-09-12,2503.5,2506.0,2482.0,2500.0,426000
2023-09-13,2490.0,2498.5,2467.0,2477.5,688400
2023-09-14,2450.0,2479.5,2445.5,2467.0,833000
2023-09-15,2489.0,2495.0,2474.0,2487.0,703000
2023-09-19,2491.0,2502.5,2472.0,2502.5,457600
2023-09-20,2502.5,2512.0,2490.0,2490.5,416000
2023-09-21,2492.5,2507.0,2480.0,2481.5,319600
2023-09-22,2478.5,2493.5,2467.5,2486.0,398000
2023-09-25,2500.5,2503.0,2487.0,2492.5,274200
2023-09-26,2501.0,2514.5,2495.5,2502.0,358600
2023-09-27,2498.0,2523.0,2489.0,2523.0,622800
2023-09-28,2502.5,2512.5,2482.5,2490.5,370800
2023-09-29,2490.0,2490.5,2448.0,2455.5,539000
2023-10-02,2469.5,2477.0,2445.5,2446.5,587600
2023-10-03,2450.0,2455.0,2423.5,2423.5,606600
2023-10-04,2420.0,2429.5,2405.0,2412.0,550600
2023-10-05,2434.5,2458.0,2431.0,2456.0,529600
2023-10-06,2457.0,2463.5,2448.5,2449.0,473000
2023-10-10,2462.5,2483.5,2462.5,2477.5,469400
2023-10-11,2475.0,2487.5,2471.0,2472.5,341400
2023-10-12,2472.5,2497.0,2468.5,2496.0,441800
2023-10-13,2482.0,2490.5,2468.0,2469.5,322800
2023-10-16,2452.0,2469.5,2445.5,2449.5,414600
2023-10-17,2451.5,2471.5,2451.5,2469.5,273200
2023-10-18,2480.0,2495.0,2476.0,2489.5,471400
2023-10-19,2468.0,2479.0,2456.0,2457.0,444600
2023-10-20,2456.0,2456.0,2434.0,2444.0,431600
2023-10-23,2433.0,2439.0,2409.0,2410.0,714400
2023-10-24,2405.5,2413.0,2358.0,2401.0,1198600
2023-10-25,2427.5,2430.5,2402.0,2406.5,446200
2023-10-26,2394.5,2408.0,2380.0,2391.0,550800
2023-10-27,2391.0,2414.0,2389.0,2414.0,428600
2023-10-30,2398.0,2399.0,2372.0,2379.0,663200
2023-10-31,2379.0,2412.0,2374.0,2407.5,626600
2023-11-01,2430.5,2431.5,2402.0,2410.0,492000
2023-11-02,2403.5,2410.0,2386.5,2391.0,724800
2023-11-06,2419.5,2438.5,2400.5,2438.5,573800
2023-11-07,2395.0,2422.0,2388.0,2408.0,735600
2023-11-08,2408.0,2408.0,2352.0,2362.5,1182600
2023-11-09,2375.0,2383.5,2355.0,2380.0,609000
2023-11-10,2396.0,2404.0,2382.5,2404.0,437400
2023-11-13,2405.0,2407.5,2388.5,2396.0,394800
2023-11-14,2410.0,2414.5,2395.5,2395.5,460200
2023-11-15,2412.5,2413.5,2386.5,2392.0,359400
2023-11-16,2392.0,2405.0,2383.0,2387.5,426600
2023-11-17,2395.0,2406.5,2387.5,2403.5,449400
2023-11-20,2402.5,2407.5,2393.5,2402.0,503000
2023-11-21,2410.0,2417.0,2402.5,2412.5,352200
2023-11-22,2419.0,2440.5,2414.0,2440.5,482400
2023-11-24,2450.5,2463.0,2450.0,2462.5,503400
2023-11-27,2472.0,2474.5,2460.5,2466.0,329400
2023-11-28,2472.5,2494.5,2472.5,2494.5,444600
2023-11-29,2485.5,2496.0,2483.5,2491.0,477600
2023-11-30,2487.0,2502.5,2483.5,2498.5,516800
2023-12-01,2504.0,2507.5,2490.5,2492.0,666800
2023-12-04,2485.0,2492.5,2472.5,2480.5,461800
2023-12-05,2483.0,2489.5,2479.5,2483.0,363200
2023-12-06,2480.0,2509.5,2476.5,2508.5,412400
2023-12-07,2503.5,2508.0,2497.5,2501.0,398600
2023-12-08,2510.0,2514.5,2502.5,2511.5,548800
2023-12-11,2517.5,2567.0,2517.5,2566.5,551600
2023-12-12,2597.5,2628.5,2590.0,2608.5,674800
2023-12-13,2608.5,2628.0,2597.0,2609.0,455600
2023-12-14,2625.0,2625.0,2596.0,2601.5,370600
2023-12-15,2601.5,2625.5,2599.0,2608.5,520600
2023-12-18,2580.0,2588.5,2543.0,2583.0,355600
2023-12-19,2583.5,2593.0,2572.0,2592.0,310800
2023-12-20,2600.0,2611.0,2596.0,2606.0,254000
2023-12-21,2584.5,2603.0,2580.0,2600.5,225400
2023-12-22,2610.0,2659.0,2609.5,2657.5,413000
2023-12-25,2660.0,2664.5,2634.5,2637.0,178600
2023-12-26,2636.5,2644.0,2627.5,2642.5,154400
2023-12-27,2645.0,2650.0,2623.0,2628.5,241800
2023-12-28,2644.0,2648.0,2627.5,2647.0,250000
2023-12-29,2650.0,2663.5,2645.0,2657.5,262800
2024-01-04,2658.0,2682.5,2625.5,2681.0,362200
2024-01-05,2686.0,2692.5,2663.5,2673.5,341400
2024-01-09,2700.0,2712.5,2692.0,2712.5,322600
2024-01-10,2706.0,2715.5,2692.0,2709.5,400800
2024-01-11,2725.0,2731.0,2716.5,2722.0,316200
2024-01-12,2730.0,2759.0,2709.5,2725.5,338400
2024-01-15,2727.5,2727.5,2717.0,2724.5,47000
2024-01-16,2727.5,2727.5,2694.0,2696.0,419600
2024-01-17,2696.5,2710.0,2675.5,2675.5,363800
2024-01-18,2672.5,2672.5,2644.0,2655.0,397200
2024-01-19,2655.0,2681.0,2655.0,2681.0,351400
2024-01-22,2697.0,2713.5,2693.0,2709.5,305600
2024-01-23,2722.5,2741.5,2719.0,2728.0,315400
2024-01-24,2720.0,2731.0,2715.0,2720.5,301200
2024-01-25,2720.5,2752.5,2715.5,2752.0,292000
2024-01-26,2752.0,2761.5,2725.0,2725.0,449800
2024-01-29,2747.5,2757.0,2741.5,2755.5,190000
2024-01-30,2762.0,2765.0,2727.0,2730.5,260800
2024-01-31,2730.0,2750.5,2723.0,2750.5,267800
2024-02-01,2745.0,2750.0,2732.0,2739.0,282400
2024-02-02,2742.5,2753.0,2735.0,2740.5,247800
2024-02-05,2775.0,2800.0,2773.0,2784.5,425800
2024-02-06,2740.5,2760.0,2705.5,2730.5,570200
2024-02-07,2756.5,2756.5,2733.0,2740.5,334600
2024-02-08,2730.0,2733.5,2689.0,2712.0,429200
2024-02-09,2736.5,2739.5,2712.5,2717.5,331000
2024-02-13,2725.0,2736.0,2699.0,2733.0,311400
2024-02-14,2733.0,2745.0,2716.5,2738.0,285800
2024-02-15,2745.5,2747.0,2709.5,2730.0,302600
2024-02-16,2740.0,2761.0,2732.5,2746.5,266000
2024-02-19,2767.5,2775.0,2750.0,2772.5,211000
2024-02-20,2781.5,2781.5,2743.5,2750.5,298200
2024-02-21,2750.5,2758.0,2743.5,2757.5,248800
2024-02-22,2785.0,2788.5,2755.0,2765.5,272400
2024-02-26,2790.0,2808.5,2773.0,2773.0,416800
2024-02-27,2755.0,2779.0,2753.0,2764.5,324600
2024-02-28,2762.5,2772.5,2746.0,2746.0,349800
2024-02-29,2736.5,2756.0,2735.5,2747.5,346000
2024-03-01,2730.5,2736.5,2703.5,2708.0,569200
2024-03-04,2730.5,2730.5,2680.0,2684.0,579200
2024-03-05,2659.5,2686.0,2636.0,2680.5,518000
2024-03-06,2680.0,2694.0,2672.5,2684.0,414800
2024-03-07,2700.5,2715.0,2698.0,2707.5,372600
2024-03-08,2712.5,2722.0,2696.0,2718.0,457200
2024-03-11,2705.0,2712.5,2682.0,2699.5,548600
2024-03-12,2679.0,2688.0,2653.0,2688.0,422800
2024-03-13,2711.0,2712.0,2684.0,2691.0,279800
2024-03-14,2698.0,2704.0,2680.5,2703.5,236000
2024-03-15,2692.0,2727.0,2691.0,2714.0,426200
2024-03-18,2736.0,2738.5,2719.5,2728.0,470800
2024-03-19,2725.0,2751.0,2712.0,2730.5,427400
2024-03-21,2763.5,2774.5,2753.0,2771.5,543800
2024-03-22,2798.0,2849.0,2785.0,2845.0,702600
2024-03-25,2838.5,2854.5,2822.5,2825.0,784800
2024-03-26,2825.0,2836.5,2773.5,2790.0,775800
2024-03-27,2817.5,2840.0,2797.0,2829.5,1041000
2024-03-28,2735.5,2761.5,2700.0,2703.5,778200
2024-03-29,2729.0,2754.5,2717.5,2753.0,182600
2024-04-01,2774.5,2784.0,2750.5,2764.0,427800
2024-04-02,2765.0,2766.0,2709.5,2720.5,460600
2024-04-03,2700.0,2734.0,2694.5,2723.0,327200
2024-04-04,2725.0,2743.5,2711.5,2721.5,324800
2024-04-05,2714.5,2722.0,2690.0,2722.0,295400
2024-04-08,2725.0,2745.0,2722.5,2731.5,187800
2024-04-09,2750.0,2772.5,2746.5,2768.0,220800
2024-04-10,2750.0,2757.5,2726.0,2729.0,288400
2024-04-11,2710.0,2710.0,2689.0,2704.5,312600
2024-04-12,2708.0,2710.0,2692.5,2710.0,359200
2024-04-15,2686.5,2717.5,2675.0,2708.0,369000
2024-04-16,2690.0,2690.5,2654.0,2674.0,493200
2024-04-17,2680.0,2684.0,2649.5,2674.0,473400
2024-04-18,2674.0,2703.0,2671.0,2700.5,388200
2024-04-19,2710.0,2731.0,2660.5,2680.0,384400
2024-04-22,2700.0,2757.5,2698.0,2750.0,418400
2024-04-23,2752.0,2778.5,2739.5,2770.0,255600
2024-04-24,2775.0,2787.5,2770.0,2780.5,237800
2024-04-25,2788.0,2792.5,2754.5,2755.0,220400
2024-04-26,2746.0,2771.0,2739.5,2769.5,320200
2024-04-30,2771.0,2778.0,2752.0,2774.5,308000
2024-05-01,2775.0,2788.5,2769.5,2787.5,425600
2024-05-02,2787.5,2812.5,2776.5,2808.5,416600
2024-05-07,2815.0,2840.5,2810.5,2840.5,361600
2024-05-08,2845.0,2864.5,2833.0,2852.0,408000
2024-05-09,2870.0,2945.0,2860.0,2925.0,593600
2024-05-10,2775.0,2874.0,2766.5,2834.0,1092800
2024-05-13,2835.0,2861.0,2823.5,2845.5,408200
2024-05-14,2846.5,2846.5,2813.5,2825.0,208000
2024-05-15,2817.0,2820.5,2785.5,2794.0,275000
2024-05-16,2790.0,2799.5,2767.5,2781.5,265800
2024-05-17,2765.0,2797.0,2747.0,2773.5,294600
2024-05-20,2766.0,2784.0,2758.5,2779.0,288800
2024-05-21,2780.0,2788.5,2742.5,2742.5,334000
2024-05-22,2730.0,2760.5,2720.0,2744.0,367000
2024-05-23,2740.0,2773.5,2727.5,2772.0,163800
2024-05-24,2750.0,2791.0,2741.0,2781.0,215800
2024-05-27,2828.0,2840.5,2788.0,2818.0,254000
2024-05-28,2818.0,2820.5,2802.5,2811.0,129600
2024-05-29,2812.5,2821.5,2798.5,2798.5,289800
2024-05-30,2793.0,2815.0,2785.0,2813.0,280800
2024-05-31,2820.0,2837.5,2816.0,2816.0,455200
2024-06-03,2850.0,2877.0,2833.0,2859.5,220800
2024-06-04,2840.5,2843.0,2803.0,2825.0,716800
2024-06-05,2805.5,2815.0,2774.0,2785.0,406400
2024-06-06,2787.0,2795.0,2775.5,2777.0,305400
2024-06-07,2776.0,2798.0,2766.5,2798.0,242000
2024-06-10,2800.0,2849.5,2799.5,2844.5,244400
2024-06-11,2842.5,2858.0,2834.5,2852.0,280400
2024-06-12,2851.5,2855.5,2801.0,2814.5,317000
2024-06-13,2814.5,2815.0,2791.0,2797.5,227600
2024-06-14,2797.5,2848.0,2797.5,2843.5,333600
2024-06-17,2844.5,2844.5,2822.0,2839.0,196800
2024-06-18,2855.0,2892.5,2842.5,2880.0,296000
2024-06-19,2880.5,2910.0,2873.0,2905.0,158000
2024-06-20,2892.5,2913.0,2887.5,2907.0,155400
2024-06-21,2910.0,2937.0,2910.0,2920.0,481600
2024-06-24,2947.0,2947.5,2894.0,2927.0,234200
2024-06-25,2950.0,2993.0,2935.0,2965.5,342000
2024-06-26,2945.0,2977.0,2932.5,2970.5,265200
2024-06-27,2971.0,2975.0,2953.5,2963.0,257000
2024-06-28,2955.0,2972.0,2949.5,2963.0,265200
2024-07-01,2979.0,2984.0,2964.5,2976.5,229600
2024-07-02,2970.0,2983.0,2958.0,2969.0,279400
2024-07-03,2969.0,2997.5,2965.0,2990.0,190600
2024-07-04,2993.5,3008.0,2980.5,3000.5,174200
2024-07-05,3003.0,3014.5,2969.5,2969.5,195000
2024-07-08,2965.0,2980.5,2934.5,2944.0,292000
2024-07-09,2944.0,2977.5,2933.5,2973.0,291400
2024-07-10,2972.5,2976.5,2952.5,2964.5,233200
2024-07-11,2981.5,3003.5,2981.5,2997.5,260600
2024-07-12,2989.5,3022.0,2983.0,2984.0,213800
2024-07-16,2983.5,2999.0,2970.5,2972.5,198000
2024-07-17,2983.5,2983.5,2952.0,2952.5,257800
2024-07-18,2950.5,2997.0,2942.5,2982.0,292200
2024-07-19,2982.0,2983.0,2964.5,2977.5,158000
2024-07-22,2990.0,2992.5,2965.0,2973.5,157800
2024-07-23,2991.0,3039.0,2987.5,3032.5,403400
2024-07-24,3046.5,3058.5,2993.5,2994.0,303600
2024-07-25,2980.0,3008.5,2952.5,2987.5,392800
2024-07-26,3005.0,3015.0,2974.5,2993.0,246000
2024-07-29,3017.5,3059.0,3002.5,3043.5,228800
2024-07-30,3058.5,3085.0,3051.0,3070.5,304400
2024-07-31,3080.0,3122.0,3056.5,3114.5,409000
2024-08-01,3077.5,3077.5,2951.0,2966.0,648800
2024-08-02,2886.5,2904.0,2862.0,2867.0,487200
2024-08-05,2767.0,2800.5,2612.5,2612.5,793000
2024-08-06,2772.5,2896.0,2768.0,2828.5,471400
2024-08-07,2825.0,2825.5,2714.5,2733.5,852000
2024-08-08,2733.0,2837.5,2719.0,2798.0,524800
2024-08-09,2828.0,2839.0,2767.0,2809.0,500600
2024-08-13,2806.0,2830.0,2792.5,2822.5,329600
2024-08-14,2825.0,2859.5,2817.0,2835.5,253600
2024-08-15,2838.0,2882.5,2833.0,2857.0,241200
2024-08-16,2895.0,2903.0,2880.0,2898.5,242000
2024-08-19,2898.5,2901.0,2868.0,2869.5,152600
2024-08-20,2900.0,2923.5,2896.5,2913.5,162600
2024-08-21,2900.0,2910.0,2886.0,2892.5,191800
2024-08-22,2892.5,2911.0,2877.5,2911.0,153400
2024-08-23,2925.0,2966.0,2920.0,2950.0,152800
2024-08-26,2974.0,2974.5,2929.5,2950.0,184000
2024-08-27,2972.5,2990.0,2951.0,2967.5,134400
2024-08-28,2967.5,2969.5,2945.5,2966.5,97000
2024-08-29,2953.5,2977.0,2946.0,2960.5,155000
2024-08-30,2951.5,2958.0,2936.0,2940.5,230600
2024-09-02,2927.5,2927.5,2877.5,2880.5,283600
2024-09-03,2887.0,2943.5,2887.0,2943.5,227800
2024-09-04,2893.5,2933.5,2893.5,2907.5,209400
2024-09-05,2890.0,2931.0,2883.0,2910.0,312000
2024-09-06,2910.0,2929.0,2885.0,2892.5,278000
2024-09-09,2842.5,2867.0,2825.5,2852.5,307800
2024-09-10,2857.5,2863.5,2825.0,2835.0,313600
2024-09-11,2817.5,2820.0,2752.5,2769.0,569200
2024-09-12,2805.0,2827.5,2787.5,2807.5,254600
2024-09-13,2800.0,2800.0,2755.5,2770.0,340800
2024-09-17,2779.0,2804.0,2746.0,2798.5,290400
2024-09-18,2809.5,2837.0,2805.0,2828.0,178200
2024-09-19,2837.5,2845.0,2811.5,2812.0,189200
2024-09-20,2821.0,2827.5,2786.5,2795.0,365400
2024-09-24,2801.5,2820.5,2796.0,2805.5,270200
2024-09-25,2805.5,2814.5,2791.0,2811.0,252600
2024-09-26,2832.5,2879.5,2824.0,2865.0,542400
2024-09-27,2885.0,2885.0,2830.0,2843.0,311200
2024-09-30,2798.0,2851.5,2790.0,2822.0,236400
2024-10-01,2822.0,2838.0,2811.5,2830.5,195400
2024-10-02,2813.0,2832.0,2796.0,2805.0,217800
2024-10-03,2838.5,2845.5,2812.0,2812.0,187000
2024-10-04,2830.5,2836.5,2822.0,2822.5,215600
2024-10-07,2838.5,2854.0,2817.5,2844.0,236600
2024-10-08,2835.0,2841.0,2806.0,2814.5,252200
2024-10-09,2820.0,2833.5,2812.5,2818.5,165200
2024-10-10,2832.5,2841.5,2825.5,2831.5,177200
2024-10-11,2822.5,2859.0,2821.0,2852.5,277400
2024-10-15,2877.0,2892.0,2835.0,2841.0,263600
2024-10-16,2819.5,2863.0,2817.0,2828.5,191600
2024-10-17,2829.5,2836.0,2822.0,2830.5,191200
2024-10-18,2848.5,2853.0,2830.0,2836.5,133000
2024-10-21,2849.5,2849.5,2800.5,2800.5,189600
2024-10-22,2805.5,2809.0,2763.0,2792.5,366200
2024-10-23,2784.5,2785.5,2763.0,2765.5,213200
2024-10-24,2760.5,2764.5,2737.5,2753.5,286200
2024-10-25,2756.0,2758.0,2711.5,2740.5,221800
2024-10-28,2755.5,2769.5,2738.0,2753.5,183400
2024-10-29,2772.5,2774.5,2758.5,2767.0,145200
2024-10-30,2785.0,2792.5,2768.0,2777.5,300200
2024-10-31,2785.0,2792.5,2766.0,2771.5,219000
2024-11-01,2750.0,2775.5,2743.5,2750.0,200600
2024-11-05,2788.5,2801.0,2650.5,2650.5,757400
2024-11-06,2776.0,2857.0,2699.5,2737.0,907200
2024-11-07,2729.0,2774.0,2729.0,2754.5,446000
2024-11-08,2743.5,2751.5,2720.0,2747.5,287200
2024-11-11,2725.0,2733.5,2711.0,2729.5,309800
2024-11-12,2729.5,2742.5,2721.0,2730.5,181800
2024-11-13,2728.5,2738.5,2703.5,2711.0,307200
2024-11-14,2705.0,2711.0,2688.5,2698.0,244400
2024-11-15,2700.0,2715.0,2689.0,2693.5,215600
2024-11-18,2682.5,2701.0,2668.0,2695.0,242200
2024-11-19,2700.0,2715.5,2691.5,2698.0,184200
2024-11-20,2691.0,2716.0,2689.0,2707.5,216000
2024-11-21,2700.0,2715.0,2700.0,2703.0,223200
2024-11-22,2705.0,2747.5,2703.0,2728.5,275200
2024-11-25,2742.0,2744.0,2699.5,2699.5,624000
2024-11-26,2703.5,2718.5,2690.5,2704.0,234600
2024-11-27,2687.5,2698.5,2653.0,2671.0,396200
2024-11-28,2685.0,2706.0,2676.0,2700.5,205000
2024-11-29,2685.5,2699.5,2681.0,2682.0,186400
2024-12-02,2680.5,2696.0,2676.5,2691.5,271800
2024-12-03,2686.5,2713.5,2682.0,2695.5,368600
2024-12-04,2695.5,2722.5,2695.5,2707.5,355800
2024-12-05,2713.5,2724.5,2701.0,2716.5,252600
2024-12-06,2725.0,2725.0,2698.0,2701.5,203800
2024-12-09,2708.0,2713.5,2696.5,2706.5,278800
2024-12-10,2719.0,2722.5,2688.0,2694.0,282200
2024-12-11,2700.5,2706.0,2677.5,2677.5,286800
2024-12-12,2697.5,2736.0,2691.5,2716.5,398600
2024-12-13,2696.0,2733.0,2695.0,2729.0,308000
2024-12-16,2744.5,2774.5,2738.5,2741.5,230200
2024-12-17,2733.5,2754.0,2725.5,2726.0,354000
2024-12-18,2725.0,2731.5,2705.0,2705.0,229800
2024-12-19,2700.0,2723.5,2696.0,2716.0,287800
2024-12-20,2749.5,2749.5,2693.5,2693.5,1009400
2024-12-23,2703.0,2728.0,2700.5,2726.0,317600
2024-12-24,2740.0,2745.0,2720.0,2723.5,186000
2024-12-25,2732.0,2732.0,2693.5,2715.0,222600
2024-12-26,2720.0,2730.5,2717.0,2730.5,224400
2024-12-27,2745.0,2773.0,2744.0,2771.0,310800
2024-12-30,2779.0,2802.0,2768.0,2772.0,296000
2025-01-06,2797.5,2802.5,2770.5,2772.0,317800
2025-01-07,2772.0,2781.0,2755.5,2774.5,286000
2025-01-08,2765.0,2770.0,2744.0,2744.0,327000
2025-01-09,2730.5,2731.0,2701.0,2701.0,291800
2025-01-10,2700.0,2707.5,2675.0,2675.0,306600
2025-01-14,2686.5,2692.5,2665.0,2678.0,458800
2025-01-15,2680.5,2700.5,2664.0,2672.5,305800
2025-01-16,2672.5,2680.0,2667.5,2674.0,254400
2025-01-17,2667.5,2675.5,2658.0,2669.5,248400
2025-01-20,2699.0,2699.0,2669.0,2675.0,246600
2025-01-21,2676.0,2681.0,2667.5,2679.5,218800
2025-01-22,2679.5,2685.0,2670.0,2675.0,244200
2025-01-23,2675.0,2678.5,2664.5,2673.5,254200
2025-01-24,2675.5,2693.5,2673.5,2676.0,459400
2025-01-27,2705.0,2728.5,2694.5,2721.5,453200
2025-01-28,2715.0,2744.0,2710.0,2738.5,243400
2025-01-29,2739.0,2756.5,2735.5,2756.5,247000
2025-01-30,2757.5,2767.5,2750.0,2767.0,259800
2025-01-31,2761.0,2766.5,2745.0,2757.0,276800
2025-02-03,2747.5,2757.0,2731.5,2731.5,442600
2025-02-04,2727.0,2746.5,2695.0,2695.0,565000
2025-02-05,2700.0,2748.5,2700.0,2731.0,780800
2025-02-06,2696.5,2747.5,2687.5,2738.0,1069600
2025-02-07,2740.0,2771.5,2723.5,2742.0,479600
2025-02-10,2742.5,2760.0,2738.5,2758.0,326200
2025-02-12,2769.0,2774.0,2728.0,2732.5,343600
2025-02-13,2734.5,2739.0,2723.5,2739.0,335200
2025-02-14,2726.5,2737.5,2714.0,2737.5,264600
2025-02-17,2741.5,2753.0,2739.0,2740.0,235600
2025-02-18,2740.0,2741.5,2719.0,2730.0,260600
2025-02-19,2750.0,2756.0,2741.5,2754.0,238200
2025-02-20,2731.0,2745.5,2724.5,2732.0,250400
2025-02-21,2745.0,2759.0,2732.5,2734.0,312200
2025-02-25,2743.5,2754.5,2733.0,2747.0,353000
2025-02-26,2765.5,2780.0,2754.0,2772.0,365000
2025-02-27,2774.5,2802.5,2759.5,2801.0,407800
2025-02-28,2808.0,2820.5,2792.5,2807.0,557800
2025-03-03,2838.5,2853.5,2827.5,2850.0,440600
2025-03-04,2866.0,2869.5,2830.5,2840.0,363400
2025-03-05,2844.0,2849.0,2830.5,2832.0,272200
2025-03-06,2832.5,2842.5,2821.0,2839.5,232600
2025-03-07,2825.0,2852.5,2802.5,2840.0,383400
2025-03-10,2830.0,2838.5,2806.5,2823.0,359600
2025-03-11,2817.5,2834.0,2795.0,2825.5,406600
2025-03-12,2805.0,2823.0,2799.5,2815.5,362200
2025-03-13,2815.5,2836.0,2810.5,2811.5,270200
2025-03-14,2811.0,2828.5,2810.0,2820.5,269000
2025-03-17,2841.5,2847.5,2833.0,2842.5,338200
2025-03-18,2897.5,3030.5,2891.5,3019.5,955000
2025-03-19,3003.0,3040.5,3003.0,3029.0,619800
2025-03-21,2999.5,3029.0,2995.0,3028.0,683200
2025-03-24,3034.0,3037.5,2977.0,3010.0,641800
2025-03-25,3020.0,3032.0,3005.0,3012.5,458000
2025-03-26,3022.0,3057.5,3014.5,3024.5,598800
2025-03-27,3014.5,3053.5,3012.5,3053.5,1032600
2025-03-28,2949.0,3021.0,2938.5,2985.0,809600
2025-03-31,2946.0,2982.5,2930.0,2962.5,649600
2025-04-01,3036.0,3098.0,2970.0,3025.0,850100
2025-04-02,3083.0,3090.0,3000.0,3034.0,546100
2025-04-03,2990.0,3037.0,2980.0,3013.0,384000
2025-04-04,2958.0,2971.5,2882.0,2912.0,527000
2025-04-07,2662.0,2826.5,2659.0,2745.0,745600
2025-04-08,2834.5,2879.0,2779.5,2859.0,563800
2025-04-09,2848.0,2862.0,2794.0,2842.0,489500
2025-04-10,3000.0,3000.0,2911.5,2953.5,457700
2025-04-11,2842.0,2932.0,2834.5,2927.5,363100
2025-04-14,2926.5,2973.0,2914.5,2948.0,296000
2025-04-15,2983.0,2983.0,2941.5,2964.0,192200
2025-04-16,2982.0,2996.0,2965.0,2984.5,187100
2025-04-17,3000.0,3023.0,2989.0,2998.5,204500
2025-04-18,3027.0,3056.0,3024.0,3056.0,224000
2025-04-21,3054.0,3090.0,3040.0,3090.0,246000
2025-04-22,3100.0,3123.0,3077.0,3110.0,232500
2025-04-23,3125.0,3140.0,3102.0,3102.0,299800
2025-04-24,3105.0,3110.0,3059.0,3077.0,265800
2025-04-25,3040.0,3081.0,3028.0,3050.0,230200
2025-04-28,3045.0,3098.0,3045.0,3094.0,255700
2025-04-30,3101.0,3112.0,3082.0,3091.0,248200
2025-05-01,3069.0,3080.0,3039.0,3056.0,368700
2025-05-02,3057.0,3080.0,3044.0,3057.0,299900
2025-05-07,3068.0,3099.0,3057.0,3078.0,432100
2025-05-08,3049.0,3119.0,3036.0,3108.0,644500
2025-05-09,3125.0,3196.0,3125.0,3153.0,822200
2025-05-12,3175.0,3230.0,3168.0,3230.0,370200
2025-05-13,3233.0,3243.0,3172.0,3194.0,314200
2025-05-14,3194.0,3217.0,3162.0,3206.0,360600
2025-05-15,3188.0,3225.0,3183.0,3206.0,359100
2025-05-16,3206.0,3212.0,3149.0,3180.0,291000
2025-05-19,3151.0,3186.0,3142.0,3175.0,302000
2025-05-20,3185.0,3194.0,3151.0,3170.0,367600
2025-05-21,3182.0,3188.0,3131.0,3137.0,223600
2025-05-22,3117.0,3147.0,3111.0,3132.0,214200
2025-05-23,3132.0,3148.0,3132.0,3148.0,165200
2025-05-26,3165.0,3166.0,3143.0,3143.0,140900
2025-05-27,3147.0,3153.0,3133.0,3149.0,129600
2025-05-28,3160.0,3179.0,3149.0,3153.0,254300
2025-05-29,3150.0,3167.0,3136.0,3151.0,266000
2025-05-30,3159.0,3206.0,3151.0,3196.0,365900
2025-06-02,3196.0,3233.0,3192.0,3227.0,311500
2025-06-03,3212.0,3220.0,3198.0,3199.0,234200
2025-06-04,3183.0,3214.0,3173.0,3200.0,259800
2025-06-05,3200.0,3231.0,3193.0,3197.0,245900
2025-06-06,3228.0,3233.0,3201.0,3214.0,233400
2025-06-09,3240.0,3268.0,3231.0,3246.0,309100
2025-06-10,3245.0,3257.0,3205.0,3212.0,255400
2025-06-11,3220.0,3235.0,3214.0,3214.0,213900
2025-06-12,3191.0,3202.0,3176.0,3182.0,272600
2025-06-13,3171.0,3187.0,3146.0,3157.0,347000
2025-06-16,3162.0,3195.0,3162.0,3179.0,208600
2025-06-17,3183.0,3189.0,3159.0,3163.0,224400
2025-06-18,3157.0,3184.0,3157.0,3176.0,245700
2025-06-19,3180.0,3198.0,3176.0,3192.0,245000
2025-06-20,3178.0,3194.0,3159.0,3168.0,347700
2025-06-23,3154.0,3166.0,3132.0,3166.0,307300
2025-06-24,3190.0,3197.0,3168.0,3177.0,182200
2025-06-25,3162.0,3182.0,3162.0,3170.0,250300
2025-06-26,3170.0,3185.0,3166.0,3185.0,223600
2025-06-27,3192.0,3200.0,3181.0,3194.0,371600
2025-06-30,3200.0,3241.0,3196.0,3233.0,294800
2025-07-01,3250.0,3341.0,3250.0,3321.0,635000
2025-07-02,3280.0,3350.0,3280.0,3286.0,396100
2025-07-03,3258.0,3280.0,3235.0,3259.0,320200
2025-07-04,3259.0,3262.0,3223.0,3236.0,196200
2025-07-07,3235.0,3237.0,3181.0,3206.0,194300
2025-07-08,3206.0,3207.0,3169.0,3184.0,239200
2025-07-09,3164.0,3173.0,3150.0,3164.0,294300
2025-07-10,3159.0,3167.0,3137.0,3165.0,277600
2025-07-11,3178.0,3199.0,3168.0,3168.0,245900
2025-07-14,3166.0,3175.0,3152.0,3169.0,280000
2025-07-15,3179.0,3207.0,3168.0,3171.0,229100
2025-07-16,3170.0,3185.0,3154.0,3159.0,223100
2025-07-17,3150.0,3181.0,3140.0,3177.0,192800
2025-07-18,3198.0,3200.0,3143.0,3152.0,325000
2025-07-22,3130.0,3163.0,3130.0,3138.0,223300
2025-07-23,3138.0,3180.0,3132.0,3162.0,304900
2025-07-24,3162.0,3186.0,3160.0,3170.0,291000
2025-07-25,3178.0,3215.0,3169.0,3215.0,229800
2025-07-28,3207.0,3207.0,3155.0,3156.0,201500
2025-07-29,3150.0,3159.0,3130.0,3149.0,197900
2025-07-30,3154.0,3183.0,3149.0,3183.0,190300
2025-07-31,3192.0,3239.0,3190.0,3223.0,351600
2025-08-01,3240.0,3258.0,3228.0,3254.0,232000
2025-08-04,3220.0,3229.0,3200.0,3209.0,172100
2025-08-05,3222.0,3261.0,3211.0,3231.0,229900
2025-08-06,3200.0,3252.0,3196.0,3226.0,292800
2025-08-07,3227.0,3282.0,3218.0,3274.0,398000
2025-08-08,3270.0,3305.0,3254.0,3304.0,295400
2025-08-12,3310.0,3339.0,3297.0,3315.0,269500
2025-08-13,3316.0,3328.0,3295.0,3306.0,199800
2025-08-14,3300.0,3304.0,3276.0,3300.0,188400
2025-08-15,3303.0,3332.0,3295.0,3332.0,204700
2025-08-18,3332.0,3373.0,3326.0,3371.0,285500
2025-08-19,3366.0,3386.0,3344.0,3386.0,264100
2025-08-20,3380.0,3407.0,3362.0,3392.0,272000
2025-08-21,3410.0,3420.0,3375.0,3387.0,237900
2025-08-22,3390.0,3400.0,3340.0,3358.0,273500
2025-08-25,3398.0,3430.0,3376.0,3401.0,279700
2025-08-26,3401.0,3413.0,3370.0,3393.0,280400
2025-08-27,3398.0,3409.0,3385.0,3396.0,234400
2025-08-28,3390.0,3395.0,3368.0,3378.0,267500
2025-08-29,3357.0,3385.0,3345.0,3380.0,213700
2025-09-01,3375.0,3410.0,3361.0,3377.0,203200
2025-09-02,3382.0,3419.0,3382.0,3418.0,300500
2025-09-03,3418.0,3420.0,3368.0,3380.0,295300
2025-09-04,3385.0,3400.0,3373.0,3390.0,175000
2025-09-05,3393.0,3423.0,3373.0,3418.0,248300
2025-09-08,3430.0,3470.0,3419.0,3465.0,307000
2025-09-09,3470.0,3488.0,3450.0,3456.0,242500
2025-09-10,3472.0,3515.0,3468.0,3514.0,199900
2025-09-11,3540.0,3582.0,3520.0,3531.0,438300
2025-09-12,3522.0,3545.0,3494.0,3494.0,347300
2025-09-16,3494.0,3525.0,3475.0,3507.0,269100
2025-09-17,3507.0,3512.0,3473.0,3473.0,223000
2025-09-18,3488.0,3501.0,3445.0,3469.0,244700
2025-09-19,3469.0,3543.0,3450.0,3450.0,1967200
2025-09-22,3430.0,3454.0,3396.0,3398.0,265900
2025-09-24,3400.0,3447.0,3397.0,3435.0,277000
2025-09-25,3448.0,3455.0,3404.0,3404.0,375500
2025-09-26,3410.0,3433.0,3401.0,3411.0,379100
2025-09-29,3360.0,3378.0,3340.0,3350.0,251800
2025-09-30,3350.0,3370.0,3328.0,3356.0,277500
2025-10-01,3330.0,3332.0,3258.0,3265.0,285900
2025-10-02,3247.0,3268.0,3185.0,3193.0,382800
2025-10-03,3192.0,3219.0,3190.0,3200.0,238100
2025-10-06,3263.0,3277.0,3219.0,3253.0,337200
2025-10-07,3246.0,3270.0,3197.0,3201.0,281000
2025-10-08,3228.0,3308.0,3228.0,3269.0,451300
2025-10-09,3251.0,3270.0,3245.0,3247.0,269800
2025-10-10,3191.0,3254.0,3182.0,3216.0,363800
2025-10-14,3157.0,3209.0,3150.0,3191.0,299000
2025-10-15,3210.0,3220.0,3188.0,3188.0,257100
2025-10-16,3189.0,3206.0,3170.0,3172.0,257200
2025-10-17,3180.0,3181.0,3140.0,3150.0,229400
2025-10-20,3192.0,3195.0,3176.0,3187.0,197800
2025-10-21,3202.0,3222.0,3194.0,3208.0,266400
2025-10-22,3212.0,3244.0,3212.0,3230.0,172100
2025-10-23,3248.0,3268.0,3237.0,3249.0,219700
2025-10-24,3249.0,3258.0,3213.0,3214.0,176000
2025-10-27,3225.0,3267.0,3220.0,3244.0,213400
2025-10-28,3244.0,3244.0,3195.0,3199.0,234700
2025-10-29,3195.0,3213.0,3153.0,3154.0,201500
2025-10-30,3151.0,3167.0,3143.0,3156.0,992200
2025-10-31,3179.0,3181.0,3154.0,3169.0,204900
2025-11-04,3165.0,3194.0,3142.0,3182.0,242600
2025-11-05,3177.0,3200.0,3144.0,3175.0,281100
2025-11-06,3074.0,3129.0,3061.0,3114.0,490800
2025-11-07,3118.0,3124.0,3098.0,3115.0,213400
2025-11-10,3134.0,3139.0,3095.0,3111.0,241200
2025-11-11,3114.0,3118.0,3074.0,3086.0,212100
2025-11-12,3105.0,3118.0,3094.0,3108.0,187800
2025-11-13,3120.0,3124.0,3102.0,3112.0,192900
2025-11-14,3100.0,3121.0,3087.0,3107.0,194100
2025-11-17,3112.0,3124.0,3095.0,3111.0,263200
2025-11-18,3101.0,3116.0,3054.0,3056.0,286600
2025-11-19,3056.0,3088.0,3049.0,3069.0,218300
2025-11-20,3088.0,3092.0,3072.0,3082.0,171800
2025-11-21,3087.0,3166.0,3087.0,3156.0,309200
2025-11-25,3172.0,3174.0,3120.0,3129.0,242600
2025-11-26,3135.0,3153.0,3130.0,3152.0,245300
2025-11-27,3153.0,3172.0,3143.0,3160.0,211100
2025-11-28,3162.0,3184.0,3162.0,3170.0,207000
2025-12-01,3175.0,3183.0,3112.0,3126.0,372900
2025-12-02,3112.0,3121.0,3090.0,3100.0,308300
2025-12-03,3072.0,3100.0,3036.0,3062.0,625100
2025-12-04,3061.0,3098.0,3052.0,3098.0,228900
2025-12-05,3097.0,3098.0,3068.0,3069.0,370300
2025-12-08,3088.0,3108.0,3075.0,3097.0,231000
2025-12-09,3110.0,3111.0,3087.0,3087.0,240900
2025-12-10,3085.0,3116.0,3083.0,3107.0,222300
2025-12-11,3130.0,3130.0,3072.0,3072.0,199500
2025-12-12,3093.0,3116.0,3087.0,3116.0,217000
2025-12-15,3115.0,3136.0,3104.0,3130.0,186000
2025-12-16,3116.0,3133.0,3108.0,3108.0,162300
2025-12-17,3117.0,3120.0,3093.0,3120.0,189900
2025-12-18,3136.0,3137.0,3114.0,3126.0,242000
2025-12-19,3122.0,3154.0,3119.0,3150.0,618800
2025-12-22,3170.0,3177.0,3109.0,3124.0,302800
2025-12-23,3125.0,3158.0,3116.0,3145.0,276700
2025-12-24,3140.0,3140.0,3106.0,3106.0,208600
2025-12-25,3126.0,3126.0,3106.0,3117.0,100700
2025-12-26,3126.0,3150.0,3126.0,3140.0,158700
2025-12-29,3155.0,3156.0,3111.0,3127.0,199000
2025-12-30,3124.0,3135.0,3119.0,3121.0,125000
2026-01-05,3125.0,3145.0,3112.0,3126.0,244100
2026-01-06,3139.0,3169.0,3139.0,3165.0,245700
2026-01-07,3165.0,3174.0,3142.0,3155.0,248100
2026-01-08,3155.0,3170.0,3147.0,3161.0,180000
2026-01-09,3176.0,3200.0,3170.0,3200.0,241800
2026-01-13,3221.0,3230.0,3181.0,3181.0,331000
2026-01-14,3181.0,3191.0,3156.0,3166.0,273200
2026-01-15,3175.0,3189.0,3168.0,3181.0,223600
2026-01-16,3184.0,3196.0,3158.0,3169.0,351000
2026-01-19,3172.0,3176.0,3154.0,3165.0,210400
2026-01-20,3160.0,3161.0,3141.0,3161.0,317900
2026-01-21,3140.0,3140.0,3094.0,3097.0,363000
2026-01-22,3115.0,3127.0,3107.0,3119.0,245200
2026-01-23,3135.0,3143.0,3115.0,3115.0,215700
2026-01-26,3111.0,3117.0,3081.0,3097.0,350000
2026-01-27,3081.0,3082.0,3061.0,3064.0,266400
2026-01-28,3060.0,3067.0,3040.0,3040.0,302200
2026-01-29,3038.0,3060.0,3020.0,3058.0,247000
2026-01-30,3083.0,3089.0,3058.0,3073.0,319300
2026-02-02,3098.0,3112.0,3078.0,3084.0,287800
2026-02-03,3073.0,3110.0,3071.0,3092.0,304100
2026-02-04,3092.0,3116.0,3079.0,3081.0,283000
2026-02-05,3132.0,3150.0,3066.0,3115.0,511500
2026-02-06,3078.0,3145.0,3058.0,3125.0,382500
2026-02-09,3158.0,3160.0,3126.0,3145.0,263100
2026-02-10,3138.0,3179.0,3132.0,3153.0,440500
2026-02-12,3145.0,3185.0,3141.0,3181.0,320900
2026-02-13,3190.0,3195.0,3152.0,3159.0,300900
2026-02-16,3166.0,3171.0,3133.0,3162.0,297600
2026-02-17,3161.0,3172.0,3142.0,3142.0,274000
2026-02-18,3164.0,3195.0,3153.0,3180.0,282100
2026-02-19,3190.0,3211.0,3168.0,3206.0,232700
2026-02-20,3191.0,3191.0,3166.0,3166.0,235400
2026-02-24,3175.0,3194.0,3151.0,3176.0,276700
2026-02-25,3200.0,3206.0,3179.0,3187.0,328100
2026-02-26,3215.0,3226.0,3200.0,3211.0,444400
2026-02-27,3217.0,3220.0,3198.0,3216.0,451800
2026-03-02,3153.0,3204.0,3150.0,3188.0,390400
2026-03-03,3179.0,3179.0,3148.0,3160.0,483400
2026-03-04,3111.0,3123.0,3061.0,3092.0,634900
2026-03-05,3156.0,3173.0,3122.0,3135.0,370600
2026-03-06,3119.0,3144.0,3095.0,3144.0,335200
2026-03-09,3086.0,3153.0,3067.0,3143.0,538200
2026-03-10,3188.0,3198.0,3155.0,3178.0,381800
2026-03-11,3223.0,3229.0,3193.0,3193.0,381700
2026-03-12,3193.0,3193.0,3152.0,3156.0,406900
2026-03-13,3149.0,3164.0,3130.0,3150.0,352000
2026-03-16,3155.0,3183.0,3133.0,3154.0,315300
2026-03-17,3205.0,3228.0,3172.0,3190.0,477500
2026-03-18,3182.0,3200.0,3173.0,3200.0,392000
2026-03-19,3175.0,3198.0,3160.0,3164.0,536400
2026-03-23,3142.0,3153.0,3114.0,3114.0,611900
2026-03-24,3150.0,3156.0,3123.0,3146.0,381200
2026-03-25,3199.0,3212.0,3178.0,3207.0,588600
2026-03-26,3207.0,3222.0,3179.0,3208.0,805800
2026-03-27,3218.0,3231.0,3204.0,3208.0,1022200
2026-03-30,3037.0,3119.0,3030.0,3111.0,739500
2026-03-31,3130.0,3160.0,3106.0,3141.0,490000
2026-04-01,3183.0,3216.0,3176.0,3216.0,884400
2026-04-02,3200.0,3211.0,3185.0,3200.0,360200
2026-04-03,3195.0,3226.0,3190.0,3190.0,359400
2026-04-06,3190.0,3219.0,3183.0,3195.0,348700
2026-04-07,3210.0,3228.0,3180.0,3216.0,385700
2026-04-08,3231.0,3240.0,3218.0,3230.0,322900
2026-04-09,3228.0,3268.0,3228.0,3237.0,401100
2026-04-10,3221.0,3234.0,3184.0,3193.0,250400
2026-04-13,3186.0,3208.0,3163.0,3205.0,333700
2026-04-14,3222.0,3224.0,3198.0,3210.0,227900
2026-04-15,3218.0,3229.0,3208.0,3216.0,261100
2026-04-16,3232.0,3263.0,3228.0,3241.0,375100
2026-04-17,3240.0,3273.0,3240.0,3242.0,390200
2026-04-20,3262.0,3276.0,3230.0,3236.0,351100
2026-04-21,3245.0,3279.0,3240.0,3263.0,444100
2026-04-22,3290.0,3301.0,3234.0,3234.0,487100
2026-04-23,3230.0,3251.0,3217.0,3242.0,340500
2026-04-24,3225.0,3254.0,3219.0,3228.0,378300
2026-04-27,3202.0,3214.0,3144.0,3156.0,426100
2026-04-28,3188.0,3201.0,3151.0,3201.0,549400
2026-04-30,3161.0,3200.0,3132.0,3154.0,558700
2026-05-01,3125.0,3128.0,3075.0,3103.0,506700
2026-05-07,3080.0,3132.0,3068.0,3108.0,812300
2026-05-08,3108.0,3124.0,3086.0,3103.0,522000
2026-05-11,3033.0,3056.0,2950.0,2950.0,2145000
2026-05-12,2998.0,3014.0,2974.0,3005.0,1045400
2026-05-13,3030.0,3041.0,3013.0,3019.0,517900
2026-05-14,3008.0,3029.0,2985.5,3029.0,589500
2026-05-15,3039.0,3049.0,3019.0,3031.0,399600
2026-05-18,3050.0,3059.0,2986.5,2996.5,377600
2026-05-19,3040.0,3120.0,3021.0,3120.0,907100
2026-05-20,3090.0,3090.0,3040.0,3074.0,589500
2026-05-21,3071.0,3071.0,3027.0,3027.0,566700
2026-05-22,3025.0,3038.0,3013.0,3017.0,295500
2026-05-25,3017.0,3023.0,2989.0,2989.0,467000
2026-05-26,2981.0,2986.5,2960.0,2967.5,503200
2026-05-27,2961.5,2969.0,2940.0,2966.0,556700
2026-05-28,2964.0,2983.0,2957.0,2979.5,434800
2026-05-29,2970.0,3001.0,2961.0,2967.0,420600
2026-06-01,2940.0,2950.0,2823.5,2836.0,940100
2026-06-02,2821.5,2832.5,2787.0,2809.0,578700
2026-06-03,2803.0,2820.5,2780.0,2807.5,383500
2026-06-04,2807.5,2818.5,2798.0,2803.0,348100
2026-06-05,2820.0,2851.5,2806.5,2808.0,330600
2026-06-08,2845.0,2879.5,2822.0,2842.0,461400
2026-06-09,2853.5,2861.5,2822.5,2823.0,475700
2026-06-10,2850.0,2876.5,2837.5,2865.5,434700
2026-06-11,2860.0,2881.5,2851.5,2878.5,395600
2026-06-12,2852.0,2873.0,2843.5,2866.0,519800
2026-06-15,2851.0,2893.5,2850.5,2853.0,436900
2026-06-16,2846.0,2858.5,2822.5,2858.5,344800
2026-06-17,2870.0,2883.5,2854.0,2854.0,522800
2026-06-18,2849.5,2861.0,2834.0,2848.5,547400
2026-06-19,2865.0,2887.0,2840.5,2840.5,885300
2026-06-22,2820.0,2847.5,2806.5,2845.0,624300
2026-06-23,2830.0,2886.0,2823.0,2873.5,777700
2026-06-24,2882.0,2953.0,2881.0,2924.0,969600
2026-06-25,2953.5,2966.5,2922.0,2951.0,567800
2026-06-26,2978.0,3000.0,2951.0,3000.0,642400
2026-06-29,3030.0,3054.0,3004.0,3030.0,608400
2026-06-30,3050.0,3058.0,3026.0,3043.0,503300
2026-07-01,3030.0,3040.0,3002.0,3022.0,294900
2026-07-02,3055.0,3075.0,3030.0,3053.0,350600
2026-07-03,3075.0,3106.0,3064.0,3082.0,384200
2026-07-06,3100.0,3126.0,3087.0,3125.0,319500
2026-07-07,3130.0,3170.0,3127.0,3141.0,518000
2026-07-08,3120.0,3162.0,3111.0,3148.0,676800
2026-07-09,3146.0,3147.0,3096.0,3107.0,539700
2026-07-10,3097.0,3130.0,3073.0,3075.0,505600
2026-07-13,3094.0,3105.0,3073.0,3083.0,341000
2026-07-14,3118.0,3135.0,3099.0,3115.0,307300
2026-07-15,3132.0,3135.0,3074.0,3098.0,414000
2026-07-16,3105.0,3107.0,3063.0,3074.0,360000
2026-07-17,3089.0,3108.0,3052.0,3065.0,459500
2026-07-21,3081.0,3119.0,3081.0,3118.0,431800
2026-07-22,3081.0,3097.0,3059.0,3076.0,452200
2026-07-23,3070.0,3077.0,3035.0,3045.0,302700
2026-07-24,3030.0,3072.0,3016.0,3064.0,283000
2026-07-27,3094.0,3133.0,3086.0,3133.0,446500
2026-07-28,3172.0,3182.0,3143.0,3158.0,350700
2026-07-29,3196.0,3274.0,3187.0,3236.0,584600
2026-07-30,3235.0,3243.0,3164.0,3179.0,414700
2026-07-31,3109.0,3130.0,3100.0,3130.0,1124400
2026-08-03,3105.0,3113.0,3031.0,3066.0,463700
2026-08-04,3076.0,3079.0,3014.0,3026.0,422800
2026-08-05,3029.0,3040.0,3009.0,3038.0,405000
2026-08-06,3036.0,3102.0,3032.0,3100.0,503900
2026-08-07,3095.0,3106.0,3067.0,3098.0,322500
2026-08-10,3097.0,3098.0,3069.0,3091.0,262300
2026-08-12,3091.0,3119.0,3088.0,3114.0,370900
2026-08-13,3117.0,3132.0,3093.0,3132.0,408500
2026-08-14,3124.0,3138.0,3112.0,3131.0,355900
2026-08-17,3135.0,3145.0,3122.0,3139.0,310500
2026-08-18,3121.0,3156.0,3106.0,3137.0,302000
2026-08-19,3167.0,3184.0,3136.0,3172.0,443000
2026-08-20,3188.0,3200.0,3145.0,3168.0,305300
2026-08-21,3175.0,3194.0,3172.0,3188.0,243000
2026-08-24,3195.0,3201.0,3167.0,3191.0,323700
2026-08-25,3209.0,3220.0,3194.0,3196.0,252300
2026-08-26,3209.0,3232.0,3205.0,3219.0,212100
2026-08-27,3216.0,3241.0,3204.0,3212.0,223500
2026-08-28,3200.0,3223.0,3191.0,3222.0,221700
2026-08-31,3222.0,3224.0,3193.0,3210.0,292700
2026-09-01,3210.0,3224.0,3204.0,3223.0,357700
2026-09-02,3210.0,3234.0,3200.0,3206.0,378500
2026-09-03,3215.0,3222.0,3202.0,3211.0,253700
2026-09-04,3202.0,3207.0,3180.0,3184.0,313600
2026-09-07,3181.0,3190.0,3170.0,3170.0,212000
2026-09-08,3150.0,3168.0,3140.0,3162.0,211000
2026-09-09,3140.0,3142.0,3109.0,3109.0,229500
2026-09-10,3100.0,3126.0,3088.0,3120.0,302100
2026-09-11,3095.0,3142.0,3095.0,3121.0,282900
2026-09-14,3147.0,3147.0,3123.0,3134.0,201100
2026-09-15,3150.0,3153.0,3130.0,3145.0,262000
2026-09-16,3150.0,3165.0,3141.0,3154.0,241400
2026-09-17,3142.0,3190.0,3142.0,3190.0,261400
2026-09-18,3179.0,3185.0,3156.0,3156.0,291600
2026-09-24,3156.0,3160.0,3133.0,3133.0,363400
2026-09-25,3153.0,3162.0,3134.0,3148.0,331100
2026-09-28,3165.0,3165.0,3133.0,3133.0,358600
