Date,Open,High,Low,Close,Volume
2012-10-01,1520.0,1540.0,1490.0,1500.0,72500
2012-10-02,1520.0,1540.0,1510.0,1520.0,48900
2012-10-03,1510.0,1520.0,1480.0,1480.0,68800
2012-10-04,1500.0,1560.0,1490.0,1530.0,102000
2012-10-05,1540.0,1550.0,1510.0,1510.0,52700
2012-10-09,1500.0,1510.0,1480.0,1480.0,38700
2012-10-10,1450.0,1470.0,1430.0,1440.0,57400
2012-10-11,1450.0,1460.0,1420.0,1420.0,44600
2012-10-12,1420.0,1460.0,1420.0,1450.0,72800
2012-10-15,1440.0,1500.0,1430.0,1470.0,68100
2012-10-16,1490.0,1550.0,1490.0,1540.0,63900
2012-10-17,1560.0,1570.0,1530.0,1560.0,58100
2012-10-18,1550.0,1600.0,1540.0,1600.0,43400
2012-10-19,1570.0,1600.0,1560.0,1590.0,47800
2012-10-22,1540.0,1630.0,1540.0,1610.0,55500
2012-10-23,1630.0,1650.0,1570.0,1580.0,48000
2012-10-24,1550.0,1570.0,1530.0,1530.0,47800
2012-10-25,1540.0,1550.0,1490.0,1530.0,62700
2012-10-26,1530.0,1540.0,1510.0,1540.0,49100
2012-10-29,1510.0,1530.0,1500.0,1500.0,28000
2012-10-30,1520.0,1570.0,1510.0,1520.0,54300
2012-10-31,1550.0,1570.0,1540.0,1550.0,45900
2012-11-01,1580.0,1600.0,1550.0,1600.0,85000
2012-11-02,1620.0,1660.0,1610.0,1620.0,118800
2012-11-05,1630.0,1640.0,1590.0,1620.0,55200
2012-11-06,1620.0,1620.0,1580.0,1580.0,30500
2012-11-07,1590.0,1600.0,1550.0,1550.0,49600
2012-11-08,1520.0,1530.0,1510.0,1520.0,34300
2012-11-09,1510.0,1550.0,1500.0,1540.0,43700
2012-11-12,1550.0,1560.0,1530.0,1540.0,47800
2012-11-13,1540.0,1540.0,1490.0,1510.0,37800
2012-11-14,1510.0,1530.0,1500.0,1520.0,21300
2012-11-15,1540.0,1620.0,1530.0,1620.0,58300
2012-11-16,1620.0,1640.0,1580.0,1630.0,59500
2012-11-19,1650.0,1680.0,1630.0,1660.0,77200
2012-11-20,1690.0,1730.0,1670.0,1710.0,80900
2012-11-21,1730.0,1760.0,1710.0,1740.0,85900
2012-11-22,1760.0,1780.0,1750.0,1780.0,49600
2012-11-26,1780.0,1820.0,1770.0,1790.0,66500
2012-11-27,1800.0,1820.0,1770.0,1820.0,65900
2012-11-28,1800.0,1800.0,1710.0,1720.0,62800
2012-11-29,1720.0,1760.0,1720.0,1740.0,62300
2012-11-30,1790.0,1790.0,1740.0,1760.0,59200
2012-12-03,1760.0,1760.0,1730.0,1740.0,38400
2012-12-04,1740.0,1750.0,1720.0,1730.0,25800
2012-12-05,1740.0,1750.0,1700.0,1730.0,59500
2012-12-06,1740.0,1760.0,1740.0,1760.0,46000
2012-12-07,1780.0,1830.0,1750.0,1820.0,107400
2012-12-10,1880.0,1890.0,1830.0,1850.0,123600
2012-12-11,1800.0,1810.0,1750.0,1770.0,82900
2012-12-12,1770.0,1790.0,1760.0,1790.0,56100
2012-12-13,1810.0,1870.0,1810.0,1860.0,106200
2012-12-14,1870.0,1880.0,1840.0,1880.0,92100
2012-12-17,1900.0,1910.0,1870.0,1880.0,60400
2012-12-18,1880.0,1900.0,1870.0,1870.0,75300
2012-12-19,1910.0,1920.0,1860.0,1890.0,140500
2012-12-20,1890.0,1930.0,1870.0,1910.0,95400
2012-12-21,1930.0,1940.0,1860.0,1900.0,103200
2012-12-25,1880.0,1920.0,1870.0,1880.0,58100
2012-12-26,1870.0,1940.0,1870.0,1920.0,61300
2012-12-27,1940.0,2060.0,1930.0,2050.0,128300
2012-12-28,2060.0,2080.0,2030.0,2040.0,79000
2013-01-04,2120.0,2130.0,2080.0,2100.0,68800
2013-01-07,2110.0,2120.0,2070.0,2070.0,77500
2013-01-08,2080.0,2100.0,2020.0,2020.0,77700
2013-01-09,1990.0,2020.0,1970.0,1990.0,127300
2013-01-10,2020.0,2030.0,1990.0,1990.0,160800
2013-01-11,2040.0,2130.0,2030.0,2110.0,264200
2013-01-15,2170.0,2180.0,2120.0,2140.0,109800
2013-01-16,2130.0,2140.0,2060.0,2070.0,85400
2013-01-17,2070.0,2110.0,2020.0,2040.0,90500
2013-01-18,2080.0,2140.0,2080.0,2140.0,79000
2013-01-21,2150.0,2160.0,2100.0,2140.0,50400
2013-01-22,2140.0,2140.0,2080.0,2090.0,59500
2013-01-23,2050.0,2090.0,2000.0,2010.0,59700
2013-01-24,2010.0,2050.0,1990.0,2020.0,87400
2013-01-25,2050.0,2160.0,2050.0,2110.0,159200
2013-01-28,2110.0,2110.0,2050.0,2060.0,67700
2013-01-29,2060.0,2140.0,2060.0,2100.0,53800
2013-01-30,2100.0,2130.0,2090.0,2120.0,42500
2013-01-31,2120.0,2150.0,2100.0,2150.0,55900
2013-02-01,2160.0,2180.0,2140.0,2170.0,93300
2013-02-04,2190.0,2230.0,2150.0,2210.0,101200
2013-02-05,2170.0,2260.0,2120.0,2220.0,198800
2013-02-06,2250.0,2300.0,2220.0,2290.0,137400
2013-02-07,2280.0,2340.0,2270.0,2320.0,96800
2013-02-08,2330.0,2340.0,2290.0,2310.0,68400
2013-02-12,2350.0,2370.0,2290.0,2290.0,57300
2013-02-13,2270.0,2270.0,2150.0,2180.0,63000
2013-02-14,2180.0,2250.0,2170.0,2220.0,46500
2013-02-15,2210.0,2220.0,2070.0,2150.0,78600
2013-02-18,2170.0,2240.0,2150.0,2210.0,50800
2013-02-19,2230.0,2290.0,2230.0,2270.0,53700
2013-02-20,2280.0,2280.0,2230.0,2280.0,52500
2013-02-21,2260.0,2280.0,2200.0,2220.0,59600
2013-02-22,2180.0,2210.0,2130.0,2190.0,65800
2013-02-25,2260.0,2270.0,2220.0,2230.0,38400
2013-02-26,2160.0,2200.0,2120.0,2140.0,73300
2013-02-27,2150.0,2170.0,2070.0,2070.0,118600
2013-02-28,2100.0,2130.0,2090.0,2130.0,56700
2013-03-01,2130.0,2130.0,2100.0,2120.0,40900
2013-03-04,2170.0,2170.0,2110.0,2110.0,48600
2013-03-05,2140.0,2170.0,2130.0,2150.0,52600
2013-03-06,2160.0,2180.0,2140.0,2180.0,48000
2013-03-07,2180.0,2180.0,2100.0,2100.0,145600
2013-03-08,2110.0,2160.0,2100.0,2160.0,118300
2013-03-11,2180.0,2220.0,2170.0,2200.0,80100
2013-03-12,2210.0,2210.0,2120.0,2120.0,88700
2013-03-13,2120.0,2130.0,2090.0,2090.0,103200
2013-03-14,2110.0,2130.0,2090.0,2110.0,66300
2013-03-15,2160.0,2170.0,2140.0,2170.0,136000
2013-03-18,2130.0,2160.0,2110.0,2140.0,73800
2013-03-19,2180.0,2210.0,2170.0,2200.0,107700
2013-03-21,2210.0,2250.0,2210.0,2230.0,95000
2013-03-22,2230.0,2240.0,2170.0,2170.0,77900
2013-03-25,2210.0,2230.0,2180.0,2180.0,44200
2013-03-26,2220.0,2220.0,2180.0,2190.0,75500
2013-03-27,2170.0,2210.0,2160.0,2200.0,43000
2013-03-28,2200.0,2200.0,2150.0,2180.0,36200
2013-03-29,2200.0,2210.0,2150.0,2200.0,67600
2013-04-01,2200.0,2200.0,2080.0,2080.0,79300
2013-04-02,2050.0,2060.0,1970.0,2020.0,88400
2013-04-03,2050.0,2070.0,2040.0,2060.0,68100
2013-04-04,2030.0,2100.0,1990.0,2090.0,67700
2013-04-05,2130.0,2160.0,2090.0,2120.0,98200
2013-04-08,2180.0,2210.0,2140.0,2170.0,89200
2013-04-09,2190.0,2220.0,2130.0,2160.0,139200
2013-04-10,2180.0,2210.0,2170.0,2190.0,95500
2013-04-11,2220.0,2250.0,2190.0,2200.0,66300
2013-04-12,2220.0,2230.0,2180.0,2190.0,54700
2013-04-15,2190.0,2190.0,2150.0,2150.0,42300
2013-04-16,2100.0,2140.0,2100.0,2100.0,52500
2013-04-17,2150.0,2170.0,2120.0,2150.0,37300
2013-04-18,2150.0,2190.0,2130.0,2170.0,48600
2013-04-19,2190.0,2190.0,2160.0,2180.0,28900
2013-04-22,2210.0,2240.0,2190.0,2210.0,52800
2013-04-23,2200.0,2280.0,2200.0,2270.0,121100
2013-04-24,2290.0,2320.0,2260.0,2300.0,111800
2013-04-25,2290.0,2330.0,2290.0,2300.0,59900
2013-04-26,2300.0,2310.0,2260.0,2270.0,77900
2013-04-30,2260.0,2300.0,2240.0,2270.0,49200
2013-05-01,2270.0,2280.0,2250.0,2270.0,46800
2013-05-02,2280.0,2320.0,2270.0,2320.0,69000
2013-05-07,2360.0,2410.0,2330.0,2410.0,96600
2013-05-08,2410.0,2450.0,2410.0,2430.0,73800
2013-05-09,2450.0,2490.0,2220.0,2250.0,173000
2013-05-10,2300.0,2330.0,2230.0,2240.0,181500
2013-05-13,2280.0,2340.0,2250.0,2330.0,93900
2013-05-14,2340.0,2380.0,2310.0,2320.0,103300
2013-05-15,2380.0,2420.0,2330.0,2350.0,103300
2013-05-16,2360.0,2370.0,2220.0,2270.0,116900
2013-05-17,2280.0,2350.0,2280.0,2330.0,54800
2013-05-20,2390.0,2440.0,2370.0,2430.0,91900
2013-05-21,2430.0,2530.0,2410.0,2510.0,175100
2013-05-22,2510.0,2560.0,2460.0,2470.0,107100
2013-05-23,2480.0,2510.0,2300.0,2310.0,156800
2013-05-24,2310.0,2360.0,2180.0,2310.0,150000
2013-05-27,2250.0,2260.0,2110.0,2130.0,145000
2013-05-28,2110.0,2240.0,2110.0,2210.0,74000
2013-05-29,2240.0,2260.0,2190.0,2210.0,112400
2013-05-30,2160.0,2160.0,2060.0,2080.0,143400
2013-05-31,2100.0,2120.0,2010.0,2040.0,103600
2013-06-03,2050.0,2050.0,1930.0,1940.0,113900
2013-06-04,1990.0,2000.0,1930.0,1950.0,140400
2013-06-05,2050.0,2060.0,1980.0,1990.0,118300
2013-06-06,1960.0,1980.0,1900.0,1900.0,98700
2013-06-07,1910.0,1920.0,1780.0,1830.0,96800
2013-06-10,1940.0,1980.0,1910.0,1980.0,50000
2013-06-11,1990.0,2010.0,1950.0,1950.0,73300
2013-06-12,1900.0,1940.0,1860.0,1920.0,44300
2013-06-13,1890.0,1890.0,1850.0,1880.0,71000
2013-06-14,1890.0,1910.0,1850.0,1870.0,130800
2013-06-17,1870.0,1910.0,1850.0,1900.0,79300
2013-06-18,1890.0,1940.0,1860.0,1880.0,84000
2013-06-19,1910.0,1940.0,1900.0,1940.0,86400
2013-06-20,1920.0,1990.0,1910.0,1990.0,108800
2013-06-21,1950.0,1960.0,1830.0,1960.0,343600
2013-06-24,1950.0,1950.0,1860.0,1870.0,99500
2013-06-25,1860.0,1870.0,1820.0,1860.0,83200
2013-06-26,1880.0,1880.0,1810.0,1810.0,41900
2013-06-27,1840.0,1860.0,1800.0,1860.0,69700
2013-06-28,1890.0,1950.0,1880.0,1950.0,96900
2013-07-01,1970.0,1970.0,1910.0,1960.0,47600
2013-07-02,1970.0,1990.0,1950.0,1990.0,65900
2013-07-03,1990.0,1990.0,1950.0,1980.0,63500
2013-07-04,1980.0,2010.0,1970.0,2010.0,58100
2013-07-05,2010.0,2060.0,2010.0,2060.0,81700
2013-07-08,2100.0,2100.0,2010.0,2010.0,73300
2013-07-09,2060.0,2070.0,2030.0,2060.0,30900
2013-07-10,2060.0,2070.0,2020.0,2040.0,46600
2013-07-11,2040.0,2060.0,2020.0,2060.0,47200
2013-07-12,2070.0,2090.0,2060.0,2080.0,63400
2013-07-16,2090.0,2100.0,2060.0,2070.0,37600
2013-07-17,2070.0,2080.0,2050.0,2070.0,22300
2013-07-18,2090.0,2140.0,2070.0,2130.0,378800
2013-07-19,2140.0,2140.0,2050.0,2080.0,55000
2013-07-22,2120.0,2120.0,2070.0,2100.0,44300
2013-07-23,2100.0,2130.0,2100.0,2120.0,32000
2013-07-24,2120.0,2130.0,2100.0,2130.0,16600
2013-07-25,2130.0,2130.0,2080.0,2100.0,33100
2013-07-26,2050.0,2060.0,2030.0,2030.0,37500
2013-07-29,1990.0,1990.0,1920.0,1920.0,48900
2013-07-30,1920.0,2020.0,1920.0,2020.0,38100
2013-07-31,2020.0,2040.0,2000.0,2030.0,32800
2013-08-01,2030.0,2050.0,1900.0,1920.0,96500
2013-08-02,1970.0,1970.0,1940.0,1960.0,38100
2013-08-05,1960.0,1960.0,1920.0,1930.0,36300
2013-08-06,1950.0,1960.0,1920.0,1950.0,29200
2013-08-07,1940.0,1940.0,1920.0,1920.0,20400
2013-08-08,1910.0,1930.0,1890.0,1890.0,31200
2013-08-09,1900.0,1920.0,1890.0,1920.0,26700
2013-08-12,1920.0,1950.0,1900.0,1950.0,34600
2013-08-13,1970.0,1990.0,1940.0,1990.0,21900
2013-08-14,2000.0,2000.0,1970.0,2000.0,28300
2013-08-15,1990.0,1990.0,1950.0,1950.0,18300
2013-08-16,1930.0,1950.0,1920.0,1920.0,27300
2013-08-19,1930.0,1990.0,1930.0,1990.0,29400
2013-08-20,1970.0,1990.0,1940.0,1950.0,20200
2013-08-21,1970.0,2000.0,1950.0,1960.0,30400
2013-08-22,1950.0,1950.0,1930.0,1940.0,16100
2013-08-23,1970.0,1990.0,1950.0,1970.0,29500
2013-08-26,1980.0,1990.0,1950.0,1950.0,13700
2013-08-27,1960.0,1980.0,1950.0,1960.0,15200
2013-08-28,1940.0,1950.0,1900.0,1930.0,25600
2013-08-29,1920.0,1950.0,1920.0,1950.0,21800
2013-08-30,1960.0,1960.0,1910.0,1920.0,33300
2013-09-02,1930.0,1930.0,1900.0,1930.0,16400
2013-09-03,1920.0,1960.0,1920.0,1960.0,26300
2013-09-04,1940.0,1960.0,1920.0,1950.0,19500
2013-09-05,1950.0,1960.0,1940.0,1960.0,16900
2013-09-06,1950.0,1980.0,1930.0,1960.0,26600
2013-09-09,2010.0,2010.0,1990.0,2010.0,31300
2013-09-10,2010.0,2050.0,1980.0,2050.0,47600
2013-09-11,2060.0,2130.0,2040.0,2100.0,61300
2013-09-12,2090.0,2090.0,2040.0,2080.0,24900
2013-09-13,2070.0,2090.0,2050.0,2070.0,39700
2013-09-17,2070.0,2080.0,2060.0,2060.0,18400
2013-09-18,2060.0,2070.0,2040.0,2060.0,32000
2013-09-19,2060.0,2180.0,2040.0,2170.0,83900
2013-09-20,2190.0,2290.0,2170.0,2290.0,207100
2013-09-24,2280.0,2280.0,2220.0,2260.0,89700
2013-09-25,2240.0,2260.0,2210.0,2230.0,45800
2013-09-26,2200.0,2230.0,2170.0,2220.0,44600
2013-09-27,2250.0,2270.0,2220.0,2230.0,48300
2013-09-30,2200.0,2200.0,2140.0,2170.0,43900
2013-10-01,2190.0,2200.0,2140.0,2160.0,29500
2013-10-02,2170.0,2190.0,2120.0,2130.0,35500
2013-10-03,2130.0,2150.0,2120.0,2120.0,30500
2013-10-04,2120.0,2130.0,2090.0,2100.0,29300
2013-10-07,2100.0,2120.0,2050.0,2080.0,39700
2013-10-08,2040.0,2120.0,2040.0,2110.0,21700
2013-10-09,2080.0,2170.0,2070.0,2170.0,32600
2013-10-10,2160.0,2170.0,2110.0,2150.0,33500
2013-10-11,2190.0,2210.0,2160.0,2180.0,49200
2013-10-15,2190.0,2210.0,2150.0,2170.0,21900
2013-10-16,2180.0,2180.0,2160.0,2170.0,10900
2013-10-17,2170.0,2200.0,2150.0,2170.0,34100
2013-10-18,2170.0,2190.0,2160.0,2180.0,24000
2013-10-21,2170.0,2210.0,2160.0,2210.0,36700
2013-10-22,2220.0,2250.0,2210.0,2250.0,30800
2013-10-23,2270.0,2280.0,2190.0,2200.0,46900
2013-10-24,2190.0,2240.0,2180.0,2240.0,28700
2013-10-25,2240.0,2260.0,2210.0,2220.0,43200
2013-10-28,2240.0,2260.0,2230.0,2260.0,32500
2013-10-29,2260.0,2290.0,2240.0,2260.0,76400
2013-10-30,2270.0,2280.0,2200.0,2220.0,77700
2013-10-31,2230.0,2230.0,2140.0,2150.0,60900
2013-11-01,2160.0,2170.0,2080.0,2090.0,50200
2013-11-05,2130.0,2130.0,2080.0,2100.0,24500
2013-11-06,2100.0,2130.0,1870.0,1960.0,248500
2013-11-07,1960.0,1970.0,1900.0,1950.0,145300
2013-11-08,1910.0,1950.0,1910.0,1930.0,69800
2013-11-11,1970.0,1980.0,1950.0,1980.0,40000
2013-11-12,1970.0,2000.0,1950.0,2000.0,30300
2013-11-13,2000.0,2050.0,1980.0,2050.0,69200
2013-11-14,2030.0,2080.0,2020.0,2060.0,51700
2013-11-15,2070.0,2090.0,2060.0,2080.0,43700
2013-11-18,2070.0,2070.0,2010.0,2040.0,63400
2013-11-19,2050.0,2070.0,2020.0,2020.0,35000
2013-11-20,2020.0,2050.0,1970.0,2000.0,88700
2013-11-21,2000.0,2040.0,2000.0,2020.0,36400
2013-11-22,2020.0,2040.0,2010.0,2020.0,38700
2013-11-25,2010.0,2020.0,1980.0,1990.0,44100
2013-11-26,1990.0,2000.0,1980.0,1980.0,45400
2013-11-27,1970.0,1980.0,1960.0,1960.0,37800
2013-11-28,1980.0,2000.0,1980.0,1990.0,47700
2013-11-29,1990.0,1990.0,1960.0,1970.0,55300
2013-12-02,1980.0,1980.0,1960.0,1970.0,34100
2013-12-03,1990.0,2000.0,1980.0,1990.0,24900
2013-12-04,1980.0,2000.0,1970.0,1970.0,35600
2013-12-05,1970.0,1980.0,1930.0,1940.0,104500
2013-12-06,1930.0,1950.0,1930.0,1950.0,33700
2013-12-09,1980.0,2000.0,1970.0,2000.0,37400
2013-12-10,1990.0,1990.0,1970.0,1980.0,27000
2013-12-11,1980.0,1990.0,1950.0,1960.0,18700
2013-12-12,1950.0,1960.0,1940.0,1940.0,35800
2013-12-13,1940.0,1950.0,1930.0,1930.0,106900
2013-12-16,1930.0,1940.0,1910.0,1920.0,29700
2013-12-17,1910.0,1920.0,1870.0,1880.0,63400
2013-12-18,1880.0,1930.0,1880.0,1930.0,38700
2013-12-19,1930.0,1960.0,1880.0,1920.0,77100
2013-12-20,1910.0,1920.0,1880.0,1910.0,57900
2013-12-24,1890.0,1900.0,1850.0,1860.0,78500
2013-12-25,1850.0,1870.0,1830.0,1860.0,75400
2013-12-26,1850.0,1900.0,1850.0,1880.0,106600
2013-12-27,1880.0,1920.0,1860.0,1920.0,105500
2013-12-30,1920.0,1960.0,1900.0,1950.0,96100
2014-01-06,1950.0,1960.0,1930.0,1960.0,46100
2014-01-07,1930.0,1940.0,1910.0,1910.0,73000
2014-01-08,1930.0,1950.0,1920.0,1950.0,93700
2014-01-09,1930.0,1940.0,1890.0,1910.0,112400
2014-01-10,1900.0,1900.0,1880.0,1900.0,112000
2014-01-14,1890.0,1890.0,1870.0,1870.0,81500
2014-01-15,1890.0,1910.0,1880.0,1900.0,122800
2014-01-16,1910.0,1920.0,1900.0,1900.0,133900
2014-01-17,1900.0,1900.0,1890.0,1890.0,102200
2014-01-20,1900.0,1930.0,1900.0,1930.0,76300
2014-01-21,1950.0,1970.0,1930.0,1960.0,125300
2014-01-22,1970.0,1970.0,1930.0,1940.0,73600
2014-01-23,1950.0,1950.0,1910.0,1910.0,64600
2014-01-24,1910.0,1920.0,1900.0,1900.0,88000
2014-01-27,1880.0,1880.0,1850.0,1850.0,84400
2014-01-28,1860.0,1880.0,1830.0,1830.0,76900
2014-01-29,1850.0,1880.0,1850.0,1870.0,48100
2014-01-30,1830.0,1830.0,1780.0,1800.0,157800
2014-01-31,1830.0,1840.0,1780.0,1800.0,110500
2014-02-03,1790.0,1800.0,1760.0,1760.0,83400
2014-02-04,1730.0,1740.0,1650.0,1650.0,196900
2014-02-05,1680.0,1700.0,1650.0,1680.0,132600
2014-02-06,1680.0,1740.0,1680.0,1710.0,54300
2014-02-07,1760.0,1830.0,1760.0,1830.0,81100
2014-02-10,1830.0,1850.0,1800.0,1800.0,45000
2014-02-12,1830.0,1830.0,1800.0,1830.0,34400
2014-02-13,1830.0,1830.0,1800.0,1800.0,26200
2014-02-14,1810.0,1810.0,1740.0,1750.0,44700
2014-02-17,1750.0,1800.0,1730.0,1800.0,22100
2014-02-18,1790.0,1830.0,1790.0,1830.0,30200
2014-02-19,1810.0,1810.0,1780.0,1790.0,31500
2014-02-20,1790.0,1790.0,1730.0,1740.0,74000
2014-02-21,1770.0,1820.0,1770.0,1810.0,53200
2014-02-24,1800.0,1820.0,1790.0,1800.0,21800
2014-02-25,1820.0,1820.0,1790.0,1820.0,21000
2014-02-26,1800.0,1810.0,1770.0,1780.0,97300
2014-02-27,1780.0,1780.0,1740.0,1760.0,68700
2014-02-28,1770.0,1770.0,1740.0,1740.0,54000
2014-03-03,1740.0,1740.0,1710.0,1730.0,36800
2014-03-04,1730.0,1770.0,1730.0,1770.0,27300
2014-03-05,1780.0,1790.0,1760.0,1770.0,30800
2014-03-06,1770.0,1800.0,1770.0,1800.0,19000
2014-03-07,1800.0,1820.0,1800.0,1810.0,34700
2014-03-10,1810.0,1810.0,1790.0,1810.0,27000
2014-03-11,1810.0,1810.0,1790.0,1810.0,24700
2014-03-12,1790.0,1790.0,1770.0,1770.0,19300
2014-03-13,1770.0,1790.0,1770.0,1780.0,23600
2014-03-14,1740.0,1760.0,1730.0,1730.0,68400
2014-03-17,1730.0,1730.0,1680.0,1680.0,54100
2014-03-18,1710.0,1730.0,1710.0,1720.0,27300
2014-03-19,1730.0,1730.0,1710.0,1720.0,22700
2014-03-20,1750.0,1760.0,1700.0,1700.0,56100
2014-03-24,1710.0,1760.0,1710.0,1740.0,28200
2014-03-25,1750.0,1750.0,1730.0,1730.0,20700
2014-03-26,1730.0,1790.0,1730.0,1790.0,39800
2014-03-27,1750.0,1790.0,1740.0,1780.0,35400
2014-03-28,1770.0,1820.0,1760.0,1810.0,55200
2014-03-31,1820.0,1820.0,1790.0,1820.0,36100
2014-04-01,1830.0,1830.0,1810.0,1820.0,25200
2014-04-02,1820.0,1840.0,1810.0,1820.0,43100
2014-04-03,1820.0,1840.0,1810.0,1830.0,17500
2014-04-04,1830.0,1840.0,1810.0,1810.0,32300
2014-04-07,1800.0,1800.0,1780.0,1790.0,21600
2014-04-08,1780.0,1780.0,1750.0,1760.0,30400
2014-04-09,1750.0,1770.0,1740.0,1740.0,41100
2014-04-10,1750.0,1770.0,1730.0,1730.0,28700
2014-04-11,1710.0,1750.0,1710.0,1740.0,34100
2014-04-14,1720.0,1750.0,1720.0,1720.0,12200
2014-04-15,1730.0,1760.0,1720.0,1730.0,16000
2014-04-16,1740.0,1790.0,1740.0,1780.0,23600
2014-04-17,1780.0,1790.0,1760.0,1760.0,12600
2014-04-18,1790.0,1790.0,1760.0,1780.0,21100
2014-04-21,1780.0,1790.0,1760.0,1770.0,16500
2014-04-22,1770.0,1770.0,1750.0,1760.0,14600
2014-04-23,1760.0,1770.0,1750.0,1760.0,11900
2014-04-24,1770.0,1770.0,1740.0,1750.0,16000
2014-04-25,1770.0,1780.0,1750.0,1770.0,28300
2014-04-28,1760.0,1760.0,1740.0,1760.0,12000
2014-04-30,1770.0,1770.0,1730.0,1730.0,18100
2014-05-01,1750.0,1770.0,1740.0,1770.0,19500
2014-05-02,1760.0,1770.0,1750.0,1770.0,9600
2014-05-07,1760.0,1760.0,1710.0,1710.0,35700
2014-05-08,1720.0,1740.0,1720.0,1720.0,17500
2014-05-09,1730.0,1810.0,1710.0,1800.0,82100
2014-05-12,1800.0,1840.0,1780.0,1820.0,78400
2014-05-13,1830.0,1830.0,1800.0,1820.0,28300
2014-05-14,1820.0,1860.0,1800.0,1850.0,91900
2014-05-15,1840.0,1850.0,1820.0,1830.0,47300
2014-05-16,1810.0,1840.0,1800.0,1840.0,49400
2014-05-19,1820.0,1830.0,1800.0,1800.0,32100
2014-05-20,1800.0,1810.0,1760.0,1800.0,34600
2014-05-21,1790.0,1790.0,1750.0,1790.0,41600
2014-05-22,1800.0,1820.0,1790.0,1820.0,24600
2014-05-23,1820.0,1830.0,1800.0,1830.0,16700
2014-05-26,1840.0,1860.0,1830.0,1850.0,46600
2014-05-27,1850.0,1860.0,1830.0,1840.0,20100
2014-05-28,1840.0,1860.0,1830.0,1830.0,28700
2014-05-29,1840.0,1850.0,1830.0,1850.0,24700
2014-05-30,1860.0,1880.0,1860.0,1860.0,50800
2014-06-02,1880.0,1890.0,1870.0,1870.0,26300
2014-06-03,1870.0,1890.0,1870.0,1870.0,22900
2014-06-04,1860.0,1870.0,1850.0,1870.0,31900
2014-06-05,1890.0,1890.0,1860.0,1870.0,40300
2014-06-06,1860.0,1870.0,1850.0,1870.0,27200
2014-06-09,1890.0,1910.0,1880.0,1910.0,56400
2014-06-10,1910.0,1920.0,1880.0,1880.0,62900
2014-06-11,1870.0,1940.0,1870.0,1930.0,71900
2014-06-12,1910.0,1930.0,1890.0,1910.0,72900
2014-06-13,1900.0,1940.0,1890.0,1930.0,83500
2014-06-16,1930.0,1960.0,1930.0,1950.0,59900
2014-06-17,1950.0,1970.0,1940.0,1950.0,75400
2014-06-18,1970.0,1980.0,1940.0,1970.0,84500
2014-06-19,2000.0,2030.0,2000.0,2010.0,128300
2014-06-20,2020.0,2100.0,2000.0,2100.0,177800
2014-06-23,2070.0,2120.0,2040.0,2110.0,145100
2014-06-24,2100.0,2100.0,2050.0,2080.0,84700
2014-06-25,2050.0,2080.0,2050.0,2060.0,53600
2014-06-26,2060.0,2070.0,2050.0,2050.0,29900
2014-06-27,2050.0,2080.0,2030.0,2070.0,71700
2014-06-30,2080.0,2140.0,2060.0,2120.0,101000
2014-07-01,2120.0,2150.0,2110.0,2130.0,83300
2014-07-02,2140.0,2150.0,2110.0,2140.0,71500
2014-07-03,2150.0,2150.0,2130.0,2150.0,77500
2014-07-04,2150.0,2190.0,2140.0,2180.0,93700
2014-07-07,2180.0,2250.0,2180.0,2210.0,123300
2014-07-08,2200.0,2220.0,2130.0,2190.0,71100
2014-07-09,2160.0,2200.0,2160.0,2200.0,54500
2014-07-10,2200.0,2200.0,2080.0,2100.0,83300
2014-07-11,2060.0,2080.0,2040.0,2070.0,70300
2014-07-14,2060.0,2100.0,2050.0,2100.0,33800
2014-07-15,2100.0,2130.0,2100.0,2110.0,39400
2014-07-16,2120.0,2130.0,2100.0,2100.0,27800
2014-07-17,2110.0,2130.0,2110.0,2120.0,28000
2014-07-18,2090.0,2100.0,2050.0,2060.0,38800
2014-07-22,2070.0,2170.0,2070.0,2150.0,52400
2014-07-23,2130.0,2160.0,2110.0,2140.0,35700
2014-07-24,2170.0,2170.0,2140.0,2150.0,24600
2014-07-25,2150.0,2160.0,2120.0,2120.0,45100
2014-07-28,2140.0,2170.0,2120.0,2170.0,41500
2014-07-29,2150.0,2180.0,2150.0,2180.0,51200
2014-07-30,2180.0,2180.0,2130.0,2140.0,41000
2014-07-31,2160.0,2170.0,2120.0,2150.0,58300
2014-08-01,2070.0,2130.0,2070.0,2100.0,40500
2014-08-04,2090.0,2110.0,2080.0,2090.0,28200
2014-08-05,2100.0,2110.0,2010.0,2010.0,75700
2014-08-06,2010.0,2040.0,1980.0,2000.0,51900
2014-08-07,1990.0,2030.0,1970.0,2030.0,62400
2014-08-08,2010.0,2010.0,1950.0,1970.0,31600
2014-08-11,2010.0,2020.0,1990.0,2010.0,23100
2014-08-12,2010.0,2010.0,1970.0,1970.0,31200
2014-08-13,1990.0,2030.0,1970.0,2000.0,72200
2014-08-14,2020.0,2020.0,1980.0,1990.0,31400
2014-08-15,1990.0,2010.0,1990.0,2010.0,31100
2014-08-18,2020.0,2060.0,2020.0,2040.0,47100
2014-08-19,2050.0,2060.0,2030.0,2030.0,30500
2014-08-20,2050.0,2060.0,2010.0,2020.0,48800
2014-08-21,2030.0,2050.0,2020.0,2040.0,38100
2014-08-22,2060.0,2060.0,2020.0,2040.0,34800
2014-08-25,2040.0,2050.0,2020.0,2030.0,21800
2014-08-26,2040.0,2040.0,2010.0,2030.0,19200
2014-08-27,2030.0,2030.0,2010.0,2030.0,27000
2014-08-28,2010.0,2030.0,2010.0,2030.0,23900
2014-08-29,2030.0,2040.0,2000.0,2010.0,48500
2014-09-01,2030.0,2040.0,2020.0,2030.0,26100
2014-09-02,2040.0,2070.0,2030.0,2050.0,48000
2014-09-03,2060.0,2080.0,2030.0,2030.0,43600
2014-09-04,2040.0,2050.0,2030.0,2040.0,15000
2014-09-05,2040.0,2050.0,2030.0,2040.0,18100
2014-09-08,2060.0,2140.0,2040.0,2120.0,146600
2014-09-09,2170.0,2180.0,2090.0,2100.0,124000
2014-09-10,2090.0,2180.0,2090.0,2150.0,175200
2014-09-11,2190.0,2190.0,2150.0,2180.0,110800
2014-09-12,2180.0,2180.0,2150.0,2150.0,74800
2014-09-16,2170.0,2170.0,2130.0,2160.0,48700
2014-09-17,2180.0,2190.0,2130.0,2150.0,59900
2014-09-18,2170.0,2190.0,2150.0,2180.0,67900
2014-09-19,2180.0,2190.0,2160.0,2190.0,72100
2014-09-22,2200.0,2230.0,2170.0,2190.0,83900
2014-09-24,2170.0,2180.0,2150.0,2150.0,35500
2014-09-25,2180.0,2200.0,2170.0,2200.0,51900
2014-09-26,2160.0,2190.0,2150.0,2160.0,35400
2014-09-29,2180.0,2180.0,2150.0,2170.0,43200
2014-09-30,2170.0,2180.0,2130.0,2160.0,74200
2014-10-01,2160.0,2180.0,2130.0,2140.0,58600
2014-10-02,2100.0,2100.0,2060.0,2070.0,86400
2014-10-03,2050.0,2100.0,2040.0,2070.0,43600
2014-10-06,2080.0,2130.0,2070.0,2100.0,49100
2014-10-07,2080.0,2110.0,2060.0,2060.0,39000
2014-10-08,2010.0,2060.0,2010.0,2030.0,34800
2014-10-09,2040.0,2060.0,2010.0,2010.0,41900
2014-10-10,1980.0,1990.0,1960.0,1970.0,41400
2014-10-14,1920.0,1970.0,1910.0,1930.0,47300
2014-10-15,1930.0,1970.0,1930.0,1940.0,39500
2014-10-16,1910.0,1930.0,1880.0,1890.0,43900
2014-10-17,1900.0,1930.0,1870.0,1870.0,53500
2014-10-20,1930.0,1980.0,1930.0,1980.0,32200
2014-10-21,2000.0,2000.0,1900.0,1920.0,63100
2014-10-22,1960.0,1960.0,1930.0,1950.0,32600
2014-10-23,1930.0,1940.0,1900.0,1900.0,45900
2014-10-24,1930.0,1950.0,1880.0,1880.0,71600
2014-10-27,1900.0,1920.0,1880.0,1910.0,32700
2014-10-28,1910.0,2020.0,1910.0,1990.0,99400
2014-10-29,2030.0,2080.0,2020.0,2080.0,116800
2014-10-30,2100.0,2110.0,2040.0,2060.0,84100
2014-10-31,2080.0,2150.0,2070.0,2140.0,100300
2014-11-04,2200.0,2200.0,2110.0,2130.0,109200
2014-11-05,2130.0,2170.0,2070.0,2090.0,59100
2014-11-06,2140.0,2140.0,2080.0,2090.0,53700
2014-11-07,2090.0,2100.0,2070.0,2100.0,30100
2014-11-10,2090.0,2150.0,2090.0,2140.0,42900
2014-11-11,2140.0,2140.0,2090.0,2100.0,37600
2014-11-12,2120.0,2140.0,2080.0,2080.0,60300
2014-11-13,2090.0,2120.0,2080.0,2120.0,41500
2014-11-14,2130.0,2140.0,2100.0,2120.0,56200
2014-11-17,2130.0,2130.0,2020.0,2050.0,61900
2014-11-18,2080.0,2110.0,2080.0,2100.0,29500
2014-11-19,2090.0,2110.0,2080.0,2080.0,27000
2014-11-20,2100.0,2170.0,2100.0,2160.0,87200
2014-11-21,2160.0,2160.0,2120.0,2150.0,51800
2014-11-25,2160.0,2160.0,2150.0,2150.0,25700
2014-11-26,2140.0,2180.0,2140.0,2180.0,57000
2014-11-27,2180.0,2180.0,2150.0,2170.0,45600
2014-11-28,2180.0,2190.0,2170.0,2170.0,49300
2014-12-01,2190.0,2220.0,2180.0,2210.0,89000
2014-12-02,2210.0,2220.0,2190.0,2210.0,43500
2014-12-03,2220.0,2220.0,2190.0,2210.0,38400
2014-12-04,2220.0,2250.0,2200.0,2250.0,97800
2014-12-05,2250.0,2290.0,2240.0,2280.0,92200
2014-12-08,2320.0,2350.0,2310.0,2340.0,111200
2014-12-09,2330.0,2340.0,2300.0,2320.0,48000
2014-12-10,2250.0,2280.0,2250.0,2250.0,51500
2014-12-11,2210.0,2290.0,2180.0,2270.0,84100
2014-12-12,2270.0,2300.0,2260.0,2260.0,76500
2014-12-15,2250.0,2250.0,2210.0,2210.0,37100
2014-12-16,2170.0,2190.0,2150.0,2160.0,32700
2014-12-17,2180.0,2250.0,2170.0,2230.0,65800
2014-12-18,2270.0,2320.0,2260.0,2280.0,73100
2014-12-19,2320.0,2330.0,2250.0,2310.0,67300
2014-12-22,2290.0,2380.0,2290.0,2370.0,91800
2014-12-24,2400.0,2540.0,2400.0,2430.0,238000
2014-12-25,2400.0,2420.0,2350.0,2370.0,62800
2014-12-26,2370.0,2410.0,2360.0,2400.0,35300
2014-12-29,2390.0,2410.0,2360.0,2380.0,47100
2014-12-30,2390.0,2390.0,2370.0,2390.0,31200
2015-01-05,2410.0,2650.0,2360.0,2510.0,332900
2015-01-06,2460.0,2490.0,2370.0,2400.0,163400
2015-01-07,2380.0,2480.0,2380.0,2470.0,85700
2015-01-08,2510.0,2530.0,2450.0,2460.0,81000
2015-01-09,2470.0,2470.0,2400.0,2430.0,56900
2015-01-13,2390.0,2400.0,2340.0,2390.0,51400
2015-01-14,2390.0,2390.0,2320.0,2340.0,52800
2015-01-15,2330.0,2370.0,2310.0,2340.0,56300
2015-01-16,2300.0,2310.0,2250.0,2290.0,84900
2015-01-19,2290.0,2340.0,2290.0,2340.0,38600
2015-01-20,2340.0,2410.0,2330.0,2410.0,46300
2015-01-21,2420.0,2420.0,2370.0,2400.0,54800
2015-01-22,2420.0,2500.0,2410.0,2440.0,62300
2015-01-23,2450.0,2480.0,2430.0,2480.0,43300
2015-01-26,2470.0,2530.0,2430.0,2520.0,74200
2015-01-27,2520.0,2560.0,2500.0,2550.0,92400
2015-01-28,2500.0,2600.0,2490.0,2590.0,109600
2015-01-29,2580.0,2640.0,2530.0,2620.0,145900
2015-01-30,2650.0,2680.0,2630.0,2670.0,123100
2015-02-02,2670.0,2680.0,2630.0,2660.0,117700
2015-02-03,2660.0,2660.0,2520.0,2550.0,100900
2015-02-04,2570.0,2630.0,2570.0,2620.0,81700
2015-02-05,2600.0,2650.0,2540.0,2650.0,113800
2015-02-06,2660.0,2840.0,2640.0,2840.0,234900
2015-02-09,2840.0,2970.0,2810.0,2950.0,204000
2015-02-10,2950.0,3080.0,2950.0,3070.0,249900
2015-02-12,3070.0,3100.0,2870.0,2880.0,258900
2015-02-13,2850.0,2880.0,2720.0,2750.0,203100
2015-02-16,2770.0,2850.0,2770.0,2820.0,135000
2015-02-17,2820.0,2860.0,2770.0,2850.0,126800
2015-02-18,2900.0,2940.0,2860.0,2900.0,147100
2015-02-19,2870.0,2900.0,2820.0,2870.0,163000
2015-02-20,2850.0,2860.0,2790.0,2840.0,152100
2015-02-23,2840.0,2840.0,2790.0,2840.0,116100
2015-02-24,2800.0,2860.0,2790.0,2830.0,136500
2015-02-25,2830.0,2880.0,2830.0,2870.0,63800
2015-02-26,2880.0,3020.0,2880.0,3010.0,166900
2015-02-27,3050.0,3140.0,2950.0,2990.0,173300
2015-03-02,3010.0,3020.0,2930.0,2950.0,65300
2015-03-03,2950.0,2990.0,2880.0,2980.0,97300
2015-03-04,2980.0,3100.0,2970.0,3090.0,197400
2015-03-05,3100.0,3120.0,3030.0,3050.0,128000
2015-03-06,3060.0,3060.0,2960.0,3000.0,108000
2015-03-09,2960.0,2960.0,2900.0,2910.0,99500
2015-03-10,2920.0,2940.0,2880.0,2910.0,57500
2015-03-11,2880.0,2950.0,2860.0,2900.0,57300
2015-03-12,2910.0,2940.0,2900.0,2910.0,53900
2015-03-13,2910.0,2950.0,2880.0,2900.0,121300
2015-03-16,2890.0,2890.0,2820.0,2860.0,91800
2015-03-17,2860.0,2890.0,2830.0,2870.0,69400
2015-03-18,2870.0,2930.0,2860.0,2930.0,57300
2015-03-19,2930.0,2980.0,2890.0,2950.0,83900
2015-03-20,2970.0,2990.0,2930.0,2930.0,122100
2015-03-23,2940.0,2990.0,2930.0,2990.0,44000
2015-03-24,2990.0,2990.0,2930.0,2940.0,63100
2015-03-25,2940.0,2950.0,2910.0,2940.0,45200
2015-03-26,2920.0,2920.0,2840.0,2890.0,76700
2015-03-27,2820.0,2890.0,2780.0,2810.0,61900
2015-03-30,2790.0,2810.0,2740.0,2780.0,58000
2015-03-31,2790.0,2850.0,2790.0,2790.0,45300
2015-04-01,2790.0,2800.0,2700.0,2710.0,55900
2015-04-02,2710.0,2810.0,2710.0,2760.0,66300
2015-04-03,2780.0,2810.0,2750.0,2810.0,32800
2015-04-06,2760.0,2790.0,2730.0,2750.0,30700
2015-04-07,2730.0,2800.0,2730.0,2750.0,48700
2015-04-08,2780.0,2830.0,2760.0,2800.0,62900
2015-04-09,2820.0,2880.0,2800.0,2880.0,70600
2015-04-10,2870.0,2880.0,2800.0,2810.0,60100
2015-04-13,2840.0,2840.0,2780.0,2830.0,31100
2015-04-14,2800.0,2880.0,2800.0,2880.0,45400
2015-04-15,2880.0,2940.0,2860.0,2920.0,72900
2015-04-16,2930.0,2950.0,2910.0,2940.0,49700
2015-04-17,2940.0,2970.0,2920.0,2950.0,62500
2015-04-20,2930.0,2970.0,2920.0,2940.0,69400
2015-04-21,2930.0,2940.0,2890.0,2900.0,48900
2015-04-22,2910.0,2920.0,2880.0,2910.0,27000
2015-04-23,2930.0,2990.0,2920.0,2960.0,80700
2015-04-24,2960.0,2970.0,2930.0,2940.0,39700
2015-04-27,2920.0,2970.0,2910.0,2950.0,28200
2015-04-28,2930.0,2950.0,2920.0,2930.0,38900
2015-04-30,2850.0,2890.0,2830.0,2880.0,83300
2015-05-01,2830.0,2840.0,2750.0,2750.0,97500
2015-05-07,2800.0,2840.0,2780.0,2780.0,88700
2015-05-08,2770.0,2970.0,2690.0,2910.0,269000
2015-05-11,2940.0,3030.0,2900.0,3010.0,199200
2015-05-12,3030.0,3070.0,2960.0,3040.0,141600
2015-05-13,3040.0,3120.0,3020.0,3100.0,84200
2015-05-14,3100.0,3120.0,3050.0,3060.0,83400
2015-05-15,3050.0,3140.0,3050.0,3110.0,54300
2015-05-18,3140.0,3190.0,3130.0,3180.0,94400
2015-05-19,3200.0,3200.0,3140.0,3160.0,93100
2015-05-20,3170.0,3180.0,3070.0,3130.0,93300
2015-05-21,3100.0,3120.0,3070.0,3090.0,85400
2015-05-22,3110.0,3190.0,3100.0,3180.0,71600
2015-05-25,3200.0,3230.0,3180.0,3200.0,82400
2015-05-26,3200.0,3280.0,3190.0,3270.0,99300
2015-05-27,3260.0,3290.0,3240.0,3270.0,43000
2015-05-28,3250.0,3280.0,3220.0,3270.0,63100
2015-05-29,3260.0,3340.0,3240.0,3320.0,99900
2015-06-01,3350.0,3380.0,3320.0,3360.0,61000
2015-06-02,3370.0,3420.0,3330.0,3390.0,80600
2015-06-03,3410.0,3470.0,3400.0,3440.0,100600
2015-06-04,3460.0,3480.0,3360.0,3370.0,93400
2015-06-05,3370.0,3380.0,3290.0,3350.0,113100
2015-06-08,3440.0,3440.0,3290.0,3350.0,103800
2015-06-09,3280.0,3310.0,3230.0,3250.0,89000
2015-06-10,3240.0,3290.0,3210.0,3210.0,89300
2015-06-11,3240.0,3290.0,3210.0,3270.0,108100
2015-06-12,3250.0,3310.0,3230.0,3250.0,103100
2015-06-15,3240.0,3300.0,3240.0,3290.0,63000
2015-06-16,3290.0,3290.0,3210.0,3210.0,56300
2015-06-17,3210.0,3210.0,3100.0,3100.0,153100
2015-06-18,3080.0,3220.0,3070.0,3120.0,112800
2015-06-19,3160.0,3160.0,3050.0,3060.0,144500
2015-06-22,3060.0,3130.0,3050.0,3120.0,52500
2015-06-23,3170.0,3190.0,3130.0,3190.0,60100
2015-06-24,3220.0,3270.0,3180.0,3270.0,94100
2015-06-25,3220.0,3270.0,3220.0,3240.0,66400
2015-06-26,3240.0,3240.0,3170.0,3180.0,44900
2015-06-29,3030.0,3150.0,3030.0,3120.0,58300
2015-06-30,3120.0,3170.0,3080.0,3130.0,73200
2015-07-01,3130.0,3150.0,3100.0,3110.0,24300
2015-07-02,3140.0,3150.0,3090.0,3110.0,34600
2015-07-03,3110.0,3140.0,3090.0,3130.0,39300
2015-07-06,3130.0,3130.0,3050.0,3050.0,51100
2015-07-07,3090.0,3110.0,3060.0,3090.0,46800
2015-07-08,3060.0,3070.0,2950.0,2950.0,71200
2015-07-09,2880.0,2960.0,2770.0,2920.0,83800
2015-07-10,2900.0,2930.0,2860.0,2900.0,49700
2015-07-13,2930.0,2960.0,2900.0,2940.0,33300
2015-07-14,3000.0,3050.0,2970.0,2970.0,53900
2015-07-15,2980.0,3080.0,2980.0,3080.0,72000
2015-07-16,3030.0,3050.0,2960.0,2980.0,119600
2015-07-17,3000.0,3000.0,2960.0,2990.0,31400
2015-07-21,3040.0,3040.0,2980.0,2990.0,44500
2015-07-22,2960.0,2980.0,2950.0,2950.0,32300
2015-07-23,2970.0,2980.0,2910.0,2920.0,45100
2015-07-24,2890.0,2970.0,2890.0,2960.0,61800
2015-07-27,2920.0,2940.0,2880.0,2920.0,56900
2015-07-28,2850.0,2920.0,2850.0,2890.0,54300
2015-07-29,2890.0,2890.0,2830.0,2840.0,61200
2015-07-30,2860.0,2930.0,2860.0,2890.0,63200
2015-07-31,2890.0,2930.0,2860.0,2920.0,77600
2015-08-03,2920.0,2970.0,2910.0,2950.0,57100
2015-08-04,3000.0,3030.0,2950.0,2990.0,108500
2015-08-05,3010.0,3010.0,2950.0,2950.0,78000
2015-08-06,2950.0,3020.0,2940.0,2990.0,83200
2015-08-07,2970.0,3000.0,2950.0,2980.0,74500
2015-08-10,2990.0,3020.0,2960.0,3010.0,57500
2015-08-11,3030.0,3140.0,3010.0,3120.0,136500
2015-08-12,3090.0,3120.0,3030.0,3050.0,96300
2015-08-13,3030.0,3080.0,3000.0,3010.0,63600
2015-08-14,2990.0,3000.0,2960.0,2960.0,58500
2015-08-17,2980.0,2990.0,2920.0,2940.0,62400
2015-08-18,2970.0,2990.0,2950.0,2970.0,37300
2015-08-19,2940.0,2960.0,2910.0,2940.0,49200
2015-08-20,2940.0,2940.0,2870.0,2880.0,49400
2015-08-21,2800.0,2840.0,2740.0,2760.0,64200
2015-08-24,2680.0,2720.0,2550.0,2570.0,83800
2015-08-25,2500.0,2580.0,2390.0,2440.0,76100
2015-08-26,2500.0,2530.0,2410.0,2530.0,90900
2015-08-27,2570.0,2640.0,2520.0,2520.0,64000
2015-08-28,2590.0,2690.0,2590.0,2680.0,66400
2015-08-31,2680.0,2690.0,2630.0,2670.0,47800
2015-09-01,2670.0,2670.0,2530.0,2540.0,68600
2015-09-02,2460.0,2550.0,2460.0,2480.0,57800
2015-09-03,2530.0,2560.0,2490.0,2490.0,24500
2015-09-04,2500.0,2530.0,2410.0,2460.0,44300
2015-09-07,2460.0,2500.0,2410.0,2470.0,43600
2015-09-08,2450.0,2520.0,2430.0,2430.0,55400
2015-09-09,2520.0,2580.0,2520.0,2570.0,52300
2015-09-10,2500.0,2590.0,2490.0,2570.0,51500
2015-09-11,2530.0,2580.0,2500.0,2530.0,69600
2015-09-14,2600.0,2600.0,2490.0,2510.0,39400
2015-09-15,2550.0,2580.0,2530.0,2550.0,68700
2015-09-16,2600.0,2670.0,2580.0,2640.0,56500
2015-09-17,2690.0,2730.0,2650.0,2680.0,36700
2015-09-18,2700.0,2700.0,2580.0,2580.0,61100
2015-09-24,2540.0,2570.0,2500.0,2520.0,54000
2015-09-25,2520.0,2590.0,2510.0,2570.0,67400
2015-09-28,2590.0,2590.0,2420.0,2450.0,92300
2015-09-29,2420.0,2440.0,2370.0,2400.0,68500
2015-09-30,2440.0,2480.0,2420.0,2460.0,44400
2015-10-01,2470.0,2550.0,2460.0,2510.0,41600
2015-10-02,2490.0,2530.0,2450.0,2460.0,35100
2015-10-05,2480.0,2550.0,2480.0,2510.0,23700
2015-10-06,2550.0,2570.0,2530.0,2550.0,38400
2015-10-07,2550.0,2680.0,2550.0,2660.0,59200
2015-10-08,2660.0,2700.0,2630.0,2650.0,35400
2015-10-09,2680.0,2750.0,2680.0,2740.0,54800
2015-10-13,2750.0,2790.0,2720.0,2730.0,33200
2015-10-14,2710.0,2720.0,2640.0,2660.0,41800
2015-10-15,2600.0,2700.0,2600.0,2680.0,28700
2015-10-16,2700.0,2750.0,2680.0,2720.0,45700
2015-10-19,2700.0,2700.0,2630.0,2650.0,38400
2015-10-20,2670.0,2670.0,2610.0,2650.0,20800
2015-10-21,2660.0,2760.0,2650.0,2750.0,44400
2015-10-22,2710.0,2760.0,2690.0,2730.0,30400
2015-10-23,2780.0,2820.0,2750.0,2800.0,50200
2015-10-26,2840.0,2840.0,2780.0,2780.0,24600
2015-10-27,2780.0,2780.0,2690.0,2700.0,41100
2015-10-28,2740.0,2760.0,2690.0,2720.0,29200
2015-10-29,2710.0,2730.0,2670.0,2720.0,32300
2015-10-30,2740.0,2770.0,2710.0,2740.0,44600
2015-11-02,2750.0,2760.0,2720.0,2730.0,64200
2015-11-04,2780.0,2820.0,2760.0,2800.0,75200
2015-11-05,2830.0,2940.0,2800.0,2840.0,124300
2015-11-06,2750.0,2800.0,2620.0,2730.0,169700
2015-11-09,2730.0,2770.0,2710.0,2730.0,71300
2015-11-10,2710.0,2760.0,2710.0,2750.0,37500
2015-11-11,2770.0,2780.0,2750.0,2770.0,28800
2015-11-12,2770.0,2800.0,2760.0,2790.0,45000
2015-11-13,2760.0,2830.0,2750.0,2820.0,49100
2015-11-16,2770.0,2820.0,2770.0,2820.0,42500
2015-11-17,2850.0,2880.0,2850.0,2880.0,41300
2015-11-18,2890.0,2890.0,2830.0,2850.0,32100
2015-11-19,2870.0,2920.0,2870.0,2910.0,35400
2015-11-20,2930.0,2940.0,2870.0,2920.0,50500
2015-11-24,2920.0,2970.0,2890.0,2950.0,33000
2015-11-25,2970.0,2980.0,2930.0,2950.0,51400
2015-11-26,2960.0,2970.0,2940.0,2950.0,38900
2015-11-27,2930.0,2970.0,2930.0,2950.0,22700
2015-11-30,2930.0,2950.0,2880.0,2940.0,49500
2015-12-01,2950.0,2990.0,2940.0,2980.0,31500
2015-12-02,2960.0,2970.0,2910.0,2940.0,41700
2015-12-03,2900.0,2930.0,2890.0,2930.0,21800
2015-12-04,2850.0,2880.0,2810.0,2860.0,64800
2015-12-07,2880.0,2900.0,2850.0,2860.0,35800
2015-12-08,2840.0,2870.0,2790.0,2790.0,44200
2015-12-09,2790.0,2790.0,2700.0,2710.0,70300
2015-12-10,2680.0,2700.0,2670.0,2680.0,100700
2015-12-11,2750.0,2840.0,2730.0,2820.0,172300
2015-12-14,2740.0,2800.0,2710.0,2780.0,64700
2015-12-15,2760.0,2780.0,2700.0,2710.0,54500
2015-12-16,2710.0,2740.0,2700.0,2720.0,50100
2015-12-17,2730.0,2770.0,2710.0,2720.0,60300
2015-12-18,2710.0,2760.0,2680.0,2690.0,83000
2015-12-21,2700.0,2720.0,2680.0,2710.0,45400
2015-12-22,2690.0,2730.0,2680.0,2690.0,38200
2015-12-24,2720.0,2780.0,2680.0,2690.0,38700
2015-12-25,2690.0,2690.0,2690.0,2690.0,0
2015-12-28,2680.0,2760.0,2650.0,2750.0,25900
2015-12-29,2740.0,2750.0,2680.0,2720.0,25300
2015-12-30,2740.0,2750.0,2700.0,2720.0,29300
2016-01-04,2720.0,2730.0,2620.0,2630.0,29700
2016-01-05,2620.0,2650.0,2560.0,2560.0,42100
2016-01-06,2560.0,2590.0,2500.0,2530.0,54500
2016-01-07,2510.0,2540.0,2470.0,2470.0,62000
2016-01-08,2440.0,2520.0,2430.0,2430.0,70300
2016-01-12,2350.0,2370.0,2300.0,2310.0,65300
2016-01-13,2360.0,2410.0,2340.0,2390.0,25600
2016-01-14,2330.0,2350.0,2280.0,2320.0,38600
2016-01-15,2370.0,2370.0,2300.0,2310.0,16600
2016-01-18,2230.0,2300.0,2230.0,2270.0,20500
2016-01-19,2290.0,2330.0,2250.0,2270.0,28000
2016-01-20,2280.0,2280.0,2160.0,2160.0,41600
2016-01-21,2170.0,2220.0,2110.0,2120.0,49200
2016-01-22,2160.0,2250.0,2140.0,2230.0,59700
2016-01-25,2300.0,2300.0,2230.0,2270.0,27000
2016-01-26,2220.0,2250.0,2190.0,2190.0,16600
2016-01-27,2250.0,2290.0,2230.0,2280.0,28000
2016-01-28,2250.0,2280.0,2240.0,2240.0,42600
2016-01-29,2260.0,2370.0,2230.0,2370.0,41700
2016-02-01,2400.0,2430.0,2370.0,2420.0,43600
2016-02-02,2380.0,2380.0,2330.0,2370.0,43700
2016-02-03,2310.0,2310.0,2250.0,2260.0,27800
2016-02-04,2220.0,2390.0,2220.0,2350.0,55200
2016-02-05,2340.0,2410.0,2220.0,2250.0,85000
2016-02-08,2210.0,2350.0,2200.0,2340.0,62700
2016-02-09,2180.0,2240.0,2160.0,2160.0,49600
2016-02-10,2190.0,2220.0,2070.0,2130.0,60100
2016-02-12,2030.0,2080.0,1990.0,2010.0,57200
2016-02-15,2090.0,2180.0,2090.0,2140.0,30800
2016-02-16,2120.0,2220.0,2110.0,2160.0,37700
2016-02-17,2160.0,2190.0,2060.0,2090.0,42200
2016-02-18,2170.0,2230.0,2150.0,2210.0,60600
2016-02-19,2190.0,2190.0,2120.0,2160.0,48300
2016-02-22,2140.0,2170.0,2130.0,2140.0,29000
2016-02-23,2140.0,2140.0,2080.0,2090.0,71200
2016-02-24,2080.0,2140.0,2050.0,2120.0,58200
2016-02-25,2100.0,2140.0,2100.0,2120.0,45700
2016-02-26,2130.0,2170.0,2130.0,2150.0,29300
2016-02-29,2210.0,2260.0,2180.0,2180.0,40100
2016-03-01,2200.0,2220.0,2140.0,2190.0,46900
2016-03-02,2230.0,2290.0,2230.0,2260.0,51900
2016-03-03,2250.0,2300.0,2240.0,2290.0,16800
2016-03-04,2260.0,2370.0,2260.0,2320.0,63600
2016-03-07,2330.0,2350.0,2240.0,2260.0,51600
2016-03-08,2240.0,2240.0,2140.0,2180.0,56300
2016-03-09,2160.0,2180.0,2120.0,2150.0,42000
2016-03-10,2190.0,2240.0,2180.0,2220.0,70300
2016-03-11,2230.0,2330.0,2220.0,2330.0,83900
2016-03-14,2340.0,2380.0,2310.0,2370.0,44900
2016-03-15,2360.0,2380.0,2340.0,2370.0,52300
2016-03-16,2340.0,2390.0,2340.0,2370.0,34900
2016-03-17,2390.0,2430.0,2350.0,2370.0,51500
2016-03-18,2400.0,2410.0,2360.0,2390.0,53400
2016-03-22,2420.0,2450.0,2380.0,2450.0,36200
2016-03-23,2460.0,2470.0,2420.0,2470.0,31300
2016-03-24,2460.0,2460.0,2380.0,2420.0,49100
2016-03-25,2420.0,2420.0,2360.0,2370.0,75500
2016-03-28,2340.0,2390.0,2300.0,2370.0,85900
2016-03-29,2280.0,2320.0,2250.0,2280.0,116900
2016-03-30,2260.0,2270.0,2190.0,2210.0,73500
2016-03-31,2250.0,2260.0,2200.0,2220.0,82100
2016-04-01,2230.0,2240.0,2140.0,2150.0,49200
2016-04-04,2130.0,2180.0,2120.0,2140.0,27400
2016-04-05,2120.0,2120.0,2060.0,2060.0,31200
2016-04-06,2050.0,2060.0,2020.0,2050.0,28800
2016-04-07,2040.0,2050.0,2010.0,2020.0,59500
2016-04-08,1980.0,2140.0,1980.0,2100.0,57800
2016-04-11,2100.0,2110.0,2060.0,2100.0,17800
2016-04-12,2090.0,2160.0,2070.0,2130.0,24300
2016-04-13,2170.0,2180.0,2140.0,2160.0,36100
2016-04-14,2190.0,2250.0,2180.0,2250.0,62600
2016-04-15,2210.0,2230.0,2190.0,2190.0,37000
2016-04-18,2080.0,2130.0,2070.0,2090.0,66600
2016-04-19,2140.0,2150.0,2110.0,2130.0,42000
2016-04-20,2130.0,2170.0,2130.0,2140.0,53000
2016-04-21,2180.0,2210.0,2160.0,2210.0,48200
2016-04-22,2170.0,2280.0,2170.0,2280.0,49300
2016-04-25,2310.0,2320.0,2250.0,2270.0,64400
2016-04-26,2240.0,2250.0,2170.0,2210.0,47100
2016-04-27,2230.0,2230.0,2190.0,2220.0,26000
2016-04-28,2240.0,2270.0,2120.0,2130.0,71100
2016-05-02,2070.0,2100.0,2040.0,2060.0,47500
2016-05-06,2060.0,2070.0,2010.0,2040.0,39600
2016-05-09,2060.0,2070.0,2020.0,2050.0,22400
2016-05-10,2060.0,2090.0,1930.0,1950.0,114100
2016-05-11,2000.0,2010.0,1930.0,1960.0,152900
2016-05-12,1950.0,1970.0,1930.0,1960.0,99400
2016-05-13,1970.0,2010.0,1960.0,1980.0,62800
2016-05-16,1990.0,2020.0,1980.0,1990.0,63500
2016-05-17,2000.0,2020.0,1990.0,2020.0,36900
2016-05-18,2020.0,2090.0,1990.0,2090.0,63100
2016-05-19,2070.0,2110.0,2060.0,2100.0,84100
2016-05-20,2110.0,2130.0,2090.0,2120.0,53300
2016-05-23,2100.0,2160.0,2060.0,2160.0,47000
2016-05-24,2130.0,2150.0,2100.0,2110.0,30900
2016-05-25,2200.0,2200.0,2140.0,2160.0,59500
2016-05-26,2160.0,2180.0,2130.0,2140.0,33000
2016-05-27,2160.0,2160.0,2140.0,2160.0,18800
2016-05-30,2150.0,2190.0,2150.0,2180.0,26600
2016-05-31,2170.0,2190.0,2140.0,2180.0,87300
2016-06-01,2170.0,2240.0,2160.0,2220.0,58700
2016-06-02,2190.0,2200.0,2140.0,2150.0,60900
2016-06-03,2240.0,2250.0,2170.0,2230.0,101600
2016-06-06,2150.0,2230.0,2130.0,2210.0,51300
2016-06-07,2250.0,2320.0,2220.0,2240.0,60600
2016-06-08,2260.0,2260.0,2200.0,2250.0,51200
2016-06-09,2230.0,2250.0,2210.0,2210.0,20500
2016-06-10,2210.0,2220.0,2160.0,2180.0,56000
2016-06-13,2130.0,2160.0,2110.0,2130.0,56400
2016-06-14,2110.0,2160.0,2090.0,2120.0,37200
2016-06-15,2090.0,2140.0,2090.0,2110.0,35700
2016-06-16,2100.0,2100.0,2000.0,2010.0,39400
2016-06-17,2030.0,2110.0,2030.0,2090.0,59800
2016-06-20,2120.0,2190.0,2120.0,2160.0,33200
2016-06-21,2170.0,2180.0,2130.0,2180.0,40300
2016-06-22,2160.0,2190.0,2140.0,2180.0,37900
2016-06-23,2160.0,2250.0,2150.0,2240.0,40800
2016-06-24,2270.0,2270.0,2040.0,2090.0,67700
2016-06-27,2110.0,2130.0,2060.0,2080.0,33200
2016-06-28,2050.0,2090.0,2000.0,2060.0,36400
2016-06-29,2060.0,2140.0,2040.0,2130.0,55600
2016-06-30,2190.0,2190.0,2090.0,2090.0,40300
2016-07-01,2140.0,2140.0,2070.0,2090.0,27500
2016-07-04,2060.0,2100.0,2060.0,2090.0,22800
2016-07-05,2150.0,2150.0,2080.0,2100.0,30900
2016-07-06,2060.0,2060.0,2000.0,2030.0,35000
2016-07-07,2010.0,2070.0,2010.0,2030.0,24000
2016-07-08,2030.0,2050.0,2000.0,2000.0,23800
2016-07-11,2000.0,2000.0,2000.0,2000.0,0
2016-07-12,2140.0,2200.0,2140.0,2160.0,37800
2016-07-13,2220.0,2240.0,2170.0,2190.0,49400
2016-07-14,2180.0,2220.0,2170.0,2200.0,22800
2016-07-15,2220.0,2250.0,2180.0,2210.0,79500
2016-07-19,2220.0,2250.0,2190.0,2230.0,37700
2016-07-20,2210.0,2220.0,2170.0,2210.0,38900
2016-07-21,2250.0,2260.0,2210.0,2240.0,35000
2016-07-22,2190.0,2240.0,2190.0,2210.0,16900
2016-07-25,2260.0,2300.0,2200.0,2300.0,69200
2016-07-26,2250.0,2280.0,2230.0,2240.0,32400
2016-07-27,2280.0,2320.0,2270.0,2310.0,40400
2016-07-28,2290.0,2300.0,2250.0,2270.0,31200
2016-07-29,2250.0,2310.0,2220.0,2300.0,51300
2016-08-01,2240.0,2270.0,2220.0,2250.0,33900
2016-08-02,2210.0,2230.0,2170.0,2190.0,45500
2016-08-03,2150.0,2150.0,2010.0,2010.0,79000
2016-08-04,2050.0,2080.0,1990.0,2020.0,88500
2016-08-05,2020.0,2040.0,2000.0,2000.0,27600
2016-08-08,2020.0,2040.0,2010.0,2040.0,36400
2016-08-09,2030.0,2050.0,2020.0,2040.0,23400
2016-08-10,2030.0,2040.0,2010.0,2020.0,31700
2016-08-12,2030.0,2050.0,2010.0,2030.0,42000
2016-08-15,2020.0,2040.0,2000.0,2000.0,23800
2016-08-16,2010.0,2060.0,2000.0,2000.0,33500
2016-08-17,2000.0,2070.0,2000.0,2070.0,34200
2016-08-18,2040.0,2080.0,2020.0,2080.0,56400
2016-08-19,2100.0,2130.0,2100.0,2100.0,38600
2016-08-22,2120.0,2120.0,2060.0,2060.0,18800
2016-08-23,2060.0,2060.0,2020.0,2020.0,15200
2016-08-24,2040.0,2060.0,2020.0,2040.0,24700
2016-08-25,2040.0,2040.0,2030.0,2040.0,14500
2016-08-26,2040.0,2040.0,2010.0,2010.0,18800
2016-08-29,2040.0,2070.0,2040.0,2060.0,17900
2016-08-30,2040.0,2090.0,2040.0,2080.0,20000
2016-08-31,2100.0,2100.0,2080.0,2100.0,22600
2016-09-01,2110.0,2110.0,2090.0,2100.0,10300
2016-09-02,2100.0,2100.0,2060.0,2070.0,14100
2016-09-05,2100.0,2120.0,2090.0,2100.0,17400
2016-09-06,2100.0,2140.0,2090.0,2130.0,23800
2016-09-07,2110.0,2140.0,2100.0,2130.0,22800
2016-09-08,2140.0,2170.0,2130.0,2170.0,30000
2016-09-09,2190.0,2220.0,2170.0,2200.0,29700
2016-09-12,2150.0,2150.0,2100.0,2120.0,15700
2016-09-13,2150.0,2150.0,2100.0,2120.0,15500
2016-09-14,2090.0,2100.0,2080.0,2090.0,19400
2016-09-15,2080.0,2100.0,2070.0,2070.0,41300
2016-09-16,2070.0,2100.0,2050.0,2060.0,30900
2016-09-20,2050.0,2090.0,2050.0,2090.0,20900
2016-09-21,2100.0,2130.0,2070.0,2120.0,31300
2016-09-23,2100.0,2130.0,2090.0,2130.0,28100
2016-09-26,2140.0,2140.0,2100.0,2110.0,16000
2016-09-27,2100.0,2150.0,2080.0,2140.0,29000
2016-09-28,2178.0,2178.0,2086.0,2148.0,33400
2016-09-29,2150.0,2153.0,2105.0,2123.0,34400
2016-09-30,2073.0,2081.0,2050.0,2072.0,58200
2016-10-03,2071.0,2123.0,2067.0,2089.0,28100
2016-10-04,2098.0,2194.0,2098.0,2184.0,49000
2016-10-05,2199.0,2256.0,2190.0,2229.0,54700
2016-10-06,2240.0,2264.0,2234.0,2238.0,28700
2016-10-07,2237.0,2248.0,2176.0,2183.0,42100
2016-10-11,2186.0,2219.0,2186.0,2219.0,14900
2016-10-12,2208.0,2247.0,2200.0,2223.0,26000
2016-10-13,2237.0,2248.0,2202.0,2214.0,60400
2016-10-14,2177.0,2212.0,2161.0,2177.0,31700
2016-10-17,2175.0,2197.0,2167.0,2186.0,20800
2016-10-18,2189.0,2220.0,2173.0,2218.0,29300
2016-10-19,2225.0,2262.0,2213.0,2257.0,29100
2016-10-20,2257.0,2281.0,2252.0,2281.0,37100
2016-10-21,2280.0,2280.0,2234.0,2251.0,25600
2016-10-24,2266.0,2273.0,2241.0,2267.0,44400
2016-10-25,2272.0,2303.0,2272.0,2299.0,36000
2016-10-26,2288.0,2308.0,2288.0,2301.0,28300
2016-10-27,2310.0,2382.0,2309.0,2366.0,51500
2016-10-28,2376.0,2441.0,2372.0,2428.0,61900
2016-10-31,2414.0,2454.0,2386.0,2438.0,47200
2016-11-01,2439.0,2445.0,2408.0,2420.0,39200
2016-11-02,2402.0,2402.0,2358.0,2365.0,35000
2016-11-04,2368.0,2380.0,2311.0,2363.0,56200
2016-11-07,2433.0,2530.0,2433.0,2508.0,70800
2016-11-08,2518.0,2532.0,2492.0,2499.0,39300
2016-11-09,2515.0,2534.0,2319.0,2340.0,49100
2016-11-10,2527.0,2527.0,2448.0,2472.0,70600
2016-11-11,2500.0,2518.0,2481.0,2497.0,73900
2016-11-14,2520.0,2609.0,2520.0,2580.0,40200
2016-11-15,2557.0,2599.0,2557.0,2587.0,53000
2016-11-16,2622.0,2670.0,2622.0,2665.0,52300
2016-11-17,2665.0,2733.0,2660.0,2686.0,58600
2016-11-18,2717.0,2780.0,2717.0,2772.0,56500
2016-11-21,2799.0,2825.0,2747.0,2778.0,46200
2016-11-22,2803.0,2846.0,2785.0,2836.0,55600
2016-11-24,2836.0,2863.0,2825.0,2858.0,34600
2016-11-25,2870.0,2881.0,2818.0,2846.0,47100
2016-11-28,2829.0,2865.0,2800.0,2853.0,36400
2016-11-29,2818.0,2820.0,2765.0,2788.0,59200
2016-11-30,2780.0,2898.0,2770.0,2884.0,89400
2016-12-01,2880.0,2933.0,2850.0,2861.0,41600
2016-12-02,2846.0,2893.0,2824.0,2872.0,42400
2016-12-05,2860.0,2877.0,2840.0,2867.0,23600
2016-12-06,2885.0,2944.0,2875.0,2876.0,69300
2016-12-07,2870.0,2877.0,2801.0,2872.0,89300
2016-12-08,2882.0,2922.0,2845.0,2878.0,91700
2016-12-09,2907.0,2981.0,2880.0,2981.0,82000
2016-12-12,3000.0,3055.0,2850.0,2956.0,77000
2016-12-13,2911.0,2984.0,2902.0,2975.0,38100
2016-12-14,3005.0,3045.0,2966.0,2982.0,68300
2016-12-15,2983.0,3015.0,2948.0,2978.0,105900
2016-12-16,3000.0,3045.0,2986.0,3020.0,86400
2016-12-19,3000.0,3030.0,2994.0,3025.0,59400
2016-12-20,3045.0,3045.0,3025.0,3040.0,60300
2016-12-21,3020.0,3025.0,2954.0,2962.0,69500
2016-12-22,2962.0,2981.0,2920.0,2975.0,51600
2016-12-26,2982.0,2982.0,2886.0,2889.0,25800
2016-12-27,2898.0,2915.0,2874.0,2881.0,26300
2016-12-28,2886.0,2912.0,2861.0,2900.0,25600
2016-12-29,2900.0,2914.0,2876.0,2907.0,41900
2016-12-30,2906.0,3035.0,2906.0,3015.0,80900
2017-01-04,3045.0,3150.0,3045.0,3140.0,118100
2017-01-05,3150.0,3220.0,3125.0,3170.0,80000
2017-01-06,3170.0,3245.0,3140.0,3155.0,119900
2017-01-10,3195.0,3195.0,3095.0,3115.0,88500
2017-01-11,3135.0,3205.0,3135.0,3205.0,64000
2017-01-12,3205.0,3245.0,3160.0,3185.0,58900
2017-01-13,3175.0,3195.0,3150.0,3175.0,48500
2017-01-16,3145.0,3165.0,3115.0,3135.0,25100
2017-01-17,3140.0,3140.0,3090.0,3090.0,37100
2017-01-18,3070.0,3115.0,3055.0,3105.0,45300
2017-01-19,3150.0,3185.0,3140.0,3170.0,46000
2017-01-20,3175.0,3195.0,3150.0,3175.0,57200
2017-01-23,3155.0,3200.0,3125.0,3180.0,37100
2017-01-24,3160.0,3175.0,3130.0,3165.0,44700
2017-01-25,3185.0,3195.0,3160.0,3180.0,58400
2017-01-26,3200.0,3225.0,3175.0,3210.0,48500
2017-01-27,3235.0,3240.0,3190.0,3230.0,53600
2017-01-30,3175.0,3190.0,3170.0,3175.0,59800
2017-01-31,3135.0,3195.0,3135.0,3160.0,58300
2017-02-01,3160.0,3210.0,3145.0,3195.0,78300
2017-02-02,3180.0,3205.0,3165.0,3175.0,59300
2017-02-03,3160.0,3200.0,3150.0,3165.0,39900
2017-02-06,3235.0,3390.0,3230.0,3380.0,194900
2017-02-07,3370.0,3370.0,3260.0,3265.0,69600
2017-02-08,3250.0,3290.0,3210.0,3270.0,67000
2017-02-09,3225.0,3245.0,3120.0,3125.0,92100
2017-02-10,3195.0,3280.0,3175.0,3255.0,58300
2017-02-13,3300.0,3310.0,3250.0,3290.0,45800
2017-02-14,3300.0,3345.0,3270.0,3290.0,49700
2017-02-15,3330.0,3350.0,3315.0,3320.0,35400
2017-02-16,3320.0,3325.0,3285.0,3315.0,23300
2017-02-17,3300.0,3315.0,3280.0,3300.0,25300
2017-02-20,3285.0,3295.0,3245.0,3255.0,28400
2017-02-21,3240.0,3245.0,3200.0,3240.0,39700
2017-02-22,3260.0,3280.0,3245.0,3280.0,54200
2017-02-23,3255.0,3255.0,3175.0,3200.0,42500
2017-02-24,3180.0,3200.0,3160.0,3185.0,38600
2017-02-27,3140.0,3140.0,3075.0,3115.0,45200
2017-02-28,3115.0,3190.0,3105.0,3155.0,68100
2017-03-01,3135.0,3165.0,3080.0,3150.0,94100
2017-03-02,3200.0,3230.0,3175.0,3215.0,80900
2017-03-03,3175.0,3205.0,3175.0,3195.0,42600
2017-03-06,3195.0,3225.0,3165.0,3185.0,41700
2017-03-07,3185.0,3185.0,3160.0,3165.0,28000
2017-03-08,3165.0,3165.0,3105.0,3120.0,79100
2017-03-09,3190.0,3190.0,3120.0,3180.0,33900
2017-03-10,3210.0,3210.0,3170.0,3185.0,48500
2017-03-13,3180.0,3180.0,3105.0,3130.0,77500
2017-03-14,3120.0,3135.0,3100.0,3100.0,43000
2017-03-15,3080.0,3090.0,3060.0,3080.0,33500
2017-03-16,3055.0,3110.0,3040.0,3100.0,56000
2017-03-17,3070.0,3100.0,3060.0,3100.0,59800
2017-03-21,3075.0,3100.0,3070.0,3080.0,37000
2017-03-22,3020.0,3030.0,2992.0,2995.0,55900
2017-03-23,2971.0,2974.0,2941.0,2967.0,39100
2017-03-24,2954.0,3015.0,2940.0,2994.0,36600
2017-03-27,2965.0,2984.0,2952.0,2960.0,31500
2017-03-28,2989.0,3030.0,2981.0,3030.0,44800
2017-03-29,3000.0,3005.0,2970.0,2998.0,36300
2017-03-30,2983.0,3010.0,2970.0,2986.0,43800
2017-03-31,3005.0,3045.0,2958.0,2958.0,75600
2017-04-03,2969.0,2990.0,2927.0,2947.0,44200
2017-04-04,2938.0,2948.0,2891.0,2908.0,53600
2017-04-05,2909.0,2929.0,2871.0,2900.0,40200
2017-04-06,2876.0,2900.0,2829.0,2835.0,65000
2017-04-07,2840.0,2874.0,2828.0,2843.0,44800
2017-04-10,2857.0,2886.0,2854.0,2871.0,32800
2017-04-11,2872.0,2885.0,2851.0,2864.0,44600
2017-04-12,2831.0,2832.0,2806.0,2829.0,33800
2017-04-13,2800.0,2834.0,2748.0,2770.0,36900
2017-04-14,2753.0,2786.0,2742.0,2758.0,22500
2017-04-17,2740.0,2755.0,2726.0,2750.0,29200
2017-04-18,2750.0,2796.0,2750.0,2765.0,28000
2017-04-19,2731.0,2769.0,2721.0,2763.0,45700
2017-04-20,2755.0,2789.0,2746.0,2750.0,39500
2017-04-21,2790.0,2800.0,2769.0,2792.0,49900
2017-04-24,2825.0,2846.0,2770.0,2773.0,46100
2017-04-25,2763.0,2829.0,2759.0,2820.0,39800
2017-04-26,2839.0,2931.0,2839.0,2931.0,41700
2017-04-27,2910.0,3050.0,2910.0,3040.0,99200
2017-04-28,3005.0,3035.0,2973.0,3035.0,62600
2017-05-01,3035.0,3045.0,3005.0,3030.0,36000
2017-05-02,3040.0,3080.0,3005.0,3070.0,48800
2017-05-08,3095.0,3120.0,3075.0,3105.0,48300
2017-05-09,3080.0,3105.0,3065.0,3095.0,37100
2017-05-10,3115.0,3135.0,3105.0,3120.0,41800
2017-05-11,3120.0,3145.0,3085.0,3145.0,32000
2017-05-12,3095.0,3100.0,2970.0,2991.0,94800
2017-05-15,3045.0,3045.0,2944.0,2999.0,92000
2017-05-16,2983.0,3030.0,2967.0,3015.0,38900
2017-05-17,2990.0,2990.0,2952.0,2958.0,42800
2017-05-18,2908.0,2920.0,2853.0,2857.0,62800
2017-05-19,2860.0,2890.0,2849.0,2873.0,31900
2017-05-22,2875.0,2898.0,2870.0,2885.0,38100
2017-05-23,2876.0,2885.0,2856.0,2863.0,51800
2017-05-24,2913.0,2913.0,2884.0,2895.0,27500
2017-05-25,2871.0,2921.0,2871.0,2913.0,38900
2017-05-26,2883.0,2887.0,2815.0,2815.0,37300
2017-05-29,2813.0,2814.0,2786.0,2786.0,19300
2017-05-30,2809.0,2846.0,2784.0,2840.0,28400
2017-05-31,2822.0,2945.0,2784.0,2921.0,98100
2017-06-01,2924.0,3035.0,2924.0,3020.0,113600
2017-06-02,3080.0,3200.0,3045.0,3200.0,127800
2017-06-05,3215.0,3285.0,3185.0,3260.0,157000
2017-06-06,3250.0,3255.0,3220.0,3235.0,77200
2017-06-07,3255.0,3280.0,3230.0,3245.0,70600
2017-06-08,3245.0,3270.0,3235.0,3235.0,48800
2017-06-09,3255.0,3320.0,3245.0,3285.0,68900
2017-06-12,3280.0,3295.0,3230.0,3275.0,43700
2017-06-13,3260.0,3295.0,3240.0,3245.0,40900
2017-06-14,3245.0,3265.0,3230.0,3230.0,25100
2017-06-15,3180.0,3200.0,3160.0,3160.0,50500
2017-06-16,3180.0,3225.0,3165.0,3205.0,107500
2017-06-19,3205.0,3205.0,3170.0,3180.0,39200
2017-06-20,3185.0,3290.0,3185.0,3275.0,74300
2017-06-21,3245.0,3315.0,3235.0,3290.0,65700
2017-06-22,3305.0,3335.0,3290.0,3320.0,44600
2017-06-23,3290.0,3310.0,3250.0,3255.0,47700
2017-06-26,3220.0,3270.0,3205.0,3215.0,40300
2017-06-27,3200.0,3265.0,3200.0,3255.0,19500
2017-06-28,3270.0,3315.0,3270.0,3280.0,30200
2017-06-29,3275.0,3350.0,3275.0,3350.0,44800
2017-06-30,3335.0,3355.0,3320.0,3345.0,38400
2017-07-03,3340.0,3395.0,3340.0,3350.0,42800
2017-07-04,3375.0,3380.0,3285.0,3315.0,54400
2017-07-05,3295.0,3365.0,3295.0,3330.0,41800
2017-07-06,3305.0,3395.0,3295.0,3380.0,50300
2017-07-07,3340.0,3380.0,3330.0,3335.0,28900
2017-07-10,3395.0,3420.0,3360.0,3375.0,37400
2017-07-11,3380.0,3415.0,3375.0,3385.0,38600
2017-07-12,3390.0,3405.0,3360.0,3370.0,33300
2017-07-13,3375.0,3410.0,3365.0,3395.0,38400
2017-07-14,3410.0,3415.0,3395.0,3410.0,35500
2017-07-17,3410.0,3410.0,3410.0,3410.0,0
2017-07-18,3395.0,3420.0,3375.0,3390.0,44300
2017-07-19,3400.0,3400.0,3320.0,3335.0,33800
2017-07-20,3330.0,3370.0,3320.0,3360.0,41900
2017-07-21,3355.0,3390.0,3340.0,3385.0,36100
2017-07-24,3345.0,3375.0,3305.0,3370.0,25400
2017-07-25,3370.0,3370.0,3315.0,3335.0,32200
2017-07-26,3375.0,3470.0,3370.0,3470.0,74300
2017-07-27,3455.0,3495.0,3405.0,3430.0,45600
2017-07-28,3400.0,3400.0,3355.0,3400.0,51800
2017-07-31,3365.0,3410.0,3330.0,3390.0,60600
2017-08-01,3385.0,3420.0,3350.0,3380.0,41900
2017-08-02,3390.0,3500.0,3390.0,3500.0,69700
2017-08-03,3520.0,3920.0,3495.0,3855.0,326600
2017-08-04,3855.0,3920.0,3815.0,3880.0,190900
2017-08-07,3900.0,3920.0,3855.0,3890.0,98000
2017-08-08,3855.0,3920.0,3845.0,3880.0,90200
2017-08-09,3880.0,3880.0,3720.0,3795.0,76300
2017-08-10,3770.0,3830.0,3770.0,3800.0,56000
2017-08-11,3800.0,3800.0,3800.0,3800.0,0
2017-08-14,3735.0,3805.0,3710.0,3715.0,63200
2017-08-15,3735.0,3775.0,3710.0,3715.0,44800
2017-08-16,3705.0,3730.0,3680.0,3680.0,27800
2017-08-17,3685.0,3725.0,3655.0,3705.0,51600
2017-08-18,3640.0,3650.0,3580.0,3610.0,85100
2017-08-21,3610.0,3645.0,3570.0,3585.0,76500
2017-08-22,3595.0,3655.0,3570.0,3645.0,41900
2017-08-23,3685.0,3720.0,3595.0,3595.0,33900
2017-08-24,3595.0,3660.0,3590.0,3640.0,36400
2017-08-25,3645.0,3675.0,3625.0,3660.0,34300
2017-08-28,3675.0,3695.0,3620.0,3685.0,41400
2017-08-29,3660.0,3790.0,3645.0,3785.0,95200
2017-08-30,3775.0,3780.0,3725.0,3765.0,46500
2017-08-31,3760.0,3775.0,3705.0,3725.0,61800
2017-09-01,3725.0,3725.0,3650.0,3715.0,55800
2017-09-04,3710.0,3715.0,3630.0,3640.0,43400
2017-09-05,3640.0,3660.0,3585.0,3615.0,37200
2017-09-06,3575.0,3655.0,3530.0,3645.0,57200
2017-09-07,3655.0,3685.0,3630.0,3675.0,68500
2017-09-08,3665.0,3725.0,3665.0,3695.0,43400
2017-09-11,3730.0,3730.0,3685.0,3700.0,32800
2017-09-12,3720.0,3725.0,3665.0,3690.0,43400
2017-09-13,3710.0,3720.0,3680.0,3690.0,35200
2017-09-14,3720.0,3720.0,3645.0,3655.0,32100
2017-09-15,3655.0,3685.0,3645.0,3665.0,47500
2017-09-18,3665.0,3665.0,3665.0,3665.0,0
2017-09-19,3725.0,3745.0,3705.0,3740.0,56900
2017-09-20,3775.0,3775.0,3735.0,3765.0,40500
2017-09-21,3740.0,3770.0,3685.0,3700.0,49900
2017-09-22,3740.0,3740.0,3640.0,3650.0,33300
2017-09-25,3635.0,3675.0,3630.0,3670.0,27500
2017-09-26,3675.0,3755.0,3665.0,3740.0,68600
2017-09-27,3720.0,3745.0,3705.0,3735.0,31900
2017-09-28,3735.0,3830.0,3715.0,3820.0,58500
2017-09-29,3825.0,3850.0,3745.0,3760.0,64400
2017-10-02,3750.0,3830.0,3730.0,3810.0,30600
2017-10-03,3840.0,3840.0,3765.0,3790.0,26400
2017-10-04,3820.0,3835.0,3785.0,3825.0,37400
2017-10-05,3805.0,3820.0,3765.0,3765.0,25900
2017-10-06,3775.0,3810.0,3760.0,3810.0,38000
2017-10-09,3810.0,3810.0,3810.0,3810.0,0
2017-10-10,3800.0,3825.0,3790.0,3805.0,28900
2017-10-11,3770.0,3800.0,3740.0,3755.0,23000
2017-10-12,3755.0,3755.0,3725.0,3730.0,20200
2017-10-13,3700.0,3700.0,3645.0,3695.0,40300
2017-10-16,3720.0,3730.0,3690.0,3725.0,41400
2017-10-17,3705.0,3735.0,3695.0,3720.0,31200
2017-10-18,3705.0,3720.0,3690.0,3715.0,29200
2017-10-19,3705.0,3720.0,3695.0,3720.0,29200
2017-10-20,3675.0,3705.0,3665.0,3670.0,33500
2017-10-23,3725.0,3760.0,3705.0,3760.0,32600
2017-10-24,3740.0,3785.0,3725.0,3780.0,24400
2017-10-25,3780.0,3810.0,3770.0,3805.0,57000
2017-10-26,3810.0,3930.0,3805.0,3895.0,95500
2017-10-27,3860.0,3880.0,3830.0,3855.0,57200
2017-10-30,3855.0,3910.0,3815.0,3890.0,106700
2017-10-31,3885.0,3885.0,3825.0,3855.0,61400
2017-11-01,3810.0,3825.0,3710.0,3715.0,113000
2017-11-02,3755.0,3855.0,3410.0,3470.0,285400
2017-11-03,3470.0,3470.0,3470.0,3470.0,0
2017-11-06,3610.0,3610.0,3435.0,3465.0,155700
2017-11-07,3420.0,3450.0,3365.0,3410.0,187100
2017-11-08,3415.0,3415.0,3345.0,3405.0,140600
2017-11-09,3440.0,3475.0,3400.0,3440.0,119700
2017-11-10,3380.0,3445.0,3370.0,3400.0,71300
2017-11-13,3380.0,3470.0,3360.0,3460.0,88800
2017-11-14,3425.0,3500.0,3410.0,3475.0,94900
2017-11-15,3460.0,3460.0,3305.0,3315.0,128200
2017-11-16,3300.0,3390.0,3300.0,3380.0,69900
2017-11-17,3410.0,3410.0,3320.0,3335.0,71400
2017-11-20,3310.0,3385.0,3310.0,3375.0,55600
2017-11-21,3395.0,3430.0,3385.0,3415.0,48800
2017-11-22,3415.0,3490.0,3410.0,3485.0,58800
2017-11-23,3485.0,3485.0,3485.0,3485.0,0
2017-11-24,3515.0,3515.0,3450.0,3455.0,46800
2017-11-27,3485.0,3485.0,3445.0,3465.0,41200
2017-11-28,3470.0,3525.0,3470.0,3510.0,78100
2017-11-29,3520.0,3525.0,3485.0,3495.0,54200
2017-11-30,3435.0,3450.0,3385.0,3405.0,125800
2017-12-01,3455.0,3540.0,3445.0,3510.0,88000
2017-12-04,3510.0,3510.0,3470.0,3470.0,53000
2017-12-05,3450.0,3530.0,3415.0,3510.0,67900
2017-12-06,3505.0,3505.0,3420.0,3435.0,63000
2017-12-07,3440.0,3470.0,3420.0,3430.0,47400
2017-12-08,3405.0,3440.0,3380.0,3425.0,61300
2017-12-11,3445.0,3455.0,3430.0,3450.0,28300
2017-12-12,3485.0,3500.0,3460.0,3470.0,38300
2017-12-13,3480.0,3480.0,3390.0,3395.0,45900
2017-12-14,3395.0,3450.0,3395.0,3450.0,38700
2017-12-15,3435.0,3445.0,3390.0,3395.0,48900
2017-12-18,3460.0,3460.0,3405.0,3430.0,30900
2017-12-19,3445.0,3445.0,3380.0,3380.0,27600
2017-12-20,3380.0,3455.0,3380.0,3445.0,39000
2017-12-21,3445.0,3450.0,3400.0,3445.0,30100
2017-12-22,3445.0,3515.0,3445.0,3515.0,36100
2017-12-25,3515.0,3515.0,3440.0,3450.0,22700
2017-12-26,3455.0,3480.0,3415.0,3430.0,24700
2017-12-27,3400.0,3435.0,3385.0,3430.0,28400
2017-12-28,3430.0,3495.0,3420.0,3460.0,44600
2017-12-29,3430.0,3485.0,3430.0,3475.0,28900
2018-01-01,3475.0,3475.0,3475.0,3475.0,0
2018-01-02,3475.0,3475.0,3475.0,3475.0,0
2018-01-03,3475.0,3475.0,3475.0,3475.0,0
2018-01-04,3475.0,3510.0,3465.0,3485.0,49700
2018-01-05,3500.0,3540.0,3495.0,3535.0,35500
2018-01-08,3535.0,3535.0,3535.0,3535.0,0
2018-01-09,3505.0,3525.0,3485.0,3525.0,33500
2018-01-10,3525.0,3530.0,3470.0,3480.0,46600
2018-01-11,3465.0,3475.0,3435.0,3475.0,57800
2018-01-12,3450.0,3480.0,3445.0,3450.0,30500
2018-01-15,3470.0,3470.0,3410.0,3410.0,26500
2018-01-16,3405.0,3430.0,3405.0,3415.0,41300
2018-01-17,3415.0,3430.0,3405.0,3410.0,47700
2018-01-18,3460.0,3460.0,3410.0,3410.0,59000
2018-01-19,3400.0,3425.0,3395.0,3420.0,25100
2018-01-22,3390.0,3430.0,3390.0,3425.0,49900
2018-01-23,3420.0,3475.0,3415.0,3470.0,47300
2018-01-24,3460.0,3490.0,3460.0,3480.0,30300
2018-01-25,3490.0,3495.0,3450.0,3450.0,34200
2018-01-26,3440.0,3475.0,3435.0,3465.0,41400
2018-01-29,3470.0,3575.0,3465.0,3560.0,77700
2018-01-30,3555.0,3565.0,3525.0,3560.0,58900
2018-01-31,3550.0,3570.0,3540.0,3545.0,61200
2018-02-01,3580.0,3655.0,3560.0,3650.0,63000
2018-02-02,3665.0,3710.0,3425.0,3575.0,168400
2018-02-05,3530.0,3625.0,3505.0,3620.0,89900
2018-02-06,3505.0,3540.0,3365.0,3420.0,120100
2018-02-07,3560.0,3580.0,3430.0,3430.0,58000
2018-02-08,3430.0,3450.0,3410.0,3430.0,63500
2018-02-09,3380.0,3385.0,3335.0,3370.0,55300
2018-02-12,3370.0,3370.0,3370.0,3370.0,0
2018-02-13,3385.0,3395.0,3240.0,3245.0,54100
2018-02-14,3240.0,3240.0,3100.0,3105.0,48000
2018-02-15,3105.0,3135.0,3065.0,3065.0,33500
2018-02-16,3065.0,3105.0,3065.0,3100.0,45200
2018-02-19,3110.0,3190.0,3110.0,3185.0,25600
2018-02-20,3190.0,3210.0,3155.0,3210.0,25900
2018-02-21,3205.0,3245.0,3205.0,3235.0,26200
2018-02-22,3210.0,3240.0,3155.0,3200.0,35200
2018-02-23,3180.0,3265.0,3175.0,3250.0,36400
2018-02-26,3250.0,3300.0,3245.0,3275.0,34100
2018-02-27,3320.0,3320.0,3290.0,3305.0,18900
2018-02-28,3315.0,3320.0,3275.0,3275.0,37100
2018-03-01,3255.0,3255.0,3175.0,3195.0,57600
2018-03-02,3100.0,3120.0,3030.0,3035.0,85200
2018-03-05,3035.0,3065.0,3000.0,3040.0,80600
2018-03-06,3080.0,3185.0,3075.0,3115.0,59500
2018-03-07,3090.0,3135.0,3060.0,3120.0,65900
2018-03-08,3140.0,3145.0,3070.0,3100.0,73200
2018-03-09,3170.0,3190.0,3130.0,3160.0,75100
2018-03-12,3210.0,3230.0,3180.0,3220.0,33700
2018-03-13,3230.0,3230.0,3165.0,3215.0,40100
2018-03-14,3215.0,3245.0,3195.0,3225.0,46500
2018-03-15,3215.0,3225.0,3130.0,3210.0,49200
2018-03-16,3210.0,3210.0,3135.0,3145.0,63300
2018-03-19,3145.0,3165.0,3115.0,3150.0,39700
2018-03-20,3130.0,3150.0,3120.0,3145.0,34000
2018-03-21,3145.0,3145.0,3145.0,3145.0,0
2018-03-22,3150.0,3165.0,3110.0,3145.0,73000
2018-03-23,3115.0,3120.0,3010.0,3035.0,82000
2018-03-26,3005.0,3050.0,2961.0,3040.0,72700
2018-03-27,3015.0,3125.0,3000.0,3110.0,71200
2018-03-28,3030.0,3040.0,3000.0,3040.0,56800
2018-03-29,3055.0,3065.0,2999.0,3045.0,56400
2018-03-30,3075.0,3125.0,3075.0,3100.0,46300
2018-04-02,3130.0,3140.0,3100.0,3105.0,21800
2018-04-03,3075.0,3075.0,3035.0,3060.0,31600
2018-04-04,3080.0,3095.0,3055.0,3085.0,60400
2018-04-05,3100.0,3100.0,3020.0,3050.0,44600
2018-04-06,3050.0,3085.0,3025.0,3060.0,40900
2018-04-09,3055.0,3080.0,3025.0,3060.0,44200
2018-04-10,3060.0,3130.0,3045.0,3115.0,39000
2018-04-11,3115.0,3175.0,3100.0,3135.0,36100
2018-04-12,3155.0,3155.0,3070.0,3085.0,33700
2018-04-13,3085.0,3160.0,3085.0,3150.0,42000
2018-04-16,3165.0,3185.0,3130.0,3180.0,29000
2018-04-17,3195.0,3195.0,3100.0,3130.0,43300
2018-04-18,3180.0,3225.0,3120.0,3195.0,55500
2018-04-19,3225.0,3300.0,3220.0,3260.0,52700
2018-04-20,3260.0,3265.0,3225.0,3230.0,29300
2018-04-23,3230.0,3255.0,3205.0,3215.0,20800
2018-04-24,3240.0,3245.0,3195.0,3235.0,19500
2018-04-25,3210.0,3250.0,3200.0,3250.0,22200
2018-04-26,3270.0,3275.0,3235.0,3245.0,32300
2018-04-27,3235.0,3245.0,3190.0,3245.0,38100
2018-04-30,3245.0,3245.0,3245.0,3245.0,0
2018-05-01,3250.0,3290.0,3235.0,3285.0,37900
2018-05-02,3290.0,3290.0,3250.0,3255.0,16000
2018-05-03,3255.0,3255.0,3255.0,3255.0,0
2018-05-04,3255.0,3255.0,3255.0,3255.0,0
2018-05-07,3270.0,3290.0,3235.0,3285.0,19400
2018-05-08,3300.0,3375.0,3290.0,3325.0,43700
2018-05-09,3300.0,3335.0,3270.0,3305.0,42900
2018-05-10,3295.0,3515.0,3295.0,3475.0,75500
2018-05-11,3440.0,3570.0,3440.0,3565.0,61600
2018-05-14,3580.0,3580.0,3505.0,3520.0,36900
2018-05-15,3540.0,3540.0,3495.0,3520.0,39100
2018-05-16,3505.0,3535.0,3470.0,3495.0,36800
2018-05-17,3520.0,3590.0,3510.0,3520.0,44400
2018-05-18,3540.0,3550.0,3495.0,3500.0,31100
2018-05-21,3510.0,3515.0,3475.0,3490.0,40600
2018-05-22,3490.0,3505.0,3430.0,3430.0,23700
2018-05-23,3400.0,3415.0,3365.0,3400.0,36800
2018-05-24,3420.0,3420.0,3305.0,3315.0,32900
2018-05-25,3275.0,3285.0,3230.0,3230.0,25300
2018-05-28,3240.0,3255.0,3215.0,3230.0,30700
2018-05-29,3230.0,3250.0,3165.0,3185.0,33300
2018-05-30,3140.0,3145.0,3095.0,3140.0,50000
2018-05-31,3175.0,3200.0,3085.0,3135.0,90300
2018-06-01,3130.0,3225.0,3105.0,3200.0,39900
2018-06-04,3250.0,3285.0,3225.0,3280.0,41400
2018-06-05,3265.0,3285.0,3230.0,3265.0,29700
2018-06-06,3260.0,3285.0,3235.0,3265.0,42100
2018-06-07,3310.0,3320.0,3230.0,3275.0,46900
2018-06-08,3275.0,3275.0,3200.0,3245.0,54400
2018-06-11,3250.0,3325.0,3245.0,3300.0,35000
2018-06-12,3305.0,3310.0,3270.0,3270.0,12300
2018-06-13,3270.0,3320.0,3260.0,3310.0,20200
2018-06-14,3285.0,3305.0,3255.0,3255.0,38600
2018-06-15,3255.0,3265.0,3200.0,3200.0,22200
2018-06-18,3180.0,3180.0,3115.0,3140.0,44200
2018-06-19,3105.0,3135.0,3055.0,3065.0,23400
2018-06-20,3075.0,3085.0,2995.0,3060.0,39800
2018-06-21,3060.0,3090.0,3000.0,3005.0,47300
2018-06-22,3000.0,3000.0,2950.0,2962.0,125100
2018-06-25,2963.0,2993.0,2946.0,2982.0,49700
2018-06-26,2932.0,2983.0,2914.0,2982.0,39000
2018-06-27,2932.0,3035.0,2932.0,3030.0,48600
2018-06-28,3015.0,3040.0,2992.0,3030.0,38500
2018-06-29,3045.0,3085.0,3010.0,3075.0,46700
2018-07-02,3075.0,3080.0,3025.0,3025.0,50900
2018-07-03,3025.0,3025.0,2932.0,2959.0,34000
2018-07-04,2934.0,2970.0,2929.0,2952.0,41200
2018-07-05,2951.0,2951.0,2887.0,2905.0,28100
2018-07-06,2905.0,2937.0,2904.0,2930.0,21800
2018-07-09,2932.0,2943.0,2890.0,2937.0,25700
2018-07-10,2964.0,3015.0,2963.0,2981.0,28300
2018-07-11,2940.0,2940.0,2850.0,2858.0,42500
2018-07-12,2858.0,2861.0,2834.0,2856.0,24200
2018-07-13,2898.0,2898.0,2846.0,2868.0,26000
2018-07-16,2868.0,2868.0,2868.0,2868.0,0
2018-07-17,2880.0,2898.0,2858.0,2867.0,49800
2018-07-18,2878.0,2919.0,2857.0,2904.0,46800
2018-07-19,2918.0,2982.0,2905.0,2974.0,22400
2018-07-20,2967.0,2967.0,2904.0,2927.0,29000
2018-07-23,2883.0,2943.0,2873.0,2920.0,25300
2018-07-24,2920.0,2944.0,2900.0,2929.0,21000
2018-07-25,2957.0,2992.0,2916.0,2937.0,25800
2018-07-26,2992.0,3005.0,2969.0,2999.0,18700
2018-07-27,2998.0,3040.0,2994.0,3035.0,27300
2018-07-30,3035.0,3090.0,3035.0,3080.0,30400
2018-07-31,3080.0,3100.0,3045.0,3060.0,41200
2018-08-01,3060.0,3165.0,3055.0,3140.0,54500
2018-08-02,3160.0,3170.0,3110.0,3140.0,45700
2018-08-03,3150.0,3455.0,3120.0,3390.0,140700
2018-08-06,3430.0,3465.0,3325.0,3355.0,85200
2018-08-07,3285.0,3315.0,3250.0,3265.0,32800
2018-08-08,3260.0,3370.0,3250.0,3315.0,38400
2018-08-09,3305.0,3305.0,3255.0,3275.0,14400
2018-08-10,3265.0,3270.0,3190.0,3235.0,45300
2018-08-13,3230.0,3230.0,3135.0,3155.0,26700
2018-08-14,3150.0,3200.0,3120.0,3180.0,20400
2018-08-15,3200.0,3210.0,3080.0,3090.0,37200
2018-08-16,3020.0,3030.0,2961.0,2998.0,68000
2018-08-17,2988.0,3090.0,2986.0,3080.0,33300
2018-08-20,3010.0,3040.0,2992.0,3010.0,22000
2018-08-21,2992.0,3005.0,2942.0,2963.0,29200
2018-08-22,2937.0,3035.0,2937.0,3020.0,23100
2018-08-23,3040.0,3050.0,2984.0,2997.0,19500
2018-08-24,3000.0,3010.0,2950.0,2965.0,22800
2018-08-27,2987.0,3025.0,2987.0,2996.0,19300
2018-08-28,3040.0,3065.0,2977.0,2997.0,29400
2018-08-29,2987.0,3055.0,2985.0,3020.0,17600
2018-08-30,3050.0,3065.0,3040.0,3065.0,31200
2018-08-31,3060.0,3060.0,2989.0,3015.0,39000
2018-09-03,3025.0,3025.0,2934.0,2943.0,27100
2018-09-04,2959.0,2959.0,2889.0,2893.0,60300
2018-09-05,2889.0,2929.0,2864.0,2891.0,54500
2018-09-06,2897.0,2897.0,2824.0,2840.0,96400
2018-09-07,2829.0,2834.0,2804.0,2822.0,36500
2018-09-10,2835.0,2868.0,2835.0,2856.0,21400
2018-09-11,2856.0,2879.0,2841.0,2878.0,32700
2018-09-12,2875.0,2875.0,2801.0,2839.0,38200
2018-09-13,2840.0,2933.0,2832.0,2921.0,38000
2018-09-14,2965.0,3030.0,2965.0,3020.0,58700
2018-09-17,3020.0,3020.0,3020.0,3020.0,0
2018-09-18,3010.0,3145.0,3005.0,3120.0,39200
2018-09-19,3165.0,3200.0,3145.0,3200.0,39400
2018-09-20,3185.0,3225.0,3135.0,3215.0,44100
2018-09-21,3225.0,3360.0,3215.0,3315.0,115400
2018-09-24,3315.0,3315.0,3315.0,3315.0,0
2018-09-25,3300.0,3350.0,3270.0,3350.0,62000
2018-09-26,3280.0,3320.0,3265.0,3315.0,39400
2018-09-27,3290.0,3330.0,3235.0,3300.0,52100
2018-09-28,3330.0,3440.0,3315.0,3345.0,83300
2018-10-01,3345.0,3400.0,3340.0,3365.0,45300
2018-10-02,3405.0,3425.0,3320.0,3345.0,38600
2018-10-03,3335.0,3355.0,3285.0,3315.0,34100
2018-10-04,3310.0,3390.0,3310.0,3375.0,35200
2018-10-05,3365.0,3365.0,3285.0,3310.0,23000
2018-10-08,3310.0,3310.0,3310.0,3310.0,0
2018-10-09,3280.0,3310.0,3250.0,3295.0,39500
2018-10-10,3300.0,3330.0,3260.0,3300.0,30800
2018-10-11,3140.0,3200.0,3135.0,3150.0,46200
2018-10-12,3115.0,3190.0,3115.0,3160.0,37600
2018-10-15,3135.0,3150.0,3080.0,3095.0,43200
2018-10-16,3080.0,3155.0,3080.0,3150.0,34500
2018-10-17,3175.0,3270.0,3175.0,3265.0,32900
2018-10-18,3240.0,3250.0,3180.0,3200.0,32000
2018-10-19,3150.0,3240.0,3145.0,3225.0,44800
2018-10-22,3165.0,3260.0,3165.0,3235.0,22600
2018-10-23,3190.0,3230.0,3185.0,3195.0,45700
2018-10-24,3200.0,3205.0,3095.0,3125.0,37900
2018-10-25,3035.0,3040.0,2978.0,2982.0,45000
2018-10-26,2979.0,2998.0,2912.0,2942.0,37400
2018-10-29,2948.0,3010.0,2940.0,2949.0,30600
2018-10-30,2890.0,3040.0,2889.0,2999.0,62000
2018-10-31,2990.0,3055.0,2989.0,3040.0,35100
2018-11-01,3015.0,3030.0,2981.0,2985.0,37700
2018-11-02,2995.0,3025.0,2753.0,2817.0,95100
2018-11-05,2763.0,2777.0,2631.0,2639.0,146900
2018-11-06,2636.0,2687.0,2612.0,2678.0,74600
2018-11-07,2678.0,2684.0,2625.0,2648.0,62400
2018-11-08,2687.0,2753.0,2667.0,2747.0,50500
2018-11-09,2733.0,2780.0,2709.0,2747.0,64300
2018-11-12,2713.0,2735.0,2675.0,2725.0,29800
2018-11-13,2681.0,2681.0,2630.0,2648.0,58200
2018-11-14,2666.0,2668.0,2623.0,2633.0,29000
2018-11-15,2637.0,2692.0,2634.0,2685.0,43200
2018-11-16,2712.0,2742.0,2675.0,2698.0,50300
2018-11-19,2697.0,2707.0,2654.0,2655.0,38800
2018-11-20,2638.0,2654.0,2623.0,2641.0,22800
2018-11-21,2612.0,2630.0,2582.0,2617.0,44200
2018-11-22,2600.0,2633.0,2584.0,2627.0,22000
2018-11-23,2627.0,2627.0,2627.0,2627.0,0
2018-11-26,2627.0,2632.0,2598.0,2622.0,20300
2018-11-27,2632.0,2645.0,2595.0,2600.0,39800
2018-11-28,2623.0,2623.0,2560.0,2572.0,42200
2018-11-29,2595.0,2619.0,2572.0,2617.0,41800
2018-11-30,2614.0,2679.0,2610.0,2678.0,38500
2018-12-03,2747.0,2922.0,2726.0,2900.0,151300
2018-12-04,2931.0,2949.0,2704.0,2704.0,70200
2018-12-05,2703.0,2704.0,2603.0,2633.0,75600
2018-12-06,2648.0,2648.0,2588.0,2619.0,56500
2018-12-07,2628.0,2628.0,2560.0,2589.0,42400
2018-12-10,2579.0,2590.0,2531.0,2531.0,30200
2018-12-11,2532.0,2532.0,2350.0,2363.0,59800
2018-12-12,2405.0,2490.0,2393.0,2448.0,44800
2018-12-13,2474.0,2500.0,2458.0,2483.0,49200
2018-12-14,2503.0,2503.0,2424.0,2440.0,49800
2018-12-17,2420.0,2451.0,2390.0,2401.0,42600
2018-12-18,2390.0,2390.0,2332.0,2363.0,50500
2018-12-19,2360.0,2405.0,2330.0,2379.0,33100
2018-12-20,2360.0,2366.0,2282.0,2284.0,36200
2018-12-21,2284.0,2285.0,2196.0,2240.0,105500
2018-12-24,2240.0,2240.0,2240.0,2240.0,0
2018-12-25,2156.0,2166.0,2077.0,2107.0,34200
2018-12-26,2107.0,2170.0,2103.0,2137.0,47100
2018-12-27,2237.0,2276.0,2217.0,2251.0,53700
2018-12-28,2237.0,2275.0,2211.0,2251.0,36400
2018-12-31,2251.0,2251.0,2251.0,2251.0,0
2019-01-04,2168.0,2220.0,2130.0,2200.0,61400
2019-01-07,2273.0,2329.0,2273.0,2284.0,42400
2019-01-08,2296.0,2328.0,2268.0,2299.0,39400
2019-01-09,2312.0,2351.0,2264.0,2283.0,61900
2019-01-10,2263.0,2332.0,2250.0,2308.0,46200
2019-01-11,2323.0,2330.0,2282.0,2291.0,28100
2019-01-15,2285.0,2376.0,2282.0,2368.0,35900
2019-01-16,2362.0,2362.0,2293.0,2298.0,48400
2019-01-17,2333.0,2352.0,2307.0,2345.0,31000
2019-01-18,2350.0,2383.0,2343.0,2345.0,25900
2019-01-21,2364.0,2399.0,2363.0,2389.0,29800
2019-01-22,2399.0,2400.0,2353.0,2393.0,24100
2019-01-23,2352.0,2381.0,2330.0,2337.0,30000
2019-01-24,2320.0,2380.0,2320.0,2370.0,22300
2019-01-25,2379.0,2430.0,2370.0,2373.0,27500
2019-01-28,2384.0,2398.0,2332.0,2332.0,33400
2019-01-29,2322.0,2374.0,2320.0,2368.0,30600
2019-01-30,2370.0,2401.0,2329.0,2329.0,50500
2019-01-31,2373.0,2420.0,2330.0,2333.0,46200
2019-02-01,2342.0,2367.0,2274.0,2300.0,60600
2019-02-04,2300.0,2435.0,2300.0,2435.0,73100
2019-02-05,2454.0,2472.0,2410.0,2430.0,27200
2019-02-06,2461.0,2461.0,2417.0,2435.0,49800
2019-02-07,2417.0,2417.0,2360.0,2378.0,20800
2019-02-08,2356.0,2356.0,2291.0,2310.0,33500
2019-02-12,2311.0,2371.0,2311.0,2368.0,30500
2019-02-13,2373.0,2391.0,2336.0,2381.0,26600
2019-02-14,2397.0,2399.0,2359.0,2386.0,26800
2019-02-15,2373.0,2377.0,2330.0,2374.0,17300
2019-02-18,2417.0,2437.0,2377.0,2398.0,51500
2019-02-19,2398.0,2400.0,2367.0,2382.0,25300
2019-02-20,2373.0,2404.0,2356.0,2373.0,44000
2019-02-21,2389.0,2390.0,2360.0,2377.0,31300
2019-02-22,2370.0,2380.0,2336.0,2379.0,20400
2019-02-25,2400.0,2416.0,2385.0,2403.0,30600
2019-02-26,2420.0,2427.0,2389.0,2409.0,32700
2019-02-27,2390.0,2398.0,2340.0,2357.0,63700
2019-02-28,2357.0,2357.0,2323.0,2343.0,64900
2019-03-01,2357.0,2400.0,2354.0,2393.0,83800
2019-03-04,2399.0,2422.0,2379.0,2391.0,52400
2019-03-05,2373.0,2376.0,2346.0,2367.0,35300
2019-03-06,2346.0,2353.0,2322.0,2325.0,59100
2019-03-07,2306.0,2308.0,2251.0,2268.0,51000
2019-03-08,2218.0,2228.0,2152.0,2164.0,75600
2019-03-11,2190.0,2213.0,2156.0,2205.0,48700
2019-03-12,2236.0,2258.0,2230.0,2244.0,34400
2019-03-13,2232.0,2235.0,2193.0,2201.0,31700
2019-03-14,2216.0,2248.0,2193.0,2197.0,39900
2019-03-15,2192.0,2219.0,2175.0,2193.0,114100
2019-03-18,2221.0,2242.0,2206.0,2229.0,46200
2019-03-19,2245.0,2264.0,2226.0,2248.0,34100
2019-03-20,2247.0,2300.0,2237.0,2290.0,91800
2019-03-22,2306.0,2349.0,2277.0,2348.0,110200
2019-03-25,2302.0,2302.0,2251.0,2256.0,45300
2019-03-26,2270.0,2331.0,2263.0,2326.0,34500
2019-03-27,2282.0,2300.0,2251.0,2280.0,34700
2019-03-28,2252.0,2252.0,2203.0,2205.0,30800
2019-03-29,2226.0,2231.0,2199.0,2214.0,43300
2019-04-01,2264.0,2328.0,2262.0,2319.0,44000
2019-04-02,2350.0,2358.0,2285.0,2311.0,31900
2019-04-03,2308.0,2355.0,2292.0,2353.0,19800
2019-04-04,2357.0,2369.0,2335.0,2339.0,14800
2019-04-05,2342.0,2360.0,2342.0,2360.0,22100
2019-04-08,2352.0,2359.0,2323.0,2339.0,17000
2019-04-09,2332.0,2332.0,2301.0,2315.0,13600
2019-04-10,2288.0,2382.0,2288.0,2382.0,39700
2019-04-11,2373.0,2387.0,2346.0,2383.0,20000
2019-04-12,2379.0,2399.0,2361.0,2390.0,28400
2019-04-15,2419.0,2476.0,2413.0,2456.0,54200
2019-04-16,2448.0,2484.0,2428.0,2474.0,42700
2019-04-17,2474.0,2528.0,2459.0,2519.0,39600
2019-04-18,2530.0,2546.0,2493.0,2531.0,51500
2019-04-19,2551.0,2559.0,2538.0,2542.0,24700
2019-04-22,2528.0,2604.0,2520.0,2594.0,57900
2019-04-23,2581.0,2606.0,2574.0,2580.0,50000
2019-04-24,2580.0,2580.0,2537.0,2549.0,51400
2019-04-25,2566.0,2573.0,2501.0,2548.0,66100
2019-04-26,2541.0,2587.0,2503.0,2562.0,52700
2019-05-07,2568.0,2568.0,2459.0,2459.0,47700
2019-05-08,2394.0,2405.0,2285.0,2325.0,177000
2019-05-09,2305.0,2338.0,2287.0,2305.0,65900
2019-05-10,2301.0,2497.0,2280.0,2412.0,116200
2019-05-13,2461.0,2519.0,2428.0,2440.0,120000
2019-05-14,2366.0,2399.0,2320.0,2372.0,59200
2019-05-15,2373.0,2388.0,2283.0,2300.0,60900
2019-05-16,2318.0,2329.0,2280.0,2317.0,35200
2019-05-17,2323.0,2354.0,2321.0,2342.0,30300
2019-05-20,2355.0,2380.0,2320.0,2340.0,31400
2019-05-21,2310.0,2334.0,2302.0,2319.0,33900
2019-05-22,2336.0,2336.0,2243.0,2270.0,67400
2019-05-23,2251.0,2251.0,2190.0,2230.0,43300
2019-05-24,2205.0,2241.0,2183.0,2241.0,48700
2019-05-27,2248.0,2276.0,2239.0,2256.0,28000
2019-05-28,2269.0,2299.0,2255.0,2268.0,37000
2019-05-29,2252.0,2261.0,2215.0,2239.0,35700
2019-05-30,2218.0,2249.0,2216.0,2241.0,39300
2019-05-31,2223.0,2224.0,2188.0,2199.0,38900
2019-06-03,2203.0,2348.0,2201.0,2338.0,211500
2019-06-04,2338.0,2395.0,2338.0,2354.0,70200
2019-06-05,2393.0,2426.0,2375.0,2423.0,58300
2019-06-06,2452.0,2468.0,2356.0,2430.0,107200
2019-06-07,2460.0,2474.0,2368.0,2381.0,84000
2019-06-10,2396.0,2423.0,2369.0,2419.0,38900
2019-06-11,2437.0,2449.0,2397.0,2422.0,48100
2019-06-12,2450.0,2458.0,2413.0,2445.0,33200
2019-06-13,2432.0,2454.0,2407.0,2434.0,32600
2019-06-14,2459.0,2488.0,2449.0,2457.0,35400
2019-06-17,2452.0,2487.0,2413.0,2414.0,30700
2019-06-18,2417.0,2464.0,2393.0,2393.0,31200
2019-06-19,2417.0,2499.0,2416.0,2499.0,51000
2019-06-20,2498.0,2515.0,2465.0,2494.0,37700
2019-06-21,2475.0,2516.0,2450.0,2470.0,84800
2019-06-24,2481.0,2507.0,2448.0,2474.0,32600
2019-06-25,2490.0,2517.0,2455.0,2464.0,67100
2019-06-26,2467.0,2490.0,2452.0,2453.0,29500
2019-06-27,2461.0,2545.0,2461.0,2539.0,79500
2019-06-28,2523.0,2551.0,2489.0,2527.0,58800
2019-07-01,2477.0,2485.0,2383.0,2400.0,258300
2019-07-02,2396.0,2459.0,2391.0,2412.0,160700
2019-07-03,2404.0,2451.0,2390.0,2445.0,104300
2019-07-04,2465.0,2482.0,2439.0,2471.0,53000
2019-07-05,2478.0,2506.0,2456.0,2462.0,34200
2019-07-08,2476.0,2482.0,2450.0,2470.0,35100
2019-07-09,2465.0,2480.0,2410.0,2429.0,55300
2019-07-10,2408.0,2412.0,2384.0,2400.0,38200
2019-07-11,2423.0,2442.0,2400.0,2407.0,44300
2019-07-12,2428.0,2428.0,2402.0,2410.0,22700
2019-07-16,2403.0,2414.0,2394.0,2406.0,25400
2019-07-17,2400.0,2402.0,2376.0,2381.0,35000
2019-07-18,2376.0,2383.0,2293.0,2293.0,89700
2019-07-19,2298.0,2352.0,2284.0,2344.0,44000
2019-07-22,2354.0,2364.0,2331.0,2339.0,25500
2019-07-23,2339.0,2360.0,2333.0,2341.0,35900
2019-07-24,2353.0,2368.0,2333.0,2342.0,26300
2019-07-25,2342.0,2368.0,2332.0,2363.0,30300
2019-07-26,2336.0,2340.0,2308.0,2319.0,23200
2019-07-29,2334.0,2334.0,2296.0,2304.0,32500
2019-07-30,2317.0,2346.0,2310.0,2346.0,36700
2019-07-31,2343.0,2365.0,2331.0,2334.0,66200
2019-08-01,2334.0,2338.0,2301.0,2327.0,35400
2019-08-02,2336.0,2336.0,1958.0,1975.0,240000
2019-08-05,1968.0,1988.0,1856.0,1883.0,167000
2019-08-06,1843.0,1882.0,1812.0,1879.0,99600
2019-08-07,1843.0,1852.0,1802.0,1840.0,139800
2019-08-08,1833.0,1873.0,1821.0,1853.0,67000
2019-08-09,1850.0,1877.0,1827.0,1828.0,70100
2019-08-13,1814.0,1833.0,1776.0,1779.0,88100
2019-08-14,1807.0,1824.0,1787.0,1804.0,66900
2019-08-15,1750.0,1793.0,1719.0,1775.0,94800
2019-08-16,1747.0,1772.0,1724.0,1760.0,61200
2019-08-19,1763.0,1787.0,1738.0,1761.0,82300
2019-08-20,1769.0,1797.0,1762.0,1797.0,45200
2019-08-21,1758.0,1769.0,1739.0,1751.0,56600
2019-08-22,1760.0,1784.0,1756.0,1779.0,51300
2019-08-23,1784.0,1807.0,1782.0,1786.0,37500
2019-08-26,1751.0,1752.0,1727.0,1744.0,68700
2019-08-27,1772.0,1800.0,1770.0,1785.0,53800
2019-08-28,1790.0,1795.0,1771.0,1776.0,39300
2019-08-29,1776.0,1789.0,1760.0,1785.0,40100
2019-08-30,1797.0,1821.0,1773.0,1821.0,99900
2019-09-02,1831.0,1945.0,1823.0,1897.0,207200
2019-09-03,1876.0,1876.0,1851.0,1854.0,66900
2019-09-04,1851.0,1851.0,1821.0,1833.0,51300
2019-09-05,1850.0,1909.0,1850.0,1892.0,59100
2019-09-06,1896.0,1911.0,1876.0,1882.0,62800
2019-09-09,1880.0,1914.0,1862.0,1910.0,56800
2019-09-10,1926.0,1979.0,1926.0,1974.0,56000
2019-09-11,1982.0,2036.0,1982.0,2029.0,73700
2019-09-12,2044.0,2049.0,1986.0,2006.0,126800
2019-09-13,2010.0,2017.0,1954.0,2013.0,139100
2019-09-17,2002.0,2006.0,1969.0,2000.0,55600
2019-09-18,1993.0,2004.0,1921.0,1939.0,109700
2019-09-19,1932.0,1989.0,1932.0,1981.0,86400
2019-09-20,1990.0,1997.0,1967.0,1991.0,91700
2019-09-24,1976.0,2002.0,1970.0,1973.0,76000
2019-09-25,1969.0,1969.0,1945.0,1962.0,52500
2019-09-26,1993.0,2035.0,1984.0,1990.0,84400
2019-09-27,1978.0,1978.0,1912.0,1932.0,66100
2019-09-30,1931.0,1965.0,1902.0,1922.0,64200
2019-10-01,1931.0,1982.0,1931.0,1974.0,71000
2019-10-02,1956.0,1978.0,1947.0,1961.0,47500
2019-10-03,1905.0,1912.0,1881.0,1900.0,76000
2019-10-04,1914.0,1917.0,1887.0,1912.0,42100
2019-10-07,1939.0,1942.0,1909.0,1921.0,36900
2019-10-08,1926.0,1971.0,1926.0,1963.0,57600
2019-10-09,1958.0,1967.0,1937.0,1964.0,29300
2019-10-10,1977.0,1983.0,1941.0,1970.0,52000
2019-10-11,1970.0,2011.0,1970.0,2000.0,58400
2019-10-15,2028.0,2090.0,2028.0,2059.0,73600
2019-10-16,2094.0,2108.0,2051.0,2062.0,68200
2019-10-17,2062.0,2062.0,2028.0,2041.0,42300
2019-10-18,2041.0,2087.0,2041.0,2051.0,54100
2019-10-21,2070.0,2110.0,2056.0,2102.0,49300
2019-10-23,2127.0,2140.0,2100.0,2130.0,57800
2019-10-24,2142.0,2164.0,2138.0,2150.0,50900
2019-10-25,2155.0,2174.0,2144.0,2171.0,42000
2019-10-28,2190.0,2203.0,2177.0,2184.0,44500
2019-10-29,2216.0,2260.0,2215.0,2237.0,59700
2019-10-30,2256.0,2263.0,2224.0,2258.0,67300
2019-10-31,2231.0,2232.0,2190.0,2224.0,52000
2019-11-01,2190.0,2242.0,2000.0,2095.0,131400
2019-11-05,2138.0,2173.0,2096.0,2166.0,96700
2019-11-06,2191.0,2199.0,2166.0,2169.0,69300
2019-11-07,2167.0,2195.0,2156.0,2178.0,55500
2019-11-08,2200.0,2231.0,2181.0,2196.0,104000
2019-11-11,2204.0,2232.0,2194.0,2207.0,64400
2019-11-12,2207.0,2229.0,2189.0,2227.0,43200
2019-11-13,2192.0,2199.0,2157.0,2172.0,57900
2019-11-14,2162.0,2165.0,2090.0,2094.0,58100
2019-11-15,2076.0,2112.0,2058.0,2091.0,53500
2019-11-18,2083.0,2127.0,2083.0,2125.0,82800
2019-11-19,2124.0,2138.0,2095.0,2108.0,75900
2019-11-20,2090.0,2120.0,2083.0,2114.0,48700
2019-11-21,2113.0,2125.0,2070.0,2108.0,57000
2019-11-22,2081.0,2097.0,2056.0,2056.0,78700
2019-11-25,2093.0,2167.0,2093.0,2149.0,75600
2019-11-26,2170.0,2182.0,2121.0,2121.0,41400
2019-11-27,2121.0,2143.0,2116.0,2137.0,35700
2019-11-28,2137.0,2155.0,2104.0,2115.0,47500
2019-11-29,2117.0,2136.0,2089.0,2102.0,56100
2019-12-02,2097.0,2104.0,2056.0,2084.0,105000
2019-12-03,2096.0,2096.0,2052.0,2079.0,62800
2019-12-04,2037.0,2060.0,2032.0,2060.0,67400
2019-12-05,2092.0,2111.0,2078.0,2081.0,65000
2019-12-06,2081.0,2099.0,2069.0,2094.0,33200
2019-12-09,2102.0,2121.0,2102.0,2107.0,39700
2019-12-10,2102.0,2113.0,2077.0,2096.0,61200
2019-12-11,2119.0,2156.0,2108.0,2133.0,90300
2019-12-12,2158.0,2168.0,2124.0,2124.0,34300
2019-12-13,2190.0,2216.0,2176.0,2179.0,74500
2019-12-16,2201.0,2214.0,2167.0,2169.0,38900
2019-12-17,2177.0,2177.0,2132.0,2132.0,50400
2019-12-18,2124.0,2125.0,2042.0,2056.0,107700
2019-12-19,2041.0,2072.0,2032.0,2062.0,74800
2019-12-20,2064.0,2074.0,2036.0,2036.0,59600
2019-12-23,2027.0,2040.0,2019.0,2022.0,62900
2019-12-24,2010.0,2028.0,2006.0,2021.0,54000
2019-12-25,2012.0,2025.0,2003.0,2009.0,40900
2019-12-26,2005.0,2020.0,1990.0,2016.0,42100
2019-12-27,2020.0,2045.0,2020.0,2042.0,33900
2019-12-30,2028.0,2037.0,2007.0,2018.0,35900
2020-01-06,1994.0,1997.0,1965.0,1981.0,78900
2020-01-07,1980.0,2040.0,1980.0,2033.0,51300
2020-01-08,1999.0,2000.0,1966.0,1975.0,50700
2020-01-09,1985.0,2006.0,1982.0,1982.0,36000
2020-01-10,1982.0,1994.0,1956.0,1956.0,46800
2020-01-14,1966.0,1979.0,1932.0,1951.0,45400
2020-01-15,1951.0,1951.0,1913.0,1926.0,36900
2020-01-16,1920.0,1922.0,1902.0,1913.0,37200
2020-01-17,1907.0,1935.0,1899.0,1931.0,37200
2020-01-20,1932.0,1959.0,1932.0,1942.0,24700
2020-01-21,1933.0,1948.0,1916.0,1918.0,28600
2020-01-22,1917.0,1925.0,1906.0,1914.0,27000
2020-01-23,1910.0,1910.0,1884.0,1893.0,38100
2020-01-24,1880.0,1880.0,1843.0,1843.0,36700
2020-01-27,1818.0,1818.0,1798.0,1812.0,60000
2020-01-28,1797.0,1804.0,1774.0,1792.0,55800
2020-01-29,1790.0,1799.0,1779.0,1795.0,42200
2020-01-30,1799.0,1800.0,1750.0,1764.0,58600
2020-01-31,1783.0,1800.0,1767.0,1793.0,40500
2020-02-03,1765.0,1771.0,1741.0,1742.0,61400
2020-02-04,1739.0,1767.0,1720.0,1762.0,81900
2020-02-05,1768.0,1823.0,1765.0,1807.0,52800
2020-02-06,1833.0,1866.0,1833.0,1856.0,41100
2020-02-07,1843.0,1843.0,1816.0,1829.0,31700
2020-02-10,1790.0,1799.0,1774.0,1783.0,38700
2020-02-12,1777.0,1779.0,1756.0,1756.0,52500
2020-02-13,1757.0,1761.0,1737.0,1741.0,51800
2020-02-14,1735.0,1749.0,1710.0,1747.0,58700
2020-02-17,1725.0,1726.0,1704.0,1710.0,39900
2020-02-18,1707.0,1713.0,1700.0,1710.0,61900
2020-02-19,1729.0,1734.0,1711.0,1711.0,33200
2020-02-20,1719.0,1737.0,1712.0,1720.0,48000
2020-02-21,1721.0,1740.0,1718.0,1725.0,41300
2020-02-25,1686.0,1686.0,1631.0,1632.0,111800
2020-02-26,1614.0,1624.0,1586.0,1621.0,76400
2020-02-27,1608.0,1608.0,1567.0,1572.0,46400
2020-02-28,1532.0,1541.0,1485.0,1510.0,104800
2020-03-02,1498.0,1577.0,1483.0,1543.0,65600
2020-03-03,1568.0,1571.0,1495.0,1496.0,53200
2020-03-04,1471.0,1511.0,1459.0,1486.0,38600
2020-03-05,1513.0,1514.0,1468.0,1477.0,50100
2020-03-06,1440.0,1440.0,1391.0,1396.0,72400
2020-03-09,1348.0,1350.0,1282.0,1289.0,71600
2020-03-10,1229.0,1320.0,1215.0,1309.0,81600
2020-03-11,1300.0,1368.0,1300.0,1304.0,65200
2020-03-12,1258.0,1273.0,1212.0,1221.0,73400
2020-03-13,1144.0,1183.0,1117.0,1154.0,99300
2020-03-16,1192.0,1209.0,1150.0,1161.0,86800
2020-03-17,1120.0,1243.0,1110.0,1230.0,96800
2020-03-18,1267.0,1291.0,1235.0,1236.0,93600
2020-03-19,1281.0,1304.0,1200.0,1263.0,87400
2020-03-23,1245.0,1290.0,1207.0,1286.0,66200
2020-03-24,1322.0,1324.0,1267.0,1319.0,72800
2020-03-25,1289.0,1322.0,1272.0,1321.0,111500
2020-03-26,1309.0,1319.0,1265.0,1300.0,77700
2020-03-27,1327.0,1363.0,1293.0,1363.0,126100
2020-03-30,1333.0,1365.0,1301.0,1363.0,97400
2020-03-31,1376.0,1397.0,1330.0,1376.0,108200
2020-04-01,1378.0,1393.0,1318.0,1333.0,91400
2020-04-02,1303.0,1310.0,1252.0,1274.0,128000
2020-04-03,1351.0,1390.0,1159.0,1170.0,57500
2020-04-06,1154.0,1174.0,1117.0,1160.0,84800
2020-04-07,1195.0,1242.0,1166.0,1206.0,121000
2020-04-08,1210.0,1260.0,1195.0,1242.0,48500
2020-04-09,1239.0,1272.0,1234.0,1265.0,37500
2020-04-10,1272.0,1306.0,1236.0,1300.0,31800
2020-04-13,1283.0,1286.0,1201.0,1205.0,48700
2020-04-14,1194.0,1196.0,1169.0,1176.0,75000
2020-04-15,1181.0,1181.0,1124.0,1131.0,95600
2020-04-16,1123.0,1161.0,1118.0,1161.0,45200
2020-04-17,1176.0,1215.0,1166.0,1213.0,67400
2020-04-20,1210.0,1212.0,1185.0,1200.0,31400
2020-04-21,1190.0,1196.0,1163.0,1194.0,43800
2020-04-22,1190.0,1190.0,1153.0,1158.0,37300
2020-04-23,1160.0,1218.0,1160.0,1218.0,37700
2020-04-24,1214.0,1218.0,1193.0,1204.0,24000
2020-04-27,1209.0,1238.0,1196.0,1238.0,29000
2020-04-28,1236.0,1254.0,1207.0,1252.0,48400
2020-04-30,1282.0,1295.0,1263.0,1267.0,52200
2020-05-01,1262.0,1262.0,1217.0,1228.0,46900
2020-05-07,1212.0,1214.0,1187.0,1213.0,39700
2020-05-08,1224.0,1260.0,1220.0,1260.0,43400
2020-05-11,1259.0,1320.0,1254.0,1319.0,51600
2020-05-12,1330.0,1330.0,1285.0,1296.0,24500
2020-05-13,1263.0,1277.0,1253.0,1277.0,24400
2020-05-14,1265.0,1265.0,1221.0,1221.0,30200
2020-05-15,1227.0,1243.0,1204.0,1235.0,32100
2020-05-18,1244.0,1245.0,1207.0,1207.0,28800
2020-05-19,1218.0,1257.0,1207.0,1253.0,37800
2020-05-20,1251.0,1251.0,1227.0,1239.0,31100
2020-05-21,1246.0,1252.0,1222.0,1239.0,32300
2020-05-22,1244.0,1244.0,1206.0,1232.0,40000
2020-05-25,1234.0,1279.0,1234.0,1279.0,26500
2020-05-26,1296.0,1296.0,1257.0,1288.0,59200
2020-05-27,1276.0,1333.0,1263.0,1324.0,63200
2020-05-28,1338.0,1383.0,1331.0,1372.0,77100
2020-05-29,1342.0,1346.0,1316.0,1330.0,93800
2020-06-01,1330.0,1330.0,1287.0,1293.0,47800
2020-06-02,1311.0,1343.0,1298.0,1316.0,51100
2020-06-03,1328.0,1342.0,1314.0,1330.0,67100
2020-06-04,1341.0,1361.0,1324.0,1360.0,68500
2020-06-05,1335.0,1428.0,1335.0,1427.0,85800
2020-06-08,1455.0,1497.0,1449.0,1497.0,65100
2020-06-09,1493.0,1493.0,1462.0,1474.0,45100
2020-06-10,1460.0,1484.0,1439.0,1465.0,42500
2020-06-11,1437.0,1437.0,1355.0,1357.0,66200
2020-06-12,1280.0,1307.0,1272.0,1295.0,69100
2020-06-15,1304.0,1304.0,1241.0,1241.0,57700
2020-06-16,1268.0,1312.0,1261.0,1312.0,65000
2020-06-17,1306.0,1306.0,1266.0,1302.0,47400
2020-06-18,1302.0,1302.0,1270.0,1300.0,26700
2020-06-19,1308.0,1308.0,1270.0,1284.0,59900
2020-06-22,1285.0,1297.0,1276.0,1294.0,24200
2020-06-23,1300.0,1314.0,1286.0,1304.0,24800
2020-06-24,1300.0,1306.0,1273.0,1277.0,33000
2020-06-25,1265.0,1270.0,1240.0,1268.0,60300
2020-06-26,1274.0,1281.0,1225.0,1248.0,72200
2020-06-29,1236.0,1236.0,1201.0,1211.0,61500
2020-06-30,1239.0,1255.0,1221.0,1221.0,74500
2020-07-01,1221.0,1221.0,1191.0,1192.0,53700
2020-07-02,1199.0,1220.0,1175.0,1178.0,44800
2020-07-03,1189.0,1190.0,1151.0,1170.0,34800
2020-07-06,1178.0,1235.0,1176.0,1232.0,55200
2020-07-07,1232.0,1232.0,1192.0,1204.0,35400
2020-07-08,1212.0,1212.0,1157.0,1165.0,69500
2020-07-09,1166.0,1172.0,1142.0,1144.0,46500
2020-07-10,1139.0,1141.0,1122.0,1129.0,47300
2020-07-13,1153.0,1177.0,1153.0,1170.0,39400
2020-07-14,1173.0,1179.0,1150.0,1178.0,29100
2020-07-15,1182.0,1246.0,1182.0,1239.0,75300
2020-07-16,1232.0,1241.0,1211.0,1218.0,34600
2020-07-17,1219.0,1219.0,1196.0,1215.0,22000
2020-07-20,1217.0,1220.0,1186.0,1219.0,27300
2020-07-21,1220.0,1230.0,1198.0,1201.0,37500
2020-07-22,1203.0,1221.0,1194.0,1194.0,19800
2020-07-27,1181.0,1210.0,1168.0,1210.0,39100
2020-07-28,1212.0,1213.0,1190.0,1208.0,24300
2020-07-29,1204.0,1204.0,1177.0,1181.0,18400
2020-07-30,1187.0,1187.0,1150.0,1150.0,45100
2020-07-31,1151.0,1152.0,1081.0,1083.0,61900
2020-08-03,1090.0,1117.0,1084.0,1085.0,36200
2020-08-04,1090.0,1130.0,1066.0,1101.0,73400
2020-08-05,1092.0,1100.0,1057.0,1060.0,61000
2020-08-06,1064.0,1076.0,1052.0,1063.0,42400
2020-08-07,1063.0,1078.0,1053.0,1076.0,32000
2020-08-11,1100.0,1188.0,1100.0,1169.0,110700
2020-08-12,1175.0,1221.0,1163.0,1218.0,54400
2020-08-13,1225.0,1231.0,1198.0,1213.0,35700
2020-08-14,1213.0,1213.0,1180.0,1180.0,30100
2020-08-17,1175.0,1179.0,1148.0,1151.0,21500
2020-08-18,1139.0,1145.0,1123.0,1135.0,28800
2020-08-19,1132.0,1153.0,1122.0,1145.0,18900
2020-08-20,1138.0,1148.0,1117.0,1127.0,28300
2020-08-21,1139.0,1149.0,1125.0,1137.0,29200
2020-08-24,1147.0,1147.0,1117.0,1126.0,20700
2020-08-25,1150.0,1161.0,1138.0,1150.0,26500
2020-08-26,1143.0,1149.0,1129.0,1140.0,20000
2020-08-27,1140.0,1146.0,1127.0,1146.0,19500
2020-08-28,1140.0,1174.0,1126.0,1138.0,39800
2020-08-31,1162.0,1170.0,1135.0,1137.0,30800
2020-09-01,1137.0,1146.0,1125.0,1135.0,37500
2020-09-02,1134.0,1134.0,1110.0,1114.0,28000
2020-09-03,1130.0,1137.0,1115.0,1123.0,19400
2020-09-04,1110.0,1135.0,1106.0,1128.0,25700
2020-09-07,1120.0,1169.0,1120.0,1149.0,34900
2020-09-08,1149.0,1192.0,1149.0,1192.0,40900
2020-09-09,1167.0,1169.0,1152.0,1165.0,44500
2020-09-10,1162.0,1183.0,1155.0,1180.0,35300
2020-09-11,1174.0,1183.0,1158.0,1168.0,43600
2020-09-14,1170.0,1202.0,1161.0,1184.0,37100
2020-09-15,1184.0,1184.0,1162.0,1182.0,38200
2020-09-16,1182.0,1182.0,1160.0,1175.0,32200
2020-09-17,1173.0,1190.0,1166.0,1176.0,35000
2020-09-18,1183.0,1213.0,1175.0,1213.0,74800
2020-09-23,1191.0,1193.0,1168.0,1175.0,46000
2020-09-24,1166.0,1167.0,1124.0,1127.0,60800
2020-09-25,1129.0,1143.0,1122.0,1129.0,29100
2020-09-28,1143.0,1175.0,1137.0,1175.0,72000
2020-09-29,1165.0,1177.0,1151.0,1164.0,54200
2020-09-30,1164.0,1176.0,1139.0,1142.0,46700
2020-10-02,1152.0,1157.0,1091.0,1094.0,65300
2020-10-05,1104.0,1142.0,1100.0,1125.0,42700
2020-10-06,1130.0,1154.0,1119.0,1150.0,35500
2020-10-07,1148.0,1148.0,1117.0,1135.0,40900
2020-10-08,1131.0,1144.0,1115.0,1122.0,32800
2020-10-09,1130.0,1130.0,1093.0,1103.0,37900
2020-10-12,1095.0,1095.0,1077.0,1077.0,46900
2020-10-13,1073.0,1080.0,1061.0,1071.0,55100
2020-10-14,1071.0,1087.0,1062.0,1086.0,64800
2020-10-15,1060.0,1077.0,1057.0,1060.0,50500
2020-10-16,1069.0,1074.0,1058.0,1061.0,22500
2020-10-19,1064.0,1092.0,1056.0,1092.0,42400
2020-10-20,1089.0,1096.0,1071.0,1078.0,30400
2020-10-21,1078.0,1118.0,1074.0,1118.0,45200
2020-10-22,1121.0,1121.0,1104.0,1106.0,19400
2020-10-23,1095.0,1126.0,1095.0,1119.0,27100
2020-10-26,1108.0,1138.0,1108.0,1138.0,30900
2020-10-27,1127.0,1144.0,1107.0,1137.0,21000
2020-10-28,1125.0,1128.0,1092.0,1103.0,40100
2020-10-29,1091.0,1114.0,1082.0,1095.0,27700
2020-10-30,1102.0,1109.0,1069.0,1089.0,38600
2020-11-02,1103.0,1126.0,1093.0,1109.0,54300
2020-11-04,1122.0,1124.0,1090.0,1090.0,31900
2020-11-05,1096.0,1140.0,1066.0,1066.0,130700
2020-11-06,1077.0,1130.0,1077.0,1119.0,56900
2020-11-09,1132.0,1139.0,1099.0,1111.0,46700
2020-11-10,1165.0,1232.0,1160.0,1222.0,167700
2020-11-11,1238.0,1248.0,1183.0,1209.0,82900
2020-11-12,1206.0,1208.0,1161.0,1172.0,52700
2020-11-13,1154.0,1159.0,1117.0,1126.0,62000
2020-11-16,1149.0,1149.0,1124.0,1142.0,65600
2020-11-17,1149.0,1155.0,1107.0,1115.0,71600
2020-11-18,1109.0,1109.0,1084.0,1087.0,64200
2020-11-19,1087.0,1103.0,1071.0,1078.0,72900
2020-11-20,1078.0,1089.0,1071.0,1086.0,56500
2020-11-24,1091.0,1112.0,1075.0,1090.0,121600
2020-11-25,1104.0,1136.0,1098.0,1099.0,99000
2020-11-26,1097.0,1121.0,1092.0,1104.0,50100
2020-11-27,1104.0,1148.0,1104.0,1138.0,100600
2020-11-30,1121.0,1140.0,1061.0,1078.0,458300
2020-12-01,1072.0,1118.0,1071.0,1112.0,124500
2020-12-02,1109.0,1139.0,1104.0,1134.0,81800
2020-12-03,1133.0,1173.0,1127.0,1151.0,95400
2020-12-04,1151.0,1186.0,1149.0,1178.0,53500
2020-12-07,1190.0,1197.0,1160.0,1179.0,73000
2020-12-08,1175.0,1192.0,1156.0,1189.0,54200
2020-12-09,1201.0,1249.0,1201.0,1233.0,106200
2020-12-10,1239.0,1280.0,1237.0,1258.0,81900
2020-12-11,1269.0,1274.0,1220.0,1227.0,45000
2020-12-14,1220.0,1259.0,1220.0,1247.0,60500
2020-12-15,1234.0,1250.0,1225.0,1231.0,40300
2020-12-16,1243.0,1280.0,1238.0,1276.0,65200
2020-12-17,1259.0,1269.0,1221.0,1222.0,62800
2020-12-18,1225.0,1243.0,1214.0,1242.0,85400
2020-12-21,1250.0,1259.0,1229.0,1243.0,40100
2020-12-22,1240.0,1240.0,1206.0,1220.0,83300
2020-12-23,1213.0,1213.0,1188.0,1195.0,40800
2020-12-24,1180.0,1213.0,1169.0,1176.0,46600
2020-12-25,1177.0,1210.0,1177.0,1210.0,44900
2020-12-28,1213.0,1220.0,1169.0,1189.0,55800
2020-12-29,1198.0,1209.0,1184.0,1205.0,28900
2020-12-30,1205.0,1205.0,1173.0,1178.0,48300
2021-01-04,1193.0,1193.0,1147.0,1172.0,45000
2021-01-05,1164.0,1187.0,1161.0,1183.0,32500
2021-01-06,1185.0,1204.0,1185.0,1204.0,27600
2021-01-07,1212.0,1244.0,1212.0,1240.0,55400
2021-01-08,1241.0,1265.0,1227.0,1265.0,63900
2021-01-12,1263.0,1274.0,1250.0,1274.0,47100
2021-01-13,1270.0,1300.0,1270.0,1294.0,41900
2021-01-14,1294.0,1300.0,1275.0,1281.0,51500
2021-01-15,1281.0,1311.0,1268.0,1270.0,89200
2021-01-18,1258.0,1272.0,1249.0,1267.0,41300
2021-01-19,1267.0,1275.0,1255.0,1259.0,30000
2021-01-20,1262.0,1304.0,1249.0,1304.0,50200
2021-01-21,1315.0,1331.0,1297.0,1306.0,54500
2021-01-22,1295.0,1305.0,1286.0,1291.0,43100
2021-01-25,1291.0,1296.0,1277.0,1283.0,25100
2021-01-26,1283.0,1298.0,1281.0,1298.0,31900
2021-01-27,1298.0,1301.0,1285.0,1300.0,19000
2021-01-28,1295.0,1309.0,1283.0,1294.0,49700
2021-01-29,1299.0,1311.0,1266.0,1267.0,67900
2021-02-01,1262.0,1288.0,1262.0,1267.0,35300
2021-02-02,1288.0,1346.0,1274.0,1335.0,112300
2021-02-03,1295.0,1362.0,1295.0,1359.0,108300
2021-02-04,1360.0,1425.0,1359.0,1391.0,71900
2021-02-05,1391.0,1414.0,1378.0,1402.0,79900
2021-02-08,1403.0,1468.0,1403.0,1442.0,84400
2021-02-09,1446.0,1465.0,1423.0,1444.0,49000
2021-02-10,1444.0,1466.0,1430.0,1466.0,34100
2021-02-12,1466.0,1466.0,1425.0,1428.0,40600
2021-02-15,1435.0,1436.0,1411.0,1432.0,35100
2021-02-16,1432.0,1485.0,1421.0,1481.0,89500
2021-02-17,1475.0,1491.0,1469.0,1476.0,37500
2021-02-18,1490.0,1490.0,1438.0,1475.0,66500
2021-02-19,1455.0,1461.0,1421.0,1425.0,55300
2021-02-22,1443.0,1469.0,1440.0,1448.0,26000
2021-02-24,1441.0,1445.0,1420.0,1425.0,83600
2021-02-25,1443.0,1451.0,1427.0,1439.0,45100
2021-02-26,1439.0,1439.0,1388.0,1388.0,78600
2021-03-01,1399.0,1402.0,1363.0,1402.0,71100
2021-03-02,1400.0,1416.0,1367.0,1380.0,63700
2021-03-03,1395.0,1456.0,1389.0,1432.0,95200
2021-03-04,1433.0,1445.0,1407.0,1431.0,37100
2021-03-05,1430.0,1457.0,1403.0,1456.0,64500
2021-03-08,1486.0,1491.0,1450.0,1467.0,49000
2021-03-09,1477.0,1509.0,1467.0,1506.0,86900
2021-03-10,1505.0,1505.0,1461.0,1478.0,54000
2021-03-11,1479.0,1500.0,1463.0,1470.0,65100
2021-03-12,1461.0,1471.0,1444.0,1471.0,83300
2021-03-15,1480.0,1564.0,1480.0,1550.0,117200
2021-03-16,1540.0,1557.0,1522.0,1532.0,58200
2021-03-17,1532.0,1532.0,1510.0,1524.0,51100
2021-03-18,1541.0,1541.0,1503.0,1524.0,82200
2021-03-19,1510.0,1510.0,1478.0,1499.0,318100
2021-03-22,1496.0,1525.0,1493.0,1518.0,86400
2021-03-23,1522.0,1522.0,1468.0,1469.0,93400
2021-03-24,1415.0,1425.0,1375.0,1382.0,199900
2021-03-25,1392.0,1412.0,1375.0,1383.0,133400
2021-03-26,1400.0,1411.0,1387.0,1404.0,125200
2021-03-29,1429.0,1446.0,1395.0,1418.0,125300
2021-03-30,1410.0,1427.0,1388.0,1418.0,87600
2021-03-31,1418.0,1426.0,1393.0,1395.0,74400
2021-04-01,1420.0,1432.0,1381.0,1404.0,91700
2021-04-02,1411.0,1416.0,1403.0,1407.0,33700
2021-04-05,1420.0,1420.0,1393.0,1402.0,47700
2021-04-06,1399.0,1404.0,1358.0,1366.0,90300
2021-04-07,1363.0,1389.0,1351.0,1386.0,76400
2021-04-08,1368.0,1371.0,1346.0,1362.0,72900
2021-04-09,1358.0,1361.0,1338.0,1345.0,61100
2021-04-12,1345.0,1371.0,1338.0,1367.0,62600
2021-04-13,1360.0,1386.0,1345.0,1377.0,54600
2021-04-14,1369.0,1369.0,1339.0,1363.0,50000
2021-04-15,1363.0,1395.0,1360.0,1390.0,55700
2021-04-16,1390.0,1390.0,1371.0,1384.0,23100
2021-04-19,1376.0,1401.0,1372.0,1391.0,34400
2021-04-20,1380.0,1380.0,1361.0,1363.0,42200
2021-04-21,1338.0,1340.0,1320.0,1332.0,62300
2021-04-22,1362.0,1362.0,1326.0,1331.0,28200
2021-04-23,1330.0,1332.0,1313.0,1313.0,23800
2021-04-26,1313.0,1324.0,1308.0,1316.0,32400
2021-04-27,1317.0,1345.0,1315.0,1329.0,44400
2021-04-28,1331.0,1331.0,1313.0,1315.0,42500
2021-04-30,1315.0,1335.0,1314.0,1321.0,50100
2021-05-06,1333.0,1380.0,1333.0,1375.0,45200
2021-05-07,1375.0,1390.0,1354.0,1378.0,38600
2021-05-10,1389.0,1405.0,1389.0,1398.0,32900
2021-05-11,1382.0,1487.0,1382.0,1465.0,169000
2021-05-12,1480.0,1508.0,1415.0,1448.0,194600
2021-05-13,1441.0,1465.0,1414.0,1418.0,77000
2021-05-14,1438.0,1438.0,1380.0,1380.0,62200
2021-05-17,1404.0,1407.0,1358.0,1359.0,62300
2021-05-18,1362.0,1398.0,1362.0,1381.0,44700
2021-05-19,1368.0,1376.0,1348.0,1353.0,55100
2021-05-20,1349.0,1379.0,1343.0,1347.0,67300
2021-05-21,1342.0,1344.0,1326.0,1331.0,73200
2021-05-24,1331.0,1366.0,1331.0,1360.0,40700
2021-05-25,1360.0,1382.0,1340.0,1344.0,35700
2021-05-26,1332.0,1342.0,1322.0,1331.0,33200
2021-05-27,1330.0,1334.0,1302.0,1302.0,50600
2021-05-28,1327.0,1359.0,1317.0,1357.0,47800
2021-05-31,1353.0,1353.0,1318.0,1328.0,49800
2021-06-01,1329.0,1341.0,1319.0,1341.0,46900
2021-06-02,1344.0,1373.0,1344.0,1373.0,41700
2021-06-03,1378.0,1380.0,1350.0,1365.0,51200
2021-06-04,1377.0,1420.0,1368.0,1399.0,91200
2021-06-07,1410.0,1419.0,1387.0,1391.0,39700
2021-06-08,1390.0,1410.0,1370.0,1403.0,36100
2021-06-09,1393.0,1408.0,1391.0,1391.0,26900
2021-06-10,1391.0,1391.0,1371.0,1375.0,33400
2021-06-11,1373.0,1373.0,1360.0,1363.0,35700
2021-06-14,1362.0,1371.0,1351.0,1353.0,19300
2021-06-15,1360.0,1370.0,1352.0,1363.0,16900
2021-06-16,1363.0,1388.0,1363.0,1387.0,33800
2021-06-17,1379.0,1381.0,1368.0,1371.0,19900
2021-06-18,1362.0,1362.0,1310.0,1310.0,71300
2021-06-21,1300.0,1300.0,1272.0,1276.0,71000
2021-06-22,1304.0,1306.0,1289.0,1296.0,45800
2021-06-23,1301.0,1301.0,1272.0,1276.0,42300
2021-06-24,1270.0,1292.0,1269.0,1278.0,38000
2021-06-25,1295.0,1311.0,1293.0,1310.0,31800
2021-06-28,1321.0,1335.0,1319.0,1330.0,27100
2021-06-29,1320.0,1321.0,1300.0,1321.0,40500
2021-06-30,1322.0,1325.0,1296.0,1296.0,38000
2021-07-01,1307.0,1307.0,1293.0,1296.0,25200
2021-07-02,1299.0,1323.0,1299.0,1323.0,20900
2021-07-05,1316.0,1328.0,1308.0,1310.0,27800
2021-07-06,1308.0,1321.0,1307.0,1312.0,28400
2021-07-07,1300.0,1300.0,1281.0,1281.0,32000
2021-07-08,1281.0,1285.0,1258.0,1258.0,42700
2021-07-09,1258.0,1270.0,1241.0,1262.0,56900
2021-07-12,1284.0,1300.0,1274.0,1282.0,45100
2021-07-13,1292.0,1296.0,1284.0,1296.0,25100
2021-07-14,1296.0,1296.0,1278.0,1278.0,27900
2021-07-15,1284.0,1304.0,1284.0,1290.0,29500
2021-07-16,1284.0,1295.0,1281.0,1283.0,16000
2021-07-19,1282.0,1282.0,1261.0,1262.0,35700
2021-07-20,1259.0,1259.0,1243.0,1251.0,53100
2021-07-21,1276.0,1279.0,1250.0,1254.0,26400
2021-07-26,1278.0,1284.0,1262.0,1284.0,31500
2021-07-27,1284.0,1298.0,1281.0,1298.0,20100
2021-07-28,1287.0,1294.0,1278.0,1278.0,24500
2021-07-29,1286.0,1293.0,1283.0,1293.0,15000
2021-07-30,1287.0,1296.0,1277.0,1277.0,35100
2021-08-02,1287.0,1313.0,1287.0,1312.0,39300
2021-08-03,1326.0,1326.0,1253.0,1253.0,106700
2021-08-04,1230.0,1231.0,1191.0,1192.0,142900
2021-08-05,1192.0,1198.0,1175.0,1177.0,88200
2021-08-06,1180.0,1181.0,1160.0,1160.0,53300
2021-08-10,1166.0,1185.0,1159.0,1165.0,31900
2021-08-11,1172.0,1185.0,1164.0,1178.0,37200
2021-08-12,1184.0,1191.0,1181.0,1181.0,22800
2021-08-13,1185.0,1206.0,1185.0,1206.0,34000
2021-08-16,1196.0,1196.0,1179.0,1180.0,51300
2021-08-17,1180.0,1186.0,1168.0,1168.0,44800
2021-08-18,1168.0,1177.0,1162.0,1167.0,32800
2021-08-19,1163.0,1167.0,1146.0,1146.0,62200
2021-08-20,1145.0,1153.0,1125.0,1130.0,70500
2021-08-23,1140.0,1155.0,1132.0,1132.0,44300
2021-08-24,1141.0,1147.0,1131.0,1131.0,54600
2021-08-25,1140.0,1170.0,1140.0,1170.0,55200
2021-08-26,1176.0,1176.0,1160.0,1164.0,27700
2021-08-27,1162.0,1166.0,1155.0,1163.0,14600
2021-08-30,1170.0,1184.0,1170.0,1184.0,35400
2021-08-31,1175.0,1194.0,1171.0,1185.0,36000
2021-09-01,1185.0,1194.0,1183.0,1189.0,25300
2021-09-02,1190.0,1191.0,1180.0,1184.0,16800
2021-09-03,1186.0,1205.0,1186.0,1205.0,30700
2021-09-06,1220.0,1234.0,1208.0,1234.0,40800
2021-09-07,1236.0,1242.0,1221.0,1227.0,38700
2021-09-08,1230.0,1247.0,1227.0,1247.0,39200
2021-09-09,1240.0,1245.0,1230.0,1232.0,23100
2021-09-10,1231.0,1249.0,1231.0,1249.0,39400
2021-09-13,1246.0,1267.0,1235.0,1264.0,33100
2021-09-14,1267.0,1276.0,1261.0,1276.0,29900
2021-09-15,1260.0,1266.0,1246.0,1266.0,31200
2021-09-16,1265.0,1285.0,1265.0,1285.0,41100
2021-09-17,1282.0,1295.0,1258.0,1295.0,74300
2021-09-21,1265.0,1293.0,1249.0,1249.0,84300
2021-09-22,1248.0,1248.0,1228.0,1230.0,39600
2021-09-24,1259.0,1266.0,1242.0,1262.0,54900
2021-09-27,1262.0,1272.0,1251.0,1257.0,25900
2021-09-28,1258.0,1279.0,1255.0,1277.0,65200
2021-09-29,1251.0,1252.0,1228.0,1246.0,70600
2021-09-30,1250.0,1256.0,1222.0,1222.0,45600
2021-10-01,1217.0,1237.0,1213.0,1214.0,45000
2021-10-04,1230.0,1232.0,1205.0,1207.0,39900
2021-10-05,1201.0,1210.0,1190.0,1193.0,49900
2021-10-06,1199.0,1219.0,1191.0,1193.0,46300
2021-10-07,1195.0,1195.0,1180.0,1181.0,43100
2021-10-08,1191.0,1207.0,1191.0,1196.0,28000
2021-10-11,1198.0,1225.0,1198.0,1225.0,22800
2021-10-12,1223.0,1228.0,1214.0,1218.0,18200
2021-10-13,1218.0,1218.0,1201.0,1204.0,26900
2021-10-14,1204.0,1206.0,1189.0,1200.0,23000
2021-10-15,1206.0,1228.0,1206.0,1228.0,22100
2021-10-18,1232.0,1237.0,1221.0,1234.0,18100
2021-10-19,1234.0,1234.0,1215.0,1216.0,20700
2021-10-20,1220.0,1226.0,1203.0,1203.0,19700
2021-10-21,1200.0,1204.0,1187.0,1187.0,29000
2021-10-22,1185.0,1186.0,1174.0,1174.0,33400
2021-10-25,1182.0,1192.0,1180.0,1184.0,18800
2021-10-26,1186.0,1201.0,1183.0,1195.0,23600
2021-10-27,1203.0,1203.0,1189.0,1194.0,23500
2021-10-28,1189.0,1191.0,1180.0,1187.0,28400
2021-10-29,1182.0,1193.0,1177.0,1193.0,26400
2021-11-01,1214.0,1215.0,1194.0,1215.0,41700
2021-11-02,1208.0,1214.0,1192.0,1195.0,26100
2021-11-04,1200.0,1205.0,1193.0,1198.0,22900
2021-11-05,1198.0,1198.0,1124.0,1147.0,142500
2021-11-08,1155.0,1168.0,1142.0,1146.0,41300
2021-11-09,1166.0,1166.0,1130.0,1133.0,41300
2021-11-10,1128.0,1128.0,1110.0,1112.0,36900
2021-11-11,1113.0,1120.0,1107.0,1115.0,26800
2021-11-12,1120.0,1135.0,1120.0,1133.0,25900
2021-11-15,1148.0,1150.0,1137.0,1140.0,19000
2021-11-16,1140.0,1145.0,1120.0,1120.0,28000
2021-11-17,1120.0,1120.0,1100.0,1100.0,61000
2021-11-18,1101.0,1110.0,1086.0,1093.0,62100
2021-11-19,1096.0,1103.0,1086.0,1103.0,35100
2021-11-22,1106.0,1135.0,1093.0,1129.0,83600
2021-11-24,1139.0,1151.0,1125.0,1128.0,34500
2021-11-25,1136.0,1144.0,1130.0,1138.0,20100
2021-11-26,1130.0,1131.0,1106.0,1107.0,36100
2021-11-29,1100.0,1100.0,1068.0,1068.0,76500
2021-11-30,1082.0,1088.0,1051.0,1051.0,47500
2021-12-01,1050.0,1066.0,1032.0,1060.0,56400
2021-12-02,1060.0,1069.0,1047.0,1060.0,48400
2021-12-03,1067.0,1090.0,1062.0,1090.0,26000
2021-12-06,1097.0,1109.0,1079.0,1087.0,41600
2021-12-07,1087.0,1116.0,1087.0,1116.0,48700
2021-12-08,1116.0,1124.0,1105.0,1122.0,37600
2021-12-09,1120.0,1123.0,1109.0,1123.0,36300
2021-12-10,1129.0,1129.0,1101.0,1102.0,42700
2021-12-13,1104.0,1105.0,1085.0,1093.0,29100
2021-12-14,1096.0,1099.0,1086.0,1091.0,20200
2021-12-15,1082.0,1097.0,1082.0,1088.0,27100
2021-12-16,1097.0,1103.0,1089.0,1100.0,40700
2021-12-17,1099.0,1116.0,1099.0,1104.0,34900
2021-12-20,1097.0,1097.0,1068.0,1068.0,38400
2021-12-21,1077.0,1094.0,1072.0,1089.0,37500
2021-12-22,1090.0,1092.0,1073.0,1073.0,43500
2021-12-23,1080.0,1092.0,1080.0,1088.0,18000
2021-12-24,1090.0,1097.0,1083.0,1090.0,23400
2021-12-27,1094.0,1094.0,1076.0,1077.0,25000
2021-12-28,1085.0,1097.0,1080.0,1095.0,48200
2021-12-29,1093.0,1115.0,1093.0,1115.0,33700
2021-12-30,1115.0,1121.0,1108.0,1115.0,25300
2022-01-04,1129.0,1138.0,1118.0,1137.0,24700
2022-01-05,1139.0,1163.0,1139.0,1163.0,57000
2022-01-06,1162.0,1170.0,1146.0,1150.0,42400
2022-01-07,1152.0,1161.0,1147.0,1157.0,27200
2022-01-11,1157.0,1168.0,1142.0,1152.0,24800
2022-01-12,1152.0,1200.0,1148.0,1200.0,50200
2022-01-13,1197.0,1199.0,1183.0,1183.0,17600
2022-01-14,1165.0,1175.0,1152.0,1169.0,21900
2022-01-17,1187.0,1187.0,1152.0,1155.0,21900
2022-01-18,1159.0,1163.0,1125.0,1128.0,44200
2022-01-19,1100.0,1110.0,1079.0,1082.0,80400
2022-01-20,1080.0,1107.0,1080.0,1096.0,35200
2022-01-21,1077.0,1098.0,1070.0,1098.0,40100
2022-01-24,1092.0,1106.0,1079.0,1106.0,23200
2022-01-25,1118.0,1118.0,1080.0,1089.0,19100
2022-01-26,1093.0,1102.0,1084.0,1092.0,25100
2022-01-27,1090.0,1093.0,1066.0,1068.0,27300
2022-01-28,1083.0,1094.0,1078.0,1094.0,27800
2022-01-31,1085.0,1092.0,1060.0,1092.0,46100
2022-02-01,1098.0,1098.0,1075.0,1076.0,23100
2022-02-02,1081.0,1122.0,1080.0,1122.0,45000
2022-02-03,1119.0,1137.0,1109.0,1130.0,16000
2022-02-04,1124.0,1137.0,1087.0,1122.0,45300
2022-02-07,1111.0,1123.0,1102.0,1113.0,23300
2022-02-08,1122.0,1140.0,1113.0,1119.0,28400
2022-02-09,1140.0,1147.0,1124.0,1147.0,22000
2022-02-10,1154.0,1159.0,1132.0,1139.0,18700
2022-02-14,1121.0,1130.0,1112.0,1115.0,20800
2022-02-15,1122.0,1132.0,1106.0,1107.0,28000
2022-02-16,1124.0,1140.0,1124.0,1135.0,18900
2022-02-17,1135.0,1144.0,1122.0,1123.0,16000
2022-02-18,1118.0,1132.0,1116.0,1132.0,21100
2022-02-21,1116.0,1118.0,1106.0,1118.0,21700
2022-02-22,1106.0,1106.0,1083.0,1090.0,23800
2022-02-24,1084.0,1093.0,1073.0,1092.0,47700
2022-02-25,1098.0,1098.0,1081.0,1090.0,38200
2022-02-28,1100.0,1124.0,1094.0,1119.0,43500
2022-03-01,1120.0,1138.0,1100.0,1109.0,81000
2022-03-02,1096.0,1110.0,1092.0,1097.0,48300
2022-03-03,1110.0,1117.0,1099.0,1107.0,29400
2022-03-04,1102.0,1108.0,1075.0,1082.0,32100
2022-03-07,1080.0,1089.0,1041.0,1045.0,53500
2022-03-08,1032.0,1034.0,996.0,999.0,64500
2022-03-09,1000.0,1019.0,991.0,997.0,52800
2022-03-10,1022.0,1035.0,1017.0,1035.0,55400
2022-03-11,1018.0,1025.0,991.0,1007.0,48700
2022-03-14,1013.0,1026.0,1010.0,1021.0,22900
2022-03-15,1031.0,1036.0,1018.0,1035.0,22600
2022-03-16,1042.0,1042.0,1013.0,1028.0,34700
2022-03-17,1036.0,1041.0,1022.0,1039.0,38800
2022-03-18,1043.0,1047.0,1023.0,1047.0,70000
2022-03-22,1050.0,1064.0,1034.0,1064.0,49000
2022-03-23,1066.0,1072.0,1059.0,1069.0,60000
2022-03-24,1058.0,1066.0,1048.0,1066.0,54100
2022-03-25,1075.0,1075.0,1060.0,1070.0,50200
2022-03-28,1077.0,1081.0,1071.0,1074.0,34700
2022-03-29,1084.0,1084.0,1057.0,1076.0,90300
2022-03-30,1065.0,1069.0,1042.0,1062.0,57200
2022-03-31,1059.0,1066.0,1046.0,1050.0,51000
2022-04-01,1038.0,1060.0,1028.0,1059.0,33700
2022-04-04,1059.0,1059.0,1050.0,1056.0,17100
2022-04-05,1063.0,1063.0,1044.0,1054.0,29700
2022-04-06,1051.0,1051.0,1023.0,1023.0,37800
2022-04-07,1011.0,1014.0,997.0,1010.0,46000
2022-04-08,1005.0,1010.0,997.0,1008.0,50200
2022-04-11,1010.0,1020.0,997.0,998.0,36600
2022-04-12,998.0,1011.0,998.0,1004.0,32600
2022-04-13,1004.0,1015.0,1001.0,1015.0,46700
2022-04-14,1015.0,1019.0,1009.0,1011.0,23700
2022-04-15,1014.0,1014.0,1003.0,1004.0,15300
2022-04-18,998.0,1004.0,990.0,1000.0,29500
2022-04-19,1000.0,1015.0,1000.0,1010.0,13900
2022-04-20,1015.0,1045.0,1015.0,1044.0,36400
2022-04-21,1039.0,1039.0,1025.0,1037.0,27600
2022-04-22,1018.0,1025.0,1005.0,1018.0,23600
2022-04-25,998.0,1009.0,996.0,1000.0,26100
2022-04-26,1000.0,1007.0,1000.0,1001.0,30500
2022-04-27,1001.0,1002.0,990.0,990.0,48000
2022-04-28,998.0,1034.0,998.0,1034.0,48800
2022-05-02,1034.0,1044.0,1027.0,1037.0,30000
2022-05-06,1039.0,1053.0,1036.0,1053.0,29800
2022-05-09,1047.0,1047.0,1015.0,1020.0,28400
2022-05-10,1013.0,1052.0,1011.0,1052.0,33000
2022-05-11,1050.0,1320.0,1021.0,1240.0,352600
2022-05-12,1199.0,1270.0,1196.0,1215.0,351900
2022-05-13,1207.0,1245.0,1186.0,1244.0,181300
2022-05-16,1238.0,1238.0,1175.0,1198.0,84600
2022-05-17,1195.0,1240.0,1195.0,1241.0,56900
2022-05-18,1241.0,1243.0,1221.0,1241.0,34800
2022-05-19,1204.0,1239.0,1191.0,1239.0,67000
2022-05-20,1238.0,1244.0,1223.0,1240.0,43100
2022-05-23,1245.0,1281.0,1239.0,1278.0,98200
2022-05-24,1285.0,1288.0,1264.0,1277.0,38500
2022-05-25,1275.0,1287.0,1258.0,1270.0,45100
2022-05-26,1270.0,1295.0,1270.0,1286.0,39800
2022-05-27,1293.0,1295.0,1281.0,1290.0,32400
2022-05-30,1300.0,1323.0,1295.0,1295.0,71300
2022-05-31,1303.0,1331.0,1295.0,1330.0,71800
2022-06-01,1328.0,1373.0,1328.0,1372.0,99400
2022-06-02,1372.0,1421.0,1360.0,1413.0,117700
2022-06-03,1423.0,1435.0,1410.0,1423.0,104700
2022-06-06,1411.0,1411.0,1369.0,1386.0,85400
2022-06-07,1386.0,1418.0,1386.0,1414.0,53300
2022-06-08,1418.0,1422.0,1396.0,1414.0,65600
2022-06-09,1396.0,1408.0,1382.0,1386.0,56000
2022-06-10,1364.0,1370.0,1352.0,1365.0,54800
2022-06-13,1348.0,1354.0,1340.0,1349.0,47300
2022-06-14,1322.0,1339.0,1303.0,1335.0,53700
2022-06-15,1321.0,1333.0,1293.0,1293.0,49200
2022-06-16,1305.0,1340.0,1305.0,1325.0,37300
2022-06-17,1291.0,1300.0,1280.0,1282.0,51800
2022-06-20,1284.0,1309.0,1265.0,1279.0,58100
2022-06-21,1301.0,1337.0,1301.0,1330.0,43300
2022-06-22,1358.0,1366.0,1344.0,1350.0,34000
2022-06-23,1357.0,1369.0,1341.0,1344.0,21800
2022-06-24,1325.0,1334.0,1315.0,1333.0,30700
2022-06-27,1363.0,1363.0,1338.0,1350.0,22700
2022-06-28,1340.0,1360.0,1340.0,1359.0,40200
2022-06-29,1361.0,1379.0,1340.0,1346.0,74900
2022-06-30,1353.0,1367.0,1343.0,1364.0,44700
2022-07-01,1353.0,1362.0,1303.0,1311.0,73500
2022-07-04,1309.0,1317.0,1274.0,1283.0,59000
2022-07-05,1283.0,1294.0,1282.0,1287.0,34800
2022-07-06,1271.0,1271.0,1240.0,1251.0,71700
2022-07-07,1251.0,1256.0,1232.0,1250.0,47500
2022-07-08,1340.0,1349.0,1305.0,1305.0,138800
2022-07-11,1302.0,1331.0,1302.0,1322.0,72800
2022-07-12,1313.0,1318.0,1288.0,1288.0,51500
2022-07-13,1293.0,1308.0,1293.0,1301.0,27400
2022-07-14,1295.0,1316.0,1282.0,1310.0,36400
2022-07-15,1310.0,1313.0,1292.0,1301.0,35900
2022-07-19,1310.0,1315.0,1303.0,1308.0,35300
2022-07-20,1333.0,1343.0,1325.0,1337.0,54800
2022-07-21,1344.0,1349.0,1325.0,1342.0,58900
2022-07-22,1337.0,1345.0,1323.0,1334.0,42200
2022-07-25,1324.0,1329.0,1310.0,1314.0,52000
2022-07-26,1320.0,1339.0,1320.0,1332.0,32300
2022-07-27,1332.0,1332.0,1317.0,1320.0,31900
2022-07-28,1327.0,1337.0,1313.0,1332.0,42300
2022-07-29,1332.0,1332.0,1317.0,1321.0,50600
2022-08-01,1321.0,1362.0,1320.0,1355.0,48300
2022-08-02,1350.0,1358.0,1331.0,1339.0,40900
2022-08-03,1344.0,1359.0,1340.0,1357.0,34000
2022-08-04,1370.0,1387.0,1362.0,1381.0,58400
2022-08-05,1392.0,1417.0,1240.0,1303.0,337400
2022-08-08,1298.0,1298.0,1239.0,1276.0,219000
2022-08-09,1273.0,1283.0,1259.0,1265.0,73800
2022-08-10,1261.0,1287.0,1257.0,1287.0,61600
2022-08-12,1302.0,1329.0,1300.0,1327.0,108500
2022-08-15,1333.0,1372.0,1330.0,1364.0,67800
2022-08-16,1364.0,1380.0,1352.0,1361.0,53200
2022-08-17,1378.0,1403.0,1373.0,1386.0,173000
2022-08-18,1376.0,1388.0,1376.0,1384.0,45100
2022-08-19,1402.0,1424.0,1400.0,1415.0,86200
2022-08-22,1410.0,1410.0,1388.0,1388.0,45200
2022-08-23,1376.0,1384.0,1365.0,1365.0,28000
2022-08-24,1373.0,1397.0,1373.0,1391.0,37600
2022-08-25,1393.0,1393.0,1362.0,1378.0,58500
2022-08-26,1379.0,1409.0,1379.0,1399.0,56300
2022-08-29,1397.0,1411.0,1384.0,1391.0,83100
2022-08-30,1408.0,1459.0,1408.0,1455.0,122300
2022-08-31,1435.0,1447.0,1413.0,1415.0,70600
2022-09-01,1408.0,1419.0,1383.0,1387.0,58500
2022-09-02,1390.0,1401.0,1355.0,1394.0,92900
2022-09-05,1383.0,1398.0,1367.0,1393.0,34900
2022-09-06,1396.0,1396.0,1374.0,1387.0,41600
2022-09-07,1386.0,1391.0,1371.0,1384.0,26400
2022-09-08,1392.0,1402.0,1380.0,1402.0,43700
2022-09-09,1393.0,1424.0,1393.0,1415.0,46300
2022-09-12,1423.0,1427.0,1408.0,1418.0,40700
2022-09-13,1410.0,1438.0,1409.0,1438.0,48200
2022-09-14,1400.0,1414.0,1394.0,1408.0,50500
2022-09-15,1410.0,1429.0,1399.0,1405.0,33600
2022-09-16,1405.0,1410.0,1386.0,1386.0,54400
2022-09-20,1411.0,1423.0,1399.0,1400.0,50300
2022-09-21,1379.0,1384.0,1373.0,1377.0,42700
2022-09-22,1361.0,1368.0,1351.0,1358.0,55000
2022-09-26,1346.0,1351.0,1309.0,1321.0,74100
2022-09-27,1328.0,1338.0,1312.0,1312.0,52200
2022-09-28,1404.0,1450.0,1400.0,1437.0,558500
2022-09-29,1455.0,1525.0,1451.0,1503.0,385600
2022-09-30,1494.0,1508.0,1436.0,1448.0,215200
2022-10-03,1437.0,1450.0,1421.0,1442.0,118400
2022-10-04,1480.0,1504.0,1473.0,1494.0,79500
2022-10-05,1520.0,1534.0,1505.0,1521.0,106000
2022-10-06,1530.0,1619.0,1530.0,1614.0,229500
2022-10-07,1600.0,1641.0,1594.0,1624.0,164900
2022-10-11,1624.0,1624.0,1556.0,1564.0,110400
2022-10-12,1546.0,1580.0,1535.0,1568.0,67900
2022-10-13,1560.0,1587.0,1556.0,1566.0,66600
2022-10-14,1595.0,1614.0,1572.0,1598.0,50300
2022-10-17,1582.0,1622.0,1582.0,1613.0,59200
2022-10-18,1635.0,1640.0,1610.0,1631.0,71600
2022-10-19,1630.0,1635.0,1620.0,1633.0,34000
2022-10-20,1630.0,1635.0,1607.0,1625.0,49400
2022-10-21,1628.0,1628.0,1578.0,1578.0,52900
2022-10-24,1599.0,1606.0,1572.0,1576.0,37400
2022-10-25,1575.0,1591.0,1563.0,1581.0,37000
2022-10-26,1583.0,1589.0,1571.0,1575.0,45500
2022-10-27,1565.0,1586.0,1555.0,1576.0,40100
2022-10-28,1578.0,1583.0,1553.0,1555.0,118400
2022-10-31,1585.0,1593.0,1561.0,1590.0,58800
2022-11-01,1595.0,1639.0,1593.0,1632.0,62700
2022-11-02,1632.0,1650.0,1628.0,1631.0,60600
2022-11-04,1615.0,1681.0,1615.0,1673.0,97900
2022-11-07,1680.0,1712.0,1676.0,1686.0,70800
2022-11-08,1711.0,1762.0,1677.0,1739.0,196600
2022-11-09,1746.0,1746.0,1682.0,1706.0,101000
2022-11-10,1686.0,1715.0,1665.0,1694.0,72200
2022-11-11,1724.0,1728.0,1685.0,1697.0,51400
2022-11-14,1695.0,1697.0,1669.0,1673.0,38500
2022-11-15,1666.0,1707.0,1665.0,1700.0,39500
2022-11-16,1700.0,1716.0,1690.0,1715.0,43400
2022-11-17,1707.0,1707.0,1686.0,1699.0,43400
2022-11-18,1701.0,1724.0,1701.0,1706.0,44700
2022-11-21,1717.0,1729.0,1690.0,1696.0,35000
2022-11-22,1704.0,1724.0,1703.0,1703.0,40900
2022-11-24,1703.0,1715.0,1695.0,1703.0,38600
2022-11-25,1697.0,1718.0,1693.0,1702.0,52600
2022-11-28,1707.0,1707.0,1677.0,1685.0,57200
2022-11-29,1666.0,1693.0,1647.0,1687.0,62600
2022-11-30,1667.0,1739.0,1666.0,1730.0,109800
2022-12-01,1728.0,1728.0,1697.0,1697.0,34100
2022-12-02,1688.0,1697.0,1664.0,1683.0,66300
2022-12-05,1683.0,1683.0,1652.0,1672.0,48200
2022-12-06,1650.0,1658.0,1635.0,1636.0,62400
2022-12-07,1638.0,1668.0,1630.0,1654.0,33300
2022-12-08,1660.0,1660.0,1634.0,1651.0,49900
2022-12-09,1642.0,1655.0,1641.0,1645.0,42400
2022-12-12,1641.0,1643.0,1616.0,1622.0,35700
2022-12-13,1629.0,1639.0,1625.0,1627.0,24400
2022-12-14,1621.0,1650.0,1611.0,1645.0,46100
2022-12-15,1643.0,1662.0,1639.0,1651.0,36800
2022-12-16,1635.0,1636.0,1608.0,1612.0,46800
2022-12-19,1610.0,1631.0,1593.0,1613.0,40400
2022-12-20,1613.0,1637.0,1587.0,1600.0,44200
2022-12-21,1603.0,1611.0,1561.0,1572.0,53200
2022-12-22,1577.0,1603.0,1569.0,1600.0,31500
2022-12-23,1590.0,1594.0,1576.0,1592.0,25300
2022-12-26,1593.0,1610.0,1593.0,1605.0,17100
2022-12-27,1614.0,1619.0,1605.0,1614.0,13200
2022-12-28,1613.0,1623.0,1608.0,1613.0,22700
2022-12-29,1600.0,1622.0,1594.0,1622.0,32700
2022-12-30,1622.0,1639.0,1607.0,1622.0,39500
2023-01-04,1616.0,1616.0,1571.0,1574.0,31200
2023-01-05,1573.0,1575.0,1535.0,1539.0,43400
2023-01-06,1530.0,1539.0,1520.0,1532.0,34500
2023-01-10,1550.0,1564.0,1545.0,1548.0,37900
2023-01-11,1554.0,1569.0,1554.0,1562.0,37400
2023-01-12,1569.0,1579.0,1562.0,1564.0,25100
2023-01-13,1565.0,1572.0,1552.0,1556.0,27200
2023-01-16,1540.0,1562.0,1537.0,1551.0,34600
2023-01-17,1562.0,1585.0,1558.0,1578.0,32600
2023-01-18,1593.0,1594.0,1563.0,1584.0,28400
2023-01-19,1590.0,1590.0,1568.0,1573.0,23100
2023-01-20,1570.0,1608.0,1558.0,1604.0,29500
2023-01-23,1624.0,1643.0,1613.0,1643.0,48500
2023-01-24,1635.0,1641.0,1628.0,1629.0,33300
2023-01-25,1622.0,1655.0,1620.0,1647.0,32400
2023-01-26,1647.0,1650.0,1630.0,1649.0,22600
2023-01-27,1652.0,1677.0,1646.0,1677.0,39400
2023-01-30,1685.0,1693.0,1676.0,1681.0,58900
2023-01-31,1680.0,1680.0,1661.0,1669.0,45700
2023-02-01,1680.0,1697.0,1666.0,1688.0,44200
2023-02-02,1690.0,1690.0,1650.0,1667.0,49000
2023-02-03,1665.0,1690.0,1662.0,1684.0,31300
2023-02-06,1703.0,1726.0,1695.0,1716.0,49200
2023-02-07,1716.0,1740.0,1673.0,1699.0,130400
2023-02-08,1717.0,1717.0,1644.0,1657.0,117600
2023-02-09,1663.0,1684.0,1654.0,1673.0,49300
2023-02-10,1667.0,1695.0,1666.0,1675.0,82000
2023-02-13,1666.0,1668.0,1633.0,1660.0,69600
2023-02-14,1672.0,1693.0,1665.0,1691.0,51500
2023-02-15,1699.0,1725.0,1696.0,1712.0,69000
2023-02-16,1725.0,1736.0,1709.0,1729.0,71500
2023-02-17,1720.0,1799.0,1718.0,1795.0,110300
2023-02-20,1815.0,1869.0,1815.0,1862.0,153600
2023-02-21,1880.0,1889.0,1846.0,1857.0,102300
2023-02-22,1840.0,1913.0,1823.0,1895.0,139500
2023-02-24,1915.0,1915.0,1858.0,1872.0,94400
2023-02-27,1872.0,1942.0,1872.0,1941.0,87100
2023-02-28,1930.0,1975.0,1900.0,1907.0,121400
2023-03-01,1905.0,1942.0,1897.0,1936.0,146000
2023-03-02,1951.0,1955.0,1930.0,1952.0,99100
2023-03-03,1952.0,1980.0,1934.0,1979.0,127700
2023-03-06,1980.0,1990.0,1940.0,1960.0,131100
2023-03-07,1960.0,1982.0,1935.0,1972.0,135100
2023-03-08,1950.0,1983.0,1950.0,1973.0,73900
2023-03-09,1997.0,2034.0,1995.0,2010.0,117700
2023-03-10,1979.0,2008.0,1960.0,1994.0,93600
2023-03-13,1944.0,1966.0,1912.0,1945.0,120400
2023-03-14,1908.0,1912.0,1848.0,1871.0,135500
2023-03-15,1884.0,1957.0,1882.0,1945.0,78700
2023-03-16,1881.0,1882.0,1834.0,1858.0,101000
2023-03-17,1897.0,1905.0,1832.0,1837.0,72600
2023-03-20,1811.0,1844.0,1795.0,1805.0,68900
2023-03-22,1842.0,1847.0,1807.0,1809.0,48000
2023-03-23,1791.0,1849.0,1791.0,1847.0,42100
2023-03-24,1828.0,1857.0,1814.0,1851.0,85700
2023-03-27,1869.0,1892.0,1856.0,1886.0,75800
2023-03-28,1899.0,1919.0,1889.0,1899.0,67800
2023-03-29,1889.0,1938.0,1889.0,1933.0,99200
2023-03-30,1891.0,1930.0,1884.0,1930.0,80100
2023-03-31,1935.0,1986.0,1927.0,1976.0,84000
2023-04-03,1985.0,1989.0,1954.0,1982.0,73800
2023-04-04,1979.0,1990.0,1927.0,1956.0,143200
2023-04-05,1942.0,1942.0,1878.0,1878.0,78900
2023-04-06,1848.0,1856.0,1817.0,1825.0,66000
2023-04-07,1825.0,1853.0,1824.0,1846.0,35300
2023-04-10,1859.0,1883.0,1853.0,1866.0,36700
2023-04-11,1876.0,1886.0,1862.0,1883.0,41200
2023-04-12,1881.0,1927.0,1872.0,1920.0,48700
2023-04-13,1916.0,1918.0,1892.0,1905.0,42600
2023-04-14,1900.0,1904.0,1879.0,1892.0,48900
2023-04-17,1897.0,1899.0,1871.0,1882.0,25800
2023-04-18,1890.0,1899.0,1877.0,1895.0,25200
2023-04-19,1889.0,1910.0,1878.0,1910.0,32600
2023-04-20,1889.0,1916.0,1885.0,1887.0,37100
2023-04-21,1879.0,1892.0,1864.0,1876.0,37600
2023-04-24,1876.0,1876.0,1864.0,1864.0,12600
2023-04-25,1874.0,1885.0,1829.0,1829.0,38500
2023-04-26,1820.0,1820.0,1791.0,1808.0,50100
2023-04-27,1796.0,1836.0,1796.0,1832.0,48300
2023-04-28,1851.0,1867.0,1836.0,1864.0,48700
2023-05-01,1874.0,1909.0,1874.0,1906.0,51100
2023-05-02,1911.0,1915.0,1868.0,1895.0,71600
2023-05-08,1909.0,1996.0,1903.0,1989.0,163800
2023-05-09,1994.0,2048.0,1988.0,2044.0,121900
2023-05-10,2051.0,2096.0,1959.0,1960.0,362500
2023-05-11,2000.0,2000.0,1905.0,1937.0,202200
2023-05-12,1937.0,1988.0,1937.0,1976.0,66000
2023-05-15,1991.0,2019.0,1959.0,2014.0,97300
2023-05-16,2014.0,2014.0,1973.0,1980.0,79200
2023-05-17,1978.0,2000.0,1951.0,1996.0,60500
2023-05-18,1996.0,2059.0,1995.0,2044.0,143000
2023-05-19,2027.0,2047.0,2020.0,2025.0,46200
2023-05-22,2025.0,2032.0,2001.0,2021.0,43100
2023-05-23,2020.0,2037.0,1983.0,1983.0,51500
2023-05-24,1975.0,2007.0,1959.0,2003.0,32600
2023-05-25,1982.0,2003.0,1976.0,2000.0,59000
2023-05-26,1998.0,1998.0,1960.0,1960.0,57900
2023-05-29,1970.0,1998.0,1970.0,1988.0,39500
2023-05-30,1990.0,2046.0,1990.0,2042.0,50600
2023-05-31,2005.0,2024.0,1932.0,1933.0,102000
2023-06-01,1931.0,1949.0,1907.0,1921.0,47900
2023-06-02,1929.0,1992.0,1929.0,1991.0,45300
2023-06-05,2018.0,2050.0,2014.0,2024.0,91900
2023-06-06,2038.0,2086.0,2019.0,2086.0,143400
2023-06-07,2121.0,2136.0,2065.0,2080.0,105200
2023-06-08,2098.0,2149.0,2069.0,2088.0,91800
2023-06-09,2093.0,2119.0,2076.0,2115.0,104800
2023-06-12,2121.0,2144.0,2103.0,2117.0,76600
2023-06-13,2112.0,2118.0,2098.0,2115.0,80000
2023-06-14,2140.0,2230.0,2134.0,2210.0,166300
2023-06-15,2216.0,2216.0,2156.0,2168.0,86400
2023-06-16,2162.0,2210.0,2153.0,2195.0,146000
2023-06-19,2217.0,2237.0,2170.0,2183.0,70300
2023-06-20,2172.0,2185.0,2162.0,2179.0,35500
2023-06-21,2158.0,2217.0,2158.0,2201.0,44400
2023-06-22,2201.0,2235.0,2188.0,2195.0,48600
2023-06-23,2195.0,2219.0,2154.0,2171.0,44800
2023-06-26,2165.0,2207.0,2149.0,2190.0,46900
2023-06-27,2220.0,2227.0,2186.0,2212.0,52000
2023-06-28,2234.0,2275.0,2227.0,2275.0,70800
2023-06-29,2280.0,2299.0,2252.0,2262.0,58900
2023-06-30,2272.0,2286.0,2255.0,2263.0,42200
2023-07-03,2282.0,2329.0,2281.0,2320.0,63200
2023-07-04,2320.0,2356.0,2315.0,2329.0,46100
2023-07-05,2324.0,2363.0,2312.0,2359.0,51800
2023-07-06,2339.0,2363.0,2319.0,2333.0,49100
2023-07-07,2309.0,2319.0,2256.0,2290.0,78100
2023-07-10,2290.0,2328.0,2276.0,2289.0,58900
2023-07-11,2292.0,2311.0,2240.0,2240.0,49100
2023-07-12,2243.0,2262.0,2220.0,2238.0,56800
2023-07-13,2239.0,2281.0,2227.0,2267.0,41600
2023-07-14,2296.0,2296.0,2221.0,2228.0,46500
2023-07-18,2238.0,2257.0,2227.0,2252.0,28500
2023-07-19,2300.0,2309.0,2269.0,2309.0,63100
2023-07-20,2315.0,2356.0,2315.0,2334.0,57300
2023-07-21,2338.0,2338.0,2315.0,2321.0,30400
2023-07-24,2371.0,2487.0,2369.0,2487.0,165900
2023-07-25,2485.0,2486.0,2443.0,2453.0,88700
2023-07-26,2462.0,2473.0,2433.0,2450.0,57200
2023-07-27,2413.0,2435.0,2410.0,2426.0,59900
2023-07-28,2386.0,2431.0,2380.0,2418.0,109100
2023-07-31,2454.0,2477.0,2442.0,2471.0,69000
2023-08-01,2485.0,2526.0,2485.0,2523.0,69600
2023-08-02,2500.0,2528.0,2486.0,2503.0,57600
2023-08-03,2471.0,2471.0,2410.0,2426.0,114100
2023-08-04,2426.0,2470.0,2163.0,2270.0,456100
2023-08-07,2258.0,2262.0,2201.0,2261.0,170700
2023-08-08,2281.0,2289.0,2211.0,2211.0,150500
2023-08-09,2201.0,2230.0,2166.0,2211.0,140800
2023-08-10,2184.0,2212.0,2136.0,2211.0,137100
2023-08-14,2246.0,2246.0,2165.0,2167.0,111700
2023-08-15,2152.0,2198.0,2152.0,2185.0,79500
2023-08-16,2155.0,2170.0,2135.0,2135.0,91600
2023-08-17,2164.0,2193.0,2136.0,2187.0,85900
2023-08-18,2157.0,2176.0,2130.0,2139.0,55800
2023-08-21,2129.0,2157.0,2129.0,2132.0,61600
2023-08-22,2136.0,2158.0,2124.0,2158.0,43000
2023-08-23,2158.0,2183.0,2154.0,2183.0,37100
2023-08-24,2166.0,2174.0,2146.0,2166.0,74100
2023-08-25,2156.0,2159.0,2137.0,2141.0,46600
2023-08-28,2150.0,2193.0,2150.0,2190.0,67900
2023-08-29,2211.0,2217.0,2178.0,2213.0,78700
2023-08-30,2230.0,2234.0,2194.0,2221.0,82500
2023-08-31,2215.0,2279.0,2211.0,2276.0,109700
2023-09-01,2278.0,2369.0,2276.0,2352.0,175200
2023-09-04,2371.0,2444.0,2369.0,2444.0,93900
2023-09-05,2435.0,2450.0,2406.0,2440.0,100600
2023-09-06,2447.0,2493.0,2443.0,2456.0,124900
2023-09-07,2422.0,2465.0,2402.0,2403.0,74900
2023-09-08,2383.0,2439.0,2383.0,2402.0,97800
2023-09-11,2425.0,2453.0,2412.0,2440.0,65700
2023-09-12,2472.0,2492.0,2460.0,2464.0,76600
2023-09-13,2465.0,2497.0,2441.0,2468.0,102000
2023-09-14,2496.0,2544.0,2489.0,2544.0,106900
2023-09-15,2586.0,2656.0,2578.0,2625.0,162300
2023-09-19,2651.0,2715.0,2640.0,2711.0,121800
2023-09-20,2765.0,2789.0,2695.0,2695.0,129700
2023-09-21,2715.0,2757.0,2695.0,2700.0,101000
2023-09-22,2695.0,2744.0,2654.0,2721.0,106900
2023-09-25,2761.0,2770.0,2720.0,2737.0,129300
2023-09-26,2718.0,2728.0,2653.0,2674.0,157900
2023-09-27,2663.0,2679.0,2633.0,2659.0,118700
2023-09-28,2630.0,2696.0,2591.0,2605.0,84000
2023-09-29,2605.0,2645.0,2525.0,2545.0,106700
2023-10-02,2584.0,2601.0,2530.0,2530.0,79300
2023-10-03,2523.0,2523.0,2439.0,2442.0,93500
2023-10-04,2371.0,2380.0,2290.0,2298.0,122400
2023-10-05,2348.0,2384.0,2293.0,2326.0,88800
2023-10-06,2353.0,2368.0,2310.0,2342.0,68200
2023-10-10,2385.0,2447.0,2385.0,2445.0,86600
2023-10-11,2468.0,2482.0,2429.0,2460.0,78100
2023-10-12,2495.0,2512.0,2457.0,2507.0,66800
2023-10-13,2503.0,2507.0,2463.0,2472.0,62000
2023-10-16,2433.0,2467.0,2422.0,2457.0,55100
2023-10-17,2507.0,2526.0,2437.0,2445.0,70600
2023-10-18,2475.0,2482.0,2408.0,2451.0,48900
2023-10-19,2403.0,2425.0,2375.0,2396.0,51400
2023-10-20,2363.0,2394.0,2336.0,2367.0,58200
2023-10-23,2348.0,2360.0,2319.0,2326.0,54500
2023-10-24,2326.0,2348.0,2252.0,2337.0,56600
2023-10-25,2348.0,2369.0,2320.0,2321.0,51000
2023-10-26,2321.0,2334.0,2296.0,2301.0,47700
2023-10-27,2344.0,2406.0,2337.0,2404.0,59800
2023-10-30,2402.0,2410.0,2347.0,2366.0,67800
2023-10-31,2366.0,2418.0,2334.0,2410.0,91300
2023-11-01,2510.0,2510.0,2431.0,2459.0,72600
2023-11-02,2491.0,2491.0,2392.0,2406.0,52700
2023-11-06,2451.0,2473.0,2433.0,2465.0,79100
2023-11-07,2480.0,2718.0,2437.0,2715.0,498300
2023-11-08,2685.0,2685.0,2520.0,2562.0,406500
2023-11-09,2568.0,2647.0,2562.0,2638.0,146900
2023-11-10,2602.0,2662.0,2561.0,2662.0,110000
2023-11-13,2662.0,2675.0,2620.0,2670.0,72300
2023-11-14,2670.0,2703.0,2666.0,2672.0,74300
2023-11-15,2697.0,2703.0,2666.0,2699.0,70300
2023-11-16,2681.0,2712.0,2648.0,2694.0,68000
2023-11-17,2672.0,2782.0,2670.0,2781.0,112600
2023-11-20,2794.0,2805.0,2703.0,2715.0,83100
2023-11-21,2753.0,2792.0,2720.0,2767.0,83500
2023-11-22,2743.0,2856.0,2743.0,2779.0,133100
2023-11-24,2808.0,2844.0,2800.0,2834.0,59000
2023-11-27,2830.0,2882.0,2820.0,2823.0,54200
2023-11-28,2830.0,2844.0,2778.0,2797.0,36700
2023-11-29,2798.0,2802.0,2749.0,2765.0,59000
2023-11-30,2720.0,2777.0,2710.0,2763.0,56600
2023-12-01,2752.0,2796.0,2745.0,2778.0,54000
2023-12-04,2772.0,2772.0,2715.0,2759.0,89100
2023-12-05,2779.0,2815.0,2753.0,2753.0,87700
2023-12-06,2758.0,2833.0,2758.0,2833.0,81500
2023-12-07,2784.0,2797.0,2744.0,2760.0,71500
2023-12-08,2660.0,2660.0,2557.0,2581.0,160200
2023-12-11,2628.0,2629.0,2563.0,2616.0,63700
2023-12-12,2601.0,2608.0,2564.0,2570.0,50600
2023-12-13,2565.0,2568.0,2509.0,2522.0,72600
2023-12-14,2507.0,2510.0,2425.0,2435.0,114300
2023-12-15,2451.0,2485.0,2448.0,2471.0,95200
2023-12-18,2454.0,2498.0,2422.0,2485.0,85800
2023-12-19,2500.0,2516.0,2466.0,2504.0,53700
2023-12-20,2516.0,2537.0,2504.0,2530.0,88200
2023-12-21,2504.0,2512.0,2488.0,2491.0,54600
2023-12-22,2501.0,2533.0,2497.0,2502.0,63200
2023-12-25,2527.0,2538.0,2508.0,2523.0,51700
2023-12-26,2529.0,2538.0,2511.0,2522.0,39500
2023-12-27,2511.0,2555.0,2497.0,2551.0,68100
2023-12-28,2530.0,2548.0,2512.0,2541.0,44000
2023-12-29,2545.0,2576.0,2529.0,2555.0,59100
2024-01-04,2557.0,2625.0,2551.0,2620.0,80500
2024-01-05,2648.0,2665.0,2632.0,2658.0,53100
2024-01-09,2679.0,2703.0,2638.0,2665.0,56900
2024-01-10,2658.0,2690.0,2658.0,2662.0,43600
2024-01-11,2692.0,2737.0,2692.0,2702.0,69500
2024-01-12,2730.0,2730.0,2666.0,2684.0,93400
2024-01-15,2684.0,2731.0,2684.0,2730.0,7100
2024-01-16,2778.0,2778.0,2721.0,2737.0,49700
2024-01-17,2765.0,2824.0,2740.0,2745.0,84500
2024-01-18,2741.0,2814.0,2741.0,2795.0,53500
2024-01-19,2800.0,2805.0,2771.0,2794.0,45200
2024-01-22,2804.0,2833.0,2800.0,2830.0,41400
2024-01-23,2840.0,2845.0,2795.0,2815.0,49300
2024-01-24,2815.0,2845.0,2814.0,2819.0,45500
2024-01-25,2819.0,2861.0,2818.0,2858.0,60000
2024-01-26,2858.0,2869.0,2834.0,2838.0,54300
2024-01-29,2855.0,2929.0,2855.0,2910.0,68400
2024-01-30,2912.0,2912.0,2861.0,2871.0,49400
2024-01-31,2865.0,2914.0,2865.0,2914.0,59400
2024-02-01,2898.0,2948.0,2882.0,2929.0,52600
2024-02-02,2950.0,2950.0,2860.0,2900.0,49400
2024-02-05,2945.0,2945.0,2869.0,2922.0,76500
2024-02-06,2881.0,2936.0,2840.0,2882.0,133400
2024-02-07,2930.0,3025.0,2906.0,2930.0,127400
2024-02-08,2901.0,2920.0,2840.0,2866.0,89100
2024-02-09,2858.0,2895.0,2845.0,2873.0,51400
2024-02-13,2880.0,2895.0,2844.0,2893.0,58900
2024-02-14,2898.0,2898.0,2837.0,2865.0,65500
2024-02-15,2883.0,2891.0,2819.0,2837.0,54100
2024-02-16,2855.0,2955.0,2855.0,2929.0,77600
2024-02-19,2879.0,2922.0,2879.0,2910.0,44500
2024-02-20,2919.0,2940.0,2905.0,2928.0,33700
2024-02-21,2915.0,2969.0,2904.0,2956.0,49700
2024-02-22,2968.0,2995.0,2962.0,2985.0,29600
2024-02-26,2996.0,3025.0,2996.0,3010.0,48400
2024-02-27,3020.0,3095.0,3015.0,3030.0,46200
2024-02-28,3040.0,3085.0,3030.0,3060.0,36800
2024-02-29,3040.0,3085.0,3040.0,3060.0,55400
2024-03-01,3065.0,3075.0,3035.0,3050.0,40700
2024-03-04,3070.0,3075.0,3035.0,3045.0,47300
2024-03-05,3035.0,3080.0,3015.0,3055.0,39500
2024-03-06,3050.0,3080.0,3030.0,3060.0,38800
2024-03-07,3060.0,3065.0,2928.0,2937.0,110000
2024-03-08,2907.0,2947.0,2881.0,2913.0,89300
2024-03-11,2884.0,2895.0,2803.0,2844.0,86100
2024-03-12,2840.0,2881.0,2809.0,2881.0,56200
2024-03-13,2918.0,2929.0,2860.0,2862.0,33200
2024-03-14,2870.0,2919.0,2869.0,2911.0,50100
2024-03-15,2914.0,2925.0,2877.0,2905.0,72900
2024-03-18,2948.0,2977.0,2916.0,2932.0,50100
2024-03-19,2948.0,3025.0,2943.0,3025.0,65900
2024-03-21,3065.0,3065.0,3005.0,3025.0,94100
2024-03-22,3035.0,3085.0,3020.0,3050.0,64500
2024-03-25,3010.0,3025.0,2976.0,2990.0,55900
2024-03-26,3035.0,3035.0,2992.0,3020.0,49800
2024-03-27,2850.0,2866.0,2800.0,2833.0,464000
2024-03-28,2765.0,2787.0,2688.0,2689.0,206900
2024-03-29,2690.0,2732.0,2690.0,2722.0,48600
2024-04-01,2740.0,2755.0,2706.0,2725.0,104100
2024-04-02,2742.0,2742.0,2630.0,2645.0,102300
2024-04-03,2631.0,2700.0,2629.0,2668.0,81900
2024-04-04,2709.0,2709.0,2651.0,2658.0,54400
2024-04-05,2632.0,2669.0,2632.0,2663.0,57400
2024-04-08,2690.0,2690.0,2633.0,2640.0,47300
2024-04-09,2660.0,2739.0,2660.0,2735.0,70400
2024-04-10,2712.0,2744.0,2711.0,2711.0,42200
2024-04-11,2695.0,2734.0,2695.0,2720.0,26400
2024-04-12,2722.0,2740.0,2714.0,2714.0,38100
2024-04-15,2716.0,2752.0,2714.0,2752.0,39400
2024-04-16,2765.0,2765.0,2610.0,2614.0,116300
2024-04-17,2647.0,2650.0,2571.0,2590.0,62300
2024-04-18,2590.0,2648.0,2589.0,2645.0,45700
2024-04-19,2626.0,2631.0,2553.0,2593.0,50200
2024-04-22,2609.0,2657.0,2605.0,2650.0,33400
2024-04-23,2664.0,2664.0,2637.0,2637.0,22400
2024-04-24,2654.0,2667.0,2631.0,2650.0,38200
2024-04-25,2645.0,2660.0,2633.0,2637.0,31900
2024-04-26,2637.0,2648.0,2590.0,2644.0,53900
2024-04-30,2649.0,2684.0,2643.0,2675.0,45000
2024-05-01,2659.0,2659.0,2614.0,2629.0,39800
2024-05-02,2613.0,2618.0,2593.0,2599.0,35400
2024-05-07,2632.0,2639.0,2603.0,2616.0,52300
2024-05-08,2621.0,2637.0,2613.0,2620.0,29100
2024-05-09,2639.0,2654.0,2615.0,2640.0,34300
2024-05-10,2640.0,2661.0,2450.0,2499.0,170500
2024-05-13,2535.0,2536.0,2471.0,2474.0,89300
2024-05-14,2495.0,2495.0,2449.0,2486.0,86700
2024-05-15,2486.0,2495.0,2470.0,2470.0,41500
2024-05-16,2465.0,2465.0,2413.0,2417.0,76200
2024-05-17,2402.0,2423.0,2388.0,2410.0,65300
2024-05-20,2410.0,2508.0,2410.0,2481.0,46500
2024-05-21,2472.0,2493.0,2451.0,2451.0,38700
2024-05-22,2451.0,2468.0,2440.0,2440.0,43600
2024-05-23,2441.0,2442.0,2404.0,2417.0,32700
2024-05-24,2400.0,2437.0,2386.0,2435.0,42200
2024-05-27,2435.0,2449.0,2427.0,2444.0,23900
2024-05-28,2459.0,2515.0,2459.0,2475.0,57200
2024-05-29,2475.0,2478.0,2422.0,2422.0,46600
2024-05-30,2400.0,2420.0,2390.0,2406.0,53400
2024-05-31,2417.0,2453.0,2417.0,2450.0,49200
2024-06-03,2461.0,2485.0,2455.0,2457.0,32900
2024-06-04,2489.0,2489.0,2458.0,2481.0,82700
2024-06-05,2480.0,2480.0,2414.0,2416.0,72800
2024-06-06,2417.0,2433.0,2403.0,2414.0,44000
2024-06-07,2419.0,2420.0,2380.0,2381.0,67200
2024-06-10,2384.0,2449.0,2384.0,2449.0,43300
2024-06-11,2444.0,2452.0,2431.0,2432.0,23300
2024-06-12,2425.0,2445.0,2421.0,2428.0,34800
2024-06-13,2421.0,2433.0,2395.0,2397.0,46100
2024-06-14,2397.0,2445.0,2392.0,2441.0,46900
2024-06-17,2418.0,2418.0,2362.0,2378.0,62200
2024-06-18,2419.0,2440.0,2416.0,2431.0,37700
2024-06-19,2431.0,2484.0,2430.0,2473.0,46900
2024-06-20,2470.0,2484.0,2429.0,2452.0,50000
2024-06-21,2458.0,2473.0,2421.0,2428.0,106600
2024-06-24,2445.0,2446.0,2424.0,2433.0,53900
2024-06-25,2470.0,2502.0,2460.0,2499.0,55900
2024-06-26,2500.0,2500.0,2467.0,2474.0,35100
2024-06-27,2476.0,2495.0,2476.0,2493.0,27300
2024-06-28,2499.0,2499.0,2474.0,2489.0,30600
2024-07-01,2498.0,2498.0,2476.0,2481.0,36200
2024-07-02,2481.0,2496.0,2476.0,2483.0,42800
2024-07-03,2483.0,2504.0,2480.0,2496.0,28100
2024-07-04,2491.0,2525.0,2491.0,2523.0,30300
2024-07-05,2523.0,2525.0,2483.0,2485.0,41600
2024-07-08,2485.0,2485.0,2422.0,2428.0,63300
2024-07-09,2460.0,2460.0,2424.0,2435.0,44900
2024-07-10,2415.0,2430.0,2384.0,2391.0,79000
2024-07-11,2413.0,2418.0,2400.0,2406.0,48900
2024-07-12,2396.0,2429.0,2396.0,2406.0,30100
2024-07-16,2420.0,2438.0,2412.0,2412.0,26300
2024-07-17,2420.0,2443.0,2420.0,2428.0,29100
2024-07-18,2421.0,2443.0,2417.0,2431.0,26900
2024-07-19,2428.0,2428.0,2386.0,2395.0,53400
2024-07-22,2388.0,2397.0,2319.0,2319.0,92700
2024-07-23,2328.0,2355.0,2315.0,2321.0,55700
2024-07-24,2319.0,2338.0,2290.0,2290.0,67900
2024-07-25,2261.0,2274.0,2249.0,2260.0,61400
2024-07-26,2261.0,2276.0,2251.0,2251.0,35200
2024-07-29,2301.0,2307.0,2271.0,2293.0,31000
2024-07-30,2279.0,2296.0,2273.0,2291.0,59100
2024-07-31,2284.0,2346.0,2255.0,2346.0,68200
2024-08-01,2296.0,2303.0,2231.0,2250.0,74400
2024-08-02,2150.0,2161.0,2000.0,2009.0,235200
2024-08-05,1980.0,2033.0,1664.0,1665.0,214900
2024-08-06,1865.0,1939.0,1816.0,1907.0,119200
2024-08-07,1867.0,1957.0,1835.0,1913.0,111700
2024-08-08,1875.0,1917.0,1864.0,1874.0,85100
2024-08-09,1914.0,1934.0,1851.0,1900.0,110400
2024-08-13,1907.0,1938.0,1878.0,1938.0,96400
2024-08-14,1941.0,1956.0,1922.0,1943.0,101500
2024-08-15,1942.0,1974.0,1924.0,1951.0,68300
2024-08-16,2005.0,2032.0,1993.0,2024.0,75500
2024-08-19,2025.0,2039.0,1978.0,1978.0,60700
2024-08-20,1998.0,2015.0,1986.0,2011.0,44200
2024-08-21,1988.0,1999.0,1974.0,1981.0,50100
2024-08-22,1998.0,2003.0,1985.0,2003.0,24800
2024-08-23,2000.0,2018.0,1995.0,2017.0,39300
2024-08-26,2013.0,2017.0,1993.0,2010.0,45300
2024-08-27,2000.0,2027.0,1995.0,2024.0,33400
2024-08-28,2022.0,2022.0,2000.0,2022.0,40400
2024-08-29,2011.0,2031.0,2007.0,2030.0,44400
2024-08-30,2040.0,2073.0,2040.0,2065.0,52400
2024-09-02,2075.0,2087.0,2047.0,2058.0,59500
2024-09-03,2067.0,2079.0,2053.0,2062.0,43400
2024-09-04,2010.0,2022.0,1983.0,1985.0,107100
2024-09-05,1980.0,2019.0,1963.0,1997.0,59400
2024-09-06,1997.0,1998.0,1964.0,1971.0,62000
2024-09-09,1931.0,1974.0,1929.0,1970.0,55000
2024-09-10,1970.0,1983.0,1961.0,1961.0,28500
2024-09-11,1960.0,1960.0,1889.0,1903.0,74500
2024-09-12,1943.0,1962.0,1925.0,1958.0,34200
2024-09-13,1948.0,1964.0,1941.0,1949.0,37300
2024-09-17,1968.0,1972.0,1935.0,1970.0,46100
2024-09-18,1981.0,2005.0,1977.0,1996.0,46500
2024-09-19,2010.0,2037.0,2010.0,2024.0,56900
2024-09-20,2050.0,2053.0,2028.0,2029.0,63700
2024-09-24,2037.0,2038.0,2015.0,2030.0,55700
2024-09-25,2024.0,2044.0,2010.0,2037.0,59600
2024-09-26,2048.0,2054.0,2015.0,2053.0,110500
2024-09-27,2041.0,2047.0,2016.0,2042.0,63800
2024-09-30,1996.0,1996.0,1962.0,1975.0,76100
2024-10-01,1977.0,2002.0,1973.0,2002.0,47700
2024-10-02,2002.0,2034.0,1993.0,2014.0,48900
2024-10-03,2051.0,2079.0,2035.0,2038.0,50900
2024-10-04,2049.0,2060.0,2045.0,2057.0,30500
2024-10-07,2082.0,2082.0,2048.0,2051.0,39400
2024-10-08,2045.0,2045.0,2011.0,2019.0,33200
2024-10-09,2034.0,2038.0,1983.0,1995.0,54900
2024-10-10,1999.0,2004.0,1989.0,1997.0,23000
2024-10-11,2013.0,2018.0,2000.0,2000.0,32000
2024-10-15,2010.0,2010.0,1985.0,1999.0,33200
2024-10-16,1980.0,2004.0,1974.0,1988.0,40700
2024-10-17,1994.0,2005.0,1980.0,1980.0,24500
2024-10-18,1990.0,1996.0,1968.0,1978.0,24300
2024-10-21,1980.0,1989.0,1970.0,1970.0,32800
2024-10-22,1973.0,1980.0,1939.0,1943.0,37600
2024-10-23,1944.0,1958.0,1931.0,1937.0,28100
2024-10-24,1927.0,1932.0,1900.0,1918.0,40300
2024-10-25,1915.0,1922.0,1890.0,1900.0,29600
2024-10-28,1881.0,1947.0,1878.0,1938.0,32800
2024-10-29,1947.0,1958.0,1934.0,1943.0,23100
2024-10-30,1936.0,1971.0,1933.0,1971.0,168100
2024-10-31,1972.0,1972.0,1938.0,1950.0,71300
2024-11-01,1934.0,1945.0,1921.0,1921.0,51500
2024-11-05,1925.0,1938.0,1910.0,1924.0,48200
2024-11-06,1941.0,1970.0,1894.0,1969.0,157000
2024-11-07,1943.0,2020.0,1938.0,1983.0,140600
2024-11-08,1985.0,1990.0,1892.0,1899.0,86900
2024-11-11,1890.0,1893.0,1845.0,1845.0,90500
2024-11-12,1850.0,1917.0,1850.0,1900.0,86600
2024-11-13,1887.0,1910.0,1863.0,1864.0,57700
2024-11-14,1874.0,1900.0,1866.0,1866.0,58900
2024-11-15,1889.0,1901.0,1870.0,1878.0,30400
2024-11-18,1870.0,1901.0,1870.0,1887.0,63800
2024-11-19,1887.0,1908.0,1885.0,1892.0,27900
2024-11-20,1892.0,1913.0,1882.0,1896.0,33200
2024-11-21,1882.0,1903.0,1882.0,1892.0,32500
2024-11-22,1892.0,1913.0,1892.0,1900.0,22600
2024-11-25,1905.0,1921.0,1895.0,1900.0,72800
2024-11-26,1900.0,1913.0,1868.0,1883.0,63500
2024-11-27,1875.0,1882.0,1826.0,1835.0,73500
2024-11-28,1831.0,1861.0,1831.0,1856.0,44000
2024-11-29,1853.0,1877.0,1853.0,1867.0,47900
2024-12-02,1867.0,1907.0,1866.0,1906.0,47800
2024-12-03,1915.0,1917.0,1884.0,1899.0,78900
2024-12-04,1919.0,1923.0,1881.0,1901.0,66500
2024-12-05,1899.0,1933.0,1899.0,1912.0,55900
2024-12-06,1910.0,1912.0,1888.0,1895.0,50800
2024-12-09,1895.0,1920.0,1890.0,1910.0,46400
2024-12-10,1930.0,1948.0,1923.0,1923.0,62500
2024-12-11,1938.0,1946.0,1926.0,1935.0,41800
2024-12-12,1941.0,1942.0,1926.0,1932.0,52400
2024-12-13,1912.0,1929.0,1897.0,1918.0,67500
2024-12-16,1920.0,1930.0,1911.0,1921.0,30800
2024-12-17,1918.0,1923.0,1894.0,1900.0,41700
2024-12-18,1901.0,1926.0,1901.0,1921.0,36100
2024-12-19,1910.0,1916.0,1892.0,1897.0,60500
2024-12-20,1898.0,1920.0,1896.0,1896.0,76800
2024-12-23,1895.0,1902.0,1870.0,1893.0,41100
2024-12-24,1893.0,1915.0,1891.0,1909.0,67100
2024-12-25,1929.0,1948.0,1911.0,1940.0,49200
2024-12-26,1942.0,1982.0,1942.0,1971.0,102400
2024-12-27,1991.0,2012.0,1985.0,2012.0,50800
2024-12-30,2016.0,2026.0,1998.0,2001.0,50300
2025-01-06,2009.0,2010.0,1984.0,2008.0,62300
2025-01-07,2008.0,2022.0,1980.0,2000.0,97300
2025-01-08,2006.0,2038.0,1997.0,2010.0,43400
2025-01-09,2002.0,2002.0,1978.0,1985.0,46200
2025-01-10,1985.0,1994.0,1966.0,1974.0,24700
2025-01-14,1990.0,1998.0,1961.0,1974.0,36400
2025-01-15,1973.0,1987.0,1966.0,1977.0,27500
2025-01-16,1977.0,1987.0,1948.0,1953.0,38800
2025-01-17,1953.0,1958.0,1934.0,1957.0,34300
2025-01-20,1967.0,2029.0,1967.0,2029.0,60100
2025-01-21,2033.0,2045.0,2011.0,2036.0,52500
2025-01-22,2041.0,2042.0,2027.0,2027.0,29400
2025-01-23,2027.0,2028.0,2005.0,2015.0,40400
2025-01-24,2020.0,2052.0,2020.0,2038.0,41800
2025-01-27,2055.0,2069.0,2046.0,2060.0,37700
2025-01-28,2045.0,2074.0,2041.0,2060.0,33800
2025-01-29,2060.0,2071.0,2050.0,2054.0,23100
2025-01-30,2069.0,2092.0,2058.0,2088.0,36100
2025-01-31,2080.0,2080.0,2061.0,2080.0,42000
2025-02-03,2065.0,2066.0,2021.0,2036.0,61100
2025-02-04,2050.0,2205.0,2050.0,2188.0,207900
2025-02-05,2188.0,2195.0,2109.0,2133.0,97300
2025-02-06,2126.0,2148.0,2106.0,2140.0,47700
2025-02-07,2144.0,2163.0,2138.0,2161.0,68500
2025-02-10,2157.0,2157.0,2123.0,2125.0,28600
2025-02-12,2152.0,2163.0,2112.0,2131.0,39800
2025-02-13,2121.0,2148.0,2121.0,2131.0,27200
2025-02-14,2131.0,2147.0,2106.0,2127.0,38000
2025-02-17,2127.0,2139.0,2116.0,2121.0,20000
2025-02-18,2111.0,2133.0,2096.0,2130.0,29900
2025-02-19,2131.0,2150.0,2124.0,2145.0,28100
2025-02-20,2142.0,2151.0,2097.0,2108.0,33500
2025-02-21,2100.0,2100.0,2073.0,2091.0,30500
2025-02-25,2070.0,2091.0,2062.0,2085.0,24800
2025-02-26,2076.0,2099.0,2065.0,2088.0,41100
2025-02-27,2084.0,2132.0,2084.0,2132.0,42000
2025-02-28,2122.0,2122.0,2091.0,2100.0,35800
2025-03-03,2133.0,2156.0,2122.0,2141.0,46000
2025-03-04,2135.0,2148.0,2116.0,2133.0,27800
2025-03-05,2129.0,2152.0,2118.0,2148.0,40800
2025-03-06,2155.0,2185.0,2155.0,2172.0,51500
2025-03-07,2152.0,2175.0,2134.0,2175.0,39400
2025-03-10,2188.0,2228.0,2188.0,2208.0,57500
2025-03-11,2189.0,2193.0,2153.0,2181.0,48400
2025-03-12,2217.0,2232.0,2189.0,2224.0,62200
2025-03-13,2224.0,2253.0,2224.0,2228.0,47500
2025-03-14,2204.0,2253.0,2204.0,2238.0,36900
2025-03-17,2271.0,2285.0,2252.0,2266.0,53300
2025-03-18,2290.0,2312.0,2287.0,2295.0,48000
2025-03-19,2310.0,2333.0,2304.0,2325.0,86000
2025-03-21,2313.0,2323.0,2308.0,2310.0,44200
2025-03-24,2310.0,2312.0,2260.0,2292.0,58800
2025-03-25,2308.0,2308.0,2262.0,2283.0,32800
2025-03-26,2297.0,2297.0,2276.0,2282.0,60000
2025-03-27,2263.0,2291.0,2253.0,2291.0,104500
2025-03-28,2211.0,2227.0,2165.0,2179.0,56600
2025-03-31,2147.0,2159.0,2104.0,2126.0,59400
2025-04-01,2165.0,2165.0,2117.0,2131.0,46200
2025-04-02,2150.0,2151.0,2102.0,2130.0,33500
2025-04-03,2050.0,2072.0,2028.0,2053.0,66200
2025-04-04,1982.0,1992.0,1873.0,1916.0,86300
2025-04-07,1731.0,1825.0,1724.0,1786.0,71300
2025-04-08,1860.0,1939.0,1860.0,1915.0,54900
2025-04-09,1876.0,1876.0,1806.0,1834.0,58900
2025-04-10,2023.0,2023.0,1932.0,1950.0,49100
2025-04-11,1870.0,1931.0,1853.0,1929.0,34500
2025-04-14,1969.0,1969.0,1918.0,1954.0,27500
2025-04-15,1976.0,1987.0,1965.0,1965.0,16900
2025-04-16,1976.0,1980.0,1935.0,1946.0,18700
2025-04-17,1950.0,1974.0,1944.0,1967.0,18600
2025-04-18,1992.0,2019.0,1992.0,2016.0,34300
2025-04-21,2016.0,2024.0,1988.0,2010.0,31300
2025-04-22,2002.0,2036.0,2002.0,2030.0,20400
2025-04-23,2054.0,2074.0,2036.0,2041.0,30100
2025-04-24,2065.0,2084.0,2051.0,2052.0,29700
2025-04-25,2051.0,2074.0,2040.0,2052.0,24000
2025-04-28,2063.0,2088.0,2057.0,2074.0,28700
2025-04-30,2077.0,2080.0,2033.0,2071.0,29900
2025-05-01,2072.0,2072.0,2043.0,2047.0,21300
2025-05-02,2055.0,2071.0,2031.0,2041.0,32600
2025-05-07,2033.0,2057.0,2013.0,2041.0,32400
2025-05-08,2057.0,2057.0,2024.0,2054.0,30300
2025-05-09,2060.0,2325.0,2060.0,2248.0,268800
2025-05-12,2200.0,2280.0,2189.0,2240.0,157200
2025-05-13,2274.0,2289.0,2245.0,2262.0,56100
2025-05-14,2246.0,2252.0,2187.0,2228.0,37900
2025-05-15,2212.0,2236.0,2181.0,2192.0,43900
2025-05-16,2183.0,2201.0,2162.0,2186.0,40700
2025-05-19,2169.0,2197.0,2142.0,2188.0,35700
2025-05-20,2202.0,2225.0,2199.0,2199.0,39600
2025-05-21,2265.0,2309.0,2255.0,2277.0,120200
2025-05-22,2240.0,2249.0,2216.0,2221.0,62000
2025-05-23,2233.0,2245.0,2222.0,2229.0,31400
2025-05-26,2239.0,2270.0,2229.0,2234.0,41000
2025-05-27,2230.0,2244.0,2223.0,2237.0,30300
2025-05-28,2250.0,2291.0,2250.0,2274.0,51500
2025-05-29,2277.0,2286.0,2262.0,2282.0,34400
2025-05-30,2238.0,2283.0,2231.0,2282.0,44300
2025-06-02,2280.0,2288.0,2252.0,2279.0,48500
2025-06-03,2268.0,2292.0,2240.0,2282.0,58500
2025-06-04,2280.0,2328.0,2267.0,2314.0,55800
2025-06-05,2277.0,2295.0,2271.0,2276.0,35700
2025-06-06,2326.0,2340.0,2299.0,2309.0,115700
2025-06-09,2310.0,2311.0,2264.0,2268.0,74200
2025-06-10,2276.0,2295.0,2251.0,2259.0,58700
2025-06-11,2254.0,2269.0,2245.0,2269.0,27100
2025-06-12,2253.0,2256.0,2233.0,2242.0,34600
2025-06-13,2229.0,2230.0,2191.0,2207.0,76200
2025-06-16,2220.0,2238.0,2206.0,2208.0,36800
2025-06-17,2200.0,2212.0,2195.0,2200.0,28700
2025-06-18,2200.0,2203.0,2187.0,2203.0,48500
2025-06-19,2202.0,2211.0,2181.0,2200.0,60000
2025-06-20,2206.0,2212.0,2185.0,2208.0,130600
2025-06-23,2187.0,2189.0,2171.0,2181.0,57000
2025-06-24,2201.0,2212.0,2173.0,2179.0,38900
2025-06-25,2188.0,2194.0,2169.0,2188.0,67500
2025-06-26,2198.0,2224.0,2194.0,2220.0,56400
2025-06-27,2237.0,2266.0,2227.0,2256.0,85900
2025-06-30,2270.0,2270.0,2251.0,2265.0,62600
2025-07-01,2252.0,2258.0,2237.0,2251.0,28700
2025-07-02,2240.0,2269.0,2240.0,2250.0,33100
2025-07-03,2255.0,2297.0,2254.0,2292.0,81900
2025-07-04,2302.0,2316.0,2287.0,2302.0,95100
2025-07-07,2322.0,2325.0,2286.0,2296.0,116900
2025-07-08,2296.0,2365.0,2285.0,2359.0,188900
2025-07-09,2387.0,2420.0,2377.0,2395.0,125200
2025-07-10,2417.0,2417.0,2388.0,2396.0,59200
2025-07-11,2406.0,2444.0,2401.0,2425.0,135500
2025-07-14,2425.0,2456.0,2414.0,2446.0,111500
2025-07-15,2454.0,2480.0,2427.0,2472.0,71100
2025-07-16,2462.0,2488.0,2446.0,2456.0,73900
2025-07-17,2455.0,2480.0,2432.0,2480.0,52000
2025-07-18,2480.0,2483.0,2452.0,2466.0,63700
2025-07-22,2466.0,2500.0,2466.0,2497.0,60400
2025-07-23,2514.0,2574.0,2514.0,2553.0,123800
2025-07-24,2578.0,2598.0,2569.0,2598.0,90600
2025-07-25,2583.0,2590.0,2544.0,2563.0,86700
2025-07-28,2578.0,2605.0,2560.0,2602.0,74500
2025-07-29,2601.0,2625.0,2590.0,2624.0,75800
2025-07-30,2623.0,2629.0,2601.0,2610.0,46900
2025-07-31,2610.0,2625.0,2600.0,2618.0,72700
2025-08-01,2618.0,2654.0,2618.0,2638.0,66700
2025-08-04,2590.0,2644.0,2575.0,2644.0,83800
2025-08-05,2640.0,2847.0,2619.0,2817.0,337600
2025-08-06,2826.0,2838.0,2769.0,2797.0,159900
2025-08-07,2766.0,2847.0,2766.0,2811.0,124300
2025-08-08,2811.0,2845.0,2795.0,2842.0,65200
2025-08-12,2850.0,2899.0,2848.0,2855.0,128000
2025-08-13,2891.0,2895.0,2862.0,2866.0,60600
2025-08-14,2857.0,2865.0,2815.0,2830.0,63700
2025-08-15,2830.0,2867.0,2817.0,2861.0,52700
2025-08-18,2884.0,2928.0,2872.0,2920.0,102200
2025-08-19,2923.0,2935.0,2900.0,2917.0,58100
2025-08-20,2930.0,2939.0,2896.0,2920.0,64600
2025-08-21,2906.0,2931.0,2895.0,2912.0,38700
2025-08-22,2912.0,2937.0,2898.0,2927.0,44500
2025-08-25,2935.0,2970.0,2935.0,2956.0,62500
2025-08-26,2941.0,2954.0,2887.0,2887.0,67000
2025-08-27,2887.0,2932.0,2872.0,2924.0,54600
2025-08-28,2904.0,2929.0,2904.0,2921.0,40800
2025-08-29,2911.0,2952.0,2904.0,2937.0,49700
2025-09-01,2932.0,2948.0,2912.0,2928.0,42900
2025-09-02,2928.0,2962.0,2916.0,2925.0,55900
2025-09-03,2949.0,2985.0,2949.0,2963.0,119400
2025-09-04,2952.0,2985.0,2935.0,2970.0,34900
2025-09-05,2998.0,3040.0,2985.0,3025.0,81800
2025-09-08,3050.0,3070.0,3020.0,3060.0,53800
2025-09-09,3070.0,3090.0,3040.0,3040.0,60700
2025-09-10,3050.0,3080.0,3025.0,3025.0,57800
2025-09-11,3020.0,3035.0,2990.0,3005.0,45000
2025-09-12,3020.0,3035.0,3000.0,3015.0,46100
2025-09-16,3015.0,3040.0,3010.0,3030.0,51300
2025-09-17,3030.0,3030.0,2961.0,2974.0,61400
2025-09-18,2980.0,2980.0,2955.0,2963.0,54900
2025-09-19,2970.0,2981.0,2930.0,2950.0,76000
2025-09-22,2932.0,2951.0,2926.0,2928.0,85000
2025-09-24,2929.0,2936.0,2910.0,2929.0,65900
2025-09-25,2945.0,2947.0,2919.0,2939.0,54700
2025-09-26,2939.0,2980.0,2930.0,2977.0,97600
2025-09-29,2915.0,2915.0,2887.0,2890.0,71900
2025-09-30,2872.0,2875.0,2822.0,2842.0,63800
2025-10-01,2825.0,2829.0,2753.0,2776.0,88300
2025-10-02,2765.0,2812.0,2761.0,2807.0,59300
2025-10-03,2807.0,2851.0,2807.0,2846.0,49300
2025-10-06,2900.0,2913.0,2851.0,2864.0,62700
2025-10-07,2852.0,2886.0,2851.0,2873.0,37600
2025-10-08,2875.0,2907.0,2836.0,2841.0,46900
2025-10-09,2858.0,2881.0,2834.0,2881.0,55200
2025-10-10,2834.0,2834.0,2780.0,2791.0,85000
2025-10-14,2748.0,2786.0,2730.0,2770.0,61600
2025-10-15,2778.0,2806.0,2751.0,2796.0,48300
2025-10-16,2790.0,2817.0,2786.0,2807.0,36100
2025-10-17,2800.0,2815.0,2792.0,2796.0,31900
2025-10-20,2815.0,2839.0,2800.0,2833.0,47200
2025-10-21,2842.0,2842.0,2802.0,2804.0,45800
2025-10-22,2810.0,2865.0,2803.0,2858.0,64700
2025-10-23,2838.0,2870.0,2829.0,2848.0,57000
2025-10-24,2848.0,2848.0,2822.0,2838.0,41000
2025-10-27,2879.0,2927.0,2875.0,2925.0,86300
2025-10-28,2902.0,2916.0,2828.0,2830.0,82700
2025-10-29,2837.0,2841.0,2775.0,2775.0,59800
2025-10-30,2777.0,2817.0,2777.0,2817.0,163900
2025-10-31,2824.0,2859.0,2821.0,2856.0,73000
2025-11-04,2869.0,2914.0,2860.0,2879.0,63800
2025-11-05,2856.0,2965.0,2770.0,2822.0,502200
2025-11-06,2833.0,2889.0,2815.0,2858.0,125900
2025-11-07,2854.0,2861.0,2810.0,2826.0,61300
2025-11-10,2856.0,2882.0,2842.0,2868.0,52900
2025-11-11,2863.0,2868.0,2821.0,2839.0,56000
2025-11-12,2854.0,2916.0,2854.0,2894.0,68800
2025-11-13,2899.0,2920.0,2896.0,2914.0,41800
2025-11-14,2890.0,2914.0,2882.0,2891.0,39900
2025-11-17,2890.0,2900.0,2850.0,2858.0,31200
2025-11-18,2853.0,2872.0,2806.0,2811.0,47500
2025-11-19,2801.0,2821.0,2785.0,2805.0,40800
2025-11-20,2826.0,2886.0,2826.0,2872.0,53000
2025-11-21,2827.0,2895.0,2821.0,2890.0,52000
2025-11-25,2900.0,2926.0,2892.0,2915.0,49200
2025-11-26,2930.0,2961.0,2929.0,2961.0,61400
2025-11-27,2965.0,2974.0,2950.0,2972.0,47200
2025-11-28,2980.0,3025.0,2967.0,3020.0,76500
2025-12-01,3030.0,3055.0,2986.0,2994.0,55800
2025-12-02,3015.0,3015.0,2933.0,2944.0,67400
2025-12-03,2940.0,2949.0,2913.0,2940.0,55400
2025-12-04,2956.0,2964.0,2935.0,2964.0,38400
2025-12-05,2950.0,2955.0,2905.0,2910.0,64400
2025-12-08,2918.0,2952.0,2910.0,2951.0,46200
2025-12-09,2951.0,2960.0,2924.0,2938.0,23400
2025-12-10,2943.0,2972.0,2943.0,2955.0,30500
2025-12-11,2978.0,2978.0,2914.0,2916.0,35400
2025-12-12,2974.0,3000.0,2955.0,3000.0,54800
2025-12-15,2990.0,3030.0,2980.0,3030.0,33200
2025-12-16,3030.0,3030.0,2980.0,2994.0,33200
2025-12-17,3005.0,3005.0,2965.0,2992.0,29000
2025-12-18,2992.0,3015.0,2972.0,3015.0,24400
2025-12-19,3015.0,3050.0,3010.0,3045.0,36700
2025-12-22,3065.0,3110.0,3050.0,3100.0,47900
2025-12-23,3100.0,3115.0,3075.0,3090.0,25700
2025-12-24,3110.0,3115.0,3055.0,3085.0,51600
2025-12-25,3100.0,3110.0,3065.0,3065.0,28300
2025-12-26,3085.0,3110.0,3075.0,3110.0,35100
2025-12-29,3100.0,3130.0,3090.0,3125.0,45800
2025-12-30,3120.0,3120.0,3095.0,3095.0,26300
2026-01-05,3095.0,3170.0,3095.0,3155.0,73400
2026-01-06,3190.0,3220.0,3185.0,3205.0,63900
2026-01-07,3190.0,3260.0,3190.0,3230.0,81300
2026-01-08,3260.0,3265.0,3235.0,3260.0,39800
2026-01-09,3250.0,3290.0,3250.0,3270.0,43000
2026-01-13,3300.0,3325.0,3280.0,3300.0,45600
2026-01-14,3320.0,3345.0,3310.0,3345.0,69000
2026-01-15,3335.0,3360.0,3320.0,3350.0,38900
2026-01-16,3355.0,3375.0,3340.0,3355.0,27600
2026-01-19,3365.0,3365.0,3255.0,3315.0,35600
2026-01-20,3310.0,3310.0,3245.0,3245.0,45900
2026-01-21,3230.0,3250.0,3195.0,3235.0,49600
2026-01-22,3255.0,3310.0,3250.0,3295.0,38700
2026-01-23,3315.0,3315.0,3250.0,3265.0,33800
2026-01-26,3215.0,3220.0,3185.0,3200.0,46300
2026-01-27,3170.0,3200.0,3125.0,3150.0,55200
2026-01-28,3150.0,3150.0,3085.0,3085.0,62600
2026-01-29,3100.0,3140.0,3045.0,3120.0,45200
2026-01-30,3125.0,3140.0,3100.0,3130.0,28500
2026-02-02,3140.0,3180.0,3105.0,3115.0,62700
2026-02-03,3150.0,3185.0,3140.0,3175.0,48900
2026-02-04,3180.0,3245.0,3180.0,3230.0,58500
2026-02-05,3265.0,3290.0,3210.0,3210.0,39900
2026-02-06,3215.0,3465.0,3195.0,3380.0,240100
2026-02-09,3450.0,3450.0,3335.0,3385.0,111000
2026-02-10,3420.0,3450.0,3405.0,3440.0,61200
2026-02-12,3460.0,3550.0,3460.0,3525.0,93400
2026-02-13,3525.0,3525.0,3390.0,3420.0,77400
2026-02-16,3480.0,3510.0,3440.0,3455.0,86900
2026-02-17,3470.0,3490.0,3435.0,3465.0,42100
2026-02-18,3465.0,3570.0,3465.0,3550.0,68300
2026-02-19,3560.0,3580.0,3530.0,3565.0,54100
2026-02-20,3550.0,3575.0,3505.0,3535.0,142200
2026-02-24,3535.0,3615.0,3510.0,3595.0,77400
2026-02-25,3590.0,3625.0,3560.0,3560.0,70200
2026-02-26,3570.0,3580.0,3510.0,3520.0,58200
2026-02-27,3560.0,3650.0,3530.0,3635.0,74900
2026-03-02,3565.0,3710.0,3550.0,3685.0,151300
2026-03-03,3660.0,3705.0,3570.0,3575.0,128700
2026-03-04,3435.0,3470.0,3265.0,3295.0,152700
2026-03-05,3435.0,3485.0,3385.0,3415.0,65700
2026-03-06,3345.0,3405.0,3315.0,3395.0,65700
2026-03-09,3200.0,3250.0,3150.0,3225.0,133900
2026-03-10,3300.0,3355.0,3285.0,3335.0,53500
2026-03-11,3355.0,3415.0,3355.0,3370.0,42700
2026-03-12,3370.0,3370.0,3230.0,3250.0,57300
2026-03-13,3195.0,3225.0,3175.0,3190.0,82600
2026-03-16,3175.0,3220.0,3150.0,3180.0,139700
2026-03-17,3225.0,3235.0,3165.0,3185.0,71000
2026-03-18,3225.0,3275.0,3220.0,3275.0,43800
2026-03-19,3205.0,3205.0,3085.0,3085.0,132800
2026-03-23,3015.0,3020.0,2948.0,2967.0,125800
2026-03-24,3065.0,3070.0,3020.0,3040.0,39500
2026-03-25,3130.0,3135.0,3105.0,3110.0,48400
2026-03-26,3130.0,3130.0,3055.0,3090.0,57100
2026-03-27,3085.0,3155.0,3070.0,3110.0,99100
2026-03-30,2900.0,2963.0,2888.0,2946.0,75100
2026-03-31,2923.0,2969.0,2900.0,2900.0,78400
2026-04-01,2987.0,2997.0,2951.0,2997.0,61800
2026-04-02,3005.0,3055.0,2947.0,2950.0,53900
2026-04-03,2996.0,3020.0,2976.0,2990.0,41600
2026-04-06,2990.0,3025.0,2982.0,3020.0,37000
2026-04-07,3045.0,3050.0,3010.0,3040.0,48400
2026-04-08,3105.0,3120.0,3075.0,3110.0,50100
2026-04-09,3125.0,3125.0,3055.0,3055.0,44600
2026-04-10,3065.0,3090.0,3045.0,3055.0,46100
2026-04-13,3025.0,3065.0,3015.0,3025.0,44300
2026-04-14,3040.0,3065.0,3035.0,3055.0,35600
2026-04-15,3060.0,3110.0,3040.0,3065.0,42700
2026-04-16,3070.0,3075.0,3055.0,3060.0,28300
2026-04-17,3060.0,3065.0,3035.0,3035.0,29600
2026-04-20,3050.0,3050.0,3020.0,3040.0,22200
2026-04-21,3045.0,3045.0,3010.0,3010.0,35600
2026-04-22,3005.0,3005.0,2955.0,2955.0,57700
2026-04-23,2953.0,2957.0,2902.0,2925.0,48300
2026-04-24,2926.0,2936.0,2891.0,2899.0,56800
2026-04-27,2949.0,2976.0,2927.0,2946.0,101800
2026-04-28,2970.0,2998.0,2944.0,2998.0,77600
2026-04-30,2966.0,2966.0,2931.0,2947.0,68500
2026-05-01,2932.0,2949.0,2912.0,2940.0,56100
2026-05-07,2979.0,3035.0,2961.0,3005.0,51900
2026-05-08,2977.0,2987.0,2921.0,2962.0,74400
2026-05-11,2961.0,2983.0,2945.0,2945.0,70800
2026-05-12,2995.0,3045.0,2740.0,2744.0,290300
2026-05-13,2729.0,2751.0,2699.0,2737.0,281600
2026-05-14,2763.0,2772.0,2712.0,2747.0,130600
2026-05-15,2738.0,2773.0,2709.0,2760.0,115300
2026-05-18,2777.0,2793.0,2741.0,2759.0,99300
2026-05-19,2760.0,2789.0,2728.0,2751.0,82100
2026-05-20,2745.0,2745.0,2658.0,2688.0,134900
2026-05-21,2721.0,2784.0,2721.0,2774.0,75000
2026-05-22,2787.0,2790.0,2756.0,2770.0,58300
2026-05-25,2770.0,2802.0,2757.0,2757.0,93900
2026-05-26,2760.0,2780.0,2741.0,2741.0,65200
2026-05-27,2740.0,2781.0,2740.0,2779.0,93200
2026-05-28,2768.0,2805.0,2767.0,2805.0,87800
2026-05-29,2811.0,2850.0,2809.0,2819.0,53300
2026-06-01,2820.0,2820.0,2704.0,2721.0,129600
2026-06-02,2712.0,2729.0,2670.0,2705.0,111100
2026-06-03,2705.0,2727.0,2696.0,2710.0,101500
2026-06-04,2698.0,2708.0,2671.0,2673.0,67500
2026-06-05,2674.0,2726.0,2674.0,2717.0,74900
2026-06-08,2668.0,2685.0,2649.0,2669.0,128800
2026-06-09,2719.0,2735.0,2677.0,2692.0,141700
2026-06-10,2722.0,2722.0,2672.0,2696.0,142900
2026-06-11,2696.0,2696.0,2615.0,2649.0,93200
2026-06-12,2688.0,2719.0,2682.0,2707.0,111000
2026-06-15,2730.0,2790.0,2728.0,2782.0,86800
2026-06-16,2762.0,2773.0,2734.0,2741.0,62600
2026-06-17,2748.0,2770.0,2737.0,2737.0,55000
2026-06-18,2736.0,2776.0,2731.0,2766.0,68100
2026-06-19,2766.0,2780.0,2747.0,2763.0,57000
2026-06-22,2747.0,2773.0,2719.0,2736.0,67300
2026-06-23,2746.0,2746.0,2700.0,2700.0,56900
2026-06-24,2700.0,2721.0,2671.0,2682.0,46400
2026-06-25,2715.0,2715.0,2674.0,2674.0,39300
2026-06-26,2697.0,2714.0,2677.0,2714.0,57500
2026-06-29,2732.0,2738.0,2692.0,2728.0,67200
2026-06-30,2726.0,2736.0,2708.0,2710.0,140100
2026-07-01,2736.0,2768.0,2719.0,2746.0,90100
2026-07-02,2746.0,2793.0,2738.0,2767.0,68600
2026-07-03,2798.0,2805.0,2776.0,2794.0,43400
2026-07-06,2832.0,2854.0,2813.0,2837.0,65100
2026-07-07,2853.0,2880.0,2829.0,2836.0,43500
2026-07-08,2832.0,2834.0,2804.0,2810.0,38100
2026-07-09,2805.0,2828.0,2783.0,2823.0,47900
2026-07-10,2850.0,2867.0,2847.0,2859.0,56700
2026-07-13,2882.0,2904.0,2840.0,2847.0,76300
2026-07-14,2870.0,2880.0,2860.0,2870.0,43800
2026-07-15,2898.0,2909.0,2877.0,2905.0,33800
2026-07-16,2905.0,2921.0,2886.0,2886.0,43900
2026-07-17,2875.0,2884.0,2813.0,2845.0,64300
2026-07-21,2866.0,2925.0,2866.0,2908.0,59800
2026-07-22,2912.0,2932.0,2893.0,2914.0,57700
2026-07-23,2914.0,2934.0,2907.0,2917.0,23300
2026-07-24,2907.0,2907.0,2865.0,2873.0,40400
2026-07-27,2900.0,2921.0,2879.0,2920.0,38800
2026-07-28,2920.0,2920.0,2860.0,2881.0,45100
2026-07-29,2919.0,2925.0,2879.0,2925.0,57200
2026-07-30,2900.0,2961.0,2888.0,2954.0,67200
2026-07-31,2952.0,2970.0,2910.0,2938.0,47600
2026-08-03,2900.0,2901.0,2832.0,2876.0,73700
2026-08-04,2876.0,2921.0,2772.0,2813.0,98400
2026-08-05,2826.0,2901.0,2826.0,2888.0,113300
2026-08-06,2914.0,2938.0,2875.0,2896.0,71200
2026-08-07,2896.0,2948.0,2896.0,2932.0,56200
2026-08-10,2932.0,2955.0,2919.0,2948.0,44000
2026-08-12,2961.0,2964.0,2911.0,2914.0,36500
2026-08-13,2935.0,2950.0,2911.0,2944.0,48100
2026-08-14,2950.0,3020.0,2938.0,3020.0,77600
2026-08-17,3025.0,3050.0,2997.0,2998.0,48200
2026-08-18,2999.0,3055.0,2991.0,3035.0,30700
2026-08-19,3035.0,3035.0,2964.0,2999.0,81500
2026-08-20,3010.0,3075.0,3010.0,3065.0,47700
2026-08-21,3040.0,3110.0,3035.0,3095.0,57400
2026-08-24,3100.0,3135.0,3090.0,3095.0,59600
2026-08-25,3095.0,3105.0,3040.0,3045.0,34700
2026-08-26,3045.0,3095.0,3045.0,3065.0,50500
2026-08-27,3070.0,3080.0,3025.0,3055.0,46600
2026-08-28,3030.0,3080.0,3025.0,3080.0,36300
2026-08-31,3065.0,3100.0,3035.0,3100.0,53000
2026-09-01,3120.0,3195.0,3110.0,3195.0,87100
2026-09-02,3180.0,3180.0,3080.0,3080.0,64600
2026-09-03,3095.0,3145.0,3085.0,3140.0,48300
2026-09-04,3105.0,3130.0,3065.0,3095.0,50500
2026-09-07,3095.0,3130.0,3090.0,3095.0,43500
2026-09-08,3060.0,3070.0,3010.0,3030.0,46700
2026-09-09,3005.0,3040.0,2990.0,3015.0,42700
2026-09-10,3010.0,3030.0,2998.0,3025.0,33200
2026-09-11,2980.0,3030.0,2971.0,3000.0,132500
2026-09-14,3015.0,3025.0,2983.0,3020.0,37900
2026-09-15,3020.0,3110.0,3020.0,3110.0,69100
2026-09-16,3115.0,3160.0,3105.0,3135.0,46200
2026-09-17,3150.0,3195.0,3145.0,3190.0,50500
2026-09-18,3190.0,3190.0,3135.0,3155.0,44800
2026-09-24,3155.0,3160.0,3125.0,3135.0,47300
2026-09-25,3155.0,3165.0,3125.0,3160.0,61200
