Date,Open,High,Low,Close,Volume
2012-10-01,73.0,74.0,73.0,74.0,23000
2012-10-02,74.0,75.0,74.0,74.0,30000
2012-10-03,74.0,75.0,73.0,73.0,38000
2012-10-04,74.0,78.0,72.0,76.0,76000
2012-10-05,77.0,77.0,76.0,76.0,10000
2012-10-09,77.0,77.0,75.0,75.0,39000
2012-10-10,75.0,94.0,75.0,78.0,2084000
2012-10-11,77.0,77.0,74.0,76.0,208000
2012-10-12,75.0,78.0,75.0,77.0,116000
2012-10-15,76.0,77.0,76.0,76.0,29000
2012-10-16,77.0,77.0,77.0,77.0,17000
2012-10-17,78.0,79.0,77.0,78.0,120000
2012-10-18,78.0,82.0,78.0,81.0,152000
2012-10-19,80.0,85.0,79.0,84.0,169000
2012-10-22,84.0,86.0,82.0,86.0,112000
2012-10-23,85.0,85.0,81.0,82.0,96000
2012-10-24,81.0,82.0,80.0,81.0,63000
2012-10-25,80.0,81.0,79.0,80.0,50000
2012-10-26,82.0,91.0,81.0,81.0,818000
2012-10-29,82.0,83.0,81.0,82.0,72000
2012-10-30,82.0,82.0,80.0,81.0,105000
2012-10-31,81.0,81.0,81.0,81.0,15000
2012-11-01,80.0,82.0,80.0,82.0,55000
2012-11-02,82.0,82.0,82.0,82.0,34000
2012-11-05,84.0,86.0,83.0,85.0,226000
2012-11-06,86.0,90.0,85.0,86.0,195000
2012-11-07,86.0,88.0,86.0,88.0,99000
2012-11-08,87.0,87.0,85.0,85.0,99000
2012-11-09,84.0,84.0,81.0,83.0,112000
2012-11-12,84.0,88.0,81.0,87.0,173000
2012-11-13,87.0,88.0,84.0,86.0,300000
2012-11-14,77.0,80.0,76.0,79.0,303000
2012-11-15,78.0,78.0,75.0,77.0,114000
2012-11-16,78.0,79.0,77.0,79.0,39000
2012-11-19,79.0,79.0,77.0,78.0,52000
2012-11-20,78.0,78.0,77.0,78.0,32000
2012-11-21,76.0,77.0,75.0,76.0,183000
2012-11-22,75.0,76.0,75.0,76.0,40000
2012-11-26,77.0,79.0,77.0,78.0,53000
2012-11-27,78.0,78.0,77.0,77.0,50000
2012-11-28,77.0,78.0,77.0,77.0,23000
2012-11-29,78.0,80.0,78.0,80.0,60000
2012-11-30,78.0,79.0,77.0,78.0,124000
2012-12-03,78.0,78.0,77.0,77.0,33000
2012-12-04,77.0,77.0,77.0,77.0,18000
2012-12-05,77.0,78.0,76.0,77.0,24000
2012-12-06,77.0,80.0,77.0,79.0,87000
2012-12-07,80.0,83.0,80.0,80.0,194000
2012-12-10,80.0,81.0,80.0,80.0,46000
2012-12-11,80.0,83.0,79.0,80.0,99000
2012-12-12,81.0,83.0,80.0,80.0,75000
2012-12-13,81.0,81.0,79.0,80.0,101000
2012-12-14,79.0,80.0,79.0,80.0,13000
2012-12-17,79.0,79.0,79.0,79.0,47000
2012-12-18,79.0,81.0,79.0,80.0,76000
2012-12-19,80.0,83.0,80.0,83.0,225000
2012-12-20,84.0,84.0,81.0,81.0,86000
2012-12-21,81.0,81.0,80.0,80.0,82000
2012-12-25,81.0,82.0,81.0,81.0,96000
2012-12-26,82.0,82.0,80.0,80.0,68000
2012-12-27,82.0,82.0,80.0,80.0,68000
2012-12-28,82.0,84.0,82.0,82.0,87000
2013-01-04,84.0,84.0,82.0,84.0,147000
2013-01-07,85.0,85.0,82.0,83.0,155000
2013-01-08,82.0,82.0,81.0,81.0,150000
2013-01-09,81.0,81.0,81.0,81.0,32000
2013-01-10,81.0,82.0,81.0,82.0,44000
2013-01-11,83.0,84.0,83.0,83.0,176000
2013-01-15,84.0,85.0,83.0,85.0,106000
2013-01-16,86.0,88.0,85.0,85.0,141000
2013-01-17,84.0,84.0,82.0,84.0,160000
2013-01-18,85.0,86.0,84.0,86.0,85000
2013-01-21,86.0,86.0,84.0,86.0,52000
2013-01-22,85.0,86.0,85.0,85.0,72000
2013-01-23,86.0,90.0,85.0,90.0,321000
2013-01-24,89.0,93.0,87.0,92.0,286000
2013-01-25,93.0,97.0,92.0,95.0,507000
2013-01-28,96.0,97.0,92.0,92.0,246000
2013-01-29,91.0,91.0,89.0,89.0,108000
2013-01-30,88.0,88.0,87.0,88.0,30000
2013-01-31,88.0,90.0,88.0,90.0,70000
2013-02-01,92.0,92.0,89.0,91.0,74000
2013-02-04,92.0,92.0,89.0,89.0,51000
2013-02-05,89.0,89.0,87.0,88.0,88000
2013-02-06,89.0,90.0,89.0,90.0,10000
2013-02-07,89.0,90.0,85.0,88.0,194000
2013-02-08,87.0,87.0,85.0,85.0,67000
2013-02-12,85.0,86.0,81.0,84.0,120000
2013-02-13,79.0,79.0,76.0,78.0,205000
2013-02-14,78.0,80.0,77.0,80.0,60000
2013-02-15,79.0,79.0,75.0,76.0,97000
2013-02-18,75.0,78.0,75.0,78.0,38000
2013-02-19,77.0,78.0,77.0,78.0,56000
2013-02-20,78.0,80.0,77.0,78.0,121000
2013-02-21,77.0,79.0,77.0,79.0,20000
2013-02-22,79.0,79.0,78.0,78.0,18000
2013-02-25,79.0,81.0,79.0,80.0,24000
2013-02-26,79.0,79.0,79.0,79.0,34000
2013-02-27,80.0,80.0,78.0,79.0,26000
2013-02-28,79.0,81.0,79.0,80.0,33000
2013-03-01,80.0,81.0,80.0,81.0,26000
2013-03-04,81.0,81.0,80.0,80.0,17000
2013-03-05,80.0,82.0,80.0,82.0,49000
2013-03-06,82.0,82.0,81.0,81.0,20000
2013-03-07,82.0,83.0,82.0,83.0,62000
2013-03-08,83.0,84.0,82.0,82.0,39000
2013-03-11,83.0,83.0,82.0,83.0,22000
2013-03-12,83.0,83.0,80.0,80.0,125000
2013-03-13,80.0,80.0,79.0,79.0,100000
2013-03-14,80.0,80.0,80.0,80.0,15000
2013-03-15,80.0,80.0,80.0,80.0,14000
2013-03-18,80.0,80.0,77.0,78.0,97000
2013-03-19,78.0,79.0,78.0,79.0,29000
2013-03-21,79.0,81.0,79.0,81.0,57000
2013-03-22,80.0,80.0,80.0,80.0,53000
2013-03-25,83.0,84.0,81.0,81.0,133000
2013-03-26,83.0,83.0,82.0,82.0,7000
2013-03-27,82.0,82.0,81.0,81.0,12000
2013-03-28,81.0,81.0,80.0,81.0,11000
2013-03-29,81.0,83.0,81.0,81.0,38000
2013-04-01,81.0,81.0,79.0,79.0,28000
2013-04-02,79.0,79.0,77.0,78.0,16000
2013-04-03,79.0,79.0,78.0,79.0,17000
2013-04-04,78.0,79.0,78.0,79.0,14000
2013-04-05,81.0,81.0,79.0,79.0,61000
2013-04-08,80.0,81.0,80.0,81.0,28000
2013-04-09,81.0,82.0,80.0,82.0,57000
2013-04-10,83.0,83.0,82.0,82.0,49000
2013-04-11,83.0,86.0,82.0,85.0,140000
2013-04-12,86.0,87.0,84.0,85.0,69000
2013-04-15,85.0,86.0,82.0,82.0,89000
2013-04-16,82.0,82.0,81.0,82.0,68000
2013-04-17,82.0,82.0,81.0,82.0,35000
2013-04-18,83.0,86.0,82.0,83.0,80000
2013-04-19,84.0,85.0,84.0,84.0,115000
2013-04-22,84.0,86.0,84.0,84.0,65000
2013-04-23,84.0,84.0,83.0,83.0,50000
2013-04-24,84.0,84.0,84.0,84.0,36000
2013-04-25,84.0,84.0,83.0,84.0,28000
2013-04-26,85.0,85.0,84.0,84.0,25000
2013-04-30,83.0,85.0,83.0,85.0,25000
2013-05-01,86.0,87.0,84.0,86.0,102000
2013-05-02,86.0,86.0,84.0,85.0,115000
2013-05-07,86.0,88.0,85.0,87.0,197000
2013-05-08,87.0,88.0,84.0,86.0,144000
2013-05-09,88.0,93.0,86.0,86.0,391000
2013-05-10,87.0,88.0,86.0,87.0,107000
2013-05-13,86.0,87.0,86.0,87.0,35000
2013-05-14,87.0,88.0,87.0,88.0,36000
2013-05-15,88.0,90.0,83.0,83.0,259000
2013-05-16,79.0,81.0,75.0,76.0,413000
2013-05-17,77.0,79.0,77.0,79.0,47000
2013-05-20,79.0,80.0,79.0,80.0,40000
2013-05-21,80.0,80.0,78.0,79.0,57000
2013-05-22,79.0,81.0,79.0,81.0,27000
2013-05-23,82.0,82.0,75.0,76.0,165000
2013-05-24,76.0,77.0,73.0,75.0,133000
2013-05-27,75.0,75.0,73.0,73.0,93000
2013-05-28,73.0,78.0,73.0,78.0,93000
2013-05-29,78.0,79.0,76.0,78.0,64000
2013-05-30,78.0,78.0,77.0,77.0,13000
2013-05-31,78.0,78.0,77.0,78.0,9000
2013-06-03,78.0,78.0,75.0,75.0,22000
2013-06-04,75.0,76.0,75.0,76.0,22000
2013-06-05,76.0,77.0,75.0,75.0,33000
2013-06-06,75.0,75.0,70.0,72.0,105000
2013-06-07,65.0,74.0,64.0,67.0,172000
2013-06-10,71.0,72.0,70.0,71.0,21000
2013-06-11,71.0,73.0,71.0,72.0,11000
2013-06-12,70.0,73.0,69.0,73.0,20000
2013-06-13,71.0,72.0,69.0,70.0,32000
2013-06-14,72.0,72.0,71.0,71.0,4000
2013-06-17,70.0,71.0,70.0,71.0,9000
2013-06-18,71.0,71.0,70.0,71.0,6000
2013-06-19,72.0,72.0,71.0,71.0,7000
2013-06-20,71.0,71.0,71.0,71.0,7000
2013-06-21,70.0,70.0,69.0,70.0,16000
2013-06-24,71.0,71.0,70.0,70.0,14000
2013-06-25,70.0,70.0,66.0,66.0,49000
2013-06-26,67.0,67.0,64.0,64.0,49000
2013-06-27,64.0,64.0,57.0,62.0,79000
2013-06-28,63.0,64.0,62.0,64.0,70000
2013-07-01,64.0,65.0,64.0,65.0,24000
2013-07-02,66.0,67.0,64.0,67.0,69000
2013-07-03,66.0,67.0,66.0,66.0,8000
2013-07-04,67.0,67.0,66.0,67.0,11000
2013-07-05,67.0,68.0,67.0,68.0,9000
2013-07-08,69.0,76.0,68.0,76.0,155000
2013-07-09,75.0,77.0,71.0,77.0,97000
2013-07-10,76.0,76.0,75.0,75.0,29000
2013-07-11,74.0,77.0,74.0,77.0,36000
2013-07-12,78.0,79.0,77.0,77.0,45000
2013-07-16,77.0,77.0,73.0,75.0,59000
2013-07-17,74.0,75.0,74.0,75.0,17000
2013-07-18,76.0,76.0,75.0,76.0,4000
2013-07-19,76.0,76.0,72.0,72.0,62000
2013-07-22,72.0,72.0,72.0,72.0,6000
2013-07-23,72.0,72.0,71.0,71.0,6000
2013-07-24,70.0,71.0,70.0,70.0,14000
2013-07-25,70.0,70.0,68.0,68.0,40000
2013-07-26,66.0,67.0,66.0,66.0,63000
2013-07-29,65.0,65.0,63.0,63.0,60000
2013-07-30,64.0,65.0,64.0,65.0,10000
2013-07-31,64.0,64.0,64.0,64.0,4000
2013-08-01,63.0,64.0,63.0,64.0,18000
2013-08-02,64.0,66.0,64.0,66.0,69000
2013-08-05,67.0,67.0,66.0,66.0,8000
2013-08-06,66.0,70.0,66.0,70.0,44000
2013-08-07,69.0,69.0,65.0,66.0,93000
2013-08-08,66.0,67.0,66.0,67.0,15000
2013-08-09,67.0,68.0,67.0,68.0,3000
2013-08-12,66.0,66.0,65.0,65.0,77000
2013-08-13,65.0,65.0,65.0,65.0,5000
2013-08-14,62.0,63.0,62.0,62.0,83000
2013-08-15,63.0,63.0,63.0,63.0,5000
2013-08-16,63.0,64.0,63.0,64.0,11000
2013-08-19,63.0,64.0,63.0,64.0,7000
2013-08-20,64.0,65.0,64.0,65.0,11000
2013-08-21,64.0,65.0,64.0,64.0,9000
2013-08-22,64.0,64.0,63.0,63.0,24000
2013-08-23,64.0,64.0,61.0,62.0,77000
2013-08-26,63.0,63.0,63.0,63.0,4000
2013-08-27,62.0,62.0,62.0,62.0,10000
2013-08-28,61.0,61.0,60.0,60.0,48000
2013-08-29,61.0,61.0,61.0,61.0,2000
2013-08-30,60.0,60.0,60.0,60.0,7000
2013-09-02,60.0,60.0,60.0,60.0,4000
2013-09-03,61.0,61.0,61.0,61.0,8000
2013-09-04,61.0,61.0,61.0,61.0,4000
2013-09-05,62.0,62.0,60.0,62.0,20000
2013-09-06,63.0,63.0,61.0,61.0,15000
2013-09-09,62.0,63.0,62.0,62.0,6000
2013-09-10,63.0,63.0,63.0,63.0,17000
2013-09-11,63.0,64.0,63.0,63.0,11000
2013-09-12,63.0,64.0,63.0,64.0,5000
2013-09-13,64.0,64.0,64.0,64.0,11000
2013-09-17,65.0,65.0,65.0,65.0,30000
2013-09-18,65.0,67.0,65.0,66.0,17000
2013-09-19,66.0,66.0,66.0,66.0,4000
2013-09-20,66.0,68.0,66.0,67.0,32000
2013-09-24,67.0,68.0,67.0,68.0,33000
2013-09-25,68.0,68.0,68.0,68.0,34000
2013-09-26,67.0,69.0,67.0,69.0,70000
2013-09-27,72.0,83.0,68.0,68.0,1443000
2013-09-30,68.0,68.0,67.0,68.0,88000
2013-10-01,68.0,68.0,67.0,67.0,91000
2013-10-02,68.0,68.0,65.0,65.0,80000
2013-10-03,65.0,66.0,65.0,66.0,14000
2013-10-04,66.0,66.0,64.0,64.0,58000
2013-10-07,64.0,64.0,63.0,63.0,23000
2013-10-08,62.0,63.0,62.0,63.0,33000
2013-10-09,62.0,64.0,62.0,64.0,31000
2013-10-10,64.0,66.0,64.0,65.0,43000
2013-10-11,66.0,66.0,65.0,66.0,25000
2013-10-15,67.0,67.0,66.0,67.0,89000
2013-10-16,67.0,67.0,66.0,67.0,24000
2013-10-17,68.0,69.0,66.0,66.0,108000
2013-10-18,67.0,69.0,67.0,69.0,47000
2013-10-21,72.0,72.0,69.0,71.0,76000
2013-10-22,72.0,72.0,70.0,70.0,29000
2013-10-23,70.0,78.0,70.0,71.0,417000
2013-10-24,73.0,100.0,73.0,83.0,11048000
2013-10-25,81.0,113.0,81.0,112.0,9452000
2013-10-28,112.0,133.0,92.0,94.0,5035000
2013-10-29,94.0,94.0,94.0,94.0,0
2013-10-30,106.0,121.0,101.0,121.0,8542000
2013-10-31,121.0,121.0,121.0,121.0,0
2013-11-01,107.0,116.0,101.0,103.0,2120000
2013-11-05,102.0,120.0,92.0,97.0,2082000
2013-11-06,99.0,113.0,97.0,101.0,2084000
2013-11-07,106.0,110.0,99.0,103.0,672000
2013-11-08,100.0,105.0,95.0,98.0,399000
2013-11-11,95.0,125.0,95.0,112.0,7050000
2013-11-12,107.0,109.0,100.0,101.0,1128000
2013-11-13,106.0,109.0,101.0,101.0,705000
2013-11-14,100.0,101.0,96.0,97.0,569000
2013-11-15,99.0,99.0,93.0,97.0,421000
2013-11-18,96.0,97.0,94.0,97.0,288000
2013-11-19,97.0,97.0,94.0,97.0,175000
2013-11-20,97.0,117.0,97.0,104.0,6075000
2013-11-21,102.0,103.0,99.0,99.0,476000
2013-11-22,102.0,102.0,100.0,102.0,265000
2013-11-25,102.0,103.0,100.0,103.0,134000
2013-11-26,113.0,115.0,102.0,102.0,1175000
2013-11-27,102.0,106.0,102.0,103.0,237000
2013-11-28,105.0,105.0,101.0,102.0,180000
2013-11-29,103.0,103.0,101.0,101.0,84000
2013-12-02,102.0,102.0,100.0,101.0,80000
2013-12-03,100.0,104.0,100.0,102.0,149000
2013-12-04,101.0,101.0,99.0,99.0,182000
2013-12-05,99.0,99.0,96.0,97.0,116000
2013-12-06,99.0,99.0,97.0,97.0,74000
2013-12-09,98.0,100.0,98.0,99.0,80000
2013-12-10,102.0,126.0,102.0,118.0,8433000
2013-12-11,114.0,115.0,105.0,108.0,979000
2013-12-12,108.0,108.0,103.0,104.0,287000
2013-12-13,104.0,104.0,102.0,102.0,108000
2013-12-16,103.0,103.0,100.0,100.0,244000
2013-12-17,100.0,109.0,100.0,102.0,153000
2013-12-18,103.0,103.0,101.0,102.0,57000
2013-12-19,103.0,106.0,100.0,102.0,179000
2013-12-20,106.0,122.0,101.0,101.0,4664000
2013-12-24,102.0,102.0,100.0,100.0,268000
2013-12-25,100.0,102.0,100.0,101.0,99000
2013-12-26,101.0,103.0,101.0,101.0,110000
2013-12-27,102.0,103.0,101.0,103.0,103000
2013-12-30,103.0,103.0,102.0,102.0,95000
2014-01-06,103.0,103.0,101.0,102.0,102000
2014-01-07,103.0,105.0,100.0,101.0,260000
2014-01-08,102.0,103.0,101.0,103.0,88000
2014-01-09,105.0,105.0,103.0,104.0,91000
2014-01-10,104.0,104.0,103.0,104.0,144000
2014-01-14,101.0,102.0,100.0,101.0,107000
2014-01-15,101.0,103.0,101.0,102.0,65000
2014-01-16,104.0,105.0,102.0,104.0,130000
2014-01-17,106.0,111.0,103.0,103.0,751000
2014-01-20,104.0,104.0,102.0,102.0,125000
2014-01-21,106.0,107.0,103.0,104.0,214000
2014-01-22,104.0,104.0,102.0,102.0,72000
2014-01-23,103.0,103.0,101.0,102.0,131000
2014-01-24,100.0,102.0,100.0,100.0,180000
2014-01-27,99.0,99.0,90.0,91.0,404000
2014-01-28,92.0,96.0,92.0,94.0,98000
2014-01-29,96.0,96.0,94.0,95.0,41000
2014-01-30,95.0,95.0,91.0,91.0,86000
2014-01-31,93.0,93.0,90.0,91.0,121000
2014-02-03,88.0,88.0,81.0,81.0,177000
2014-02-04,76.0,77.0,71.0,73.0,228000
2014-02-05,78.0,81.0,72.0,75.0,290000
2014-02-06,77.0,77.0,74.0,77.0,128000
2014-02-07,77.0,81.0,77.0,78.0,121000
2014-02-10,80.0,81.0,79.0,80.0,68000
2014-02-12,80.0,84.0,80.0,81.0,83000
2014-02-13,81.0,81.0,78.0,79.0,64000
2014-02-14,79.0,79.0,74.0,74.0,110000
2014-02-17,77.0,85.0,76.0,78.0,443000
2014-02-18,78.0,81.0,77.0,80.0,124000
2014-02-19,82.0,83.0,80.0,81.0,117000
2014-02-20,91.0,104.0,84.0,87.0,5436000
2014-02-21,85.0,88.0,83.0,83.0,516000
2014-02-24,86.0,86.0,82.0,83.0,275000
2014-02-25,84.0,84.0,81.0,81.0,188000
2014-02-26,80.0,81.0,80.0,80.0,82000
2014-02-27,80.0,81.0,80.0,80.0,34000
2014-02-28,80.0,80.0,78.0,78.0,50000
2014-03-03,76.0,76.0,73.0,76.0,163000
2014-03-04,75.0,78.0,75.0,78.0,55000
2014-03-05,79.0,79.0,77.0,78.0,61000
2014-03-06,79.0,80.0,78.0,80.0,21000
2014-03-07,80.0,80.0,80.0,80.0,22000
2014-03-10,80.0,80.0,78.0,78.0,36000
2014-03-11,78.0,82.0,78.0,82.0,77000
2014-03-12,82.0,82.0,80.0,81.0,38000
2014-03-13,81.0,81.0,79.0,80.0,39000
2014-03-14,78.0,78.0,76.0,76.0,43000
2014-03-17,76.0,76.0,75.0,75.0,34000
2014-03-18,76.0,77.0,76.0,76.0,9000
2014-03-19,76.0,77.0,75.0,76.0,41000
2014-03-20,76.0,76.0,73.0,73.0,84000
2014-03-24,73.0,75.0,73.0,75.0,24000
2014-03-25,74.0,75.0,74.0,74.0,23000
2014-03-26,75.0,75.0,74.0,74.0,24000
2014-03-27,73.0,74.0,72.0,74.0,96000
2014-03-28,74.0,74.0,74.0,74.0,27000
2014-03-31,75.0,75.0,74.0,74.0,49000
2014-04-01,74.0,75.0,74.0,75.0,25000
2014-04-02,76.0,78.0,76.0,77.0,31000
2014-04-03,78.0,81.0,76.0,79.0,137000
2014-04-04,79.0,79.0,77.0,77.0,21000
2014-04-07,76.0,76.0,74.0,75.0,124000
2014-04-08,75.0,76.0,74.0,75.0,41000
2014-04-09,75.0,75.0,74.0,74.0,8000
2014-04-10,75.0,75.0,74.0,74.0,25000
2014-04-11,73.0,76.0,72.0,75.0,110000
2014-04-14,74.0,75.0,74.0,75.0,41000
2014-04-15,77.0,77.0,73.0,73.0,102000
2014-04-16,73.0,74.0,73.0,73.0,62000
2014-04-17,74.0,74.0,73.0,73.0,73000
2014-04-18,74.0,74.0,72.0,73.0,63000
2014-04-21,73.0,73.0,72.0,73.0,53000
2014-04-22,74.0,75.0,72.0,72.0,101000
2014-04-23,73.0,73.0,71.0,72.0,84000
2014-04-24,72.0,72.0,71.0,71.0,62000
2014-04-25,72.0,72.0,72.0,72.0,33000
2014-04-28,72.0,73.0,72.0,73.0,42000
2014-04-30,73.0,75.0,73.0,75.0,63000
2014-05-01,74.0,76.0,74.0,76.0,46000
2014-05-02,76.0,76.0,76.0,76.0,20000
2014-05-07,76.0,76.0,73.0,73.0,69000
2014-05-08,73.0,74.0,73.0,73.0,33000
2014-05-09,73.0,73.0,72.0,72.0,20000
2014-05-12,72.0,73.0,71.0,71.0,43000
2014-05-13,72.0,72.0,71.0,72.0,5000
2014-05-14,71.0,72.0,71.0,71.0,11000
2014-05-15,71.0,71.0,71.0,71.0,24000
2014-05-16,71.0,71.0,69.0,69.0,35000
2014-05-19,68.0,69.0,63.0,63.0,96000
2014-05-20,63.0,64.0,61.0,64.0,102000
2014-05-21,62.0,63.0,62.0,63.0,74000
2014-05-22,64.0,65.0,64.0,64.0,56000
2014-05-23,63.0,65.0,62.0,63.0,124000
2014-05-26,68.0,68.0,64.0,66.0,110000
2014-05-27,65.0,67.0,65.0,67.0,54000
2014-05-28,67.0,67.0,66.0,66.0,17000
2014-05-29,69.0,76.0,69.0,71.0,912000
2014-05-30,72.0,72.0,69.0,70.0,119000
2014-06-02,71.0,71.0,70.0,70.0,91000
2014-06-03,71.0,72.0,71.0,71.0,33000
2014-06-04,72.0,72.0,71.0,72.0,8000
2014-06-05,72.0,72.0,71.0,71.0,45000
2014-06-06,71.0,72.0,71.0,72.0,17000
2014-06-09,73.0,73.0,72.0,72.0,46000
2014-06-10,72.0,72.0,70.0,70.0,58000
2014-06-11,71.0,72.0,71.0,72.0,23000
2014-06-12,72.0,73.0,71.0,71.0,8000
2014-06-13,71.0,73.0,71.0,73.0,18000
2014-06-16,74.0,78.0,73.0,75.0,228000
2014-06-17,76.0,76.0,73.0,74.0,90000
2014-06-18,75.0,75.0,73.0,74.0,49000
2014-06-19,75.0,75.0,73.0,74.0,32000
2014-06-20,74.0,75.0,74.0,75.0,7000
2014-06-23,74.0,75.0,74.0,75.0,20000
2014-06-24,74.0,75.0,74.0,74.0,26000
2014-06-25,74.0,74.0,74.0,74.0,2000
2014-06-26,74.0,74.0,72.0,73.0,37000
2014-06-27,74.0,76.0,72.0,72.0,105000
2014-06-30,73.0,73.0,72.0,73.0,20000
2014-07-01,74.0,75.0,74.0,74.0,28000
2014-07-02,75.0,76.0,74.0,75.0,55000
2014-07-03,76.0,77.0,74.0,77.0,137000
2014-07-04,78.0,82.0,77.0,80.0,215000
2014-07-07,80.0,81.0,79.0,80.0,92000
2014-07-08,82.0,83.0,79.0,80.0,174000
2014-07-09,79.0,80.0,76.0,76.0,159000
2014-07-10,77.0,78.0,74.0,74.0,111000
2014-07-11,73.0,75.0,73.0,74.0,41000
2014-07-14,74.0,76.0,74.0,76.0,41000
2014-07-15,76.0,77.0,75.0,76.0,18000
2014-07-16,76.0,77.0,76.0,77.0,26000
2014-07-17,78.0,78.0,76.0,76.0,37000
2014-07-18,75.0,75.0,73.0,73.0,50000
2014-07-22,74.0,75.0,74.0,75.0,20000
2014-07-23,75.0,76.0,75.0,76.0,20000
2014-07-24,75.0,87.0,75.0,83.0,745000
2014-07-25,83.0,83.0,80.0,82.0,155000
2014-07-28,83.0,83.0,80.0,82.0,55000
2014-07-29,83.0,83.0,81.0,82.0,51000
2014-07-30,81.0,81.0,79.0,80.0,84000
2014-07-31,81.0,81.0,78.0,78.0,90000
2014-08-01,76.0,78.0,75.0,77.0,69000
2014-08-04,77.0,78.0,77.0,78.0,29000
2014-08-05,78.0,78.0,78.0,78.0,14000
2014-08-06,78.0,97.0,76.0,76.0,2974000
2014-08-07,81.0,106.0,78.0,106.0,8701000
2014-08-08,121.0,133.0,88.0,91.0,7102000
2014-08-11,95.0,107.0,88.0,88.0,2917000
2014-08-12,88.0,90.0,85.0,88.0,581000
2014-08-13,96.0,102.0,87.0,90.0,4175000
2014-08-14,90.0,96.0,89.0,91.0,1379000
2014-08-15,94.0,121.0,94.0,121.0,9016000
2014-08-18,166.0,167.0,123.0,128.0,9431000
2014-08-19,125.0,127.0,115.0,121.0,1315000
2014-08-20,131.0,137.0,118.0,118.0,1696000
2014-08-21,118.0,120.0,111.0,115.0,763000
2014-08-22,112.0,113.0,110.0,112.0,449000
2014-08-25,121.0,122.0,114.0,115.0,1460000
2014-08-26,116.0,116.0,111.0,113.0,479000
2014-08-27,113.0,122.0,111.0,117.0,638000
2014-08-28,115.0,125.0,114.0,119.0,881000
2014-08-29,116.0,117.0,111.0,111.0,473000
2014-09-01,111.0,111.0,108.0,111.0,174000
2014-09-02,110.0,111.0,108.0,110.0,88000
2014-09-03,110.0,110.0,106.0,108.0,143000
2014-09-04,110.0,110.0,104.0,106.0,286000
2014-09-05,108.0,109.0,105.0,106.0,109000
2014-09-08,107.0,107.0,103.0,104.0,116000
2014-09-09,103.0,103.0,100.0,101.0,214000
2014-09-10,101.0,102.0,100.0,100.0,84000
2014-09-11,102.0,102.0,100.0,102.0,99000
2014-09-12,102.0,102.0,99.0,100.0,68000
2014-09-16,99.0,99.0,96.0,96.0,94000
2014-09-17,97.0,105.0,97.0,100.0,286000
2014-09-18,99.0,102.0,98.0,100.0,183000
2014-09-19,100.0,103.0,99.0,100.0,65000
2014-09-22,101.0,101.0,98.0,99.0,51000
2014-09-24,98.0,111.0,98.0,108.0,729000
2014-09-25,105.0,106.0,101.0,101.0,342000
2014-09-26,101.0,101.0,99.0,101.0,96000
2014-09-29,102.0,107.0,102.0,104.0,160000
2014-09-30,104.0,104.0,100.0,100.0,165000
2014-10-01,102.0,102.0,99.0,100.0,47000
2014-10-02,96.0,96.0,92.0,94.0,236000
2014-10-03,93.0,95.0,93.0,95.0,69000
2014-10-06,96.0,98.0,95.0,97.0,31000
2014-10-07,98.0,98.0,93.0,93.0,80000
2014-10-08,91.0,92.0,91.0,92.0,44000
2014-10-09,95.0,122.0,95.0,122.0,8923000
2014-10-10,140.0,153.0,107.0,109.0,7449000
2014-10-14,106.0,107.0,101.0,103.0,1271000
2014-10-15,104.0,104.0,97.0,101.0,624000
2014-10-16,98.0,98.0,93.0,93.0,381000
2014-10-17,98.0,123.0,98.0,109.0,10130000
2014-10-20,107.0,111.0,104.0,106.0,1045000
2014-10-21,106.0,106.0,101.0,101.0,465000
2014-10-22,110.0,147.0,109.0,128.0,13840000
2014-10-23,123.0,127.0,114.0,117.0,1323000
2014-10-24,131.0,147.0,117.0,122.0,4049000
2014-10-27,120.0,120.0,111.0,116.0,684000
2014-10-28,116.0,132.0,112.0,120.0,1468000
2014-10-29,122.0,154.0,122.0,134.0,11186000
2014-10-30,147.0,161.0,138.0,139.0,8926000
2014-10-31,138.0,189.0,138.0,189.0,12075000
2014-11-04,210.0,235.0,165.0,205.0,9248000
2014-11-05,218.0,285.0,218.0,265.0,6693000
2014-11-06,265.0,266.0,215.0,229.0,3960000
2014-11-07,222.0,244.0,196.0,203.0,3306000
2014-11-10,209.0,240.0,197.0,213.0,6022000
2014-11-11,212.0,224.0,204.0,206.0,1629000
2014-11-12,207.0,216.0,204.0,208.0,803000
2014-11-13,220.0,222.0,195.0,200.0,1498000
2014-11-14,193.0,197.0,177.0,182.0,916000
2014-11-17,187.0,205.0,178.0,183.0,1603000
2014-11-18,183.0,183.0,170.0,173.0,534000
2014-11-19,175.0,176.0,166.0,171.0,519000
2014-11-20,174.0,195.0,174.0,175.0,2349000
2014-11-21,170.0,176.0,167.0,173.0,476000
2014-11-25,178.0,189.0,175.0,178.0,608000
2014-11-26,170.0,178.0,167.0,176.0,740000
2014-11-27,179.0,180.0,172.0,174.0,247000
2014-11-28,173.0,173.0,166.0,167.0,326000
2014-12-01,166.0,166.0,158.0,160.0,282000
2014-12-02,165.0,179.0,165.0,166.0,1507000
2014-12-03,167.0,168.0,160.0,162.0,213000
2014-12-04,163.0,167.0,160.0,161.0,166000
2014-12-05,163.0,163.0,156.0,157.0,137000
2014-12-08,155.0,155.0,151.0,151.0,196000
2014-12-09,151.0,152.0,145.0,147.0,172000
2014-12-10,148.0,149.0,145.0,145.0,82000
2014-12-11,144.0,147.0,144.0,146.0,49000
2014-12-12,151.0,154.0,148.0,153.0,127000
2014-12-15,149.0,149.0,145.0,145.0,110000
2014-12-16,144.0,144.0,135.0,137.0,145000
2014-12-17,137.0,138.0,133.0,134.0,67000
2014-12-18,139.0,140.0,136.0,137.0,60000
2014-12-19,139.0,140.0,137.0,137.0,35000
2014-12-22,142.0,157.0,138.0,139.0,804000
2014-12-24,143.0,143.0,135.0,136.0,171000
2014-12-25,133.0,134.0,128.0,129.0,195000
2014-12-26,128.0,134.0,126.0,133.0,133000
2014-12-29,133.0,137.0,132.0,137.0,59000
2014-12-30,135.0,135.0,130.0,134.0,74000
2015-01-05,133.0,138.0,132.0,137.0,39000
2015-01-06,135.0,135.0,131.0,132.0,30000
2015-01-07,132.0,134.0,132.0,134.0,22000
2015-01-08,135.0,144.0,134.0,141.0,172000
2015-01-09,149.0,180.0,144.0,161.0,2477000
2015-01-13,156.0,158.0,147.0,151.0,441000
2015-01-14,153.0,153.0,142.0,142.0,184000
2015-01-15,141.0,141.0,137.0,138.0,132000
2015-01-16,139.0,171.0,139.0,151.0,3861000
2015-01-19,153.0,153.0,145.0,147.0,335000
2015-01-20,150.0,181.0,150.0,178.0,2619000
2015-01-21,183.0,187.0,167.0,185.0,1402000
2015-01-22,175.0,176.0,169.0,172.0,436000
2015-01-23,182.0,198.0,167.0,167.0,1597000
2015-01-26,164.0,165.0,160.0,160.0,364000
2015-01-27,161.0,161.0,156.0,157.0,177000
2015-01-28,167.0,171.0,156.0,158.0,490000
2015-01-29,157.0,158.0,154.0,154.0,168000
2015-01-30,156.0,158.0,154.0,155.0,83000
2015-02-02,156.0,156.0,153.0,153.0,58000
2015-02-03,154.0,154.0,143.0,143.0,206000
2015-02-04,144.0,145.0,142.0,144.0,138000
2015-02-05,142.0,151.0,142.0,146.0,187000
2015-02-06,145.0,160.0,145.0,149.0,406000
2015-02-09,152.0,153.0,147.0,148.0,111000
2015-02-10,147.0,150.0,146.0,149.0,51000
2015-02-12,149.0,150.0,144.0,145.0,138000
2015-02-13,150.0,180.0,145.0,161.0,4208000
2015-02-16,156.0,159.0,151.0,155.0,469000
2015-02-17,154.0,160.0,152.0,158.0,193000
2015-02-18,158.0,162.0,156.0,156.0,132000
2015-02-19,159.0,163.0,156.0,160.0,204000
2015-02-20,160.0,163.0,160.0,160.0,88000
2015-02-23,162.0,162.0,158.0,158.0,78000
2015-02-24,157.0,160.0,153.0,160.0,74000
2015-02-25,160.0,162.0,157.0,157.0,83000
2015-02-26,158.0,158.0,155.0,158.0,51000
2015-02-27,156.0,158.0,154.0,154.0,82000
2015-03-02,154.0,156.0,154.0,156.0,44000
2015-03-03,156.0,156.0,154.0,155.0,40000
2015-03-04,153.0,153.0,143.0,150.0,208000
2015-03-05,152.0,152.0,150.0,151.0,40000
2015-03-06,152.0,152.0,148.0,149.0,70000
2015-03-09,147.0,149.0,147.0,147.0,73000
2015-03-10,150.0,150.0,148.0,148.0,18000
2015-03-11,147.0,149.0,147.0,149.0,19000
2015-03-12,147.0,148.0,146.0,148.0,47000
2015-03-13,147.0,151.0,147.0,148.0,152000
2015-03-16,148.0,148.0,145.0,147.0,77000
2015-03-17,147.0,147.0,144.0,145.0,73000
2015-03-18,145.0,148.0,144.0,148.0,32000
2015-03-19,147.0,147.0,142.0,146.0,151000
2015-03-20,144.0,145.0,143.0,145.0,23000
2015-03-23,145.0,145.0,143.0,143.0,25000
2015-03-24,143.0,145.0,143.0,145.0,9000
2015-03-25,143.0,144.0,139.0,141.0,91000
2015-03-26,143.0,143.0,138.0,138.0,28000
2015-03-27,138.0,139.0,136.0,136.0,18000
2015-03-30,136.0,139.0,136.0,138.0,30000
2015-03-31,137.0,137.0,136.0,137.0,17000
2015-04-01,137.0,139.0,137.0,139.0,38000
2015-04-02,140.0,140.0,135.0,137.0,65000
2015-04-03,138.0,179.0,138.0,147.0,6469000
2015-04-06,151.0,169.0,150.0,153.0,2156000
2015-04-07,155.0,155.0,149.0,149.0,199000
2015-04-08,150.0,150.0,146.0,147.0,95000
2015-04-09,150.0,193.0,150.0,176.0,7230000
2015-04-10,171.0,181.0,162.0,164.0,1673000
2015-04-13,160.0,162.0,157.0,161.0,240000
2015-04-14,166.0,191.0,166.0,179.0,5468000
2015-04-15,174.0,208.0,172.0,199.0,6338000
2015-04-16,195.0,198.0,186.0,198.0,658000
2015-04-17,199.0,199.0,189.0,189.0,244000
2015-04-20,185.0,185.0,179.0,179.0,185000
2015-04-21,184.0,188.0,175.0,176.0,192000
2015-04-22,177.0,180.0,172.0,174.0,118000
2015-04-23,176.0,177.0,170.0,172.0,95000
2015-04-24,171.0,171.0,168.0,170.0,58000
2015-04-27,170.0,187.0,170.0,182.0,374000
2015-04-28,182.0,187.0,175.0,181.0,201000
2015-04-30,178.0,185.0,172.0,173.0,142000
2015-05-01,171.0,175.0,168.0,172.0,116000
2015-05-07,174.0,174.0,169.0,169.0,37000
2015-05-08,170.0,171.0,169.0,170.0,48000
2015-05-11,171.0,188.0,171.0,187.0,352000
2015-05-12,186.0,199.0,176.0,187.0,616000
2015-05-13,184.0,188.0,183.0,183.0,127000
2015-05-14,184.0,231.0,183.0,205.0,13884000
2015-05-15,204.0,205.0,185.0,185.0,1510000
2015-05-18,189.0,190.0,171.0,173.0,935000
2015-05-19,173.0,179.0,172.0,174.0,330000
2015-05-20,174.0,176.0,172.0,173.0,127000
2015-05-21,174.0,174.0,167.0,168.0,307000
2015-05-22,170.0,170.0,167.0,168.0,88000
2015-05-25,170.0,170.0,165.0,168.0,137000
2015-05-26,169.0,180.0,168.0,179.0,378000
2015-05-27,174.0,176.0,173.0,175.0,226000
2015-05-28,179.0,187.0,174.0,175.0,650000
2015-05-29,176.0,181.0,173.0,173.0,129000
2015-06-01,174.0,174.0,173.0,174.0,75000
2015-06-02,174.0,178.0,173.0,177.0,58000
2015-06-03,177.0,178.0,175.0,176.0,62000
2015-06-04,177.0,177.0,173.0,177.0,127000
2015-06-05,174.0,177.0,172.0,176.0,119000
2015-06-08,176.0,178.0,175.0,178.0,71000
2015-06-09,178.0,178.0,173.0,173.0,67000
2015-06-10,172.0,174.0,171.0,173.0,34000
2015-06-11,174.0,174.0,172.0,172.0,33000
2015-06-12,173.0,174.0,172.0,172.0,24000
2015-06-15,173.0,179.0,172.0,176.0,155000
2015-06-16,176.0,176.0,173.0,175.0,51000
2015-06-17,174.0,176.0,173.0,174.0,28000
2015-06-18,174.0,174.0,171.0,172.0,65000
2015-06-19,172.0,182.0,171.0,176.0,185000
2015-06-22,178.0,181.0,177.0,178.0,142000
2015-06-23,178.0,188.0,178.0,184.0,588000
2015-06-24,184.0,187.0,182.0,182.0,362000
2015-06-25,180.0,196.0,175.0,176.0,1312000
2015-06-26,177.0,178.0,175.0,177.0,64000
2015-06-29,168.0,173.0,167.0,167.0,112000
2015-06-30,168.0,170.0,167.0,170.0,27000
2015-07-01,172.0,172.0,170.0,171.0,50000
2015-07-02,170.0,170.0,169.0,170.0,69000
2015-07-03,169.0,170.0,168.0,169.0,41000
2015-07-06,166.0,168.0,163.0,164.0,78000
2015-07-07,165.0,168.0,162.0,162.0,88000
2015-07-08,163.0,163.0,152.0,157.0,162000
2015-07-09,150.0,153.0,143.0,152.0,143000
2015-07-10,152.0,155.0,152.0,152.0,73000
2015-07-13,150.0,155.0,150.0,154.0,28000
2015-07-14,156.0,158.0,155.0,157.0,45000
2015-07-15,161.0,162.0,156.0,158.0,124000
2015-07-16,157.0,158.0,156.0,157.0,68000
2015-07-17,158.0,159.0,154.0,159.0,63000
2015-07-21,159.0,161.0,158.0,160.0,45000
2015-07-22,157.0,160.0,157.0,158.0,38000
2015-07-23,158.0,159.0,156.0,157.0,40000
2015-07-24,159.0,159.0,157.0,159.0,38000
2015-07-27,159.0,159.0,157.0,157.0,11000
2015-07-28,156.0,156.0,150.0,155.0,23000
2015-07-29,156.0,156.0,155.0,156.0,12000
2015-07-30,157.0,157.0,155.0,155.0,5000
2015-07-31,154.0,156.0,154.0,155.0,9000
2015-08-03,155.0,155.0,153.0,153.0,20000
2015-08-04,155.0,156.0,154.0,154.0,12000
2015-08-05,156.0,156.0,154.0,156.0,26000
2015-08-06,154.0,155.0,151.0,153.0,44000
2015-08-07,153.0,154.0,153.0,154.0,14000
2015-08-10,153.0,153.0,152.0,153.0,19000
2015-08-11,153.0,153.0,152.0,153.0,11000
2015-08-12,154.0,154.0,152.0,153.0,26000
2015-08-13,151.0,155.0,150.0,155.0,42000
2015-08-14,155.0,155.0,148.0,154.0,67000
2015-08-17,154.0,155.0,152.0,154.0,21000
2015-08-18,154.0,155.0,152.0,152.0,24000
2015-08-19,154.0,159.0,154.0,156.0,75000
2015-08-20,152.0,156.0,152.0,155.0,39000
2015-08-21,149.0,152.0,148.0,148.0,88000
2015-08-24,138.0,143.0,128.0,128.0,295000
2015-08-25,113.0,130.0,109.0,115.0,272000
2015-08-26,116.0,123.0,116.0,119.0,77000
2015-08-27,120.0,127.0,120.0,123.0,122000
2015-08-28,126.0,132.0,126.0,130.0,167000
2015-08-31,128.0,130.0,127.0,128.0,52000
2015-09-01,127.0,127.0,123.0,124.0,60000
2015-09-02,120.0,125.0,116.0,123.0,24000
2015-09-03,123.0,125.0,123.0,125.0,10000
2015-09-04,130.0,156.0,120.0,120.0,4084000
2015-09-07,117.0,123.0,111.0,123.0,287000
2015-09-08,123.0,123.0,116.0,116.0,77000
2015-09-09,121.0,123.0,119.0,122.0,74000
2015-09-10,122.0,122.0,119.0,121.0,38000
2015-09-11,121.0,124.0,120.0,124.0,39000
2015-09-14,124.0,124.0,121.0,122.0,11000
2015-09-15,122.0,123.0,122.0,123.0,8000
2015-09-16,122.0,124.0,121.0,121.0,31000
2015-09-17,122.0,124.0,119.0,122.0,19000
2015-09-18,119.0,121.0,119.0,121.0,15000
2015-09-24,119.0,119.0,118.0,119.0,11000
2015-09-25,119.0,120.0,117.0,118.0,14000
2015-09-28,121.0,121.0,115.0,118.0,82000
2015-09-29,119.0,119.0,114.0,115.0,20000
2015-09-30,117.0,129.0,116.0,121.0,208000
2015-10-01,125.0,125.0,121.0,122.0,79000
2015-10-02,120.0,122.0,119.0,119.0,25000
2015-10-05,121.0,124.0,120.0,122.0,38000
2015-10-06,124.0,133.0,123.0,128.0,295000
2015-10-07,126.0,128.0,126.0,128.0,25000
2015-10-08,128.0,128.0,125.0,125.0,50000
2015-10-09,127.0,128.0,126.0,128.0,23000
2015-10-13,128.0,131.0,127.0,131.0,53000
2015-10-14,134.0,134.0,129.0,131.0,77000
2015-10-15,129.0,131.0,129.0,130.0,33000
2015-10-16,132.0,132.0,129.0,131.0,33000
2015-10-19,130.0,130.0,129.0,129.0,3000
2015-10-20,131.0,131.0,127.0,128.0,18000
2015-10-21,127.0,134.0,127.0,131.0,61000
2015-10-22,127.0,131.0,127.0,130.0,15000
2015-10-23,132.0,140.0,130.0,138.0,393000
2015-10-26,135.0,150.0,135.0,143.0,657000
2015-10-27,140.0,142.0,137.0,139.0,185000
2015-10-28,137.0,147.0,137.0,142.0,415000
2015-10-29,145.0,161.0,144.0,147.0,2055000
2015-10-30,145.0,147.0,143.0,146.0,84000
2015-11-02,146.0,146.0,137.0,139.0,68000
2015-11-04,140.0,142.0,128.0,128.0,223000
2015-11-05,130.0,130.0,124.0,125.0,112000
2015-11-06,126.0,128.0,126.0,127.0,23000
2015-11-09,127.0,128.0,126.0,127.0,37000
2015-11-10,126.0,132.0,126.0,131.0,83000
2015-11-11,131.0,132.0,129.0,130.0,100000
2015-11-12,130.0,131.0,129.0,129.0,41000
2015-11-13,134.0,156.0,134.0,135.0,4794000
2015-11-16,135.0,136.0,129.0,134.0,185000
2015-11-17,135.0,135.0,131.0,132.0,126000
2015-11-18,133.0,136.0,133.0,134.0,58000
2015-11-19,134.0,135.0,132.0,133.0,65000
2015-11-20,133.0,133.0,131.0,131.0,54000
2015-11-24,132.0,133.0,131.0,133.0,36000
2015-11-25,133.0,133.0,133.0,133.0,12000
2015-11-26,133.0,136.0,132.0,135.0,69000
2015-11-27,135.0,136.0,134.0,136.0,62000
2015-11-30,136.0,136.0,133.0,134.0,72000
2015-12-01,134.0,137.0,134.0,136.0,35000
2015-12-02,136.0,138.0,136.0,138.0,53000
2015-12-03,137.0,143.0,136.0,141.0,361000
2015-12-04,139.0,140.0,137.0,138.0,130000
2015-12-07,139.0,140.0,138.0,138.0,40000
2015-12-08,140.0,146.0,137.0,137.0,359000
2015-12-09,136.0,138.0,136.0,136.0,56000
2015-12-10,136.0,137.0,135.0,136.0,12000
2015-12-11,135.0,137.0,135.0,135.0,25000
2015-12-14,134.0,135.0,131.0,134.0,83000
2015-12-15,132.0,132.0,130.0,130.0,44000
2015-12-16,131.0,131.0,130.0,131.0,31000
2015-12-17,132.0,132.0,131.0,131.0,15000
2015-12-18,132.0,132.0,130.0,131.0,6000
2015-12-21,129.0,129.0,127.0,128.0,70000
2015-12-22,130.0,130.0,124.0,124.0,93000
2015-12-24,124.0,125.0,119.0,120.0,114000
2015-12-25,120.0,120.0,120.0,120.0,0
2015-12-28,121.0,123.0,121.0,123.0,21000
2015-12-29,123.0,124.0,118.0,123.0,38000
2015-12-30,124.0,124.0,122.0,124.0,22000
2016-01-04,124.0,125.0,123.0,124.0,13000
2016-01-05,121.0,125.0,121.0,125.0,12000
2016-01-06,124.0,126.0,123.0,123.0,10000
2016-01-07,122.0,122.0,119.0,120.0,45000
2016-01-08,120.0,121.0,115.0,119.0,25000
2016-01-12,118.0,119.0,114.0,114.0,41000
2016-01-13,119.0,121.0,117.0,117.0,16000
2016-01-14,117.0,117.0,114.0,116.0,45000
2016-01-15,118.0,118.0,117.0,117.0,13000
2016-01-18,110.0,113.0,109.0,111.0,78000
2016-01-19,110.0,112.0,108.0,109.0,42000
2016-01-20,110.0,113.0,100.0,101.0,112000
2016-01-21,101.0,105.0,97.0,98.0,101000
2016-01-22,101.0,104.0,101.0,103.0,59000
2016-01-25,107.0,107.0,105.0,106.0,39000
2016-01-26,105.0,108.0,104.0,107.0,52000
2016-01-27,109.0,109.0,107.0,107.0,49000
2016-01-28,106.0,108.0,106.0,108.0,9000
2016-01-29,106.0,109.0,105.0,109.0,40000
2016-02-01,110.0,112.0,109.0,112.0,68000
2016-02-02,111.0,113.0,110.0,111.0,51000
2016-02-03,109.0,109.0,107.0,109.0,7000
2016-02-04,108.0,110.0,108.0,110.0,14000
2016-02-05,108.0,108.0,105.0,107.0,34000
2016-02-08,106.0,109.0,105.0,109.0,26000
2016-02-09,108.0,108.0,104.0,104.0,27000
2016-02-10,107.0,107.0,99.0,100.0,44000
2016-02-12,96.0,96.0,76.0,84.0,233000
2016-02-15,89.0,90.0,86.0,88.0,74000
2016-02-16,89.0,91.0,89.0,91.0,30000
2016-02-17,89.0,91.0,89.0,90.0,26000
2016-02-18,92.0,93.0,91.0,93.0,20000
2016-02-19,91.0,93.0,91.0,93.0,7000
2016-02-22,94.0,97.0,94.0,97.0,36000
2016-02-23,97.0,97.0,94.0,95.0,54000
2016-02-24,93.0,95.0,93.0,94.0,25000
2016-02-25,96.0,97.0,95.0,96.0,21000
2016-02-26,98.0,99.0,97.0,98.0,38000
2016-02-29,99.0,99.0,97.0,98.0,6000
2016-03-01,98.0,98.0,98.0,98.0,0
2016-03-02,99.0,100.0,98.0,99.0,19000
2016-03-03,100.0,101.0,99.0,100.0,13000
2016-03-04,101.0,105.0,100.0,105.0,47000
2016-03-07,105.0,105.0,104.0,104.0,5000
2016-03-08,104.0,105.0,102.0,103.0,42000
2016-03-09,102.0,103.0,101.0,103.0,15000
2016-03-10,104.0,107.0,101.0,106.0,66000
2016-03-11,106.0,108.0,105.0,108.0,31000
2016-03-14,108.0,109.0,108.0,108.0,37000
2016-03-15,107.0,108.0,106.0,108.0,15000
2016-03-16,107.0,108.0,105.0,105.0,14000
2016-03-17,106.0,108.0,104.0,105.0,28000
2016-03-18,105.0,105.0,103.0,105.0,3000
2016-03-22,105.0,107.0,104.0,106.0,8000
2016-03-23,106.0,106.0,106.0,106.0,4000
2016-03-24,105.0,106.0,105.0,106.0,5000
2016-03-25,104.0,105.0,104.0,105.0,5000
2016-03-28,105.0,106.0,105.0,105.0,11000
2016-03-29,105.0,105.0,105.0,105.0,0
2016-03-30,106.0,106.0,104.0,104.0,2000
2016-03-31,105.0,105.0,104.0,105.0,3000
2016-04-01,101.0,103.0,100.0,100.0,11000
2016-04-04,96.0,99.0,96.0,97.0,12000
2016-04-05,97.0,98.0,94.0,94.0,14000
2016-04-06,93.0,95.0,91.0,91.0,91000
2016-04-07,93.0,93.0,92.0,93.0,15000
2016-04-08,91.0,94.0,91.0,94.0,8000
2016-04-11,95.0,95.0,94.0,95.0,4000
2016-04-12,95.0,99.0,95.0,96.0,67000
2016-04-13,97.0,116.0,97.0,103.0,3080000
2016-04-14,103.0,103.0,99.0,100.0,106000
2016-04-15,100.0,101.0,100.0,101.0,24000
2016-04-18,99.0,101.0,99.0,100.0,12000
2016-04-19,101.0,102.0,100.0,100.0,19000
2016-04-20,101.0,102.0,100.0,102.0,18000
2016-04-21,104.0,104.0,102.0,102.0,31000
2016-04-22,109.0,110.0,104.0,105.0,352000
2016-04-25,105.0,106.0,102.0,105.0,41000
2016-04-26,106.0,106.0,100.0,101.0,96000
2016-04-27,101.0,102.0,100.0,101.0,19000
2016-04-28,101.0,102.0,98.0,100.0,29000
2016-05-02,98.0,98.0,94.0,97.0,70000
2016-05-06,98.0,99.0,97.0,98.0,16000
2016-05-09,98.0,101.0,98.0,101.0,49000
2016-05-10,100.0,101.0,100.0,101.0,10000
2016-05-11,100.0,101.0,99.0,99.0,21000
2016-05-12,100.0,100.0,100.0,100.0,6000
2016-05-13,99.0,100.0,98.0,100.0,33000
2016-05-16,97.0,98.0,95.0,97.0,33000
2016-05-17,98.0,99.0,98.0,98.0,5000
2016-05-18,98.0,99.0,97.0,97.0,45000
2016-05-19,96.0,100.0,96.0,98.0,25000
2016-05-20,96.0,98.0,96.0,97.0,9000
2016-05-23,96.0,97.0,95.0,97.0,4000
2016-05-24,98.0,98.0,95.0,96.0,23000
2016-05-25,97.0,97.0,96.0,96.0,5000
2016-05-26,97.0,97.0,96.0,96.0,6000
2016-05-27,99.0,106.0,98.0,100.0,358000
2016-05-30,99.0,99.0,96.0,99.0,35000
2016-05-31,97.0,98.0,96.0,96.0,90000
2016-06-01,96.0,98.0,96.0,97.0,20000
2016-06-02,96.0,97.0,94.0,95.0,16000
2016-06-03,96.0,96.0,95.0,95.0,6000
2016-06-06,93.0,95.0,93.0,95.0,7000
2016-06-07,93.0,95.0,93.0,95.0,5000
2016-06-08,95.0,95.0,93.0,95.0,29000
2016-06-09,96.0,96.0,94.0,94.0,7000
2016-06-10,95.0,95.0,95.0,95.0,1000
2016-06-13,93.0,93.0,93.0,93.0,12000
2016-06-14,90.0,90.0,85.0,85.0,72000
2016-06-15,87.0,87.0,86.0,86.0,9000
2016-06-16,86.0,86.0,81.0,81.0,32000
2016-06-17,83.0,83.0,82.0,82.0,14000
2016-06-20,83.0,84.0,83.0,84.0,13000
2016-06-21,84.0,85.0,83.0,84.0,24000
2016-06-22,83.0,85.0,83.0,85.0,11000
2016-06-23,84.0,86.0,84.0,86.0,5000
2016-06-24,84.0,86.0,73.0,75.0,62000
2016-06-27,76.0,78.0,75.0,78.0,32000
2016-06-28,78.0,81.0,78.0,80.0,20000
2016-06-29,82.0,82.0,80.0,82.0,10000
2016-06-30,82.0,83.0,81.0,83.0,20000
2016-07-01,84.0,84.0,84.0,84.0,8000
2016-07-04,83.0,84.0,73.0,79.0,83000
2016-07-05,81.0,81.0,79.0,79.0,31000
2016-07-06,79.0,79.0,79.0,79.0,23000
2016-07-07,79.0,80.0,79.0,79.0,20000
2016-07-08,79.0,80.0,79.0,80.0,2000
2016-07-11,80.0,80.0,80.0,80.0,5000
2016-07-12,81.0,81.0,81.0,81.0,14000
2016-07-13,82.0,83.0,82.0,83.0,43000
2016-07-14,83.0,91.0,83.0,86.0,192000
2016-07-15,86.0,86.0,83.0,84.0,35000
2016-07-19,84.0,84.0,81.0,81.0,36000
2016-07-20,82.0,82.0,80.0,80.0,8000
2016-07-21,80.0,82.0,80.0,81.0,19000
2016-07-22,81.0,82.0,80.0,82.0,20000
2016-07-25,83.0,88.0,82.0,84.0,134000
2016-07-26,85.0,85.0,83.0,83.0,26000
2016-07-27,84.0,85.0,83.0,83.0,24000
2016-07-28,84.0,84.0,82.0,82.0,15000
2016-07-29,83.0,83.0,79.0,81.0,12000
2016-08-01,79.0,80.0,79.0,80.0,5000
2016-08-02,80.0,81.0,80.0,81.0,4000
2016-08-03,80.0,80.0,80.0,80.0,4000
2016-08-04,81.0,86.0,81.0,85.0,116000
2016-08-05,85.0,87.0,84.0,86.0,60000
2016-08-08,87.0,87.0,84.0,86.0,34000
2016-08-09,85.0,86.0,83.0,85.0,9000
2016-08-10,84.0,87.0,84.0,87.0,11000
2016-08-12,85.0,86.0,84.0,85.0,15000
2016-08-15,85.0,85.0,80.0,81.0,116000
2016-08-16,80.0,81.0,79.0,79.0,33000
2016-08-17,79.0,80.0,79.0,80.0,5000
2016-08-18,79.0,80.0,79.0,79.0,24000
2016-08-19,80.0,80.0,80.0,80.0,3000
2016-08-22,81.0,81.0,81.0,81.0,1000
2016-08-23,80.0,80.0,79.0,79.0,10000
2016-08-24,80.0,80.0,78.0,79.0,7000
2016-08-25,80.0,80.0,80.0,80.0,2000
2016-08-26,81.0,81.0,80.0,80.0,5000
2016-08-29,80.0,80.0,79.0,79.0,3000
2016-08-30,81.0,81.0,79.0,81.0,24000
2016-08-31,81.0,81.0,78.0,79.0,64000
2016-09-01,80.0,81.0,80.0,81.0,10000
2016-09-02,80.0,80.0,80.0,80.0,2000
2016-09-05,81.0,81.0,81.0,81.0,17000
2016-09-06,81.0,81.0,81.0,81.0,11000
2016-09-07,81.0,81.0,80.0,80.0,15000
2016-09-08,80.0,82.0,80.0,82.0,22000
2016-09-09,82.0,83.0,81.0,83.0,34000
2016-09-12,82.0,83.0,82.0,83.0,5000
2016-09-13,83.0,83.0,82.0,82.0,10000
2016-09-14,83.0,83.0,83.0,83.0,11000
2016-09-15,81.0,82.0,81.0,81.0,21000
2016-09-16,81.0,81.0,81.0,81.0,4000
2016-09-20,80.0,80.0,80.0,80.0,8000
2016-09-21,79.0,79.0,78.0,78.0,38000
2016-09-23,77.0,77.0,74.0,76.0,120000
2016-09-26,76.0,77.0,75.0,76.0,36000
2016-09-27,74.0,75.0,74.0,74.0,28000
2016-09-28,73.0,73.0,71.0,71.80000305175781,55000
2016-09-29,70.30000305175781,71.5999984741211,70.30000305175781,71.5999984741211,22000
2016-09-30,71.5,71.5,70.5,70.69999694824219,27000
2016-10-03,70.5999984741211,71.4000015258789,70.5,71.0,21000
2016-10-04,71.0,71.0,71.0,71.0,18000
2016-10-05,71.19999694824219,73.4000015258789,71.19999694824219,72.19999694824219,25000
2016-10-06,71.19999694824219,71.19999694824219,71.19999694824219,71.19999694824219,3000
2016-10-07,72.69999694824219,72.69999694824219,72.5,72.69999694824219,13000
2016-10-11,72.19999694824219,72.19999694824219,72.19999694824219,72.19999694824219,3000
2016-10-12,71.80000305175781,72.0,71.5999984741211,72.0,11000
2016-10-13,70.30000305175781,71.30000305175781,70.30000305175781,71.0,179000
2016-10-14,72.0,72.5,71.69999694824219,71.69999694824219,17000
2016-10-17,72.0,72.5,72.0,72.5,21000
2016-10-18,71.4000015258789,71.4000015258789,71.30000305175781,71.30000305175781,4000
2016-10-19,71.0999984741211,71.4000015258789,71.0999984741211,71.4000015258789,18000
2016-10-20,71.5999984741211,73.0,71.4000015258789,71.4000015258789,15000
2016-10-21,71.9000015258789,71.9000015258789,71.4000015258789,71.4000015258789,7000
2016-10-24,71.19999694824219,71.19999694824219,71.19999694824219,71.19999694824219,16000
2016-10-25,71.0,71.0,71.0,71.0,7000
2016-10-26,71.9000015258789,71.9000015258789,71.0999984741211,71.0999984741211,13000
2016-10-27,71.0999984741211,71.0999984741211,71.0,71.0,20000
2016-10-28,71.0,71.30000305175781,71.0,71.30000305175781,10000
2016-10-31,70.5999984741211,71.0,70.5999984741211,70.5999984741211,16000
2016-11-01,71.5,71.5,71.5,71.5,2000
2016-11-02,70.5,71.5,70.0999984741211,70.5,23000
2016-11-04,70.5,70.5,70.5,70.5,3000
2016-11-07,71.5,71.5,70.0,70.4000015258789,13000
2016-11-08,70.0,71.0,70.0,70.80000305175781,45000
2016-11-09,70.69999694824219,70.69999694824219,66.4000015258789,66.4000015258789,78000
2016-11-10,69.30000305175781,69.5,67.5999984741211,68.0,35000
2016-11-11,67.9000015258789,68.0,66.4000015258789,67.0,40000
2016-11-14,67.0,67.0,65.80000305175781,66.0999984741211,38000
2016-11-15,67.0,67.0,66.9000015258789,67.0,22000
2016-11-16,67.0,67.0,66.0,66.0,2000
2016-11-17,66.0,67.0,66.0,67.0,17000
2016-11-18,67.9000015258789,68.0,67.5,67.5,26000
2016-11-21,67.0999984741211,67.5,67.0,67.0,10000
2016-11-22,67.0,67.0999984741211,67.0,67.0999984741211,10000
2016-11-24,67.5,68.0,67.0,68.0,28000
2016-11-25,68.0,68.0,67.0999984741211,67.19999694824219,20000
2016-11-28,68.19999694824219,68.19999694824219,68.19999694824219,68.19999694824219,6000
2016-11-29,69.0,69.0,68.0,68.0,9000
2016-11-30,67.80000305175781,68.4000015258789,67.0,67.4000015258789,16000
2016-12-01,68.19999694824219,69.19999694824219,68.0,68.0,58000
2016-12-02,68.0999984741211,68.19999694824219,68.0999984741211,68.19999694824219,5000
2016-12-05,68.19999694824219,68.19999694824219,68.0,68.0999984741211,23000
2016-12-06,67.80000305175781,68.5,67.80000305175781,68.5,9000
2016-12-07,68.0,68.5,68.0,68.4000015258789,41000
2016-12-08,68.4000015258789,68.5999984741211,68.30000305175781,68.5999984741211,37000
2016-12-09,68.80000305175781,68.9000015258789,68.80000305175781,68.9000015258789,5000
2016-12-12,69.0,69.5,68.80000305175781,69.19999694824219,83000
2016-12-13,69.4000015258789,69.9000015258789,69.30000305175781,69.5,49000
2016-12-14,69.69999694824219,69.69999694824219,69.4000015258789,69.4000015258789,18000
2016-12-15,70.0,70.0,69.4000015258789,69.5,25000
2016-12-16,69.19999694824219,69.69999694824219,69.19999694824219,69.5,40000
2016-12-19,69.30000305175781,69.69999694824219,69.30000305175781,69.69999694824219,10000
2016-12-20,69.69999694824219,70.5,69.69999694824219,70.0,71000
2016-12-21,69.9000015258789,71.0,69.69999694824219,70.9000015258789,95000
2016-12-22,71.0,71.80000305175781,70.9000015258789,71.80000305175781,125000
2016-12-26,73.0,78.9000015258789,72.80000305175781,76.5,321000
2016-12-27,76.9000015258789,76.9000015258789,74.30000305175781,74.5,82000
2016-12-28,74.0,74.9000015258789,74.0,74.80000305175781,29000
2016-12-29,74.9000015258789,75.80000305175781,74.9000015258789,75.80000305175781,8000
2016-12-30,76.0,85.69999694824219,75.80000305175781,80.9000015258789,538000
2017-01-04,82.0999984741211,86.0,82.0999984741211,84.30000305175781,225000
2017-01-05,84.30000305175781,90.9000015258789,84.30000305175781,88.5999984741211,159000
2017-01-06,87.19999694824219,87.19999694824219,84.5,84.80000305175781,67000
2017-01-10,85.69999694824219,85.69999694824219,80.0999984741211,80.30000305175781,65000
2017-01-11,80.30000305175781,82.19999694824219,78.0,81.0,104000
2017-01-12,80.0999984741211,80.0999984741211,78.5,78.5,28000
2017-01-13,78.30000305175781,78.80000305175781,78.19999694824219,78.80000305175781,4000
2017-01-16,78.80000305175781,81.0999984741211,78.80000305175781,81.0,14000
2017-01-17,81.0,81.0,80.9000015258789,81.0,14000
2017-01-18,81.0,81.0,81.0,81.0,0
2017-01-19,79.5,79.5,79.5,79.5,1000
2017-01-20,79.5,79.5,79.5,79.5,0
2017-01-23,79.5,79.5,79.5,79.5,0
2017-01-24,78.4000015258789,80.5,77.5999984741211,78.69999694824219,14000
2017-01-25,80.0,80.0,78.5,78.5,5000
2017-01-26,80.9000015258789,80.9000015258789,79.4000015258789,79.4000015258789,4000
2017-01-27,79.0999984741211,79.0999984741211,79.0999984741211,79.0999984741211,4000
2017-01-30,78.69999694824219,78.69999694824219,78.69999694824219,78.69999694824219,5000
2017-01-31,78.5999984741211,78.5999984741211,78.5,78.5,8000
2017-02-01,78.30000305175781,78.30000305175781,77.5999984741211,78.0999984741211,16000
2017-02-02,78.9000015258789,78.9000015258789,78.9000015258789,78.9000015258789,4000
2017-02-03,78.9000015258789,78.9000015258789,78.9000015258789,78.9000015258789,3000
2017-02-06,78.9000015258789,78.9000015258789,78.9000015258789,78.9000015258789,0
2017-02-07,78.9000015258789,78.9000015258789,78.9000015258789,78.9000015258789,0
2017-02-08,78.9000015258789,78.9000015258789,78.9000015258789,78.9000015258789,0
2017-02-09,79.5999984741211,79.5999984741211,79.5999984741211,79.5999984741211,7000
2017-02-10,79.69999694824219,79.69999694824219,79.69999694824219,79.69999694824219,6000
2017-02-13,80.19999694824219,80.19999694824219,79.0,79.0,2000
2017-02-14,79.0,79.0,79.0,79.0,1000
2017-02-15,79.0,79.0,79.0,79.0,0
2017-02-16,79.0,79.0,79.0,79.0,1000
2017-02-17,79.0,79.0,79.0,79.0,0
2017-02-20,79.0,79.0,79.0,79.0,0
2017-02-21,78.4000015258789,78.4000015258789,75.0,78.0,47000
2017-02-22,76.5,76.5,76.5,76.5,2000
2017-02-23,76.9000015258789,76.9000015258789,76.9000015258789,76.9000015258789,14000
2017-02-24,78.19999694824219,78.19999694824219,77.69999694824219,77.69999694824219,2000
2017-02-27,76.9000015258789,76.9000015258789,76.69999694824219,76.69999694824219,26000
2017-02-28,76.69999694824219,76.69999694824219,76.69999694824219,76.69999694824219,54000
2017-03-01,76.69999694824219,76.69999694824219,76.69999694824219,76.69999694824219,0
2017-03-02,76.69999694824219,77.4000015258789,76.69999694824219,77.4000015258789,4000
2017-03-03,76.0,77.4000015258789,76.0,77.4000015258789,14000
2017-03-06,77.4000015258789,77.4000015258789,77.0,77.0,2000
2017-03-07,76.30000305175781,76.30000305175781,76.19999694824219,76.19999694824219,12000
2017-03-08,76.19999694824219,76.19999694824219,76.19999694824219,76.19999694824219,3000
2017-03-09,75.5999984741211,75.5999984741211,75.5999984741211,75.5999984741211,1000
2017-03-10,75.5,75.5,74.0,74.0,5000
2017-03-13,75.4000015258789,75.4000015258789,75.19999694824219,75.30000305175781,8000
2017-03-14,75.30000305175781,75.30000305175781,75.30000305175781,75.30000305175781,0
2017-03-15,74.80000305175781,74.80000305175781,73.30000305175781,73.30000305175781,3000
2017-03-16,73.0,75.5999984741211,73.0,75.5999984741211,11000
2017-03-17,75.5999984741211,75.5999984741211,75.5999984741211,75.5999984741211,0
2017-03-21,78.5999984741211,82.5,78.0,80.0,14000
2017-03-22,74.0,77.4000015258789,74.0,77.4000015258789,12000
2017-03-23,77.19999694824219,77.19999694824219,77.19999694824219,77.19999694824219,1000
2017-03-24,74.5,77.69999694824219,74.5,77.69999694824219,4000
2017-03-27,77.5,77.5,74.5,74.5,19000
2017-03-28,75.0,75.0,75.0,75.0,1000
2017-03-29,74.0999984741211,74.0999984741211,74.0999984741211,74.0999984741211,10000
2017-03-30,77.0,77.69999694824219,76.9000015258789,77.69999694824219,43000
2017-03-31,77.5999984741211,77.69999694824219,77.5999984741211,77.69999694824219,18000
2017-04-03,77.5999984741211,77.5999984741211,76.0999984741211,76.80000305175781,4000
2017-04-04,75.5999984741211,75.5999984741211,74.0999984741211,74.0999984741211,31000
2017-04-05,74.0999984741211,74.0999984741211,74.0999984741211,74.0999984741211,0
2017-04-06,74.19999694824219,74.19999694824219,74.0,74.0,9000
2017-04-07,73.5,73.5,73.5,73.5,2000
2017-04-10,73.5,73.5,73.5,73.5,0
2017-04-11,73.5,73.5,73.5,73.5,0
2017-04-12,73.5,73.5,73.5,73.5,0
2017-04-13,70.69999694824219,70.69999694824219,69.9000015258789,70.0,26000
2017-04-14,70.19999694824219,70.19999694824219,70.0,70.0,9000
2017-04-17,70.0,70.0,70.0,70.0,0
2017-04-18,70.0,70.0,70.0,70.0,0
2017-04-19,70.0,70.0,70.0,70.0,0
2017-04-20,70.0,70.0,70.0,70.0,0
2017-04-21,70.0,70.0,70.0,70.0,0
2017-04-24,70.0,70.0,70.0,70.0,0
2017-04-25,70.0,70.0,70.0,70.0,1000
2017-04-26,73.5,77.19999694824219,72.0,72.0999984741211,26000
2017-04-27,72.0999984741211,72.0999984741211,70.5999984741211,70.5999984741211,8000
2017-04-28,76.19999694824219,76.19999694824219,73.0,73.0,10000
2017-05-01,73.0,73.0,73.0,73.0,0
2017-05-02,76.0,76.0999984741211,73.30000305175781,75.9000015258789,26000
2017-05-08,74.0,74.0,74.0,74.0,1000
2017-05-09,74.4000015258789,74.4000015258789,74.4000015258789,74.4000015258789,12000
2017-05-10,75.69999694824219,75.69999694824219,75.69999694824219,75.69999694824219,1000
2017-05-11,76.19999694824219,77.0,75.5,75.5,20000
2017-05-12,74.9000015258789,74.9000015258789,74.9000015258789,74.9000015258789,1000
2017-05-15,74.9000015258789,74.9000015258789,74.9000015258789,74.9000015258789,0
2017-05-16,75.69999694824219,76.19999694824219,75.69999694824219,76.19999694824219,2000
2017-05-17,76.9000015258789,77.19999694824219,76.9000015258789,77.19999694824219,7000
2017-05-18,76.19999694824219,77.30000305175781,76.19999694824219,77.30000305175781,5000
2017-05-19,77.30000305175781,77.30000305175781,76.69999694824219,76.69999694824219,2000
2017-05-22,76.69999694824219,76.69999694824219,76.69999694824219,76.69999694824219,0
2017-05-23,75.4000015258789,77.0,75.4000015258789,77.0,8000
2017-05-24,75.19999694824219,75.30000305175781,75.0,75.0,11000
2017-05-25,75.0,75.0,75.0,75.0,0
2017-05-26,77.4000015258789,77.4000015258789,77.4000015258789,77.4000015258789,3000
2017-05-29,77.30000305175781,77.30000305175781,77.30000305175781,77.30000305175781,2000
2017-05-30,75.80000305175781,76.0999984741211,75.80000305175781,76.0999984741211,8000
2017-05-31,76.0999984741211,76.0999984741211,76.0999984741211,76.0999984741211,0
2017-06-01,76.19999694824219,76.19999694824219,76.0999984741211,76.0999984741211,8000
2017-06-02,76.0,77.0,75.5,77.0,8000
2017-06-05,75.5,75.5,75.0,75.0,4000
2017-06-06,74.5,74.5,74.5,74.5,3000
2017-06-07,75.5999984741211,75.69999694824219,73.5999984741211,75.69999694824219,5000
2017-06-08,76.5999984741211,76.5999984741211,76.0999984741211,76.0999984741211,29000
2017-06-09,76.19999694824219,76.19999694824219,76.0999984741211,76.0999984741211,4000
2017-06-12,76.0999984741211,76.0999984741211,76.0999984741211,76.0999984741211,0
2017-06-13,75.9000015258789,76.4000015258789,75.9000015258789,76.19999694824219,21000
2017-06-14,75.0999984741211,76.0999984741211,75.0999984741211,76.0999984741211,8000
2017-06-15,76.0999984741211,76.0999984741211,76.0999984741211,76.0999984741211,0
2017-06-16,74.5999984741211,74.5999984741211,74.5999984741211,74.5999984741211,2000
2017-06-19,75.19999694824219,75.19999694824219,75.19999694824219,75.19999694824219,1000
2017-06-20,75.30000305175781,75.30000305175781,75.30000305175781,75.30000305175781,2000
2017-06-21,75.0,75.0,75.0,75.0,1000
2017-06-22,75.19999694824219,77.5,75.19999694824219,77.5,8000
2017-06-23,76.19999694824219,76.19999694824219,76.19999694824219,76.19999694824219,3000
2017-06-26,76.9000015258789,76.9000015258789,75.19999694824219,75.19999694824219,4000
2017-06-27,75.19999694824219,75.19999694824219,75.19999694824219,75.19999694824219,1000
2017-06-28,74.5999984741211,74.5999984741211,74.5999984741211,74.5999984741211,1000
2017-06-29,74.5999984741211,74.5999984741211,74.5999984741211,74.5999984741211,1000
2017-06-30,74.5999984741211,77.0999984741211,74.5999984741211,77.0,66000
2017-07-03,77.19999694824219,78.0,76.4000015258789,76.4000015258789,33000
2017-07-04,76.80000305175781,77.5999984741211,76.80000305175781,77.30000305175781,25000
2017-07-05,77.30000305175781,79.5,77.30000305175781,78.80000305175781,64000
2017-07-06,78.69999694824219,78.69999694824219,78.4000015258789,78.4000015258789,17000
2017-07-07,78.4000015258789,78.4000015258789,78.30000305175781,78.30000305175781,4000
2017-07-10,78.30000305175781,78.30000305175781,78.30000305175781,78.30000305175781,7000
2017-07-11,78.30000305175781,78.30000305175781,78.30000305175781,78.30000305175781,0
2017-07-12,78.9000015258789,78.9000015258789,78.30000305175781,78.30000305175781,3000
2017-07-13,78.9000015258789,78.9000015258789,78.30000305175781,78.30000305175781,8000
2017-07-14,78.30000305175781,78.30000305175781,78.19999694824219,78.30000305175781,10000
2017-07-17,78.30000305175781,78.30000305175781,78.30000305175781,78.30000305175781,0
2017-07-18,78.4000015258789,78.5,78.4000015258789,78.5,21000
2017-07-19,79.4000015258789,79.4000015258789,79.4000015258789,79.4000015258789,7000
2017-07-20,79.5999984741211,80.0,79.5999984741211,80.0,36000
2017-07-21,80.0,80.0,79.0,80.0,25000
2017-07-24,80.0,80.0,79.5,79.5,33000
2017-07-25,79.5,79.5999984741211,79.5,79.5,6000
2017-07-26,80.80000305175781,84.4000015258789,80.80000305175781,83.9000015258789,276000
2017-07-27,83.9000015258789,83.9000015258789,82.0,82.0999984741211,44000
2017-07-28,83.0,83.0,82.0,82.0,22000
2017-07-31,80.5,80.5,80.19999694824219,80.19999694824219,24000
2017-08-01,80.0999984741211,80.0999984741211,78.5999984741211,78.5999984741211,11000
2017-08-02,78.5999984741211,78.80000305175781,78.5999984741211,78.69999694824219,6000
2017-08-03,78.5999984741211,78.5999984741211,78.5999984741211,78.5999984741211,3000
2017-08-04,78.5999984741211,80.0,78.5999984741211,80.0,21000
2017-08-07,80.0,80.0,78.9000015258789,78.9000015258789,6000
2017-08-08,78.9000015258789,78.9000015258789,78.9000015258789,78.9000015258789,0
2017-08-09,78.80000305175781,78.80000305175781,78.80000305175781,78.80000305175781,2000
2017-08-10,80.0,80.0,78.5999984741211,78.80000305175781,7000
2017-08-11,78.80000305175781,78.80000305175781,78.80000305175781,78.80000305175781,0
2017-08-14,77.80000305175781,77.80000305175781,77.80000305175781,77.80000305175781,8000
2017-08-15,77.80000305175781,77.80000305175781,77.80000305175781,77.80000305175781,0
2017-08-16,77.80000305175781,77.80000305175781,77.80000305175781,77.80000305175781,0
2017-08-17,77.80000305175781,77.80000305175781,77.80000305175781,77.80000305175781,1000
2017-08-18,77.80000305175781,77.80000305175781,77.80000305175781,77.80000305175781,0
2017-08-21,77.80000305175781,77.80000305175781,77.80000305175781,77.80000305175781,0
2017-08-22,77.19999694824219,77.19999694824219,77.19999694824219,77.19999694824219,3000
2017-08-23,79.9000015258789,80.30000305175781,78.80000305175781,79.5,15000
2017-08-24,79.5,79.5,79.5,79.5,0
2017-08-25,79.4000015258789,80.30000305175781,79.4000015258789,80.19999694824219,23000
2017-08-28,81.19999694824219,81.19999694824219,81.19999694824219,81.19999694824219,2000
2017-08-29,79.0999984741211,79.9000015258789,79.0999984741211,79.80000305175781,4000
2017-08-30,80.5999984741211,80.5999984741211,80.5999984741211,80.5999984741211,2000
2017-08-31,79.0999984741211,79.0999984741211,77.9000015258789,78.30000305175781,9000
2017-09-01,78.30000305175781,78.30000305175781,78.30000305175781,78.30000305175781,0
2017-09-04,78.9000015258789,79.5999984741211,78.9000015258789,79.5999984741211,10000
2017-09-05,79.9000015258789,79.9000015258789,79.9000015258789,79.9000015258789,2000
2017-09-06,79.9000015258789,79.9000015258789,79.9000015258789,79.9000015258789,0
2017-09-07,81.0,81.0,79.5,79.5,2000
2017-09-08,80.5,80.5,80.5,80.5,2000
2017-09-11,81.19999694824219,81.19999694824219,80.69999694824219,80.69999694824219,3000
2017-09-12,81.5,84.9000015258789,81.5,82.30000305175781,16000
2017-09-13,83.80000305175781,83.80000305175781,81.9000015258789,81.9000015258789,4000
2017-09-14,83.4000015258789,83.5,83.4000015258789,83.5,12000
2017-09-15,83.5,83.5,83.5,83.5,0
2017-09-18,83.5,83.5,83.5,83.5,0
2017-09-19,83.30000305175781,83.4000015258789,83.19999694824219,83.4000015258789,5000
2017-09-20,83.5,86.80000305175781,83.5,86.80000305175781,219000
2017-09-21,83.80000305175781,83.80000305175781,83.80000305175781,83.80000305175781,1000
2017-09-22,83.80000305175781,83.80000305175781,83.80000305175781,83.80000305175781,0
2017-09-25,83.80000305175781,83.80000305175781,83.80000305175781,83.80000305175781,0
2017-09-26,85.9000015258789,85.9000015258789,84.4000015258789,84.4000015258789,6000
2017-09-27,84.4000015258789,84.4000015258789,81.4000015258789,83.19999694824219,11000
2017-09-28,83.19999694824219,83.5999984741211,83.19999694824219,83.5999984741211,4000
2017-09-29,83.0,83.0,83.0,83.0,12000
2017-10-02,85.0,85.0,84.0,84.0,2000
2017-10-03,86.19999694824219,86.19999694824219,86.19999694824219,86.19999694824219,1000
2017-10-04,86.19999694824219,86.19999694824219,81.5999984741211,83.5999984741211,23000
2017-10-05,83.30000305175781,83.30000305175781,83.19999694824219,83.19999694824219,3000
2017-10-06,82.5,82.5,82.5,82.5,1000
2017-10-09,82.5,82.5,82.5,82.5,0
2017-10-10,82.5,82.5,82.5,82.5,0
2017-10-11,82.5,82.5,82.5,82.5,0
2017-10-12,82.0,84.69999694824219,82.0,84.69999694824219,3000
2017-10-13,84.69999694824219,84.69999694824219,84.69999694824219,84.69999694824219,0
2017-10-16,84.0,84.0,83.0,83.0,4000
2017-10-17,83.0,83.0,83.0,83.0,0
2017-10-18,83.0,83.0,83.0,83.0,0
2017-10-19,83.0,83.0,83.0,83.0,0
2017-10-20,83.0,83.0,83.0,83.0,0
2017-10-23,83.0,83.0,83.0,83.0,0
2017-10-24,83.0,83.0,83.0,83.0,0
2017-10-25,83.0,83.0,83.0,83.0,0
2017-10-26,83.0,83.0,83.0,83.0,0
2017-10-27,83.0,83.0,83.0,83.0,0
2017-10-30,82.5,82.5999984741211,82.4000015258789,82.5999984741211,7000
2017-10-31,82.5999984741211,82.5999984741211,82.5999984741211,82.5999984741211,0
2017-11-01,83.0,83.0,82.5999984741211,82.5999984741211,2000
2017-11-02,82.5999984741211,82.5999984741211,82.5999984741211,82.5999984741211,0
2017-11-03,82.5999984741211,82.5999984741211,82.5999984741211,82.5999984741211,0
2017-11-06,82.5999984741211,82.69999694824219,82.5999984741211,82.69999694824219,2000
2017-11-07,82.4000015258789,82.4000015258789,82.4000015258789,82.4000015258789,3000
2017-11-08,82.4000015258789,82.4000015258789,82.4000015258789,82.4000015258789,0
2017-11-09,82.4000015258789,82.4000015258789,82.19999694824219,82.19999694824219,3000
2017-11-10,82.19999694824219,82.19999694824219,82.19999694824219,82.19999694824219,0
2017-11-13,82.19999694824219,82.19999694824219,82.19999694824219,82.19999694824219,0
2017-11-14,82.19999694824219,82.19999694824219,82.19999694824219,82.19999694824219,0
2017-11-15,80.69999694824219,80.69999694824219,80.69999694824219,80.69999694824219,3000
2017-11-16,81.0999984741211,81.0999984741211,81.0999984741211,81.0999984741211,2000
2017-11-17,81.0999984741211,81.0999984741211,81.0999984741211,81.0999984741211,0
2017-11-20,82.30000305175781,82.30000305175781,82.30000305175781,82.30000305175781,1000
2017-11-21,82.30000305175781,83.80000305175781,82.30000305175781,83.80000305175781,16000
2017-11-22,83.80000305175781,83.80000305175781,83.80000305175781,83.80000305175781,0
2017-11-23,83.80000305175781,83.80000305175781,83.80000305175781,83.80000305175781,0
2017-11-24,83.80000305175781,83.80000305175781,83.80000305175781,83.80000305175781,0
2017-11-27,82.30000305175781,82.30000305175781,82.30000305175781,82.30000305175781,1000
2017-11-28,81.80000305175781,81.80000305175781,81.80000305175781,81.80000305175781,1000
2017-11-29,82.5,82.5,82.5,82.5,1000
2017-11-30,82.5,82.5,82.5,82.5,0
2017-12-01,83.9000015258789,83.9000015258789,83.9000015258789,83.9000015258789,1000
2017-12-04,77.9000015258789,80.0,77.9000015258789,79.30000305175781,113000
2017-12-05,78.19999694824219,79.30000305175781,78.19999694824219,79.19999694824219,3000
2017-12-06,79.19999694824219,79.19999694824219,79.19999694824219,79.19999694824219,0
2017-12-07,79.19999694824219,79.19999694824219,79.19999694824219,79.19999694824219,0
2017-12-08,78.80000305175781,78.9000015258789,78.80000305175781,78.9000015258789,3000
2017-12-11,78.9000015258789,78.9000015258789,78.9000015258789,78.9000015258789,0
2017-12-12,80.19999694824219,80.19999694824219,78.69999694824219,78.69999694824219,3000
2017-12-13,78.69999694824219,78.69999694824219,78.69999694824219,78.69999694824219,0
2017-12-14,78.69999694824219,93.6999969482422,78.69999694824219,93.6999969482422,371000
2017-12-15,108.6999969482422,108.6999969482422,108.6999969482422,108.6999969482422,128000
2017-12-18,102.6999969482422,108.9000015258789,95.9000015258789,97.3000030517578,1209000
2017-12-19,100.3000030517578,109.1999969482422,93.6999969482422,93.6999969482422,535000
2017-12-20,91.0,91.0999984741211,86.4000015258789,86.4000015258789,271000
2017-12-21,85.30000305175781,86.9000015258789,84.0999984741211,85.9000015258789,111000
2017-12-22,85.0,85.80000305175781,84.0,84.0999984741211,34000
2017-12-25,85.5999984741211,86.19999694824219,84.0999984741211,84.0999984741211,53000
2017-12-26,84.19999694824219,87.0999984741211,84.19999694824219,85.4000015258789,66000
2017-12-27,85.19999694824219,86.4000015258789,85.19999694824219,86.0999984741211,24000
2017-12-28,85.5999984741211,88.80000305175781,85.19999694824219,88.80000305175781,80000
2017-12-29,87.5,88.5,86.0,88.5,38000
2018-01-01,88.5,88.5,88.5,88.5,0
2018-01-02,88.5,88.5,88.5,88.5,0
2018-01-03,88.5,88.5,88.5,88.5,0
2018-01-04,88.5,88.69999694824219,87.5,87.9000015258789,15000
2018-01-05,87.0,92.5999984741211,83.69999694824219,92.0,84000
2018-01-08,92.0,92.0,92.0,92.0,0
2018-01-09,90.5,91.8000030517578,90.0,91.8000030517578,33000
2018-01-10,92.4000015258789,92.4000015258789,92.4000015258789,92.4000015258789,6000
2018-01-11,92.4000015258789,92.4000015258789,92.4000015258789,92.4000015258789,0
2018-01-12,92.4000015258789,92.4000015258789,92.4000015258789,92.4000015258789,0
2018-01-15,92.1999969482422,92.8000030517578,90.6999969482422,92.1999969482422,37000
2018-01-16,92.9000015258789,94.4000015258789,88.80000305175781,91.5999984741211,46000
2018-01-17,91.5999984741211,91.5999984741211,91.5999984741211,91.5999984741211,0
2018-01-18,91.5999984741211,92.0,91.5999984741211,92.0,31000
2018-01-19,92.0,92.0,92.0,92.0,0
2018-01-22,92.1999969482422,92.1999969482422,91.0,91.0,24000
2018-01-23,91.0,91.0,91.0,91.0,0
2018-01-24,91.0999984741211,91.0999984741211,90.4000015258789,90.5,11000
2018-01-25,89.4000015258789,92.0,89.0999984741211,92.0,29000
2018-01-26,91.9000015258789,91.9000015258789,90.9000015258789,91.9000015258789,21000
2018-01-29,90.8000030517578,91.5,90.0,90.0,8000
2018-01-30,90.5999984741211,90.5999984741211,89.0999984741211,89.5,18000
2018-01-31,89.5,89.5,89.5,89.5,0
2018-02-01,89.0,89.5,89.0,89.19999694824219,16000
2018-02-02,91.0,91.0,89.9000015258789,89.9000015258789,4000
2018-02-05,89.9000015258789,89.9000015258789,89.9000015258789,89.9000015258789,0
2018-02-06,87.19999694824219,87.19999694824219,87.19999694824219,87.19999694824219,4000
2018-02-07,87.19999694824219,87.19999694824219,87.19999694824219,87.19999694824219,0
2018-02-08,84.0,84.0,83.0,83.0,3000
2018-02-09,83.0,83.0,83.0,83.0,0
2018-02-12,83.0,83.0,83.0,83.0,0
2018-02-13,83.0,83.0,83.0,83.0,0
2018-02-14,85.5,85.5,81.69999694824219,81.69999694824219,9000
2018-02-15,83.30000305175781,83.30000305175781,80.5,80.80000305175781,6000
2018-02-16,80.30000305175781,81.80000305175781,80.30000305175781,80.4000015258789,26000
2018-02-19,80.5,80.5999984741211,80.30000305175781,80.30000305175781,34000
2018-02-20,80.4000015258789,80.4000015258789,80.4000015258789,80.4000015258789,3000
2018-02-21,80.4000015258789,80.4000015258789,80.4000015258789,80.4000015258789,0
2018-02-22,80.4000015258789,80.4000015258789,80.4000015258789,80.4000015258789,2000
2018-02-23,80.4000015258789,80.4000015258789,80.4000015258789,80.4000015258789,0
2018-02-26,80.4000015258789,80.4000015258789,80.4000015258789,80.4000015258789,0
2018-02-27,81.0,81.0,80.0,80.0,7000
2018-02-28,82.0,82.0,82.0,82.0,4000
2018-03-01,80.0999984741211,80.0999984741211,80.0,80.0,5000
2018-03-02,80.0,80.0,80.0,80.0,0
2018-03-05,80.0,80.0,80.0,80.0,0
2018-03-06,80.0,80.0,80.0,80.0,0
2018-03-07,78.30000305175781,81.19999694824219,78.30000305175781,81.19999694824219,11000
2018-03-08,81.19999694824219,81.19999694824219,81.0999984741211,81.0999984741211,9000
2018-03-09,81.0999984741211,81.0999984741211,81.0999984741211,81.0999984741211,0
2018-03-12,81.0999984741211,81.30000305175781,80.19999694824219,80.19999694824219,27000
2018-03-13,81.5,81.5,81.0999984741211,81.0999984741211,2000
2018-03-14,82.0,83.5,82.0,83.5,60000
2018-03-15,83.19999694824219,84.69999694824219,81.19999694824219,84.5,61000
2018-03-16,82.9000015258789,84.9000015258789,82.9000015258789,84.80000305175781,5000
2018-03-19,84.0,87.19999694824219,82.5,87.19999694824219,107000
2018-03-20,87.19999694824219,91.3000030517578,86.0999984741211,86.9000015258789,160000
2018-03-21,86.9000015258789,86.9000015258789,86.9000015258789,86.9000015258789,0
2018-03-22,86.9000015258789,88.0,85.4000015258789,86.0,38000
2018-03-23,83.0,85.0,83.0,83.0999984741211,21000
2018-03-26,84.5999984741211,85.0,84.0,85.0,31000
2018-03-27,86.0,87.0,86.0,87.0,41000
2018-03-28,84.5,84.5,84.5,84.5,2000
2018-03-29,83.0,85.0,83.0,84.5,55000
2018-03-30,84.19999694824219,86.4000015258789,83.0,85.4000015258789,8000
2018-04-02,85.4000015258789,86.19999694824219,85.4000015258789,86.19999694824219,2000
2018-04-03,86.19999694824219,86.19999694824219,85.5,85.5,5000
2018-04-04,85.5,85.5,85.5,85.5,0
2018-04-05,85.0,85.0,83.5,83.69999694824219,22000
2018-04-06,85.19999694824219,86.19999694824219,85.19999694824219,86.19999694824219,23000
2018-04-09,84.69999694824219,84.69999694824219,84.69999694824219,84.69999694824219,4000
2018-04-10,84.69999694824219,85.0999984741211,84.5,85.0,18000
2018-04-11,85.0,85.0,85.0,85.0,0
2018-04-12,86.30000305175781,86.9000015258789,86.30000305175781,86.80000305175781,31000
2018-04-13,86.80000305175781,86.80000305175781,86.80000305175781,86.80000305175781,14000
2018-04-16,88.0,90.0,87.0,87.0,28000
2018-04-17,87.0,87.0999984741211,86.5,87.0999984741211,12000
2018-04-18,87.0,87.5999984741211,87.0,87.5999984741211,3000
2018-04-19,87.5999984741211,90.0,87.5999984741211,90.0,8000
2018-04-20,90.0,90.0,89.0,90.0,24000
2018-04-23,90.0,90.0,88.80000305175781,90.0,15000
2018-04-24,90.0999984741211,91.6999969482422,90.0999984741211,91.6999969482422,16000
2018-04-25,91.4000015258789,91.9000015258789,91.0,91.6999969482422,36000
2018-04-26,91.6999969482422,92.0,90.0,92.0,24000
2018-04-27,92.0,92.0,92.0,92.0,0
2018-04-30,92.0,92.0,92.0,92.0,0
2018-05-01,92.0,92.0,92.0,92.0,0
2018-05-02,92.0,92.0,92.0,92.0,0
2018-05-03,92.0,92.0,92.0,92.0,0
2018-05-04,92.0,92.0,92.0,92.0,0
2018-05-07,88.0999984741211,88.0999984741211,86.5999984741211,87.0999984741211,19000
2018-05-08,87.0999984741211,89.0,87.0999984741211,88.69999694824219,4000
2018-05-09,88.69999694824219,88.69999694824219,88.69999694824219,88.69999694824219,0
2018-05-10,87.5999984741211,87.5999984741211,87.5,87.5,9000
2018-05-11,87.5,87.5,87.5,87.5,0
2018-05-14,87.5,87.5,87.5,87.5,0
2018-05-15,88.19999694824219,88.19999694824219,88.19999694824219,88.19999694824219,2000
2018-05-16,88.19999694824219,88.19999694824219,88.19999694824219,88.19999694824219,0
2018-05-17,86.0,86.0,86.0,86.0,1000
2018-05-18,86.0,86.0,86.0,86.0,0
2018-05-21,86.0,86.0,86.0,86.0,0
2018-05-22,86.0,86.0,86.0,86.0,0
2018-05-23,83.9000015258789,84.9000015258789,83.9000015258789,84.9000015258789,9000
2018-05-24,82.0999984741211,84.0,82.0999984741211,84.0,12000
2018-05-25,82.5,82.5,82.5,82.5,4000
2018-05-28,82.5,82.5,82.5,82.5,0
2018-05-29,83.5,84.30000305175781,82.5,84.30000305175781,28000
2018-05-30,82.80000305175781,83.0999984741211,82.80000305175781,83.0999984741211,5000
2018-05-31,83.5,83.5,83.30000305175781,83.30000305175781,5000
2018-06-01,82.9000015258789,84.69999694824219,82.69999694824219,83.4000015258789,37000
2018-06-04,83.4000015258789,83.4000015258789,83.4000015258789,83.4000015258789,0
2018-06-05,85.5999984741211,85.9000015258789,85.0,85.0,46000
2018-06-06,85.0,85.0,84.0,84.0,11000
2018-06-07,85.19999694824219,86.80000305175781,85.19999694824219,86.80000305175781,211000
2018-06-08,86.80000305175781,86.80000305175781,86.80000305175781,86.80000305175781,9000
2018-06-11,86.80000305175781,86.9000015258789,85.30000305175781,85.30000305175781,17000
2018-06-12,85.0,86.69999694824219,84.9000015258789,86.69999694824219,90000
2018-06-13,86.5999984741211,86.5999984741211,86.5999984741211,86.5999984741211,2000
2018-06-14,86.5999984741211,86.5999984741211,86.5999984741211,86.5999984741211,0
2018-06-15,85.30000305175781,86.4000015258789,85.30000305175781,85.30000305175781,10000
2018-06-18,85.0999984741211,86.80000305175781,85.0999984741211,86.0,44000
2018-06-19,86.0,86.0,86.0,86.0,0
2018-06-20,86.0,87.9000015258789,85.0,87.9000015258789,37000
2018-06-21,87.9000015258789,88.0,87.5999984741211,87.69999694824219,63000
2018-06-22,87.69999694824219,87.69999694824219,87.69999694824219,87.69999694824219,0
2018-06-25,86.4000015258789,90.8000030517578,86.30000305175781,88.5,203000
2018-06-26,89.9000015258789,89.9000015258789,86.9000015258789,88.0999984741211,18000
2018-06-27,89.5999984741211,89.9000015258789,87.0999984741211,88.5,55000
2018-06-28,88.5,88.5,88.5,88.5,0
2018-06-29,88.5,88.5,88.5,88.5,0
2018-07-02,88.19999694824219,88.19999694824219,86.80000305175781,86.80000305175781,35000
2018-07-03,97.3000030517578,101.8000030517578,96.0999984741211,101.8000030517578,1986000
2018-07-04,110.8000030517578,131.8000030517578,107.4000015258789,131.8000030517578,4938000
2018-07-05,156.8000030517578,161.8000030517578,128.1999969482422,130.0,7640000
2018-07-06,124.0,136.8000030517578,114.0999984741211,127.1999969482422,6512000
2018-07-09,139.1999969482422,141.0,126.5,130.5,2110000
2018-07-10,124.5,140.0,117.0999984741211,128.0,2005000
2018-07-11,120.8000030517578,127.4000015258789,118.8000030517578,120.0,1026000
2018-07-12,125.9000015258789,150.0,124.5,150.0,3532000
2018-07-13,173.3000030517578,179.8000030517578,142.1999969482422,142.3000030517578,6346000
2018-07-16,142.3000030517578,142.3000030517578,142.3000030517578,142.3000030517578,0
2018-07-17,139.8000030517578,163.60000610351562,137.60000610351562,143.6999969482422,2619000
2018-07-18,149.6999969482422,149.89999389648438,138.39999389648438,149.60000610351562,587000
2018-07-19,146.60000610351562,159.1999969482422,146.0,152.60000610351562,594000
2018-07-20,150.89999389648438,158.0,148.5,151.6999969482422,367000
2018-07-23,149.10000610351562,150.5,141.0,141.8000030517578,257000
2018-07-24,146.1999969482422,146.1999969482422,138.6999969482422,141.0,124000
2018-07-25,143.6999969482422,143.6999969482422,132.6999969482422,133.1999969482422,245000
2018-07-26,135.5,142.0,133.89999389648438,135.6999969482422,188000
2018-07-27,140.89999389648438,140.89999389648438,132.89999389648438,135.8000030517578,218000
2018-07-30,135.8000030517578,137.5,126.6999969482422,129.1999969482422,132000
2018-07-31,131.10000610351562,131.60000610351562,119.5,124.1999969482422,146000
2018-08-01,121.1999969482422,123.8000030517578,118.5999984741211,118.6999969482422,263000
2018-08-02,117.0999984741211,117.0999984741211,110.5,113.3000030517578,224000
2018-08-03,117.0999984741211,143.3000030517578,116.5999984741211,139.89999389648438,1733000
2018-08-06,136.8000030517578,136.8000030517578,130.0,130.0,467000
2018-08-07,128.0,138.5,121.4000015258789,129.8000030517578,274000
2018-08-08,129.60000610351562,137.10000610351562,125.4000015258789,135.39999389648438,178000
2018-08-09,138.39999389648438,147.5,132.10000610351562,136.8000030517578,427000
2018-08-10,134.1999969482422,134.5,127.5,132.39999389648438,114000
2018-08-13,129.39999389648438,129.89999389648438,120.8000030517578,129.10000610351562,70000
2018-08-14,132.0,149.1999969482422,132.0,143.1999969482422,565000
2018-08-15,172.1999969482422,172.6999969482422,157.39999389648438,164.10000610351562,1864000
2018-08-16,164.0,169.89999389648438,155.5,157.1999969482422,379000
2018-08-17,153.1999969482422,153.1999969482422,146.10000610351562,148.0,367000
2018-08-20,145.0,147.39999389648438,139.60000610351562,140.3000030517578,113000
2018-08-21,140.10000610351562,153.5,140.0,151.0,165000
2018-08-22,151.0,151.0,143.0,144.10000610351562,87000
2018-08-23,147.8000030517578,147.8000030517578,135.0,145.0,128000
2018-08-24,142.0,145.5,138.1999969482422,143.8000030517578,56000
2018-08-27,139.0,143.0,138.60000610351562,141.10000610351562,86000
2018-08-28,140.0,141.60000610351562,138.5,139.0,39000
2018-08-29,137.8000030517578,139.0,135.1999969482422,135.1999969482422,66000
2018-08-30,138.1999969482422,140.0,135.5,136.60000610351562,24000
2018-08-31,134.5,138.8000030517578,131.1999969482422,138.10000610351562,83000
2018-09-03,135.1999969482422,136.8000030517578,133.5,135.0,36000
2018-09-04,133.10000610351562,136.3000030517578,132.10000610351562,133.5,23000
2018-09-05,132.5,135.0,131.3000030517578,134.0,19000
2018-09-06,131.60000610351562,132.60000610351562,131.60000610351562,132.10000610351562,7000
2018-09-07,131.60000610351562,131.60000610351562,127.5999984741211,131.3000030517578,23000
2018-09-10,129.8000030517578,131.3000030517578,128.60000610351562,129.8000030517578,10000
2018-09-11,129.8000030517578,129.8000030517578,129.8000030517578,129.8000030517578,0
2018-09-12,127.6999969482422,130.0,127.1999969482422,127.4000015258789,17000
2018-09-13,127.4000015258789,127.4000015258789,127.4000015258789,127.4000015258789,0
2018-09-14,126.3000030517578,130.0,126.1999969482422,130.0,30000
2018-09-17,130.0,130.0,130.0,130.0,0
2018-09-18,128.5,129.60000610351562,127.5,127.5,10000
2018-09-19,128.3000030517578,147.5,128.3000030517578,134.10000610351562,216000
2018-09-20,131.60000610351562,136.5,130.0,131.8000030517578,76000
2018-09-21,129.10000610351562,132.0,126.0999984741211,132.0,15000
2018-09-24,132.0,132.0,132.0,132.0,0
2018-09-25,132.0,135.3000030517578,132.0,135.3000030517578,9000
2018-09-26,135.3000030517578,137.39999389648438,130.5,130.5,26000
2018-09-27,129.0,129.5,129.0,129.5,2000
2018-09-28,127.6999969482422,130.6999969482422,127.6999969482422,128.6999969482422,16000
2018-10-01,131.0,131.1999969482422,128.60000610351562,128.60000610351562,7000
2018-10-02,123.5999984741211,123.9000015258789,120.5,121.0,107000
2018-10-03,123.0,123.5,121.0,121.5,13000
2018-10-04,120.6999969482422,123.9000015258789,115.9000015258789,123.9000015258789,43000
2018-10-05,123.9000015258789,123.9000015258789,123.9000015258789,123.9000015258789,0
2018-10-08,123.9000015258789,123.9000015258789,123.9000015258789,123.9000015258789,0
2018-10-09,118.8000030517578,119.0,113.1999969482422,119.0,21000
2018-10-10,122.5999984741211,122.5999984741211,118.5999984741211,118.5999984741211,23000
2018-10-11,113.9000015258789,116.3000030517578,111.0,111.0,39000
2018-10-12,110.5,115.4000015258789,106.0999984741211,115.4000015258789,31000
2018-10-15,118.4000015258789,118.4000015258789,112.4000015258789,115.0,16000
2018-10-16,112.0,115.1999969482422,109.0999984741211,109.4000015258789,47000
2018-10-17,111.0999984741211,111.1999969482422,109.4000015258789,110.3000030517578,30000
2018-10-18,111.0,111.0,105.1999969482422,109.0,52000
2018-10-19,108.0999984741211,111.6999969482422,107.0,111.6999969482422,26000
2018-10-22,112.0,112.0,108.0999984741211,108.3000030517578,42000
2018-10-23,108.0999984741211,109.0,105.9000015258789,105.9000015258789,55000
2018-10-24,103.1999969482422,103.5,100.5999984741211,100.5999984741211,29000
2018-10-25,100.5999984741211,115.0,96.8000030517578,105.0,111000
2018-10-26,108.0,108.0,100.5,101.0,33000
2018-10-29,98.0,100.0999984741211,95.8000030517578,97.0,31000
2018-10-30,96.5,98.6999969482422,96.5,98.0,34000
2018-10-31,96.5,113.0,96.5,112.0999984741211,194000
2018-11-01,109.0999984741211,122.0999984741211,108.0999984741211,120.0,149000
2018-11-02,114.5,135.0,114.5,119.8000030517578,198000
2018-11-05,122.8000030517578,124.6999969482422,114.3000030517578,121.0999984741211,102000
2018-11-06,117.5999984741211,124.0999984741211,113.0,116.0,96000
2018-11-07,119.0,121.5999984741211,117.0,121.5999984741211,19000
2018-11-08,120.0999984741211,122.9000015258789,117.5,120.0,12000
2018-11-09,120.0999984741211,121.0,118.5,120.8000030517578,15000
2018-11-12,122.8000030517578,122.8000030517578,119.0999984741211,121.8000030517578,87000
2018-11-13,124.5,124.5,109.0,122.0,113000
2018-11-14,113.5,118.4000015258789,109.0,117.1999969482422,28000
2018-11-15,117.1999969482422,117.1999969482422,117.1999969482422,117.1999969482422,0
2018-11-16,115.5,117.9000015258789,106.8000030517578,107.0,35000
2018-11-19,106.9000015258789,110.9000015258789,106.9000015258789,110.9000015258789,15000
2018-11-20,110.9000015258789,110.9000015258789,110.9000015258789,110.9000015258789,0
2018-11-21,107.9000015258789,112.0,105.0,112.0,55000
2018-11-22,112.0,112.0,106.0,109.0999984741211,18000
2018-11-23,109.0999984741211,109.0999984741211,109.0999984741211,109.0999984741211,0
2018-11-26,109.5,109.5,106.0,106.0,4000
2018-11-27,106.0999984741211,106.8000030517578,105.9000015258789,105.9000015258789,9000
2018-11-28,106.3000030517578,106.4000015258789,105.8000030517578,105.8000030517578,7000
2018-11-29,108.8000030517578,109.6999969482422,106.6999969482422,107.9000015258789,5000
2018-11-30,107.9000015258789,107.9000015258789,107.9000015258789,107.9000015258789,0
2018-12-03,107.9000015258789,109.4000015258789,107.9000015258789,108.1999969482422,26000
2018-12-04,106.5,106.5,106.0999984741211,106.0999984741211,2000
2018-12-05,106.0999984741211,106.0999984741211,106.0999984741211,106.0999984741211,0
2018-12-06,108.6999969482422,108.6999969482422,103.4000015258789,104.5999984741211,23000
2018-12-07,104.5999984741211,107.5999984741211,103.5,107.5,12000
2018-12-10,107.5,107.5,107.5,107.5,0
2018-12-11,103.0,103.5,99.6999969482422,99.9000015258789,31000
2018-12-12,106.0,113.1999969482422,102.1999969482422,112.9000015258789,149000
2018-12-13,111.0,111.0,100.3000030517578,105.8000030517578,56000
2018-12-14,105.8000030517578,111.0,105.8000030517578,109.0,18000
2018-12-17,109.0,109.0,109.0,109.0,0
2018-12-18,103.0999984741211,103.0999984741211,94.3000030517578,94.4000015258789,89000
2018-12-19,88.5999984741211,93.9000015258789,88.30000305175781,93.9000015258789,34000
2018-12-20,90.0,91.5,90.0,90.0,22000
2018-12-21,87.0,89.9000015258789,83.9000015258789,83.9000015258789,8000
2018-12-24,83.9000015258789,83.9000015258789,83.9000015258789,83.9000015258789,0
2018-12-25,80.0,80.0999984741211,78.5,80.0,18000
2018-12-26,78.5,86.4000015258789,78.5,82.0,29000
2018-12-27,83.0,93.0,83.0,93.0,77000
2018-12-28,92.0,99.5,86.69999694824219,99.3000030517578,21000
2018-12-31,99.3000030517578,99.3000030517578,99.3000030517578,99.3000030517578,0
2019-01-04,91.8000030517578,94.5,89.0,94.5,35000
2019-01-07,97.4000015258789,97.4000015258789,94.5999984741211,97.4000015258789,4000
2019-01-08,97.4000015258789,97.4000015258789,97.4000015258789,97.4000015258789,0
2019-01-09,95.5,95.5,95.5,95.5,1000
2019-01-10,95.5,95.5,95.5,95.5,0
2019-01-11,92.5,95.5,91.0999984741211,91.0999984741211,11000
2019-01-15,90.5999984741211,92.5,90.5999984741211,92.5,5000
2019-01-16,92.5,92.5,92.5,92.5,0
2019-01-17,95.4000015258789,95.4000015258789,92.8000030517578,92.8000030517578,3000
2019-01-18,92.8000030517578,92.8000030517578,92.8000030517578,92.8000030517578,0
2019-01-21,92.8000030517578,92.8000030517578,92.8000030517578,92.8000030517578,0
2019-01-22,92.0,93.8000030517578,89.30000305175781,91.3000030517578,35000
2019-01-23,92.3000030517578,92.3000030517578,92.3000030517578,92.3000030517578,2000
2019-01-24,92.9000015258789,92.9000015258789,92.9000015258789,92.9000015258789,4000
2019-01-25,92.9000015258789,92.9000015258789,92.9000015258789,92.9000015258789,0
2019-01-28,91.0,92.4000015258789,89.5999984741211,91.9000015258789,12000
2019-01-29,91.9000015258789,91.9000015258789,91.9000015258789,91.9000015258789,0
2019-01-30,91.9000015258789,91.9000015258789,91.9000015258789,91.9000015258789,0
2019-01-31,89.0999984741211,90.5999984741211,89.0999984741211,90.5999984741211,4000
2019-02-01,89.5999984741211,94.0999984741211,89.5999984741211,92.0,32000
2019-02-04,91.3000030517578,93.5,91.3000030517578,93.4000015258789,9000
2019-02-05,93.8000030517578,102.0,92.5999984741211,102.0,56000
2019-02-06,100.0,100.0999984741211,97.0,98.1999969482422,50000
2019-02-07,98.1999969482422,98.1999969482422,98.1999969482422,98.1999969482422,0
2019-02-08,99.6999969482422,99.6999969482422,93.0999984741211,93.0999984741211,24000
2019-02-12,93.0,104.8000030517578,93.0,100.5,106000
2019-02-13,100.0,100.0,93.3000030517578,96.4000015258789,105000
2019-02-14,94.9000015258789,95.9000015258789,94.0,95.0,14000
2019-02-15,92.0,93.6999969482422,90.9000015258789,93.6999969482422,80000
2019-02-18,94.8000030517578,95.6999969482422,92.3000030517578,95.0,32000
2019-02-19,93.4000015258789,93.5999984741211,92.3000030517578,92.8000030517578,26000
2019-02-20,92.8000030517578,92.8000030517578,92.8000030517578,92.8000030517578,0
2019-02-21,92.9000015258789,94.4000015258789,90.0,90.8000030517578,36000
2019-02-22,90.8000030517578,92.5,90.0,92.5,25000
2019-02-25,92.5,92.5,92.5,92.5,0
2019-02-26,94.5,94.5,91.0,91.5,14000
2019-02-27,91.5,92.8000030517578,89.4000015258789,89.4000015258789,91000
2019-02-28,88.4000015258789,88.69999694824219,87.80000305175781,87.80000305175781,19000
2019-03-01,87.5,90.5999984741211,86.30000305175781,88.19999694824219,30000
2019-03-04,88.19999694824219,88.19999694824219,88.19999694824219,88.19999694824219,0
2019-03-05,87.4000015258789,88.80000305175781,87.0999984741211,88.0,29000
2019-03-06,89.19999694824219,89.19999694824219,85.5999984741211,88.30000305175781,80000
2019-03-07,88.0,88.0,85.0,85.0,59000
2019-03-08,85.0999984741211,86.5,85.0999984741211,85.69999694824219,27000
2019-03-11,87.19999694824219,87.19999694824219,85.0,85.0,21000
2019-03-12,85.30000305175781,90.4000015258789,85.30000305175781,88.0,75000
2019-03-13,87.9000015258789,91.4000015258789,87.5999984741211,90.5999984741211,54000
2019-03-14,89.9000015258789,90.6999969482422,88.0,88.0,16000
2019-03-15,89.19999694824219,93.6999969482422,89.19999694824219,93.3000030517578,67000
2019-03-18,94.0,95.5,92.3000030517578,93.5,85000
2019-03-19,93.4000015258789,94.3000030517578,93.4000015258789,94.3000030517578,3000
2019-03-20,93.1999969482422,93.5,91.8000030517578,93.4000015258789,14000
2019-03-22,92.4000015258789,93.4000015258789,92.0,93.0999984741211,27000
2019-03-25,94.3000030517578,95.0,93.4000015258789,93.5,28000
2019-03-26,93.5,93.5,93.5,93.5,0
2019-03-27,94.6999969482422,94.6999969482422,93.6999969482422,93.6999969482422,13000
2019-03-28,93.6999969482422,93.6999969482422,93.6999969482422,93.6999969482422,0
2019-03-29,94.8000030517578,94.8000030517578,93.1999969482422,93.1999969482422,13000
2019-04-01,96.1999969482422,96.1999969482422,94.3000030517578,95.6999969482422,15000
2019-04-02,95.8000030517578,96.5,94.3000030517578,95.9000015258789,33000
2019-04-03,95.3000030517578,95.3000030517578,93.8000030517578,93.8000030517578,14000
2019-04-04,93.3000030517578,93.3000030517578,92.1999969482422,92.1999969482422,16000
2019-04-05,93.3000030517578,93.3000030517578,92.1999969482422,92.1999969482422,16000
2019-04-08,93.0,93.0,93.0,93.0,2000
2019-04-09,93.0,93.0,93.0,93.0,2000
2019-04-10,92.6999969482422,92.6999969482422,91.4000015258789,91.5999984741211,20000
2019-04-11,94.0999984741211,94.0999984741211,91.5999984741211,91.5999984741211,10000
2019-04-12,92.0,92.4000015258789,90.9000015258789,90.9000015258789,11000
2019-04-15,90.8000030517578,92.6999969482422,90.8000030517578,92.0,3000
2019-04-16,91.1999969482422,91.4000015258789,90.4000015258789,91.4000015258789,12000
2019-04-17,92.0,92.0,90.5999984741211,91.5,6000
2019-04-18,91.9000015258789,93.0,90.1999969482422,90.1999969482422,11000
2019-04-19,90.0,90.0,87.19999694824219,88.69999694824219,59000
2019-04-22,88.9000015258789,94.0,88.9000015258789,91.3000030517578,39000
2019-04-23,92.8000030517578,92.8000030517578,89.19999694824219,90.4000015258789,10000
2019-04-24,89.80000305175781,89.9000015258789,89.0,89.0,15000
2019-04-25,88.5,91.1999969482422,88.4000015258789,91.1999969482422,19000
2019-04-26,90.5,90.5,89.0,90.3000030517578,6000
2019-05-07,90.3000030517578,90.3000030517578,85.19999694824219,86.9000015258789,63000
2019-05-08,86.9000015258789,86.9000015258789,83.80000305175781,84.0,54000
2019-05-09,84.0,84.0,82.69999694824219,82.69999694824219,20000
2019-05-10,83.5,88.69999694824219,83.0999984741211,87.9000015258789,68000
2019-05-13,90.0,93.6999969482422,87.4000015258789,93.6999969482422,125000
2019-05-14,87.69999694824219,94.0,87.69999694824219,93.3000030517578,149000
2019-05-15,94.8000030517578,94.9000015258789,92.0,93.8000030517578,69000
2019-05-16,90.8000030517578,93.6999969482422,89.30000305175781,89.5,86000
2019-05-17,87.0999984741211,93.0,87.0999984741211,90.0,103000
2019-05-20,88.69999694824219,90.5,87.80000305175781,87.80000305175781,46000
2019-05-21,87.80000305175781,89.9000015258789,86.0,89.9000015258789,58000
2019-05-22,89.9000015258789,89.9000015258789,87.5,87.5999984741211,16000
2019-05-23,87.19999694824219,87.5,82.80000305175781,82.80000305175781,110000
2019-05-24,82.30000305175781,86.69999694824219,82.19999694824219,86.5,39000
2019-05-27,86.9000015258789,86.9000015258789,84.69999694824219,86.5999984741211,17000
2019-05-28,86.5999984741211,87.0,83.9000015258789,83.9000015258789,35000
2019-05-29,82.9000015258789,83.19999694824219,81.5999984741211,82.4000015258789,8000
2019-05-30,82.80000305175781,82.80000305175781,81.80000305175781,82.80000305175781,29000
2019-05-31,82.4000015258789,88.0,82.4000015258789,84.19999694824219,87000
2019-06-03,84.5,85.0999984741211,82.30000305175781,82.30000305175781,11000
2019-06-04,82.5,84.69999694824219,82.5,84.69999694824219,14000
2019-06-05,84.69999694824219,85.5999984741211,83.5999984741211,84.5999984741211,32000
2019-06-06,84.9000015258789,84.9000015258789,77.5,79.5,76000
2019-06-07,80.69999694824219,81.19999694824219,80.5999984741211,81.0,20000
2019-06-10,81.5999984741211,84.19999694824219,81.5999984741211,83.9000015258789,11000
2019-06-11,83.80000305175781,83.80000305175781,81.80000305175781,82.0,21000
2019-06-12,82.5999984741211,83.30000305175781,82.5999984741211,83.0,13000
2019-06-13,83.0,83.0,81.0,81.0,9000
2019-06-14,81.0,83.4000015258789,80.5999984741211,83.4000015258789,4000
2019-06-17,82.5,82.5,81.19999694824219,81.9000015258789,11000
2019-06-18,81.5,81.5,81.4000015258789,81.4000015258789,7000
2019-06-19,80.0999984741211,82.9000015258789,80.0999984741211,82.9000015258789,16000
2019-06-20,81.4000015258789,82.5,81.4000015258789,81.4000015258789,4000
2019-06-21,81.4000015258789,81.4000015258789,81.4000015258789,81.4000015258789,0
2019-06-24,80.5999984741211,81.19999694824219,80.0999984741211,81.19999694824219,13000
2019-06-25,80.0999984741211,80.69999694824219,80.0,80.69999694824219,5000
2019-06-26,81.4000015258789,81.4000015258789,79.80000305175781,79.80000305175781,19000
2019-06-27,80.5,81.5999984741211,80.5,81.5999984741211,8000
2019-06-28,80.5999984741211,81.0,80.5,80.80000305175781,31000
2019-07-01,82.30000305175781,82.30000305175781,81.0999984741211,82.30000305175781,7000
2019-07-02,82.30000305175781,82.80000305175781,82.30000305175781,82.80000305175781,8000
2019-07-03,82.80000305175781,82.80000305175781,80.30000305175781,81.0999984741211,43000
2019-07-04,81.5999984741211,81.80000305175781,81.0999984741211,81.5,8000
2019-07-05,81.80000305175781,83.0,81.5999984741211,83.0,38000
2019-07-08,83.19999694824219,87.0,82.5,82.5,88000
2019-07-09,83.80000305175781,83.9000015258789,83.0,83.0999984741211,10000
2019-07-10,83.30000305175781,83.80000305175781,80.5,81.0999984741211,48000
2019-07-11,81.80000305175781,81.80000305175781,80.5,81.5999984741211,33000
2019-07-12,81.5999984741211,81.69999694824219,80.69999694824219,81.5,8000
2019-07-16,81.5,81.5,79.80000305175781,80.80000305175781,35000
2019-07-17,80.4000015258789,80.5,79.80000305175781,80.5,16000
2019-07-18,80.5,80.5,80.5,80.5,0
2019-07-19,80.5,80.5,79.19999694824219,80.30000305175781,9000
2019-07-22,78.80000305175781,79.69999694824219,78.80000305175781,79.0999984741211,23000
2019-07-23,79.19999694824219,79.9000015258789,79.19999694824219,79.80000305175781,11000
2019-07-24,80.69999694824219,80.69999694824219,80.0,80.0,3000
2019-07-25,80.69999694824219,80.69999694824219,80.5999984741211,80.5999984741211,8000
2019-07-26,80.5999984741211,80.5999984741211,79.69999694824219,80.5,4000
2019-07-29,80.5,80.5,80.5,80.5,0
2019-07-30,80.5,80.5,80.5,80.5,0
2019-07-31,79.69999694824219,79.69999694824219,79.69999694824219,79.69999694824219,3000
2019-08-01,79.5999984741211,80.69999694824219,79.5999984741211,80.69999694824219,13000
2019-08-02,80.19999694824219,80.30000305175781,79.0,79.0,40000
2019-08-05,80.5,80.5999984741211,79.0999984741211,80.0999984741211,17000
2019-08-06,78.5999984741211,79.9000015258789,78.5,79.9000015258789,18000
2019-08-07,79.9000015258789,79.9000015258789,79.9000015258789,79.9000015258789,0
2019-08-08,79.0999984741211,80.5,79.0999984741211,80.0,12000
2019-08-09,79.4000015258789,79.5999984741211,79.4000015258789,79.5999984741211,3000
2019-08-13,79.19999694824219,79.19999694824219,78.9000015258789,78.9000015258789,6000
2019-08-14,79.9000015258789,80.5,79.69999694824219,80.5,18000
2019-08-15,80.19999694824219,80.19999694824219,77.5,79.4000015258789,88000
2019-08-16,80.30000305175781,80.30000305175781,77.5,78.5,25000
2019-08-19,79.0,79.19999694824219,78.5999984741211,78.5999984741211,43000
2019-08-20,78.69999694824219,79.0,77.5,79.0,26000
2019-08-21,78.0999984741211,78.5,77.80000305175781,78.5,27000
2019-08-22,78.19999694824219,78.19999694824219,77.5,77.9000015258789,24000
2019-08-23,77.9000015258789,77.9000015258789,77.9000015258789,77.9000015258789,1000
2019-08-26,77.9000015258789,77.9000015258789,77.0,77.69999694824219,43000
2019-08-27,77.5999984741211,78.9000015258789,76.9000015258789,78.9000015258789,26000
2019-08-28,78.9000015258789,78.9000015258789,78.9000015258789,78.9000015258789,0
2019-08-29,77.30000305175781,77.4000015258789,75.0,75.80000305175781,75000
2019-08-30,76.5,76.5999984741211,73.69999694824219,75.80000305175781,28000
2019-09-02,77.30000305175781,77.69999694824219,76.4000015258789,77.4000015258789,20000
2019-09-03,77.0,77.30000305175781,76.4000015258789,77.0,27000
2019-09-04,76.5,76.69999694824219,76.5,76.5999984741211,4000
2019-09-05,76.4000015258789,76.5999984741211,75.5999984741211,75.9000015258789,19000
2019-09-06,75.9000015258789,77.0,75.9000015258789,76.30000305175781,20000
2019-09-09,75.5,76.4000015258789,75.5,76.4000015258789,2000
2019-09-10,77.80000305175781,77.80000305175781,75.9000015258789,75.9000015258789,28000
2019-09-11,76.19999694824219,76.4000015258789,76.19999694824219,76.4000015258789,20000
2019-09-12,76.5,76.5999984741211,76.5,76.5999984741211,9000
2019-09-13,76.0999984741211,77.5,76.0999984741211,77.5,10000
2019-09-17,77.5,78.5,77.19999694824219,77.19999694824219,52000
2019-09-18,77.30000305175781,79.0999984741211,77.30000305175781,78.30000305175781,43000
2019-09-19,78.30000305175781,79.19999694824219,77.19999694824219,78.0999984741211,17000
2019-09-20,77.0,77.0999984741211,74.0999984741211,76.9000015258789,32000
2019-09-24,76.4000015258789,77.9000015258789,76.0,77.80000305175781,6000
2019-09-25,78.0,78.0,78.0,78.0,1000
2019-09-26,78.0,78.5,78.0,78.0,19000
2019-09-27,79.5,80.80000305175781,78.0999984741211,80.4000015258789,35000
2019-09-30,80.9000015258789,81.5,79.80000305175781,81.4000015258789,43000
2019-10-01,81.0,81.69999694824219,81.0,81.69999694824219,10000
2019-10-02,81.30000305175781,81.80000305175781,80.69999694824219,81.80000305175781,17000
2019-10-03,81.0999984741211,81.69999694824219,80.0,80.0,23000
2019-10-04,80.0,83.4000015258789,80.0,82.4000015258789,31000
2019-10-07,83.0,84.19999694824219,83.0,84.0999984741211,31000
2019-10-08,84.0999984741211,84.0999984741211,83.0,83.0,8000
2019-10-09,83.0,85.0,83.0,85.0,36000
2019-10-10,85.0,85.0,83.5,84.9000015258789,7000
2019-10-11,82.9000015258789,82.9000015258789,82.80000305175781,82.80000305175781,14000
2019-10-15,84.19999694824219,84.19999694824219,82.80000305175781,83.80000305175781,43000
2019-10-16,83.69999694824219,85.5999984741211,83.69999694824219,85.5999984741211,132000
2019-10-17,84.69999694824219,85.5999984741211,84.0,84.4000015258789,47000
2019-10-18,84.19999694824219,86.0,84.19999694824219,86.0,27000
2019-10-21,85.9000015258789,96.3000030517578,85.9000015258789,91.6999969482422,158000
2019-10-23,93.1999969482422,95.0,93.0,94.4000015258789,73000
2019-10-24,94.0,94.0,91.1999969482422,91.1999969482422,35000
2019-10-25,92.6999969482422,92.6999969482422,86.69999694824219,90.8000030517578,35000
2019-10-28,90.8000030517578,90.8000030517578,88.5,89.0,62000
2019-10-29,87.5,89.9000015258789,87.4000015258789,88.0999984741211,27000
2019-10-30,89.5999984741211,89.5999984741211,88.69999694824219,88.69999694824219,16000
2019-10-31,87.69999694824219,87.69999694824219,87.5,87.5,18000
2019-11-01,87.5,90.3000030517578,87.5,90.0,8000
2019-11-05,90.5,92.4000015258789,90.0,91.4000015258789,21000
2019-11-06,90.5,90.5,88.5,90.1999969482422,19000
2019-11-07,89.5999984741211,91.8000030517578,89.5999984741211,91.8000030517578,14000
2019-11-08,91.5999984741211,91.6999969482422,90.1999969482422,91.6999969482422,14000
2019-11-11,91.0,91.8000030517578,90.0999984741211,90.8000030517578,21000
2019-11-12,90.9000015258789,92.4000015258789,90.9000015258789,92.4000015258789,36000
2019-11-13,91.4000015258789,92.0999984741211,91.3000030517578,91.8000030517578,9000
2019-11-14,90.3000030517578,95.0,89.0999984741211,94.8000030517578,186000
2019-11-15,94.0999984741211,109.8000030517578,94.0999984741211,98.5,348000
2019-11-18,103.0,103.0,98.0999984741211,102.8000030517578,87000
2019-11-19,99.8000030517578,102.9000015258789,98.0,100.0,65000
2019-11-20,100.0,100.0,96.0999984741211,98.1999969482422,23000
2019-11-21,98.1999969482422,99.4000015258789,98.0,99.0999984741211,43000
2019-11-22,99.0999984741211,99.8000030517578,99.0,99.4000015258789,44000
2019-11-25,100.0,103.0,100.0,103.0,54000
2019-11-26,105.0,129.0,105.0,122.5999984741211,324000
2019-11-27,116.5999984741211,120.9000015258789,115.5999984741211,116.9000015258789,86000
2019-11-28,115.0999984741211,117.0,111.5999984741211,111.6999969482422,45000
2019-11-29,112.1999969482422,116.8000030517578,112.1999969482422,116.3000030517578,46000
2019-12-02,117.8000030517578,119.0,115.5,116.0,46000
2019-12-03,113.9000015258789,113.9000015258789,112.6999969482422,112.6999969482422,92000
2019-12-04,112.3000030517578,112.3000030517578,105.0,106.1999969482422,21000
2019-12-05,111.8000030517578,112.0999984741211,107.0,112.0,56000
2019-12-06,112.1999969482422,113.8000030517578,112.1999969482422,113.0,38000
2019-12-09,113.0,114.0,107.0,114.0,100000
2019-12-10,114.0,114.0,111.0999984741211,111.0999984741211,24000
2019-12-11,112.8000030517578,126.0,112.8000030517578,120.3000030517578,250000
2019-12-12,120.0,120.0,117.5,120.0,67000
2019-12-13,120.0,127.9000015258789,119.6999969482422,124.8000030517578,50000
2019-12-16,127.0999984741211,154.8000030517578,127.0999984741211,154.8000030517578,484000
2019-12-17,154.6999969482422,194.8000030517578,148.0,185.5,1201000
2019-12-18,185.0,194.6999969482422,173.10000610351562,190.0,428000
2019-12-19,190.0,219.0,189.6999969482422,197.6000061035156,689000
2019-12-20,193.6000061035156,204.8000030517578,192.0,198.1999969482422,256000
2019-12-23,198.1999969482422,198.1999969482422,180.1999969482422,184.5,248000
2019-12-24,184.3999938964844,184.3999938964844,167.5,171.0,115000
2019-12-25,170.6999969482422,170.6999969482422,156.1999969482422,164.0,216000
2019-12-26,161.60000610351562,162.0,152.0,156.0,150000
2019-12-27,156.89999389648438,165.0,155.3000030517578,158.10000610351562,216000
2019-12-30,160.0,166.8000030517578,159.5,160.0,258000
2020-01-06,162.1999969482422,162.1999969482422,152.0,158.8000030517578,58000
2020-01-07,155.0,160.6999969482422,153.0,158.10000610351562,28000
2020-01-08,158.10000610351562,162.3000030517578,155.0,155.0,60000
2020-01-09,153.5,154.0,145.1999969482422,154.0,49000
2020-01-10,154.89999389648438,154.89999389648438,150.89999389648438,152.89999389648438,18000
2020-01-14,152.0,152.8000030517578,147.0,147.0,57000
2020-01-15,148.0,149.0,146.89999389648438,148.89999389648438,79000
2020-01-16,148.89999389648438,148.89999389648438,142.60000610351562,148.0,91000
2020-01-17,148.0,148.0,144.3000030517578,145.1999969482422,22000
2020-01-20,151.1999969482422,151.1999969482422,146.10000610351562,147.89999389648438,9000
2020-01-21,148.10000610351562,152.0,148.10000610351562,152.0,13000
2020-01-22,148.10000610351562,152.0,148.10000610351562,152.0,13000
2020-01-23,153.5,153.5,151.60000610351562,151.60000610351562,17000
2020-01-24,151.60000610351562,158.0,151.60000610351562,156.5,75000
2020-01-27,160.0,160.0,156.89999389648438,157.89999389648438,44000
2020-01-28,158.5,162.89999389648438,157.89999389648438,161.5,71000
2020-01-29,164.39999389648438,178.0,164.39999389648438,173.10000610351562,138000
2020-01-30,175.1999969482422,179.1999969482422,168.0,171.10000610351562,82000
2020-01-31,171.10000610351562,172.5,170.0,170.0,36000
2020-02-03,164.0,168.8000030517578,159.89999389648438,165.0,38000
2020-02-04,165.0,168.0,165.0,165.10000610351562,10000
2020-02-05,165.5,167.10000610351562,164.89999389648438,166.0,12000
2020-02-06,166.3000030517578,166.3000030517578,163.10000610351562,165.89999389648438,41000
2020-02-07,166.0,166.0,158.0,158.60000610351562,110000
2020-02-10,157.5,158.5,157.5,158.5,5000
2020-02-12,158.5,159.10000610351562,158.5,158.5,8000
2020-02-13,158.5,163.5,154.5,154.5,36000
2020-02-14,163.0,163.0,155.0,160.3000030517578,102000
2020-02-17,172.3000030517578,177.5,167.10000610351562,173.8000030517578,48000
2020-02-18,178.3000030517578,205.0,177.5,183.1000061035156,100000
2020-02-19,187.1000061035156,200.0,183.5,183.5,100000
2020-02-20,190.8999938964844,197.5,184.8999938964844,197.3999938964844,87000
2020-02-21,200.0,210.1000061035156,199.3999938964844,209.1000061035156,284000
2020-02-25,209.0,210.0,194.0,208.0,146000
2020-02-26,203.8000030517578,212.0,202.3000030517578,202.3000030517578,98000
2020-02-27,197.5,199.1999969482422,185.0,191.0,39000
2020-02-28,181.1000061035156,190.3000030517578,180.6000061035156,189.5,35000
2020-03-02,183.8999938964844,200.0,183.8999938964844,199.5,40000
2020-03-03,200.1000061035156,205.0,198.0,198.8000030517578,43000
2020-03-04,194.8000030517578,201.1000061035156,194.8000030517578,200.1999969482422,5000
2020-03-05,201.1000061035156,203.8999938964844,199.6000061035156,203.8999938964844,12000
2020-03-06,207.8999938964844,213.0,204.1000061035156,213.0,43000
2020-03-09,218.0,241.0,203.1000061035156,209.6999969482422,144000
2020-03-10,204.6999969482422,204.6999969482422,188.0,190.0,116000
2020-03-11,191.6000061035156,195.5,191.1000061035156,194.8999938964844,59000
2020-03-12,194.8999938964844,199.5,188.8000030517578,190.0,54000
2020-03-13,188.0,191.0,186.0,186.5,39000
2020-03-16,187.0,193.5,185.3999938964844,185.3999938964844,30000
2020-03-17,185.3999938964844,189.6000061035156,185.0,189.6000061035156,30000
2020-03-18,189.8999938964844,190.3999938964844,186.8999938964844,186.8999938964844,14000
2020-03-19,186.8999938964844,188.1999969482422,184.0,186.8999938964844,32000
2020-03-23,186.8000030517578,186.8000030517578,184.0,186.0,42000
2020-03-24,193.6999969482422,193.6999969482422,185.5,186.0,17000
2020-03-25,186.0,189.5,183.5,186.3999938964844,67000
2020-03-26,190.3999938964844,190.3999938964844,182.0,184.6999969482422,38000
2020-03-27,184.6000061035156,184.8000030517578,179.5,184.8000030517578,39000
2020-03-30,181.0,181.0,178.0,179.89999389648438,27000
2020-03-31,179.8000030517578,179.8000030517578,157.89999389648438,167.1999969482422,146000
2020-04-01,167.1999969482422,167.1999969482422,150.0,153.8000030517578,104000
2020-04-02,149.60000610351562,151.89999389648438,139.60000610351562,151.89999389648438,215000
2020-04-03,161.0,161.0,139.89999389648438,150.39999389648438,209000
2020-04-06,142.1999969482422,148.89999389648438,139.89999389648438,148.6999969482422,79000
2020-04-07,148.60000610351562,150.0,146.3000030517578,146.3000030517578,19000
2020-04-08,144.10000610351562,144.10000610351562,139.0,141.89999389648438,83000
2020-04-09,142.39999389648438,142.39999389648438,139.0,141.10000610351562,53000
2020-04-10,144.10000610351562,145.5,133.0,140.89999389648438,365000
2020-04-13,140.89999389648438,170.89999389648438,140.10000610351562,164.89999389648438,87000
2020-04-14,164.89999389648438,199.8999938964844,164.89999389648438,174.89999389648438,65000
2020-04-15,175.8000030517578,177.0,169.89999389648438,177.0,28000
2020-04-16,161.0,177.0,161.0,177.0,36000
2020-04-17,177.6999969482422,177.6999969482422,177.0,177.6999969482422,34000
2020-04-20,181.6999969482422,188.6999969482422,181.3000030517578,187.0,24000
2020-04-21,188.0,194.1999969482422,188.0,194.1999969482422,24000
2020-04-22,196.0,196.0,184.0,194.0,23000
2020-04-23,194.1999969482422,194.3999938964844,190.3999938964844,194.0,12000
2020-04-24,186.0,195.5,186.0,195.5,14000
2020-04-27,199.0,210.0,199.0,203.0,70000
2020-04-28,194.0,215.0,194.0,206.8999938964844,64000
2020-04-30,210.0,210.0,204.0,204.0,35000
2020-05-01,207.8999938964844,208.5,206.0,206.0,20000
2020-05-07,206.0,213.6000061035156,206.0,211.0,34000
2020-05-08,211.0,230.1000061035156,211.0,224.0,58000
2020-05-11,220.1000061035156,235.1000061035156,220.1000061035156,230.0,222000
2020-05-12,225.0,232.0,225.0,232.0,22000
2020-05-13,239.3000030517578,239.3000030517578,227.0,234.0,50000
2020-05-14,224.0,233.8999938964844,219.8999938964844,233.3000030517578,21000
2020-05-15,233.3000030517578,233.3000030517578,218.3000030517578,228.1999969482422,30000
2020-05-18,220.0,228.0,220.0,228.0,20000
2020-05-19,228.1000061035156,230.0,220.1999969482422,229.3999938964844,24000
2020-05-20,226.1000061035156,245.0,226.1000061035156,242.0,87000
2020-05-21,242.0,250.0,240.0,250.0,46000
2020-05-22,250.0,250.0,240.8999938964844,246.6000061035156,33000
2020-05-25,230.1000061035156,249.0,230.0,249.0,30000
2020-05-26,249.8999938964844,249.8999938964844,237.3999938964844,245.0,19000
2020-05-27,245.0,245.0,230.0,242.0,45000
2020-05-28,247.0,247.0,234.8000030517578,244.0,47000
2020-05-29,247.0,247.0,235.0,242.0,10000
2020-06-01,242.0,242.0,241.8999938964844,242.0,4000
2020-06-02,247.0,247.0,239.0,243.0,42000
2020-06-03,242.1000061035156,244.0,242.1000061035156,243.0,18000
2020-06-04,243.0,243.0,243.0,243.0,11000
2020-06-05,242.0,242.0,240.0,242.0,19000
2020-06-08,242.0,242.0,235.0,242.0,23000
2020-06-09,232.0,240.0,232.0,240.0,61000
2020-06-10,240.0,245.0,239.0,243.0,29000
2020-06-11,240.0,243.0,239.3999938964844,243.0,36000
2020-06-12,240.0,242.0,240.0,242.0,3000
2020-06-15,242.8000030517578,242.8000030517578,242.8000030517578,242.8000030517578,3000
2020-06-16,243.0,244.0,243.0,244.0,3000
2020-06-17,239.6000061035156,243.5,239.6000061035156,243.5,31000
2020-06-18,243.5,243.5,243.5,243.5,3000
2020-06-19,243.5,243.5,238.5,239.0,8000
2020-06-22,238.0,238.0,230.1000061035156,236.6999969482422,68000
2020-06-23,236.6000061035156,236.6000061035156,236.5,236.6000061035156,108000
2020-06-24,236.3000030517578,236.3000030517578,231.8000030517578,234.0,4000
2020-06-25,234.0,234.0,234.0,234.0,31000
2020-06-26,232.0,233.8000030517578,226.1999969482422,230.0,30000
2020-06-29,224.0,228.0,223.0,225.0,14000
2020-06-30,225.0,228.0,225.0,228.0,6000
2020-07-01,225.0,239.0,225.0,239.0,60000
2020-07-02,248.8999938964844,248.8999938964844,242.0,248.0,58000
2020-07-03,249.0,252.1000061035156,243.0,247.8000030517578,62000
2020-07-06,247.8000030517578,250.0,247.8000030517578,250.0,184000
2020-07-07,248.5,250.0,247.5,250.0,4000
2020-07-08,250.0,254.8999938964844,248.6000061035156,249.0,39000
2020-07-09,249.0,249.0,247.0,247.0,4000
2020-07-10,249.0,249.0,249.0,249.0,1000
2020-07-13,235.0,248.3999938964844,235.0,248.3999938964844,3000
2020-07-14,248.3999938964844,248.3999938964844,248.3999938964844,248.3999938964844,0
2020-07-15,245.0,248.5,245.0,248.5,5000
2020-07-16,248.5,248.5,248.5,248.5,0
2020-07-17,246.0,246.0,246.0,246.0,1000
2020-07-20,226.0,237.0,220.0,237.0,16000
2020-07-21,225.0,236.6000061035156,223.8000030517578,230.1000061035156,39000
2020-07-22,234.3999938964844,234.3999938964844,229.0,229.8999938964844,72000
2020-07-27,228.5,234.5,228.3999938964844,232.0,33000
2020-07-28,236.5,236.5,220.0,227.1999969482422,17000
2020-07-29,229.5,229.5,229.5,229.5,10000
2020-07-30,229.5,229.5,229.5,229.5,0
2020-07-31,229.5,229.5,229.5,229.5,0
2020-08-03,214.0,221.5,214.0,221.5,3000
2020-08-04,221.0,221.0,215.0,219.6999969482422,3000
2020-08-05,214.5,218.5,214.5,218.5,7000
2020-08-06,215.0,218.3000030517578,215.0,218.3000030517578,5000
2020-08-07,218.3000030517578,218.3000030517578,218.3000030517578,218.3000030517578,0
2020-08-11,218.5,218.5,210.0,217.8000030517578,16000
2020-08-12,215.0,219.6999969482422,210.0,219.6999969482422,27000
2020-08-13,213.1999969482422,221.6999969482422,213.1999969482422,220.0,14000
2020-08-14,235.0,235.0,223.8999938964844,223.8999938964844,27000
2020-08-17,223.8999938964844,223.8999938964844,223.8999938964844,223.8999938964844,0
2020-08-18,214.1000061035156,253.0,214.1000061035156,233.0,83000
2020-08-19,245.8999938964844,250.0,230.0,231.8999938964844,57000
2020-08-20,221.8999938964844,231.8000030517578,221.8000030517578,226.0,45000
2020-08-21,216.0,220.0,215.1999969482422,217.0,33000
2020-08-24,216.5,216.5,201.6999969482422,210.1000061035156,65000
2020-08-25,208.1000061035156,210.0,208.1000061035156,209.8999938964844,19000
2020-08-26,205.0,216.1000061035156,200.5,207.5,41000
2020-08-27,202.5,204.5,201.0,204.5,15000
2020-08-28,201.0,204.0,200.0,204.0,10000
2020-08-31,204.0,204.0,198.0,198.0,16000
2020-09-01,201.1999969482422,201.1999969482422,201.1999969482422,201.1999969482422,8000
2020-09-02,201.1000061035156,211.0,201.0,205.0,16000
2020-09-03,206.0,208.1999969482422,206.0,208.1999969482422,10000
2020-09-04,209.0,217.8999938964844,209.0,209.0,66000
2020-09-07,214.0,225.0,214.0,216.0,43000
2020-09-08,221.0,228.8000030517578,221.0,224.8999938964844,22000
2020-09-09,227.6999969482422,227.6999969482422,221.0,221.0,11000
2020-09-10,216.0,219.1000061035156,209.5,216.0,57000
2020-09-11,220.5,220.5,220.5,220.5,1000
2020-09-14,220.5,221.0,218.5,219.8000030517578,116000
2020-09-15,214.8000030517578,220.0,214.8000030517578,220.0,13000
2020-09-16,220.0,220.0,220.0,220.0,14000
2020-09-17,220.0,220.0,220.0,220.0,3000
2020-09-18,217.0,220.0,217.0,220.0,12000
2020-09-23,222.0,222.0,214.1999969482422,219.6000061035156,16000
2020-09-24,215.8000030517578,215.8000030517578,207.0,210.1000061035156,21000
2020-09-25,210.5,210.5,204.1000061035156,206.0,17000
2020-09-28,216.0,216.0,206.3999938964844,210.0,31000
2020-09-29,215.0,215.5,215.0,215.0,6000
2020-09-30,218.1000061035156,223.0,215.0,217.3000030517578,45000
2020-10-02,220.0,221.1999969482422,205.0,215.5,123000
2020-10-05,210.5,215.5,210.0,210.0,8000
2020-10-06,210.0,210.0,210.0,210.0,22000
2020-10-07,210.0,210.0,210.0,210.0,0
2020-10-08,210.0,210.0,200.0,201.6000061035156,18000
2020-10-09,202.3999938964844,209.5,202.3999938964844,209.5,3000
2020-10-12,215.0,216.1000061035156,213.0,213.0,58000
2020-10-13,210.0,210.0,205.0,206.6999969482422,27000
2020-10-14,206.6999969482422,206.6999969482422,206.6999969482422,206.6999969482422,0
2020-10-15,209.8000030517578,209.8000030517578,208.8000030517578,208.8000030517578,3000
2020-10-16,208.8000030517578,209.0,204.8000030517578,206.3999938964844,22000
2020-10-19,205.1000061035156,207.3000030517578,204.0,206.3999938964844,40000
2020-10-20,205.8999938964844,206.0,200.0,205.0,34000
2020-10-21,208.0,208.0,203.0,205.6000061035156,7000
2020-10-22,207.0,209.8999938964844,203.0,209.8999938964844,33000
2020-10-23,209.0,220.0,209.0,211.8999938964844,19000
2020-10-26,211.8999938964844,215.0,200.1000061035156,200.1000061035156,76000
2020-10-27,195.3999938964844,213.0,195.3999938964844,210.1000061035156,417000
2020-10-28,207.1000061035156,218.0,206.1999969482422,213.8999938964844,40000
2020-10-29,204.6999969482422,211.1999969482422,204.6999969482422,207.0,4000
2020-10-30,202.0,206.1999969482422,202.0,203.5,65000
2020-11-02,204.0,207.1000061035156,204.0,204.5,7000
2020-11-04,209.5,210.3000030517578,209.5,210.3000030517578,6000
2020-11-05,213.0,213.0,213.0,213.0,2000
2020-11-06,213.0,214.0,212.6999969482422,213.8000030517578,8000
2020-11-09,213.5,222.6999969482422,213.5,222.6999969482422,44000
2020-11-10,220.0,228.0,216.3000030517578,221.6000061035156,55000
2020-11-11,221.6000061035156,230.0,221.6000061035156,227.0,31000
2020-11-12,229.0,234.0,228.8999938964844,234.0,30000
2020-11-13,237.8999938964844,240.0,230.0,236.1999969482422,44000
2020-11-16,235.1000061035156,238.3000030517578,233.3000030517578,238.3000030517578,6000
2020-11-17,233.1999969482422,239.0,233.1999969482422,239.0,4000
2020-11-18,237.5,237.5,233.1999969482422,235.3000030517578,19000
2020-11-19,238.0,239.0,235.8999938964844,236.0,19000
2020-11-20,231.1000061035156,238.8999938964844,231.1000061035156,234.3000030517578,4000
2020-11-24,232.0,232.0,231.0,231.1000061035156,13000
2020-11-25,231.0,231.0,230.0,230.0,23000
2020-11-26,235.0,235.0,230.0,230.0,6000
2020-11-27,235.0,238.8999938964844,234.8000030517578,238.8999938964844,24000
2020-11-30,238.8000030517578,238.8000030517578,233.5,235.0,7000
2020-12-01,240.0,241.0,238.8000030517578,241.0,45000
2020-12-02,236.0,242.6000061035156,236.0,242.6000061035156,5000
2020-12-03,241.6999969482422,241.6999969482422,241.6999969482422,241.6999969482422,1000
2020-12-04,236.6999969482422,244.5,236.6999969482422,243.8999938964844,7000
2020-12-07,245.0,250.0,243.8999938964844,250.0,20000
2020-12-08,250.5,252.0,250.5,251.0,9000
2020-12-09,250.0,250.5,240.0,247.0,49000
2020-12-10,242.0,253.1000061035156,242.0,248.1000061035156,1772000
2020-12-11,253.0,289.70001220703125,251.5,287.0,92000
2020-12-14,287.29998779296875,287.8999938964844,280.8999938964844,283.0,27000
2020-12-15,282.8999938964844,283.0,272.1000061035156,276.29998779296875,11000
2020-12-16,271.29998779296875,276.29998779296875,270.0,271.5,39000
2020-12-17,271.5,273.0,270.5,273.0,32000
2020-12-18,268.0,283.29998779296875,263.0,280.29998779296875,47000
2020-12-21,275.29998779296875,295.0,270.0,281.8999938964844,1634000
2020-12-22,281.8999938964844,281.8999938964844,270.20001220703125,272.29998779296875,57000
2020-12-23,262.29998779296875,270.20001220703125,262.29998779296875,270.20001220703125,6000
2020-12-24,270.20001220703125,275.1000061035156,270.0,271.5,22000
2020-12-25,276.5,279.6000061035156,275.5,275.5,24000
2020-12-28,285.5,285.5,271.79998779296875,271.79998779296875,9000
2020-12-29,271.79998779296875,273.79998779296875,270.0,273.5,16000
2020-12-30,268.5,273.0,268.0,271.5,5000
2021-01-04,261.5,268.0,261.1000061035156,267.3999938964844,12000
2021-01-05,258.29998779296875,268.29998779296875,258.29998779296875,264.5,7000
2021-01-06,264.5,264.5,264.5,264.5,0
2021-01-07,265.5,266.29998779296875,265.5,265.5,7000
2021-01-08,264.8999938964844,264.8999938964844,259.8999938964844,264.3999938964844,4000
2021-01-12,256.29998779296875,256.29998779296875,253.3999938964844,254.0,34000
2021-01-13,254.0,254.0,254.0,254.0,0
2021-01-14,258.0,258.0,257.0,257.0,11000
2021-01-15,253.1999969482422,257.0,253.1999969482422,257.0,2000
2021-01-18,255.8000030517578,255.8000030517578,241.1999969482422,250.0,11000
2021-01-19,240.0,246.8000030517578,240.0,246.8000030517578,5000
2021-01-20,239.8999938964844,243.6999969482422,239.8999938964844,243.6999969482422,4000
2021-01-21,246.6999969482422,246.6999969482422,238.3999938964844,241.8999938964844,5000
2021-01-22,241.8999938964844,241.8999938964844,241.8999938964844,241.8999938964844,0
2021-01-25,240.0,242.1000061035156,237.1000061035156,242.1000061035156,5000
2021-01-26,244.5,244.5,244.5,244.5,2000
2021-01-27,246.6000061035156,246.6000061035156,243.8999938964844,243.8999938964844,6000
2021-01-28,246.6999969482422,246.6999969482422,238.8999938964844,238.8999938964844,6000
2021-01-29,240.0,241.0,235.8999938964844,235.8999938964844,8000
2021-02-01,223.1999969482422,227.1999969482422,222.1999969482422,227.1999969482422,11000
2021-02-02,217.1999969482422,226.8999938964844,217.1999969482422,224.1000061035156,9000
2021-02-03,225.0,232.3000030517578,220.0,231.6999969482422,18000
2021-02-04,236.6999969482422,236.6999969482422,230.0,230.0,3000
2021-02-05,230.0,230.0,220.0,225.0,10000
2021-02-08,229.8000030517578,229.8000030517578,224.0,224.0,14000
2021-02-09,214.0,224.0,214.0,224.0,3000
2021-02-10,224.0,224.0,224.0,224.0,0
2021-02-12,224.0,224.0,224.0,224.0,0
2021-02-15,220.0,224.0,220.0,224.0,3000
2021-02-16,224.0,224.0,214.3999938964844,218.8999938964844,8000
2021-02-17,218.8999938964844,220.0,213.8999938964844,218.8999938964844,27000
2021-02-18,219.0,229.0,219.0,221.6999969482422,14000
2021-02-19,218.8999938964844,218.8999938964844,218.8999938964844,218.8999938964844,5000
2021-02-22,218.8999938964844,219.8999938964844,218.8999938964844,219.8999938964844,6000
2021-02-24,222.1000061035156,234.8999938964844,222.0,230.0,24000
2021-02-25,235.0,280.0,235.0,248.1000061035156,314000
2021-02-26,248.1000061035156,248.6999969482422,236.8000030517578,248.5,28000
2021-03-01,248.3999938964844,248.3999938964844,230.0,232.0,31000
2021-03-02,225.0,239.5,225.0,239.5,20000
2021-03-03,243.0,255.0,243.0,250.0,38000
2021-03-04,245.0,245.0,245.0,245.0,14000
2021-03-05,243.1999969482422,245.0,243.1999969482422,244.0,7000
2021-03-08,245.1000061035156,247.3999938964844,244.8999938964844,245.0,31000
2021-03-09,245.1000061035156,249.5,245.0,245.0,10000
2021-03-10,243.0,243.6000061035156,234.1000061035156,234.1000061035156,23000
2021-03-11,238.1000061035156,240.0,238.1000061035156,240.0,14000
2021-03-12,242.6000061035156,244.6000061035156,240.0,240.0,14000
2021-03-15,240.0,240.0,239.8999938964844,239.8999938964844,15000
2021-03-16,240.0,240.0,240.0,240.0,1000
2021-03-17,230.0,240.0,230.0,240.0,4000
2021-03-18,248.0,256.6000061035156,233.0,243.0,16000
2021-03-19,243.0,263.0,235.1000061035156,259.0,262000
2021-03-22,259.0,267.6000061035156,252.0,267.6000061035156,30000
2021-03-23,266.3999938964844,268.0,266.3999938964844,268.0,5000
2021-03-24,248.0,260.0,248.0,251.8999938964844,11000
2021-03-25,255.0,261.5,250.8000030517578,261.5,5000
2021-03-26,261.5,261.5,256.5,256.5,2000
2021-03-29,263.0,263.0,260.0,260.0,5000
2021-03-30,250.1000061035156,256.8999938964844,248.0,252.8000030517578,33000
2021-03-31,252.8000030517578,252.8000030517578,252.8000030517578,252.8000030517578,0
2021-04-01,252.8000030517578,252.8000030517578,252.8000030517578,252.8000030517578,0
2021-04-02,252.0,253.0,250.0,253.0,4000
2021-04-05,260.0,260.1000061035156,257.29998779296875,257.29998779296875,8000
2021-04-06,260.0,260.1000061035156,255.0,258.0,23000
2021-04-07,253.0,258.0,249.8999938964844,252.3000030517578,27000
2021-04-08,252.3000030517578,252.3000030517578,252.3000030517578,252.3000030517578,0
2021-04-09,257.29998779296875,260.8999938964844,255.8999938964844,255.8999938964844,5000
2021-04-12,255.8999938964844,255.8999938964844,255.8999938964844,255.8999938964844,0
2021-04-13,258.0,258.0,258.0,258.0,1000
2021-04-14,260.0,260.0,250.0,250.0,21000
2021-04-15,250.0,252.6999969482422,249.0,250.0,15000
2021-04-16,245.1000061035156,245.1000061035156,245.1000061035156,245.1000061035156,1000
2021-04-19,250.0,255.0,240.0,248.5,17000
2021-04-20,246.0,246.0,246.0,246.0,7000
2021-04-21,245.0,249.8999938964844,244.8999938964844,249.8999938964844,9000
2021-04-22,249.8999938964844,249.8999938964844,249.8999938964844,249.8999938964844,0
2021-04-23,249.8999938964844,249.8999938964844,248.0,248.0,6000
2021-04-26,253.0,253.0,253.0,253.0,1000
2021-04-27,253.0,253.0,253.0,253.0,0
2021-04-28,253.0,253.0,253.0,253.0,0
2021-04-30,253.0,253.0,253.0,253.0,0
2021-05-06,253.0,253.0,253.0,253.0,0
2021-05-07,253.0,253.0,253.0,253.0,0
2021-05-10,253.0,253.0,253.0,253.0,0
2021-05-11,253.0,253.0,253.0,253.0,0
2021-05-12,235.0,235.0,235.0,235.0,5000
2021-05-13,235.0,235.0,235.0,235.0,0
2021-05-14,240.0,240.0,240.0,240.0,1000
2021-05-17,240.0,240.0,240.0,240.0,0
2021-05-18,235.0,235.0,231.1000061035156,231.1000061035156,7000
2021-05-19,226.1000061035156,235.0,226.1000061035156,235.0,7000
2021-05-20,240.0,240.0,240.0,240.0,1000
2021-05-21,240.0,240.0,240.0,240.0,0
2021-05-24,243.3999938964844,243.3999938964844,243.3999938964844,243.3999938964844,1000
2021-05-25,293.3999938964844,293.3999938964844,270.5,282.79998779296875,180000
2021-05-26,276.0,276.0,260.5,271.8999938964844,55000
2021-05-27,272.0,272.0,263.6000061035156,268.6000061035156,5000
2021-05-28,278.0,278.0,265.0,265.20001220703125,11000
2021-05-31,265.20001220703125,269.8999938964844,263.5,263.5,16000
2021-06-01,263.3999938964844,263.3999938964844,259.5,261.0,11000
2021-06-02,258.0,259.0,258.0,258.0,5000
2021-06-03,259.0,263.0,259.0,263.0,4000
2021-06-04,263.0,263.0,260.5,262.8999938964844,11000
2021-06-07,270.0,270.0,260.0,265.0,8000
2021-06-08,263.0,269.8999938964844,262.5,263.0,18000
2021-06-09,263.1000061035156,267.8999938964844,263.1000061035156,265.0,16000
2021-06-10,265.0,270.0,265.0,270.0,3000
2021-06-11,270.0,270.0,270.0,270.0,2000
2021-06-14,270.0,274.0,268.0,274.0,25000
2021-06-15,274.0,274.0,274.0,274.0,0
2021-06-16,264.0,272.3999938964844,264.0,272.3999938964844,17000
2021-06-17,273.8999938964844,280.0,270.0,275.8999938964844,18000
2021-06-18,278.3999938964844,278.3999938964844,275.0,275.8999938964844,8000
2021-06-21,277.20001220703125,280.0,275.8999938964844,275.8999938964844,3000
2021-06-22,280.8999938964844,280.8999938964844,280.1000061035156,280.1000061035156,5000
2021-06-23,265.0,280.0,260.0,276.5,11600
2021-06-24,266.5,271.5,266.5,270.0,7400
2021-06-25,269.5,273.0,262.5,270.0,19400
2021-06-28,270.0,274.5,266.0,266.0,12000
2021-06-29,274.5,274.5,268.0,268.0,1600
2021-06-30,265.5,274.0,264.5,274.0,20600
2021-07-01,265.5,274.0,264.5,269.0,3200
2021-07-02,271.0,271.0,269.0,269.0,2200
2021-07-05,265.5,266.5,265.0,265.0,5000
2021-07-06,268.0,268.0,268.0,268.0,200
2021-07-07,267.0,267.0,259.5,266.0,15600
2021-07-08,267.0,267.0,267.0,267.0,200
2021-07-09,262.0,266.0,262.0,266.0,1800
2021-07-12,268.5,272.5,257.5,272.5,14800
2021-07-13,272.0,272.0,272.0,272.0,1000
2021-07-14,267.0,271.5,267.0,271.5,800
2021-07-15,268.0,270.0,266.5,270.0,10000
2021-07-16,270.0,270.0,260.5,268.5,12200
2021-07-19,263.5,268.5,263.5,268.5,400
2021-07-20,263.5,271.0,263.5,271.0,1200
2021-07-21,270.0,270.0,270.0,270.0,200
2021-07-26,265.0,271.5,264.5,266.5,14000
2021-07-27,271.5,271.5,271.5,271.5,200
2021-07-28,261.5,265.0,260.0,265.0,7000
2021-07-29,265.0,265.0,260.0,265.0,4400
2021-07-30,269.5,274.0,263.5,263.5,10400
2021-08-02,268.5,268.5,267.5,267.5,400
2021-08-03,267.5,267.5,267.5,267.5,0
2021-08-04,262.5,267.5,258.5,267.5,8800
2021-08-05,264.0,272.5,264.0,272.0,14800
2021-08-06,272.0,272.0,272.0,272.0,0
2021-08-10,272.0,272.0,272.0,272.0,0
2021-08-11,265.0,271.5,265.0,271.5,3600
2021-08-12,272.0,272.0,261.5,270.0,16800
2021-08-13,270.0,270.0,266.5,270.0,2400
2021-08-16,272.5,283.0,267.5,270.0,56800
2021-08-17,267.0,270.0,257.5,257.5,22200
2021-08-18,267.5,270.0,258.5,260.5,8200
2021-08-19,263.0,264.0,257.5,263.5,8400
2021-08-20,263.5,263.5,263.5,263.5,0
2021-08-23,267.5,268.5,259.5,259.5,6400
2021-08-24,268.0,268.0,263.0,268.0,1200
2021-08-25,268.0,268.0,263.0,264.5,1000
2021-08-26,267.5,267.5,267.5,267.5,400
2021-08-27,262.5,265.0,252.0,257.5,9600
2021-08-30,257.5,257.5,257.5,257.5,0
2021-08-31,252.5,261.5,245.5,248.5,20400
2021-09-01,252.0,256.0,247.5,248.0,6400
2021-09-02,248.0,250.0,242.5,249.0,17000
2021-09-03,250.0,250.0,250.0,250.0,400
2021-09-06,250.0,250.0,250.0,250.0,0
2021-09-07,245.0,248.5,244.5,248.5,3000
2021-09-08,248.5,249.0,237.5,241.0,9600
2021-09-09,237.5,240.0,232.5,236.5,19600
2021-09-10,237.5,237.5,230.0,234.0,6000
2021-09-13,231.0,234.5,231.0,234.5,800
2021-09-14,231.0,235.0,230.0,233.0,5400
2021-09-15,233.0,233.0,226.5,227.0,17600
2021-09-16,226.0,229.0,226.0,229.0,800
2021-09-17,227.0,227.0,227.0,227.0,200
2021-09-21,224.0,224.0,219.0,222.5,10800
2021-09-22,218.5,222.5,218.5,222.5,400
2021-09-24,220.0,224.0,220.0,224.0,1400
2021-09-27,231.0,231.0,222.0,222.0,3400
2021-09-28,230.0,237.5,221.0,221.0,18400
2021-09-29,221.0,224.5,220.5,222.5,1800
2021-09-30,226.5,228.5,215.5,215.5,11000
2021-10-01,219.5,221.5,210.5,210.5,14800
2021-10-04,210.0,212.5,210.0,212.5,1000
2021-10-05,204.5,206.5,204.5,205.5,3400
2021-10-06,206.5,206.5,200.5,204.5,4200
2021-10-07,184.5,192.0,182.5,186.0,219600
2021-10-08,186.0,187.5,185.0,187.5,17800
2021-10-11,188.0,189.0,185.0,189.0,4200
2021-10-12,185.5,187.5,184.5,184.5,5400
2021-10-13,183.0,184.0,179.5,182.0,78600
2021-10-14,183.5,184.0,176.5,176.5,5000
2021-10-15,177.0,177.0,175.0,177.0,10200
2021-10-18,179.5,179.5,174.5,178.5,8600
2021-10-19,178.0,178.0,173.5,175.5,42400
2021-10-20,176.0,176.0,173.0,175.5,1200
2021-10-21,176.0,176.0,172.5,173.5,1000
2021-10-22,174.5,174.5,174.5,174.5,400
2021-10-25,171.0,173.0,170.0,170.5,4000
2021-10-26,171.5,172.5,170.0,171.5,3800
2021-10-27,172.5,174.5,172.5,173.5,2200
2021-10-28,173.0,173.0,168.0,172.5,10600
2021-10-29,172.5,173.5,169.5,173.0,5600
2021-11-01,169.0,175.0,169.0,173.0,6600
2021-11-02,173.0,173.0,169.5,172.5,101000
2021-11-04,177.0,177.0,171.5,174.0,12800
2021-11-05,174.5,176.5,174.0,175.5,2400
2021-11-08,175.5,175.5,174.0,175.0,3000
2021-11-09,174.5,177.5,172.0,172.0,12600
2021-11-10,172.0,173.5,172.0,172.0,2400
2021-11-11,173.0,176.0,173.0,175.0,4600
2021-11-12,175.0,182.5,175.0,179.0,13600
2021-11-15,180.0,193.0,175.5,187.0,25000
2021-11-16,183.0,187.0,177.0,177.0,20200
2021-11-17,178.5,217.0,178.5,217.0,114800
2021-11-18,219.0,219.0,187.5,197.0,151000
2021-11-19,189.0,202.5,186.5,186.5,34600
2021-11-22,187.0,187.0,174.5,174.5,24000
2021-11-24,174.5,180.0,171.5,175.5,16800
2021-11-25,175.5,184.0,174.5,184.0,12800
2021-11-26,184.0,187.0,181.5,181.5,8000
2021-11-29,179.5,183.5,179.5,183.5,1000
2021-11-30,186.0,197.0,186.0,192.0,20200
2021-12-01,193.0,194.0,186.0,194.0,9200
2021-12-02,194.0,199.0,179.0,197.5,6400
2021-12-03,197.5,197.5,186.5,194.0,3200
2021-12-06,194.0,197.5,193.0,197.5,2800
2021-12-07,196.0,198.0,195.0,198.0,3200
2021-12-08,196.5,202.5,194.5,195.5,9800
2021-12-09,201.5,201.5,196.5,201.0,2200
2021-12-10,201.0,201.5,194.5,200.0,7200
2021-12-13,204.0,204.0,191.0,195.0,6800
2021-12-14,187.0,195.5,187.0,195.5,3800
2021-12-15,192.0,192.0,187.5,187.5,3600
2021-12-16,190.5,191.0,190.5,191.0,400
2021-12-17,190.5,195.0,187.5,195.0,5400
2021-12-20,199.0,200.0,198.5,200.0,10400
2021-12-21,188.5,200.0,188.5,196.0,15000
2021-12-22,192.0,199.0,192.0,197.5,4600
2021-12-23,200.0,200.0,195.0,200.0,11400
2021-12-24,196.0,200.0,195.0,199.5,6800
2021-12-27,200.0,200.0,200.0,200.0,5200
2021-12-28,200.0,200.0,200.0,200.0,0
2021-12-29,199.5,203.5,199.5,203.5,2600
2021-12-30,203.0,203.0,202.0,202.0,400
2022-01-04,202.0,202.0,202.0,202.0,0
2022-01-05,201.5,201.5,201.5,201.5,400
2022-01-06,198.0,202.0,198.0,202.0,400
2022-01-07,198.0,204.0,197.5,204.0,37400
2022-01-11,200.0,200.0,199.0,199.0,2000
2022-01-12,202.0,202.0,197.5,199.0,1000
2022-01-13,199.5,199.5,195.5,195.5,1000
2022-01-14,195.0,196.5,192.5,196.5,3800
2022-01-17,190.0,190.0,186.0,190.0,10800
2022-01-18,189.5,190.0,186.0,186.0,600
2022-01-19,187.5,187.5,183.0,187.0,1800
2022-01-20,187.0,189.5,185.5,189.5,3600
2022-01-21,185.5,188.5,185.5,188.5,400
2022-01-24,185.0,188.0,185.0,188.0,1200
2022-01-25,188.5,190.0,182.5,187.5,9200
2022-01-26,187.5,187.5,187.5,187.5,800
2022-01-27,184.0,184.0,177.0,178.5,37800
2022-01-28,178.0,178.0,177.5,177.5,4200
2022-01-31,175.5,181.5,175.5,181.5,3200
2022-02-01,179.0,179.0,177.5,177.5,3000
2022-02-02,178.0,178.0,175.0,175.0,3000
2022-02-03,175.0,175.0,173.5,174.5,3000
2022-02-04,174.0,174.0,174.0,174.0,200
2022-02-07,174.0,174.0,174.0,174.0,0
2022-02-08,174.0,174.0,174.0,174.0,200
2022-02-09,175.0,175.0,174.0,174.0,600
2022-02-10,174.0,174.0,174.0,174.0,0
2022-02-14,174.0,174.0,174.0,174.0,0
2022-02-15,173.0,173.0,173.0,173.0,1000
2022-02-16,173.0,174.5,172.0,172.0,1800
2022-02-17,170.0,170.0,170.0,170.0,1600
2022-02-18,167.5,168.0,165.0,165.0,2200
2022-02-21,161.5,165.5,161.5,165.5,3800
2022-02-22,165.5,165.5,165.5,165.5,0
2022-02-24,165.5,165.5,165.5,165.5,0
2022-02-25,169.0,169.0,169.0,169.0,200
2022-02-28,171.0,171.0,171.0,171.0,1000
2022-03-01,170.0,170.0,170.0,170.0,400
2022-03-02,170.0,170.0,170.0,170.0,200
2022-03-03,170.0,170.0,170.0,170.0,0
2022-03-04,170.0,170.0,170.0,170.0,0
2022-03-07,171.0,171.0,171.0,171.0,200
2022-03-08,170.0,170.0,166.0,169.0,600
2022-03-09,169.5,171.0,168.5,170.5,3200
2022-03-10,170.5,170.5,164.0,164.0,8400
2022-03-11,164.0,164.0,164.0,164.0,0
2022-03-14,164.5,164.5,164.5,164.5,4400
2022-03-15,165.0,165.0,164.0,164.0,14400
2022-03-16,167.5,167.5,167.5,167.5,2400
2022-03-17,167.5,167.5,164.0,164.5,2800
2022-03-18,166.5,166.5,162.5,162.5,20000
2022-03-22,162.5,162.5,162.0,162.5,2400
2022-03-23,162.5,163.0,162.0,162.0,3400
2022-03-24,163.5,163.5,163.5,163.5,200
2022-03-25,164.5,164.5,163.0,164.5,800
2022-03-28,166.5,167.0,166.5,167.0,1400
2022-03-29,163.0,166.5,163.0,166.5,70600
2022-03-30,162.0,165.0,162.0,165.0,71600
2022-03-31,165.0,165.0,165.0,165.0,0
2022-04-01,165.0,165.0,165.0,165.0,0
2022-04-04,161.0,161.0,161.0,161.0,1800
2022-04-05,164.5,165.0,164.5,165.0,800
2022-04-06,165.0,165.0,165.0,165.0,200
2022-04-07,162.0,165.5,162.0,162.5,600
2022-04-08,162.5,162.5,162.5,162.5,0
2022-04-11,162.5,162.5,162.5,162.5,0
2022-04-12,164.5,164.5,157.5,157.5,3200
2022-04-13,157.0,163.0,157.0,163.0,1200
2022-04-14,159.0,163.0,159.0,163.0,800
2022-04-15,163.0,163.0,163.0,163.0,0
2022-04-18,163.0,163.0,163.0,163.0,0
2022-04-19,159.0,159.5,159.0,159.5,1200
2022-04-20,161.0,161.0,161.0,161.0,400
2022-04-21,161.0,161.0,161.0,161.0,0
2022-04-22,161.0,161.0,161.0,161.0,0
2022-04-25,161.0,161.0,161.0,161.0,200
2022-04-26,162.0,162.0,157.5,160.5,3000
2022-04-27,160.5,160.5,160.5,160.5,0
2022-04-28,177.5,177.5,177.5,177.5,1600
2022-05-02,165.5,182.5,165.5,182.5,3800
2022-05-06,182.0,190.0,174.0,185.5,4400
2022-05-09,185.5,185.5,185.5,185.5,0
2022-05-10,177.5,183.5,177.5,183.5,600
2022-05-11,183.5,183.5,183.5,183.5,0
2022-05-12,175.5,183.5,175.5,183.5,1000
2022-05-13,184.5,184.5,184.5,184.5,200
2022-05-16,176.5,184.5,176.5,184.5,1600
2022-05-17,184.5,184.5,184.5,184.5,0
2022-05-18,184.5,184.5,184.5,184.5,0
2022-05-19,184.5,184.5,184.5,184.5,0
2022-05-20,184.5,184.5,184.5,184.5,0
2022-05-23,184.5,184.5,184.5,184.5,0
2022-05-24,176.5,178.0,175.0,178.0,1200
2022-05-25,170.0,180.0,170.0,180.0,2000
2022-05-26,181.0,181.0,181.0,181.0,1200
2022-05-27,181.0,181.0,181.0,181.0,200
2022-05-30,173.0,180.0,173.0,180.0,400
2022-05-31,180.0,180.0,180.0,180.0,0
2022-06-01,180.0,180.0,180.0,180.0,0
2022-06-02,180.0,180.0,180.0,180.0,0
2022-06-03,180.0,180.0,180.0,180.0,0
2022-06-06,180.0,180.0,180.0,180.0,0
2022-06-07,176.0,180.0,176.0,180.0,2000
2022-06-08,180.0,180.0,180.0,180.0,0
2022-06-09,180.0,180.0,180.0,180.0,0
2022-06-10,180.0,180.0,180.0,180.0,0
2022-06-13,180.0,180.0,180.0,180.0,200
2022-06-14,174.0,174.0,173.0,173.0,800
2022-06-15,173.0,173.0,173.0,173.0,0
2022-06-16,173.0,173.0,173.0,173.0,0
2022-06-17,175.0,175.0,175.0,175.0,200
2022-06-20,195.0,205.0,183.5,193.5,11800
2022-06-21,189.5,191.0,185.0,191.0,14400
2022-06-22,183.0,187.0,183.0,187.0,3600
2022-06-23,189.0,189.0,188.5,188.5,400
2022-06-24,184.5,187.0,183.0,187.0,1400
2022-06-27,185.0,185.0,185.0,185.0,800
2022-06-28,185.0,185.0,185.0,185.0,0
2022-06-29,185.0,185.0,185.0,185.0,0
2022-06-30,185.0,185.0,185.0,185.0,0
2022-07-01,185.0,185.0,175.0,181.5,2200
2022-07-04,181.5,181.5,181.5,181.5,0
2022-07-05,181.5,181.5,181.5,181.5,0
2022-07-06,184.5,188.0,184.5,188.0,1600
2022-07-07,188.0,188.0,188.0,188.0,0
2022-07-08,188.0,188.0,188.0,188.0,0
2022-07-11,188.0,188.0,188.0,188.0,0
2022-07-12,176.0,181.0,176.0,176.0,4800
2022-07-13,176.0,176.0,176.0,176.0,0
2022-07-14,176.0,176.0,176.0,176.0,0
2022-07-15,172.0,172.0,160.5,164.5,7200
2022-07-19,168.5,168.5,158.5,159.5,5000
2022-07-20,163.5,163.5,153.0,154.0,10800
2022-07-21,155.5,163.0,155.5,163.0,1800
2022-07-22,163.0,168.0,160.5,165.0,4800
2022-07-25,164.5,165.5,163.5,163.5,3800
2022-07-26,167.5,167.5,163.5,167.0,2000
2022-07-27,168.5,168.5,168.5,168.5,200
2022-07-28,167.5,167.5,164.5,164.5,1800
2022-07-29,165.0,165.0,163.0,165.0,4200
2022-08-01,165.5,167.5,164.5,164.5,2400
2022-08-02,163.5,165.5,163.5,165.5,21800
2022-08-03,164.0,166.0,163.5,166.0,2400
2022-08-04,166.0,166.0,166.0,166.0,0
2022-08-05,166.0,166.0,166.0,166.0,0
2022-08-08,165.0,165.0,164.5,164.5,2600
2022-08-09,164.5,164.5,164.5,164.5,1400
2022-08-10,164.5,164.5,164.5,164.5,0
2022-08-12,167.5,167.5,165.5,167.5,1400
2022-08-15,168.5,168.5,164.0,166.5,10000
2022-08-16,169.0,206.5,169.0,206.5,81000
2022-08-17,210.5,221.0,194.5,197.5,186400
2022-08-18,194.0,194.0,187.5,189.0,21000
2022-08-19,193.0,193.0,187.0,189.5,13600
2022-08-22,185.0,188.0,184.0,188.0,2400
2022-08-23,184.0,188.0,184.0,188.0,1200
2022-08-24,187.5,187.5,186.0,187.5,2800
2022-08-25,188.0,188.0,182.5,187.5,11000
2022-08-26,187.5,187.5,183.0,184.5,5200
2022-08-29,184.5,184.5,180.0,180.0,2600
2022-08-30,181.0,181.5,179.0,180.5,2600
2022-08-31,178.5,182.5,178.5,181.0,2800
2022-09-01,180.0,182.0,178.5,181.5,1800
2022-09-02,180.0,181.5,179.0,181.0,2200
2022-09-05,181.0,181.0,179.5,179.5,1000
2022-09-06,179.5,181.0,179.0,181.0,800
2022-09-07,181.0,181.0,181.0,181.0,600
2022-09-08,181.0,181.0,178.0,178.0,24200
2022-09-09,177.5,180.0,176.5,180.0,600
2022-09-12,182.0,183.0,180.0,182.0,7200
2022-09-13,181.5,182.0,175.0,182.0,33200
2022-09-14,181.5,181.5,178.0,179.5,2800
2022-09-15,179.5,179.5,179.5,179.5,0
2022-09-16,183.5,183.5,179.0,182.0,4200
2022-09-20,181.5,181.5,178.0,180.5,2200
2022-09-21,180.5,180.5,180.5,180.5,4000
2022-09-22,178.0,180.0,178.0,180.0,3200
2022-09-26,180.0,180.0,176.0,176.0,800
2022-09-27,179.0,179.0,179.0,179.0,200
2022-09-28,179.0,179.0,179.0,179.0,0
2022-09-29,179.0,179.0,179.0,179.0,0
2022-09-30,179.0,179.0,179.0,179.0,0
2022-10-03,179.0,179.0,179.0,179.0,0
2022-10-04,171.5,171.5,171.5,171.5,200
2022-10-05,171.5,171.5,169.5,171.5,600
2022-10-06,169.5,169.5,158.5,165.5,1800
2022-10-07,161.5,172.5,161.5,172.5,3200
2022-10-11,171.5,177.0,171.5,175.0,1600
2022-10-12,167.0,174.5,166.5,174.5,2800
2022-10-13,170.5,175.0,170.5,175.0,2000
2022-10-14,175.0,175.0,175.0,175.0,0
2022-10-17,171.0,174.5,171.0,174.5,1000
2022-10-18,174.5,174.5,167.5,167.5,600
2022-10-19,173.0,173.0,164.0,166.0,18400
2022-10-20,170.0,170.0,170.0,170.0,200
2022-10-21,170.0,170.0,170.0,170.0,0
2022-10-24,170.0,170.0,170.0,170.0,0
2022-10-25,171.0,175.0,171.0,175.0,1000
2022-10-26,170.0,170.0,170.0,170.0,12200
2022-10-27,168.0,170.0,168.0,170.0,3400
2022-10-28,170.0,170.5,170.0,170.5,800
2022-10-31,171.5,175.0,171.0,175.0,3200
2022-11-01,168.0,175.0,167.5,175.0,6600
2022-11-02,173.5,173.5,168.5,170.5,6800
2022-11-04,170.0,172.5,169.5,171.5,3600
2022-11-07,167.5,170.5,167.0,170.0,1400
2022-11-08,170.0,174.5,170.0,174.0,1200
2022-11-09,174.0,174.0,174.0,174.0,1400
2022-11-10,174.0,174.0,174.0,174.0,0
2022-11-11,174.0,174.0,174.0,174.0,0
2022-11-14,174.0,174.0,174.0,174.0,0
2022-11-15,179.5,179.5,173.5,173.5,3000
2022-11-16,174.5,174.5,172.5,172.5,1600
2022-11-17,167.0,167.0,167.0,167.0,400
2022-11-18,171.0,171.0,171.0,171.0,200
2022-11-21,168.0,171.0,167.0,171.0,3000
2022-11-22,171.0,171.0,171.0,171.0,0
2022-11-24,171.0,173.5,167.5,173.5,800
2022-11-25,169.5,169.5,169.5,169.5,200
2022-11-28,174.0,174.0,167.5,167.5,2800
2022-11-29,166.0,166.0,166.0,166.0,600
2022-11-30,163.0,166.5,160.0,166.5,1200
2022-12-01,165.0,169.0,165.0,169.0,600
2022-12-02,170.5,170.5,170.5,170.5,200
2022-12-05,162.5,171.5,162.5,171.5,5000
2022-12-06,172.0,172.0,164.0,168.5,1800
2022-12-07,167.5,170.0,166.0,168.5,1800
2022-12-08,174.5,174.5,174.5,174.5,1400
2022-12-09,174.5,174.5,174.5,174.5,0
2022-12-12,172.5,173.5,172.5,173.5,8800
2022-12-13,172.5,179.0,169.0,175.5,3600
2022-12-14,175.5,175.5,175.5,175.5,0
2022-12-15,175.5,175.5,175.5,175.5,0
2022-12-16,175.5,175.5,175.5,175.5,0
2022-12-19,175.5,175.5,175.5,175.5,0
2022-12-20,175.5,175.5,175.5,175.5,0
2022-12-21,161.5,167.5,161.5,167.5,1600
2022-12-22,167.5,167.5,167.5,167.5,0
2022-12-23,167.5,167.5,167.5,167.5,0
2022-12-26,174.5,174.5,174.5,174.5,1000
2022-12-27,174.5,174.5,174.5,174.5,0
2022-12-28,174.5,174.5,174.5,174.5,200
2022-12-29,174.0,174.0,174.0,174.0,200
2022-12-30,174.0,174.0,174.0,174.0,200
2023-01-04,174.0,180.0,173.5,178.0,69000
2023-01-05,176.5,176.5,176.5,176.5,400
2023-01-06,176.5,176.5,176.5,176.5,200
2023-01-10,176.5,176.5,176.5,176.5,2200
2023-01-11,176.5,176.5,176.5,176.5,0
2023-01-12,176.5,176.5,176.5,176.5,0
2023-01-13,176.5,176.5,176.5,176.5,0
2023-01-16,168.5,175.0,168.5,175.0,8200
2023-01-17,177.0,177.5,174.0,177.5,1000
2023-01-18,176.5,176.5,176.5,176.5,200
2023-01-19,176.5,176.5,176.5,176.5,0
2023-01-20,176.5,185.0,176.5,185.0,7000
2023-01-23,184.0,184.0,172.0,177.5,3200
2023-01-24,177.5,195.0,176.0,176.0,19400
2023-01-25,182.5,185.0,178.5,182.0,9400
2023-01-26,184.0,184.0,184.0,184.0,600
2023-01-27,187.5,187.5,183.0,186.0,6800
2023-01-30,184.5,184.5,184.0,184.5,800
2023-01-31,186.5,187.5,185.5,187.5,2200
2023-02-01,191.0,194.0,191.0,194.0,7400
2023-02-02,193.5,234.0,193.5,204.0,266200
2023-02-03,196.0,207.5,185.5,185.5,73600
2023-02-06,189.5,225.5,189.0,210.0,415600
2023-02-07,212.0,230.5,197.5,206.5,414200
2023-02-08,205.0,215.0,200.5,200.5,141800
2023-02-09,200.5,205.5,196.0,197.0,54000
2023-02-10,202.5,229.0,200.0,200.0,149600
2023-02-13,200.0,203.5,197.5,202.5,30200
2023-02-14,206.5,208.5,196.0,200.5,35800
2023-02-15,200.0,200.5,192.5,199.5,23800
2023-02-16,197.0,209.5,197.0,205.0,30600
2023-02-17,209.5,209.5,200.0,204.0,21400
2023-02-20,204.0,204.0,192.5,198.5,13800
2023-02-21,199.0,200.0,195.5,200.0,2600
2023-02-22,204.0,206.5,201.5,202.5,9800
2023-02-24,202.0,206.0,202.0,206.0,16000
2023-02-27,206.0,206.0,196.0,197.5,27200
2023-02-28,196.5,199.0,195.0,196.0,4400
2023-03-01,196.0,197.0,193.0,193.5,8400
2023-03-02,195.5,210.0,193.0,201.5,31400
2023-03-03,201.5,209.0,199.0,199.0,18000
2023-03-06,203.0,217.5,202.5,202.5,64000
2023-03-07,210.5,210.5,201.5,202.5,20200
2023-03-08,201.0,204.0,201.0,203.0,4400
2023-03-09,208.5,213.0,207.0,208.0,19400
2023-03-10,204.0,209.5,204.0,206.0,3800
2023-03-13,206.0,206.0,203.5,204.0,2400
2023-03-14,204.0,204.0,200.0,201.0,1800
2023-03-15,200.0,200.5,200.0,200.5,800
2023-03-16,200.5,205.0,200.5,203.0,3200
2023-03-17,203.0,203.0,203.0,203.0,0
2023-03-20,200.0,200.0,200.0,200.0,400
2023-03-22,200.0,200.0,200.0,200.0,0
2023-03-23,200.0,200.0,200.0,200.0,0
2023-03-24,200.5,204.5,200.5,204.5,400
2023-03-27,208.0,208.0,208.0,208.0,600
2023-03-28,196.0,200.0,192.5,200.0,3600
2023-03-29,200.0,207.0,196.5,207.0,4600
2023-03-30,198.0,200.0,198.0,200.0,2600
2023-03-31,198.5,201.0,197.5,201.0,5400
2023-04-03,200.0,201.5,197.5,201.5,5800
2023-04-04,200.0,200.0,195.0,195.0,2200
2023-04-05,195.0,195.0,192.5,195.0,800
2023-04-06,192.0,197.0,192.0,197.0,1400
2023-04-07,198.0,198.0,198.0,198.0,400
2023-04-10,187.5,189.5,187.5,189.0,3200
2023-04-11,189.5,197.0,189.5,197.0,1200
2023-04-12,197.0,197.0,197.0,197.0,0
2023-04-13,193.0,197.0,191.0,195.0,2200
2023-04-14,195.0,195.0,195.0,195.0,0
2023-04-17,195.0,196.0,191.5,191.5,4600
2023-04-18,193.0,195.5,193.0,194.5,3600
2023-04-19,196.5,197.0,194.5,194.5,5000
2023-04-20,194.5,198.5,192.0,198.5,2400
2023-04-21,198.5,198.5,193.0,194.5,1200
2023-04-24,195.0,195.0,195.0,195.0,2000
2023-04-25,196.5,196.5,196.5,196.5,200
2023-04-26,198.0,200.0,197.5,197.5,2600
2023-04-27,195.0,197.0,194.0,197.0,600
2023-04-28,193.0,193.0,193.0,193.0,600
2023-05-01,190.5,193.0,190.5,193.0,800
2023-05-02,190.0,190.5,190.0,190.5,3200
2023-05-08,190.5,190.5,190.5,190.5,0
2023-05-09,190.5,190.5,174.5,181.5,22800
2023-05-10,180.0,183.5,172.5,174.0,18000
2023-05-11,174.0,176.0,162.5,170.5,25000
2023-05-12,174.0,180.5,173.0,179.0,8800
2023-05-15,179.0,181.0,178.5,181.0,7200
2023-05-16,175.0,178.5,166.0,176.5,80200
2023-05-17,176.5,214.0,164.5,167.5,300400
2023-05-18,167.0,175.0,167.0,167.0,9400
2023-05-19,171.0,175.0,167.0,169.5,15400
2023-05-22,170.0,170.5,169.0,169.0,2200
2023-05-23,169.0,173.5,166.5,169.0,10200
2023-05-24,173.0,174.0,173.0,173.0,3600
2023-05-25,177.0,177.0,171.5,175.5,4600
2023-05-26,177.0,177.5,177.0,177.5,6800
2023-05-29,182.5,183.0,180.0,180.0,2800
2023-05-30,180.0,181.5,180.0,180.0,600
2023-05-31,179.0,179.0,179.0,179.0,1200
2023-06-01,175.0,178.0,171.5,178.0,5000
2023-06-02,174.0,179.5,173.5,179.5,5000
2023-06-05,175.5,175.5,175.5,175.5,400
2023-06-06,176.5,177.0,176.5,177.0,1600
2023-06-07,177.0,177.0,177.0,177.0,1600
2023-06-08,184.0,201.0,174.5,175.5,54000
2023-06-09,176.0,180.0,176.0,177.0,3000
2023-06-12,177.5,180.0,177.5,177.5,7200
2023-06-13,177.5,178.5,175.5,175.5,25400
2023-06-14,176.5,180.0,176.5,176.5,3200
2023-06-15,177.0,179.0,177.0,179.0,400
2023-06-16,179.0,183.5,178.0,182.0,6200
2023-06-19,182.0,182.5,177.5,179.0,3800
2023-06-20,178.0,188.0,178.0,178.5,9600
2023-06-21,180.0,182.0,180.0,180.5,1000
2023-06-22,184.0,185.0,184.0,185.0,4600
2023-06-23,185.0,185.5,183.0,184.5,6400
2023-06-26,188.0,188.0,180.0,183.0,13200
2023-06-27,183.0,183.0,183.0,183.0,200
2023-06-28,184.5,184.5,184.0,184.0,1200
2023-06-29,188.0,193.5,184.0,184.5,20400
2023-06-30,185.5,191.0,185.0,185.0,17200
2023-07-03,182.5,192.5,182.5,185.5,12000
2023-07-04,189.5,192.5,186.5,188.5,16800
2023-07-05,191.5,194.5,187.0,189.5,17800
2023-07-06,189.5,193.0,185.5,188.0,8000
2023-07-07,185.5,191.0,185.5,188.0,9000
2023-07-10,190.0,190.0,180.0,184.5,27200
2023-07-11,188.5,188.5,182.5,183.0,6400
2023-07-12,185.5,188.0,182.0,183.5,8800
2023-07-13,183.5,189.5,183.5,185.5,2600
2023-07-14,187.0,188.5,182.5,187.5,3000
2023-07-18,183.5,188.5,183.5,187.0,3000
2023-07-19,190.0,192.5,186.0,187.5,11400
2023-07-20,192.5,192.5,180.5,188.0,32400
2023-07-21,186.5,198.5,186.5,188.0,3600
2023-07-24,188.0,190.0,186.0,186.0,7200
2023-07-25,188.5,190.5,185.0,187.0,24000
2023-07-26,190.0,190.0,187.5,187.5,1600
2023-07-27,189.5,189.5,189.5,189.5,400
2023-07-28,189.5,189.5,187.0,187.0,600
2023-07-31,187.0,188.0,186.5,186.5,800
2023-08-01,188.0,188.0,186.0,186.0,800
2023-08-02,182.0,185.5,180.0,181.5,11400
2023-08-03,182.0,182.0,182.0,182.0,400
2023-08-04,179.5,179.5,172.5,177.0,7200
2023-08-07,176.0,179.0,174.5,177.5,7000
2023-08-08,177.5,178.5,173.5,175.5,10200
2023-08-09,177.0,180.0,173.0,173.0,7400
2023-08-10,173.0,192.0,169.5,175.0,14800
2023-08-14,173.5,178.0,173.5,178.0,1400
2023-08-15,174.0,174.0,154.5,169.5,77200
2023-08-16,169.5,169.5,167.5,167.5,4800
2023-08-17,169.5,171.0,163.5,168.5,9800
2023-08-18,169.0,169.0,169.0,169.0,200
2023-08-21,163.0,166.0,163.0,164.5,11000
2023-08-22,168.5,169.5,165.5,169.5,9600
2023-08-23,170.5,170.5,170.5,170.5,600
2023-08-24,172.5,172.5,166.5,166.5,5000
2023-08-25,167.0,170.0,167.0,167.0,1200
2023-08-28,171.0,171.0,168.0,169.5,1800
2023-08-29,172.0,177.5,166.0,170.5,32600
2023-08-30,170.0,170.0,170.0,170.0,400
2023-08-31,170.5,177.0,170.5,175.5,10600
2023-09-01,171.5,172.0,165.5,170.0,56200
2023-09-04,170.0,174.5,165.5,168.5,83800
2023-09-05,168.5,168.5,168.5,168.5,800
2023-09-06,172.5,172.5,169.0,169.5,5200
2023-09-07,209.5,209.5,176.0,176.0,590400
2023-09-08,172.5,178.0,170.0,173.5,113200
2023-09-11,174.0,180.0,171.0,173.5,28600
2023-09-12,174.0,175.5,171.0,173.5,14800
2023-09-13,179.5,207.5,177.5,185.0,273200
2023-09-14,186.5,192.5,182.5,183.5,46600
2023-09-15,179.5,186.5,179.5,182.0,26400
2023-09-19,182.0,188.5,177.0,186.5,20000
2023-09-20,185.0,186.5,185.0,185.0,3400
2023-09-21,181.5,185.5,181.5,185.0,800
2023-09-22,183.0,186.0,183.0,184.0,6800
2023-09-25,181.0,186.5,179.0,185.5,3800
2023-09-26,187.5,195.5,180.0,183.0,27200
2023-09-27,184.0,188.5,184.0,188.5,5400
2023-09-28,192.5,192.5,187.0,190.5,7800
2023-09-29,186.5,186.5,186.5,186.5,800
2023-10-02,183.5,186.0,183.5,186.0,3000
2023-10-03,182.0,182.5,180.0,180.0,2000
2023-10-04,179.0,182.5,177.5,177.5,9800
2023-10-05,181.5,181.5,180.0,180.0,1000
2023-10-06,180.0,180.0,175.5,177.5,2000
2023-10-10,180.0,180.0,177.0,177.0,800
2023-10-11,175.5,176.5,173.5,173.5,9000
2023-10-12,173.5,175.0,173.5,175.0,1800
2023-10-13,172.5,181.5,172.5,177.5,5000
2023-10-16,177.5,177.5,177.5,177.5,0
2023-10-17,177.0,177.0,177.0,177.0,400
2023-10-18,180.0,180.0,180.0,180.0,200
2023-10-19,176.0,176.0,173.0,176.0,2800
2023-10-20,184.0,184.0,181.5,182.5,1800
2023-10-23,175.5,192.5,175.5,185.0,4000
2023-10-24,187.5,187.5,181.5,182.0,1400
2023-10-25,187.5,190.0,183.0,183.0,4000
2023-10-26,187.0,187.0,186.5,186.5,1000
2023-10-27,186.5,186.5,186.5,186.5,0
2023-10-30,186.5,186.5,186.5,186.5,0
2023-10-31,186.5,186.5,186.5,186.5,0
2023-11-01,186.5,186.5,186.5,186.5,0
2023-11-02,186.5,186.5,177.0,183.5,2800
2023-11-06,183.5,183.5,183.5,183.5,0
2023-11-07,183.5,183.5,183.5,183.5,0
2023-11-08,172.5,175.5,171.5,175.5,10800
2023-11-09,175.5,175.5,175.5,175.5,600
2023-11-10,173.5,175.5,173.5,174.5,2000
2023-11-13,178.5,180.0,174.5,176.5,10200
2023-11-14,180.0,180.0,176.0,176.0,400
2023-11-15,176.0,179.5,176.0,179.5,1400
2023-11-16,179.5,179.5,179.5,179.5,0
2023-11-17,180.0,180.0,176.0,178.5,1400
2023-11-20,182.5,189.0,182.5,189.0,23600
2023-11-21,187.0,187.0,182.0,182.0,800
2023-11-22,182.0,182.0,182.0,182.0,0
2023-11-24,183.0,187.5,181.5,187.5,2400
2023-11-27,190.5,191.0,180.5,182.0,9200
2023-11-28,183.5,183.5,182.0,182.0,400
2023-11-29,186.5,192.5,184.5,184.5,6600
2023-11-30,182.5,185.0,182.0,185.0,5600
2023-12-01,185.0,185.0,185.0,185.0,0
2023-12-04,185.5,191.0,183.5,185.0,31000
2023-12-05,192.0,195.0,186.5,195.0,6600
2023-12-06,195.0,200.5,195.0,196.5,30200
2023-12-07,192.5,197.0,184.5,188.0,32400
2023-12-08,188.0,194.5,185.0,190.0,28600
2023-12-11,193.0,193.0,184.5,187.5,6600
2023-12-12,183.5,187.0,182.5,185.5,5200
2023-12-13,188.0,192.0,185.5,189.5,3600
2023-12-14,191.5,191.5,180.0,187.5,16000
2023-12-15,187.0,187.5,186.0,186.0,5400
2023-12-18,186.0,186.0,186.0,186.0,400
2023-12-19,182.0,185.0,181.0,185.0,600
2023-12-20,184.5,188.0,182.5,184.5,14200
2023-12-21,182.5,187.0,181.0,185.0,9400
2023-12-22,187.0,189.5,186.0,186.0,10600
2023-12-25,189.0,189.0,188.5,188.5,2000
2023-12-26,189.0,189.0,184.0,187.5,5600
2023-12-27,187.5,187.5,187.5,187.5,0
2023-12-28,195.0,195.0,185.5,188.5,3800
2023-12-29,188.5,188.5,188.5,188.5,2400
2024-01-04,189.0,190.0,187.5,190.0,28000
2024-01-05,188.0,190.0,186.5,187.5,3400
2024-01-09,189.0,203.5,187.5,192.0,58400
2024-01-10,191.5,198.0,191.5,197.5,14000
2024-01-11,195.5,195.5,190.0,190.0,800
2024-01-12,191.0,210.5,191.0,201.5,47600
2024-01-15,201.0,201.0,193.0,196.0,1400
2024-01-16,201.0,201.0,193.0,197.0,7000
2024-01-17,197.5,203.5,197.0,197.5,28800
2024-01-18,201.5,202.5,199.5,199.5,7600
2024-01-19,203.5,205.0,199.5,201.5,6000
2024-01-22,205.5,210.0,205.0,205.5,22400
2024-01-23,200.0,205.0,200.0,205.0,600
2024-01-24,205.0,205.0,205.0,205.0,200
2024-01-25,205.0,205.0,197.5,198.0,3000
2024-01-26,205.5,207.5,197.5,199.5,7000
2024-01-29,200.0,200.0,194.5,196.5,6400
2024-01-30,201.0,201.0,200.5,200.5,400
2024-01-31,200.0,200.0,200.0,200.0,400
2024-02-01,200.0,200.0,195.0,195.5,1400
2024-02-02,195.5,195.5,189.0,192.0,6600
2024-02-05,192.0,192.0,184.0,186.5,10000
2024-02-06,186.5,190.0,186.5,187.5,5600
2024-02-07,187.5,188.5,185.0,188.5,2200
2024-02-08,189.0,189.5,186.0,187.0,5600
2024-02-09,187.0,189.5,178.0,178.0,6800
2024-02-13,180.5,180.5,173.5,177.5,3800
2024-02-14,181.5,181.5,180.0,180.0,400
2024-02-15,184.0,184.0,178.0,178.0,1800
2024-02-16,178.0,187.0,178.0,183.0,5400
2024-02-19,185.5,185.5,175.5,182.0,5200
2024-02-20,180.0,186.0,175.0,179.0,10800
2024-02-21,179.0,183.0,178.0,183.0,4400
2024-02-22,179.0,182.0,179.0,180.5,9000
2024-02-26,182.5,182.5,179.0,179.0,4800
2024-02-27,183.0,183.0,183.0,183.0,2200
2024-02-28,183.0,183.0,183.0,183.0,0
2024-02-29,185.0,185.0,185.0,185.0,2000
2024-03-01,185.0,185.0,185.0,185.0,0
2024-03-04,184.0,185.0,181.0,181.0,1200
2024-03-05,185.0,187.5,184.5,187.5,22600
2024-03-06,199.0,199.0,189.5,189.5,1400
2024-03-07,188.5,190.0,177.0,182.5,13800
2024-03-08,179.5,194.5,179.5,194.5,6600
2024-03-11,198.0,198.0,189.0,196.0,6200
2024-03-12,188.0,197.5,188.0,197.5,5600
2024-03-13,196.0,197.5,196.0,197.5,2000
2024-03-14,199.5,199.5,191.5,195.0,2200
2024-03-15,195.0,195.0,195.0,195.0,0
2024-03-18,191.0,201.5,191.0,195.0,9000
2024-03-19,200.0,213.5,200.0,213.5,13800
2024-03-21,206.0,206.0,201.5,201.5,9000
2024-03-22,205.0,210.0,196.0,200.5,13800
2024-03-25,200.0,205.5,200.0,205.0,7000
2024-03-26,209.5,209.5,209.5,209.5,600
2024-03-27,203.5,207.5,201.5,207.5,4400
2024-03-28,207.5,208.0,203.5,205.5,9400
2024-03-29,209.5,212.5,208.0,212.5,8200
2024-04-01,220.0,222.5,203.0,215.0,28000
2024-04-02,214.0,215.0,196.0,201.5,51200
2024-04-03,197.5,204.0,196.5,196.5,6200
2024-04-04,203.0,209.0,196.5,202.0,10800
2024-04-05,200.0,202.0,200.0,202.0,400
2024-04-08,199.5,202.0,199.5,202.0,400
2024-04-09,202.0,205.5,202.0,205.5,600
2024-04-10,203.0,203.0,193.5,194.0,7400
2024-04-11,198.0,216.5,197.5,202.0,43200
2024-04-12,212.5,212.5,205.5,205.5,7200
2024-04-15,209.5,210.0,201.5,204.5,15400
2024-04-16,208.0,208.0,203.0,203.0,5000
2024-04-17,203.0,203.0,200.5,200.5,9400
2024-04-18,201.5,205.0,201.5,204.0,1000
2024-04-19,201.5,205.5,201.5,205.5,2600
2024-04-22,205.5,206.5,203.5,206.5,2200
2024-04-23,206.5,206.5,202.5,202.5,600
2024-04-24,202.5,202.5,202.5,202.5,0
2024-04-25,204.0,204.0,204.0,204.0,800
2024-04-26,209.5,209.5,200.0,201.0,1200
2024-04-30,205.0,205.0,205.0,205.0,200
2024-05-01,201.0,201.0,201.0,201.0,200
2024-05-02,201.0,201.0,201.0,201.0,0
2024-05-07,205.0,205.0,205.0,205.0,200
2024-05-08,205.0,205.0,205.0,205.0,0
2024-05-09,197.0,200.0,197.0,200.0,6000
2024-05-10,200.0,200.0,199.5,200.0,2600
2024-05-13,200.0,200.0,192.0,197.0,10800
2024-05-14,197.0,197.0,196.5,196.5,1200
2024-05-15,196.5,196.5,190.5,190.5,2800
2024-05-16,189.0,191.5,188.0,191.5,3600
2024-05-17,187.5,191.5,187.5,191.5,2600
2024-05-20,187.5,187.5,187.5,187.5,1000
2024-05-21,191.5,191.5,191.5,191.5,2000
2024-05-22,191.0,191.0,187.0,190.0,1400
2024-05-23,192.5,192.5,189.5,189.5,6000
2024-05-24,185.5,189.0,179.0,189.0,3400
2024-05-27,189.0,189.0,189.0,189.0,1400
2024-05-28,189.0,189.0,184.0,184.0,2600
2024-05-29,184.0,184.5,184.0,184.5,800
2024-05-30,184.5,184.5,180.5,180.5,1000
2024-05-31,182.0,182.0,180.5,182.0,600
2024-06-03,182.0,183.0,182.0,183.0,400
2024-06-04,183.0,183.0,183.0,183.0,0
2024-06-05,180.0,180.0,176.0,176.0,600
2024-06-06,176.0,181.5,175.0,181.5,1400
2024-06-07,180.5,180.5,176.5,176.5,1200
2024-06-10,180.5,182.5,177.5,182.5,4400
2024-06-11,181.5,185.0,181.0,185.0,3800
2024-06-12,185.0,185.0,185.0,185.0,0
2024-06-13,185.0,185.0,185.0,185.0,0
2024-06-14,192.0,192.0,192.0,192.0,1000
2024-06-17,208.0,212.0,185.5,188.5,14600
2024-06-18,188.5,196.0,188.5,196.0,1400
2024-06-19,195.5,195.5,184.0,186.5,6400
2024-06-20,186.5,186.5,186.5,186.5,400
2024-06-21,186.5,186.5,186.5,186.5,0
2024-06-24,186.5,186.5,183.5,183.5,1200
2024-06-25,184.0,184.5,183.5,184.0,1000
2024-06-26,185.0,185.0,184.5,184.5,1000
2024-06-27,185.0,188.5,184.5,184.5,1400
2024-06-28,189.5,193.5,189.5,192.5,2800
2024-07-01,195.5,195.5,186.0,186.0,2000
2024-07-02,187.0,193.0,187.0,193.0,400
2024-07-03,192.0,195.0,188.0,188.0,800
2024-07-04,188.5,193.0,188.5,188.5,3600
2024-07-05,188.0,188.0,188.0,188.0,2800
2024-07-08,187.0,187.0,182.5,182.5,800
2024-07-09,181.5,185.0,181.5,182.0,2400
2024-07-10,181.5,181.5,181.5,181.5,400
2024-07-11,181.5,181.5,181.5,181.5,0
2024-07-12,181.5,181.5,181.5,181.5,200
2024-07-16,181.5,181.5,180.0,181.5,1400
2024-07-17,181.5,181.5,180.0,180.0,46400
2024-07-18,187.0,187.0,187.0,187.0,200
2024-07-19,187.0,187.0,187.0,187.0,600
2024-07-22,187.5,187.5,180.5,180.5,4000
2024-07-23,177.5,186.5,177.5,186.5,1600
2024-07-24,184.0,191.5,184.0,191.0,5800
2024-07-25,189.0,191.5,179.5,181.0,10400
2024-07-26,180.5,181.5,178.5,178.5,4000
2024-07-29,180.0,189.0,180.0,184.5,12400
2024-07-30,182.0,186.0,182.0,186.0,2200
2024-07-31,185.0,188.5,185.0,186.0,600
2024-08-01,185.0,185.0,181.5,181.5,1000
2024-08-02,180.5,184.0,177.5,184.0,6000
2024-08-05,177.0,180.0,144.0,144.0,8600
2024-08-06,144.0,162.0,137.0,162.0,15800
2024-08-07,150.0,169.5,150.0,169.5,3000
2024-08-08,169.5,174.0,162.5,170.0,2000
2024-08-09,170.0,170.0,170.0,170.0,800
2024-08-13,155.5,172.5,155.5,168.5,5400
2024-08-14,172.5,172.5,164.0,166.5,7600
2024-08-15,164.0,177.5,163.0,170.5,6800
2024-08-16,169.5,173.5,168.0,173.0,4400
2024-08-19,175.5,176.5,175.5,176.5,400
2024-08-20,175.5,175.5,167.5,167.5,1000
2024-08-21,175.5,190.0,167.0,170.5,28400
2024-08-22,174.5,178.0,174.0,174.0,1800
2024-08-23,178.0,182.0,178.0,178.0,2000
2024-08-26,178.0,189.5,174.5,187.0,2800
2024-08-27,183.0,183.0,179.0,181.0,2000
2024-08-28,180.0,180.0,172.5,172.5,2600
2024-08-29,172.5,173.0,172.5,173.0,1800
2024-08-30,177.0,180.0,175.0,177.5,5400
2024-09-02,180.0,180.0,179.5,180.0,2600
2024-09-03,184.0,184.5,180.5,184.5,600
2024-09-04,180.5,180.5,173.5,173.5,1800
2024-09-05,173.5,180.0,173.5,180.0,1600
2024-09-06,180.0,180.0,180.0,180.0,200
2024-09-09,180.0,180.0,168.0,179.5,2400
2024-09-10,180.0,180.0,173.0,179.5,800
2024-09-11,179.5,179.5,179.5,179.5,200
2024-09-12,179.5,179.5,179.5,179.5,0
2024-09-13,179.5,179.5,179.5,179.5,200
2024-09-17,178.5,179.5,170.0,170.0,2000
2024-09-18,170.0,170.0,170.0,170.0,0
2024-09-19,173.0,173.0,169.0,169.0,2000
2024-09-20,171.5,175.0,171.5,175.0,1600
2024-09-24,176.5,176.5,169.5,169.5,2400
2024-09-25,173.5,173.5,169.5,172.5,4200
2024-09-26,172.5,172.5,168.5,168.5,16400
2024-09-27,167.5,170.0,164.0,164.5,11600
2024-09-30,164.5,164.5,164.5,164.5,0
2024-10-01,160.5,167.5,160.5,167.5,800
2024-10-02,166.5,167.5,166.0,166.5,2400
2024-10-03,165.5,167.5,164.0,164.0,2600
2024-10-04,168.0,168.0,167.5,167.5,1400
2024-10-07,169.5,172.5,169.5,172.0,6400
2024-10-08,172.5,172.5,163.5,163.5,4600
2024-10-09,163.5,163.5,156.0,157.0,21800
2024-10-10,161.0,162.5,159.5,159.5,9000
2024-10-11,160.5,160.5,159.5,159.5,4200
2024-10-15,163.0,163.0,155.5,156.0,14600
2024-10-16,155.0,155.0,155.0,155.0,400
2024-10-17,155.0,155.0,155.0,155.0,600
2024-10-18,159.0,159.0,155.0,155.0,1000
2024-10-21,155.0,155.0,155.0,155.0,0
2024-10-22,155.5,159.0,155.5,159.0,400
2024-10-23,159.0,159.5,158.5,158.5,800
2024-10-24,160.0,160.5,156.5,158.0,2600
2024-10-25,160.0,160.0,160.0,160.0,200
2024-10-28,158.5,161.0,158.5,161.0,10000
2024-10-29,165.0,165.0,165.0,165.0,1000
2024-10-30,164.5,164.5,161.0,161.0,1600
2024-10-31,161.0,161.5,160.0,160.0,3200
2024-11-01,161.0,161.0,160.0,160.0,800
2024-11-05,160.5,161.0,158.0,158.0,2400
2024-11-06,158.0,158.0,157.5,157.5,800
2024-11-07,160.0,164.5,160.0,164.5,600
2024-11-08,163.5,166.5,162.0,166.5,800
2024-11-11,165.5,168.0,164.0,164.0,1400
2024-11-12,163.0,165.0,161.0,161.0,2200
2024-11-13,161.5,170.0,161.5,162.0,2400
2024-11-14,163.5,166.0,160.0,166.0,4800
2024-11-15,162.0,162.0,162.0,162.0,200
2024-11-18,166.0,166.0,164.0,164.0,400
2024-11-19,163.0,163.0,160.0,160.0,8000
2024-11-20,156.0,160.5,156.0,156.5,4600
2024-11-21,160.5,163.0,160.5,162.0,3600
2024-11-22,158.5,162.5,151.5,158.5,5000
2024-11-25,162.0,162.0,156.5,159.5,3400
2024-11-26,159.5,159.5,158.0,158.0,600
2024-11-27,157.0,157.5,154.0,154.0,3800
2024-11-28,154.0,158.0,154.0,155.5,2000
2024-11-29,151.5,154.0,151.5,153.5,1200
2024-12-02,154.5,154.5,153.5,153.5,1000
2024-12-03,157.0,158.5,155.0,155.0,2400
2024-12-04,155.0,183.5,150.0,155.5,135600
2024-12-05,156.0,163.0,147.0,153.5,47000
2024-12-06,156.0,156.0,151.5,154.0,4000
2024-12-09,151.5,154.5,147.5,149.0,9600
2024-12-10,150.0,155.0,149.0,150.0,18600
2024-12-11,149.5,157.0,149.5,155.0,10400
2024-12-12,155.0,155.0,149.5,150.5,129800
2024-12-13,150.5,151.5,150.5,151.5,114600
2024-12-16,153.5,154.0,151.5,153.5,72000
2024-12-17,155.0,164.5,151.5,164.5,89400
2024-12-18,163.5,182.0,163.5,168.0,18200
2024-12-19,167.5,171.5,161.0,171.5,9400
2024-12-20,169.5,179.0,169.5,171.5,5400
2024-12-23,167.5,167.5,167.5,167.5,200
2024-12-24,175.5,175.5,163.5,163.5,11400
2024-12-25,163.0,166.5,163.0,163.5,2400
2024-12-26,163.5,167.0,163.5,167.0,2800
2024-12-27,163.5,165.0,161.0,162.5,7600
2024-12-30,163.5,175.0,163.5,173.5,8200
2025-01-06,174.0,183.5,174.0,181.0,8000
2025-01-07,181.5,190.0,178.0,182.5,7000
2025-01-08,179.5,180.0,177.5,177.5,1800
2025-01-09,178.0,184.5,177.0,177.0,5200
2025-01-10,177.5,214.0,168.0,175.0,162600
2025-01-14,171.5,172.5,167.0,169.0,11400
2025-01-15,167.5,172.5,166.5,172.5,5000
2025-01-16,175.0,176.5,172.5,172.5,1000
2025-01-17,169.0,173.0,169.0,170.0,600
2025-01-20,170.0,171.0,170.0,170.5,600
2025-01-21,166.5,171.5,164.5,171.0,13200
2025-01-22,170.5,177.5,169.5,169.5,4200
2025-01-23,176.5,177.0,171.0,173.5,10400
2025-01-24,173.0,178.0,173.0,177.5,1600
2025-01-27,179.0,190.0,177.5,180.0,10000
2025-01-28,179.5,180.0,177.0,177.5,7000
2025-01-29,177.0,179.0,176.5,178.0,1800
2025-01-30,178.0,187.5,178.0,183.5,6200
2025-01-31,183.0,183.5,182.5,182.5,600
2025-02-03,181.0,185.0,181.0,184.0,2800
2025-02-04,184.5,184.5,184.5,184.5,1000
2025-02-05,180.5,182.0,178.0,182.0,1200
2025-02-06,178.0,179.0,174.0,176.5,6400
2025-02-07,176.5,178.0,176.5,176.5,3400
2025-02-10,183.5,184.0,183.5,183.5,600
2025-02-12,182.5,190.5,182.5,190.0,13600
2025-02-13,190.0,195.0,189.0,195.0,19000
2025-02-14,188.0,188.5,179.0,184.5,16600
2025-02-17,194.5,194.5,188.0,191.0,4800
2025-02-18,187.0,190.5,183.0,185.0,5400
2025-02-19,193.0,193.0,185.0,185.0,3600
2025-02-20,193.0,198.5,181.5,187.0,22400
2025-02-21,183.0,185.0,181.0,185.0,5000
2025-02-25,184.0,184.5,180.0,180.0,5400
2025-02-26,180.0,180.0,177.5,177.5,1200
2025-02-27,175.5,175.5,175.5,175.5,200
2025-02-28,175.5,175.5,175.5,175.5,0
2025-03-03,175.0,175.0,175.0,175.0,200
2025-03-04,172.0,175.0,172.0,175.0,1600
2025-03-05,175.0,175.0,171.0,171.0,400
2025-03-06,171.5,171.5,169.5,169.5,1000
2025-03-07,184.0,190.0,173.0,175.0,9200
2025-03-10,175.0,180.0,175.0,180.0,2800
2025-03-11,177.0,177.0,177.0,177.0,400
2025-03-12,177.0,184.5,176.5,184.5,3800
2025-03-13,184.5,184.5,184.5,184.5,0
2025-03-14,180.5,184.5,172.5,184.5,4600
2025-03-17,187.5,187.5,180.5,180.5,800
2025-03-18,184.5,184.5,176.5,177.0,10800
2025-03-19,176.0,176.5,174.0,174.0,2200
2025-03-21,171.5,171.5,165.0,166.0,44200
2025-03-24,174.0,191.5,174.0,175.0,35000
2025-03-25,177.5,177.5,166.0,172.5,11400
2025-03-26,176.0,176.0,167.5,168.0,17800
2025-03-27,168.5,168.5,168.5,168.5,1200
2025-03-28,168.0,169.0,168.0,169.0,800
2025-03-31,181.0,181.0,170.0,172.0,7000
2025-04-01,170.0,170.5,170.0,170.5,1200
2025-04-02,170.5,170.5,170.0,170.0,600
2025-04-03,165.5,165.5,165.5,165.5,400
2025-04-04,162.0,163.5,157.5,157.5,5200
2025-04-07,153.5,157.0,140.0,153.5,3200
2025-04-08,153.5,156.0,147.5,150.0,10200
2025-04-09,152.5,152.5,142.5,146.5,8400
2025-04-10,154.5,155.5,148.0,155.5,3600
2025-04-11,150.0,150.0,147.0,148.5,12000
2025-04-14,151.0,154.5,149.0,153.5,25000
2025-04-15,153.5,192.5,153.5,159.0,280600
2025-04-16,167.0,173.0,150.5,157.0,320200
2025-04-17,160.5,186.0,158.0,163.5,873200
2025-04-18,162.0,165.0,161.0,161.0,27600
2025-04-21,160.5,200.0,160.5,167.0,2603200
2025-04-22,170.0,174.5,163.0,165.5,98200
2025-04-23,167.0,193.0,167.0,174.0,642400
2025-04-24,178.0,179.0,168.5,168.5,56600
2025-04-25,170.5,172.5,166.0,166.0,29800
2025-04-28,168.0,172.5,168.0,169.0,84200
2025-04-30,167.5,169.5,166.5,169.5,10200
2025-05-01,168.5,168.5,166.0,166.0,6200
2025-05-02,166.0,167.0,164.0,165.0,4800
2025-05-07,165.5,168.5,165.5,168.5,4400
2025-05-08,168.5,170.5,167.5,167.5,9000
2025-05-09,167.0,170.0,162.5,170.0,26600
2025-05-12,168.5,170.5,168.5,168.5,7600
2025-05-13,169.0,173.0,169.0,173.0,8800
2025-05-14,174.5,174.5,168.0,168.0,10000
2025-05-15,169.0,170.0,168.0,170.0,8000
2025-05-16,168.5,169.0,168.0,168.0,800
2025-05-19,172.0,172.0,168.0,168.0,20400
2025-05-20,168.5,175.0,166.0,175.0,66600
2025-05-21,172.5,188.5,167.5,169.5,138400
2025-05-22,169.5,179.0,169.0,174.0,45600
2025-05-23,174.0,179.5,174.0,179.0,15000
2025-05-26,181.5,182.0,174.0,174.5,26400
2025-05-27,175.0,207.5,173.0,176.0,1128200
2025-05-28,179.0,185.5,176.5,177.5,130200
2025-05-29,179.0,181.5,178.5,178.5,23000
2025-05-30,178.5,180.5,175.0,175.0,43400
2025-06-02,175.5,184.5,175.5,181.0,39000
2025-06-03,181.5,182.0,180.0,180.0,11000
2025-06-04,180.0,180.0,171.5,173.5,63000
2025-06-05,172.5,174.5,171.0,171.0,13800
2025-06-06,169.0,173.0,169.0,173.0,5200
2025-06-09,213.0,213.0,196.0,209.5,1388800
2025-06-10,208.0,209.5,198.0,204.5,392600
2025-06-11,206.5,209.0,204.5,205.5,72800
2025-06-12,207.5,208.0,205.5,206.0,35800
2025-06-13,206.5,209.0,204.0,205.5,75600
2025-06-16,208.5,210.5,206.0,210.5,57600
2025-06-17,210.5,212.5,207.5,211.0,71400
2025-06-18,212.0,214.0,211.5,213.0,38400
2025-06-19,215.0,216.5,213.0,213.5,149000
2025-06-20,215.0,219.5,215.0,215.5,62000
2025-06-23,218.0,221.5,217.5,218.0,58600
2025-06-24,219.5,219.5,216.5,218.0,37200
2025-06-25,217.5,221.0,217.5,219.0,26000
2025-06-26,219.0,220.0,214.0,217.0,58200
2025-06-27,213.0,215.5,210.0,214.5,32000
2025-06-30,214.5,215.0,213.5,215.0,20000
2025-07-01,217.0,217.0,210.5,214.5,18600
2025-07-02,214.5,216.0,214.5,215.5,14200
2025-07-03,214.5,215.5,213.0,213.5,9200
2025-07-04,213.0,213.5,213.0,213.5,8000
2025-07-07,211.5,215.5,211.0,213.0,24400
2025-07-08,213.0,215.0,212.0,212.0,14400
2025-07-09,214.5,215.0,212.5,214.5,14400
2025-07-10,214.0,215.5,214.0,214.0,15000
2025-07-11,215.0,215.0,213.0,213.0,3000
2025-07-14,213.5,214.5,212.5,213.0,24400
2025-07-15,215.0,215.0,212.5,213.0,5000
2025-07-16,213.5,215.0,212.0,212.0,10000
2025-07-17,213.0,213.5,212.5,213.5,6600
2025-07-18,213.5,213.5,211.0,213.5,13400
2025-07-22,212.5,215.0,212.5,213.0,3000
2025-07-23,214.0,214.5,214.0,214.5,14800
2025-07-24,214.5,215.0,213.5,215.0,38600
2025-07-25,215.0,225.0,215.0,224.0,26000
2025-07-28,220.5,224.5,219.0,220.5,36000
2025-07-29,219.5,223.5,217.5,219.0,44000
2025-07-30,219.0,224.5,219.0,222.0,18800
2025-07-31,223.5,223.5,223.0,223.0,8000
2025-08-01,223.0,244.0,223.0,231.0,46000
2025-08-04,227.0,233.0,225.0,230.5,20600
2025-08-05,234.5,237.5,225.0,225.0,64400
2025-08-06,217.0,229.0,217.0,224.5,86200
2025-08-07,222.5,226.5,216.5,225.0,13200
2025-08-08,222.5,227.0,221.0,222.5,23000
2025-08-12,222.5,223.5,221.0,221.0,25800
2025-08-13,221.5,231.5,217.5,220.5,50800
2025-08-14,220.0,223.5,219.5,220.0,14600
2025-08-15,220.5,224.5,220.5,223.5,10200
2025-08-18,224.0,225.0,222.5,224.5,23400
2025-08-19,223.5,227.5,222.5,224.0,8800
2025-08-20,228.0,228.0,204.0,207.0,226400
2025-08-21,206.5,212.0,206.0,210.5,17600
2025-08-22,210.5,215.0,210.5,211.5,11600
2025-08-25,223.5,226.0,214.5,217.5,105000
2025-08-26,218.0,218.5,215.5,216.0,9200
2025-08-27,220.0,226.5,217.5,219.5,23000
2025-08-28,226.5,229.0,222.5,225.0,28200
2025-08-29,227.5,240.0,227.5,240.0,61800
2025-09-01,240.0,244.5,232.0,241.5,95400
2025-09-02,243.0,244.0,230.0,231.0,93400
2025-09-03,234.5,234.5,230.0,233.5,19200
2025-09-04,231.0,233.5,229.0,231.5,17000
2025-09-05,235.0,241.0,234.5,240.0,15400
2025-09-08,240.0,243.5,240.0,243.5,29000
2025-09-09,244.5,244.5,238.0,240.0,28200
2025-09-10,240.0,263.0,240.0,242.0,379200
2025-09-11,241.0,243.0,237.5,239.5,61600
2025-09-12,239.5,242.0,239.0,239.5,21400
2025-09-16,240.0,242.5,240.0,241.0,26400
2025-09-17,242.0,243.5,240.0,243.0,22400
2025-09-18,242.0,247.5,242.0,247.5,17600
2025-09-19,247.5,248.5,245.0,245.0,22800
2025-09-22,249.0,249.0,246.0,246.5,28200
2025-09-24,247.5,252.0,244.0,252.0,52000
2025-09-25,253.0,253.5,248.0,252.5,70200
2025-09-26,252.0,254.5,241.0,242.0,133800
2025-09-29,227.5,235.0,225.0,226.5,116800
2025-09-30,223.5,240.5,219.5,235.5,52800
2025-10-01,235.5,235.5,223.0,224.0,35400
2025-10-02,227.5,232.0,220.5,222.5,21400
2025-10-03,226.5,226.5,221.0,226.0,16800
2025-10-06,229.5,231.5,226.5,227.0,14400
2025-10-07,229.5,229.5,226.5,228.0,11000
2025-10-08,227.5,230.0,227.5,227.5,8600
2025-10-09,228.0,228.0,225.5,225.5,4000
2025-10-10,221.5,223.5,221.5,222.5,6600
2025-10-14,219.5,222.5,219.0,220.0,10400
2025-10-15,220.0,227.0,220.0,224.5,1400
2025-10-16,227.0,227.0,224.0,224.5,1600
2025-10-17,222.0,222.0,219.5,221.0,13600
2025-10-20,222.5,225.0,219.0,225.0,14400
2025-10-21,224.0,225.0,224.0,225.0,5200
2025-10-22,221.0,226.0,220.0,226.0,16800
2025-10-23,222.0,222.5,222.0,222.0,9200
2025-10-24,222.0,222.0,220.0,221.5,1800
2025-10-27,218.5,224.5,218.5,219.5,24600
2025-10-28,219.0,220.5,218.0,220.0,9000
2025-10-29,220.0,223.0,219.0,222.0,11600
2025-10-30,220.0,223.5,220.0,223.0,7000
2025-10-31,224.0,224.5,222.0,223.5,3200
2025-11-04,224.5,229.0,221.5,224.5,14600
2025-11-05,225.0,229.5,222.5,222.5,8000
2025-11-06,222.5,224.0,221.5,224.0,2800
2025-11-07,222.5,225.0,220.0,224.0,13200
2025-11-10,224.5,231.5,223.0,231.5,25600
2025-11-11,231.5,232.0,228.0,232.0,5000
2025-11-12,228.0,235.5,228.0,235.0,21000
2025-11-13,239.5,240.5,236.0,240.5,19800
2025-11-14,239.0,240.0,238.0,240.0,4800
2025-11-17,240.0,245.0,237.5,240.5,43200
2025-11-18,240.0,240.5,236.0,240.5,19000
2025-11-19,241.0,241.0,237.0,241.0,11000
2025-11-20,241.5,245.5,237.0,240.5,27200
2025-11-21,240.5,259.0,239.5,250.0,60000
2025-11-25,246.0,253.5,246.0,250.5,10200
2025-11-26,252.5,258.5,252.5,258.5,22000
2025-11-27,260.0,260.5,251.5,259.5,24400
2025-11-28,257.0,262.0,251.5,262.0,20600
2025-12-01,262.5,267.5,262.0,267.5,25800
2025-12-02,267.5,299.5,267.5,278.0,75200
2025-12-03,289.5,305.5,286.5,302.5,109200
2025-12-04,300.0,300.0,262.5,275.5,117800
2025-12-05,274.5,275.5,265.0,269.5,10600
2025-12-08,269.5,281.0,265.0,279.5,43000
2025-12-09,274.5,274.5,238.0,247.5,190000
2025-12-10,256.5,256.5,246.0,253.5,35200
2025-12-11,251.0,256.5,251.0,252.5,13200
2025-12-12,253.0,259.5,247.0,255.5,39200
2025-12-15,252.0,265.0,252.0,255.0,19200
2025-12-16,255.0,264.0,255.0,262.0,23000
2025-12-17,260.5,268.0,259.0,262.5,26000
2025-12-18,260.0,269.5,260.0,262.0,10800
2025-12-19,262.0,263.5,259.0,262.5,16600
2025-12-22,262.5,266.0,260.5,260.5,6400
2025-12-23,261.0,262.0,261.0,262.0,2800
2025-12-24,267.0,287.0,262.0,269.0,90000
2025-12-25,269.0,315.0,269.0,270.0,265800
2025-12-26,271.0,277.5,271.0,273.0,28200
2025-12-29,273.5,298.0,272.0,297.5,103200
2025-12-30,296.5,297.5,285.0,286.5,17400
2026-01-05,286.5,286.5,280.0,280.5,19800
2026-01-06,281.5,284.0,278.5,279.5,7400
2026-01-07,280.0,292.5,280.0,290.5,31400
2026-01-08,291.0,293.5,290.0,291.0,10400
2026-01-09,291.0,295.0,291.0,291.5,5800
2026-01-13,298.5,307.5,297.5,304.5,53600
2026-01-14,305.0,308.0,300.0,305.5,24000
2026-01-15,310.0,310.0,303.5,306.0,36400
2026-01-16,306.5,306.5,304.0,304.5,25200
2026-01-19,304.5,306.5,303.0,303.5,23200
2026-01-20,302.5,302.5,299.0,299.0,8200
2026-01-21,298.5,308.0,298.0,301.0,18600
2026-01-22,302.0,305.0,300.0,300.0,13600
2026-01-23,300.0,305.0,299.0,300.0,16600
2026-01-26,304.0,304.0,298.5,298.5,29800
2026-01-27,298.5,299.5,298.5,299.5,19600
2026-01-28,299.0,300.5,299.0,300.5,8600
2026-01-29,299.0,301.5,299.0,301.0,16000
2026-01-30,300.5,302.5,297.5,301.0,9200
2026-02-02,301.0,302.0,300.5,300.5,3000
2026-02-03,300.0,301.0,297.0,299.0,16600
2026-02-04,298.5,302.0,297.0,297.0,4800
2026-02-05,300.0,300.0,298.5,298.5,1200
2026-02-06,298.5,300.5,298.0,299.5,5800
2026-02-09,300.0,300.0,300.0,300.0,1000
2026-02-10,301.0,301.0,298.5,298.5,1200
2026-02-12,298.5,298.5,293.5,298.0,10000
2026-02-13,293.0,302.0,293.0,298.5,6000
2026-02-16,299.0,306.5,299.0,306.0,21200
2026-02-17,304.5,310.5,304.5,310.5,20200
2026-02-18,310.5,310.5,305.5,307.5,3200
2026-02-19,310.0,310.0,310.0,310.0,1600
2026-02-20,305.5,311.5,305.5,311.5,3400
2026-02-24,301.5,308.5,300.0,300.0,14000
2026-02-25,310.0,310.0,303.0,304.0,7600
2026-02-26,312.5,313.5,312.5,313.5,6400
2026-02-27,308.5,313.0,308.5,308.5,13800
2026-03-02,308.5,309.5,300.0,301.5,17400
2026-03-03,303.5,307.5,302.5,306.0,8200
2026-03-04,303.0,336.5,299.0,313.0,152400
2026-03-05,313.0,313.0,300.0,301.5,19000
2026-03-06,301.5,304.5,300.5,303.5,4200
2026-03-09,304.0,305.0,297.5,299.5,22600
2026-03-10,299.5,301.0,298.5,301.0,4600
2026-03-11,302.5,309.5,297.5,309.0,14800
2026-03-12,304.0,307.5,304.0,306.5,3400
2026-03-13,301.5,306.0,301.5,306.0,3600
2026-03-16,302.0,310.0,302.0,309.5,17000
2026-03-17,309.5,310.0,305.0,305.0,13400
2026-03-18,309.0,309.0,302.5,303.5,8000
2026-03-19,307.0,307.0,302.0,302.0,6600
2026-03-23,301.5,302.5,299.0,299.0,13800
2026-03-24,299.0,308.0,294.0,297.5,24800
2026-03-25,297.5,300.0,295.0,297.5,5200
2026-03-26,297.5,297.5,290.0,292.0,29600
2026-03-27,290.0,300.5,290.0,292.5,35800
2026-03-30,257.0,271.5,257.0,263.0,60600
2026-03-31,263.0,268.5,260.0,268.5,8800
2026-04-01,271.0,271.0,255.5,259.5,22400
2026-04-02,257.5,266.5,257.5,262.0,17200
2026-04-03,267.5,268.5,265.0,268.5,1200
2026-04-06,263.5,266.5,259.0,264.0,7200
2026-04-07,263.5,268.5,263.5,268.5,400
2026-04-08,268.5,272.0,268.0,268.0,2200
2026-04-09,268.0,272.5,260.5,267.5,17200
2026-04-10,272.5,272.5,268.0,270.0,3800
2026-04-13,275.0,285.5,275.0,280.5,27400
2026-04-14,284.5,287.5,281.5,283.5,9000
2026-04-15,284.0,284.0,275.0,283.0,10600
2026-04-16,288.0,298.5,284.5,293.5,35800
2026-04-17,293.5,293.5,282.0,288.0,15800
2026-04-20,289.0,302.5,289.0,297.0,31200
2026-04-21,296.0,305.0,296.0,302.5,23600
2026-04-22,300.0,300.0,297.5,297.5,600
2026-04-23,299.0,304.0,297.0,300.5,28200
2026-04-24,297.5,324.5,297.5,317.5,47000
2026-04-27,320.0,320.0,298.5,312.5,13800
2026-04-28,307.5,307.5,302.5,304.5,3400
2026-04-30,304.0,304.0,280.0,291.5,9800
2026-05-01,288.0,297.5,288.0,297.5,12600
2026-05-07,302.5,310.0,276.0,281.0,64000
2026-05-08,278.0,279.0,275.0,275.5,14200
2026-05-11,280.5,282.5,278.0,278.5,2800
2026-05-12,278.5,292.0,277.0,292.0,5800
2026-05-13,292.0,292.0,292.0,292.0,0
2026-05-14,282.0,286.5,282.0,286.5,1600
2026-05-15,311.5,312.5,303.0,312.5,78800
2026-05-18,307.5,320.0,305.0,309.0,37200
2026-05-19,310.5,314.5,309.0,314.0,16800
2026-05-20,314.0,314.0,310.0,310.0,1000
2026-05-21,314.0,314.0,307.5,307.5,18600
2026-05-22,308.5,312.5,307.0,312.5,12600
2026-05-25,312.5,314.5,308.0,313.0,23400
2026-05-26,315.0,315.0,305.0,310.0,23800
2026-05-27,310.5,312.0,306.5,312.0,19200
2026-05-28,312.0,312.0,308.5,311.0,2400
2026-05-29,312.0,312.5,305.5,305.5,24400
2026-06-01,315.5,317.0,315.0,316.5,19800
2026-06-02,316.5,318.5,311.0,311.5,11800
2026-06-03,311.0,312.0,311.0,312.0,3200
2026-06-04,315.0,315.0,314.0,314.0,1800
2026-06-05,314.5,314.5,310.5,313.0,6400
2026-06-08,313.5,325.0,312.5,313.5,35600
2026-06-09,314.0,326.5,314.0,316.5,5600
2026-06-10,316.5,327.0,316.0,317.5,14600
2026-06-11,317.5,327.5,317.5,320.0,7600
2026-06-12,319.5,327.5,319.5,325.0,6400
2026-06-15,325.0,336.0,325.0,331.0,13600
2026-06-16,331.0,331.0,330.0,330.0,5200
2026-06-17,330.5,335.0,328.0,334.5,8000
2026-06-18,334.5,336.0,328.5,331.0,7000
2026-06-19,331.0,332.5,322.5,328.5,15600
2026-06-22,336.5,336.5,331.0,332.0,6400
2026-06-23,332.0,334.0,332.0,332.0,600
2026-06-24,334.0,334.0,331.5,334.0,7600
2026-06-25,335.0,335.0,334.0,335.0,16400
2026-06-26,336.5,339.0,335.0,338.5,8200
2026-06-29,332.0,343.0,302.0,331.0,54600
2026-06-30,339.0,350.0,332.0,345.0,25300
2026-07-01,350.0,350.0,333.0,333.0,17100
2026-07-02,329.0,329.0,319.0,326.0,32300
2026-07-03,321.0,330.0,317.0,319.0,21300
2026-07-06,319.0,324.0,313.0,320.0,26000
2026-07-07,336.0,358.0,331.0,342.0,70600
2026-07-08,340.0,341.0,339.0,341.0,16900
2026-07-09,349.0,349.0,342.0,345.0,7600
2026-07-10,349.0,360.0,344.0,360.0,18200
2026-07-13,370.0,397.0,366.0,388.0,42600
2026-07-14,388.0,395.0,379.0,395.0,20800
2026-07-15,397.0,399.0,381.0,399.0,17100
2026-07-16,400.0,404.0,384.0,390.0,18000
2026-07-17,391.0,416.0,386.0,395.0,27900
2026-07-21,411.0,411.0,396.0,402.0,16700
2026-07-22,413.0,417.0,411.0,417.0,15200
2026-07-23,419.0,425.0,419.0,425.0,4900
2026-07-24,425.0,425.0,416.0,419.0,14100
2026-07-27,417.0,418.0,406.0,407.0,17000
2026-07-28,407.0,425.0,407.0,410.0,13900
2026-07-29,410.0,412.0,407.0,407.0,17900
2026-07-30,411.0,411.0,406.0,410.0,6900
2026-07-31,406.0,411.0,402.0,402.0,10000
2026-08-03,413.0,413.0,401.0,406.0,9900
2026-08-04,403.0,405.0,401.0,402.0,11500
2026-08-05,401.0,411.0,400.0,410.0,19100
2026-08-06,403.0,409.0,403.0,409.0,8700
2026-08-07,409.0,418.0,406.0,418.0,15100
2026-08-10,405.0,408.0,405.0,407.0,23000
2026-08-12,402.0,408.0,401.0,402.0,12500
2026-08-13,402.0,410.0,402.0,403.0,22800
2026-08-14,403.0,403.0,385.0,393.0,45900
2026-08-17,386.0,386.0,370.0,381.0,54200
2026-08-18,358.0,380.0,358.0,380.0,27100
2026-08-19,372.0,375.0,362.0,372.0,10200
2026-08-20,367.0,384.0,367.0,384.0,6200
2026-08-21,385.0,388.0,384.0,387.0,14100
2026-08-24,388.0,388.0,385.0,385.0,8300
2026-08-25,381.0,388.0,376.0,376.0,26200
2026-08-26,384.0,385.0,380.0,382.0,10500
2026-08-27,385.0,390.0,385.0,387.0,12600
2026-08-28,390.0,399.0,390.0,390.0,21800
2026-08-31,392.0,402.0,392.0,402.0,13100
2026-09-01,405.0,405.0,398.0,402.0,14600
2026-09-02,397.0,403.0,397.0,397.0,24300
2026-09-03,399.0,403.0,396.0,396.0,15400
2026-09-04,404.0,406.0,397.0,404.0,10000
2026-09-07,404.0,408.0,401.0,402.0,19900
2026-09-08,405.0,409.0,399.0,405.0,20700
2026-09-09,403.0,408.0,403.0,403.0,20000
2026-09-10,403.0,408.0,400.0,400.0,18800
2026-09-11,406.0,406.0,400.0,405.0,13100
2026-09-14,406.0,406.0,403.0,406.0,10100
2026-09-15,406.0,410.0,400.0,403.0,14800
2026-09-16,406.0,409.0,406.0,409.0,7100
2026-09-17,408.0,410.0,408.0,408.0,17300
2026-09-18,410.0,413.0,409.0,413.0,9700
2026-09-24,397.0,411.0,395.0,410.0,67100
2026-09-25,407.0,412.0,402.0,403.0,27400
2026-09-28,403.0,415.0,402.0,412.0,55400
2026-09-29,375.0,379.0,362.0,370.0,81700
2026-09-30,378.0,378.0,368.0,372.0,16900
2026-10-01,370.0,376.0,367.0,376.0,10900
