Date,Open,High,Low,Close,Volume
2012-10-01,170.0,174.5,170.0,170.60000610351562,111000
2012-10-02,174.1999969482422,174.1999969482422,171.0,172.0,49000
2012-10-03,172.8000030517578,173.5,172.10000610351562,173.0,32000
2012-10-04,172.8000030517578,173.0,168.8000030517578,173.0,54000
2012-10-05,173.0,173.0,170.10000610351562,171.10000610351562,42000
2012-10-09,171.8000030517578,172.5,170.5,171.0,79000
2012-10-10,172.0,172.0,167.0,167.0,186000
2012-10-11,164.0,164.89999389648438,160.1999969482422,160.60000610351562,540000
2012-10-12,161.10000610351562,164.89999389648438,161.10000610351562,163.0,261000
2012-10-15,164.39999389648438,164.89999389648438,161.89999389648438,163.89999389648438,79000
2012-10-16,162.1999969482422,163.60000610351562,162.0,162.3000030517578,159000
2012-10-17,162.3000030517578,162.5,161.39999389648438,162.5,96000
2012-10-18,162.5,163.5,162.0,162.8000030517578,132000
2012-10-19,162.8000030517578,164.89999389648438,162.0,164.89999389648438,138000
2012-10-22,165.10000610351562,165.8000030517578,162.89999389648438,165.39999389648438,127000
2012-10-23,165.39999389648438,165.39999389648438,163.60000610351562,163.60000610351562,73000
2012-10-24,164.1999969482422,164.89999389648438,162.5,163.8000030517578,106000
2012-10-25,163.1999969482422,163.8000030517578,161.5,163.5,105000
2012-10-26,163.5,163.60000610351562,162.3000030517578,163.5,61000
2012-10-29,163.5,164.1999969482422,162.39999389648438,162.39999389648438,59000
2012-10-30,162.6999969482422,164.3000030517578,160.5,162.10000610351562,171000
2012-10-31,162.5,164.5,161.8000030517578,164.5,182000
2012-11-01,164.8000030517578,166.1999969482422,164.0,165.8000030517578,187000
2012-11-02,167.1999969482422,170.6999969482422,167.1999969482422,170.39999389648438,609000
2012-11-05,167.10000610351562,168.6999969482422,166.3000030517578,168.60000610351562,464000
2012-11-06,168.60000610351562,169.0,166.6999969482422,168.89999389648438,130000
2012-11-07,168.8000030517578,168.8000030517578,167.60000610351562,168.3000030517578,175000
2012-11-08,168.1999969482422,168.1999969482422,167.1999969482422,167.89999389648438,138000
2012-11-09,168.0,168.3000030517578,166.3000030517578,168.3000030517578,188000
2012-11-12,168.39999389648438,168.5,166.8000030517578,168.1999969482422,288000
2012-11-13,167.60000610351562,168.0,165.0,166.5,254000
2012-11-14,167.6999969482422,170.0,166.89999389648438,169.89999389648438,379000
2012-11-15,169.89999389648438,174.10000610351562,169.89999389648438,173.0,807000
2012-11-16,172.89999389648438,174.0,170.3000030517578,173.0,381000
2012-11-19,174.0,174.0,170.3000030517578,172.10000610351562,221000
2012-11-20,172.0,172.5,169.0,170.10000610351562,117000
2012-11-21,169.3000030517578,171.8000030517578,168.5,169.3000030517578,179000
2012-11-22,169.3000030517578,170.8000030517578,167.0,168.0,323000
2012-11-26,168.10000610351562,169.1999969482422,165.0,168.5,434000
2012-11-27,168.6999969482422,169.1999969482422,167.8000030517578,169.10000610351562,478000
2012-11-28,169.0,172.6999969482422,168.10000610351562,171.3000030517578,609000
2012-11-29,171.60000610351562,174.0,162.60000610351562,162.60000610351562,1911000
2012-11-30,164.6999969482422,166.8000030517578,164.0,166.3000030517578,585000
2012-12-03,167.0,169.6999969482422,167.0,167.10000610351562,353000
2012-12-04,168.1999969482422,169.0,165.10000610351562,167.39999389648438,217000
2012-12-05,167.10000610351562,167.10000610351562,165.10000610351562,165.10000610351562,148000
2012-12-06,167.6999969482422,167.8000030517578,165.8000030517578,167.1999969482422,211000
2012-12-07,167.0,167.0,165.60000610351562,166.5,101000
2012-12-10,167.8000030517578,167.8000030517578,165.89999389648438,166.8000030517578,116000
2012-12-11,166.8000030517578,166.89999389648438,165.60000610351562,166.60000610351562,160000
2012-12-12,167.0,167.10000610351562,165.60000610351562,166.39999389648438,218000
2012-12-13,167.5,171.5,167.0,170.0,476000
2012-12-14,170.0,171.0,168.0,168.3000030517578,266000
2012-12-17,169.0,171.5,169.0,170.5,269000
2012-12-18,170.5,171.39999389648438,169.0,170.5,306000
2012-12-19,171.5,177.89999389648438,170.5,176.89999389648438,747000
2012-12-20,177.0,179.5,175.5,177.0,796000
2012-12-21,177.5,178.89999389648438,175.6999969482422,176.5,586000
2012-12-25,179.10000610351562,184.0,179.0,183.0,929000
2012-12-26,186.6999969482422,192.6999969482422,186.0,191.8999938964844,985000
2012-12-27,194.3999938964844,195.8000030517578,192.1000061035156,193.8000030517578,693000
2012-12-28,194.1999969482422,220.1999969482422,193.8999938964844,212.6999969482422,1359000
2013-01-04,217.0,220.0,210.0,213.6000061035156,583000
2013-01-07,210.0,211.0,204.5,207.0,575000
2013-01-08,206.8999938964844,213.8999938964844,206.0,210.8999938964844,429000
2013-01-09,210.0,215.0,207.1000061035156,214.0,380000
2013-01-10,217.0,228.3999938964844,216.5,226.5,926000
2013-01-11,228.3999938964844,232.0,228.1000061035156,229.6999969482422,619000
2013-01-15,233.0,241.1999969482422,232.3000030517578,240.1999969482422,745000
2013-01-16,245.0,245.0,229.1000061035156,229.8000030517578,878000
2013-01-17,230.0,238.0,224.1999969482422,233.1999969482422,410000
2013-01-18,239.3000030517578,243.5,235.3999938964844,237.8999938964844,342000
2013-01-21,235.0,239.1000061035156,234.0,237.8000030517578,219000
2013-01-22,234.6000061035156,236.0,231.1999969482422,233.1000061035156,190000
2013-01-23,231.5,231.6000061035156,223.6000061035156,224.3000030517578,313000
2013-01-24,223.1999969482422,225.8999938964844,216.0,223.8000030517578,318000
2013-01-25,229.3999938964844,229.3999938964844,222.0,224.5,189000
2013-01-28,224.6000061035156,226.8000030517578,223.3999938964844,224.1000061035156,164000
2013-01-29,224.1000061035156,224.8999938964844,222.1999969482422,223.3999938964844,164000
2013-01-30,225.0,234.5,225.0,232.6000061035156,489000
2013-01-31,235.0,238.0,232.3000030517578,236.1999969482422,483000
2013-02-01,235.6999969482422,235.8999938964844,230.0,231.8999938964844,376000
2013-02-04,232.0,239.0,232.0,235.1999969482422,461000
2013-02-05,233.1000061035156,238.6999969482422,233.1000061035156,236.3000030517578,259000
2013-02-06,236.5,242.5,236.5,238.8000030517578,419000
2013-02-07,235.1000061035156,237.0,234.5,236.5,178000
2013-02-08,236.3999938964844,238.8999938964844,234.5,237.8000030517578,321000
2013-02-12,239.8999938964844,253.0,239.8000030517578,250.0,985000
2013-02-13,250.1000061035156,252.6999969482422,241.1999969482422,244.0,514000
2013-02-14,241.0,244.0,238.8000030517578,240.3999938964844,240000
2013-02-15,240.0,240.0,230.0,233.3999938964844,288000
2013-02-18,234.0,247.3999938964844,234.0,241.5,258000
2013-02-19,243.0,247.8999938964844,243.0,247.6000061035156,251000
2013-02-20,249.8999938964844,249.8999938964844,244.6000061035156,249.3999938964844,221000
2013-02-21,249.0,249.0,245.6999969482422,247.1999969482422,103000
2013-02-22,247.8000030517578,248.6000061035156,242.8999938964844,246.1000061035156,121000
2013-02-25,248.0,250.0,247.0,248.6000061035156,175000
2013-02-26,240.1999969482422,248.6000061035156,240.1999969482422,242.8000030517578,183000
2013-02-27,242.8000030517578,249.5,242.8000030517578,248.5,160000
2013-02-28,250.0,250.1999969482422,246.6000061035156,249.6999969482422,209000
2013-03-01,249.8999938964844,259.6000061035156,249.5,259.6000061035156,664000
2013-03-04,270.0,273.8999938964844,268.1000061035156,273.6000061035156,451000
2013-03-05,270.79998779296875,278.79998779296875,270.79998779296875,277.8999938964844,438000
2013-03-06,280.5,281.8999938964844,272.5,278.3999938964844,537000
2013-03-07,282.0,305.0,280.1000061035156,303.0,1222000
2013-03-08,296.0,301.5,293.1000061035156,295.0,658000
2013-03-11,296.0,345.0,296.0,324.5,960000
2013-03-12,324.5,326.5,304.0,307.0,632000
2013-03-13,306.5,316.5,306.5,310.0,375000
2013-03-14,307.5,313.5,303.5,305.0,333000
2013-03-15,302.5,344.0,302.5,327.0,875000
2013-03-18,320.0,332.0,318.0,329.5,341000
2013-03-19,331.5,345.0,330.0,340.0,503000
2013-03-21,345.0,349.5,336.0,345.0,336000
2013-03-22,345.0,349.5,340.0,343.0,281000
2013-03-25,350.0,364.5,337.0,347.5,321000
2013-03-26,341.0,354.0,341.0,349.5,289000
2013-03-27,349.5,352.0,345.0,348.5,236000
2013-03-28,353.0,353.0,343.0,346.5,175000
2013-03-29,342.0,345.0,320.0,325.5,639000
2013-04-01,322.0,325.0,301.5,302.0,463000
2013-04-02,300.5,332.5,284.8999938964844,324.5,548000
2013-04-03,312.0,340.0,312.0,340.0,477000
2013-04-04,323.5,349.5,323.5,349.0,451000
2013-04-05,350.0,373.0,348.0,355.0,750000
2013-04-08,362.0,368.5,354.0,368.0,381000
2013-04-09,369.5,369.5,356.0,361.5,395000
2013-04-10,360.0,361.0,348.0,351.5,451000
2013-04-11,360.0,360.0,348.0,354.5,223000
2013-04-12,350.0,354.0,340.5,346.5,418000
2013-04-15,353.0,368.0,348.0,360.0,554000
2013-04-16,350.0,361.5,348.0,356.5,386000
2013-04-17,382.0,387.0,371.0,373.0,600000
2013-04-18,370.0,385.5,369.0,381.0,411000
2013-04-19,398.5,443.0,398.0,406.5,1170000
2013-04-22,434.5,434.5,407.0,417.5,647000
2013-04-23,426.0,437.5,424.0,436.5,540000
2013-04-24,440.0,443.0,420.5,428.0,564000
2013-04-25,420.5,422.5,398.0,402.0,1100000
2013-04-26,407.5,421.0,407.5,419.5,964000
2013-04-30,426.5,440.0,424.0,432.0,598000
2013-05-01,438.0,438.0,417.0,423.0,498000
2013-05-02,424.0,447.5,423.5,444.5,765000
2013-05-07,445.0,463.0,444.0,454.5,651000
2013-05-08,448.5,459.0,441.0,452.0,354000
2013-05-09,450.0,452.5,435.5,437.5,249000
2013-05-10,444.5,446.5,428.5,431.0,302000
2013-05-13,434.0,438.5,425.5,427.0,234000
2013-05-14,420.5,430.0,420.5,429.5,254000
2013-05-15,436.5,445.0,425.0,427.5,600000
2013-05-16,422.5,442.5,410.0,424.5,811000
2013-05-17,410.5,454.0,410.5,444.5,821000
2013-05-20,450.0,455.5,445.0,446.5,336000
2013-05-21,440.0,440.0,427.0,432.0,291000
2013-05-22,428.0,438.5,422.0,433.0,230000
2013-05-23,426.5,436.5,374.5,380.5,1182000
2013-05-24,380.5,417.0,373.5,385.5,377000
2013-05-27,371.5,374.0,361.0,368.5,446000
2013-05-28,374.5,382.0,351.0,378.0,441000
2013-05-29,383.0,392.0,378.5,386.5,229000
2013-05-30,380.5,384.0,369.0,384.0,170000
2013-05-31,383.5,387.0,363.5,370.0,221000
2013-06-03,358.0,368.0,357.0,359.0,154000
2013-06-04,351.5,365.5,334.0,354.0,261000
2013-06-05,353.5,369.5,343.5,346.5,288000
2013-06-06,374.5,376.0,354.5,355.0,601000
2013-06-07,341.0,347.5,316.5,335.0,470000
2013-06-10,344.5,365.0,344.5,362.5,293000
2013-06-11,363.0,375.5,362.5,366.5,185000
2013-06-12,366.0,374.0,356.0,373.0,178000
2013-06-13,367.0,372.0,360.0,363.5,184000
2013-06-14,372.5,374.5,362.0,362.5,196000
2013-06-17,369.5,387.5,368.5,386.0,241000
2013-06-18,397.5,403.5,386.5,398.0,491000
2013-06-19,410.0,411.5,392.0,401.5,239000
2013-06-20,401.5,401.5,390.0,390.5,116000
2013-06-21,380.0,401.0,377.0,398.0,156000
2013-06-24,399.0,409.0,395.0,397.0,214000
2013-06-25,401.0,411.5,399.0,408.0,250000
2013-06-26,413.0,415.0,395.0,396.0,208000
2013-06-27,395.0,430.0,392.0,430.0,396000
2013-06-28,426.0,457.0,412.0,449.0,348200
2013-07-01,472.5,488.5,459.0,478.5,557600
2013-07-02,488.5,498.5,457.5,476.0,365800
2013-07-03,475.0,477.5,460.5,471.5,250000
2013-07-04,471.0,472.0,457.5,461.5,196400
2013-07-05,460.0,462.5,450.0,462.5,253600
2013-07-08,461.5,480.0,460.0,469.5,225600
2013-07-09,470.0,475.0,467.0,471.0,130200
2013-07-10,465.0,470.0,458.5,461.5,94800
2013-07-11,459.5,465.0,450.5,461.0,117200
2013-07-12,467.5,475.0,465.0,470.0,141800
2013-07-16,477.0,477.0,458.0,458.0,173800
2013-07-17,456.0,460.0,452.5,455.0,116200
2013-07-18,455.0,455.5,450.5,450.5,1116000
2013-07-19,451.0,457.5,447.5,449.0,256400
2013-07-22,454.0,468.0,451.0,467.0,201000
2013-07-23,475.0,490.0,472.5,489.5,340200
2013-07-24,487.5,488.5,478.0,486.5,129200
2013-07-25,479.0,489.0,479.0,485.5,252200
2013-07-26,486.0,489.0,475.0,478.0,189400
2013-07-29,465.0,465.5,440.0,451.5,395000
2013-07-30,450.0,485.0,450.0,483.0,265200
2013-07-31,475.0,475.0,442.5,445.5,287000
2013-08-01,446.0,449.5,433.5,444.5,236600
2013-08-02,463.0,483.5,458.5,472.5,328400
2013-08-05,456.0,472.0,456.0,468.0,67800
2013-08-06,472.0,510.0,470.0,497.0,988800
2013-08-07,497.5,565.0,492.5,533.0,1203000
2013-08-08,503.0,533.0,491.0,494.0,597000
2013-08-09,499.5,508.5,475.0,478.5,356000
2013-08-12,478.5,487.0,466.0,469.0,195200
2013-08-13,476.5,500.0,473.0,490.0,345400
2013-08-14,500.0,517.5,496.0,513.5,261400
2013-08-15,499.0,510.5,487.0,491.0,264000
2013-08-16,485.0,489.5,482.0,483.5,141000
2013-08-19,490.5,497.5,481.0,486.5,84600
2013-08-20,487.0,488.5,460.0,474.0,253400
2013-08-21,469.0,486.5,468.5,473.5,81800
2013-08-22,467.5,474.0,461.0,466.0,140600
2013-08-23,472.5,479.5,468.5,472.0,116600
2013-08-26,475.5,499.5,474.5,498.0,253000
2013-08-27,500.0,519.5,497.0,512.0,388400
2013-08-28,495.0,510.5,492.5,506.0,176600
2013-08-29,506.5,507.5,485.5,496.5,174000
2013-08-30,503.0,522.0,502.0,517.5,307400
2013-09-02,524.0,543.5,507.5,541.0,454200
2013-09-03,545.0,560.0,531.0,534.0,505400
2013-09-04,548.0,575.0,539.5,567.0,672200
2013-09-05,562.5,612.0,560.0,577.5,1160200
2013-09-06,570.0,577.5,532.5,544.5,795800
2013-09-09,592.0,628.0,592.0,609.0,955400
2013-09-10,640.0,691.5,629.0,653.5,943400
2013-09-11,677.5,677.5,630.5,660.5,640000
2013-09-12,651.0,672.5,645.0,654.5,284000
2013-09-13,670.0,675.0,645.0,662.0,450400
2013-09-17,675.0,690.0,662.0,663.0,520800
2013-09-18,655.5,657.5,633.5,637.0,464400
2013-09-19,646.5,653.5,639.0,650.0,343600
2013-09-20,652.5,655.0,632.5,638.0,220600
2013-09-24,632.5,640.0,626.0,639.5,179600
2013-09-25,633.0,636.0,575.5,609.5,460200
2013-09-26,596.0,651.5,596.0,644.5,285000
2013-09-27,650.0,650.0,635.0,640.5,201800
2013-09-30,635.0,645.0,628.0,641.5,141400
2013-10-01,632.0,635.0,613.0,615.5,194200
2013-10-02,615.0,624.5,601.5,604.5,229600
2013-10-03,590.0,609.0,576.5,595.0,395200
2013-10-04,594.5,599.0,575.0,575.5,206600
2013-10-07,575.0,575.0,542.5,552.5,227200
2013-10-08,540.5,565.0,537.5,562.0,133000
2013-10-09,552.0,581.5,552.0,581.5,108800
2013-10-10,596.5,596.5,577.5,583.5,163000
2013-10-11,596.5,598.5,576.0,580.5,205200
2013-10-15,595.5,607.0,590.5,606.5,237200
2013-10-16,605.0,606.0,587.5,593.5,169200
2013-10-17,606.0,607.5,591.5,597.0,134600
2013-10-18,595.0,602.5,588.0,602.5,181800
2013-10-21,605.0,639.5,602.5,635.0,392600
2013-10-22,637.5,643.5,630.5,634.5,254600
2013-10-23,637.5,650.0,622.0,626.5,358200
2013-10-24,620.0,620.0,605.0,616.0,219600
2013-10-25,625.0,627.5,613.0,614.5,219200
2013-10-28,619.0,627.5,608.5,624.5,187600
2013-10-29,620.5,639.0,614.5,634.0,255000
2013-10-30,640.0,642.5,611.5,612.5,349600
2013-10-31,613.0,635.0,610.0,618.0,293200
2013-11-01,606.5,624.5,597.0,620.0,256600
2013-11-05,567.5,602.0,562.5,599.5,682400
2013-11-06,608.5,610.5,574.0,584.0,436000
2013-11-07,599.0,599.0,550.0,557.5,561600
2013-11-08,550.0,572.0,544.5,560.5,362800
2013-11-11,570.0,570.0,526.0,533.5,396800
2013-11-12,526.0,552.0,525.5,551.0,333200
2013-11-13,566.0,600.0,555.0,597.5,703000
2013-11-14,603.0,646.5,601.5,644.5,1278400
2013-11-15,634.5,644.0,620.5,639.5,361400
2013-11-18,642.5,642.5,621.0,622.5,157400
2013-11-19,614.0,620.0,605.5,609.0,223800
2013-11-20,608.0,639.5,607.0,626.5,424400
2013-11-21,635.0,641.5,626.5,633.0,197200
2013-11-22,639.0,639.0,611.5,619.0,338800
2013-11-25,619.5,620.0,605.5,608.5,170200
2013-11-26,605.0,626.5,595.0,626.5,439200
2013-11-27,611.5,628.0,611.0,612.5,172000
2013-11-28,615.0,624.0,610.5,620.0,115200
2013-11-29,623.0,625.0,620.0,623.0,177000
2013-12-02,618.5,624.5,612.5,612.5,103200
2013-12-03,612.0,617.5,602.5,603.5,159800
2013-12-04,600.0,609.5,591.0,593.5,198000
2013-12-05,600.0,600.0,583.0,590.0,131800
2013-12-06,600.0,600.0,580.0,585.5,142600
2013-12-09,585.0,590.0,581.5,586.5,85800
2013-12-10,581.5,583.0,567.5,571.0,139200
2013-12-11,564.0,564.0,554.5,558.5,185200
2013-12-12,559.0,592.0,559.0,589.0,348400
2013-12-13,595.5,595.5,565.5,582.0,300600
2013-12-16,575.0,575.0,557.5,558.5,131600
2013-12-17,557.0,569.0,552.5,558.0,113400
2013-12-18,554.0,569.5,554.0,558.5,234000
2013-12-19,568.0,574.5,561.5,564.5,169800
2013-12-20,572.5,573.5,557.5,563.5,293000
2013-12-24,561.5,565.0,545.0,546.0,312600
2013-12-25,540.5,559.0,540.5,559.0,319600
2013-12-26,570.0,604.0,567.5,598.5,304400
2013-12-27,595.0,611.5,595.0,611.0,222000
2013-12-30,614.5,621.0,611.0,620.0,154800
2014-01-06,620.0,626.5,605.0,616.5,174200
2014-01-07,616.5,619.0,597.0,601.0,151800
2014-01-08,600.0,612.5,596.0,610.0,111000
2014-01-09,606.0,609.5,597.0,606.0,79000
2014-01-10,600.0,611.5,595.5,610.0,91600
2014-01-14,596.5,605.0,590.0,590.5,93800
2014-01-15,596.0,617.0,596.0,617.0,148600
2014-01-16,625.0,625.0,608.5,612.5,110200
2014-01-17,620.0,624.5,612.0,619.0,182600
2014-01-20,624.5,624.5,607.0,620.0,96400
2014-01-21,627.0,628.0,617.5,626.5,163800
2014-01-22,626.5,626.5,608.5,620.5,71200
2014-01-23,610.0,619.5,606.0,607.5,128200
2014-01-24,601.0,622.0,598.5,605.5,220600
2014-01-27,592.0,605.5,587.5,591.5,189000
2014-01-28,610.0,624.5,605.5,620.0,238400
2014-01-29,625.0,666.0,624.0,664.0,715800
2014-01-30,653.5,653.5,617.0,622.5,322200
2014-01-31,650.0,652.5,609.0,624.0,204000
2014-02-03,655.0,686.0,641.5,681.0,1045800
2014-02-04,650.0,675.0,597.5,606.5,843600
2014-02-05,627.5,634.5,604.5,620.5,394800
2014-02-06,631.0,647.5,627.0,637.0,342800
2014-02-07,642.5,678.0,637.0,674.0,477600
2014-02-10,678.0,681.5,657.0,659.5,383400
2014-02-12,671.5,699.5,669.0,675.0,486800
2014-02-13,670.0,706.5,670.0,687.5,406800
2014-02-14,687.5,705.0,655.5,696.0,447600
2014-02-17,700.0,717.5,680.5,708.5,562600
2014-02-18,717.5,748.0,705.5,738.0,430400
2014-02-19,736.5,767.5,717.0,726.0,466600
2014-02-20,720.0,745.0,705.0,717.5,273400
2014-02-21,747.5,760.0,729.0,748.0,312000
2014-02-24,754.0,770.0,735.0,747.0,221600
2014-02-25,754.0,757.0,735.0,739.5,178800
2014-02-26,744.5,750.0,735.0,738.5,124800
2014-02-27,738.5,740.0,725.5,726.5,161800
2014-02-28,725.5,739.0,706.5,725.0,344400
2014-03-03,718.5,718.5,695.0,705.5,232200
2014-03-04,699.0,737.5,695.5,733.0,209600
2014-03-05,740.0,753.5,726.0,747.0,205400
2014-03-06,735.5,762.5,725.0,748.0,303800
2014-03-07,755.0,762.5,745.5,758.0,185600
2014-03-10,764.5,804.5,761.5,794.5,418200
2014-03-11,806.5,822.5,790.0,799.5,287800
2014-03-12,780.0,796.5,770.0,773.5,259000
2014-03-13,768.0,785.0,760.0,775.0,153000
2014-03-14,762.5,776.0,753.5,754.5,252600
2014-03-17,754.5,779.0,743.0,744.5,264200
2014-03-18,764.5,793.5,763.5,789.0,247000
2014-03-19,789.0,790.0,766.0,771.5,334800
2014-03-20,766.5,781.5,746.5,770.0,254600
2014-03-24,799.5,837.5,792.0,825.5,509200
2014-03-25,808.0,859.5,808.0,832.5,419600
2014-03-26,830.5,848.0,815.0,837.0,414200
2014-03-27,829.0,837.0,801.5,828.5,290600
2014-03-28,837.5,847.5,825.5,844.5,168800
2014-03-31,851.0,856.5,829.0,848.0,232400
2014-04-01,862.0,862.5,822.5,828.5,448400
2014-04-02,832.5,836.5,806.5,807.5,483200
2014-04-03,802.0,830.0,798.0,805.5,434000
2014-04-04,807.5,824.0,801.0,815.5,200800
2014-04-07,802.5,810.5,791.0,792.0,205600
2014-04-08,792.0,792.5,776.0,776.5,255200
2014-04-09,753.0,764.5,714.0,733.5,586000
2014-04-10,745.0,760.0,732.5,734.5,412000
2014-04-11,706.0,710.0,699.5,704.5,564200
2014-04-14,689.5,734.5,689.5,701.0,366400
2014-04-15,701.0,736.0,700.0,712.0,353400
2014-04-16,718.0,775.0,717.0,762.0,477800
2014-04-17,773.5,789.5,756.0,771.5,443400
2014-04-18,783.5,800.0,763.0,794.0,538600
2014-04-21,802.5,835.0,791.0,794.0,410000
2014-04-22,789.0,804.0,770.0,772.5,356200
2014-04-23,775.0,790.0,744.5,757.0,352600
2014-04-24,751.0,775.0,742.5,773.5,271000
2014-04-25,772.0,803.0,751.0,792.0,535000
2014-04-28,780.0,803.0,765.0,796.0,691000
2014-04-30,804.0,804.0,748.0,760.0,536200
2014-05-01,725.0,775.0,699.5,751.0,1094600
2014-05-02,743.5,759.5,737.5,752.0,314000
2014-05-07,732.0,748.5,717.5,742.5,380200
2014-05-08,730.0,734.5,718.0,727.0,273600
2014-05-09,719.5,731.0,716.5,721.5,232800
2014-05-12,715.0,719.0,692.5,693.5,316400
2014-05-13,705.0,718.5,698.0,703.5,239800
2014-05-14,712.0,712.5,696.5,703.0,195400
2014-05-15,698.0,712.5,691.5,711.5,205200
2014-05-16,695.0,700.5,683.5,691.5,254800
2014-05-19,678.0,681.0,665.5,667.0,204600
2014-05-20,662.5,672.5,638.5,664.5,503600
2014-05-21,660.0,665.5,648.5,660.5,202800
2014-05-22,680.0,680.0,661.0,666.0,235800
2014-05-23,667.0,678.0,657.5,669.0,195200
2014-05-26,670.0,698.5,670.0,696.5,182200
2014-05-27,697.5,730.0,697.5,717.0,276800
2014-05-28,722.5,722.5,695.0,695.5,231200
2014-05-29,690.5,715.0,690.5,709.5,141400
2014-05-30,713.0,716.5,701.0,707.5,233600
2014-06-02,662.5,670.5,650.5,659.5,941200
2014-06-03,655.0,659.0,651.5,653.5,646200
2014-06-04,652.5,657.5,646.5,650.5,397400
2014-06-05,650.5,651.0,631.5,640.0,537800
2014-06-06,640.0,652.0,633.0,646.5,531400
2014-06-09,639.5,640.0,624.5,629.0,1198200
2014-06-10,625.0,645.0,623.5,625.5,990200
2014-06-11,625.5,628.5,620.0,625.5,417200
2014-06-12,620.0,626.5,616.5,623.0,463200
2014-06-13,616.5,625.0,616.0,623.0,402200
2014-06-16,619.5,628.5,615.5,621.0,553600
2014-06-17,628.5,640.5,620.5,638.0,1932400
2014-06-18,649.0,652.0,630.0,643.0,1183000
2014-06-19,643.5,646.5,635.5,642.0,884800
2014-06-20,636.5,640.5,626.0,632.0,653400
2014-06-23,643.5,643.5,625.5,627.5,345400
2014-06-24,627.5,632.0,621.0,630.5,334800
2014-06-25,632.0,634.5,626.5,627.5,284200
2014-06-26,627.5,629.0,620.0,622.5,275000
2014-06-27,624.0,624.0,615.5,623.0,287600
2014-06-30,621.5,641.0,620.5,637.0,554400
2014-07-01,640.0,640.0,629.0,633.5,264400
2014-07-02,637.5,637.5,628.5,630.0,291400
2014-07-03,633.5,633.5,623.5,627.5,246000
2014-07-04,629.5,629.5,620.0,623.0,313800
2014-07-07,626.5,630.0,621.5,625.0,217800
2014-07-08,629.5,633.5,623.5,633.0,327800
2014-07-09,630.0,642.5,628.0,640.0,557800
2014-07-10,640.0,641.5,621.0,622.0,553000
2014-07-11,620.0,626.5,617.0,623.5,230600
2014-07-14,622.5,625.0,617.5,622.5,230000
2014-07-15,623.5,627.0,619.0,620.5,224200
2014-07-16,620.5,626.5,618.5,619.0,194600
2014-07-17,619.0,620.0,607.5,610.5,421000
2014-07-18,601.0,623.5,601.0,623.5,272200
2014-07-22,631.5,639.5,628.5,636.5,447200
2014-07-23,638.0,639.0,630.5,634.5,291400
2014-07-24,637.5,651.0,635.0,648.5,603200
2014-07-25,649.5,664.5,645.0,663.5,696800
2014-07-28,648.5,649.5,633.0,638.0,1110200
2014-07-29,630.0,637.0,615.5,620.5,1231800
2014-07-30,620.0,626.0,618.5,625.5,455800
2014-07-31,623.5,629.0,621.0,622.0,466400
2014-08-01,618.0,620.0,612.0,614.5,582000
2014-08-04,616.0,616.0,610.0,612.0,303000
2014-08-05,613.0,617.5,609.0,611.5,370800
2014-08-06,609.5,613.5,606.5,611.0,284000
2014-08-07,613.0,613.0,598.0,604.0,267800
2014-08-08,598.0,600.0,577.5,581.5,399000
2014-08-11,584.5,599.5,584.5,595.5,229800
2014-08-12,601.5,610.0,601.5,605.5,226200
2014-08-13,602.5,611.0,596.0,605.0,245200
2014-08-14,609.5,621.5,605.5,615.5,226800
2014-08-15,615.0,624.0,610.5,624.0,232400
2014-08-18,625.5,638.5,620.5,629.5,318400
2014-08-19,633.5,637.5,621.5,623.0,176400
2014-08-20,625.0,627.5,618.5,618.5,180400
2014-08-21,618.5,620.0,615.0,618.5,133800
2014-08-22,616.0,617.5,609.0,611.5,176600
2014-08-25,618.0,618.0,610.0,612.0,113000
2014-08-26,610.5,639.5,610.5,637.0,459800
2014-08-27,645.0,653.5,634.5,652.0,632600
2014-08-28,655.0,657.0,645.5,649.0,413800
2014-08-29,645.5,659.5,643.5,656.0,563200
2014-09-01,660.0,675.5,657.0,675.0,855000
2014-09-02,683.5,710.0,683.5,696.0,1741600
2014-09-03,692.5,715.0,691.5,709.0,867600
2014-09-04,714.5,714.5,693.0,698.0,576400
2014-09-05,698.0,709.5,675.5,702.0,546200
2014-09-08,706.0,712.0,698.0,708.0,364000
2014-09-09,708.0,710.5,694.0,694.5,271800
2014-09-10,694.5,700.0,681.5,687.5,390400
2014-09-11,696.0,697.0,679.0,683.5,234000
2014-09-12,684.0,684.0,663.5,672.0,304600
2014-09-16,669.0,672.0,661.0,668.5,268200
2014-09-17,665.0,670.0,656.5,656.5,184800
2014-09-18,656.5,665.0,655.0,660.5,201600
2014-09-19,663.0,712.0,660.0,675.5,662600
2014-09-22,680.5,693.5,670.5,675.0,215600
2014-09-24,675.0,681.0,672.5,673.5,159600
2014-09-25,673.5,677.5,673.0,676.5,136800
2014-09-26,685.0,694.5,677.5,687.0,243200
2014-09-29,691.0,691.5,681.5,688.5,179000
2014-09-30,685.0,687.5,671.0,680.5,206000
2014-10-01,665.5,670.5,650.5,652.0,337400
2014-10-02,637.0,639.5,620.5,622.5,385800
2014-10-03,620.0,636.5,620.0,633.0,213000
2014-10-06,644.0,645.5,635.0,641.0,159600
2014-10-07,649.5,649.5,636.5,638.0,210600
2014-10-08,625.0,639.5,620.0,636.5,139000
2014-10-09,637.0,639.5,617.5,617.5,182000
2014-10-10,604.5,618.0,603.0,612.0,237600
2014-10-14,600.5,604.0,589.5,597.0,289800
2014-10-15,601.0,610.5,595.0,600.5,147600
2014-10-16,585.0,600.0,585.0,593.0,222000
2014-10-17,590.5,605.0,580.5,584.0,207800
2014-10-20,629.0,629.0,614.0,620.0,187000
2014-10-21,623.5,626.5,615.0,620.0,182400
2014-10-22,630.0,656.5,630.0,656.5,315800
2014-10-23,656.5,656.5,633.0,633.0,218800
2014-10-24,651.5,652.5,643.0,649.0,144600
2014-10-27,652.5,653.0,643.5,645.5,113800
2014-10-28,645.0,649.5,638.5,643.5,95600
2014-10-29,649.5,657.5,647.0,649.0,94600
2014-10-30,646.5,652.0,637.0,649.0,132400
2014-10-31,654.5,701.5,646.0,669.5,448600
2014-11-04,687.5,687.5,637.0,637.0,512000
2014-11-05,628.0,633.5,611.5,618.5,506800
2014-11-06,618.5,624.5,596.0,599.0,462400
2014-11-07,600.0,610.5,600.0,606.0,260000
2014-11-10,608.0,610.5,602.0,607.0,128400
2014-11-11,615.0,617.5,606.5,615.5,184400
2014-11-12,611.0,614.5,601.5,601.5,199800
2014-11-13,601.5,608.0,597.5,606.0,147600
2014-11-14,624.5,625.0,607.0,614.5,206400
2014-11-17,617.5,617.5,603.0,604.5,143800
2014-11-18,611.0,620.0,605.5,611.5,291200
2014-11-19,612.0,621.5,610.0,619.5,179000
2014-11-20,622.5,629.0,618.5,626.0,121600
2014-11-21,629.0,637.0,621.5,635.5,255000
2014-11-25,636.0,639.0,616.0,619.0,240000
2014-11-26,615.0,616.0,604.0,605.0,345600
2014-11-27,605.0,610.0,601.0,601.0,292800
2014-11-28,608.0,628.5,606.5,627.5,563000
2014-12-01,623.5,627.5,622.5,627.5,113600
2014-12-02,628.0,634.0,622.5,631.5,134400
2014-12-03,629.5,644.0,628.0,632.0,265800
2014-12-04,634.0,638.5,630.0,634.0,122000
2014-12-05,625.5,634.0,623.0,629.5,237400
2014-12-08,644.5,644.5,627.5,630.0,189400
2014-12-09,624.0,635.0,624.0,630.5,133400
2014-12-10,627.5,627.5,618.5,624.0,177000
2014-12-11,612.5,630.0,611.5,628.0,193400
2014-12-12,625.5,642.0,613.5,614.0,275200
2014-12-15,625.0,625.0,614.5,614.5,98200
2014-12-16,612.5,622.5,611.0,617.5,168600
2014-12-17,617.5,629.5,614.0,617.5,138000
2014-12-18,625.0,638.5,621.5,624.0,221600
2014-12-19,630.0,632.5,614.5,617.5,187800
2014-12-22,617.0,618.0,605.5,609.0,205400
2014-12-24,605.0,616.5,605.0,608.5,187000
2014-12-25,606.5,613.0,600.0,606.0,204800
2014-12-26,606.0,611.5,603.0,607.5,149200
2014-12-29,611.0,624.0,608.5,621.5,199400
2014-12-30,623.0,623.0,614.5,616.5,82000
2015-01-05,621.5,621.5,608.5,616.5,89600
2015-01-06,610.0,610.5,604.5,605.0,152400
2015-01-07,601.5,604.0,595.5,597.5,209800
2015-01-08,600.5,603.5,595.0,596.0,197800
2015-01-09,600.0,601.5,577.5,580.0,367800
2015-01-13,582.0,594.5,580.0,593.5,277800
2015-01-14,584.5,593.0,581.0,584.0,85400
2015-01-15,581.0,588.0,575.0,586.5,174200
2015-01-16,576.5,582.5,555.0,573.5,420400
2015-01-19,577.5,579.0,566.5,568.5,113800
2015-01-20,561.0,571.0,558.5,564.5,266600
2015-01-21,564.0,580.0,563.0,577.5,225000
2015-01-22,569.5,572.5,562.0,570.0,94600
2015-01-23,570.0,590.5,567.0,586.0,188400
2015-01-26,575.0,582.5,575.0,578.0,102000
2015-01-27,583.5,588.5,574.5,577.5,133800
2015-01-28,569.0,582.5,567.0,580.0,159800
2015-01-29,575.0,582.5,573.0,574.0,116000
2015-01-30,574.5,575.5,558.0,568.5,212200
2015-02-02,512.0,547.5,502.5,537.0,530200
2015-02-03,530.5,535.0,513.5,517.5,349800
2015-02-04,525.5,543.0,522.0,530.5,287400
2015-02-05,525.5,532.5,515.0,521.5,189800
2015-02-06,522.5,534.5,517.5,521.0,221600
2015-02-09,520.5,530.5,520.5,522.5,186600
2015-02-10,517.5,528.5,514.0,516.5,241000
2015-02-12,516.5,524.5,512.5,513.5,310600
2015-02-13,510.0,512.0,503.5,507.5,442400
2015-02-16,507.5,512.5,503.5,505.0,378800
2015-02-17,504.0,521.5,504.0,517.5,434600
2015-02-18,521.5,522.5,505.5,508.0,398800
2015-02-19,510.0,517.0,508.5,513.5,228000
2015-02-20,515.0,522.5,515.0,521.5,302600
2015-02-23,521.5,521.5,511.5,515.0,269400
2015-02-24,515.0,522.5,515.0,519.5,320600
2015-02-25,520.0,526.0,518.0,520.0,299600
2015-02-26,520.5,528.0,517.5,527.0,338800
2015-02-27,530.0,544.0,530.0,539.0,661800
2015-03-02,534.5,540.0,526.5,537.0,410800
2015-03-03,540.5,544.0,528.5,531.5,437400
2015-03-04,525.0,526.0,510.0,511.0,647800
2015-03-05,518.0,519.0,503.0,506.0,720200
2015-03-06,510.0,511.0,505.5,508.5,243800
2015-03-09,505.0,507.5,503.0,504.0,267800
2015-03-10,505.5,509.0,503.5,505.5,248200
2015-03-11,502.5,508.0,501.0,504.0,254000
2015-03-12,504.5,508.0,502.5,504.5,487800
2015-03-13,504.0,510.5,503.5,506.0,323600
2015-03-16,508.0,521.0,508.0,518.0,321400
2015-03-17,526.0,527.0,520.0,523.0,335400
2015-03-18,525.0,530.0,513.5,516.5,254400
2015-03-19,521.5,521.5,509.0,518.0,253800
2015-03-20,524.5,524.5,519.0,521.5,211600
2015-03-23,525.0,533.5,523.5,529.5,443400
2015-03-24,530.5,532.5,524.0,531.0,386800
2015-03-25,529.5,551.5,526.0,546.0,512600
2015-03-26,550.5,553.5,544.0,547.5,280400
2015-03-27,538.0,545.0,521.0,526.5,248600
2015-03-30,525.0,526.5,512.5,519.5,295400
2015-03-31,528.0,531.0,523.0,524.5,260200
2015-04-01,530.0,537.5,526.5,530.5,408800
2015-04-02,531.0,542.5,528.0,537.5,287400
2015-04-03,537.5,541.0,531.5,540.0,139800
2015-04-06,542.0,542.0,533.5,536.5,107200
2015-04-07,542.5,557.0,542.5,557.0,378400
2015-04-08,557.0,564.5,550.5,553.5,261000
2015-04-09,563.5,564.5,555.5,558.5,199600
2015-04-10,550.5,555.5,536.0,552.0,322000
2015-04-13,552.0,558.5,542.0,544.5,310800
2015-04-14,558.0,579.0,554.5,577.5,602600
2015-04-15,575.0,583.0,565.5,579.0,364800
2015-04-16,575.0,585.5,573.0,585.5,208200
2015-04-17,583.5,586.5,579.0,581.5,264800
2015-04-20,575.5,586.0,568.5,581.0,204000
2015-04-21,579.0,583.0,564.0,570.5,264400
2015-04-22,568.5,573.0,566.5,570.5,214000
2015-04-23,570.5,576.5,570.5,574.0,108400
2015-04-24,571.0,573.5,568.5,570.5,150000
2015-04-27,570.0,570.5,562.5,567.0,182600
2015-04-28,561.5,569.0,557.5,559.0,531000
2015-04-30,556.0,570.5,555.0,563.5,269400
2015-05-01,555.0,555.0,527.0,533.0,677800
2015-05-07,529.0,532.0,518.5,520.0,358200
2015-05-08,525.0,535.5,523.5,533.0,199400
2015-05-11,538.0,538.5,527.5,528.5,174000
2015-05-12,528.0,530.5,520.5,528.5,178800
2015-05-13,528.5,532.0,525.0,530.0,147000
2015-05-14,533.5,538.0,530.0,531.0,130200
2015-05-15,534.0,534.0,521.0,522.0,208800
2015-05-18,521.5,531.5,521.5,529.0,162600
2015-05-19,529.0,532.0,522.5,524.0,171400
2015-05-20,525.0,529.5,521.0,524.5,230000
2015-05-21,526.5,529.0,524.5,527.0,115000
2015-05-22,527.5,532.0,524.5,528.5,146200
2015-05-25,532.0,536.5,529.0,534.0,196400
2015-05-26,535.0,537.5,528.5,531.0,172000
2015-05-27,531.0,532.5,527.5,530.0,71400
2015-05-28,530.0,531.0,516.0,519.5,390000
2015-05-29,518.0,522.0,515.0,519.5,234200
2015-06-01,516.0,520.0,514.0,515.0,183000
2015-06-02,514.5,520.0,511.0,518.0,223200
2015-06-03,512.5,529.0,510.0,528.5,414600
2015-06-04,528.5,529.0,522.0,523.0,136200
2015-06-05,521.0,526.0,517.5,523.5,116600
2015-06-08,525.5,525.5,521.5,522.5,108600
2015-06-09,521.5,522.5,511.0,513.0,274400
2015-06-10,511.0,516.5,510.5,513.0,184000
2015-06-11,515.0,530.5,513.5,528.0,259000
2015-06-12,528.5,528.5,517.5,523.0,252800
2015-06-15,520.0,525.0,518.0,524.0,84000
2015-06-16,525.5,532.5,523.5,525.5,176200
2015-06-17,528.5,529.5,525.0,528.5,93600
2015-06-18,529.0,529.0,520.5,520.5,109200
2015-06-19,530.0,540.0,521.5,527.5,225400
2015-06-22,526.0,532.0,525.0,532.0,120800
2015-06-23,534.0,545.5,532.0,544.5,367600
2015-06-24,546.0,557.5,545.0,556.0,391600
2015-06-25,550.0,559.0,549.0,558.5,224200
2015-06-26,555.0,557.5,545.0,548.5,280600
2015-06-29,518.5,543.0,517.5,533.5,191600
2015-06-30,540.0,544.0,534.5,543.5,141600
2015-07-01,542.5,550.5,536.0,547.5,89000
2015-07-02,557.5,559.5,549.5,552.0,176000
2015-07-03,553.0,553.0,539.5,542.5,116400
2015-07-06,531.5,544.5,531.5,533.5,156000
2015-07-07,541.5,552.0,537.5,540.0,120400
2015-07-08,535.0,539.0,515.5,517.5,196800
2015-07-09,510.0,523.5,495.0,522.0,315400
2015-07-10,520.5,532.5,515.0,518.5,135200
2015-07-13,516.5,524.0,515.0,519.5,66800
2015-07-14,522.5,540.0,522.5,533.0,132800
2015-07-15,540.0,543.0,534.5,540.5,123000
2015-07-16,542.0,542.0,525.0,527.5,151800
2015-07-17,531.5,531.5,522.5,528.5,78400
2015-07-21,533.0,533.0,524.5,527.0,54800
2015-07-22,528.5,536.5,524.5,530.0,125000
2015-07-23,537.5,543.0,531.0,538.0,122800
2015-07-24,539.0,564.0,539.0,553.5,331200
2015-07-27,555.5,560.0,544.0,545.5,165000
2015-07-28,531.0,536.5,523.0,531.5,197800
2015-07-29,535.0,537.5,525.0,530.5,76000
2015-07-30,532.5,536.5,530.5,534.0,83600
2015-07-31,548.5,556.5,542.5,544.5,188000
2015-08-03,529.5,536.5,520.0,522.5,291600
2015-08-04,527.5,528.0,504.5,509.5,427800
2015-08-05,512.0,519.0,512.0,515.5,145200
2015-08-06,516.5,520.0,513.5,513.5,120200
2015-08-07,513.0,520.0,511.5,517.0,188200
2015-08-10,517.0,517.0,508.0,511.5,174000
2015-08-11,511.5,516.5,509.0,513.0,192600
2015-08-12,505.0,517.0,504.0,507.0,278600
2015-08-13,505.5,515.0,505.0,511.0,217000
2015-08-14,512.5,512.5,505.0,508.5,144200
2015-08-17,510.0,522.5,508.0,521.0,154200
2015-08-18,520.0,532.5,518.0,529.5,185200
2015-08-19,529.5,541.5,524.0,529.0,256400
2015-08-20,525.0,529.5,513.0,513.0,125400
2015-08-21,502.0,508.0,500.5,503.5,247000
2015-08-24,487.5,494.0,465.5,466.5,353000
2015-08-25,399.5,460.5,399.5,440.0,404000
2015-08-26,435.0,453.5,435.0,450.0,192200
2015-08-27,465.5,474.5,455.0,457.5,182600
2015-08-28,470.5,479.0,467.5,476.0,135400
2015-08-31,480.0,481.5,469.5,476.0,119800
2015-09-01,468.5,469.0,450.5,450.5,133200
2015-09-02,435.0,455.0,435.0,442.5,123600
2015-09-03,446.0,449.5,438.0,439.0,151200
2015-09-04,437.5,443.5,425.0,430.0,164600
2015-09-07,422.5,431.0,415.5,422.0,121600
2015-09-08,420.0,428.0,412.0,412.5,79200
2015-09-09,425.5,435.0,424.0,434.0,98400
2015-09-10,425.5,469.0,424.5,467.0,254000
2015-09-11,474.0,499.0,469.5,478.0,602600
2015-09-14,473.0,484.0,460.0,464.0,107800
2015-09-15,468.0,473.5,446.0,456.5,273000
2015-09-16,461.0,470.0,450.5,453.5,99400
2015-09-17,451.0,465.0,451.0,458.5,74400
2015-09-18,457.0,458.0,444.0,447.5,101200
2015-09-24,443.0,452.5,441.5,442.0,102000
2015-09-25,441.0,453.5,430.5,453.0,127200
2015-09-28,453.0,473.0,451.5,471.5,151600
2015-09-29,464.5,467.0,453.0,454.5,150400
2015-09-30,463.0,467.0,451.0,465.0,145000
2015-10-01,466.0,471.5,453.0,468.5,138000
2015-10-02,462.5,462.5,454.0,461.5,149000
2015-10-05,462.5,467.0,457.0,461.0,98000
2015-10-06,470.0,470.0,459.5,462.5,133600
2015-10-07,468.0,480.0,465.5,478.5,133000
2015-10-08,478.5,478.5,464.5,469.0,48600
2015-10-09,469.5,475.5,467.5,475.5,55200
2015-10-13,471.0,482.5,471.0,479.5,72800
2015-10-14,475.0,475.5,464.0,468.0,93800
2015-10-15,460.5,481.5,460.5,472.5,79400
2015-10-16,479.0,481.0,473.0,473.5,68800
2015-10-19,474.5,474.5,466.5,469.0,54400
2015-10-20,474.0,474.0,460.0,463.5,59600
2015-10-21,463.5,472.5,462.5,472.5,95200
2015-10-22,469.5,480.5,468.0,473.5,66600
2015-10-23,482.0,482.0,475.5,479.5,84800
2015-10-26,484.0,484.0,471.5,475.0,133400
2015-10-27,475.0,476.5,470.0,471.0,62000
2015-10-28,472.5,472.5,464.5,466.5,91200
2015-10-29,467.5,470.5,461.5,468.5,96600
2015-10-30,473.5,473.5,462.5,464.5,76800
2015-11-02,462.5,462.5,453.5,456.0,89600
2015-11-04,464.5,490.5,464.5,485.5,378200
2015-11-05,485.5,493.0,482.0,484.5,187400
2015-11-06,485.5,488.0,475.0,482.5,102400
2015-11-09,489.0,489.0,479.5,481.5,131000
2015-11-10,476.0,482.5,476.0,479.0,56200
2015-11-11,479.0,481.0,474.0,478.5,95000
2015-11-12,477.0,482.0,475.0,479.0,108400
2015-11-13,485.0,539.0,482.5,536.0,703800
2015-11-16,539.5,544.0,528.0,541.0,365200
2015-11-17,541.0,553.0,535.0,545.0,305400
2015-11-18,549.0,552.5,538.5,546.5,194800
2015-11-19,549.0,552.0,544.0,547.0,155400
2015-11-20,545.0,546.0,528.0,542.0,124600
2015-11-24,539.5,547.5,534.5,542.0,219600
2015-11-25,547.0,558.5,542.5,554.0,251200
2015-11-26,554.0,557.5,544.5,546.0,172200
2015-11-27,548.0,558.5,548.0,558.5,188600
2015-11-30,558.5,562.0,545.5,550.0,175200
2015-12-01,555.0,561.0,550.0,558.0,250200
2015-12-02,562.5,579.0,562.0,566.0,357400
2015-12-03,574.0,576.5,563.0,572.5,221200
2015-12-04,560.5,564.0,552.0,562.0,216800
2015-12-07,571.0,585.5,569.0,578.0,395400
2015-12-08,577.5,586.0,562.0,564.0,222800
2015-12-09,558.0,562.5,551.0,554.0,143200
2015-12-10,549.5,561.0,547.5,557.5,144600
2015-12-11,565.0,566.5,557.0,561.0,181800
2015-12-14,543.5,550.5,540.0,549.0,148200
2015-12-15,562.0,562.0,538.5,540.0,148200
2015-12-16,549.5,549.5,537.5,545.5,100400
2015-12-17,556.0,563.0,547.5,561.0,186600
2015-12-18,562.0,573.5,556.0,557.5,217800
2015-12-21,550.0,555.0,542.5,546.5,107000
2015-12-22,536.5,545.5,533.0,535.5,159200
2015-12-24,532.0,536.5,517.5,520.5,247200
2015-12-25,520.5,520.5,520.5,520.5,0
2015-12-28,520.0,542.0,520.0,538.5,100200
2015-12-29,538.5,547.0,526.5,546.5,100600
2015-12-30,550.0,558.5,550.0,555.0,127600
2016-01-04,552.5,560.0,538.0,538.0,86200
2016-01-05,538.0,549.5,529.0,544.5,168000
2016-01-06,543.5,549.5,518.5,525.5,148200
2016-01-07,525.0,537.5,522.5,528.0,144400
2016-01-08,523.0,536.5,517.5,522.5,140600
2016-01-12,508.0,512.0,496.5,497.5,193600
2016-01-13,500.0,532.5,500.0,528.0,135800
2016-01-14,510.5,520.0,505.5,515.5,150000
2016-01-15,520.0,528.5,508.0,513.0,149200
2016-01-18,496.0,512.5,496.0,507.0,60400
2016-01-19,504.5,519.5,503.5,513.5,63400
2016-01-20,511.5,520.5,492.5,494.5,120000
2016-01-21,492.5,508.5,486.5,487.0,172000
2016-01-22,500.0,518.5,497.0,517.5,178400
2016-01-25,517.0,527.0,501.0,524.5,150800
2016-01-26,509.5,528.5,508.5,519.0,115200
2016-01-27,525.0,538.0,525.0,538.0,72800
2016-01-28,536.0,553.0,533.0,550.0,173400
2016-01-29,559.5,575.0,533.5,571.0,284600
2016-02-01,571.0,573.5,561.0,572.5,169000
2016-02-02,563.0,563.0,542.5,546.0,135000
2016-02-03,532.5,537.0,525.0,532.5,165800
2016-02-04,532.0,539.5,519.0,520.5,118600
2016-02-05,509.0,516.5,506.0,514.5,128200
2016-02-08,510.5,533.0,510.5,531.0,84600
2016-02-09,511.0,511.0,495.5,503.5,176600
2016-02-10,510.0,513.0,491.5,495.5,299200
2016-02-12,473.0,482.0,460.0,466.0,293800
2016-02-15,480.0,489.0,468.0,485.0,204800
2016-02-16,480.5,482.5,467.5,468.5,311600
2016-02-17,468.0,479.0,461.0,472.0,127600
2016-02-18,484.5,489.5,478.0,485.0,160200
2016-02-19,484.5,487.0,468.0,475.0,156800
2016-02-22,475.0,491.5,475.0,491.0,75400
2016-02-23,494.0,502.5,489.0,491.5,96200
2016-02-24,489.0,502.0,485.0,494.0,134000
2016-02-25,494.0,506.0,494.0,501.0,85800
2016-02-26,504.5,510.0,498.0,500.5,50200
2016-02-29,510.0,512.0,496.0,500.0,99000
2016-03-01,500.0,508.0,497.0,501.0,79600
2016-03-02,516.0,526.0,513.5,524.0,97000
2016-03-03,522.5,523.5,510.5,520.0,84200
2016-03-04,521.0,537.0,520.0,529.5,99600
2016-03-07,531.5,533.0,519.0,520.5,47400
2016-03-08,520.0,523.5,504.0,516.0,108400
2016-03-09,511.0,514.0,505.0,512.0,81000
2016-03-10,517.5,534.0,515.5,534.0,117600
2016-03-11,530.5,549.0,528.0,547.5,190400
2016-03-14,550.0,554.0,543.5,552.5,144600
2016-03-15,553.0,559.0,543.0,550.5,128800
2016-03-16,547.5,552.0,544.5,547.5,121400
2016-03-17,550.0,555.5,541.5,545.0,118000
2016-03-18,545.0,546.0,530.0,532.5,162200
2016-03-22,542.5,546.5,540.0,546.0,134200
2016-03-23,549.5,552.0,538.0,545.5,138800
2016-03-24,547.0,568.5,545.5,561.5,490000
2016-03-25,555.5,561.5,553.0,560.0,141400
2016-03-28,566.0,588.5,560.5,569.0,448600
2016-03-29,567.5,587.5,567.5,585.0,534400
2016-03-30,583.5,585.0,577.0,581.5,160200
2016-03-31,582.5,588.0,571.5,572.0,344200
2016-04-01,577.5,578.0,558.0,559.5,154400
2016-04-04,555.5,571.5,530.0,566.0,211200
2016-04-05,554.0,561.5,549.0,549.0,118200
2016-04-06,545.0,553.0,541.0,549.0,143600
2016-04-07,550.5,561.0,537.0,548.5,124000
2016-04-08,538.5,553.5,533.5,549.0,155600
2016-04-11,545.5,563.0,538.5,560.0,180800
2016-04-12,560.0,569.0,553.0,563.0,161800
2016-04-13,567.0,578.5,562.0,577.0,196200
2016-04-14,583.5,600.0,578.0,594.5,671800
2016-04-15,589.5,608.5,584.5,598.0,428800
2016-04-18,604.0,615.0,597.5,611.0,562600
2016-04-19,617.5,630.5,606.5,610.5,373200
2016-04-20,614.0,620.0,598.0,602.5,135800
2016-04-21,609.5,611.5,601.5,604.0,288600
2016-04-22,600.5,601.5,585.5,594.0,233800
2016-04-25,593.0,598.5,585.5,591.5,147400
2016-04-26,588.0,593.0,585.0,589.5,134400
2016-04-27,594.5,601.5,592.0,596.5,371800
2016-04-28,596.0,599.0,575.0,579.5,298800
2016-05-02,539.0,554.0,525.0,530.5,352000
2016-05-06,536.0,539.5,528.0,537.0,271000
2016-05-09,542.5,543.0,531.0,538.0,241800
2016-05-10,538.5,545.0,532.5,543.0,191600
2016-05-11,546.5,547.0,534.5,542.0,153800
2016-05-12,539.5,540.5,531.0,540.5,117400
2016-05-13,538.0,538.0,524.0,525.0,237800
2016-05-16,526.0,543.5,526.0,535.0,168000
2016-05-17,537.5,550.5,532.5,550.5,207800
2016-05-18,558.0,562.0,545.5,550.5,215600
2016-05-19,554.0,558.0,541.0,543.5,159600
2016-05-20,544.0,561.5,541.0,561.0,279800
2016-05-23,566.5,569.0,547.0,551.5,111400
2016-05-24,550.5,551.5,541.0,550.0,146800
2016-05-25,555.5,555.5,542.5,544.0,87600
2016-05-26,542.5,548.0,537.0,543.0,142200
2016-05-27,547.0,549.5,540.0,546.5,63600
2016-05-30,546.5,549.5,538.0,548.5,183200
2016-05-31,550.0,552.0,542.5,552.0,113800
2016-06-01,546.0,550.5,538.5,545.5,239200
2016-06-02,540.0,542.0,528.5,529.0,114800
2016-06-03,526.5,534.0,525.0,532.5,161000
2016-06-06,525.0,528.5,521.5,525.0,123400
2016-06-07,525.0,525.0,518.0,520.0,144000
2016-06-08,517.5,517.5,505.0,514.0,249800
2016-06-09,508.0,513.0,506.5,511.0,176800
2016-06-10,511.0,516.0,509.0,513.5,197600
2016-06-13,508.5,508.5,500.0,501.0,182200
2016-06-14,502.0,503.5,495.5,497.5,234800
2016-06-15,495.0,495.0,484.0,486.5,261200
2016-06-16,494.0,496.5,480.0,481.0,247400
2016-06-17,483.0,493.0,481.5,486.0,180800
2016-06-20,493.5,501.0,489.5,498.5,125600
2016-06-21,496.0,498.5,490.0,494.0,109800
2016-06-22,499.0,499.0,491.0,492.5,145000
2016-06-23,492.0,504.0,490.5,502.0,179400
2016-06-24,501.0,504.0,469.0,473.5,429400
2016-06-27,468.5,470.0,462.0,462.0,282800
2016-06-28,461.5,468.0,456.5,464.5,194600
2016-06-29,472.0,472.0,462.5,470.5,217000
2016-06-30,478.0,484.0,478.0,479.5,137200
2016-07-01,482.0,497.5,482.0,495.5,139600
2016-07-04,497.5,503.0,488.5,500.0,258000
2016-07-05,499.5,504.5,497.0,503.0,80200
2016-07-06,498.0,504.5,494.5,503.0,122200
2016-07-07,498.5,504.5,495.0,499.5,135600
2016-07-08,500.0,504.0,495.0,495.0,188200
2016-07-11,495.0,495.0,495.0,495.0,0
2016-07-12,530.0,531.5,524.5,525.5,171600
2016-07-13,533.0,536.0,530.5,535.5,128000
2016-07-14,535.0,553.0,534.0,549.0,214400
2016-07-15,558.5,558.5,535.0,542.0,120600
2016-07-19,545.0,548.0,541.5,547.5,43800
2016-07-20,544.0,554.5,536.5,554.5,154600
2016-07-21,555.0,563.0,551.0,559.5,137400
2016-07-22,553.5,557.5,550.0,556.0,87600
2016-07-25,558.5,566.5,554.5,558.5,116800
2016-07-26,553.5,556.0,544.5,549.0,89400
2016-07-27,553.5,560.0,545.5,560.0,197600
2016-07-28,558.0,562.0,551.0,559.5,110400
2016-07-29,560.0,560.0,542.0,557.0,117600
2016-08-01,550.0,554.0,545.5,547.0,87600
2016-08-02,547.0,547.0,540.5,540.5,67600
2016-08-03,526.0,540.5,510.0,531.0,132600
2016-08-04,550.0,565.5,546.5,560.5,454000
2016-08-05,565.0,565.0,553.0,557.5,190600
2016-08-08,560.0,571.5,557.5,560.5,163800
2016-08-09,560.0,573.5,559.0,567.0,144400
2016-08-10,563.0,565.5,556.0,557.0,126000
2016-08-12,559.0,560.0,555.5,557.5,108200
2016-08-15,562.5,567.0,560.0,565.0,71800
2016-08-16,566.5,570.0,548.5,548.5,93600
2016-08-17,541.0,569.5,541.0,568.0,236600
2016-08-18,563.0,568.0,555.0,556.0,80800
2016-08-19,556.0,561.5,555.0,560.0,55400
2016-08-22,563.5,582.0,560.0,578.0,178000
2016-08-23,573.5,574.5,561.0,564.0,122400
2016-08-24,567.0,575.0,566.5,571.0,67800
2016-08-25,565.0,576.0,565.0,572.0,75800
2016-08-26,569.0,576.0,563.5,563.5,46400
2016-08-29,569.5,574.5,563.0,568.0,88000
2016-08-30,565.0,571.5,562.0,568.0,137600
2016-08-31,565.0,574.0,555.0,574.0,166600
2016-09-01,571.5,571.5,561.0,565.5,132600
2016-09-02,566.5,567.5,558.5,559.5,65800
2016-09-05,559.0,560.0,551.0,551.0,107000
2016-09-06,553.0,556.5,550.0,555.0,93800
2016-09-07,555.0,574.0,555.0,573.0,136400
2016-09-08,572.5,574.0,567.5,572.0,129600
2016-09-09,569.0,569.0,557.5,558.5,123400
2016-09-12,552.5,557.0,551.0,553.5,113800
2016-09-13,555.5,555.5,550.0,552.5,95400
2016-09-14,554.5,556.0,550.5,555.0,230800
2016-09-15,552.5,556.0,549.5,553.0,109400
2016-09-16,557.5,565.5,552.0,565.5,139600
2016-09-20,563.0,568.5,560.0,565.0,102200
2016-09-21,561.0,571.5,559.5,571.5,108200
2016-09-23,572.0,574.5,567.0,573.5,83400
2016-09-26,574.0,577.5,570.0,573.0,110800
2016-09-27,569.0,580.5,566.5,580.5,190200
2016-09-28,574.0,584.0,570.0,583.0,89800
2016-09-29,585.0,593.0,579.0,592.5,187600
2016-09-30,584.5,584.5,573.0,574.0,113400
2016-10-03,577.5,579.5,570.0,572.5,92400
2016-10-04,575.5,577.0,571.5,575.5,119600
2016-10-05,580.0,582.0,571.5,574.0,79000
2016-10-06,577.5,577.5,570.5,572.0,63000
2016-10-07,571.5,574.0,531.0,562.0,111800
2016-10-11,562.0,568.0,562.0,565.0,24200
2016-10-12,561.0,568.5,560.0,565.0,63200
2016-10-13,570.0,570.0,564.5,569.0,41800
2016-10-14,565.0,568.5,562.5,567.0,57800
2016-10-17,567.0,567.0,561.5,565.0,31400
2016-10-18,565.0,566.0,562.0,565.5,42400
2016-10-19,564.0,566.0,562.5,565.0,49000
2016-10-20,565.5,565.5,562.5,565.0,55200
2016-10-21,565.5,566.0,562.0,565.0,47000
2016-10-24,565.0,569.0,563.0,565.5,75400
2016-10-25,566.0,567.0,561.5,565.5,80200
2016-10-26,565.5,569.0,551.5,566.5,150800
2016-10-27,569.0,574.0,567.0,574.0,97400
2016-10-28,577.5,579.0,572.0,575.0,145600
2016-10-31,574.5,584.0,572.0,582.5,147600
2016-11-01,585.0,585.0,574.5,577.5,122000
2016-11-02,571.5,574.0,567.5,569.0,81400
2016-11-04,565.0,565.0,531.5,538.5,316800
2016-11-07,541.5,547.5,539.5,543.5,115600
2016-11-08,544.0,556.5,540.5,556.0,163200
2016-11-09,559.5,563.5,519.0,525.5,265600
2016-11-10,560.0,567.5,553.0,561.5,178400
2016-11-11,561.5,567.0,543.0,546.0,95400
2016-11-14,555.0,555.0,548.5,550.5,45200
2016-11-15,556.5,559.0,551.5,557.0,122800
2016-11-16,562.0,564.5,558.0,563.5,73200
2016-11-17,563.0,566.5,554.5,564.5,183400
2016-11-18,575.0,577.5,565.5,577.5,157000
2016-11-21,575.0,584.0,569.5,582.5,149000
2016-11-22,582.5,586.5,577.0,582.0,100000
2016-11-24,583.5,588.5,579.5,587.5,290800
2016-11-25,587.5,590.5,580.5,590.0,237800
2016-11-28,590.5,607.0,588.5,606.5,286200
2016-11-29,606.5,608.5,601.0,605.5,90800
2016-11-30,610.0,615.0,605.0,614.0,185600
2016-12-01,615.0,622.5,614.5,618.0,286200
2016-12-02,617.0,620.0,610.0,618.0,134600
2016-12-05,608.0,615.0,608.0,613.0,160400
2016-12-06,615.0,618.0,603.0,603.0,179000
2016-12-07,610.5,615.0,605.0,610.0,121600
2016-12-08,613.0,615.5,607.5,615.0,138200
2016-12-09,613.5,617.0,612.5,616.0,208000
2016-12-12,616.5,616.5,612.0,616.0,122400
2016-12-13,612.5,621.5,610.5,620.5,198400
2016-12-14,619.5,619.5,615.0,618.0,93800
2016-12-15,619.0,622.0,614.0,619.0,176200
2016-12-16,620.5,625.0,617.0,619.5,166200
2016-12-19,620.0,624.0,619.5,620.5,83000
2016-12-20,623.5,629.5,623.5,627.5,141800
2016-12-21,627.5,631.0,624.0,625.0,132200
2016-12-22,625.0,631.0,620.0,626.5,194000
2016-12-26,633.5,641.0,631.0,637.0,148800
2016-12-27,638.0,639.0,633.0,637.5,180600
2016-12-28,640.5,663.0,639.0,656.5,343800
2016-12-29,654.5,654.5,628.0,639.0,132800
2016-12-30,633.0,644.0,630.0,641.0,86600
2017-01-04,649.5,656.5,644.5,656.5,111200
2017-01-05,658.5,659.0,650.0,656.0,105400
2017-01-06,651.0,658.5,651.0,656.0,79800
2017-01-10,655.0,655.5,647.5,651.5,135400
2017-01-11,657.5,657.5,648.0,652.0,65200
2017-01-12,647.5,652.0,643.5,650.0,89200
2017-01-13,650.0,663.0,650.0,660.5,135800
2017-01-16,654.0,658.5,652.5,656.0,53000
2017-01-17,654.5,655.0,640.0,645.5,83000
2017-01-18,641.5,645.5,632.5,644.5,98400
2017-01-19,650.0,651.5,642.5,645.5,88400
2017-01-20,645.0,655.0,644.5,651.5,125200
2017-01-23,646.5,651.0,640.5,641.0,42400
2017-01-24,640.5,645.0,636.0,641.5,49000
2017-01-25,650.0,651.5,639.0,643.0,104600
2017-01-26,650.0,652.5,645.5,650.0,66000
2017-01-27,653.0,657.0,628.5,647.5,107600
2017-01-30,645.0,652.0,644.0,650.0,88800
2017-01-31,649.0,656.0,649.0,649.0,96600
2017-02-01,647.0,662.5,647.0,660.5,135800
2017-02-02,664.0,670.0,651.5,652.5,146200
2017-02-03,652.5,658.5,649.0,650.5,120800
2017-02-06,659.0,670.0,652.0,668.5,139800
2017-02-07,663.5,663.5,647.5,648.0,131400
2017-02-08,650.5,655.0,647.5,654.5,57800
2017-02-09,653.5,654.5,648.0,650.5,31200
2017-02-10,660.0,664.0,656.0,657.5,107200
2017-02-13,663.5,670.0,663.5,666.5,81200
2017-02-14,667.5,673.5,655.0,658.0,106000
2017-02-15,665.0,665.0,640.5,647.0,157000
2017-02-16,652.5,659.5,649.0,656.0,144600
2017-02-17,656.0,666.0,649.5,664.0,86400
2017-02-20,660.0,665.0,660.0,663.0,73200
2017-02-21,662.0,677.0,660.0,677.0,207600
2017-02-22,685.0,686.0,666.5,668.0,123000
2017-02-23,668.0,668.5,657.5,659.0,99600
2017-02-24,651.5,662.5,651.5,659.0,38000
2017-02-27,651.0,657.5,649.5,655.5,59800
2017-02-28,664.0,672.5,660.5,666.0,194000
2017-03-01,671.0,676.5,669.0,674.5,108000
2017-03-02,681.0,689.0,675.0,684.5,219800
2017-03-03,685.0,695.0,683.5,693.0,165000
2017-03-06,698.5,704.5,695.0,695.5,183200
2017-03-07,695.0,697.5,691.5,696.0,83000
2017-03-08,696.0,701.0,692.5,700.0,78400
2017-03-09,702.0,711.5,702.0,708.5,111200
2017-03-10,712.0,717.5,709.0,711.5,137200
2017-03-13,714.5,717.5,711.5,714.0,66600
2017-03-14,715.0,720.5,706.5,716.0,133600
2017-03-15,713.5,727.5,713.5,719.0,152400
2017-03-16,717.5,728.5,717.0,725.5,151800
2017-03-17,726.0,726.0,716.0,718.5,114600
2017-03-21,717.5,723.5,717.5,720.0,74000
2017-03-22,710.0,719.0,710.0,710.0,104800
2017-03-23,706.0,715.0,705.5,707.5,95200
2017-03-24,705.0,713.0,702.0,703.0,79400
2017-03-27,696.0,706.0,695.5,704.0,93000
2017-03-28,705.0,717.5,705.0,715.0,108200
2017-03-29,721.5,721.5,710.5,719.5,69200
2017-03-30,719.5,719.5,706.5,708.0,89800
2017-03-31,708.0,713.5,696.5,696.5,134000
2017-04-03,697.5,712.5,690.5,706.5,123000
2017-04-04,708.5,708.5,697.0,703.0,121800
2017-04-05,700.0,705.0,699.5,701.5,77400
2017-04-06,695.0,698.5,685.5,690.5,140000
2017-04-07,690.5,703.5,689.0,696.0,153800
2017-04-10,697.5,705.5,689.0,696.5,122800
2017-04-11,691.5,698.5,691.0,697.5,69800
2017-04-12,690.5,693.0,679.0,691.0,146200
2017-04-13,694.5,694.5,682.0,688.5,156800
2017-04-14,687.0,691.0,675.0,677.0,108000
2017-04-17,678.5,688.5,676.5,687.5,105800
2017-04-18,695.5,704.0,690.0,701.0,141200
2017-04-19,701.0,706.0,695.5,701.5,125000
2017-04-20,701.5,702.5,695.5,700.5,149000
2017-04-21,706.0,733.0,703.0,724.5,303800
2017-04-24,733.0,747.0,733.0,747.0,320800
2017-04-25,749.0,749.0,722.5,733.5,324400
2017-04-26,739.0,739.0,732.5,735.0,180600
2017-04-27,734.0,738.5,731.5,735.0,95800
2017-04-28,733.5,735.0,730.5,732.5,93000
2017-05-01,690.5,714.5,690.5,712.5,309000
2017-05-02,705.5,717.5,705.5,708.5,150200
2017-05-08,719.5,730.5,715.0,727.0,272000
2017-05-09,731.0,741.5,731.0,733.0,209000
2017-05-10,733.5,739.5,729.5,731.0,153600
2017-05-11,735.5,739.0,731.5,734.5,201800
2017-05-12,730.5,733.0,725.5,733.0,89000
2017-05-15,731.0,747.5,727.5,747.5,273600
2017-05-16,743.0,743.5,731.0,734.5,169600
2017-05-17,730.0,745.0,727.5,744.5,207200
2017-05-18,729.5,743.0,729.5,740.0,128800
2017-05-19,730.0,730.0,718.0,722.0,362000
2017-05-22,717.5,725.5,712.5,725.0,262200
2017-05-23,722.0,727.0,716.5,726.0,268200
2017-05-24,731.5,754.0,730.5,754.0,221800
2017-05-25,752.0,753.5,737.5,746.0,182200
2017-05-26,741.5,741.5,727.5,728.0,106400
2017-05-29,730.5,740.0,729.5,735.0,73400
2017-05-30,740.5,756.0,740.5,751.0,203600
2017-05-31,754.5,777.0,754.0,773.0,327400
2017-06-01,775.0,776.5,762.5,763.0,259800
2017-06-02,768.5,788.0,763.0,786.0,229000
2017-06-05,777.5,788.5,776.5,786.0,126600
2017-06-06,786.0,789.0,772.5,772.5,142400
2017-06-07,775.0,775.5,767.0,772.0,107800
2017-06-08,775.5,778.5,767.0,772.5,146200
2017-06-09,771.5,785.5,771.5,782.0,136600
2017-06-12,773.5,780.0,759.5,776.5,135400
2017-06-13,770.0,784.5,770.0,782.0,70600
2017-06-14,787.5,788.5,777.0,777.0,71200
2017-06-15,777.0,779.0,768.5,778.0,89600
2017-06-16,784.5,793.0,782.0,784.5,146800
2017-06-19,785.0,812.5,785.0,808.0,152800
2017-06-20,812.5,827.5,812.5,819.0,181800
2017-06-21,817.5,817.5,805.0,806.5,141400
2017-06-22,811.5,822.0,808.0,820.5,104400
2017-06-23,825.0,827.5,815.5,820.5,96800
2017-06-26,827.5,829.0,822.0,824.5,75400
2017-06-27,837.5,837.5,826.0,830.0,172400
2017-06-28,832.0,841.0,827.5,827.5,177400
2017-06-29,830.0,846.0,830.0,841.5,168800
2017-06-30,840.5,849.0,834.0,848.5,170600
2017-07-03,857.5,870.5,854.5,855.0,203800
2017-07-04,858.5,859.0,822.0,826.0,214200
2017-07-05,827.5,827.5,813.5,822.5,106000
2017-07-06,852.5,852.5,831.0,838.0,102400
2017-07-07,835.0,835.5,826.0,826.5,86600
2017-07-10,827.5,830.5,818.0,820.5,95200
2017-07-11,815.5,832.5,815.5,829.0,100200
2017-07-12,830.0,830.0,821.5,823.0,135400
2017-07-13,828.5,828.5,816.0,824.5,86600
2017-07-14,829.0,829.0,817.0,818.0,83000
2017-07-17,818.0,818.0,818.0,818.0,0
2017-07-18,816.5,818.0,807.5,813.0,126800
2017-07-19,810.0,818.5,780.0,816.0,86600
2017-07-20,808.0,810.0,794.5,802.5,192200
2017-07-21,798.0,802.5,793.0,801.0,118400
2017-07-24,798.5,807.5,792.5,807.0,130800
2017-07-25,804.0,809.5,792.5,800.5,138200
2017-07-26,802.5,804.0,795.0,797.5,63200
2017-07-27,798.5,804.0,789.5,797.5,180200
2017-07-28,793.5,800.0,783.5,797.5,327600
2017-07-31,815.0,816.5,798.5,809.5,238600
2017-08-01,809.5,830.5,809.5,825.0,202800
2017-08-02,824.0,829.5,810.0,813.5,147200
2017-08-03,805.0,826.5,793.5,826.0,202400
2017-08-04,826.0,884.5,826.0,876.5,535600
2017-08-07,880.0,892.0,868.5,874.0,239800
2017-08-08,882.0,892.5,878.0,885.5,215400
2017-08-09,881.0,881.0,846.0,850.5,261400
2017-08-10,848.5,850.0,843.5,848.0,111000
2017-08-11,848.0,848.0,848.0,848.0,0
2017-08-14,841.5,841.5,813.5,813.5,114800
2017-08-15,815.0,825.0,811.0,813.0,108600
2017-08-16,811.0,813.0,803.5,807.0,75200
2017-08-17,804.5,814.5,804.5,805.5,53800
2017-08-18,811.0,812.0,798.5,801.0,168200
2017-08-21,803.5,815.0,803.5,809.0,115000
2017-08-22,800.5,807.0,797.0,799.0,81000
2017-08-23,811.5,811.5,795.5,797.5,79400
2017-08-24,797.5,805.5,797.5,800.0,57800
2017-08-25,803.0,806.0,797.0,803.5,61200
2017-08-28,802.0,802.5,785.0,794.5,91200
2017-08-29,789.0,797.5,787.0,795.0,52800
2017-08-30,800.5,848.0,800.0,839.5,251800
2017-08-31,847.5,848.0,830.0,831.0,105400
2017-09-01,840.5,840.5,825.5,831.5,75000
2017-09-04,827.0,827.5,804.0,806.0,92600
2017-09-05,805.0,809.5,790.0,796.0,210600
2017-09-06,791.5,820.0,791.5,815.0,156200
2017-09-07,825.0,834.5,814.5,816.0,108000
2017-09-08,801.0,814.0,797.5,806.5,109600
2017-09-11,813.5,822.0,810.5,812.5,62600
2017-09-12,822.5,841.0,822.5,837.5,158400
2017-09-13,850.0,896.5,850.0,886.0,371400
2017-09-14,900.5,918.5,892.0,899.5,604400
2017-09-15,903.5,915.0,892.0,915.0,274600
2017-09-18,915.0,915.0,915.0,915.0,0
2017-09-19,909.0,913.5,885.5,913.5,391800
2017-09-20,910.0,930.0,905.0,910.0,339800
2017-09-21,910.0,911.5,892.0,895.5,195600
2017-09-22,891.5,905.0,889.0,901.0,116800
2017-09-25,895.0,902.5,886.5,888.0,90800
2017-09-26,894.0,894.0,882.5,887.5,76200
2017-09-27,890.0,902.0,889.0,900.0,121800
2017-09-28,904.0,919.5,897.0,919.0,126800
2017-09-29,925.0,930.0,913.5,927.0,143000
2017-10-02,940.0,949.0,932.5,941.0,185000
2017-10-03,945.0,954.0,937.0,943.5,135800
2017-10-04,957.0,958.0,947.0,950.5,129800
2017-10-05,950.0,950.0,922.0,926.0,117800
2017-10-06,924.0,931.0,910.0,914.5,97800
2017-10-09,914.5,914.5,914.5,914.5,0
2017-10-10,912.5,920.0,908.0,919.5,97200
2017-10-11,924.0,928.0,913.5,926.0,82600
2017-10-12,931.0,955.0,930.0,945.5,91600
2017-10-13,944.0,947.0,933.5,945.0,119000
2017-10-16,945.0,952.5,939.0,939.5,101400
2017-10-17,955.0,959.0,941.5,945.5,67000
2017-10-18,944.5,944.5,926.0,932.5,79600
2017-10-19,925.5,937.5,920.5,921.5,98200
2017-10-20,921.5,938.0,920.5,929.0,112000
2017-10-23,949.0,949.5,922.5,933.5,108800
2017-10-24,939.5,955.0,933.5,952.5,90600
2017-10-25,955.0,975.0,954.5,967.0,155200
2017-10-26,975.5,994.5,975.0,990.5,126200
2017-10-27,994.0,994.0,980.0,984.0,86600
2017-10-30,980.0,983.0,968.5,983.0,128000
2017-10-31,982.0,992.0,974.5,981.5,104400
2017-11-01,992.5,1009.5,984.0,1003.5,156400
2017-11-02,1015.0,1015.0,990.0,990.5,95400
2017-11-03,990.5,990.5,990.5,990.5,0
2017-11-06,1050.0,1093.5,1018.0,1060.0,342400
2017-11-07,1035.0,1059.5,1034.0,1058.5,158800
2017-11-08,1060.0,1080.0,1042.5,1048.5,245000
2017-11-09,1050.5,1066.5,1028.5,1048.0,368000
2017-11-10,1033.0,1050.0,1025.5,1035.0,231200
2017-11-13,1038.0,1058.5,1027.5,1045.5,217200
2017-11-14,1045.5,1076.0,1028.0,1029.0,546200
2017-11-15,1034.5,1045.0,1009.0,1013.0,196800
2017-11-16,1000.0,1009.5,994.5,1001.0,195200
2017-11-17,1012.0,1027.5,1007.5,1009.5,138400
2017-11-20,999.0,1003.0,989.0,991.0,178600
2017-11-21,990.0,995.0,987.0,988.5,157000
2017-11-22,990.0,997.0,986.0,987.5,137200
2017-11-23,987.5,987.5,987.5,987.5,0
2017-11-24,986.5,1003.0,986.0,1001.5,86000
2017-11-27,1008.0,1017.5,989.5,993.0,109600
2017-11-28,993.0,1000.5,978.0,982.5,80400
2017-11-29,990.0,993.5,984.0,993.0,97400
2017-11-30,992.5,997.5,976.0,997.0,151200
2017-12-01,996.0,1010.0,979.5,995.0,241200
2017-12-04,995.0,1000.0,983.0,984.0,98200
2017-12-05,980.5,986.0,968.5,985.5,114200
2017-12-06,978.5,1009.5,977.0,990.5,154200
2017-12-07,990.5,1016.5,986.5,1010.5,190000
2017-12-08,990.5,1047.5,990.5,1041.0,372800
2017-12-11,1031.0,1050.5,1024.0,1045.0,152600
2017-12-12,1054.5,1065.0,1035.5,1038.0,78600
2017-12-13,1025.0,1030.5,998.0,1010.5,194600
2017-12-14,1025.0,1032.5,1022.0,1026.0,55600
2017-12-15,1028.0,1028.0,1003.0,1013.0,89600
2017-12-18,1014.0,1019.0,1001.5,1015.0,69200
2017-12-19,1006.0,1013.5,1001.5,1005.5,73600
2017-12-20,1003.0,1010.0,993.5,1008.0,76400
2017-12-21,999.0,1021.5,998.0,1018.0,99000
2017-12-22,1011.0,1013.5,996.5,999.5,70000
2017-12-25,1000.0,1020.0,990.0,1018.5,98000
2017-12-26,1019.5,1034.0,1015.5,1026.5,87800
2017-12-27,1042.0,1074.5,1035.0,1072.5,158600
2017-12-28,1097.5,1103.0,1053.5,1056.0,120600
2017-12-29,1068.0,1068.0,1038.5,1040.0,56000
2018-01-01,1040.0,1040.0,1040.0,1040.0,0
2018-01-02,1040.0,1040.0,1040.0,1040.0,0
2018-01-03,1040.0,1040.0,1040.0,1040.0,0
2018-01-04,1043.0,1057.0,1034.5,1055.0,87400
2018-01-05,1064.5,1070.0,1056.0,1061.5,92800
2018-01-08,1061.5,1061.5,1061.5,1061.5,0
2018-01-09,1070.5,1071.0,1054.0,1059.0,62600
2018-01-10,1059.5,1072.0,1051.0,1054.5,135800
2018-01-11,1051.5,1079.0,1050.5,1077.0,176400
2018-01-12,1063.5,1075.5,1046.0,1048.5,114000
2018-01-15,1050.0,1054.5,1042.5,1043.5,69600
2018-01-16,1037.5,1046.5,1032.0,1043.0,50000
2018-01-17,1033.0,1048.0,1033.0,1038.0,65600
2018-01-18,1050.0,1057.5,1032.5,1034.5,96000
2018-01-19,1047.0,1056.0,1044.5,1053.5,130200
2018-01-22,1056.0,1056.5,1033.5,1038.0,66000
2018-01-23,1038.5,1046.0,1036.5,1042.0,47200
2018-01-24,1046.0,1066.5,1046.0,1060.0,201600
2018-01-25,1050.0,1050.0,1025.5,1029.0,92600
2018-01-26,1026.0,1049.5,1026.0,1040.5,129200
2018-01-29,1050.0,1052.0,1035.0,1047.5,100000
2018-01-30,1044.0,1044.0,1014.0,1017.5,131800
2018-01-31,1015.5,1039.5,1015.0,1018.5,188000
2018-02-01,1027.0,1034.0,1021.5,1026.5,84600
2018-02-02,1048.5,1048.5,1032.5,1038.0,166600
2018-02-05,1038.5,1043.5,1014.0,1033.0,221800
2018-02-06,964.0,972.5,925.0,945.5,260200
2018-02-07,974.5,1006.0,970.0,981.0,138200
2018-02-08,981.0,997.5,973.0,990.5,127400
2018-02-09,946.5,966.0,945.5,963.5,135600
2018-02-12,963.5,963.5,963.5,963.5,0
2018-02-13,979.0,979.0,949.0,951.5,172400
2018-02-14,951.0,958.0,900.0,913.0,268800
2018-02-15,922.5,936.5,912.0,926.0,101400
2018-02-16,937.5,967.0,936.0,953.5,92000
2018-02-19,972.5,988.5,959.0,987.5,97400
2018-02-20,992.5,1008.5,985.5,1002.5,97800
2018-02-21,994.5,1019.5,989.0,1009.0,109000
2018-02-22,1008.0,1012.5,992.0,1003.5,78000
2018-02-23,1003.0,1012.5,1001.5,1010.5,36200
2018-02-26,1027.5,1029.5,986.5,988.5,140200
2018-02-27,1000.5,1003.5,989.5,992.5,77200
2018-02-28,985.0,1003.0,983.5,983.5,70200
2018-03-01,970.5,971.0,954.0,958.5,83800
2018-03-02,938.5,965.0,938.5,941.0,94800
2018-03-05,938.0,938.0,920.0,924.5,110800
2018-03-06,964.5,974.5,939.0,943.0,94400
2018-03-07,936.5,940.0,920.0,922.0,115600
2018-03-08,927.5,927.5,910.0,914.0,92000
2018-03-09,927.0,938.5,912.0,915.5,86600
2018-03-12,930.5,930.5,903.5,913.0,164400
2018-03-13,908.0,922.5,903.5,922.0,114400
2018-03-14,917.5,918.5,911.0,914.5,76400
2018-03-15,913.0,919.5,902.0,916.5,124800
2018-03-16,915.0,924.5,904.5,912.0,163600
2018-03-19,908.5,908.5,886.0,892.0,113200
2018-03-20,884.0,886.0,865.5,879.5,114000
2018-03-21,879.5,879.5,879.5,879.5,0
2018-03-22,877.5,890.5,875.5,890.5,85800
2018-03-23,855.5,870.0,844.0,848.5,122800
2018-03-26,834.5,835.0,804.5,822.0,280200
2018-03-27,832.0,854.0,826.5,854.0,138400
2018-03-28,850.0,857.5,832.0,855.0,142600
2018-03-29,853.5,866.5,845.5,857.0,94800
2018-03-30,870.0,870.0,848.5,861.0,85400
2018-04-02,862.5,874.0,856.0,861.5,66400
2018-04-03,850.5,865.5,844.5,860.0,84600
2018-04-04,860.5,871.5,859.0,868.5,60200
2018-04-05,873.5,873.5,855.0,856.5,127600
2018-04-06,865.0,870.0,849.0,849.0,116200
2018-04-09,844.5,854.0,832.5,843.0,132800
2018-04-10,840.0,852.5,829.5,843.0,141000
2018-04-11,851.0,851.0,834.5,836.5,123200
2018-04-12,830.5,844.0,825.0,826.0,87200
2018-04-13,831.0,840.0,825.0,831.0,110800
2018-04-16,831.5,839.5,824.5,839.0,114800
2018-04-17,835.5,840.5,826.0,831.0,86000
2018-04-18,831.0,849.5,829.0,845.0,53000
2018-04-19,852.0,855.0,846.0,849.0,127600
2018-04-20,854.5,859.0,835.0,836.0,112200
2018-04-23,826.0,837.0,820.5,831.0,135400
2018-04-24,836.0,849.0,834.0,846.0,103400
2018-04-25,838.5,848.0,832.0,844.0,92600
2018-04-26,841.0,846.5,826.0,826.5,363800
2018-04-27,836.5,839.0,823.5,833.0,144200
2018-04-30,833.0,833.0,833.0,833.0,0
2018-05-01,928.0,928.0,879.0,879.5,330000
2018-05-02,882.5,882.5,861.0,868.0,94600
2018-05-03,868.0,868.0,868.0,868.0,0
2018-05-04,868.0,868.0,868.0,868.0,0
2018-05-07,874.5,909.5,870.5,906.0,331200
2018-05-08,914.5,926.0,908.5,917.0,213000
2018-05-09,914.5,919.0,904.5,907.0,94400
2018-05-10,912.5,914.5,902.5,914.0,58200
2018-05-11,914.5,917.5,907.5,914.5,49800
2018-05-14,915.5,915.5,903.5,908.5,65000
2018-05-15,916.0,919.0,906.0,906.5,106600
2018-05-16,912.0,916.5,902.0,905.5,50800
2018-05-17,916.5,932.5,900.0,930.0,164600
2018-05-18,934.5,948.0,918.0,945.5,149000
2018-05-21,945.5,967.0,944.0,963.5,94600
2018-05-22,975.0,1000.0,974.0,977.0,221800
2018-05-23,975.0,1000.0,963.0,995.0,217800
2018-05-24,987.5,1002.5,967.0,974.5,203800
2018-05-25,963.5,971.5,953.5,963.0,69400
2018-05-28,963.0,969.0,957.0,961.5,36400
2018-05-29,962.0,965.0,947.5,954.5,64200
2018-05-30,937.0,952.0,933.0,948.5,93600
2018-05-31,956.0,956.0,938.0,950.0,137600
2018-06-01,943.0,966.5,938.5,963.0,70800
2018-06-04,975.0,979.0,962.0,977.0,78200
2018-06-05,982.0,989.5,976.0,989.5,79600
2018-06-06,986.0,986.0,957.5,964.0,89400
2018-06-07,968.5,980.5,961.5,980.5,45800
2018-06-08,971.5,987.5,969.5,981.5,88600
2018-06-11,985.0,993.0,984.0,989.5,27600
2018-06-12,996.5,996.5,967.5,990.0,49400
2018-06-13,990.0,1004.5,990.0,1002.0,74000
2018-06-14,997.0,999.0,991.0,994.5,49800
2018-06-15,1002.0,1002.0,977.5,979.0,63200
2018-06-18,982.5,988.5,964.5,968.5,36600
2018-06-19,966.5,974.0,949.5,954.5,56000
2018-06-20,952.5,974.0,946.0,971.0,67800
2018-06-21,972.5,977.5,967.5,969.5,37400
2018-06-22,960.0,968.5,951.0,966.0,45800
2018-06-25,969.0,969.0,936.0,939.5,33400
2018-06-26,925.0,954.0,920.0,952.5,69600
2018-06-27,953.5,959.5,940.5,953.0,48800
2018-06-28,953.0,953.0,944.5,952.0,61000
2018-06-29,953.5,958.0,942.0,952.5,70800
2018-07-02,952.0,961.0,943.5,952.0,102000
2018-07-03,952.5,967.5,946.5,964.0,127800
2018-07-04,958.0,963.5,934.0,940.5,85400
2018-07-05,940.5,940.5,912.0,915.0,60200
2018-07-06,922.0,940.0,917.5,935.0,69200
2018-07-09,995.0,1010.5,963.0,1000.0,336400
2018-07-10,1050.0,1050.0,992.5,993.0,291200
2018-07-11,982.5,1002.5,966.0,966.5,221200
2018-07-12,969.0,998.0,966.0,992.0,130400
2018-07-13,999.5,1002.0,982.0,994.5,92200
2018-07-16,994.5,994.5,994.5,994.5,0
2018-07-17,997.5,1004.0,984.0,992.5,81800
2018-07-18,1001.5,1001.5,990.0,997.5,84600
2018-07-19,998.5,998.5,985.0,993.5,51200
2018-07-20,993.0,1009.5,986.0,1003.5,133200
2018-07-23,999.0,1021.5,991.5,1011.0,135000
2018-07-24,1012.5,1012.5,994.5,998.0,77600
2018-07-25,999.0,1009.0,991.5,1005.5,113000
2018-07-26,1010.0,1017.5,999.5,1015.0,84800
2018-07-27,1015.0,1023.0,998.0,1006.0,158000
2018-07-30,1056.0,1063.0,1006.0,1045.0,505400
2018-07-31,1055.0,1086.5,1044.5,1075.0,685800
2018-08-01,1095.5,1153.5,1083.0,1110.0,776800
2018-08-02,1109.5,1115.5,1082.0,1085.0,286600
2018-08-03,1077.0,1096.0,1058.0,1059.0,120600
2018-08-06,1075.5,1077.0,1049.5,1050.0,172600
2018-08-07,1056.5,1063.5,1037.5,1060.0,170800
2018-08-08,1060.5,1061.0,1041.5,1044.5,166600
2018-08-09,1042.0,1042.0,1017.5,1019.5,192600
2018-08-10,1015.5,1028.0,1006.5,1008.0,113600
2018-08-13,999.5,1000.5,985.0,985.0,101400
2018-08-14,986.5,1016.5,984.0,1000.5,90400
2018-08-15,1004.5,1008.0,983.0,989.5,58200
2018-08-16,980.0,989.5,968.5,975.0,194000
2018-08-17,976.5,985.5,970.5,975.0,117400
2018-08-20,970.0,973.0,955.5,965.0,82200
2018-08-21,956.5,956.5,944.5,949.5,104600
2018-08-22,941.5,951.5,940.0,945.0,158200
2018-08-23,950.0,963.0,947.5,956.0,162200
2018-08-24,956.5,968.0,951.5,964.5,84800
2018-08-27,970.0,973.0,963.5,967.5,111800
2018-08-28,966.5,976.5,966.5,971.0,102600
2018-08-29,977.5,985.0,974.5,980.0,95200
2018-08-30,983.0,1004.5,977.5,1002.5,275600
2018-08-31,997.5,1005.0,991.5,997.0,181800
2018-09-03,998.5,1000.5,966.5,978.0,111400
2018-09-04,976.0,991.0,970.5,984.5,92600
2018-09-05,1050.0,1063.0,1027.0,1049.0,703000
2018-09-06,1058.0,1100.5,1043.5,1072.0,797000
2018-09-07,1070.0,1070.0,1046.0,1048.5,378400
2018-09-10,1038.0,1060.0,1032.5,1054.0,282200
2018-09-11,1050.0,1056.5,1044.5,1045.5,196000
2018-09-12,1050.0,1056.5,1026.5,1044.5,258400
2018-09-13,1069.5,1080.5,1059.5,1064.0,234400
2018-09-14,1089.0,1092.5,1069.5,1076.5,661600
2018-09-17,1076.5,1076.5,1076.5,1076.5,0
2018-09-18,1075.0,1089.5,1063.5,1076.5,231800
2018-09-19,1075.0,1076.0,1055.0,1061.0,245800
2018-09-20,1065.0,1095.0,1051.5,1089.0,353000
2018-09-21,1100.0,1110.0,1089.0,1103.5,462000
2018-09-24,1103.5,1103.5,1103.5,1103.5,0
2018-09-25,1117.5,1163.5,1117.5,1155.0,435800
2018-09-26,1172.5,1213.0,1155.0,1209.5,421000
2018-09-27,1225.0,1237.5,1183.0,1219.5,521200
2018-09-28,1234.0,1245.0,1209.0,1210.0,237400
2018-10-01,1215.0,1225.0,1193.0,1203.5,172000
2018-10-02,1209.0,1229.5,1205.5,1215.5,152400
2018-10-03,1265.5,1280.0,1236.0,1236.0,385800
2018-10-04,1233.5,1247.5,1223.5,1228.0,166800
2018-10-05,1210.0,1217.5,1180.5,1182.0,228200
2018-10-08,1182.0,1182.0,1182.0,1182.0,0
2018-10-09,1175.0,1179.5,1148.0,1153.5,158400
2018-10-10,1161.0,1175.0,1151.5,1166.5,149400
2018-10-11,1116.5,1140.5,1110.0,1131.0,204600
2018-10-12,1117.5,1182.0,1117.5,1158.0,263800
2018-10-15,1147.5,1154.5,1121.5,1121.5,128600
2018-10-16,1126.0,1134.0,1113.5,1122.5,78000
2018-10-17,1141.0,1162.0,1138.5,1157.0,138200
2018-10-18,1157.0,1185.5,1150.0,1150.0,184600
2018-10-19,1132.0,1140.0,1126.5,1135.5,83800
2018-10-22,1138.5,1157.5,1120.5,1146.0,102800
2018-10-23,1136.5,1136.5,1106.5,1106.5,147000
2018-10-24,1131.5,1131.5,1093.0,1105.0,101200
2018-10-25,1065.0,1069.5,1040.5,1043.0,228200
2018-10-26,1068.0,1068.0,1025.5,1032.0,162800
2018-10-29,1032.0,1063.0,1030.0,1039.0,184400
2018-10-30,1030.0,1066.0,1018.5,1062.0,279400
2018-10-31,1087.0,1096.0,1060.0,1095.5,229200
2018-11-01,1105.0,1140.0,1096.0,1134.0,311400
2018-11-02,1150.5,1189.0,1147.5,1176.5,298200
2018-11-05,1201.5,1235.0,1155.0,1225.0,421400
2018-11-06,1225.0,1271.5,1208.0,1258.5,425800
2018-11-07,1258.5,1269.0,1217.5,1221.0,197800
2018-11-08,1260.0,1280.0,1259.5,1270.0,289400
2018-11-09,1266.0,1279.0,1241.5,1275.5,169400
2018-11-12,1271.0,1296.0,1266.0,1272.5,138800
2018-11-13,1237.0,1261.5,1226.0,1256.0,180400
2018-11-14,1290.0,1318.0,1272.5,1279.0,360600
2018-11-15,1272.5,1292.5,1247.5,1277.0,225600
2018-11-16,1313.5,1313.5,1271.5,1277.5,205000
2018-11-19,1277.5,1289.5,1266.5,1275.0,157600
2018-11-20,1275.0,1280.5,1260.0,1265.0,159000
2018-11-21,1260.0,1267.5,1245.0,1257.5,219000
2018-11-22,1253.0,1260.5,1232.5,1257.5,158800
2018-11-23,1257.5,1257.5,1257.5,1257.5,0
2018-11-26,1238.5,1259.5,1232.0,1238.5,139800
2018-11-27,1239.0,1247.0,1230.5,1237.5,83000
2018-11-28,1235.0,1256.0,1235.0,1249.5,145200
2018-11-29,1262.0,1281.0,1251.5,1273.0,154200
2018-11-30,1284.5,1303.5,1268.0,1303.0,191600
2018-12-03,1335.0,1376.0,1325.0,1369.5,407800
2018-12-04,1371.0,1382.0,1323.0,1332.0,320200
2018-12-05,1303.5,1331.5,1302.0,1312.0,120800
2018-12-06,1300.0,1337.0,1297.5,1319.5,210200
2018-12-07,1344.5,1392.0,1344.5,1374.5,414600
2018-12-10,1349.0,1358.0,1325.5,1346.5,137000
2018-12-11,1347.0,1360.0,1325.5,1334.0,148800
2018-12-12,1350.0,1367.5,1334.0,1366.5,147000
2018-12-13,1380.0,1422.5,1372.0,1419.5,253800
2018-12-14,1420.5,1423.5,1402.0,1404.0,236400
2018-12-17,1391.5,1391.5,1348.0,1348.0,198200
2018-12-18,1321.0,1329.5,1257.0,1263.5,212200
2018-12-19,1312.5,1383.5,1307.5,1335.0,525800
2018-12-20,1310.0,1334.0,1281.0,1290.0,301800
2018-12-21,1299.5,1299.5,1264.0,1292.5,194800
2018-12-24,1292.5,1292.5,1292.5,1292.5,0
2018-12-25,1167.5,1232.5,1159.5,1161.5,226400
2018-12-26,1175.0,1243.0,1168.5,1225.0,224400
2018-12-27,1319.0,1337.5,1273.5,1324.5,308800
2018-12-28,1329.0,1345.0,1306.5,1321.0,220600
2018-12-31,1321.0,1321.0,1321.0,1321.0,0
2019-01-04,1225.5,1279.0,1225.5,1269.5,186200
2019-01-07,1300.0,1324.5,1300.0,1321.0,178000
2019-01-08,1325.0,1364.5,1325.0,1357.5,217800
2019-01-09,1374.5,1374.5,1335.5,1346.0,202000
2019-01-10,1335.5,1335.5,1279.5,1298.0,156400
2019-01-11,1300.0,1314.5,1283.5,1287.5,151800
2019-01-15,1248.0,1291.5,1248.0,1275.5,157600
2019-01-16,1300.0,1308.0,1269.0,1274.5,72400
2019-01-17,1274.5,1285.0,1244.5,1249.5,118000
2019-01-18,1262.0,1276.5,1259.0,1270.0,162600
2019-01-21,1252.5,1265.5,1226.0,1231.0,347200
2019-01-22,1223.5,1229.5,1182.0,1212.0,420000
2019-01-23,1207.0,1247.5,1207.0,1239.0,144400
2019-01-24,1231.5,1286.5,1230.0,1259.5,125600
2019-01-25,1259.5,1273.5,1229.5,1229.5,173800
2019-01-28,1232.5,1249.5,1223.5,1240.5,110200
2019-01-29,1237.0,1254.0,1234.5,1248.5,135200
2019-01-30,1228.0,1254.5,1225.0,1243.5,209200
2019-01-31,1280.0,1297.5,1266.0,1273.5,201800
2019-02-01,1260.0,1275.0,1230.5,1270.5,168800
2019-02-04,1310.0,1340.5,1218.0,1333.0,779200
2019-02-05,1333.0,1337.5,1278.5,1284.0,436800
2019-02-06,1307.5,1354.0,1298.0,1346.0,387600
2019-02-07,1346.0,1412.0,1344.5,1391.5,431200
2019-02-08,1363.5,1383.5,1329.5,1352.5,195800
2019-02-12,1373.5,1412.0,1359.5,1411.5,163600
2019-02-13,1397.5,1405.0,1377.5,1390.5,352400
2019-02-14,1400.0,1455.5,1396.0,1437.0,309600
2019-02-15,1419.0,1427.0,1399.5,1410.5,182400
2019-02-18,1430.5,1439.5,1397.5,1404.5,287800
2019-02-19,1379.5,1417.0,1373.0,1397.0,214400
2019-02-20,1390.0,1391.5,1362.5,1375.5,222600
2019-02-21,1387.0,1417.5,1385.0,1394.0,198400
2019-02-22,1384.5,1385.0,1365.5,1371.5,129800
2019-02-25,1379.0,1402.0,1364.5,1395.0,293000
2019-02-26,1400.0,1400.5,1383.5,1397.5,125600
2019-02-27,1394.0,1409.0,1388.0,1397.0,133400
2019-02-28,1397.0,1409.5,1389.5,1404.5,137400
2019-03-01,1410.0,1434.0,1403.5,1426.5,109600
2019-03-04,1427.5,1436.0,1413.5,1430.5,111000
2019-03-05,1409.5,1412.5,1374.0,1379.5,186600
2019-03-06,1372.0,1372.0,1341.0,1349.5,224800
2019-03-07,1345.0,1360.5,1319.0,1355.0,175000
2019-03-08,1330.0,1352.5,1320.0,1320.0,132600
2019-03-11,1318.5,1319.5,1291.0,1309.5,94600
2019-03-12,1325.5,1340.0,1310.0,1320.5,102200
2019-03-13,1322.0,1330.0,1294.0,1311.5,194600
2019-03-14,1327.0,1329.5,1314.0,1318.0,111600
2019-03-15,1313.0,1336.5,1307.5,1326.5,316600
2019-03-18,1332.5,1354.0,1328.5,1346.5,148200
2019-03-19,1357.0,1366.5,1304.5,1306.0,125600
2019-03-20,1300.0,1331.0,1300.0,1320.5,100600
2019-03-22,1335.0,1340.0,1312.5,1324.5,121800
2019-03-25,1281.5,1289.5,1267.5,1275.0,82000
2019-03-26,1287.5,1335.5,1286.5,1333.5,93400
2019-03-27,1339.5,1340.0,1305.0,1309.5,96400
2019-03-28,1295.5,1307.5,1288.0,1306.0,92200
2019-03-29,1250.0,1255.0,1176.5,1219.5,1078000
2019-04-01,1225.0,1264.0,1209.0,1239.0,370400
2019-04-02,1259.0,1285.5,1242.0,1244.5,308000
2019-04-03,1230.5,1234.0,1195.0,1227.5,946200
2019-04-04,1250.0,1297.0,1238.0,1239.0,461000
2019-04-05,1233.5,1248.5,1192.0,1194.0,537400
2019-04-08,1175.0,1213.0,1164.0,1211.0,291400
2019-04-09,1212.0,1218.5,1190.0,1193.5,147800
2019-04-10,1182.5,1199.0,1174.5,1192.5,152800
2019-04-11,1195.0,1217.5,1193.0,1208.5,189600
2019-04-12,1205.5,1217.0,1192.5,1196.5,92200
2019-04-15,1217.0,1221.0,1207.0,1214.5,177000
2019-04-16,1224.5,1237.5,1215.0,1230.0,211800
2019-04-17,1237.0,1239.0,1215.5,1228.0,181000
2019-04-18,1222.5,1225.0,1115.5,1130.0,873200
2019-04-19,1137.0,1141.0,1120.0,1130.5,336600
2019-04-22,1124.5,1140.0,1111.0,1135.0,276400
2019-04-23,1131.5,1143.5,1120.5,1122.5,346000
2019-04-24,1131.0,1134.5,1110.0,1110.0,277200
2019-04-25,1127.5,1127.5,1094.5,1099.5,492400
2019-04-26,1070.0,1072.5,1018.0,1058.5,812000
2019-05-07,1067.5,1067.5,1040.0,1054.0,222800
2019-05-08,1041.0,1045.5,996.5,1003.5,368200
2019-05-09,1002.0,1010.5,987.5,1001.5,351000
2019-05-10,1010.0,1023.5,990.5,998.0,271200
2019-05-13,1002.0,1002.0,975.5,984.5,346000
2019-05-14,961.5,972.5,942.5,972.5,394000
2019-05-15,981.5,986.0,967.0,976.5,233000
2019-05-16,988.0,1017.0,982.5,1007.5,443000
2019-05-17,1029.5,1052.5,1029.5,1039.0,532000
2019-05-20,1029.0,1030.0,996.0,999.5,269400
2019-05-21,994.5,1009.5,982.5,997.5,185400
2019-05-22,1009.0,1012.0,998.5,1004.5,145200
2019-05-23,1002.0,1008.5,991.5,1000.5,193200
2019-05-24,993.0,1007.5,978.0,990.0,331600
2019-05-27,996.0,996.0,948.0,954.0,432200
2019-05-28,949.5,980.5,947.0,977.0,444200
2019-05-29,961.0,991.0,954.0,983.5,170400
2019-05-30,976.5,980.0,951.5,964.0,146200
2019-05-31,959.0,959.0,948.0,953.0,110000
2019-06-03,947.0,964.0,942.5,958.5,156600
2019-06-04,958.5,962.0,932.0,938.5,181200
2019-06-05,958.5,961.5,943.0,951.5,148000
2019-06-06,941.0,945.5,926.0,927.5,338000
2019-06-07,929.0,946.0,922.5,940.5,119800
2019-06-10,950.0,968.0,947.5,966.5,173800
2019-06-11,966.5,983.5,959.0,981.0,173600
2019-06-12,983.5,991.0,975.0,982.5,129800
2019-06-13,977.5,992.5,975.5,984.0,156200
2019-06-14,993.0,999.5,985.0,997.0,183000
2019-06-17,998.0,999.0,981.5,982.0,136400
2019-06-18,985.0,987.0,945.0,947.0,206800
2019-06-19,965.0,981.0,964.0,975.5,122000
2019-06-20,976.0,989.5,968.0,982.0,128200
2019-06-21,983.0,983.0,969.0,970.5,121000
2019-06-24,982.0,1002.0,975.5,991.5,183800
2019-06-25,994.0,994.0,976.0,977.5,140000
2019-06-26,975.5,982.5,964.0,965.0,132200
2019-06-27,978.0,978.0,968.0,975.0,100800
2019-06-28,987.0,989.5,978.5,986.5,129200
2019-07-01,1006.5,1018.0,993.5,1017.0,206800
2019-07-02,1020.0,1049.5,1015.0,1044.5,318600
2019-07-03,1033.5,1037.0,1008.0,1022.0,408000
2019-07-04,1025.0,1025.0,1001.0,1013.0,299200
2019-07-05,1006.5,1016.0,1003.5,1012.0,124200
2019-07-08,1005.0,1011.0,993.0,998.0,190600
2019-07-09,995.5,999.5,982.5,988.0,213600
2019-07-10,982.5,982.5,965.5,973.5,149400
2019-07-11,970.0,986.0,967.5,984.5,88400
2019-07-12,1000.5,1000.5,975.0,986.5,144600
2019-07-16,983.5,996.0,979.0,990.0,131200
2019-07-17,992.0,992.0,971.5,975.5,165400
2019-07-18,968.5,968.5,941.0,945.0,323000
2019-07-19,948.0,983.5,948.0,977.5,176200
2019-07-22,976.0,984.5,964.0,975.0,220200
2019-07-23,971.5,994.0,967.0,987.5,154800
2019-07-24,1000.0,1009.0,989.0,1000.0,204600
2019-07-25,1000.0,1013.5,1000.0,1000.0,134800
2019-07-26,1000.0,1003.5,990.5,998.0,198600
2019-07-29,940.5,948.5,906.0,917.5,1015000
2019-07-30,918.0,942.5,916.0,936.0,667800
2019-07-31,935.0,938.5,914.5,915.5,315600
2019-08-01,912.0,920.0,905.0,909.5,242000
2019-08-02,890.0,893.5,859.0,865.0,337000
2019-08-05,865.0,865.0,811.5,827.0,528000
2019-08-06,795.5,820.5,785.0,817.5,713200
2019-08-07,810.5,810.5,794.5,806.5,518200
2019-08-08,788.0,795.0,761.0,767.0,1023200
2019-08-09,761.0,766.5,753.0,757.0,414800
2019-08-13,741.0,750.5,736.5,747.0,351800
2019-08-14,753.5,766.5,741.0,752.5,418200
2019-08-15,732.5,736.0,725.5,731.0,290600
2019-08-16,724.0,739.0,720.0,728.0,348200
2019-08-19,735.5,735.5,725.0,734.0,261800
2019-08-20,740.5,753.5,740.5,748.0,386600
2019-08-21,738.0,742.0,729.5,738.0,405600
2019-08-22,743.5,748.0,722.5,725.5,365600
2019-08-23,728.5,729.5,711.5,727.0,364600
2019-08-26,700.5,713.0,697.5,704.0,358000
2019-08-27,709.0,720.5,705.0,705.5,160000
2019-08-28,698.5,707.5,695.0,700.5,266800
2019-08-29,694.5,702.0,685.0,691.5,416800
2019-08-30,700.0,701.5,694.5,701.0,340800
2019-09-02,700.0,708.5,695.0,706.0,468800
2019-09-03,703.5,711.5,699.5,706.5,200400
2019-09-04,701.5,702.5,690.5,690.5,227000
2019-09-05,696.0,702.0,691.0,697.0,363200
2019-09-06,700.0,703.0,694.5,699.5,233200
2019-09-09,700.5,700.5,687.5,700.0,375400
2019-09-10,703.5,722.0,703.5,710.5,345400
2019-09-11,717.0,725.5,715.5,725.0,275800
2019-09-12,725.5,725.5,714.0,720.5,460800
2019-09-13,725.0,725.0,718.0,723.5,258400
2019-09-17,725.0,731.0,722.0,726.5,404000
2019-09-18,727.5,730.5,707.5,714.5,676800
2019-09-19,715.0,727.0,712.0,721.0,359200
2019-09-20,723.0,724.0,715.0,716.5,255400
2019-09-24,723.0,734.0,721.0,726.0,388400
2019-09-25,721.0,742.0,720.5,738.5,649800
2019-09-26,744.5,744.5,727.5,739.0,559000
2019-09-27,742.0,767.5,738.5,757.5,939000
2019-09-30,763.0,766.0,744.5,763.0,588000
2019-10-01,755.5,759.5,747.5,758.0,497600
2019-10-02,744.0,749.5,733.0,746.5,715600
2019-10-03,731.5,740.0,723.0,730.5,404600
2019-10-04,735.0,755.0,734.5,753.0,449400
2019-10-07,760.0,767.5,747.5,754.5,252000
2019-10-08,763.0,787.0,763.0,786.0,730400
2019-10-09,779.5,783.0,771.5,773.0,590200
2019-10-10,777.0,797.5,757.5,795.0,667600
2019-10-11,800.0,804.0,776.5,790.5,617800
2019-10-15,830.0,847.5,813.5,844.0,1469600
2019-10-16,856.5,867.5,851.5,855.5,1108400
2019-10-17,852.0,864.5,830.0,831.5,696600
2019-10-18,842.5,857.0,840.0,849.0,420000
2019-10-21,857.0,861.0,851.5,853.5,353800
2019-10-23,859.0,878.0,852.5,878.0,534800
2019-10-24,885.5,889.0,872.5,878.5,354200
2019-10-25,883.0,906.0,878.5,905.0,916600
2019-10-28,914.5,916.0,895.5,909.5,587600
2019-10-29,909.5,913.5,895.0,906.5,362000
2019-10-30,907.0,918.5,905.0,915.0,350800
2019-10-31,920.0,924.0,906.0,910.0,393400
2019-11-01,880.0,887.5,841.5,875.0,923800
2019-11-05,840.0,936.5,830.0,927.0,1909200
2019-11-06,925.0,933.5,895.5,907.0,622000
2019-11-07,910.0,922.5,900.5,912.0,371400
2019-11-08,920.5,934.5,912.0,919.0,432600
2019-11-11,925.0,935.0,914.0,920.0,311400
2019-11-12,924.0,939.5,918.0,937.0,397600
2019-11-13,938.0,940.0,912.0,918.0,341800
2019-11-14,915.5,923.5,907.0,907.5,331200
2019-11-15,905.5,925.5,905.0,916.0,206200
2019-11-18,916.0,920.0,904.5,914.0,264400
2019-11-19,909.0,914.5,901.0,909.5,223800
2019-11-20,901.5,909.0,898.0,903.0,300600
2019-11-21,898.5,900.5,880.5,894.5,314200
2019-11-22,912.5,931.5,908.5,930.0,456000
2019-11-25,948.5,967.5,946.0,959.0,521800
2019-11-26,976.0,984.5,962.5,962.5,415200
2019-11-27,975.0,984.0,970.5,982.5,323600
2019-11-28,985.5,989.0,970.0,973.5,279400
2019-11-29,975.0,981.0,958.0,960.0,339000
2019-12-02,961.0,980.5,960.5,975.0,263400
2019-12-03,966.5,983.5,960.0,982.5,259600
2019-12-04,971.5,985.0,967.5,979.0,267000
2019-12-05,987.0,995.5,975.5,990.5,248200
2019-12-06,993.0,1011.5,988.5,1006.5,411000
2019-12-09,1031.5,1032.5,1011.5,1029.5,353400
2019-12-10,1025.0,1039.5,1020.0,1033.0,309600
2019-12-11,1033.5,1046.0,1032.0,1038.0,269200
2019-12-12,1040.5,1047.0,1024.5,1035.0,322400
2019-12-13,1067.5,1067.5,1051.5,1053.5,338000
2019-12-16,1067.5,1067.5,1051.5,1053.0,152200
2019-12-17,1053.0,1057.0,1036.5,1056.5,262000
2019-12-18,1065.5,1065.5,1050.5,1056.0,208200
2019-12-19,1054.5,1072.5,1050.0,1070.5,223200
2019-12-20,1073.5,1089.0,1056.5,1088.5,531200
2019-12-23,1097.5,1104.0,1076.5,1083.5,281400
2019-12-24,1096.0,1097.5,1087.0,1089.5,255200
2019-12-25,1089.5,1090.0,1078.5,1083.0,150600
2019-12-26,1075.0,1083.0,1070.0,1080.5,219000
2019-12-27,1080.5,1104.5,1080.5,1101.5,266600
2019-12-30,1097.5,1098.0,1084.0,1091.5,159000
2020-01-06,1066.5,1076.5,1056.5,1066.5,270400
2020-01-07,1074.0,1095.0,1069.0,1093.0,247600
2020-01-08,1076.0,1080.0,1048.5,1076.0,431200
2020-01-09,1099.5,1114.0,1094.5,1109.0,371600
2020-01-10,1115.0,1121.5,1105.5,1105.5,257800
2020-01-14,1116.5,1120.0,1092.0,1099.5,208200
2020-01-15,1087.0,1113.0,1085.5,1112.0,184200
2020-01-16,1116.5,1129.0,1111.5,1123.5,233600
2020-01-17,1118.0,1125.5,1114.0,1120.0,164400
2020-01-20,1118.0,1127.0,1116.0,1119.0,174600
2020-01-21,1101.0,1120.5,1098.0,1113.5,142200
2020-01-22,1100.0,1137.5,1100.0,1130.0,221600
2020-01-23,1118.5,1130.0,1111.0,1124.0,201200
2020-01-24,1119.5,1127.0,1110.5,1110.5,190000
2020-01-27,1080.5,1089.5,1073.0,1080.0,255800
2020-01-28,1069.0,1092.0,1060.0,1088.0,243800
2020-01-29,1100.0,1109.0,1088.0,1089.0,209200
2020-01-30,1061.5,1091.0,1056.0,1085.5,673000
2020-01-31,1032.5,1069.0,1006.5,1058.5,833400
2020-02-03,1025.0,1076.0,1017.5,1064.5,307800
2020-02-04,1045.5,1101.5,1042.5,1095.0,252400
2020-02-05,1122.0,1133.0,1120.0,1121.5,664200
2020-02-06,1125.0,1126.5,1117.0,1123.0,332600
2020-02-07,1124.0,1132.5,1117.0,1120.0,173400
2020-02-10,1120.0,1125.0,1109.5,1125.0,126200
2020-02-12,1131.0,1141.5,1115.0,1126.0,294200
2020-02-13,1131.5,1152.5,1124.5,1152.5,251000
2020-02-14,1142.0,1146.0,1115.5,1127.0,238400
2020-02-17,1112.5,1115.0,1071.5,1080.0,291800
2020-02-18,1063.0,1071.0,1034.0,1035.5,278400
2020-02-19,1040.0,1061.0,1038.0,1056.5,208400
2020-02-20,1065.0,1087.0,1063.0,1065.5,178000
2020-02-21,1056.0,1115.0,1055.0,1111.0,341800
2020-02-25,1028.5,1062.0,1027.0,1034.0,367600
2020-02-26,1025.5,1039.5,1004.0,1038.5,380200
2020-02-27,1019.0,1027.0,994.0,1002.0,301800
2020-02-28,970.0,1008.0,965.0,999.5,759800
2020-03-02,977.0,1085.5,972.0,1052.5,711000
2020-03-03,1067.0,1072.0,995.5,995.5,619600
2020-03-04,990.0,1022.5,976.5,1012.0,393800
2020-03-05,1026.0,1029.5,1007.5,1014.0,142800
2020-03-06,995.0,999.5,965.0,971.5,297200
2020-03-09,946.0,951.0,925.0,946.0,430000
2020-03-10,907.0,984.5,898.0,980.5,369000
2020-03-11,970.0,994.0,958.5,974.5,283200
2020-03-12,950.0,965.0,915.0,931.5,319200
2020-03-13,851.5,881.5,832.5,860.5,585000
2020-03-16,840.5,871.0,810.0,828.5,479800
2020-03-17,808.5,893.0,786.5,885.0,745400
2020-03-18,885.0,935.0,884.0,895.0,326600
2020-03-19,920.0,958.5,905.0,955.5,463600
2020-03-23,948.0,967.0,892.5,922.5,370200
2020-03-24,942.5,954.0,912.5,934.0,256800
2020-03-25,954.0,968.5,928.0,967.0,337400
2020-03-26,947.0,955.5,925.0,950.5,269800
2020-03-27,972.5,1022.5,970.0,1022.5,425400
2020-03-30,1008.5,1040.0,998.0,1040.0,282800
2020-03-31,1048.5,1050.5,1007.5,1024.5,191400
2020-04-01,1008.0,1034.0,979.0,993.0,195200
2020-04-02,981.0,995.0,957.0,979.5,247000
2020-04-03,1008.0,1033.5,952.0,962.5,128800
2020-04-06,931.0,984.0,931.0,979.0,228600
2020-04-07,979.0,1006.0,964.0,1003.5,198000
2020-04-08,1001.0,1024.0,975.0,1015.5,205600
2020-04-09,998.5,1008.5,977.0,996.0,208800
2020-04-10,999.5,1006.0,961.5,997.0,187000
2020-04-13,995.5,995.5,973.0,982.5,75000
2020-04-14,978.5,1001.0,968.5,997.0,112400
2020-04-15,985.5,991.5,970.0,978.5,183800
2020-04-16,966.0,985.0,959.0,982.5,150600
2020-04-17,995.0,1000.0,970.5,994.5,140200
2020-04-20,990.0,1005.0,974.0,984.5,107000
2020-04-21,965.5,977.5,957.5,973.5,114600
2020-04-22,963.5,970.0,945.0,968.5,117200
2020-04-23,973.0,996.0,973.0,993.0,103200
2020-04-24,983.0,997.0,973.5,997.0,108600
2020-04-27,1002.0,1007.5,975.5,989.0,144200
2020-04-28,1049.0,1056.0,1004.5,1023.5,368400
2020-04-30,1052.0,1056.5,1029.0,1045.5,307600
2020-05-01,1045.0,1050.5,1028.0,1029.0,87000
2020-05-07,1005.0,1034.0,1004.0,1016.0,188400
2020-05-08,1027.0,1033.5,1014.5,1025.0,127600
2020-05-11,1032.5,1039.0,1020.5,1035.5,88800
2020-05-12,1044.5,1044.5,1023.5,1028.0,71400
2020-05-13,1011.0,1023.0,1002.0,1018.0,92600
2020-05-14,1005.0,1028.5,1003.0,1011.5,108600
2020-05-15,1016.0,1035.5,1013.0,1034.5,118800
2020-05-18,1042.0,1042.0,1019.5,1042.0,104400
2020-05-19,1060.0,1060.5,1038.5,1054.0,120800
2020-05-20,1050.0,1063.0,1043.0,1062.0,139800
2020-05-21,1062.5,1085.0,1053.5,1080.0,105800
2020-05-22,1085.0,1085.0,1065.5,1079.5,146000
2020-05-25,1079.5,1098.5,1076.5,1098.5,100600
2020-05-26,1100.0,1142.0,1098.5,1131.5,208800
2020-05-27,1126.0,1147.0,1108.0,1146.0,127400
2020-05-28,1153.0,1163.0,1137.0,1147.5,242400
2020-05-29,1145.5,1189.0,1139.5,1167.5,356400
2020-06-01,1172.5,1192.5,1164.5,1189.0,162600
2020-06-02,1188.0,1217.0,1180.0,1215.5,173600
2020-06-03,1234.0,1246.0,1212.0,1223.5,249400
2020-06-04,1235.0,1241.0,1209.5,1235.5,136000
2020-06-05,1235.0,1238.0,1214.0,1229.0,117000
2020-06-08,1240.5,1241.5,1218.5,1234.5,109000
2020-06-09,1237.5,1237.5,1218.0,1224.5,113000
2020-06-10,1210.0,1239.0,1201.0,1234.0,200400
2020-06-11,1221.5,1248.5,1220.5,1230.5,150400
2020-06-12,1205.5,1217.5,1185.5,1186.0,174800
2020-06-15,1182.0,1188.0,1166.5,1169.5,138200
2020-06-16,1180.5,1206.0,1180.0,1197.5,185600
2020-06-17,1199.0,1226.5,1197.0,1207.5,165600
2020-06-18,1198.0,1234.5,1195.0,1234.5,106800
2020-06-19,1228.0,1230.0,1214.0,1219.5,94400
2020-06-22,1217.0,1237.0,1211.5,1230.5,47400
2020-06-23,1237.0,1241.0,1217.0,1226.5,67400
2020-06-24,1229.5,1229.5,1211.5,1221.0,98400
2020-06-25,1205.5,1227.0,1205.5,1220.0,98600
2020-06-26,1227.0,1244.0,1220.0,1239.5,126000
2020-06-29,1219.5,1245.5,1218.5,1239.0,101000
2020-06-30,1250.0,1260.0,1225.5,1232.0,112200
2020-07-01,1243.0,1245.5,1204.5,1207.0,89000
2020-07-02,1218.5,1232.0,1198.0,1204.5,147000
2020-07-03,1207.5,1221.0,1202.5,1221.0,51200
2020-07-06,1246.0,1276.0,1230.0,1261.5,212800
2020-07-07,1271.5,1272.0,1249.5,1256.5,145400
2020-07-08,1257.0,1295.5,1255.0,1261.5,188200
2020-07-09,1264.0,1266.5,1248.0,1248.0,96200
2020-07-10,1238.5,1249.5,1215.5,1216.0,116200
2020-07-13,1235.0,1249.5,1226.0,1246.5,91600
2020-07-14,1246.5,1249.5,1231.5,1248.0,91600
2020-07-15,1258.5,1271.0,1249.0,1255.0,101600
2020-07-16,1260.5,1267.0,1255.5,1257.0,56400
2020-07-17,1253.5,1273.0,1252.0,1269.5,53000
2020-07-20,1269.5,1277.5,1247.5,1266.5,70800
2020-07-21,1260.5,1284.5,1260.5,1276.5,113400
2020-07-22,1267.5,1275.5,1251.0,1251.5,62400
2020-07-27,1250.0,1286.0,1232.5,1274.5,147400
2020-07-28,1280.0,1288.5,1267.0,1286.0,161400
2020-07-29,1281.5,1289.5,1268.5,1279.5,71600
2020-07-30,1290.0,1290.0,1260.0,1279.0,88800
2020-07-31,1277.5,1277.5,1258.0,1264.0,77200
2020-08-03,1250.0,1259.0,1210.0,1231.5,154200
2020-08-04,1231.5,1252.0,1227.5,1238.5,126200
2020-08-05,1231.0,1261.5,1210.5,1245.5,146000
2020-08-06,1238.0,1245.0,1224.0,1235.0,87600
2020-08-07,1230.5,1230.5,1207.5,1214.0,97600
2020-08-11,1229.5,1231.0,1214.0,1223.0,139000
2020-08-12,1273.0,1273.0,1241.5,1256.0,237200
2020-08-13,1268.5,1278.5,1249.5,1260.0,141400
2020-08-14,1268.0,1270.0,1242.5,1243.5,89400
2020-08-17,1249.5,1260.5,1243.0,1252.5,123800
2020-08-18,1267.0,1276.0,1253.0,1262.5,200400
2020-08-19,1252.5,1263.0,1238.0,1257.5,74400
2020-08-20,1241.0,1271.5,1239.0,1251.0,110000
2020-08-21,1255.5,1261.5,1243.0,1243.5,59400
2020-08-24,1246.5,1270.5,1245.0,1265.5,75400
2020-08-25,1275.0,1285.0,1262.5,1265.0,69800
2020-08-26,1261.5,1276.5,1258.0,1268.0,60600
2020-08-27,1263.5,1282.0,1260.5,1265.0,110400
2020-08-28,1265.5,1294.5,1253.0,1262.0,177600
2020-08-31,1275.0,1303.0,1268.0,1275.0,165200
2020-09-01,1286.0,1288.5,1268.0,1281.0,111200
2020-09-02,1293.5,1326.0,1280.0,1313.5,297200
2020-09-03,1332.5,1343.5,1311.0,1311.0,233200
2020-09-04,1290.0,1314.5,1287.5,1308.5,174600
2020-09-07,1299.0,1304.5,1251.5,1267.0,269000
2020-09-08,1277.5,1285.0,1250.5,1257.0,129600
2020-09-09,1255.5,1276.5,1243.0,1274.5,238200
2020-09-10,1283.5,1292.5,1277.0,1278.5,117800
2020-09-11,1277.0,1284.5,1258.5,1282.5,158200
2020-09-14,1290.0,1290.5,1274.5,1283.5,86400
2020-09-15,1289.5,1289.5,1269.5,1282.5,54400
2020-09-16,1286.5,1318.0,1284.5,1302.5,250000
2020-09-17,1295.0,1312.5,1285.5,1308.0,133200
2020-09-18,1312.5,1335.5,1312.5,1326.0,242800
2020-09-23,1322.0,1343.5,1317.5,1341.0,115000
2020-09-24,1345.0,1367.5,1323.5,1329.0,154200
2020-09-25,1331.0,1367.5,1331.0,1353.0,223600
2020-09-28,1369.0,1396.0,1360.5,1392.0,227400
2020-09-29,1390.0,1423.5,1372.0,1420.0,157800
2020-09-30,1404.5,1404.5,1367.5,1367.5,241000
2020-10-02,1345.0,1366.5,1325.5,1340.0,178000
2020-10-05,1389.5,1389.5,1351.0,1353.5,156000
2020-10-06,1375.0,1378.5,1338.5,1348.5,140000
2020-10-07,1346.5,1378.5,1331.5,1374.0,181600
2020-10-08,1381.0,1386.0,1359.0,1380.0,130600
2020-10-09,1378.5,1383.0,1365.0,1380.0,107200
2020-10-12,1380.0,1394.0,1362.0,1391.5,70800
2020-10-13,1391.5,1396.0,1368.5,1392.5,60800
2020-10-14,1392.5,1403.5,1381.0,1391.5,74000
2020-10-15,1390.5,1390.5,1362.5,1384.0,84400
2020-10-16,1377.0,1378.5,1364.0,1372.5,81600
2020-10-19,1387.0,1398.0,1373.0,1387.0,76400
2020-10-20,1384.0,1392.0,1373.5,1382.5,72600
2020-10-21,1380.0,1401.5,1380.0,1399.0,76600
2020-10-22,1385.0,1391.0,1368.5,1384.5,111800
2020-10-23,1375.5,1389.5,1369.0,1377.0,98600
2020-10-26,1385.0,1402.5,1377.5,1399.0,97400
2020-10-27,1399.0,1399.0,1369.5,1385.0,112400
2020-10-28,1379.5,1401.0,1372.5,1396.0,131000
2020-10-29,1389.5,1403.0,1376.5,1395.0,110400
2020-10-30,1392.5,1393.0,1374.5,1385.5,119600
2020-11-02,1385.0,1408.0,1382.5,1391.5,181000
2020-11-04,1400.0,1400.0,1366.5,1370.0,234200
2020-11-05,1389.0,1402.0,1367.5,1392.5,243600
2020-11-06,1403.0,1451.5,1388.5,1432.0,329000
2020-11-09,1449.5,1475.0,1437.0,1462.5,270200
2020-11-10,1437.5,1443.5,1398.0,1433.0,330000
2020-11-11,1449.5,1449.5,1421.5,1447.5,226000
2020-11-12,1447.5,1447.5,1421.5,1434.0,183000
2020-11-13,1448.5,1454.0,1425.0,1429.5,154800
2020-11-16,1450.5,1475.0,1444.0,1453.5,283200
2020-11-17,1458.5,1460.0,1409.0,1414.5,154400
2020-11-18,1421.0,1423.5,1397.5,1400.0,169000
2020-11-19,1400.0,1419.5,1384.5,1403.0,206400
2020-11-20,1390.0,1413.0,1390.0,1406.0,117600
2020-11-24,1440.0,1440.0,1400.0,1400.0,174600
2020-11-25,1407.5,1407.5,1359.5,1360.5,248000
2020-11-26,1355.5,1372.0,1347.0,1350.5,215200
2020-11-27,1343.5,1351.0,1310.0,1320.0,242800
2020-11-30,1320.0,1325.5,1293.0,1298.5,341200
2020-12-01,1304.5,1312.0,1277.0,1281.0,199400
2020-12-02,1286.0,1293.5,1255.0,1257.5,205600
2020-12-03,1273.0,1274.0,1251.0,1256.5,139400
2020-12-04,1250.0,1266.5,1247.5,1261.5,105800
2020-12-07,1260.0,1260.5,1225.5,1240.0,231800
2020-12-08,1242.5,1259.5,1242.5,1249.5,169600
2020-12-09,1250.0,1280.5,1249.0,1278.0,188400
2020-12-10,1270.0,1287.0,1268.5,1268.5,141000
2020-12-11,1273.0,1305.0,1273.0,1305.0,131400
2020-12-14,1318.0,1327.0,1305.0,1316.0,155200
2020-12-15,1316.0,1318.5,1294.0,1301.0,146600
2020-12-16,1287.5,1295.0,1270.5,1276.0,99800
2020-12-17,1272.5,1299.0,1255.5,1297.0,203600
2020-12-18,1288.0,1302.0,1284.0,1290.0,157200
2020-12-21,1295.0,1312.0,1295.0,1304.5,151800
2020-12-22,1307.5,1316.5,1299.0,1307.5,134200
2020-12-23,1320.0,1337.0,1319.5,1326.0,111200
2020-12-24,1332.0,1335.0,1319.0,1329.5,84200
2020-12-25,1325.0,1333.5,1313.5,1326.0,83600
2020-12-28,1349.0,1358.5,1333.5,1343.0,155000
2020-12-29,1348.5,1368.0,1348.5,1364.0,130000
2020-12-30,1353.5,1375.0,1339.5,1355.0,164800
2021-01-04,1355.0,1358.5,1326.5,1346.0,125200
2021-01-05,1346.0,1346.0,1308.0,1311.5,156800
2021-01-06,1318.0,1330.5,1303.5,1322.5,100200
2021-01-07,1347.5,1381.0,1336.0,1366.5,282000
2021-01-08,1357.0,1392.5,1347.5,1387.0,168400
2021-01-12,1399.0,1427.5,1383.5,1414.0,197000
2021-01-13,1416.5,1433.0,1403.5,1415.5,91800
2021-01-14,1408.5,1431.0,1396.5,1408.0,86400
2021-01-15,1412.5,1412.5,1377.5,1380.5,79400
2021-01-18,1378.0,1388.5,1367.5,1374.0,58200
2021-01-19,1377.0,1381.5,1365.5,1365.5,54400
2021-01-20,1358.5,1360.0,1340.0,1343.0,93600
2021-01-21,1344.0,1375.0,1343.0,1369.0,161600
2021-01-22,1356.5,1362.5,1349.0,1349.0,67600
2021-01-25,1352.0,1363.0,1340.0,1362.0,85200
2021-01-26,1351.0,1367.0,1329.0,1342.5,133000
2021-01-27,1340.0,1350.5,1331.0,1334.5,59200
2021-01-28,1321.0,1335.0,1313.5,1320.5,112200
2021-01-29,1321.5,1350.5,1316.5,1330.0,133600
2021-02-01,1322.0,1350.5,1318.5,1343.0,85000
2021-02-02,1352.0,1363.0,1348.0,1363.0,93600
2021-02-03,1373.0,1406.0,1367.5,1397.5,177800
2021-02-04,1397.5,1487.0,1395.0,1418.0,418200
2021-02-05,1417.5,1458.5,1401.5,1439.0,178400
2021-02-08,1432.0,1463.5,1428.5,1438.0,120800
2021-02-09,1427.5,1427.5,1405.0,1417.5,89800
2021-02-10,1408.5,1420.5,1404.0,1405.5,100800
2021-02-12,1423.0,1472.5,1423.0,1469.5,198200
2021-02-15,1469.5,1475.0,1449.5,1467.0,104400
2021-02-16,1485.5,1502.5,1474.5,1484.0,109800
2021-02-17,1476.5,1499.5,1476.5,1491.5,129800
2021-02-18,1475.0,1480.5,1455.0,1463.0,67800
2021-02-19,1461.0,1499.0,1416.0,1487.0,173200
2021-02-22,1499.5,1499.5,1481.0,1483.0,92400
2021-02-24,1468.5,1483.0,1458.0,1463.5,119000
2021-02-25,1478.0,1486.0,1458.0,1474.0,142400
2021-02-26,1458.0,1472.0,1432.0,1436.0,186800
2021-03-01,1433.5,1449.5,1415.5,1437.0,133800
2021-03-02,1431.0,1438.0,1416.5,1423.5,98400
2021-03-03,1425.0,1436.0,1416.0,1422.5,69800
2021-03-04,1412.5,1436.0,1411.0,1425.5,117800
2021-03-05,1420.5,1461.0,1410.5,1458.0,117200
2021-03-08,1476.5,1480.5,1451.0,1463.0,81800
2021-03-09,1484.5,1494.5,1465.0,1470.0,166200
2021-03-10,1470.0,1499.5,1469.0,1487.5,94200
2021-03-11,1491.0,1510.0,1491.0,1500.0,170600
2021-03-12,1500.0,1512.5,1480.5,1510.0,138000
2021-03-15,1517.5,1542.5,1515.0,1535.0,112600
2021-03-16,1535.0,1565.0,1535.0,1552.5,117200
2021-03-17,1552.5,1597.5,1547.5,1597.5,159200
2021-03-18,1605.0,1637.5,1605.0,1627.5,211200
2021-03-19,1622.5,1667.5,1617.5,1665.0,307000
2021-03-22,1675.0,1702.5,1675.0,1687.5,214200
2021-03-23,1690.0,1720.0,1685.0,1695.0,153000
2021-03-24,1695.0,1705.0,1657.5,1657.5,176400
2021-03-25,1687.5,1707.5,1630.0,1642.5,123400
2021-03-26,1662.5,1672.5,1642.5,1652.5,107000
2021-03-29,1682.5,1697.5,1652.5,1672.5,168400
2021-03-30,1687.5,1707.5,1675.0,1695.0,164400
2021-03-31,1677.5,1707.5,1660.0,1670.0,122200
2021-04-01,1672.5,1675.0,1645.0,1667.5,78800
2021-04-02,1667.5,1700.0,1667.5,1697.5,44200
2021-04-05,1670.0,1715.0,1670.0,1692.5,67400
2021-04-06,1690.0,1697.5,1660.0,1665.0,52600
2021-04-07,1652.5,1710.0,1652.5,1700.0,77800
2021-04-08,1677.5,1685.0,1660.0,1680.0,83400
2021-04-09,1675.0,1692.5,1665.0,1670.0,108400
2021-04-12,1662.5,1672.5,1650.0,1672.5,73000
2021-04-13,1675.0,1687.5,1650.0,1667.5,64600
2021-04-14,1660.0,1662.5,1647.5,1655.0,40400
2021-04-15,1655.0,1667.5,1650.0,1665.0,37200
2021-04-16,1650.0,1655.0,1640.0,1647.5,61600
2021-04-19,1647.5,1657.5,1632.5,1640.0,45800
2021-04-20,1642.5,1655.0,1622.5,1637.5,62200
2021-04-21,1622.5,1625.0,1615.0,1620.0,43600
2021-04-22,1655.0,1685.0,1655.0,1680.0,114200
2021-04-23,1670.0,1705.0,1667.5,1685.0,86400
2021-04-26,1697.5,1702.5,1672.5,1675.0,70600
2021-04-27,1675.0,1685.0,1660.0,1677.5,44000
2021-04-28,1652.5,1690.0,1652.5,1685.0,59600
2021-04-30,1700.0,1717.5,1685.0,1687.5,107000
2021-05-06,1652.5,1705.0,1652.5,1690.0,104000
2021-05-07,1725.0,1742.5,1700.0,1707.5,76800
2021-05-10,1705.0,1725.0,1692.5,1707.5,48600
2021-05-11,1687.5,1705.0,1680.0,1685.0,54800
2021-05-12,1700.0,1707.5,1682.5,1690.0,95600
2021-05-13,1690.0,1712.5,1680.0,1695.0,153800
2021-05-14,1722.5,1742.5,1712.5,1712.5,102400
2021-05-17,1730.0,1740.0,1705.0,1730.0,151200
2021-05-18,1735.0,1777.5,1735.0,1752.5,290800
2021-05-19,1742.5,1752.5,1737.5,1742.5,123000
2021-05-20,1735.0,1760.0,1725.0,1727.5,85600
2021-05-21,1727.5,1727.5,1702.5,1715.0,102600
2021-05-24,1712.5,1772.5,1712.5,1750.0,86000
2021-05-25,1742.5,1752.5,1727.5,1732.5,217400
2021-05-26,1732.5,1767.5,1732.5,1750.0,80600
2021-05-27,1727.5,1775.0,1722.5,1722.5,154600
2021-05-28,1755.0,1760.0,1730.0,1742.5,69200
2021-05-31,1740.0,1742.5,1700.0,1712.5,89400
2021-06-01,1712.5,1732.5,1705.0,1730.0,64600
2021-06-02,1730.0,1735.0,1697.5,1707.5,84600
2021-06-03,1732.5,1732.5,1690.0,1697.5,121600
2021-06-04,1687.5,1695.0,1667.5,1692.5,70600
2021-06-07,1712.5,1730.0,1687.5,1722.5,87600
2021-06-08,1707.5,1717.5,1675.0,1710.0,80600
2021-06-09,1707.5,1735.0,1697.5,1702.5,90600
2021-06-10,1702.5,1712.5,1682.5,1705.0,74600
2021-06-11,1705.0,1705.0,1677.5,1687.5,116200
2021-06-14,1685.0,1687.5,1665.0,1675.0,61400
2021-06-15,1665.0,1675.0,1652.5,1662.5,76400
2021-06-16,1647.5,1687.5,1647.5,1677.5,66400
2021-06-17,1660.0,1682.5,1660.0,1672.5,79200
2021-06-18,1682.5,1682.5,1662.5,1667.5,67800
2021-06-21,1650.0,1657.5,1627.5,1635.0,92000
2021-06-22,1670.0,1705.0,1662.5,1705.0,58000
2021-06-23,1695.0,1742.5,1695.0,1735.0,78600
2021-06-24,1735.0,1735.0,1707.5,1732.5,87000
2021-06-25,1737.5,1750.0,1725.0,1750.0,55600
2021-06-28,1745.0,1755.0,1727.5,1750.0,60400
2021-06-29,1740.0,1740.0,1710.0,1727.5,48200
2021-06-30,1742.5,1760.0,1742.5,1745.0,65800
2021-07-01,1750.0,1770.0,1737.5,1767.5,63200
2021-07-02,1770.0,1772.5,1755.0,1767.5,51600
2021-07-05,1767.5,1787.5,1755.0,1755.0,48800
2021-07-06,1775.0,1780.0,1765.0,1765.0,39400
2021-07-07,1752.5,1760.0,1745.0,1747.5,30800
2021-07-08,1760.0,1775.0,1740.0,1752.5,71200
2021-07-09,1732.5,1762.5,1725.0,1752.5,111800
2021-07-12,1787.5,1815.0,1777.5,1805.0,92600
2021-07-13,1815.0,1847.5,1815.0,1830.0,72600
2021-07-14,1827.5,1850.0,1817.5,1840.0,50200
2021-07-15,1837.5,1855.0,1820.0,1822.5,80000
2021-07-16,1812.5,1835.0,1800.0,1807.5,30200
2021-07-19,1785.0,1792.5,1770.0,1770.0,67400
2021-07-20,1767.5,1777.5,1752.5,1772.5,45800
2021-07-21,1790.0,1805.0,1785.0,1802.5,33000
2021-07-26,1837.5,1837.5,1815.0,1835.0,44600
2021-07-27,1832.5,1842.5,1822.5,1835.0,42400
2021-07-28,1805.0,1830.0,1805.0,1827.5,31800
2021-07-29,1830.0,1855.0,1827.5,1847.5,56200
2021-07-30,1830.0,1857.5,1825.0,1830.0,56800
2021-08-02,1860.0,1885.0,1830.0,1857.5,79200
2021-08-03,1852.5,1855.0,1800.0,1802.5,105400
2021-08-04,1835.0,1835.0,1787.5,1787.5,63000
2021-08-05,1782.5,1795.0,1767.5,1775.0,55800
2021-08-06,1772.5,1787.5,1760.0,1762.5,28800
2021-08-10,1755.0,1797.5,1752.5,1792.5,94400
2021-08-11,1800.0,1800.0,1755.0,1760.0,37600
2021-08-12,1780.0,1780.0,1760.0,1780.0,37000
2021-08-13,1785.0,1802.5,1777.5,1800.0,38800
2021-08-16,1810.0,1842.5,1800.0,1812.5,151400
2021-08-17,1832.5,1837.5,1762.5,1762.5,87600
2021-08-18,1790.0,1822.5,1672.5,1732.5,203400
2021-08-19,1737.5,1755.0,1717.5,1722.5,108000
2021-08-20,1740.0,1800.0,1732.5,1735.0,190800
2021-08-23,1740.0,1752.5,1717.5,1735.0,80400
2021-08-24,1730.0,1760.0,1702.5,1760.0,157000
2021-08-25,1762.5,1762.5,1732.5,1755.0,69600
2021-08-26,1755.0,1755.0,1702.5,1705.0,85800
2021-08-27,1685.0,1685.0,1655.0,1655.0,141800
2021-08-30,1667.5,1675.0,1640.0,1652.5,138400
2021-08-31,1652.5,1657.5,1640.0,1650.0,213600
2021-09-01,1650.0,1690.0,1627.5,1685.0,243400
2021-09-02,1685.0,1685.0,1650.0,1652.5,51800
2021-09-03,1635.0,1675.0,1625.0,1670.0,127000
2021-09-06,1685.0,1685.0,1662.5,1670.0,70600
2021-09-07,1685.0,1695.0,1677.5,1692.5,72800
2021-09-08,1690.0,1712.5,1685.0,1710.0,87000
2021-09-09,1732.5,1750.0,1722.5,1747.5,79400
2021-09-10,1752.5,1770.0,1750.0,1760.0,182000
2021-09-13,1760.0,1790.0,1755.0,1770.0,100400
2021-09-14,1797.5,1825.0,1795.0,1805.0,152600
2021-09-15,1780.0,1780.0,1755.0,1770.0,129400
2021-09-16,1795.0,1795.0,1765.0,1790.0,105800
2021-09-17,1787.5,1805.0,1780.0,1795.0,91200
2021-09-21,1745.0,1747.5,1702.5,1722.5,143600
2021-09-22,1722.5,1725.0,1687.5,1690.0,95600
2021-09-24,1722.5,1750.0,1710.0,1730.0,94400
2021-09-27,1717.5,1720.0,1680.0,1687.5,99800
2021-09-28,1692.5,1697.5,1660.0,1687.5,119200
2021-09-29,1675.0,1675.0,1637.5,1645.0,173400
2021-09-30,1642.5,1687.5,1642.5,1657.5,172400
2021-10-01,1642.5,1647.5,1595.0,1600.0,148800
2021-10-04,1625.0,1625.0,1585.0,1602.5,76200
2021-10-05,1587.5,1587.5,1555.0,1555.0,107200
2021-10-06,1565.0,1580.0,1537.5,1540.0,101200
2021-10-07,1540.0,1557.5,1517.5,1517.5,119400
2021-10-08,1545.0,1552.5,1517.5,1525.0,111200
2021-10-11,1532.5,1587.5,1520.0,1587.5,69800
2021-10-12,1562.5,1582.5,1560.0,1572.5,59600
2021-10-13,1590.0,1615.0,1575.0,1600.0,92600
2021-10-14,1605.0,1625.0,1597.5,1615.0,62200
2021-10-15,1640.0,1680.0,1640.0,1650.0,151400
2021-10-18,1655.0,1672.5,1635.0,1670.0,82400
2021-10-19,1662.5,1665.0,1637.5,1642.5,70800
2021-10-20,1655.0,1660.0,1650.0,1660.0,25800
2021-10-21,1655.0,1655.0,1625.0,1625.0,26200
2021-10-22,1600.0,1645.0,1590.0,1635.0,71000
2021-10-25,1612.5,1635.0,1597.5,1610.0,53800
2021-10-26,1632.5,1640.0,1612.5,1630.0,51600
2021-10-27,1622.5,1627.5,1595.0,1600.0,36000
2021-10-28,1622.5,1655.0,1607.5,1642.5,166800
2021-10-29,1647.5,1670.0,1635.0,1647.5,125600
2021-11-01,1680.0,1700.0,1670.0,1697.5,96800
2021-11-02,1697.5,1752.5,1692.5,1710.0,169800
2021-11-04,1752.5,1780.0,1742.5,1757.5,146800
2021-11-05,1745.0,1770.0,1737.5,1737.5,50000
2021-11-08,1755.0,1765.0,1747.5,1750.0,64200
2021-11-09,1750.0,1775.0,1747.5,1750.0,94800
2021-11-10,1740.0,1760.0,1707.5,1750.0,110800
2021-11-11,1750.0,1770.0,1732.5,1765.0,46800
2021-11-12,1775.0,1812.5,1775.0,1797.5,101400
2021-11-15,1810.0,1825.0,1770.0,1770.0,92600
2021-11-16,1790.0,1795.0,1780.0,1790.0,67600
2021-11-17,1792.5,1825.0,1770.0,1790.0,115800
2021-11-18,1792.5,1815.0,1770.0,1800.0,51400
2021-11-19,1815.0,1842.5,1815.0,1835.0,155000
2021-11-22,1847.5,1860.0,1830.0,1835.0,84800
2021-11-24,1835.0,1837.5,1802.5,1805.0,65000
2021-11-25,1822.5,1870.0,1820.0,1842.5,124000
2021-11-26,1872.5,1875.0,1820.0,1825.0,68400
2021-11-29,1800.0,1812.5,1760.0,1775.0,96200
2021-11-30,1790.0,1810.0,1752.5,1755.0,191600
2021-12-01,1750.0,1762.5,1710.0,1745.0,140000
2021-12-02,1750.0,1795.0,1750.0,1775.0,121200
2021-12-03,1790.0,1842.5,1790.0,1837.5,93200
2021-12-06,1847.5,1882.5,1847.5,1847.5,150200
2021-12-07,1857.5,1872.5,1840.0,1870.0,154000
2021-12-08,1885.0,1922.5,1880.0,1910.0,157400
2021-12-09,1910.0,1937.5,1910.0,1927.5,111800
2021-12-10,1947.5,2005.0,1947.5,1990.0,204600
2021-12-13,2002.5,2022.5,1987.5,1997.5,157200
2021-12-14,1997.5,2015.0,1982.5,1985.0,75000
2021-12-15,1975.0,1980.0,1937.5,1945.0,82400
2021-12-16,1972.5,1977.5,1955.0,1960.0,61200
2021-12-17,1937.5,1950.0,1882.5,1897.5,167600
2021-12-20,1910.0,1910.0,1840.0,1847.5,142600
2021-12-21,1867.5,1890.0,1852.5,1872.5,109000
2021-12-22,1875.0,1892.5,1852.5,1875.0,63800
2021-12-23,1885.0,1925.0,1870.0,1900.0,86600
2021-12-24,1890.0,1912.5,1880.0,1907.5,48800
2021-12-27,1910.0,1967.5,1910.0,1932.5,109600
2021-12-28,1952.5,1977.5,1940.0,1975.0,88000
2021-12-29,1957.5,1972.5,1870.0,1967.5,73400
2021-12-30,1957.5,1975.0,1955.0,1962.5,55000
2022-01-04,1982.5,1985.0,1915.0,1920.0,75400
2022-01-05,1935.0,1940.0,1902.5,1930.0,58200
2022-01-06,1897.5,1910.0,1865.0,1880.0,76600
2022-01-07,1875.0,1895.0,1832.5,1840.0,102800
2022-01-11,1945.0,1962.5,1867.5,1877.5,296400
2022-01-12,1895.0,1945.0,1890.0,1932.5,156000
2022-01-13,1962.5,1965.0,1865.0,1870.0,107200
2022-01-14,1837.5,1850.0,1815.0,1835.0,159400
2022-01-17,1825.0,1870.0,1825.0,1852.5,83400
2022-01-18,1822.5,1845.0,1802.5,1805.0,69600
2022-01-19,1775.0,1792.5,1720.0,1740.0,185800
2022-01-20,1712.5,1790.0,1702.5,1770.0,126200
2022-01-21,1722.5,1745.0,1707.5,1745.0,85000
2022-01-24,1710.0,1732.5,1690.0,1727.5,87200
2022-01-25,1727.5,1727.5,1692.5,1702.5,104200
2022-01-26,1687.5,1697.5,1655.0,1685.0,141400
2022-01-27,1682.5,1695.0,1625.0,1630.0,194400
2022-01-28,1675.0,1700.0,1637.5,1640.0,99000
2022-01-31,1645.0,1722.5,1645.0,1702.5,177600
2022-02-01,1712.5,1717.5,1670.0,1672.5,86000
2022-02-02,1657.5,1702.5,1642.5,1692.5,215000
2022-02-03,1727.5,1765.0,1602.5,1642.5,425600
2022-02-04,1615.0,1632.5,1567.5,1612.5,319400
2022-02-07,1580.0,1600.0,1552.5,1577.5,201200
2022-02-08,1560.0,1580.0,1545.0,1572.5,140600
2022-02-09,1607.5,1622.5,1590.0,1595.0,115600
2022-02-10,1605.0,1610.0,1592.5,1602.5,83600
2022-02-14,1577.5,1607.5,1555.0,1592.5,70400
2022-02-15,1610.0,1635.0,1595.0,1607.5,154400
2022-02-16,1677.5,1677.5,1597.5,1620.0,153600
2022-02-17,1610.0,1610.0,1577.5,1585.0,95000
2022-02-18,1580.0,1610.0,1557.5,1602.5,125200
2022-02-21,1595.0,1620.0,1572.5,1612.5,124200
2022-02-22,1590.0,1617.5,1577.5,1617.5,88200
2022-02-24,1582.5,1630.0,1582.5,1622.5,148400
2022-02-25,1622.5,1632.5,1605.0,1625.0,102600
2022-02-28,1625.0,1647.5,1597.5,1645.0,158200
2022-03-01,1632.5,1650.0,1620.0,1622.5,139000
2022-03-02,1607.5,1607.5,1562.5,1562.5,148600
2022-03-03,1585.0,1585.0,1542.5,1545.0,142000
2022-03-04,1522.5,1532.5,1497.5,1502.5,170800
2022-03-07,1490.5,1507.5,1479.0,1499.5,166400
2022-03-08,1494.0,1520.0,1474.5,1488.0,191800
2022-03-09,1488.0,1505.0,1480.5,1493.5,106400
2022-03-10,1532.5,1562.5,1527.5,1550.0,104000
2022-03-11,1525.0,1537.5,1495.5,1510.0,93800
2022-03-14,1517.5,1532.5,1512.5,1522.5,54400
2022-03-15,1525.0,1567.5,1525.0,1542.5,152000
2022-03-16,1562.5,1570.0,1547.5,1547.5,169200
2022-03-17,1597.5,1617.5,1557.5,1617.5,270800
2022-03-18,1610.0,1645.0,1602.5,1615.0,334800
2022-03-22,1612.5,1615.0,1557.5,1580.0,141600
2022-03-23,1580.0,1607.5,1557.5,1597.5,115000
2022-03-24,1577.5,1582.5,1552.5,1572.5,101600
2022-03-25,1565.0,1597.5,1565.0,1577.5,108400
2022-03-28,1592.5,1597.5,1542.5,1552.5,105400
2022-03-29,1570.0,1595.0,1565.0,1592.5,143200
2022-03-30,1622.5,1625.0,1577.5,1602.5,109400
2022-03-31,1600.0,1620.0,1587.5,1607.5,105000
2022-04-01,1587.5,1597.5,1560.0,1587.5,85000
2022-04-04,1587.5,1595.0,1575.0,1590.0,81400
2022-04-05,1587.5,1587.5,1550.0,1550.0,88200
2022-04-06,1535.0,1535.0,1515.0,1525.0,91600
2022-04-07,1505.0,1537.5,1499.0,1527.5,104800
2022-04-08,1525.0,1537.5,1500.0,1525.0,169200
2022-04-11,1525.0,1532.5,1505.0,1512.5,65200
2022-04-12,1505.0,1505.0,1482.5,1485.0,130000
2022-04-13,1480.0,1500.0,1477.5,1492.0,128400
2022-04-14,1480.0,1492.5,1474.0,1480.0,96400
2022-04-15,1465.5,1467.5,1452.5,1458.5,139800
2022-04-18,1450.0,1450.0,1415.0,1439.5,140800
2022-04-19,1450.0,1456.0,1425.5,1431.0,82600
2022-04-20,1439.5,1447.0,1425.5,1444.0,95800
2022-04-21,1436.5,1449.0,1435.0,1449.0,94000
2022-04-22,1445.5,1445.5,1423.0,1429.5,105800
2022-04-25,1420.0,1420.0,1399.0,1401.5,156200
2022-04-26,1411.0,1431.0,1411.0,1426.0,108400
2022-04-27,1426.0,1449.5,1408.0,1449.5,350000
2022-04-28,1474.5,1502.5,1455.5,1491.5,289000
2022-05-02,1416.5,1443.0,1398.0,1411.0,392400
2022-05-06,1386.0,1386.0,1346.0,1363.5,282400
2022-05-09,1338.5,1339.0,1282.0,1302.0,293600
2022-05-10,1301.0,1332.0,1290.5,1321.0,175200
2022-05-11,1339.5,1347.0,1315.0,1340.5,174400
2022-05-12,1332.5,1332.5,1310.0,1310.0,155000
2022-05-13,1323.0,1359.5,1320.5,1359.5,119400
2022-05-16,1372.5,1372.5,1325.5,1335.0,191600
2022-05-17,1334.5,1359.5,1334.0,1335.0,66200
2022-05-18,1358.5,1365.0,1341.5,1348.5,104400
2022-05-19,1319.0,1342.0,1313.0,1329.0,88200
2022-05-20,1351.5,1351.5,1320.0,1322.0,106200
2022-05-23,1348.5,1367.5,1339.5,1361.0,108200
2022-05-24,1352.0,1352.0,1312.5,1313.0,179800
2022-05-25,1310.0,1310.0,1289.5,1294.0,160800
2022-05-26,1294.5,1313.0,1293.0,1300.5,163400
2022-05-27,1325.5,1325.5,1275.0,1286.0,172000
2022-05-30,1305.5,1330.0,1293.0,1330.0,406400
2022-05-31,1324.0,1331.0,1307.5,1314.0,278200
2022-06-01,1320.5,1337.5,1314.0,1336.0,105200
2022-06-02,1335.0,1346.5,1329.0,1343.5,148200
2022-06-03,1355.5,1378.5,1355.5,1365.0,150000
2022-06-06,1340.0,1351.0,1322.0,1350.0,136800
2022-06-07,1360.0,1361.0,1342.5,1344.0,73200
2022-06-08,1347.0,1367.0,1347.0,1355.0,74400
2022-06-09,1345.5,1357.5,1338.5,1344.5,75600
2022-06-10,1335.5,1336.5,1320.5,1323.0,126400
2022-06-13,1298.0,1311.0,1296.5,1303.5,93000
2022-06-14,1304.5,1320.5,1296.0,1317.5,102200
2022-06-15,1308.5,1322.0,1303.5,1303.5,90200
2022-06-16,1303.5,1322.5,1285.5,1293.0,100000
2022-06-17,1246.5,1302.5,1235.0,1291.5,177400
2022-06-20,1356.5,1356.5,1323.5,1331.5,253400
2022-06-21,1332.5,1353.5,1330.5,1336.5,146000
2022-06-22,1345.0,1353.5,1331.5,1350.5,116200
2022-06-23,1350.5,1367.5,1350.5,1360.0,152400
2022-06-24,1361.0,1418.5,1360.0,1370.0,189400
2022-06-27,1395.0,1398.5,1381.5,1390.0,103400
2022-06-28,1405.5,1423.5,1392.0,1423.5,176400
2022-06-29,1413.5,1443.0,1406.5,1437.5,432400
2022-06-30,1447.5,1474.5,1438.0,1469.5,340400
2022-07-01,1460.0,1475.5,1433.0,1439.0,222600
2022-07-04,1461.5,1461.5,1407.5,1423.5,119400
2022-07-05,1432.5,1446.0,1424.5,1434.5,107000
2022-07-06,1425.0,1425.0,1402.5,1405.0,99200
2022-07-07,1409.0,1451.0,1401.0,1450.0,112400
2022-07-08,1456.5,1474.0,1445.0,1458.0,133000
2022-07-11,1474.5,1481.5,1467.5,1478.0,102800
2022-07-12,1479.0,1479.0,1450.0,1460.0,131400
2022-07-13,1464.0,1481.0,1464.0,1476.0,135400
2022-07-14,1475.0,1494.0,1464.5,1494.0,115400
2022-07-15,1510.0,1522.5,1497.0,1515.0,140600
2022-07-19,1515.0,1525.0,1490.0,1510.0,100800
2022-07-20,1530.0,1540.0,1525.0,1532.5,101400
2022-07-21,1537.5,1537.5,1515.0,1532.5,58400
2022-07-22,1540.0,1547.5,1527.5,1542.5,77200
2022-07-25,1530.0,1545.0,1527.5,1537.5,52800
2022-07-26,1545.0,1572.5,1535.0,1562.5,122400
2022-07-27,1560.0,1572.5,1552.5,1567.5,68200
2022-07-28,1577.5,1577.5,1550.0,1565.0,84200
2022-07-29,1572.5,1572.5,1540.0,1550.0,94200
2022-08-01,1560.0,1587.5,1560.0,1577.5,80400
2022-08-02,1575.0,1575.0,1532.5,1537.5,78600
2022-08-03,1545.0,1555.0,1535.0,1550.0,65200
2022-08-04,1560.0,1560.0,1535.0,1550.0,93400
2022-08-05,1547.5,1572.5,1547.5,1572.5,77400
2022-08-08,1565.0,1567.5,1552.5,1565.0,64800
2022-08-09,1565.0,1565.0,1550.0,1555.0,61600
2022-08-10,1560.0,1572.5,1547.5,1557.5,74800
2022-08-12,1575.0,1597.5,1560.0,1597.5,138600
2022-08-15,1610.0,1612.5,1582.5,1610.0,77200
2022-08-16,1610.0,1625.0,1602.5,1617.5,72400
2022-08-17,1627.5,1635.0,1595.0,1607.5,121000
2022-08-18,1602.5,1602.5,1555.0,1557.5,97600
2022-08-19,1557.5,1562.5,1537.5,1540.0,64400
2022-08-22,1530.0,1530.0,1507.5,1510.0,106600
2022-08-23,1505.0,1520.0,1485.0,1520.0,90600
2022-08-24,1580.0,1610.0,1565.0,1607.5,216200
2022-08-25,1607.5,1612.5,1572.5,1607.5,182000
2022-08-26,1625.0,1642.5,1610.0,1637.5,157400
2022-08-29,1637.5,1667.5,1632.5,1665.0,213600
2022-08-30,1667.5,1682.5,1617.5,1625.0,216600
2022-08-31,1605.0,1632.5,1580.0,1622.5,254600
2022-09-01,1605.0,1615.0,1587.5,1600.0,103000
2022-09-02,1595.0,1617.5,1585.0,1610.0,80200
2022-09-05,1597.5,1635.0,1597.5,1630.0,95400
2022-09-06,1625.0,1637.5,1610.0,1622.5,110600
2022-09-07,1622.5,1657.5,1622.5,1657.5,175800
2022-09-08,1692.5,1717.5,1690.0,1692.5,183200
2022-09-09,1680.0,1690.0,1662.5,1687.5,121200
2022-09-12,1690.0,1715.0,1690.0,1705.0,50000
2022-09-13,1707.5,1717.5,1690.0,1712.5,61400
2022-09-14,1677.5,1680.0,1657.5,1657.5,81200
2022-09-15,1672.5,1685.0,1640.0,1657.5,60800
2022-09-16,1650.0,1657.5,1637.5,1637.5,64000
2022-09-20,1647.5,1650.0,1617.5,1647.5,80600
2022-09-21,1630.0,1637.5,1612.5,1627.5,85800
2022-09-22,1625.0,1630.0,1600.0,1622.5,109800
2022-09-26,1600.0,1600.0,1562.5,1580.0,126200
2022-09-27,1585.0,1585.0,1552.5,1555.0,120800
2022-09-28,1550.0,1572.5,1530.0,1565.0,152200
2022-09-29,1590.0,1620.0,1580.0,1620.0,132200
2022-09-30,1610.0,1610.0,1572.5,1580.0,110400
2022-10-03,1547.5,1565.0,1527.5,1557.5,84000
2022-10-04,1592.5,1630.0,1580.0,1625.0,95000
2022-10-05,1645.0,1660.0,1625.0,1647.5,101200
2022-10-06,1655.0,1665.0,1630.0,1640.0,106800
2022-10-07,1605.0,1637.5,1605.0,1627.5,44400
2022-10-11,1612.5,1640.0,1602.5,1602.5,110800
2022-10-12,1592.5,1607.5,1582.5,1592.5,85400
2022-10-13,1575.0,1610.0,1535.0,1535.0,109600
2022-10-14,1565.0,1575.0,1542.5,1550.0,101400
2022-10-17,1525.0,1542.5,1515.0,1535.0,138200
2022-10-18,1565.0,1590.0,1555.0,1570.0,131400
2022-10-19,1572.5,1572.5,1535.0,1535.0,71200
2022-10-20,1517.5,1520.0,1496.0,1512.5,93600
2022-10-21,1495.0,1502.5,1484.5,1487.5,63800
2022-10-24,1505.0,1505.0,1476.5,1476.5,80600
2022-10-25,1480.0,1489.5,1473.5,1484.0,81400
2022-10-26,1484.0,1498.0,1481.5,1481.5,97400
2022-10-27,1481.0,1490.0,1469.0,1471.5,146000
2022-10-28,1451.0,1502.5,1450.0,1482.0,355200
2022-10-31,1499.5,1512.5,1480.5,1512.5,137200
2022-11-01,1499.5,1502.5,1469.0,1486.0,71400
2022-11-02,1482.5,1499.0,1467.0,1470.0,117400
2022-11-04,1444.0,1444.0,1428.5,1432.5,171800
2022-11-07,1449.5,1454.5,1440.5,1450.0,124400
2022-11-08,1454.5,1487.0,1453.5,1479.5,140400
2022-11-09,1484.5,1484.5,1458.0,1468.0,115000
2022-11-10,1440.5,1443.0,1404.0,1407.0,228000
2022-11-11,1478.5,1537.5,1478.5,1517.5,437400
2022-11-14,1482.5,1560.0,1482.5,1555.0,267400
2022-11-15,1562.5,1617.5,1560.0,1597.5,187800
2022-11-16,1625.0,1702.5,1597.5,1690.0,336800
2022-11-17,1700.0,1745.0,1690.0,1695.0,311000
2022-11-18,1730.0,1740.0,1680.0,1687.5,202400
2022-11-21,1652.5,1707.5,1652.5,1700.0,155800
2022-11-22,1700.0,1725.0,1682.5,1715.0,158800
2022-11-24,1725.0,1742.5,1685.0,1687.5,129400
2022-11-25,1737.5,1737.5,1687.5,1690.0,148600
2022-11-28,1695.0,1710.0,1647.5,1687.5,161800
2022-11-29,1662.5,1672.5,1635.0,1655.0,131200
2022-11-30,1622.5,1642.5,1605.0,1622.5,238200
2022-12-01,1630.0,1647.5,1597.5,1607.5,79000
2022-12-02,1590.0,1590.0,1535.0,1567.5,170200
2022-12-05,1550.0,1565.0,1517.5,1540.0,192000
2022-12-06,1512.5,1535.0,1502.5,1515.0,195600
2022-12-07,1530.0,1570.0,1530.0,1560.0,186200
2022-12-08,1580.0,1612.5,1580.0,1610.0,155200
2022-12-09,1625.0,1652.5,1615.0,1622.5,132600
2022-12-12,1605.0,1620.0,1580.0,1590.0,76400
2022-12-13,1607.5,1610.0,1577.5,1600.0,68000
2022-12-14,1607.5,1622.5,1582.5,1597.5,56800
2022-12-15,1605.0,1605.0,1550.0,1552.5,161600
2022-12-16,1540.0,1547.5,1515.0,1535.0,245000
2022-12-19,1530.0,1545.0,1515.0,1515.0,93000
2022-12-20,1522.5,1562.5,1489.0,1502.5,221200
2022-12-21,1502.5,1502.5,1457.0,1471.0,184000
2022-12-22,1484.5,1525.0,1478.5,1522.5,91600
2022-12-23,1517.5,1540.0,1505.0,1522.5,111200
2022-12-26,1522.5,1527.5,1502.5,1522.5,75400
2022-12-27,1522.5,1542.5,1493.0,1502.5,116800
2022-12-28,1502.5,1552.5,1502.5,1545.0,137400
2022-12-29,1530.0,1565.0,1530.0,1550.0,116600
2022-12-30,1562.5,1585.0,1557.5,1557.5,108600
2023-01-04,1535.0,1537.5,1495.5,1510.0,135200
2023-01-05,1500.0,1537.5,1500.0,1530.0,91400
2023-01-06,1547.5,1557.5,1527.5,1552.5,110000
2023-01-10,1530.0,1560.0,1530.0,1555.0,79600
2023-01-11,1572.5,1587.5,1560.0,1565.0,158800
2023-01-12,1575.0,1610.0,1567.5,1577.5,281800
2023-01-13,1562.5,1575.0,1550.0,1555.0,175200
2023-01-16,1535.0,1550.0,1517.5,1540.0,127400
2023-01-17,1540.0,1557.5,1535.0,1537.5,176800
2023-01-18,1540.0,1565.0,1517.5,1545.0,250000
2023-01-19,1540.0,1575.0,1532.5,1570.0,279600
2023-01-20,1560.0,1585.0,1560.0,1585.0,185400
2023-01-23,1610.0,1660.0,1610.0,1650.0,206600
2023-01-24,1637.5,1652.5,1625.0,1637.5,169800
2023-01-25,1635.0,1645.0,1610.0,1622.5,134000
2023-01-26,1632.5,1647.5,1622.5,1647.5,128000
2023-01-27,1650.0,1650.0,1620.0,1645.0,225800
2023-01-30,1650.0,1662.5,1625.0,1650.0,1014000
2023-01-31,1645.0,1685.0,1645.0,1675.0,298000
2023-02-01,1672.5,1692.5,1645.0,1652.5,120400
2023-02-02,1660.0,1682.5,1645.0,1680.0,117800
2023-02-03,1687.5,1695.0,1685.0,1692.5,76000
2023-02-06,1692.5,1710.0,1680.0,1692.5,94800
2023-02-07,1687.5,1707.5,1672.5,1697.5,94000
2023-02-08,1697.5,1712.5,1680.0,1697.5,133800
2023-02-09,1690.0,1700.0,1667.5,1692.5,64000
2023-02-10,1667.5,1697.5,1665.0,1692.5,77600
2023-02-13,1687.5,1687.5,1672.5,1672.5,76600
2023-02-14,1697.5,1715.0,1690.0,1702.5,117800
2023-02-15,1695.0,1702.5,1615.0,1617.5,181200
2023-02-16,1630.0,1655.0,1607.5,1610.0,174600
2023-02-17,1607.5,1625.0,1597.5,1622.5,174000
2023-02-20,1637.5,1680.0,1637.5,1675.0,96000
2023-02-21,1677.5,1680.0,1655.0,1657.5,236400
2023-02-22,1652.5,1652.5,1622.5,1632.5,175200
2023-02-24,1642.5,1655.0,1612.5,1612.5,162000
2023-02-27,1612.5,1650.0,1607.5,1640.0,152000
2023-02-28,1632.5,1652.5,1630.0,1647.5,133200
2023-03-01,1645.0,1647.5,1625.0,1642.5,68000
2023-03-02,1642.5,1652.5,1635.0,1642.5,52000
2023-03-03,1642.5,1645.0,1620.0,1625.0,117400
2023-03-06,1625.0,1670.0,1625.0,1662.5,123200
2023-03-07,1642.5,1687.5,1640.0,1672.5,98600
2023-03-08,1670.0,1687.5,1665.0,1672.5,73000
2023-03-09,1672.5,1692.5,1667.5,1675.0,71200
2023-03-10,1670.0,1687.5,1660.0,1660.0,164400
2023-03-13,1625.0,1635.0,1612.5,1620.0,93200
2023-03-14,1592.5,1592.5,1557.5,1580.0,162000
2023-03-15,1580.0,1605.0,1575.0,1605.0,62600
2023-03-16,1577.5,1592.5,1550.0,1570.0,126800
2023-03-17,1580.0,1592.5,1560.0,1565.0,106800
2023-03-20,1555.0,1565.0,1545.0,1550.0,101800
2023-03-22,1575.0,1592.5,1567.5,1580.0,80000
2023-03-23,1557.5,1577.5,1552.5,1575.0,36800
2023-03-24,1562.5,1577.5,1557.5,1562.5,108800
2023-03-27,1565.0,1587.5,1560.0,1565.0,62600
2023-03-28,1580.0,1580.0,1562.5,1562.5,52600
2023-03-29,1560.0,1615.0,1560.0,1605.0,134600
2023-03-30,1607.5,1622.5,1600.0,1607.5,103400
2023-03-31,1627.5,1635.0,1590.0,1607.5,123800
2023-04-03,1637.5,1637.5,1610.0,1617.5,98000
2023-04-04,1617.5,1627.5,1607.5,1620.0,105800
2023-04-05,1602.5,1610.0,1580.0,1595.0,121000
2023-04-06,1580.0,1600.0,1570.0,1587.5,165200
2023-04-07,1597.5,1607.5,1590.0,1590.0,103200
2023-04-10,1597.5,1607.5,1587.5,1600.0,90000
2023-04-11,1617.5,1635.0,1610.0,1632.5,78200
2023-04-12,1640.0,1645.0,1607.5,1630.0,88200
2023-04-13,1625.0,1655.0,1617.5,1650.0,55400
2023-04-14,1670.0,1675.0,1652.5,1655.0,101800
2023-04-17,1655.0,1657.5,1645.0,1655.0,42000
2023-04-18,1662.5,1680.0,1660.0,1675.0,58800
2023-04-19,1675.0,1675.0,1637.5,1637.5,52600
2023-04-20,1620.0,1640.0,1612.5,1617.5,36600
2023-04-21,1612.5,1632.5,1605.0,1615.0,47400
2023-04-24,1627.5,1640.0,1617.5,1627.5,35600
2023-04-25,1640.0,1645.0,1607.5,1612.5,52800
2023-04-26,1597.5,1612.5,1592.5,1595.0,52200
2023-04-27,1592.5,1605.0,1582.5,1592.5,62800
2023-04-28,1607.5,1640.0,1607.5,1620.0,124000
2023-05-01,1637.5,1647.5,1620.0,1632.5,85600
2023-05-02,1632.5,1650.0,1632.5,1650.0,30800
2023-05-08,1650.0,1657.5,1630.0,1635.0,77800
2023-05-09,1645.0,1657.5,1642.5,1655.0,54200
2023-05-10,1645.0,1650.0,1615.0,1627.5,43600
2023-05-11,1620.0,1630.0,1602.5,1605.0,35800
2023-05-12,1592.5,1620.0,1592.5,1607.5,54400
2023-05-15,1585.0,1587.5,1550.0,1562.5,116600
2023-05-16,1560.0,1560.0,1517.5,1527.5,170600
2023-05-17,1512.5,1527.5,1505.0,1507.5,91600
2023-05-18,1515.0,1545.0,1515.0,1517.5,150400
2023-05-19,1510.0,1537.5,1510.0,1522.5,71400
2023-05-22,1532.5,1532.5,1505.0,1530.0,61800
2023-05-23,1525.0,1542.5,1500.0,1505.0,107800
2023-05-24,1500.0,1530.0,1496.0,1520.0,83600
2023-05-25,1500.0,1510.0,1491.0,1491.5,136200
2023-05-26,1491.5,1499.0,1485.5,1489.5,71400
2023-05-29,1507.5,1512.5,1490.0,1492.5,71200
2023-05-30,1499.5,1515.0,1499.0,1500.0,87200
2023-05-31,1493.0,1525.0,1491.5,1500.0,166800
2023-06-01,1522.5,1522.5,1491.5,1493.0,112600
2023-06-02,1492.0,1512.5,1485.5,1500.0,108800
2023-06-05,1507.5,1520.0,1505.0,1515.0,111200
2023-06-06,1500.0,1525.0,1496.0,1520.0,89200
2023-06-07,1535.0,1557.5,1532.5,1545.0,211400
2023-06-08,1527.5,1547.5,1525.0,1535.0,101400
2023-06-09,1555.0,1565.0,1542.5,1550.0,164800
2023-06-12,1550.0,1590.0,1550.0,1590.0,110000
2023-06-13,1592.5,1597.5,1552.5,1557.5,92400
2023-06-14,1560.0,1582.5,1560.0,1580.0,102600
2023-06-15,1575.0,1587.5,1560.0,1560.0,76000
2023-06-16,1577.5,1582.5,1552.5,1570.0,146800
2023-06-19,1580.0,1585.0,1565.0,1570.0,47800
2023-06-20,1555.0,1580.0,1550.0,1580.0,63800
2023-06-21,1562.5,1592.5,1562.5,1575.0,85600
2023-06-22,1582.5,1582.5,1562.5,1567.5,65200
2023-06-23,1567.5,1577.5,1552.5,1562.5,75800
2023-06-26,1562.5,1565.0,1542.5,1547.5,43000
2023-06-27,1547.5,1547.5,1525.0,1537.5,64400
2023-06-28,1547.5,1580.0,1545.0,1580.0,102000
2023-06-29,1597.5,1637.5,1585.0,1590.0,157200
2023-06-30,1590.0,1610.0,1587.5,1597.5,147600
2023-07-03,1610.0,1615.0,1587.5,1587.5,106600
2023-07-04,1570.0,1570.0,1532.5,1537.5,134400
2023-07-05,1547.5,1557.5,1525.0,1525.0,77200
2023-07-06,1522.5,1550.0,1522.5,1530.0,134200
2023-07-07,1525.0,1527.5,1507.5,1510.0,136200
2023-07-10,1515.0,1517.5,1500.0,1510.0,217400
2023-07-11,1520.0,1537.5,1505.0,1525.0,115600
2023-07-12,1530.0,1540.0,1502.5,1505.0,76600
2023-07-13,1502.5,1527.5,1502.5,1515.0,95800
2023-07-14,1530.0,1550.0,1515.0,1540.0,95400
2023-07-18,1547.5,1550.0,1525.0,1532.5,38400
2023-07-19,1542.5,1555.0,1537.5,1552.5,66000
2023-07-20,1562.5,1567.5,1550.0,1552.5,84200
2023-07-21,1552.5,1562.5,1530.0,1545.0,61600
2023-07-24,1565.0,1565.0,1537.5,1547.5,82800
2023-07-25,1547.5,1557.5,1540.0,1555.0,37200
2023-07-26,1552.5,1562.5,1532.5,1552.5,89200
2023-07-27,1552.5,1555.0,1535.0,1542.5,107400
2023-07-28,1525.0,1567.5,1525.0,1567.5,126600
2023-07-31,1585.0,1590.0,1570.0,1570.0,73000
2023-08-01,1570.0,1572.5,1542.5,1552.5,83800
2023-08-02,1552.5,1552.5,1537.5,1547.5,46600
2023-08-03,1530.0,1530.0,1512.5,1517.5,76000
2023-08-04,1502.5,1515.0,1502.5,1512.5,49800
2023-08-07,1505.0,1525.0,1497.5,1522.5,50000
2023-08-08,1515.0,1525.0,1512.5,1520.0,46000
2023-08-09,1512.5,1522.5,1505.0,1522.5,48000
2023-08-10,1522.5,1530.0,1500.0,1525.0,66800
2023-08-14,1560.0,1590.0,1545.0,1562.5,174200
2023-08-15,1575.0,1585.0,1540.0,1575.0,122400
2023-08-16,1557.5,1572.5,1537.5,1567.5,70000
2023-08-17,1565.0,1565.0,1537.5,1555.0,102800
2023-08-18,1545.0,1550.0,1525.0,1535.0,64800
2023-08-21,1545.0,1555.0,1537.5,1542.5,55400
2023-08-22,1540.0,1557.5,1537.5,1555.0,43600
2023-08-23,1547.5,1587.5,1547.5,1582.5,59200
2023-08-24,1585.0,1585.0,1545.0,1557.5,77000
2023-08-25,1535.0,1552.5,1535.0,1547.5,44200
2023-08-28,1547.5,1555.0,1535.0,1547.5,42400
2023-08-29,1555.0,1562.5,1550.0,1557.5,32800
2023-08-30,1552.5,1555.0,1532.5,1547.5,63800
2023-08-31,1560.0,1567.5,1552.5,1565.0,93200
2023-09-01,1555.0,1557.5,1530.0,1535.0,97000
2023-09-04,1540.0,1542.5,1510.0,1517.5,115800
2023-09-05,1522.5,1532.5,1510.0,1532.5,71400
2023-09-06,1547.5,1565.0,1542.5,1557.5,178000
2023-09-07,1565.0,1567.5,1550.0,1560.0,82000
2023-09-08,1547.5,1550.0,1517.5,1522.5,103200
2023-09-11,1542.5,1542.5,1527.5,1537.5,69000
2023-09-12,1537.5,1550.0,1535.0,1550.0,53600
2023-09-13,1555.0,1572.5,1547.5,1567.5,96800
2023-09-14,1567.5,1570.0,1555.0,1567.5,65000
2023-09-15,1575.0,1575.0,1545.0,1552.5,110000
2023-09-19,1545.0,1545.0,1520.0,1532.5,70000
2023-09-20,1532.5,1535.0,1512.5,1512.5,105600
2023-09-21,1517.5,1520.0,1499.0,1502.5,123600
2023-09-22,1494.0,1502.5,1480.0,1496.0,120200
2023-09-25,1507.5,1525.0,1505.0,1512.5,56000
2023-09-26,1510.0,1517.5,1497.5,1497.5,59000
2023-09-27,1496.5,1515.0,1490.0,1515.0,98600
2023-09-28,1515.0,1515.0,1496.0,1505.0,90000
2023-09-29,1507.5,1515.0,1493.5,1495.0,147400
2023-10-02,1495.0,1495.0,1460.5,1460.5,210200
2023-10-03,1460.0,1467.5,1450.5,1452.0,192400
2023-10-04,1440.0,1469.5,1432.5,1450.0,183400
2023-10-05,1450.0,1495.0,1450.0,1489.5,124000
2023-10-06,1494.5,1495.5,1480.0,1482.0,50000
2023-10-10,1485.0,1499.0,1485.0,1491.0,53200
2023-10-11,1491.0,1496.0,1477.5,1478.5,53800
2023-10-12,1475.0,1491.0,1461.5,1490.5,64800
2023-10-13,1485.5,1485.5,1465.0,1470.5,52000
2023-10-16,1460.0,1467.0,1450.5,1465.5,73200
2023-10-17,1466.5,1470.0,1455.0,1460.0,45200
2023-10-18,1459.5,1461.0,1445.5,1458.0,69800
2023-10-19,1440.0,1452.0,1432.5,1444.5,101400
2023-10-20,1436.0,1448.5,1435.0,1445.5,45000
2023-10-23,1439.0,1440.5,1425.0,1429.5,121800
2023-10-24,1426.5,1443.5,1415.0,1440.0,106400
2023-10-25,1445.5,1452.0,1424.5,1427.5,98600
2023-10-26,1415.0,1432.0,1408.0,1417.5,132200
2023-10-27,1427.0,1446.0,1426.5,1446.0,95400
2023-10-30,1435.5,1441.5,1420.5,1434.0,98400
2023-10-31,1445.0,1461.5,1428.5,1461.5,111200
2023-11-01,1476.5,1480.5,1466.0,1474.5,70000
2023-11-02,1477.5,1483.5,1462.0,1475.0,66400
2023-11-06,1493.0,1493.0,1472.0,1472.0,77800
2023-11-07,1485.0,1489.5,1470.0,1470.0,48000
2023-11-08,1475.0,1491.0,1469.5,1490.0,120200
2023-11-09,1484.5,1484.5,1453.5,1480.0,75000
2023-11-10,1480.0,1505.0,1477.5,1500.0,106600
2023-11-13,1507.5,1507.5,1464.5,1473.0,40600
2023-11-14,1471.0,1477.0,1453.0,1462.5,93800
2023-11-15,1487.0,1542.5,1487.0,1490.0,353800
2023-11-16,1505.0,1532.5,1494.5,1505.0,219600
2023-11-17,1502.5,1557.5,1500.0,1545.0,170600
2023-11-20,1550.0,1560.0,1527.5,1545.0,93800
2023-11-21,1540.0,1550.0,1525.0,1542.5,57400
2023-11-22,1527.5,1537.5,1517.5,1517.5,42000
2023-11-24,1532.5,1532.5,1495.5,1507.5,153800
2023-11-27,1515.0,1515.0,1496.0,1499.0,45000
2023-11-28,1491.5,1494.5,1471.0,1475.0,103200
2023-11-29,1465.5,1479.5,1465.5,1474.5,78800
2023-11-30,1471.0,1494.5,1470.5,1479.5,140600
2023-12-01,1464.0,1472.5,1453.5,1462.0,141200
2023-12-04,1445.5,1472.0,1442.5,1467.0,97800
2023-12-05,1459.0,1480.0,1456.0,1456.5,137800
2023-12-06,1462.0,1499.5,1454.5,1498.5,188400
2023-12-07,1496.5,1517.5,1496.5,1510.0,95000
2023-12-08,1525.0,1535.0,1505.0,1510.0,117200
2023-12-11,1515.0,1525.0,1510.0,1522.5,50400
2023-12-12,1532.5,1542.5,1530.0,1535.0,79000
2023-12-13,1535.0,1545.0,1520.0,1535.0,84200
2023-12-14,1535.0,1545.0,1500.0,1515.0,75000
2023-12-15,1520.0,1520.0,1480.5,1492.5,103600
2023-12-18,1480.0,1495.0,1466.5,1492.5,49600
2023-12-19,1498.0,1520.0,1496.5,1517.5,77800
2023-12-20,1500.0,1520.0,1500.0,1515.0,65400
2023-12-21,1510.0,1515.0,1499.0,1502.5,47200
2023-12-22,1500.0,1502.5,1489.0,1498.5,45400
2023-12-25,1499.5,1507.5,1471.5,1473.5,54800
2023-12-26,1473.5,1473.5,1459.0,1463.5,53200
2023-12-27,1461.5,1491.0,1460.0,1484.5,85800
2023-12-28,1477.0,1493.5,1477.0,1493.5,53200
2023-12-29,1493.5,1530.0,1493.0,1517.5,145800
2024-01-04,1567.5,1605.0,1532.5,1602.5,333000
2024-01-05,1605.0,1642.5,1572.5,1622.5,376200
2024-01-09,1657.5,1660.0,1602.5,1607.5,158800
2024-01-10,1605.0,1630.0,1605.0,1620.0,178800
2024-01-11,1635.0,1635.0,1602.5,1612.5,145800
2024-01-12,1625.0,1627.5,1607.5,1612.5,208800
2024-01-15,1612.5,1620.0,1607.5,1617.5,17400
2024-01-16,1612.5,1662.5,1607.5,1620.0,98600
2024-01-17,1622.5,1652.5,1615.0,1620.0,100000
2024-01-18,1602.5,1607.5,1572.5,1575.0,95400
2024-01-19,1575.0,1602.5,1570.0,1600.0,94800
2024-01-22,1597.5,1615.0,1595.0,1610.0,49200
2024-01-23,1620.0,1627.5,1610.0,1620.0,57000
2024-01-24,1612.5,1612.5,1590.0,1600.0,55600
2024-01-25,1600.0,1607.5,1580.0,1582.5,71200
2024-01-26,1595.0,1600.0,1577.5,1585.0,88400
2024-01-29,1587.5,1605.0,1582.5,1595.0,79600
2024-01-30,1595.0,1607.5,1582.5,1605.0,78000
2024-01-31,1605.0,1612.5,1595.0,1612.5,82600
2024-02-01,1590.0,1610.0,1590.0,1592.5,71000
2024-02-02,1585.0,1592.5,1575.0,1575.0,69400
2024-02-05,1575.0,1580.0,1560.0,1565.0,74200
2024-02-06,1565.0,1570.0,1555.0,1557.5,61000
2024-02-07,1555.0,1570.0,1545.0,1562.5,63000
2024-02-08,1562.5,1562.5,1532.5,1547.5,120600
2024-02-09,1540.0,1555.0,1535.0,1542.5,79400
2024-02-13,1560.0,1585.0,1552.5,1585.0,148400
2024-02-14,1575.0,1580.0,1555.0,1567.5,157200
2024-02-15,1660.0,1665.0,1620.0,1642.5,601400
2024-02-16,1677.5,1742.5,1655.0,1680.0,585000
2024-02-19,1672.5,1707.5,1652.5,1677.5,333200
2024-02-20,1675.0,1722.5,1670.0,1680.0,247400
2024-02-21,1667.5,1700.0,1660.0,1697.5,105800
2024-02-22,1710.0,1720.0,1690.0,1712.5,130400
2024-02-26,1722.5,1775.0,1720.0,1770.0,266800
2024-02-27,1770.0,1777.5,1720.0,1730.0,216200
2024-02-28,1775.0,1775.0,1735.0,1755.0,174000
2024-02-29,1765.0,1770.0,1712.5,1735.0,252400
2024-03-01,1727.5,1752.5,1725.0,1742.5,104600
2024-03-04,1740.0,1745.0,1715.0,1722.5,122600
2024-03-05,1720.0,1737.5,1700.0,1715.0,162200
2024-03-06,1690.0,1737.5,1690.0,1732.5,165800
2024-03-07,1775.0,1780.0,1740.0,1757.5,524400
2024-03-08,1722.5,1760.0,1710.0,1750.0,167000
2024-03-11,1742.5,1767.5,1732.5,1742.5,261800
2024-03-12,1750.0,1765.0,1737.5,1765.0,257000
2024-03-13,1730.0,1817.5,1727.5,1815.0,487000
2024-03-14,1842.5,1890.0,1835.0,1880.0,402000
2024-03-15,1860.0,1875.0,1845.0,1862.5,269600
2024-03-18,1862.5,1885.0,1852.5,1865.0,207000
2024-03-19,1875.0,1890.0,1865.0,1872.5,191000
2024-03-21,1897.5,1897.5,1837.5,1837.5,235800
2024-03-22,1850.0,1850.0,1835.0,1850.0,140200
2024-03-25,1847.5,1867.5,1840.0,1847.5,180200
2024-03-26,1820.0,1857.5,1820.0,1845.0,97600
2024-03-27,1850.0,1872.5,1847.5,1850.0,204800
2024-03-28,1840.0,1840.0,1797.5,1810.0,99600
2024-03-29,1805.0,1827.5,1795.0,1820.0,91800
2024-04-01,1815.0,1832.5,1765.0,1770.0,161400
2024-04-02,1772.5,1772.5,1717.5,1740.0,150600
2024-04-03,1740.0,1770.0,1737.5,1750.0,172400
2024-04-04,1752.5,1772.5,1745.0,1750.0,156600
2024-04-05,1750.0,1772.5,1732.5,1735.0,272000
2024-04-08,1735.0,1750.0,1642.5,1652.5,422200
2024-04-09,1662.5,1675.0,1652.5,1655.0,273400
2024-04-10,1655.0,1702.5,1650.0,1700.0,220800
2024-04-11,1692.5,1710.0,1672.5,1697.5,119000
2024-04-12,1705.0,1707.5,1682.5,1682.5,154400
2024-04-15,1675.0,1695.0,1665.0,1680.0,139600
2024-04-16,1675.0,1692.5,1665.0,1667.5,140600
2024-04-17,1670.0,1670.0,1612.5,1637.5,215000
2024-04-18,1642.5,1702.5,1640.0,1685.0,220000
2024-04-19,1680.0,1705.0,1667.5,1685.0,207200
2024-04-22,1695.0,1735.0,1695.0,1710.0,196600
2024-04-23,1712.5,1717.5,1695.0,1717.5,76200
2024-04-24,1725.0,1727.5,1712.5,1715.0,91200
2024-04-25,1720.0,1732.5,1707.5,1712.5,114200
2024-04-26,1705.0,1722.5,1687.5,1715.0,164200
2024-04-30,1737.5,1745.0,1722.5,1730.0,134200
2024-05-01,1700.0,1705.0,1682.5,1682.5,75400
2024-05-02,1677.5,1690.0,1652.5,1675.0,115400
2024-05-07,1690.0,1707.5,1690.0,1697.5,83600
2024-05-08,1690.0,1690.0,1667.5,1672.5,123000
2024-05-09,1685.0,1702.5,1667.5,1672.5,89800
2024-05-10,1675.0,1690.0,1670.0,1672.5,95600
2024-05-13,1685.0,1697.5,1675.0,1690.0,116800
2024-05-14,1682.5,1687.5,1667.5,1677.5,106400
2024-05-15,1685.0,1685.0,1642.5,1655.0,134400
2024-05-16,1697.5,1697.5,1600.0,1617.5,253000
2024-05-17,1607.5,1615.0,1575.0,1597.5,144000
2024-05-20,1597.5,1605.0,1580.0,1592.5,111800
2024-05-21,1600.0,1612.5,1592.5,1607.5,132400
2024-05-22,1605.0,1605.0,1552.5,1560.0,194000
2024-05-23,1557.5,1572.5,1537.5,1572.5,114200
2024-05-24,1552.5,1592.5,1550.0,1585.0,131200
2024-05-27,1595.0,1595.0,1567.5,1577.5,73800
2024-05-28,1580.0,1582.5,1555.0,1565.0,84000
2024-05-29,1567.5,1570.0,1545.0,1560.0,132400
2024-05-30,1550.0,1565.0,1537.5,1550.0,154600
2024-05-31,1557.5,1575.0,1540.0,1570.0,190200
2024-06-03,1582.5,1592.5,1575.0,1577.5,158600
2024-06-04,1562.5,1620.0,1562.5,1600.0,179800
2024-06-05,1595.0,1625.0,1592.5,1605.0,138800
2024-06-06,1607.5,1617.5,1590.0,1592.5,109600
2024-06-07,1590.0,1595.0,1560.0,1572.5,97200
2024-06-10,1582.5,1597.5,1577.5,1597.5,108400
2024-06-11,1595.0,1610.0,1585.0,1587.5,70000
2024-06-12,1590.0,1605.0,1572.5,1572.5,79600
2024-06-13,1567.5,1582.5,1562.5,1570.0,118800
2024-06-14,1575.0,1590.0,1562.5,1582.5,114600
2024-06-17,1570.0,1580.0,1552.5,1580.0,98600
2024-06-18,1590.0,1597.5,1572.5,1587.5,65200
2024-06-19,1585.0,1587.5,1565.0,1567.5,104800
2024-06-20,1567.5,1582.5,1552.5,1580.0,80200
2024-06-21,1615.0,1637.5,1610.0,1627.5,354000
2024-06-24,1642.5,1687.5,1642.5,1647.5,308200
2024-06-25,1667.5,1692.5,1647.5,1655.0,190400
2024-06-26,1655.0,1662.5,1630.0,1652.5,162600
2024-06-27,1666.0,1700.0,1640.0,1655.0,230200
2024-06-28,1640.0,1703.0,1637.0,1691.0,299700
2024-07-01,1674.0,1691.0,1653.0,1678.0,194800
2024-07-02,1673.0,1690.0,1664.0,1670.0,170000
2024-07-03,1664.0,1690.0,1661.0,1671.0,71600
2024-07-04,1649.0,1658.0,1603.0,1640.0,255700
2024-07-05,1623.0,1630.0,1594.0,1604.0,157200
2024-07-08,1610.0,1635.0,1606.0,1630.0,148800
2024-07-09,1637.0,1661.0,1630.0,1641.0,146300
2024-07-10,1638.0,1643.0,1582.0,1604.0,194800
2024-07-11,1615.0,1628.0,1606.0,1623.0,99000
2024-07-12,1621.0,1639.0,1620.0,1634.0,94200
2024-07-16,1650.0,1658.0,1622.0,1633.0,85200
2024-07-17,1645.0,1655.0,1640.0,1654.0,84900
2024-07-18,1650.0,1692.0,1639.0,1684.0,175300
2024-07-19,1682.0,1690.0,1662.0,1672.0,109800
2024-07-22,1667.0,1675.0,1646.0,1663.0,99700
2024-07-23,1688.0,1694.0,1661.0,1669.0,83800
2024-07-24,1658.0,1670.0,1635.0,1645.0,57000
2024-07-25,1615.0,1630.0,1603.0,1605.0,157800
2024-07-26,1610.0,1613.0,1590.0,1609.0,84400
2024-07-29,1621.0,1656.0,1621.0,1646.0,56200
2024-07-30,1638.0,1647.0,1622.0,1628.0,53000
2024-07-31,1624.0,1646.0,1612.0,1646.0,107400
2024-08-01,1631.0,1631.0,1586.0,1606.0,99200
2024-08-02,1573.0,1577.0,1504.0,1504.0,127900
2024-08-05,1437.0,1439.0,1322.0,1347.0,133200
2024-08-06,1437.0,1470.0,1394.0,1441.0,138300
2024-08-07,1401.0,1453.0,1377.0,1414.0,132600
2024-08-08,1400.0,1432.0,1384.0,1405.0,131200
2024-08-09,1458.0,1459.0,1398.0,1419.0,271200
2024-08-13,1430.0,1450.0,1405.0,1423.0,226700
2024-08-14,1425.0,1445.0,1411.0,1436.0,216900
2024-08-15,1450.0,1482.0,1428.0,1477.0,163300
2024-08-16,1495.0,1518.0,1492.0,1509.0,115400
2024-08-19,1505.0,1536.0,1501.0,1507.0,122500
2024-08-20,1514.0,1521.0,1500.0,1515.0,83800
2024-08-21,1514.0,1532.0,1507.0,1521.0,84300
2024-08-22,1544.0,1566.0,1533.0,1566.0,148400
2024-08-23,1550.0,1579.0,1550.0,1563.0,125700
2024-08-26,1578.0,1609.0,1573.0,1607.0,213800
2024-08-27,1608.0,1655.0,1607.0,1636.0,215900
2024-08-28,1623.0,1654.0,1605.0,1646.0,218000
2024-08-29,1660.0,1663.0,1628.0,1641.0,143500
2024-08-30,1639.0,1650.0,1627.0,1637.0,212400
2024-09-02,1650.0,1651.0,1620.0,1636.0,133600
2024-09-03,1650.0,1673.0,1634.0,1673.0,159200
2024-09-04,1613.0,1669.0,1613.0,1659.0,142100
2024-09-05,1659.0,1693.0,1651.0,1671.0,169600
2024-09-06,1664.0,1670.0,1625.0,1638.0,151600
2024-09-09,1602.0,1672.0,1592.0,1670.0,191300
2024-09-10,1664.0,1682.0,1650.0,1676.0,144200
2024-09-11,1676.0,1676.0,1638.0,1653.0,157500
2024-09-12,1663.0,1675.0,1651.0,1667.0,161700
2024-09-13,1673.0,1682.0,1652.0,1677.0,198800
2024-09-17,1692.0,1700.0,1664.0,1680.0,203300
2024-09-18,1720.0,1764.0,1720.0,1733.0,367600
2024-09-19,1754.0,1769.0,1746.0,1769.0,199000
2024-09-20,1769.0,1797.0,1755.0,1770.0,406200
2024-09-24,1788.0,1835.0,1777.0,1833.0,280200
2024-09-25,1822.0,1822.0,1807.0,1814.0,138800
2024-09-26,1831.0,1893.0,1831.0,1887.0,297900
2024-09-27,1880.0,1887.0,1854.0,1858.0,178900
2024-09-30,1833.0,1896.0,1820.0,1875.0,378000
2024-10-01,1887.0,1890.0,1864.0,1882.0,157900
2024-10-02,1875.0,1887.0,1863.0,1863.0,152700
2024-10-03,1874.0,1877.0,1848.0,1854.0,124600
2024-10-04,1843.0,1859.0,1834.0,1855.0,180400
2024-10-07,1868.0,1886.0,1860.0,1881.0,134600
2024-10-08,1855.0,1870.0,1845.0,1868.0,116900
2024-10-09,1877.0,1889.0,1855.0,1874.0,93400
2024-10-10,1876.0,1876.0,1846.0,1858.0,99300
2024-10-11,1868.0,1882.0,1857.0,1880.0,109400
2024-10-15,1885.0,1885.0,1856.0,1867.0,170300
2024-10-16,1855.0,1871.0,1839.0,1844.0,83800
2024-10-17,1850.0,1855.0,1823.0,1830.0,89800
2024-10-18,1833.0,1833.0,1808.0,1808.0,54900
2024-10-21,1808.0,1816.0,1787.0,1787.0,51100
2024-10-22,1792.0,1802.0,1765.0,1765.0,75400
2024-10-23,1750.0,1769.0,1749.0,1754.0,70800
2024-10-24,1739.0,1749.0,1730.0,1742.0,81900
2024-10-25,1731.0,1736.0,1707.0,1729.0,112600
2024-10-28,1734.0,1748.0,1716.0,1734.0,71000
2024-10-29,1730.0,1743.0,1722.0,1725.0,100900
2024-10-30,1744.0,1776.0,1739.0,1765.0,193500
2024-10-31,1772.0,1783.0,1751.0,1781.0,123000
2024-11-01,1746.0,1768.0,1740.0,1751.0,117300
2024-11-05,1763.0,1792.0,1749.0,1791.0,118000
2024-11-06,1768.0,1783.0,1733.0,1774.0,147700
2024-11-07,1789.0,1792.0,1743.0,1751.0,110000
2024-11-08,1761.0,1778.0,1738.0,1745.0,110900
2024-11-11,1738.0,1757.0,1722.0,1746.0,127300
2024-11-12,1751.0,1761.0,1721.0,1735.0,114400
2024-11-13,1723.0,1745.0,1697.0,1704.0,119700
2024-11-14,1706.0,1718.0,1686.0,1693.0,176400
2024-11-15,1770.0,1821.0,1735.0,1802.0,355400
2024-11-18,1815.0,1900.0,1815.0,1897.0,265800
2024-11-19,1908.0,1921.0,1848.0,1870.0,241500
2024-11-20,1879.0,1891.0,1850.0,1864.0,115600
2024-11-21,1873.0,1885.0,1841.0,1872.0,142000
2024-11-22,1880.0,1895.0,1854.0,1895.0,111400
2024-11-25,1900.0,1900.0,1852.0,1878.0,149200
2024-11-26,1877.0,1890.0,1820.0,1838.0,123800
2024-11-27,1840.0,1840.0,1785.0,1800.0,122800
2024-11-28,1823.0,1835.0,1800.0,1834.0,124100
2024-11-29,1827.0,1848.0,1806.0,1806.0,89800
2024-12-02,1806.0,1813.0,1787.0,1800.0,122100
2024-12-03,1802.0,1839.0,1802.0,1815.0,117600
2024-12-04,1800.0,1805.0,1782.0,1789.0,148100
2024-12-05,1789.0,1800.0,1767.0,1779.0,127800
2024-12-06,1755.0,1789.0,1739.0,1768.0,341900
2024-12-09,1782.0,1795.0,1772.0,1780.0,152100
2024-12-10,1795.0,1813.0,1767.0,1777.0,201100
2024-12-11,1774.0,1811.0,1770.0,1801.0,262500
2024-12-12,1818.0,1831.0,1789.0,1791.0,179700
2024-12-13,1774.0,1864.0,1774.0,1845.0,306700
2024-12-16,1845.0,1870.0,1809.0,1830.0,234200
2024-12-17,1831.0,1841.0,1788.0,1788.0,169100
2024-12-18,1809.0,1829.0,1782.0,1788.0,151600
2024-12-19,1795.0,1849.0,1795.0,1841.0,219600
2024-12-20,1919.0,1945.0,1887.0,1921.0,400000
2024-12-23,1945.0,1949.0,1906.0,1937.0,202900
2024-12-24,1930.0,1934.0,1903.0,1933.0,107400
2024-12-25,1919.0,1930.0,1895.0,1930.0,156600
2024-12-26,1937.0,1942.0,1916.0,1930.0,151700
2024-12-27,1934.0,1955.0,1930.0,1951.0,143800
2024-12-30,1955.0,1984.0,1947.0,1954.0,184300
2025-01-06,1957.0,1966.0,1902.0,1905.0,145900
2025-01-07,1913.0,1927.0,1892.0,1892.0,152100
2025-01-08,1890.0,1919.0,1890.0,1894.0,104000
2025-01-09,1888.0,1888.0,1845.0,1847.0,112800
2025-01-10,1846.0,1868.0,1829.0,1856.0,97600
2025-01-14,1870.0,1879.0,1831.0,1843.0,144600
2025-01-15,1845.0,1861.0,1833.0,1855.0,169300
2025-01-16,1874.0,1881.0,1838.0,1852.0,125600
2025-01-17,1861.0,1869.0,1849.0,1861.0,133000
2025-01-20,1863.0,1879.0,1861.0,1866.0,93900
2025-01-21,1898.0,1907.0,1888.0,1892.0,118900
2025-01-22,1910.0,1910.0,1881.0,1889.0,124000
2025-01-23,1890.0,1899.0,1874.0,1878.0,149800
2025-01-24,1893.0,1921.0,1889.0,1921.0,157500
2025-01-27,1955.0,1968.0,1943.0,1963.0,177700
2025-01-28,1960.0,1961.0,1925.0,1932.0,148100
2025-01-29,1934.0,1956.0,1924.0,1933.0,163100
2025-01-30,1935.0,1949.0,1918.0,1921.0,656700
2025-01-31,1918.0,1934.0,1902.0,1928.0,146000
2025-02-03,1926.0,1933.0,1902.0,1902.0,162200
2025-02-04,1913.0,1926.0,1843.0,1843.0,111600
2025-02-05,1853.0,1892.0,1853.0,1877.0,114000
2025-02-06,1870.0,1898.0,1866.0,1892.0,112500
2025-02-07,1883.0,1900.0,1849.0,1849.0,86600
2025-02-10,1859.0,1889.0,1859.0,1861.0,107200
2025-02-12,1870.0,1874.0,1851.0,1863.0,83900
2025-02-13,1903.0,1917.0,1876.0,1909.0,185000
2025-02-14,1940.0,1940.0,1861.0,1876.0,193700
2025-02-17,1837.0,1850.0,1777.0,1850.0,310300
2025-02-18,1834.0,1849.0,1796.0,1845.0,192500
2025-02-19,1844.0,1863.0,1805.0,1813.0,197300
2025-02-20,1780.0,1809.0,1765.0,1803.0,202300
2025-02-21,1783.0,1798.0,1741.0,1758.0,149900
2025-02-25,1739.0,1768.0,1738.0,1754.0,196100
2025-02-26,1766.0,1775.0,1741.0,1757.0,145400
2025-02-27,1760.0,1785.0,1749.0,1785.0,79700
2025-02-28,1790.0,1809.0,1782.0,1806.0,148800
2025-03-03,1817.0,1831.0,1797.0,1818.0,111600
2025-03-04,1819.0,1824.0,1793.0,1814.0,174900
2025-03-05,1824.0,1903.0,1823.0,1889.0,180100
2025-03-06,1898.0,1914.0,1860.0,1870.0,174900
2025-03-07,1851.0,1861.0,1827.0,1837.0,249600
2025-03-10,1837.0,1838.0,1808.0,1808.0,187000
2025-03-11,1808.0,1821.0,1786.0,1820.0,254300
2025-03-12,1831.0,1890.0,1826.0,1857.0,266100
2025-03-13,1874.0,1886.0,1832.0,1840.0,135500
2025-03-14,1836.0,1847.0,1820.0,1845.0,111200
2025-03-17,1844.0,1848.0,1813.0,1834.0,118300
2025-03-18,1850.0,1860.0,1839.0,1839.0,84300
2025-03-19,1840.0,1871.0,1840.0,1860.0,57800
2025-03-21,1872.0,1945.0,1871.0,1923.0,203300
2025-03-24,1963.0,1987.0,1908.0,1913.0,180200
2025-03-25,1927.0,1946.0,1917.0,1934.0,96100
2025-03-26,1949.0,1957.0,1928.0,1937.0,121800
2025-03-27,1943.0,1967.0,1931.0,1946.0,137400
2025-03-28,1958.0,1958.0,1919.0,1933.0,130500
2025-03-31,1910.0,1917.0,1862.0,1906.0,186700
2025-04-01,1909.0,1915.0,1859.0,1859.0,120200
2025-04-02,1875.0,1875.0,1853.0,1875.0,99500
2025-04-03,1805.0,1850.0,1804.0,1844.0,174100
2025-04-04,1809.0,1838.0,1799.0,1819.0,268600
2025-04-07,1751.0,1821.0,1745.0,1770.0,285900
2025-04-08,1800.0,1821.0,1771.0,1818.0,262400
2025-04-09,1818.0,1861.0,1803.0,1828.0,274900
2025-04-10,1900.0,1949.0,1870.0,1936.0,181900
2025-04-11,1896.0,1900.0,1858.0,1892.0,88300
2025-04-14,1915.0,1924.0,1901.0,1907.0,81700
2025-04-15,1919.0,1933.0,1896.0,1905.0,82300
2025-04-16,1935.0,1952.0,1930.0,1946.0,153000
2025-04-17,1966.0,2017.0,1963.0,2014.0,217800
2025-04-18,2015.0,2047.0,2003.0,2038.0,153500
2025-04-21,2050.0,2073.0,2045.0,2053.0,149900
2025-04-22,2061.0,2099.0,2060.0,2071.0,191000
2025-04-23,2091.0,2106.0,2081.0,2088.0,150200
2025-04-24,2097.0,2113.0,2065.0,2079.0,157500
2025-04-25,2061.0,2066.0,2040.0,2054.0,203300
2025-04-28,2053.0,2064.0,2041.0,2053.0,146400
2025-04-30,2053.0,2056.0,2022.0,2043.0,148800
2025-05-01,2035.0,2038.0,2013.0,2022.0,121100
2025-05-02,2022.0,2026.0,1983.0,2008.0,152600
2025-05-07,2019.0,2054.0,2012.0,2049.0,113300
2025-05-08,2038.0,2072.0,2032.0,2068.0,128400
2025-05-09,2065.0,2093.0,2053.0,2077.0,154800
2025-05-12,2077.0,2078.0,2043.0,2044.0,192500
2025-05-13,2044.0,2046.0,1997.0,2001.0,247700
2025-05-14,1988.0,2053.0,1970.0,2039.0,235000
2025-05-15,2027.0,2080.0,1988.0,2030.0,281900
2025-05-16,2011.0,2036.0,1963.0,2011.0,224500
2025-05-19,2009.0,2046.0,1981.0,2044.0,145000
2025-05-20,2040.0,2086.0,2038.0,2067.0,193600
2025-05-21,2070.0,2112.0,2041.0,2052.0,171300
2025-05-22,2061.0,2068.0,2035.0,2039.0,138500
2025-05-23,2067.0,2101.0,2041.0,2090.0,185800
2025-05-26,2096.0,2128.0,2094.0,2122.0,117300
2025-05-27,2113.0,2135.0,2101.0,2113.0,89200
2025-05-28,2124.0,2124.0,2081.0,2085.0,124700
2025-05-29,2111.0,2159.0,2097.0,2133.0,198300
2025-05-30,2132.0,2144.0,2120.0,2130.0,169500
2025-06-02,2109.0,2118.0,2074.0,2084.0,121400
2025-06-03,2084.0,2084.0,2032.0,2037.0,116700
2025-06-04,2020.0,2040.0,2012.0,2015.0,139700
2025-06-05,2016.0,2035.0,1997.0,2004.0,135900
2025-06-06,2007.0,2061.0,2007.0,2051.0,135900
2025-06-09,2059.0,2068.0,2023.0,2029.0,99500
2025-06-10,2030.0,2047.0,2005.0,2007.0,96700
2025-06-11,2010.0,2014.0,1998.0,1999.0,90500
2025-06-12,1992.0,2002.0,1982.0,1989.0,97200
2025-06-13,1978.0,1983.0,1940.0,1962.0,136000
2025-06-16,1969.0,1980.0,1951.0,1955.0,74300
2025-06-17,1946.0,1957.0,1920.0,1931.0,236300
2025-06-18,1926.0,1933.0,1906.0,1921.0,146700
2025-06-19,1916.0,1920.0,1893.0,1896.0,125400
2025-06-20,1896.0,1905.0,1881.0,1888.0,190600
2025-06-23,1888.0,1888.0,1860.0,1878.0,138600
2025-06-24,1897.0,1905.0,1880.0,1892.0,173500
2025-06-25,1891.0,1895.0,1866.0,1895.0,143900
2025-06-26,1911.0,1915.0,1900.0,1910.0,148700
2025-06-27,1910.0,1916.0,1880.0,1887.0,181400
2025-06-30,1909.0,1925.0,1896.0,1899.0,200000
2025-07-01,1880.0,1880.0,1814.0,1840.0,243800
2025-07-02,1826.0,1858.0,1817.0,1838.0,179400
2025-07-03,1841.0,1854.0,1827.0,1848.0,129700
2025-07-04,1850.0,1855.0,1835.0,1836.0,113600
2025-07-07,1821.0,1839.0,1817.0,1829.0,142700
2025-07-08,1854.0,1859.0,1836.0,1853.0,123100
2025-07-09,1888.0,1933.0,1878.0,1923.0,253100
2025-07-10,1931.0,1945.0,1895.0,1905.0,213100
2025-07-11,1897.0,1921.0,1888.0,1914.0,142700
2025-07-14,1920.0,1944.0,1914.0,1939.0,126900
2025-07-15,1945.0,1947.0,1917.0,1925.0,115300
2025-07-16,1925.0,1934.0,1890.0,1890.0,111700
2025-07-17,1870.0,1899.0,1862.0,1893.0,135200
2025-07-18,1903.0,1910.0,1874.0,1876.0,129200
2025-07-22,1876.0,1904.0,1867.0,1896.0,138200
2025-07-23,1908.0,1917.0,1892.0,1903.0,129000
2025-07-24,1899.0,1914.0,1881.0,1908.0,122800
2025-07-25,1898.0,1920.0,1882.0,1912.0,126600
2025-07-28,1914.0,1924.0,1905.0,1917.0,75500
2025-07-29,1910.0,1919.0,1902.0,1913.0,66300
2025-07-30,1914.0,1920.0,1900.0,1915.0,103000
2025-07-31,1925.0,1934.0,1901.0,1911.0,187700
2025-08-01,1913.0,1937.0,1906.0,1929.0,134300
2025-08-04,1918.0,1926.0,1900.0,1912.0,75700
2025-08-05,1918.0,1934.0,1915.0,1922.0,108400
2025-08-06,1927.0,1953.0,1916.0,1942.0,103400
2025-08-07,1956.0,1966.0,1942.0,1950.0,113900
2025-08-08,1950.0,1957.0,1917.0,1923.0,286400
2025-08-12,1826.0,1855.0,1792.0,1834.0,938900
2025-08-13,1821.0,1857.0,1812.0,1838.0,392300
2025-08-14,1821.0,1835.0,1778.0,1783.0,370400
2025-08-15,1760.0,1790.0,1753.0,1785.0,431900
2025-08-18,1796.0,1811.0,1790.0,1792.0,316500
2025-08-19,1792.0,1809.0,1792.0,1806.0,248500
2025-08-20,1818.0,1827.0,1794.0,1826.0,359500
2025-08-21,1826.0,1845.0,1808.0,1808.0,198800
2025-08-22,1808.0,1820.0,1794.0,1815.0,142800
2025-08-25,1810.0,1827.0,1801.0,1810.0,200300
2025-08-26,1810.0,1819.0,1807.0,1810.0,330200
2025-08-27,1805.0,1818.0,1797.0,1804.0,197000
2025-08-28,1800.0,1809.0,1784.0,1786.0,266300
2025-08-29,1778.0,1793.0,1772.0,1793.0,238900
2025-09-01,1790.0,1805.0,1781.0,1791.0,222900
2025-09-02,1800.0,1839.0,1797.0,1812.0,245500
2025-09-03,1809.0,1831.0,1809.0,1826.0,207200
2025-09-04,1834.0,1842.0,1817.0,1835.0,153800
2025-09-05,1845.0,1858.0,1840.0,1854.0,159000
2025-09-08,1867.0,1873.0,1850.0,1855.0,110200
2025-09-09,1865.0,1877.0,1852.0,1856.0,110300
2025-09-10,1855.0,1870.0,1851.0,1870.0,140600
2025-09-11,1888.0,1900.0,1871.0,1892.0,180700
2025-09-12,1917.0,1933.0,1910.0,1917.0,257700
2025-09-16,1923.0,1934.0,1916.0,1927.0,185200
2025-09-17,1925.0,1930.0,1886.0,1905.0,210300
2025-09-18,1900.0,1900.0,1874.0,1885.0,124800
2025-09-19,1895.0,1902.0,1883.0,1897.0,339000
2025-09-22,1890.0,1923.0,1878.0,1919.0,161300
2025-09-24,1935.0,1946.0,1929.0,1943.0,152800
2025-09-25,1943.0,1947.0,1926.0,1938.0,138300
2025-09-26,1946.0,1951.0,1933.0,1944.0,159200
2025-09-29,1970.0,1975.0,1946.0,1946.0,167300
2025-09-30,1945.0,1948.0,1930.0,1945.0,173500
2025-10-01,1940.0,1940.0,1913.0,1923.0,142800
2025-10-02,1911.0,1933.0,1901.0,1920.0,114900
2025-10-03,1939.0,1944.0,1907.0,1913.0,91200
2025-10-06,1940.0,1948.0,1930.0,1945.0,189000
2025-10-07,1946.0,1959.0,1941.0,1955.0,125600
2025-10-08,1964.0,1974.0,1960.0,1960.0,139700
2025-10-09,1951.0,1983.0,1950.0,1983.0,149200
2025-10-10,1970.0,1980.0,1956.0,1966.0,133000
2025-10-14,1935.0,1958.0,1915.0,1930.0,164600
2025-10-15,1930.0,1963.0,1930.0,1963.0,130900
2025-10-16,1963.0,1975.0,1926.0,1943.0,140700
2025-10-17,1930.0,1940.0,1924.0,1928.0,93300
2025-10-20,2008.0,2018.0,1978.0,2016.0,269900
2025-10-21,2030.0,2030.0,1971.0,1971.0,258200
2025-10-22,1989.0,1999.0,1980.0,1994.0,144300
2025-10-23,1980.0,1995.0,1971.0,1981.0,129500
2025-10-24,1980.0,1980.0,1961.0,1961.0,133800
2025-10-27,1975.0,1984.0,1970.0,1983.0,122500
2025-10-28,1983.0,1984.0,1958.0,1963.0,170600
2025-10-29,1962.0,1974.0,1911.0,1939.0,290900
2025-10-30,1939.0,1963.0,1936.0,1959.0,170900
2025-10-31,1956.0,1965.0,1918.0,1928.0,221400
2025-11-04,1914.0,1939.0,1906.0,1922.0,136200
2025-11-05,1933.0,1962.0,1918.0,1942.0,202200
2025-11-06,1959.0,1962.0,1945.0,1945.0,119000
2025-11-07,1955.0,1973.0,1945.0,1965.0,151800
2025-11-10,1985.0,1996.0,1970.0,1990.0,126000
2025-11-11,1990.0,2077.0,1969.0,2037.0,538500
2025-11-12,2041.0,2051.0,2014.0,2029.0,287100
2025-11-13,2017.0,2026.0,2002.0,2002.0,210300
2025-11-14,1988.0,2007.0,1966.0,2006.0,224700
2025-11-17,2028.0,2059.0,1987.0,2002.0,337300
2025-11-18,2002.0,2008.0,1959.0,1976.0,200300
2025-11-19,1976.0,1998.0,1960.0,1966.0,150800
2025-11-20,1972.0,1977.0,1950.0,1950.0,136700
2025-11-21,1955.0,2005.0,1952.0,2005.0,177100
2025-11-25,2000.0,2013.0,1984.0,1998.0,150800
2025-11-26,2000.0,2024.0,1998.0,2021.0,173300
2025-11-27,2011.0,2038.0,2003.0,2034.0,84900
2025-11-28,2032.0,2054.0,2032.0,2043.0,108200
2025-12-01,2042.0,2065.0,2038.0,2046.0,129400
2025-12-02,2016.0,2026.0,1980.0,1988.0,190300
2025-12-03,1980.0,1987.0,1945.0,1946.0,123000
2025-12-04,1943.0,1975.0,1943.0,1972.0,82100
2025-12-05,1958.0,1963.0,1938.0,1938.0,80800
2025-12-08,1949.0,1960.0,1947.0,1960.0,53000
2025-12-09,1975.0,1990.0,1932.0,1935.0,119100
2025-12-10,1933.0,1939.0,1918.0,1918.0,91600
2025-12-11,1934.0,1935.0,1903.0,1927.0,113800
2025-12-12,1940.0,1949.0,1913.0,1925.0,146900
2025-12-15,1953.0,2017.0,1941.0,2009.0,193100
2025-12-16,2014.0,2016.0,1972.0,1973.0,133500
2025-12-17,1954.0,1985.0,1951.0,1966.0,56200
2025-12-18,1960.0,1980.0,1960.0,1964.0,74700
2025-12-19,1957.0,1978.0,1957.0,1968.0,90200
2025-12-22,1967.0,1987.0,1967.0,1980.0,64600
2025-12-23,1965.0,1989.0,1965.0,1982.0,41500
2025-12-24,1981.0,1987.0,1969.0,1972.0,71800
2025-12-25,1972.0,2000.0,1972.0,1982.0,56900
2025-12-26,1984.0,2000.0,1979.0,1983.0,64900
2025-12-29,1978.0,1991.0,1968.0,1987.0,97700
2025-12-30,1981.0,1990.0,1974.0,1978.0,96200
2026-01-05,1970.0,2004.0,1944.0,1977.0,122100
2026-01-06,1977.0,1997.0,1977.0,1990.0,71100
2026-01-07,1970.0,1988.0,1960.0,1981.0,125400
2026-01-08,1971.0,1987.0,1971.0,1972.0,72900
2026-01-09,1982.0,1993.0,1976.0,1982.0,68800
2026-01-13,1991.0,1999.0,1961.0,1966.0,125900
2026-01-14,1971.0,1999.0,1970.0,1986.0,77500
2026-01-15,1985.0,2014.0,1980.0,1999.0,73600
2026-01-16,1995.0,2007.0,1971.0,1990.0,81000
2026-01-19,1990.0,2002.0,1945.0,1945.0,125600
2026-01-20,1946.0,1954.0,1928.0,1931.0,106600
2026-01-21,1920.0,1940.0,1916.0,1921.0,110700
2026-01-22,1937.0,1950.0,1926.0,1944.0,83700
2026-01-23,1962.0,1982.0,1931.0,1933.0,122000
2026-01-26,1915.0,1928.0,1903.0,1927.0,117900
2026-01-27,1910.0,1920.0,1886.0,1889.0,125200
2026-01-28,1873.0,1873.0,1825.0,1838.0,161300
2026-01-29,1830.0,1830.0,1805.0,1830.0,138700
2026-01-30,1849.0,1851.0,1836.0,1850.0,136000
2026-02-02,1850.0,1892.0,1840.0,1879.0,166900
2026-02-03,1891.0,1920.0,1881.0,1900.0,146400
2026-02-04,1903.0,1940.0,1891.0,1928.0,131100
2026-02-05,1961.0,1977.0,1953.0,1959.0,186100
2026-02-06,1975.0,1992.0,1951.0,1958.0,119100
2026-02-09,1975.0,1981.0,1959.0,1979.0,98800
2026-02-10,1979.0,1993.0,1974.0,1993.0,125800
2026-02-12,1996.0,2028.0,1987.0,2026.0,165100
2026-02-13,1999.0,2098.0,1975.0,2007.0,352600
2026-02-16,2034.0,2037.0,1989.0,2000.0,196800
2026-02-17,1986.0,2020.0,1964.0,2003.0,173400
2026-02-18,2019.0,2021.0,2001.0,2001.0,129600
2026-02-19,2024.0,2097.0,2016.0,2080.0,267200
2026-02-20,2100.0,2160.0,2093.0,2118.0,359000
2026-02-24,2125.0,2159.0,2099.0,2102.0,301300
2026-02-25,2093.0,2124.0,2078.0,2094.0,192100
2026-02-26,2101.0,2142.0,2095.0,2125.0,242400
2026-02-27,2118.0,2153.0,2101.0,2146.0,223000
2026-03-02,2119.0,2180.0,2119.0,2179.0,173900
2026-03-03,2187.0,2190.0,2067.0,2109.0,419400
2026-03-04,2109.0,2162.0,2094.0,2129.0,323700
2026-03-05,2229.0,2241.0,2183.0,2205.0,313700
2026-03-06,2175.0,2212.0,2151.0,2201.0,120400
2026-03-09,2134.0,2161.0,2113.0,2148.0,216500
2026-03-10,2163.0,2185.0,2144.0,2151.0,149600
2026-03-11,2158.0,2170.0,2141.0,2141.0,100600
2026-03-12,2121.0,2150.0,2049.0,2083.0,186700
2026-03-13,2054.0,2090.0,2049.0,2051.0,116600
2026-03-16,2048.0,2066.0,2024.0,2042.0,80700
2026-03-17,2055.0,2067.0,2051.0,2051.0,70000
2026-03-18,2061.0,2083.0,2059.0,2082.0,82800
2026-03-19,2050.0,2050.0,1987.0,1987.0,101100
2026-03-23,1947.0,1947.0,1886.0,1890.0,118500
2026-03-24,1930.0,1930.0,1891.0,1907.0,113400
2026-03-25,1947.0,1962.0,1941.0,1947.0,83800
2026-03-26,1933.0,1946.0,1922.0,1944.0,128400
2026-03-27,1956.0,1965.0,1943.0,1960.0,139400
2026-03-30,1901.0,1929.0,1883.0,1929.0,200000
2026-03-31,1926.0,1948.0,1921.0,1930.0,144700
2026-04-01,1969.0,2001.0,1955.0,2001.0,163800
2026-04-02,2015.0,2028.0,1942.0,1942.0,149900
2026-04-03,1944.0,1967.0,1936.0,1947.0,108600
2026-04-06,1958.0,1980.0,1943.0,1970.0,89900
2026-04-07,1976.0,1995.0,1964.0,1983.0,84600
2026-04-08,2024.0,2045.0,2021.0,2023.0,120100
2026-04-09,2016.0,2018.0,1953.0,1966.0,120900
2026-04-10,1957.0,1972.0,1934.0,1937.0,106000
2026-04-13,1929.0,1940.0,1908.0,1925.0,118900
2026-04-14,1918.0,1935.0,1905.0,1914.0,92700
2026-04-15,1923.0,1929.0,1892.0,1907.0,123200
2026-04-16,1915.0,1919.0,1891.0,1891.0,71100
2026-04-17,1890.0,1893.0,1867.0,1874.0,102600
2026-04-20,1882.0,1886.0,1871.0,1881.0,64900
2026-04-21,1884.0,1890.0,1837.0,1849.0,130900
2026-04-22,1839.0,1854.0,1815.0,1835.0,160900
2026-04-23,1816.0,1833.0,1803.0,1816.0,157700
2026-04-24,1814.0,1827.0,1798.0,1809.0,132400
2026-04-27,1801.0,1824.0,1801.0,1805.0,111600
2026-04-28,1811.0,1859.0,1804.0,1859.0,177500
2026-04-30,1850.0,1850.0,1813.0,1826.0,162400
2026-05-01,1830.0,1843.0,1813.0,1834.0,96600
2026-05-07,1840.0,1849.0,1798.0,1802.0,211900
2026-05-08,1805.0,1814.0,1779.0,1806.0,197400
2026-05-11,1830.0,1857.0,1818.0,1845.0,152700
2026-05-12,1845.0,1865.0,1843.0,1862.0,179000
2026-05-13,1877.0,1890.0,1834.0,1845.0,187700
2026-05-14,1845.0,1949.0,1829.0,1876.0,191400
2026-05-15,1849.0,1877.0,1790.0,1807.0,221200
2026-05-18,1794.0,1806.0,1732.0,1797.0,306900
2026-05-19,1827.0,1859.0,1816.0,1839.0,212000
2026-05-20,1828.0,1830.0,1799.0,1815.0,131000
2026-05-21,1819.0,1845.0,1790.0,1803.0,172100
2026-05-22,1788.0,1848.0,1757.0,1802.0,201200
2026-05-25,1813.0,1820.0,1767.0,1793.0,119400
2026-05-26,1795.0,1806.0,1783.0,1790.0,102800
2026-05-27,1806.0,1813.0,1783.0,1801.0,104300
2026-05-28,1809.0,1811.0,1781.0,1801.0,171800
2026-05-29,1803.0,1848.0,1803.0,1833.0,259400
2026-06-01,1816.0,1824.0,1788.0,1793.0,165500
2026-06-02,1757.0,1790.0,1721.0,1767.0,218200
2026-06-03,1767.0,1817.0,1765.0,1802.0,140700
2026-06-04,1785.0,1804.0,1772.0,1772.0,152400
2026-06-05,1773.0,1790.0,1773.0,1790.0,93700
2026-06-08,1782.0,1815.0,1743.0,1747.0,170300
2026-06-09,1768.0,1776.0,1749.0,1761.0,137200
2026-06-10,1771.0,1786.0,1762.0,1774.0,102100
2026-06-11,1772.0,1772.0,1714.0,1727.0,152900
2026-06-12,1734.0,1739.0,1714.0,1737.0,121600
2026-06-15,1752.0,1783.0,1742.0,1775.0,114000
2026-06-16,1761.0,1783.0,1750.0,1755.0,111200
2026-06-17,1757.0,1778.0,1751.0,1753.0,94100
2026-06-18,1741.0,1757.0,1730.0,1738.0,106300
2026-06-19,1738.0,1784.0,1738.0,1770.0,204600
2026-06-22,1770.0,1778.0,1754.0,1778.0,139200
2026-06-23,1780.0,1791.0,1753.0,1753.0,142300
2026-06-24,1760.0,1776.0,1753.0,1770.0,143300
2026-06-25,1789.0,1791.0,1752.0,1754.0,141200
2026-06-26,1752.0,1774.0,1749.0,1762.0,139600
2026-06-29,1765.0,1780.0,1758.0,1774.0,128800
2026-06-30,1783.0,1783.0,1755.0,1760.0,153000
2026-07-01,1753.0,1783.0,1735.0,1765.0,161900
2026-07-02,1798.0,1824.0,1791.0,1801.0,155800
2026-07-03,1854.0,1856.0,1821.0,1845.0,172200
2026-07-06,1849.0,1883.0,1845.0,1883.0,176200
2026-07-07,1902.0,1923.0,1891.0,1900.0,142800
2026-07-08,1902.0,1919.0,1855.0,1857.0,189200
2026-07-09,1842.0,1856.0,1825.0,1836.0,156000
2026-07-10,1855.0,1870.0,1822.0,1849.0,147500
2026-07-13,1860.0,1873.0,1842.0,1848.0,129500
2026-07-14,1863.0,1880.0,1854.0,1873.0,95400
2026-07-15,1899.0,1899.0,1856.0,1879.0,125100
2026-07-16,1880.0,1880.0,1840.0,1840.0,114800
2026-07-17,1840.0,1860.0,1823.0,1836.0,108300
2026-07-21,1854.0,1864.0,1836.0,1842.0,118000
2026-07-22,1843.0,1854.0,1829.0,1840.0,117600
2026-07-23,1840.0,1851.0,1825.0,1851.0,90900
2026-07-24,1822.0,1855.0,1822.0,1843.0,65400
2026-07-27,1873.0,1895.0,1860.0,1894.0,112300
2026-07-28,1895.0,1897.0,1863.0,1885.0,112100
2026-07-29,1924.0,1973.0,1914.0,1966.0,224100
2026-07-30,2006.0,2018.0,1970.0,1985.0,410400
2026-07-31,1962.0,1984.0,1948.0,1965.0,186600
2026-08-03,1965.0,1982.0,1930.0,1940.0,222000
2026-08-04,1940.0,1971.0,1917.0,1967.0,180200
2026-08-05,1982.0,1983.0,1948.0,1972.0,120500
2026-08-06,2000.0,2009.0,1980.0,2009.0,176700
2026-08-07,2014.0,2057.0,1854.0,1949.0,462700
2026-08-10,2098.0,2128.0,2013.0,2091.0,382300
2026-08-12,2100.0,2103.0,2033.0,2066.0,164500
2026-08-13,2058.0,2061.0,1982.0,2002.0,230100
2026-08-14,1986.0,2014.0,1966.0,2013.0,138300
2026-08-17,2026.0,2046.0,2006.0,2007.0,113400
2026-08-18,2006.0,2022.0,1990.0,2018.0,104000
2026-08-19,2015.0,2015.0,1974.0,1980.0,110700
2026-08-20,2005.0,2048.0,2001.0,2040.0,104800
2026-08-21,2043.0,2044.0,1999.0,2032.0,99700
2026-08-24,2050.0,2057.0,2024.0,2030.0,75700
2026-08-25,2024.0,2048.0,2010.0,2020.0,173800
2026-08-26,2030.0,2065.0,2030.0,2053.0,82000
2026-08-27,2039.0,2068.0,2039.0,2047.0,83900
2026-08-28,2046.0,2056.0,2030.0,2055.0,98700
2026-08-31,2099.0,2100.0,2063.0,2064.0,183700
2026-09-01,2042.0,2062.0,2027.0,2036.0,140200
2026-09-02,2010.0,2021.0,1980.0,1987.0,140600
2026-09-03,1981.0,2004.0,1965.0,2001.0,91400
2026-09-04,1983.0,2007.0,1981.0,1995.0,110200
2026-09-07,1980.0,1996.0,1949.0,1951.0,84500
2026-09-08,1933.0,1965.0,1927.0,1953.0,83000
2026-09-09,1944.0,1959.0,1934.0,1934.0,78000
2026-09-10,1923.0,1961.0,1917.0,1938.0,87900
2026-09-11,1900.0,1923.0,1900.0,1915.0,97200
2026-09-14,1922.0,1940.0,1908.0,1925.0,78100
2026-09-15,1920.0,1953.0,1918.0,1950.0,127500
2026-09-16,1970.0,2005.0,1965.0,1980.0,117400
2026-09-17,1980.0,1997.0,1966.0,1997.0,97100
2026-09-18,1996.0,1997.0,1975.0,1991.0,100600
2026-09-24,1995.0,2003.0,1965.0,1979.0,141200
2026-09-25,1984.0,1990.0,1966.0,1983.0,170100
2026-09-28,1980.0,1985.0,1930.0,1946.0,187000
2026-09-29,1939.0,1946.0,1908.0,1919.0,151200
2026-09-30,1911.0,1953.0,1893.0,1952.0,239600
2026-10-01,1934.0,1953.0,1925.0,1952.0,184300
2026-10-02,1948.0,1959.0,1927.0,1940.0,208200
2026-10-05,1945.0,1950.0,1920.0,1931.0,158200
2026-10-06,1929.0,1951.0,1927.0,1951.0,171800
2026-10-07,1947.0,1967.0,1943.0,1967.0,121600
