Date,Open,High,Low,Close,Volume
2012-10-01,292.3333435058594,298.0,292.3333435058594,296.3333435058594,9989700
2012-10-02,297.3333435058594,298.6666564941406,296.3333435058594,296.6666564941406,7976700
2012-10-03,296.6666564941406,297.0,291.0,291.6666564941406,13083300
2012-10-04,294.3333435058594,294.6666564941406,292.0,293.3333435058594,7476600
2012-10-05,293.3333435058594,294.3333435058594,292.0,292.6666564941406,7011600
2012-10-09,292.3333435058594,295.0,291.6666564941406,293.6666564941406,8584500
2012-10-10,292.3333435058594,293.3333435058594,291.0,292.6666564941406,8884800
2012-10-11,291.0,291.6666564941406,289.3333435058594,291.0,9079800
2012-10-12,289.0,292.6666564941406,288.6666564941406,290.3333435058594,11762400
2012-10-15,289.6666564941406,289.6666564941406,281.3333435058594,283.0,23482800
2012-10-16,283.3333435058594,288.6666564941406,283.3333435058594,286.6666564941406,14519100
2012-10-17,288.0,289.3333435058594,286.6666564941406,289.0,10691100
2012-10-18,290.0,292.3333435058594,289.6666564941406,292.0,9907500
2012-10-19,292.3333435058594,293.0,289.3333435058594,292.0,7092300
2012-10-22,290.6666564941406,292.3333435058594,290.0,292.0,7146900
2012-10-23,292.3333435058594,293.3333435058594,290.0,291.0,7416900
2012-10-24,290.0,291.3333435058594,288.6666564941406,289.3333435058594,9744300
2012-10-25,290.0,291.0,288.6666564941406,291.0,6893400
2012-10-26,292.3333435058594,295.0,290.6666564941406,290.6666564941406,9336600
2012-10-29,290.6666564941406,291.0,288.6666564941406,289.0,6460500
2012-10-30,289.0,292.0,288.6666564941406,288.6666564941406,8729100
2012-10-31,289.6666564941406,291.6666564941406,288.6666564941406,290.3333435058594,9140100
2012-11-01,291.3333435058594,291.6666564941406,288.6666564941406,289.0,5787300
2012-11-02,291.0,291.0,288.6666564941406,289.0,7061100
2012-11-05,289.0,289.6666564941406,287.3333435058594,287.6666564941406,7149900
2012-11-06,287.6666564941406,288.0,286.6666564941406,287.0,6250800
2012-11-07,287.6666564941406,288.0,284.0,286.0,12510900
2012-11-08,285.3333435058594,286.6666564941406,284.6666564941406,286.3333435058594,7465500
2012-11-09,286.3333435058594,286.3333435058594,284.6666564941406,285.3333435058594,6755100
2012-11-12,285.3333435058594,286.0,284.3333435058594,284.6666564941406,8030100
2012-11-13,285.0,288.6666564941406,284.3333435058594,288.3333435058594,11691300
2012-11-14,287.6666564941406,289.6666564941406,287.0,288.3333435058594,9095100
2012-11-15,289.3333435058594,291.0,288.0,290.6666564941406,13548600
2012-11-16,291.0,293.3333435058594,290.3333435058594,292.6666564941406,12588000
2012-11-19,295.0,299.0,294.6666564941406,298.0,13099500
2012-11-20,298.3333435058594,300.3333435058594,297.3333435058594,298.6666564941406,13710900
2012-11-21,300.3333435058594,302.3333435058594,299.3333435058594,302.3333435058594,8462400
2012-11-22,306.6666564941406,308.6666564941406,305.3333435058594,307.6666564941406,10455600
2012-11-26,309.6666564941406,311.0,306.3333435058594,307.0,10275300
2012-11-27,308.6666564941406,309.0,306.6666564941406,307.3333435058594,8133900
2012-11-28,307.6666564941406,308.0,303.6666564941406,304.6666564941406,8578500
2012-11-29,304.0,307.3333435058594,302.0,306.3333435058594,8110800
2012-11-30,307.3333435058594,308.3333435058594,305.3333435058594,307.3333435058594,9241800
2012-12-03,307.6666564941406,309.0,306.0,306.6666564941406,5579400
2012-12-04,307.0,309.0,304.3333435058594,308.6666564941406,8103600
2012-12-05,306.6666564941406,312.3333435058594,305.6666564941406,312.0,10729500
2012-12-06,313.3333435058594,314.6666564941406,313.0,313.6666564941406,6063300
2012-12-07,313.6666564941406,315.6666564941406,312.6666564941406,313.3333435058594,6024600
2012-12-10,315.6666564941406,316.6666564941406,314.6666564941406,316.3333435058594,6825000
2012-12-11,316.6666564941406,318.3333435058594,316.0,317.6666564941406,7669500
2012-12-12,318.6666564941406,319.3333435058594,317.3333435058594,318.6666564941406,5083200
2012-12-13,319.3333435058594,319.6666564941406,315.6666564941406,316.3333435058594,8292600
2012-12-14,315.3333435058594,317.6666564941406,313.3333435058594,315.3333435058594,14958900
2012-12-17,318.0,319.0,315.0,317.0,7551000
2012-12-18,317.3333435058594,318.6666564941406,316.3333435058594,318.3333435058594,9116400
2012-12-19,319.3333435058594,321.3333435058594,317.3333435058594,321.3333435058594,12304800
2012-12-20,322.0,322.6666564941406,318.6666564941406,320.0,9487800
2012-12-21,320.6666564941406,321.3333435058594,317.6666564941406,320.0,10607700
2012-12-25,322.6666564941406,323.0,318.6666564941406,320.0,6618000
2012-12-26,320.6666564941406,323.3333435058594,319.6666564941406,323.3333435058594,7247700
2012-12-27,325.0,329.3333435058594,323.6666564941406,329.0,9787800
2012-12-28,328.6666564941406,329.0,326.6666564941406,329.0,6473100
2013-01-04,333.3333435058594,334.6666564941406,330.3333435058594,331.3333435058594,8953500
2013-01-07,331.6666564941406,333.3333435058594,330.3333435058594,330.6666564941406,10386900
2013-01-08,331.0,332.3333435058594,329.3333435058594,330.3333435058594,8391600
2013-01-09,330.3333435058594,331.6666564941406,327.6666564941406,330.3333435058594,9620100
2013-01-10,331.3333435058594,333.0,329.0,332.0,10318500
2013-01-11,332.0,335.0,332.0,334.3333435058594,10044600
2013-01-15,337.6666564941406,338.6666564941406,335.3333435058594,337.6666564941406,11283300
2013-01-16,337.6666564941406,342.3333435058594,337.0,338.6666564941406,17868900
2013-01-17,340.6666564941406,343.3333435058594,338.0,343.3333435058594,14505300
2013-01-18,345.0,346.6666564941406,343.6666564941406,345.3333435058594,10404900
2013-01-21,346.0,346.0,342.0,342.0,9719400
2013-01-22,342.3333435058594,343.3333435058594,336.0,339.3333435058594,11629500
2013-01-23,338.0,340.6666564941406,335.6666564941406,335.6666564941406,9511200
2013-01-24,334.3333435058594,335.3333435058594,333.0,334.3333435058594,10145400
2013-01-25,337.6666564941406,341.3333435058594,337.3333435058594,339.3333435058594,11081100
2013-01-28,342.6666564941406,343.3333435058594,340.3333435058594,340.3333435058594,6837900
2013-01-29,340.3333435058594,343.3333435058594,338.6666564941406,342.6666564941406,8355300
2013-01-30,343.0,346.0,342.3333435058594,345.3333435058594,6509700
2013-01-31,345.3333435058594,346.6666564941406,343.3333435058594,346.0,6416400
2013-02-01,347.0,349.3333435058594,346.6666564941406,347.3333435058594,9132300
2013-02-04,350.0,350.0,343.6666564941406,344.3333435058594,13542300
2013-02-05,343.6666564941406,344.3333435058594,342.0,342.3333435058594,10407300
2013-02-06,345.6666564941406,350.0,344.6666564941406,348.3333435058594,12905100
2013-02-07,348.6666564941406,353.0,348.3333435058594,352.0,11173200
2013-02-08,349.0,353.3333435058594,348.3333435058594,348.6666564941406,13027200
2013-02-12,352.6666564941406,359.6666564941406,352.3333435058594,354.0,12071700
2013-02-13,355.0,355.6666564941406,350.6666564941406,352.3333435058594,9266400
2013-02-14,353.0,354.3333435058594,351.6666564941406,352.6666564941406,8505000
2013-02-15,353.0,353.6666564941406,347.3333435058594,348.6666564941406,10455300
2013-02-18,349.6666564941406,354.3333435058594,349.0,352.0,8341500
2013-02-19,351.6666564941406,355.0,351.3333435058594,351.3333435058594,8844900
2013-02-20,354.3333435058594,355.0,353.0,355.0,6978900
2013-02-21,354.6666564941406,356.6666564941406,352.3333435058594,353.3333435058594,8866200
2013-02-22,353.6666564941406,358.0,353.6666564941406,358.0,13032600
2013-02-25,361.0,362.0,358.6666564941406,360.0,17139300
2013-02-26,348.6666564941406,350.0,345.0,347.3333435058594,15810600
2013-02-27,347.3333435058594,348.3333435058594,340.6666564941406,341.0,9951000
2013-02-28,343.3333435058594,347.6666564941406,342.6666564941406,347.3333435058594,13482900
2013-03-01,344.6666564941406,346.6666564941406,342.0,345.3333435058594,10362600
2013-03-04,345.6666564941406,349.3333435058594,343.3333435058594,344.3333435058594,12592500
2013-03-05,346.0,346.3333435058594,342.0,342.6666564941406,9500400
2013-03-06,344.0,344.3333435058594,341.6666564941406,343.6666564941406,8461200
2013-03-07,343.6666564941406,345.0,342.3333435058594,344.0,11491200
2013-03-08,344.0,344.6666564941406,341.0,342.6666564941406,27488100
2013-03-11,343.3333435058594,346.6666564941406,341.3333435058594,346.0,12883200
2013-03-12,347.3333435058594,358.0,347.0,355.0,17428800
2013-03-13,351.3333435058594,352.6666564941406,346.0,347.6666564941406,12048000
2013-03-14,348.3333435058594,350.3333435058594,346.6666564941406,347.6666564941406,9368400
2013-03-15,351.6666564941406,358.6666564941406,351.6666564941406,358.0,14707800
2013-03-18,358.0,366.6666564941406,357.3333435058594,359.6666564941406,14681100
2013-03-19,363.3333435058594,364.6666564941406,361.3333435058594,362.0,8350500
2013-03-21,365.0,367.3333435058594,363.3333435058594,367.0,12588900
2013-03-22,367.6666564941406,371.6666564941406,367.0,369.0,13794300
2013-03-25,372.6666564941406,383.0,370.6666564941406,380.3333435058594,13771800
2013-03-26,380.6666564941406,387.0,379.0,384.3333435058594,11870700
2013-03-27,390.6666564941406,426.0,390.3333435058594,408.6666564941406,27420300
2013-03-28,418.6666564941406,422.3333435058594,404.0,405.3333435058594,23187600
2013-03-29,406.6666564941406,407.3333435058594,397.6666564941406,405.0,11100300
2013-04-01,399.6666564941406,399.6666564941406,377.0,377.6666564941406,15833700
2013-04-02,377.0,387.3333435058594,365.6666564941406,379.0,15650400
2013-04-03,380.6666564941406,384.6666564941406,376.0,384.0,8192400
2013-04-04,380.0,389.3333435058594,372.3333435058594,389.3333435058594,13276800
2013-04-05,402.0,415.6666564941406,397.3333435058594,401.0,20410500
2013-04-08,416.6666564941406,418.3333435058594,406.0,415.0,16916700
2013-04-09,421.3333435058594,428.3333435058594,417.6666564941406,426.3333435058594,18045000
2013-04-10,430.6666564941406,473.6666564941406,429.3333435058594,450.6666564941406,32912700
2013-04-11,451.3333435058594,456.6666564941406,438.0,443.3333435058594,17408100
2013-04-12,453.3333435058594,480.3333435058594,447.0,472.0,43246800
2013-04-15,470.0,470.0,456.0,459.0,22851900
2013-04-16,450.0,458.0,442.3333435058594,454.6666564941406,18045600
2013-04-17,456.6666564941406,464.0,453.3333435058594,456.0,13531200
2013-04-18,453.3333435058594,456.6666564941406,446.6666564941406,452.0,10905600
2013-04-19,452.3333435058594,453.0,441.6666564941406,448.3333435058594,13314600
2013-04-22,453.3333435058594,457.3333435058594,450.3333435058594,453.0,15492300
2013-04-23,452.0,456.3333435058594,450.3333435058594,456.0,12870300
2013-04-24,458.3333435058594,460.0,454.3333435058594,459.0,12214500
2013-04-25,460.6666564941406,463.3333435058594,457.0,463.0,11258700
2013-04-26,465.0,465.6666564941406,455.0,458.6666564941406,11171700
2013-04-30,460.0,463.0,458.3333435058594,459.6666564941406,10407600
2013-05-01,458.3333435058594,458.6666564941406,448.6666564941406,454.0,9827100
2013-05-02,453.0,458.0,448.6666564941406,452.6666564941406,7335900
2013-05-07,453.0,455.3333435058594,420.0,440.3333435058594,28836000
2013-05-08,440.6666564941406,441.3333435058594,432.3333435058594,434.0,25194600
2013-05-09,435.0,437.3333435058594,426.0,426.0,22941900
2013-05-10,436.3333435058594,436.6666564941406,430.6666564941406,434.6666564941406,16502400
2013-05-13,434.6666564941406,435.3333435058594,430.0,432.6666564941406,13688400
2013-05-14,431.6666564941406,437.0,430.6666564941406,436.0,15516000
2013-05-15,436.6666564941406,447.6666564941406,436.0,447.6666564941406,17342100
2013-05-16,448.0,448.3333435058594,433.3333435058594,434.0,15966000
2013-05-17,433.3333435058594,434.0,429.0,432.3333435058594,10692000
2013-05-20,433.6666564941406,436.0,430.6666564941406,433.0,10213500
2013-05-21,432.0,434.3333435058594,429.3333435058594,432.6666564941406,12120600
2013-05-22,432.6666564941406,434.3333435058594,430.0,430.0,13207200
2013-05-23,429.6666564941406,434.0,408.3333435058594,408.3333435058594,26992500
2013-05-24,416.3333435058594,425.3333435058594,407.0,416.3333435058594,21777600
2013-05-27,413.0,414.3333435058594,401.6666564941406,408.3333435058594,10398600
2013-05-28,403.3333435058594,411.6666564941406,402.6666564941406,409.0,9495900
2013-05-29,415.0,419.6666564941406,408.6666564941406,413.0,10242600
2013-05-30,406.6666564941406,407.6666564941406,396.3333435058594,398.6666564941406,15698700
2013-05-31,400.6666564941406,408.6666564941406,395.3333435058594,396.0,15836700
2013-06-03,392.3333435058594,392.3333435058594,381.6666564941406,384.6666564941406,14513100
2013-06-04,380.0,388.0,374.3333435058594,386.6666564941406,13541700
2013-06-05,386.3333435058594,404.3333435058594,385.3333435058594,385.6666564941406,11918700
2013-06-06,383.0,390.0,373.6666564941406,375.3333435058594,22245300
2013-06-07,370.6666564941406,381.0,368.3333435058594,375.6666564941406,14889000
2013-06-10,405.6666564941406,407.6666564941406,391.0,397.3333435058594,14902800
2013-06-11,407.3333435058594,408.3333435058594,389.6666564941406,391.0,9861900
2013-06-12,391.3333435058594,393.0,379.3333435058594,391.0,12965400
2013-06-13,391.3333435058594,391.3333435058594,370.0,370.3333435058594,16148400
2013-06-14,380.0,386.6666564941406,375.3333435058594,380.6666564941406,19911300
2013-06-17,374.3333435058594,394.0,374.3333435058594,393.6666564941406,9060300
2013-06-18,399.3333435058594,408.3333435058594,397.0,407.3333435058594,19061100
2013-06-19,417.3333435058594,421.0,410.6666564941406,418.0,17479500
2013-06-20,423.0,423.3333435058594,408.3333435058594,414.0,17978400
2013-06-21,414.3333435058594,422.3333435058594,409.3333435058594,421.6666564941406,18511200
2013-06-24,430.0,430.3333435058594,416.6666564941406,419.3333435058594,10073700
2013-06-25,424.0,424.3333435058594,403.3333435058594,409.3333435058594,16072200
2013-06-26,416.6666564941406,417.0,407.3333435058594,411.0,9661500
2013-06-27,409.0,423.0,408.3333435058594,423.0,9489000
2013-06-28,433.0,435.0,429.3333435058594,434.0,16370400
2013-07-01,444.6666564941406,445.0,436.0,444.0,13009500
2013-07-02,444.6666564941406,446.0,441.6666564941406,446.0,11725500
2013-07-03,449.0,450.0,445.0,449.6666564941406,12651000
2013-07-04,450.0,453.3333435058594,448.6666564941406,452.3333435058594,9804900
2013-07-05,454.3333435058594,455.0,451.6666564941406,453.0,9723600
2013-07-08,455.3333435058594,457.6666564941406,452.0,452.0,8190000
2013-07-09,454.0,459.6666564941406,452.3333435058594,459.6666564941406,9358200
2013-07-10,463.3333435058594,477.0,462.6666564941406,466.0,17480100
2013-07-11,459.3333435058594,464.3333435058594,454.3333435058594,461.6666564941406,9777600
2013-07-12,460.0,465.3333435058594,459.3333435058594,462.0,8876100
2013-07-16,460.0,465.0,457.0,459.6666564941406,12574500
2013-07-17,456.6666564941406,457.3333435058594,452.0,457.0,7810500
2013-07-18,458.6666564941406,463.6666564941406,458.6666564941406,461.6666564941406,27476400
2013-07-19,465.0,465.0,453.6666564941406,455.3333435058594,10911300
2013-07-22,458.0,459.3333435058594,448.0,455.6666564941406,10409700
2013-07-23,455.6666564941406,464.6666564941406,453.6666564941406,464.3333435058594,10656300
2013-07-24,466.0,469.3333435058594,462.3333435058594,467.6666564941406,10546200
2013-07-25,469.3333435058594,472.0,461.3333435058594,463.6666564941406,10929600
2013-07-26,456.6666564941406,458.3333435058594,450.6666564941406,453.0,10286700
2013-07-29,449.0,452.3333435058594,444.0,444.0,8364000
2013-07-30,445.0,459.6666564941406,444.3333435058594,457.6666564941406,9024000
2013-07-31,453.6666564941406,454.3333435058594,446.6666564941406,449.3333435058594,7715700
2013-08-01,454.6666564941406,465.0,453.6666564941406,464.3333435058594,11085300
2013-08-02,466.6666564941406,474.6666564941406,465.0,472.6666564941406,12537000
2013-08-05,471.0,471.6666564941406,467.0,468.0,5961300
2013-08-06,468.3333435058594,475.3333435058594,463.3333435058594,475.0,10500000
2013-08-07,470.3333435058594,472.6666564941406,465.3333435058594,465.3333435058594,9190200
2013-08-08,463.3333435058594,467.3333435058594,456.3333435058594,458.0,10673400
2013-08-09,456.0,461.6666564941406,452.3333435058594,456.3333435058594,8081400
2013-08-12,453.3333435058594,460.0,451.0,456.6666564941406,4676400
2013-08-13,459.3333435058594,466.0,458.0,466.0,6839400
2013-08-14,467.0,473.6666564941406,466.3333435058594,473.0,8861400
2013-08-15,467.0,471.3333435058594,465.6666564941406,467.6666564941406,6767700
2013-08-16,464.0,466.0,461.3333435058594,463.6666564941406,9648300
2013-08-19,463.6666564941406,466.6666564941406,462.0,466.6666564941406,5240400
2013-08-20,465.0,468.3333435058594,461.3333435058594,461.3333435058594,7290000
2013-08-21,461.3333435058594,462.3333435058594,454.0,460.0,8221200
2013-08-22,456.3333435058594,461.6666564941406,455.3333435058594,457.6666564941406,6002700
2013-08-23,463.3333435058594,466.3333435058594,461.0,463.3333435058594,6984000
2013-08-26,466.0,467.3333435058594,464.0,466.0,6269400
2013-08-27,466.0,466.6666564941406,460.6666564941406,461.0,14235900
2013-08-28,436.6666564941406,447.3333435058594,435.0,443.3333435058594,13578900
2013-08-29,443.6666564941406,444.3333435058594,437.3333435058594,440.6666564941406,8757000
2013-08-30,448.3333435058594,458.0,445.3333435058594,448.0,14437800
2013-09-02,448.6666564941406,450.6666564941406,446.0,447.0,5547600
2013-09-03,450.3333435058594,455.0,450.0,453.3333435058594,8212800
2013-09-04,446.6666564941406,449.6666564941406,443.3333435058594,448.3333435058594,8682300
2013-09-05,448.6666564941406,449.6666564941406,444.6666564941406,448.6666564941406,7715100
2013-09-06,448.6666564941406,452.3333435058594,446.3333435058594,450.3333435058594,7285200
2013-09-09,460.3333435058594,462.6666564941406,453.6666564941406,461.6666564941406,11565600
2013-09-10,463.0,464.6666564941406,460.6666564941406,462.3333435058594,6959100
2013-09-11,465.0,465.6666564941406,457.0,458.3333435058594,6481800
2013-09-12,458.3333435058594,461.3333435058594,453.3333435058594,455.6666564941406,6261600
2013-09-13,455.3333435058594,460.0,453.6666564941406,459.0,13212900
2013-09-17,461.0,461.3333435058594,448.3333435058594,449.0,8255400
2013-09-18,452.6666564941406,456.3333435058594,450.6666564941406,453.0,6554700
2013-09-19,457.3333435058594,464.0,456.0,464.0,7795500
2013-09-20,463.3333435058594,463.6666564941406,457.6666564941406,460.6666564941406,7340700
2013-09-24,455.0,458.3333435058594,454.3333435058594,457.3333435058594,5599200
2013-09-25,457.6666564941406,462.0,455.0,460.0,5683500
2013-09-26,459.6666564941406,463.0,455.3333435058594,463.0,6637200
2013-09-27,463.3333435058594,464.3333435058594,456.3333435058594,457.3333435058594,10051800
2013-09-30,456.3333435058594,457.3333435058594,450.0,450.3333435058594,9367500
2013-10-01,451.6666564941406,453.0,446.0,446.6666564941406,7503600
2013-10-02,448.6666564941406,455.6666564941406,444.3333435058594,446.3333435058594,10541700
2013-10-03,444.3333435058594,446.3333435058594,437.0,439.3333435058594,10551000
2013-10-04,436.3333435058594,436.3333435058594,433.3333435058594,433.3333435058594,8634000
2013-10-07,435.0,446.3333435058594,426.0,430.3333435058594,8480100
2013-10-08,426.6666564941406,428.0,420.0,422.6666564941406,8795100
2013-10-09,420.3333435058594,425.3333435058594,416.6666564941406,423.6666564941406,9154500
2013-10-10,427.3333435058594,442.3333435058594,427.3333435058594,442.0,10458000
2013-10-11,447.6666564941406,451.6666564941406,446.0,447.6666564941406,11671200
2013-10-15,448.0,448.0,442.6666564941406,443.3333435058594,5996100
2013-10-16,444.3333435058594,444.3333435058594,440.3333435058594,441.6666564941406,4945500
2013-10-17,444.0,448.6666564941406,441.0,443.6666564941406,5464800
2013-10-18,443.6666564941406,448.0,443.6666564941406,446.3333435058594,4926900
2013-10-21,448.3333435058594,451.0,445.0,446.6666564941406,5041800
2013-10-22,447.0,448.0,443.3333435058594,444.3333435058594,5404500
2013-10-23,446.6666564941406,447.0,437.3333435058594,439.0,7315500
2013-10-24,439.3333435058594,444.3333435058594,438.0,444.3333435058594,5161500
2013-10-25,445.3333435058594,447.6666564941406,440.6666564941406,441.6666564941406,10254900
2013-10-28,444.6666564941406,445.0,438.6666564941406,442.0,6766200
2013-10-29,441.0,446.3333435058594,437.3333435058594,444.3333435058594,7145700
2013-10-30,446.6666564941406,454.0,443.6666564941406,448.6666564941406,16410600
2013-10-31,448.6666564941406,449.6666564941406,444.6666564941406,445.6666564941406,7311300
2013-11-01,448.6666564941406,448.6666564941406,439.3333435058594,441.3333435058594,7737000
2013-11-05,446.3333435058594,448.3333435058594,440.0,442.6666564941406,6717600
2013-11-06,440.3333435058594,448.6666564941406,440.3333435058594,446.0,5650200
2013-11-07,445.0,445.0,438.3333435058594,439.0,9381000
2013-11-08,436.3333435058594,439.3333435058594,431.3333435058594,431.3333435058594,11838900
2013-11-11,437.6666564941406,438.0,433.3333435058594,434.0,6883200
2013-11-12,436.6666564941406,441.0,436.3333435058594,439.6666564941406,9619500
2013-11-13,440.3333435058594,443.6666564941406,440.3333435058594,440.6666564941406,6769800
2013-11-14,441.6666564941406,446.6666564941406,440.6666564941406,444.3333435058594,8639700
2013-11-15,447.0,450.6666564941406,446.3333435058594,448.3333435058594,10023300
2013-11-18,451.3333435058594,452.3333435058594,448.0,451.0,6501000
2013-11-19,450.6666564941406,452.6666564941406,447.0,451.6666564941406,7267500
2013-11-20,452.6666564941406,453.3333435058594,449.3333435058594,449.6666564941406,5898300
2013-11-21,452.3333435058594,454.0,450.6666564941406,452.3333435058594,7530600
2013-11-22,454.3333435058594,454.6666564941406,448.3333435058594,449.6666564941406,8889000
2013-11-25,453.6666564941406,454.3333435058594,451.0,452.6666564941406,6586500
2013-11-26,449.3333435058594,452.3333435058594,445.6666564941406,447.3333435058594,8261100
2013-11-27,447.3333435058594,454.0,446.6666564941406,452.0,8501700
2013-11-28,454.3333435058594,457.0,452.0,456.6666564941406,7453200
2013-11-29,456.6666564941406,459.3333435058594,454.6666564941406,459.3333435058594,7409700
2013-12-02,458.3333435058594,460.0,455.3333435058594,457.6666564941406,5525400
2013-12-03,459.3333435058594,460.0,457.6666564941406,458.0,6531900
2013-12-04,456.0,458.0,453.3333435058594,454.0,7143300
2013-12-05,453.3333435058594,456.6666564941406,450.3333435058594,450.3333435058594,7064400
2013-12-06,450.3333435058594,453.0,447.3333435058594,450.3333435058594,7637700
2013-12-09,455.6666564941406,458.0,454.0,458.0,6723000
2013-12-10,458.0,462.6666564941406,455.6666564941406,462.3333435058594,9076500
2013-12-11,461.0,463.3333435058594,459.0,460.3333435058594,6653100
2013-12-12,458.0,458.0,450.3333435058594,453.6666564941406,9218400
2013-12-13,451.6666564941406,456.6666564941406,448.3333435058594,452.3333435058594,19508700
2013-12-16,451.6666564941406,453.0,446.0,446.0,9235800
2013-12-17,449.3333435058594,451.0,447.0,449.3333435058594,7297200
2013-12-18,450.3333435058594,456.0,450.3333435058594,455.3333435058594,10919700
2013-12-19,459.0,460.6666564941406,458.3333435058594,460.0,9895200
2013-12-20,460.0,460.3333435058594,456.6666564941406,459.0,7079400
2013-12-24,459.6666564941406,462.6666564941406,457.0,458.3333435058594,8906700
2013-12-25,458.6666564941406,459.6666564941406,456.6666564941406,459.0,6318300
2013-12-26,460.6666564941406,465.0,459.3333435058594,462.0,8783400
2013-12-27,462.0,470.6666564941406,460.6666564941406,470.6666564941406,12343500
2013-12-30,473.3333435058594,478.6666564941406,472.6666564941406,475.0,9620400
2014-01-06,474.3333435058594,482.3333435058594,469.6666564941406,479.0,13876500
2014-01-07,476.0,482.0,474.0,479.0,8181900
2014-01-08,483.0,494.6666564941406,481.6666564941406,491.3333435058594,13873500
2014-01-09,489.3333435058594,489.3333435058594,478.6666564941406,480.0,13949700
2014-01-10,474.0,482.0,474.0,481.6666564941406,12246900
2014-01-14,466.6666564941406,468.0,461.6666564941406,462.6666564941406,23060700
2014-01-15,467.3333435058594,469.6666564941406,465.3333435058594,468.6666564941406,11202000
2014-01-16,469.6666564941406,470.6666564941406,463.3333435058594,463.3333435058594,11808000
2014-01-17,462.6666564941406,463.3333435058594,454.0,460.0,12685200
2014-01-20,460.0,460.3333435058594,453.6666564941406,453.6666564941406,11366100
2014-01-21,454.0,457.0,451.6666564941406,452.3333435058594,9052500
2014-01-22,453.3333435058594,453.3333435058594,447.6666564941406,450.6666564941406,14418900
2014-01-23,450.6666564941406,451.3333435058594,445.3333435058594,447.0,20277000
2014-01-24,443.3333435058594,445.3333435058594,436.6666564941406,438.6666564941406,21145200
2014-01-27,433.3333435058594,434.0,425.3333435058594,426.0,23700900
2014-01-28,429.6666564941406,441.3333435058594,427.0,427.0,15703800
2014-01-29,434.0,436.6666564941406,431.6666564941406,436.0,10274700
2014-01-30,431.6666564941406,432.0,426.6666564941406,431.0,11953800
2014-01-31,434.3333435058594,434.3333435058594,425.6666564941406,429.6666564941406,12302700
2014-02-03,428.0,429.3333435058594,421.0,421.0,12190800
2014-02-04,415.0,415.6666564941406,408.0,410.3333435058594,19760400
2014-02-05,416.0,420.0,411.3333435058594,417.3333435058594,14439000
2014-02-06,417.3333435058594,417.6666564941406,407.0,409.0,13790100
2014-02-07,412.6666564941406,415.6666564941406,408.0,414.6666564941406,11306700
2014-02-10,420.6666564941406,424.6666564941406,416.0,424.6666564941406,9172200
2014-02-12,428.0,429.6666564941406,425.3333435058594,427.6666564941406,11149800
2014-02-13,429.0,429.0,421.3333435058594,423.0,9486300
2014-02-14,419.3333435058594,424.6666564941406,412.0,415.0,13762800
2014-02-17,416.0,420.3333435058594,413.6666564941406,419.6666564941406,8883600
2014-02-18,421.3333435058594,426.6666564941406,417.0,426.3333435058594,12258600
2014-02-19,423.3333435058594,424.3333435058594,419.3333435058594,423.0,9845400
2014-02-20,422.6666564941406,425.0,418.6666564941406,420.0,9668700
2014-02-21,423.6666564941406,432.3333435058594,423.0,432.0,9496800
2014-02-24,430.0,435.6666564941406,426.6666564941406,431.3333435058594,13648500
2014-02-25,434.3333435058594,435.0,432.0,433.3333435058594,17594400
2014-02-26,423.3333435058594,425.3333435058594,417.6666564941406,421.3333435058594,13982700
2014-02-27,421.3333435058594,424.0,415.6666564941406,415.6666564941406,13541700
2014-02-28,416.6666564941406,417.3333435058594,411.0,414.6666564941406,15687300
2014-03-03,410.0,411.3333435058594,400.3333435058594,401.6666564941406,18316800
2014-03-04,400.0,412.3333435058594,399.0,411.6666564941406,15859800
2014-03-05,404.6666564941406,410.6666564941406,404.0,408.6666564941406,15107700
2014-03-06,409.6666564941406,416.0,407.6666564941406,415.3333435058594,10523700
2014-03-07,417.3333435058594,418.3333435058594,411.6666564941406,416.0,11274300
2014-03-10,415.3333435058594,416.0,409.0,410.6666564941406,8336100
2014-03-11,413.0,414.0,406.0,408.6666564941406,11955300
2014-03-12,405.6666564941406,407.6666564941406,402.3333435058594,402.3333435058594,11643300
2014-03-13,404.0,405.6666564941406,401.6666564941406,404.3333435058594,11866200
2014-03-14,400.0,400.3333435058594,388.6666564941406,390.6666564941406,24271500
2014-03-17,377.6666564941406,379.0,369.0,374.0,20716200
2014-03-18,381.3333435058594,382.6666564941406,372.6666564941406,372.6666564941406,14639700
2014-03-19,372.6666564941406,377.3333435058594,368.6666564941406,372.3333435058594,15013500
2014-03-20,375.6666564941406,377.0,367.0,367.0,19679700
2014-03-24,370.0,375.0,369.3333435058594,371.3333435058594,12475500
2014-03-25,374.0,374.3333435058594,369.0,371.3333435058594,12208800
2014-03-26,372.3333435058594,374.6666564941406,370.3333435058594,373.6666564941406,10827600
2014-03-27,374.0,377.6666564941406,371.0,373.6666564941406,15390000
2014-03-28,374.6666564941406,382.6666564941406,373.6666564941406,382.0,8466300
2014-03-31,392.0,394.6666564941406,384.3333435058594,387.6666564941406,12358200
2014-04-01,388.3333435058594,388.6666564941406,380.3333435058594,382.3333435058594,11484900
2014-04-02,384.6666564941406,386.6666564941406,382.6666564941406,385.6666564941406,10562100
2014-04-03,386.6666564941406,389.3333435058594,385.3333435058594,386.3333435058594,8376300
2014-04-04,386.3333435058594,387.6666564941406,384.3333435058594,385.3333435058594,6658500
2014-04-07,383.6666564941406,389.0,383.3333435058594,387.0,7819500
2014-04-08,385.6666564941406,388.3333435058594,383.0,383.0,12205200
2014-04-09,382.0,383.3333435058594,377.3333435058594,378.6666564941406,11657100
2014-04-10,381.6666564941406,386.3333435058594,379.3333435058594,379.3333435058594,7630200
2014-04-11,370.0,386.3333435058594,367.3333435058594,380.6666564941406,17391000
2014-04-14,378.6666564941406,382.0,375.3333435058594,375.3333435058594,10971600
2014-04-15,377.6666564941406,384.3333435058594,376.0,381.3333435058594,10942500
2014-04-16,385.0,392.6666564941406,384.0,392.6666564941406,10656900
2014-04-17,393.3333435058594,395.0,392.0,393.0,7244400
2014-04-18,395.0,395.6666564941406,390.6666564941406,393.0,6161100
2014-04-21,394.0,397.3333435058594,393.3333435058594,396.0,5412900
2014-04-22,396.0,396.6666564941406,390.3333435058594,390.3333435058594,6549000
2014-04-23,393.0,393.0,388.3333435058594,390.0,7874100
2014-04-24,390.0,394.0,387.0,387.6666564941406,7357200
2014-04-25,387.0,389.6666564941406,381.0,387.3333435058594,9546600
2014-04-28,383.3333435058594,389.0,380.6666564941406,389.0,5915400
2014-04-30,393.0,394.6666564941406,391.0,393.6666564941406,8548200
2014-05-01,394.3333435058594,397.3333435058594,392.3333435058594,395.6666564941406,6366900
2014-05-02,395.6666564941406,398.0,394.6666564941406,396.0,5936700
2014-05-07,394.0,394.3333435058594,390.0,390.0,9603000
2014-05-08,392.6666564941406,395.3333435058594,388.6666564941406,392.6666564941406,9362100
2014-05-09,389.6666564941406,397.6666564941406,389.3333435058594,394.6666564941406,8255400
2014-05-12,394.6666564941406,396.0,391.0,392.0,8097900
2014-05-13,396.0,400.0,394.0,399.0,8217000
2014-05-14,397.6666564941406,400.6666564941406,396.6666564941406,400.6666564941406,7709700
2014-05-15,398.6666564941406,403.3333435058594,396.6666564941406,403.3333435058594,11280300
2014-05-16,399.6666564941406,399.6666564941406,394.3333435058594,397.3333435058594,7961100
2014-05-19,399.3333435058594,404.3333435058594,398.6666564941406,401.6666564941406,6648300
2014-05-20,404.6666564941406,411.0,403.3333435058594,407.3333435058594,6626100
2014-05-21,407.3333435058594,409.3333435058594,404.0,406.0,8271300
2014-05-22,409.6666564941406,415.3333435058594,407.0,414.0,8871900
2014-05-23,416.6666564941406,420.0,414.3333435058594,415.3333435058594,7833300
2014-05-26,419.0,419.0,414.3333435058594,416.6666564941406,5168400
2014-05-27,416.6666564941406,419.6666564941406,416.3333435058594,416.3333435058594,5255100
2014-05-28,416.3333435058594,417.6666564941406,411.6666564941406,415.6666564941406,8238000
2014-05-29,414.0,414.6666564941406,410.3333435058594,412.3333435058594,6673200
2014-05-30,410.6666564941406,412.0,406.3333435058594,409.0,12027600
2014-06-02,412.3333435058594,414.6666564941406,411.0,412.6666564941406,7331400
2014-06-03,415.3333435058594,415.6666564941406,413.0,414.0,6707100
2014-06-04,414.6666564941406,414.6666564941406,411.6666564941406,414.3333435058594,6832800
2014-06-05,415.0,419.6666564941406,414.6666564941406,416.6666564941406,7868100
2014-06-06,417.6666564941406,417.6666564941406,412.0,412.6666564941406,8457900
2014-06-09,414.3333435058594,414.6666564941406,412.3333435058594,412.6666564941406,4241700
2014-06-10,413.6666564941406,414.6666564941406,408.6666564941406,409.3333435058594,7368300
2014-06-11,410.0,412.0,409.0,411.0,5239200
2014-06-12,409.6666564941406,411.0,407.0,411.0,8249400
2014-06-13,407.3333435058594,413.3333435058594,407.0,412.3333435058594,13696800
2014-06-16,412.0,412.3333435058594,407.0,407.0,7164900
2014-06-17,407.3333435058594,408.3333435058594,406.0,406.6666564941406,7423200
2014-06-18,408.3333435058594,411.0,407.6666564941406,410.0,6169500
2014-06-19,411.0,419.0,411.0,419.0,9726900
2014-06-20,417.3333435058594,418.0,414.0,415.0,7386000
2014-06-23,417.6666564941406,417.6666564941406,414.3333435058594,415.6666564941406,6317400
2014-06-24,415.0,415.3333435058594,411.3333435058594,413.6666564941406,7775100
2014-06-25,414.3333435058594,415.6666564941406,413.3333435058594,413.6666564941406,4470600
2014-06-26,415.3333435058594,417.3333435058594,414.6666564941406,415.6666564941406,6654900
2014-06-27,415.3333435058594,416.3333435058594,411.6666564941406,413.3333435058594,8892900
2014-06-30,414.3333435058594,415.3333435058594,411.0,415.3333435058594,10037400
2014-07-01,416.0,418.0,415.0,417.3333435058594,10802400
2014-07-02,418.6666564941406,422.0,418.3333435058594,421.3333435058594,9424800
2014-07-03,422.6666564941406,423.0,416.6666564941406,417.0,6785700
2014-07-04,419.0,419.0,415.6666564941406,418.0,6078900
2014-07-07,399.0,401.6666564941406,396.0,396.6666564941406,34610700
2014-07-08,397.3333435058594,398.0,393.3333435058594,393.3333435058594,20621400
2014-07-09,392.3333435058594,393.0,388.6666564941406,391.3333435058594,18659400
2014-07-10,391.6666564941406,392.0,384.6666564941406,385.0,18248400
2014-07-11,383.3333435058594,386.6666564941406,382.0,386.3333435058594,14442000
2014-07-14,389.0,389.3333435058594,386.0,388.0,8982900
2014-07-15,390.0,390.0,387.3333435058594,388.0,9975900
2014-07-16,387.3333435058594,388.0,386.0,386.6666564941406,9861300
2014-07-17,387.0,388.6666564941406,386.0,387.0,8598300
2014-07-18,385.0,386.6666564941406,383.3333435058594,385.6666564941406,8690100
2014-07-22,386.6666564941406,388.3333435058594,383.6666564941406,384.1666564941406,11109000
2014-07-23,384.0,384.6666564941406,382.6666564941406,383.0,9600600
2014-07-24,384.1666564941406,388.0,383.3333435058594,384.5,12036600
2014-07-25,387.0,387.1666564941406,384.3333435058594,386.0,6493800
2014-07-28,387.0,393.1666564941406,386.6666564941406,393.1666564941406,11309400
2014-07-29,395.0,396.6666564941406,394.8333435058594,395.1666564941406,7545000
2014-07-30,393.3333435058594,393.3333435058594,388.3333435058594,389.1666564941406,13149000
2014-07-31,389.8333435058594,390.5,387.1666564941406,387.6666564941406,10152000
2014-08-01,386.6666564941406,387.1666564941406,385.0,386.5,8029800
2014-08-04,386.6666564941406,388.0,384.8333435058594,384.8333435058594,9126600
2014-08-05,386.1666564941406,388.6666564941406,383.5,383.5,10570500
2014-08-06,383.5,384.1666564941406,380.1666564941406,381.6666564941406,13470600
2014-08-07,381.6666564941406,384.8333435058594,380.6666564941406,384.3333435058594,8046900
2014-08-08,383.3333435058594,384.3333435058594,378.3333435058594,378.6666564941406,15651600
2014-08-11,384.8333435058594,385.0,381.0,383.6666564941406,9777300
2014-08-12,384.8333435058594,388.3333435058594,384.3333435058594,387.3333435058594,6690000
2014-08-13,387.6666564941406,389.8333435058594,386.6666564941406,389.3333435058594,6624300
2014-08-14,390.3333435058594,391.3333435058594,390.0,390.5,5488200
2014-08-15,390.6666564941406,392.0,390.1666564941406,391.6666564941406,5636400
2014-08-18,393.1666564941406,393.8333435058594,391.1666564941406,391.5,6842400
2014-08-19,393.3333435058594,393.3333435058594,389.0,389.3333435058594,10061100
2014-08-20,391.3333435058594,392.1666564941406,390.1666564941406,391.6666564941406,5686800
2014-08-21,393.1666564941406,393.1666564941406,391.6666564941406,392.1666564941406,7862400
2014-08-22,392.8333435058594,393.0,391.0,391.3333435058594,9201300
2014-08-25,392.5,393.0,391.6666564941406,392.6666564941406,8725200
2014-08-26,392.6666564941406,393.0,388.0,388.5,17800800
2014-08-27,383.8333435058594,386.6666564941406,378.6666564941406,379.3333435058594,19483200
2014-08-28,379.5,380.0,374.1666564941406,375.3333435058594,13710600
2014-08-29,375.0,376.1666564941406,372.6666564941406,374.6666564941406,12779700
2014-09-01,374.6666564941406,374.6666564941406,371.1666564941406,372.3333435058594,8934600
2014-09-02,372.5,376.3333435058594,371.6666564941406,375.5,10246200
2014-09-03,374.0,375.1666564941406,371.6666564941406,372.0,11378400
2014-09-04,371.6666564941406,372.6666564941406,370.0,370.1666564941406,11795100
2014-09-05,370.6666564941406,371.0,366.6666564941406,366.8333435058594,13334400
2014-09-08,367.0,367.5,363.6666564941406,365.5,11565300
2014-09-09,365.8333435058594,366.8333435058594,362.6666564941406,364.3333435058594,11485800
2014-09-10,364.3333435058594,372.6666564941406,364.3333435058594,372.0,13212900
2014-09-11,373.3333435058594,373.6666564941406,368.3333435058594,370.3333435058594,10338600
2014-09-12,368.6666564941406,370.0,367.6666564941406,368.6666564941406,16434000
2014-09-16,368.5,369.6666564941406,365.5,366.1666564941406,12266100
2014-09-17,365.0,366.3333435058594,361.0,361.1666564941406,16816800
2014-09-18,363.5,369.6666564941406,363.1666564941406,368.6666564941406,11780400
2014-09-19,370.1666564941406,373.1666564941406,369.8333435058594,372.8333435058594,12738000
2014-09-22,372.5,374.8333435058594,372.0,373.3333435058594,8690400
2014-09-24,368.3333435058594,369.3333435058594,362.1666564941406,363.3333435058594,20540700
2014-09-25,368.5,371.5,363.3333435058594,371.5,17844000
2014-09-26,368.3333435058594,371.1666564941406,366.5,369.1666564941406,9308700
2014-09-29,369.1666564941406,369.5,360.3333435058594,362.6666564941406,17028300
2014-09-30,363.3333435058594,364.0,360.8333435058594,364.0,13506000
2014-10-01,365.1666564941406,374.3333435058594,365.0,372.5,19552800
2014-10-02,370.3333435058594,371.0,363.5,366.3333435058594,12978900
2014-10-03,363.5,369.5,363.0,369.1666564941406,13549500
2014-10-06,372.8333435058594,377.5,370.6666564941406,372.3333435058594,20724000
2014-10-07,372.5,375.0,368.5,370.0,13648200
2014-10-08,367.1666564941406,367.8333435058594,361.8333435058594,363.3333435058594,16076400
2014-10-09,364.3333435058594,365.1666564941406,360.0,362.6666564941406,14781900
2014-10-10,360.0,366.3333435058594,357.0,364.5,19667100
2014-10-14,360.0,363.1666564941406,356.0,356.0,18695400
2014-10-15,356.3333435058594,359.8333435058594,353.3333435058594,354.1666564941406,14140200
2014-10-16,349.1666564941406,349.5,337.0,338.1666564941406,20223000
2014-10-17,341.6666564941406,341.6666564941406,332.3333435058594,332.5666809082031,23063400
2014-10-20,337.6666564941406,342.8333435058594,336.8333435058594,342.0,11097900
2014-10-21,342.0,342.8333435058594,335.6666564941406,336.3333435058594,9790500
2014-10-22,341.3333435058594,341.6666564941406,335.8333435058594,338.5,12421800
2014-10-23,338.6666564941406,340.3333435058594,333.6666564941406,338.0,11489400
2014-10-24,340.0,340.3333435058594,337.3333435058594,338.3333435058594,13191300
2014-10-27,340.0,342.3333435058594,339.5,340.8333435058594,9503100
2014-10-28,340.8333435058594,343.6666564941406,340.0,342.3333435058594,7795200
2014-10-29,344.8333435058594,349.3333435058594,343.0,348.8333435058594,9054300
2014-10-30,349.0,353.5,348.6666564941406,351.6666564941406,9603300
2014-10-31,354.3333435058594,366.6666564941406,353.6666564941406,364.8333435058594,17971800
2014-11-04,375.1666564941406,375.3333435058594,367.5,368.8333435058594,24453900
2014-11-05,368.8333435058594,373.3333435058594,368.0,371.0,16338600
2014-11-06,371.0,371.1666564941406,364.5,365.3333435058594,13604400
2014-11-07,367.0,373.0,367.0,372.3333435058594,11919600
2014-11-10,372.1666564941406,375.3333435058594,371.3333435058594,375.3333435058594,8944200
2014-11-11,375.3333435058594,381.6666564941406,375.3333435058594,381.5,12317100
2014-11-12,383.1666564941406,390.1666564941406,382.6666564941406,386.3333435058594,21991500
2014-11-13,388.3333435058594,397.8333435058594,384.5,397.8333435058594,29444100
2014-11-14,400.0,410.5,400.0,410.5,37785000
2014-11-17,410.5,417.5,400.1666564941406,401.6666564941406,34526100
2014-11-18,405.6666564941406,412.3333435058594,405.5,406.6666564941406,20347500
2014-11-19,410.0,413.0,398.0,398.5,23776800
2014-11-20,401.6666564941406,403.8333435058594,396.6666564941406,397.0,16386900
2014-11-21,396.8333435058594,397.5,389.3333435058594,394.0,18009900
2014-11-25,398.5,398.5,389.0,389.5,13668900
2014-11-26,389.3333435058594,394.3333435058594,388.6666564941406,393.3333435058594,11092200
2014-11-27,391.8333435058594,392.1666564941406,387.3333435058594,387.3333435058594,8701800
2014-11-28,388.0,394.5,386.0,394.3333435058594,12351000
2014-12-01,396.0,401.6666564941406,392.3333435058594,400.0,13132500
2014-12-02,399.3333435058594,406.6666564941406,399.0,405.8333435058594,15599100
2014-12-03,407.0,413.0,406.3333435058594,412.1666564941406,21808500
2014-12-04,413.3333435058594,416.3333435058594,410.5,413.5,16663500
2014-12-05,412.5,412.8333435058594,406.6666564941406,408.0,13919400
2014-12-08,409.0,409.6666564941406,400.1666564941406,409.3333435058594,18021600
2014-12-09,405.0,407.5,402.0,404.3333435058594,14072700
2014-12-10,401.6666564941406,408.1666564941406,400.1666564941406,402.0,17016000
2014-12-11,399.3333435058594,404.1666564941406,394.0,403.3333435058594,19729800
2014-12-12,400.0,406.6666564941406,397.6666564941406,399.1666564941406,22416600
2014-12-15,396.6666564941406,401.6666564941406,395.3333435058594,396.3333435058594,13048200
2014-12-16,388.1666564941406,389.0,370.0,371.0,32287800
2014-12-17,371.0,380.1666564941406,371.0,377.0,19617600
2014-12-18,386.6666564941406,389.8333435058594,383.6666564941406,387.0,16017900
2014-12-19,392.3333435058594,396.6666564941406,390.6666564941406,393.8333435058594,16459800
2014-12-22,392.8333435058594,395.0,390.0,393.8333435058594,14238300
2014-12-24,399.3333435058594,399.6666564941406,397.5,398.6666564941406,11271000
2014-12-25,400.0,402.6666564941406,395.8333435058594,396.5,14263200
2014-12-26,396.1666564941406,399.0,395.5,396.8333435058594,7178100
2014-12-29,399.8333435058594,405.0,398.3333435058594,404.1666564941406,12611100
2014-12-30,406.3333435058594,408.6666564941406,404.0,404.5,11723100
2015-01-05,404.6666564941406,409.5,401.3333435058594,406.3333435058594,14896500
2015-01-06,400.8333435058594,404.8333435058594,396.8333435058594,397.6666564941406,16525500
2015-01-07,396.6666564941406,399.3333435058594,395.3333435058594,398.1666564941406,13690200
2015-01-08,403.5,408.0,403.1666564941406,406.8333435058594,15194400
2015-01-09,407.1666564941406,409.0,401.6666564941406,403.6666564941406,15255300
2015-01-13,383.3333435058594,383.8333435058594,375.3333435058594,381.1666564941406,33649800
2015-01-14,381.8333435058594,384.3333435058594,380.0,380.6666564941406,21502200
2015-01-15,383.1666564941406,394.6666564941406,383.0,393.6666564941406,19319100
2015-01-16,385.3333435058594,388.5,381.0,385.6666564941406,18730200
2015-01-19,391.0,391.0,386.8333435058594,388.8333435058594,10484100
2015-01-20,390.8333435058594,404.8333435058594,390.5,404.8333435058594,16426200
2015-01-21,401.6666564941406,412.5,401.5,412.3333435058594,19766100
2015-01-22,411.5,416.3333435058594,411.0,416.3333435058594,14544000
2015-01-23,416.6666564941406,419.3333435058594,412.8333435058594,415.6666564941406,12733200
2015-01-26,412.8333435058594,415.3333435058594,410.6666564941406,414.6666564941406,8266500
2015-01-27,415.6666564941406,416.8333435058594,412.8333435058594,416.8333435058594,12552600
2015-01-28,413.5,418.6666564941406,412.0,418.0,13271700
2015-01-29,415.8333435058594,426.3333435058594,413.8333435058594,418.6666564941406,18854100
2015-01-30,420.0,421.0,415.1666564941406,416.5,12109500
2015-02-02,413.8333435058594,416.3333435058594,411.0,414.8333435058594,10864200
2015-02-03,415.5,418.6666564941406,411.3333435058594,414.6666564941406,12163500
2015-02-04,417.3333435058594,426.0,417.1666564941406,425.8333435058594,15672900
2015-02-05,426.0,431.1666564941406,425.0,429.3333435058594,14173800
2015-02-06,429.3333435058594,429.6666564941406,425.1666564941406,426.0,11271000
2015-02-09,428.3333435058594,431.6666564941406,425.5,427.6666564941406,10968000
2015-02-10,427.6666564941406,429.5,422.1666564941406,425.3333435058594,11395800
2015-02-12,429.3333435058594,433.3333435058594,426.5,433.3333435058594,17108400
2015-02-13,432.6666564941406,437.5,430.6666564941406,435.8333435058594,14435700
2015-02-16,440.0,451.1666564941406,439.3333435058594,448.5,18055200
2015-02-17,448.8333435058594,449.5,444.5,447.6666564941406,9568200
2015-02-18,448.6666564941406,449.3333435058594,445.0,446.5,17767200
2015-02-19,445.8333435058594,446.6666564941406,439.3333435058594,444.1666564941406,14802600
2015-02-20,444.6666564941406,444.6666564941406,433.3333435058594,433.3333435058594,17887500
2015-02-23,434.3333435058594,434.8333435058594,430.3333435058594,433.8333435058594,18155100
2015-02-24,434.0,438.8333435058594,433.5,434.5,25827900
2015-02-25,427.5,428.6666564941406,420.5,428.6666564941406,22449900
2015-02-26,426.5,428.0,423.8333435058594,426.1666564941406,12735300
2015-02-27,425.6666564941406,426.5,420.3333435058594,426.5,16623300
2015-03-02,425.3333435058594,425.8333435058594,421.1666564941406,422.5,11295000
2015-03-03,423.5,425.0,421.5,424.6666564941406,11650500
2015-03-04,420.0,421.5,412.6666564941406,419.0,14085300
2015-03-05,424.0,428.3333435058594,420.6666564941406,423.6666564941406,14737200
2015-03-06,421.1666564941406,426.3333435058594,418.3333435058594,426.3333435058594,13091700
2015-03-09,421.6666564941406,422.8333435058594,419.1666564941406,421.5,11494800
2015-03-10,424.1666564941406,426.6666564941406,421.3333435058594,423.5,10615800
2015-03-11,421.5,425.6666564941406,421.5,422.3333435058594,15159900
2015-03-12,425.1666564941406,433.0,423.6666564941406,432.6666564941406,18615300
2015-03-13,433.3333435058594,433.3333435058594,429.0,429.8333435058594,21525000
2015-03-16,426.6666564941406,427.1666564941406,418.5,419.3333435058594,17535900
2015-03-17,423.0,423.1666564941406,417.8333435058594,418.3333435058594,10867500
2015-03-18,419.6666564941406,422.8333435058594,417.6666564941406,422.6666564941406,12473100
2015-03-19,423.3333435058594,426.0,420.6666564941406,424.0,11846700
2015-03-20,423.3333435058594,425.5,419.1666564941406,425.5,11621400
2015-03-23,428.3333435058594,446.6666564941406,427.8333435058594,446.6666564941406,29635200
2015-03-24,436.6666564941406,448.0,435.0,447.1666564941406,20120400
2015-03-25,447.5,450.3333435058594,445.1666564941406,450.3333435058594,14931600
2015-03-26,449.3333435058594,449.8333435058594,443.6666564941406,445.5,9090600
2015-03-27,444.0,448.1666564941406,437.6666564941406,444.1666564941406,10821300
2015-03-30,443.3333435058594,446.5,440.3333435058594,444.0,7573200
2015-03-31,448.3333435058594,449.8333435058594,439.6666564941406,439.6666564941406,9453600
2015-04-01,437.1666564941406,448.0,437.1666564941406,443.8333435058594,23022900
2015-04-02,448.3333435058594,452.1666564941406,446.6666564941406,450.5,14980800
2015-04-03,450.0,455.0,447.3333435058594,455.0,9663600
2015-04-06,450.3333435058594,454.8333435058594,447.6666564941406,454.3333435058594,7361700
2015-04-07,454.8333435058594,455.0,450.6666564941406,452.1666564941406,11829000
2015-04-08,456.6666564941406,476.0,453.6666564941406,474.6666564941406,31510800
2015-04-09,474.3333435058594,482.1666564941406,472.6666564941406,481.1666564941406,17485200
2015-04-10,483.0,512.1666870117188,479.5,507.6666564941406,49488300
2015-04-13,506.3333435058594,518.6666870117188,505.3333435058594,518.6666870117188,25443900
2015-04-14,519.0,532.3333129882812,519.0,529.8333129882812,20719200
2015-04-15,530.0,542.0,525.8333129882812,529.8333129882812,27439500
2015-04-16,526.8333129882812,529.5,511.8333435058594,518.1666870117188,25086600
2015-04-17,513.0,516.3333129882812,502.3333435058594,504.5,23881800
2015-04-20,496.3333435058594,513.1666870117188,490.3333435058594,507.6666564941406,16524300
2015-04-21,506.3333435058594,517.3333129882812,503.1666564941406,517.3333129882812,15938400
2015-04-22,520.0,526.3333129882812,514.6666870117188,517.0,14825700
2015-04-23,519.3333129882812,521.5,509.0,510.8333435058594,11019300
2015-04-24,509.6666564941406,509.6666564941406,503.0,505.3333435058594,11646600
2015-04-27,505.3333435058594,511.5,504.1666564941406,511.3333435058594,9267900
2015-04-28,515.8333129882812,521.0,512.0,513.6666870117188,10260000
2015-04-30,509.1666564941406,509.5,495.0,497.0,17014800
2015-05-01,500.0,501.5,494.3333435058594,499.3333435058594,9327600
2015-05-07,495.0,509.1666564941406,493.6666564941406,505.3333435058594,13016400
2015-05-08,504.6666564941406,505.0,495.8333435058594,499.0,11632200
2015-05-11,506.6666564941406,512.1666870117188,505.3333435058594,508.6666564941406,6908700
2015-05-12,508.6666564941406,511.1666564941406,499.5,504.3333435058594,7353300
2015-05-13,501.3333435058594,505.1666564941406,500.3333435058594,503.5,7140000
2015-05-14,501.6666564941406,502.1666564941406,495.3333435058594,496.8333435058594,8589600
2015-05-15,498.8333435058594,501.6666564941406,496.8333435058594,501.0,7656900
2015-05-18,503.3333435058594,513.3333129882812,502.5,513.3333129882812,9151200
2015-05-19,516.6666870117188,523.0,516.3333129882812,521.0,9156600
2015-05-20,523.3333129882812,524.6666870117188,514.3333129882812,520.5,8989200
2015-05-21,523.3333129882812,533.3333129882812,522.1666870117188,533.1666870117188,11952300
2015-05-22,533.6666870117188,541.6666870117188,525.3333129882812,541.6666870117188,12578400
2015-05-25,550.0,562.6666870117188,549.5,558.1666870117188,15965700
2015-05-26,559.5,564.3333129882812,557.0,560.6666870117188,10029600
2015-05-27,558.0,559.1666870117188,552.1666870117188,555.3333129882812,12143100
2015-05-28,558.0,558.8333129882812,550.3333129882812,551.3333129882812,7653600
2015-05-29,550.0,560.0,547.1666870117188,553.6666870117188,11282400
2015-06-01,549.3333129882812,553.6666870117188,545.3333129882812,552.8333129882812,7414200
2015-06-02,553.3333129882812,556.0,549.6666870117188,552.1666870117188,5010300
2015-06-03,548.3333129882812,549.5,545.3333129882812,546.8333129882812,5702400
2015-06-04,547.6666870117188,549.3333129882812,546.0,548.5,5272800
2015-06-05,545.3333129882812,554.3333129882812,543.5,552.5,6251400
2015-06-08,551.8333129882812,553.6666870117188,547.0,549.5,6126900
2015-06-09,546.6666870117188,549.3333129882812,541.3333129882812,541.3333129882812,7713900
2015-06-10,535.6666870117188,536.5,522.6666870117188,524.3333129882812,20380500
2015-06-11,528.3333129882812,542.0,527.0,541.0,9567600
2015-06-12,546.6666870117188,548.0,539.8333129882812,542.6666870117188,11612100
2015-06-15,540.3333129882812,549.8333129882812,540.0,549.5,6085800
2015-06-16,547.0,549.5,544.3333129882812,544.3333129882812,5955000
2015-06-17,547.5,551.8333129882812,544.6666870117188,547.1666870117188,8497500
2015-06-18,546.5,547.6666870117188,542.0,542.6666870117188,6789900
2015-06-19,545.0,546.3333129882812,539.3333129882812,540.0,10000200
2015-06-22,540.0,551.1666870117188,538.5,551.1666870117188,8259900
2015-06-23,552.0,559.3333129882812,551.6666870117188,559.3333129882812,8629200
2015-06-24,561.0,563.3333129882812,554.3333129882812,559.6666870117188,9413100
2015-06-25,557.8333129882812,566.0,554.6666870117188,554.6666870117188,9864000
2015-06-26,554.8333129882812,558.3333129882812,550.3333129882812,551.6666870117188,6760500
2015-06-29,534.6666870117188,550.0,533.8333129882812,542.5,9258900
2015-06-30,550.3333129882812,592.0,550.3333129882812,579.1666870117188,38589300
2015-07-01,583.3333129882812,598.0,582.3333129882812,588.6666870117188,16729200
2015-07-02,590.3333129882812,592.8333129882812,580.1666870117188,585.0,14875500
2015-07-03,585.0,586.0,581.5,583.8333129882812,6849900
2015-07-06,579.0,593.1666870117188,578.5,584.8333129882812,13080900
2015-07-07,592.1666870117188,595.8333129882812,589.0,591.5,9799500
2015-07-08,586.6666870117188,587.6666870117188,577.6666870117188,578.3333129882812,14819100
2015-07-09,576.5,595.8333129882812,572.1666870117188,595.8333129882812,27426900
2015-07-10,597.3333129882812,600.0,579.3333129882812,584.3333129882812,20035200
2015-07-13,590.0,599.6666870117188,583.6666870117188,599.5,16471500
2015-07-14,603.3333129882812,613.3333129882812,597.5,603.0,12603900
2015-07-15,602.8333129882812,603.3333129882812,596.6666870117188,600.5,10625100
2015-07-16,604.5,612.1666870117188,602.6666870117188,612.1666870117188,12087300
2015-07-17,612.3333129882812,615.5,609.1666870117188,612.8333129882812,7067700
2015-07-21,616.6666870117188,625.1666870117188,615.0,623.8333129882812,8692200
2015-07-22,623.8333129882812,630.3333129882812,618.5,619.3333129882812,11037300
2015-07-23,622.3333129882812,623.1666870117188,617.0,619.3333129882812,10359000
2015-07-24,617.5,619.5,609.3333129882812,611.8333129882812,8645400
2015-07-27,609.6666870117188,617.8333129882812,604.6666870117188,608.3333129882812,10203900
2015-07-28,606.3333129882812,615.1666870117188,600.8333129882812,610.1666870117188,9793800
2015-07-29,613.8333129882812,630.0,610.3333129882812,629.1666870117188,11916300
2015-07-30,631.0,637.6666870117188,630.1666870117188,635.0,12862500
2015-07-31,635.3333129882812,641.3333129882812,631.3333129882812,632.1666870117188,12484200
2015-08-03,635.6666870117188,647.0,632.0,646.0,8196600
2015-08-04,648.5,666.8333129882812,647.8333129882812,666.6666870117188,16365300
2015-08-05,675.0,677.6666870117188,648.5,651.3333129882812,17536800
2015-08-06,662.1666870117188,662.6666870117188,635.0,635.0,14983200
2015-08-07,635.8333129882812,641.5,624.3333129882812,629.6666870117188,15710700
2015-08-10,632.5,641.0,629.0,641.0,8895900
2015-08-11,645.0,648.0,630.3333129882812,633.3333129882812,10726800
2015-08-12,630.0,634.5,625.0,625.8333129882812,10408800
2015-08-13,626.5,639.0,625.3333129882812,637.0,10807500
2015-08-14,637.0,643.3333129882812,634.0,637.0,7259700
2015-08-17,641.3333129882812,647.3333129882812,641.0,646.6666870117188,6190500
2015-08-18,647.6666870117188,648.0,632.5,633.3333129882812,11951700
2015-08-19,631.0,636.0,616.8333129882812,617.0,13714500
2015-08-20,617.0,628.1666870117188,612.3333129882812,613.6666870117188,13417200
2015-08-21,602.6666870117188,612.6666870117188,600.1666870117188,609.1666870117188,17555700
2015-08-24,606.3333129882812,625.3333129882812,600.3333129882812,605.6666870117188,30817500
2015-08-25,594.3333129882812,612.6666870117188,563.3333129882812,571.6666870117188,33994800
2015-08-26,577.3333129882812,596.1666870117188,574.6666870117188,591.6666870117188,30080100
2015-08-27,599.6666870117188,609.8333129882812,596.5,601.5,16331100
2015-08-28,612.6666870117188,617.3333129882812,601.8333129882812,614.6666870117188,12962400
2015-08-31,613.1666870117188,615.8333129882812,605.0,607.0,12534900
2015-09-01,600.0,604.3333129882812,581.5,581.5,15862800
2015-09-02,563.3333129882812,582.1666870117188,555.5,565.3333129882812,22934100
2015-09-03,574.0,580.3333129882812,567.0,573.0,14554200
2015-09-04,575.0,577.1666870117188,561.1666870117188,563.3333129882812,12816900
2015-09-07,556.8333129882812,572.0,553.3333129882812,568.3333129882812,12895200
2015-09-08,569.3333129882812,574.8333129882812,539.1666870117188,539.3333129882812,16167000
2015-09-09,560.0,582.5,555.0,582.5,17160900
2015-09-10,566.6666870117188,582.0,566.0,575.5,13697700
2015-09-11,572.3333129882812,596.6666870117188,570.3333129882812,592.1666870117188,22775400
2015-09-14,593.8333129882812,604.1666870117188,589.1666870117188,592.6666870117188,9234600
2015-09-15,596.6666870117188,602.3333129882812,590.1666870117188,598.0,11920200
2015-09-16,602.8333129882812,605.1666870117188,585.8333129882812,589.6666870117188,10470300
2015-09-17,589.1666870117188,594.8333129882812,579.6666870117188,593.5,10132200
2015-09-18,592.5,592.5,573.0,573.0,13403700
2015-09-24,570.1666870117188,599.6666870117188,570.1666870117188,588.8333129882812,18349500
2015-09-25,593.0,595.8333129882812,582.6666870117188,595.8333129882812,10188300
2015-09-28,597.3333129882812,613.3333129882812,592.5,612.8333129882812,11903100
2015-09-29,602.6666870117188,606.1666870117188,593.6666870117188,598.8333129882812,12920700
2015-09-30,606.0,619.8333129882812,606.0,618.3333129882812,14519400
2015-10-01,627.0,642.5,621.6666870117188,639.5,19222800
2015-10-02,646.3333129882812,665.5,645.6666870117188,653.0,24104700
2015-10-05,653.1666870117188,662.0,642.8333129882812,657.3333129882812,12157500
2015-10-06,656.6666870117188,659.3333129882812,645.5,648.5,13822800
2015-10-07,651.3333129882812,659.1666870117188,645.0,658.0,10214700
2015-10-08,625.0,632.0,609.8333129882812,610.8333129882812,25266000
2015-10-09,612.1666870117188,619.5,606.3333129882812,619.1666870117188,17344500
2015-10-13,619.6666870117188,631.6666870117188,618.1666870117188,623.0,14590800
2015-10-14,612.6666870117188,614.1666870117188,597.8333129882812,602.8333129882812,19851900
2015-10-15,600.0,606.1666870117188,595.1666870117188,603.0,13910100
2015-10-16,608.0,617.5,602.0,610.0,12157800
2015-10-19,608.1666870117188,612.3333129882812,602.8333129882812,604.6666870117188,8333400
2015-10-20,606.8333129882812,607.8333129882812,596.6666870117188,597.3333129882812,7980600
2015-10-21,597.0,603.8333129882812,594.0,601.6666870117188,8152500
2015-10-22,600.6666870117188,600.6666870117188,593.8333129882812,594.6666870117188,9211500
2015-10-23,603.0,603.3333129882812,591.0,592.5,12974100
2015-10-26,599.5,599.5,592.0,595.6666870117188,9389700
2015-10-27,599.0,607.6666870117188,596.5,602.1666870117188,10872000
2015-10-28,602.1666870117188,606.0,595.3333129882812,599.0,5863800
2015-10-29,603.3333129882812,603.3333129882812,593.5,594.5,7008000
2015-10-30,596.5,604.1666870117188,591.6666870117188,599.6666870117188,11423400
2015-11-02,599.5,599.5,586.0,587.1666870117188,11163900
2015-11-04,591.3333129882812,597.3333129882812,587.6666870117188,590.3333129882812,9195900
2015-11-05,592.5,601.8333129882812,589.5,597.6666870117188,9173100
2015-11-06,600.6666870117188,608.1666870117188,597.3333129882812,606.8333129882812,8290800
2015-11-09,610.3333129882812,616.5,605.6666870117188,607.3333129882812,10963200
2015-11-10,600.1666870117188,609.1666870117188,598.1666870117188,606.0,8230800
2015-11-11,605.3333129882812,617.0,605.3333129882812,615.8333129882812,7362300
2015-11-12,616.6666870117188,626.5,615.5,620.6666870117188,7749900
2015-11-13,617.6666870117188,623.0,613.8333129882812,621.3333129882812,7110600
2015-11-16,610.8333129882812,621.0,610.1666870117188,616.1666870117188,7212900
2015-11-17,623.3333129882812,627.5,618.5,624.3333129882812,8727900
2015-11-18,628.3333129882812,632.6666870117188,623.0,623.8333129882812,6826800
2015-11-19,632.3333129882812,641.5,628.6666870117188,634.5,11152200
2015-11-20,634.5,643.5,633.5,643.5,9142500
2015-11-24,643.3333129882812,648.3333129882812,639.3333129882812,643.0,8299800
2015-11-25,645.1666870117188,646.1666870117188,637.8333129882812,638.6666870117188,6649500
2015-11-26,641.3333129882812,646.1666870117188,635.3333129882812,642.8333129882812,6186600
2015-11-27,645.0,649.0,638.3333129882812,643.6666870117188,6811800
2015-11-30,642.5,643.3333129882812,636.5,636.6666870117188,14345700
2015-12-01,639.3333129882812,644.8333129882812,637.0,642.5,10098600
2015-12-02,643.1666870117188,648.1666870117188,641.8333129882812,643.6666870117188,7015800
2015-12-03,644.0,647.8333129882812,642.8333129882812,644.8333129882812,5946300
2015-12-04,636.0,642.8333129882812,630.8333129882812,633.3333129882812,10326900
2015-12-07,640.8333129882812,651.3333129882812,640.8333129882812,648.6666870117188,11135400
2015-12-08,647.5,651.1666870117188,640.3333129882812,640.5,7855800
2015-12-09,640.5,643.1666870117188,624.8333129882812,625.6666870117188,11158800
2015-12-10,617.8333129882812,625.3333129882812,609.5,609.6666870117188,12664200
2015-12-11,604.6666870117188,610.3333129882812,604.6666870117188,606.1666870117188,14007900
2015-12-14,600.0,608.1666870117188,595.1666870117188,606.8333129882812,9176100
2015-12-15,605.0,608.3333129882812,587.5,587.5,14507700
2015-12-16,600.6666870117188,601.8333129882812,590.1666870117188,601.8333129882812,10130100
2015-12-17,610.0,620.1666870117188,607.0,618.0,13528800
2015-12-18,615.5,630.1666870117188,610.1666870117188,610.5,15361500
2015-12-21,608.5,614.0,598.5,608.6666870117188,10274100
2015-12-22,611.8333129882812,616.5,604.1666870117188,613.5,7045200
2015-12-24,618.1666870117188,620.5,607.8333129882812,608.5,5572800
2015-12-25,608.5,608.5,608.5,608.5,0
2015-12-28,612.3333129882812,617.0,603.3333129882812,611.3333129882812,6374400
2015-12-29,613.3333129882812,619.5,608.6666870117188,619.5,6336000
2015-12-30,623.3333129882812,625.0,617.3333129882812,622.6666870117188,6340200
2016-01-04,619.1666870117188,624.0,601.1666870117188,602.6666870117188,12110400
2016-01-05,600.3333129882812,607.5,595.5,601.8333129882812,10197000
2016-01-06,605.6666870117188,614.6666870117188,602.1666870117188,607.3333129882812,11220600
2016-01-07,605.5,612.1666870117188,600.8333129882812,601.8333129882812,10215000
2016-01-08,595.1666870117188,604.1666870117188,590.0,593.1666870117188,14775600
2016-01-12,566.6666870117188,571.3333129882812,530.0,534.0,37152600
2016-01-13,537.0,538.6666870117188,526.0,530.8333129882812,23421900
2016-01-14,524.1666870117188,524.1666870117188,499.6666564941406,507.8333435058594,27967200
2016-01-15,527.6666870117188,534.3333129882812,515.8333129882812,521.8333129882812,24521400
2016-01-18,509.3333435058594,517.1666870117188,504.1666564941406,513.5,14721600
2016-01-19,510.1666564941406,515.6666870117188,503.1666564941406,506.8333435058594,12843900
2016-01-20,506.6666564941406,507.8333435058594,490.5,491.0,14301300
2016-01-21,490.0,504.0,480.5,480.5,18959100
2016-01-22,492.6666564941406,511.0,491.0,510.1666564941406,10982100
2016-01-25,518.3333129882812,524.6666870117188,511.3333435058594,520.5,10703100
2016-01-26,512.8333129882812,514.5,507.6666564941406,508.1666564941406,10159200
2016-01-27,516.1666870117188,518.3333129882812,509.6666564941406,514.5,10044000
2016-01-28,512.6666870117188,519.8333129882812,509.6666564941406,515.0,7593900
2016-01-29,523.0,537.3333129882812,515.8333129882812,532.3333129882812,18114300
2016-02-01,549.6666870117188,558.0,541.8333129882812,555.6666870117188,16436400
2016-02-02,551.1666870117188,557.1666870117188,548.0,550.6666870117188,11568300
2016-02-03,541.0,550.1666870117188,532.0,542.1666870117188,13304100
2016-02-04,540.1666870117188,542.1666870117188,532.5,532.6666870117188,12535500
2016-02-05,526.1666870117188,528.1666870117188,511.0,516.5,15180000
2016-02-08,514.8333129882812,543.0,510.1666564941406,539.8333129882812,14373600
2016-02-09,520.3333129882812,524.1666870117188,514.5,517.0,15248400
2016-02-10,527.8333129882812,530.0,500.6666564941406,506.6666564941406,16754700
2016-02-12,493.3333435058594,497.1666564941406,478.3333435058594,480.0,21858600
2016-02-15,483.3333435058594,487.1666564941406,448.1666564941406,464.3333435058594,34936500
2016-02-16,476.5,487.6666564941406,467.5,472.5,20675700
2016-02-17,473.0,474.1666564941406,458.6666564941406,467.0,17000700
2016-02-18,470.6666564941406,474.5,461.1666564941406,463.6666564941406,17742600
2016-02-19,464.8333435058594,469.0,462.1666564941406,467.5,15207600
2016-02-22,467.1666564941406,483.1666564941406,467.1666564941406,475.1666564941406,13272900
2016-02-23,483.1666564941406,486.6666564941406,476.0,478.1666564941406,14050200
2016-02-24,478.3333435058594,481.6666564941406,471.6666564941406,478.0,19835100
2016-02-25,473.3333435058594,496.6666564941406,470.8333435058594,493.8333435058594,18276000
2016-02-26,496.6666564941406,508.6666564941406,494.5,503.3333435058594,11935800
2016-02-29,505.6666564941406,506.3333435058594,492.6666564941406,493.3333435058594,14768700
2016-03-01,491.8333435058594,496.3333435058594,486.3333435058594,495.0,10028100
2016-03-02,502.0,509.6666564941406,496.3333435058594,505.5,11652600
2016-03-03,501.0,514.8333129882812,501.0,513.6666870117188,8536500
2016-03-04,513.0,516.6666870117188,507.5,514.8333129882812,8750400
2016-03-07,512.6666870117188,513.3333129882812,504.3333435058594,508.1666564941406,8419800
2016-03-08,507.1666564941406,511.6666564941406,503.6666564941406,508.0,8687400
2016-03-09,503.8333435058594,510.6666564941406,502.1666564941406,508.5,9188400
2016-03-10,513.1666870117188,525.0,512.1666870117188,523.6666870117188,11107800
2016-03-11,517.3333129882812,527.8333129882812,516.1666870117188,524.5,13605600
2016-03-14,529.6666870117188,539.1666870117188,527.6666870117188,538.5,7923000
2016-03-15,536.1666870117188,542.8333129882812,533.3333129882812,536.1666870117188,7781100
2016-03-16,531.6666870117188,538.1666870117188,530.6666870117188,533.6666870117188,6218400
2016-03-17,535.5,538.3333129882812,529.0,532.8333129882812,8122500
2016-03-18,530.0,534.8333129882812,522.6666870117188,526.8333129882812,10211100
2016-03-22,535.8333129882812,542.3333129882812,527.8333129882812,534.3333129882812,8442900
2016-03-23,535.0,544.5,534.5,541.5,9130500
2016-03-24,537.0,543.6666870117188,536.5,539.5,6789300
2016-03-25,543.3333129882812,547.6666870117188,541.5,547.6666870117188,7617600
2016-03-28,550.0,562.8333129882812,549.8333129882812,562.8333129882812,11081100
2016-03-29,559.0,570.6666870117188,558.5,569.0,9011100
2016-03-30,566.0,572.1666870117188,563.0,564.3333129882812,6672600
2016-03-31,551.0,561.5,541.6666870117188,542.0,15103800
2016-04-01,542.5,543.0,523.8333129882812,526.6666870117188,14183100
2016-04-04,526.3333129882812,529.0,517.6666870117188,520.3333129882812,10024200
2016-04-05,516.6666870117188,519.0,506.1666564941406,509.0,10289100
2016-04-06,505.8333435058594,512.5,501.8333435058594,506.3333435058594,7718700
2016-04-07,503.3333435058594,504.6666564941406,495.3333435058594,499.8333435058594,12777900
2016-04-08,497.5,512.5,494.6666564941406,506.0,11837100
2016-04-11,505.6666564941406,508.6666564941406,497.8333435058594,505.8333435058594,6440700
2016-04-12,503.0,514.1666870117188,500.3333435058594,512.1666870117188,9777900
2016-04-13,522.6666870117188,528.5,517.5,526.8333129882812,10749300
2016-04-14,550.0,555.0,535.1666870117188,555.0,20568300
2016-04-15,553.0,558.1666870117188,549.3333129882812,555.8333129882812,12561900
2016-04-18,540.0,547.6666870117188,538.5,542.1666870117188,11767500
2016-04-19,553.0,557.8333129882812,545.8333129882812,551.6666870117188,9408600
2016-04-20,555.1666870117188,559.6666870117188,547.3333129882812,548.6666870117188,9625500
2016-04-21,556.6666870117188,562.6666870117188,553.8333129882812,561.3333129882812,10097700
2016-04-22,551.0,555.0,546.1666870117188,554.0,11475300
2016-04-25,557.1666870117188,560.5,553.3333129882812,555.5,7838100
2016-04-26,555.3333129882812,558.1666870117188,548.5,556.5,6273300
2016-04-27,556.6666870117188,561.3333129882812,551.1666870117188,555.0,6444600
2016-04-28,561.0,565.1666870117188,543.8333129882812,547.8333129882812,11636100
2016-05-02,528.6666870117188,537.0,525.6666870117188,529.0,12055800
2016-05-06,527.0,542.1666870117188,525.0,535.1666870117188,11014200
2016-05-09,540.0,552.0,538.6666870117188,550.5,7388100
2016-05-10,546.0,561.0,545.8333129882812,558.1666870117188,9924300
2016-05-11,564.0,565.6666870117188,547.3333129882812,551.3333129882812,10568100
2016-05-12,546.6666870117188,552.1666870117188,543.5,551.0,5220000
2016-05-13,557.0,558.1666870117188,550.1666870117188,550.5,8977800
2016-05-16,552.3333129882812,558.1666870117188,549.8333129882812,551.6666870117188,6413400
2016-05-17,554.5,558.0,552.3333129882812,556.8333129882812,5040600
2016-05-18,553.6666870117188,557.3333129882812,548.8333129882812,553.3333129882812,8159400
2016-05-19,555.5,557.8333129882812,550.3333129882812,550.3333129882812,6341100
2016-05-20,552.3333129882812,558.6666870117188,550.5,557.0,8682000
2016-05-23,555.1666870117188,556.6666870117188,549.5,552.6666870117188,6396900
2016-05-24,552.3333129882812,553.0,545.3333129882812,546.5,6752400
2016-05-25,556.6666870117188,558.1666870117188,549.5,550.3333129882812,6358200
2016-05-26,555.1666870117188,556.3333129882812,548.3333129882812,549.0,6818700
2016-05-27,549.8333129882812,554.1666870117188,549.3333129882812,551.3333129882812,4961700
2016-05-30,554.8333129882812,556.3333129882812,551.5,556.3333129882812,4684200
2016-05-31,556.1666870117188,562.3333129882812,553.0,561.1666870117188,8741700
2016-06-01,554.8333129882812,560.0,552.3333129882812,555.3333129882812,6111300
2016-06-02,553.3333129882812,554.0,545.6666870117188,546.8333129882812,9043800
2016-06-03,546.8333129882812,555.6666870117188,546.6666870117188,555.6666870117188,5891100
2016-06-06,550.0,553.6666870117188,548.6666870117188,553.0,5158500
2016-06-07,553.3333129882812,559.6666870117188,549.8333129882812,557.3333129882812,5808900
2016-06-08,558.5,558.5,550.3333129882812,557.6666870117188,6190200
2016-06-09,560.0,560.5,548.3333129882812,551.6666870117188,7481100
2016-06-10,550.1666870117188,550.1666870117188,539.6666870117188,543.1666870117188,12160800
2016-06-13,535.0,535.5,525.8333129882812,526.3333129882812,7274700
2016-06-14,524.5,528.1666870117188,510.5,514.3333129882812,9897600
2016-06-15,514.3333129882812,518.8333129882812,506.3333435058594,516.3333129882812,9536400
2016-06-16,515.1666870117188,517.8333129882812,505.8333435058594,509.0,9455700
2016-06-17,514.6666870117188,520.0,504.1666564941406,505.0,10639500
2016-06-20,515.1666870117188,519.8333129882812,510.1666564941406,513.3333129882812,9298800
2016-06-21,514.1666870117188,519.8333129882812,508.5,517.6666870117188,7044300
2016-06-22,518.5,521.1666870117188,511.3333435058594,514.5,7263600
2016-06-23,514.6666870117188,520.8333129882812,513.1666870117188,519.3333129882812,6894300
2016-06-24,523.5,526.5,486.6666564941406,494.5,18948600
2016-06-27,500.0,516.0,500.0,515.0,11640900
2016-06-28,511.6666564941406,532.0,510.3333435058594,527.0,8770800
2016-06-29,533.0,533.3333129882812,520.1666870117188,526.6666870117188,8105700
2016-06-30,531.1666870117188,532.3333129882812,527.3333129882812,528.6666870117188,11067900
2016-07-01,532.0,534.1666870117188,526.5,534.0,7013400
2016-07-04,529.0,538.5,525.6666870117188,538.0,5976000
2016-07-05,537.6666870117188,544.5,537.3333129882812,541.8333129882812,7231200
2016-07-06,534.3333129882812,545.6666870117188,528.6666870117188,544.6666870117188,11941500
2016-07-07,510.3333435058594,518.1666870117188,499.3333435058594,500.1666564941406,25813500
2016-07-08,498.3333435058594,500.0,481.1666564941406,481.5,18230400
2016-07-11,481.5,481.5,481.5,481.5,0
2016-07-12,499.0,500.6666564941406,492.3333435058594,495.1666564941406,16212000
2016-07-13,505.1666564941406,506.0,496.0,497.1666564941406,9882600
2016-07-14,498.0,502.8333435058594,497.5,502.3333435058594,8091000
2016-07-15,501.3333435058594,501.3333435058594,496.0,499.3333435058594,8908800
2016-07-19,502.0,506.3333435058594,499.3333435058594,506.1666564941406,9347100
2016-07-20,503.8333435058594,505.0,499.3333435058594,504.6666564941406,8082000
2016-07-21,508.0,508.3333435058594,500.3333435058594,502.5,8716200
2016-07-22,499.8333435058594,503.8333435058594,497.3333435058594,499.6666564941406,7060200
2016-07-25,499.3333435058594,502.0,494.0,499.6666564941406,7334400
2016-07-26,496.6666564941406,499.0,490.5,491.3333435058594,8637900
2016-07-27,492.6666564941406,498.3333435058594,490.3333435058594,494.1666564941406,7895100
2016-07-28,491.6666564941406,493.6666564941406,486.8333435058594,489.8333435058594,7641600
2016-07-29,488.0,496.0,485.3333435058594,494.0,9834600
2016-08-01,492.1666564941406,497.8333435058594,490.0,495.3333435058594,7774800
2016-08-02,493.3333435058594,496.0,490.5,490.6666564941406,7316100
2016-08-03,487.0,489.3333435058594,480.0,481.0,10426500
2016-08-04,483.5,485.0,476.0,483.5,8803200
2016-08-05,483.6666564941406,483.6666564941406,476.5,476.5,7740900
2016-08-08,482.3333435058594,482.3333435058594,475.3333435058594,478.5,6660300
2016-08-09,479.6666564941406,486.5,478.6666564941406,486.1666564941406,6832500
2016-08-10,488.3333435058594,488.3333435058594,483.5,485.8333435058594,4991100
2016-08-12,489.6666564941406,495.0,486.1666564941406,494.8333435058594,7663500
2016-08-15,494.3333435058594,494.6666564941406,488.3333435058594,488.3333435058594,5612400
2016-08-16,488.3333435058594,489.1666564941406,476.6666564941406,476.6666564941406,10566000
2016-08-17,476.6666564941406,477.6666564941406,474.3333435058594,476.5,9223200
2016-08-18,475.6666564941406,475.8333435058594,466.8333435058594,466.8333435058594,9446100
2016-08-19,470.1666564941406,474.0,466.8333435058594,470.3333435058594,8685000
2016-08-22,474.3333435058594,479.8333435058594,473.8333435058594,479.8333435058594,6957900
2016-08-23,482.3333435058594,488.1666564941406,481.1666564941406,485.5,8555100
2016-08-24,488.5,495.6666564941406,486.8333435058594,495.6666564941406,8676300
2016-08-25,498.1666564941406,498.5,492.8333435058594,496.3333435058594,9825000
2016-08-26,496.6666564941406,496.6666564941406,484.0,490.5,17995500
2016-08-29,485.3333435058594,485.8333435058594,476.6666564941406,480.0,9928200
2016-08-30,478.0,478.3333435058594,474.5,474.8333435058594,6029700
2016-08-31,476.8333435058594,477.3333435058594,468.3333435058594,474.1666564941406,8824200
2016-09-01,473.8333435058594,478.3333435058594,473.0,477.6666564941406,6584700
2016-09-02,480.6666564941406,484.8333435058594,480.1666564941406,483.6666564941406,6849300
2016-09-05,489.0,491.1666564941406,487.5,491.0,7780800
2016-09-06,491.0,494.5,490.1666564941406,493.5,6348900
2016-09-07,490.3333435058594,493.3333435058594,488.0,490.0,5689200
2016-09-08,490.3333435058594,492.5,488.3333435058594,492.3333435058594,5444400
2016-09-09,491.5,493.1666564941406,488.0,492.0,7611300
2016-09-12,483.3333435058594,483.5,477.3333435058594,480.1666564941406,7123200
2016-09-13,485.0,491.1666564941406,483.3333435058594,491.0,6694200
2016-09-14,485.5,490.6666564941406,484.1666564941406,488.3333435058594,4925400
2016-09-15,486.6666564941406,488.8333435058594,483.0,486.0,5070000
2016-09-16,488.3333435058594,493.3333435058594,485.6666564941406,493.0,5866500
2016-09-20,493.5,496.6666564941406,489.5,496.6666564941406,7556400
2016-09-21,497.0,511.3333435058594,496.3333435058594,510.6666564941406,11421000
2016-09-23,510.6666564941406,510.6666564941406,506.8333435058594,509.6666564941406,5806800
2016-09-26,504.5,508.1666564941406,499.0,499.6666564941406,6866100
2016-09-27,495.8333435058594,502.5,491.0,502.5,7928700
2016-09-28,504.0,505.3333435058594,497.3333435058594,499.1666564941406,4916100
2016-09-29,501.0,508.1666564941406,499.8333435058594,507.0,5265600
2016-09-30,500.0,501.6666564941406,495.6666564941406,496.3333435058594,7119600
2016-10-03,501.5,505.3333435058594,499.6666564941406,502.6666564941406,5717400
2016-10-04,505.5,506.8333435058594,500.1666564941406,501.8333435058594,4278600
2016-10-05,502.3333435058594,503.0,497.5,499.3333435058594,4691700
2016-10-06,486.6666564941406,499.3333435058594,486.6666564941406,499.0,10665600
2016-10-07,493.0,494.5,480.0,481.3333435058594,12709500
2016-10-11,481.3333435058594,483.6666564941406,476.6666564941406,477.8333435058594,9850500
2016-10-12,476.6666564941406,483.3333435058594,476.6666564941406,477.5,6540600
2016-10-13,479.6666564941406,482.6666564941406,475.6666564941406,477.8333435058594,5639100
2016-10-14,474.6666564941406,479.3333435058594,474.6666564941406,477.6666564941406,6986700
2016-10-17,475.5,479.0,474.6666564941406,475.0,6145800
2016-10-18,473.3333435058594,474.1666564941406,471.0,473.1666564941406,8270400
2016-10-19,476.6666564941406,483.6666564941406,475.3333435058594,483.3333435058594,8667900
2016-10-20,483.3333435058594,487.6666564941406,482.0,487.6666564941406,7410300
2016-10-21,491.6666564941406,491.6666564941406,487.3333435058594,488.1666564941406,5299500
2016-10-24,490.5,492.5,488.6666564941406,492.5,4998000
2016-10-25,495.8333435058594,496.1666564941406,493.0,494.6666564941406,5058900
2016-10-26,492.6666564941406,494.5,490.0,494.1666564941406,4371000
2016-10-27,492.0,493.3333435058594,487.3333435058594,490.5,6127500
2016-10-28,492.3333435058594,493.1666564941406,486.8333435058594,489.0,8425800
2016-10-31,487.0,489.3333435058594,483.3333435058594,484.3333435058594,6962700
2016-11-01,485.0,491.0,484.6666564941406,491.0,6371100
2016-11-02,486.0,489.1666564941406,482.5,484.8333435058594,7880700
2016-11-04,483.3333435058594,484.3333435058594,475.3333435058594,479.5,8017800
2016-11-07,482.6666564941406,489.1666564941406,480.6666564941406,487.5,7210200
2016-11-08,489.1666564941406,489.8333435058594,484.0,489.1666564941406,6184200
2016-11-09,489.1666564941406,494.3333435058594,467.6666564941406,473.3333435058594,15697800
2016-11-10,490.0,493.3333435058594,483.6666564941406,491.8333435058594,9721200
2016-11-11,493.3333435058594,495.3333435058594,484.3333435058594,487.0,8630700
2016-11-14,490.0,495.1666564941406,486.6666564941406,494.6666564941406,8366700
2016-11-15,493.6666564941406,498.3333435058594,491.1666564941406,498.3333435058594,6938400
2016-11-16,499.6666564941406,502.1666564941406,497.8333435058594,501.3333435058594,5833500
2016-11-17,498.0,501.6666564941406,496.0,497.3333435058594,6422100
2016-11-18,500.6666564941406,500.6666564941406,495.5,496.0,6034200
2016-11-21,498.6666564941406,503.8333435058594,496.8333435058594,503.5,7122300
2016-11-22,502.0,508.6666564941406,500.8333435058594,508.0,6444600
2016-11-24,513.3333129882812,524.0,513.0,522.6666870117188,9005100
2016-11-25,527.1666870117188,527.8333129882812,519.1666870117188,522.3333129882812,7203000
2016-11-28,521.1666870117188,529.1666870117188,518.3333129882812,528.0,7008300
2016-11-29,525.5,529.0,523.6666870117188,526.3333129882812,5920200
2016-11-30,526.3333129882812,528.3333129882812,524.5,525.3333129882812,5735700
2016-12-01,528.0,531.5,523.5,527.1666870117188,7724100
2016-12-02,525.1666870117188,528.0,524.1666870117188,524.8333129882812,6171300
2016-12-05,523.3333129882812,525.6666870117188,517.3333129882812,519.0,6419400
2016-12-06,520.0,524.5,520.0,521.8333129882812,6149700
2016-12-07,523.8333129882812,526.0,522.1666870117188,525.3333129882812,5748300
2016-12-08,532.6666870117188,538.8333129882812,532.1666870117188,538.5,9129600
2016-12-09,538.6666870117188,540.8333129882812,536.5,540.0,10741200
2016-12-12,547.6666870117188,555.8333129882812,547.3333129882812,553.0,8185800
2016-12-13,554.1666870117188,559.1666870117188,552.6666870117188,558.3333129882812,7248600
2016-12-14,559.6666870117188,561.0,553.8333129882812,554.6666870117188,5656500
2016-12-15,555.8333129882812,563.1666870117188,554.8333129882812,560.1666870117188,6847800
2016-12-16,563.1666870117188,568.3333129882812,562.1666870117188,567.1666870117188,7563900
2016-12-19,567.3333129882812,572.8333129882812,566.8333129882812,572.1666870117188,5094900
2016-12-20,572.6666870117188,583.3333129882812,572.3333129882812,582.0,6694200
2016-12-21,583.1666870117188,588.0,577.5,578.6666870117188,7816800
2016-12-22,578.1666870117188,578.3333129882812,565.6666870117188,568.6666870117188,7922100
2016-12-26,568.1666870117188,568.8333129882812,565.6666870117188,566.3333129882812,4688100
2016-12-27,563.5,564.6666870117188,559.5,560.0,6402900
2016-12-28,560.0,564.6666870117188,559.6666870117188,561.0,4555500
2016-12-29,556.6666870117188,558.3333129882812,553.3333129882812,554.5,5946000
2016-12-30,554.0,556.0,552.0,552.0,4627500
2017-01-04,556.6666870117188,563.8333129882812,556.0,561.3333129882812,7151400
2017-01-05,567.0,572.3333129882812,565.3333129882812,566.1666870117188,9648000
2017-01-06,565.3333129882812,568.6666870117188,563.5,566.5,5728200
2017-01-10,566.3333129882812,568.1666870117188,561.5,562.6666870117188,7435500
2017-01-11,563.5,567.3333129882812,563.1666870117188,566.3333129882812,5127600
2017-01-12,569.1666870117188,577.8333129882812,565.0,573.0,16436100
2017-01-13,580.0,582.5,573.8333129882812,575.6666870117188,10868400
2017-01-16,573.0,574.3333129882812,567.0,567.8333129882812,7678200
2017-01-17,566.6666870117188,567.0,556.1666870117188,556.1666870117188,8043300
2017-01-18,553.6666870117188,558.8333129882812,551.8333129882812,555.1666870117188,6680700
2017-01-19,558.3333129882812,562.3333129882812,555.5,556.6666870117188,5736300
2017-01-20,553.3333129882812,556.5,552.1666870117188,556.0,5340600
2017-01-23,552.5,553.1666870117188,544.0,544.6666870117188,7971300
2017-01-24,543.3333129882812,547.1666870117188,541.0,541.8333129882812,5301000
2017-01-25,549.6666870117188,551.0,543.8333129882812,546.1666870117188,5502600
2017-01-26,548.6666870117188,552.3333129882812,546.6666870117188,549.5,6383700
2017-01-27,552.8333129882812,553.5,549.0,550.8333129882812,5269500
2017-01-30,552.5,552.6666870117188,547.8333129882812,552.3333129882812,4571700
2017-01-31,549.0,550.5,543.6666870117188,543.6666870117188,7962300
2017-02-01,543.3333129882812,548.8333129882812,539.3333129882812,547.6666870117188,5558100
2017-02-02,546.5,546.6666870117188,536.3333129882812,537.8333129882812,8379900
2017-02-03,537.8333129882812,542.8333129882812,537.1666870117188,538.3333129882812,4846800
2017-02-06,543.3333129882812,544.1666870117188,538.6666870117188,539.5,4172700
2017-02-07,539.3333129882812,542.6666870117188,539.1666870117188,541.5,4194300
2017-02-08,543.3333129882812,545.3333129882812,542.1666870117188,544.6666870117188,3976200
2017-02-09,544.6666870117188,547.1666870117188,544.1666870117188,545.8333129882812,4231200
2017-02-10,553.8333129882812,556.3333129882812,549.3333129882812,556.0,6933000
2017-02-13,561.5,564.8333129882812,558.1666870117188,563.1666870117188,6237000
2017-02-14,562.6666870117188,563.1666870117188,555.3333129882812,555.6666870117188,6977400
2017-02-15,561.0,561.1666870117188,557.6666870117188,558.1666870117188,4168800
2017-02-16,560.1666870117188,561.3333129882812,555.8333129882812,558.8333129882812,5630700
2017-02-17,558.0,562.3333129882812,557.3333129882812,561.6666870117188,6243000
2017-02-20,563.6666870117188,568.8333129882812,561.6666870117188,567.6666870117188,7573500
2017-02-21,568.3333129882812,575.3333129882812,567.1666870117188,573.1666870117188,7444200
2017-02-22,574.3333129882812,574.5,568.1666870117188,569.5,11409600
2017-02-23,569.3333129882812,570.1666870117188,562.3333129882812,563.3333129882812,19395000
2017-02-24,550.1666870117188,557.1666870117188,548.5,555.3333129882812,11662200
2017-02-27,551.6666870117188,559.0,550.8333129882812,557.8333129882812,7415700
2017-02-28,559.0,566.1666870117188,557.1666870117188,558.3333129882812,9022200
2017-03-01,561.5,563.8333129882812,557.5,563.1666870117188,6877800
2017-03-02,566.6666870117188,566.6666870117188,561.1666870117188,562.8333129882812,5550600
2017-03-03,564.0,565.6666870117188,557.5,560.3333129882812,4990500
2017-03-06,558.3333129882812,558.6666870117188,553.3333129882812,554.5,4208100
2017-03-07,553.3333129882812,558.6666870117188,552.6666870117188,558.3333129882812,4998300
2017-03-08,553.8333129882812,555.3333129882812,546.5,546.8333129882812,7710000
2017-03-09,547.6666870117188,548.1666870117188,544.5,546.0,4398000
2017-03-10,548.6666870117188,550.3333129882812,545.1666870117188,549.3333129882812,9488700
2017-03-13,548.3333129882812,553.0,547.1666870117188,553.0,3644400
2017-03-14,550.5,552.1666870117188,549.3333129882812,549.8333129882812,3918600
2017-03-15,546.6666870117188,549.6666870117188,545.6666870117188,548.6666870117188,5282700
2017-03-16,545.8333129882812,549.5,545.8333129882812,548.0,7139700
2017-03-17,545.0,546.3333129882812,539.5,539.8333129882812,12209700
2017-03-21,539.5,547.8333129882812,539.5,545.5,5229000
2017-03-22,538.3333129882812,541.1666870117188,537.5,537.5,5983500
2017-03-23,538.5,539.3333129882812,535.5,538.3333129882812,4864800
2017-03-24,539.0,548.1666870117188,538.3333129882812,547.3333129882812,5511900
2017-03-27,543.8333129882812,544.1666870117188,538.0,539.5,5681100
2017-03-28,543.1666870117188,549.8333129882812,542.0,549.8333129882812,6821400
2017-03-29,550.0,557.6666870117188,549.8333129882812,556.3333129882812,6866700
2017-03-30,555.0,555.0,543.8333129882812,544.6666870117188,4972200
2017-03-31,548.0,551.1666870117188,541.6666870117188,541.6666870117188,8077500
2017-04-03,543.3333129882812,549.3333129882812,542.5,547.0,5705100
2017-04-04,543.8333129882812,545.3333129882812,537.6666870117188,540.6666870117188,6278400
2017-04-05,542.0,547.0,541.8333129882812,546.3333129882812,5762100
2017-04-06,544.3333129882812,545.3333129882812,537.0,537.8333129882812,5932200
2017-04-07,542.3333129882812,549.3333129882812,541.1666870117188,546.6666870117188,7457700
2017-04-10,550.0,554.6666870117188,548.0,550.6666870117188,5828700
2017-04-11,549.3333129882812,554.8333129882812,549.0,554.3333129882812,5690700
2017-04-12,550.6666870117188,555.1666870117188,547.5,555.0,8404200
2017-04-13,538.3333129882812,540.8333129882812,525.6666870117188,530.5,18010200
2017-04-14,530.8333129882812,532.5,526.8333129882812,528.3333129882812,10862400
2017-04-17,529.8333129882812,538.3333129882812,528.5,535.6666870117188,7869900
2017-04-18,536.0,536.3333129882812,530.3333129882812,534.8333129882812,8113200
2017-04-19,535.5,545.3333129882812,534.6666870117188,540.5,9091200
2017-04-20,541.1666870117188,541.8333129882812,536.8333129882812,538.8333129882812,6195900
2017-04-21,542.5,545.6666870117188,540.0,544.3333129882812,5593800
2017-04-24,549.6666870117188,554.3333129882812,548.5,552.6666870117188,6923700
2017-04-25,552.6666870117188,552.6666870117188,547.8333129882812,550.1666870117188,6162600
2017-04-26,551.5,555.0,548.5,554.0,5688300
2017-04-27,550.0,556.3333129882812,549.8333129882812,551.3333129882812,5514300
2017-04-28,551.3333129882812,554.6666870117188,551.1666870117188,551.1666870117188,5021700
2017-05-01,548.5,553.0,546.6666870117188,552.3333129882812,4352700
2017-05-02,554.6666870117188,560.8333129882812,554.1666870117188,559.8333129882812,7048800
2017-05-08,564.0,568.1666870117188,562.1666870117188,567.8333129882812,9499800
2017-05-09,567.8333129882812,569.8333129882812,566.3333129882812,568.5,5734200
2017-05-10,569.5,570.3333129882812,565.3333129882812,565.6666870117188,5510100
2017-05-11,566.6666870117188,567.5,562.0,563.0,4986600
2017-05-12,561.1666870117188,566.3333129882812,559.3333129882812,565.0,7041900
2017-05-15,560.3333129882812,569.6666870117188,560.0,569.6666870117188,6153300
2017-05-16,562.5,566.0,558.3333129882812,561.6666870117188,7906200
2017-05-17,560.0,563.1666870117188,556.3333129882812,557.8333129882812,5961000
2017-05-18,553.6666870117188,556.5,552.8333129882812,555.5,5304600
2017-05-19,554.8333129882812,554.8333129882812,548.8333129882812,550.5,7095000
2017-05-22,551.8333129882812,556.3333129882812,551.3333129882812,554.0,3888600
2017-05-23,554.0,558.0,552.5,552.8333129882812,4219800
2017-05-24,557.3333129882812,558.0,555.0,557.5,4353000
2017-05-25,558.5,558.5,553.5,555.3333129882812,5003400
2017-05-26,555.3333129882812,556.0,550.1666870117188,550.1666870117188,4364100
2017-05-29,552.3333129882812,556.5,550.6666870117188,555.6666870117188,3276900
2017-05-30,556.3333129882812,558.0,552.0,556.0,4039800
2017-05-31,556.6666870117188,557.8333129882812,552.6666870117188,557.6666870117188,14142300
2017-06-01,555.5,558.1666870117188,552.8333129882812,556.8333129882812,7718100
2017-06-02,558.5,565.3333129882812,555.3333129882812,564.0,9728700
2017-06-05,563.6666870117188,571.5,559.0,569.8333129882812,7369500
2017-06-06,569.0,570.0,564.3333129882812,564.8333129882812,5420700
2017-06-07,561.6666870117188,562.0,557.5,559.6666870117188,6277800
2017-06-08,561.3333129882812,563.8333129882812,558.0,558.5,4503000
2017-06-09,557.0,559.1666870117188,555.1666870117188,555.6666870117188,7784400
2017-06-12,558.3333129882812,564.3333129882812,558.1666870117188,564.1666870117188,6170700
2017-06-13,563.3333129882812,569.5,562.0,568.1666870117188,4896300
2017-06-14,566.1666870117188,569.6666870117188,563.6666870117188,565.5,7105800
2017-06-15,565.3333129882812,573.0,565.1666870117188,572.0,6656700
2017-06-16,573.3333129882812,576.6666870117188,572.6666870117188,575.1666870117188,8080500
2017-06-19,572.3333129882812,578.1666870117188,571.1666870117188,577.8333129882812,6168900
2017-06-20,578.8333129882812,584.6666870117188,578.3333129882812,579.0,9673800
2017-06-21,579.6666870117188,579.8333129882812,574.8333129882812,575.5,5986800
2017-06-22,575.6666870117188,576.0,569.6666870117188,570.3333129882812,5710800
2017-06-23,570.6666870117188,571.0,566.0,569.5,4135800
2017-06-26,570.0,573.5,569.1666870117188,569.1666870117188,4730400
2017-06-27,573.3333129882812,574.5,569.6666870117188,570.5,3342900
2017-06-28,570.5,571.8333129882812,569.1666870117188,570.0,4422300
2017-06-29,573.5,573.6666870117188,570.0,571.3333129882812,4606200
2017-06-30,566.6666870117188,569.0,565.3333129882812,569.0,7710300
2017-07-03,569.8333129882812,570.1666870117188,566.3333129882812,568.0,4933800
2017-07-04,570.6666870117188,573.0,566.6666870117188,568.0,4390200
2017-07-05,568.0,568.1666870117188,561.6666870117188,565.1666870117188,5726700
2017-07-06,575.6666870117188,582.5,572.8333129882812,579.0,12806700
2017-07-07,575.6666870117188,582.5,574.8333129882812,578.0,9487200
2017-07-10,578.5,579.0,572.3333129882812,572.6666870117188,6908700
2017-07-11,571.6666870117188,575.5,567.5,572.8333129882812,6673500
2017-07-12,572.3333129882812,574.6666870117188,571.5,574.0,4500000
2017-07-13,574.6666870117188,578.8333129882812,572.3333129882812,572.3333129882812,4671900
2017-07-14,574.5,575.3333129882812,573.0,574.0,3977100
2017-07-17,574.0,574.0,574.0,574.0,0
2017-07-18,573.6666870117188,575.0,566.0,567.0,6444300
2017-07-19,566.8333129882812,568.3333129882812,564.1666870117188,567.8333129882812,4058400
2017-07-20,568.3333129882812,571.8333129882812,567.3333129882812,571.0,3801600
2017-07-21,569.1666870117188,570.8333129882812,567.8333129882812,569.6666870117188,3953400
2017-07-24,567.5,567.6666870117188,564.3333129882812,565.1666870117188,5723400
2017-07-25,566.0,566.1666870117188,558.0,558.1666870117188,9922800
2017-07-26,560.6666870117188,561.0,557.6666870117188,557.6666870117188,5255400
2017-07-27,557.8333129882812,559.0,555.0,556.0,6807900
2017-07-28,556.1666870117188,557.5,555.0,555.5,4860300
2017-07-31,555.0,557.0,551.1666870117188,554.1666870117188,7811400
2017-08-01,558.0,563.8333129882812,555.8333129882812,562.8333129882812,5098500
2017-08-02,565.0,565.3333129882812,560.1666870117188,560.8333129882812,4289100
2017-08-03,562.5,564.8333129882812,561.3333129882812,563.0,4357200
2017-08-04,561.6666870117188,563.3333129882812,557.5,562.6666870117188,4387200
2017-08-07,563.3333129882812,564.0,561.6666870117188,562.1666870117188,3733200
2017-08-08,563.3333129882812,563.8333129882812,560.6666870117188,563.5,3856500
2017-08-09,563.5,565.0,560.0,562.5,5682600
2017-08-10,565.1666870117188,566.3333129882812,563.3333129882812,565.8333129882812,5443500
2017-08-11,565.8333129882812,565.8333129882812,565.8333129882812,565.8333129882812,0
2017-08-14,564.5,564.8333129882812,558.3333129882812,558.3333129882812,6796200
2017-08-15,561.0,565.0,559.8333129882812,564.0,4679400
2017-08-16,563.3333129882812,564.5,561.1666870117188,561.1666870117188,4170600
2017-08-17,561.0,561.3333129882812,558.0,558.3333129882812,4552500
2017-08-18,555.5,555.5,553.1666870117188,553.3333129882812,8852700
2017-08-21,555.8333129882812,557.1666870117188,553.6666870117188,556.8333129882812,4666200
2017-08-22,557.6666870117188,557.8333129882812,555.0,555.1666870117188,4629600
2017-08-23,558.3333129882812,558.3333129882812,555.0,555.6666870117188,5130300
2017-08-24,555.6666870117188,555.6666870117188,553.3333129882812,553.3333129882812,6447900
2017-08-25,553.3333129882812,554.0,550.0,550.1666870117188,10091400
2017-08-28,553.0,555.3333129882812,552.0,554.1666870117188,14746800
2017-08-29,545.1666870117188,545.6666870117188,538.5,540.3333129882812,13241100
2017-08-30,541.6666870117188,543.6666870117188,540.0,541.5,7152600
2017-08-31,541.3333129882812,545.1666870117188,540.1666870117188,540.6666870117188,8458800
2017-09-01,542.5,544.0,539.6666870117188,541.8333129882812,5031000
2017-09-04,540.6666870117188,541.1666870117188,533.6666870117188,534.0,6834900
2017-09-05,536.6666870117188,537.0,532.6666870117188,534.3333129882812,5997900
2017-09-06,530.0,534.6666870117188,528.6666870117188,533.8333129882812,10033200
2017-09-07,533.8333129882812,537.5,532.0,534.3333129882812,5007600
2017-09-08,533.1666870117188,534.5,526.3333129882812,527.8333129882812,12452400
2017-09-11,531.0,534.1666870117188,531.0,532.3333129882812,5160600
2017-09-12,535.8333129882812,538.0,534.5,537.0,4606200
2017-09-13,540.1666870117188,541.5,539.3333129882812,540.5,4259700
2017-09-14,539.6666870117188,540.3333129882812,535.5,538.3333129882812,4756800
2017-09-15,536.6666870117188,539.3333129882812,535.6666870117188,538.8333129882812,8443200
2017-09-18,538.8333129882812,538.8333129882812,538.8333129882812,538.8333129882812,0
2017-09-19,542.0,546.3333129882812,540.6666870117188,546.1666870117188,8043900
2017-09-20,545.0,545.6666870117188,543.5,544.1666870117188,7748700
2017-09-21,546.8333129882812,550.6666870117188,544.8333129882812,545.3333129882812,6490500
2017-09-22,546.8333129882812,547.0,540.0,540.1666870117188,4333800
2017-09-25,552.8333129882812,557.5,548.8333129882812,551.3333129882812,11752200
2017-09-26,552.1666870117188,554.1666870117188,551.3333129882812,554.1666870117188,7993800
2017-09-27,554.1666870117188,556.0,552.6666870117188,555.6666870117188,5364600
2017-09-28,557.5,557.6666870117188,552.1666870117188,554.5,5981700
2017-09-29,552.5,554.1666870117188,548.1666870117188,554.1666870117188,6500400
2017-10-02,554.6666870117188,555.3333129882812,549.1666870117188,551.1666870117188,4433100
2017-10-03,553.0,556.1666870117188,551.1666870117188,556.1666870117188,6036900
2017-10-04,556.6666870117188,561.3333129882812,555.5,559.8333129882812,7914900
2017-10-05,561.1666870117188,571.6666870117188,560.5,571.5,17323800
2017-10-06,568.8333129882812,568.8333129882812,562.3333129882812,563.8333129882812,8028300
2017-10-09,563.8333129882812,563.8333129882812,563.8333129882812,563.8333129882812,0
2017-10-10,564.1666870117188,570.6666870117188,562.6666870117188,570.1666870117188,9399600
2017-10-11,568.0,571.1666870117188,567.6666870117188,571.0,5894700
2017-10-12,569.0,571.3333129882812,567.5,570.8333129882812,5631000
2017-10-13,567.0,576.6666870117188,567.0,576.0,13330200
2017-10-16,576.6666870117188,583.0,575.6666870117188,582.6666870117188,8996400
2017-10-17,582.8333129882812,583.3333129882812,575.0,577.8333129882812,10049100
2017-10-18,580.0,584.3333129882812,580.0,582.3333129882812,9513300
2017-10-19,583.0,584.1666870117188,578.0,578.5,6051300
2017-10-20,577.6666870117188,582.3333129882812,577.0,581.0,6304500
2017-10-23,583.3333129882812,584.0,577.0,577.6666870117188,6755100
2017-10-24,576.6666870117188,577.8333129882812,573.3333129882812,577.0,6608400
2017-10-25,578.1666870117188,578.1666870117188,569.3333129882812,570.6666870117188,6819600
2017-10-26,571.0,577.1666870117188,570.5,574.6666870117188,8013300
2017-10-27,577.6666870117188,580.6666870117188,575.3333129882812,580.6666870117188,6979800
2017-10-30,578.3333129882812,579.5,575.8333129882812,576.6666870117188,13649400
2017-10-31,576.0,583.6666870117188,574.1666870117188,583.5,8904900
2017-11-01,585.0,587.5,581.5,582.8333129882812,8355300
2017-11-02,584.6666870117188,585.6666870117188,582.5,583.6666870117188,6323400
2017-11-03,583.6666870117188,583.6666870117188,583.6666870117188,583.6666870117188,0
2017-11-06,584.3333129882812,586.3333129882812,578.0,579.6666870117188,7878600
2017-11-07,577.6666870117188,588.6666870117188,575.8333129882812,588.6666870117188,8986800
2017-11-08,588.6666870117188,590.0,585.3333129882812,587.8333129882812,5901300
2017-11-09,588.6666870117188,595.6666870117188,580.5,586.5,10274400
2017-11-10,580.8333129882812,586.0,578.3333129882812,582.3333129882812,6990900
2017-11-13,580.1666870117188,581.1666870117188,572.6666870117188,572.8333129882812,5477400
2017-11-14,572.5,574.6666870117188,568.8333129882812,569.8333129882812,5511000
2017-11-15,567.0,569.3333129882812,561.1666870117188,568.3333129882812,11596200
2017-11-16,566.8333129882812,577.6666870117188,566.8333129882812,577.1666870117188,7126500
2017-11-17,580.1666870117188,583.8333129882812,573.3333129882812,575.1666870117188,8496300
2017-11-20,573.3333129882812,583.0,570.8333129882812,581.5,5218200
2017-11-21,582.0,582.8333129882812,575.3333129882812,575.6666870117188,6070800
2017-11-22,578.3333129882812,579.5,570.8333129882812,571.0,6057000
2017-11-23,571.0,571.0,571.0,571.0,0
2017-11-24,573.0,573.3333129882812,568.6666870117188,571.8333129882812,4540500
2017-11-27,574.5,575.0,570.1666870117188,571.1666870117188,3841200
2017-11-28,571.1666870117188,574.8333129882812,570.3333129882812,573.6666870117188,4656900
2017-11-29,577.8333129882812,585.5,576.8333129882812,583.1666870117188,8340900
2017-11-30,588.0,608.3333129882812,587.1666870117188,608.0,19885500
2017-12-01,610.6666870117188,618.1666870117188,605.0,606.6666870117188,10653300
2017-12-04,606.6666870117188,611.3333129882812,601.8333129882812,608.8333129882812,6460200
2017-12-05,610.5,626.0,610.5,624.6666870117188,11403000
2017-12-06,621.3333129882812,627.3333129882812,616.8333129882812,618.1666870117188,9233400
2017-12-07,621.5,633.3333129882812,620.6666870117188,628.6666870117188,9403500
2017-12-08,625.5,634.8333129882812,622.6666870117188,631.6666870117188,13170000
2017-12-11,633.0,636.5,630.5,634.5,5123700
2017-12-12,634.5,636.6666870117188,631.5,632.8333129882812,6124200
2017-12-13,633.3333129882812,646.3333129882812,627.5,645.5,13725000
2017-12-14,645.5,649.8333129882812,641.3333129882812,643.8333129882812,8437500
2017-12-15,642.8333129882812,647.6666870117188,640.3333129882812,643.6666870117188,9916500
2017-12-18,646.0,647.6666870117188,642.0,643.5,5967300
2017-12-19,644.8333129882812,646.3333129882812,642.6666870117188,642.6666870117188,4784700
2017-12-20,642.6666870117188,644.0,640.3333129882812,641.6666870117188,5909100
2017-12-21,640.3333129882812,643.1666870117188,636.0,638.0,5496300
2017-12-22,640.0,643.6666870117188,636.6666870117188,637.3333129882812,5669100
2017-12-25,637.3333129882812,639.3333129882812,635.1666870117188,636.6666870117188,3473700
2017-12-26,635.6666870117188,640.3333129882812,635.5,637.6666870117188,3607500
2017-12-27,639.8333129882812,642.1666870117188,637.0,640.1666870117188,2940600
2017-12-28,639.6666870117188,641.1666870117188,635.3333129882812,636.3333129882812,3093600
2017-12-29,638.0,638.5,634.0,634.1666870117188,3326400
2018-01-01,634.1666870117188,634.1666870117188,634.1666870117188,634.1666870117188,0
2018-01-02,634.1666870117188,634.1666870117188,634.1666870117188,634.1666870117188,0
2018-01-03,634.1666870117188,634.1666870117188,634.1666870117188,634.1666870117188,0
2018-01-04,640.0,642.8333129882812,638.0,642.5,6920700
2018-01-05,643.8333129882812,645.6666870117188,639.6666870117188,645.0,6786600
2018-01-08,645.0,645.0,645.0,645.0,0
2018-01-09,650.0,653.1666870117188,645.0,646.3333129882812,7074900
2018-01-10,646.6666870117188,648.1666870117188,643.6666870117188,645.0,6346800
2018-01-11,643.5,646.5,639.3333129882812,646.5,11435700
2018-01-12,642.8333129882812,643.5,619.5,620.8333129882812,20055000
2018-01-15,624.0,625.0,621.6666870117188,623.0,6091200
2018-01-16,624.0,629.3333129882812,623.1666870117188,626.6666870117188,5066400
2018-01-17,629.3333129882812,630.8333129882812,625.0,629.3333129882812,9298800
2018-01-18,632.0,632.6666870117188,622.3333129882812,622.6666870117188,10124700
2018-01-19,622.6666870117188,627.5,621.3333129882812,625.1666870117188,6492600
2018-01-22,625.1666870117188,626.5,621.1666870117188,625.8333129882812,4316100
2018-01-23,627.5,632.8333129882812,626.6666870117188,632.1666870117188,5887200
2018-01-24,631.6666870117188,636.3333129882812,631.0,635.0,6109800
2018-01-25,634.0,637.6666870117188,629.5,633.0,8115900
2018-01-26,635.0,638.1666870117188,631.3333129882812,633.3333129882812,9004500
2018-01-29,633.3333129882812,634.5,630.0,630.8333129882812,5189100
2018-01-30,630.3333129882812,632.8333129882812,623.3333129882812,626.0,7033200
2018-01-31,623.6666870117188,626.1666870117188,619.1666870117188,619.1666870117188,9832800
2018-02-01,623.5,633.1666870117188,622.1666870117188,632.0,7673400
2018-02-02,630.0,639.1666870117188,628.8333129882812,638.1666870117188,8154600
2018-02-05,629.1666870117188,633.5,625.6666870117188,627.0,9400200
2018-02-06,611.6666870117188,612.5,594.1666870117188,602.6666870117188,20285400
2018-02-07,616.6666870117188,627.0,607.1666870117188,607.5,13453200
2018-02-08,610.0,613.0,604.8333129882812,605.1666870117188,8866500
2018-02-09,592.0,605.0,586.6666870117188,604.8333129882812,17006100
2018-02-12,604.8333129882812,604.8333129882812,604.8333129882812,604.8333129882812,0
2018-02-13,610.0,612.3333129882812,600.6666870117188,601.5,9277200
2018-02-14,603.3333129882812,607.5,600.0,604.8333129882812,7297200
2018-02-15,609.8333129882812,611.6666870117188,605.8333129882812,606.6666870117188,5915400
2018-02-16,609.5,617.5,607.8333129882812,615.5,6452100
2018-02-19,621.5,628.3333129882812,619.1666870117188,627.6666870117188,5829900
2018-02-20,627.6666870117188,630.3333129882812,626.0,627.5,8081700
2018-02-21,626.6666870117188,627.8333129882812,620.0,621.8333129882812,10314900
2018-02-22,620.0,620.5,611.3333129882812,615.0,11848200
2018-02-23,615.8333129882812,616.6666870117188,609.0,609.6666870117188,18404100
2018-02-26,607.1666870117188,610.5,605.5,608.6666870117188,9867600
2018-02-27,611.0,611.6666870117188,606.5,607.5,6282000
2018-02-28,606.0,611.1666870117188,602.1666870117188,602.1666870117188,8994600
2018-03-01,600.8333129882812,601.6666870117188,591.6666870117188,593.1666870117188,7467600
2018-03-02,583.6666870117188,589.0,578.6666870117188,581.8333129882812,9054300
2018-03-05,580.0,588.0,579.5,587.1666870117188,7584600
2018-03-06,593.0,594.8333129882812,589.5,592.5,5634300
2018-03-07,588.6666870117188,593.5,587.1666870117188,588.6666870117188,7449000
2018-03-08,594.1666870117188,594.5,589.6666870117188,592.0,7407000
2018-03-09,592.0,599.3333129882812,587.3333129882812,590.1666870117188,11056200
2018-03-12,600.0,609.5,600.0,608.6666870117188,9658200
2018-03-13,608.6666870117188,611.3333129882812,606.8333129882812,611.3333129882812,7096800
2018-03-14,606.3333129882812,607.5,601.8333129882812,605.0,8456100
2018-03-15,600.1666870117188,610.6666870117188,599.3333129882812,610.0,6999000
2018-03-16,610.1666870117188,611.8333129882812,608.0,610.6666870117188,7905600
2018-03-19,609.0,611.6666870117188,606.6666870117188,611.1666870117188,5685300
2018-03-20,608.0,609.0,602.8333129882812,606.8333129882812,6298800
2018-03-21,606.8333129882812,606.8333129882812,606.8333129882812,606.8333129882812,0
2018-03-22,593.5,611.0,593.5,610.5,6929400
2018-03-23,599.5,606.8333129882812,597.0,599.1666870117188,9696900
2018-03-26,597.6666870117188,603.8333129882812,594.8333129882812,603.8333129882812,7676100
2018-03-27,605.3333129882812,618.8333129882812,602.6666870117188,618.8333129882812,14191800
2018-03-28,611.6666870117188,627.6666870117188,610.8333129882812,627.6666870117188,11938800
2018-03-29,627.5,631.8333129882812,621.6666870117188,626.5,9687000
2018-03-30,631.6666870117188,634.8333129882812,628.5,633.1666870117188,9140100
2018-04-02,634.1666870117188,637.1666870117188,631.8333129882812,632.3333129882812,4736400
2018-04-03,630.3333129882812,639.1666870117188,628.0,637.8333129882812,7086900
2018-04-04,638.8333129882812,646.6666870117188,635.8333129882812,643.8333129882812,9145200
2018-04-05,648.6666870117188,664.0,648.0,661.6666870117188,12915000
2018-04-06,661.1666870117188,666.6666870117188,657.1666870117188,662.8333129882812,9799200
2018-04-09,664.0,673.8333129882812,664.0,670.8333129882812,9087000
2018-04-10,667.8333129882812,673.3333129882812,661.5,666.5,8641800
2018-04-11,663.5,664.8333129882812,641.1666870117188,644.5,9793500
2018-04-12,663.3333129882812,675.5,660.6666870117188,670.6666870117188,17743500
2018-04-13,673.0,674.0,655.3333129882812,668.1666870117188,10633800
2018-04-16,668.1666870117188,679.5,667.3333129882812,678.1666870117188,10605000
2018-04-17,675.6666870117188,683.3333129882812,674.8333129882812,679.8333129882812,7736400
2018-04-18,681.0,692.1666870117188,680.8333129882812,690.8333129882812,9319500
2018-04-19,690.8333129882812,691.1666870117188,682.5,685.1666870117188,7448700
2018-04-20,683.5,694.6666870117188,682.3333129882812,692.3333129882812,7414500
2018-04-23,691.8333129882812,702.0,690.8333129882812,700.0,7205100
2018-04-24,707.8333129882812,709.1666870117188,701.0,708.1666870117188,6766200
2018-04-25,708.0,714.6666870117188,707.5,713.0,6086400
2018-04-26,716.3333129882812,721.5,712.6666870117188,720.3333129882812,7591800
2018-04-27,724.6666870117188,731.6666870117188,724.6666870117188,729.1666870117188,7837200
2018-04-30,729.1666870117188,729.1666870117188,729.1666870117188,729.1666870117188,0
2018-05-01,728.6666870117188,733.3333129882812,727.3333129882812,731.6666870117188,6072600
2018-05-02,731.6666870117188,731.6666870117188,713.5,720.8333129882812,8845200
2018-05-03,720.8333129882812,720.8333129882812,720.8333129882812,720.8333129882812,0
2018-05-04,720.8333129882812,720.8333129882812,720.8333129882812,720.8333129882812,0
2018-05-07,723.5,729.6666870117188,722.0,725.3333129882812,6139200
2018-05-08,723.5,723.6666870117188,718.6666870117188,719.6666870117188,5082000
2018-05-09,716.6666870117188,717.8333129882812,707.5,708.8333129882812,6455700
2018-05-10,706.6666870117188,716.6666870117188,705.3333129882812,715.8333129882812,4940100
2018-05-11,716.1666870117188,717.6666870117188,713.6666870117188,717.3333129882812,5302500
2018-05-14,722.3333129882812,733.0,719.8333129882812,731.0,6763800
2018-05-15,731.6666870117188,733.0,723.5,725.6666870117188,5130000
2018-05-16,728.0,737.0,724.0,726.1666870117188,7930200
2018-05-17,730.0,730.1666870117188,715.0,715.5,7349400
2018-05-18,718.6666870117188,723.6666870117188,715.0,723.1666870117188,5543700
2018-05-21,721.1666870117188,724.1666870117188,719.6666870117188,721.0,3353700
2018-05-22,720.0,724.0,716.0,719.8333129882812,4121400
2018-05-23,720.6666870117188,724.6666870117188,717.5,721.6666870117188,5818500
2018-05-24,722.6666870117188,725.5,718.3333129882812,719.8333129882812,5309700
2018-05-25,724.5,725.0,718.8333129882812,724.3333129882812,5780400
2018-05-28,724.3333129882812,725.6666870117188,722.0,723.6666870117188,3209100
2018-05-29,723.0,727.5,722.1666870117188,727.3333129882812,4538400
2018-05-30,721.8333129882812,724.5,716.0,718.0,6410100
2018-05-31,720.6666870117188,723.0,718.0,719.6666870117188,8413800
2018-06-01,717.6666870117188,724.8333129882812,716.8333129882812,720.1666870117188,4755000
2018-06-04,726.0,735.8333129882812,724.8333129882812,735.6666870117188,6702900
2018-06-05,739.3333129882812,741.8333129882812,736.0,739.6666870117188,5385600
2018-06-06,741.1666870117188,748.6666870117188,738.5,748.1666870117188,5729700
2018-06-07,755.0,760.6666870117188,753.8333129882812,756.8333129882812,7783500
2018-06-08,760.0,785.6666870117188,759.0,783.6666870117188,17032500
2018-06-11,786.0,801.8333129882812,786.0,801.0,10677300
2018-06-12,807.6666870117188,814.3333129882812,791.3333129882812,811.3333129882812,12399000
2018-06-13,811.6666870117188,818.0,805.6666870117188,807.6666870117188,8267100
2018-06-14,806.0,806.0,792.1666870117188,792.3333129882812,7700400
2018-06-15,800.0,807.1666870117188,798.6666870117188,803.5,9382200
2018-06-18,803.6666870117188,806.1666870117188,800.8333129882812,805.1666870117188,4368000
2018-06-19,804.1666870117188,806.5,787.6666870117188,787.6666870117188,8575200
2018-06-20,786.3333129882812,797.6666870117188,785.8333129882812,793.5,7366800
2018-06-21,799.8333129882812,804.3333129882812,790.3333129882812,797.0,6754500
2018-06-22,795.6666870117188,799.5,788.6666870117188,789.6666870117188,7570200
2018-06-25,798.3333129882812,803.1666870117188,789.6666870117188,790.8333129882812,6042300
2018-06-26,789.0,791.3333129882812,781.1666870117188,783.1666870117188,7113000
2018-06-27,786.6666870117188,806.8333129882812,783.5,806.3333129882812,11080200
2018-06-28,805.0,805.0,788.0,793.8333129882812,9508200
2018-06-29,796.6666870117188,797.0,784.1666870117188,790.0,7269000
2018-07-02,783.0,783.0,745.0,745.1666870117188,13210500
2018-07-03,751.5,759.5,734.1666870117188,743.3333129882812,10842000
2018-07-04,738.1666870117188,757.5,736.6666870117188,754.1666870117188,7095600
2018-07-05,759.5,769.6666870117188,748.8333129882812,751.6666870117188,10786200
2018-07-06,752.6666870117188,760.0,742.6666870117188,743.3333129882812,7872600
2018-07-09,744.1666870117188,752.6666870117188,742.6666870117188,745.6666870117188,5010600
2018-07-10,751.5,752.3333129882812,740.8333129882812,740.8333129882812,6729000
2018-07-11,735.1666870117188,737.3333129882812,726.0,727.3333129882812,8336700
2018-07-12,729.8333129882812,739.6666870117188,728.1666870117188,735.5,6311700
2018-07-13,737.0,740.0,731.6666870117188,734.6666870117188,6302100
2018-07-16,734.6666870117188,734.6666870117188,734.6666870117188,734.6666870117188,0
2018-07-17,747.8333129882812,752.5,738.1666870117188,750.0,6612300
2018-07-18,760.0,761.3333129882812,743.6666870117188,745.5,5509200
2018-07-19,747.0,747.1666870117188,736.8333129882812,737.8333129882812,5342700
2018-07-20,738.0,744.5,736.6666870117188,742.6666870117188,6213900
2018-07-23,740.0,747.3333129882812,738.3333129882812,742.3333129882812,4796100
2018-07-24,748.3333129882812,749.6666870117188,742.3333129882812,744.0,5346300
2018-07-25,750.8333129882812,750.8333129882812,740.1666870117188,741.6666870117188,5190300
2018-07-26,747.6666870117188,756.3333129882812,744.0,756.0,6077700
2018-07-27,763.6666870117188,766.0,756.6666870117188,761.6666870117188,7115400
2018-07-30,759.0,759.0,751.3333129882812,756.5,4922700
2018-07-31,750.0,759.0,743.8333129882812,755.5,8695800
2018-08-01,756.3333129882812,758.0,753.8333129882812,755.5,4880100
2018-08-02,757.3333129882812,758.8333129882812,748.5,749.8333129882812,5898900
2018-08-03,756.3333129882812,758.8333129882812,753.6666870117188,757.8333129882812,5330400
2018-08-06,759.1666870117188,763.8333129882812,757.3333129882812,761.6666870117188,4431900
2018-08-07,763.8333129882812,768.3333129882812,760.3333129882812,767.1666870117188,4281900
2018-08-08,769.0,775.3333129882812,767.6666870117188,771.1666870117188,4860000
2018-08-09,774.5,779.1666870117188,764.0,764.1666870117188,7107900
2018-08-10,766.8333129882812,769.0,761.5,763.1666870117188,5722200
2018-08-13,761.8333129882812,764.5,755.5,756.3333129882812,5844900
2018-08-14,762.8333129882812,769.8333129882812,759.8333129882812,769.6666870117188,6059400
2018-08-15,780.0,788.6666870117188,778.5,782.5,9460500
2018-08-16,777.8333129882812,782.5,769.3333129882812,777.8333129882812,9998400
2018-08-17,782.6666870117188,783.3333129882812,776.0,779.0,5673900
2018-08-20,781.3333129882812,785.8333129882812,778.8333129882812,784.1666870117188,5261100
2018-08-21,784.1666870117188,785.8333129882812,778.8333129882812,784.3333129882812,6279000
2018-08-22,788.6666870117188,789.0,781.1666870117188,786.6666870117188,6120900
2018-08-23,790.3333129882812,799.6666870117188,790.0,799.1666870117188,6298500
2018-08-24,804.5,815.3333129882812,804.1666870117188,815.3333129882812,7921500
2018-08-27,816.6666870117188,824.6666870117188,814.5,822.8333129882812,10008600
2018-08-28,824.6666870117188,827.1666870117188,811.3333129882812,812.3333129882812,17875500
2018-08-29,801.0,801.3333129882812,784.3333129882812,786.3333129882812,14697900
2018-08-30,789.5,803.8333129882812,788.5,803.3333129882812,10608600
2018-08-31,796.6666870117188,802.6666870117188,795.8333129882812,802.1666870117188,6425400
2018-09-03,797.6666870117188,804.1666870117188,796.6666870117188,803.1666870117188,4047000
2018-09-04,800.1666870117188,802.6666870117188,798.0,801.1666870117188,4112100
2018-09-05,797.0,799.5,791.8333129882812,792.1666870117188,5535900
2018-09-06,789.6666870117188,793.0,783.5,786.6666870117188,4187100
2018-09-07,783.3333129882812,803.6666870117188,781.1666870117188,802.6666870117188,6635400
2018-09-10,800.0,806.3333129882812,797.3333129882812,805.0,4572000
2018-09-11,805.0,816.3333129882812,802.5,816.0,6532500
2018-09-12,815.6666870117188,832.3333129882812,813.8333129882812,830.3333129882812,9735900
2018-09-13,829.5,853.8333129882812,828.1666870117188,849.8333129882812,10760400
2018-09-14,856.5,861.3333129882812,842.3333129882812,847.0,11768700
2018-09-17,847.0,847.0,847.0,847.0,0
2018-09-18,850.0,884.0,848.8333129882812,882.6666870117188,11516700
2018-09-19,890.0,896.3333129882812,883.3333129882812,887.8333129882812,9121500
2018-09-20,888.6666870117188,889.3333129882812,879.3333129882812,883.8333129882812,7083900
2018-09-21,884.3333129882812,884.6666870117188,873.1666870117188,873.1666870117188,13950900
2018-09-24,873.1666870117188,873.1666870117188,873.1666870117188,873.1666870117188,0
2018-09-25,874.1666870117188,888.3333129882812,873.6666870117188,888.3333129882812,9041100
2018-09-26,888.5,898.6666870117188,885.8333129882812,897.8333129882812,7270800
2018-09-27,900.0,913.3333129882812,898.3333129882812,898.6666870117188,9173700
2018-09-28,903.3333129882812,915.3333129882812,902.6666870117188,912.5,10254000
2018-10-01,911.8333129882812,913.3333129882812,898.0,901.3333129882812,7740300
2018-10-02,897.8333129882812,902.1666870117188,891.6666870117188,898.8333129882812,9030600
2018-10-03,886.8333129882812,898.6666870117188,885.8333129882812,893.0,6000900
2018-10-04,896.8333129882812,904.0,889.3333129882812,892.1666870117188,8397900
2018-10-05,894.3333129882812,904.3333129882812,891.0,897.3333129882812,7834800
2018-10-08,897.3333129882812,897.3333129882812,897.3333129882812,897.3333129882812,0
2018-10-09,883.3333129882812,902.5,881.0,891.5,7947000
2018-10-10,902.3333129882812,905.3333129882812,897.0,899.1666870117188,7292400
2018-10-11,883.3333129882812,898.3333129882812,879.3333129882812,890.8333129882812,13555500
2018-10-12,883.3333129882812,888.6666870117188,847.6666870117188,852.1666870117188,17506800
2018-10-15,857.5,861.1666870117188,848.3333129882812,849.3333129882812,9005400
2018-10-16,847.3333129882812,854.0,842.8333129882812,853.3333129882812,8446800
2018-10-17,864.0,866.0,858.5,864.3333129882812,5839200
2018-10-18,870.0,879.1666870117188,868.6666870117188,871.0,6044700
2018-10-19,863.3333129882812,876.8333129882812,862.0,874.1666870117188,7240800
2018-10-22,870.6666870117188,885.3333129882812,869.3333129882812,883.3333129882812,5729700
2018-10-23,879.6666870117188,879.8333129882812,854.6666870117188,855.5,8113500
2018-10-24,865.1666870117188,872.8333129882812,860.5,870.0,8122800
2018-10-25,859.0,865.8333129882812,847.1666870117188,851.8333129882812,9394200
2018-10-26,856.6666870117188,862.1666870117188,845.3333129882812,849.8333129882812,7655400
2018-10-29,848.1666870117188,859.5,837.6666870117188,843.1666870117188,6059100
2018-10-30,848.1666870117188,854.8333129882812,843.5,850.8333129882812,7900500
2018-10-31,851.3333129882812,865.0,839.0,863.3333129882812,7886100
2018-11-01,861.8333129882812,870.5,851.6666870117188,854.6666870117188,6621600
2018-11-02,857.0,869.5,854.3333129882812,866.6666870117188,8810400
2018-11-05,861.5,863.6666870117188,852.1666870117188,854.3333129882812,6666300
2018-11-06,858.5,888.6666870117188,857.6666870117188,887.0,8352000
2018-11-07,891.6666870117188,895.1666870117188,883.1666870117188,887.8333129882812,8823000
2018-11-08,900.0,916.6666870117188,899.6666870117188,915.1666870117188,10130400
2018-11-09,915.0,930.6666870117188,913.5,916.6666870117188,8103300
2018-11-12,914.3333129882812,924.8333129882812,911.0,924.6666870117188,6366000
2018-11-13,914.6666870117188,915.1666870117188,896.1666870117188,907.8333129882812,9152100
2018-11-14,907.8333129882812,910.5,891.3333129882812,894.0,8122200
2018-11-15,888.8333129882812,892.6666870117188,875.8333129882812,892.5,7178700
2018-11-16,888.0,898.1666870117188,878.8333129882812,894.8333129882812,7709700
2018-11-19,895.0,903.0,890.5,893.1666870117188,6713400
2018-11-20,882.5,905.3333129882812,880.3333129882812,903.0,6284700
2018-11-21,894.5,901.3333129882812,890.0,892.3333129882812,5964000
2018-11-22,892.8333129882812,906.0,892.0,904.8333129882812,6072300
2018-11-23,904.8333129882812,904.8333129882812,904.8333129882812,904.8333129882812,0
2018-11-26,906.6666870117188,908.6666870117188,894.8333129882812,904.8333129882812,8105100
2018-11-27,908.0,911.3333129882812,896.3333129882812,904.0,6393900
2018-11-28,908.3333129882812,909.0,900.1666870117188,902.3333129882812,6047100
2018-11-29,909.3333129882812,910.3333129882812,898.1666870117188,898.6666870117188,5739000
2018-11-30,902.0,908.6666870117188,899.0,907.0,10766700
2018-12-03,910.6666870117188,910.8333129882812,895.6666870117188,902.5,8198100
2018-12-04,900.6666870117188,901.5,873.1666870117188,873.1666870117188,11159400
2018-12-05,863.3333129882812,868.1666870117188,855.8333129882812,863.3333129882812,9023700
2018-12-06,860.3333129882812,872.8333129882812,860.1666870117188,869.0,9047100
2018-12-07,871.3333129882812,894.6666870117188,870.3333129882812,894.3333129882812,9153000
2018-12-10,880.1666870117188,887.5,873.5,880.5,7044000
2018-12-11,889.0,892.3333129882812,877.6666870117188,883.3333129882812,7498500
2018-12-12,891.8333129882812,904.0,885.6666870117188,898.0,10718700
2018-12-13,902.6666870117188,910.6666870117188,898.0,908.5,7830000
2018-12-14,901.6666870117188,906.6666870117188,888.3333129882812,889.8333129882812,11769600
2018-12-17,889.3333129882812,897.6666870117188,871.6666870117188,880.3333129882812,11406300
2018-12-18,869.5,872.8333129882812,850.5,852.6666870117188,13173600
2018-12-19,850.0,853.8333129882812,819.8333129882812,821.6666870117188,15908700
2018-12-20,810.0,813.1666870117188,766.6666870117188,768.6666870117188,42323100
2018-12-21,746.6666870117188,764.6666870117188,745.6666870117188,751.1666870117188,38098500
2018-12-24,751.1666870117188,751.1666870117188,751.1666870117188,751.1666870117188,0
2018-12-25,721.6666870117188,723.8333129882812,692.8333129882812,695.3333129882812,20575800
2018-12-26,706.6666870117188,727.1666870117188,696.6666870117188,709.8333129882812,17169900
2018-12-27,743.1666870117188,747.3333129882812,724.8333129882812,739.8333129882812,17186700
2018-12-28,738.3333129882812,739.8333129882812,714.0,716.5,13134600
2018-12-31,716.5,716.5,716.5,716.5,0
2019-01-04,703.5,731.5,700.1666870117188,727.1666870117188,17511000
2019-01-07,741.8333129882812,742.8333129882812,719.0,721.6666870117188,12684300
2019-01-08,728.8333129882812,736.3333129882812,724.0,728.6666870117188,10894800
2019-01-09,733.3333129882812,748.0,728.1666870117188,730.1666870117188,12423000
2019-01-10,730.0,739.6666870117188,721.0,732.3333129882812,13536300
2019-01-11,721.6666870117188,733.8333129882812,698.0,700.1666870117188,24621300
2019-01-15,701.0,714.5,699.0,712.6666870117188,11624700
2019-01-16,721.3333129882812,727.1666870117188,711.1666870117188,724.8333129882812,9630000
2019-01-17,726.6666870117188,727.8333129882812,716.6666870117188,718.1666870117188,8153400
2019-01-18,718.3333129882812,737.3333129882812,717.5,728.8333129882812,11692200
2019-01-21,736.8333129882812,737.5,726.0,729.6666870117188,6065100
2019-01-22,733.3333129882812,738.8333129882812,731.5,734.5,5871900
2019-01-23,730.0,733.6666870117188,726.1666870117188,730.3333129882812,6469200
2019-01-24,726.1666870117188,726.8333129882812,714.0,719.0,9168300
2019-01-25,719.8333129882812,727.3333129882812,717.5,723.3333129882812,6234300
2019-01-28,723.5,727.3333129882812,719.1666870117188,720.6666870117188,4448400
2019-01-29,719.1666870117188,731.3333129882812,717.3333129882812,730.3333129882812,6468000
2019-01-30,728.6666870117188,730.3333129882812,725.8333129882812,728.0,6789300
2019-01-31,733.0,741.5,730.1666870117188,736.1666870117188,7047600
2019-02-01,736.0,747.1666870117188,734.6666870117188,744.1666870117188,6567300
2019-02-04,746.6666870117188,758.0,745.0,758.0,7581300
2019-02-05,764.6666870117188,768.3333129882812,755.3333129882812,756.5,7233600
2019-02-06,755.3333129882812,759.3333129882812,744.3333129882812,753.5,5445000
2019-02-07,754.3333129882812,755.3333129882812,742.3333129882812,745.5,5268900
2019-02-08,737.3333129882812,744.3333129882812,736.3333129882812,739.5,5795100
2019-02-12,750.0,753.8333129882812,742.3333129882812,752.5,6691200
2019-02-13,756.5,761.0,752.8333129882812,756.6666870117188,5807400
2019-02-14,757.3333129882812,760.5,753.5,754.8333129882812,5568300
2019-02-15,760.0,760.1666870117188,748.5,759.5,6842400
2019-02-18,766.6666870117188,778.8333129882812,764.5,778.8333129882812,8635200
2019-02-19,783.0,799.8333129882812,782.5,798.6666870117188,10653900
2019-02-20,801.6666870117188,803.5,790.6666870117188,796.6666870117188,9227400
2019-02-21,794.0,800.8333129882812,787.6666870117188,799.6666870117188,9663600
2019-02-22,800.0,805.5,794.3333129882812,796.1666870117188,10041000
2019-02-25,798.3333129882812,798.3333129882812,785.6666870117188,786.8333129882812,19652400
2019-02-26,778.0,780.1666870117188,769.5,775.0,11418000
2019-02-27,775.0,785.3333129882812,774.6666870117188,784.1666870117188,8334300
2019-02-28,785.0,786.8333129882812,779.6666870117188,782.0,7451100
2019-03-01,783.1666870117188,787.3333129882812,782.1666870117188,786.8333129882812,4763700
2019-03-04,789.3333129882812,790.6666870117188,783.5,787.1666870117188,5272200
2019-03-05,783.3333129882812,790.5,782.6666870117188,788.0,4960200
2019-03-06,787.0,788.0,775.0,775.5,6753000
2019-03-07,767.6666870117188,773.0,761.0,767.0,9079500
2019-03-08,759.8333129882812,762.1666870117188,745.5,746.5,12158400
2019-03-11,739.6666870117188,760.3333129882812,738.6666870117188,756.8333129882812,4910100
2019-03-12,758.6666870117188,765.5,757.0,764.0,4512900
2019-03-13,762.3333129882812,763.3333129882812,749.5,759.3333129882812,5173800
2019-03-14,763.3333129882812,767.5,760.0,763.6666870117188,3563100
2019-03-15,765.6666870117188,772.0,763.6666870117188,771.6666870117188,8376600
2019-03-18,773.3333129882812,775.3333129882812,771.0,773.6666870117188,3129900
2019-03-19,773.3333129882812,775.0,763.8333129882812,772.8333129882812,2842500
2019-03-20,775.3333129882812,780.5,771.1666870117188,780.1666870117188,5178000
2019-03-22,782.0,782.3333129882812,772.6666870117188,772.8333129882812,5196300
2019-03-25,761.0,763.1666870117188,749.0,749.1666870117188,4536000
2019-03-26,760.3333129882812,777.8333129882812,760.0,777.8333129882812,5426400
2019-03-27,781.3333129882812,782.1666870117188,772.8333129882812,776.6666870117188,2528700
2019-03-28,773.8333129882812,775.6666870117188,767.0,767.0,3247500
2019-03-29,767.8333129882812,776.6666870117188,767.1666870117188,772.1666870117188,5046300
2019-04-01,780.0,789.3333129882812,776.3333129882812,781.5,4542600
2019-04-02,787.0,787.0,764.0,764.0,4760400
2019-04-03,760.0,760.3333129882812,750.8333129882812,755.0,4159800
2019-04-04,759.6666870117188,761.8333129882812,750.8333129882812,753.1666870117188,2580000
2019-04-05,750.3333129882812,755.8333129882812,745.3333129882812,746.3333129882812,5036100
2019-04-08,736.8333129882812,737.3333129882812,721.3333129882812,723.1666870117188,8150700
2019-04-09,716.6666870117188,716.8333129882812,705.0,710.5,5263800
2019-04-10,706.1666870117188,709.1666870117188,698.1666870117188,699.8333129882812,5898300
2019-04-11,693.3333129882812,706.1666870117188,682.1666870117188,690.6666870117188,11108100
2019-04-12,691.3333129882812,691.3333129882812,669.0,672.1666870117188,12970500
2019-04-15,679.6666870117188,687.1666870117188,676.8333129882812,683.1666870117188,9625500
2019-04-16,683.0,683.6666870117188,669.6666870117188,670.1666870117188,8556600
2019-04-17,669.0,674.6666870117188,666.0,671.3333129882812,8683500
2019-04-18,670.0,678.1666870117188,667.6666870117188,673.0,8655000
2019-04-19,673.0,678.5,666.0,669.6666870117188,7046100
2019-04-22,670.0,686.5,669.6666870117188,686.1666870117188,5949000
2019-04-23,686.3333129882812,699.6666870117188,685.3333129882812,691.6666870117188,6401400
2019-04-24,694.3333129882812,696.6666870117188,675.3333129882812,679.0,6329400
2019-04-25,683.1666870117188,685.1666870117188,677.5,684.1666870117188,5460900
2019-04-26,683.3333129882812,688.0,679.6666870117188,684.8333129882812,7645800
2019-05-07,685.5,688.6666870117188,678.1666870117188,681.1666870117188,8891700
2019-05-08,677.3333129882812,677.5,665.0,669.8333129882812,9749100
2019-05-09,666.5,666.5,648.6666870117188,649.3333129882812,12779400
2019-05-10,648.8333129882812,664.6666870117188,645.3333129882812,654.3333129882812,10193100
2019-05-13,650.0,658.6666870117188,642.8333129882812,653.1666870117188,6222000
2019-05-14,637.8333129882812,657.6666870117188,636.5,656.5,7976400
2019-05-15,660.0,661.0,650.8333129882812,656.5,7092900
2019-05-16,656.3333129882812,663.5,650.0,663.0,6948900
2019-05-17,667.8333129882812,677.8333129882812,663.6666870117188,676.8333129882812,7896000
2019-05-20,681.1666870117188,686.6666870117188,677.6666870117188,679.6666870117188,6049500
2019-05-21,676.6666870117188,683.3333129882812,669.3333129882812,680.6666870117188,6498300
2019-05-22,687.0,688.0,667.3333129882812,668.3333129882812,7282800
2019-05-23,667.1666870117188,673.6666870117188,667.1666870117188,671.1666870117188,5436600
2019-05-24,667.5,671.8333129882812,665.3333129882812,665.6666870117188,6576600
2019-05-27,667.3333129882812,668.6666870117188,661.1666870117188,666.0,3824100
2019-05-28,664.5,669.8333129882812,663.6666870117188,667.5,16251900
2019-05-29,659.1666870117188,661.6666870117188,647.6666870117188,648.1666870117188,9820500
2019-05-30,641.6666870117188,642.0,625.5,628.0,13739100
2019-05-31,628.0,633.8333129882812,625.1666870117188,625.8333129882812,8997900
2019-06-03,617.3333129882812,623.1666870117188,614.0,618.0,6855900
2019-06-04,620.1666870117188,627.0,614.0,616.5,8174700
2019-06-05,626.6666870117188,637.1666870117188,623.0,636.5,7563600
2019-06-06,630.5,633.6666870117188,627.6666870117188,632.0,5664300
2019-06-07,630.3333129882812,631.3333129882812,625.3333129882812,628.0,4938600
2019-06-10,632.3333129882812,636.6666870117188,629.1666870117188,631.8333129882812,6171900
2019-06-11,631.6666870117188,634.5,627.0,631.1666870117188,4695900
2019-06-12,631.3333129882812,633.8333129882812,627.0,628.6666870117188,5385900
2019-06-13,625.6666870117188,625.8333129882812,608.6666870117188,610.8333129882812,10889700
2019-06-14,609.3333129882812,618.1666870117188,604.5,618.1666870117188,8433600
2019-06-17,619.3333129882812,622.5,617.0,619.1666870117188,5416500
2019-06-18,621.0,631.6666870117188,617.6666870117188,617.6666870117188,7189500
2019-06-19,622.0,630.3333129882812,622.0,629.6666870117188,6684600
2019-06-20,629.3333129882812,629.5,620.1666870117188,621.5,6426300
2019-06-21,625.3333129882812,627.8333129882812,617.5,618.8333129882812,9253200
2019-06-24,617.0,622.8333129882812,614.0,621.0,4726500
2019-06-25,621.0,623.1666870117188,614.5,615.5,5275800
2019-06-26,615.5,617.8333129882812,612.8333129882812,613.8333129882812,4863300
2019-06-27,619.0,619.3333129882812,606.0,618.1666870117188,7426500
2019-06-28,619.3333129882812,623.0,614.3333129882812,617.0,6563100
2019-07-01,620.8333129882812,632.6666870117188,618.0,632.1666870117188,8640600
2019-07-02,632.6666870117188,634.1666870117188,627.6666870117188,632.8333129882812,6412800
2019-07-03,634.0,638.6666870117188,631.8333129882812,637.5,5646000
2019-07-04,641.6666870117188,647.8333129882812,641.5,644.1666870117188,3824400
2019-07-05,645.6666870117188,658.0,645.6666870117188,658.0,8092800
2019-07-08,641.3333129882812,642.6666870117188,624.0,627.0,16347900
2019-07-09,633.3333129882812,634.6666870117188,620.0,622.5,11036700
2019-07-10,621.6666870117188,623.6666870117188,612.5,621.6666870117188,9742200
2019-07-11,620.6666870117188,628.6666870117188,620.6666870117188,626.6666870117188,6646200
2019-07-12,628.6666870117188,631.6666870117188,623.6666870117188,631.6666870117188,6925200
2019-07-16,634.0,635.0,623.6666870117188,629.1666870117188,6172200
2019-07-17,626.6666870117188,626.6666870117188,620.6666870117188,620.6666870117188,5299800
2019-07-18,620.0,620.0,606.6666870117188,607.5,8956800
2019-07-19,609.1666870117188,620.3333129882812,607.0,620.0,6978300
2019-07-22,620.0,622.8333129882812,613.3333129882812,621.6666870117188,4813200
2019-07-23,619.8333129882812,628.6666870117188,617.6666870117188,627.1666870117188,5155500
2019-07-24,627.3333129882812,627.6666870117188,622.6666870117188,627.0,4270200
2019-07-25,630.0,630.1666870117188,626.3333129882812,629.1666870117188,4988400
2019-07-26,626.6666870117188,631.0,625.0,630.5,5818200
2019-07-29,634.3333129882812,634.8333129882812,623.0,626.5,5628300
2019-07-30,630.3333129882812,635.3333129882812,630.0,635.1666870117188,5377800
2019-07-31,631.3333129882812,634.8333129882812,628.0,630.6666870117188,6291600
2019-08-01,626.8333129882812,629.5,619.1666870117188,628.1666870117188,5788200
2019-08-02,619.3333129882812,623.3333129882812,608.6666870117188,611.8333129882812,10205700
2019-08-05,610.0,615.6666870117188,602.6666870117188,615.6666870117188,7824600
2019-08-06,600.0,621.1666870117188,598.0,621.1666870117188,10205700
2019-08-07,621.0,628.3333129882812,619.5,626.5,8562000
2019-08-08,628.1666870117188,628.1666870117188,619.0,626.8333129882812,5515200
2019-08-09,630.0,636.0,627.6666870117188,636.0,6799800
2019-08-13,634.3333129882812,634.6666870117188,621.8333129882812,627.8333129882812,8721300
2019-08-14,633.3333129882812,637.0,631.0,636.8333129882812,6512100
2019-08-15,627.1666870117188,631.0,623.6666870117188,628.0,8388000
2019-08-16,628.0,634.5,626.8333129882812,632.5,5428500
2019-08-19,636.8333129882812,644.1666870117188,635.5,644.0,6388800
2019-08-20,647.3333129882812,649.1666870117188,639.3333129882812,640.3333129882812,5980800
2019-08-21,633.6666870117188,635.0,630.3333129882812,633.5,5759700
2019-08-22,633.3333129882812,634.3333129882812,620.1666870117188,623.6666870117188,10039200
2019-08-23,624.6666870117188,632.3333129882812,622.3333129882812,630.5,5979900
2019-08-26,618.6666870117188,626.6666870117188,614.0,625.6666870117188,8844000
2019-08-27,631.5,633.0,625.5,627.1666870117188,8146800
2019-08-28,624.8333129882812,625.8333129882812,614.0,614.0,16667400
2019-08-29,609.6666870117188,619.8333129882812,608.6666870117188,619.8333129882812,8860800
2019-08-30,621.6666870117188,628.0,620.6666870117188,628.0,7992000
2019-09-02,626.6666870117188,626.8333129882812,618.5,618.8333129882812,4194900
2019-09-03,616.5,620.3333129882812,615.1666870117188,618.6666870117188,3437100
2019-09-04,619.5,626.8333129882812,619.1666870117188,626.5,4229700
2019-09-05,629.6666870117188,644.1666870117188,627.6666870117188,640.6666870117188,11881800
2019-09-06,641.5,642.1666870117188,629.3333129882812,629.5,5658000
2019-09-09,629.6666870117188,636.6666870117188,628.3333129882812,636.5,5294100
2019-09-10,639.1666870117188,651.1666870117188,638.6666870117188,651.0,8184600
2019-09-11,655.6666870117188,666.6666870117188,655.5,666.3333129882812,10073100
2019-09-12,667.1666870117188,672.5,658.1666870117188,658.1666870117188,8466300
2019-09-13,663.0,665.3333129882812,657.0,663.6666870117188,11337300
2019-09-17,666.5,671.8333129882812,664.0,670.3333129882812,6543600
2019-09-18,671.5,673.1666870117188,656.8333129882812,657.6666870117188,5328000
2019-09-19,659.6666870117188,666.3333129882812,659.0,664.5,5180100
2019-09-20,666.6666870117188,668.6666870117188,662.6666870117188,664.3333129882812,6495300
2019-09-24,665.1666870117188,688.3333129882812,665.0,686.5,11972100
2019-09-25,686.3333129882812,687.0,676.0,678.0,5825700
2019-09-26,686.6666870117188,687.3333129882812,678.1666870117188,680.6666870117188,7777200
2019-09-27,682.1666870117188,685.0,665.6666870117188,674.0,6780000
2019-09-30,666.8333129882812,669.3333129882812,657.8333129882812,660.1666870117188,7320300
2019-10-01,661.5,673.3333129882812,661.5,672.3333129882812,4123500
2019-10-02,668.8333129882812,677.1666870117188,667.8333129882812,673.6666870117188,4592100
2019-10-03,661.1666870117188,665.3333129882812,659.0,662.1666870117188,5679300
2019-10-04,659.3333129882812,663.0,653.3333129882812,662.8333129882812,4823100
2019-10-07,666.1666870117188,670.1666870117188,663.0,669.1666870117188,3660600
2019-10-08,672.3333129882812,675.0,665.6666870117188,675.0,5186700
2019-10-09,668.0,670.5,660.5,661.0,6387300
2019-10-10,680.0,710.8333129882812,678.5,706.0,21201600
2019-10-11,710.1666870117188,738.1666870117188,705.8333129882812,724.1666870117188,17831100
2019-10-15,733.3333129882812,737.3333129882812,725.6666870117188,736.5,10301400
2019-10-16,743.3333129882812,752.3333129882812,734.8333129882812,737.3333129882812,10608300
2019-10-17,734.0,738.3333129882812,723.0,724.8333129882812,7309200
2019-10-18,728.3333129882812,731.3333129882812,722.8333129882812,725.0,5491200
2019-10-21,722.8333129882812,730.0,721.0,722.8333129882812,4046400
2019-10-23,728.0,731.3333129882812,719.6666870117188,726.5,5639400
2019-10-24,731.0,740.5,729.3333129882812,732.8333129882812,6430500
2019-10-25,733.6666870117188,735.8333129882812,727.6666870117188,732.8333129882812,4357200
2019-10-28,736.1666870117188,737.5,731.8333129882812,731.8333129882812,2906400
2019-10-29,734.6666870117188,735.5,727.6666870117188,731.5,5291400
2019-10-30,731.6666870117188,735.1666870117188,730.3333129882812,732.0,7281600
2019-10-31,732.6666870117188,735.8333129882812,728.1666870117188,728.3333129882812,4844100
2019-11-01,723.3333129882812,725.5,718.8333129882812,725.5,4429200
2019-11-05,732.3333129882812,740.0,727.0,737.3333129882812,6928500
2019-11-06,739.1666870117188,745.3333129882812,738.6666870117188,745.3333129882812,5703300
2019-11-07,748.0,763.6666870117188,748.0,758.3333129882812,8354100
2019-11-08,766.5,766.5,750.1666870117188,757.1666870117188,7433700
2019-11-11,759.0,763.3333129882812,756.8333129882812,759.1666870117188,4508700
2019-11-12,759.1666870117188,771.0,759.0,771.0,6226500
2019-11-13,772.6666870117188,775.6666870117188,761.3333129882812,761.3333129882812,5561400
2019-11-14,760.0,765.1666870117188,754.1666870117188,759.5,5207400
2019-11-15,763.3333129882812,766.6666870117188,758.5,760.5,4566300
2019-11-18,759.3333129882812,760.1666870117188,755.0,758.3333129882812,3170700
2019-11-19,754.0,756.6666870117188,749.1666870117188,754.1666870117188,3240000
2019-11-20,750.8333129882812,751.6666870117188,744.0,749.3333129882812,3971400
2019-11-21,745.6666870117188,751.0,737.0,745.0,4166100
2019-11-22,743.3333129882812,752.3333129882812,743.3333129882812,748.1666870117188,3739500
2019-11-25,757.0,758.6666870117188,752.6666870117188,755.3333129882812,3258300
2019-11-26,757.0,763.8333129882812,745.5,746.3333129882812,7925100
2019-11-27,753.5,759.8333129882812,752.6666870117188,752.6666870117188,4524600
2019-11-28,753.3333129882812,754.8333129882812,745.8333129882812,746.8333129882812,2985000
2019-11-29,746.8333129882812,752.5,742.8333129882812,744.3333129882812,4587000
2019-12-02,746.6666870117188,755.8333129882812,745.5,755.0,3436500
2019-12-03,743.6666870117188,745.0,737.5,738.8333129882812,6351900
2019-12-04,729.6666870117188,738.6666870117188,724.0,737.6666870117188,4758900
2019-12-05,739.8333129882812,743.3333129882812,736.6666870117188,743.0,3786600
2019-12-06,742.1666870117188,744.6666870117188,738.5,739.6666870117188,3420600
2019-12-09,748.1666870117188,749.8333129882812,740.1666870117188,743.3333129882812,3086700
2019-12-10,741.0,745.5,740.8333129882812,743.8333129882812,3055200
2019-12-11,742.1666870117188,747.1666870117188,739.3333129882812,745.1666870117188,3770400
2019-12-12,745.8333129882812,746.6666870117188,737.6666870117188,740.0,3098100
2019-12-13,753.3333129882812,754.8333129882812,746.6666870117188,750.0,7901700
2019-12-16,751.6666870117188,767.6666870117188,751.5,764.3333129882812,6434400
2019-12-17,766.6666870117188,772.3333129882812,765.3333129882812,766.6666870117188,4994400
2019-12-18,763.1666870117188,764.8333129882812,757.6666870117188,763.8333129882812,4246200
2019-12-19,761.6666870117188,767.8333129882812,757.0,758.0,3527400
2019-12-20,758.0,762.1666870117188,746.6666870117188,746.6666870117188,9167400
2019-12-23,753.0,767.6666870117188,752.8333129882812,767.3333129882812,6844500
2019-12-24,766.3333129882812,773.6666870117188,764.8333129882812,766.6666870117188,3716700
2019-12-25,766.6666870117188,766.8333129882812,754.3333129882812,754.3333129882812,3641700
2019-12-26,756.8333129882812,762.3333129882812,755.6666870117188,758.1666870117188,2880900
2019-12-27,761.6666870117188,762.6666870117188,756.6666870117188,758.1666870117188,3553500
2019-12-30,757.1666870117188,759.5,751.8333129882812,751.8333129882812,3950400
2020-01-06,743.3333129882812,746.8333129882812,740.0,741.5,6332400
2020-01-07,743.3333129882812,755.5,742.0,754.5,4793400
2020-01-08,743.6666870117188,748.1666870117188,737.3333129882812,746.0,6384600
2020-01-09,753.8333129882812,757.6666870117188,750.3333129882812,753.6666870117188,5389500
2020-01-10,757.6666870117188,762.5,755.3333129882812,760.0,5150700
2020-01-14,754.1666870117188,781.1666870117188,753.3333129882812,779.6666870117188,10253100
2020-01-15,781.1666870117188,794.3333129882812,779.1666870117188,794.3333129882812,8703000
2020-01-16,794.3333129882812,799.6666870117188,787.5,793.5,6142500
2020-01-17,794.6666870117188,796.1666870117188,780.5,781.1666870117188,6545700
2020-01-20,781.1666870117188,786.1666870117188,778.6666870117188,780.3333129882812,3299100
2020-01-21,780.1666870117188,780.1666870117188,770.0,771.1666870117188,4501800
2020-01-22,770.0,780.8333129882812,767.1666870117188,777.6666870117188,4783200
2020-01-23,775.0,775.6666870117188,768.0,770.1666870117188,5410500
2020-01-24,771.5,772.0,759.0,760.3333129882812,4820400
2020-01-27,741.5,754.8333129882812,740.0,750.6666870117188,5728800
2020-01-28,744.5,749.6666870117188,742.3333129882812,748.5,5406900
2020-01-29,749.8333129882812,754.0,746.8333129882812,749.3333129882812,4299600
2020-01-30,747.3333129882812,751.0,736.6666870117188,738.1666870117188,5814300
2020-01-31,745.0,756.0,743.6666870117188,751.1666870117188,5619000
2020-02-03,736.6666870117188,749.8333129882812,735.0,746.3333129882812,5655300
2020-02-04,742.8333129882812,750.6666870117188,741.3333129882812,749.8333129882812,4380300
2020-02-05,758.3333129882812,768.6666870117188,758.3333129882812,766.6666870117188,5687100
2020-02-06,777.6666870117188,793.1666870117188,777.1666870117188,784.1666870117188,9049500
2020-02-07,783.3333129882812,786.0,775.8333129882812,781.5,4545600
2020-02-10,776.6666870117188,781.6666870117188,774.5,778.6666870117188,3702000
2020-02-12,776.1666870117188,776.5,765.3333129882812,767.8333129882812,6787500
2020-02-13,771.5,772.0,765.8333129882812,770.3333129882812,4033200
2020-02-14,768.3333129882812,771.1666870117188,765.0,771.1666870117188,4093800
2020-02-17,766.6666870117188,775.0,764.0,773.6666870117188,4617000
2020-02-18,773.3333129882812,776.0,769.1666870117188,770.0,3954600
2020-02-19,773.3333129882812,777.3333129882812,771.0,776.1666870117188,4239000
2020-02-20,779.6666870117188,783.8333129882812,766.0,766.6666870117188,7303800
2020-02-21,767.6666870117188,771.0,760.3333129882812,765.5,7049100
2020-02-25,742.3333129882812,751.3333129882812,739.1666870117188,742.3333129882812,16348200
2020-02-26,739.1666870117188,739.3333129882812,720.5,723.6666870117188,19739400
2020-02-27,706.8333129882812,707.8333129882812,687.1666870117188,691.8333129882812,16407600
2020-02-28,660.1666870117188,679.3333129882812,660.1666870117188,671.5,18203700
2020-03-02,663.6666870117188,697.6666870117188,661.6666870117188,691.0,11404200
2020-03-03,705.5,707.6666870117188,680.1666870117188,680.1666870117188,8994000
2020-03-04,663.5,673.0,655.3333129882812,656.0,15273900
2020-03-05,669.3333129882812,670.5,659.8333129882812,669.0,9696300
2020-03-06,662.6666870117188,667.6666870117188,655.8333129882812,661.0,10274700
2020-03-09,646.0,648.5,623.6666870117188,636.1666870117188,15110100
2020-03-10,622.6666870117188,656.8333129882812,608.6666870117188,652.1666870117188,14475600
2020-03-11,653.3333129882812,667.6666870117188,652.5,658.0,10401600
2020-03-12,638.8333129882812,648.0,628.5,643.5,15902700
2020-03-13,616.6666870117188,649.3333129882812,602.8333129882812,627.6666870117188,24442800
2020-03-16,630.0,649.0,627.3333129882812,628.1666870117188,13863300
2020-03-17,619.3333129882812,694.8333129882812,615.1666870117188,688.0,23676900
2020-03-18,701.5,746.3333129882812,699.3333129882812,722.3333129882812,21796200
2020-03-19,750.1666870117188,771.1666870117188,740.3333129882812,766.5,26108400
2020-03-23,768.0,794.0,701.0,711.1666870117188,29367000
2020-03-24,739.8333129882812,746.3333129882812,725.6666870117188,737.6666870117188,13605300
2020-03-25,754.3333129882812,774.6666870117188,750.0,774.6666870117188,14961000
2020-03-26,760.0,777.0,736.6666870117188,777.0,16675800
2020-03-27,789.6666870117188,802.0,768.5,802.0,19390200
2020-03-30,785.3333129882812,816.6666870117188,784.3333129882812,816.6666870117188,14015100
2020-03-31,816.3333129882812,828.5,794.5,799.6666870117188,14470800
2020-04-01,783.3333129882812,786.6666870117188,742.8333129882812,747.5,13340400
2020-04-02,744.3333129882812,751.1666870117188,719.3333129882812,720.5,12734100
2020-04-03,716.6666870117188,732.3333129882812,676.8333129882812,681.5,14508300
2020-04-06,681.3333129882812,744.8333129882812,678.3333129882812,740.5,16599300
2020-04-07,749.8333129882812,761.5,701.8333129882812,716.8333129882812,16235400
2020-04-08,725.5,738.3333129882812,711.6666870117188,734.8333129882812,12224700
2020-04-09,730.0,730.6666870117188,703.6666870117188,720.5,10437300
2020-04-10,714.3333129882812,715.0,692.6666870117188,704.5,11141700
2020-04-13,699.5,732.5,698.3333129882812,725.3333129882812,12374400
2020-04-14,724.3333129882812,728.6666870117188,714.8333129882812,725.1666870117188,8024100
2020-04-15,725.3333129882812,744.5,723.1666870117188,744.1666870117188,11253300
2020-04-16,733.3333129882812,735.0,724.0,732.5,8775600
2020-04-17,740.0,743.1666870117188,725.6666870117188,735.6666870117188,8243100
2020-04-20,722.6666870117188,733.6666870117188,717.6666870117188,726.1666870117188,5975400
2020-04-21,721.0,728.0,715.3333129882812,725.5,6858300
2020-04-22,717.5,722.1666870117188,709.3333129882812,717.1666870117188,6865200
2020-04-23,719.6666870117188,723.8333129882812,715.3333129882812,723.8333129882812,5088000
2020-04-24,723.6666870117188,723.8333129882812,708.6666870117188,713.5,8343900
2020-04-27,716.8333129882812,719.8333129882812,710.8333129882812,719.8333129882812,5627700
2020-04-28,717.0,719.6666870117188,709.3333129882812,716.3333129882812,6507900
2020-04-30,721.6666870117188,730.0,720.0,723.8333129882812,9850200
2020-05-01,715.8333129882812,717.8333129882812,702.5,704.8333129882812,7722000
2020-05-07,702.0,707.1666870117188,696.8333129882812,706.1666870117188,6668400
2020-05-08,718.5,725.0,713.3333129882812,725.0,6580500
2020-05-11,725.3333129882812,743.3333129882812,725.0,737.6666870117188,5435700
2020-05-12,740.8333129882812,757.5,738.6666870117188,750.1666870117188,6563100
2020-05-13,744.0,754.0,739.3333129882812,752.6666870117188,5436300
2020-05-14,749.6666870117188,753.5,733.5,733.5,4362600
2020-05-15,740.0,743.3333129882812,734.1666870117188,736.8333129882812,4147200
2020-05-18,738.6666870117188,747.6666870117188,735.1666870117188,747.3333129882812,3905700
2020-05-19,756.6666870117188,774.6666870117188,752.8333129882812,769.1666870117188,8774400
2020-05-20,771.1666870117188,776.6666870117188,766.1666870117188,769.0,5566200
2020-05-21,771.6666870117188,778.8333129882812,768.1666870117188,768.1666870117188,4945500
2020-05-22,769.0,771.1666870117188,758.5,761.1666870117188,3572700
2020-05-25,772.6666870117188,772.6666870117188,756.1666870117188,766.6666870117188,4496100
2020-05-26,773.3333129882812,780.0,767.1666870117188,780.0,4686600
2020-05-27,776.6666870117188,776.6666870117188,767.1666870117188,773.5,6226800
2020-05-28,780.5,800.8333129882812,778.6666870117188,796.8333129882812,8356500
2020-05-29,793.5,802.5,790.5,794.5,9414300
2020-06-01,789.6666870117188,794.1666870117188,786.1666870117188,792.3333129882812,3751800
2020-06-02,797.5,803.3333129882812,793.8333129882812,800.5,5007300
2020-06-03,810.0,815.0,802.8333129882812,808.3333129882812,4917300
2020-06-04,816.1666870117188,817.6666870117188,803.6666870117188,814.1666870117188,4932600
2020-06-05,813.8333129882812,814.1666870117188,797.6666870117188,805.1666870117188,5648400
2020-06-08,815.6666870117188,815.6666870117188,806.6666870117188,815.6666870117188,5830800
2020-06-09,815.6666870117188,818.5,810.5,816.0,4427700
2020-06-10,809.0,813.6666870117188,801.3333129882812,806.5,5635800
2020-06-11,796.6666870117188,807.0,792.0,800.6666870117188,5786400
2020-06-12,788.6666870117188,801.0,782.3333129882812,799.6666870117188,7366500
2020-06-15,796.6666870117188,814.0,792.0,792.0,5430600
2020-06-16,805.6666870117188,819.8333129882812,799.3333129882812,818.8333129882812,8316300
2020-06-17,820.0,822.5,809.5,814.8333129882812,4540800
2020-06-18,810.0,814.8333129882812,804.5,813.0,3466500
2020-06-19,814.5,824.1666870117188,810.5,822.1666870117188,7109400
2020-06-22,820.0,830.8333129882812,817.3333129882812,828.5,4385400
2020-06-23,830.3333129882812,832.3333129882812,820.1666870117188,823.5,4511100
2020-06-24,824.1666870117188,829.8333129882812,821.3333129882812,826.5,5014500
2020-06-25,824.1666870117188,828.6666870117188,817.0,819.5,5688900
2020-06-26,825.8333129882812,847.0,823.0,841.5,9479100
2020-06-29,836.0,841.6666870117188,826.0,832.6666870117188,5689800
2020-06-30,844.3333129882812,845.0,833.5,835.0,5950800
2020-07-01,843.0,848.1666870117188,828.0,830.6666870117188,6015300
2020-07-02,831.6666870117188,846.1666870117188,831.3333129882812,843.1666870117188,5986800
2020-07-03,844.6666870117188,845.5,828.0,836.0,4422900
2020-07-06,840.0,857.3333129882812,838.3333129882812,856.0,6264300
2020-07-07,858.3333129882812,858.6666870117188,849.6666870117188,852.6666870117188,4884300
2020-07-08,851.0,862.3333129882812,844.5,844.5,7357800
2020-07-09,833.3333129882812,835.6666870117188,794.0,803.5,16748100
2020-07-10,804.6666870117188,809.0,791.5,795.5,9560400
2020-07-13,810.0,823.1666870117188,805.8333129882812,818.0,6076800
2020-07-14,815.5,816.6666870117188,806.8333129882812,814.3333129882812,4178700
2020-07-15,819.3333129882812,829.0,815.5,828.5,5011500
2020-07-16,821.5,828.3333129882812,815.6666870117188,825.6666870117188,6656400
2020-07-17,827.5,832.0,824.0,827.1666870117188,3340500
2020-07-20,829.6666870117188,831.6666870117188,823.6666870117188,831.5,2599200
2020-07-21,833.8333129882812,845.8333129882812,833.8333129882812,843.5,5050500
2020-07-22,848.3333129882812,848.3333129882812,836.5,836.5,3648300
2020-07-27,825.8333129882812,850.6666870117188,824.5,850.6666870117188,5088000
2020-07-28,846.3333129882812,855.0,842.0,850.8333129882812,5073600
2020-07-29,848.0,863.6666870117188,847.0,857.8333129882812,5790000
2020-07-30,858.3333129882812,861.3333129882812,848.3333129882812,849.3333129882812,3930600
2020-07-31,843.6666870117188,845.8333129882812,828.8333129882812,830.0,7309800
2020-08-03,837.6666870117188,844.5,833.3333129882812,840.8333129882812,4291500
2020-08-04,853.0,862.8333129882812,852.0,857.0,4992300
2020-08-05,859.5,864.6666870117188,851.0,860.8333129882812,3622800
2020-08-06,859.5,859.5,850.5,853.8333129882812,3306600
2020-08-07,856.1666870117188,858.8333129882812,852.3333129882812,857.1666870117188,3136500
2020-08-11,865.5,885.1666870117188,865.3333129882812,878.8333129882812,7479900
2020-08-12,879.0,890.5,874.3333129882812,886.0,5594400
2020-08-13,896.6666870117188,905.0,896.1666870117188,903.1666870117188,7586400
2020-08-14,901.0,910.0,899.0,905.0,5278200
2020-08-17,896.1666870117188,905.1666870117188,892.0,897.6666870117188,6400500
2020-08-18,899.5,903.8333129882812,897.8333129882812,901.8333129882812,4333200
2020-08-19,903.3333129882812,910.1666870117188,901.6666870117188,908.1666870117188,4220100
2020-08-20,907.3333129882812,907.5,900.6666870117188,901.0,4868100
2020-08-21,905.8333129882812,906.5,891.1666870117188,896.5,6736500
2020-08-24,898.8333129882812,903.6666870117188,896.0,900.8333129882812,4547100
2020-08-25,904.3333129882812,907.0,902.6666870117188,904.3333129882812,5770500
2020-08-26,904.1666870117188,904.6666870117188,883.3333129882812,889.3333129882812,10419900
2020-08-27,884.6666870117188,894.6666870117188,881.6666870117188,883.5,12501600
2020-08-28,874.3333129882812,885.5,861.8333129882812,872.1666870117188,11608200
2020-08-31,873.5,887.0,871.6666870117188,876.3333129882812,6606900
2020-09-01,870.6666870117188,870.8333129882812,857.1666870117188,860.5,5555400
2020-09-02,868.3333129882812,886.1666870117188,867.3333129882812,885.6666870117188,6601800
2020-09-03,893.3333129882812,893.3333129882812,882.1666870117188,885.1666870117188,3822300
2020-09-04,871.3333129882812,885.5,871.1666870117188,879.3333129882812,3632400
2020-09-07,876.6666870117188,886.5,875.6666870117188,882.1666870117188,3254700
2020-09-08,883.3333129882812,883.6666870117188,872.3333129882812,880.6666870117188,3775200
2020-09-09,867.3333129882812,883.0,865.0,882.1666870117188,5138400
2020-09-10,885.1666870117188,893.0,881.8333129882812,892.5,5529900
2020-09-11,893.3333129882812,901.6666870117188,889.5,901.6666870117188,7918500
2020-09-14,903.3333129882812,912.3333129882812,902.8333129882812,909.6666870117188,5088300
2020-09-15,902.3333129882812,902.3333129882812,891.5,893.5,4364700
2020-09-16,898.1666870117188,898.6666870117188,890.0,897.3333129882812,3236700
2020-09-17,896.3333129882812,901.1666870117188,891.0,899.1666870117188,3406200
2020-09-18,900.1666870117188,916.6666870117188,897.0,913.8333129882812,11501700
2020-09-23,908.3333129882812,943.3333129882812,906.3333129882812,943.0,10275300
2020-09-24,936.5,944.3333129882812,934.3333129882812,936.5,5135700
2020-09-25,941.3333129882812,943.6666870117188,933.3333129882812,937.6666870117188,5720100
2020-09-28,937.6666870117188,952.5,937.6666870117188,950.8333129882812,6634800
2020-09-29,945.0,962.5,942.6666870117188,961.1666870117188,5679900
2020-09-30,960.3333129882812,961.3333129882812,942.0,942.0,7033800
2020-10-02,953.5,956.8333129882812,937.3333129882812,944.8333129882812,5278500
2020-10-05,951.5,972.6666870117188,949.8333129882812,960.8333129882812,5778300
2020-10-06,964.0,979.0,963.5,975.8333129882812,6525300
2020-10-07,970.0,980.0,964.8333129882812,979.8333129882812,5540700
2020-10-08,973.1666870117188,986.6666870117188,939.6666870117188,946.6666870117188,14701500
2020-10-09,947.6666870117188,959.3333129882812,932.3333129882812,934.6666870117188,6878700
2020-10-12,930.1666870117188,943.3333129882812,927.8333129882812,937.6666870117188,4497900
2020-10-13,941.6666870117188,946.3333129882812,936.8333129882812,942.3333129882812,3163200
2020-10-14,943.5,955.6666870117188,942.5,954.3333129882812,4653300
2020-10-15,954.8333129882812,965.1666870117188,951.3333129882812,952.6666870117188,4158900
2020-10-16,951.3333129882812,952.1666870117188,942.6666870117188,946.1666870117188,3658800
2020-10-19,953.8333129882812,960.0,950.5,955.5,3229200
2020-10-20,951.0,954.6666870117188,942.6666870117188,943.5,3225000
2020-10-21,942.3333129882812,950.8333129882812,933.5,936.0,4278600
2020-10-22,933.3333129882812,933.3333129882812,908.8333129882812,910.6666870117188,6136800
2020-10-23,911.6666870117188,914.6666870117188,893.5,904.6666870117188,4997400
2020-10-26,904.6666870117188,905.5,895.0,896.8333129882812,3237300
2020-10-27,894.3333129882812,896.1666870117188,887.3333129882812,894.6666870117188,3599400
2020-10-28,887.6666870117188,903.1666870117188,884.6666870117188,901.5,3539700
2020-10-29,894.6666870117188,902.1666870117188,891.8333129882812,896.5,3264600
2020-10-30,899.0,899.0,886.8333129882812,887.8333129882812,5151900
2020-11-02,888.5,906.3333129882812,886.6666870117188,904.5,4709100
2020-11-04,921.1666870117188,923.8333129882812,897.5,902.0,4998300
2020-11-05,907.8333129882812,936.6666870117188,906.5,936.6666870117188,6774000
2020-11-06,929.6666870117188,940.6666870117188,927.6666870117188,936.0,4533000
2020-11-09,948.0,956.0,946.3333129882812,947.3333129882812,5222100
2020-11-10,954.3333129882812,967.1666870117188,950.1666870117188,953.1666870117188,7803300
2020-11-11,966.8333129882812,985.8333129882812,963.5,985.8333129882812,9404700
2020-11-12,978.3333129882812,984.5,973.3333129882812,981.5,5400300
2020-11-13,980.0,986.0,966.8333129882812,972.1666870117188,5540400
2020-11-16,980.8333129882812,1001.0,980.1666870117188,1001.0,8512200
2020-11-17,1002.0,1005.6666870117188,982.8333129882812,990.8333129882812,6845400
2020-11-18,991.5,1001.6666870117188,990.3333129882812,995.8333129882812,5704500
2020-11-19,1001.0,1007.0,995.8333129882812,1007.0,7134900
2020-11-20,1005.3333129882812,1015.0,1004.0,1015.0,5011800
2020-11-24,1028.3333740234375,1059.3333740234375,1028.3333740234375,1043.0,7754700
2020-11-25,1054.3333740234375,1060.6666259765625,1033.6666259765625,1041.3333740234375,6388200
2020-11-26,1041.6666259765625,1056.6666259765625,1040.3333740234375,1054.0,4282800
2020-11-27,1055.6666259765625,1066.6666259765625,1054.6666259765625,1058.6666259765625,7062900
2020-11-30,1055.3333740234375,1056.6666259765625,1030.0,1035.0,7260600
2020-12-01,1036.3333740234375,1052.6666259765625,1027.3333740234375,1030.6666259765625,4311900
2020-12-02,1033.3333740234375,1036.6666259765625,1020.0,1023.0,5943900
2020-12-03,1023.3333129882812,1039.3333740234375,1012.0,1018.3333129882812,4682700
2020-12-04,1019.0,1026.0,1007.6666870117188,1011.3333129882812,3744600
2020-12-07,1014.3333129882812,1022.6666870117188,1002.6666870117188,1006.0,2621700
2020-12-08,1004.6666870117188,1012.0,996.1666870117188,1010.6666870117188,4032900
2020-12-09,1013.0,1028.0,1013.0,1025.3333740234375,3663300
2020-12-10,1025.6666259765625,1036.6666259765625,1024.6666259765625,1032.0,4298400
2020-12-11,1033.0,1038.0,1021.0,1037.3333740234375,5112000
2020-12-14,1038.0,1056.0,1037.3333740234375,1040.3333740234375,4052100
2020-12-15,1035.0,1043.3333740234375,1016.0,1016.6666870117188,4607100
2020-12-16,1026.0,1028.0,1008.0,1012.0,3939600
2020-12-17,1006.6666870117188,1018.0,1000.6666870117188,1016.3333129882812,3230700
2020-12-18,1027.6666259765625,1039.6666259765625,1021.0,1039.0,7269000
2020-12-21,1037.0,1044.3333740234375,1025.3333740234375,1031.6666259765625,4085700
2020-12-22,1029.6666259765625,1038.0,1027.0,1031.3333740234375,3758100
2020-12-23,1036.3333740234375,1040.0,1028.3333740234375,1039.0,3535800
2020-12-24,1047.6666259765625,1085.6666259765625,1046.6666259765625,1075.0,9588900
2020-12-25,1078.0,1091.3333740234375,1077.3333740234375,1086.6666259765625,3923100
2020-12-28,1082.0,1104.0,1077.6666259765625,1099.3333740234375,6029700
2020-12-29,1110.6666259765625,1143.3333740234375,1110.0,1139.3333740234375,7884900
2020-12-30,1131.3333740234375,1139.3333740234375,1127.3333740234375,1128.3333740234375,5411400
2021-01-04,1126.6666259765625,1129.6666259765625,1100.3333740234375,1107.3333740234375,4789800
2021-01-05,1101.6666259765625,1113.3333740234375,1083.6666259765625,1085.0,6350400
2021-01-06,1083.3333740234375,1098.6666259765625,1081.6666259765625,1091.6666259765625,3870600
2021-01-07,1107.3333740234375,1116.6666259765625,1102.0,1105.0,5419800
2021-01-08,1104.0,1125.3333740234375,1096.0,1125.3333740234375,6849600
2021-01-12,1121.6666259765625,1136.3333740234375,1117.3333740234375,1129.0,4982400
2021-01-13,1126.6666259765625,1128.3333740234375,1117.6666259765625,1122.6666259765625,4654500
2021-01-14,1130.0,1137.3333740234375,1122.3333740234375,1127.6666259765625,6386400
2021-01-15,1123.3333740234375,1124.0,1105.3333740234375,1113.6666259765625,5462100
2021-01-18,1107.6666259765625,1111.0,1098.3333740234375,1098.3333740234375,3886500
2021-01-19,1098.3333740234375,1106.0,1094.6666259765625,1094.6666259765625,3335100
2021-01-20,1099.0,1099.3333740234375,1079.6666259765625,1088.3333740234375,4776000
2021-01-21,1098.3333740234375,1117.3333740234375,1098.0,1111.6666259765625,5581800
2021-01-22,1103.6666259765625,1107.3333740234375,1099.0,1105.0,3562500
2021-01-25,1106.6666259765625,1120.3333740234375,1104.0,1120.3333740234375,4316400
2021-01-26,1113.3333740234375,1114.0,1097.6666259765625,1099.0,5064600
2021-01-27,1108.3333740234375,1113.0,1095.0,1102.6666259765625,4993500
2021-01-28,1086.6666259765625,1114.6666259765625,1085.0,1112.6666259765625,8244300
2021-01-29,1107.6666259765625,1109.6666259765625,1091.6666259765625,1092.0,5501400
2021-02-01,1094.6666259765625,1106.6666259765625,1090.0,1102.6666259765625,4124400
2021-02-02,1103.3333740234375,1118.0,1103.0,1118.0,4648200
2021-02-03,1117.0,1130.6666259765625,1117.0,1130.0,4645200
2021-02-04,1131.0,1139.0,1113.6666259765625,1117.3333740234375,5054100
2021-02-05,1127.0,1130.6666259765625,1119.3333740234375,1123.0,4047900
2021-02-08,1126.0,1149.0,1125.3333740234375,1148.3333740234375,6657000
2021-02-09,1153.3333740234375,1158.6666259765625,1139.3333740234375,1146.6666259765625,4935900
2021-02-10,1149.6666259765625,1164.6666259765625,1147.0,1162.6666259765625,5305500
2021-02-12,1163.0,1169.6666259765625,1158.0,1163.0,6120600
2021-02-15,1167.6666259765625,1193.3333740234375,1166.6666259765625,1193.3333740234375,5507700
2021-02-16,1200.0,1225.0,1197.3333740234375,1217.3333740234375,7189800
2021-02-17,1215.3333740234375,1223.0,1203.3333740234375,1208.0,6451500
2021-02-18,1215.6666259765625,1221.6666259765625,1182.0,1182.0,7516800
2021-02-19,1174.0,1189.6666259765625,1172.6666259765625,1178.3333740234375,5667000
2021-02-22,1189.3333740234375,1198.0,1179.6666259765625,1183.3333740234375,7539900
2021-02-24,1176.6666259765625,1186.0,1170.0,1176.0,14156700
2021-02-25,1170.0,1172.6666259765625,1114.6666259765625,1118.0,15999900
2021-02-26,1099.3333740234375,1104.3333740234375,1067.3333740234375,1067.6666259765625,13957200
2021-03-01,1075.0,1078.3333740234375,1043.3333740234375,1058.3333740234375,9193500
2021-03-02,1066.6666259765625,1066.6666259765625,1038.6666259765625,1046.6666259765625,7275000
2021-03-03,1049.0,1053.0,1040.0,1046.6666259765625,5442000
2021-03-04,1036.6666259765625,1043.3333740234375,1020.3333129882812,1037.0,7029000
2021-03-05,1036.0,1036.3333740234375,1010.3333129882812,1026.3333740234375,7448400
2021-03-08,1030.0,1042.3333740234375,1010.3333129882812,1013.0,7684200
2021-03-09,1020.6666870117188,1042.0,1011.6666870117188,1042.0,7347000
2021-03-10,1044.3333740234375,1054.6666259765625,1036.3333740234375,1044.3333740234375,7358700
2021-03-11,1045.3333740234375,1053.6666259765625,1038.0,1053.6666259765625,5234400
2021-03-12,1053.3333740234375,1059.0,1034.3333740234375,1050.0,8656800
2021-03-15,1053.3333740234375,1069.3333740234375,1049.3333740234375,1068.3333740234375,5899200
2021-03-16,1065.0,1081.6666259765625,1060.3333740234375,1081.6666259765625,6485100
2021-03-17,1075.6666259765625,1082.6666259765625,1067.0,1081.6666259765625,4769100
2021-03-18,1083.6666259765625,1094.0,1075.0,1085.6666259765625,6918300
2021-03-19,1085.6666259765625,1104.6666259765625,1080.6666259765625,1096.0,11936400
2021-03-22,1092.0,1092.0,1078.3333740234375,1087.0,5670600
2021-03-23,1087.3333740234375,1087.6666259765625,1060.3333740234375,1060.3333740234375,5924100
2021-03-24,1060.3333740234375,1083.3333740234375,1058.3333740234375,1081.3333740234375,7143600
2021-03-25,1082.0,1086.6666259765625,1069.3333740234375,1085.3333740234375,6245700
2021-03-26,1096.6666259765625,1139.0,1094.0,1137.3333740234375,11980200
2021-03-29,1141.0,1177.3333740234375,1139.6666259765625,1176.6666259765625,13318200
2021-03-30,1173.0,1173.6666259765625,1144.6666259765625,1150.6666259765625,8760000
2021-03-31,1136.6666259765625,1136.6666259765625,1099.6666259765625,1099.6666259765625,10182000
2021-04-01,1115.0,1123.0,1088.3333740234375,1089.6666259765625,5742900
2021-04-02,1104.0,1109.6666259765625,1088.3333740234375,1102.0,4552200
2021-04-05,1111.3333740234375,1119.3333740234375,1105.0,1106.6666259765625,3281100
2021-04-06,1112.6666259765625,1118.0,1092.3333740234375,1097.6666259765625,4606500
2021-04-07,1095.3333740234375,1096.3333740234375,1082.3333740234375,1092.0,4474200
2021-04-08,1089.0,1089.3333740234375,1061.0,1063.3333740234375,5392800
2021-04-09,1066.6666259765625,1079.6666259765625,1058.3333740234375,1070.6666259765625,5613000
2021-04-12,1034.0,1047.0,1005.3333129882812,1027.0,15369000
2021-04-13,1031.0,1048.0,1027.0,1039.0,7611600
2021-04-14,1029.0,1052.6666259765625,1022.6666870117188,1049.0,5755200
2021-04-15,1046.6666259765625,1065.3333740234375,1044.0,1057.0,3921000
2021-04-16,1057.3333740234375,1069.0,1055.0,1060.0,4764600
2021-04-19,1060.3333740234375,1064.3333740234375,1044.6666259765625,1048.6666259765625,3566700
2021-04-20,1044.0,1044.3333740234375,1028.3333740234375,1030.3333740234375,5526900
2021-04-21,1010.6666870117188,1011.3333129882812,992.0,999.0,9535800
2021-04-22,1015.6666870117188,1019.0,1000.3333129882812,1012.0,4435500
2021-04-23,1005.0,1013.0,1002.3333129882812,1007.6666870117188,3483600
2021-04-26,1004.6666870117188,1011.6666870117188,997.5,1008.6666870117188,3536100
2021-04-27,1006.6666870117188,1011.3333129882812,997.5,997.5,4167300
2021-04-28,1002.0,1007.0,998.8333129882812,999.1666870117188,3972000
2021-04-30,1004.3333129882812,1010.0,993.3333129882812,994.1666870117188,6963000
2021-05-06,1004.6666870117188,1024.3333740234375,1001.0,1008.3333129882812,7704000
2021-05-07,1013.0,1023.6666870117188,1006.0,1021.3333129882812,4292100
2021-05-10,1022.6666870117188,1032.0,1017.6666870117188,1029.3333740234375,3494700
2021-05-11,1024.6666259765625,1024.6666259765625,1002.0,1002.0,5346300
2021-05-12,998.6666870117188,1006.0,980.8333129882812,984.3333129882812,8270400
2021-05-13,968.5,988.5,967.3333129882812,973.5,5712300
2021-05-14,986.5,1003.3333129882812,985.3333129882812,998.3333129882812,4970700
2021-05-17,1007.6666870117188,1009.0,995.5,999.3333129882812,3127200
2021-05-18,1005.0,1016.3333129882812,1001.6666870117188,1014.6666870117188,4091100
2021-05-19,1000.0,1002.3333129882812,989.6666870117188,993.3333129882812,5870100
2021-05-20,984.0,995.3333129882812,982.0,990.8333129882812,3834000
2021-05-21,994.3333129882812,1001.0,988.8333129882812,992.0,3897000
2021-05-24,988.3333129882812,997.8333129882812,985.0,985.0,4082400
2021-05-25,994.8333129882812,994.8333129882812,986.0,989.0,3508800
2021-05-26,986.6666870117188,992.0,984.5,988.1666870117188,3120300
2021-05-27,982.1666870117188,986.5,959.0,962.6666870117188,10361700
2021-05-28,975.0,992.3333129882812,969.5,992.3333129882812,5996400
2021-05-31,987.5,995.5,977.3333129882812,977.3333129882812,4728900
2021-06-01,979.1666870117188,982.3333129882812,968.0,974.5,3216600
2021-06-02,978.0,996.3333129882812,972.0,993.5,5831700
2021-06-03,999.3333129882812,1012.3333129882812,997.3333129882812,1004.0,4266300
2021-06-04,993.3333129882812,1003.0,990.0,1002.6666870117188,3558600
2021-06-07,1005.3333129882812,1008.6666870117188,997.0,1001.3333129882812,3014700
2021-06-08,997.3333129882812,1000.0,992.6666870117188,997.3333129882812,3924600
2021-06-09,993.3333129882812,997.3333129882812,980.6666870117188,982.8333129882812,5147100
2021-06-10,978.3333129882812,991.1666870117188,978.1666870117188,987.6666870117188,4194900
2021-06-11,988.0,988.6666870117188,974.6666870117188,981.8333129882812,6751800
2021-06-14,987.5,989.8333129882812,982.0,988.1666870117188,3278100
2021-06-15,995.0,1003.0,990.0,1000.6666870117188,5512200
2021-06-16,997.6666870117188,1014.6666870117188,996.6666870117188,1002.6666870117188,4748700
2021-06-17,992.3333129882812,994.3333129882812,980.1666870117188,983.3333129882812,5692200
2021-06-18,984.3333129882812,987.5,978.0,985.8333129882812,9713400
2021-06-21,973.3333129882812,976.5,965.5,971.0,6720600
2021-06-22,992.6666870117188,1023.0,992.3333129882812,1020.6666870117188,9895800
2021-06-23,1018.0,1025.0,1007.3333129882812,1007.3333129882812,3316800
2021-06-24,1003.0,1006.0,997.5,1002.6666870117188,3234600
2021-06-25,1010.0,1013.3333129882812,1003.0,1009.0,3345600
2021-06-28,1018.0,1019.3333129882812,1008.0,1010.0,3421200
2021-06-29,1003.3333129882812,1008.0,994.0,1000.6666870117188,4230300
2021-06-30,1006.3333129882812,1008.3333129882812,995.0,995.0,3905400
2021-07-01,997.3333129882812,999.1666870117188,986.8333129882812,992.5,3286200
2021-07-02,997.6666870117188,1004.3333129882812,990.5,993.6666870117188,3792600
2021-07-05,994.6666870117188,1004.6666870117188,993.1666870117188,1002.3333129882812,3529200
2021-07-06,1011.3333129882812,1011.3333129882812,987.8333129882812,995.0,4361400
2021-07-07,985.6666870117188,989.5,970.6666870117188,973.5,8808600
2021-07-08,985.8333129882812,1018.3333129882812,965.3333129882812,965.5,17407800
2021-07-09,957.0,976.1666870117188,951.3333129882812,973.0,11680500
2021-07-12,993.1666870117188,994.0,972.3333129882812,976.3333129882812,6540900
2021-07-13,981.3333129882812,984.6666870117188,978.6666870117188,984.5,4029600
2021-07-14,980.0,999.0,977.8333129882812,995.6666870117188,4904400
2021-07-15,992.3333129882812,993.1666870117188,976.8333129882812,978.6666870117188,4965900
2021-07-16,976.3333129882812,977.5,969.0,970.3333129882812,5035800
2021-07-19,964.8333129882812,974.3333129882812,963.0,971.5,4069500
2021-07-20,962.6666870117188,972.8333129882812,960.6666870117188,971.6666870117188,4415100
2021-07-21,983.1666870117188,990.0,977.6666870117188,984.0,4290000
2021-07-26,996.6666870117188,997.8333129882812,988.0,995.5,4142400
2021-07-27,998.6666870117188,1014.0,996.0,1013.6666870117188,5917200
2021-07-28,1006.6666870117188,1014.0,1001.0,1011.0,3603900
2021-07-29,1012.0,1020.6666870117188,998.5,1000.0,4767300
2021-07-30,1001.3333129882812,1003.0,989.5,995.6666870117188,5883900
2021-08-02,1003.3333129882812,1025.6666259765625,998.8333129882812,1025.3333740234375,5872200
2021-08-03,1019.3333129882812,1025.3333740234375,1011.0,1015.3333129882812,3491400
2021-08-04,1010.6666870117188,1016.0,1004.6666870117188,1009.0,2989200
2021-08-05,1003.3333129882812,1009.0,998.6666870117188,1000.3333129882812,2705400
2021-08-06,1000.0,1004.3333129882812,997.1666870117188,1000.6666870117188,2141400
2021-08-10,1005.0,1008.6666870117188,999.3333129882812,1004.0,3816600
2021-08-11,1009.3333129882812,1013.3333129882812,1002.6666870117188,1008.0,4246500
2021-08-12,1012.6666870117188,1029.6666259765625,1010.3333129882812,1020.0,5949900
2021-08-13,1014.0,1022.6666870117188,1004.3333129882812,1020.6666870117188,5195400
2021-08-16,1014.0,1015.3333129882812,998.0,1001.3333129882812,6210300
2021-08-17,1003.3333129882812,1007.6666870117188,999.0,1001.6666870117188,3652200
2021-08-18,1001.6666870117188,1005.0,998.1666870117188,999.3333129882812,4009500
2021-08-19,995.6666870117188,999.8333129882812,989.5,993.6666870117188,4661400
2021-08-20,990.5,1010.0,990.5,1007.3333129882812,5787000
2021-08-23,1010.6666870117188,1028.3333740234375,1010.0,1028.3333740234375,5987100
2021-08-24,1026.3333740234375,1032.3333740234375,1021.0,1031.6666259765625,5670900
2021-08-25,1026.6666259765625,1032.0,1013.3333129882812,1016.0,5876700
2021-08-26,1012.3333129882812,1016.0,1002.3333129882812,1015.3333129882812,6777300
2021-08-27,1005.6666870117188,1014.3333129882812,982.6666870117188,982.6666870117188,17658600
2021-08-30,975.0,988.6666870117188,969.6666870117188,974.0,20547600
2021-08-31,966.3333129882812,976.8333129882812,960.0,973.1666870117188,7947000
2021-09-01,979.0,992.3333129882812,978.6666870117188,988.6666870117188,5953800
2021-09-02,986.5,991.6666870117188,979.8333129882812,988.5,4974900
2021-09-03,988.8333129882812,999.3333129882812,984.1666870117188,999.0,6266400
2021-09-06,1002.6666870117188,1009.3333129882812,1000.0,1004.3333129882812,5232300
2021-09-07,1011.0,1020.6666870117188,1007.6666870117188,1018.6666870117188,7575300
2021-09-08,1019.6666870117188,1026.0,1017.0,1025.3333740234375,6246600
2021-09-09,1019.6666870117188,1027.3333740234375,1018.6666870117188,1025.0,4945800
2021-09-10,1029.3333740234375,1045.6666259765625,1025.3333740234375,1045.6666259765625,10887300
2021-09-13,1040.6666259765625,1041.3333740234375,1027.3333740234375,1036.6666259765625,4511100
2021-09-14,1043.3333740234375,1044.0,1028.3333740234375,1031.3333740234375,5410800
2021-09-15,1022.3333129882812,1024.3333740234375,1010.0,1022.0,5071800
2021-09-16,1025.0,1030.0,1022.0,1025.0,4531500
2021-09-17,1026.3333740234375,1026.6666259765625,1010.6666870117188,1013.3333129882812,8576100
2021-09-21,1000.0,1009.3333129882812,997.6666870117188,1006.0,4746000
2021-09-22,1001.3333129882812,1006.6666870117188,998.0,998.0,4126200
2021-09-24,1003.3333129882812,1005.6666870117188,997.0,1004.3333129882812,6664500
2021-09-27,1003.6666870117188,1012.0,998.3333129882812,998.3333129882812,4880100
2021-09-28,996.8333129882812,998.1666870117188,986.6666870117188,990.8333129882812,6618600
2021-09-29,982.0,982.3333129882812,973.5,980.6666870117188,8085600
2021-09-30,984.1666870117188,988.8333129882812,980.0,980.0,6705600
2021-10-01,973.6666870117188,976.8333129882812,960.3333129882812,961.0,8512800
2021-10-04,971.5,974.6666870117188,955.8333129882812,956.3333129882812,6720000
2021-10-05,950.0,952.5,930.3333129882812,933.8333129882812,9544200
2021-10-06,940.0,949.1666870117188,922.8333129882812,926.5,8897400
2021-10-07,916.6666870117188,917.8333129882812,870.1666870117188,870.1666870117188,20404500
2021-10-08,882.5,903.8333129882812,877.1666870117188,887.1666870117188,12493500
2021-10-11,884.1666870117188,896.0,867.6666870117188,894.8333129882812,9692700
2021-10-12,889.6666870117188,890.8333129882812,874.3333129882812,875.1666870117188,8565300
2021-10-13,871.5,875.8333129882812,861.5,861.5,8982000
2021-10-14,859.8333129882812,860.6666870117188,853.5,857.1666870117188,6120300
2021-10-15,870.0,879.6666870117188,862.3333129882812,877.0,9405600
2021-10-18,885.8333129882812,886.5,860.0,861.1666870117188,8223300
2021-10-19,864.6666870117188,874.1666870117188,864.5,871.5,5431500
2021-10-20,871.5,877.5,866.8333129882812,876.5,4877400
2021-10-21,878.3333129882812,881.0,866.1666870117188,867.0,4872600
2021-10-22,862.8333129882812,874.6666870117188,857.0,872.3333129882812,5809200
2021-10-25,869.3333129882812,872.0,864.8333129882812,867.8333129882812,3363900
2021-10-26,874.6666870117188,881.3333129882812,873.0,878.6666870117188,4382100
2021-10-27,879.6666870117188,881.1666870117188,872.1666870117188,875.0,4066500
2021-10-28,871.5,878.1666870117188,867.0,873.1666870117188,3872400
2021-10-29,873.0,874.0,864.0,872.6666870117188,5379300
2021-11-01,885.0,893.3333129882812,879.6666870117188,892.8333129882812,6138900
2021-11-02,885.0,894.0,884.1666870117188,891.3333129882812,4184100
2021-11-04,899.5,903.1666870117188,890.5,901.3333129882812,5134200
2021-11-05,903.0,910.3333129882812,902.3333129882812,908.6666870117188,4426500
2021-11-08,916.0,916.3333129882812,896.6666870117188,897.1666870117188,4327800
2021-11-09,903.6666870117188,908.0,897.0,903.5,3768900
2021-11-10,903.5,908.6666870117188,900.1666870117188,902.0,3549600
2021-11-11,900.3333129882812,911.8333129882812,900.3333129882812,910.5,4509600
2021-11-12,913.1666870117188,922.6666870117188,912.3333129882812,921.8333129882812,5826900
2021-11-15,923.6666870117188,925.0,913.6666870117188,917.3333129882812,4117500
2021-11-16,918.3333129882812,922.0,916.6666870117188,919.3333129882812,2961000
2021-11-17,914.0,915.0,895.5,896.0,5380800
2021-11-18,896.0,898.5,887.3333129882812,895.8333129882812,4058400
2021-11-19,898.1666870117188,905.0,894.3333129882812,902.6666870117188,4178100
2021-11-22,897.8333129882812,910.0,894.6666870117188,906.5,3227400
2021-11-24,911.6666870117188,920.5,900.5,903.3333129882812,4393500
2021-11-25,913.1666870117188,913.1666870117188,906.3333129882812,909.3333129882812,3490500
2021-11-26,903.6666870117188,906.0,897.6666870117188,900.5,5092200
2021-11-29,884.3333129882812,891.5,869.5,884.5,6517500
2021-11-30,895.5,903.8333129882812,881.0,881.5,8522700
2021-12-01,879.8333129882812,894.8333129882812,877.8333129882812,885.0,5952000
2021-12-02,876.6666870117188,891.6666870117188,875.6666870117188,885.0,5695500
2021-12-03,890.8333129882812,903.0,885.3333129882812,902.6666870117188,5189400
2021-12-06,910.0,913.0,903.0,905.0,4067100
2021-12-07,910.0,919.5,904.1666870117188,916.8333129882812,5775300
2021-12-08,933.0,943.1666870117188,929.5,937.3333129882812,9403500
2021-12-09,937.8333129882812,944.8333129882812,937.0,941.8333129882812,4377600
2021-12-10,941.8333129882812,942.3333129882812,926.8333129882812,929.8333129882812,5531100
2021-12-13,937.0,942.0,933.6666870117188,935.6666870117188,4236600
2021-12-14,931.8333129882812,950.6666870117188,930.6666870117188,944.8333129882812,6073200
2021-12-15,939.3333129882812,951.0,938.5,940.0,3962100
2021-12-16,951.0,954.5,937.3333129882812,947.3333129882812,4984200
2021-12-17,946.3333129882812,947.8333129882812,931.5,932.0,10163400
2021-12-20,920.3333129882812,923.6666870117188,897.3333129882812,898.0,7058400
2021-12-21,911.5,930.1666870117188,909.6666870117188,923.3333129882812,5691000
2021-12-22,925.0,928.5,906.0,906.6666870117188,4042200
2021-12-23,908.3333129882812,910.5,897.6666870117188,899.6666870117188,5001600
2021-12-24,898.5,904.5,897.1666870117188,899.8333129882812,3100200
2021-12-27,899.3333129882812,900.5,892.0,894.5,3921600
2021-12-28,900.6666870117188,909.6666870117188,899.5,909.6666870117188,4877100
2021-12-29,911.6666870117188,920.0,911.6666870117188,913.5,3818100
2021-12-30,912.6666870117188,912.6666870117188,901.8333129882812,903.0,3590100
2022-01-04,911.3333129882812,912.5,899.0,908.3333129882812,5511600
2022-01-05,909.0,916.3333129882812,903.0,906.8333129882812,5009700
2022-01-06,903.5,911.3333129882812,902.0,902.0,4257000
2022-01-07,900.0,906.6666870117188,890.6666870117188,894.1666870117188,5755500
2022-01-11,893.3333129882812,894.1666870117188,879.0,880.0,7127100
2022-01-12,879.8333129882812,886.1666870117188,874.6666870117188,876.8333129882812,7376400
2022-01-13,869.8333129882812,869.8333129882812,826.8333129882812,826.8333129882812,26081700
2022-01-14,825.8333129882812,826.0,798.1666870117188,798.1666870117188,20498400
2022-01-17,800.0,809.6666870117188,793.5,797.5,10099500
2022-01-18,803.0,815.8333129882812,801.1666870117188,808.1666870117188,7194900
2022-01-19,802.8333129882812,812.6666870117188,795.8333129882812,798.0,7981200
2022-01-20,798.0,822.5,797.5,819.0,8187000
2022-01-21,811.0,834.0,808.3333129882812,833.8333129882812,7676400
2022-01-24,834.0,840.5,828.8333129882812,839.3333129882812,6382200
2022-01-25,838.0,848.8333129882812,830.3333129882812,848.8333129882812,7693800
2022-01-26,851.0,859.6666870117188,837.5,837.8333129882812,6987000
2022-01-27,836.6666870117188,843.0,824.3333129882812,835.3333129882812,7854600
2022-01-28,842.8333129882812,865.5,841.6666870117188,862.8333129882812,9071100
2022-01-31,858.1666870117188,873.1666870117188,850.5,868.8333129882812,6638100
2022-02-01,870.0,873.0,859.1666870117188,864.8333129882812,6237000
2022-02-02,870.0,882.6666870117188,868.6666870117188,882.5,5963400
2022-02-03,880.3333129882812,891.6666870117188,880.0,887.0,5404500
2022-02-04,884.5,892.5,879.3333129882812,891.3333129882812,5209800
2022-02-07,890.6666870117188,895.0,884.8333129882812,886.3333129882812,4312500
2022-02-08,885.8333129882812,896.5,883.5,895.8333129882812,4618200
2022-02-09,899.5,899.5,887.5,887.5,5091000
2022-02-10,885.1666870117188,885.1666870117188,872.5,878.1666870117188,7291500
2022-02-14,869.1666870117188,878.1666870117188,867.1666870117188,870.3333129882812,6267000
2022-02-15,873.3333129882812,892.8333129882812,873.0,892.8333129882812,7239300
2022-02-16,893.6666870117188,897.1666870117188,886.1666870117188,895.5,5195700
2022-02-17,889.0,890.6666870117188,878.5,880.6666870117188,5489700
2022-02-18,875.5,889.0,872.1666870117188,885.1666870117188,5810400
2022-02-21,874.6666870117188,879.8333129882812,868.0,871.3333129882812,6130200
2022-02-22,863.0,864.6666870117188,855.1666870117188,859.8333129882812,8521200
2022-02-24,856.6666870117188,857.1666870117188,821.5,829.8333129882812,20380200
2022-02-25,828.8333129882812,857.0,824.3333129882812,845.6666870117188,13004400
2022-02-28,848.3333129882812,869.8333129882812,848.0,865.8333129882812,8900400
2022-03-01,871.6666870117188,873.0,859.5,860.0,5288400
2022-03-02,848.1666870117188,851.0,839.1666870117188,840.6666870117188,5012700
2022-03-03,847.5,849.3333129882812,838.3333129882812,838.6666870117188,3753000
2022-03-04,833.1666870117188,851.5,831.5,850.1666870117188,6333900
2022-03-07,845.6666870117188,880.1666870117188,838.6666870117188,879.8333129882812,10160100
2022-03-08,868.3333129882812,877.1666870117188,847.8333129882812,853.3333129882812,6971700
2022-03-09,859.1666870117188,870.6666870117188,854.1666870117188,865.8333129882812,5673000
2022-03-10,876.6666870117188,880.3333129882812,865.0,877.3333129882812,6758700
2022-03-11,874.5,876.0,862.3333129882812,873.6666870117188,6752700
2022-03-14,876.3333129882812,878.5,860.5,860.5,4923000
2022-03-15,860.3333129882812,881.6666870117188,857.6666870117188,881.3333129882812,5274300
2022-03-16,886.0,893.8333129882812,884.0,890.0,5888400
2022-03-17,897.3333129882812,898.0,885.8333129882812,891.0,5469300
2022-03-18,889.6666870117188,895.0,880.3333129882812,884.8333129882812,7495800
2022-03-22,885.1666870117188,891.0,875.5,876.3333129882812,5917500
2022-03-23,883.3333129882812,899.6666870117188,881.6666870117188,899.6666870117188,6437700
2022-03-24,893.6666870117188,896.1666870117188,875.1666870117188,886.1666870117188,5416800
2022-03-25,893.3333129882812,893.3333129882812,878.6666870117188,886.8333129882812,3983100
2022-03-28,885.0,895.6666870117188,883.1666870117188,890.8333129882812,3631200
2022-03-29,885.6666870117188,888.8333129882812,869.1666870117188,878.6666870117188,7617900
2022-03-30,882.6666870117188,888.1666870117188,871.5,879.0,4755600
2022-03-31,873.0,883.6666870117188,869.8333129882812,869.8333129882812,5738100
2022-04-01,861.1666870117188,871.0,855.5,864.6666870117188,4665300
2022-04-04,866.6666870117188,873.1666870117188,857.8333129882812,862.8333129882812,4576200
2022-04-05,870.0,884.6666870117188,864.3333129882812,882.6666870117188,6755400
2022-04-06,878.5,878.5,862.3333129882812,864.5,5289600
2022-04-07,859.5,867.8333129882812,848.1666870117188,859.6666870117188,6300600
2022-04-08,867.1666870117188,868.6666870117188,842.6666870117188,854.5,8070600
2022-04-11,841.6666870117188,865.5,839.3333129882812,856.8333129882812,8087100
2022-04-12,850.3333129882812,853.6666870117188,830.0,833.1666870117188,8604900
2022-04-13,829.8333129882812,837.6666870117188,823.6666870117188,837.3333129882812,6620100
2022-04-14,839.8333129882812,841.5,828.3333129882812,829.6666870117188,5074800
2022-04-15,825.0,833.3333129882812,822.5,825.5,4058700
2022-04-18,821.0,821.0,810.3333129882812,814.6666870117188,5213400
2022-04-19,818.1666870117188,819.6666870117188,805.6666870117188,807.3333129882812,5472900
2022-04-20,814.8333129882812,828.3333129882812,808.3333129882812,826.0,5790000
2022-04-21,831.1666870117188,836.3333129882812,828.3333129882812,833.3333129882812,4826700
2022-04-22,823.3333129882812,824.1666870117188,813.3333129882812,815.0,5473500
2022-04-25,804.3333129882812,817.3333129882812,803.6666870117188,815.1666870117188,5165700
2022-04-26,817.6666870117188,829.0,815.6666870117188,827.8333129882812,5918700
2022-04-27,814.5,830.6666870117188,811.0,824.5,13231200
2022-04-28,824.8333129882812,827.6666870117188,813.8333129882812,822.8333129882812,5989500
2022-05-02,827.1666870117188,827.1666870117188,817.5,821.8333129882812,4589100
2022-05-06,821.1666870117188,826.5,818.6666870117188,824.6666870117188,6013200
2022-05-09,821.8333129882812,822.5,796.3333129882812,796.3333129882812,10090500
2022-05-10,794.6666870117188,798.8333129882812,788.0,795.6666870117188,6494400
2022-05-11,789.8333129882812,790.8333129882812,782.3333129882812,785.0,7239000
2022-05-12,774.5,775.1666870117188,764.1666870117188,767.3333129882812,7661400
2022-05-13,775.1666870117188,797.6666870117188,774.3333129882812,797.6666870117188,6455100
2022-05-16,801.1666870117188,802.0,790.8333129882812,797.1666870117188,4622100
2022-05-17,798.3333129882812,798.5,789.3333129882812,789.3333129882812,2741400
2022-05-18,789.3333129882812,789.3333129882812,779.6666870117188,782.0,5769900
2022-05-19,763.3333129882812,773.6666870117188,756.1666870117188,769.3333129882812,10310100
2022-05-20,770.5,772.0,761.3333129882812,761.3333129882812,6542100
2022-05-23,765.6666870117188,775.0,764.0,772.3333129882812,5745600
2022-05-24,773.6666870117188,774.8333129882812,767.1666870117188,771.8333129882812,4337700
2022-05-25,773.1666870117188,777.5,768.5,775.6666870117188,4472100
2022-05-26,775.8333129882812,782.0,772.0,773.5,4696200
2022-05-27,778.5,778.5,769.0,772.6666870117188,4723200
2022-05-30,781.3333129882812,795.1666870117188,777.6666870117188,795.0,14225700
2022-05-31,796.0,797.3333129882812,785.5,785.8333129882812,9183000
2022-06-01,789.6666870117188,799.5,788.6666870117188,792.1666870117188,4856400
2022-06-02,789.8333129882812,791.1666870117188,780.6666870117188,782.5,4862400
2022-06-03,788.8333129882812,788.8333129882812,782.8333129882812,784.8333129882812,3908100
2022-06-06,780.6666870117188,784.6666870117188,776.3333129882812,784.1666870117188,4393200
2022-06-07,786.5,797.0,784.0,792.8333129882812,5465700
2022-06-08,788.3333129882812,796.6666870117188,784.6666870117188,787.1666870117188,7712100
2022-06-09,783.0,784.5,774.3333129882812,774.3333129882812,8185200
2022-06-10,769.3333129882812,773.0,763.5,763.6666870117188,8619600
2022-06-13,758.1666870117188,759.0,743.6666870117188,749.0,7979700
2022-06-14,740.6666870117188,746.5,732.0,734.1666870117188,10280100
2022-06-15,730.0,735.0,722.8333129882812,724.0,8161200
2022-06-16,735.3333129882812,743.3333129882812,726.3333129882812,728.6666870117188,6657000
2022-06-17,716.8333129882812,744.6666870117188,715.0,744.5,16347600
2022-06-20,747.5,750.1666870117188,732.3333129882812,735.6666870117188,6301200
2022-06-21,743.3333129882812,754.8333129882812,741.0,752.0,6768300
2022-06-22,757.5,757.8333129882812,743.5,752.5,5002800
2022-06-23,746.3333129882812,750.8333129882812,740.6666870117188,746.3333129882812,7222800
2022-06-24,755.1666870117188,767.6666870117188,755.0,765.1666870117188,7025100
2022-06-27,770.3333129882812,771.6666870117188,761.8333129882812,769.8333129882812,4409400
2022-06-28,766.6666870117188,776.3333129882812,763.8333129882812,776.3333129882812,6276000
2022-06-29,774.1666870117188,788.8333129882812,770.0,784.3333129882812,16171800
2022-06-30,787.0,788.0,779.6666870117188,784.6666870117188,7959300
2022-07-01,780.0,786.1666870117188,773.3333129882812,777.5,5571600
2022-07-04,788.3333129882812,798.1666870117188,784.5,797.3333129882812,6591600
2022-07-05,803.3333129882812,804.5,788.1666870117188,790.8333129882812,6317400
2022-07-06,790.8333129882812,798.8333129882812,789.5,796.0,6467400
2022-07-07,826.0,883.3333129882812,824.6666870117188,883.3333129882812,32686200
2022-07-08,883.3333129882812,888.1666870117188,867.3333129882812,874.8333129882812,15392700
2022-07-11,884.3333129882812,891.3333129882812,877.8333129882812,888.3333129882812,8814300
2022-07-12,886.6666870117188,889.0,873.1666870117188,879.5,6918300
2022-07-13,883.1666870117188,883.3333129882812,865.3333129882812,872.1666870117188,6713100
2022-07-14,866.8333129882812,874.8333129882812,863.5,872.8333129882812,3938400
2022-07-15,876.6666870117188,881.0,868.5,875.6666870117188,4470600
2022-07-19,879.0,881.1666870117188,862.5,870.3333129882812,4901400
2022-07-20,873.3333129882812,879.8333129882812,869.3333129882812,879.6666870117188,4914300
2022-07-21,876.6666870117188,889.3333129882812,873.6666870117188,889.3333129882812,5142000
2022-07-22,889.0,899.0,884.8333129882812,894.3333129882812,5601000
2022-07-25,898.3333129882812,900.6666870117188,894.1666870117188,896.5,4464000
2022-07-26,891.6666870117188,891.6666870117188,878.1666870117188,883.6666870117188,4680600
2022-07-27,881.6666870117188,884.8333129882812,877.5,878.6666870117188,3414300
2022-07-28,885.0,887.0,881.0,885.5,4946400
2022-07-29,890.3333129882812,898.0,888.8333129882812,893.0,5924700
2022-08-01,892.6666870117188,910.6666870117188,887.3333129882812,910.6666870117188,6810600
2022-08-02,908.6666870117188,909.8333129882812,896.3333129882812,897.8333129882812,4417200
2022-08-03,901.8333129882812,906.3333129882812,894.1666870117188,895.8333129882812,3905700
2022-08-04,900.3333129882812,901.8333129882812,890.8333129882812,895.6666870117188,3495900
2022-08-05,895.6666870117188,909.1666870117188,894.1666870117188,908.5,4803600
2022-08-08,908.6666870117188,911.5,905.3333129882812,909.6666870117188,3669900
2022-08-09,914.3333129882812,924.8333129882812,909.1666870117188,909.3333129882812,4792200
2022-08-10,913.3333129882812,915.1666870117188,905.1666870117188,909.6666870117188,3403800
2022-08-12,924.0,924.8333129882812,916.1666870117188,922.1666870117188,7103100
2022-08-15,925.0,935.5,923.1666870117188,934.6666870117188,5158800
2022-08-16,938.3333129882812,943.3333129882812,928.0,930.0,4875300
2022-08-17,935.0,942.0,932.5,942.0,4904100
2022-08-18,938.8333129882812,940.0,935.3333129882812,935.6666870117188,4157400
2022-08-19,936.1666870117188,944.1666870117188,935.1666870117188,942.6666870117188,4493400
2022-08-22,940.0,943.5,935.6666870117188,943.1666870117188,3675900
2022-08-23,939.1666870117188,941.1666870117188,931.3333129882812,933.3333129882812,5497500
2022-08-24,928.6666870117188,933.1666870117188,923.8333129882812,924.1666870117188,4681800
2022-08-25,929.5,931.0,921.5,923.1666870117188,4586700
2022-08-26,923.6666870117188,926.8333129882812,920.8333129882812,921.1666870117188,6543000
2022-08-29,910.1666870117188,914.0,900.1666870117188,902.5,14813400
2022-08-30,897.5,912.1666870117188,894.8333129882812,911.8333129882812,7525800
2022-08-31,904.5,912.6666870117188,904.1666870117188,907.5,5682900
2022-09-01,896.0,897.5,879.8333129882812,886.8333129882812,6684600
2022-09-02,885.5,898.8333129882812,884.1666870117188,892.1666870117188,5205000
2022-09-05,884.0,895.1666870117188,882.1666870117188,892.3333129882812,3494100
2022-09-06,890.6666870117188,897.5,886.1666870117188,886.8333129882812,3228300
2022-09-07,879.0,885.0,868.3333129882812,874.8333129882812,5383200
2022-09-08,885.0,894.5,880.3333129882812,892.1666870117188,6493200
2022-09-09,887.8333129882812,896.3333129882812,886.1666870117188,889.6666870117188,6570000
2022-09-12,899.0,901.5,891.0,895.8333129882812,3964800
2022-09-13,893.0,895.1666870117188,887.1666870117188,892.3333129882812,3710700
2022-09-14,872.0,875.5,867.5,874.0,8552100
2022-09-15,876.1666870117188,891.6666870117188,875.3333129882812,890.8333129882812,5835000
2022-09-16,889.6666870117188,896.3333129882812,887.8333129882812,895.8333129882812,5848200
2022-09-20,896.6666870117188,899.0,891.0,898.5,3684000
2022-09-21,896.3333129882812,903.3333129882812,894.5,894.8333129882812,4312800
2022-09-22,892.8333129882812,893.6666870117188,886.3333129882812,888.3333129882812,3555900
2022-09-26,880.0,889.6666870117188,880.0,881.5,5115300
2022-09-27,887.3333129882812,898.5,883.3333129882812,897.3333129882812,4987800
2022-09-28,887.0,891.1666870117188,871.3333129882812,882.3333129882812,7280700
2022-09-29,886.3333129882812,900.5,880.0,899.5,5803500
2022-09-30,896.6666870117188,905.3333129882812,894.0,901.1666870117188,8198100
2022-10-03,900.0,901.3333129882812,879.8333129882812,890.6666870117188,6553500
2022-10-04,902.3333129882812,928.1666870117188,901.1666870117188,928.1666870117188,9199200
2022-10-05,926.6666870117188,927.3333129882812,910.8333129882812,917.6666870117188,8233200
2022-10-06,926.6666870117188,928.0,887.0,893.8333129882812,15204000
2022-10-07,883.3333129882812,898.5,880.6666870117188,890.8333129882812,6888900
2022-10-11,887.1666870117188,902.0,880.0,901.5,6948000
2022-10-12,910.0,934.0,904.6666870117188,934.0,11248200
2022-10-13,931.8333129882812,937.8333129882812,918.0,920.0,6470400
2022-10-14,936.6666870117188,944.6666870117188,933.5,940.0,8687100
2022-10-17,930.6666870117188,934.6666870117188,927.0,931.8333129882812,4029600
2022-10-18,940.0,940.3333129882812,927.8333129882812,928.5,4999800
2022-10-19,931.0,942.1666870117188,930.1666870117188,937.8333129882812,4509000
2022-10-20,933.0,941.0,930.3333129882812,932.0,4060200
2022-10-21,926.3333129882812,928.8333129882812,918.3333129882812,918.3333129882812,4733400
2022-10-24,925.3333129882812,925.3333129882812,907.8333129882812,908.5,4086000
2022-10-25,915.6666870117188,916.6666870117188,905.8333129882812,910.0,3373800
2022-10-26,918.0,927.3333129882812,915.8333129882812,921.8333129882812,3839400
2022-10-27,921.6666870117188,921.6666870117188,910.6666870117188,910.6666870117188,3740400
2022-10-28,905.1666870117188,917.5,903.0,915.5,9379200
2022-10-31,921.5,928.0,917.0,925.5,4624200
2022-11-01,927.0,929.3333129882812,921.6666870117188,924.1666870117188,2255700
2022-11-02,914.8333129882812,924.3333129882812,912.0,915.1666870117188,3441000
2022-11-04,907.0,914.5,904.0,905.5,4299000
2022-11-07,910.1666870117188,914.0,907.8333129882812,911.6666870117188,3012300
2022-11-08,917.8333129882812,924.8333129882812,913.5,920.8333129882812,3850500
2022-11-09,921.6666870117188,921.6666870117188,908.1666870117188,912.3333129882812,3852600
2022-11-10,907.8333129882812,910.8333129882812,900.1666870117188,902.3333129882812,3963300
2022-11-11,918.3333129882812,919.0,899.5,900.8333129882812,6730800
2022-11-14,899.6666870117188,902.5,894.3333129882812,895.3333129882812,4592100
2022-11-15,898.3333129882812,906.1666870117188,896.8333129882812,903.5,3221100
2022-11-16,905.0,911.5,897.6666870117188,911.3333129882812,3570300
2022-11-17,916.5,929.1666870117188,913.1666870117188,929.1666870117188,4745700
2022-11-18,930.1666870117188,933.0,922.0,926.6666870117188,2762700
2022-11-21,926.6666870117188,931.8333129882812,923.5,929.1666870117188,2216700
2022-11-22,933.3333129882812,969.0,933.1666870117188,947.0,11490600
2022-11-24,956.0,960.6666870117188,947.8333129882812,949.5,5109300
2022-11-25,955.6666870117188,956.8333129882812,946.3333129882812,951.1666870117188,3386700
2022-11-28,950.6666870117188,952.5,943.8333129882812,949.8333129882812,2787600
2022-11-29,949.8333129882812,951.5,942.8333129882812,944.6666870117188,2683500
2022-11-30,940.1666870117188,947.1666870117188,937.1666870117188,941.0,9069900
2022-12-01,947.6666870117188,948.1666870117188,929.6666870117188,934.5,3994200
2022-12-02,928.3333129882812,931.1666870117188,917.3333129882812,929.6666870117188,5045100
2022-12-05,931.3333129882812,933.1666870117188,923.0,930.3333129882812,3711300
2022-12-06,925.8333129882812,932.0,924.0,928.5,2999100
2022-12-07,926.3333129882812,937.5,925.5,935.5,3618600
2022-12-08,936.6666870117188,939.1666870117188,930.8333129882812,933.0,3520800
2022-12-09,933.1666870117188,944.6666870117188,933.0,942.6666870117188,4481100
2022-12-12,937.3333129882812,944.6666870117188,936.0,942.6666870117188,2642100
2022-12-13,948.5,951.1666870117188,943.0,943.0,2934900
2022-12-14,945.8333129882812,948.8333129882812,941.3333129882812,948.8333129882812,3043200
2022-12-15,946.5,954.0,945.3333129882812,951.0,3028800
2022-12-16,942.8333129882812,947.6666870117188,936.8333129882812,937.8333129882812,4635300
2022-12-19,935.6666870117188,938.1666870117188,930.8333129882812,934.6666870117188,2856000
2022-12-20,936.6666870117188,937.6666870117188,913.0,928.6666870117188,5130600
2022-12-21,927.3333129882812,937.6666870117188,923.0,933.0,4455300
2022-12-22,937.1666870117188,946.3333129882812,931.3333129882812,946.0,4181700
2022-12-23,941.1666870117188,946.3333129882812,940.6666870117188,944.0,2356200
2022-12-26,944.0,946.8333129882812,936.0,936.1666870117188,2111100
2022-12-27,943.1666870117188,962.6666870117188,941.5,956.6666870117188,5300400
2022-12-28,953.3333129882812,956.6666870117188,945.3333129882812,948.5,3226800
2022-12-29,944.3333129882812,944.6666870117188,928.0,932.0,4644900
2022-12-30,931.8333129882812,935.3333129882812,927.1666870117188,927.6666870117188,3630900
2023-01-04,924.6666870117188,925.3333129882812,914.3333129882812,917.3333129882812,4934400
2023-01-05,916.6666870117188,917.1666870117188,906.3333129882812,911.3333129882812,4690200
2023-01-06,908.6666870117188,911.0,903.8333129882812,904.1666870117188,4695900
2023-01-10,906.3333129882812,912.0,896.1666870117188,900.3333129882812,5708400
2023-01-11,900.5,908.3333129882812,896.1666870117188,897.1666870117188,4959300
2023-01-12,894.5,896.0,880.1666870117188,889.3333129882812,5736600
2023-01-13,882.5,897.0,867.8333129882812,867.8333129882812,10792200
2023-01-16,866.6666870117188,871.0,844.0,845.1666870117188,12102000
2023-01-17,850.0,857.1666870117188,838.3333129882812,841.0,8078400
2023-01-18,831.3333129882812,852.3333129882812,828.8333129882812,847.3333129882812,10158900
2023-01-19,846.0,857.8333129882812,838.0,856.5,7554000
2023-01-20,855.0,858.8333129882812,847.8333129882812,849.6666870117188,6744300
2023-01-23,858.3333129882812,860.3333129882812,852.6666870117188,856.6666870117188,5269200
2023-01-24,863.6666870117188,870.0,859.5,869.3333129882812,5692800
2023-01-25,872.0,873.8333129882812,867.0,870.3333129882812,5036100
2023-01-26,872.8333129882812,874.6666870117188,867.0,872.0,4264200
2023-01-27,874.3333129882812,876.5,870.6666870117188,872.6666870117188,3910800
2023-01-30,872.6666870117188,878.6666870117188,872.0,876.3333129882812,4639800
2023-01-31,880.0,886.0,880.0,885.8333129882812,5755200
2023-02-01,889.5,890.6666870117188,882.8333129882812,882.8333129882812,4316700
2023-02-02,884.5,886.1666870117188,880.1666870117188,880.8333129882812,4416600
2023-02-03,878.1666870117188,878.1666870117188,862.0,865.1666870117188,6301800
2023-02-06,872.5,877.5,870.5,875.0,4619400
2023-02-07,877.0,881.0,875.3333129882812,875.3333129882812,3727200
2023-02-08,875.6666870117188,879.6666870117188,875.0,878.0,3316200
2023-02-09,875.3333129882812,876.3333129882812,870.1666870117188,872.3333129882812,3922200
2023-02-10,875.0,884.8333129882812,872.1666870117188,882.8333129882812,6128400
2023-02-13,887.0,889.0,875.0,880.8333129882812,4425300
2023-02-14,889.5,891.3333129882812,883.0,887.3333129882812,4210800
2023-02-15,885.3333129882812,886.5,878.8333129882812,880.5,4196700
2023-02-16,885.0,885.5,876.8333129882812,877.1666870117188,4292100
2023-02-17,875.0,877.8333129882812,870.6666870117188,871.3333129882812,5271600
2023-02-20,874.8333129882812,874.8333129882812,870.6666870117188,871.1666870117188,4690200
2023-02-21,870.6666870117188,872.8333129882812,865.3333129882812,866.0,5981100
2023-02-22,863.3333129882812,864.0,852.3333129882812,856.8333129882812,9019800
2023-02-24,854.0,861.8333129882812,845.0,860.3333129882812,16840800
2023-02-27,853.3333129882812,853.6666870117188,842.8333129882812,850.6666870117188,8456100
2023-02-28,845.3333129882812,846.6666870117188,837.0,846.6666870117188,9141300
2023-03-01,845.0,845.6666870117188,834.3333129882812,835.6666870117188,6238500
2023-03-02,833.6666870117188,842.0,831.6666870117188,835.8333129882812,5148000
2023-03-03,839.3333129882812,854.5,837.1666870117188,853.0,8144400
2023-03-06,858.3333129882812,861.0,855.6666870117188,859.5,5823300
2023-03-07,861.8333129882812,864.8333129882812,858.3333129882812,861.6666870117188,5091600
2023-03-08,861.0,869.1666870117188,858.8333129882812,868.6666870117188,5550900
2023-03-09,875.0,881.0,869.6666870117188,881.0,7080600
2023-03-10,876.5,877.3333129882812,856.8333129882812,857.6666870117188,9830400
2023-03-13,851.1666870117188,864.6666870117188,850.6666870117188,862.8333129882812,7107000
2023-03-14,853.3333129882812,853.6666870117188,841.6666870117188,850.1666870117188,6391500
2023-03-15,852.1666870117188,852.5,842.1666870117188,843.8333129882812,6139500
2023-03-16,833.3333129882812,843.6666870117188,822.5,843.6666870117188,6687300
2023-03-17,849.5,850.0,842.1666870117188,848.8333129882812,7114800
2023-03-20,849.0,849.0,833.3333129882812,834.1666870117188,5843700
2023-03-22,846.6666870117188,849.6666870117188,840.8333129882812,845.0,4924500
2023-03-23,840.0,842.6666870117188,834.1666870117188,841.5,3606600
2023-03-24,839.5,846.1666870117188,834.6666870117188,844.3333129882812,3851100
2023-03-27,849.3333129882812,850.8333129882812,841.6666870117188,843.0,4088100
2023-03-28,845.5,847.8333129882812,841.5,845.5,4212900
2023-03-29,847.8333129882812,858.5,846.6666870117188,858.1666870117188,7475700
2023-03-30,851.6666870117188,854.0,843.0,849.1666870117188,5071800
2023-03-31,857.5,859.3333129882812,850.6666870117188,855.3333129882812,5573700
2023-04-03,861.0,864.1666870117188,856.8333129882812,859.5,4581600
2023-04-04,860.3333129882812,863.8333129882812,857.8333129882812,863.6666870117188,4627200
2023-04-05,860.0,863.5,850.8333129882812,850.8333129882812,4792500
2023-04-06,845.6666870117188,853.1666870117188,838.5,852.5,5691900
2023-04-07,847.6666870117188,849.3333129882812,841.0,842.8333129882812,4269600
2023-04-10,847.1666870117188,853.6666870117188,847.0,850.6666870117188,3578700
2023-04-11,856.6666870117188,859.6666870117188,852.5,855.6666870117188,4112100
2023-04-12,862.6666870117188,869.8333129882812,861.6666870117188,864.6666870117188,7104300
2023-04-13,873.6666870117188,891.3333129882812,866.3333129882812,888.0,18549600
2023-04-14,883.6666870117188,901.1666870117188,883.3333129882812,899.5,11997600
2023-04-17,896.6666870117188,898.8333129882812,885.0,885.5,6776100
2023-04-18,887.6666870117188,906.6666870117188,886.6666870117188,903.3333129882812,6710700
2023-04-19,905.0,906.5,899.3333129882812,905.3333129882812,5003100
2023-04-20,905.3333129882812,908.1666870117188,902.3333129882812,906.5,5080500
2023-04-21,910.1666870117188,915.1666870117188,907.0,907.5,4986600
2023-04-24,912.6666870117188,916.0,908.3333129882812,910.8333129882812,3234300
2023-04-25,914.3333129882812,917.1666870117188,911.1666870117188,915.5,4242000
2023-04-26,915.0,921.6666870117188,911.6666870117188,914.6666870117188,4683000
2023-04-27,910.0,911.8333129882812,903.5,910.1666870117188,4458000
2023-04-28,920.0,923.1666870117188,913.0,922.5,5899200
2023-05-01,927.0,933.0,924.3333129882812,933.0,4685100
2023-05-02,936.3333129882812,938.0,914.6666870117188,916.8333129882812,5944200
2023-05-08,919.3333129882812,919.3333129882812,911.0,913.1666870117188,4759500
2023-05-09,911.0,922.0,910.6666870117188,921.1666870117188,3966900
2023-05-10,920.0,923.0,914.8333129882812,919.0,3594900
2023-05-11,916.3333129882812,922.8333129882812,915.5,922.3333129882812,2868900
2023-05-12,921.8333129882812,935.0,917.6666870117188,935.0,6825900
2023-05-15,938.0,940.5,934.3333129882812,934.3333129882812,3516600
2023-05-16,940.0,948.0,936.8333129882812,948.0,5205900
2023-05-17,947.1666870117188,955.3333129882812,943.5,953.5,4994400
2023-05-18,956.6666870117188,957.3333129882812,943.8333129882812,950.6666870117188,3878100
2023-05-19,953.1666870117188,953.6666870117188,944.3333129882812,946.1666870117188,3651300
2023-05-22,946.5,966.0,946.1666870117188,965.5,5648700
2023-05-23,964.3333129882812,964.8333129882812,950.5,957.1666870117188,5466000
2023-05-24,953.3333129882812,954.5,945.1666870117188,949.5,4367400
2023-05-25,947.0,955.1666870117188,942.1666870117188,942.5,5091000
2023-05-26,947.0,951.0,942.3333129882812,947.0,4121100
2023-05-29,957.6666870117188,958.1666870117188,947.0,947.0,3502800
2023-05-30,946.6666870117188,947.0,938.3333129882812,941.3333129882812,3615900
2023-05-31,933.3333129882812,935.0,918.0,920.0,13017300
2023-06-01,921.5,928.0,914.3333129882812,915.5,5037000
2023-06-02,911.1666870117188,931.8333129882812,909.3333129882812,929.8333129882812,4981200
2023-06-05,942.0,942.6666870117188,933.3333129882812,939.5,4848000
2023-06-06,939.5,945.6666870117188,934.3333129882812,944.0,3716700
2023-06-07,939.8333129882812,943.6666870117188,926.0,929.3333129882812,6887400
2023-06-08,926.3333129882812,930.8333129882812,921.1666870117188,924.8333129882812,5406000
2023-06-09,934.0,941.8333129882812,931.1666870117188,938.1666870117188,7971600
2023-06-12,939.0,939.1666870117188,928.6666870117188,932.1666870117188,3591900
2023-06-13,932.0,941.3333129882812,928.8333129882812,939.6666870117188,4504800
2023-06-14,943.0,943.8333129882812,936.0,940.3333129882812,5586900
2023-06-15,940.5,942.8333129882812,932.0,932.0,4599000
2023-06-16,932.0,940.3333129882812,931.8333129882812,939.8333129882812,8242800
2023-06-19,941.0,941.5,922.8333129882812,925.8333129882812,5454300
2023-06-20,927.6666870117188,932.8333129882812,924.1666870117188,932.8333129882812,4831500
2023-06-21,930.0,942.3333129882812,930.0,942.0,4970100
2023-06-22,940.0,951.0,938.5,946.6666870117188,4364100
2023-06-23,951.8333129882812,957.0,949.1666870117188,952.5,5728200
2023-06-26,960.6666870117188,984.0,954.8333129882812,980.8333129882812,10384800
2023-06-27,981.8333129882812,983.3333129882812,968.1666870117188,978.6666870117188,5038200
2023-06-28,980.3333129882812,992.8333129882812,980.1666870117188,990.8333129882812,5649900
2023-06-29,987.5,992.0,980.6666870117188,983.6666870117188,4974600
2023-06-30,981.6666870117188,982.3333129882812,970.8333129882812,980.6666870117188,6279300
2023-07-03,986.6666870117188,990.5,982.6666870117188,989.0,3660600
2023-07-04,985.3333129882812,990.5,982.8333129882812,985.5,3997200
2023-07-05,980.6666870117188,990.8333129882812,978.6666870117188,989.8333129882812,4653900
2023-07-06,991.1666870117188,992.0,979.5,982.8333129882812,5369400
2023-07-07,977.1666870117188,993.0,972.1666870117188,986.6666870117188,6195000
2023-07-10,984.3333129882812,991.8333129882812,978.6666870117188,988.1666870117188,6992700
2023-07-11,990.3333129882812,1003.0,987.3333129882812,1001.3333129882812,7453200
2023-07-12,1003.3333129882812,1006.3333129882812,969.3333129882812,980.0,12126000
2023-07-13,996.0,1004.6666870117188,960.5,969.0,13236300
2023-07-14,962.5,974.5,960.3333129882812,962.3333129882812,8618100
2023-07-18,965.1666870117188,970.6666870117188,956.6666870117188,956.6666870117188,5788200
2023-07-19,957.6666870117188,961.0,953.6666870117188,959.8333129882812,4954200
2023-07-20,959.8333129882812,960.6666870117188,952.3333129882812,954.6666870117188,4790400
2023-07-21,957.0,975.0,954.0,974.6666870117188,5823900
2023-07-24,983.0,984.0,977.1666870117188,981.3333129882812,4525800
2023-07-25,982.6666870117188,987.1666870117188,979.1666870117188,983.6666870117188,4640100
2023-07-26,985.8333129882812,998.8333129882812,985.3333129882812,997.6666870117188,6109500
2023-07-27,997.6666870117188,1013.3333129882812,994.6666870117188,1013.3333129882812,8393400
2023-07-28,1003.0,1010.0,996.3333129882812,1007.0,6893700
2023-07-31,1020.0,1031.3333740234375,1018.3333129882812,1026.0,6275400
2023-08-01,1026.0,1038.0,1021.6666870117188,1037.6666259765625,4831800
2023-08-02,1031.6666259765625,1032.0,1016.0,1022.3333129882812,5309100
2023-08-03,1018.0,1019.3333129882812,1005.3333129882812,1009.6666870117188,5751600
2023-08-04,1010.0,1015.6666870117188,1006.3333129882812,1014.6666870117188,3957900
2023-08-07,1014.3333129882812,1028.3333740234375,1012.0,1026.6666259765625,3624300
2023-08-08,1036.0,1038.0,1029.3333740234375,1032.0,3632400
2023-08-09,1030.0,1039.3333740234375,1029.6666259765625,1034.3333740234375,5360100
2023-08-10,1029.6666259765625,1034.0,1024.3333740234375,1029.3333740234375,6136800
2023-08-14,1036.6666259765625,1047.6666259765625,1035.3333740234375,1042.0,5889300
2023-08-15,1041.6666259765625,1043.0,1032.6666259765625,1040.3333740234375,3982800
2023-08-16,1036.3333740234375,1041.6666259765625,1034.6666259765625,1039.0,3075000
2023-08-17,1042.6666259765625,1042.6666259765625,1024.6666259765625,1032.0,4799400
2023-08-18,1022.3333129882812,1023.6666870117188,1011.0,1016.6666870117188,5227200
2023-08-21,1021.6666870117188,1025.6666259765625,1013.3333129882812,1013.3333129882812,5119200
2023-08-22,1014.0,1018.0,1009.3333129882812,1017.3333129882812,3983100
2023-08-23,1014.3333129882812,1025.3333740234375,1014.0,1025.0,3549300
2023-08-24,1021.0,1031.6666259765625,1018.6666870117188,1030.3333740234375,4947000
2023-08-25,1025.0,1028.0,1015.3333129882812,1017.6666870117188,6158100
2023-08-28,1027.0,1034.0,1020.6666870117188,1026.0,8518500
2023-08-29,1030.0,1030.0,1018.6666870117188,1021.6666870117188,12490800
2023-08-30,1010.0,1014.3333129882812,1002.0,1005.6666870117188,11120400
2023-08-31,1007.3333129882812,1009.6666870117188,1002.0,1006.3333129882812,8468100
2023-09-01,1004.3333129882812,1012.3333129882812,1000.6666870117188,1011.0,5347200
2023-09-04,1006.6666870117188,1009.3333129882812,998.6666870117188,1005.6666870117188,5003700
2023-09-05,1005.0,1014.3333129882812,1003.6666870117188,1011.0,5068800
2023-09-06,1013.3333129882812,1016.6666870117188,1011.6666870117188,1014.3333129882812,3598800
2023-09-07,1014.6666870117188,1023.0,1012.6666870117188,1021.6666870117188,5400600
2023-09-08,1022.3333129882812,1022.6666870117188,1001.0,1003.6666870117188,6476700
2023-09-11,1009.0,1010.3333129882812,989.5,994.8333129882812,5030100
2023-09-12,995.0,997.8333129882812,990.8333129882812,992.8333129882812,3770400
2023-09-13,996.0,1003.0,994.8333129882812,998.0,4241400
2023-09-14,1003.3333129882812,1018.3333129882812,1003.3333129882812,1015.6666870117188,6725100
2023-09-15,1016.0,1028.6666259765625,1014.0,1025.0,8783700
2023-09-19,1020.0,1020.6666870117188,1007.0,1011.6666870117188,4976700
2023-09-20,1015.3333129882812,1021.3333129882812,1012.0,1019.6666870117188,4637100
2023-09-21,1016.6666870117188,1028.0,1008.0,1009.3333129882812,5154000
2023-09-22,998.3333129882812,999.8333129882812,975.8333129882812,984.1666870117188,9778500
2023-09-25,988.3333129882812,997.3333129882812,985.0,991.1666870117188,5903100
2023-09-26,992.1666870117188,998.0,986.6666870117188,993.6666870117188,3915600
2023-09-27,989.3333129882812,1002.3333129882812,986.8333129882812,1001.3333129882812,5866200
2023-09-28,998.0,1009.3333129882812,993.1666870117188,1000.3333129882812,6141000
2023-09-29,1000.3333129882812,1002.6666870117188,983.0,987.5,7200300
2023-10-02,990.0,994.8333129882812,973.1666870117188,973.1666870117188,5106600
2023-10-03,972.1666870117188,980.3333129882812,964.1666870117188,979.5,5265000
2023-10-04,972.0,981.5,966.8333129882812,978.0,5638800
2023-10-05,983.1666870117188,1011.0,978.0,1010.0,7822500
2023-10-06,1013.0,1019.6666870117188,1009.6666870117188,1015.3333129882812,5318400
2023-10-10,1015.3333129882812,1017.0,1003.6666870117188,1014.3333129882812,6186900
2023-10-11,1011.3333129882812,1012.3333129882812,994.0,998.1666870117188,9108000
2023-10-12,1029.3333740234375,1046.0,1020.6666870117188,1026.3333740234375,16456200
2023-10-13,1018.3333129882812,1019.6666870117188,1003.0,1008.6666870117188,6647700
2023-10-16,1005.6666870117188,1008.0,991.0,992.5,4942500
2023-10-17,1003.3333129882812,1019.0,1002.6666870117188,1017.6666870117188,5930100
2023-10-18,1017.0,1019.3333129882812,1004.0,1019.3333129882812,4565100
2023-10-19,1013.0,1028.3333740234375,1012.0,1027.3333740234375,5728800
2023-10-20,1025.0,1028.6666259765625,1017.6666870117188,1019.6666870117188,3865200
2023-10-23,1016.6666870117188,1022.3333129882812,1012.0,1015.6666870117188,3787800
2023-10-24,1018.3333129882812,1024.3333740234375,1009.6666870117188,1016.6666870117188,4018200
2023-10-25,1020.0,1034.3333740234375,1015.0,1030.0,4544700
2023-10-26,1029.3333740234375,1043.0,1026.0,1032.0,5241600
2023-10-27,1031.3333740234375,1038.0,1027.0,1033.3333740234375,3986100
2023-10-30,1025.3333740234375,1029.3333740234375,1022.3333129882812,1027.3333740234375,3338700
2023-10-31,1033.6666259765625,1055.6666259765625,1030.3333740234375,1055.6666259765625,7413300
2023-11-01,1061.0,1062.6666259765625,1051.6666259765625,1059.3333740234375,5533800
2023-11-02,1063.3333740234375,1069.0,1056.0,1059.3333740234375,4281600
2023-11-06,1070.0,1072.0,1060.6666259765625,1070.3333740234375,5641500
2023-11-07,1071.6666259765625,1074.3333740234375,1056.6666259765625,1058.3333740234375,4079400
2023-11-08,1066.3333740234375,1066.3333740234375,1050.3333740234375,1050.6666259765625,2901300
2023-11-09,1050.0,1051.3333740234375,1030.3333740234375,1041.0,4004100
2023-11-10,1042.0,1043.0,1032.0,1041.6666259765625,3811200
2023-11-13,1043.0,1046.6666259765625,1037.0,1044.0,3488100
2023-11-14,1054.0,1054.6666259765625,1045.6666259765625,1045.6666259765625,3151500
2023-11-15,1045.6666259765625,1070.3333740234375,1044.0,1065.6666259765625,6778200
2023-11-16,1065.0,1066.0,1037.0,1039.0,6726900
2023-11-17,1037.0,1037.0,1021.3333129882812,1029.0,5799600
2023-11-20,1030.0,1038.3333740234375,1020.3333129882812,1026.6666259765625,4410900
2023-11-21,1022.0,1025.0,1009.6666870117188,1015.0,5310600
2023-11-22,1015.0,1028.3333740234375,1014.0,1023.0,2732100
2023-11-24,1031.6666259765625,1032.0,1021.0,1023.3333129882812,3240300
2023-11-27,1029.0,1036.3333740234375,1020.6666870117188,1026.3333740234375,3167700
2023-11-28,1031.3333740234375,1034.3333740234375,1025.3333740234375,1029.6666259765625,3304500
2023-11-29,1022.6666870117188,1022.6666870117188,1009.3333129882812,1015.3333129882812,4867500
2023-11-30,1010.6666870117188,1023.3333129882812,1001.3333129882812,1020.3333129882812,11432100
2023-12-01,1024.6666259765625,1027.3333740234375,1017.6666870117188,1024.0,4601400
2023-12-04,1020.0,1020.6666870117188,1007.0,1013.0,4943400
2023-12-05,1013.3333129882812,1018.3333129882812,1008.0,1018.0,4536300
2023-12-06,1016.6666870117188,1031.6666259765625,1015.0,1030.6666259765625,4385400
2023-12-07,1029.0,1032.6666259765625,1018.6666870117188,1020.6666870117188,3907800
2023-12-08,1013.6666870117188,1027.3333740234375,1013.3333129882812,1020.0,6591900
2023-12-11,1022.6666870117188,1030.0,1018.0,1030.0,3156000
2023-12-12,1033.0,1034.6666259765625,1026.6666259765625,1028.6666259765625,3852600
2023-12-13,1028.0,1029.6666259765625,1015.0,1017.0,3480600
2023-12-14,1023.3333129882812,1026.0,1017.0,1022.0,3314700
2023-12-15,1021.6666870117188,1025.0,1013.6666870117188,1019.6666870117188,5310600
2023-12-18,1019.6666870117188,1021.6666870117188,1005.6666870117188,1012.0,4117200
2023-12-19,1017.0,1017.3333129882812,1002.0,1014.0,3685200
2023-12-20,1020.0,1050.6666259765625,1015.0,1047.6666259765625,8277600
2023-12-21,1046.3333740234375,1047.0,1032.0,1046.6666259765625,4142400
2023-12-22,1048.3333740234375,1060.6666259765625,1045.3333740234375,1060.6666259765625,4744800
2023-12-25,1063.3333740234375,1065.0,1055.3333740234375,1056.0,2273100
2023-12-26,1056.0,1056.6666259765625,1047.3333740234375,1050.3333740234375,2817600
2023-12-27,1052.0,1062.0,1049.6666259765625,1062.0,4543800
2023-12-28,1062.0,1067.0,1057.0,1058.3333740234375,2844000
2023-12-29,1050.3333740234375,1050.3333740234375,1050.3333740234375,1050.3333740234375,4826700
2024-01-04,1059.6666259765625,1066.0,1047.6666259765625,1066.0,5079300
2024-01-05,1071.6666259765625,1091.3333740234375,1067.0,1084.0,6706200
2024-01-09,1093.3333740234375,1096.0,1084.0,1087.3333740234375,5377800
2024-01-10,1090.3333740234375,1099.0,1085.6666259765625,1096.6666259765625,5180100
2024-01-11,1100.3333740234375,1115.0,1097.3333740234375,1109.3333740234375,6179400
2024-01-12,1123.3333740234375,1123.3333740234375,1097.6666259765625,1110.6666259765625,8227800
2024-01-15,1111.6666259765625,1146.0,1111.6666259765625,1141.3333740234375,3479400
2024-01-16,1135.0,1161.6666259765625,1134.6666259765625,1152.6666259765625,9005700
2024-01-17,1163.3333740234375,1198.3333740234375,1163.3333740234375,1178.3333740234375,10873500
2024-01-18,1182.6666259765625,1182.6666259765625,1163.0,1169.0,7425300
2024-01-19,1172.3333740234375,1177.0,1148.3333740234375,1157.6666259765625,7269900
2024-01-22,1163.0,1175.6666259765625,1155.3333740234375,1175.6666259765625,5493900
2024-01-23,1167.3333740234375,1180.0,1164.0,1165.3333740234375,6151800
2024-01-24,1173.0,1182.6666259765625,1146.3333740234375,1146.6666259765625,8078400
2024-01-25,1143.3333740234375,1155.6666259765625,1141.3333740234375,1152.3333740234375,5177100
2024-01-26,1151.3333740234375,1157.3333740234375,1147.0,1154.3333740234375,4062300
2024-01-29,1154.3333740234375,1165.3333740234375,1152.0,1165.3333740234375,4740000
2024-01-30,1173.3333740234375,1177.6666259765625,1160.0,1160.0,5413800
2024-01-31,1160.0,1177.6666259765625,1159.0,1177.6666259765625,4972800
2024-02-01,1161.6666259765625,1171.6666259765625,1161.3333740234375,1168.3333740234375,4848000
2024-02-02,1173.6666259765625,1184.6666259765625,1167.3333740234375,1181.3333740234375,5467500
2024-02-05,1185.6666259765625,1195.3333740234375,1184.3333740234375,1187.0,4399800
2024-02-06,1187.0,1190.3333740234375,1178.3333740234375,1182.0,5776800
2024-02-07,1188.6666259765625,1199.3333740234375,1187.0,1194.3333740234375,5412000
2024-02-08,1198.0,1202.0,1189.0,1193.3333740234375,5918700
2024-02-09,1194.0,1209.0,1189.0,1196.6666259765625,6214500
2024-02-13,1204.0,1211.6666259765625,1193.0,1208.3333740234375,7015200
2024-02-14,1203.3333740234375,1211.6666259765625,1192.6666259765625,1197.3333740234375,6423300
2024-02-15,1201.6666259765625,1203.3333740234375,1186.6666259765625,1188.6666259765625,5995200
2024-02-16,1192.3333740234375,1201.0,1188.6666259765625,1194.6666259765625,5535000
2024-02-19,1200.0,1204.6666259765625,1197.0,1200.6666259765625,4479600
2024-02-20,1205.6666259765625,1212.3333740234375,1195.6666259765625,1196.0,5986200
2024-02-21,1203.0,1210.6666259765625,1188.3333740234375,1188.3333740234375,8822100
2024-02-22,1188.6666259765625,1197.3333740234375,1184.0,1193.3333740234375,8382600
2024-02-26,1197.3333740234375,1225.0,1195.6666259765625,1222.6666259765625,13014600
2024-02-27,1229.3333740234375,1232.3333740234375,1187.0,1191.3333740234375,20256900
2024-02-28,1181.3333740234375,1186.3333740234375,1160.6666259765625,1177.0,11643900
2024-02-29,1185.6666259765625,1194.3333740234375,1170.6666259765625,1191.6666259765625,11916600
2024-03-01,1184.0,1189.3333740234375,1163.3333740234375,1166.6666259765625,8444100
2024-03-04,1166.6666259765625,1172.6666259765625,1153.6666259765625,1171.3333740234375,7154700
2024-03-05,1169.0,1184.0,1168.0,1179.3333740234375,6393000
2024-03-06,1174.0,1194.6666259765625,1169.6666259765625,1193.6666259765625,7693200
2024-03-07,1195.6666259765625,1212.3333740234375,1193.6666259765625,1212.3333740234375,9447300
2024-03-08,1215.6666259765625,1225.0,1200.6666259765625,1225.0,11997900
2024-03-11,1213.6666259765625,1228.6666259765625,1198.0,1214.6666259765625,7623900
2024-03-12,1210.0,1211.6666259765625,1193.3333740234375,1203.0,5833200
2024-03-13,1201.3333740234375,1209.6666259765625,1175.6666259765625,1179.6666259765625,5862900
2024-03-14,1179.6666259765625,1185.6666259765625,1168.0,1177.3333740234375,4396800
2024-03-15,1168.0,1177.6666259765625,1162.0,1176.6666259765625,7277700
2024-03-18,1177.0,1191.6666259765625,1172.6666259765625,1185.6666259765625,4646400
2024-03-19,1180.6666259765625,1192.3333740234375,1172.6666259765625,1190.3333740234375,4591800
2024-03-21,1192.3333740234375,1200.6666259765625,1189.6666259765625,1190.6666259765625,5680800
2024-03-22,1180.0,1191.3333740234375,1178.6666259765625,1188.3333740234375,5618100
2024-03-25,1191.6666259765625,1194.6666259765625,1184.3333740234375,1190.6666259765625,4110600
2024-03-26,1185.3333740234375,1192.0,1175.3333740234375,1182.0,5415600
2024-03-27,1191.6666259765625,1208.0,1190.0,1205.0,7217400
2024-03-28,1195.6666259765625,1204.3333740234375,1190.3333740234375,1194.6666259765625,5273100
2024-03-29,1199.6666259765625,1211.0,1196.6666259765625,1199.3333740234375,1981800
2024-04-01,1200.0,1202.6666259765625,1178.0,1178.3333740234375,3751200
2024-04-02,1176.3333740234375,1176.6666259765625,1147.0,1152.0,7713900
2024-04-03,1150.0,1156.3333740234375,1142.0,1152.3333740234375,5120700
2024-04-04,1154.0,1166.3333740234375,1148.6666259765625,1155.3333740234375,5653200
2024-04-05,1148.6666259765625,1161.0,1139.3333740234375,1153.3333740234375,6093900
2024-04-08,1163.3333740234375,1170.6666259765625,1155.3333740234375,1159.0,4669200
2024-04-09,1159.3333740234375,1171.6666259765625,1157.0,1168.6666259765625,3932100
2024-04-10,1169.3333740234375,1172.0,1161.6666259765625,1161.6666259765625,5221800
2024-04-11,1185.0,1185.3333740234375,1115.0,1116.0,17395500
2024-04-12,1117.6666259765625,1127.3333740234375,1101.3333740234375,1104.0,9606300
2024-04-15,1100.0,1115.3333740234375,1096.0,1110.3333740234375,6336300
2024-04-16,1100.3333740234375,1104.0,1086.6666259765625,1087.3333740234375,6603600
2024-04-17,1083.3333740234375,1095.3333740234375,1075.0,1075.0,5907600
2024-04-18,1080.6666259765625,1097.3333740234375,1079.3333740234375,1091.0,4574100
2024-04-19,1085.3333740234375,1087.6666259765625,1062.0,1077.0,7967100
2024-04-22,1088.0,1112.6666259765625,1085.3333740234375,1107.3333740234375,5915100
2024-04-23,1112.6666259765625,1118.6666259765625,1107.3333740234375,1110.0,3764700
2024-04-24,1109.0,1116.3333740234375,1101.3333740234375,1108.0,5523600
2024-04-25,1102.0,1106.6666259765625,1096.3333740234375,1097.3333740234375,4787400
2024-04-26,1093.3333740234375,1102.6666259765625,1090.3333740234375,1096.0,4478700
2024-04-30,1099.6666259765625,1103.3333740234375,1095.0,1100.6666259765625,5351100
2024-05-01,1097.6666259765625,1098.6666259765625,1089.0,1089.3333740234375,3667200
2024-05-02,1087.3333740234375,1090.0,1076.3333740234375,1077.6666259765625,4743000
2024-05-07,1083.3333740234375,1087.6666259765625,1079.3333740234375,1085.3333740234375,3854700
2024-05-08,1085.3333740234375,1090.6666259765625,1081.3333740234375,1083.6666259765625,4211700
2024-05-09,1089.6666259765625,1097.3333740234375,1085.0,1093.0,3743400
2024-05-10,1100.0,1115.3333740234375,1094.0,1112.0,5108700
2024-05-13,1112.3333740234375,1113.3333740234375,1097.0,1101.0,3336300
2024-05-14,1098.6666259765625,1108.6666259765625,1098.3333740234375,1107.0,3426000
2024-05-15,1103.6666259765625,1106.3333740234375,1090.0,1091.0,4014900
2024-05-16,1095.0,1100.0,1083.3333740234375,1097.0,3748800
2024-05-17,1094.0,1105.3333740234375,1094.0,1101.3333740234375,2383800
2024-05-20,1105.3333740234375,1118.0,1103.3333740234375,1107.6666259765625,3664200
2024-05-21,1112.6666259765625,1115.3333740234375,1087.0,1091.3333740234375,4961700
2024-05-22,1090.3333740234375,1114.6666259765625,1085.6666259765625,1112.0,5787600
2024-05-23,1103.6666259765625,1111.6666259765625,1100.0,1111.0,3001200
2024-05-24,1100.3333740234375,1111.0,1097.0,1107.3333740234375,3105600
2024-05-27,1109.6666259765625,1117.0,1103.6666259765625,1117.0,2811300
2024-05-28,1117.6666259765625,1118.3333740234375,1105.3333740234375,1106.6666259765625,2996700
2024-05-29,1108.0,1111.6666259765625,1095.6666259765625,1095.6666259765625,3836400
2024-05-30,1093.3333740234375,1110.0,1086.6666259765625,1110.0,5201100
2024-05-31,1116.0,1129.0,1111.0,1129.0,15219600
2024-06-03,1132.0,1138.3333740234375,1126.6666259765625,1137.6666259765625,4221000
2024-06-04,1138.3333740234375,1149.0,1131.0,1149.0,4774500
2024-06-05,1149.3333740234375,1170.6666259765625,1143.6666259765625,1170.0,6386700
2024-06-06,1185.3333740234375,1186.0,1162.0,1168.0,5070600
2024-06-07,1168.6666259765625,1174.0,1158.0,1174.0,3780600
2024-06-10,1174.0,1182.3333740234375,1169.0,1178.3333740234375,2946300
2024-06-11,1178.3333740234375,1185.0,1168.3333740234375,1172.3333740234375,3454500
2024-06-12,1167.0,1169.6666259765625,1153.6666259765625,1158.6666259765625,3217800
2024-06-13,1156.0,1158.6666259765625,1145.3333740234375,1145.6666259765625,3139800
2024-06-14,1145.0,1153.0,1139.6666259765625,1146.3333740234375,6655200
2024-06-17,1144.3333740234375,1146.3333740234375,1131.0,1141.3333740234375,3801000
2024-06-18,1149.6666259765625,1151.6666259765625,1139.3333740234375,1150.3333740234375,3273900
2024-06-19,1150.3333740234375,1150.3333740234375,1133.6666259765625,1142.6666259765625,3135600
2024-06-20,1142.6666259765625,1151.0,1128.6666259765625,1135.6666259765625,4110900
2024-06-21,1139.0,1149.0,1134.0,1135.3333740234375,4825500
2024-06-24,1139.3333740234375,1147.0,1133.3333740234375,1136.0,3922500
2024-06-25,1145.6666259765625,1158.6666259765625,1143.3333740234375,1155.3333740234375,4232100
2024-06-26,1160.6666259765625,1162.6666259765625,1149.3333740234375,1156.6666259765625,5763000
2024-06-27,1154.0,1155.6666259765625,1137.6666259765625,1139.0,4611000
2024-06-28,1144.3333740234375,1151.0,1141.6666259765625,1146.3333740234375,4320000
2024-07-01,1152.6666259765625,1159.6666259765625,1134.0,1136.6666259765625,4168500
2024-07-02,1135.3333740234375,1153.3333740234375,1135.0,1152.0,4523100
2024-07-03,1152.6666259765625,1160.0,1147.3333740234375,1159.6666259765625,3968700
2024-07-04,1163.0,1166.3333740234375,1159.6666259765625,1162.3333740234375,2592600
2024-07-05,1163.0,1164.3333740234375,1152.6666259765625,1159.6666259765625,3059400
2024-07-08,1160.0,1160.3333740234375,1143.0,1144.3333740234375,4640100
2024-07-09,1144.0,1157.0,1137.0,1153.3333740234375,5152800
2024-07-10,1148.0,1148.0,1110.3333740234375,1115.0,11853000
2024-07-11,1120.6666259765625,1126.0,1108.3333740234375,1108.3333740234375,7289400
2024-07-12,1106.6666259765625,1131.0,1101.0,1126.6666259765625,9352200
2024-07-16,1091.6666259765625,1115.0,1079.3333740234375,1099.0,11317500
2024-07-17,1099.0,1100.6666259765625,1085.6666259765625,1086.6666259765625,7681200
2024-07-18,1087.0,1106.6666259765625,1086.0,1105.0,5323200
2024-07-19,1105.6666259765625,1105.6666259765625,1093.3333740234375,1100.6666259765625,3675300
2024-07-22,1101.0,1116.3333740234375,1095.3333740234375,1111.3333740234375,4560000
2024-07-23,1106.3333740234375,1108.0,1100.6666259765625,1106.3333740234375,3490200
2024-07-24,1103.0,1103.3333740234375,1094.3333740234375,1095.6666259765625,3536700
2024-07-25,1095.6666259765625,1115.0,1091.6666259765625,1109.0,6000300
2024-07-26,1116.3333740234375,1116.6666259765625,1093.6666259765625,1106.0,4851600
2024-07-29,1109.3333740234375,1122.6666259765625,1101.6666259765625,1122.0,3870300
2024-07-30,1115.3333740234375,1119.3333740234375,1111.3333740234375,1118.0,3539400
2024-07-31,1116.6666259765625,1145.0,1114.0,1145.0,5951100
2024-08-01,1135.3333740234375,1139.3333740234375,1120.6666259765625,1139.3333740234375,5629800
2024-08-02,1120.3333740234375,1134.6666259765625,1113.0,1118.6666259765625,7855200
2024-08-05,1108.0,1128.0,1058.6666259765625,1072.0,13141200
2024-08-06,1127.3333740234375,1137.6666259765625,1105.3333740234375,1127.0,12146700
2024-08-07,1116.6666259765625,1159.0,1113.6666259765625,1145.6666259765625,9296400
2024-08-08,1141.6666259765625,1161.6666259765625,1132.3333740234375,1156.0,5751900
2024-08-09,1158.6666259765625,1172.3333740234375,1145.0,1169.6666259765625,9534300
2024-08-13,1176.6666259765625,1178.6666259765625,1152.6666259765625,1165.6666259765625,6876300
2024-08-14,1166.0,1185.0,1162.6666259765625,1163.6666259765625,6939300
2024-08-15,1161.6666259765625,1164.6666259765625,1142.6666259765625,1143.3333740234375,7003800
2024-08-16,1151.0,1163.0,1144.3333740234375,1160.3333740234375,5791200
2024-08-19,1160.0,1172.0,1150.3333740234375,1171.6666259765625,5902800
2024-08-20,1166.6666259765625,1184.0,1166.0,1177.6666259765625,6080100
2024-08-21,1175.0,1203.0,1172.6666259765625,1199.6666259765625,6210300
2024-08-22,1205.6666259765625,1226.6666259765625,1203.3333740234375,1222.0,7526100
2024-08-23,1223.3333740234375,1243.0,1219.6666259765625,1243.0,7346100
2024-08-26,1243.0,1259.0,1233.6666259765625,1257.0,7877100
2024-08-27,1255.6666259765625,1259.6666259765625,1240.0,1247.6666259765625,8651400
2024-08-28,1241.3333740234375,1246.6666259765625,1223.6666259765625,1238.3333740234375,13591200
2024-08-29,1220.0,1239.6666259765625,1211.0,1239.6666259765625,10755000
2024-08-30,1228.6666259765625,1233.0,1205.6666259765625,1216.3333740234375,10318800
2024-09-02,1213.3333740234375,1214.0,1203.6666259765625,1210.0,4897200
2024-09-03,1200.3333740234375,1217.6666259765625,1196.0,1216.6666259765625,4431000
2024-09-04,1210.0,1243.3333740234375,1208.3333740234375,1239.6666259765625,10131000
2024-09-05,1243.0,1249.6666259765625,1229.0,1249.6666259765625,6684600
2024-09-06,1250.0,1329.0,1248.3333740234375,1279.3333740234375,17446800
2024-09-09,1266.0,1293.6666259765625,1260.0,1286.0,8297400
2024-09-10,1290.0,1309.6666259765625,1280.6666259765625,1308.3333740234375,6828000
2024-09-11,1303.3333740234375,1307.0,1266.3333740234375,1274.3333740234375,7117500
2024-09-12,1279.0,1310.0,1275.3333740234375,1304.3333740234375,6905100
2024-09-13,1306.3333740234375,1328.3333740234375,1300.3333740234375,1318.0,8543400
2024-09-17,1328.3333740234375,1359.3333740234375,1319.0,1339.6666259765625,12417300
2024-09-18,1335.0,1356.0,1332.3333740234375,1338.6666259765625,6833700
2024-09-19,1346.0,1361.0,1338.6666259765625,1349.6666259765625,7003800
2024-09-20,1349.6666259765625,1365.6666259765625,1329.3333740234375,1336.0,10127100
2024-09-24,1332.6666259765625,1333.0,1307.3333740234375,1310.6666259765625,7937100
2024-09-25,1306.3333740234375,1324.0,1296.0,1302.0,7001400
2024-09-26,1309.6666259765625,1319.3333740234375,1304.6666259765625,1316.6666259765625,7469700
2024-09-27,1320.0,1329.0,1301.6666259765625,1319.3333740234375,6500400
2024-09-30,1295.0,1315.6666259765625,1288.6666259765625,1299.6666259765625,11472000
2024-10-01,1296.6666259765625,1305.3333740234375,1288.6666259765625,1304.6666259765625,4711800
2024-10-02,1293.0,1315.6666259765625,1288.6666259765625,1291.0,4839900
2024-10-03,1303.6666259765625,1308.3333740234375,1282.6666259765625,1304.0,5439300
2024-10-04,1319.3333740234375,1345.0,1318.0,1327.3333740234375,8544300
2024-10-07,1329.6666259765625,1333.0,1310.6666259765625,1313.3333740234375,5934000
2024-10-08,1300.3333740234375,1309.3333740234375,1289.0,1298.0,5559900
2024-10-09,1307.3333740234375,1309.3333740234375,1292.6666259765625,1292.6666259765625,6655800
2024-10-10,1204.3333740234375,1222.6666259765625,1170.6666259765625,1180.6666259765625,33634500
2024-10-11,1183.6666259765625,1210.0,1179.6666259765625,1206.0,16081800
2024-10-15,1216.6666259765625,1228.6666259765625,1209.0,1227.0,9527700
2024-10-16,1233.0,1267.6666259765625,1231.6666259765625,1249.3333740234375,10077300
2024-10-17,1244.0,1251.3333740234375,1223.3333740234375,1233.3333740234375,7036800
2024-10-18,1235.0,1240.6666259765625,1231.0,1231.3333740234375,4067100
2024-10-21,1236.6666259765625,1253.3333740234375,1235.0,1253.3333740234375,5466900
2024-10-22,1250.0,1263.3333740234375,1248.3333740234375,1263.3333740234375,5639400
2024-10-23,1266.6666259765625,1274.6666259765625,1246.6666259765625,1247.0,4710600
2024-10-24,1240.6666259765625,1251.0,1234.3333740234375,1240.6666259765625,4819200
2024-10-25,1238.3333740234375,1242.3333740234375,1228.6666259765625,1236.0,3341400
2024-10-28,1233.0,1258.6666259765625,1229.0,1256.0,3810300
2024-10-29,1260.0,1273.0,1256.3333740234375,1271.6666259765625,4595100
2024-10-30,1276.3333740234375,1280.0,1258.3333740234375,1264.3333740234375,21601500
2024-10-31,1257.0,1260.0,1244.3333740234375,1246.6666259765625,5291700
2024-11-01,1242.3333740234375,1250.6666259765625,1232.0,1236.3333740234375,5633400
2024-11-05,1238.6666259765625,1256.6666259765625,1227.0,1256.6666259765625,4996800
2024-11-06,1260.0,1278.6666259765625,1255.3333740234375,1265.0,5514900
2024-11-07,1266.6666259765625,1272.3333740234375,1262.0,1267.6666259765625,4765800
2024-11-08,1283.3333740234375,1303.3333740234375,1276.6666259765625,1287.0,8037600
2024-11-11,1291.6666259765625,1297.6666259765625,1275.3333740234375,1289.6666259765625,4578600
2024-11-12,1295.0,1300.3333740234375,1272.6666259765625,1279.6666259765625,4743600
2024-11-13,1275.0,1277.3333740234375,1257.3333740234375,1264.3333740234375,4849500
2024-11-14,1264.3333740234375,1272.6666259765625,1257.6666259765625,1258.3333740234375,3723900
2024-11-15,1262.0,1266.3333740234375,1250.0,1250.0,3860700
2024-11-18,1252.6666259765625,1260.0,1244.6666259765625,1246.3333740234375,3219000
2024-11-19,1253.3333740234375,1260.3333740234375,1245.3333740234375,1250.0,2621400
2024-11-20,1250.0,1257.0,1242.0,1244.6666259765625,2554800
2024-11-21,1244.0,1248.3333740234375,1205.0,1206.0,6535800
2024-11-22,1209.3333740234375,1222.0,1202.6666259765625,1202.6666259765625,5068800
2024-11-25,1207.0,1211.0,1181.6666259765625,1181.6666259765625,14530200
2024-11-26,1183.6666259765625,1193.0,1182.6666259765625,1185.6666259765625,4601100
2024-11-27,1190.0,1197.3333740234375,1177.6666259765625,1177.6666259765625,4694100
2024-11-28,1181.3333740234375,1204.6666259765625,1176.6666259765625,1204.6666259765625,5902800
2024-11-29,1202.0,1207.3333740234375,1194.0,1198.0,4977900
2024-12-02,1197.0,1209.3333740234375,1192.3333740234375,1206.0,5105700
2024-12-03,1217.0,1235.3333740234375,1216.0,1230.0,6007800
2024-12-04,1229.6666259765625,1234.3333740234375,1224.3333740234375,1229.0,3685800
2024-12-05,1230.0,1231.3333740234375,1217.3333740234375,1222.0,4001100
2024-12-06,1221.6666259765625,1236.3333740234375,1219.3333740234375,1225.6666259765625,3409500
2024-12-09,1226.0,1247.0,1222.6666259765625,1238.6666259765625,4416000
2024-12-10,1242.0,1245.6666259765625,1228.3333740234375,1232.0,4029300
2024-12-11,1237.0,1254.0,1235.6666259765625,1237.3333740234375,5051100
2024-12-12,1254.0,1280.0,1251.0,1273.6666259765625,9063900
2024-12-13,1265.6666259765625,1283.3333740234375,1263.3333740234375,1283.3333740234375,6169800
2024-12-16,1283.3333740234375,1285.6666259765625,1275.0,1281.6666259765625,4005300
2024-12-17,1285.6666259765625,1291.6666259765625,1277.3333740234375,1278.0,3902400
2024-12-18,1273.3333740234375,1276.6666259765625,1243.3333740234375,1243.3333740234375,5681700
2024-12-19,1230.0,1246.6666259765625,1228.3333740234375,1229.3333740234375,4155600
2024-12-20,1245.6666259765625,1258.0,1225.6666259765625,1226.3333740234375,16318500
2024-12-23,1236.3333740234375,1238.0,1211.6666259765625,1214.6666259765625,4226400
2024-12-24,1214.3333740234375,1215.6666259765625,1202.3333740234375,1209.0,2983200
2024-12-25,1213.6666259765625,1214.3333740234375,1198.3333740234375,1209.3333740234375,3948000
2024-12-26,1212.3333740234375,1227.6666259765625,1212.0,1227.6666259765625,4605300
2024-12-27,1233.3333740234375,1239.3333740234375,1227.0,1235.3333740234375,4331100
2024-12-30,1236.6666259765625,1244.3333740234375,1228.0,1231.6666259765625,4206600
2025-01-06,1240.0,1240.0,1202.3333740234375,1205.0,8980800
2025-01-07,1211.0,1212.3333740234375,1199.3333740234375,1199.3333740234375,5799000
2025-01-08,1193.0,1193.0,1178.6666259765625,1186.0,7314600
2025-01-09,1190.3333740234375,1192.0,1173.0,1175.0,5600400
2025-01-10,1173.0,1178.0,1158.6666259765625,1171.6666259765625,9436500
2025-01-14,1166.3333740234375,1201.3333740234375,1145.6666259765625,1196.6666259765625,13248000
2025-01-15,1200.0,1228.3333740234375,1195.0,1199.0,9328800
2025-01-16,1203.3333740234375,1206.0,1190.3333740234375,1192.3333740234375,4629300
2025-01-17,1188.6666259765625,1196.3333740234375,1181.6666259765625,1194.0,4195200
2025-01-20,1194.6666259765625,1207.3333740234375,1190.6666259765625,1200.0,3825600
2025-01-21,1205.0,1210.6666259765625,1198.3333740234375,1203.0,3096600
2025-01-22,1203.0,1207.0,1192.0,1200.6666259765625,4958700
2025-01-23,1194.0,1199.0,1187.3333740234375,1194.6666259765625,4750200
2025-01-24,1206.3333740234375,1220.3333740234375,1205.0,1207.3333740234375,5153100
2025-01-27,1223.0,1231.0,1217.6666259765625,1227.3333740234375,5033400
2025-01-28,1232.3333740234375,1238.3333740234375,1230.0,1234.6666259765625,4239300
2025-01-29,1234.6666259765625,1243.3333740234375,1226.0,1240.6666259765625,4389000
2025-01-30,1245.0,1256.6666259765625,1241.3333740234375,1256.6666259765625,4695900
2025-01-31,1257.0,1261.3333740234375,1247.3333740234375,1255.0,5664900
2025-02-03,1241.6666259765625,1246.6666259765625,1223.3333740234375,1246.6666259765625,5941800
2025-02-04,1253.6666259765625,1254.0,1237.6666259765625,1241.3333740234375,3766500
2025-02-05,1246.6666259765625,1251.3333740234375,1231.3333740234375,1232.0,3828900
2025-02-06,1232.0,1245.3333740234375,1227.6666259765625,1228.6666259765625,3774000
2025-02-07,1228.6666259765625,1231.3333740234375,1219.6666259765625,1222.0,3774000
2025-02-10,1222.0,1231.0,1218.0,1228.3333740234375,2750400
2025-02-12,1230.3333740234375,1237.0,1223.3333740234375,1237.0,4360200
2025-02-13,1246.0,1253.3333740234375,1236.6666259765625,1251.6666259765625,4139400
2025-02-14,1251.6666259765625,1255.6666259765625,1244.3333740234375,1244.3333740234375,3996300
2025-02-17,1246.0,1248.0,1232.0,1233.6666259765625,4182600
2025-02-18,1232.3333740234375,1233.0,1219.6666259765625,1219.6666259765625,5753700
2025-02-19,1216.6666259765625,1226.3333740234375,1213.6666259765625,1223.0,4241700
2025-02-20,1217.6666259765625,1219.3333740234375,1207.0,1208.3333740234375,5635200
2025-02-21,1204.0,1227.6666259765625,1203.6666259765625,1215.3333740234375,5627100
2025-02-25,1218.0,1236.6666259765625,1209.0,1233.6666259765625,9949200
2025-02-26,1235.0,1278.0,1234.3333740234375,1255.3333740234375,20487900
2025-02-27,1233.3333740234375,1234.6666259765625,1217.6666259765625,1229.3333740234375,8998200
2025-02-28,1233.3333740234375,1237.3333740234375,1217.6666259765625,1228.0,9142500
2025-03-03,1230.0,1291.6666259765625,1228.0,1271.0,18975600
2025-03-04,1271.3333740234375,1289.0,1267.3333740234375,1288.6666259765625,8165700
2025-03-05,1292.0,1304.3333740234375,1264.6666259765625,1281.6666259765625,7673700
2025-03-06,1281.6666259765625,1304.6666259765625,1280.6666259765625,1295.6666259765625,6496200
2025-03-07,1290.6666259765625,1306.3333740234375,1278.3333740234375,1281.6666259765625,5572800
2025-03-10,1280.0,1301.6666259765625,1275.3333740234375,1299.6666259765625,5952000
2025-03-11,1300.0,1325.0,1296.6666259765625,1321.6666259765625,9128700
2025-03-12,1318.0,1333.0,1293.0,1306.0,9713400
2025-03-13,1302.3333740234375,1314.0,1292.3333740234375,1294.3333740234375,5608200
2025-03-14,1287.6666259765625,1308.3333740234375,1280.3333740234375,1298.3333740234375,6191700
2025-03-17,1303.3333740234375,1306.6666259765625,1288.0,1291.0,4110000
2025-03-18,1289.6666259765625,1291.6666259765625,1271.0,1271.0,6066000
2025-03-19,1267.3333740234375,1269.3333740234375,1260.3333740234375,1266.6666259765625,5056200
2025-03-21,1260.6666259765625,1269.6666259765625,1239.6666259765625,1239.6666259765625,10548600
2025-03-24,1246.3333740234375,1256.3333740234375,1240.3333740234375,1240.6666259765625,4121700
2025-03-25,1237.6666259765625,1252.3333740234375,1235.3333740234375,1252.3333740234375,4939200
2025-03-26,1262.0,1272.3333740234375,1255.6666259765625,1260.0,6019200
2025-03-27,1266.6666259765625,1278.6666259765625,1257.6666259765625,1269.0,8215200
2025-03-28,1272.3333740234375,1280.6666259765625,1262.0,1277.3333740234375,6148800
2025-03-31,1268.0,1273.0,1250.0,1250.0,7480500
2025-04-01,1265.6666259765625,1265.6666259765625,1247.0,1250.0,4766700
2025-04-02,1250.0,1252.6666259765625,1219.6666259765625,1220.0,6672300
2025-04-03,1214.3333740234375,1254.0,1210.3333740234375,1248.3333740234375,8862600
2025-04-04,1250.3333740234375,1279.3333740234375,1250.3333740234375,1264.6666259765625,10722000
2025-04-07,1218.0,1256.6666259765625,1214.0,1233.3333740234375,12434100
2025-04-08,1252.6666259765625,1267.3333740234375,1231.0,1259.6666259765625,9093000
2025-04-09,1259.0,1275.0,1245.0,1270.3333740234375,7166100
2025-04-10,1284.0,1336.6666259765625,1277.0,1336.6666259765625,12679200
2025-04-11,1313.3333740234375,1376.3333740234375,1313.3333740234375,1364.6666259765625,15326100
2025-04-14,1300.3333740234375,1317.0,1277.3333740234375,1309.6666259765625,24725700
2025-04-15,1306.0,1313.3333740234375,1292.6666259765625,1301.3333740234375,12400800
2025-04-16,1300.0,1323.3333740234375,1290.6666259765625,1323.3333740234375,9858300
2025-04-17,1326.6666259765625,1345.0,1324.0,1334.6666259765625,7490100
2025-04-18,1346.3333740234375,1365.3333740234375,1335.3333740234375,1365.3333740234375,8041800
2025-04-21,1361.6666259765625,1384.6666259765625,1356.6666259765625,1384.0,8132700
2025-04-22,1386.6666259765625,1407.3333740234375,1379.6666259765625,1400.6666259765625,11161200
2025-04-23,1401.3333740234375,1431.0,1391.6666259765625,1431.0,12606900
2025-04-24,1416.6666259765625,1421.6666259765625,1377.3333740234375,1387.0,10561800
2025-04-25,1380.3333740234375,1385.3333740234375,1357.0,1366.6666259765625,7854300
2025-04-28,1363.3333740234375,1389.6666259765625,1362.0,1387.0,6152400
2025-04-30,1394.3333740234375,1409.6666259765625,1388.6666259765625,1409.0,8565000
2025-05-01,1411.6666259765625,1426.3333740234375,1401.6666259765625,1408.6666259765625,5801400
2025-05-02,1405.3333740234375,1421.0,1402.3333740234375,1416.6666259765625,6657600
2025-05-07,1428.3333740234375,1470.6666259765625,1423.0,1455.0,12058200
2025-05-08,1463.3333740234375,1470.6666259765625,1443.6666259765625,1456.6666259765625,7212300
2025-05-09,1461.3333740234375,1479.3333740234375,1454.6666259765625,1466.6666259765625,8673300
2025-05-12,1464.6666259765625,1471.3333740234375,1456.0,1461.3333740234375,5691300
2025-05-13,1449.3333740234375,1454.6666259765625,1426.0,1426.0,8126700
2025-05-14,1417.6666259765625,1426.0,1411.0,1415.6666259765625,6380700
2025-05-15,1415.6666259765625,1458.0,1414.3333740234375,1453.6666259765625,7143300
2025-05-16,1466.6666259765625,1474.0,1449.0,1464.0,6379800
2025-05-19,1469.0,1476.6666259765625,1452.0,1456.6666259765625,5037600
2025-05-20,1452.0,1452.0,1422.0,1436.3333740234375,6825000
2025-05-21,1438.3333740234375,1448.0,1430.0,1430.3333740234375,4260000
2025-05-22,1430.0,1437.0,1416.6666259765625,1431.3333740234375,4840800
2025-05-23,1433.0,1445.6666259765625,1428.3333740234375,1444.0,3961800
2025-05-26,1452.6666259765625,1470.0,1450.0,1461.0,5079300
2025-05-27,1465.6666259765625,1476.3333740234375,1462.6666259765625,1473.0,4516800
2025-05-28,1476.6666259765625,1477.0,1454.6666259765625,1454.6666259765625,5092200
2025-05-29,1450.6666259765625,1456.0,1441.3333740234375,1452.6666259765625,3959400
2025-05-30,1458.3333740234375,1488.6666259765625,1451.6666259765625,1478.3333740234375,10312500
2025-06-02,1476.6666259765625,1483.0,1457.3333740234375,1470.6666259765625,4710600
2025-06-03,1468.3333740234375,1471.0,1459.3333740234375,1470.6666259765625,4555800
2025-06-04,1462.3333740234375,1468.3333740234375,1449.0,1453.6666259765625,5124900
2025-06-05,1447.6666259765625,1448.3333740234375,1431.6666259765625,1445.0,5968200
2025-06-06,1446.6666259765625,1464.0,1443.0,1460.6666259765625,4523400
2025-06-09,1453.6666259765625,1458.6666259765625,1438.3333740234375,1439.6666259765625,4204800
2025-06-10,1433.3333740234375,1438.0,1421.3333740234375,1434.6666259765625,6142200
2025-06-11,1433.3333740234375,1433.6666259765625,1418.3333740234375,1424.6666259765625,4911900
2025-06-12,1418.3333740234375,1428.0,1410.3333740234375,1428.0,4794900
2025-06-13,1442.6666259765625,1497.0,1438.3333740234375,1483.0,18433200
2025-06-16,1506.3333740234375,1522.0,1483.6666259765625,1494.3333740234375,9807900
2025-06-17,1498.3333740234375,1512.3333740234375,1487.3333740234375,1490.0,6408600
2025-06-18,1495.3333740234375,1511.3333740234375,1492.0,1494.3333740234375,6489900
2025-06-19,1494.0,1529.6666259765625,1494.0,1525.3333740234375,6957900
2025-06-20,1525.3333740234375,1533.0,1497.3333740234375,1502.6666259765625,9834300
2025-06-23,1503.3333740234375,1513.3333740234375,1483.6666259765625,1484.3333740234375,5688900
2025-06-24,1488.0,1495.3333740234375,1462.0,1466.6666259765625,6411300
2025-06-25,1452.3333740234375,1457.0,1414.0,1419.6666259765625,10694700
2025-06-26,1424.6666259765625,1441.6666259765625,1415.0,1415.0,22135500
2025-06-27,1416.6666259765625,1431.3333740234375,1402.0,1429.6666259765625,9784800
2025-06-30,1453.0,1480.0,1433.3333740234375,1473.3333740234375,9996900
2025-07-01,1495.0,1530.3333740234375,1468.3333740234375,1477.6666259765625,10530900
2025-07-02,1493.0,1503.0,1471.6666259765625,1503.0,10060200
2025-07-03,1499.6666259765625,1500.0,1465.0,1485.0,11204100
2025-07-04,1491.6666259765625,1497.3333740234375,1478.6666259765625,1494.0,5472900
2025-07-07,1496.0,1526.0,1496.0,1520.3333740234375,6488400
2025-07-08,1532.0,1540.0,1516.6666259765625,1518.3333740234375,9555600
2025-07-09,1520.0,1521.6666259765625,1502.3333740234375,1513.3333740234375,6362700
2025-07-10,1500.0,1501.0,1440.0,1440.0,17292000
2025-07-11,1442.6666259765625,1472.6666259765625,1438.3333740234375,1470.6666259765625,9727500
2025-07-14,1474.3333740234375,1490.3333740234375,1464.6666259765625,1471.0,6940800
2025-07-15,1491.6666259765625,1491.6666259765625,1468.0,1473.6666259765625,4713300
2025-07-16,1474.0,1512.3333740234375,1470.3333740234375,1510.0,9311700
2025-07-17,1508.3333740234375,1533.0,1504.0,1533.0,7710900
2025-07-18,1533.3333740234375,1569.3333740234375,1526.3333740234375,1557.6666259765625,9999300
2025-07-22,1558.3333740234375,1590.0,1557.6666259765625,1572.0,9142800
2025-07-23,1575.6666259765625,1581.0,1550.3333740234375,1578.0,10664700
2025-07-24,1583.3333740234375,1630.6666259765625,1582.3333740234375,1624.0,10770300
2025-07-25,1641.0,1689.3333740234375,1616.6666259765625,1621.3333740234375,11284500
2025-07-28,1630.3333740234375,1632.0,1602.0,1613.3333740234375,6031800
2025-07-29,1610.0,1610.3333740234375,1590.3333740234375,1601.3333740234375,5312100
2025-07-30,1607.6666259765625,1614.6666259765625,1602.0,1609.0,5274300
2025-07-31,1619.6666259765625,1630.6666259765625,1611.0,1611.0,8321400
2025-08-01,1600.0,1707.6666259765625,1593.6666259765625,1700.0,15379800
2025-08-04,1700.0,1742.6666259765625,1686.6666259765625,1726.3333740234375,11972700
2025-08-05,1732.6666259765625,1765.0,1717.0,1730.6666259765625,11562900
2025-08-06,1732.6666259765625,1759.0,1724.6666259765625,1748.3333740234375,7803900
2025-08-07,1762.6666259765625,1822.3333740234373,1759.3333740234375,1791.3333740234375,12548400
2025-08-08,1795.0,1813.3333740234373,1790.3333740234375,1803.0,9401400
2025-08-12,1822.6666259765625,1871.6666259765625,1811.0,1867.3333740234373,14187300
2025-08-13,1867.3333740234373,1880.3333740234373,1838.3333740234373,1843.0,12433500
2025-08-14,1832.3333740234373,1838.0,1771.6666259765625,1806.0,12879600
2025-08-15,1809.6666259765625,1830.0,1798.6666259765625,1815.3333740234373,8970000
2025-08-18,1811.6666259765625,1835.6666259765625,1803.0,1829.3333740234373,6386700
2025-08-19,1841.6666259765625,1851.0,1822.3333740234373,1851.0,6557400
2025-08-20,1851.6666259765625,1875.6666259765625,1850.0,1871.0,7870200
2025-08-21,1883.3333740234373,1887.3333740234373,1847.3333740234373,1865.3333740234373,6918000
2025-08-22,1873.6666259765625,1889.6666259765625,1852.0,1859.0,8553600
2025-08-25,1859.0,1863.0,1821.6666259765625,1823.3333740234373,10447200
2025-08-26,1832.6666259765625,1836.0,1795.3333740234375,1808.6666259765625,14359500
2025-08-27,1808.6666259765625,1816.6666259765625,1792.6666259765625,1792.6666259765625,14394900
2025-08-28,1783.0,1790.0,1730.0,1784.0,10281200
2025-08-29,1785.0,1806.0,1731.0,1787.0,10479600
2025-09-01,1787.0,1819.0,1767.0,1789.5,6279300
2025-09-02,1799.0,1801.0,1757.0,1773.5,5574400
2025-09-03,1780.0,1781.0,1730.5,1743.0,8478400
2025-09-04,1740.0,1764.5,1737.0,1751.5,5154800
2025-09-05,1750.5,1779.5,1735.0,1773.5,5497300
2025-09-08,1772.0,1799.5,1758.5,1797.0,4981600
2025-09-09,1800.0,1809.0,1766.5,1766.5,4425500
2025-09-10,1766.0,1781.0,1762.0,1771.5,4064800
2025-09-11,1767.5,1793.0,1763.0,1790.5,4294400
2025-09-12,1804.5,1831.0,1789.0,1806.5,8801800
2025-09-16,1819.5,1829.0,1786.5,1819.5,5012700
2025-09-17,1818.0,1835.0,1803.5,1830.5,5749900
2025-09-18,1842.0,1858.5,1815.0,1830.5,5941200
2025-09-19,1815.0,1845.0,1810.5,1816.0,9489100
2025-09-22,1808.0,1828.5,1780.0,1780.0,5331600
2025-09-24,1795.0,1847.0,1779.0,1846.0,7016300
2025-09-25,1846.0,1852.0,1816.5,1820.5,6021100
2025-09-26,1827.5,1854.5,1824.5,1849.5,7195900
2025-09-29,1834.0,1838.5,1784.5,1784.5,6612700
2025-09-30,1784.5,1806.0,1770.0,1795.0,7425000
2025-10-01,1780.0,1787.5,1750.5,1780.5,6381600
2025-10-02,1762.5,1771.5,1740.0,1754.0,5675400
2025-10-03,1750.0,1775.0,1747.0,1767.5,4174100
2025-10-06,1818.0,1828.0,1795.5,1820.5,7395200
2025-10-07,1815.0,1817.5,1792.5,1804.5,4820100
2025-10-08,1810.0,1854.0,1809.5,1825.0,6333400
2025-10-09,1816.0,1824.0,1800.0,1824.0,5139900
2025-10-10,1797.5,1834.0,1791.0,1830.0,7269700
2025-10-14,1818.5,1878.5,1815.0,1878.5,10389100
2025-10-15,1918.5,2084.0,1880.0,2055.0,22757200
2025-10-16,2101.0,2148.0,2042.5,2101.5,13817800
2025-10-17,2092.0,2278.5,2091.5,2180.0,27860700
2025-10-20,2200.0,2258.5,2194.0,2247.0,14802300
2025-10-21,2240.0,2269.0,2190.5,2218.0,10919500
2025-10-22,2230.0,2358.5,2225.0,2351.5,15536100
2025-10-23,2355.0,2380.0,2326.0,2367.5,9885600
2025-10-24,2372.0,2378.0,2319.0,2351.0,9054400
2025-10-27,2345.0,2394.5,2312.0,2354.0,8987900
2025-10-28,2372.0,2394.5,2339.5,2344.0,8618700
2025-10-29,2351.0,2385.0,2318.0,2378.0,9097600
2025-10-30,2364.5,2424.5,2352.0,2397.5,15547400
2025-10-31,2410.0,2463.0,2400.0,2439.5,9490100
2025-11-04,2320.0,2365.0,2304.5,2321.0,9916200
2025-11-05,2346.0,2360.0,2260.5,2290.5,11231800
2025-11-06,2291.0,2313.0,2226.0,2265.0,7567000
2025-11-07,2285.0,2312.5,2265.5,2287.0,6550100
2025-11-10,2292.0,2302.5,2260.0,2302.5,4360300
2025-11-11,2328.0,2393.0,2315.0,2390.0,7047900
2025-11-12,2400.0,2430.0,2358.0,2388.0,6693700
2025-11-13,2405.0,2451.0,2387.0,2450.0,5356200
2025-11-14,2450.0,2494.0,2418.5,2486.0,7332600
2025-11-17,2500.0,2560.0,2462.5,2545.5,11149300
2025-11-18,2525.0,2556.5,2479.5,2529.5,7100500
2025-11-19,2551.0,2663.0,2510.0,2645.0,12045800
2025-11-20,2649.0,2857.5,2643.0,2820.0,20073800
2025-11-21,2823.0,2912.0,2782.5,2856.0,25262900
2025-11-25,2880.5,2920.0,2777.0,2785.5,14626700
2025-11-26,2780.5,2868.0,2751.0,2858.5,10369500
2025-11-27,2855.0,2885.0,2816.5,2877.5,7747600
2025-11-28,2866.5,2906.0,2825.0,2827.5,10995200
2025-12-01,2819.0,2881.5,2752.5,2773.0,12035000
2025-12-02,2761.0,2798.0,2730.0,2764.0,8967300
2025-12-03,2730.5,2735.5,2551.0,2579.5,17796000
2025-12-04,2580.0,2652.0,2580.0,2622.5,10070600
2025-12-05,2590.5,2597.5,2508.0,2522.0,10907400
2025-12-08,2521.0,2522.5,2349.0,2349.0,17984300
2025-12-09,2350.0,2384.5,2328.5,2366.5,10695400
2025-12-10,2397.5,2421.5,2287.0,2360.0,13019000
2025-12-11,2380.0,2386.0,2266.0,2266.0,9175000
2025-12-12,2293.0,2316.5,2271.0,2289.0,10159500
2025-12-15,2339.0,2452.0,2313.5,2452.0,20878500
2025-12-16,2460.0,2464.5,2344.0,2357.5,11987400
2025-12-17,2400.0,2415.0,2346.0,2386.5,9511300
2025-12-18,2399.0,2427.0,2358.0,2418.0,8562700
2025-12-19,2393.0,2519.0,2387.0,2508.0,14032500
2025-12-22,2491.0,2499.5,2409.0,2410.5,9326200
2025-12-23,2417.5,2460.0,2389.5,2427.5,7750600
2025-12-24,2434.5,2474.0,2426.0,2474.0,5921100
2025-12-25,2480.0,2497.5,2462.0,2476.5,3857500
2025-12-26,2489.0,2496.0,2435.0,2456.0,5035400
2025-12-29,2488.0,2504.0,2435.5,2470.0,6669700
2025-12-30,2479.0,2481.5,2450.5,2477.0,4341600
2026-01-05,2481.0,2542.5,2468.5,2485.0,8028100
2026-01-06,2475.5,2504.0,2431.0,2494.5,8909800
2026-01-07,2417.5,2424.5,2375.0,2402.5,10432600
2026-01-08,2438.5,2439.0,2354.0,2363.5,11158300
2026-01-09,2313.5,2340.0,2163.0,2182.0,32820600
2026-01-13,2199.0,2248.0,2170.5,2191.0,14134200
2026-01-14,2200.0,2215.0,2151.5,2191.0,10296700
2026-01-15,2214.5,2243.0,2192.0,2233.5,10138300
2026-01-16,2208.0,2219.0,2116.0,2116.0,12621100
2026-01-19,2197.0,2273.0,2180.0,2257.0,19264600
2026-01-20,2280.0,2396.5,2257.5,2389.5,24947600
2026-01-21,2365.5,2402.5,2332.0,2342.0,13285100
2026-01-22,2305.5,2325.0,2206.0,2212.5,14951900
2026-01-23,2232.0,2247.5,2203.5,2240.0,8520100
2026-01-26,2250.0,2259.0,2222.5,2238.5,8266700
2026-01-27,2259.0,2260.5,2193.0,2204.0,7890100
2026-01-28,2184.5,2207.5,2174.0,2185.5,6798000
2026-01-29,2150.0,2150.0,2104.5,2115.0,9040600
2026-01-30,2121.5,2131.0,2088.5,2115.0,7911900
2026-02-02,2150.0,2225.5,2134.0,2175.0,11334900
2026-02-03,2173.0,2206.5,2131.5,2184.5,8986100
2026-02-04,2200.0,2212.0,2172.5,2199.5,6091400
2026-02-05,2238.0,2272.5,2211.0,2251.5,9240700
2026-02-06,2265.0,2269.0,2215.0,2262.5,6548000
2026-02-09,2280.0,2285.0,2217.5,2233.5,9296600
2026-02-10,2245.0,2248.0,2217.0,2220.0,6744000
2026-02-12,2242.0,2300.0,2235.0,2300.0,9681900
2026-02-13,2314.0,2344.0,2282.5,2319.0,11532300
2026-02-16,2329.5,2330.0,2281.0,2308.5,5605700
2026-02-17,2340.0,2392.0,2329.0,2360.0,7420500
2026-02-18,2386.0,2415.0,2355.0,2400.5,8160000
2026-02-19,2373.0,2389.5,2330.0,2335.0,8198300
2026-02-20,2320.0,2322.0,2271.5,2295.0,6717000
2026-02-24,2326.5,2326.5,2261.0,2320.5,8271500
2026-02-25,2300.0,2310.0,2268.0,2283.5,11469400
2026-02-26,2253.0,2269.0,2197.5,2203.0,10571500
2026-02-27,2220.0,2232.0,2197.5,2226.5,9674200
2026-03-02,2167.5,2181.0,2125.0,2140.5,9599600
2026-03-03,2107.0,2109.5,2042.0,2075.0,10734500
2026-03-04,2000.0,2070.0,1995.0,2070.0,9647900
2026-03-05,2103.5,2114.5,2027.5,2034.5,8189100
2026-03-06,2030.0,2052.5,2005.0,2046.0,5625300
2026-03-09,2000.0,2031.0,1974.0,2016.5,8527100
2026-03-10,2016.0,2030.0,1975.5,1988.5,8958400
2026-03-11,2009.5,2034.5,1981.5,1987.0,6948200
2026-03-12,1980.0,2029.0,1968.0,2029.0,8679500
2026-03-13,1996.0,2034.5,1995.0,2019.0,7290800
2026-03-16,2009.5,2014.0,1947.0,1966.0,6815700
2026-03-17,1975.0,1981.0,1960.5,1973.5,4564100
2026-03-18,1960.0,2007.5,1960.0,2003.0,4894500
2026-03-19,1960.0,1964.5,1932.5,1934.0,8801000
2026-03-23,1911.0,1923.5,1879.0,1891.5,8593100
2026-03-24,1905.5,1921.5,1892.0,1921.5,5995400
2026-03-25,1936.5,1949.0,1926.0,1936.5,5902200
2026-03-26,1935.0,1938.0,1890.0,1902.5,7045300
2026-03-27,1902.5,1930.5,1893.0,1915.5,7433900
2026-03-30,1881.0,1915.5,1860.0,1905.5,7171900
2026-03-31,1915.0,1917.0,1866.0,1884.5,6830200
2026-04-01,1912.0,1949.0,1904.0,1947.5,5663600
2026-04-02,1947.5,1975.5,1911.5,1927.5,6165000
2026-04-03,1920.5,1941.0,1912.0,1941.0,2883200
2026-04-06,1940.5,1969.5,1924.5,1933.0,4245200
2026-04-07,1939.5,1967.0,1910.0,1917.0,5298700
2026-04-08,1935.0,1960.5,1920.0,1960.5,9210400
2026-04-09,1946.5,1973.5,1800.0,1800.0,28343300
2026-04-10,1796.0,1799.0,1750.0,1763.0,14798800
2026-04-13,1760.0,1760.0,1720.0,1724.0,8746900
2026-04-14,1720.0,1732.0,1712.5,1721.5,7226900
2026-04-15,1730.0,1757.0,1726.0,1744.5,8620300
2026-04-16,1742.0,1772.0,1728.0,1762.5,6268300
2026-04-17,1755.5,1757.0,1704.0,1704.0,8517600
2026-04-20,1710.5,1727.0,1710.0,1715.5,4988300
2026-04-21,1714.0,1716.0,1683.0,1683.0,7576200
2026-04-22,1683.0,1689.0,1665.5,1665.5,6163300
2026-04-23,1652.5,1656.5,1584.5,1584.5,13301300
2026-04-24,1593.0,1594.0,1539.5,1539.5,11953200
2026-04-27,1530.0,1575.5,1512.0,1547.0,8960000
2026-04-28,1555.0,1572.0,1543.0,1568.5,6252100
2026-04-30,1569.0,1575.5,1490.0,1510.0,14813500
2026-05-01,1520.0,1565.5,1510.0,1551.5,7170500
2026-05-07,1552.0,1565.0,1524.0,1547.0,11895700
2026-05-08,1562.0,1564.5,1511.0,1531.0,7632900
2026-05-11,1531.0,1553.0,1521.0,1532.0,6012400
2026-05-12,1532.0,1548.0,1500.0,1500.0,7871000
2026-05-13,1510.0,1551.0,1509.0,1522.5,5372400
2026-05-14,1535.0,1535.5,1471.0,1477.0,8257900
2026-05-15,1480.0,1511.5,1473.0,1497.5,7941000
2026-05-18,1491.0,1502.5,1419.0,1421.0,10492200
2026-05-19,1449.5,1500.5,1440.0,1500.5,8892400
2026-05-20,1516.0,1520.0,1487.0,1518.5,8577000
2026-05-21,1500.0,1555.0,1495.5,1496.5,7250400
2026-05-22,1477.5,1484.5,1437.0,1480.5,7341200
2026-05-25,1480.0,1480.5,1410.0,1410.0,10254000
2026-05-26,1410.5,1434.5,1404.5,1428.0,6551700
2026-05-27,1410.0,1421.0,1388.0,1415.0,9404400
2026-05-28,1425.0,1434.0,1392.0,1402.0,7446800
2026-05-29,1395.0,1419.0,1387.0,1391.5,17310300
2026-06-01,1395.0,1399.0,1337.0,1352.5,12942000
2026-06-02,1329.0,1366.0,1318.0,1348.5,9032700
2026-06-03,1342.0,1359.5,1322.0,1351.0,6729300
2026-06-04,1350.0,1361.0,1335.5,1335.5,6327900
2026-06-05,1339.5,1380.0,1337.0,1354.5,5643100
2026-06-08,1360.5,1398.0,1342.0,1394.5,9676000
2026-06-09,1383.5,1408.5,1358.0,1370.0,8348100
2026-06-10,1390.5,1423.0,1380.0,1423.0,8119600
2026-06-11,1410.5,1418.5,1361.0,1373.0,13413900
2026-06-12,1370.0,1401.0,1363.5,1388.0,9564800
2026-06-15,1390.0,1400.0,1363.5,1382.5,6712800
2026-06-16,1380.0,1380.0,1345.0,1361.0,7447000
2026-06-17,1366.0,1391.5,1351.5,1365.5,5482500
2026-06-18,1350.0,1362.5,1328.5,1336.0,7639000
2026-06-19,1323.0,1324.0,1301.0,1315.0,14011800
2026-06-22,1303.0,1321.5,1298.5,1304.5,5956600
2026-06-23,1298.0,1317.5,1274.0,1301.5,8922500
2026-06-24,1308.5,1338.5,1297.0,1318.5,7603200
2026-06-25,1320.0,1327.5,1300.0,1300.0,6105700
2026-06-26,1297.5,1312.5,1287.0,1306.5,6141900
2026-06-29,1333.0,1393.0,1325.0,1372.0,12136500
2026-06-30,1385.0,1385.0,1338.5,1341.0,8196600
2026-07-01,1340.0,1341.5,1290.0,1298.0,9246900
2026-07-02,1328.0,1357.0,1314.5,1354.0,8241200
2026-07-03,1402.5,1437.0,1401.5,1407.5,10720900
2026-07-06,1419.5,1468.0,1406.5,1455.0,10623100
2026-07-07,1459.5,1477.0,1439.5,1462.0,9722100
2026-07-08,1470.0,1474.5,1442.0,1455.0,9421400
2026-07-09,1432.0,1446.0,1405.0,1414.5,9358400
2026-07-10,1400.0,1409.0,1375.0,1377.0,12445400
2026-07-13,1407.0,1412.5,1347.5,1403.5,13223900
2026-07-14,1429.0,1438.0,1407.5,1412.0,8095700
2026-07-15,1398.5,1409.0,1361.0,1366.5,10991700
2026-07-16,1365.5,1398.0,1358.5,1371.0,7594000
2026-07-17,1413.0,1427.0,1388.5,1395.0,10374900
2026-07-21,1409.0,1411.0,1364.0,1366.5,11024900
2026-07-22,1360.0,1362.5,1327.0,1357.5,11759200
2026-07-23,1341.5,1347.5,1328.5,1333.0,8166400
2026-07-24,1329.0,1344.0,1306.5,1339.0,7647600
2026-07-27,1349.0,1379.5,1333.5,1378.0,8328700
2026-07-28,1400.0,1426.5,1384.0,1420.0,11313100
2026-07-29,1408.0,1468.0,1390.0,1439.5,19302100
2026-07-30,1423.0,1432.5,1367.5,1423.0,13229400
2026-07-31,1373.0,1389.0,1358.0,1364.0,13302500
2026-08-03,1365.0,1370.5,1324.0,1366.0,11349800
2026-08-04,1371.0,1371.5,1326.5,1334.0,9093700
2026-08-05,1345.0,1355.0,1318.0,1325.0,9137200
2026-08-06,1326.5,1349.5,1325.5,1348.0,8086600
2026-08-07,1350.0,1394.5,1339.0,1391.0,9703500
2026-08-10,1397.0,1397.5,1360.5,1389.5,8469000
2026-08-12,1404.5,1411.5,1382.0,1393.5,9550400
2026-08-13,1393.0,1398.5,1377.5,1396.0,8446200
2026-08-14,1393.0,1404.0,1374.0,1374.0,11191000
2026-08-17,1388.5,1388.5,1359.5,1362.5,9637800
2026-08-18,1350.0,1359.5,1331.5,1351.5,11253000
2026-08-19,1365.0,1369.0,1340.5,1361.0,9763300
2026-08-20,1383.0,1385.5,1360.5,1385.5,7944300
2026-08-21,1373.0,1387.5,1370.0,1385.5,8416100
2026-08-24,1400.0,1409.5,1367.0,1368.0,11121300
2026-08-25,1385.5,1402.5,1379.0,1395.5,10695100
2026-08-26,1390.0,1394.0,1375.0,1384.5,10054400
2026-08-27,1368.5,1385.0,1354.0,1354.0,15761200
2026-08-28,1332.0,1362.0,1328.0,1358.5,10470800
2026-08-31,1362.5,1371.5,1355.5,1356.5,9851800
2026-09-01,1356.0,1373.5,1350.0,1360.0,7773800
2026-09-02,1351.0,1364.5,1338.0,1358.5,9547500
2026-09-03,1356.5,1390.5,1353.0,1390.5,9719700
2026-09-04,1412.0,1433.0,1399.0,1409.0,15571500
2026-09-07,1400.0,1404.0,1370.0,1389.0,7974300
2026-09-08,1400.0,1425.0,1393.0,1422.0,9427800
2026-09-09,1410.0,1414.0,1383.5,1383.5,9914200
2026-09-10,1371.0,1379.0,1358.0,1363.0,10190600
2026-09-11,1351.5,1375.5,1330.0,1332.5,14151400
2026-09-14,1350.0,1382.0,1346.5,1366.0,8402400
2026-09-15,1387.0,1392.0,1350.0,1351.0,6245800
2026-09-16,1350.0,1351.0,1328.5,1328.5,10162200
2026-09-17,1331.0,1352.5,1325.5,1348.0,8377900
2026-09-18,1341.0,1341.5,1313.5,1313.5,18536200
2026-09-24,1312.0,1324.5,1300.0,1300.0,12288700
2026-09-25,1300.0,1308.0,1290.0,1300.0,10644600
2026-09-28,1300.0,1310.5,1263.0,1265.0,18391000
2026-09-29,1262.0,1273.0,1259.0,1263.5,12481700
2026-09-30,1264.5,1290.0,1251.5,1289.0,13056900
2026-10-01,1266.5,1277.5,1250.0,1250.0,11760300
2026-10-02,1247.0,1248.0,1228.0,1230.0,13129200
2026-10-05,1224.5,1226.0,1209.0,1226.0,11138600
2026-10-06,1234.0,1235.0,1223.0,1226.0,7241900
2026-10-07,1220.0,1234.5,1217.5,1217.5,8592900
2026-10-08,1221.5,1225.5,1190.5,1201.5,15153700
