Date,Open,High,Low,Close,Volume
2012-10-01,514.0,526.0,510.0,526.0,40500
2012-10-02,528.0,530.0,518.0,522.0,46500
2012-10-03,516.0,522.0,514.0,518.0,53500
2012-10-04,518.0,526.0,516.0,520.0,13500
2012-10-05,524.0,524.0,520.0,524.0,19000
2012-10-09,514.0,520.0,496.0,498.0,75500
2012-10-10,500.0,510.0,498.0,500.0,56500
2012-10-11,492.0,510.0,492.0,500.0,84000
2012-10-12,500.0,500.0,486.0,490.0,62500
2012-10-15,486.0,492.0,480.0,486.0,51500
2012-10-16,488.0,506.0,486.0,498.0,50000
2012-10-17,500.0,514.0,500.0,510.0,55000
2012-10-18,510.0,518.0,508.0,518.0,49500
2012-10-19,518.0,526.0,514.0,522.0,61000
2012-10-22,508.0,524.0,508.0,518.0,43000
2012-10-23,514.0,514.0,508.0,514.0,56500
2012-10-24,502.0,514.0,502.0,514.0,44000
2012-10-25,508.0,518.0,506.0,518.0,51500
2012-10-26,514.0,516.0,500.0,506.0,93500
2012-10-29,504.0,518.0,504.0,510.0,78000
2012-10-30,510.0,516.0,506.0,512.0,158000
2012-10-31,508.0,536.0,508.0,536.0,89000
2012-11-01,532.0,538.0,528.0,536.0,77500
2012-11-02,538.0,560.0,536.0,558.0,139000
2012-11-05,550.0,550.0,534.0,536.0,33500
2012-11-06,536.0,540.0,532.0,536.0,24500
2012-11-07,544.0,544.0,532.0,532.0,26000
2012-11-08,534.0,536.0,530.0,534.0,31000
2012-11-09,526.0,530.0,526.0,526.0,31000
2012-11-12,522.0,532.0,518.0,528.0,41000
2012-11-13,530.0,530.0,518.0,528.0,56000
2012-11-14,530.0,544.0,528.0,542.0,40000
2012-11-15,540.0,550.0,538.0,548.0,41500
2012-11-16,550.0,552.0,540.0,548.0,86000
2012-11-19,550.0,562.0,546.0,548.0,101500
2012-11-20,550.0,554.0,540.0,548.0,71500
2012-11-21,552.0,566.0,552.0,564.0,48500
2012-11-22,572.0,576.0,568.0,574.0,58000
2012-11-26,580.0,586.0,572.0,574.0,79000
2012-11-27,574.0,578.0,572.0,574.0,89500
2012-11-28,574.0,574.0,562.0,564.0,49000
2012-11-29,568.0,576.0,568.0,572.0,59500
2012-11-30,576.0,576.0,560.0,576.0,97000
2012-12-03,576.0,576.0,568.0,574.0,42000
2012-12-04,572.0,572.0,568.0,570.0,45000
2012-12-05,566.0,586.0,564.0,586.0,105000
2012-12-06,586.0,590.0,584.0,586.0,75000
2012-12-07,586.0,590.0,574.0,588.0,66000
2012-12-10,590.0,590.0,576.0,578.0,32500
2012-12-11,578.0,580.0,570.0,570.0,37000
2012-12-12,574.0,576.0,566.0,570.0,59000
2012-12-13,576.0,576.0,568.0,568.0,31500
2012-12-14,552.0,564.0,552.0,556.0,137500
2012-12-17,570.0,572.0,562.0,568.0,63000
2012-12-18,572.0,572.0,566.0,568.0,52000
2012-12-19,564.0,580.0,564.0,576.0,186000
2012-12-20,578.0,580.0,568.0,574.0,117500
2012-12-21,578.0,584.0,562.0,584.0,147500
2012-12-25,586.0,590.0,574.0,574.0,75000
2012-12-26,580.0,582.0,568.0,572.0,112000
2012-12-27,572.0,574.0,556.0,558.0,117500
2012-12-28,558.0,566.0,554.0,562.0,91500
2013-01-04,574.0,584.0,572.0,578.0,110000
2013-01-07,588.0,588.0,574.0,580.0,119500
2013-01-08,580.0,594.0,576.0,582.0,103000
2013-01-09,578.0,596.0,574.0,590.0,74000
2013-01-10,596.0,634.0,594.0,626.0,163500
2013-01-11,628.0,632.0,620.0,628.0,94500
2013-01-15,630.0,636.0,626.0,630.0,88000
2013-01-16,630.0,646.0,600.0,640.0,165500
2013-01-17,646.0,656.0,618.0,652.0,136500
2013-01-18,662.0,664.0,656.0,660.0,83000
2013-01-21,660.0,662.0,656.0,658.0,73000
2013-01-22,658.0,666.0,646.0,650.0,93000
2013-01-23,646.0,654.0,638.0,646.0,42500
2013-01-24,634.0,648.0,634.0,648.0,78000
2013-01-25,650.0,668.0,650.0,664.0,84500
2013-01-28,666.0,672.0,658.0,660.0,84500
2013-01-29,660.0,668.0,654.0,666.0,57000
2013-01-30,668.0,678.0,666.0,674.0,57500
2013-01-31,672.0,676.0,662.0,668.0,59500
2013-02-01,668.0,674.0,666.0,670.0,63500
2013-02-04,676.0,684.0,670.0,670.0,98500
2013-02-05,660.0,670.0,654.0,654.0,95500
2013-02-06,666.0,686.0,666.0,678.0,143500
2013-02-07,672.0,682.0,662.0,664.0,123000
2013-02-08,668.0,668.0,648.0,648.0,76500
2013-02-12,652.0,670.0,652.0,656.0,132000
2013-02-13,654.0,658.0,648.0,648.0,50500
2013-02-14,656.0,656.0,642.0,650.0,65500
2013-02-15,648.0,648.0,626.0,636.0,102000
2013-02-18,646.0,668.0,642.0,664.0,129500
2013-02-19,668.0,672.0,662.0,666.0,71000
2013-02-20,666.0,674.0,666.0,674.0,48000
2013-02-21,674.0,676.0,664.0,670.0,58500
2013-02-22,664.0,666.0,646.0,660.0,80500
2013-02-25,670.0,680.0,668.0,670.0,103500
2013-02-26,652.0,668.0,652.0,660.0,57500
2013-02-27,658.0,660.0,644.0,646.0,73500
2013-02-28,656.0,674.0,654.0,674.0,85500
2013-03-01,672.0,676.0,670.0,676.0,40500
2013-03-04,676.0,686.0,674.0,674.0,163000
2013-03-05,678.0,704.0,668.0,670.0,101500
2013-03-06,684.0,702.0,684.0,702.0,93500
2013-03-07,702.0,702.0,684.0,684.0,53500
2013-03-08,682.0,696.0,682.0,692.0,187000
2013-03-11,704.0,726.0,700.0,716.0,148500
2013-03-12,716.0,718.0,698.0,698.0,148000
2013-03-13,704.0,708.0,688.0,690.0,96000
2013-03-14,696.0,696.0,684.0,688.0,57500
2013-03-15,694.0,702.0,694.0,696.0,115500
2013-03-18,696.0,702.0,682.0,682.0,154000
2013-03-19,684.0,694.0,682.0,684.0,74000
2013-03-21,696.0,716.0,696.0,712.0,189500
2013-03-22,708.0,710.0,690.0,690.0,77000
2013-03-25,694.0,702.0,692.0,696.0,77000
2013-03-26,698.0,708.0,692.0,706.0,108500
2013-03-27,708.0,714.0,704.0,714.0,52500
2013-03-28,708.0,720.0,698.0,718.0,75000
2013-03-29,722.0,722.0,708.0,712.0,67000
2013-04-01,714.0,714.0,664.0,668.0,99000
2013-04-02,664.0,682.0,658.0,660.0,95500
2013-04-03,658.0,676.0,652.0,674.0,75500
2013-04-04,674.0,704.0,664.0,704.0,126500
2013-04-05,718.0,734.0,716.0,726.0,245500
2013-04-08,726.0,744.0,722.0,742.0,234000
2013-04-09,744.0,748.0,738.0,746.0,141000
2013-04-10,744.0,750.0,734.0,750.0,172500
2013-04-11,754.0,776.0,750.0,776.0,185500
2013-04-12,762.0,776.0,762.0,776.0,152000
2013-04-15,766.0,776.0,766.0,770.0,121000
2013-04-16,756.0,760.0,742.0,742.0,149000
2013-04-17,744.0,760.0,744.0,754.0,85000
2013-04-18,754.0,764.0,740.0,748.0,115500
2013-04-19,750.0,750.0,732.0,738.0,89500
2013-04-22,744.0,766.0,744.0,754.0,102500
2013-04-23,760.0,764.0,744.0,748.0,171500
2013-04-24,756.0,760.0,748.0,756.0,168000
2013-04-25,756.0,772.0,754.0,768.0,134000
2013-04-26,768.0,774.0,754.0,756.0,132500
2013-04-30,762.0,776.0,758.0,760.0,102000
2013-05-01,762.0,764.0,748.0,758.0,95000
2013-05-02,760.0,766.0,754.0,762.0,62500
2013-05-07,770.0,782.0,768.0,776.0,112000
2013-05-08,778.0,778.0,772.0,774.0,101000
2013-05-09,776.0,776.0,760.0,762.0,110500
2013-05-10,774.0,788.0,770.0,780.0,185000
2013-05-13,782.0,800.0,778.0,796.0,268000
2013-05-14,796.0,796.0,772.0,794.0,348000
2013-05-15,790.0,798.0,776.0,780.0,130500
2013-05-16,778.0,788.0,724.0,726.0,249500
2013-05-17,724.0,736.0,706.0,722.0,211000
2013-05-20,726.0,732.0,714.0,714.0,157500
2013-05-21,718.0,726.0,718.0,718.0,98000
2013-05-22,716.0,734.0,716.0,730.0,85500
2013-05-23,728.0,730.0,658.0,662.0,254500
2013-05-24,664.0,702.0,656.0,674.0,230500
2013-05-27,666.0,668.0,648.0,654.0,140000
2013-05-28,644.0,664.0,644.0,660.0,152000
2013-05-29,670.0,670.0,644.0,644.0,147000
2013-05-30,642.0,646.0,608.0,610.0,154500
2013-05-31,632.0,648.0,628.0,642.0,155000
2013-06-03,626.0,632.0,596.0,598.0,197000
2013-06-04,600.0,618.0,588.0,618.0,137500
2013-06-05,606.0,640.0,606.0,622.0,117000
2013-06-06,606.0,614.0,596.0,598.0,103000
2013-06-07,586.0,606.0,572.0,596.0,119500
2013-06-10,612.0,616.0,608.0,610.0,87500
2013-06-11,608.0,608.0,594.0,596.0,97000
2013-06-12,590.0,594.0,574.0,588.0,70000
2013-06-13,588.0,588.0,570.0,578.0,121000
2013-06-14,584.0,590.0,564.0,566.0,207000
2013-06-17,564.0,584.0,564.0,584.0,64500
2013-06-18,594.0,594.0,574.0,582.0,91000
2013-06-19,588.0,590.0,584.0,590.0,63000
2013-06-20,590.0,590.0,580.0,580.0,51000
2013-06-21,574.0,600.0,566.0,598.0,112500
2013-06-24,610.0,610.0,592.0,592.0,28000
2013-06-25,588.0,590.0,578.0,584.0,45500
2013-06-26,596.0,596.0,576.0,576.0,27000
2013-06-27,582.0,592.0,580.0,592.0,32500
2013-06-28,598.0,630.0,598.0,630.0,115500
2013-07-01,632.0,634.0,616.0,632.0,45000
2013-07-02,640.0,644.0,632.0,642.0,76500
2013-07-03,638.0,652.0,634.0,650.0,60000
2013-07-04,644.0,650.0,642.0,644.0,50000
2013-07-05,650.0,658.0,648.0,652.0,21500
2013-07-08,654.0,656.0,626.0,626.0,43500
2013-07-09,642.0,660.0,642.0,658.0,90500
2013-07-10,660.0,670.0,658.0,662.0,49500
2013-07-11,662.0,662.0,642.0,648.0,40000
2013-07-12,650.0,652.0,642.0,650.0,30500
2013-07-16,650.0,654.0,638.0,642.0,49500
2013-07-17,642.0,642.0,632.0,642.0,50000
2013-07-18,646.0,656.0,642.0,650.0,197500
2013-07-19,656.0,658.0,642.0,650.0,62000
2013-07-22,654.0,654.0,642.0,650.0,45000
2013-07-23,650.0,660.0,644.0,656.0,57000
2013-07-24,658.0,658.0,652.0,652.0,12000
2013-07-25,656.0,656.0,642.0,642.0,30000
2013-07-26,640.0,640.0,614.0,614.0,85000
2013-07-29,610.0,610.0,590.0,592.0,59500
2013-07-30,594.0,602.0,592.0,598.0,68500
2013-07-31,598.0,600.0,584.0,584.0,75000
2013-08-01,594.0,614.0,590.0,612.0,67000
2013-08-02,626.0,646.0,620.0,644.0,98500
2013-08-05,626.0,630.0,622.0,628.0,37500
2013-08-06,642.0,642.0,630.0,640.0,75000
2013-08-07,632.0,634.0,620.0,620.0,52000
2013-08-08,614.0,624.0,610.0,612.0,64500
2013-08-09,604.0,610.0,600.0,604.0,111500
2013-08-12,604.0,610.0,602.0,604.0,21500
2013-08-13,610.0,618.0,610.0,618.0,38000
2013-08-14,624.0,628.0,618.0,626.0,25000
2013-08-15,624.0,624.0,614.0,618.0,30000
2013-08-16,614.0,626.0,610.0,612.0,34000
2013-08-19,614.0,620.0,610.0,612.0,28000
2013-08-20,610.0,620.0,606.0,606.0,56000
2013-08-21,608.0,612.0,600.0,602.0,54500
2013-08-22,600.0,614.0,600.0,614.0,44500
2013-08-23,616.0,622.0,610.0,622.0,34500
2013-08-26,622.0,626.0,618.0,620.0,25000
2013-08-27,620.0,622.0,612.0,612.0,24500
2013-08-28,604.0,622.0,598.0,614.0,80000
2013-08-29,612.0,616.0,610.0,614.0,21000
2013-08-30,620.0,620.0,600.0,600.0,61500
2013-09-02,598.0,608.0,596.0,606.0,36000
2013-09-03,610.0,626.0,608.0,626.0,50000
2013-09-04,614.0,622.0,612.0,622.0,21500
2013-09-05,622.0,622.0,608.0,608.0,30500
2013-09-06,608.0,608.0,604.0,608.0,13000
2013-09-09,624.0,630.0,610.0,628.0,49000
2013-09-10,630.0,640.0,624.0,638.0,28500
2013-09-11,638.0,640.0,628.0,638.0,34000
2013-09-12,634.0,636.0,628.0,632.0,23500
2013-09-13,624.0,634.0,624.0,632.0,116000
2013-09-17,632.0,638.0,630.0,634.0,28500
2013-09-18,630.0,640.0,630.0,638.0,52500
2013-09-19,640.0,654.0,638.0,654.0,55500
2013-09-20,654.0,660.0,654.0,660.0,74500
2013-09-24,652.0,658.0,650.0,654.0,41000
2013-09-25,654.0,658.0,646.0,658.0,29500
2013-09-26,648.0,660.0,642.0,658.0,46500
2013-09-27,654.0,658.0,646.0,650.0,49500
2013-09-30,648.0,648.0,640.0,646.0,35000
2013-10-01,648.0,658.0,648.0,652.0,38000
2013-10-02,652.0,658.0,636.0,636.0,47000
2013-10-03,630.0,636.0,628.0,632.0,57500
2013-10-04,626.0,632.0,624.0,628.0,23000
2013-10-07,624.0,628.0,616.0,616.0,34000
2013-10-08,626.0,638.0,614.0,636.0,80500
2013-10-09,634.0,656.0,632.0,644.0,65000
2013-10-10,650.0,654.0,644.0,646.0,25500
2013-10-11,654.0,700.0,652.0,696.0,211000
2013-10-15,694.0,696.0,682.0,684.0,96500
2013-10-16,700.0,730.0,698.0,720.0,386000
2013-10-17,730.0,750.0,726.0,748.0,276000
2013-10-18,750.0,752.0,742.0,752.0,158500
2013-10-21,752.0,754.0,744.0,750.0,93500
2013-10-22,750.0,752.0,728.0,748.0,150000
2013-10-23,744.0,746.0,732.0,732.0,70000
2013-10-24,730.0,742.0,724.0,742.0,70500
2013-10-25,732.0,740.0,722.0,734.0,90000
2013-10-28,734.0,738.0,714.0,720.0,87000
2013-10-29,728.0,732.0,718.0,720.0,56000
2013-10-30,722.0,732.0,712.0,712.0,142500
2013-10-31,714.0,724.0,714.0,720.0,97000
2013-11-01,722.0,722.0,696.0,696.0,73000
2013-11-05,706.0,718.0,690.0,710.0,115500
2013-11-06,710.0,744.0,710.0,744.0,117500
2013-11-07,742.0,742.0,726.0,728.0,36500
2013-11-08,714.0,724.0,712.0,712.0,48500
2013-11-11,718.0,742.0,706.0,740.0,177000
2013-11-12,742.0,746.0,738.0,742.0,64500
2013-11-13,738.0,748.0,738.0,740.0,73000
2013-11-14,744.0,758.0,740.0,758.0,117000
2013-11-15,760.0,780.0,758.0,772.0,176000
2013-11-18,774.0,778.0,766.0,770.0,59000
2013-11-19,770.0,770.0,754.0,758.0,48000
2013-11-20,760.0,760.0,744.0,752.0,54500
2013-11-21,758.0,760.0,752.0,758.0,58500
2013-11-22,760.0,760.0,740.0,740.0,91500
2013-11-25,740.0,750.0,728.0,738.0,73000
2013-11-26,730.0,736.0,714.0,716.0,131500
2013-11-27,726.0,732.0,722.0,728.0,77500
2013-11-28,734.0,734.0,726.0,728.0,35500
2013-11-29,728.0,730.0,716.0,722.0,57000
2013-12-02,728.0,730.0,716.0,720.0,69000
2013-12-03,722.0,732.0,722.0,726.0,111000
2013-12-04,726.0,734.0,718.0,718.0,66500
2013-12-05,722.0,728.0,706.0,708.0,80000
2013-12-06,702.0,712.0,702.0,708.0,62000
2013-12-09,712.0,716.0,708.0,716.0,50500
2013-12-10,780.0,780.0,762.0,770.0,409500
2013-12-11,766.0,768.0,756.0,760.0,242000
2013-12-12,760.0,766.0,760.0,762.0,94000
2013-12-13,762.0,764.0,754.0,760.0,303000
2013-12-16,762.0,762.0,752.0,752.0,108500
2013-12-17,758.0,760.0,756.0,760.0,72500
2013-12-18,760.0,772.0,760.0,770.0,186500
2013-12-19,772.0,776.0,766.0,772.0,189000
2013-12-20,772.0,772.0,764.0,764.0,94500
2013-12-24,760.0,764.0,754.0,756.0,73500
2013-12-25,758.0,758.0,746.0,756.0,62000
2013-12-26,758.0,768.0,756.0,760.0,58500
2013-12-27,764.0,770.0,756.0,770.0,61500
2013-12-30,772.0,780.0,764.0,780.0,97500
2014-01-06,780.0,800.0,780.0,798.0,281500
2014-01-07,796.0,806.0,786.0,794.0,263000
2014-01-08,800.0,812.0,800.0,812.0,160000
2014-01-09,814.0,824.0,812.0,820.0,135500
2014-01-10,816.0,828.0,810.0,828.0,191000
2014-01-14,824.0,824.0,812.0,816.0,196500
2014-01-15,822.0,832.0,816.0,822.0,200000
2014-01-16,822.0,832.0,818.0,826.0,152500
2014-01-17,824.0,828.0,822.0,826.0,76500
2014-01-20,830.0,832.0,824.0,828.0,126000
2014-01-21,830.0,834.0,830.0,832.0,123000
2014-01-22,832.0,834.0,822.0,832.0,140000
2014-01-23,832.0,834.0,828.0,828.0,107500
2014-01-24,824.0,824.0,812.0,814.0,189000
2014-01-27,804.0,804.0,790.0,796.0,152000
2014-01-28,800.0,808.0,800.0,802.0,161000
2014-01-29,804.0,832.0,804.0,832.0,121500
2014-01-30,816.0,822.0,812.0,818.0,147500
2014-01-31,820.0,832.0,818.0,830.0,240000
2014-02-03,822.0,828.0,818.0,820.0,177500
2014-02-04,796.0,798.0,756.0,760.0,316500
2014-02-05,766.0,768.0,758.0,768.0,229500
2014-02-06,768.0,780.0,764.0,764.0,193500
2014-02-07,768.0,782.0,768.0,774.0,147500
2014-02-10,782.0,792.0,772.0,776.0,103000
2014-02-12,780.0,788.0,770.0,772.0,90000
2014-02-13,772.0,774.0,734.0,734.0,170500
2014-02-14,728.0,738.0,718.0,726.0,163500
2014-02-17,726.0,744.0,722.0,744.0,77500
2014-02-18,744.0,768.0,740.0,764.0,102000
2014-02-19,750.0,758.0,742.0,748.0,57500
2014-02-20,744.0,746.0,726.0,726.0,73500
2014-02-21,738.0,762.0,734.0,760.0,98500
2014-02-24,762.0,772.0,746.0,754.0,53500
2014-02-25,764.0,772.0,764.0,770.0,62500
2014-02-26,754.0,768.0,746.0,748.0,79500
2014-02-27,744.0,752.0,738.0,740.0,56000
2014-02-28,738.0,740.0,714.0,722.0,137000
2014-03-03,720.0,720.0,702.0,720.0,75500
2014-03-04,722.0,742.0,722.0,740.0,81500
2014-03-05,740.0,754.0,740.0,746.0,30000
2014-03-06,748.0,754.0,740.0,754.0,29500
2014-03-07,758.0,768.0,758.0,768.0,68500
2014-03-10,764.0,768.0,760.0,762.0,34000
2014-03-11,766.0,768.0,760.0,766.0,45500
2014-03-12,752.0,756.0,742.0,742.0,43500
2014-03-13,742.0,750.0,738.0,744.0,65000
2014-03-14,734.0,742.0,726.0,726.0,190500
2014-03-17,722.0,726.0,708.0,714.0,67500
2014-03-18,728.0,734.0,722.0,732.0,46500
2014-03-19,728.0,752.0,728.0,740.0,59000
2014-03-20,746.0,746.0,718.0,720.0,109000
2014-03-24,720.0,760.0,720.0,744.0,125000
2014-03-25,760.0,770.0,750.0,756.0,131000
2014-03-26,772.0,780.0,764.0,780.0,153500
2014-03-27,782.0,810.0,776.0,810.0,163500
2014-03-28,802.0,804.0,796.0,802.0,166000
2014-03-31,806.0,806.0,796.0,802.0,131000
2014-04-01,806.0,820.0,806.0,820.0,154500
2014-04-02,820.0,828.0,814.0,814.0,204000
2014-04-03,816.0,820.0,810.0,816.0,116500
2014-04-04,816.0,818.0,804.0,812.0,153000
2014-04-07,800.0,802.0,778.0,790.0,81500
2014-04-08,784.0,784.0,762.0,766.0,57500
2014-04-09,758.0,760.0,742.0,746.0,106500
2014-04-10,752.0,768.0,744.0,744.0,75500
2014-04-11,730.0,736.0,718.0,726.0,79500
2014-04-14,722.0,736.0,720.0,720.0,61000
2014-04-15,726.0,736.0,720.0,722.0,75500
2014-04-16,726.0,742.0,726.0,742.0,28500
2014-04-17,744.0,754.0,738.0,752.0,37000
2014-04-18,762.0,762.0,750.0,756.0,46000
2014-04-21,752.0,760.0,742.0,744.0,34500
2014-04-22,746.0,748.0,730.0,730.0,56000
2014-04-23,734.0,738.0,726.0,732.0,37000
2014-04-24,736.0,750.0,736.0,744.0,49500
2014-04-25,746.0,756.0,746.0,754.0,39000
2014-04-28,746.0,760.0,742.0,760.0,59500
2014-04-30,754.0,758.0,744.0,744.0,65500
2014-05-01,752.0,760.0,748.0,758.0,84000
2014-05-02,760.0,760.0,748.0,758.0,52000
2014-05-07,746.0,750.0,730.0,730.0,82000
2014-05-08,738.0,742.0,734.0,738.0,43500
2014-05-09,734.0,752.0,734.0,744.0,46000
2014-05-12,734.0,748.0,726.0,726.0,52000
2014-05-13,718.0,734.0,682.0,700.0,161000
2014-05-14,688.0,696.0,684.0,686.0,107000
2014-05-15,686.0,688.0,678.0,680.0,154000
2014-05-16,672.0,676.0,660.0,660.0,111000
2014-05-19,648.0,668.0,648.0,656.0,57500
2014-05-20,668.0,678.0,664.0,674.0,38500
2014-05-21,670.0,684.0,668.0,680.0,41000
2014-05-22,684.0,696.0,682.0,694.0,55500
2014-05-23,696.0,708.0,692.0,706.0,58000
2014-05-26,710.0,710.0,698.0,710.0,31500
2014-05-27,710.0,710.0,698.0,698.0,42000
2014-05-28,696.0,710.0,694.0,704.0,39000
2014-05-29,698.0,706.0,698.0,702.0,23000
2014-05-30,706.0,710.0,706.0,708.0,29000
2014-06-02,712.0,732.0,712.0,726.0,52500
2014-06-03,732.0,732.0,712.0,716.0,52500
2014-06-04,716.0,724.0,716.0,722.0,36500
2014-06-05,722.0,724.0,714.0,720.0,15000
2014-06-06,720.0,750.0,720.0,748.0,95000
2014-06-09,744.0,748.0,742.0,744.0,32000
2014-06-10,744.0,756.0,744.0,752.0,35000
2014-06-11,754.0,758.0,746.0,750.0,52000
2014-06-12,734.0,740.0,730.0,734.0,66000
2014-06-13,722.0,730.0,708.0,722.0,171500
2014-06-16,722.0,724.0,716.0,716.0,40000
2014-06-17,722.0,730.0,722.0,728.0,42500
2014-06-18,728.0,740.0,728.0,736.0,35000
2014-06-19,728.0,738.0,728.0,730.0,85000
2014-06-20,738.0,742.0,726.0,740.0,138500
2014-06-23,740.0,740.0,728.0,732.0,41500
2014-06-24,728.0,736.0,724.0,734.0,48000
2014-06-25,734.0,744.0,732.0,732.0,50500
2014-06-26,740.0,742.0,728.0,728.0,37500
2014-06-27,728.0,728.0,712.0,714.0,36500
2014-06-30,714.0,734.0,714.0,732.0,29500
2014-07-01,734.0,748.0,732.0,744.0,71000
2014-07-02,740.0,748.0,740.0,746.0,39500
2014-07-03,738.0,744.0,734.0,740.0,30000
2014-07-04,740.0,750.0,740.0,742.0,26500
2014-07-07,748.0,748.0,740.0,740.0,6000
2014-07-08,736.0,744.0,734.0,736.0,28500
2014-07-09,730.0,736.0,720.0,720.0,56500
2014-07-10,726.0,730.0,722.0,726.0,39500
2014-07-11,712.0,722.0,712.0,716.0,29000
2014-07-14,714.0,728.0,712.0,716.0,29000
2014-07-15,716.0,726.0,716.0,720.0,29500
2014-07-16,716.0,722.0,714.0,714.0,25500
2014-07-17,714.0,720.0,714.0,714.0,20500
2014-07-18,712.0,714.0,704.0,704.0,45000
2014-07-22,704.0,720.0,702.0,712.0,61500
2014-07-23,712.0,718.0,708.0,714.0,25000
2014-07-24,712.0,714.0,704.0,710.0,39000
2014-07-25,710.0,720.0,710.0,718.0,47000
2014-07-28,720.0,732.0,720.0,730.0,88000
2014-07-29,730.0,742.0,726.0,740.0,71500
2014-07-30,744.0,764.0,744.0,762.0,90500
2014-07-31,766.0,768.0,748.0,750.0,28000
2014-08-01,744.0,748.0,736.0,740.0,35000
2014-08-04,736.0,736.0,728.0,728.0,49500
2014-08-05,722.0,726.0,718.0,720.0,48500
2014-08-06,724.0,728.0,716.0,718.0,74500
2014-08-07,718.0,750.0,718.0,742.0,69500
2014-08-08,732.0,738.0,726.0,726.0,66500
2014-08-11,730.0,740.0,730.0,740.0,40000
2014-08-12,752.0,776.0,748.0,766.0,200000
2014-08-13,754.0,766.0,746.0,764.0,62000
2014-08-14,764.0,770.0,750.0,768.0,72500
2014-08-15,762.0,770.0,756.0,762.0,59500
2014-08-18,764.0,770.0,762.0,766.0,32000
2014-08-19,770.0,774.0,768.0,772.0,43000
2014-08-20,768.0,772.0,764.0,766.0,58500
2014-08-21,774.0,778.0,768.0,778.0,102500
2014-08-22,778.0,780.0,772.0,774.0,59500
2014-08-25,774.0,782.0,770.0,782.0,29500
2014-08-26,780.0,782.0,776.0,776.0,29000
2014-08-27,770.0,778.0,768.0,772.0,48000
2014-08-28,772.0,780.0,762.0,780.0,46000
2014-08-29,778.0,784.0,778.0,782.0,68500
2014-09-01,780.0,788.0,780.0,786.0,58000
2014-09-02,786.0,808.0,782.0,806.0,129500
2014-09-03,806.0,806.0,800.0,804.0,67000
2014-09-04,806.0,806.0,800.0,802.0,61500
2014-09-05,802.0,802.0,794.0,794.0,37000
2014-09-08,800.0,800.0,790.0,798.0,104500
2014-09-09,798.0,798.0,790.0,792.0,67500
2014-09-10,796.0,810.0,796.0,810.0,81500
2014-09-11,810.0,812.0,808.0,810.0,74500
2014-09-12,810.0,814.0,806.0,812.0,184000
2014-09-16,812.0,822.0,812.0,818.0,133000
2014-09-17,818.0,820.0,812.0,816.0,62500
2014-09-18,816.0,824.0,812.0,824.0,153500
2014-09-19,824.0,826.0,818.0,818.0,209500
2014-09-22,816.0,824.0,806.0,812.0,119500
2014-09-24,814.0,820.0,808.0,820.0,109500
2014-09-25,824.0,830.0,818.0,830.0,124000
2014-09-26,792.0,826.0,792.0,822.0,155500
2014-09-29,822.0,828.0,816.0,828.0,34000
2014-09-30,828.0,830.0,816.0,826.0,83000
2014-10-01,826.0,826.0,814.0,822.0,90500
2014-10-02,812.0,812.0,790.0,790.0,110500
2014-10-03,778.0,796.0,778.0,790.0,37500
2014-10-06,792.0,812.0,792.0,808.0,50500
2014-10-07,810.0,822.0,810.0,814.0,73500
2014-10-08,806.0,806.0,792.0,792.0,107000
2014-10-09,792.0,794.0,774.0,774.0,57000
2014-10-10,762.0,770.0,756.0,758.0,93000
2014-10-14,750.0,758.0,740.0,746.0,76000
2014-10-15,746.0,768.0,746.0,762.0,45500
2014-10-16,740.0,744.0,730.0,732.0,64500
2014-10-17,734.0,740.0,706.0,708.0,112000
2014-10-20,730.0,738.0,724.0,730.0,75000
2014-10-21,722.0,732.0,718.0,718.0,55000
2014-10-22,728.0,750.0,728.0,744.0,111000
2014-10-23,744.0,758.0,742.0,754.0,79000
2014-10-24,764.0,774.0,756.0,770.0,86000
2014-10-27,782.0,792.0,770.0,792.0,98000
2014-10-28,786.0,788.0,776.0,782.0,34500
2014-10-29,784.0,790.0,780.0,784.0,108500
2014-10-30,788.0,796.0,784.0,790.0,119500
2014-10-31,800.0,830.0,800.0,828.0,237500
2014-11-04,836.0,850.0,836.0,836.0,290500
2014-11-05,842.0,846.0,838.0,844.0,177500
2014-11-06,844.0,850.0,832.0,834.0,148500
2014-11-07,844.0,892.0,836.0,888.0,362000
2014-11-10,886.0,888.0,870.0,886.0,162000
2014-11-11,884.0,886.0,874.0,884.0,86500
2014-11-12,884.0,906.0,884.0,892.0,234000
2014-11-13,896.0,906.0,892.0,904.0,147000
2014-11-14,912.0,932.0,908.0,928.0,251500
2014-11-17,928.0,928.0,886.0,888.0,140500
2014-11-18,904.0,910.0,892.0,908.0,85500
2014-11-19,908.0,920.0,896.0,904.0,107500
2014-11-20,904.0,904.0,886.0,892.0,96000
2014-11-21,900.0,904.0,894.0,900.0,73000
2014-11-25,908.0,918.0,898.0,898.0,99000
2014-11-26,896.0,900.0,894.0,894.0,51000
2014-11-27,894.0,894.0,878.0,878.0,49000
2014-11-28,894.0,900.0,888.0,900.0,64500
2014-12-01,900.0,914.0,900.0,910.0,50500
2014-12-02,914.0,930.0,908.0,926.0,175500
2014-12-03,934.0,936.0,912.0,920.0,275000
2014-12-04,932.0,940.0,912.0,916.0,271000
2014-12-05,916.0,916.0,896.0,902.0,191000
2014-12-08,902.0,910.0,890.0,894.0,199500
2014-12-09,884.0,890.0,880.0,884.0,191500
2014-12-10,868.0,880.0,866.0,868.0,144500
2014-12-11,852.0,874.0,852.0,864.0,57500
2014-12-12,864.0,874.0,860.0,860.0,215500
2014-12-15,860.0,862.0,846.0,846.0,53500
2014-12-16,832.0,846.0,832.0,840.0,83000
2014-12-17,842.0,864.0,842.0,854.0,117500
2014-12-18,870.0,882.0,852.0,854.0,110500
2014-12-19,870.0,878.0,862.0,870.0,136500
2014-12-22,868.0,870.0,854.0,858.0,68000
2014-12-24,868.0,876.0,858.0,866.0,96000
2014-12-25,866.0,870.0,860.0,868.0,58500
2014-12-26,868.0,868.0,850.0,862.0,92500
2014-12-29,868.0,868.0,852.0,860.0,77500
2014-12-30,864.0,864.0,854.0,856.0,54500
2015-01-05,858.0,860.0,840.0,858.0,53000
2015-01-06,848.0,848.0,830.0,836.0,125500
2015-01-07,824.0,834.0,822.0,828.0,97500
2015-01-08,830.0,836.0,824.0,830.0,80000
2015-01-09,834.0,840.0,830.0,836.0,120500
2015-01-13,836.0,836.0,812.0,828.0,113500
2015-01-14,828.0,828.0,806.0,810.0,87000
2015-01-15,814.0,830.0,804.0,810.0,208500
2015-01-16,804.0,810.0,780.0,808.0,211000
2015-01-19,818.0,818.0,806.0,810.0,119000
2015-01-20,814.0,824.0,812.0,820.0,180500
2015-01-21,816.0,818.0,804.0,804.0,91000
2015-01-22,808.0,808.0,784.0,794.0,222000
2015-01-23,802.0,810.0,800.0,806.0,78000
2015-01-26,800.0,806.0,794.0,806.0,59000
2015-01-27,816.0,824.0,812.0,824.0,98000
2015-01-28,812.0,820.0,812.0,818.0,68000
2015-01-29,814.0,828.0,812.0,818.0,102000
2015-01-30,824.0,840.0,822.0,830.0,121500
2015-02-02,822.0,834.0,816.0,832.0,132000
2015-02-03,836.0,836.0,820.0,824.0,119500
2015-02-04,826.0,848.0,822.0,834.0,231000
2015-02-05,842.0,844.0,822.0,838.0,131500
2015-02-06,846.0,850.0,840.0,848.0,106500
2015-02-09,850.0,862.0,850.0,860.0,129000
2015-02-10,858.0,858.0,830.0,838.0,154500
2015-02-12,840.0,858.0,838.0,850.0,218000
2015-02-13,856.0,866.0,846.0,856.0,155500
2015-02-16,858.0,878.0,856.0,870.0,179000
2015-02-17,870.0,876.0,860.0,872.0,186000
2015-02-18,880.0,882.0,872.0,880.0,209500
2015-02-19,880.0,900.0,880.0,900.0,200000
2015-02-20,900.0,908.0,894.0,904.0,172500
2015-02-23,912.0,912.0,888.0,896.0,148000
2015-02-24,900.0,906.0,892.0,896.0,109500
2015-02-25,906.0,908.0,894.0,900.0,128500
2015-02-26,900.0,902.0,890.0,898.0,121500
2015-02-27,900.0,916.0,900.0,914.0,266000
2015-03-02,908.0,916.0,898.0,904.0,138000
2015-03-03,914.0,918.0,904.0,908.0,171000
2015-03-04,914.0,920.0,902.0,914.0,217000
2015-03-05,910.0,932.0,908.0,932.0,236500
2015-03-06,930.0,934.0,922.0,928.0,142500
2015-03-09,914.0,918.0,900.0,912.0,150000
2015-03-10,918.0,920.0,906.0,916.0,126500
2015-03-11,908.0,928.0,906.0,922.0,82500
2015-03-12,926.0,932.0,924.0,928.0,131000
2015-03-13,936.0,940.0,930.0,934.0,231000
2015-03-16,936.0,944.0,932.0,938.0,130000
2015-03-17,944.0,950.0,936.0,946.0,110500
2015-03-18,954.0,966.0,952.0,966.0,212500
2015-03-19,974.0,982.0,958.0,972.0,323500
2015-03-20,972.0,976.0,956.0,960.0,147500
2015-03-23,962.0,968.0,948.0,958.0,185500
2015-03-24,962.0,968.0,948.0,966.0,216000
2015-03-25,972.0,984.0,960.0,964.0,253500
2015-03-26,956.0,972.0,944.0,950.0,161000
2015-03-27,942.0,956.0,920.0,930.0,217500
2015-03-30,932.0,948.0,920.0,944.0,176500
2015-03-31,948.0,950.0,930.0,934.0,218500
2015-04-01,936.0,938.0,916.0,932.0,182000
2015-04-02,928.0,950.0,920.0,944.0,179000
2015-04-03,936.0,942.0,908.0,922.0,211500
2015-04-06,922.0,922.0,912.0,914.0,33000
2015-04-07,916.0,930.0,916.0,926.0,93500
2015-04-08,934.0,942.0,932.0,936.0,64000
2015-04-09,940.0,942.0,928.0,932.0,83000
2015-04-10,932.0,936.0,920.0,924.0,93500
2015-04-13,930.0,930.0,912.0,914.0,75500
2015-04-14,922.0,940.0,920.0,924.0,150000
2015-04-15,920.0,932.0,918.0,924.0,71500
2015-04-16,926.0,956.0,924.0,952.0,185500
2015-04-17,952.0,966.0,942.0,952.0,272500
2015-04-20,952.0,966.0,940.0,956.0,189000
2015-04-21,950.0,966.0,950.0,956.0,177500
2015-04-22,966.0,970.0,952.0,960.0,199500
2015-04-23,960.0,972.0,950.0,960.0,191000
2015-04-24,964.0,964.0,954.0,962.0,69000
2015-04-27,966.0,966.0,944.0,952.0,96500
2015-04-28,950.0,960.0,944.0,950.0,83000
2015-04-30,950.0,952.0,930.0,940.0,182500
2015-05-01,926.0,938.0,922.0,932.0,140000
2015-05-07,936.0,956.0,930.0,948.0,235500
2015-05-08,950.0,960.0,948.0,956.0,122000
2015-05-11,964.0,976.0,962.0,970.0,183500
2015-05-12,968.0,990.0,962.0,986.0,456500
2015-05-13,986.0,988.0,964.0,974.0,180000
2015-05-14,968.0,974.0,944.0,950.0,245500
2015-05-15,946.0,968.0,946.0,966.0,144000
2015-05-18,954.0,992.0,954.0,992.0,301000
2015-05-19,986.0,1002.0,984.0,1000.0,220000
2015-05-20,996.0,1008.0,992.0,996.0,138500
2015-05-21,992.0,1022.0,992.0,1012.0,275000
2015-05-22,1010.0,1018.0,1004.0,1018.0,141500
2015-05-25,1016.0,1026.0,1012.0,1014.0,86500
2015-05-26,1010.0,1020.0,1010.0,1014.0,198000
2015-05-27,1008.0,1028.0,1006.0,1026.0,276500
2015-05-28,1020.0,1028.0,1020.0,1028.0,211500
2015-05-29,1028.0,1046.0,1026.0,1040.0,224000
2015-06-01,1028.0,1048.0,1028.0,1046.0,208000
2015-06-02,1046.0,1086.0,1046.0,1062.0,495500
2015-06-03,1052.0,1062.0,1034.0,1040.0,200000
2015-06-04,1034.0,1052.0,1030.0,1038.0,169000
2015-06-05,1028.0,1042.0,1028.0,1032.0,148500
2015-06-08,1050.0,1050.0,1032.0,1040.0,163000
2015-06-09,1028.0,1046.0,1018.0,1030.0,217500
2015-06-10,1034.0,1040.0,1022.0,1024.0,95500
2015-06-11,1030.0,1058.0,1030.0,1050.0,270500
2015-06-12,1044.0,1050.0,1034.0,1046.0,217500
2015-06-15,1032.0,1048.0,1032.0,1044.0,85000
2015-06-16,1032.0,1042.0,1012.0,1016.0,168500
2015-06-17,1014.0,1020.0,1010.0,1014.0,99000
2015-06-18,1010.0,1020.0,998.0,1008.0,110500
2015-06-19,1014.0,1026.0,1008.0,1024.0,127000
2015-06-22,1022.0,1046.0,1016.0,1046.0,136000
2015-06-23,1044.0,1056.0,1020.0,1050.0,217500
2015-06-24,1054.0,1064.0,1042.0,1052.0,147500
2015-06-25,1052.0,1068.0,1044.0,1062.0,191500
2015-06-26,1058.0,1062.0,1042.0,1058.0,104500
2015-06-29,1046.0,1054.0,1038.0,1042.0,176000
2015-06-30,1042.0,1046.0,1028.0,1044.0,165000
2015-07-01,1052.0,1066.0,1042.0,1060.0,204500
2015-07-02,1066.0,1082.0,1064.0,1082.0,201000
2015-07-03,1080.0,1086.0,1066.0,1066.0,89500
2015-07-06,1064.0,1064.0,1044.0,1046.0,100000
2015-07-07,1064.0,1078.0,1058.0,1068.0,136500
2015-07-08,1072.0,1072.0,1032.0,1032.0,189500
2015-07-09,1030.0,1038.0,1004.0,1028.0,210500
2015-07-10,1028.0,1048.0,1024.0,1032.0,162000
2015-07-13,1042.0,1048.0,1032.0,1048.0,48500
2015-07-14,1056.0,1074.0,1056.0,1072.0,135000
2015-07-15,1076.0,1078.0,1060.0,1078.0,85000
2015-07-16,1080.0,1086.0,1070.0,1086.0,83500
2015-07-17,1086.0,1098.0,1074.0,1096.0,124000
2015-07-21,1096.0,1098.0,1086.0,1090.0,40000
2015-07-22,1078.0,1084.0,1070.0,1070.0,60000
2015-07-23,1070.0,1090.0,1064.0,1090.0,71000
2015-07-24,1088.0,1090.0,1068.0,1078.0,75500
2015-07-27,1064.0,1074.0,1060.0,1062.0,65500
2015-07-28,1054.0,1062.0,1038.0,1054.0,136000
2015-07-29,1062.0,1064.0,1042.0,1052.0,48500
2015-07-30,1060.0,1070.0,1056.0,1068.0,101500
2015-07-31,1068.0,1070.0,1060.0,1070.0,49000
2015-08-03,1062.0,1070.0,1058.0,1070.0,51500
2015-08-04,1070.0,1088.0,1070.0,1086.0,105500
2015-08-05,1074.0,1100.0,1074.0,1094.0,104500
2015-08-06,1096.0,1104.0,1090.0,1096.0,82500
2015-08-07,1096.0,1098.0,1074.0,1092.0,70500
2015-08-10,1098.0,1102.0,1086.0,1102.0,41500
2015-08-11,1100.0,1124.0,1100.0,1118.0,195000
2015-08-12,1108.0,1114.0,1098.0,1110.0,72500
2015-08-13,1094.0,1126.0,1094.0,1108.0,114500
2015-08-14,1112.0,1122.0,1102.0,1102.0,50500
2015-08-17,1102.0,1110.0,1096.0,1108.0,59500
2015-08-18,1114.0,1114.0,1102.0,1108.0,41500
2015-08-19,1096.0,1104.0,1090.0,1092.0,82500
2015-08-20,1080.0,1084.0,1058.0,1058.0,85000
2015-08-21,1050.0,1050.0,1022.0,1022.0,125000
2015-08-24,1010.0,1016.0,996.0,1002.0,201000
2015-08-25,982.0,1010.0,962.0,962.0,187000
2015-08-26,964.0,998.0,964.0,990.0,213000
2015-08-27,1006.0,1038.0,996.0,1010.0,191000
2015-08-28,1034.0,1040.0,1024.0,1026.0,92000
2015-08-31,1020.0,1028.0,1012.0,1020.0,82000
2015-09-01,1020.0,1032.0,1010.0,1010.0,72500
2015-09-02,1004.0,1014.0,990.0,992.0,136000
2015-09-03,992.0,1014.0,990.0,994.0,119500
2015-09-04,992.0,1000.0,970.0,980.0,93500
2015-09-07,968.0,990.0,964.0,972.0,50500
2015-09-08,966.0,982.0,960.0,960.0,52000
2015-09-09,986.0,1004.0,984.0,1004.0,65500
2015-09-10,976.0,1002.0,970.0,998.0,71500
2015-09-11,986.0,1022.0,986.0,1018.0,163500
2015-09-14,1012.0,1026.0,1006.0,1012.0,48000
2015-09-15,1012.0,1024.0,996.0,1006.0,48000
2015-09-16,1010.0,1016.0,998.0,1014.0,33000
2015-09-17,1026.0,1026.0,1000.0,1012.0,71000
2015-09-18,1012.0,1012.0,984.0,996.0,120000
2015-09-24,966.0,996.0,964.0,964.0,118000
2015-09-25,964.0,1000.0,964.0,1000.0,111000
2015-09-28,984.0,1008.0,980.0,1004.0,69000
2015-09-29,984.0,994.0,972.0,988.0,91500
2015-09-30,988.0,1012.0,984.0,992.0,99500
2015-10-01,1008.0,1014.0,988.0,1010.0,72000
2015-10-02,1000.0,1002.0,986.0,992.0,67500
2015-10-05,992.0,1006.0,976.0,980.0,82500
2015-10-06,982.0,990.0,978.0,986.0,166000
2015-10-07,984.0,998.0,972.0,980.0,101500
2015-10-08,980.0,984.0,956.0,956.0,158500
2015-10-09,964.0,964.0,944.0,964.0,142000
2015-10-13,960.0,966.0,940.0,942.0,135500
2015-10-14,944.0,944.0,930.0,932.0,176500
2015-10-15,920.0,958.0,920.0,956.0,206000
2015-10-16,954.0,974.0,954.0,960.0,120000
2015-10-19,956.0,962.0,944.0,952.0,77500
2015-10-20,964.0,964.0,946.0,950.0,100000
2015-10-21,946.0,982.0,946.0,982.0,156500
2015-10-22,980.0,990.0,972.0,976.0,58500
2015-10-23,990.0,996.0,974.0,992.0,80000
2015-10-26,1002.0,1004.0,992.0,996.0,53000
2015-10-27,1008.0,1016.0,1002.0,1004.0,88500
2015-10-28,1010.0,1020.0,1008.0,1018.0,101000
2015-10-29,1020.0,1034.0,1020.0,1030.0,321500
2015-10-30,1036.0,1036.0,1016.0,1022.0,213500
2015-11-02,1018.0,1018.0,1000.0,1012.0,112500
2015-11-04,1012.0,1020.0,998.0,1004.0,112500
2015-11-05,1000.0,1024.0,1000.0,1016.0,108000
2015-11-06,1014.0,1028.0,1004.0,1022.0,132500
2015-11-09,1028.0,1044.0,1018.0,1026.0,124500
2015-11-10,1026.0,1044.0,1022.0,1040.0,147500
2015-11-11,1036.0,1066.0,1036.0,1060.0,146500
2015-11-12,1052.0,1064.0,1046.0,1046.0,67000
2015-11-13,1032.0,1058.0,1028.0,1028.0,81000
2015-11-16,1020.0,1038.0,1018.0,1036.0,64000
2015-11-17,1054.0,1054.0,1036.0,1040.0,154000
2015-11-18,1044.0,1050.0,1036.0,1040.0,98000
2015-11-19,1046.0,1068.0,1046.0,1060.0,82000
2015-11-20,1058.0,1062.0,1044.0,1060.0,126000
2015-11-24,1050.0,1058.0,1046.0,1052.0,73500
2015-11-25,1046.0,1058.0,1032.0,1032.0,58000
2015-11-26,1028.0,1034.0,1010.0,1012.0,209500
2015-11-27,1012.0,1024.0,1002.0,1008.0,73000
2015-11-30,1000.0,1012.0,996.0,1008.0,99500
2015-12-01,1016.0,1026.0,1012.0,1024.0,106000
2015-12-02,1014.0,1032.0,1014.0,1020.0,82000
2015-12-03,1014.0,1022.0,1006.0,1012.0,55000
2015-12-04,996.0,1000.0,988.0,988.0,70500
2015-12-07,1004.0,1008.0,988.0,988.0,73000
2015-12-08,988.0,994.0,982.0,988.0,90500
2015-12-09,976.0,980.0,968.0,968.0,60500
2015-12-10,962.0,964.0,950.0,956.0,84500
2015-12-11,940.0,966.0,940.0,966.0,233500
2015-12-14,936.0,954.0,936.0,950.0,93500
2015-12-15,950.0,952.0,926.0,932.0,168000
2015-12-16,922.0,938.0,918.0,920.0,239000
2015-12-17,942.0,944.0,920.0,924.0,235000
2015-12-18,928.0,952.0,924.0,928.0,175000
2015-12-21,930.0,936.0,914.0,928.0,144000
2015-12-22,940.0,942.0,922.0,930.0,103500
2015-12-24,934.0,936.0,924.0,924.0,43000
2015-12-25,924.0,924.0,924.0,924.0,0
2015-12-28,900.0,914.0,894.0,914.0,63500
2015-12-29,914.0,944.0,914.0,942.0,52000
2015-12-30,952.0,952.0,940.0,944.0,36500
2016-01-04,928.0,944.0,914.0,916.0,42500
2016-01-05,916.0,922.0,908.0,908.0,76500
2016-01-06,900.0,910.0,886.0,892.0,80500
2016-01-07,878.0,886.0,866.0,866.0,103500
2016-01-08,850.0,874.0,848.0,866.0,114500
2016-01-12,846.0,866.0,844.0,856.0,140500
2016-01-13,858.0,872.0,854.0,868.0,103000
2016-01-14,840.0,874.0,838.0,872.0,157500
2016-01-15,870.0,876.0,850.0,856.0,124000
2016-01-18,824.0,842.0,824.0,836.0,56000
2016-01-19,830.0,844.0,828.0,836.0,126000
2016-01-20,826.0,828.0,808.0,812.0,121500
2016-01-21,800.0,826.0,798.0,798.0,151000
2016-01-22,810.0,842.0,810.0,840.0,124000
2016-01-25,840.0,842.0,820.0,824.0,55000
2016-01-26,804.0,814.0,794.0,800.0,137500
2016-01-27,816.0,832.0,816.0,826.0,111000
2016-01-28,822.0,824.0,816.0,820.0,82000
2016-01-29,830.0,848.0,794.0,828.0,180000
2016-02-01,832.0,834.0,790.0,804.0,269000
2016-02-02,790.0,808.0,774.0,796.0,291500
2016-02-03,786.0,794.0,768.0,772.0,286500
2016-02-04,772.0,792.0,768.0,778.0,230000
2016-02-05,772.0,782.0,752.0,758.0,203000
2016-02-08,742.0,754.0,724.0,742.0,246000
2016-02-09,710.0,736.0,700.0,706.0,290500
2016-02-10,704.0,710.0,672.0,682.0,367000
2016-02-12,666.0,678.0,656.0,668.0,450500
2016-02-15,684.0,704.0,680.0,698.0,320500
2016-02-16,690.0,702.0,680.0,682.0,378000
2016-02-17,680.0,700.0,680.0,686.0,197000
2016-02-18,696.0,702.0,678.0,688.0,344000
2016-02-19,680.0,686.0,662.0,668.0,295500
2016-02-22,668.0,690.0,662.0,678.0,166000
2016-02-23,682.0,686.0,650.0,658.0,203000
2016-02-24,652.0,684.0,652.0,674.0,180000
2016-02-25,674.0,686.0,666.0,666.0,167000
2016-02-26,672.0,692.0,672.0,688.0,217500
2016-02-29,690.0,704.0,688.0,694.0,181000
2016-03-01,690.0,702.0,688.0,700.0,119500
2016-03-02,708.0,720.0,692.0,698.0,98000
2016-03-03,696.0,720.0,696.0,708.0,102500
2016-03-04,708.0,728.0,694.0,726.0,160500
2016-03-07,724.0,732.0,718.0,724.0,89000
2016-03-08,724.0,734.0,700.0,712.0,126000
2016-03-09,704.0,708.0,684.0,692.0,140000
2016-03-10,700.0,724.0,696.0,720.0,117500
2016-03-11,710.0,732.0,704.0,724.0,179500
2016-03-14,730.0,758.0,730.0,750.0,122500
2016-03-15,746.0,756.0,738.0,748.0,156500
2016-03-16,742.0,744.0,730.0,732.0,85000
2016-03-17,732.0,742.0,730.0,732.0,63000
2016-03-18,732.0,738.0,716.0,734.0,126000
2016-03-22,734.0,746.0,734.0,744.0,70000
2016-03-23,746.0,748.0,734.0,738.0,90000
2016-03-24,734.0,736.0,720.0,722.0,87500
2016-03-25,720.0,720.0,708.0,714.0,64000
2016-03-28,718.0,734.0,716.0,734.0,61000
2016-03-29,734.0,738.0,724.0,728.0,77000
2016-03-30,728.0,728.0,698.0,700.0,61500
2016-03-31,700.0,716.0,692.0,702.0,102000
2016-04-01,714.0,714.0,670.0,672.0,104000
2016-04-04,676.0,692.0,676.0,688.0,73000
2016-04-05,678.0,682.0,660.0,660.0,101000
2016-04-06,660.0,674.0,656.0,660.0,113000
2016-04-07,654.0,664.0,652.0,658.0,104500
2016-04-08,648.0,674.0,634.0,660.0,107000
2016-04-11,654.0,654.0,632.0,636.0,121000
2016-04-12,636.0,658.0,634.0,648.0,117500
2016-04-13,650.0,662.0,646.0,656.0,142500
2016-04-14,670.0,700.0,670.0,700.0,95500
2016-04-15,692.0,692.0,678.0,684.0,48500
2016-04-18,668.0,674.0,646.0,652.0,183500
2016-04-19,666.0,682.0,654.0,678.0,110500
2016-04-20,680.0,696.0,674.0,676.0,80500
2016-04-21,688.0,688.0,680.0,684.0,130500
2016-04-22,684.0,726.0,674.0,704.0,267000
2016-04-25,712.0,714.0,696.0,704.0,140500
2016-04-26,704.0,704.0,688.0,700.0,50500
2016-04-27,706.0,712.0,700.0,708.0,63000
2016-04-28,716.0,718.0,652.0,670.0,141000
2016-05-02,644.0,666.0,628.0,632.0,128000
2016-05-06,648.0,648.0,632.0,638.0,90000
2016-05-09,636.0,652.0,634.0,636.0,72000
2016-05-10,638.0,652.0,632.0,642.0,131000
2016-05-11,652.0,660.0,642.0,646.0,119500
2016-05-12,640.0,650.0,636.0,646.0,31500
2016-05-13,646.0,646.0,624.0,628.0,144500
2016-05-16,624.0,642.0,624.0,638.0,80500
2016-05-17,638.0,640.0,622.0,640.0,96500
2016-05-18,640.0,656.0,640.0,652.0,101500
2016-05-19,654.0,670.0,640.0,644.0,127000
2016-05-20,644.0,658.0,644.0,656.0,78000
2016-05-23,656.0,658.0,642.0,654.0,91000
2016-05-24,652.0,652.0,640.0,642.0,39500
2016-05-25,652.0,656.0,644.0,646.0,92500
2016-05-26,654.0,656.0,642.0,646.0,53000
2016-05-27,648.0,650.0,644.0,646.0,53000
2016-05-30,652.0,656.0,644.0,656.0,71500
2016-05-31,654.0,660.0,650.0,654.0,139000
2016-06-01,656.0,672.0,654.0,658.0,88000
2016-06-02,660.0,660.0,636.0,638.0,96500
2016-06-03,638.0,646.0,632.0,636.0,64000
2016-06-06,628.0,628.0,624.0,628.0,70500
2016-06-07,628.0,632.0,626.0,630.0,53500
2016-06-08,628.0,628.0,616.0,626.0,75500
2016-06-09,622.0,622.0,614.0,620.0,56500
2016-06-10,624.0,624.0,614.0,618.0,124000
2016-06-13,612.0,612.0,598.0,598.0,94500
2016-06-14,596.0,596.0,586.0,590.0,64000
2016-06-15,590.0,600.0,586.0,594.0,80000
2016-06-16,590.0,594.0,580.0,582.0,77500
2016-06-17,596.0,596.0,578.0,582.0,75500
2016-06-20,584.0,596.0,584.0,596.0,38500
2016-06-21,596.0,606.0,592.0,604.0,105500
2016-06-22,604.0,604.0,594.0,602.0,46500
2016-06-23,600.0,608.0,598.0,606.0,40000
2016-06-24,614.0,616.0,556.0,564.0,111500
2016-06-27,580.0,584.0,570.0,580.0,131000
2016-06-28,570.0,584.0,564.0,570.0,122500
2016-06-29,584.0,590.0,572.0,586.0,58500
2016-06-30,586.0,596.0,578.0,588.0,101000
2016-07-01,598.0,606.0,594.0,604.0,93500
2016-07-04,608.0,608.0,594.0,596.0,57000
2016-07-05,590.0,600.0,586.0,598.0,83500
2016-07-06,592.0,592.0,580.0,590.0,60500
2016-07-07,586.0,608.0,584.0,588.0,72500
2016-07-08,588.0,594.0,580.0,580.0,76000
2016-07-11,580.0,580.0,580.0,580.0,0
2016-07-12,612.0,634.0,606.0,608.0,172000
2016-07-13,614.0,632.0,610.0,628.0,84000
2016-07-14,618.0,638.0,618.0,626.0,102000
2016-07-15,632.0,650.0,632.0,642.0,83000
2016-07-19,646.0,646.0,632.0,640.0,35500
2016-07-20,646.0,646.0,622.0,632.0,52000
2016-07-21,640.0,654.0,634.0,640.0,62500
2016-07-22,640.0,654.0,638.0,640.0,113500
2016-07-25,642.0,656.0,638.0,640.0,74500
2016-07-26,636.0,646.0,636.0,640.0,76500
2016-07-27,644.0,656.0,638.0,642.0,118000
2016-07-28,634.0,634.0,622.0,626.0,48000
2016-07-29,624.0,678.0,616.0,666.0,225500
2016-08-01,660.0,674.0,642.0,668.0,120000
2016-08-02,662.0,662.0,642.0,644.0,100000
2016-08-03,628.0,636.0,612.0,616.0,119500
2016-08-04,620.0,636.0,610.0,632.0,69500
2016-08-05,632.0,644.0,626.0,630.0,58500
2016-08-08,646.0,658.0,640.0,652.0,71500
2016-08-09,668.0,692.0,656.0,686.0,203500
2016-08-10,672.0,682.0,672.0,674.0,77000
2016-08-12,686.0,688.0,648.0,670.0,96500
2016-08-15,658.0,668.0,642.0,646.0,92000
2016-08-16,646.0,656.0,630.0,630.0,65500
2016-08-17,624.0,652.0,622.0,650.0,105000
2016-08-18,644.0,658.0,636.0,638.0,58500
2016-08-19,638.0,642.0,632.0,636.0,36000
2016-08-22,636.0,646.0,636.0,644.0,38000
2016-08-23,646.0,646.0,630.0,634.0,59000
2016-08-24,634.0,674.0,634.0,650.0,62000
2016-08-25,646.0,652.0,642.0,644.0,26500
2016-08-26,640.0,648.0,636.0,644.0,39500
2016-08-29,654.0,660.0,650.0,656.0,42000
2016-08-30,658.0,672.0,654.0,666.0,56000
2016-08-31,672.0,680.0,670.0,676.0,105000
2016-09-01,686.0,706.0,680.0,686.0,211500
2016-09-02,686.0,708.0,682.0,708.0,136000
2016-09-05,706.0,706.0,688.0,692.0,149000
2016-09-06,694.0,702.0,692.0,696.0,60500
2016-09-07,688.0,710.0,674.0,678.0,181000
2016-09-08,682.0,696.0,680.0,688.0,89000
2016-09-09,688.0,704.0,684.0,694.0,175000
2016-09-12,688.0,714.0,686.0,692.0,148500
2016-09-13,692.0,692.0,678.0,684.0,73000
2016-09-14,678.0,716.0,670.0,714.0,156500
2016-09-15,708.0,708.0,688.0,692.0,91500
2016-09-16,692.0,718.0,692.0,708.0,200000
2016-09-20,706.0,724.0,702.0,710.0,232000
2016-09-21,710.0,758.0,692.0,746.0,215500
2016-09-23,748.0,772.0,738.0,764.0,239500
2016-09-26,756.0,760.0,726.0,728.0,182000
2016-09-27,720.0,734.0,694.0,730.0,175000
2016-09-28,718.0,722.0,706.0,720.0,188500
2016-09-29,722.0,746.0,710.0,744.0,179000
2016-09-30,738.0,738.0,710.0,732.0,251000
2016-10-03,734.0,752.0,726.0,732.0,102500
2016-10-04,736.0,758.0,732.0,750.0,137000
2016-10-05,750.0,758.0,738.0,742.0,127500
2016-10-06,754.0,768.0,744.0,748.0,131000
2016-10-07,748.0,752.0,732.0,752.0,88500
2016-10-11,758.0,768.0,756.0,764.0,63000
2016-10-12,750.0,762.0,748.0,752.0,90000
2016-10-13,758.0,764.0,744.0,748.0,99000
2016-10-14,748.0,754.0,744.0,750.0,135500
2016-10-17,760.0,768.0,744.0,748.0,167500
2016-10-18,744.0,760.0,738.0,758.0,153500
2016-10-19,756.0,774.0,756.0,770.0,83000
2016-10-20,764.0,768.0,760.0,766.0,85500
2016-10-21,770.0,780.0,768.0,770.0,132500
2016-10-24,772.0,780.0,766.0,778.0,73500
2016-10-25,770.0,784.0,770.0,778.0,126500
2016-10-26,780.0,786.0,776.0,786.0,108000
2016-10-27,784.0,786.0,778.0,786.0,100000
2016-10-28,788.0,798.0,784.0,794.0,226000
2016-10-31,798.0,798.0,786.0,796.0,113500
2016-11-01,796.0,796.0,782.0,794.0,230000
2016-11-02,784.0,792.0,774.0,790.0,162000
2016-11-04,782.0,784.0,768.0,772.0,125000
2016-11-07,782.0,792.0,782.0,786.0,120000
2016-11-08,790.0,800.0,788.0,796.0,118000
2016-11-09,798.0,806.0,724.0,740.0,258000
2016-11-10,768.0,784.0,754.0,764.0,301500
2016-11-11,780.0,816.0,768.0,774.0,324500
2016-11-14,782.0,800.0,782.0,790.0,173500
2016-11-15,796.0,800.0,768.0,780.0,214500
2016-11-16,788.0,810.0,788.0,810.0,227500
2016-11-17,800.0,800.0,782.0,798.0,209000
2016-11-18,808.0,816.0,798.0,814.0,217500
2016-11-21,820.0,822.0,810.0,820.0,104500
2016-11-22,818.0,820.0,806.0,810.0,108000
2016-11-24,816.0,816.0,790.0,792.0,116000
2016-11-25,790.0,800.0,784.0,800.0,128500
2016-11-28,796.0,808.0,792.0,806.0,91500
2016-11-29,804.0,834.0,798.0,812.0,293500
2016-11-30,816.0,822.0,810.0,816.0,153000
2016-12-01,832.0,844.0,828.0,832.0,161000
2016-12-02,834.0,840.0,828.0,840.0,132500
2016-12-05,828.0,838.0,810.0,812.0,138500
2016-12-06,822.0,844.0,822.0,840.0,193000
2016-12-07,850.0,876.0,848.0,872.0,286500
2016-12-08,882.0,882.0,868.0,874.0,206500
2016-12-09,870.0,880.0,870.0,880.0,249500
2016-12-12,886.0,888.0,862.0,868.0,152500
2016-12-13,868.0,870.0,860.0,868.0,120500
2016-12-14,874.0,878.0,860.0,872.0,195000
2016-12-15,880.0,894.0,876.0,884.0,206000
2016-12-16,888.0,894.0,876.0,888.0,207500
2016-12-19,888.0,894.0,884.0,888.0,99000
2016-12-20,888.0,888.0,870.0,878.0,153500
2016-12-21,888.0,902.0,886.0,900.0,275000
2016-12-22,902.0,910.0,894.0,898.0,256500
2016-12-26,902.0,902.0,884.0,888.0,112000
2016-12-27,888.0,896.0,882.0,888.0,84500
2016-12-28,896.0,896.0,882.0,894.0,73500
2016-12-29,886.0,890.0,872.0,876.0,148000
2016-12-30,876.0,882.0,866.0,874.0,79500
2017-01-04,884.0,910.0,882.0,908.0,177500
2017-01-05,906.0,910.0,892.0,896.0,98500
2017-01-06,880.0,886.0,878.0,886.0,100500
2017-01-10,880.0,886.0,868.0,872.0,136000
2017-01-11,876.0,884.0,872.0,880.0,65000
2017-01-12,878.0,878.0,864.0,868.0,93500
2017-01-13,872.0,894.0,870.0,890.0,169500
2017-01-16,892.0,898.0,874.0,876.0,75500
2017-01-17,864.0,868.0,854.0,858.0,113500
2017-01-18,860.0,860.0,842.0,852.0,46500
2017-01-19,860.0,880.0,856.0,864.0,158500
2017-01-20,866.0,872.0,858.0,866.0,90000
2017-01-23,866.0,866.0,854.0,856.0,55000
2017-01-24,856.0,856.0,832.0,838.0,59000
2017-01-25,850.0,852.0,840.0,844.0,54000
2017-01-26,856.0,868.0,854.0,868.0,87000
2017-01-27,878.0,878.0,870.0,876.0,53500
2017-01-30,870.0,870.0,862.0,868.0,41000
2017-01-31,852.0,860.0,842.0,848.0,140500
2017-02-01,836.0,858.0,830.0,854.0,72000
2017-02-02,870.0,870.0,842.0,846.0,217500
2017-02-03,846.0,876.0,844.0,870.0,207000
2017-02-06,880.0,884.0,866.0,874.0,79500
2017-02-07,870.0,880.0,866.0,870.0,84000
2017-02-08,868.0,874.0,864.0,870.0,75000
2017-02-09,864.0,872.0,862.0,864.0,63000
2017-02-10,876.0,892.0,870.0,892.0,161500
2017-02-13,900.0,900.0,878.0,890.0,88500
2017-02-14,894.0,914.0,884.0,884.0,89000
2017-02-15,896.0,904.0,892.0,904.0,63500
2017-02-16,904.0,916.0,902.0,904.0,96500
2017-02-17,902.0,908.0,894.0,896.0,59000
2017-02-20,894.0,904.0,892.0,900.0,83500
2017-02-21,900.0,906.0,894.0,906.0,58500
2017-02-22,910.0,920.0,906.0,918.0,90000
2017-02-23,910.0,914.0,892.0,906.0,89500
2017-02-24,896.0,912.0,896.0,908.0,82000
2017-02-27,898.0,898.0,882.0,888.0,115500
2017-02-28,888.0,902.0,888.0,892.0,102000
2017-03-01,900.0,902.0,892.0,900.0,108500
2017-03-02,906.0,906.0,896.0,902.0,122000
2017-03-03,898.0,904.0,896.0,898.0,80000
2017-03-06,894.0,910.0,894.0,906.0,65000
2017-03-07,904.0,904.0,896.0,898.0,65000
2017-03-08,894.0,900.0,888.0,898.0,95000
2017-03-09,890.0,900.0,890.0,898.0,79500
2017-03-10,912.0,916.0,902.0,914.0,277500
2017-03-13,912.0,926.0,910.0,922.0,131500
2017-03-14,914.0,918.0,908.0,916.0,85500
2017-03-15,916.0,920.0,908.0,916.0,95000
2017-03-16,906.0,912.0,902.0,906.0,86000
2017-03-17,906.0,918.0,900.0,918.0,111000
2017-03-21,918.0,922.0,912.0,918.0,114500
2017-03-22,900.0,900.0,886.0,886.0,187000
2017-03-23,876.0,878.0,866.0,874.0,140500
2017-03-24,874.0,898.0,874.0,886.0,110000
2017-03-27,882.0,882.0,866.0,878.0,91000
2017-03-28,904.0,914.0,898.0,914.0,172500
2017-03-29,912.0,912.0,898.0,906.0,207000
2017-03-30,904.0,906.0,894.0,896.0,100500
2017-03-31,904.0,906.0,870.0,870.0,144000
2017-04-03,878.0,878.0,866.0,870.0,113500
2017-04-04,862.0,870.0,856.0,860.0,170500
2017-04-05,852.0,860.0,850.0,856.0,147000
2017-04-06,854.0,858.0,844.0,846.0,167000
2017-04-07,858.0,866.0,850.0,852.0,122500
2017-04-10,854.0,868.0,854.0,860.0,102000
2017-04-11,854.0,860.0,850.0,852.0,71500
2017-04-12,848.0,848.0,834.0,840.0,81500
2017-04-13,826.0,836.0,816.0,830.0,79500
2017-04-14,830.0,834.0,824.0,826.0,131500
2017-04-17,824.0,826.0,816.0,824.0,52000
2017-04-18,828.0,842.0,824.0,830.0,167500
2017-04-19,820.0,830.0,810.0,822.0,146000
2017-04-20,822.0,844.0,822.0,834.0,77500
2017-04-21,844.0,852.0,836.0,840.0,70000
2017-04-24,856.0,864.0,852.0,860.0,90000
2017-04-25,860.0,868.0,854.0,864.0,127000
2017-04-26,866.0,880.0,860.0,880.0,178000
2017-04-27,876.0,880.0,868.0,880.0,119000
2017-04-28,880.0,880.0,860.0,862.0,76500
2017-05-01,864.0,874.0,856.0,872.0,83000
2017-05-02,878.0,884.0,870.0,874.0,229000
2017-05-08,888.0,900.0,886.0,898.0,336000
2017-05-09,892.0,908.0,888.0,904.0,193500
2017-05-10,908.0,910.0,900.0,904.0,148500
2017-05-11,896.0,906.0,894.0,896.0,184500
2017-05-12,896.0,906.0,886.0,902.0,91500
2017-05-15,888.0,894.0,874.0,888.0,155500
2017-05-16,886.0,896.0,886.0,894.0,121000
2017-05-17,880.0,884.0,872.0,880.0,130000
2017-05-18,868.0,872.0,858.0,858.0,243500
2017-05-19,858.0,868.0,854.0,860.0,85500
2017-05-22,862.0,864.0,850.0,852.0,130000
2017-05-23,852.0,852.0,840.0,844.0,92000
2017-05-24,842.0,856.0,842.0,850.0,145500
2017-05-25,844.0,852.0,838.0,844.0,136500
2017-05-26,842.0,844.0,830.0,832.0,118000
2017-05-29,834.0,836.0,830.0,830.0,69000
2017-05-30,826.0,826.0,816.0,822.0,84000
2017-05-31,822.0,824.0,814.0,820.0,208000
2017-06-01,826.0,842.0,826.0,838.0,141000
2017-06-02,840.0,874.0,840.0,872.0,208500
2017-06-05,862.0,872.0,856.0,870.0,180500
2017-06-06,866.0,880.0,866.0,866.0,186000
2017-06-07,866.0,870.0,858.0,866.0,128000
2017-06-08,866.0,872.0,856.0,862.0,172000
2017-06-09,862.0,876.0,854.0,874.0,208500
2017-06-12,870.0,884.0,866.0,868.0,122500
2017-06-13,862.0,878.0,862.0,868.0,82500
2017-06-14,868.0,876.0,868.0,868.0,97000
2017-06-15,864.0,870.0,858.0,858.0,92500
2017-06-16,866.0,874.0,854.0,874.0,278000
2017-06-19,874.0,878.0,870.0,876.0,86000
2017-06-20,880.0,896.0,876.0,894.0,133000
2017-06-21,892.0,892.0,882.0,882.0,114500
2017-06-22,882.0,882.0,872.0,874.0,69000
2017-06-23,868.0,870.0,864.0,866.0,88000
2017-06-26,860.0,864.0,858.0,860.0,55000
2017-06-27,872.0,872.0,866.0,868.0,52000
2017-06-28,872.0,882.0,862.0,882.0,100000
2017-06-29,882.0,890.0,876.0,880.0,128500
2017-06-30,872.0,876.0,860.0,864.0,121000
2017-07-03,864.0,870.0,856.0,868.0,97000
2017-07-04,876.0,878.0,862.0,864.0,146500
2017-07-05,862.0,862.0,854.0,858.0,182000
2017-07-06,850.0,856.0,846.0,848.0,173000
2017-07-07,848.0,854.0,838.0,838.0,126500
2017-07-10,854.0,854.0,842.0,846.0,73000
2017-07-11,846.0,856.0,842.0,854.0,64000
2017-07-12,852.0,852.0,840.0,846.0,62500
2017-07-13,856.0,856.0,836.0,836.0,40500
2017-07-14,834.0,850.0,834.0,844.0,111500
2017-07-17,844.0,844.0,844.0,844.0,0
2017-07-18,836.0,836.0,824.0,834.0,67500
2017-07-19,836.0,844.0,828.0,836.0,68000
2017-07-20,840.0,848.0,834.0,846.0,37000
2017-07-21,838.0,842.0,830.0,842.0,89000
2017-07-24,832.0,834.0,820.0,834.0,95000
2017-07-25,832.0,836.0,826.0,826.0,23000
2017-07-26,826.0,834.0,826.0,830.0,64000
2017-07-27,830.0,840.0,824.0,836.0,85500
2017-07-28,830.0,838.0,830.0,838.0,68500
2017-07-31,838.0,840.0,830.0,832.0,56000
2017-08-01,838.0,850.0,834.0,850.0,55500
2017-08-02,854.0,856.0,842.0,842.0,88000
2017-08-03,838.0,848.0,836.0,848.0,50000
2017-08-04,846.0,850.0,842.0,848.0,70000
2017-08-07,852.0,854.0,846.0,848.0,39500
2017-08-08,860.0,878.0,858.0,874.0,208500
2017-08-09,866.0,866.0,854.0,862.0,83000
2017-08-10,862.0,868.0,858.0,868.0,53500
2017-08-11,868.0,868.0,868.0,868.0,0
2017-08-14,860.0,864.0,854.0,856.0,54500
2017-08-15,870.0,878.0,862.0,862.0,70000
2017-08-16,862.0,868.0,858.0,862.0,54000
2017-08-17,856.0,858.0,838.0,844.0,112500
2017-08-18,832.0,838.0,830.0,832.0,68500
2017-08-21,840.0,840.0,832.0,832.0,69000
2017-08-22,832.0,838.0,828.0,836.0,100000
2017-08-23,846.0,846.0,830.0,832.0,70000
2017-08-24,832.0,838.0,828.0,830.0,82500
2017-08-25,832.0,838.0,830.0,838.0,47500
2017-08-28,830.0,838.0,828.0,834.0,90500
2017-08-29,832.0,834.0,820.0,832.0,74500
2017-08-30,836.0,836.0,820.0,834.0,108000
2017-08-31,838.0,848.0,832.0,838.0,169500
2017-09-01,848.0,852.0,836.0,850.0,94500
2017-09-04,846.0,856.0,834.0,850.0,169000
2017-09-05,846.0,856.0,846.0,852.0,96000
2017-09-06,856.0,856.0,842.0,852.0,159000
2017-09-07,848.0,860.0,848.0,854.0,115500
2017-09-08,846.0,850.0,838.0,842.0,190000
2017-09-11,848.0,856.0,840.0,842.0,79000
2017-09-12,856.0,856.0,846.0,852.0,55000
2017-09-13,856.0,868.0,856.0,864.0,105000
2017-09-14,864.0,880.0,864.0,878.0,104000
2017-09-15,878.0,896.0,876.0,892.0,235500
2017-09-18,892.0,892.0,892.0,892.0,0
2017-09-19,896.0,920.0,892.0,916.0,192500
2017-09-20,910.0,918.0,900.0,912.0,127500
2017-09-21,918.0,928.0,912.0,916.0,140000
2017-09-22,916.0,928.0,912.0,928.0,200500
2017-09-25,924.0,940.0,918.0,934.0,100000
2017-09-26,932.0,948.0,928.0,948.0,119500
2017-09-27,944.0,944.0,916.0,920.0,129000
2017-09-28,929.0,943.0,921.0,941.0,187500
2017-09-29,931.0,938.0,931.0,934.0,97500
2017-10-02,938.0,939.0,919.0,926.0,137000
2017-10-03,929.0,929.0,910.0,912.0,132000
2017-10-04,912.0,914.0,894.0,896.0,153000
2017-10-05,897.0,897.0,887.0,896.0,108500
2017-10-06,896.0,908.0,896.0,903.0,123000
2017-10-09,903.0,903.0,903.0,903.0,0
2017-10-10,900.0,907.0,899.0,903.0,128500
2017-10-11,905.0,917.0,903.0,915.0,81500
2017-10-12,915.0,915.0,901.0,905.0,92000
2017-10-13,899.0,917.0,899.0,907.0,159500
2017-10-16,905.0,924.0,905.0,914.0,184500
2017-10-17,920.0,920.0,905.0,912.0,106500
2017-10-18,913.0,913.0,901.0,906.0,128500
2017-10-19,900.0,908.0,900.0,903.0,142000
2017-10-20,901.0,901.0,889.0,889.0,111500
2017-10-23,894.0,897.0,888.0,888.0,130000
2017-10-24,890.0,912.0,890.0,908.0,212500
2017-10-25,905.0,924.0,905.0,908.0,205500
2017-10-26,908.0,917.0,907.0,911.0,59000
2017-10-27,911.0,936.0,911.0,924.0,238000
2017-10-30,924.0,929.0,916.0,924.0,170000
2017-10-31,924.0,924.0,911.0,913.0,77000
2017-11-01,923.0,923.0,903.0,906.0,106000
2017-11-02,906.0,914.0,896.0,912.0,83500
2017-11-03,912.0,912.0,912.0,912.0,0
2017-11-06,906.0,906.0,882.0,885.0,131000
2017-11-07,880.0,889.0,878.0,885.0,93000
2017-11-08,885.0,885.0,872.0,876.0,102500
2017-11-09,876.0,898.0,876.0,888.0,183000
2017-11-10,874.0,884.0,874.0,882.0,49000
2017-11-13,877.0,885.0,877.0,880.0,95000
2017-11-14,880.0,905.0,880.0,889.0,197500
2017-11-15,875.0,891.0,868.0,880.0,314000
2017-11-16,876.0,883.0,872.0,873.0,105000
2017-11-17,880.0,881.0,861.0,865.0,151500
2017-11-20,865.0,867.0,859.0,862.0,63500
2017-11-21,864.0,878.0,863.0,865.0,98500
2017-11-22,867.0,868.0,860.0,860.0,115500
2017-11-23,860.0,860.0,860.0,860.0,0
2017-11-24,854.0,856.0,851.0,855.0,94500
2017-11-27,855.0,862.0,853.0,857.0,82000
2017-11-28,857.0,857.0,848.0,850.0,43500
2017-11-29,858.0,873.0,857.0,866.0,127500
2017-11-30,871.0,890.0,871.0,890.0,163000
2017-12-01,889.0,891.0,877.0,890.0,96500
2017-12-04,887.0,891.0,882.0,886.0,93500
2017-12-05,881.0,914.0,881.0,911.0,148500
2017-12-06,905.0,910.0,887.0,890.0,120500
2017-12-07,891.0,895.0,884.0,886.0,70500
2017-12-08,866.0,878.0,866.0,875.0,301000
2017-12-11,872.0,889.0,872.0,889.0,159500
2017-12-12,889.0,904.0,889.0,901.0,160500
2017-12-13,904.0,922.0,898.0,919.0,153000
2017-12-14,909.0,910.0,890.0,895.0,126500
2017-12-15,892.0,892.0,872.0,878.0,120000
2017-12-18,885.0,899.0,885.0,899.0,132500
2017-12-19,899.0,899.0,887.0,895.0,72000
2017-12-20,892.0,908.0,892.0,904.0,149000
2017-12-21,905.0,909.0,899.0,901.0,168000
2017-12-22,896.0,906.0,886.0,889.0,141500
2017-12-25,887.0,888.0,874.0,876.0,82500
2017-12-26,877.0,881.0,870.0,873.0,77000
2017-12-27,873.0,879.0,872.0,876.0,54000
2017-12-28,872.0,880.0,864.0,871.0,138500
2017-12-29,867.0,879.0,867.0,876.0,53000
2018-01-01,876.0,876.0,876.0,876.0,0
2018-01-02,876.0,876.0,876.0,876.0,0
2018-01-03,876.0,876.0,876.0,876.0,0
2018-01-04,890.0,911.0,890.0,911.0,141000
2018-01-05,917.0,917.0,904.0,915.0,143000
2018-01-08,915.0,915.0,915.0,915.0,0
2018-01-09,915.0,915.0,898.0,907.0,126500
2018-01-10,905.0,926.0,905.0,921.0,146000
2018-01-11,920.0,923.0,911.0,922.0,119000
2018-01-12,918.0,924.0,901.0,905.0,133500
2018-01-15,912.0,919.0,907.0,913.0,72500
2018-01-16,913.0,913.0,893.0,896.0,96500
2018-01-17,890.0,890.0,880.0,885.0,81500
2018-01-18,888.0,892.0,868.0,868.0,114500
2018-01-19,872.0,879.0,865.0,873.0,146000
2018-01-22,873.0,873.0,855.0,860.0,126000
2018-01-23,866.0,878.0,864.0,877.0,138000
2018-01-24,873.0,881.0,870.0,877.0,210000
2018-01-25,864.0,870.0,861.0,865.0,92000
2018-01-26,864.0,865.0,858.0,860.0,97500
2018-01-29,860.0,866.0,856.0,858.0,94500
2018-01-30,866.0,866.0,852.0,856.0,209000
2018-01-31,860.0,871.0,856.0,857.0,158000
2018-02-01,871.0,902.0,869.0,889.0,213000
2018-02-02,889.0,893.0,877.0,879.0,122500
2018-02-05,871.0,876.0,856.0,862.0,154000
2018-02-06,841.0,844.0,821.0,841.0,311500
2018-02-07,858.0,876.0,838.0,839.0,245000
2018-02-08,830.0,842.0,830.0,831.0,141000
2018-02-09,811.0,824.0,810.0,823.0,167500
2018-02-12,823.0,823.0,823.0,823.0,0
2018-02-13,825.0,845.0,811.0,822.0,268500
2018-02-14,835.0,835.0,818.0,820.0,172000
2018-02-15,822.0,852.0,822.0,842.0,200500
2018-02-16,843.0,849.0,835.0,835.0,121500
2018-02-19,836.0,877.0,836.0,857.0,109000
2018-02-20,851.0,851.0,829.0,832.0,182000
2018-02-21,837.0,838.0,823.0,824.0,121500
2018-02-22,822.0,823.0,816.0,818.0,61000
2018-02-23,814.0,841.0,814.0,837.0,140500
2018-02-26,838.0,847.0,833.0,835.0,61500
2018-02-27,840.0,840.0,828.0,830.0,166000
2018-02-28,825.0,829.0,801.0,815.0,285000
2018-03-01,812.0,812.0,785.0,794.0,170500
2018-03-02,780.0,790.0,773.0,784.0,189500
2018-03-05,777.0,787.0,768.0,782.0,182000
2018-03-06,790.0,800.0,790.0,792.0,135500
2018-03-07,782.0,798.0,782.0,789.0,124000
2018-03-08,793.0,808.0,791.0,793.0,122000
2018-03-09,798.0,800.0,781.0,784.0,178000
2018-03-12,791.0,804.0,790.0,803.0,75000
2018-03-13,797.0,820.0,797.0,818.0,111500
2018-03-14,807.0,817.0,807.0,812.0,54000
2018-03-15,807.0,810.0,798.0,806.0,62500
2018-03-16,809.0,809.0,784.0,784.0,130500
2018-03-19,784.0,788.0,776.0,781.0,43500
2018-03-20,778.0,793.0,778.0,791.0,104500
2018-03-21,791.0,791.0,791.0,791.0,0
2018-03-22,791.0,795.0,783.0,794.0,65000
2018-03-23,770.0,781.0,768.0,772.0,139500
2018-03-26,770.0,784.0,769.0,784.0,119000
2018-03-27,781.0,790.0,775.0,788.0,163000
2018-03-28,776.0,786.0,772.0,786.0,112500
2018-03-29,788.0,798.0,780.0,788.0,78000
2018-03-30,795.0,795.0,780.0,785.0,83000
2018-04-02,785.0,785.0,769.0,769.0,44500
2018-04-03,760.0,769.0,756.0,764.0,100000
2018-04-04,761.0,785.0,761.0,779.0,109500
2018-04-05,780.0,804.0,780.0,795.0,112500
2018-04-06,786.0,793.0,785.0,787.0,90000
2018-04-09,781.0,792.0,781.0,785.0,86000
2018-04-10,783.0,788.0,776.0,781.0,121000
2018-04-11,781.0,788.0,774.0,785.0,75000
2018-04-12,782.0,782.0,774.0,778.0,59000
2018-04-13,778.0,798.0,778.0,796.0,88000
2018-04-16,796.0,812.0,791.0,812.0,92000
2018-04-17,806.0,809.0,797.0,797.0,62500
2018-04-18,790.0,803.0,790.0,799.0,112500
2018-04-19,796.0,809.0,796.0,799.0,93500
2018-04-20,791.0,796.0,784.0,789.0,133000
2018-04-23,797.0,809.0,797.0,800.0,63500
2018-04-24,809.0,823.0,805.0,822.0,61000
2018-04-25,822.0,827.0,817.0,821.0,63500
2018-04-26,822.0,825.0,814.0,818.0,82000
2018-04-27,818.0,818.0,796.0,803.0,103000
2018-04-30,803.0,803.0,803.0,803.0,0
2018-05-01,794.0,796.0,785.0,788.0,147500
2018-05-02,788.0,796.0,784.0,794.0,84500
2018-05-03,794.0,794.0,794.0,794.0,0
2018-05-04,794.0,794.0,794.0,794.0,0
2018-05-07,789.0,799.0,781.0,796.0,98500
2018-05-08,796.0,817.0,792.0,807.0,88500
2018-05-09,796.0,811.0,795.0,808.0,90000
2018-05-10,806.0,818.0,806.0,811.0,102000
2018-05-11,811.0,822.0,809.0,820.0,72000
2018-05-14,814.0,814.0,804.0,810.0,71000
2018-05-15,808.0,808.0,781.0,785.0,196000
2018-05-16,783.0,795.0,771.0,793.0,118000
2018-05-17,791.0,794.0,779.0,781.0,79500
2018-05-18,785.0,785.0,773.0,784.0,100500
2018-05-21,784.0,784.0,768.0,772.0,92500
2018-05-22,772.0,775.0,765.0,775.0,72000
2018-05-23,768.0,777.0,768.0,774.0,116500
2018-05-24,769.0,776.0,763.0,774.0,92500
2018-05-25,767.0,778.0,765.0,774.0,102000
2018-05-28,774.0,785.0,773.0,783.0,66500
2018-05-29,783.0,792.0,783.0,790.0,85500
2018-05-30,776.0,787.0,776.0,780.0,98000
2018-05-31,783.0,783.0,770.0,775.0,214000
2018-06-01,775.0,793.0,769.0,790.0,121000
2018-06-04,797.0,818.0,797.0,817.0,160500
2018-06-05,812.0,819.0,807.0,816.0,58500
2018-06-06,807.0,810.0,798.0,799.0,88500
2018-06-07,807.0,811.0,795.0,796.0,69000
2018-06-08,782.0,795.0,782.0,792.0,234500
2018-06-11,791.0,799.0,786.0,791.0,67500
2018-06-12,794.0,794.0,777.0,780.0,98000
2018-06-13,780.0,782.0,770.0,770.0,71500
2018-06-14,767.0,777.0,757.0,773.0,104000
2018-06-15,773.0,784.0,769.0,783.0,163500
2018-06-18,779.0,779.0,763.0,766.0,61500
2018-06-19,766.0,767.0,752.0,755.0,176500
2018-06-20,750.0,759.0,745.0,757.0,135000
2018-06-21,757.0,757.0,744.0,749.0,255500
2018-06-22,740.0,753.0,739.0,753.0,209500
2018-06-25,751.0,755.0,746.0,751.0,65500
2018-06-26,742.0,758.0,737.0,751.0,81500
2018-06-27,751.0,758.0,744.0,750.0,56000
2018-06-28,747.0,752.0,742.0,750.0,87000
2018-06-29,750.0,760.0,744.0,753.0,75000
2018-07-02,756.0,756.0,741.0,748.0,92500
2018-07-03,749.0,754.0,746.0,750.0,80000
2018-07-04,744.0,763.0,738.0,758.0,109000
2018-07-05,752.0,752.0,738.0,740.0,123500
2018-07-06,747.0,760.0,747.0,759.0,98500
2018-07-09,760.0,775.0,760.0,765.0,62000
2018-07-10,776.0,787.0,772.0,779.0,151000
2018-07-11,771.0,771.0,756.0,764.0,87500
2018-07-12,770.0,774.0,763.0,763.0,67000
2018-07-13,769.0,775.0,759.0,767.0,107500
2018-07-16,767.0,767.0,767.0,767.0,0
2018-07-17,762.0,778.0,762.0,772.0,112500
2018-07-18,772.0,775.0,763.0,771.0,96500
2018-07-19,769.0,779.0,767.0,776.0,86000
2018-07-20,771.0,790.0,768.0,789.0,114500
2018-07-23,789.0,814.0,789.0,792.0,190500
2018-07-24,804.0,813.0,778.0,783.0,147500
2018-07-25,770.0,782.0,768.0,780.0,105000
2018-07-26,781.0,795.0,781.0,792.0,80000
2018-07-27,790.0,810.0,785.0,804.0,113500
2018-07-30,809.0,822.0,801.0,811.0,233000
2018-07-31,808.0,818.0,784.0,788.0,191000
2018-08-01,788.0,798.0,778.0,795.0,130000
2018-08-02,792.0,802.0,772.0,774.0,175500
2018-08-03,764.0,769.0,752.0,757.0,165000
2018-08-06,743.0,754.0,738.0,745.0,174000
2018-08-07,735.0,756.0,734.0,750.0,134500
2018-08-08,740.0,764.0,740.0,758.0,112000
2018-08-09,753.0,764.0,749.0,763.0,110500
2018-08-10,763.0,765.0,747.0,750.0,106500
2018-08-13,736.0,736.0,724.0,731.0,105000
2018-08-14,745.0,756.0,731.0,752.0,100500
2018-08-15,755.0,757.0,735.0,743.0,108500
2018-08-16,732.0,754.0,726.0,753.0,133000
2018-08-17,760.0,769.0,750.0,768.0,76500
2018-08-20,769.0,775.0,766.0,771.0,107000
2018-08-21,767.0,773.0,762.0,772.0,126500
2018-08-22,768.0,772.0,767.0,768.0,107000
2018-08-23,766.0,771.0,757.0,769.0,105500
2018-08-24,773.0,773.0,766.0,768.0,77000
2018-08-27,769.0,776.0,769.0,773.0,70000
2018-08-28,773.0,776.0,765.0,765.0,50000
2018-08-29,771.0,773.0,763.0,770.0,46500
2018-08-30,770.0,771.0,764.0,771.0,59000
2018-08-31,767.0,781.0,766.0,778.0,108000
2018-09-03,774.0,774.0,757.0,762.0,76000
2018-09-04,759.0,759.0,748.0,749.0,106000
2018-09-05,739.0,746.0,734.0,743.0,156000
2018-09-06,740.0,755.0,740.0,752.0,94500
2018-09-07,743.0,764.0,743.0,761.0,128500
2018-09-10,762.0,779.0,762.0,774.0,108500
2018-09-11,780.0,786.0,769.0,783.0,131500
2018-09-12,780.0,782.0,767.0,779.0,95500
2018-09-13,781.0,797.0,781.0,789.0,81500
2018-09-14,788.0,802.0,784.0,791.0,207500
2018-09-17,791.0,791.0,791.0,791.0,0
2018-09-18,790.0,810.0,787.0,806.0,176000
2018-09-19,816.0,817.0,803.0,810.0,123500
2018-09-20,814.0,821.0,804.0,818.0,180500
2018-09-21,823.0,838.0,821.0,832.0,205500
2018-09-24,832.0,832.0,832.0,832.0,0
2018-09-25,832.0,833.0,808.0,827.0,242000
2018-09-26,821.0,825.0,814.0,822.0,105000
2018-09-27,817.0,831.0,810.0,820.0,101000
2018-09-28,828.0,833.0,825.0,827.0,111500
2018-10-01,827.0,827.0,811.0,815.0,90000
2018-10-02,821.0,830.0,815.0,816.0,110500
2018-10-03,811.0,816.0,797.0,800.0,170000
2018-10-04,811.0,818.0,809.0,815.0,103000
2018-10-05,810.0,822.0,810.0,814.0,122000
2018-10-08,814.0,814.0,814.0,814.0,0
2018-10-09,817.0,821.0,797.0,806.0,158500
2018-10-10,815.0,827.0,809.0,819.0,93000
2018-10-11,808.0,808.0,782.0,789.0,151000
2018-10-12,789.0,789.0,777.0,779.0,141500
2018-10-15,773.0,774.0,753.0,757.0,141000
2018-10-16,752.0,759.0,746.0,754.0,157500
2018-10-17,759.0,776.0,758.0,770.0,109500
2018-10-18,774.0,778.0,756.0,758.0,131500
2018-10-19,744.0,755.0,742.0,753.0,150500
2018-10-22,753.0,762.0,748.0,760.0,83000
2018-10-23,756.0,756.0,739.0,739.0,79000
2018-10-24,743.0,744.0,722.0,739.0,132000
2018-10-25,727.0,730.0,718.0,722.0,135000
2018-10-26,729.0,738.0,720.0,734.0,189000
2018-10-29,734.0,734.0,720.0,724.0,188000
2018-10-30,717.0,746.0,717.0,744.0,477000
2018-10-31,742.0,759.0,742.0,750.0,149000
2018-11-01,755.0,762.0,749.0,752.0,79000
2018-11-02,755.0,758.0,740.0,751.0,105500
2018-11-05,744.0,765.0,744.0,758.0,84500
2018-11-06,767.0,768.0,760.0,764.0,53500
2018-11-07,764.0,778.0,734.0,738.0,188500
2018-11-08,742.0,758.0,741.0,750.0,65000
2018-11-09,751.0,762.0,749.0,751.0,51000
2018-11-12,751.0,753.0,740.0,750.0,60500
2018-11-13,767.0,767.0,733.0,736.0,106000
2018-11-14,742.0,744.0,731.0,741.0,60000
2018-11-15,748.0,748.0,729.0,742.0,74000
2018-11-16,742.0,749.0,737.0,747.0,64500
2018-11-19,750.0,750.0,732.0,742.0,52500
2018-11-20,745.0,745.0,734.0,739.0,69000
2018-11-21,738.0,738.0,722.0,734.0,100000
2018-11-22,744.0,744.0,728.0,739.0,53500
2018-11-23,739.0,739.0,739.0,739.0,0
2018-11-26,733.0,738.0,729.0,730.0,64000
2018-11-27,740.0,759.0,740.0,759.0,95500
2018-11-28,762.0,769.0,756.0,767.0,86500
2018-11-29,777.0,790.0,777.0,779.0,59500
2018-11-30,775.0,775.0,761.0,764.0,80000
2018-12-03,768.0,776.0,759.0,769.0,65500
2018-12-04,771.0,771.0,745.0,747.0,77500
2018-12-05,744.0,747.0,726.0,732.0,102000
2018-12-06,732.0,732.0,717.0,720.0,90000
2018-12-07,725.0,726.0,706.0,714.0,86000
2018-12-10,714.0,714.0,696.0,708.0,103500
2018-12-11,706.0,706.0,687.0,693.0,88500
2018-12-12,702.0,711.0,702.0,707.0,52500
2018-12-13,707.0,714.0,701.0,708.0,58500
2018-12-14,708.0,708.0,696.0,701.0,151000
2018-12-17,691.0,707.0,691.0,694.0,88500
2018-12-18,687.0,687.0,673.0,682.0,137500
2018-12-19,683.0,683.0,655.0,665.0,133500
2018-12-20,655.0,659.0,632.0,632.0,194000
2018-12-21,635.0,649.0,635.0,642.0,219500
2018-12-24,642.0,642.0,642.0,642.0,0
2018-12-25,641.0,644.0,631.0,635.0,193500
2018-12-26,642.0,647.0,626.0,647.0,167000
2018-12-27,657.0,673.0,651.0,673.0,122500
2018-12-28,668.0,672.0,657.0,670.0,61000
2018-12-31,670.0,670.0,670.0,670.0,0
2019-01-04,658.0,674.0,656.0,674.0,138000
2019-01-07,683.0,691.0,676.0,679.0,111000
2019-01-08,680.0,698.0,680.0,696.0,110500
2019-01-09,697.0,697.0,678.0,691.0,107500
2019-01-10,684.0,691.0,671.0,687.0,80500
2019-01-11,689.0,699.0,682.0,694.0,116000
2019-01-15,687.0,704.0,683.0,699.0,141000
2019-01-16,699.0,702.0,688.0,689.0,128500
2019-01-17,693.0,704.0,689.0,696.0,71000
2019-01-18,705.0,713.0,696.0,700.0,111000
2019-01-21,703.0,712.0,702.0,704.0,60000
2019-01-22,710.0,710.0,695.0,700.0,38500
2019-01-23,694.0,701.0,688.0,691.0,46000
2019-01-24,691.0,700.0,691.0,692.0,36500
2019-01-25,691.0,700.0,687.0,687.0,57500
2019-01-28,680.0,682.0,669.0,670.0,59500
2019-01-29,669.0,677.0,665.0,672.0,48500
2019-01-30,674.0,677.0,665.0,665.0,91000
2019-01-31,672.0,677.0,664.0,667.0,65500
2019-02-01,667.0,667.0,644.0,646.0,88500
2019-02-04,647.0,666.0,647.0,664.0,76000
2019-02-05,664.0,666.0,659.0,664.0,54000
2019-02-06,671.0,671.0,660.0,661.0,44000
2019-02-07,662.0,662.0,641.0,654.0,34000
2019-02-08,645.0,659.0,639.0,645.0,62500
2019-02-12,647.0,673.0,647.0,668.0,71500
2019-02-13,671.0,677.0,660.0,675.0,73000
2019-02-14,673.0,679.0,667.0,670.0,32000
2019-02-15,670.0,680.0,665.0,678.0,34000
2019-02-18,692.0,693.0,685.0,685.0,43500
2019-02-19,682.0,682.0,671.0,678.0,40500
2019-02-20,670.0,677.0,666.0,670.0,38500
2019-02-21,672.0,673.0,659.0,672.0,108500
2019-02-22,671.0,671.0,662.0,667.0,34000
2019-02-25,671.0,672.0,662.0,667.0,43000
2019-02-26,666.0,669.0,658.0,663.0,40000
2019-02-27,667.0,668.0,659.0,666.0,55000
2019-02-28,673.0,691.0,667.0,688.0,75000
2019-03-01,688.0,693.0,678.0,686.0,56000
2019-03-04,685.0,686.0,672.0,686.0,55000
2019-03-05,672.0,689.0,672.0,687.0,70000
2019-03-06,683.0,685.0,674.0,675.0,69000
2019-03-07,672.0,684.0,664.0,683.0,96500
2019-03-08,681.0,692.0,675.0,680.0,199500
2019-03-11,680.0,683.0,674.0,680.0,21500
2019-03-12,684.0,707.0,684.0,705.0,42500
2019-03-13,696.0,704.0,691.0,694.0,37000
2019-03-14,717.0,717.0,691.0,696.0,55500
2019-03-15,700.0,715.0,694.0,707.0,134500
2019-03-18,715.0,720.0,707.0,719.0,34500
2019-03-19,727.0,727.0,707.0,707.0,53500
2019-03-20,704.0,717.0,704.0,709.0,78000
2019-03-22,715.0,723.0,709.0,723.0,56000
2019-03-25,709.0,709.0,694.0,696.0,43000
2019-03-26,696.0,734.0,696.0,733.0,53000
2019-03-27,733.0,740.0,723.0,739.0,68000
2019-03-28,722.0,722.0,709.0,709.0,31000
2019-03-29,715.0,715.0,691.0,692.0,91500
2019-04-01,706.0,717.0,700.0,711.0,60500
2019-04-02,703.0,711.0,702.0,704.0,20000
2019-04-03,704.0,704.0,704.0,704.0,0
2019-04-04,710.0,721.0,702.0,718.0,21000
2019-04-05,713.0,716.0,705.0,712.0,31500
2019-04-08,706.0,706.0,698.0,700.0,9500
2019-04-09,697.0,698.0,688.0,688.0,8000
2019-04-10,680.0,686.0,678.0,686.0,14500
2019-04-11,681.0,686.0,670.0,686.0,26000
2019-04-12,690.0,690.0,670.0,674.0,55000
2019-04-15,688.0,709.0,687.0,709.0,102500
2019-04-16,707.0,707.0,688.0,692.0,33000
2019-04-17,692.0,696.0,685.0,692.0,52000
2019-04-18,692.0,692.0,675.0,679.0,47500
2019-04-19,685.0,685.0,676.0,678.0,17000
2019-04-22,678.0,678.0,663.0,673.0,35000
2019-04-23,674.0,679.0,670.0,676.0,18500
2019-04-24,676.0,676.0,658.0,662.0,49000
2019-04-25,667.0,677.0,657.0,677.0,38000
2019-04-26,667.0,673.0,663.0,669.0,27000
2019-05-07,666.0,679.0,661.0,678.0,83500
2019-05-08,673.0,673.0,662.0,666.0,65000
2019-05-09,657.0,657.0,641.0,646.0,75500
2019-05-10,646.0,650.0,634.0,642.0,73500
2019-05-13,630.0,634.0,600.0,618.0,90000
2019-05-14,604.0,609.0,581.0,608.0,144500
2019-05-15,622.0,651.0,608.0,630.0,129000
2019-05-16,616.0,634.0,608.0,634.0,72000
2019-05-17,634.0,641.0,632.0,637.0,50000
2019-05-20,640.0,645.0,635.0,640.0,31500
2019-05-21,640.0,651.0,640.0,649.0,59500
2019-05-22,653.0,658.0,645.0,648.0,47000
2019-05-23,642.0,649.0,639.0,645.0,38000
2019-05-24,642.0,655.0,638.0,652.0,44500
2019-05-27,658.0,663.0,651.0,663.0,21500
2019-05-28,663.0,669.0,657.0,657.0,48000
2019-05-29,650.0,652.0,641.0,649.0,57000
2019-05-30,643.0,645.0,636.0,636.0,40000
2019-05-31,636.0,636.0,627.0,632.0,48500
2019-06-03,621.0,635.0,621.0,629.0,42000
2019-06-04,621.0,635.0,620.0,635.0,88000
2019-06-05,635.0,654.0,635.0,646.0,57500
2019-06-06,641.0,655.0,641.0,643.0,53500
2019-06-07,643.0,651.0,639.0,646.0,40000
2019-06-10,646.0,653.0,643.0,651.0,35000
2019-06-11,653.0,656.0,648.0,651.0,23500
2019-06-12,650.0,653.0,638.0,638.0,36000
2019-06-13,638.0,638.0,628.0,631.0,83000
2019-06-14,627.0,634.0,624.0,630.0,126500
2019-06-17,630.0,631.0,621.0,626.0,42500
2019-06-18,627.0,627.0,608.0,612.0,72000
2019-06-19,615.0,626.0,615.0,622.0,64500
2019-06-20,621.0,622.0,608.0,610.0,68000
2019-06-21,611.0,627.0,611.0,616.0,333000
2019-06-24,618.0,624.0,618.0,619.0,56000
2019-06-25,619.0,624.0,599.4000244140625,624.0,207000
2019-06-26,619.0,622.0,608.0,620.0,88500
2019-06-27,619.0,628.0,619.0,625.0,34000
2019-06-28,620.0,624.0,602.0,604.0,100000
2019-07-01,612.0,615.0,606.0,613.0,132000
2019-07-02,613.0,616.0,606.0,615.0,45000
2019-07-03,615.0,615.0,605.0,607.0,82500
2019-07-04,607.0,625.0,607.0,622.0,55500
2019-07-05,621.0,624.0,611.0,619.0,33000
2019-07-08,615.0,626.0,614.0,615.0,82000
2019-07-09,614.0,619.0,602.0,604.0,72000
2019-07-10,602.0,615.0,602.0,612.0,100000
2019-07-11,610.0,629.0,610.0,628.0,46500
2019-07-12,628.0,637.0,628.0,630.0,45000
2019-07-16,623.0,629.0,621.0,628.0,32000
2019-07-17,625.0,638.0,622.0,630.0,57500
2019-07-18,625.0,625.0,614.0,621.0,155000
2019-07-19,623.0,631.0,623.0,626.0,39000
2019-07-22,628.0,634.0,619.0,619.0,92500
2019-07-23,619.0,631.0,618.0,628.0,37000
2019-07-24,629.0,632.0,599.7999877929688,608.0,108000
2019-07-25,608.0,616.0,606.0,615.0,50000
2019-07-26,609.0,619.0,608.0,619.0,45000
2019-07-29,615.0,618.0,610.0,616.0,35000
2019-07-30,615.0,625.0,615.0,624.0,59500
2019-07-31,612.0,624.0,609.0,618.0,97500
2019-08-01,617.0,621.0,617.0,621.0,34000
2019-08-02,611.0,611.0,601.0,605.0,124000
2019-08-05,595.0,596.0,580.0,585.4000244140625,111500
2019-08-06,571.0,584.2000122070312,564.5999755859375,580.2000122070312,67000
2019-08-07,573.0,584.7999877929688,573.0,583.4000244140625,56000
2019-08-08,580.5999755859375,584.5999755859375,580.5999755859375,584.0,153500
2019-08-09,584.0,584.0,565.4000244140625,571.4000244140625,37500
2019-08-13,561.4000244140625,563.0,548.4000244140625,562.7999877929688,83500
2019-08-14,582.7999877929688,590.0,566.4000244140625,590.0,86000
2019-08-15,565.7999877929688,579.5999755859375,565.2000122070312,578.4000244140625,33000
2019-08-16,570.2000122070312,587.4000244140625,570.2000122070312,585.4000244140625,38500
2019-08-19,586.2000122070312,598.0,586.2000122070312,593.2000122070312,38500
2019-08-20,598.7999877929688,599.0,594.7999877929688,599.0,27500
2019-08-21,599.0,600.0,591.7999877929688,598.4000244140625,41500
2019-08-22,603.0,610.0,596.4000244140625,610.0,50500
2019-08-23,605.0,610.0,604.0,605.0,34000
2019-08-26,594.2000122070312,601.0,591.7999877929688,596.5999755859375,63000
2019-08-27,600.0,600.0,592.5999755859375,595.7999877929688,51500
2019-08-28,592.7999877929688,599.5999755859375,592.7999877929688,599.0,36500
2019-08-29,599.0,599.0,592.5999755859375,593.2000122070312,21000
2019-08-30,593.7999877929688,599.4000244140625,593.7999877929688,597.0,73000
2019-09-02,594.2000122070312,596.2000122070312,586.5999755859375,586.5999755859375,17000
2019-09-03,587.5999755859375,587.5999755859375,575.0,575.0,39500
2019-09-04,573.2000122070312,573.2000122070312,563.5999755859375,563.5999755859375,38000
2019-09-05,563.0,575.5999755859375,560.2000122070312,573.5999755859375,78000
2019-09-06,573.5999755859375,574.7999877929688,563.0,565.5999755859375,18000
2019-09-09,566.5999755859375,570.4000244140625,564.7999877929688,570.4000244140625,34500
2019-09-10,568.7999877929688,577.7999877929688,568.4000244140625,572.4000244140625,142000
2019-09-11,581.7999877929688,614.0,569.7999877929688,612.0,141000
2019-09-12,616.0,619.0,610.0,614.0,92500
2019-09-13,614.0,616.0,612.0,612.0,212500
2019-09-17,600.0,620.0,600.0,606.0,114500
2019-09-18,607.0,610.0,593.5999755859375,598.7999877929688,80500
2019-09-19,601.0,607.0,599.0,604.0,106000
2019-09-20,609.0,609.0,603.0,608.0,79500
2019-09-24,608.0,612.0,596.2000122070312,604.0,75500
2019-09-25,605.0,606.0,602.0,604.0,49500
2019-09-26,604.0,609.0,596.4000244140625,604.0,147000
2019-09-27,604.0,604.0,584.7999877929688,593.4000244140625,58000
2019-09-30,589.0,589.0,572.2000122070312,579.5999755859375,76000
2019-10-01,583.0,590.5999755859375,580.7999877929688,585.5999755859375,50000
2019-10-02,580.0,597.0,580.0,595.4000244140625,72500
2019-10-03,585.4000244140625,585.4000244140625,565.7999877929688,570.5999755859375,115500
2019-10-04,563.2000122070312,565.2000122070312,555.7999877929688,562.7999877929688,51500
2019-10-07,562.7999877929688,562.7999877929688,550.5999755859375,551.5999755859375,61000
2019-10-08,556.7999877929688,570.2000122070312,556.7999877929688,570.2000122070312,98000
2019-10-09,564.7999877929688,564.7999877929688,553.2000122070312,561.2000122070312,70000
2019-10-10,564.2000122070312,564.2000122070312,550.5999755859375,555.0,45000
2019-10-11,555.5999755859375,559.0,551.5999755859375,558.2000122070312,66500
2019-10-15,571.2000122070312,574.7999877929688,567.5999755859375,568.4000244140625,76500
2019-10-16,575.0,582.4000244140625,572.5999755859375,577.4000244140625,76500
2019-10-17,581.2000122070312,581.2000122070312,568.5999755859375,570.4000244140625,59500
2019-10-18,575.0,580.7999877929688,563.7999877929688,567.4000244140625,84500
2019-10-21,571.5999755859375,572.2000122070312,563.4000244140625,565.5999755859375,54500
2019-10-23,565.7999877929688,573.7999877929688,556.5999755859375,572.5999755859375,75000
2019-10-24,579.4000244140625,582.0,570.2000122070312,580.0,81000
2019-10-25,580.0,581.2000122070312,572.7999877929688,580.0,57500
2019-10-28,580.2000122070312,582.5999755859375,571.4000244140625,579.7999877929688,82000
2019-10-29,586.4000244140625,596.4000244140625,586.4000244140625,587.5999755859375,72000
2019-10-30,591.0,598.7999877929688,575.5999755859375,598.7999877929688,212500
2019-10-31,599.4000244140625,603.0,585.2000122070312,602.0,96500
2019-11-01,599.7999877929688,599.7999877929688,590.5999755859375,596.7999877929688,30000
2019-11-05,603.0,619.0,598.0,614.0,119000
2019-11-06,614.0,620.0,614.0,614.0,64000
2019-11-07,603.0,615.0,603.0,610.0,42000
2019-11-08,613.0,617.0,605.0,608.0,79000
2019-11-11,609.0,614.0,603.0,608.0,63500
2019-11-12,596.0,605.0,584.5999755859375,591.7999877929688,97000
2019-11-13,584.2000122070312,588.4000244140625,577.0,580.0,73000
2019-11-14,580.7999877929688,580.7999877929688,565.5999755859375,569.2000122070312,83000
2019-11-15,573.5999755859375,587.0,573.5999755859375,583.4000244140625,72500
2019-11-18,588.7999877929688,588.7999877929688,577.4000244140625,584.0,62500
2019-11-19,584.0,584.0,564.7999877929688,568.4000244140625,74000
2019-11-20,561.0,567.0,561.0,563.4000244140625,44000
2019-11-21,564.4000244140625,576.4000244140625,559.2000122070312,576.4000244140625,74000
2019-11-22,576.2000122070312,576.7999877929688,564.4000244140625,565.4000244140625,58500
2019-11-25,570.7999877929688,570.7999877929688,561.4000244140625,562.7999877929688,32000
2019-11-26,566.5999755859375,572.2000122070312,564.4000244140625,566.0,64000
2019-11-27,570.4000244140625,570.4000244140625,563.7999877929688,566.0,49500
2019-11-28,566.0,566.0,557.0,563.7999877929688,86000
2019-11-29,563.7999877929688,569.0,563.2000122070312,569.0,36000
2019-12-02,569.2000122070312,575.5999755859375,567.2000122070312,570.7999877929688,63000
2019-12-03,568.2000122070312,568.2000122070312,556.0,556.0,66500
2019-12-04,555.2000122070312,559.4000244140625,547.7999877929688,559.4000244140625,64000
2019-12-05,559.4000244140625,561.2000122070312,556.7999877929688,557.7999877929688,30000
2019-12-06,562.0,563.0,555.4000244140625,557.0,38500
2019-12-09,560.7999877929688,562.0,555.2000122070312,559.2000122070312,41000
2019-12-10,557.0,559.2000122070312,555.7999877929688,556.5999755859375,42500
2019-12-11,555.7999877929688,557.0,548.0,550.7999877929688,107500
2019-12-12,551.4000244140625,551.4000244140625,545.4000244140625,547.2000122070312,73500
2019-12-13,550.0,565.0,550.0,560.2000122070312,229000
2019-12-16,560.2000122070312,563.4000244140625,557.0,560.0,36500
2019-12-17,562.0,565.7999877929688,557.4000244140625,565.7999877929688,72000
2019-12-18,565.7999877929688,570.7999877929688,561.7999877929688,564.4000244140625,75000
2019-12-19,561.4000244140625,564.0,558.0,560.4000244140625,44000
2019-12-20,562.0,576.4000244140625,558.4000244140625,576.2000122070312,195500
2019-12-23,576.5999755859375,576.7999877929688,558.0,559.4000244140625,160500
2019-12-24,559.4000244140625,559.4000244140625,554.4000244140625,554.7999877929688,60000
2019-12-25,559.4000244140625,559.4000244140625,547.0,548.4000244140625,57500
2019-12-26,547.0,554.4000244140625,547.0,554.4000244140625,83500
2019-12-27,558.0,565.2000122070312,557.5999755859375,564.5999755859375,54500
2019-12-30,560.7999877929688,562.7999877929688,556.5999755859375,556.5999755859375,28000
2020-01-06,545.4000244140625,547.7999877929688,538.4000244140625,542.5999755859375,152000
2020-01-07,547.7999877929688,557.0,546.4000244140625,553.5999755859375,69500
2020-01-08,546.0,546.0,538.0,538.2000122070312,86500
2020-01-09,541.2000122070312,548.0,541.2000122070312,542.5999755859375,61000
2020-01-10,546.2000122070312,547.0,540.5999755859375,541.5999755859375,52500
2020-01-14,542.4000244140625,542.4000244140625,531.4000244140625,535.2000122070312,113000
2020-01-15,533.2000122070312,536.4000244140625,530.0,536.4000244140625,131000
2020-01-16,536.2000122070312,536.2000122070312,527.5999755859375,527.5999755859375,54000
2020-01-17,528.2000122070312,533.2000122070312,528.0,530.7999877929688,61500
2020-01-20,530.7999877929688,537.4000244140625,527.2000122070312,533.5999755859375,56500
2020-01-21,533.7999877929688,537.0,532.0,536.4000244140625,40000
2020-01-22,532.0,537.0,532.0,532.7999877929688,50500
2020-01-23,532.2000122070312,534.7999877929688,529.4000244140625,529.5999755859375,61500
2020-01-24,528.5999755859375,528.5999755859375,521.5999755859375,521.5999755859375,100500
2020-01-27,515.7999877929688,519.7999877929688,507.2000122070313,511.3999938964844,125500
2020-01-28,507.7999877929688,515.0,503.0,514.4000244140625,85500
2020-01-29,510.3999938964844,513.7999877929688,508.0,513.7999877929688,40000
2020-01-30,512.0,512.0,502.7999877929688,509.6000061035156,75500
2020-01-31,511.7999877929688,514.5999755859375,509.6000061035156,511.2000122070313,68500
2020-02-03,501.2000122070313,508.7999877929688,501.0,506.6000061035156,39500
2020-02-04,506.2000122070313,510.0,505.3999938964844,510.0,40500
2020-02-05,510.0,518.7999877929688,510.0,512.4000244140625,76500
2020-02-06,520.7999877929688,525.2000122070312,517.5999755859375,523.4000244140625,88500
2020-02-07,523.4000244140625,523.4000244140625,512.7999877929688,514.7999877929688,36000
2020-02-10,509.2000122070313,512.0,506.2000122070313,510.2000122070313,47500
2020-02-12,515.0,515.0,491.6000061035156,496.7999877929688,119000
2020-02-13,494.3999938964844,494.6000061035156,485.7999877929688,490.0,94500
2020-02-14,488.2000122070313,488.2000122070313,476.2000122070313,481.7999877929688,109000
2020-02-17,481.7999877929688,481.7999877929688,470.0,473.0,39500
2020-02-18,471.7999877929688,471.7999877929688,461.6000061035156,462.7999877929688,97500
2020-02-19,461.3999938964844,462.3999938964844,454.7999877929688,455.6000061035156,146000
2020-02-20,455.6000061035156,461.2000122070313,453.6000061035156,454.6000061035156,70000
2020-02-21,454.6000061035156,456.2000122070313,452.7999877929688,456.0,100000
2020-02-25,440.6000061035156,442.7999877929688,435.3999938964844,435.3999938964844,270500
2020-02-26,426.0,432.0,426.0,431.3999938964844,138500
2020-02-27,428.0,428.0,421.6000061035156,424.2000122070313,124500
2020-02-28,415.0,418.3999938964844,410.2000122070313,414.3999938964844,150500
2020-03-02,414.3999938964844,425.7999877929688,410.7999877929688,425.3999938964844,193500
2020-03-03,434.3999938964844,438.6000061035156,432.2000122070313,435.0,213500
2020-03-04,425.3999938964844,427.6000061035156,418.7999877929688,421.6000061035156,169500
2020-03-05,426.2000122070313,426.2000122070313,419.2000122070313,420.2000122070313,122500
2020-03-06,410.2000122070313,410.2000122070313,397.3999938964844,398.3999938964844,180000
2020-03-09,392.0,392.0,367.3999938964844,372.0,181000
2020-03-10,365.7999877929688,388.0,358.3999938964844,379.3999938964844,140500
2020-03-11,372.6000061035156,382.0,363.6000061035156,364.0,189500
2020-03-12,360.0,360.0,338.79998779296875,343.6000061035156,214000
2020-03-13,309.6000061035156,322.20001220703125,302.79998779296875,319.79998779296875,341500
2020-03-16,320.0,336.3999938964844,318.20001220703125,326.3999938964844,127000
2020-03-17,318.0,359.3999938964844,314.3999938964844,354.20001220703125,234000
2020-03-18,360.0,367.6000061035156,333.20001220703125,334.3999938964844,154500
2020-03-19,342.3999938964844,342.3999938964844,320.0,320.0,290000
2020-03-23,320.3999938964844,372.2000122070313,320.3999938964844,371.0,200000
2020-03-24,382.0,387.7999877929688,371.0,385.7999877929688,147500
2020-03-25,390.0,398.7999877929688,386.2000122070313,398.7999877929688,121500
2020-03-26,397.7999877929688,397.7999877929688,372.0,386.0,251500
2020-03-27,412.0,421.7999877929688,404.7999877929688,421.7999877929688,303500
2020-03-30,411.7999877929688,414.7999877929688,388.7999877929688,404.0,168500
2020-03-31,406.2000122070313,411.2000122070313,376.7999877929688,381.3999938964844,122500
2020-04-01,381.3999938964844,383.0,360.3999938964844,365.0,99000
2020-04-02,364.3999938964844,364.3999938964844,339.6000061035156,345.20001220703125,88500
2020-04-03,341.0,357.0,340.6000061035156,346.3999938964844,84000
2020-04-06,345.3999938964844,366.2000122070313,341.6000061035156,365.0,86000
2020-04-07,371.6000061035156,380.0,360.0,380.0,93000
2020-04-08,381.0,409.6000061035156,378.2000122070313,403.0,170500
2020-04-09,402.6000061035156,408.2000122070313,387.0,392.0,97500
2020-04-10,400.0,411.7999877929688,393.0,409.7999877929688,84000
2020-04-13,409.7999877929688,410.3999938964844,394.0,401.0,57500
2020-04-14,399.3999938964844,409.6000061035156,395.0,407.0,65000
2020-04-15,405.3999938964844,410.6000061035156,380.3999938964844,384.7999877929688,151000
2020-04-16,378.0,412.3999938964844,378.0,412.3999938964844,114000
2020-04-17,412.7999877929688,427.2000122070313,405.6000061035156,409.7999877929688,107000
2020-04-20,409.7999877929688,421.2000122070313,409.7999877929688,410.6000061035156,62500
2020-04-21,410.6000061035156,411.6000061035156,403.3999938964844,405.6000061035156,71000
2020-04-22,405.6000061035156,415.6000061035156,384.7999877929688,387.2000122070313,102500
2020-04-23,390.0,405.2000122070313,380.3999938964844,405.2000122070313,95500
2020-04-24,403.0,404.6000061035156,393.0,403.7999877929688,92500
2020-04-27,405.3999938964844,416.7999877929688,399.6000061035156,416.7999877929688,67500
2020-04-28,440.0,446.7999877929688,424.7999877929688,428.2000122070313,186500
2020-04-30,439.7999877929688,444.3999938964844,430.7999877929688,430.7999877929688,116000
2020-05-01,430.7999877929688,431.0,421.3999938964844,425.0,63000
2020-05-07,425.7999877929688,427.3999938964844,411.6000061035156,422.6000061035156,114000
2020-05-08,428.7999877929688,428.7999877929688,421.3999938964844,426.3999938964844,33500
2020-05-11,429.6000061035156,434.2000122070313,423.7999877929688,432.3999938964844,44500
2020-05-12,419.3999938964844,439.3999938964844,419.3999938964844,432.0,69000
2020-05-13,435.2000122070313,437.3999938964844,423.3999938964844,433.2000122070313,110500
2020-05-14,435.2000122070313,443.7999877929688,427.6000061035156,437.3999938964844,70000
2020-05-15,447.3999938964844,479.7999877929688,446.7999877929688,475.0,239000
2020-05-18,467.2000122070313,470.2000122070313,457.6000061035156,468.0,101000
2020-05-19,473.0,480.0,461.7999877929688,465.2000122070313,122500
2020-05-20,462.6000061035156,472.6000061035156,460.2000122070313,463.2000122070313,70500
2020-05-21,468.7999877929688,486.7999877929688,465.3999938964844,486.7999877929688,74000
2020-05-22,486.7999877929688,487.0,472.3999938964844,472.6000061035156,66500
2020-05-25,479.7999877929688,479.7999877929688,467.0,472.0,35000
2020-05-26,472.3999938964844,484.2000122070313,472.3999938964844,483.7999877929688,79000
2020-05-27,483.7999877929688,508.7999877929688,474.7999877929688,505.7999877929688,157000
2020-05-28,515.0,519.7999877929688,509.7999877929688,519.4000244140625,150000
2020-05-29,519.7999877929688,519.7999877929688,483.7999877929688,505.0,166000
2020-06-01,511.2000122070313,511.2000122070313,478.2000122070313,483.6000061035156,110500
2020-06-02,486.0,489.3999938964844,477.7999877929688,486.2000122070313,119000
2020-06-03,486.6000061035156,490.7999877929688,472.2000122070313,484.7999877929688,83000
2020-06-04,486.6000061035156,495.7999877929688,486.0,495.7999877929688,61500
2020-06-05,497.6000061035156,498.7999877929688,480.0,482.7999877929688,71000
2020-06-08,482.6000061035156,495.3999938964844,482.6000061035156,491.0,77000
2020-06-09,498.3999938964844,501.0,486.6000061035156,501.0,59500
2020-06-10,500.7999877929688,500.7999877929688,489.0,491.0,35500
2020-06-11,484.2000122070313,488.0,471.7999877929688,471.7999877929688,60500
2020-06-12,467.7999877929688,467.7999877929688,455.2000122070313,462.2000122070313,88500
2020-06-15,462.2000122070313,463.7999877929688,453.0,456.0,44500
2020-06-16,476.0,484.3999938964844,469.0,484.3999938964844,64000
2020-06-17,490.6000061035156,493.7999877929688,463.0,479.3999938964844,102500
2020-06-18,481.2000122070313,485.6000061035156,471.0,484.6000061035156,58000
2020-06-19,490.0,490.0,467.2000122070313,471.2000122070313,153500
2020-06-22,471.2000122070313,483.0,471.2000122070313,479.7999877929688,74500
2020-06-23,485.7999877929688,485.7999877929688,467.3999938964844,480.0,172000
2020-06-24,481.3999938964844,481.3999938964844,467.6000061035156,470.7999877929688,22500
2020-06-25,470.7999877929688,484.3999938964844,463.0,482.7999877929688,83500
2020-06-26,484.6000061035156,484.6000061035156,476.2000122070313,480.6000061035156,52000
2020-06-29,480.6000061035156,484.2000122070313,465.0,481.6000061035156,110000
2020-06-30,486.0,489.7999877929688,468.2000122070313,475.0,137500
2020-07-01,476.2000122070313,478.2000122070313,468.2000122070313,470.2000122070313,96500
2020-07-02,475.2000122070313,477.7999877929688,466.0,473.3999938964844,112500
2020-07-03,473.6000061035156,482.2000122070313,467.2000122070313,480.3999938964844,66500
2020-07-06,482.3999938964844,494.3999938964844,482.3999938964844,488.3999938964844,76500
2020-07-07,493.3999938964844,493.3999938964844,478.2000122070313,485.2000122070313,46000
2020-07-08,479.0,484.7999877929688,473.0,473.0,58500
2020-07-09,473.0,475.0,465.7999877929688,466.6000061035156,177500
2020-07-10,466.6000061035156,466.6000061035156,453.2000122070313,456.3999938964844,139500
2020-07-13,465.6000061035156,479.6000061035156,461.6000061035156,472.3999938964844,106000
2020-07-14,475.2000122070313,481.0,466.6000061035156,475.3999938964844,130500
2020-07-15,475.7999877929688,489.3999938964844,472.3999938964844,488.6000061035156,211500
2020-07-16,485.7999877929688,491.3999938964844,475.6000061035156,479.7999877929688,271500
2020-07-17,480.0,489.6000061035156,472.7999877929688,483.7999877929688,167000
2020-07-20,482.0,491.3999938964844,475.3999938964844,488.0,174000
2020-07-21,488.2000122070313,496.0,479.7999877929688,496.0,201000
2020-07-22,491.2000122070313,495.7999877929688,487.3999938964844,487.6000061035156,68000
2020-07-27,477.7999877929688,485.0,472.6000061035156,484.2000122070313,104500
2020-07-28,479.0,492.3999938964844,478.2000122070313,482.3999938964844,87000
2020-07-29,476.6000061035156,487.0,475.6000061035156,481.7999877929688,82000
2020-07-30,484.2000122070313,485.6000061035156,479.2000122070313,483.3999938964844,86500
2020-07-31,482.0,482.2000122070313,470.2000122070313,471.6000061035156,110500
2020-08-03,471.6000061035156,486.0,471.6000061035156,484.0,74000
2020-08-04,488.3999938964844,506.0,488.3999938964844,505.7999877929688,84000
2020-08-05,502.0,502.0,495.3999938964844,496.6000061035156,82000
2020-08-06,496.6000061035156,501.2000122070313,484.7999877929688,484.7999877929688,52000
2020-08-07,478.6000061035156,488.0,470.6000061035156,470.6000061035156,78500
2020-08-11,474.3999938964844,494.0,470.2000122070313,491.0,88000
2020-08-12,491.6000061035156,499.7999877929688,491.6000061035156,499.3999938964844,63000
2020-08-13,502.0,508.7999877929688,496.7999877929688,508.7999877929688,110500
2020-08-14,508.7999877929688,513.5999755859375,502.3999938964844,509.7999877929688,57500
2020-08-17,512.0,516.5999755859375,508.6000061035156,512.4000244140625,25500
2020-08-18,517.4000244140625,517.5999755859375,507.2000122070313,513.7999877929688,64500
2020-08-19,513.7999877929688,513.7999877929688,495.6000061035156,497.0,72500
2020-08-20,499.6000061035156,500.6000061035156,493.7999877929688,499.6000061035156,60000
2020-08-21,499.6000061035156,500.3999938964844,484.0,487.6000061035156,75000
2020-08-24,487.6000061035156,487.6000061035156,479.7999877929688,480.2000122070313,32000
2020-08-25,482.2000122070313,502.3999938964844,482.2000122070313,502.2000122070313,78500
2020-08-26,497.6000061035156,500.7999877929688,493.3999938964844,494.2000122070313,51000
2020-08-27,496.2000122070313,496.2000122070313,484.0,487.7999877929688,40500
2020-08-28,487.7999877929688,498.2000122070313,482.7999877929688,494.7999877929688,126500
2020-08-31,491.0,499.0,486.6000061035156,488.6000061035156,42000
2020-09-01,488.6000061035156,488.6000061035156,479.0,482.0,62000
2020-09-02,488.3999938964844,490.0,481.6000061035156,489.2000122070313,80500
2020-09-03,489.2000122070313,491.7999877929688,475.0,477.0,123000
2020-09-04,470.2000122070313,494.7999877929688,470.2000122070313,493.7999877929688,105000
2020-09-07,494.0,518.0,492.3999938964844,501.6000061035156,78000
2020-09-08,501.6000061035156,511.6000061035156,500.0,510.0,51500
2020-09-09,494.7999877929688,498.0,480.2000122070313,482.7999877929688,142000
2020-09-10,488.0,488.0,468.7999877929688,481.6000061035156,158500
2020-09-11,477.2000122070313,489.2000122070313,477.2000122070313,488.0,125000
2020-09-14,489.6000061035156,489.6000061035156,481.3999938964844,486.3999938964844,63000
2020-09-15,489.6000061035156,489.6000061035156,475.3999938964844,486.7999877929688,90500
2020-09-16,490.0,490.2000122070313,483.6000061035156,485.3999938964844,73000
2020-09-17,483.3999938964844,489.6000061035156,483.0,488.0,30500
2020-09-18,490.3999938964844,496.3999938964844,486.3999938964844,490.3999938964844,143500
2020-09-23,490.3999938964844,490.3999938964844,471.0,479.2000122070313,136500
2020-09-24,482.3999938964844,483.3999938964844,472.3999938964844,478.0,65000
2020-09-25,488.0,488.0,478.2000122070313,486.3999938964844,72500
2020-09-28,492.3999938964844,507.3999938964844,485.3999938964844,505.3999938964844,132000
2020-09-29,504.2000122070313,518.5999755859375,496.3999938964844,502.0,134500
2020-09-30,504.3999938964844,504.3999938964844,485.7999877929688,487.0,88500
2020-10-02,494.2000122070313,494.6000061035156,479.6000061035156,480.3999938964844,101500
2020-10-05,479.0,490.7999877929688,479.0,489.3999938964844,67000
2020-10-06,495.6000061035156,497.2000122070313,482.3999938964844,494.0,61000
2020-10-07,494.0,496.2000122070313,483.2000122070313,492.0,60500
2020-10-08,492.3999938964844,505.2000122070313,487.7999877929688,499.6000061035156,103000
2020-10-09,500.6000061035156,500.6000061035156,489.7999877929688,499.0,75500
2020-10-12,495.0,498.0,490.0,494.7999877929688,29000
2020-10-13,502.6000061035156,502.6000061035156,487.0,487.6000061035156,55500
2020-10-14,487.6000061035156,495.6000061035156,481.6000061035156,489.0,51000
2020-10-15,492.0,494.2000122070313,483.0,487.0,46500
2020-10-16,487.0,494.7999877929688,481.3999938964844,491.7999877929688,51500
2020-10-19,494.7999877929688,503.6000061035156,494.7999877929688,502.0,65000
2020-10-20,501.3999938964844,505.3999938964844,498.3999938964844,499.6000061035156,81000
2020-10-21,505.3999938964844,513.5999755859375,505.0,506.3999938964844,67000
2020-10-22,506.3999938964844,509.0,501.6000061035156,502.3999938964844,48500
2020-10-23,508.3999938964844,510.7999877929688,499.7999877929688,508.3999938964844,67000
2020-10-26,502.6000061035156,505.6000061035156,501.2000122070313,504.2000122070313,46000
2020-10-27,503.6000061035156,503.7999877929688,496.3999938964844,498.2000122070313,49500
2020-10-28,498.0,503.3999938964844,485.3999938964844,497.0,86500
2020-10-29,494.0,500.0,491.2000122070313,494.0,51500
2020-10-30,503.7999877929688,503.7999877929688,476.0,481.3999938964844,133000
2020-11-02,487.3999938964844,506.2000122070313,487.3999938964844,506.2000122070313,138000
2020-11-04,501.2000122070313,501.2000122070313,480.7999877929688,484.2000122070313,218500
2020-11-05,483.3999938964844,514.0,474.0,508.6000061035156,339000
2020-11-06,506.2000122070313,517.0,497.7999877929688,513.5999755859375,130500
2020-11-09,513.5999755859375,513.5999755859375,501.0,507.2000122070313,94500
2020-11-10,516.0,534.4000244140625,488.3999938964844,508.0,239500
2020-11-11,519.7999877929688,522.2000122070312,506.0,512.0,142000
2020-11-12,516.7999877929688,516.7999877929688,505.7999877929688,516.2000122070312,94000
2020-11-13,515.2000122070312,515.2000122070312,499.7999877929688,504.2000122070313,112500
2020-11-16,515.0,518.4000244140625,506.2000122070313,511.0,119000
2020-11-17,514.4000244140625,514.4000244140625,492.6000061035156,498.2000122070313,234000
2020-11-18,492.0,501.7999877929688,481.2000122070313,500.0,381500
2020-11-19,493.2000122070313,493.2000122070313,477.2000122070313,488.0,294000
2020-11-20,488.0,491.7999877929688,483.3999938964844,485.7999877929688,99000
2020-11-24,495.2000122070313,495.2000122070313,477.0,477.6000061035156,218000
2020-11-25,485.3999938964844,485.3999938964844,468.2000122070313,468.2000122070313,169000
2020-11-26,472.0,477.2000122070313,465.6000061035156,473.7999877929688,115000
2020-11-27,476.6000061035156,479.2000122070313,468.7999877929688,474.2000122070313,137000
2020-11-30,475.3999938964844,476.0,452.3999938964844,465.0,184500
2020-12-01,465.2000122070313,465.2000122070313,455.3999938964844,460.0,131500
2020-12-02,462.0,468.0,456.0,462.2000122070313,259000
2020-12-03,462.2000122070313,470.0,458.6000061035156,470.0,97500
2020-12-04,470.0,474.6000061035156,462.7999877929688,474.0,154000
2020-12-07,474.0,474.0,463.7999877929688,464.6000061035156,117500
2020-12-08,463.2000122070313,470.2000122070313,456.7999877929688,466.3999938964844,154500
2020-12-09,466.0,470.7999877929688,460.6000061035156,468.0,172000
2020-12-10,470.7999877929688,475.0,465.2000122070313,467.6000061035156,152000
2020-12-11,463.2000122070313,464.6000061035156,452.3999938964844,455.2000122070313,175000
2020-12-14,456.0,456.2000122070313,443.3999938964844,445.2000122070313,308500
2020-12-15,443.0,444.0,435.2000122070313,436.7999877929688,147000
2020-12-16,441.6000061035156,441.6000061035156,431.7999877929688,431.7999877929688,152000
2020-12-17,433.7999877929688,435.6000061035156,423.2000122070313,429.3999938964844,111000
2020-12-18,425.0,428.7999877929688,418.7999877929688,423.7999877929688,222000
2020-12-21,424.2000122070313,436.6000061035156,409.2000122070313,412.0,273000
2020-12-22,408.6000061035156,409.0,402.6000061035156,407.0,290500
2020-12-23,407.0,414.2000122070313,402.2000122070313,414.2000122070313,166000
2020-12-24,412.6000061035156,419.7999877929688,412.6000061035156,416.3999938964844,127500
2020-12-25,416.3999938964844,417.3999938964844,405.2000122070313,412.3999938964844,104500
2020-12-28,416.2000122070313,425.0,412.2000122070313,425.0,202000
2020-12-29,426.0,428.7999877929688,418.2000122070313,428.0,103500
2020-12-30,427.0,427.0,407.0,407.0,171500
2021-01-04,411.6000061035156,411.6000061035156,400.2000122070313,404.0,157000
2021-01-05,406.0,407.6000061035156,399.2000122070313,402.7999877929688,122000
2021-01-06,400.6000061035156,411.2000122070313,400.6000061035156,407.6000061035156,100000
2021-01-07,411.7999877929688,419.0,406.3999938964844,407.7999877929688,211000
2021-01-08,408.3999938964844,419.3999938964844,404.2000122070313,417.7999877929688,170500
2021-01-12,421.3999938964844,427.6000061035156,415.0,422.0,161000
2021-01-13,422.0,425.7999877929688,420.0,423.7999877929688,81500
2021-01-14,423.7999877929688,426.0,421.0,425.2000122070313,78500
2021-01-15,424.2000122070313,425.2000122070313,418.3999938964844,418.3999938964844,71000
2021-01-18,418.3999938964844,425.3999938964844,412.7999877929688,424.7999877929688,64000
2021-01-19,428.7999877929688,428.7999877929688,419.6000061035156,419.7999877929688,66000
2021-01-20,419.7999877929688,425.2000122070313,418.0,423.3999938964844,69000
2021-01-21,423.3999938964844,430.0,420.3999938964844,421.0,123500
2021-01-22,416.2000122070313,416.3999938964844,407.6000061035156,409.2000122070313,242500
2021-01-25,409.2000122070313,411.2000122070313,407.0,408.0,127000
2021-01-26,414.7999877929688,416.7999877929688,405.2000122070313,409.7999877929688,133500
2021-01-27,408.0,415.7999877929688,406.2000122070313,415.7999877929688,105500
2021-01-28,408.2000122070313,412.6000061035156,408.2000122070313,409.3999938964844,167000
2021-01-29,409.2000122070313,411.7999877929688,403.2000122070313,403.2000122070313,104000
2021-02-01,403.3999938964844,409.2000122070313,402.6000061035156,404.0,87500
2021-02-02,406.2000122070313,408.7999877929688,402.0,404.0,115000
2021-02-03,404.6000061035156,409.3999938964844,404.6000061035156,406.0,131500
2021-02-04,406.2000122070313,422.7999877929688,406.2000122070313,421.7999877929688,208000
2021-02-05,420.0,429.2000122070313,420.0,424.3999938964844,116500
2021-02-08,429.6000061035156,437.2000122070313,423.3999938964844,427.0,112000
2021-02-09,429.7999877929688,431.3999938964844,422.2000122070313,430.0,126500
2021-02-10,430.0,430.2000122070313,420.3999938964844,421.0,114000
2021-02-12,424.0,429.0,418.6000061035156,419.7999877929688,132500
2021-02-15,424.0,432.0,423.2000122070313,428.7999877929688,185000
2021-02-16,429.3999938964844,436.6000061035156,426.3999938964844,428.7999877929688,199500
2021-02-17,428.7999877929688,435.0,421.3999938964844,423.3999938964844,243000
2021-02-18,425.6000061035156,430.6000061035156,423.7999877929688,426.6000061035156,196000
2021-02-19,424.2000122070313,424.3999938964844,419.0,420.0,154500
2021-02-22,423.3999938964844,434.6000061035156,423.3999938964844,431.0,98500
2021-02-24,431.0,431.0,423.6000061035156,427.3999938964844,174500
2021-02-25,427.6000061035156,438.7999877929688,426.0,438.0,171500
2021-02-26,432.0,432.0,420.3999938964844,420.3999938964844,249500
2021-03-01,420.3999938964844,423.0,414.6000061035156,418.3999938964844,252500
2021-03-02,422.2000122070313,422.2000122070313,414.0,420.0,177500
2021-03-03,420.7999877929688,429.3999938964844,416.3999938964844,422.6000061035156,265500
2021-03-04,420.3999938964844,429.3999938964844,415.0,419.6000061035156,198500
2021-03-05,418.3999938964844,426.0,413.0,423.2000122070313,244500
2021-03-08,424.0,428.6000061035156,420.6000061035156,423.0,152000
2021-03-09,426.3999938964844,431.7999877929688,424.0,428.0,309500
2021-03-10,428.2000122070313,440.0,423.3999938964844,435.7999877929688,209000
2021-03-11,434.7999877929688,451.2000122070313,434.7999877929688,450.6000061035156,203500
2021-03-12,441.3999938964844,444.2000122070313,435.6000061035156,442.7999877929688,235000
2021-03-15,450.0,460.7999877929688,447.2000122070313,459.2000122070313,173000
2021-03-16,456.7999877929688,465.2000122070313,456.3999938964844,460.0,134000
2021-03-17,463.7999877929688,471.0,460.6000061035156,471.0,103000
2021-03-18,475.2000122070313,475.2000122070313,460.6000061035156,473.7999877929688,189000
2021-03-19,478.7999877929688,488.0,473.0,479.0,322500
2021-03-22,479.0,479.7999877929688,468.6000061035156,477.0,229000
2021-03-23,479.7999877929688,482.3999938964844,468.3999938964844,468.3999938964844,180500
2021-03-24,460.0,460.0,443.2000122070313,445.6000061035156,316000
2021-03-25,448.6000061035156,468.0,448.2000122070313,467.7999877929688,173000
2021-03-26,467.7999877929688,469.7999877929688,459.3999938964844,462.6000061035156,130500
2021-03-29,465.7999877929688,465.7999877929688,451.0,457.2000122070313,179000
2021-03-30,446.2000122070313,448.6000061035156,437.0,444.3999938964844,259500
2021-03-31,442.2000122070313,444.6000061035156,430.6000061035156,430.7999877929688,185500
2021-04-01,435.3999938964844,436.7999877929688,423.7999877929688,426.3999938964844,210000
2021-04-02,431.2000122070313,431.2000122070313,421.0,425.2000122070313,119000
2021-04-05,425.2000122070313,435.2000122070313,424.2000122070313,425.7999877929688,227000
2021-04-06,425.7999877929688,428.6000061035156,416.6000061035156,423.6000061035156,204500
2021-04-07,419.3999938964844,425.3999938964844,419.3999938964844,421.2000122070313,107500
2021-04-08,420.7999877929688,423.7999877929688,408.7999877929688,409.6000061035156,312500
2021-04-09,411.3999938964844,413.7999877929688,403.3999938964844,404.2000122070313,207000
2021-04-12,406.7999877929688,410.7999877929688,402.0,403.6000061035156,272500
2021-04-13,404.2000122070313,410.7999877929688,403.0,403.7999877929688,211500
2021-04-14,403.7999877929688,404.3999938964844,396.2000122070313,401.0,184500
2021-04-15,401.0,407.7999877929688,401.0,402.6000061035156,80500
2021-04-16,403.2000122070313,403.2000122070313,399.3999938964844,401.2000122070313,154000
2021-04-19,401.2000122070313,402.7999877929688,397.0,397.2000122070313,224500
2021-04-20,397.0,400.7999877929688,395.6000061035156,396.7999877929688,233500
2021-04-21,396.7999877929688,397.6000061035156,393.7999877929688,395.3999938964844,301500
2021-04-22,400.2000122070313,402.2000122070313,395.7999877929688,398.6000061035156,255500
2021-04-23,397.6000061035156,399.6000061035156,395.3999938964844,396.7999877929688,89000
2021-04-26,399.0,399.0,391.2000122070313,391.3999938964844,151500
2021-04-27,391.2000122070313,393.3999938964844,388.2000122070313,390.3999938964844,142500
2021-04-28,390.6000061035156,392.6000061035156,381.3999938964844,382.0,287000
2021-04-30,382.6000061035156,385.7999877929688,376.3999938964844,376.6000061035156,327500
2021-05-06,380.0,384.6000061035156,379.0,380.2000122070313,236500
2021-05-07,383.3999938964844,390.3999938964844,382.7999877929688,385.3999938964844,237000
2021-05-10,386.0,391.0,384.2000122070313,388.0,228000
2021-05-11,384.7999877929688,387.3999938964844,377.0,377.7999877929688,333500
2021-05-12,374.6000061035156,374.6000061035156,362.7999877929688,366.3999938964844,470000
2021-05-13,364.0,366.3999938964844,358.0,358.20001220703125,510500
2021-05-14,362.2000122070313,362.3999938964844,358.20001220703125,358.3999938964844,349000
2021-05-17,360.7999877929688,362.0,351.79998779296875,351.79998779296875,467000
2021-05-18,354.3999938964844,355.6000061035156,350.20001220703125,353.79998779296875,380000
2021-05-19,350.20001220703125,353.6000061035156,348.79998779296875,350.0,388000
2021-05-20,348.20001220703125,353.3999938964844,348.20001220703125,352.3999938964844,287000
2021-05-21,353.79998779296875,355.79998779296875,351.0,351.20001220703125,334500
2021-05-24,351.20001220703125,351.3999938964844,346.0,346.79998779296875,498000
2021-05-25,346.20001220703125,347.3999938964844,338.79998779296875,340.0,851500
2021-05-26,340.0,340.6000061035156,333.20001220703125,334.20001220703125,627000
2021-05-27,332.0,345.0,329.3999938964844,339.20001220703125,1966000
2021-05-28,340.0,348.79998779296875,338.0,348.20001220703125,350000
2021-05-31,350.3999938964844,350.3999938964844,340.0,340.79998779296875,263000
2021-06-01,344.79998779296875,344.79998779296875,337.0,342.0,246000
2021-06-02,341.0,347.6000061035156,339.3999938964844,344.79998779296875,260500
2021-06-03,343.20001220703125,348.0,343.20001220703125,347.20001220703125,301500
2021-06-04,347.0,349.6000061035156,346.0,348.0,110000
2021-06-07,348.6000061035156,348.6000061035156,345.6000061035156,347.20001220703125,254000
2021-06-08,347.3999938964844,351.0,347.20001220703125,349.79998779296875,135000
2021-06-09,349.79998779296875,351.6000061035156,345.20001220703125,346.79998779296875,145000
2021-06-10,346.79998779296875,347.3999938964844,342.79998779296875,346.79998779296875,206000
2021-06-11,345.6000061035156,345.6000061035156,342.0,343.0,377500
2021-06-14,343.20001220703125,343.3999938964844,340.0,340.20001220703125,196000
2021-06-15,340.20001220703125,341.6000061035156,338.6000061035156,340.0,146000
2021-06-16,340.0,341.20001220703125,339.0,339.79998779296875,339500
2021-06-17,341.0,342.79998779296875,339.6000061035156,340.79998779296875,226500
2021-06-18,340.6000061035156,340.6000061035156,335.3999938964844,336.20001220703125,420500
2021-06-21,334.3999938964844,334.3999938964844,329.3999938964844,329.3999938964844,580500
2021-06-22,334.0,334.79998779296875,331.6000061035156,334.3999938964844,244500
2021-06-23,332.79998779296875,334.20001220703125,331.0,331.20001220703125,199000
2021-06-24,330.20001220703125,334.79998779296875,329.20001220703125,333.6000061035156,193500
2021-06-25,337.79998779296875,338.20001220703125,334.6000061035156,337.6000061035156,230500
2021-06-28,340.3999938964844,346.79998779296875,338.6000061035156,345.3999938964844,386500
2021-06-29,345.0,345.3999938964844,340.3999938964844,341.20001220703125,190500
2021-06-30,341.20001220703125,341.20001220703125,334.79998779296875,335.0,191500
2021-07-01,335.3999938964844,337.3999938964844,334.79998779296875,335.3999938964844,142500
2021-07-02,338.3999938964844,341.3999938964844,336.20001220703125,340.0,221000
2021-07-05,341.20001220703125,341.20001220703125,337.0,337.3999938964844,101500
2021-07-06,337.79998779296875,341.79998779296875,337.79998779296875,341.6000061035156,121000
2021-07-07,337.20001220703125,340.0,336.3999938964844,337.0,213000
2021-07-08,337.20001220703125,339.3999938964844,335.79998779296875,335.79998779296875,263500
2021-07-09,335.79998779296875,336.20001220703125,332.3999938964844,334.6000061035156,316500
2021-07-12,338.79998779296875,344.3999938964844,338.79998779296875,340.6000061035156,222500
2021-07-13,343.3999938964844,348.0,342.6000061035156,347.79998779296875,357000
2021-07-14,347.0,350.3999938964844,346.20001220703125,348.0,201500
2021-07-15,348.0,348.0,340.20001220703125,340.3999938964844,225000
2021-07-16,339.79998779296875,341.79998779296875,338.79998779296875,339.6000061035156,58000
2021-07-19,338.3999938964844,338.3999938964844,334.3999938964844,335.3999938964844,258500
2021-07-20,331.6000061035156,336.79998779296875,330.6000061035156,336.20001220703125,229500
2021-07-21,341.0,341.3999938964844,337.0,338.20001220703125,126500
2021-07-26,341.3999938964844,342.20001220703125,335.6000061035156,337.0,228500
2021-07-27,339.3999938964844,341.79998779296875,337.3999938964844,340.6000061035156,103500
2021-07-28,341.79998779296875,344.3999938964844,341.3999938964844,343.6000061035156,108000
2021-07-29,343.6000061035156,343.6000061035156,337.20001220703125,339.0,99000
2021-07-30,340.20001220703125,341.20001220703125,336.6000061035156,337.3999938964844,170500
2021-08-02,340.0,344.3999938964844,338.0,342.0,166500
2021-08-03,342.0,343.79998779296875,339.6000061035156,342.0,150000
2021-08-04,341.6000061035156,343.0,340.79998779296875,342.20001220703125,143500
2021-08-05,340.79998779296875,343.3999938964844,340.20001220703125,341.6000061035156,94000
2021-08-06,341.6000061035156,343.6000061035156,340.3999938964844,342.3999938964844,200000
2021-08-10,345.6000061035156,347.79998779296875,343.3999938964844,347.6000061035156,162000
2021-08-11,347.6000061035156,355.20001220703125,347.6000061035156,354.20001220703125,226000
2021-08-12,356.0,360.6000061035156,355.20001220703125,358.6000061035156,146000
2021-08-13,359.20001220703125,359.20001220703125,355.6000061035156,358.0,113500
2021-08-16,357.20001220703125,357.20001220703125,350.3999938964844,354.0,176500
2021-08-17,355.0,355.0,346.20001220703125,346.20001220703125,253500
2021-08-18,348.79998779296875,354.0,348.79998779296875,353.79998779296875,151500
2021-08-19,349.79998779296875,351.6000061035156,347.6000061035156,348.79998779296875,205000
2021-08-20,351.20001220703125,352.3999938964844,347.20001220703125,348.20001220703125,198000
2021-08-23,348.79998779296875,355.79998779296875,348.79998779296875,354.3999938964844,177000
2021-08-24,356.0,356.79998779296875,353.3999938964844,354.6000061035156,107500
2021-08-25,354.6000061035156,357.0,352.3999938964844,352.79998779296875,124500
2021-08-26,353.79998779296875,354.3999938964844,351.0,353.0,89500
2021-08-27,352.3999938964844,353.20001220703125,350.6000061035156,352.6000061035156,46500
2021-08-30,352.6000061035156,357.6000061035156,352.6000061035156,357.6000061035156,123000
2021-08-31,358.0,368.6000061035156,354.6000061035156,367.2000122070313,496500
2021-09-01,368.0,368.2000122070313,364.7999877929688,366.6000061035156,157500
2021-09-02,364.7999877929688,365.7999877929688,361.7999877929688,364.0,106000
2021-09-03,361.3999938964844,364.3999938964844,361.2000122070313,363.0,143000
2021-09-06,362.7999877929688,364.3999938964844,357.6000061035156,358.6000061035156,210500
2021-09-07,361.0,361.0,356.0,358.20001220703125,344500
2021-09-08,356.79998779296875,361.6000061035156,354.79998779296875,360.7999877929688,223500
2021-09-09,361.6000061035156,362.0,358.20001220703125,359.3999938964844,97000
2021-09-10,361.7999877929688,367.0,360.0,367.0,278000
2021-09-13,366.0,371.0,365.2000122070313,370.7999877929688,174500
2021-09-14,370.7999877929688,377.3999938964844,370.2000122070313,377.2000122070313,231500
2021-09-15,373.2000122070313,381.7999877929688,373.2000122070313,378.0,241000
2021-09-16,379.0,381.0,377.7999877929688,380.7999877929688,169500
2021-09-17,381.2000122070313,382.6000061035156,378.0,380.7999877929688,265500
2021-09-21,373.7999877929688,381.3999938964844,371.0,372.3999938964844,258500
2021-09-22,372.6000061035156,372.7999877929688,366.3999938964844,366.3999938964844,245500
2021-09-24,374.3999938964844,379.2000122070313,373.3999938964844,378.0,257500
2021-09-27,380.0,381.3999938964844,375.2000122070313,376.0,247500
2021-09-28,379.6000061035156,385.3999938964844,377.6000061035156,383.7999877929688,466000
2021-09-29,376.0,382.2000122070313,371.2000122070313,381.7999877929688,309000
2021-09-30,383.0,387.2000122070313,377.0,377.3999938964844,262000
2021-10-01,375.7999877929688,376.3999938964844,372.0,372.2000122070313,181500
2021-10-04,376.2000122070313,376.2000122070313,368.2000122070313,372.6000061035156,147000
2021-10-05,370.7999877929688,375.6000061035156,370.7999877929688,373.7999877929688,198500
2021-10-06,378.0,381.6000061035156,376.3999938964844,380.3999938964844,213500
2021-10-07,380.3999938964844,380.3999938964844,373.7999877929688,376.6000061035156,108500
2021-10-08,378.2000122070313,380.7999877929688,377.6000061035156,380.3999938964844,90000
2021-10-11,381.0,383.0,379.0,382.6000061035156,115500
2021-10-12,379.0,380.6000061035156,377.2000122070313,379.0,99000
2021-10-13,375.3999938964844,375.3999938964844,372.0,373.0,115000
2021-10-14,371.7999877929688,371.7999877929688,367.0,370.0,110500
2021-10-15,372.3999938964844,372.3999938964844,368.0,369.6000061035156,84000
2021-10-18,372.2000122070313,378.3999938964844,370.7999877929688,378.3999938964844,175500
2021-10-19,378.3999938964844,378.3999938964844,372.6000061035156,373.6000061035156,87500
2021-10-20,374.0,379.3999938964844,373.0,374.0,155500
2021-10-21,374.0,377.7999877929688,373.6000061035156,377.6000061035156,86000
2021-10-22,376.6000061035156,376.6000061035156,372.7999877929688,375.7999877929688,63500
2021-10-25,373.2000122070313,376.3999938964844,372.6000061035156,374.7999877929688,84000
2021-10-26,373.3999938964844,374.6000061035156,372.0,374.2000122070313,84500
2021-10-27,374.2000122070313,374.2000122070313,368.2000122070313,368.6000061035156,80500
2021-10-28,368.2000122070313,368.7999877929688,362.0,363.0,121000
2021-10-29,363.2000122070313,363.2000122070313,358.20001220703125,362.6000061035156,122500
2021-11-01,363.2000122070313,365.7999877929688,360.3999938964844,362.3999938964844,142500
2021-11-02,362.2000122070313,365.6000061035156,361.7999877929688,363.2000122070313,93000
2021-11-04,362.0,367.2000122070313,362.0,364.2000122070313,169000
2021-11-05,362.3999938964844,364.0,361.3999938964844,362.2000122070313,114000
2021-11-08,361.3999938964844,364.0,359.20001220703125,362.2000122070313,80000
2021-11-09,361.2000122070313,364.0,359.20001220703125,359.6000061035156,249500
2021-11-10,359.20001220703125,363.0,359.20001220703125,363.0,90000
2021-11-11,363.0,363.0,360.0,360.7999877929688,32000
2021-11-12,361.0,365.6000061035156,361.0,365.2000122070313,57000
2021-11-15,365.3999938964844,367.6000061035156,361.6000061035156,361.6000061035156,87000
2021-11-16,362.2000122070313,364.3999938964844,360.6000061035156,360.6000061035156,60500
2021-11-17,361.2000122070313,361.3999938964844,355.6000061035156,355.6000061035156,79500
2021-11-18,354.3999938964844,355.0,351.6000061035156,354.6000061035156,169500
2021-11-19,356.0,357.6000061035156,352.3999938964844,357.6000061035156,65500
2021-11-22,357.6000061035156,358.20001220703125,355.0,356.6000061035156,66500
2021-11-24,358.79998779296875,361.0,354.3999938964844,354.3999938964844,60000
2021-11-25,356.0,356.79998779296875,353.20001220703125,353.20001220703125,46500
2021-11-26,353.3999938964844,354.6000061035156,345.6000061035156,345.79998779296875,160500
2021-11-29,340.79998779296875,343.79998779296875,336.79998779296875,337.79998779296875,178000
2021-11-30,343.0,347.0,336.0,336.0,136000
2021-12-01,336.0,341.3999938964844,335.6000061035156,340.3999938964844,102500
2021-12-02,340.20001220703125,346.6000061035156,339.3999938964844,342.6000061035156,214000
2021-12-03,345.3999938964844,350.0,345.3999938964844,350.0,78000
2021-12-06,350.0,352.20001220703125,347.6000061035156,349.6000061035156,90000
2021-12-07,354.0,359.6000061035156,352.3999938964844,359.6000061035156,90500
2021-12-08,359.6000061035156,359.79998779296875,355.0,357.20001220703125,79500
2021-12-09,354.0,356.20001220703125,352.3999938964844,355.0,56500
2021-12-10,359.20001220703125,359.20001220703125,354.20001220703125,356.20001220703125,83000
2021-12-13,355.20001220703125,356.3999938964844,351.3999938964844,352.79998779296875,120500
2021-12-14,355.3999938964844,355.3999938964844,351.20001220703125,353.20001220703125,65500
2021-12-15,351.20001220703125,356.3999938964844,351.20001220703125,353.79998779296875,62500
2021-12-16,353.79998779296875,357.3999938964844,353.20001220703125,357.3999938964844,115000
2021-12-17,358.3999938964844,360.3999938964844,356.20001220703125,359.79998779296875,135500
2021-12-20,356.0,356.0,348.6000061035156,348.6000061035156,137000
2021-12-21,352.20001220703125,353.3999938964844,350.20001220703125,352.6000061035156,153000
2021-12-22,353.0,354.3999938964844,346.6000061035156,354.0,314500
2021-12-23,354.0,354.0,349.6000061035156,351.0,152000
2021-12-24,351.20001220703125,353.20001220703125,348.20001220703125,349.6000061035156,150500
2021-12-27,349.6000061035156,350.3999938964844,346.79998779296875,348.20001220703125,145000
2021-12-28,350.0,350.0,347.3999938964844,350.0,142500
2021-12-29,350.3999938964844,361.3999938964844,350.3999938964844,361.3999938964844,255500
2021-12-30,361.3999938964844,367.7999877929688,360.7999877929688,365.6000061035156,107000
2022-01-04,370.7999877929688,378.6000061035156,368.2000122070313,377.3999938964844,209000
2022-01-05,379.7999877929688,385.2000122070313,376.3999938964844,383.3999938964844,169000
2022-01-06,380.0,385.6000061035156,379.6000061035156,381.0,214500
2022-01-07,381.6000061035156,388.7999877929688,381.6000061035156,385.3999938964844,151000
2022-01-11,389.2000122070313,400.0,388.3999938964844,400.0,252000
2022-01-12,400.0,403.7999877929688,396.0,400.6000061035156,248000
2022-01-13,403.7999877929688,407.0,400.6000061035156,404.7999877929688,243000
2022-01-14,405.3999938964844,410.7999877929688,396.6000061035156,401.3999938964844,251000
2022-01-17,401.3999938964844,401.3999938964844,393.0,394.6000061035156,148500
2022-01-18,393.0,397.2000122070313,390.3999938964844,394.3999938964844,182000
2022-01-19,387.7999877929688,390.0,380.7999877929688,380.7999877929688,182000
2022-01-20,379.7999877929688,384.3999938964844,376.3999938964844,376.3999938964844,101000
2022-01-21,376.2000122070313,376.2000122070313,366.6000061035156,376.0,147500
2022-01-24,376.0,388.7999877929688,376.0,386.2000122070313,150500
2022-01-25,384.7999877929688,386.0,378.0,385.0,129000
2022-01-26,385.0,386.6000061035156,379.2000122070313,381.7999877929688,104500
2022-01-27,384.3999938964844,385.0,373.2000122070313,375.0,171500
2022-01-28,375.3999938964844,380.7999877929688,375.3999938964844,378.3999938964844,141500
2022-01-31,378.3999938964844,383.3999938964844,374.2000122070313,383.3999938964844,90000
2022-02-01,383.3999938964844,388.0,382.0,385.3999938964844,105000
2022-02-02,387.7999877929688,393.6000061035156,387.2000122070313,393.3999938964844,108000
2022-02-03,390.6000061035156,393.3999938964844,390.0,391.0,45500
2022-02-04,393.3999938964844,399.7999877929688,391.0,397.2000122070313,112000
2022-02-07,398.3999938964844,404.3999938964844,396.3999938964844,401.7999877929688,148500
2022-02-08,406.6000061035156,406.7999877929688,400.0,406.3999938964844,149500
2022-02-09,410.0,413.6000061035156,406.6000061035156,413.6000061035156,190500
2022-02-10,413.6000061035156,413.6000061035156,408.7999877929688,413.0,107500
2022-02-14,411.7999877929688,415.7999877929688,407.6000061035156,415.7999877929688,131000
2022-02-15,416.7999877929688,419.6000061035156,401.3999938964844,401.6000061035156,169000
2022-02-16,406.7999877929688,417.0,406.7999877929688,415.2000122070313,174000
2022-02-17,415.7999877929688,415.7999877929688,408.3999938964844,415.3999938964844,105500
2022-02-18,414.2000122070313,414.2000122070313,408.7999877929688,408.7999877929688,107500
2022-02-21,408.6000061035156,411.3999938964844,405.7999877929688,408.3999938964844,120500
2022-02-22,407.2000122070313,409.0,404.0,407.0,125500
2022-02-24,405.7999877929688,409.6000061035156,403.6000061035156,409.6000061035156,115000
2022-02-25,408.6000061035156,408.6000061035156,396.0,401.7999877929688,163500
2022-02-28,402.0,410.0,401.3999938964844,408.0,143000
2022-03-01,411.0,411.0,402.3999938964844,404.3999938964844,115000
2022-03-02,397.6000061035156,403.6000061035156,394.2000122070313,394.2000122070313,153000
2022-03-03,402.2000122070313,406.2000122070313,396.0,396.6000061035156,215500
2022-03-04,394.6000061035156,399.3999938964844,391.2000122070313,391.2000122070313,227000
2022-03-07,386.2000122070313,388.0,380.0,383.0,298500
2022-03-08,379.6000061035156,379.6000061035156,370.2000122070313,376.2000122070313,255500
2022-03-09,377.6000061035156,379.7999877929688,373.3999938964844,375.7999877929688,163500
2022-03-10,384.7999877929688,388.3999938964844,382.6000061035156,387.0,147500
2022-03-11,385.6000061035156,391.7999877929688,385.6000061035156,389.7999877929688,183500
2022-03-14,393.7999877929688,399.0,390.7999877929688,396.2000122070313,127000
2022-03-15,398.0,407.2000122070313,397.2000122070313,406.2000122070313,174500
2022-03-16,408.3999938964844,408.3999938964844,398.3999938964844,403.2000122070313,163500
2022-03-17,405.3999938964844,408.7999877929688,404.3999938964844,406.3999938964844,241000
2022-03-18,407.7999877929688,410.7999877929688,402.6000061035156,410.7999877929688,261000
2022-03-22,410.3999938964844,410.3999938964844,402.6000061035156,405.0,218000
2022-03-23,409.3999938964844,412.2000122070313,404.7999877929688,410.3999938964844,228000
2022-03-24,401.6000061035156,405.0,401.3999938964844,405.0,135000
2022-03-25,406.3999938964844,406.6000061035156,401.2000122070313,404.2000122070313,105500
2022-03-28,404.0,406.3999938964844,401.7999877929688,403.7999877929688,118000
2022-03-29,403.7999877929688,403.7999877929688,396.6000061035156,399.3999938964844,204000
2022-03-30,391.3999938964844,393.6000061035156,388.0,393.3999938964844,301000
2022-03-31,391.2000122070313,391.2000122070313,382.7999877929688,383.3999938964844,169500
2022-04-01,380.2000122070313,383.2000122070313,377.7999877929688,381.6000061035156,172500
2022-04-04,380.0,385.3999938964844,378.6000061035156,383.3999938964844,116500
2022-04-05,387.7999877929688,387.7999877929688,377.7999877929688,378.7999877929688,173500
2022-04-06,376.3999938964844,379.6000061035156,373.7999877929688,373.7999877929688,145500
2022-04-07,371.7999877929688,372.0,365.6000061035156,369.3999938964844,190000
2022-04-08,366.3999938964844,367.7999877929688,362.7999877929688,367.3999938964844,161500
2022-04-11,367.3999938964844,371.3999938964844,364.3999938964844,368.3999938964844,165500
2022-04-12,367.7999877929688,370.0,362.3999938964844,364.2000122070313,208500
2022-04-13,364.2000122070313,368.0,362.0,367.7999877929688,135500
2022-04-14,368.0,370.0,364.3999938964844,368.3999938964844,80000
2022-04-15,369.2000122070313,370.3999938964844,366.2000122070313,370.2000122070313,67000
2022-04-18,370.0,370.0,365.0,367.3999938964844,71000
2022-04-19,367.6000061035156,369.7999877929688,367.0,369.6000061035156,83500
2022-04-20,368.6000061035156,374.2000122070313,367.7999877929688,374.2000122070313,115500
2022-04-21,375.3999938964844,380.3999938964844,374.6000061035156,375.6000061035156,134500
2022-04-22,375.6000061035156,375.6000061035156,368.6000061035156,371.0,127500
2022-04-25,367.6000061035156,368.2000122070313,366.0,367.7999877929688,74000
2022-04-26,366.3999938964844,367.3999938964844,362.6000061035156,363.2000122070313,137000
2022-04-27,359.79998779296875,359.79998779296875,351.6000061035156,351.6000061035156,256000
2022-04-28,353.79998779296875,371.2000122070313,353.79998779296875,371.2000122070313,248000
2022-05-02,369.7999877929688,376.6000061035156,369.0,376.3999938964844,248000
2022-05-06,378.7999877929688,383.6000061035156,376.0,382.6000061035156,202500
2022-05-09,382.6000061035156,384.0,378.6000061035156,378.6000061035156,125000
2022-05-10,377.3999938964844,377.3999938964844,369.6000061035156,374.6000061035156,104000
2022-05-11,366.6000061035156,367.7999877929688,359.3999938964844,359.3999938964844,377500
2022-05-12,359.3999938964844,360.7999877929688,352.0,352.0,236500
2022-05-13,352.20001220703125,361.7999877929688,348.3999938964844,361.7999877929688,276500
2022-05-16,356.79998779296875,356.79998779296875,348.79998779296875,351.0,256500
2022-05-17,351.6000061035156,354.20001220703125,345.3999938964844,346.0,227000
2022-05-18,348.79998779296875,351.20001220703125,346.20001220703125,350.0,205000
2022-05-19,345.3999938964844,347.79998779296875,343.0,345.20001220703125,197000
2022-05-20,348.0,348.0,341.20001220703125,344.20001220703125,320000
2022-05-23,347.3999938964844,350.79998779296875,347.3999938964844,349.20001220703125,243500
2022-05-24,349.20001220703125,350.0,344.0,344.0,315500
2022-05-25,344.3999938964844,346.79998779296875,342.3999938964844,342.3999938964844,284500
2022-05-26,342.3999938964844,347.0,341.3999938964844,344.79998779296875,262500
2022-05-27,345.0,348.20001220703125,344.79998779296875,347.20001220703125,95000
2022-05-30,347.6000061035156,352.6000061035156,347.20001220703125,349.0,223500
2022-05-31,350.6000061035156,355.3999938964844,348.0,350.0,223000
2022-06-01,352.79998779296875,356.20001220703125,352.79998779296875,354.20001220703125,199000
2022-06-02,356.0,356.0,351.79998779296875,354.3999938964844,121500
2022-06-03,353.6000061035156,355.0,350.0,353.79998779296875,179500
2022-06-06,353.0,353.3999938964844,350.79998779296875,351.3999938964844,81500
2022-06-07,352.0,359.20001220703125,352.0,355.20001220703125,155000
2022-06-08,358.0,359.0,354.3999938964844,358.0,182500
2022-06-09,359.3999938964844,365.7999877929688,359.0,363.2000122070313,169000
2022-06-10,360.3999938964844,361.3999938964844,357.3999938964844,358.3999938964844,126000
2022-06-13,358.0,362.0,358.0,360.0,258000
2022-06-14,356.79998779296875,361.7999877929688,356.6000061035156,359.0,160500
2022-06-15,359.0,363.6000061035156,358.6000061035156,360.3999938964844,127000
2022-06-16,363.2000122070313,369.2000122070313,362.6000061035156,364.7999877929688,151000
2022-06-17,364.0,366.7999877929688,360.0,364.0,231500
2022-06-20,366.2000122070313,369.6000061035156,365.3999938964844,368.2000122070313,169500
2022-06-21,368.7999877929688,375.7999877929688,368.7999877929688,374.2000122070313,238500
2022-06-22,375.0,376.2000122070313,369.7999877929688,373.0,230000
2022-06-23,374.2000122070313,377.3999938964844,373.3999938964844,374.2000122070313,132500
2022-06-24,374.0,375.6000061035156,370.2000122070313,372.2000122070313,182500
2022-06-27,375.3999938964844,375.6000061035156,372.7999877929688,374.7999877929688,99000
2022-06-28,372.2000122070313,375.6000061035156,372.2000122070313,375.2000122070313,173500
2022-06-29,376.6000061035156,376.6000061035156,370.6000061035156,371.3999938964844,184500
2022-06-30,371.0,373.6000061035156,368.6000061035156,373.6000061035156,144000
2022-07-01,373.7999877929688,375.0,369.2000122070313,370.6000061035156,125000
2022-07-04,374.3999938964844,375.3999938964844,369.7999877929688,374.2000122070313,142500
2022-07-05,374.2000122070313,375.3999938964844,371.6000061035156,373.7999877929688,154500
2022-07-06,371.7999877929688,373.2000122070313,363.3999938964844,364.3999938964844,188000
2022-07-07,364.3999938964844,367.2000122070313,363.0,366.2000122070313,112500
2022-07-08,367.2000122070313,374.0,367.0,369.6000061035156,224000
2022-07-11,376.7999877929688,379.6000061035156,372.0,376.2000122070313,223500
2022-07-12,374.3999938964844,377.2000122070313,373.6000061035156,376.3999938964844,122000
2022-07-13,376.7999877929688,380.6000061035156,376.7999877929688,380.3999938964844,103500
2022-07-14,377.0,377.0,373.2000122070313,376.3999938964844,90500
2022-07-15,377.7999877929688,378.3999938964844,374.7999877929688,375.3999938964844,141500
2022-07-19,379.2000122070313,383.0,378.2000122070313,381.2000122070313,92500
2022-07-20,385.3999938964844,388.0,384.2000122070313,386.0,133500
2022-07-21,386.0,388.6000061035156,383.6000061035156,386.7999877929688,272000
2022-07-22,386.6000061035156,388.0,385.0,386.0,96500
2022-07-25,387.2000122070313,387.6000061035156,383.6000061035156,384.3999938964844,56000
2022-07-26,384.7999877929688,395.0,384.7999877929688,393.0,206500
2022-07-27,395.6000061035156,395.6000061035156,389.6000061035156,392.0,100000
2022-07-28,395.3999938964844,398.2000122070313,390.3999938964844,397.6000061035156,164500
2022-07-29,397.3999938964844,397.3999938964844,390.2000122070313,391.2000122070313,89000
2022-08-01,393.3999938964844,399.6000061035156,393.3999938964844,399.6000061035156,117500
2022-08-02,397.3999938964844,397.6000061035156,392.7999877929688,395.3999938964844,168000
2022-08-03,395.3999938964844,395.3999938964844,387.0,387.6000061035156,134500
2022-08-04,391.2000122070313,391.2000122070313,381.6000061035156,384.6000061035156,86000
2022-08-05,383.7999877929688,386.3999938964844,380.7999877929688,383.2000122070313,111500
2022-08-08,383.2000122070313,386.0,382.2000122070313,384.2000122070313,71500
2022-08-09,383.7999877929688,383.7999877929688,374.2000122070313,375.3999938964844,123000
2022-08-10,377.0,383.0,377.0,379.7999877929688,101500
2022-08-12,384.3999938964844,392.3999938964844,384.2000122070313,388.2000122070313,141000
2022-08-15,390.7999877929688,390.7999877929688,385.3999938964844,386.0,111500
2022-08-16,387.0,387.0,383.6000061035156,385.2000122070313,45000
2022-08-17,386.7999877929688,395.6000061035156,386.7999877929688,393.7999877929688,149500
2022-08-18,388.6000061035156,392.2000122070313,386.7999877929688,386.7999877929688,63500
2022-08-19,388.7999877929688,388.7999877929688,381.7999877929688,382.3999938964844,76000
2022-08-22,378.0,384.7999877929688,378.0,384.0,49000
2022-08-23,384.3999938964844,384.3999938964844,381.0,381.0,63500
2022-08-24,380.7999877929688,382.0,379.7999877929688,380.2000122070313,46000
2022-08-25,380.7999877929688,385.0,380.2000122070313,382.7999877929688,27500
2022-08-26,382.7999877929688,387.2000122070313,382.7999877929688,385.6000061035156,33500
2022-08-29,379.6000061035156,382.6000061035156,379.6000061035156,381.0,81500
2022-08-30,380.2000122070313,383.0,380.2000122070313,383.0,45500
2022-08-31,380.0,382.0,379.2000122070313,379.3999938964844,84500
2022-09-01,377.3999938964844,380.0,375.3999938964844,375.3999938964844,92000
2022-09-02,376.6000061035156,376.6000061035156,373.7999877929688,374.6000061035156,83000
2022-09-05,372.2000122070313,373.3999938964844,371.0,372.3999938964844,57500
2022-09-06,374.6000061035156,375.7999877929688,371.6000061035156,372.3999938964844,93000
2022-09-07,371.7999877929688,372.2000122070313,366.3999938964844,368.0,120500
2022-09-08,368.0,373.0,368.0,370.6000061035156,91000
2022-09-09,368.6000061035156,374.2000122070313,368.6000061035156,373.3999938964844,110500
2022-09-12,377.2000122070313,377.2000122070313,372.3999938964844,375.6000061035156,84500
2022-09-13,375.6000061035156,376.7999877929688,372.3999938964844,375.6000061035156,62500
2022-09-14,372.0,372.0,370.2000122070313,370.2000122070313,143000
2022-09-15,370.6000061035156,374.6000061035156,369.3999938964844,370.6000061035156,98000
2022-09-16,375.7999877929688,375.7999877929688,370.7999877929688,375.6000061035156,156500
2022-09-20,380.0,380.2000122070313,377.0,380.2000122070313,114500
2022-09-21,380.2000122070313,382.6000061035156,379.0,379.0,111500
2022-09-22,376.0,376.0,371.7999877929688,373.0,121000
2022-09-26,372.6000061035156,372.7999877929688,365.7999877929688,368.2000122070313,183500
2022-09-27,371.0,371.0,361.2000122070313,361.6000061035156,162000
2022-09-28,361.2000122070313,365.0,358.3999938964844,365.0,177000
2022-09-29,364.3999938964844,367.0,361.3999938964844,366.2000122070313,91500
2022-09-30,365.7999877929688,367.7999877929688,361.0,363.0,106000
2022-10-03,362.7999877929688,362.7999877929688,356.0,359.3999938964844,77500
2022-10-04,364.3999938964844,369.6000061035156,364.0,367.2000122070313,114500
2022-10-05,369.2000122070313,373.2000122070313,368.6000061035156,368.6000061035156,80500
2022-10-06,371.2000122070313,373.6000061035156,370.6000061035156,371.0,76000
2022-10-07,366.7999877929688,371.6000061035156,366.7999877929688,370.6000061035156,62000
2022-10-11,365.2000122070313,368.2000122070313,361.2000122070313,361.6000061035156,93500
2022-10-12,359.79998779296875,362.6000061035156,359.20001220703125,359.3999938964844,74000
2022-10-13,357.79998779296875,357.79998779296875,354.79998779296875,356.20001220703125,99500
2022-10-14,361.0,367.2000122070313,361.0,363.7999877929688,152500
2022-10-17,363.7999877929688,366.0,360.7999877929688,360.7999877929688,38500
2022-10-18,364.0,366.0,363.0,363.6000061035156,65500
2022-10-19,363.6000061035156,367.0,362.3999938964844,367.0,48500
2022-10-20,362.7999877929688,365.7999877929688,362.7999877929688,364.2000122070313,49000
2022-10-21,364.2000122070313,365.7999877929688,360.3999938964844,363.7999877929688,82500
2022-10-24,369.2000122070313,370.3999938964844,362.3999938964844,369.0,96500
2022-10-25,369.0,369.7999877929688,364.6000061035156,365.2000122070313,112500
2022-10-26,369.7999877929688,371.6000061035156,369.2000122070313,369.7999877929688,83000
2022-10-27,371.6000061035156,371.6000061035156,361.0,361.0,102000
2022-10-28,360.3999938964844,364.0,356.6000061035156,357.3999938964844,170000
2022-10-31,362.2000122070313,362.6000061035156,359.0,361.0,89500
2022-11-01,363.6000061035156,363.6000061035156,358.3999938964844,358.79998779296875,47500
2022-11-02,359.0,360.7999877929688,356.0,356.3999938964844,122500
2022-11-04,355.3999938964844,360.0,354.6000061035156,355.3999938964844,142000
2022-11-07,355.79998779296875,358.0,354.20001220703125,355.3999938964844,88500
2022-11-08,355.0,359.3999938964844,354.20001220703125,356.79998779296875,80000
2022-11-09,356.79998779296875,359.3999938964844,354.3999938964844,354.3999938964844,69000
2022-11-10,355.6000061035156,359.6000061035156,355.0,358.20001220703125,84000
2022-11-11,362.6000061035156,362.6000061035156,356.79998779296875,359.20001220703125,134500
2022-11-14,360.20001220703125,361.3999938964844,357.0,361.3999938964844,106500
2022-11-15,361.3999938964844,365.7999877929688,360.6000061035156,363.3999938964844,113000
2022-11-16,367.6000061035156,371.0,367.3999938964844,368.0,133000
2022-11-17,366.7999877929688,369.0,366.7999877929688,368.3999938964844,69000
2022-11-18,369.7999877929688,373.2000122070313,365.6000061035156,366.6000061035156,126500
2022-11-21,369.7999877929688,373.6000061035156,369.7999877929688,371.2000122070313,95500
2022-11-22,371.6000061035156,378.3999938964844,371.6000061035156,378.3999938964844,145000
2022-11-24,380.2000122070313,385.0,379.7999877929688,385.0,219500
2022-11-25,386.3999938964844,395.2000122070313,385.0,395.2000122070313,222500
2022-11-28,405.7999877929688,406.3999938964844,398.7999877929688,404.7999877929688,297500
2022-11-29,399.2000122070313,402.6000061035156,395.3999938964844,399.3999938964844,197500
2022-11-30,400.0,401.0,395.6000061035156,396.0,97000
2022-12-01,396.2000122070313,396.2000122070313,386.6000061035156,388.7999877929688,133500
2022-12-02,386.6000061035156,386.7999877929688,376.7999877929688,377.3999938964844,221000
2022-12-05,377.0,377.3999938964844,372.6000061035156,373.2000122070313,121000
2022-12-06,371.6000061035156,373.3999938964844,370.3999938964844,372.0,93000
2022-12-07,368.0,377.2000122070313,367.6000061035156,373.3999938964844,187000
2022-12-08,372.0,372.0,366.0,371.2000122070313,84500
2022-12-09,367.6000061035156,373.0,367.6000061035156,371.3999938964844,102500
2022-12-12,369.7999877929688,371.6000061035156,369.2000122070313,370.2000122070313,68500
2022-12-13,370.3999938964844,372.0,368.2000122070313,368.2000122070313,73000
2022-12-14,368.2000122070313,370.3999938964844,367.6000061035156,370.3999938964844,78000
2022-12-15,367.7999877929688,374.6000061035156,367.7999877929688,372.0,83500
2022-12-16,370.3999938964844,375.2000122070313,368.2000122070313,368.7999877929688,141500
2022-12-19,369.0,376.3999938964844,369.0,374.0,105500
2022-12-20,377.6000061035156,395.2000122070313,377.6000061035156,388.3999938964844,289000
2022-12-21,396.3999938964844,402.7999877929688,383.7999877929688,384.3999938964844,594500
2022-12-22,385.0,393.0,385.0,391.7999877929688,177500
2022-12-23,390.6000061035156,406.0,389.6000061035156,406.0,341500
2022-12-26,406.3999938964844,406.3999938964844,398.2000122070313,402.0,113500
2022-12-27,405.3999938964844,414.6000061035156,404.3999938964844,413.6000061035156,202000
2022-12-28,411.2000122070313,414.3999938964844,404.0,410.0,248000
2022-12-29,406.3999938964844,411.7999877929688,402.2000122070313,410.0,151000
2022-12-30,410.0,412.3999938964844,406.7999877929688,408.3999938964844,128500
2023-01-04,411.7999877929688,412.3999938964844,403.6000061035156,411.6000061035156,176000
2023-01-05,412.3999938964844,414.0,404.6000061035156,404.6000061035156,178000
2023-01-06,400.7999877929688,407.0,398.3999938964844,398.3999938964844,129500
2023-01-10,399.7999877929688,402.2000122070313,392.2000122070313,392.2000122070313,106500
2023-01-11,391.0,399.2000122070313,391.0,399.2000122070313,64500
2023-01-12,398.7999877929688,421.6000061035156,398.3999938964844,418.6000061035156,432500
2023-01-13,418.2000122070313,443.2000122070313,418.0,438.3999938964844,497500
2023-01-16,437.7999877929688,442.0,426.2000122070313,426.3999938964844,227500
2023-01-17,424.2000122070313,424.2000122070313,415.3999938964844,417.6000061035156,172500
2023-01-18,415.2000122070313,418.0,403.2000122070313,417.7999877929688,192000
2023-01-19,418.3999938964844,426.6000061035156,412.0,413.7999877929688,191000
2023-01-20,413.6000061035156,422.0,410.0,421.0,81500
2023-01-23,424.2000122070313,426.0,416.3999938964844,419.3999938964844,155500
2023-01-24,424.0,432.0,420.6000061035156,431.0,119500
2023-01-25,431.0,432.2000122070313,426.0,429.7999877929688,121500
2023-01-26,429.2000122070313,430.3999938964844,422.2000122070313,423.0,87000
2023-01-27,424.2000122070313,433.6000061035156,422.7999877929688,432.7999877929688,152500
2023-01-30,434.7999877929688,444.7999877929688,434.2000122070313,441.2000122070313,172500
2023-01-31,443.3999938964844,446.2000122070313,434.2000122070313,436.3999938964844,129500
2023-02-01,439.2000122070313,444.0,434.6000061035156,436.7999877929688,93000
2023-02-02,434.0,435.0,426.2000122070313,426.3999938964844,131500
2023-02-03,423.7999877929688,426.3999938964844,417.0,421.0,270000
2023-02-06,421.0,422.2000122070313,410.2000122070313,415.0,127500
2023-02-07,411.7999877929688,424.0,411.6000061035156,420.6000061035156,129000
2023-02-08,421.0,428.3999938964844,420.6000061035156,428.0,94500
2023-02-09,429.0,431.0,425.3999938964844,429.2000122070313,70500
2023-02-10,428.0,439.0,427.3999938964844,435.7999877929688,117000
2023-02-13,437.6000061035156,443.0,434.3999938964844,434.3999938964844,102500
2023-02-14,442.3999938964844,446.0,439.0,443.7999877929688,124500
2023-02-15,444.0,449.7999877929688,444.0,449.6000061035156,124500
2023-02-16,445.6000061035156,450.2000122070313,440.6000061035156,443.0,176500
2023-02-17,443.0,450.0,441.0,449.6000061035156,86500
2023-02-20,450.0,456.7999877929688,450.0,452.0,78500
2023-02-21,454.0,462.3999938964844,454.0,461.6000061035156,98000
2023-02-22,468.0,468.0,458.6000061035156,462.6000061035156,136500
2023-02-24,466.0,472.0,459.7999877929688,461.6000061035156,244500
2023-02-27,459.7999877929688,466.6000061035156,458.7999877929688,465.0,80500
2023-02-28,465.0,465.0,455.2000122070313,457.2000122070313,192500
2023-03-01,452.7999877929688,472.0,452.7999877929688,472.0,343000
2023-03-02,475.0,475.3999938964844,460.6000061035156,471.3999938964844,262500
2023-03-03,470.7999877929688,473.0,466.2000122070313,471.0,163500
2023-03-06,474.0,474.2000122070313,463.2000122070313,464.0,163000
2023-03-07,464.0,468.7999877929688,460.7999877929688,468.6000061035156,139500
2023-03-08,466.3999938964844,471.2000122070313,465.7999877929688,468.2000122070313,90000
2023-03-09,471.0,478.3999938964844,468.0,473.7999877929688,163000
2023-03-10,468.7999877929688,469.3999938964844,454.0,456.6000061035156,374500
2023-03-13,445.0,445.0,423.3999938964844,434.2000122070313,905000
2023-03-14,418.2000122070313,419.7999877929688,408.0,412.2000122070313,699000
2023-03-15,430.0,434.3999938964844,419.3999938964844,424.6000061035156,253500
2023-03-16,404.7999877929688,414.3999938964844,400.7999877929688,411.3999938964844,245000
2023-03-17,415.3999938964844,419.2000122070313,408.2000122070313,413.3999938964844,199500
2023-03-20,406.2000122070313,412.0,402.2000122070313,403.6000061035156,219500
2023-03-22,413.6000061035156,414.3999938964844,408.0,408.6000061035156,167500
2023-03-23,409.0,410.7999877929688,402.6000061035156,409.0,154000
2023-03-24,406.6000061035156,408.7999877929688,403.6000061035156,404.2000122070313,108500
2023-03-27,404.7999877929688,405.0,400.0,403.7999877929688,139000
2023-03-28,406.2000122070313,409.3999938964844,403.3999938964844,405.2000122070313,172500
2023-03-29,409.0,413.0,407.6000061035156,412.2000122070313,170500
2023-03-30,406.0,407.3999938964844,399.7999877929688,405.6000061035156,247500
2023-03-31,407.0,411.6000061035156,405.3999938964844,409.2000122070313,175500
2023-04-03,415.0,428.0,415.0,423.3999938964844,178000
2023-04-04,422.6000061035156,423.7999877929688,417.0,422.0,211000
2023-04-05,416.0,417.3999938964844,409.3999938964844,410.3999938964844,117500
2023-04-06,408.2000122070313,411.0,403.7999877929688,405.0,124000
2023-04-07,406.2000122070313,411.6000061035156,406.2000122070313,409.6000061035156,75500
2023-04-10,409.6000061035156,411.3999938964844,407.0,408.6000061035156,67500
2023-04-11,412.0,412.0,405.0,409.3999938964844,89500
2023-04-12,412.0,413.2000122070313,408.0,408.6000061035156,56000
2023-04-13,407.2000122070313,409.3999938964844,403.3999938964844,406.2000122070313,113500
2023-04-14,406.0,406.7999877929688,402.0,403.0,143500
2023-04-17,404.0,408.0,403.0,405.3999938964844,77500
2023-04-18,409.0,416.6000061035156,409.0,412.7999877929688,111000
2023-04-19,411.0,416.3999938964844,407.7999877929688,416.3999938964844,76500
2023-04-20,416.2000122070313,424.7999877929688,415.0,422.2000122070313,114500
2023-04-21,423.7999877929688,424.0,418.7999877929688,420.7999877929688,81000
2023-04-24,423.7999877929688,423.7999877929688,415.2000122070313,415.6000061035156,71500
2023-04-25,414.2000122070313,419.0,411.0,413.7999877929688,151500
2023-04-26,410.0,410.0,404.3999938964844,406.0,90500
2023-04-27,404.2000122070313,409.2000122070313,404.2000122070313,407.7999877929688,79500
2023-04-28,410.7999877929688,415.2000122070313,409.3999938964844,412.7999877929688,132000
2023-05-01,413.3999938964844,415.7999877929688,410.7999877929688,414.7999877929688,63000
2023-05-02,417.6000061035156,417.6000061035156,411.0,414.2000122070313,51000
2023-05-08,411.0,413.3999938964844,406.2000122070313,406.7999877929688,100500
2023-05-09,407.7999877929688,411.2000122070313,405.0,410.2000122070313,98500
2023-05-10,413.0,414.6000061035156,410.6000061035156,410.6000061035156,54500
2023-05-11,406.3999938964844,411.3999938964844,406.3999938964844,410.6000061035156,56500
2023-05-12,410.0,412.7999877929688,404.0,410.2000122070313,142000
2023-05-15,415.7999877929688,420.6000061035156,409.6000061035156,412.0,105500
2023-05-16,414.7999877929688,417.3999938964844,412.0,417.3999938964844,96000
2023-05-17,412.6000061035156,421.0,412.6000061035156,420.6000061035156,134500
2023-05-18,427.7999877929688,431.2000122070313,424.0,427.6000061035156,221000
2023-05-19,430.2000122070313,430.2000122070313,417.7999877929688,418.7999877929688,323000
2023-05-22,418.7999877929688,419.2000122070313,412.3999938964844,413.3999938964844,151000
2023-05-23,416.3999938964844,420.6000061035156,411.7999877929688,413.2000122070313,136000
2023-05-24,413.2000122070313,418.7999877929688,413.2000122070313,415.3999938964844,61500
2023-05-25,412.3999938964844,416.2000122070313,411.2000122070313,413.2000122070313,83500
2023-05-26,416.0,416.0,408.3999938964844,409.0,105000
2023-05-29,415.0,416.3999938964844,411.2000122070313,414.0,83000
2023-05-30,412.7999877929688,416.6000061035156,412.7999877929688,415.6000061035156,68500
2023-05-31,413.2000122070313,415.3999938964844,409.7999877929688,410.2000122070313,157000
2023-06-01,407.6000061035156,413.6000061035156,407.6000061035156,412.2000122070313,99000
2023-06-02,413.0,419.6000061035156,413.0,418.3999938964844,121500
2023-06-05,422.6000061035156,425.0,416.3999938964844,420.3999938964844,144000
2023-06-06,414.6000061035156,417.3999938964844,413.2000122070313,415.6000061035156,56000
2023-06-07,415.3999938964844,421.7999877929688,412.7999877929688,412.7999877929688,114000
2023-06-08,413.2000122070313,418.7999877929688,412.2000122070313,413.0,90500
2023-06-09,413.6000061035156,419.6000061035156,413.2000122070313,419.6000061035156,173500
2023-06-12,420.2000122070313,422.6000061035156,420.2000122070313,422.3999938964844,67000
2023-06-13,422.3999938964844,424.2000122070313,416.7999877929688,417.6000061035156,213000
2023-06-14,418.2000122070313,423.2000122070313,418.2000122070313,422.0,110000
2023-06-15,422.0,422.3999938964844,417.6000061035156,419.2000122070313,102000
2023-06-16,420.7999877929688,423.0,419.6000061035156,422.0,99500
2023-06-19,421.0,424.0,420.3999938964844,423.0,92500
2023-06-20,423.0,425.6000061035156,421.7999877929688,424.7999877929688,175000
2023-06-21,426.0,429.2000122070313,425.0,429.2000122070313,170000
2023-06-22,429.2000122070313,433.6000061035156,428.7999877929688,432.0,179500
2023-06-23,432.0,433.0,422.3999938964844,426.0,117500
2023-06-26,426.0,427.3999938964844,421.0,425.0,84500
2023-06-27,426.3999938964844,426.3999938964844,422.7999877929688,423.6000061035156,50500
2023-06-28,424.7999877929688,432.0,424.7999877929688,432.0,111000
2023-06-29,432.3999938964844,434.0,428.2000122070313,434.0,146500
2023-06-30,434.0,437.0,429.7999877929688,432.3999938964844,220500
2023-07-03,433.3999938964844,436.0,431.3999938964844,434.0,147000
2023-07-04,436.0,445.6000061035156,436.0,445.3999938964844,249500
2023-07-05,445.3999938964844,446.6000061035156,439.6000061035156,445.0,175500
2023-07-06,443.0,446.0,439.0,439.3999938964844,120000
2023-07-07,436.3999938964844,449.0,436.0,446.6000061035156,210500
2023-07-10,449.6000061035156,455.3999938964844,449.6000061035156,450.6000061035156,242500
2023-07-11,454.6000061035156,454.6000061035156,448.2000122070313,449.0,119500
2023-07-12,452.0,453.6000061035156,442.7999877929688,446.7999877929688,168500
2023-07-13,446.7999877929688,451.3999938964844,445.6000061035156,446.2000122070313,112500
2023-07-14,448.2000122070313,448.2000122070313,439.7999877929688,441.3999938964844,81000
2023-07-18,442.0,454.3999938964844,442.0,449.2000122070313,99000
2023-07-19,454.0,456.7999877929688,450.2000122070313,453.3999938964844,126000
2023-07-20,456.0,457.3999938964844,452.7999877929688,454.7999877929688,74000
2023-07-21,457.6000061035156,457.6000061035156,453.3999938964844,455.2000122070313,151000
2023-07-24,456.7999877929688,456.7999877929688,451.0,453.3999938964844,56000
2023-07-25,452.3999938964844,456.3999938964844,452.3999938964844,455.0,93000
2023-07-26,457.0,458.0,455.6000061035156,457.3999938964844,71000
2023-07-27,459.0,464.0,456.3999938964844,462.7999877929688,121000
2023-07-28,464.0,482.0,464.0,482.0,445000
2023-07-31,489.7999877929688,494.0,484.3999938964844,490.6000061035156,266500
2023-08-01,490.3999938964844,490.3999938964844,484.3999938964844,485.0,151000
2023-08-02,479.0,484.7999877929688,476.6000061035156,476.6000061035156,133000
2023-08-03,475.2000122070313,477.2000122070313,470.6000061035156,473.2000122070313,209000
2023-08-04,472.7999877929688,483.0,472.0,477.7999877929688,98000
2023-08-07,478.6000061035156,483.0,474.3999938964844,482.2000122070313,94000
2023-08-08,484.2000122070313,489.0,483.3999938964844,487.3999938964844,71500
2023-08-09,482.6000061035156,484.6000061035156,476.0,479.2000122070313,140500
2023-08-10,481.2000122070313,483.0,476.6000061035156,481.3999938964844,195500
2023-08-14,486.6000061035156,486.7999877929688,473.0,474.7999877929688,240000
2023-08-15,482.0,483.2000122070313,477.2000122070313,478.7999877929688,104000
2023-08-16,472.2000122070313,472.2000122070313,460.7999877929688,461.6000061035156,164000
2023-08-17,462.7999877929688,469.2000122070313,456.2000122070313,467.3999938964844,127500
2023-08-18,467.3999938964844,469.2000122070313,460.7999877929688,462.6000061035156,195500
2023-08-21,465.0,465.2000122070313,460.2000122070313,460.2000122070313,101500
2023-08-22,460.2000122070313,467.2000122070313,460.2000122070313,467.2000122070313,76500
2023-08-23,464.6000061035156,464.6000061035156,460.6000061035156,464.2000122070313,100000
2023-08-24,464.0,472.2000122070313,464.0,469.6000061035156,170500
2023-08-25,465.0,468.6000061035156,464.3999938964844,467.6000061035156,84000
2023-08-28,470.2000122070313,478.3999938964844,470.2000122070313,478.3999938964844,88000
2023-08-29,478.3999938964844,482.2000122070313,475.6000061035156,477.6000061035156,141000
2023-08-30,480.6000061035156,487.7999877929688,480.6000061035156,487.2000122070313,190500
2023-08-31,487.2000122070313,489.2000122070313,486.2000122070313,487.3999938964844,73000
2023-09-01,487.3999938964844,495.0,487.3999938964844,493.7999877929688,123000
2023-09-04,500.0,508.6000061035156,500.0,508.0,195000
2023-09-05,513.2000122070312,514.2000122070312,498.6000061035156,506.2000122070313,244000
2023-09-06,506.2000122070313,523.7999877929688,506.2000122070313,521.7999877929688,271500
2023-09-07,520.0,526.4000244140625,517.7999877929688,523.4000244140625,225500
2023-09-08,518.2000122070312,521.2000122070312,513.0,513.4000244140625,287000
2023-09-11,523.4000244140625,546.4000244140625,523.4000244140625,545.4000244140625,342500
2023-09-12,549.4000244140625,552.5999755859375,540.0,549.7999877929688,225500
2023-09-13,549.7999877929688,556.5999755859375,549.0,555.2000122070312,278500
2023-09-14,575.2000122070312,578.5999755859375,568.7999877929688,575.0,397500
2023-09-15,576.7999877929688,578.4000244140625,557.4000244140625,561.4000244140625,629500
2023-09-19,560.4000244140625,569.0,556.5999755859375,562.7999877929688,504500
2023-09-20,564.0,565.0,550.4000244140625,553.4000244140625,363500
2023-09-21,558.7999877929688,563.7999877929688,554.2000122070312,558.0,255000
2023-09-22,554.7999877929688,564.4000244140625,550.0,560.2000122070312,340000
2023-09-25,564.0,564.0,550.4000244140625,554.2000122070312,216500
2023-09-26,554.7999877929688,562.2000122070312,552.5999755859375,558.0,135500
2023-09-27,554.7999877929688,562.4000244140625,549.2000122070312,561.2000122070312,235500
2023-09-28,559.4000244140625,568.2000122070312,555.0,565.2000122070312,295500
2023-09-29,565.2000122070312,565.2000122070312,541.4000244140625,543.5999755859375,248500
2023-10-02,544.4000244140625,562.0,544.4000244140625,550.2000122070312,203500
2023-10-03,547.5999755859375,547.5999755859375,530.7999877929688,533.5999755859375,285000
2023-10-04,523.5999755859375,528.0,513.7999877929688,515.2000122070312,291000
2023-10-05,515.4000244140625,533.7999877929688,515.4000244140625,532.0,180000
2023-10-06,538.5999755859375,540.4000244140625,528.2000122070312,535.7999877929688,102000
2023-10-10,540.5999755859375,547.4000244140625,536.0,546.4000244140625,112500
2023-10-11,554.4000244140625,555.5999755859375,545.7999877929688,550.0,142000
2023-10-12,557.2000122070312,561.4000244140625,554.0,557.5999755859375,184500
2023-10-13,560.0,560.0,540.4000244140625,542.2000122070312,187000
2023-10-16,531.4000244140625,541.7999877929688,529.2000122070312,539.7999877929688,150500
2023-10-17,543.2000122070312,549.5999755859375,538.5999755859375,543.5999755859375,130000
2023-10-18,553.5999755859375,557.4000244140625,546.2000122070312,553.4000244140625,162000
2023-10-19,544.7999877929688,555.5999755859375,544.7999877929688,551.2000122070312,134000
2023-10-20,553.0,557.2000122070312,545.2000122070312,546.5999755859375,147000
2023-10-23,546.5999755859375,555.0,542.5999755859375,542.5999755859375,132000
2023-10-24,542.5999755859375,542.5999755859375,526.7999877929688,538.7999877929688,146000
2023-10-25,529.0,546.4000244140625,529.0,541.2000122070312,125500
2023-10-26,536.7999877929688,542.2000122070312,530.5999755859375,532.7999877929688,115500
2023-10-27,532.7999877929688,547.4000244140625,531.2000122070312,547.4000244140625,153500
2023-10-30,541.7999877929688,551.0,535.4000244140625,537.4000244140625,190500
2023-10-31,544.5999755859375,556.0,537.5999755859375,554.7999877929688,241000
2023-11-01,564.0,571.2000122070312,558.5999755859375,568.7999877929688,428000
2023-11-02,579.7999877929688,579.7999877929688,556.0,562.5999755859375,193000
2023-11-06,572.5999755859375,572.5999755859375,558.0,558.2000122070312,158500
2023-11-07,553.2000122070312,565.7999877929688,553.0,558.4000244140625,109500
2023-11-08,564.0,564.0,522.5999755859375,530.4000244140625,457000
2023-11-09,529.2000122070312,536.0,519.0,532.2000122070312,191500
2023-11-10,534.2000122070312,537.7999877929688,528.0,536.5999755859375,163000
2023-11-13,541.7999877929688,541.7999877929688,526.7999877929688,538.2000122070312,214500
2023-11-14,541.4000244140625,546.0,525.0,530.7999877929688,178500
2023-11-15,537.5999755859375,537.5999755859375,521.2000122070312,524.5999755859375,149000
2023-11-16,527.5999755859375,534.5999755859375,523.0,524.0,114500
2023-11-17,522.0,532.7999877929688,519.4000244140625,532.4000244140625,97000
2023-11-20,533.0,542.0,531.4000244140625,533.0,87000
2023-11-21,534.2000122070312,538.2000122070312,527.2000122070312,529.0,113500
2023-11-22,524.5999755859375,532.5999755859375,524.0,530.2000122070312,67000
2023-11-24,530.0,533.0,528.0,531.5999755859375,97500
2023-11-27,534.0,535.0,529.0,532.2000122070312,75500
2023-11-28,532.2000122070312,542.4000244140625,532.2000122070312,536.2000122070312,106000
2023-11-29,532.0,538.2000122070312,524.7999877929688,525.5999755859375,164500
2023-11-30,525.5999755859375,530.2000122070312,524.2000122070312,528.4000244140625,81000
2023-12-01,532.5999755859375,533.0,527.5999755859375,532.2000122070312,102500
2023-12-04,528.5999755859375,530.5999755859375,522.4000244140625,525.4000244140625,149000
2023-12-05,521.7999877929688,525.4000244140625,514.5999755859375,514.5999755859375,166000
2023-12-06,513.7999877929688,517.4000244140625,510.2000122070313,515.5999755859375,278000
2023-12-07,510.3999938964844,515.4000244140625,510.3999938964844,515.4000244140625,143000
2023-12-08,511.3999938964844,523.4000244140625,509.6000061035156,513.0,254500
2023-12-11,517.4000244140625,521.4000244140625,509.6000061035156,513.7999877929688,221000
2023-12-12,513.2000122070312,513.2000122070312,505.6000061035156,505.6000061035156,182000
2023-12-13,506.3999938964844,512.5999755859375,506.3999938964844,509.6000061035156,137500
2023-12-14,507.0,507.2000122070313,494.0,494.2000122070313,260500
2023-12-15,498.2000122070313,500.3999938964844,491.6000061035156,495.3999938964844,137000
2023-12-18,491.3999938964844,494.7999877929688,483.6000061035156,493.2000122070313,174500
2023-12-19,494.0,495.0,487.3999938964844,491.0,224000
2023-12-20,487.3999938964844,492.7999877929688,485.6000061035156,488.7999877929688,229000
2023-12-21,485.7999877929688,486.7999877929688,480.7999877929688,486.2000122070313,314000
2023-12-22,486.0,495.2000122070313,486.0,494.7999877929688,139500
2023-12-25,500.7999877929688,501.0,494.7999877929688,496.7999877929688,101500
2023-12-26,492.3999938964844,497.2000122070313,492.3999938964844,495.2000122070313,101500
2023-12-27,494.0,498.6000061035156,493.6000061035156,498.0,143500
2023-12-28,495.2000122070313,499.2000122070313,494.0,499.2000122070313,53000
2023-12-29,498.6000061035156,506.6000061035156,497.2000122070313,503.3999938964844,111000
2024-01-04,506.0,507.2000122070313,499.6000061035156,505.0,153500
2024-01-05,513.0,513.4000244140625,507.2000122070313,512.7999877929688,103000
2024-01-09,517.2000122070312,521.2000122070312,515.4000244140625,515.4000244140625,138000
2024-01-10,516.2000122070312,520.5999755859375,513.5999755859375,515.2000122070312,123500
2024-01-11,518.7999877929688,527.5999755859375,517.2000122070312,523.0,121500
2024-01-12,523.0,524.7999877929688,515.4000244140625,517.0,163000
2024-01-15,518.0,524.2000122070312,515.0,523.5999755859375,19000
2024-01-16,518.0,529.5999755859375,515.0,525.4000244140625,217500
2024-01-17,529.5999755859375,531.5999755859375,522.4000244140625,522.4000244140625,116000
2024-01-18,523.5999755859375,526.4000244140625,520.7999877929688,526.4000244140625,88000
2024-01-19,526.0,526.4000244140625,520.4000244140625,521.5999755859375,92000
2024-01-22,528.7999877929688,528.7999877929688,523.5999755859375,527.7999877929688,91500
2024-01-23,524.5999755859375,529.4000244140625,523.4000244140625,523.4000244140625,127000
2024-01-24,523.4000244140625,534.5999755859375,523.2000122070312,534.4000244140625,221500
2024-01-25,535.0,541.5999755859375,529.5999755859375,530.7999877929688,186000
2024-01-26,530.7999877929688,539.2000122070312,526.5999755859375,532.0,169500
2024-01-29,532.2000122070312,538.4000244140625,532.0,534.2000122070312,131500
2024-01-30,537.5999755859375,537.5999755859375,530.4000244140625,530.4000244140625,67500
2024-01-31,530.2000122070312,544.0,530.2000122070312,544.0,190000
2024-02-01,544.0,544.0,533.2000122070312,537.0,129000
2024-02-02,538.0,538.0,530.4000244140625,533.7999877929688,143500
2024-02-05,532.5999755859375,543.2000122070312,532.5999755859375,538.0,102000
2024-02-06,534.0,537.4000244140625,528.5999755859375,529.0,180500
2024-02-07,528.4000244140625,535.2000122070312,528.4000244140625,531.5999755859375,87500
2024-02-08,530.4000244140625,533.2000122070312,526.2000122070312,531.0,158000
2024-02-09,528.5999755859375,529.2000122070312,520.4000244140625,525.4000244140625,192000
2024-02-13,524.0,529.4000244140625,522.5999755859375,529.4000244140625,148000
2024-02-14,521.5999755859375,524.0,513.4000244140625,515.4000244140625,244000
2024-02-15,516.4000244140625,521.5999755859375,508.3999938964844,510.3999938964844,225000
2024-02-16,510.3999938964844,523.4000244140625,510.3999938964844,520.0,174500
2024-02-19,520.0,532.0,519.2000122070312,532.0,129000
2024-02-20,531.0,532.4000244140625,525.2000122070312,525.5999755859375,108500
2024-02-21,526.0,531.0,522.2000122070312,526.4000244140625,82500
2024-02-22,526.4000244140625,530.4000244140625,524.5999755859375,530.0,118000
2024-02-26,530.0,535.4000244140625,527.7999877929688,528.5999755859375,171500
2024-02-27,528.5999755859375,542.7999877929688,526.7999877929688,535.0,206500
2024-02-28,536.5999755859375,551.0,536.4000244140625,540.7999877929688,253500
2024-02-29,540.5999755859375,557.2000122070312,540.4000244140625,556.5999755859375,227000
2024-03-01,556.0,570.0,556.0,570.0,243500
2024-03-04,566.0,566.0,551.0,554.7999877929688,389500
2024-03-05,551.0,560.0,548.7999877929688,558.2000122070312,161000
2024-03-06,557.5999755859375,569.0,555.7999877929688,568.5999755859375,261500
2024-03-07,566.0,580.0,564.5999755859375,574.0,364000
2024-03-08,574.4000244140625,601.0,574.0,599.5999755859375,394500
2024-03-11,599.5999755859375,599.5999755859375,570.0,578.0,353000
2024-03-12,570.0,578.7999877929688,564.4000244140625,575.4000244140625,176500
2024-03-13,587.0,589.0,571.5999755859375,580.0,189500
2024-03-14,590.0,592.2000122070312,581.7999877929688,591.5999755859375,169000
2024-03-15,589.7999877929688,599.4000244140625,586.2000122070312,598.4000244140625,181000
2024-03-18,600.0,602.0,594.5999755859375,596.0,238500
2024-03-19,594.0,597.7999877929688,586.0,588.7999877929688,220500
2024-03-21,596.5999755859375,612.0,591.5999755859375,606.0,251500
2024-03-22,606.0,612.0,601.0,611.0,112500
2024-03-25,605.0,610.0,595.5999755859375,601.0,325000
2024-03-26,611.0,618.0,599.4000244140625,605.0,269500
2024-03-27,610.0,614.0,606.0,613.0,224000
2024-03-28,611.0,611.0,600.0,603.0,225000
2024-03-29,606.0,608.0,595.4000244140625,603.0,117500
2024-04-01,610.0,610.0,598.0,602.0,250500
2024-04-02,603.0,616.0,593.2000122070312,597.0,274000
2024-04-03,590.5999755859375,606.0,590.5999755859375,601.0,194500
2024-04-04,601.0,608.0,600.0,605.0,145000
2024-04-05,593.2000122070312,594.5999755859375,578.4000244140625,590.0,319500
2024-04-08,589.7999877929688,589.7999877929688,578.0,580.5999755859375,274500
2024-04-09,583.2000122070312,585.0,576.0,576.4000244140625,191500
2024-04-10,573.4000244140625,576.5999755859375,572.2000122070312,572.5999755859375,99500
2024-04-11,570.5999755859375,578.5999755859375,568.4000244140625,577.2000122070312,87000
2024-04-12,578.2000122070312,580.5999755859375,573.0,579.4000244140625,129000
2024-04-15,569.7999877929688,583.5999755859375,568.7999877929688,583.0,194000
2024-04-16,580.5999755859375,584.2000122070312,560.5999755859375,561.0,191000
2024-04-17,566.4000244140625,566.4000244140625,550.2000122070312,550.2000122070312,138000
2024-04-18,546.0,560.7999877929688,546.0,559.5999755859375,120500
2024-04-19,553.5999755859375,557.7999877929688,541.5999755859375,546.0,165000
2024-04-22,556.0,579.5999755859375,554.7999877929688,578.5999755859375,325000
2024-04-23,579.7999877929688,587.4000244140625,578.0,583.0,210500
2024-04-24,588.4000244140625,589.4000244140625,582.2000122070312,583.5999755859375,206000
2024-04-25,583.5999755859375,585.0,578.2000122070312,578.2000122070312,190000
2024-04-26,578.2000122070312,585.5999755859375,575.4000244140625,582.0,134000
2024-04-30,580.2000122070312,587.4000244140625,576.0,587.4000244140625,141500
2024-05-01,584.0,593.2000122070312,580.5999755859375,592.4000244140625,142500
2024-05-02,592.0,594.0,589.2000122070312,592.5999755859375,81000
2024-05-07,592.4000244140625,592.5999755859375,582.7999877929688,588.5999755859375,146000
2024-05-08,588.4000244140625,591.0,583.5999755859375,587.4000244140625,81500
2024-05-09,592.0,592.4000244140625,580.5999755859375,587.7999877929688,113000
2024-05-10,587.7999877929688,596.0,586.4000244140625,595.2000122070312,129500
2024-05-13,606.0,647.0,604.0,627.0,469000
2024-05-14,621.0,633.0,613.0,631.0,247500
2024-05-15,636.0,652.0,630.0,648.0,208500
2024-05-16,660.0,660.0,633.0,639.0,194000
2024-05-17,638.0,666.0,638.0,666.0,202000
2024-05-20,660.0,692.0,660.0,687.0,244000
2024-05-21,691.0,696.0,684.0,686.0,194500
2024-05-22,685.0,702.0,674.0,676.0,205000
2024-05-23,676.0,690.0,668.0,688.0,241000
2024-05-24,680.0,694.0,678.0,685.0,152500
2024-05-27,684.0,685.0,669.0,677.0,89500
2024-05-28,680.0,681.0,669.0,671.0,66500
2024-05-29,671.0,694.0,671.0,679.0,131000
2024-05-30,670.0,677.0,662.0,675.0,118500
2024-05-31,678.0,702.0,678.0,702.0,201000
2024-06-03,706.0,710.0,700.0,703.0,166000
2024-06-04,700.0,705.0,675.0,678.0,253500
2024-06-05,673.0,675.0,660.0,669.0,156500
2024-06-06,673.0,685.0,666.0,674.0,110000
2024-06-07,673.0,686.0,669.0,671.0,137500
2024-06-10,671.0,686.0,671.0,681.0,68500
2024-06-11,688.0,688.0,668.0,668.0,309000
2024-06-12,671.0,682.0,667.0,679.0,88500
2024-06-13,674.0,677.0,657.0,657.0,126000
2024-06-14,643.0,673.0,640.0,667.0,243500
2024-06-17,666.0,674.0,658.0,666.0,139000
2024-06-18,674.0,678.0,669.0,670.0,99500
2024-06-19,676.0,683.0,671.0,676.0,128500
2024-06-20,675.0,676.0,665.0,669.0,377500
2024-06-21,670.0,673.0,661.0,665.0,213000
2024-06-24,666.0,674.0,661.0,671.0,134000
2024-06-25,677.0,702.0,677.0,700.0,204000
2024-06-26,701.0,715.0,696.0,711.0,139500
2024-06-27,712.0,723.0,708.0,716.0,164000
2024-06-28,713.0,722.0,708.0,712.0,157500
2024-07-01,717.0,717.0,703.0,713.0,119000
2024-07-02,712.0,716.0,705.0,715.0,264000
2024-07-03,709.0,715.0,695.0,695.0,151000
2024-07-04,698.0,698.0,686.0,687.0,101000
2024-07-05,688.0,688.0,675.0,675.0,114500
2024-07-08,674.0,676.0,666.0,670.0,100500
2024-07-09,674.0,681.0,668.0,679.0,127500
2024-07-10,675.0,681.0,670.0,674.0,124000
2024-07-11,674.0,679.0,671.0,673.0,75000
2024-07-12,669.0,682.0,669.0,672.0,127000
2024-07-16,672.0,681.0,672.0,673.0,59500
2024-07-17,680.0,681.0,669.0,670.0,78000
2024-07-18,667.0,675.0,663.0,668.0,73500
2024-07-19,674.0,677.0,666.0,677.0,86500
2024-07-22,673.0,673.0,657.0,660.0,96500
2024-07-23,670.0,679.0,668.0,671.0,99000
2024-07-24,667.0,674.0,660.0,660.0,73500
2024-07-25,659.0,664.0,642.0,644.0,202500
2024-07-26,642.0,645.0,634.0,634.0,92500
2024-07-29,644.0,654.0,633.0,654.0,67500
2024-07-30,654.0,654.0,643.0,649.0,136000
2024-07-31,642.0,684.0,642.0,684.0,141500
2024-08-01,683.0,690.0,671.0,680.0,157000
2024-08-02,643.0,646.0,613.0,613.0,244000
2024-08-05,569.0,570.5999755859375,503.2000122070313,510.7999877929688,397000
2024-08-06,539.2000122070312,578.5999755859375,533.5999755859375,561.2000122070312,277000
2024-08-07,543.5999755859375,593.2000122070312,543.2000122070312,578.4000244140625,405500
2024-08-08,565.7999877929688,576.5999755859375,550.2000122070312,554.2000122070312,208500
2024-08-09,573.7999877929688,602.0,559.4000244140625,581.2000122070312,134000
2024-08-13,597.2000122070312,609.0,586.0,604.0,111500
2024-08-14,610.0,623.0,609.0,615.0,99500
2024-08-15,615.0,630.0,615.0,623.0,79500
2024-08-16,636.0,645.0,631.0,641.0,127500
2024-08-19,640.0,642.0,625.0,627.0,73500
2024-08-20,637.0,637.0,621.0,624.0,238500
2024-08-21,610.0,624.0,610.0,620.0,50500
2024-08-22,620.0,620.0,606.0,612.0,238500
2024-08-23,614.0,619.0,610.0,612.0,111500
2024-08-26,612.0,621.0,605.0,609.0,111500
2024-08-27,632.0,679.0,625.0,679.0,692500
2024-08-28,681.0,687.0,664.0,683.0,340500
2024-08-29,684.0,687.0,673.0,675.0,121500
2024-08-30,680.0,681.0,665.0,667.0,149500
2024-09-02,677.0,685.0,669.0,681.0,197500
2024-09-03,679.0,682.0,675.0,680.0,194000
2024-09-04,670.0,676.0,658.0,661.0,238500
2024-09-05,660.0,679.0,648.0,651.0,242000
2024-09-06,665.0,665.0,645.0,651.0,165500
2024-09-09,633.0,644.0,621.0,634.0,184000
2024-09-10,637.0,655.0,637.0,643.0,153000
2024-09-11,638.0,638.0,617.0,622.0,148000
2024-09-12,627.0,635.0,625.0,631.0,116000
2024-09-13,617.0,633.0,617.0,622.0,240000
2024-09-17,627.0,631.0,607.0,621.0,144000
2024-09-18,635.0,638.0,624.0,632.0,81000
2024-09-19,646.0,650.0,637.0,638.0,139000
2024-09-20,650.0,655.0,642.0,652.0,187000
2024-09-24,664.0,664.0,636.0,636.0,91500
2024-09-25,634.0,634.0,619.0,620.0,137000
2024-09-26,633.0,641.0,625.0,636.0,190000
2024-09-27,613.0,623.0,613.0,616.0,292500
2024-09-30,608.0,627.0,608.0,615.0,181000
2024-10-01,620.0,637.0,618.0,632.0,134000
2024-10-02,629.0,636.0,622.0,623.0,173000
2024-10-03,630.0,638.0,624.0,628.0,91000
2024-10-04,631.0,643.0,631.0,641.0,207500
2024-10-07,655.0,665.0,655.0,657.0,209500
2024-10-08,652.0,652.0,634.0,638.0,141500
2024-10-09,639.0,639.0,628.0,629.0,104500
2024-10-10,634.0,637.0,628.0,634.0,138500
2024-10-11,641.0,643.0,634.0,634.0,140500
2024-10-15,646.0,647.0,634.0,635.0,249500
2024-10-16,630.0,645.0,623.0,636.0,121000
2024-10-17,647.0,647.0,635.0,636.0,232500
2024-10-18,646.0,650.0,636.0,640.0,208500
2024-10-21,640.0,640.0,625.0,625.0,84000
2024-10-22,628.0,628.0,611.0,615.0,160000
2024-10-23,617.0,617.0,608.0,609.0,110000
2024-10-24,608.0,612.0,602.0,607.0,206000
2024-10-25,609.0,609.0,594.5999755859375,600.0,217500
2024-10-28,597.2000122070312,612.0,595.4000244140625,608.0,108000
2024-10-29,618.0,631.0,618.0,624.0,167500
2024-10-30,624.0,631.0,620.0,621.0,211000
2024-10-31,621.0,630.0,621.0,626.0,74000
2024-11-01,622.0,631.0,618.0,627.0,75500
2024-11-05,637.0,637.0,621.0,623.0,71500
2024-11-06,622.0,649.0,622.0,648.0,201000
2024-11-07,657.0,675.0,654.0,660.0,244500
2024-11-08,662.0,669.0,650.0,656.0,141000
2024-11-11,656.0,663.0,638.0,648.0,167500
2024-11-12,645.0,650.0,632.0,632.0,132500
2024-11-13,633.0,644.0,628.0,632.0,141000
2024-11-14,632.0,646.0,632.0,640.0,95500
2024-11-15,644.0,644.0,628.0,637.0,88500
2024-11-18,640.0,648.0,636.0,636.0,75000
2024-11-19,636.0,646.0,636.0,645.0,69500
2024-11-20,642.0,642.0,627.0,627.0,86500
2024-11-21,627.0,632.0,624.0,626.0,83000
2024-11-22,626.0,632.0,625.0,628.0,103500
2024-11-25,638.0,638.0,628.0,628.0,108000
2024-11-26,628.0,628.0,610.0,610.0,137500
2024-11-27,605.0,613.0,598.0,598.7999877929688,96500
2024-11-28,598.0,607.0,597.0,605.0,269500
2024-11-29,605.0,611.0,601.0,605.0,89000
2024-12-02,611.0,630.0,611.0,630.0,126500
2024-12-03,626.0,633.0,622.0,629.0,208500
2024-12-04,626.0,628.0,618.0,618.0,140500
2024-12-05,623.0,630.0,622.0,626.0,244500
2024-12-06,628.0,629.0,622.0,629.0,87000
2024-12-09,628.0,644.0,622.0,641.0,209000
2024-12-10,643.0,663.0,643.0,657.0,150000
2024-12-11,658.0,660.0,646.0,653.0,147000
2024-12-12,657.0,658.0,650.0,653.0,150500
2024-12-13,645.0,645.0,630.0,633.0,288000
2024-12-16,632.0,632.0,621.0,626.0,162500
2024-12-17,623.0,627.0,617.0,624.0,97500
2024-12-18,616.0,623.0,614.0,622.0,116000
2024-12-19,610.0,621.0,610.0,618.0,159000
2024-12-20,619.0,621.0,612.0,612.0,122500
2024-12-23,612.0,633.0,612.0,628.0,196500
2024-12-24,630.0,639.0,627.0,628.0,162000
2024-12-25,630.0,630.0,609.0,617.0,190500
2024-12-26,618.0,623.0,612.0,623.0,178000
2024-12-27,623.0,628.0,621.0,628.0,96500
2024-12-30,628.0,635.0,625.0,625.0,58000
2025-01-06,624.0,625.0,617.0,617.0,91000
2025-01-07,622.0,622.0,612.0,614.0,114500
2025-01-08,611.0,622.0,611.0,617.0,107000
2025-01-09,614.0,618.0,605.0,606.0,197500
2025-01-10,609.0,614.0,601.0,614.0,142500
2025-01-14,610.0,611.0,599.4000244140625,605.0,154000
2025-01-15,615.0,619.0,609.0,616.0,144000
2025-01-16,616.0,622.0,612.0,613.0,88000
2025-01-17,611.0,618.0,606.0,613.0,116000
2025-01-20,613.0,624.0,613.0,619.0,76000
2025-01-21,622.0,627.0,615.0,616.0,66000
2025-01-22,618.0,619.0,613.0,615.0,68500
2025-01-23,611.0,612.0,605.0,611.0,154000
2025-01-24,607.0,614.0,604.0,610.0,140000
2025-01-27,617.0,623.0,614.0,619.0,144000
2025-01-28,619.0,628.0,619.0,626.0,107500
2025-01-29,628.0,631.0,621.0,628.0,147500
2025-01-30,624.0,631.0,623.0,629.0,183000
2025-01-31,631.0,634.0,627.0,632.0,198000
2025-02-03,624.0,625.0,611.0,611.0,175500
2025-02-04,625.0,628.0,615.0,620.0,214500
2025-02-05,624.0,636.0,621.0,623.0,200500
2025-02-06,626.0,627.0,618.0,625.0,112500
2025-02-07,625.0,633.0,623.0,629.0,178500
2025-02-10,635.0,667.0,620.0,664.0,727500
2025-02-12,653.0,675.0,640.0,669.0,567500
2025-02-13,675.0,684.0,665.0,679.0,360500
2025-02-14,680.0,693.0,677.0,684.0,304000
2025-02-17,687.0,690.0,680.0,690.0,168000
2025-02-18,684.0,697.0,684.0,693.0,167000
2025-02-19,695.0,706.0,689.0,692.0,265500
2025-02-20,691.0,691.0,668.0,675.0,231000
2025-02-21,667.0,668.0,656.0,659.0,250500
2025-02-25,649.0,662.0,644.0,644.0,289000
2025-02-26,642.0,657.0,635.0,657.0,185500
2025-02-27,653.0,667.0,651.0,667.0,130000
2025-02-28,665.0,666.0,654.0,660.0,133500
2025-03-03,672.0,673.0,655.0,662.0,122500
2025-03-04,662.0,662.0,644.0,651.0,102000
2025-03-05,651.0,657.0,646.0,650.0,136500
2025-03-06,651.0,666.0,651.0,666.0,172000
2025-03-07,652.0,670.0,647.0,666.0,217500
2025-03-10,666.0,666.0,651.0,653.0,132000
2025-03-11,633.0,640.0,624.0,638.0,253000
2025-03-12,638.0,650.0,636.0,650.0,261500
2025-03-13,650.0,671.0,650.0,664.0,191000
2025-03-14,663.0,678.0,656.0,676.0,215500
2025-03-17,678.0,682.0,675.0,678.0,140000
2025-03-18,678.0,697.0,678.0,692.0,202500
2025-03-19,686.0,693.0,685.0,688.0,130500
2025-03-21,688.0,704.0,687.0,704.0,246500
2025-03-24,703.0,703.0,692.0,699.0,206000
2025-03-25,699.0,704.0,687.0,698.0,212500
2025-03-26,700.0,710.0,694.0,707.0,194000
2025-03-27,701.0,728.0,701.0,726.0,242000
2025-03-28,722.0,722.0,705.0,710.0,224000
2025-03-31,694.0,699.0,679.0,694.0,259000
2025-04-01,703.0,729.0,696.0,696.0,175000
2025-04-02,700.0,701.0,683.0,690.0,127500
2025-04-03,651.0,656.0,630.0,642.0,291000
2025-04-04,614.0,617.0,576.2000122070312,593.2000122070312,758500
2025-04-07,560.0,560.2000122070312,526.7999877929688,527.2000122070312,381500
2025-04-08,580.0,598.7999877929688,580.0,585.4000244140625,386500
2025-04-09,565.4000244140625,572.7999877929688,552.0,560.5999755859375,504500
2025-04-10,615.0,624.0,601.0,611.0,213500
2025-04-11,577.0,599.0,570.7999877929688,595.5999755859375,191000
2025-04-14,599.2000122070312,615.0,590.0,611.0,190500
2025-04-15,618.0,619.0,604.0,614.0,143500
2025-04-16,617.0,620.0,609.0,611.0,148500
2025-04-17,610.0,634.0,610.0,633.0,114500
2025-04-18,642.0,665.0,639.0,663.0,191500
2025-04-21,660.0,673.0,660.0,662.0,123000
2025-04-22,662.0,677.0,662.0,673.0,79000
2025-04-23,686.0,695.0,672.0,679.0,144500
2025-04-24,684.0,695.0,682.0,685.0,88000
2025-04-25,684.0,689.0,679.0,679.0,101000
2025-04-28,679.0,686.0,674.0,677.0,195000
2025-04-30,677.0,685.0,672.0,679.0,103000
2025-05-01,680.0,684.0,667.0,667.0,82500
2025-05-02,666.0,666.0,642.0,653.0,145000
2025-05-07,653.0,664.0,639.0,659.0,169000
2025-05-08,655.0,662.0,646.0,653.0,116500
2025-05-09,658.0,676.0,658.0,673.0,92500
2025-05-12,687.0,737.0,673.0,713.0,842000
2025-05-13,722.0,728.0,703.0,705.0,237500
2025-05-14,706.0,721.0,703.0,715.0,209500
2025-05-15,714.0,714.0,688.0,689.0,261000
2025-05-16,694.0,694.0,670.0,670.0,201000
2025-05-19,660.0,671.0,656.0,671.0,183000
2025-05-20,671.0,680.0,668.0,669.0,92000
2025-05-21,675.0,688.0,674.0,677.0,206500
2025-05-22,667.0,677.0,660.0,668.0,108500
2025-05-23,678.0,680.0,667.0,675.0,207500
2025-05-26,676.0,683.0,672.0,682.0,125000
2025-05-27,682.0,687.0,675.0,687.0,85000
2025-05-28,693.0,699.0,685.0,688.0,172000
2025-05-29,686.0,703.0,682.0,699.0,238500
2025-05-30,690.0,726.0,690.0,721.0,280500
2025-06-02,719.0,728.0,715.0,727.0,136500
2025-06-03,727.0,730.0,719.0,724.0,122500
2025-06-04,738.0,756.0,729.0,743.0,531000
2025-06-05,740.0,750.0,732.0,748.0,258000
2025-06-06,747.0,755.0,738.0,739.0,177500
2025-06-09,740.0,748.0,737.0,741.0,89500
2025-06-10,740.0,764.0,740.0,747.0,263000
2025-06-11,747.0,755.0,740.0,748.0,139000
2025-06-12,746.0,758.0,746.0,751.0,109000
2025-06-13,757.0,757.0,742.0,753.0,234500
2025-06-16,754.0,768.0,754.0,764.0,181500
2025-06-17,761.0,769.0,760.0,764.0,199000
2025-06-18,760.0,765.0,750.0,759.0,198000
2025-06-19,763.0,772.0,755.0,757.0,129500
2025-06-20,756.0,765.0,754.0,755.0,188000
2025-06-23,755.0,762.0,750.0,751.0,94000
2025-06-24,762.0,762.0,750.0,752.0,118500
2025-06-25,753.0,759.0,750.0,759.0,173500
2025-06-26,762.0,772.0,754.0,758.0,139500
2025-06-27,758.0,776.0,758.0,775.0,210000
2025-06-30,780.0,814.0,768.0,800.0,337000
2025-07-01,786.0,800.0,777.0,788.0,205000
2025-07-02,794.0,810.0,785.0,799.0,282000
2025-07-03,799.0,804.0,782.0,790.0,153000
2025-07-04,798.0,817.0,796.0,815.0,232500
2025-07-07,818.0,820.0,807.0,813.0,105000
2025-07-08,812.0,816.0,798.0,812.0,256500
2025-07-09,813.0,833.0,802.0,825.0,205500
2025-07-10,826.0,843.0,826.0,830.0,186000
2025-07-11,836.0,862.0,831.0,854.0,246500
2025-07-14,854.0,863.0,837.0,859.0,222000
2025-07-15,873.0,895.0,865.0,867.0,422000
2025-07-16,870.0,870.0,854.0,863.0,321500
2025-07-17,872.0,883.0,864.0,868.0,225000
2025-07-18,888.0,919.0,885.0,914.0,778000
2025-07-22,909.0,921.0,898.0,911.0,348500
2025-07-23,939.0,950.0,912.0,932.0,660500
2025-07-24,944.0,974.0,943.0,966.0,387500
2025-07-25,961.0,984.0,961.0,978.0,346500
2025-07-28,974.0,974.0,929.0,932.0,409000
2025-07-29,923.0,944.0,913.0,936.0,254500
2025-07-30,941.0,950.0,930.0,936.0,135000
2025-07-31,934.0,956.0,934.0,950.0,141500
2025-08-01,950.0,955.0,939.0,952.0,114000
2025-08-04,932.0,935.0,920.0,934.0,136000
2025-08-05,943.0,949.0,932.0,938.0,114500
2025-08-06,943.0,943.0,932.0,933.0,81500
2025-08-07,933.0,942.0,924.0,932.0,231000
2025-08-08,935.0,951.0,920.0,934.0,277500
2025-08-12,948.0,948.0,914.0,934.0,355500
2025-08-13,934.0,954.0,925.0,935.0,302000
2025-08-14,934.0,943.0,922.0,943.0,189000
2025-08-15,949.0,973.0,949.0,967.0,285500
2025-08-18,967.0,977.0,952.0,976.0,260500
2025-08-19,976.0,992.0,964.0,964.0,226500
2025-08-20,962.0,989.0,958.0,982.0,176000
2025-08-21,982.0,984.0,971.0,973.0,134500
2025-08-22,984.0,1016.0,979.0,1006.0,343000
2025-08-25,1012.0,1022.0,995.0,1006.0,142000
2025-08-26,1002.0,1006.0,984.0,986.0,130000
2025-08-27,985.0,989.0,976.0,980.0,172000
2025-08-28,982.0,1000.0,977.0,991.0,154500
2025-08-29,980.0,988.0,976.0,979.0,150000
2025-09-01,981.0,992.0,966.0,970.0,182500
2025-09-02,984.0,990.0,966.0,988.0,218500
2025-09-03,991.0,991.0,947.0,956.0,235500
2025-09-04,960.0,967.0,956.0,965.0,118000
2025-09-05,972.0,982.0,966.0,973.0,369500
2025-09-08,972.0,979.0,968.0,977.0,83000
2025-09-09,983.0,993.0,968.0,972.0,173000
2025-09-10,972.0,1006.0,970.0,1006.0,184500
2025-09-11,1014.0,1018.0,993.0,1004.0,321000
2025-09-12,1022.0,1022.0,1000.0,1002.0,213000
2025-09-16,1008.0,1008.0,989.0,991.0,177000
2025-09-17,980.0,989.0,970.0,981.0,153000
2025-09-18,980.0,995.0,972.0,977.0,139000
2025-09-19,976.0,994.0,970.0,985.0,236000
2025-09-22,985.0,999.0,978.0,990.0,157500
2025-09-24,989.0,995.0,980.0,995.0,181500
2025-09-25,990.0,1002.0,988.0,1002.0,191000
2025-09-26,1000.0,1026.0,995.0,1024.0,233500
2025-09-29,1014.0,1014.0,995.0,997.0,168000
2025-09-30,1000.0,1042.0,992.0,1034.0,296000
2025-10-01,1044.0,1044.0,1000.0,1008.0,308500
2025-10-02,1002.0,1014.0,980.0,1000.0,213500
2025-10-03,1000.0,1024.0,998.0,1010.0,142500
2025-10-06,996.0,1014.0,984.0,1010.0,212500
2025-10-07,1004.0,1016.0,1000.0,1000.0,82000
2025-10-08,1008.0,1024.0,1000.0,1006.0,155500
2025-10-09,1006.0,1026.0,1002.0,1026.0,106000
2025-10-10,986.0,1004.0,946.0,964.0,1417500
2025-10-14,964.0,969.0,930.0,944.0,350000
2025-10-15,956.0,967.0,948.0,964.0,124500
2025-10-16,971.0,990.0,966.0,986.0,141000
2025-10-17,972.0,979.0,958.0,970.0,159500
2025-10-20,979.0,1008.0,976.0,1008.0,138000
2025-10-21,1008.0,1014.0,1000.0,1002.0,156500
2025-10-22,1006.0,1020.0,1004.0,1012.0,127000
2025-10-23,1006.0,1026.0,1006.0,1012.0,100000
2025-10-24,1008.0,1014.0,1000.0,1002.0,106000
2025-10-27,1016.0,1070.0,1014.0,1052.0,414000
2025-10-28,1056.0,1056.0,1022.0,1024.0,293000
2025-10-29,1028.0,1032.0,1006.0,1010.0,211000
2025-10-30,1016.0,1034.0,1016.0,1030.0,436500
2025-10-31,1030.0,1036.0,1010.0,1018.0,214500
2025-11-04,1018.0,1050.0,1012.0,1042.0,144500
2025-11-05,1038.0,1038.0,990.0,1018.0,182500
2025-11-06,1026.0,1072.0,1026.0,1064.0,334500
2025-11-07,1056.0,1056.0,1022.0,1038.0,143000
2025-11-10,1032.0,1068.0,1014.0,1040.0,445000
2025-11-11,1040.0,1062.0,1026.0,1060.0,266000
2025-11-12,1054.0,1072.0,1054.0,1064.0,229500
2025-11-13,1068.0,1080.0,1066.0,1072.0,142500
2025-11-14,1060.0,1078.0,1054.0,1074.0,317500
2025-11-17,1076.0,1082.0,1052.0,1052.0,161000
2025-11-18,1050.0,1050.0,1018.0,1022.0,148000
2025-11-19,1030.0,1050.0,1016.0,1040.0,219500
2025-11-20,1056.0,1058.0,1042.0,1048.0,126500
2025-11-21,1040.0,1060.0,1040.0,1058.0,146500
2025-11-25,1118.0,1124.0,1082.0,1094.0,791500
2025-11-26,1096.0,1124.0,1092.0,1124.0,515000
2025-11-27,1144.0,1164.0,1140.0,1148.0,181500
2025-11-28,1140.0,1172.0,1138.0,1166.0,170000
2025-12-01,1194.0,1216.0,1184.0,1188.0,389500
2025-12-02,1194.0,1218.0,1194.0,1210.0,374000
2025-12-03,1204.0,1204.0,1166.0,1176.0,312000
2025-12-04,1178.0,1250.0,1174.0,1248.0,306000
2025-12-05,1240.0,1248.0,1212.0,1232.0,282500
2025-12-08,1240.0,1256.0,1210.0,1224.0,311500
2025-12-09,1228.0,1234.0,1222.0,1232.0,274000
2025-12-10,1236.0,1242.0,1214.0,1232.0,285000
2025-12-11,1232.0,1238.0,1192.0,1192.0,344500
2025-12-12,1224.0,1248.0,1218.0,1230.0,336500
2025-12-15,1230.0,1256.0,1228.0,1248.0,224500
2025-12-16,1250.0,1258.0,1216.0,1216.0,236500
2025-12-17,1224.0,1252.0,1198.0,1236.0,303500
2025-12-18,1230.0,1242.0,1210.0,1234.0,470000
2025-12-19,1236.0,1278.0,1236.0,1270.0,463500
2025-12-22,1284.0,1290.0,1266.0,1270.0,155000
2025-12-23,1264.0,1296.0,1264.0,1286.0,179000
2025-12-24,1280.0,1294.0,1264.0,1266.0,200000
2025-12-25,1272.0,1272.0,1250.0,1260.0,368000
2025-12-26,1254.0,1278.0,1240.0,1248.0,296000
2025-12-29,1258.0,1280.0,1248.0,1280.0,265000
2025-12-30,1286.0,1338.0,1280.0,1298.0,442000
2026-01-05,1298.0,1326.0,1296.0,1326.0,346500
2026-01-06,1346.0,1380.0,1340.0,1364.0,388500
2026-01-07,1334.0,1394.0,1334.0,1380.0,513000
2026-01-08,1392.0,1440.0,1382.0,1388.0,536000
2026-01-09,1390.0,1408.0,1386.0,1396.0,345000
2026-01-13,1446.0,1448.0,1412.0,1428.0,264000
2026-01-14,1442.0,1450.0,1402.0,1450.0,383500
2026-01-15,1450.0,1492.0,1450.0,1476.0,219500
2026-01-16,1496.0,1510.0,1486.0,1500.0,316000
2026-01-19,1510.0,1544.0,1488.0,1528.0,447500
2026-01-20,1524.0,1544.0,1510.0,1528.0,201000
2026-01-21,1498.0,1542.0,1476.0,1514.0,332500
2026-01-22,1528.0,1566.0,1528.0,1560.0,261500
2026-01-23,1580.0,1630.0,1576.0,1612.0,414500
2026-01-26,1570.0,1606.0,1552.0,1588.0,589000
2026-01-27,1596.0,1616.0,1576.0,1610.0,420500
2026-01-28,1600.0,1620.0,1578.0,1614.0,416000
2026-01-29,1604.0,1626.0,1596.0,1614.0,510500
2026-01-30,1630.0,1658.0,1614.0,1636.0,437000
2026-02-02,1676.0,1708.0,1636.0,1638.0,523500
2026-02-03,1680.0,1752.0,1670.0,1744.0,570000
2026-02-04,1770.0,1800.0,1744.0,1794.0,490000
2026-02-05,1820.0,1846.0,1804.0,1836.0,694000
2026-02-06,1828.0,1884.0,1808.0,1884.0,534500
2026-02-09,1926.0,1952.0,1866.0,1918.0,813500
2026-02-10,1946.0,1954.0,1898.0,1912.0,559000
2026-02-12,1940.0,2050.0,1928.0,2038.0,563000
2026-02-13,2004.0,2020.0,1910.0,1912.0,792000
2026-02-16,1930.0,1954.0,1902.0,1930.0,437500
2026-02-17,1920.0,1950.0,1878.0,1890.0,353000
2026-02-18,1900.0,1936.0,1894.0,1912.0,234000
2026-02-19,1916.0,1938.0,1910.0,1928.0,243500
2026-02-20,1900.0,1942.0,1898.0,1934.0,150500
2026-02-24,1934.0,1940.0,1866.0,1912.0,339500
2026-02-25,1894.0,1906.0,1856.0,1888.0,382000
2026-02-26,1920.0,1964.0,1908.0,1944.0,327500
2026-02-27,1936.0,2016.0,1926.0,2006.0,408000
2026-03-02,1934.0,1992.0,1914.0,1972.0,720500
2026-03-03,1972.0,2054.0,1948.0,1970.0,358500
2026-03-04,1880.0,1934.0,1768.0,1796.0,826000
2026-03-05,1916.0,1998.0,1914.0,1968.0,554500
2026-03-06,1930.0,1990.0,1914.0,1980.0,355000
2026-03-09,1830.0,1874.0,1798.0,1854.0,560000
2026-03-10,1884.0,1944.0,1860.0,1918.0,393000
2026-03-11,1960.0,1990.0,1910.0,1910.0,556500
2026-03-12,1900.0,1918.0,1848.0,1890.0,520500
2026-03-13,1830.0,1922.0,1830.0,1890.0,377000
2026-03-16,1884.0,1904.0,1858.0,1898.0,295500
2026-03-17,1926.0,1966.0,1892.0,1892.0,157000
2026-03-18,1942.0,2008.0,1930.0,2008.0,388000
2026-03-19,1958.0,1964.0,1906.0,1910.0,412500
2026-03-23,1824.0,1860.0,1802.0,1838.0,325500
2026-03-24,1926.0,1948.0,1898.0,1904.0,328000
2026-03-25,1964.0,2016.0,1950.0,1976.0,343000
2026-03-26,1962.0,1988.0,1926.0,1958.0,173000
2026-03-27,1948.0,2000.0,1924.0,1994.0,394500
2026-03-30,1828.0,1942.0,1828.0,1843.0,427600
2026-03-31,1879.0,1940.0,1861.0,1861.0,360300
2026-04-01,1980.0,1988.0,1923.0,1947.0,338800
2026-04-02,1987.0,2036.0,1892.0,1900.0,288900
2026-04-03,1890.0,1938.0,1867.0,1873.0,198200
2026-04-06,1890.0,1914.0,1882.0,1900.0,189800
2026-04-07,1915.0,1963.0,1915.0,1948.0,223600
2026-04-08,2016.0,2048.0,1995.0,2045.0,422100
2026-04-09,2060.0,2099.0,2030.0,2069.0,331100
2026-04-10,2107.0,2144.0,2091.0,2110.0,303800
2026-04-13,2108.0,2229.0,2100.0,2160.0,538600
2026-04-14,2190.0,2190.0,2127.0,2173.0,296800
2026-04-15,2198.0,2256.0,2187.0,2210.0,303600
2026-04-16,2225.0,2243.0,2209.0,2219.0,221200
2026-04-17,2215.0,2226.0,2141.0,2164.0,299900
2026-04-20,2214.0,2220.0,2150.0,2166.0,294100
2026-04-21,2167.0,2180.0,2070.0,2070.0,290200
2026-04-22,2071.0,2083.0,1996.0,2008.0,213400
2026-04-23,1990.0,2010.0,1960.0,2000.0,255300
2026-04-24,2009.0,2015.0,1951.0,1980.0,186200
2026-04-27,1971.0,2030.0,1918.0,2007.0,302800
2026-04-28,2003.0,2141.0,1994.0,2141.0,687700
2026-04-30,2108.0,2131.0,2058.0,2121.0,222800
2026-05-01,2132.0,2132.0,2065.0,2103.0,246800
2026-05-07,2203.0,2220.0,2146.0,2174.0,526400
2026-05-08,2133.0,2164.0,2049.0,2132.0,331600
2026-05-11,2150.0,2193.0,2135.0,2160.0,222400
2026-05-12,2210.0,2280.0,2147.0,2174.0,416200
2026-05-13,2156.0,2249.0,2064.0,2208.0,434000
2026-05-14,2176.0,2260.0,2141.0,2189.0,414100
2026-05-15,2206.0,2264.0,2157.0,2209.0,359700
2026-05-18,2200.0,2226.0,2167.0,2219.0,272200
2026-05-19,2250.0,2310.0,2217.0,2237.0,259100
2026-05-20,2251.0,2274.0,2190.0,2213.0,276000
2026-05-21,2263.0,2330.0,2243.0,2275.0,206600
2026-05-22,2300.0,2327.0,2251.0,2258.0,323000
2026-05-25,2280.0,2334.0,2247.0,2319.0,238700
2026-05-26,2269.0,2353.0,2241.0,2345.0,244700
2026-05-27,2315.0,2364.0,2245.0,2334.0,423000
2026-05-28,2315.0,2315.0,2174.0,2243.0,375600
2026-05-29,2249.0,2394.0,2249.0,2254.0,1955700
2026-06-01,2287.0,2290.0,2131.0,2131.0,576300
2026-06-02,2106.0,2193.0,2024.0,2178.0,316600
2026-06-03,2197.0,2210.0,2091.0,2165.0,396400
2026-06-04,2131.0,2239.0,2101.0,2210.0,267600
2026-06-05,2255.0,2278.0,2222.0,2241.0,320800
2026-06-08,2202.0,2315.0,2181.0,2311.0,444000
2026-06-09,2344.0,2409.0,2325.0,2374.0,453600
2026-06-10,2350.0,2513.0,2345.0,2361.0,473600
2026-06-11,2347.0,2380.0,2299.0,2334.0,268900
2026-06-12,2384.0,2438.0,2364.0,2390.0,298100
2026-06-15,2437.0,2512.0,2427.0,2433.0,336300
2026-06-16,2428.0,2428.0,2329.0,2372.0,280800
2026-06-17,2403.0,2444.0,2301.0,2315.0,235800
2026-06-18,2392.0,2399.0,2319.0,2339.0,181200
2026-06-19,2320.0,2322.0,2215.0,2264.0,552500
2026-06-22,2221.0,2323.0,2221.0,2291.0,144400
2026-06-23,2280.0,2332.0,2243.0,2248.0,267900
2026-06-24,2231.0,2268.0,2206.0,2248.0,263200
2026-06-25,2298.0,2299.0,2242.0,2273.0,173400
2026-06-26,2292.0,2349.0,2276.0,2336.0,203000
2026-06-29,2356.0,2418.0,2329.0,2418.0,369000
2026-06-30,2468.0,2468.0,2364.0,2410.0,443000
2026-07-01,2405.0,2472.0,2404.0,2452.0,245400
2026-07-02,2493.0,2585.0,2469.0,2544.0,455700
2026-07-03,2536.0,2594.0,2506.0,2547.0,303800
2026-07-06,2547.0,2568.0,2490.0,2502.0,271800
2026-07-07,2500.0,2605.0,2495.0,2515.0,347200
2026-07-08,2531.0,2593.0,2530.0,2564.0,241600
2026-07-09,2541.0,2574.0,2481.0,2560.0,203100
2026-07-10,2580.0,2642.0,2501.0,2509.0,222700
2026-07-13,2537.0,2601.0,2508.0,2508.0,175200
2026-07-14,2520.0,2593.0,2465.0,2561.0,249500
2026-07-15,2588.0,2659.0,2558.0,2647.0,344200
2026-07-16,2621.0,2682.0,2621.0,2636.0,206300
2026-07-17,2606.0,2639.0,2396.0,2443.0,319000
2026-07-21,2497.0,2648.0,2451.0,2618.0,436600
2026-07-22,2643.0,2720.0,2610.0,2684.0,225100
2026-07-23,2650.0,2744.0,2650.0,2739.0,215300
2026-07-24,2689.0,2794.0,2687.0,2790.0,204500
2026-07-27,2825.0,2890.0,2800.0,2878.0,278100
2026-07-28,2832.0,2855.0,2744.0,2749.0,373700
2026-07-29,2722.0,2722.0,2512.0,2562.0,457000
2026-07-30,2523.0,2558.0,2473.0,2485.0,301300
2026-07-31,2535.0,2649.0,2500.0,2565.0,238900
2026-08-03,2565.0,2597.0,2435.0,2588.0,222100
2026-08-04,2548.0,2635.0,2525.0,2589.0,193400
2026-08-05,2638.0,2687.0,2615.0,2658.0,150000
2026-08-06,2670.0,2752.0,2670.0,2752.0,299200
2026-08-07,2756.0,2771.0,2678.0,2712.0,298700
2026-08-10,2665.0,2691.0,2598.0,2626.0,253900
2026-08-12,2675.0,2730.0,2668.0,2701.0,182400
2026-08-13,2722.0,2875.0,2722.0,2855.0,408300
2026-08-14,2828.0,2969.0,2820.0,2843.0,330500
2026-08-17,2856.0,2881.0,2839.0,2860.0,185100
2026-08-18,2891.0,2971.0,2874.0,2897.0,312900
2026-08-19,2751.0,2849.0,2736.0,2736.0,276800
2026-08-20,2736.0,2798.0,2708.0,2763.0,219500
2026-08-21,2772.0,2812.0,2732.0,2763.0,147600
2026-08-24,2809.0,2809.0,2682.0,2691.0,199600
2026-08-25,2706.0,2769.0,2695.0,2767.0,228500
2026-08-26,2770.0,2839.0,2760.0,2839.0,260100
2026-08-27,2880.0,2922.0,2839.0,2891.0,189600
2026-08-28,2883.0,2941.0,2876.0,2902.0,276300
2026-08-31,2890.0,3075.0,2876.0,3075.0,652000
2026-09-01,3015.0,3020.0,2913.0,2930.0,458700
2026-09-02,2900.0,2963.0,2875.0,2925.0,281300
2026-09-03,2975.0,3015.0,2916.0,2959.0,231100
2026-09-04,2970.0,3005.0,2891.0,2991.0,326700
2026-09-07,3015.0,3060.0,2974.0,3050.0,154500
2026-09-08,2999.0,3040.0,2943.0,2952.0,164800
2026-09-09,2950.0,2989.0,2905.0,2910.0,179000
2026-09-10,2915.0,3025.0,2911.0,3015.0,177300
2026-09-11,2932.0,3075.0,2888.0,3040.0,230800
2026-09-14,3025.0,3125.0,3020.0,3080.0,186000
2026-09-15,3090.0,3110.0,3005.0,3025.0,128400
2026-09-16,3045.0,3130.0,3040.0,3075.0,162900
2026-09-17,3125.0,3145.0,3015.0,3060.0,183800
2026-09-18,3080.0,3150.0,3020.0,3135.0,318900
2026-09-24,3135.0,3150.0,3050.0,3110.0,173800
2026-09-25,3120.0,3280.0,3120.0,3280.0,224800
2026-09-28,3280.0,3350.0,3255.0,3310.0,262400
2026-09-29,3250.0,3305.0,3205.0,3265.0,181800
2026-09-30,3290.0,3330.0,3225.0,3295.0,236600
2026-10-01,3270.0,3270.0,3145.0,3255.0,248400
2026-10-02,3235.0,3330.0,3225.0,3250.0,191600
2026-10-05,3290.0,3370.0,3245.0,3355.0,239100
2026-10-06,3385.0,3450.0,3330.0,3420.0,282300
