Date,Open,High,Low,Close,Volume
2012-10-01,276.0,277.0,272.0,275.0,17318200
2012-10-02,278.0,281.0,275.0,275.0,14375400
2012-10-03,277.0,283.0,274.0,280.0,16082200
2012-10-04,283.0,289.0,282.0,287.0,23334200
2012-10-05,288.0,291.0,280.0,286.0,24993500
2012-10-09,283.0,285.0,275.0,277.0,29130100
2012-10-10,271.0,272.0,267.0,267.0,23425500
2012-10-11,263.0,271.0,261.0,265.0,27516600
2012-10-12,265.0,272.0,265.0,267.0,22592300
2012-10-15,265.0,269.0,262.0,266.0,25586500
2012-10-16,270.0,277.0,270.0,275.0,24102900
2012-10-17,282.0,286.0,280.0,284.0,35470700
2012-10-18,288.0,294.0,285.0,291.0,43088100
2012-10-19,289.0,293.0,288.0,292.0,21870200
2012-10-22,287.0,293.0,285.0,293.0,21776200
2012-10-23,295.0,296.0,287.0,291.0,23960900
2012-10-24,285.0,291.0,285.0,285.0,32110800
2012-10-25,285.0,290.0,284.0,289.0,16836000
2012-10-26,291.0,292.0,284.0,285.0,23734400
2012-10-29,285.0,290.0,282.0,283.0,28528900
2012-10-30,289.0,293.0,287.0,287.0,47674200
2012-10-31,291.0,291.0,286.0,288.0,22690700
2012-11-01,286.0,288.0,284.0,286.0,12587000
2012-11-02,292.0,298.0,290.0,298.0,44592900
2012-11-05,295.0,298.0,292.0,293.0,19843100
2012-11-06,296.0,296.0,289.0,292.0,19451200
2012-11-07,294.0,296.0,292.0,294.0,34681600
2012-11-08,288.0,291.0,287.0,291.0,20609000
2012-11-09,288.0,289.0,285.0,288.0,14876300
2012-11-12,285.0,287.0,284.0,284.0,9676300
2012-11-13,283.0,284.0,279.0,283.0,14621500
2012-11-14,282.0,287.0,281.0,285.0,19481100
2012-11-15,287.0,302.0,287.0,301.0,37343700
2012-11-16,304.0,317.0,303.0,316.0,75475000
2012-11-19,326.0,329.0,320.0,321.0,52469500
2012-11-20,326.0,327.0,317.0,321.0,32179900
2012-11-21,323.0,327.0,317.0,322.0,26306200
2012-11-22,329.0,343.0,327.0,342.0,65380100
2012-11-26,350.0,353.0,346.0,347.0,51046200
2012-11-27,345.0,353.0,342.0,348.0,40039900
2012-11-28,344.0,345.0,334.0,336.0,34560400
2012-11-29,340.0,342.0,337.0,341.0,25709700
2012-11-30,343.0,345.0,335.0,341.0,33735900
2012-12-03,342.0,345.0,339.0,340.0,23134100
2012-12-04,336.0,342.0,336.0,340.0,20353300
2012-12-05,338.0,342.0,335.0,339.0,24460600
2012-12-06,343.0,350.0,342.0,349.0,41679500
2012-12-07,352.0,356.0,346.0,353.0,42886700
2012-12-10,352.0,353.0,344.0,345.0,26466100
2012-12-11,341.0,343.0,339.0,341.0,18792200
2012-12-12,345.0,351.0,345.0,350.0,23821800
2012-12-13,358.0,368.0,354.0,364.0,62461800
2012-12-14,362.0,368.0,359.0,366.0,44649800
2012-12-17,378.0,381.0,372.0,377.0,58277200
2012-12-18,384.0,404.0,383.0,401.0,85290200
2012-12-19,420.0,423.0,415.0,420.0,89963400
2012-12-20,417.0,441.0,415.0,429.0,144496300
2012-12-21,440.0,453.0,423.0,431.0,125486600
2012-12-25,449.0,459.0,444.0,458.0,98035400
2012-12-26,467.0,477.0,466.0,471.0,83985000
2012-12-27,477.0,498.0,474.0,491.0,112333300
2012-12-28,500.0,505.0,486.0,503.0,112347700
2013-01-04,525.0,528.0,519.0,524.0,99247600
2013-01-07,520.0,522.0,496.0,498.0,98147300
2013-01-08,483.0,493.0,472.0,483.0,103462300
2013-01-09,468.0,506.0,466.0,500.0,144984300
2013-01-10,513.0,514.0,488.0,493.0,89553800
2013-01-11,503.0,505.0,487.0,490.0,81066900
2013-01-15,498.0,504.0,492.0,494.0,64652000
2013-01-16,489.0,495.0,479.0,480.0,66920400
2013-01-17,482.0,484.0,463.0,480.0,88467600
2013-01-18,499.0,499.0,486.0,491.0,74584100
2013-01-21,487.0,488.0,478.0,484.0,37214700
2013-01-22,486.0,499.0,480.0,489.0,94540200
2013-01-23,479.0,484.0,466.0,467.0,71530900
2013-01-24,465.0,490.0,465.0,488.0,81440000
2013-01-25,497.0,498.0,487.0,490.0,67143900
2013-01-28,492.0,504.0,484.0,494.0,88905400
2013-01-29,490.0,510.0,489.0,502.0,108069500
2013-01-30,504.0,516.0,500.0,515.0,89408300
2013-01-31,518.0,533.0,513.0,526.0,143804000
2013-02-01,530.0,533.0,507.0,512.0,126829200
2013-02-04,517.0,527.0,515.0,523.0,75991300
2013-02-05,512.0,528.0,511.0,514.0,70691100
2013-02-06,525.0,528.0,517.0,517.0,75805000
2013-02-07,523.0,532.0,519.0,531.0,87190600
2013-02-08,534.0,541.0,523.0,529.0,116454600
2013-02-12,544.0,561.0,541.0,558.0,175841600
2013-02-13,561.0,564.0,533.0,540.0,124315300
2013-02-14,538.0,551.0,527.0,539.0,81311300
2013-02-15,530.0,532.0,512.0,528.0,97407300
2013-02-18,538.0,546.0,536.0,541.0,65863600
2013-02-19,542.0,550.0,538.0,548.0,62525700
2013-02-20,553.0,555.0,544.0,544.0,54811200
2013-02-21,540.0,542.0,529.0,533.0,55681100
2013-02-22,521.0,532.0,512.0,531.0,92030700
2013-02-25,541.0,546.0,540.0,541.0,60544800
2013-02-26,527.0,553.0,525.0,535.0,94201000
2013-02-27,541.0,544.0,521.0,522.0,55148800
2013-02-28,532.0,538.0,531.0,532.0,56111000
2013-03-01,535.0,551.0,533.0,550.0,76667300
2013-03-04,558.0,570.0,553.0,554.0,133297700
2013-03-05,566.0,568.0,548.0,554.0,73958900
2013-03-06,564.0,567.0,556.0,562.0,70278100
2013-03-07,563.0,565.0,553.0,557.0,64989600
2013-03-08,562.0,565.0,557.0,561.0,71843500
2013-03-11,565.0,592.0,564.0,587.0,147584800
2013-03-12,596.0,601.0,580.0,582.0,90788200
2013-03-13,581.0,589.0,577.0,578.0,48685400
2013-03-14,588.0,588.0,579.0,586.0,45144800
2013-03-15,591.0,593.0,584.0,588.0,60437000
2013-03-18,582.0,584.0,570.0,571.0,52959900
2013-03-19,580.0,581.0,574.0,578.0,34943100
2013-03-21,585.0,596.0,582.0,591.0,71913100
2013-03-22,588.0,600.0,583.0,589.0,97292800
2013-03-25,599.0,608.0,592.0,593.0,89854200
2013-03-26,588.0,591.0,581.0,585.0,55978400
2013-03-27,592.0,594.0,586.0,589.0,35030800
2013-03-28,591.0,591.0,575.0,580.0,46542400
2013-03-29,578.0,581.0,567.0,577.0,43030000
2013-04-01,571.0,572.0,550.0,552.0,57044800
2013-04-02,536.0,560.0,535.0,556.0,73381600
2013-04-03,563.0,564.0,553.0,560.0,37128000
2013-04-04,552.0,579.0,541.0,579.0,85208600
2013-04-05,609.0,615.0,600.0,602.0,177463300
2013-04-08,625.0,665.0,621.0,663.0,194071600
2013-04-09,685.0,686.0,657.0,661.0,149285400
2013-04-10,662.0,705.0,661.0,702.0,176421300
2013-04-11,720.0,760.0,718.0,760.0,228250900
2013-04-12,750.0,795.0,743.0,786.0,348612192
2013-04-15,771.0,792.0,768.0,779.0,146113900
2013-04-16,750.0,787.0,748.0,772.0,150627700
2013-04-17,770.0,776.0,733.0,754.0,224966200
2013-04-18,739.0,769.0,732.0,745.0,137268600
2013-04-19,750.0,755.0,736.0,741.0,59543700
2013-04-22,770.0,770.0,755.0,759.0,69983000
2013-04-23,760.0,760.0,749.0,752.0,47467300
2013-04-24,758.0,764.0,745.0,753.0,54890400
2013-04-25,754.0,780.0,753.0,767.0,120475000
2013-04-26,775.0,777.0,754.0,762.0,68514700
2013-04-30,779.0,799.0,777.0,793.0,205196500
2013-05-01,783.0,789.0,768.0,773.0,116451900
2013-05-02,767.0,778.0,765.0,775.0,61678700
2013-05-07,797.0,799.0,783.0,785.0,82290800
2013-05-08,785.0,798.0,782.0,788.0,87840000
2013-05-09,796.0,831.0,794.0,815.0,336061792
2013-05-10,845.0,857.0,831.0,852.0,183526400
2013-05-13,870.0,949.0,870.0,934.0,258457300
2013-05-14,940.0,948.0,916.0,922.0,117635500
2013-05-15,959.0,964.0,910.0,924.0,150627200
2013-05-16,927.0,937.0,882.0,917.0,123537800
2013-05-17,907.0,950.0,896.0,940.0,131218400
2013-05-20,960.0,976.0,952.0,969.0,133525000
2013-05-21,969.0,971.0,955.0,964.0,69214800
2013-05-22,976.0,980.0,952.0,956.0,71187500
2013-05-23,954.0,956.0,868.0,878.0,156500800
2013-05-24,912.0,923.0,816.0,868.0,151480800
2013-05-27,823.0,864.0,812.0,837.0,123790700
2013-05-28,822.0,856.0,814.0,845.0,103683700
2013-05-29,865.0,868.0,839.0,843.0,70105600
2013-05-30,817.0,826.0,797.0,804.0,88735000
2013-05-31,819.0,824.0,770.0,789.0,85103200
2013-06-03,750.0,757.0,707.0,723.0,119113300
2013-06-04,710.0,786.0,703.0,778.0,214054500
2013-06-05,769.0,770.0,711.0,719.0,149894200
2013-06-06,690.0,739.0,687.0,712.0,125968200
2013-06-07,702.0,735.0,687.0,712.0,119405600
2013-06-10,746.0,763.0,743.0,759.0,88926400
2013-06-11,762.0,777.0,746.0,764.0,100591100
2013-06-12,747.0,762.0,731.0,758.0,72078400
2013-06-13,731.0,741.0,719.0,721.0,89273600
2013-06-14,749.0,753.0,719.0,721.0,70071700
2013-06-17,712.0,738.0,711.0,732.0,43793600
2013-06-18,740.0,757.0,736.0,747.0,54108500
2013-06-19,764.0,765.0,742.0,752.0,48552700
2013-06-20,742.0,753.0,735.0,737.0,39735000
2013-06-21,710.0,729.0,702.0,726.0,75482200
2013-06-24,737.0,748.0,714.0,719.0,49069600
2013-06-25,717.0,728.0,702.0,711.0,54209300
2013-06-26,724.0,726.0,695.0,698.0,62053800
2013-06-27,705.0,709.0,659.0,708.0,86674600
2013-06-28,716.0,740.0,712.0,731.0,66212300
2013-07-01,737.0,752.0,727.0,750.0,59848000
2013-07-02,759.0,769.0,752.0,763.0,61740800
2013-07-03,766.0,773.0,754.0,765.0,49047600
2013-07-04,761.0,783.0,758.0,777.0,55400800
2013-07-05,785.0,804.0,784.0,796.0,70296700
2013-07-08,820.0,821.0,786.0,789.0,59729000
2013-07-09,808.0,819.0,799.0,816.0,62882900
2013-07-10,815.0,824.0,802.0,813.0,60039600
2013-07-11,804.0,822.0,804.0,821.0,47047200
2013-07-12,824.0,826.0,814.0,818.0,39640200
2013-07-16,826.0,828.0,821.0,825.0,57021600
2013-07-17,816.0,824.0,815.0,820.0,29481500
2013-07-18,821.0,833.0,817.0,824.0,268286800
2013-07-19,827.0,829.0,791.0,814.0,60214300
2013-07-22,821.0,821.0,805.0,814.0,29171400
2013-07-23,810.0,821.0,809.0,816.0,33750500
2013-07-24,814.0,821.0,810.0,819.0,25169100
2013-07-25,825.0,826.0,807.0,809.0,30482600
2013-07-26,801.0,802.0,765.0,786.0,43650600
2013-07-29,760.0,771.0,735.0,741.0,57207100
2013-07-30,740.0,765.0,738.0,757.0,48421100
2013-07-31,757.0,768.0,745.0,747.0,36550000
2013-08-01,755.0,771.0,750.0,768.0,38475100
2013-08-02,783.0,794.0,780.0,790.0,40439300
2013-08-05,784.0,787.0,774.0,778.0,24564900
2013-08-06,775.0,784.0,761.0,780.0,31326400
2013-08-07,762.0,766.0,752.0,752.0,30739700
2013-08-08,746.0,759.0,732.0,736.0,39997300
2013-08-09,742.0,755.0,730.0,734.0,32727100
2013-08-12,723.0,724.0,702.0,711.0,39544300
2013-08-13,718.0,727.0,711.0,720.0,31122900
2013-08-14,732.0,750.0,727.0,744.0,40317600
2013-08-15,729.0,734.0,723.0,725.0,24147400
2013-08-16,711.0,728.0,710.0,723.0,23824900
2013-08-19,718.0,725.0,715.0,725.0,15261500
2013-08-20,719.0,728.0,708.0,710.0,22795900
2013-08-21,710.0,719.0,703.0,711.0,26378300
2013-08-22,706.0,715.0,704.0,708.0,21219000
2013-08-23,723.0,734.0,720.0,727.0,31860300
2013-08-26,727.0,734.0,718.0,724.0,18756300
2013-08-27,719.0,727.0,715.0,718.0,20325400
2013-08-28,700.0,702.0,683.0,693.0,49575600
2013-08-29,695.0,699.0,688.0,691.0,22012700
2013-08-30,698.0,703.0,685.0,686.0,27502000
2013-09-02,685.0,697.0,683.0,695.0,22305900
2013-09-03,710.0,731.0,708.0,729.0,46225000
2013-09-04,724.0,744.0,721.0,740.0,36460700
2013-09-05,746.0,749.0,736.0,742.0,26768500
2013-09-06,742.0,744.0,726.0,731.0,19028200
2013-09-09,764.0,765.0,750.0,752.0,37972800
2013-09-10,761.0,772.0,757.0,769.0,47157600
2013-09-11,787.0,788.0,771.0,774.0,33091900
2013-09-12,769.0,770.0,757.0,766.0,25537800
2013-09-13,758.0,767.0,755.0,764.0,29619300
2013-09-17,769.0,776.0,766.0,770.0,24739100
2013-09-18,777.0,792.0,773.0,786.0,49990200
2013-09-19,800.0,800.0,791.0,798.0,33835000
2013-09-20,798.0,798.0,790.0,794.0,25059500
2013-09-24,785.0,794.0,782.0,793.0,22602600
2013-09-25,792.0,792.0,785.0,789.0,22209900
2013-09-26,784.0,790.0,774.0,790.0,25943300
2013-09-27,790.0,810.0,786.0,791.0,50594600
2013-09-30,775.0,775.0,761.0,765.0,37703700
2013-10-01,771.0,776.0,765.0,768.0,29093900
2013-10-02,765.0,770.0,744.0,748.0,48168400
2013-10-03,753.0,756.0,742.0,751.0,25734700
2013-10-04,744.0,744.0,731.0,736.0,25406500
2013-10-07,737.0,743.0,713.0,714.0,36312900
2013-10-08,710.0,727.0,708.0,722.0,35188500
2013-10-09,714.0,741.0,711.0,738.0,32682400
2013-10-10,742.0,752.0,740.0,747.0,28659100
2013-10-11,762.0,764.0,755.0,758.0,29399900
2013-10-15,765.0,765.0,750.0,752.0,19821300
2013-10-16,750.0,754.0,745.0,749.0,20263800
2013-10-17,758.0,767.0,753.0,757.0,28780400
2013-10-18,760.0,762.0,750.0,754.0,17616700
2013-10-21,755.0,757.0,751.0,754.0,15779400
2013-10-22,755.0,755.0,750.0,751.0,13297300
2013-10-23,753.0,758.0,737.0,738.0,29208300
2013-10-24,735.0,740.0,729.0,739.0,24760100
2013-10-25,739.0,739.0,725.0,726.0,22061300
2013-10-28,731.0,746.0,731.0,742.0,26085000
2013-10-29,736.0,744.0,732.0,737.0,14361300
2013-10-30,733.0,752.0,728.0,747.0,56102900
2013-10-31,742.0,746.0,723.0,723.0,28470700
2013-11-01,727.0,728.0,708.0,711.0,33930200
2013-11-05,718.0,726.0,712.0,722.0,34850700
2013-11-06,720.0,733.0,718.0,729.0,26112300
2013-11-07,730.0,731.0,722.0,724.0,14977500
2013-11-08,713.0,717.0,709.0,713.0,25745500
2013-11-11,725.0,730.0,714.0,716.0,23624100
2013-11-12,717.0,730.0,715.0,729.0,31875100
2013-11-13,730.0,736.0,727.0,735.0,29938500
2013-11-14,740.0,763.0,738.0,754.0,88626800
2013-11-15,772.0,793.0,771.0,790.0,135925700
2013-11-18,803.0,809.0,791.0,797.0,98537700
2013-11-19,792.0,804.0,791.0,798.0,56841100
2013-11-20,803.0,805.0,793.0,795.0,47852000
2013-11-21,798.0,815.0,797.0,808.0,90889500
2013-11-22,823.0,831.0,810.0,815.0,111601500
2013-11-25,828.0,829.0,814.0,819.0,55671200
2013-11-26,810.0,818.0,807.0,814.0,39262000
2013-11-27,808.0,814.0,803.0,808.0,32682600
2013-11-28,819.0,822.0,812.0,817.0,28852700
2013-11-29,815.0,816.0,807.0,811.0,31716400
2013-12-02,808.0,818.0,805.0,807.0,30666700
2013-12-03,805.0,815.0,804.0,809.0,38362300
2013-12-04,799.0,803.0,784.0,788.0,54146400
2013-12-05,791.0,798.0,778.0,782.0,37380900
2013-12-06,777.0,787.0,776.0,786.0,31835500
2013-12-09,800.0,802.0,787.0,791.0,32332200
2013-12-10,792.0,793.0,782.0,787.0,20327400
2013-12-11,790.0,790.0,778.0,783.0,23840800
2013-12-12,776.0,779.0,770.0,778.0,30278700
2013-12-13,780.0,784.0,773.0,777.0,44203700
2013-12-16,772.0,775.0,761.0,765.0,31145700
2013-12-17,769.0,770.0,756.0,761.0,27085700
2013-12-18,760.0,774.0,757.0,772.0,44375700
2013-12-19,793.0,794.0,778.0,780.0,54218700
2013-12-20,779.0,781.0,770.0,776.0,34185000
2013-12-24,777.0,779.0,764.0,767.0,45254000
2013-12-25,761.0,770.0,761.0,770.0,45392600
2013-12-26,774.0,812.0,773.0,806.0,111640700
2013-12-27,813.0,815.0,801.0,808.0,58345400
2013-12-30,815.0,815.0,806.0,809.0,41770500
2014-01-06,802.0,808.0,793.0,799.0,47073000
2014-01-07,797.0,800.0,787.0,788.0,31495300
2014-01-08,793.0,825.0,789.0,824.0,106876200
2014-01-09,820.0,828.0,814.0,823.0,74781500
2014-01-10,818.0,826.0,813.0,819.0,45301700
2014-01-14,790.0,797.0,788.0,791.0,49752700
2014-01-15,800.0,811.0,797.0,801.0,44487500
2014-01-16,803.0,819.0,795.0,800.0,57857900
2014-01-17,797.0,804.0,794.0,799.0,33148100
2014-01-20,799.0,799.0,792.0,794.0,23176100
2014-01-21,797.0,803.0,791.0,792.0,25576600
2014-01-22,793.0,801.0,789.0,794.0,36509000
2014-01-23,800.0,804.0,788.0,788.0,40111300
2014-01-24,778.0,779.0,768.0,777.0,47605600
2014-01-27,750.0,755.0,747.0,749.0,49910100
2014-01-28,751.0,761.0,747.0,747.0,39711500
2014-01-29,757.0,772.0,755.0,769.0,30414000
2014-01-30,750.0,752.0,734.0,739.0,52733800
2014-01-31,750.0,751.0,724.0,725.0,44144400
2014-02-03,720.0,727.0,695.0,701.0,65952800
2014-02-04,666.0,683.0,659.0,667.0,86736900
2014-02-05,680.0,686.0,661.0,674.0,67500500
2014-02-06,672.0,681.0,667.0,671.0,35470800
2014-02-07,682.0,698.0,681.0,693.0,42994100
2014-02-10,703.0,705.0,695.0,701.0,29242800
2014-02-12,710.0,714.0,702.0,703.0,30066400
2014-02-13,701.0,704.0,693.0,696.0,26560900
2014-02-14,697.0,702.0,671.0,681.0,39900600
2014-02-17,683.0,699.0,678.0,692.0,34863000
2014-02-18,696.0,719.0,691.0,716.0,60095800
2014-02-19,710.0,712.0,702.0,709.0,30343400
2014-02-20,702.0,709.0,689.0,692.0,29602200
2014-02-21,700.0,718.0,699.0,714.0,41066600
2014-02-24,707.0,716.0,695.0,704.0,42816100
2014-02-25,708.0,714.0,705.0,712.0,26657000
2014-02-26,705.0,709.0,700.0,701.0,30448400
2014-02-27,698.0,703.0,691.0,693.0,33257500
2014-02-28,692.0,695.0,681.0,687.0,27790900
2014-03-03,677.0,685.0,669.0,684.0,36677700
2014-03-04,675.0,685.0,669.0,681.0,28030000
2014-03-05,691.0,697.0,685.0,686.0,25865100
2014-03-06,687.0,708.0,687.0,704.0,41338400
2014-03-07,712.0,716.0,704.0,709.0,26723600
2014-03-10,706.0,714.0,704.0,706.0,20587800
2014-03-11,707.0,712.0,699.0,703.0,20349200
2014-03-12,693.0,693.0,681.0,683.0,32586800
2014-03-13,680.0,681.0,671.0,674.0,33651200
2014-03-14,660.0,666.0,658.0,661.0,46152300
2014-03-17,657.0,659.0,642.0,652.0,30159700
2014-03-18,662.0,666.0,654.0,654.0,21966900
2014-03-19,657.0,662.0,641.0,649.0,31740400
2014-03-20,652.0,657.0,637.0,641.0,26240500
2014-03-24,644.0,653.0,640.0,648.0,30219600
2014-03-25,643.0,647.0,632.0,645.0,30275700
2014-03-26,646.0,650.0,639.0,650.0,26237000
2014-03-27,639.0,644.0,625.0,643.0,31417900
2014-03-28,638.0,655.0,635.0,652.0,33763100
2014-03-31,659.0,665.0,657.0,662.0,27441200
2014-04-01,665.0,666.0,658.0,660.0,28139200
2014-04-02,666.0,678.0,663.0,671.0,44445300
2014-04-03,675.0,680.0,671.0,672.0,35077800
2014-04-04,669.0,680.0,666.0,679.0,25310600
2014-04-07,673.0,674.0,658.0,660.0,31501500
2014-04-08,646.0,650.0,639.0,640.0,35898400
2014-04-09,630.0,635.0,621.0,627.0,44061800
2014-04-10,634.0,645.0,624.0,626.0,29550800
2014-04-11,603.0,616.0,602.0,611.0,44160400
2014-04-14,603.0,616.0,603.0,605.0,29624700
2014-04-15,613.0,617.0,604.0,606.0,29867900
2014-04-16,611.0,627.0,609.0,627.0,39780700
2014-04-17,625.0,631.0,620.0,623.0,26085300
2014-04-18,625.0,627.0,619.0,622.0,17624300
2014-04-21,624.0,635.0,622.0,622.0,18488600
2014-04-22,619.0,623.0,609.0,611.0,25090500
2014-04-23,616.0,622.0,613.0,619.0,24929200
2014-04-24,620.0,624.0,613.0,614.0,17322200
2014-04-25,610.0,615.0,604.0,609.0,26235400
2014-04-28,602.0,605.0,595.0,604.0,23078700
2014-04-30,605.0,607.0,587.0,588.0,43007400
2014-05-01,611.0,630.0,607.0,625.0,94879700
2014-05-02,617.0,634.0,617.0,629.0,44358900
2014-05-07,619.0,619.0,601.0,607.0,44951300
2014-05-08,611.0,619.0,608.0,610.0,25050400
2014-05-09,599.0,607.0,592.0,605.0,48190400
2014-05-12,604.0,609.0,598.0,600.0,16770300
2014-05-13,610.0,618.0,610.0,617.0,32661500
2014-05-14,614.0,630.0,612.0,624.0,34897100
2014-05-15,610.0,618.0,603.0,618.0,36325700
2014-05-16,606.0,612.0,598.0,609.0,47155800
2014-05-19,610.0,623.0,609.0,613.0,58264900
2014-05-20,615.0,629.0,614.0,623.0,42355800
2014-05-21,618.0,627.0,618.0,623.0,33864500
2014-05-22,633.0,650.0,632.0,647.0,78852000
2014-05-23,650.0,663.0,646.0,653.0,61744800
2014-05-26,660.0,673.0,659.0,668.0,50395300
2014-05-27,670.0,683.0,670.0,674.0,54270500
2014-05-28,678.0,681.0,669.0,677.0,53705100
2014-05-29,671.0,681.0,668.0,680.0,42611600
2014-05-30,681.0,684.0,665.0,669.0,54094300
2014-06-02,674.0,681.0,671.0,677.0,33263200
2014-06-03,686.0,690.0,683.0,683.0,34574300
2014-06-04,682.0,686.0,675.0,685.0,25579200
2014-06-05,682.0,684.0,679.0,683.0,23639600
2014-06-06,686.0,691.0,684.0,689.0,26588500
2014-06-09,695.0,696.0,685.0,686.0,20428200
2014-06-10,684.0,690.0,676.0,679.0,31830600
2014-06-11,678.0,687.0,677.0,685.0,22475400
2014-06-12,683.0,702.0,682.0,700.0,48045000
2014-06-13,702.0,712.0,698.0,710.0,49520000
2014-06-16,707.0,715.0,704.0,708.0,33200800
2014-06-17,711.0,719.0,710.0,712.0,39631400
2014-06-18,718.0,729.0,717.0,728.0,47587200
2014-06-19,734.0,744.0,730.0,741.0,57919400
2014-06-20,747.0,749.0,739.0,749.0,57151000
2014-06-23,750.0,752.0,736.0,738.0,30467900
2014-06-24,732.0,741.0,729.0,738.0,25888800
2014-06-25,734.0,739.0,732.0,732.0,22401200
2014-06-26,733.0,735.0,727.0,731.0,18150400
2014-06-27,726.0,728.0,714.0,720.0,27659000
2014-06-30,718.0,720.0,710.0,717.0,26109800
2014-07-01,718.0,729.0,717.0,724.0,28017200
2014-07-02,731.0,735.0,730.0,732.0,24478200
2014-07-03,734.0,735.0,726.0,727.0,14130900
2014-07-04,735.0,735.0,725.0,727.0,16979100
2014-07-07,729.0,742.0,728.0,731.0,29571100
2014-07-08,725.0,727.0,716.0,716.0,31711400
2014-07-09,701.0,703.0,689.0,698.0,54950100
2014-07-10,682.0,686.0,670.0,676.0,70558000
2014-07-11,667.0,675.0,662.0,668.0,69983200
2014-07-14,669.0,674.0,665.0,671.0,38252900
2014-07-15,676.0,678.0,666.0,669.0,43134600
2014-07-16,665.0,674.0,660.0,672.0,35816700
2014-07-17,673.0,676.0,661.0,665.0,35822700
2014-07-18,655.0,662.0,654.0,659.0,22332800
2014-07-22,662.0,663.0999755859375,657.0,659.0999755859375,17423500
2014-07-23,660.7999877929688,661.7999877929688,654.2000122070312,655.7000122070312,13406300
2014-07-24,656.5,666.4000244140625,655.0,657.9000244140625,21482300
2014-07-25,660.5999755859375,673.4000244140625,660.2000122070312,671.5999755859375,25507700
2014-07-28,668.0,672.5,663.9000244140625,670.5,16389100
2014-07-29,666.2999877929688,669.4000244140625,663.4000244140625,666.0999755859375,17924600
2014-07-30,657.4000244140625,662.2000122070312,649.5999755859375,657.0,36747700
2014-07-31,663.0,675.5,660.0,660.2999877929688,29820500
2014-08-01,652.0,665.0,651.0,661.0999755859375,24456900
2014-08-04,659.5999755859375,659.7000122070312,650.0999755859375,652.7000122070312,20206100
2014-08-05,652.2999877929688,658.4000244140625,647.0999755859375,648.5,18159900
2014-08-06,644.2000122070312,645.0,633.4000244140625,638.0999755859375,23824500
2014-08-07,638.0,645.0,632.5,644.2000122070312,19239800
2014-08-08,636.5,639.7000122070312,627.0,629.4000244140625,25241900
2014-08-11,637.0,645.0,634.0999755859375,641.0,16742700
2014-08-12,642.0,647.0,638.5,640.4000244140625,9517600
2014-08-13,638.0999755859375,643.7999877929688,635.5,643.0,9176500
2014-08-14,647.0999755859375,652.9000244140625,644.2000122070312,645.2000122070312,9759200
2014-08-15,645.4000244140625,647.0,640.2999877929688,644.5999755859375,8623500
2014-08-18,645.4000244140625,645.5999755859375,637.7999877929688,641.2000122070312,10499300
2014-08-19,644.9000244140625,645.9000244140625,640.0999755859375,642.2000122070312,10765700
2014-08-20,643.7999877929688,650.9000244140625,637.9000244140625,639.9000244140625,13146400
2014-08-21,643.4000244140625,670.4000244140625,642.2999877929688,667.2000122070312,43658500
2014-08-22,673.2999877929688,675.0,664.2999877929688,668.5999755859375,22709600
2014-08-25,670.0,673.0,660.0999755859375,666.4000244140625,14987100
2014-08-26,674.0,681.0,665.5999755859375,666.5,22417300
2014-08-27,668.0,678.7000122070312,667.2000122070312,672.2999877929688,20916100
2014-08-28,668.5,671.5999755859375,663.5999755859375,668.0999755859375,13683900
2014-08-29,664.2000122070312,674.0,664.2000122070312,667.4000244140625,11640200
2014-09-01,670.0,672.5999755859375,665.2999877929688,668.0999755859375,9547800
2014-09-02,670.0,686.9000244140625,669.9000244140625,682.5999755859375,30120400
2014-09-03,690.0,696.0,687.0999755859375,688.2000122070312,26093400
2014-09-04,692.0,692.5,683.7999877929688,686.7000122070312,13803400
2014-09-05,689.7000122070312,692.2999877929688,678.9000244140625,681.4000244140625,17923300
2014-09-08,684.0,687.0,679.0,681.7999877929688,11219500
2014-09-09,685.5,688.0,680.5,681.9000244140625,11512500
2014-09-10,676.0,687.5999755859375,675.0,686.0,17263000
2014-09-11,692.0999755859375,699.7000122070312,690.0,693.2000122070312,23486800
2014-09-12,697.7999877929688,697.7999877929688,686.7000122070312,690.7000122070312,24638100
2014-09-16,692.4000244140625,694.2999877929688,682.0999755859375,688.9000244140625,15729800
2014-09-17,686.0999755859375,689.5,677.9000244140625,680.2000122070312,17711000
2014-09-18,686.5999755859375,689.5,683.0999755859375,683.0999755859375,18478900
2014-09-19,684.9000244140625,695.5999755859375,680.5,689.0,29946000
2014-09-22,688.0,693.2999877929688,684.0999755859375,688.5999755859375,18410100
2014-09-24,680.0,682.5,671.0,676.9000244140625,25852400
2014-09-25,684.0,686.7999877929688,678.0,684.5999755859375,21904800
2014-09-26,669.5,671.9000244140625,665.2999877929688,671.7999877929688,22922600
2014-09-29,671.2000122070312,671.7000122070312,663.5999755859375,666.9000244140625,19698500
2014-09-30,662.5,662.7999877929688,647.2999877929688,653.7999877929688,33374200
2014-10-01,652.5999755859375,653.0999755859375,643.4000244140625,644.4000244140625,23770700
2014-10-02,634.4000244140625,635.2000122070312,628.0,631.2999877929688,31212400
2014-10-03,628.0,630.2000122070312,622.4000244140625,627.0,22743200
2014-10-06,632.9000244140625,634.7999877929688,627.2000122070312,628.7999877929688,20934100
2014-10-07,626.5,631.7000122070312,618.7999877929688,620.9000244140625,28789600
2014-10-08,606.7999877929688,624.4000244140625,606.5999755859375,621.7999877929688,23123700
2014-10-09,622.7000122070312,633.0,616.7999877929688,617.5999755859375,20845100
2014-10-10,606.0,616.7000122070312,606.0,615.0,29640900
2014-10-14,600.7000122070312,603.2000122070312,591.4000244140625,595.7999877929688,39113600
2014-10-15,599.0,602.7000122070312,594.2999877929688,598.7999877929688,17347600
2014-10-16,585.0,588.0,580.2000122070312,582.2000122070312,25544700
2014-10-17,582.0999755859375,586.0,576.2000122070312,576.5999755859375,20104500
2014-10-20,591.5999755859375,604.0,587.0,597.5,23783200
2014-10-21,596.2000122070312,600.5,590.7999877929688,593.0,16214400
2014-10-22,599.2000122070312,607.2000122070312,595.7999877929688,603.4000244140625,18381900
2014-10-23,600.0,603.7000122070312,593.5,600.0999755859375,13672500
2014-10-24,609.7000122070312,615.4000244140625,602.5,603.0,17474900
2014-10-27,606.0,609.9000244140625,605.0999755859375,606.2999877929688,12004200
2014-10-28,605.0,613.7000122070312,604.7000122070312,609.5999755859375,17971500
2014-10-29,629.5999755859375,641.5999755859375,627.0,636.4000244140625,44652500
2014-10-30,636.0999755859375,637.9000244140625,632.2000122070312,632.2000122070312,21936200
2014-10-31,642.0,680.5,638.2999877929688,674.9000244140625,60313300
2014-11-04,750.0,750.0,720.5,727.0,137279400
2014-11-05,727.0,733.0,713.9000244140625,725.0,50303200
2014-11-06,730.0,730.2999877929688,707.0,713.7999877929688,39908700
2014-11-07,710.0,714.7999877929688,703.0,713.5999755859375,38499700
2014-11-10,705.2999877929688,717.0,703.5999755859375,715.2000122070312,18797100
2014-11-11,720.0,723.2999877929688,711.0,717.7999877929688,22784200
2014-11-12,725.0,734.7000122070312,719.2000122070312,722.0,45021200
2014-11-13,725.7000122070312,726.9000244140625,720.2000122070312,725.2999877929688,23523900
2014-11-14,733.0,737.4000244140625,712.0,725.5999755859375,42235200
2014-11-17,719.5,720.5,700.0999755859375,704.5,32691400
2014-11-18,716.2000122070312,717.7000122070312,707.9000244140625,710.5999755859375,23442700
2014-11-19,720.0,731.0,719.9000244140625,725.2000122070312,36729700
2014-11-20,729.0999755859375,730.7999877929688,713.0,717.0,24617200
2014-11-21,714.0999755859375,717.7000122070312,710.2000122070312,717.0,16846700
2014-11-25,728.0,728.0,718.0999755859375,720.7999877929688,18147500
2014-11-26,718.0,719.4000244140625,713.2999877929688,716.5999755859375,11895800
2014-11-27,714.2000122070312,716.5999755859375,707.5,708.5,15563600
2014-11-28,707.0999755859375,714.7000122070312,707.0999755859375,714.0,14678900
2014-12-01,716.0,726.0,710.0,718.7999877929688,20360300
2014-12-02,714.0,721.9000244140625,713.2999877929688,719.5,15033700
2014-12-03,728.0,742.7000122070312,727.0,730.7999877929688,46837200
2014-12-04,743.0,747.0,738.7999877929688,739.0999755859375,29369200
2014-12-05,742.5,748.0,729.5,744.7999877929688,24295700
2014-12-08,750.0,757.0,741.4000244140625,749.7000122070312,33871800
2014-12-09,739.0,739.7999877929688,725.2000122070312,727.0,33898600
2014-12-10,713.2000122070312,716.0,705.0,715.7999877929688,36777800
2014-12-11,697.0999755859375,709.5,691.2000122070312,707.4000244140625,26597700
2014-12-12,704.0,712.0,701.0999755859375,703.0999755859375,33660600
2014-12-15,692.5999755859375,696.0,688.5,693.0,28552300
2014-12-16,683.0,685.5,679.0,684.5999755859375,28665400
2014-12-17,678.0,691.7000122070312,676.2999877929688,682.0999755859375,26556100
2014-12-18,696.7000122070312,701.0,685.2000122070312,686.0,30694900
2014-12-19,703.5999755859375,712.5,701.0,707.0999755859375,33257600
2014-12-22,710.0,716.0,706.7000122070312,712.0,17064200
2014-12-24,716.2000122070312,718.4000244140625,708.2000122070312,709.7999877929688,19842700
2014-12-25,700.5999755859375,704.4000244140625,700.4000244140625,703.5,15866700
2014-12-26,705.2999877929688,711.4000244140625,704.0,707.0,10160000
2014-12-29,711.0,712.4000244140625,696.4000244140625,703.9000244140625,17578700
2014-12-30,699.5,700.0,687.9000244140625,690.2000122070312,23639500
2015-01-05,684.2000122070312,688.0,669.2000122070312,679.9000244140625,30504300
2015-01-06,662.5,668.0,660.2000122070312,661.5,34979100
2015-01-07,660.0,668.7999877929688,656.5999755859375,661.0999755859375,19653600
2015-01-08,667.0,668.0,657.0999755859375,659.4000244140625,21456200
2015-01-09,652.0,655.0,643.4000244140625,648.2000122070312,45179200
2015-01-13,640.0,646.2000122070312,633.2000122070312,646.0999755859375,28933000
2015-01-14,637.7000122070312,640.0,629.0,631.5,30757100
2015-01-15,621.7999877929688,627.7999877929688,620.7000122070312,626.7000122070312,38873000
2015-01-16,617.9000244140625,620.7000122070312,609.2999877929688,620.4000244140625,34158100
2015-01-19,625.5999755859375,626.9000244140625,610.7000122070312,616.9000244140625,21583000
2015-01-20,622.4000244140625,636.0,620.0999755859375,632.7000122070312,30847400
2015-01-21,632.7000122070312,632.7000122070312,620.0,627.2999877929688,23075500
2015-01-22,624.2999877929688,626.9000244140625,620.0999755859375,625.4000244140625,19075700
2015-01-23,635.4000244140625,644.2000122070312,630.0,631.0,27614900
2015-01-26,621.0,626.2999877929688,617.4000244140625,626.0,19923600
2015-01-27,633.0,635.4000244140625,630.0999755859375,634.0999755859375,17600700
2015-01-28,629.5,636.5999755859375,626.2999877929688,633.0999755859375,14476400
2015-01-29,631.0,631.9000244140625,620.4000244140625,625.4000244140625,20561200
2015-01-30,649.2000122070312,650.7999877929688,634.5,634.5,40479800
2015-02-02,629.0,634.0,625.7999877929688,631.4000244140625,17739200
2015-02-03,632.0,632.9000244140625,619.7999877929688,623.0,24518200
2015-02-04,626.7000122070312,639.4000244140625,626.2000122070312,630.4000244140625,27756800
2015-02-05,628.0999755859375,632.0,620.5,625.7000122070312,25219700
2015-02-06,630.0,649.0,626.0,640.0,42025100
2015-02-09,646.0,649.0,640.7999877929688,643.4000244140625,17200500
2015-02-10,640.5,649.0,639.0,648.0999755859375,13794200
2015-02-12,663.0,663.7999877929688,655.2000122070312,657.2000122070312,26427100
2015-02-13,656.7000122070312,668.5,656.7000122070312,663.7000122070312,26134700
2015-02-16,672.4000244140625,684.0999755859375,671.5999755859375,679.5999755859375,34101700
2015-02-17,676.2000122070312,687.2999877929688,676.0999755859375,681.0999755859375,26241300
2015-02-18,690.0,698.0999755859375,689.7000122070312,696.4000244140625,31619300
2015-02-19,699.5,715.5,698.2999877929688,711.5,46656100
2015-02-20,720.0,723.0,714.7000122070312,721.0999755859375,43916700
2015-02-23,727.0,734.5,708.5999755859375,718.7000122070312,53865200
2015-02-24,712.0,729.7999877929688,710.0,725.0,42009200
2015-02-25,727.0,729.5,719.0,720.5,24792200
2015-02-26,719.0,730.0,718.7999877929688,729.5,30232200
2015-02-27,734.0,736.4000244140625,730.2999877929688,735.0,43318000
2015-03-02,734.5,735.9000244140625,728.5,729.5,23664300
2015-03-03,733.7000122070312,734.7999877929688,716.2000122070312,722.0,24291900
2015-03-04,711.2000122070312,714.0,703.0999755859375,708.7000122070312,25735900
2015-03-05,705.2999877929688,710.5,700.2999877929688,705.2999877929688,22252800
2015-03-06,708.2999877929688,724.7999877929688,706.5999755859375,724.0,30290000
2015-03-09,721.5,727.7999877929688,717.0999755859375,724.0999755859375,19174000
2015-03-10,727.9000244140625,728.2000122070312,710.5999755859375,716.5,19460000
2015-03-11,706.2999877929688,716.4000244140625,705.5,711.9000244140625,15259900
2015-03-12,714.7999877929688,724.2999877929688,712.5999755859375,721.0,18087000
2015-03-13,730.0,738.0,726.5999755859375,726.7000122070312,34638900
2015-03-16,724.5,735.7999877929688,723.0999755859375,726.4000244140625,19951600
2015-03-17,735.0,738.0,729.5,731.0999755859375,25769200
2015-03-18,728.0,737.2999877929688,726.0999755859375,735.0,18819100
2015-03-19,735.0,739.2000122070312,727.0,733.5,21209500
2015-03-20,732.0,738.0,728.9000244140625,737.5,16836300
2015-03-23,742.0,744.5,736.7000122070312,741.9000244140625,21931000
2015-03-24,740.0,741.7000122070312,732.5999755859375,736.7000122070312,16887400
2015-03-25,738.0,739.5,730.0,737.0999755859375,13041900
2015-03-26,728.4000244140625,731.0999755859375,717.4000244140625,719.7999877929688,25933200
2015-03-27,706.5,719.5,699.0999755859375,708.4000244140625,26249000
2015-03-30,705.0,715.7999877929688,699.4000244140625,713.2999877929688,21858900
2015-03-31,721.5,724.9000244140625,705.5999755859375,706.2000122070312,20059800
2015-04-01,700.5999755859375,713.2999877929688,695.7000122070312,703.7000122070312,22713700
2015-04-02,707.5,722.5999755859375,706.2999877929688,715.2999877929688,20901400
2015-04-03,718.7000122070312,723.0999755859375,711.2999877929688,720.0,14490600
2015-04-06,710.4000244140625,716.0,708.0999755859375,715.0999755859375,12390400
2015-04-07,721.7999877929688,722.5999755859375,710.5999755859375,714.5,17729300
2015-04-08,719.4000244140625,729.9000244140625,718.0999755859375,724.7999877929688,27829300
2015-04-09,729.0,729.2999877929688,719.7000122070312,722.5999755859375,12538900
2015-04-10,728.7999877929688,732.0,721.2000122070312,722.2000122070312,16687300
2015-04-13,724.5999755859375,736.0,724.5,728.0999755859375,17626700
2015-04-14,725.0,726.2999877929688,718.2999877929688,724.2999877929688,18892300
2015-04-15,727.0,729.7000122070312,717.7000122070312,720.0,15587500
2015-04-16,725.0,731.2999877929688,719.2999877929688,728.5,20593800
2015-04-17,730.0,737.5,725.0,731.7000122070312,26689100
2015-04-20,723.2999877929688,725.7999877929688,716.4000244140625,717.7999877929688,27064600
2015-04-21,721.0,728.0,720.5,728.0,22323800
2015-04-22,731.5,761.5999755859375,731.5,760.7999877929688,75909800
2015-04-23,797.9000244140625,799.0,773.7000122070312,783.2000122070312,87218600
2015-04-24,789.0,800.0,786.0999755859375,794.2000122070312,61932600
2015-04-27,792.0999755859375,802.0,785.0,792.5999755859375,38243100
2015-04-28,799.0,802.5,783.0,790.5999755859375,34490300
2015-04-30,777.0,782.9000244140625,760.7000122070312,773.4000244140625,62779700
2015-05-01,775.2999877929688,784.7999877929688,770.0,778.7000122070312,36689400
2015-05-07,766.0,775.0,766.0,772.7000122070312,31614200
2015-05-08,775.0,788.9000244140625,772.7000122070312,782.7999877929688,30982600
2015-05-11,794.0,809.9000244140625,792.7999877929688,804.2999877929688,63806300
2015-05-12,800.0,801.0,773.2000122070312,787.9000244140625,43607600
2015-05-13,782.4000244140625,788.0,774.0999755859375,786.7000122070312,19586100
2015-05-14,777.0,782.2999877929688,773.4000244140625,779.0999755859375,21090300
2015-05-15,788.0,792.4000244140625,778.5999755859375,782.2000122070312,21645100
2015-05-18,778.0999755859375,794.0,775.0,784.7999877929688,18432700
2015-05-19,794.9000244140625,802.9000244140625,792.0,801.2999877929688,41318300
2015-05-20,815.0,823.4000244140625,810.0,810.0,56391200
2015-05-21,810.5,826.9000244140625,810.4000244140625,818.7999877929688,49819900
2015-05-22,819.7999877929688,830.0,813.0,830.0,35978700
2015-05-25,832.0,833.4000244140625,821.5,826.2999877929688,26526100
2015-05-26,826.5,829.2999877929688,816.5999755859375,821.7000122070312,19176500
2015-05-27,815.0999755859375,828.5,812.0999755859375,824.7999877929688,23071400
2015-05-28,829.9000244140625,843.0,820.0,831.7000122070312,42125000
2015-05-29,830.0,832.4000244140625,820.2000122070312,823.5999755859375,29045300
2015-06-01,817.5999755859375,824.9000244140625,815.0,822.5,19027000
2015-06-02,824.5999755859375,826.5,810.5,813.7999877929688,25136800
2015-06-03,814.5999755859375,826.9000244140625,814.5,822.2000122070312,25698100
2015-06-04,832.9000244140625,850.0,830.9000244140625,849.2999877929688,52266500
2015-06-05,843.9000244140625,849.0,833.2999877929688,847.5,38184400
2015-06-08,855.0,858.2000122070312,833.0,844.2000122070312,29270400
2015-06-09,835.0,843.2000122070312,830.2000122070312,831.0,30695200
2015-06-10,830.0999755859375,831.5,817.0,819.5,34754800
2015-06-11,830.0,833.2000122070312,821.5,826.0,22577500
2015-06-12,824.7000122070312,827.7999877929688,817.0999755859375,819.5,26292300
2015-06-15,810.7999877929688,816.9000244140625,803.0999755859375,812.5,21948700
2015-06-16,810.0,810.0,797.0999755859375,802.0,25035000
2015-06-17,806.7999877929688,809.4000244140625,801.5,804.7000122070312,17396900
2015-06-18,803.5999755859375,803.9000244140625,788.0,789.7999877929688,24793100
2015-06-19,798.9000244140625,801.5,792.7000122070312,801.5,16885000
2015-06-22,801.0,812.5,799.0,811.4000244140625,16575600
2015-06-23,815.0,834.7000122070312,813.9000244140625,831.4000244140625,26516200
2015-06-24,840.0,849.9000244140625,838.2000122070312,842.0,33367400
2015-06-25,837.7999877929688,838.9000244140625,831.0999755859375,835.9000244140625,14837000
2015-06-26,830.7999877929688,843.4000244140625,826.9000244140625,841.5,15837500
2015-06-29,811.5,828.9000244140625,811.0,825.0,28090500
2015-06-30,824.0,831.7000122070312,815.5,830.5999755859375,24357700
2015-07-01,849.0,856.2999877929688,845.0,849.5999755859375,45514000
2015-07-02,854.9000244140625,859.0999755859375,847.7999877929688,847.7999877929688,27442400
2015-07-03,854.0999755859375,880.7999877929688,853.4000244140625,877.0,54057500
2015-07-06,866.9000244140625,888.0999755859375,858.5999755859375,880.0,50606600
2015-07-07,890.0999755859375,903.0,873.0,874.9000244140625,37232700
2015-07-08,868.5,876.5,842.5999755859375,843.0,34318700
2015-07-09,825.0,853.5,815.0999755859375,851.0,37725700
2015-07-10,847.0,861.5,837.0,847.9000244140625,25188000
2015-07-13,853.0,862.9000244140625,846.4000244140625,855.2000122070312,18515300
2015-07-14,870.2000122070312,900.0,870.0999755859375,895.0,52558300
2015-07-15,905.0,907.7000122070312,878.5,887.0999755859375,34910700
2015-07-16,895.5999755859375,898.0,882.7999877929688,888.2000122070312,18939300
2015-07-17,893.9000244140625,901.0999755859376,884.0999755859375,891.7000122070312,21626600
2015-07-21,901.9000244140624,909.2000122070312,892.0999755859375,897.5,23124000
2015-07-22,891.0,896.5,883.0999755859375,887.2000122070312,16122200
2015-07-23,888.0999755859375,891.9000244140625,881.4000244140625,889.4000244140625,13397500
2015-07-24,888.0,896.0,878.5,882.5999755859375,15563400
2015-07-27,871.0,874.0,863.5,869.0,20855300
2015-07-28,860.0999755859375,872.2999877929688,855.7999877929688,865.0999755859375,20871200
2015-07-29,871.0,872.0,860.4000244140625,860.4000244140625,14647800
2015-07-30,890.0,906.7000122070312,884.0,891.4000244140625,49529800
2015-07-31,891.4000244140625,893.7000122070312,879.0,881.4000244140625,18940800
2015-08-03,879.5,883.0,864.0,874.2999877929688,19895400
2015-08-04,869.9000244140625,873.0,865.0,868.2000122070312,13895700
2015-08-05,866.0999755859375,878.7000122070312,858.2000122070312,869.2999877929688,15913500
2015-08-06,873.5999755859375,886.7999877929688,872.7000122070312,873.5,17159800
2015-08-07,871.0,875.5999755859375,868.2000122070312,875.4000244140625,14466200
2015-08-10,869.0,879.0,863.0,879.0,13622800
2015-08-11,887.0,890.7999877929688,869.0999755859375,882.4000244140625,17518700
2015-08-12,885.0,885.2000122070312,864.4000244140625,870.7999877929688,22517700
2015-08-13,865.5999755859375,866.7999877929688,848.5,853.0999755859375,32332800
2015-08-14,851.5999755859375,858.0,847.0999755859375,848.7999877929688,13219700
2015-08-17,858.0,860.7999877929688,846.0999755859375,849.5999755859375,13030900
2015-08-18,848.5999755859375,856.0,847.7999877929688,852.0,10098500
2015-08-19,850.0999755859375,857.2999877929688,840.0,840.5,14144200
2015-08-20,838.7999877929688,839.4000244140625,827.2000122070312,829.2000122070312,15316600
2015-08-21,800.0,807.0,790.0,795.0999755859375,36816300
2015-08-24,765.0999755859375,777.7000122070312,725.0,742.5,53443700
2015-08-25,707.0,759.9000244140625,695.0999755859375,717.7000122070312,53630500
2015-08-26,719.9000244140625,752.4000244140625,713.0,743.9000244140625,35396700
2015-08-27,761.0,766.5,747.0999755859375,749.0,24528900
2015-08-28,766.0,784.9000244140625,764.4000244140625,777.0999755859375,27258200
2015-08-31,769.9000244140625,773.5999755859375,756.2999877929688,766.0999755859375,17651200
2015-09-01,756.5,757.0,742.0,743.2999877929688,23943100
2015-09-02,720.0999755859375,753.0,718.0,731.9000244140625,22312500
2015-09-03,741.5,752.4000244140625,727.5,728.0999755859375,15926500
2015-09-04,735.0,735.2000122070312,708.2999877929688,717.7999877929688,26113700
2015-09-07,706.0999755859375,717.7999877929688,694.0,713.2000122070312,21037000
2015-09-08,705.0,705.0999755859375,686.2999877929688,691.5,36660200
2015-09-09,721.0,752.5,716.0,751.5999755859375,40683600
2015-09-10,732.0999755859375,755.0,730.0999755859375,749.9000244140625,26873700
2015-09-11,752.5,772.7000122070312,738.4000244140625,759.9000244140625,30714800
2015-09-14,759.0,760.7000122070312,742.2000122070312,743.7000122070312,20469500
2015-09-15,744.9000244140625,757.7999877929688,728.0,733.9000244140625,22271700
2015-09-16,739.0,740.7999877929688,723.7999877929688,727.7000122070312,24771000
2015-09-17,739.9000244140625,755.2999877929688,739.7000122070312,754.7000122070312,21234100
2015-09-18,742.2000122070312,744.5999755859375,729.0,733.0,23421400
2015-09-24,718.0,733.4000244140625,705.7999877929688,709.7000122070312,27077000
2015-09-25,710.7000122070312,732.4000244140625,704.0,728.9000244140625,23026100
2015-09-28,713.2000122070312,719.4000244140625,698.4000244140625,703.2999877929688,26636800
2015-09-29,680.0,684.5999755859375,670.2999877929688,674.2999877929688,35444000
2015-09-30,683.7000122070312,708.0,683.7000122070312,704.2999877929688,26401300
2015-10-01,691.0999755859375,711.9000244140625,678.4000244140625,704.7999877929688,28377800
2015-10-02,698.0,713.9000244140625,692.2999877929688,707.7999877929688,14917700
2015-10-05,712.7999877929688,720.0,705.2999877929688,714.0,14950700
2015-10-06,730.0,730.9000244140625,715.7000122070312,718.9000244140625,25315600
2015-10-07,716.7999877929688,735.5,716.0,730.9000244140625,20985400
2015-10-08,729.7999877929688,739.7000122070312,727.0999755859375,731.9000244140625,21356600
2015-10-09,741.7999877929688,750.0,739.0999755859375,747.2000122070312,21278300
2015-10-13,744.2999877929688,749.5,730.5999755859375,734.2999877929688,17977000
2015-10-14,724.5,728.2999877929688,711.0,717.5,19532100
2015-10-15,712.5,734.7999877929688,711.4000244140625,730.7000122070312,17729700
2015-10-16,737.0,750.7000122070312,735.0999755859375,747.5999755859375,20725900
2015-10-19,750.0,753.0,738.0,742.2999877929688,13223600
2015-10-20,749.0,751.2000122070312,742.2999877929688,745.7999877929688,11827500
2015-10-21,742.2000122070312,768.0,741.0,763.7999877929688,23523900
2015-10-22,752.4000244140625,761.5999755859375,751.2000122070312,754.0,14758500
2015-10-23,780.0,794.7999877929688,775.2000122070312,782.0,34884500
2015-10-26,803.0,809.0,788.0,788.7999877929688,22241100
2015-10-27,790.0,795.0,775.7999877929688,778.4000244140625,19120600
2015-10-28,779.0,788.5,778.0999755859375,787.0,14225800
2015-10-29,762.0,769.7999877929688,745.2000122070312,764.0,59806700
2015-10-30,755.7999877929688,776.0999755859375,750.5999755859375,765.5999755859375,33276200
2015-11-02,760.0,762.0,752.2999877929688,760.0,18053900
2015-11-04,774.5999755859375,783.5,765.0,775.0,24684500
2015-11-05,778.0,787.9000244140625,775.0999755859375,781.7999877929688,15186600
2015-11-06,784.0,784.4000244140625,773.0,778.5,11863400
2015-11-09,790.0999755859375,799.5,786.2999877929688,799.5,22453200
2015-11-10,787.4000244140625,800.0,787.2000122070312,798.2000122070312,13640500
2015-11-11,795.0,798.5999755859375,790.0,791.0,14188500
2015-11-12,790.0,797.2999877929688,783.2000122070312,788.5,13203600
2015-11-13,772.0,779.7999877929688,771.0,777.2999877929688,15848900
2015-11-16,760.0,774.5999755859375,757.0999755859375,765.2000122070312,14619400
2015-11-17,776.5999755859375,777.9000244140625,770.4000244140625,770.7999877929688,14400100
2015-11-18,777.7000122070312,781.7000122070312,767.2999877929688,769.9000244140625,11717500
2015-11-19,776.9000244140625,789.7999877929688,774.2000122070312,774.7999877929688,16897100
2015-11-20,771.7000122070312,775.7000122070312,763.0,768.5,13245900
2015-11-24,762.7999877929688,771.2000122070312,761.0999755859375,768.2000122070312,12487300
2015-11-25,761.0,761.0999755859375,743.7000122070312,750.4000244140625,25324300
2015-11-26,752.7999877929688,757.0,749.0999755859375,751.2000122070312,12830800
2015-11-27,751.2999877929688,753.7000122070312,742.5,745.0,11947800
2015-11-30,739.0,739.9000244140625,727.5,730.2000122070312,21208800
2015-12-01,737.4000244140625,751.5,736.4000244140625,750.0,23163300
2015-12-02,750.0,754.5999755859375,747.0,748.5999755859375,10263300
2015-12-03,745.2000122070312,754.0,745.0999755859375,748.9000244140625,10281400
2015-12-04,733.5,742.2000122070312,729.2000122070312,735.4000244140625,16384300
2015-12-07,741.0,745.5999755859375,735.7000122070312,736.0,12194400
2015-12-08,736.9000244140625,741.5999755859375,725.2999877929688,727.7999877929688,13098700
2015-12-09,720.0,727.5,712.2000122070312,723.7999877929688,17478300
2015-12-10,714.0,719.9000244140625,711.5,713.7000122070312,15140300
2015-12-11,708.2999877929688,720.9000244140625,707.0,714.0,22956300
2015-12-14,692.0,693.4000244140625,683.0,691.7999877929688,26218400
2015-12-15,690.0,690.5999755859375,680.9000244140625,681.5,19118000
2015-12-16,695.7000122070312,717.2999877929688,694.5,713.0999755859375,23319700
2015-12-17,730.0,732.0,716.7999877929688,718.7000122070312,16581500
2015-12-18,718.0,738.0,694.2999877929688,696.2999877929688,27838200
2015-12-21,688.0,689.0,680.0999755859375,685.7000122070312,29480700
2015-12-22,687.0999755859375,689.7000122070312,681.7000122070312,683.7999877929688,18278800
2015-12-24,684.2000122070312,685.0999755859375,670.0,670.0,27822100
2015-12-25,670.0,670.0,670.0,670.0,0
2015-12-28,674.7999877929688,681.5999755859375,670.5999755859375,679.7999877929688,12411100
2015-12-29,680.0,681.0999755859375,674.5,679.7999877929688,13471500
2015-12-30,680.0,685.5999755859375,677.0,679.0999755859375,17616700
2016-01-04,669.0,673.0,658.5,660.2999877929688,32443400
2016-01-05,662.7999877929688,672.7999877929688,658.5,663.7000122070312,17316000
2016-01-06,673.7000122070312,681.9000244140625,655.0999755859375,659.7000122070312,21707500
2016-01-07,652.7000122070312,659.9000244140625,642.0,642.0,27256200
2016-01-08,630.0,649.5,628.0,634.9000244140625,29441300
2016-01-12,623.0,627.2999877929688,607.7000122070312,611.7999877929688,30572100
2016-01-13,620.5,646.7999877929688,620.5,632.5,27966700
2016-01-14,610.0,625.2999877929688,604.0,623.7000122070312,26338800
2016-01-15,630.0,634.7999877929688,607.5,612.0,21411900
2016-01-18,592.0,606.5999755859375,587.2000122070312,602.2999877929688,19187000
2016-01-19,601.0,614.7000122070312,597.0,610.9000244140625,17817300
2016-01-20,604.0,607.9000244140625,587.0,587.2999877929688,26915100
2016-01-21,585.0999755859375,599.0,568.2000122070312,568.4000244140625,28225100
2016-01-22,590.0,607.2000122070312,584.2000122070312,603.9000244140625,27102400
2016-01-25,613.9000244140625,617.4000244140625,605.4000244140625,613.2000122070312,17679100
2016-01-26,601.9000244140625,602.7999877929688,593.0999755859375,596.5,16888700
2016-01-27,606.5,622.9000244140625,603.0999755859375,616.7999877929688,19750200
2016-01-28,614.2000122070312,620.0999755859375,607.7999877929688,611.0,13581100
2016-01-29,613.7999877929688,652.9000244140625,605.9000244140625,650.0,42659500
2016-02-01,673.9000244140625,682.0999755859375,660.0,672.7999877929688,39672200
2016-02-02,665.0,676.7000122070312,663.2999877929688,668.7000122070312,20040500
2016-02-03,600.0,604.9000244140625,583.0,600.0,53906900
2016-02-04,578.0,601.5999755859375,577.0,592.0999755859375,29228200
2016-02-05,580.0,585.0,567.0,577.7000122070312,29484200
2016-02-08,560.0,567.9000244140625,550.0,560.7999877929688,32756100
2016-02-09,512.0,520.0,494.0,510.0,59779200
2016-02-10,503.7000122070313,512.0,486.0,491.8999938964844,52020700
2016-02-12,459.0,466.0,442.7999877929688,446.6000061035156,68556200
2016-02-15,470.6000061035156,501.8999938964844,468.7999877929688,495.0,54239500
2016-02-16,495.0,518.5,490.0,506.8999938964844,28622100
2016-02-17,504.0,513.5,490.1000061035156,500.0,28296900
2016-02-18,523.0,523.5999755859375,501.7999877929688,508.8999938964844,22408500
2016-02-19,500.0,501.2000122070313,486.3999938964844,495.8999938964844,21113600
2016-02-22,488.0,499.6000061035156,484.2999877929688,494.1000061035156,14879200
2016-02-23,492.7999877929688,497.3999938964844,484.2000122070313,485.0,28102900
2016-02-24,475.2999877929688,489.0,471.0,479.7999877929688,27290700
2016-02-25,486.3999938964844,494.3999938964844,477.5,490.2999877929688,23987300
2016-02-26,495.7999877929688,503.0,488.7000122070313,489.0,19194700
2016-02-29,493.1000061035156,494.7999877929688,476.0,476.0,27808600
2016-03-01,476.0,482.7000122070313,467.0,481.5,29290900
2016-03-02,500.0,508.7999877929688,496.0,501.6000061035156,30511000
2016-03-03,505.1000061035156,525.7999877929688,505.1000061035156,523.9000244140625,29314700
2016-03-04,528.9000244140625,543.7000122070312,524.9000244140625,535.0999755859375,27269400
2016-03-07,540.0,541.0,532.0,535.0999755859375,19062000
2016-03-08,530.0,537.5,516.0,524.0,22785100
2016-03-09,515.4000244140625,516.0,501.0,505.2999877929688,25799700
2016-03-10,515.0,521.2999877929688,504.1000061035156,520.0,18876600
2016-03-11,504.0,528.9000244140625,504.0,528.0,25817600
2016-03-14,538.0,539.2000122070312,531.0,537.5,21182700
2016-03-15,536.0999755859375,553.7000122070312,532.2999877929688,534.7000122070312,33631100
2016-03-16,525.5999755859375,532.7000122070312,518.4000244140625,520.2000122070312,19620300
2016-03-17,520.0,528.9000244140625,511.2999877929688,516.5,22380000
2016-03-18,512.0,518.9000244140625,504.0,509.7999877929688,26114600
2016-03-22,516.0,528.9000244140625,515.7999877929688,521.0999755859375,23514400
2016-03-23,521.5,526.9000244140625,514.0999755859375,516.2000122070312,17040500
2016-03-24,513.0,516.4000244140625,503.5,504.7000122070313,19522700
2016-03-25,503.3999938964844,518.4000244140625,496.7000122070313,515.5,19869700
2016-03-28,516.0999755859375,524.0,510.0,517.4000244140625,16240700
2016-03-29,510.2000122070313,522.9000244140625,509.7999877929688,516.0999755859375,13999300
2016-03-30,510.0,512.0,500.0,502.2000122070313,19598100
2016-03-31,503.0,514.4000244140625,502.0,502.8999938964844,18563100
2016-04-01,500.0,504.0,478.7000122070313,479.6000061035156,25633300
2016-04-04,473.3999938964844,483.1000061035156,464.6000061035156,466.3999938964844,31093600
2016-04-05,460.0,461.7999877929688,449.2000122070313,449.6000061035156,27967100
2016-04-06,446.0,455.0,443.3999938964844,452.2000122070313,21708800
2016-04-07,448.5,454.5,443.0,447.0,20782900
2016-04-08,440.0,464.0,435.1000061035156,454.3999938964844,28658000
2016-04-11,455.7000122070313,457.0,439.2999877929688,448.2000122070313,22816400
2016-04-12,452.7999877929688,487.2999877929688,450.2999877929688,481.5,44904500
2016-04-13,485.0,492.7000122070313,473.2999877929688,489.2999877929688,30310000
2016-04-14,505.0,514.5999755859375,500.2999877929688,511.6000061035156,26382500
2016-04-15,506.0,516.5,501.0,507.8999938964844,17510000
2016-04-18,485.0,493.2999877929688,480.1000061035156,490.3999938964844,19791000
2016-04-19,500.5,512.2000122070312,498.7000122070313,508.1000061035156,17117600
2016-04-20,515.0,518.5,502.2000122070313,508.0,20258100
2016-04-21,520.0,528.5,515.2999877929688,528.0,29209100
2016-04-22,523.2999877929688,549.0,522.0,549.0,33430300
2016-04-25,553.4000244140625,553.9000244140625,540.7999877929688,546.5,22641000
2016-04-26,540.0,541.7000122070312,527.5999755859375,534.5999755859375,23061700
2016-04-27,520.0,535.7999877929688,520.0,532.4000244140625,19262700
2016-04-28,522.4000244140625,528.0,477.0,478.8999938964844,55465400
2016-05-02,456.7000122070313,462.7000122070313,452.5,457.0,29765100
2016-05-06,452.3999938964844,455.0,441.1000061035156,444.0,33528800
2016-05-09,448.2000122070313,453.7999877929688,445.6000061035156,446.3999938964844,17390700
2016-05-10,448.1000061035156,461.2000122070313,441.5,460.2999877929688,23603100
2016-05-11,467.1000061035156,468.1000061035156,452.2999877929688,454.3999938964844,19779000
2016-05-12,450.0,460.0,449.1000061035156,459.3999938964844,17281400
2016-05-13,460.0,460.3999938964844,444.0,444.0,28175800
2016-05-16,443.0,455.3999938964844,442.1000061035156,451.1000061035156,21461600
2016-05-17,452.8999938964844,464.1000061035156,452.1000061035156,463.2000122070313,19690100
2016-05-18,461.0,470.2000122070313,454.7000122070313,462.2000122070313,34438200
2016-05-19,468.3999938964844,476.8999938964844,463.6000061035156,465.0,27839500
2016-05-20,460.6000061035156,466.0,452.0,464.2000122070313,21065800
2016-05-23,464.0,472.2000122070313,457.5,472.1000061035156,21956100
2016-05-24,471.5,473.8999938964844,465.0,469.0,18740300
2016-05-25,481.0,481.5,475.6000061035156,477.7999877929688,20554200
2016-05-26,481.2999877929688,481.7999877929688,469.5,469.6000061035156,18550400
2016-05-27,470.7999877929688,473.0,465.7999877929688,472.3999938964844,17471000
2016-05-30,472.0,475.1000061035156,465.6000061035156,475.1000061035156,19038700
2016-05-31,472.3999938964844,480.3999938964844,467.6000061035156,480.3999938964844,18234100
2016-06-01,478.5,480.5,469.0,470.2999877929688,20988400
2016-06-02,466.0,466.0,450.7999877929688,451.7000122070313,25761300
2016-06-03,451.5,457.8999938964844,451.5,454.2000122070313,17065500
2016-06-06,441.2000122070313,449.0,435.5,443.7999877929688,24445600
2016-06-07,442.0,450.5,441.5,443.1000061035156,17472800
2016-06-08,443.0,447.3999938964844,438.7000122070313,447.3999938964844,17076100
2016-06-09,444.0,446.6000061035156,437.0,439.0,16379500
2016-06-10,436.0,438.0,429.3999938964844,434.8999938964844,24586900
2016-06-13,418.8999938964844,420.8999938964844,415.0,415.0,24006700
2016-06-14,411.2000122070313,416.0,405.6000061035156,406.5,24431500
2016-06-15,402.0,411.2999877929688,399.3999938964844,409.1000061035156,26341100
2016-06-16,406.2999877929688,411.6000061035156,395.1000061035156,395.7999877929688,32716900
2016-06-17,398.2000122070313,402.5,396.2000122070313,397.8999938964844,30628800
2016-06-20,408.6000061035156,417.2999877929688,407.6000061035156,412.7000122070313,24665000
2016-06-21,410.0,419.2999877929688,410.0,417.3999938964844,18448700
2016-06-22,417.1000061035156,423.5,415.0,417.6000061035156,21661100
2016-06-23,414.5,429.6000061035156,413.2000122070313,427.7999877929688,21395200
2016-06-24,435.7999877929688,436.8999938964844,379.5,382.5,54385700
2016-06-27,379.6000061035156,380.0,353.0,358.29998779296875,41908800
2016-06-28,350.0,355.0,338.79998779296875,352.29998779296875,49135400
2016-06-29,359.5,362.8999938964844,355.29998779296875,361.1000061035156,36668800
2016-06-30,369.0,375.3999938964844,365.1000061035156,365.2000122070313,27618900
2016-07-01,373.0,377.5,366.7000122070313,373.8999938964844,26514700
2016-07-04,370.0,374.7000122070313,365.7999877929688,372.2000122070313,19823300
2016-07-05,370.0,372.2000122070313,365.0,371.2999877929688,20990000
2016-07-06,361.7000122070313,365.5,348.0,354.70001220703125,35653000
2016-07-07,351.1000061035156,363.0,350.6000061035156,352.6000061035156,19170000
2016-07-08,351.8999938964844,357.6000061035156,348.70001220703125,352.6000061035156,19130200
2016-07-11,352.6000061035156,352.6000061035156,352.6000061035156,352.6000061035156,0
2016-07-12,385.0,399.8999938964844,382.2000122070313,387.1000061035156,43423400
2016-07-13,408.0,408.5,397.6000061035156,400.6000061035156,33789500
2016-07-14,399.7000122070313,402.0,392.7999877929688,398.6000061035156,24079100
2016-07-15,406.0,431.7999877929688,405.8999938964844,422.0,47076000
2016-07-19,434.8999938964844,436.7999877929688,417.2000122070313,429.1000061035156,34995600
2016-07-20,426.3999938964844,426.7999877929688,409.6000061035156,418.1000061035156,26979800
2016-07-21,429.7000122070313,438.8999938964844,428.0,438.7999877929688,36107700
2016-07-22,425.0,433.7000122070313,424.7000122070313,430.3999938964844,22237100
2016-07-25,433.1000061035156,438.7999877929688,427.2000122070313,428.3999938964844,18994800
2016-07-26,423.3999938964844,424.0,410.0,414.2999877929688,20179600
2016-07-27,418.5,431.2999877929688,414.3999938964844,423.0,28175100
2016-07-28,427.2000122070313,427.7000122070313,416.0,416.8999938964844,17830300
2016-07-29,448.0,469.2999877929688,429.3999938964844,469.2000122070313,87619600
2016-08-01,452.7999877929688,453.3999938964844,441.7000122070313,443.0,52068300
2016-08-02,441.0,446.0,435.1000061035156,435.2999877929688,20103700
2016-08-03,417.0,424.2999877929688,407.3999938964844,409.2000122070313,28862100
2016-08-04,417.2000122070313,441.7999877929688,415.0,438.6000061035156,43497400
2016-08-05,441.7999877929688,452.5,435.3999938964844,446.3999938964844,41217700
2016-08-08,465.0,470.2999877929688,456.0,469.3999938964844,39740400
2016-08-09,470.0,477.2000122070313,463.5,475.3999938964844,33143000
2016-08-10,469.7999877929688,470.0,456.2999877929688,460.5,21791400
2016-08-12,465.3999938964844,467.6000061035156,458.1000061035156,462.8999938964844,21834800
2016-08-15,461.2999877929688,463.2000122070313,456.0,457.2999877929688,14476600
2016-08-16,459.0,462.7999877929688,448.6000061035156,448.8999938964844,19987800
2016-08-17,448.7999877929688,462.0,445.1000061035156,461.2000122070313,22223200
2016-08-18,454.7999877929688,459.5,448.7000122070313,452.1000061035156,22229600
2016-08-19,453.0,461.2000122070313,450.6000061035156,457.8999938964844,19124300
2016-08-22,460.5,460.5,452.5,457.7000122070313,14873700
2016-08-23,455.1000061035156,457.6000061035156,448.0,449.1000061035156,16151400
2016-08-24,453.5,459.8999938964844,450.7999877929688,457.2999877929688,15608900
2016-08-25,459.7999877929688,459.7999877929688,453.0,459.3999938964844,11093500
2016-08-26,457.0,459.0,451.0,452.8999938964844,15843200
2016-08-29,464.0,473.8999938964844,463.0,469.7000122070313,21635300
2016-08-30,467.7999877929688,472.2999877929688,466.2999877929688,471.2000122070313,11005900
2016-08-31,476.8999938964844,488.7999877929688,476.2999877929688,487.2999877929688,30731200
2016-09-01,487.2999877929688,493.2000122070313,484.0,490.2000122070313,21139700
2016-09-02,493.1000061035156,500.0,491.0,496.1000061035156,32545600
2016-09-05,504.1000061035156,504.6000061035156,481.7999877929688,482.3999938964844,30515300
2016-09-06,485.6000061035156,488.3999938964844,481.3999938964844,485.3999938964844,17168300
2016-09-07,471.1000061035156,477.6000061035156,469.5,477.2999877929688,21592500
2016-09-08,479.0,482.2999877929688,473.7999877929688,480.5,19176500
2016-09-09,480.0,490.2000122070313,479.5,486.6000061035156,19984700
2016-09-12,477.5,483.0,474.7999877929688,481.7999877929688,22815800
2016-09-13,480.1000061035156,482.3999938964844,474.2000122070313,475.8999938964844,17096500
2016-09-14,469.3999938964844,478.0,465.5,471.5,17139300
2016-09-15,465.0,466.0,453.1000061035156,461.2999877929688,21709800
2016-09-16,461.0,467.5,456.8999938964844,463.0,20200700
2016-09-20,459.0,465.8999938964844,454.5,461.2000122070313,20150100
2016-09-21,460.0,484.7000122070313,458.2999877929688,484.1000061035156,35323100
2016-09-23,474.7999877929688,475.0,464.2999877929688,467.0,35257400
2016-09-26,464.7999877929688,467.5,460.1000061035156,461.6000061035156,18819900
2016-09-27,440.0,460.6000061035156,438.8999938964844,458.5,40121700
2016-09-28,455.2999877929688,455.6000061035156,439.0,441.6000061035156,29381500
2016-09-29,449.6000061035156,457.6000061035156,445.1000061035156,455.7000122070313,22512300
2016-09-30,440.5,450.7999877929688,440.1000061035156,446.1000061035156,29252600
2016-10-03,451.8999938964844,460.7999877929688,450.8999938964844,459.0,25054000
2016-10-04,461.2999877929688,469.8999938964844,461.2000122070313,464.2999877929688,20916000
2016-10-05,468.0,472.2000122070313,462.7999877929688,467.8999938964844,21489500
2016-10-06,476.0,480.7999877929688,472.6000061035156,474.2999877929688,24757600
2016-10-07,474.2999877929688,474.5,464.3999938964844,469.2000122070313,22457300
2016-10-11,472.0,477.6000061035156,465.7000122070313,466.2000122070313,22403800
2016-10-12,461.1000061035156,465.2000122070313,457.0,461.7999877929688,20810900
2016-10-13,463.7999877929688,469.6000061035156,454.1000061035156,456.7000122070313,26591700
2016-10-14,454.7999877929688,462.0,453.0,460.8999938964844,19515100
2016-10-17,463.0,469.3999938964844,462.1000061035156,465.2999877929688,18310400
2016-10-18,463.2000122070313,467.7000122070313,458.2000122070313,467.5,19657100
2016-10-19,469.8999938964844,482.0,468.6000061035156,478.3999938964844,29471000
2016-10-20,478.3999938964844,494.5,476.0,492.7999877929688,31675100
2016-10-21,495.5,498.5,488.0,488.2999877929688,31681200
2016-10-24,492.3999938964844,492.7000122070313,485.2999877929688,486.6000061035156,23452400
2016-10-25,489.7000122070313,496.3999938964844,489.0,494.3999938964844,21565200
2016-10-26,493.8999938964844,496.0,487.1000061035156,494.5,15347600
2016-10-27,491.1000061035156,501.5,490.2999877929688,501.2999877929688,32442100
2016-10-28,518.9000244140625,529.5,512.0,527.0999755859375,78884900
2016-10-31,523.5999755859375,529.0,520.7999877929688,526.5,30266600
2016-11-01,531.0,532.7999877929688,523.2000122070312,525.4000244140625,28357500
2016-11-02,515.4000244140625,520.2999877929688,509.7999877929688,515.9000244140625,25338100
2016-11-04,508.5,515.7000122070312,505.2000122070313,506.6000061035156,24905200
2016-11-07,520.0,523.0,512.5,513.9000244140625,24038800
2016-11-08,518.2999877929688,521.2999877929688,513.2000122070312,515.0,20967900
2016-11-09,519.7999877929688,526.4000244140625,471.8999938964844,483.1000061035156,74574400
2016-11-10,524.7000122070312,540.2999877929688,513.0,536.5999755859375,65439400
2016-11-11,555.0,571.0999755859375,551.0,564.0,78469700
2016-11-14,564.0,591.5,563.9000244140625,590.7999877929688,56437600
2016-11-15,591.2000122070312,596.0999755859375,582.0,593.0,45548400
2016-11-16,603.0,604.7000122070312,594.7000122070312,596.9000244140625,43235500
2016-11-17,590.5,597.0999755859375,585.2000122070312,593.2000122070312,37638900
2016-11-18,607.0,609.4000244140625,596.4000244140625,596.7000122070312,34406600
2016-11-21,596.0999755859375,607.0,593.4000244140625,605.4000244140625,30687600
2016-11-22,599.7000122070312,603.7999877929688,596.7000122070312,601.5999755859375,27379700
2016-11-24,609.0999755859375,613.0,606.0999755859375,609.7999877929688,27218000
2016-11-25,609.9000244140625,618.9000244140625,605.0,612.0,33648500
2016-11-28,600.0,614.9000244140625,590.2999877929688,613.5999755859375,27278400
2016-11-29,603.5999755859375,608.2999877929688,601.5999755859375,605.7000122070312,28328100
2016-11-30,607.2999877929688,614.0999755859375,604.7999877929688,614.0,31502400
2016-12-01,633.0,657.0999755859375,631.0999755859375,650.5,66907600
2016-12-02,650.0,684.5,650.0,682.0,80826700
2016-12-05,674.0,680.7000122070312,664.2000122070312,675.7999877929688,43664600
2016-12-06,695.0,702.5,687.9000244140625,695.9000244140625,40818600
2016-12-07,700.0,709.7999877929688,697.7000122070312,709.2000122070312,40838000
2016-12-08,718.0,735.0,717.4000244140625,735.0,54596600
2016-12-09,747.0,770.9000244140625,736.9000244140625,770.5999755859375,85494200
2016-12-12,782.0,784.0,738.7000122070312,751.2999877929688,94986800
2016-12-13,732.0,753.0,728.7999877929688,743.2999877929688,49685800
2016-12-14,743.0,760.7000122070312,736.2999877929688,756.4000244140625,60070400
2016-12-15,759.0,765.4000244140625,746.2999877929688,749.4000244140625,49831600
2016-12-16,758.0,759.0,744.7000122070312,748.0999755859375,36708500
2016-12-19,739.0,741.7999877929688,731.7999877929688,735.7999877929688,29816500
2016-12-20,730.0,730.9000244140625,708.7999877929688,726.2999877929688,50786000
2016-12-21,727.5,742.7000122070312,716.7000122070312,720.2999877929688,38174400
2016-12-22,716.7999877929688,720.7999877929688,707.7000122070312,718.2999877929688,27748100
2016-12-26,710.5,714.0,705.5,709.4000244140625,17572700
2016-12-27,705.0,715.5,702.0999755859375,705.0,25193200
2016-12-28,710.0999755859375,711.4000244140625,703.0,703.7999877929688,17829500
2016-12-29,693.7000122070312,699.0,684.0,689.5,25939200
2016-12-30,679.9000244140625,691.0999755859375,679.0,689.0999755859375,20466500
2017-01-04,709.0,714.7000122070312,707.0,711.2000122070312,32541100
2017-01-05,712.0999755859375,714.0,702.0,707.7999877929688,20602000
2017-01-06,690.0,700.0,687.0,699.7999877929688,21839800
2017-01-10,695.0999755859375,698.7999877929688,688.5,688.5,18530100
2017-01-11,690.0,701.2000122070312,687.9000244140625,699.4000244140625,20122600
2017-01-12,696.0999755859375,708.4000244140625,692.5,695.9000244140625,28774800
2017-01-13,693.0,703.5,692.9000244140625,703.0999755859375,18399700
2017-01-16,701.5999755859375,702.0,692.2999877929688,696.5999755859375,18831400
2017-01-17,697.0999755859375,697.0999755859375,682.4000244140625,683.2999877929688,24025600
2017-01-18,674.4000244140625,693.0,668.7999877929688,692.2999877929688,24030300
2017-01-19,703.9000244140625,706.0999755859375,699.5999755859375,702.0,21280900
2017-01-20,704.9000244140625,708.0,694.5999755859375,701.2999877929688,17650400
2017-01-23,694.5,701.2999877929688,692.4000244140625,694.7000122070312,14437000
2017-01-24,690.0,691.7999877929688,682.0999755859375,685.5,16852100
2017-01-25,702.9000244140625,704.5,692.2000122070312,695.9000244140625,14804200
2017-01-26,710.0,730.5,709.0,730.2999877929688,37404500
2017-01-27,728.5,735.0,720.5999755859375,725.5,24171100
2017-01-30,728.4000244140625,731.7000122070312,719.0999755859375,722.5999755859375,16794600
2017-01-31,707.0999755859375,714.7000122070312,703.5,703.5,21172700
2017-02-01,700.7000122070312,723.0,698.0,721.2000122070312,32464200
2017-02-02,734.9000244140625,746.7000122070312,721.2000122070312,723.2000122070312,43928900
2017-02-03,735.2999877929688,741.5999755859375,729.9000244140625,732.2000122070312,31357400
2017-02-06,750.0,757.0,740.0999755859375,741.2000122070312,36230100
2017-02-07,733.0,742.9000244140625,728.0,737.0999755859375,19053700
2017-02-08,737.0,745.5999755859375,733.7000122070312,745.4000244140625,14476100
2017-02-09,744.5,744.5999755859375,735.0,741.5999755859375,22019400
2017-02-10,753.9000244140625,764.9000244140625,753.0999755859375,762.2999877929688,38998500
2017-02-13,774.2999877929688,774.4000244140625,754.7999877929688,755.7999877929688,22708500
2017-02-14,761.7999877929688,765.7999877929688,747.0,748.0,23963200
2017-02-15,762.0,765.7999877929688,758.0,761.2000122070312,17058500
2017-02-16,763.0,768.0,757.2999877929688,763.9000244140625,16325200
2017-02-17,756.0999755859375,759.0,747.5999755859375,748.5,16613600
2017-02-20,745.0,751.7000122070312,739.7000122070312,750.0,9505800
2017-02-21,749.7000122070312,756.5999755859375,749.2999877929688,755.0999755859375,10219200
2017-02-22,757.0,757.5,748.5999755859375,750.0,10433700
2017-02-23,748.5,750.0,731.5,739.0,16607600
2017-02-24,732.0,741.2000122070312,726.2000122070312,736.5,11826900
2017-02-27,727.0999755859375,728.4000244140625,716.5999755859375,720.5999755859375,17034000
2017-02-28,723.4000244140625,737.5999755859375,723.4000244140625,729.2999877929688,16367100
2017-03-01,735.9000244140625,743.0,727.0,741.9000244140625,15037100
2017-03-02,760.0,766.0,752.0,753.0999755859375,22753600
2017-03-03,748.0,752.9000244140625,743.2000122070312,748.9000244140625,14642900
2017-03-06,746.5999755859375,748.0,742.0,743.7999877929688,8468600
2017-03-07,744.2999877929688,745.7999877929688,738.0,740.2999877929688,9954400
2017-03-08,737.5,740.4000244140625,732.0,732.5,10218400
2017-03-09,737.0,741.5999755859375,730.2999877929688,740.5,12616700
2017-03-10,752.7999877929688,767.7999877929688,748.5,767.0,31120200
2017-03-13,762.7999877929688,764.5,758.7999877929688,761.0999755859375,13523700
2017-03-14,760.0,760.9000244140625,756.0999755859375,756.2999877929688,8208100
2017-03-15,749.0,756.2999877929688,745.2000122070312,756.0999755859375,11164400
2017-03-16,747.0999755859375,762.5,745.5,757.2999877929688,13091200
2017-03-17,758.7999877929688,759.0,754.0,756.7999877929688,16786300
2017-03-21,749.0,752.7999877929688,743.0,745.7999877929688,11918300
2017-03-22,724.0,727.7000122070312,710.5,712.0,27031900
2017-03-23,713.0,720.9000244140625,709.2999877929688,711.7000122070312,17268500
2017-03-24,712.0,723.2999877929688,711.0999755859375,722.0,13762800
2017-03-27,707.0,709.9000244140625,696.2999877929688,696.4000244140625,21648800
2017-03-28,709.2000122070312,711.4000244140625,704.0,709.7999877929688,19416200
2017-03-29,717.5999755859375,717.7000122070312,705.2000122070312,707.5999755859375,12204200
2017-03-30,703.7000122070312,705.5,696.5,698.0,13703700
2017-03-31,705.0,711.5,691.9000244140625,691.9000244140625,18012600
2017-04-03,691.5,696.2000122070312,685.4000244140625,688.0999755859375,16022000
2017-04-04,680.0,685.0,663.7000122070312,669.5999755859375,26614900
2017-04-05,675.0,678.5999755859375,661.0,668.0,17793000
2017-04-06,659.0,666.5999755859375,650.0,651.7999877929688,19357900
2017-04-07,657.0999755859375,669.7000122070312,652.7000122070312,658.9000244140625,25558100
2017-04-10,656.2999877929688,668.7000122070312,653.4000244140625,665.0999755859375,16147500
2017-04-11,658.2999877929688,664.0,656.7000122070312,663.0999755859375,13053400
2017-04-12,655.0,655.0,647.0,650.0,16024200
2017-04-13,635.7999877929688,644.5,634.0999755859375,641.7000122070312,18506700
2017-04-14,637.0,647.0999755859375,633.4000244140625,642.7000122070312,14421200
2017-04-17,639.7999877929688,647.4000244140625,637.0999755859375,647.4000244140625,10532700
2017-04-18,661.0,669.4000244140625,650.4000244140625,651.2000122070312,15358600
2017-04-19,649.0,655.2999877929688,641.7999877929688,650.2999877929688,14454000
2017-04-20,651.0,660.4000244140625,649.0,653.0,15021100
2017-04-21,670.2000122070312,671.7000122070312,663.5999755859375,669.5,21335600
2017-04-24,679.5,682.4000244140625,667.9000244140625,668.5999755859375,17801100
2017-04-25,669.4000244140625,689.0999755859375,668.9000244140625,688.0,21480400
2017-04-26,696.5999755859375,698.0,691.4000244140625,697.2999877929688,22337800
2017-04-27,694.0,694.4000244140625,685.2000122070312,690.2999877929688,18586500
2017-04-28,699.0999755859375,699.2999877929688,667.2999877929688,669.0,42493400
2017-05-01,672.7999877929688,676.7999877929688,664.0999755859375,668.9000244140625,22709000
2017-05-02,673.5,682.9000244140625,670.2999877929688,681.7999877929688,23119200
2017-05-08,694.0999755859375,708.7000122070312,693.9000244140625,708.7000122070312,35214700
2017-05-09,709.0,709.5999755859375,702.0999755859375,702.9000244140625,18683500
2017-05-10,703.2000122070312,704.7000122070312,695.2000122070312,697.5999755859375,17666600
2017-05-11,702.0999755859375,702.0999755859375,691.7999877929688,699.0,14516300
2017-05-12,695.0,700.2999877929688,691.2999877929688,694.5,12124600
2017-05-15,693.2999877929688,703.2000122070312,687.2000122070312,702.7999877929688,20330100
2017-05-16,708.7999877929688,712.7999877929688,698.0999755859375,701.0999755859375,18433700
2017-05-17,695.0,695.4000244140625,683.4000244140625,684.0999755859375,21878800
2017-05-18,664.0,668.0,654.0999755859375,659.2999877929688,29555600
2017-05-19,663.0999755859375,673.7999877929688,663.0999755859375,671.7000122070312,22716000
2017-05-22,676.0,678.5,671.5,678.0999755859375,9710600
2017-05-23,672.7000122070312,675.7999877929688,668.4000244140625,668.9000244140625,10591000
2017-05-24,675.0,680.7000122070312,675.0,677.0,14928600
2017-05-25,677.0,678.7999877929688,670.0999755859375,670.0999755859375,16540400
2017-05-26,669.7999877929688,675.5,668.7999877929688,669.2999877929688,13093800
2017-05-29,669.2000122070312,672.2999877929688,667.7000122070312,669.0,9029000
2017-05-30,667.7999877929688,670.7999877929688,665.2000122070312,669.4000244140625,9364000
2017-05-31,667.5,667.7999877929688,661.0,663.4000244140625,14389900
2017-06-01,654.9000244140625,665.5,651.5999755859375,662.7000122070312,20077800
2017-06-02,670.0,700.9000244140625,668.5,698.0,37912500
2017-06-05,691.0,693.0,682.2999877929688,685.0,19385100
2017-06-06,682.2999877929688,687.9000244140625,674.0,674.5999755859375,17336700
2017-06-07,674.0,687.5,673.9000244140625,684.7000122070312,17730300
2017-06-08,690.7000122070312,692.2000122070312,678.9000244140625,679.5999755859375,17301400
2017-06-09,679.5999755859375,689.0,678.2999877929688,683.2000122070312,19250700
2017-06-12,683.5999755859375,691.0999755859375,683.4000244140625,685.4000244140625,11975600
2017-06-13,681.2999877929688,686.2999877929688,674.4000244140625,680.5999755859375,12361400
2017-06-14,686.0,686.9000244140625,674.2000122070312,676.0,12416300
2017-06-15,672.5,676.2000122070312,662.0999755859375,664.2000122070312,17202600
2017-06-16,669.5,687.7999877929688,669.4000244140625,683.2999877929688,23326000
2017-06-19,679.0,683.2999877929688,673.0999755859375,680.5,10292100
2017-06-20,698.2000122070312,700.5,686.7999877929688,686.7999877929688,19358600
2017-06-21,682.2000122070312,682.7000122070312,674.0,676.7000122070312,16937400
2017-06-22,677.5,678.5999755859375,673.0,674.5,12246600
2017-06-23,678.2999877929688,679.0,674.5,677.7999877929688,11457400
2017-06-26,675.7000122070312,676.7000122070312,668.0,668.4000244140625,14846200
2017-06-27,672.5999755859375,684.0999755859375,672.0,675.0999755859375,19723800
2017-06-28,668.2000122070312,676.0,668.2000122070312,674.2000122070312,16043000
2017-06-29,689.0,689.5,682.0999755859375,686.0,23077200
2017-06-30,678.0,678.5,669.5,673.4000244140625,24425200
2017-07-03,670.0,673.2999877929688,666.2000122070312,673.0999755859375,15010000
2017-07-04,681.0,681.2999877929688,669.0999755859375,671.0999755859375,16902500
2017-07-05,669.0,671.7000122070312,666.0,671.5,16466600
2017-07-06,669.9000244140625,670.0,665.2000122070312,665.7000122070312,18374300
2017-07-07,660.0,662.5999755859375,656.5,657.0999755859375,21248700
2017-07-10,662.0,664.5,658.0,664.2999877929688,17949800
2017-07-11,662.5999755859375,671.7999877929688,660.5,669.7999877929688,15169600
2017-07-12,669.7999877929688,672.7000122070312,664.5,666.2999877929688,11759600
2017-07-13,669.2000122070312,669.7999877929688,664.2000122070312,665.7000122070312,12446200
2017-07-14,668.0,670.5,667.0999755859375,667.2000122070312,11207500
2017-07-17,667.2000122070312,667.2000122070312,667.2000122070312,667.2000122070312,0
2017-07-18,662.0,667.5,660.0999755859375,667.0999755859375,13412800
2017-07-19,661.0999755859375,662.2999877929688,658.0,660.4000244140625,12380500
2017-07-20,664.2999877929688,671.9000244140625,661.4000244140625,669.4000244140625,15254800
2017-07-21,667.0,668.7999877929688,663.5,666.0999755859375,9104100
2017-07-24,656.0999755859375,659.0,651.2999877929688,655.4000244140625,15422000
2017-07-25,654.7000122070312,658.4000244140625,652.0,654.0999755859375,11636500
2017-07-26,663.0999755859375,672.7000122070312,661.5,663.9000244140625,19483800
2017-07-27,660.0999755859375,662.9000244140625,657.0,659.7000122070312,16273700
2017-07-28,656.0999755859375,657.9000244140625,647.5,650.0999755859375,21434600
2017-07-31,655.0999755859375,662.7999877929688,650.2999877929688,656.7999877929688,23488400
2017-08-01,657.7000122070312,662.5999755859375,656.9000244140625,660.4000244140625,12233200
2017-08-02,664.5,666.7999877929688,653.7000122070312,654.5999755859375,15118400
2017-08-03,654.9000244140625,655.9000244140625,648.5999755859375,652.0,11591300
2017-08-04,648.2000122070312,650.2999877929688,646.2999877929688,648.7999877929688,10615300
2017-08-07,654.0,658.0,653.0999755859375,655.7000122070312,13261600
2017-08-08,655.7000122070312,658.7000122070312,654.0999755859375,655.7999877929688,11736500
2017-08-09,652.5999755859375,656.4000244140625,645.5999755859375,650.2999877929688,17350000
2017-08-10,647.5999755859375,652.0,640.5999755859375,643.2000122070312,15400000
2017-08-11,643.2000122070312,643.2000122070312,643.2000122070312,643.2000122070312,0
2017-08-14,633.0,636.2999877929688,631.2000122070312,634.0,15866700
2017-08-15,640.4000244140625,651.9000244140625,639.5,643.7000122070312,20093400
2017-08-16,644.5999755859375,648.2999877929688,643.7000122070312,645.0,11972400
2017-08-17,643.0,643.2999877929688,637.2999877929688,641.7999877929688,11911200
2017-08-18,631.7000122070312,631.9000244140625,626.7000122070312,629.7999877929688,24188900
2017-08-21,629.7000122070312,629.9000244140625,615.5,617.5999755859375,22263100
2017-08-22,617.5999755859375,625.0,617.0999755859375,623.2000122070312,14380800
2017-08-23,630.2999877929688,632.0,622.5999755859375,623.5999755859375,20553200
2017-08-24,619.0,619.7999877929688,607.2000122070312,607.7999877929688,26520500
2017-08-25,613.0,615.7999877929688,610.0,610.0999755859375,16750500
2017-08-28,610.4000244140625,612.0999755859375,605.5,609.0999755859375,14288700
2017-08-29,602.7999877929688,605.0999755859375,598.0,604.5,20629200
2017-08-30,610.0,612.5,606.7000122070312,607.0999755859375,20148500
2017-08-31,613.5,614.4000244140625,610.2000122070312,612.5,15609200
2017-09-01,615.5999755859375,615.7000122070312,607.0,611.0999755859375,15580600
2017-09-04,609.9000244140625,611.5,602.2999877929688,604.5,17480800
2017-09-05,604.5,605.4000244140625,593.5999755859375,595.4000244140625,24727200
2017-09-06,580.0,581.0999755859375,577.5,579.2999877929688,36682700
2017-09-07,583.2999877929688,583.9000244140625,577.5,577.7000122070312,25115600
2017-09-08,573.9000244140625,576.5999755859375,567.7000122070312,569.5999755859375,28398300
2017-09-11,579.5999755859375,584.7999877929688,577.5,579.9000244140625,25894300
2017-09-12,590.5999755859375,596.2000122070312,586.4000244140625,593.2999877929688,29212600
2017-09-13,600.0,610.7999877929688,599.7999877929688,607.4000244140625,26242300
2017-09-14,605.2999877929688,610.7000122070312,603.2000122070312,603.7999877929688,19499900
2017-09-15,602.0999755859375,618.2999877929688,601.5,614.7999877929688,27521600
2017-09-18,614.7999877929688,614.7999877929688,614.7999877929688,614.7999877929688,0
2017-09-19,632.0,634.2000122070312,627.4000244140625,631.7000122070312,29925200
2017-09-20,632.0,638.4000244140625,630.0999755859375,637.5,20312400
2017-09-21,643.0,645.0,630.0,631.0,33732100
2017-09-22,631.0999755859375,634.7999877929688,626.0999755859375,630.5,20782300
2017-09-25,636.9000244140625,638.7999877929688,633.0999755859375,634.9000244140625,14785100
2017-09-26,632.2000122070312,636.0999755859375,630.5,635.0,16549700
2017-09-27,630.4000244140625,631.9000244140625,627.4000244140625,630.5,9981800
2017-09-28,638.7000122070312,639.9000244140625,629.5,630.4000244140625,14073400
2017-09-29,629.0,631.0999755859375,628.0,630.0,11592000
2017-10-02,631.7999877929688,632.9000244140625,631.0999755859375,632.7999877929688,12968500
2017-10-03,635.0,635.7000122070312,629.2999877929688,635.2000122070312,18151600
2017-10-04,635.7999877929688,637.7999877929688,632.7000122070312,634.2000122070312,18904900
2017-10-05,636.7999877929688,637.5,634.7000122070312,635.2999877929688,14955700
2017-10-06,637.5,650.7000122070312,636.2999877929688,642.5,25935600
2017-10-09,642.5,642.5,642.5,642.5,0
2017-10-10,637.0999755859375,637.7999877929688,625.7999877929688,635.2999877929688,27531300
2017-10-11,635.0,637.2000122070312,631.2000122070312,635.5,16589900
2017-10-12,640.2000122070312,648.0,639.4000244140625,643.5999755859375,28552200
2017-10-13,642.0,650.4000244140625,639.2000122070312,648.5,27627300
2017-10-16,650.9000244140625,663.2999877929688,650.2999877929688,658.0999755859375,28950300
2017-10-17,662.7000122070312,665.5,651.2000122070312,656.2000122070312,22958600
2017-10-18,658.0,660.4000244140625,652.7999877929688,656.9000244140625,13350300
2017-10-19,664.9000244140625,666.4000244140625,658.5,660.0,21005200
2017-10-20,653.0999755859375,659.0,651.0,655.9000244140625,18317000
2017-10-23,667.7000122070312,668.0,660.5999755859375,660.7000122070312,21599800
2017-10-24,657.2999877929688,660.5999755859375,652.7999877929688,656.7999877929688,20489000
2017-10-25,664.9000244140625,667.7000122070312,653.7999877929688,656.7000122070312,26582300
2017-10-26,663.0,677.2000122070312,662.0999755859375,674.7000122070312,39694100
2017-10-27,677.4000244140625,678.9000244140625,671.7000122070312,672.5,30865500
2017-10-30,678.5,678.7000122070312,665.2999877929688,666.9000244140625,49058800
2017-10-31,650.0,652.4000244140625,642.0,648.7999877929688,30937500
2017-11-01,662.2999877929688,662.7000122070312,648.7000122070312,653.0,28252500
2017-11-02,655.9000244140625,658.4000244140625,647.7000122070312,650.7999877929688,22364300
2017-11-03,650.7999877929688,650.7999877929688,650.7999877929688,650.7999877929688,0
2017-11-06,653.0,654.2999877929688,647.4000244140625,648.0,23395200
2017-11-07,647.7000122070312,674.9000244140625,647.2000122070312,671.0,44157300
2017-11-08,674.0,679.9000244140625,669.5999755859375,675.7000122070312,39328000
2017-11-09,680.0,702.2999877929688,669.2000122070312,680.2000122070312,76435300
2017-11-10,670.2000122070312,679.0,667.7999877929688,668.5,34334700
2017-11-13,666.7999877929688,667.0,650.0,651.5999755859375,36600900
2017-11-14,653.0,656.7999877929688,649.2000122070312,652.7000122070312,17802200
2017-11-15,649.0,649.5,634.7000122070312,638.0999755859375,37628700
2017-11-16,637.0,647.5999755859375,634.2000122070312,643.7000122070312,23527700
2017-11-17,651.0,653.0,638.7999877929688,640.2999877929688,24793700
2017-11-20,636.0999755859375,640.2999877929688,630.9000244140625,632.7999877929688,19250600
2017-11-21,637.4000244140625,642.2000122070312,636.5,638.4000244140625,19426700
2017-11-22,639.4000244140625,644.4000244140625,639.0,642.7999877929688,18458500
2017-11-23,642.7999877929688,642.7999877929688,642.7999877929688,642.7999877929688,0
2017-11-24,639.0,645.2000122070312,634.2999877929688,643.2999877929688,15244900
2017-11-27,644.4000244140625,648.2999877929688,642.7000122070312,642.9000244140625,13591500
2017-11-28,642.0,645.5,636.7000122070312,643.7999877929688,19312000
2017-11-29,651.0999755859375,656.7000122070312,648.5999755859375,650.7999877929688,24124500
2017-11-30,653.7999877929688,671.5,653.5999755859375,670.5,38338600
2017-12-01,677.5,678.9000244140625,664.7999877929688,664.9000244140625,23298700
2017-12-04,668.5999755859375,672.7000122070312,665.0,667.4000244140625,16164300
2017-12-05,665.0,678.7000122070312,664.7000122070312,677.9000244140625,24918600
2017-12-06,672.4000244140625,672.9000244140625,656.2999877929688,662.5999755859375,29841700
2017-12-07,667.2000122070312,668.2000122070312,659.4000244140625,661.5,15348100
2017-12-08,659.0,665.7000122070312,658.4000244140625,664.2999877929688,20618500
2017-12-11,665.4000244140625,666.7999877929688,662.0999755859375,663.5,15842700
2017-12-12,663.0999755859375,677.4000244140625,663.0999755859375,671.2000122070312,21481600
2017-12-13,675.0,681.7999877929688,668.5999755859375,672.2999877929688,25750800
2017-12-14,671.0,674.9000244140625,665.2999877929688,667.0,18961300
2017-12-15,663.0999755859375,663.4000244140625,655.0999755859375,656.7999877929688,22117900
2017-12-18,667.0,671.9000244140625,665.4000244140625,668.2000122070312,21763700
2017-12-19,669.0,678.2999877929688,669.0,675.0,23217600
2017-12-20,673.7000122070312,688.0999755859375,671.4000244140625,676.0999755859375,21710400
2017-12-21,674.5,675.2999877929688,670.5999755859375,672.9000244140625,13416100
2017-12-22,672.0,674.5,670.0,670.7000122070312,14697200
2017-12-25,674.5999755859375,675.0,663.5999755859375,667.7999877929688,10561500
2017-12-26,663.0,664.5999755859375,659.2000122070312,660.0999755859375,16958400
2017-12-27,662.5999755859375,673.2000122070312,662.0,668.7000122070312,12951500
2017-12-28,668.5999755859375,669.4000244140625,658.4000244140625,659.5,12345100
2017-12-29,660.5,667.2000122070312,660.4000244140625,665.0999755859375,11438400
2018-01-01,665.0999755859375,665.0999755859375,665.0999755859375,665.0999755859375,0
2018-01-02,665.0999755859375,665.0999755859375,665.0999755859375,665.0999755859375,0
2018-01-03,665.0999755859375,665.0999755859375,665.0999755859375,665.0999755859375,0
2018-01-04,676.9000244140625,686.2000122070312,674.7000122070312,686.0999755859375,30998900
2018-01-05,695.4000244140625,710.0,692.2000122070312,710.0,47113200
2018-01-08,710.0,710.0,710.0,710.0,0
2018-01-09,720.7999877929688,728.7000122070312,714.0,718.4000244140625,38390900
2018-01-10,718.0999755859375,727.7000122070312,717.0999755859375,724.7000122070312,23851800
2018-01-11,717.7000122070312,731.9000244140625,716.0999755859375,731.2999877929688,24630800
2018-01-12,732.5,735.0,726.2000122070312,728.0,17847800
2018-01-15,736.0,744.5999755859375,734.9000244140625,740.0999755859375,21259900
2018-01-16,740.5,745.7999877929688,738.0999755859375,739.5,15658700
2018-01-17,729.5,742.4000244140625,729.0999755859375,737.0999755859375,21279100
2018-01-18,747.0,748.9000244140625,729.2999877929688,730.4000244140625,22313100
2018-01-19,734.0,737.0,728.0999755859375,734.2000122070312,17313000
2018-01-22,744.7000122070312,753.7000122070312,735.7000122070312,739.5,29073900
2018-01-23,740.7000122070312,751.0999755859375,736.7999877929688,748.0999755859375,22694100
2018-01-24,749.0999755859375,756.5,744.2999877929688,746.7999877929688,24211900
2018-01-25,740.0,740.5,732.4000244140625,733.7000122070312,21245300
2018-01-26,737.4000244140625,738.0,725.0999755859375,726.5,17142800
2018-01-29,728.2000122070312,730.9000244140625,721.7999877929688,722.4000244140625,14968300
2018-01-30,722.4000244140625,724.5,708.2999877929688,712.0,39226400
2018-01-31,703.5,721.9000244140625,701.0999755859375,707.5,30307800
2018-02-01,718.5,728.0999755859375,711.0999755859375,726.5999755859375,27266400
2018-02-02,718.2999877929688,721.2000122070312,697.5999755859375,705.5999755859375,39844400
2018-02-05,691.0,703.2999877929688,690.9000244140625,694.7999877929688,29228500
2018-02-06,660.0,666.4000244140625,645.5999755859375,662.5999755859375,49507800
2018-02-07,677.7000122070312,680.2999877929688,656.7000122070312,657.0,34226100
2018-02-08,662.9000244140625,666.7999877929688,653.4000244140625,661.7000122070312,22463700
2018-02-09,642.0999755859375,650.5999755859375,636.2999877929688,650.0999755859375,24163900
2018-02-12,650.0999755859375,650.0999755859375,650.0999755859375,650.0999755859375,0
2018-02-13,663.0,669.7999877929688,646.4000244140625,648.7999877929688,29507600
2018-02-14,652.0,663.7999877929688,640.0,645.0999755859375,22967600
2018-02-15,659.2999877929688,661.5999755859375,651.7000122070312,656.2999877929688,20827100
2018-02-16,658.2000122070312,662.5,656.0999755859375,656.7999877929688,13874700
2018-02-19,660.2000122070312,666.5,658.7999877929688,666.4000244140625,15943300
2018-02-20,662.9000244140625,665.9000244140625,656.0999755859375,665.5,15223900
2018-02-21,664.7999877929688,665.0,648.4000244140625,653.0,25166600
2018-02-22,648.0999755859375,652.0,643.2999877929688,646.2000122070312,17989400
2018-02-23,647.5999755859375,657.4000244140625,646.4000244140625,656.4000244140625,15436600
2018-02-26,665.4000244140625,669.2000122070312,662.4000244140625,666.0,17176300
2018-02-27,667.5999755859375,681.2000122070312,667.5999755859375,672.9000244140625,16817900
2018-02-28,669.9000244140625,673.7999877929688,659.5,659.5999755859375,19002500
2018-03-01,656.2000122070312,658.2000122070312,648.7999877929688,651.7999877929688,15983800
2018-03-02,641.0,644.0999755859375,637.2999877929688,639.7000122070312,20648300
2018-03-05,635.0,635.9000244140625,626.0,632.0,17998100
2018-03-06,644.0,649.2999877929688,630.5,632.0999755859375,15615200
2018-03-07,632.2000122070312,642.0,629.2999877929688,634.5,16643700
2018-03-08,637.0999755859375,638.7999877929688,634.5999755859375,635.2000122070312,12861100
2018-03-09,636.2999877929688,645.7000122070312,629.7000122070312,631.7999877929688,21681100
2018-03-12,642.0,645.5,639.0,643.7000122070312,17831600
2018-03-13,641.0999755859375,645.0,637.2000122070312,644.5999755859375,12723100
2018-03-14,638.2999877929688,643.7000122070312,637.2999877929688,641.0999755859375,9961200
2018-03-15,637.5999755859375,638.2000122070312,630.5,637.0,16517800
2018-03-16,638.2000122070312,638.4000244140625,634.7000122070312,635.0,12296200
2018-03-19,633.5,635.2999877929688,625.7000122070312,628.5999755859375,10617100
2018-03-20,625.0,633.7999877929688,624.2999877929688,630.7000122070312,12231900
2018-03-21,630.7000122070312,630.7000122070312,630.7000122070312,630.7000122070312,0
2018-03-22,624.0,626.9000244140625,618.7999877929688,624.9000244140625,22324500
2018-03-23,614.5,614.5999755859375,606.0999755859375,608.5,25764100
2018-03-26,598.5,603.5999755859375,589.2999877929688,603.5,26732300
2018-03-27,610.0,618.4000244140625,607.0,615.5,23652500
2018-03-28,598.9000244140625,611.2000122070312,596.7999877929688,610.5999755859375,19716900
2018-03-29,613.5,617.5,604.4000244140625,611.2000122070312,17528200
2018-03-30,617.4000244140625,621.2000122070312,612.2999877929688,615.2999877929688,12347600
2018-04-02,613.5999755859375,620.2999877929688,613.5,614.4000244140625,8523200
2018-04-03,607.0999755859375,614.0999755859375,601.5999755859375,612.7000122070312,11873300
2018-04-04,612.7000122070312,612.7000122070312,603.5,608.7000122070312,15215300
2018-04-05,614.2000122070312,620.0999755859375,609.4000244140625,618.0999755859375,17668100
2018-04-06,619.0,622.5999755859375,616.0,616.2999877929688,13861900
2018-04-09,615.0999755859375,619.9000244140625,612.4000244140625,618.5,10412000
2018-04-10,615.5,624.4000244140625,611.5999755859375,621.0999755859375,11178600
2018-04-11,629.7999877929688,637.0999755859375,625.5,634.5999755859375,23102200
2018-04-12,635.0,636.2000122070312,628.7000122070312,630.4000244140625,10245100
2018-04-13,637.5,645.2999877929688,636.9000244140625,639.7999877929688,15312100
2018-04-16,635.5,638.2000122070312,631.7999877929688,635.4000244140625,10571100
2018-04-17,633.7000122070312,635.0999755859375,625.5,629.5,9366400
2018-04-18,626.0,634.2999877929688,622.5999755859375,632.7000122070312,15670900
2018-04-19,632.0,645.0,632.0,636.4000244140625,16184600
2018-04-20,636.4000244140625,639.4000244140625,633.2999877929688,636.9000244140625,8846900
2018-04-23,637.0,643.0999755859375,635.0,642.5,10650800
2018-04-24,650.0,650.0,643.2999877929688,645.5999755859375,16120200
2018-04-25,639.4000244140625,642.2999877929688,636.2000122070312,641.9000244140625,17058600
2018-04-26,641.9000244140625,643.2999877929688,638.9000244140625,641.4000244140625,15704600
2018-04-27,630.2000122070312,639.0999755859375,627.7999877929688,632.0999755859375,26467700
2018-04-30,632.0999755859375,632.0999755859375,632.0999755859375,632.0999755859375,0
2018-05-01,635.0,635.2999877929688,619.5999755859375,621.2999877929688,18997200
2018-05-02,618.0,620.0999755859375,615.2000122070312,616.7000122070312,17187900
2018-05-03,616.7000122070312,616.7000122070312,616.7000122070312,616.7000122070312,0
2018-05-04,616.7000122070312,616.7000122070312,616.7000122070312,616.7000122070312,0
2018-05-07,611.2999877929688,613.5,597.4000244140625,603.4000244140625,28638700
2018-05-08,605.9000244140625,609.5999755859375,603.5999755859375,606.5,13657600
2018-05-09,602.0,605.5,598.2000122070312,604.0,17245700
2018-05-10,610.2000122070312,611.2999877929688,605.5,610.0,10319100
2018-05-11,609.7999877929688,612.0999755859375,605.7999877929688,611.4000244140625,10760800
2018-05-14,610.0,619.5,608.0,617.2000122070312,11658900
2018-05-15,618.0,620.7999877929688,615.2999877929688,615.5,10984600
2018-05-16,610.0,615.5999755859375,609.5,613.0999755859375,12497400
2018-05-17,609.7999877929688,614.4000244140625,609.2000122070312,612.0,14443300
2018-05-18,612.0999755859375,613.7999877929688,610.0999755859375,611.5,10733400
2018-05-21,610.5999755859375,613.7000122070312,610.0,612.0,7786500
2018-05-22,612.0,612.0,607.5,608.4000244140625,9212100
2018-05-23,605.0999755859375,607.2999877929688,601.0,602.7999877929688,12007600
2018-05-24,601.0999755859375,602.7000122070312,590.7999877929688,592.9000244140625,19274300
2018-05-25,592.9000244140625,592.9000244140625,587.0,587.0,18094600
2018-05-28,586.9000244140625,588.5,579.7000122070312,583.4000244140625,14385900
2018-05-29,582.0,582.7000122070312,575.2999877929688,577.0999755859375,12006100
2018-05-30,566.0,566.9000244140625,561.7999877929688,565.0999755859375,21026900
2018-05-31,570.0,571.4000244140625,562.4000244140625,564.0999755859375,26117500
2018-06-01,565.0,575.2000122070312,562.5,571.2999877929688,17805500
2018-06-04,575.2999877929688,582.2999877929688,574.2000122070312,578.7000122070312,13356300
2018-06-05,582.0999755859375,582.0999755859375,575.2000122070312,575.5,13445200
2018-06-06,575.0,577.9000244140625,573.4000244140625,573.7999877929688,10414100
2018-06-07,577.0,583.2999877929688,575.2000122070312,581.7999877929688,15012500
2018-06-08,581.7999877929688,583.0,575.0999755859375,575.0999755859375,14020500
2018-06-11,573.5,575.0999755859375,569.2999877929688,573.0,12347300
2018-06-12,578.2000122070312,578.5,572.9000244140625,573.5,10402200
2018-06-13,573.5999755859375,575.9000244140625,571.0999755859375,573.2999877929688,10591500
2018-06-14,571.0,573.2999877929688,568.5,570.4000244140625,13126500
2018-06-15,570.0,571.9000244140625,563.9000244140625,566.2000122070312,16863500
2018-06-18,562.2999877929688,562.7999877929688,553.0999755859375,557.4000244140625,14269300
2018-06-19,553.2999877929688,555.9000244140625,545.7000122070312,546.9000244140625,16039800
2018-06-20,544.0,550.0,538.2000122070312,547.7000122070312,16833700
2018-06-21,545.0,545.4000244140625,539.4000244140625,540.9000244140625,12434000
2018-06-22,537.0,538.7000122070312,530.9000244140625,538.4000244140625,18374300
2018-06-25,544.7999877929688,546.5,538.2000122070312,540.2000122070312,14050600
2018-06-26,532.0,545.0999755859375,532.0,540.5999755859375,15822000
2018-06-27,540.0,540.7000122070312,533.4000244140625,539.5,11967500
2018-06-28,533.0999755859375,536.2999877929688,531.7000122070312,534.5,15399400
2018-06-29,534.5999755859375,538.9000244140625,530.0999755859375,538.2000122070312,16181600
2018-07-02,533.9000244140625,542.2000122070312,532.0,532.9000244140625,11740700
2018-07-03,533.5,534.7999877929688,529.5999755859375,533.2999877929688,12228700
2018-07-04,530.7000122070312,533.7000122070312,528.5999755859375,530.4000244140625,9883500
2018-07-05,529.4000244140625,530.0,524.7000122070312,527.0999755859375,12032100
2018-07-06,527.0,533.4000244140625,525.5999755859375,528.9000244140625,12385100
2018-07-09,530.5,539.4000244140625,529.4000244140625,536.5,12345400
2018-07-10,539.9000244140625,545.0,538.2000122070312,541.0,13621100
2018-07-11,536.2000122070312,538.2000122070312,528.0,535.2000122070312,15034500
2018-07-12,538.4000244140625,538.5999755859375,532.5999755859375,533.0,9942100
2018-07-13,537.7999877929688,545.5,535.2999877929688,542.2999877929688,15878200
2018-07-16,542.2999877929688,542.2999877929688,542.2999877929688,542.2999877929688,0
2018-07-17,545.0,552.9000244140625,543.5,547.7000122070312,15647000
2018-07-18,553.5,553.9000244140625,545.7000122070312,546.9000244140625,9101000
2018-07-19,549.0,557.4000244140625,548.5999755859375,553.5,14555300
2018-07-20,549.5999755859375,552.0999755859375,544.5999755859375,547.4000244140625,13015400
2018-07-23,547.2000122070312,561.5,546.7999877929688,554.0999755859375,14043000
2018-07-24,559.5999755859375,559.9000244140625,554.2999877929688,556.5,9122400
2018-07-25,558.7999877929688,562.5,555.7999877929688,560.2999877929688,11402800
2018-07-26,563.9000244140625,565.0,558.0999755859375,559.4000244140625,13743200
2018-07-27,528.0,535.7999877929688,522.5999755859375,527.0,59305400
2018-07-30,526.2999877929688,532.7999877929688,525.0,529.0,19883600
2018-07-31,533.2999877929688,536.0,528.5,528.5,23249800
2018-08-01,528.5,534.9000244140625,527.0999755859375,533.0,15940300
2018-08-02,527.0,531.2000122070312,524.0999755859375,525.5999755859375,19368500
2018-08-03,525.0,525.0,515.5999755859375,519.0,21626400
2018-08-06,521.5,523.2999877929688,518.2999877929688,519.4000244140625,13582000
2018-08-07,518.2999877929688,521.7000122070312,517.0999755859375,521.2999877929688,10846500
2018-08-08,520.0,523.7999877929688,519.5999755859375,520.0999755859375,12261100
2018-08-09,519.0,519.2000122070312,515.9000244140625,518.0,8889200
2018-08-10,518.2999877929688,519.9000244140625,512.0999755859375,513.0,14981600
2018-08-13,507.2999877929688,507.5,499.3999938964844,502.1000061035156,19034300
2018-08-14,503.5,503.6000061035156,500.1000061035156,502.1000061035156,11474800
2018-08-15,504.0,505.6000061035156,498.0,500.3999938964844,11147600
2018-08-16,498.0,501.2999877929688,492.8999938964844,500.2999877929688,14846900
2018-08-17,506.6000061035156,508.3999938964844,502.0,506.8999938964844,10800500
2018-08-20,503.1000061035156,509.1000061035156,503.0,507.7999877929688,6787300
2018-08-21,506.8999938964844,510.3999938964844,503.7999877929688,508.2000122070313,8733900
2018-08-22,505.1000061035156,513.2000122070312,504.0,510.0,8910800
2018-08-23,509.0,513.5999755859375,507.1000061035156,507.8999938964844,8563700
2018-08-24,510.8999938964844,514.4000244140625,506.7000122070313,507.7999877929688,10637200
2018-08-27,510.0,512.9000244140625,508.3999938964844,510.1000061035156,8299500
2018-08-28,514.5,519.7000122070312,512.7000122070312,513.0,12147400
2018-08-29,514.0,520.7000122070312,514.0,518.0,11803100
2018-08-30,518.2000122070312,518.7000122070312,513.0999755859375,514.0999755859375,16447100
2018-08-31,508.0,510.6000061035156,504.7999877929688,508.5,16268300
2018-09-03,508.6000061035156,512.4000244140625,507.2999877929688,507.8999938964844,10048900
2018-09-04,510.0,513.5,508.7999877929688,511.2999877929688,11933900
2018-09-05,511.7000122070313,516.9000244140625,511.1000061035156,511.7000122070313,14868200
2018-09-06,511.7000122070313,513.2000122070312,509.2000122070313,510.5,11499000
2018-09-07,507.6000061035156,509.2999877929688,503.1000061035156,507.2000122070313,13713900
2018-09-10,505.2999877929688,511.7000122070313,504.1000061035156,509.6000061035156,12470600
2018-09-11,511.2999877929688,515.7000122070312,510.3999938964844,514.2000122070312,13430400
2018-09-12,513.0999755859375,515.5,508.2999877929688,511.2000122070313,12672600
2018-09-13,511.1000061035156,518.7000122070312,510.7999877929688,515.4000244140625,14800300
2018-09-14,518.0,525.5,517.7000122070312,522.5999755859375,18733900
2018-09-17,522.5999755859375,522.5999755859375,522.5999755859375,522.5999755859375,0
2018-09-18,525.0,536.2000122070312,524.9000244140625,534.4000244140625,21473000
2018-09-19,542.2999877929688,548.7999877929688,541.0,541.7000122070312,20334800
2018-09-20,549.7999877929688,554.4000244140625,535.0,551.0,24978200
2018-09-21,555.0,557.9000244140625,553.0999755859375,556.2000122070312,20311200
2018-09-24,556.2000122070312,556.2000122070312,556.2000122070312,556.2000122070312,0
2018-09-25,557.9000244140625,561.9000244140625,552.5,553.7999877929688,23258200
2018-09-26,546.0,546.2999877929688,539.0999755859375,545.2999877929688,20388200
2018-09-27,540.2999877929688,545.7999877929688,539.5999755859375,541.7999877929688,13190800
2018-09-28,547.0,551.9000244140625,542.7000122070312,542.7000122070312,21293300
2018-10-01,543.4000244140625,550.2999877929688,542.2999877929688,550.0,16313900
2018-10-02,555.5,556.5999755859375,550.2000122070312,551.2999877929688,19546300
2018-10-03,550.5,554.7999877929688,544.2999877929688,546.0999755859375,16686400
2018-10-04,549.0999755859375,558.2999877929688,549.0,554.0,22324500
2018-10-05,554.0,565.9000244140625,554.0,562.4000244140625,24349100
2018-10-08,562.4000244140625,562.4000244140625,562.4000244140625,562.4000244140625,0
2018-10-09,558.0,563.9000244140625,552.2000122070312,557.2999877929688,19726800
2018-10-10,560.0,563.4000244140625,557.7000122070312,560.0999755859375,16219000
2018-10-11,540.0999755859375,543.0,532.5,538.5999755859375,31406800
2018-10-12,535.9000244140625,538.7999877929688,532.7000122070312,538.0999755859375,17855800
2018-10-15,534.0999755859375,534.7999877929688,531.0,531.0,14375700
2018-10-16,532.2999877929688,538.5999755859375,531.7000122070312,537.4000244140625,13922700
2018-10-17,550.0,555.9000244140625,548.0999755859375,554.5,22564000
2018-10-18,558.0,560.2999877929688,556.0,557.2000122070312,17569300
2018-10-19,550.0,552.7000122070312,547.0,551.9000244140625,14661200
2018-10-22,549.0,556.5999755859375,546.4000244140625,555.0,11620000
2018-10-23,551.5,553.0999755859375,541.2000122070312,541.4000244140625,17555600
2018-10-24,548.7000122070312,550.9000244140625,538.0,541.5,16026400
2018-10-25,527.7999877929688,529.4000244140625,522.0999755859375,525.0,23424400
2018-10-26,533.0,533.9000244140625,524.4000244140625,528.0,18978000
2018-10-29,532.5999755859375,536.7999877929688,530.0,530.2000122070312,16171300
2018-10-30,525.5,535.5999755859375,524.9000244140625,529.0,37023700
2018-10-31,534.9000244140625,548.2999877929688,530.7999877929688,547.5,23414500
2018-11-01,525.0,526.5,511.2999877929688,520.7999877929688,31477300
2018-11-02,522.2000122070312,526.9000244140625,512.5,525.0,25626500
2018-11-05,525.0999755859375,533.5999755859375,522.2000122070312,529.5999755859375,15468000
2018-11-06,529.5999755859375,542.0,527.5,538.5,14371400
2018-11-07,533.7000122070312,541.2000122070312,520.7999877929688,524.4000244140625,21783200
2018-11-08,534.4000244140625,535.7999877929688,527.5999755859375,527.9000244140625,14607300
2018-11-09,528.2000122070312,533.7999877929688,526.7000122070312,529.5999755859375,9782800
2018-11-12,526.7000122070312,529.2999877929688,524.4000244140625,528.0,7006400
2018-11-13,520.0,520.2999877929688,511.1000061035156,517.0,15169300
2018-11-14,517.0999755859375,521.9000244140625,515.0,518.2000122070312,11398300
2018-11-15,512.7000122070312,514.9000244140625,510.1000061035156,514.2000122070312,12615900
2018-11-16,511.5,520.7000122070312,510.6000061035156,511.3999938964844,14213700
2018-11-19,511.1000061035156,517.7000122070312,506.8999938964844,509.3999938964844,13256900
2018-11-20,505.5,516.2000122070312,505.5,512.7000122070312,13446900
2018-11-21,505.3999938964844,511.0,504.1000061035156,509.1000061035156,14225800
2018-11-22,510.0,513.4000244140625,507.8999938964844,510.7000122070313,9964900
2018-11-23,510.7000122070313,510.7000122070313,510.7000122070313,510.7000122070313,0
2018-11-26,507.1000061035156,512.5,505.1000061035156,511.6000061035156,10066500
2018-11-27,518.2999877929688,520.4000244140625,513.7999877929688,514.0999755859375,12841500
2018-11-28,515.4000244140625,519.4000244140625,514.2000122070312,517.4000244140625,10885700
2018-11-29,519.0,522.0,518.0999755859375,519.5,11013200
2018-11-30,518.2999877929688,519.0999755859375,511.2000122070313,511.3999938964844,16426900
2018-12-03,514.7999877929688,520.9000244140625,513.0999755859375,516.4000244140625,14902200
2018-12-04,515.4000244140625,516.0,498.5,500.6000061035156,25289300
2018-12-05,489.1000061035156,489.3999938964844,482.3999938964844,484.2000122070313,22505200
2018-12-06,484.0,486.0,470.0,471.8999938964844,25221900
2018-12-07,475.0,476.7999877929688,468.5,472.2999877929688,17961300
2018-12-10,461.7000122070313,461.8999938964844,455.2000122070313,455.3999938964844,22835600
2018-12-11,455.0,456.2999877929688,447.1000061035156,449.7999877929688,20992900
2018-12-12,454.7000122070313,464.2999877929688,454.0,460.7000122070313,21735100
2018-12-13,464.5,471.6000061035156,462.2000122070313,469.0,19089200
2018-12-14,472.0,473.5,459.8999938964844,461.2000122070313,22025500
2018-12-17,460.0,465.3999938964844,459.7999877929688,461.7999877929688,13668300
2018-12-18,454.3999938964844,461.7000122070313,453.0,459.1000061035156,14811400
2018-12-19,452.0,452.0,443.7999877929688,444.2000122070313,18213300
2018-12-20,436.2999877929688,437.7999877929688,414.2999877929688,416.7999877929688,33441400
2018-12-21,419.1000061035156,423.1000061035156,409.1000061035156,415.3999938964844,35934400
2018-12-24,415.3999938964844,415.3999938964844,415.3999938964844,415.3999938964844,0
2018-12-25,396.0,405.2000122070313,393.0,399.5,24505300
2018-12-26,405.0,410.6000061035156,399.8999938964844,405.1000061035156,15330400
2018-12-27,425.5,426.2999877929688,418.0,422.6000061035156,16998900
2018-12-28,416.7000122070313,423.2000122070313,414.2000122070313,420.7999877929688,14754800
2018-12-31,420.7999877929688,420.7999877929688,420.7999877929688,420.7999877929688,0
2019-01-04,412.7999877929688,425.0,411.0,423.2000122070313,19498600
2019-01-07,437.2000122070313,439.6000061035156,428.6000061035156,429.5,15602600
2019-01-08,429.7000122070313,438.8999938964844,429.5,434.0,13865000
2019-01-09,438.5,442.8999938964844,434.7999877929688,435.7000122070313,11659700
2019-01-10,432.6000061035156,436.7000122070313,428.3999938964844,435.2999877929688,12519200
2019-01-11,437.3999938964844,438.7000122070313,433.5,437.8999938964844,11556100
2019-01-15,441.5,454.1000061035156,440.0,450.0,14679500
2019-01-16,445.3999938964844,446.0,433.1000061035156,437.7000122070313,16844900
2019-01-17,451.0,457.1000061035156,446.6000061035156,455.5,17202700
2019-01-18,454.0,460.2999877929688,451.6000061035156,457.2000122070313,11358800
2019-01-21,461.7000122070313,464.7999877929688,459.7000122070313,459.7999877929688,9002500
2019-01-22,460.7999877929688,462.2999877929688,452.8999938964844,454.7999877929688,7724400
2019-01-23,452.0,456.7999877929688,450.8999938964844,453.1000061035156,8275700
2019-01-24,450.6000061035156,457.8999938964844,450.6000061035156,457.8999938964844,7014600
2019-01-25,454.7000122070313,457.8999938964844,450.7000122070313,455.2999877929688,13648800
2019-01-28,455.2999877929688,456.5,451.5,452.2999877929688,9831500
2019-01-29,446.0,449.5,442.1000061035156,442.1000061035156,14276200
2019-01-30,445.2000122070313,447.6000061035156,434.2999877929688,436.3999938964844,27094600
2019-01-31,442.1000061035156,451.2999877929688,438.7000122070313,441.8999938964844,16876800
2019-02-01,414.7000122070313,427.7999877929688,414.2999877929688,424.1000061035156,28753900
2019-02-04,430.1000061035156,443.3999938964844,429.2000122070313,442.2000122070313,16047600
2019-02-05,442.2000122070313,443.7000122070313,437.2999877929688,439.2999877929688,10491300
2019-02-06,440.0,446.2999877929688,439.0,442.7000122070313,8332100
2019-02-07,441.1000061035156,443.3999938964844,433.2999877929688,434.5,10758300
2019-02-08,428.1000061035156,429.8999938964844,421.2000122070313,421.2000122070313,13804600
2019-02-12,422.2000122070313,439.0,419.2000122070313,436.7000122070313,14570900
2019-02-13,438.7999877929688,451.0,438.6000061035156,445.2000122070313,16038000
2019-02-14,446.2999877929688,448.8999938964844,440.5,440.8999938964844,12045400
2019-02-15,436.3999938964844,436.7999877929688,428.7000122070313,431.6000061035156,11040000
2019-02-18,444.5,449.7000122070313,442.3999938964844,447.7000122070313,14632100
2019-02-19,446.0,451.3999938964844,445.6000061035156,450.2999877929688,11753100
2019-02-20,447.1000061035156,449.0,442.1000061035156,442.7999877929688,12102300
2019-02-21,441.0,446.6000061035156,437.3999938964844,445.5,10584300
2019-02-22,441.6000061035156,443.2999877929688,437.6000061035156,438.5,7411600
2019-02-25,444.8999938964844,446.0,441.6000061035156,443.6000061035156,8659300
2019-02-26,441.7999877929688,443.0,437.2000122070313,439.8999938964844,7706400
2019-02-27,440.7000122070313,446.2000122070313,439.3999938964844,439.7000122070313,11550500
2019-02-28,437.5,437.6000061035156,429.2999877929688,430.6000061035156,16145100
2019-03-01,435.0,436.2000122070313,430.6000061035156,435.2999877929688,12897600
2019-03-04,437.8999938964844,440.3999938964844,435.2999877929688,437.3999938964844,8640100
2019-03-05,436.2000122070313,437.2000122070313,434.0,436.3999938964844,6129700
2019-03-06,434.3999938964844,436.0,433.3999938964844,435.0,6549200
2019-03-07,430.0,430.0,425.1000061035156,425.5,10246500
2019-03-08,420.3999938964844,423.3999938964844,411.6000061035156,412.2000122070313,16396900
2019-03-11,410.7000122070313,414.7000122070313,408.2999877929688,411.1000061035156,6830200
2019-03-12,413.0,425.2999877929688,411.2999877929688,422.3999938964844,9051300
2019-03-13,417.1000061035156,421.3999938964844,408.3999938964844,410.7999877929688,9607600
2019-03-14,414.5,421.2000122070313,413.7999877929688,414.3999938964844,9218100
2019-03-15,411.7999877929688,416.2000122070313,410.8999938964844,413.8999938964844,16453200
2019-03-18,418.7000122070313,419.3999938964844,414.7999877929688,418.2999877929688,4711400
2019-03-19,417.5,420.3999938964844,416.0,420.2000122070313,6303500
2019-03-20,416.3999938964844,418.1000061035156,408.7999877929688,409.8999938964844,18591800
2019-03-22,413.0,414.1000061035156,409.2999877929688,411.6000061035156,13608700
2019-03-25,404.3999938964844,404.7999877929688,397.2000122070313,398.6000061035156,11393000
2019-03-26,400.2000122070313,406.7999877929688,399.7000122070313,405.2999877929688,11656600
2019-03-27,403.3999938964844,407.3999938964844,399.2000122070313,405.1000061035156,11568700
2019-03-28,402.0,402.8999938964844,394.7000122070313,399.1000061035156,9408400
2019-03-29,403.1000061035156,403.8999938964844,398.6000061035156,400.2000122070313,12031000
2019-04-01,408.0,414.1000061035156,407.1000061035156,409.2000122070313,10094700
2019-04-02,416.5,418.0,412.8999938964844,417.2999877929688,9728100
2019-04-03,416.8999938964844,426.1000061035156,416.1000061035156,424.2000122070313,10526000
2019-04-04,426.0,428.7999877929688,418.2999877929688,420.3999938964844,7531000
2019-04-05,422.8999938964844,426.6000061035156,418.5,419.5,10053500
2019-04-08,419.0,420.2000122070313,414.6000061035156,415.2000122070313,6704600
2019-04-09,408.0,411.2999877929688,406.2999877929688,408.6000061035156,9155000
2019-04-10,404.7000122070313,410.7000122070313,404.2999877929688,409.8999938964844,7472500
2019-04-11,408.7000122070313,413.1000061035156,406.5,412.6000061035156,8658800
2019-04-12,416.0,421.5,411.8999938964844,420.0,13390200
2019-04-15,426.0,430.2999877929688,424.5,427.5,13421300
2019-04-16,425.3999938964844,428.2999877929688,423.7000122070313,427.5,9584800
2019-04-17,430.0,445.6000061035156,429.2999877929688,444.2999877929688,18879800
2019-04-18,443.0,445.1000061035156,438.6000061035156,439.1000061035156,13243000
2019-04-19,440.1000061035156,442.2000122070313,433.1000061035156,436.0,9075600
2019-04-22,433.0,436.1000061035156,431.1000061035156,432.2000122070313,7803900
2019-04-23,436.7000122070313,439.6000061035156,434.2999877929688,436.7999877929688,9334700
2019-04-24,431.5,432.2999877929688,416.6000061035156,417.7000122070313,21626500
2019-04-25,417.7000122070313,418.3999938964844,411.6000061035156,416.7999877929688,13777500
2019-04-26,408.7999877929688,422.7999877929688,406.7999877929688,417.7999877929688,21101200
2019-05-07,418.5,420.2999877929688,407.3999938964844,409.1000061035156,16498700
2019-05-08,403.0,403.0,394.0,395.1000061035156,19990600
2019-05-09,396.1000061035156,396.6000061035156,386.0,386.2000122070313,20379800
2019-05-10,387.0,389.7999877929688,380.3999938964844,382.1000061035156,18888400
2019-05-13,380.0,381.3999938964844,375.0,375.6000061035156,13132700
2019-05-14,369.0,373.6000061035156,364.6000061035156,373.0,16955800
2019-05-15,373.2000122070313,375.6000061035156,366.5,370.1000061035156,12736000
2019-05-16,368.1000061035156,369.7000122070313,356.6000061035156,357.79998779296875,15904900
2019-05-17,353.70001220703125,359.0,349.0,355.6000061035156,22173200
2019-05-20,358.3999938964844,362.2000122070313,351.8999938964844,356.0,11319200
2019-05-21,353.6000061035156,356.6000061035156,350.5,355.6000061035156,13379600
2019-05-22,357.29998779296875,359.70001220703125,351.20001220703125,351.3999938964844,12670400
2019-05-23,350.20001220703125,352.0,345.70001220703125,347.70001220703125,15952500
2019-05-24,345.3999938964844,354.6000061035156,340.70001220703125,354.6000061035156,22544300
2019-05-27,350.0,355.8999938964844,345.29998779296875,354.29998779296875,11897400
2019-05-28,352.79998779296875,360.2999877929688,352.0,355.29998779296875,20548000
2019-05-29,351.5,351.79998779296875,344.70001220703125,350.3999938964844,14909700
2019-05-30,346.70001220703125,354.1000061035156,346.5,353.6000061035156,11344800
2019-05-31,348.6000061035156,349.3999938964844,342.20001220703125,342.29998779296875,16046600
2019-06-03,336.5,337.79998779296875,330.70001220703125,332.29998779296875,16815500
2019-06-04,332.29998779296875,338.29998779296875,331.70001220703125,337.1000061035156,15060900
2019-06-05,345.0,350.0,341.0,350.0,16474000
2019-06-06,345.5,348.6000061035156,344.20001220703125,345.8999938964844,11804400
2019-06-07,346.1000061035156,351.0,343.3999938964844,350.79998779296875,12518200
2019-06-10,355.0,355.0,351.29998779296875,352.6000061035156,10663100
2019-06-11,354.79998779296875,365.7999877929688,353.20001220703125,365.7999877929688,17130400
2019-06-12,360.1000061035156,363.0,358.70001220703125,359.79998779296875,11685800
2019-06-13,355.0,359.1000061035156,348.3999938964844,351.1000061035156,15967200
2019-06-14,349.20001220703125,352.20001220703125,347.1000061035156,351.3999938964844,10880800
2019-06-17,351.6000061035156,352.6000061035156,348.20001220703125,348.70001220703125,7396500
2019-06-18,347.0,349.20001220703125,341.0,341.5,11594400
2019-06-19,365.5,377.5,365.2000122070313,377.5,48581700
2019-06-20,377.5,382.2999877929688,371.0,379.0,24541100
2019-06-21,376.2000122070313,380.5,373.0,378.2999877929688,27168800
2019-06-24,376.6000061035156,380.8999938964844,375.8999938964844,379.2999877929688,11614800
2019-06-25,382.7999877929688,382.8999938964844,370.8999938964844,373.5,16722600
2019-06-26,373.2999877929688,374.0,369.2999877929688,372.7999877929688,11375400
2019-06-27,376.0,385.3999938964844,375.3999938964844,385.2000122070313,17952400
2019-06-28,381.1000061035156,382.1000061035156,376.5,379.3999938964844,17689800
2019-07-01,386.2999877929688,390.0,383.0,386.7000122070313,17377900
2019-07-02,383.2999877929688,387.2999877929688,383.2999877929688,386.0,13559700
2019-07-03,385.0,385.1000061035156,379.5,380.8999938964844,10517900
2019-07-04,384.8999938964844,386.2000122070313,382.7999877929688,385.0,7081400
2019-07-05,384.0,385.7000122070313,381.6000061035156,382.3999938964844,8099600
2019-07-08,380.5,383.7999877929688,378.0,382.2999877929688,9236900
2019-07-09,383.2999877929688,387.6000061035156,382.2000122070313,384.0,9599200
2019-07-10,381.1000061035156,382.1000061035156,379.6000061035156,380.3999938964844,11015400
2019-07-11,379.6000061035156,381.0,376.2999877929688,378.7999877929688,9934800
2019-07-12,379.5,379.8999938964844,376.7000122070313,377.1000061035156,11236600
2019-07-16,377.6000061035156,380.6000061035156,373.6000061035156,375.6000061035156,10688600
2019-07-17,375.0,377.3999938964844,371.3999938964844,371.3999938964844,9873700
2019-07-18,370.0,370.2999877929688,359.1000061035156,359.1000061035156,16537200
2019-07-19,363.0,370.2999877929688,360.6000061035156,368.3999938964844,12276300
2019-07-22,367.3999938964844,370.8999938964844,365.7999877929688,366.7000122070313,9488300
2019-07-23,361.2999877929688,369.0,356.5,363.2000122070313,20514800
2019-07-24,360.1000061035156,363.2000122070313,358.29998779296875,359.70001220703125,12410400
2019-07-25,363.5,363.5,358.79998779296875,359.6000061035156,9489600
2019-07-26,351.6000061035156,356.5,349.70001220703125,352.0,15834400
2019-07-29,351.70001220703125,351.8999938964844,345.6000061035156,347.29998779296875,11734500
2019-07-30,344.8999938964844,348.20001220703125,343.6000061035156,348.1000061035156,10684100
2019-07-31,346.3999938964844,347.0,342.70001220703125,343.6000061035156,18945600
2019-08-01,375.6000061035156,377.2000122070313,370.3999938964844,374.6000061035156,52167100
2019-08-02,366.6000061035156,375.7999877929688,365.6000061035156,373.0,25042400
2019-08-05,372.2000122070313,378.7999877929688,365.2999877929688,372.7999877929688,30482000
2019-08-06,361.6000061035156,387.1000061035156,360.2999877929688,383.2000122070313,30708400
2019-08-07,384.2999877929688,386.6000061035156,379.0,381.7999877929688,17983100
2019-08-08,379.0,385.2000122070313,376.1000061035156,381.6000061035156,17946400
2019-08-09,384.7999877929688,384.7999877929688,373.6000061035156,376.2000122070313,15483200
2019-08-13,376.0,376.0,364.1000061035156,365.6000061035156,17235100
2019-08-14,371.6000061035156,372.8999938964844,364.6000061035156,367.2000122070313,11958800
2019-08-15,359.0,366.5,355.70001220703125,365.0,16168300
2019-08-16,364.0,384.5,362.5,383.0,35232400
2019-08-19,385.0,397.2000122070313,384.6000061035156,392.1000061035156,27297100
2019-08-20,396.6000061035156,403.6000061035156,394.8999938964844,400.7999877929688,24512300
2019-08-21,396.3999938964844,399.2000122070313,389.7000122070313,396.2999877929688,19785900
2019-08-22,396.2000122070313,405.8999938964844,396.0,405.2999877929688,21700100
2019-08-23,408.7000122070313,414.6000061035156,407.0,410.5,24811400
2019-08-26,396.0,406.6000061035156,395.5,403.3999938964844,21754200
2019-08-27,408.0,411.5,407.0,410.7000122070313,18186700
2019-08-28,410.0,416.6000061035156,408.5,416.1000061035156,17902200
2019-08-29,414.8999938964844,417.1000061035156,411.6000061035156,412.7999877929688,18819800
2019-08-30,418.8999938964844,429.2000122070313,418.0,428.1000061035156,21126600
2019-09-02,424.2999877929688,428.1000061035156,423.8999938964844,425.3999938964844,14863400
2019-09-03,425.2999877929688,437.1000061035156,425.1000061035156,436.7999877929688,19342600
2019-09-04,437.1000061035156,437.7999877929688,431.5,435.5,18154200
2019-09-05,438.5,446.7000122070313,438.0,443.7999877929688,22712100
2019-09-06,448.0,451.2000122070313,437.3999938964844,442.6000061035156,24571400
2019-09-09,441.0,445.5,439.1000061035156,445.5,14596900
2019-09-10,450.5,457.3999938964844,450.1000061035156,456.2999877929688,20227400
2019-09-11,466.0,481.1000061035156,464.0,480.6000061035156,27455300
2019-09-12,482.0,483.7999877929688,475.2000122070313,477.7999877929688,25073300
2019-09-13,475.2999877929688,477.5,464.1000061035156,474.7000122070313,33918400
2019-09-17,470.0,478.2999877929688,467.5,476.7000122070313,18167100
2019-09-18,472.2000122070313,475.7999877929688,464.5,465.0,22259200
2019-09-19,469.0,481.6000061035156,468.8999938964844,474.7000122070313,25289700
2019-09-20,473.7000122070313,480.3999938964844,473.5,478.1000061035156,19995900
2019-09-24,473.0,477.0,465.0,465.6000061035156,20236400
2019-09-25,462.0,466.3999938964844,457.5,462.2000122070313,16841700
2019-09-26,464.0,470.3999938964844,463.5,467.2000122070313,17707000
2019-09-27,468.2000122070313,471.2000122070313,456.1000061035156,461.2999877929688,19433100
2019-09-30,456.7999877929688,459.5,454.2000122070313,457.8999938964844,13347700
2019-10-01,460.1000061035156,474.0,459.5,470.7000122070313,19219700
2019-10-02,462.7000122070313,472.0,462.7000122070313,470.8999938964844,20212600
2019-10-03,462.8999938964844,464.6000061035156,456.5,461.5,21485200
2019-10-04,459.1000061035156,467.0,458.0,466.7000122070313,15894000
2019-10-07,471.0,473.1000061035156,463.7000122070313,463.8999938964844,17393900
2019-10-08,465.5,471.2999877929688,465.5,469.7000122070313,13338400
2019-10-09,466.0,466.7000122070313,462.0,462.0,15890100
2019-10-10,461.1000061035156,468.0,458.2000122070313,467.8999938964844,17793800
2019-10-11,471.1000061035156,482.5,470.0,481.7000122070313,20664400
2019-10-15,490.7000122070313,493.0,485.2999877929688,489.0,22427300
2019-10-16,495.0,498.2999877929688,484.2000122070313,487.7999877929688,21700400
2019-10-17,485.0,485.8999938964844,482.0,483.8999938964844,12882500
2019-10-18,486.2999877929688,487.8999938964844,482.7000122070313,483.5,14203100
2019-10-21,481.0,492.5,481.0,491.2000122070313,15931300
2019-10-23,493.3999938964844,501.0,487.3999938964844,499.8999938964844,22986900
2019-10-24,500.0,506.3999938964844,499.5,503.3999938964844,18911700
2019-10-25,505.0,505.3999938964844,496.2999877929688,497.5,17468700
2019-10-28,498.0,504.7999877929688,496.5,503.8999938964844,13253800
2019-10-29,503.8999938964844,508.5,497.8999938964844,498.8999938964844,21446700
2019-10-30,512.0999755859375,521.0,504.6000061035156,510.0,40714200
2019-10-31,508.5,508.8999938964844,494.5,495.2999877929688,24698400
2019-11-01,487.2999877929688,495.7999877929688,482.5,494.8999938964844,15236100
2019-11-05,502.3999938964844,510.8999938964844,500.5,510.1000061035156,21661400
2019-11-06,514.0,516.5,508.1000061035156,514.7999877929688,17084000
2019-11-07,513.0,517.5999755859375,509.2000122070313,517.2000122070312,14208900
2019-11-08,521.0,523.7999877929688,515.2999877929688,519.7000122070312,17373900
2019-11-11,521.0,522.0,514.5,516.9000244140625,12934000
2019-11-12,515.4000244140625,520.7000122070312,511.1000061035156,519.9000244140625,13940000
2019-11-13,517.0999755859375,526.0999755859375,515.7000122070312,525.4000244140625,15026400
2019-11-14,525.4000244140625,529.7000122070312,523.7000122070312,525.2000122070312,18385400
2019-11-15,524.4000244140625,535.7999877929688,521.0999755859375,534.2000122070312,21423400
2019-11-18,534.2000122070312,536.5999755859375,528.2999877929688,533.2999877929688,13081600
2019-11-19,533.9000244140625,541.0999755859375,532.0,540.2000122070312,17121400
2019-11-20,538.5999755859375,544.5999755859375,537.7000122070312,543.9000244140625,18120400
2019-11-21,543.7000122070312,544.5,532.7999877929688,538.2999877929688,19724000
2019-11-22,539.7999877929688,549.7000122070312,538.5999755859375,548.0999755859375,18468800
2019-11-25,552.7000122070312,556.0,551.5999755859375,554.2000122070312,15668700
2019-11-26,556.0,557.5999755859375,551.0999755859375,552.0,22981000
2019-11-27,552.0,553.5999755859375,547.5,552.5999755859375,12992600
2019-11-28,553.9000244140625,557.0,552.7000122070312,555.5,10020000
2019-11-29,557.0,564.9000244140625,556.5,560.7000122070312,20536100
2019-12-02,562.0,563.7999877929688,560.4000244140625,562.2999877929688,15236700
2019-12-03,557.5,574.4000244140625,556.0999755859375,560.9000244140625,26048500
2019-12-04,554.0,555.0,542.2000122070312,547.5,29662200
2019-12-05,552.0,557.0,551.5,555.0,18544100
2019-12-06,555.9000244140625,563.7999877929688,555.9000244140625,563.7999877929688,15941300
2019-12-09,567.7000122070312,568.0,559.0999755859375,561.5,17082500
2019-12-10,560.4000244140625,566.5,558.7999877929688,565.0,12189300
2019-12-11,564.0,564.0,559.2999877929688,560.7999877929688,15475300
2019-12-12,560.0,560.2999877929688,547.5,555.0,16633000
2019-12-13,562.9000244140625,566.7999877929688,554.7000122070312,557.5999755859375,26181400
2019-12-16,551.7000122070312,559.5,551.2000122070312,556.2000122070312,16814000
2019-12-17,558.4000244140625,563.0,558.2999877929688,562.9000244140625,17858500
2019-12-18,562.0,577.2000122070312,560.2999877929688,577.0999755859375,25703200
2019-12-19,574.0999755859375,575.0,560.7000122070312,562.0,24912500
2019-12-20,562.2999877929688,566.0,559.2999877929688,561.7000122070312,24171800
2019-12-23,562.5,565.0,554.4000244140625,558.0,12864800
2019-12-24,557.2000122070312,561.2999877929688,554.7000122070312,556.2999877929688,7957100
2019-12-25,558.5,558.5,550.7000122070312,552.7999877929688,7321400
2019-12-26,550.0,560.5,548.5999755859375,558.2000122070312,8712400
2019-12-27,558.2000122070312,564.9000244140625,558.0,562.2000122070312,8394300
2019-12-30,560.5,564.7999877929688,558.2000122070312,563.4000244140625,8896700
2020-01-06,550.0999755859375,558.5,547.4000244140625,557.5,16832800
2020-01-07,557.5999755859375,564.4000244140625,557.5999755859375,562.0,18830600
2020-01-08,555.0,567.9000244140625,554.0999755859375,564.7999877929688,20803300
2020-01-09,569.2999877929688,576.0,568.5999755859375,572.7000122070312,17889500
2020-01-10,572.7999877929688,580.5,572.0,578.5999755859375,15424300
2020-01-14,583.0,585.0,577.7000122070312,580.7000122070312,17063900
2020-01-15,575.4000244140625,577.0,570.0999755859375,573.0,17561900
2020-01-16,573.0999755859375,573.9000244140625,562.0999755859375,562.4000244140625,20548100
2020-01-17,568.4000244140625,571.5,565.0999755859375,568.2999877929688,15278800
2020-01-20,570.0,571.9000244140625,569.5,571.0,7009000
2020-01-21,568.5,571.4000244140625,566.0999755859375,568.2000122070312,10637000
2020-01-22,566.7000122070312,576.2999877929688,565.7999877929688,576.0,11217500
2020-01-23,570.7000122070312,573.5999755859375,569.0999755859375,572.0999755859375,11481600
2020-01-24,573.0,573.0,562.0,565.0,16447800
2020-01-27,550.0,561.2999877929688,548.7999877929688,560.0,16207100
2020-01-28,554.2000122070312,558.5999755859375,552.0999755859375,557.0,15675200
2020-01-29,556.5,568.9000244140625,555.4000244140625,568.0,16144800
2020-01-30,567.5,575.7000122070312,563.4000244140625,567.5999755859375,19025600
2020-01-31,574.7999877929688,586.4000244140625,565.5999755859375,566.2999877929688,29469900
2020-02-03,555.4000244140625,559.0,550.5999755859375,555.2999877929688,15491700
2020-02-04,550.0,550.0,537.5,540.0,22626700
2020-02-05,543.0,548.9000244140625,537.5999755859375,544.2999877929688,19035500
2020-02-06,551.4000244140625,562.7000122070312,550.5,559.0,19578500
2020-02-07,559.0,563.5999755859375,556.5,561.5999755859375,11490000
2020-02-10,556.0,565.7999877929688,555.9000244140625,562.9000244140625,9642800
2020-02-12,576.0,576.9000244140625,565.4000244140625,567.5999755859375,14557800
2020-02-13,564.4000244140625,566.4000244140625,560.0,563.7000122070312,13436100
2020-02-14,561.2000122070312,562.0999755859375,557.2999877929688,562.0,8959200
2020-02-17,556.0,559.9000244140625,551.7999877929688,558.9000244140625,12316200
2020-02-18,557.7000122070312,567.7000122070312,556.0,556.2000122070312,16049800
2020-02-19,563.7000122070312,564.5999755859375,557.5999755859375,557.7000122070312,16429800
2020-02-20,566.5999755859375,568.9000244140625,561.7000122070312,564.4000244140625,17117800
2020-02-21,562.2999877929688,567.5,561.0,561.7999877929688,12084600
2020-02-25,533.0999755859375,540.9000244140625,528.7999877929688,532.5999755859375,25686200
2020-02-26,524.7999877929688,529.5999755859375,516.2000122070312,528.0999755859375,21309700
2020-02-27,523.9000244140625,524.4000244140625,500.3999938964844,505.2000122070313,23701800
2020-02-28,488.0,493.7999877929688,475.2000122070313,479.5,37246400
2020-03-02,469.0,495.5,469.0,491.2000122070313,24669900
2020-03-03,504.5,505.0,481.2999877929688,481.2999877929688,19679000
2020-03-04,475.8999938964844,480.5,471.2999877929688,479.7000122070313,14348600
2020-03-05,487.7000122070313,488.2999877929688,479.7999877929688,485.5,15979000
2020-03-06,471.5,472.5,450.2999877929688,451.0,25769000
2020-03-09,429.0,431.0,403.2000122070313,403.7999877929688,28532200
2020-03-10,393.0,435.6000061035156,383.7000122070313,432.7000122070313,37061200
2020-03-11,438.0,447.7000122070313,422.8999938964844,424.2000122070313,25980200
2020-03-12,415.5,428.0,406.1000061035156,412.6000061035156,30583200
2020-03-13,375.0,422.5,367.3999938964844,388.0,39845700
2020-03-16,393.6000061035156,417.0,388.5,395.7000122070313,29681000
2020-03-17,390.1000061035156,417.5,383.3999938964844,410.7000122070313,37568800
2020-03-18,412.2000122070313,426.1000061035156,403.2999877929688,403.8999938964844,30193600
2020-03-19,421.7000122070313,427.5,405.7999877929688,408.0,39110900
2020-03-23,405.0,419.0,404.2000122070313,409.2999877929688,25515100
2020-03-24,427.8999938964844,445.6000061035156,423.2999877929688,443.5,31296400
2020-03-25,473.0,490.0,468.1000061035156,490.0,29523200
2020-03-26,475.0,482.0,465.2999877929688,467.7999877929688,22735900
2020-03-27,480.0,481.2000122070313,460.1000061035156,475.3999938964844,27989700
2020-03-30,452.6000061035156,479.5,451.2000122070313,478.8999938964844,24729600
2020-03-31,475.5,480.0,454.2000122070313,457.7999877929688,24347200
2020-04-01,444.1000061035156,450.3999938964844,424.3999938964844,431.2000122070313,19931100
2020-04-02,424.6000061035156,430.2000122070313,409.0,410.7999877929688,21594400
2020-04-03,413.3999938964844,421.7999877929688,405.7999877929688,410.1000061035156,14288900
2020-04-06,411.1000061035156,442.5,410.0,438.7999877929688,18710300
2020-04-07,449.7000122070313,454.5,431.5,444.0,18540500
2020-04-08,446.2000122070313,458.7000122070313,438.2999877929688,458.2000122070313,23150100
2020-04-09,455.1000061035156,455.5,435.6000061035156,443.2000122070313,18653100
2020-04-10,431.2000122070313,447.2000122070313,425.1000061035156,446.2999877929688,15150400
2020-04-13,438.2999877929688,441.5,427.1000061035156,427.7999877929688,13633500
2020-04-14,426.2000122070313,434.8999938964844,422.0,434.6000061035156,14870400
2020-04-15,434.2000122070313,436.0,421.0,424.7999877929688,15034600
2020-04-16,415.0,418.5,408.6000061035156,411.0,17228800
2020-04-17,416.0,425.2000122070313,411.8999938964844,416.1000061035156,15939500
2020-04-20,411.7000122070313,422.5,408.5,420.0,12397600
2020-04-21,418.0,426.2999877929688,412.6000061035156,425.3999938964844,15393200
2020-04-22,424.8999938964844,434.8999938964844,418.3999938964844,428.8999938964844,17622300
2020-04-23,425.0,432.1000061035156,423.6000061035156,431.6000061035156,14671700
2020-04-24,428.3999938964844,428.3999938964844,418.2000122070313,421.7999877929688,14009900
2020-04-27,424.2000122070313,433.8999938964844,421.2999877929688,430.2000122070313,18240600
2020-04-28,432.1000061035156,434.3999938964844,426.0,429.2999877929688,11613100
2020-04-30,444.0,451.7999877929688,442.3999938964844,449.7999877929688,21747800
2020-05-01,445.0,446.0,435.3999938964844,440.3999938964844,14227000
2020-05-07,427.3999938964844,433.2000122070313,425.6000061035156,428.3999938964844,14656400
2020-05-08,433.6000061035156,446.7999877929688,428.7999877929688,441.1000061035156,17558200
2020-05-11,433.1000061035156,435.8999938964844,424.1000061035156,424.1000061035156,24302100
2020-05-12,422.0,425.7999877929688,414.1000061035156,416.2999877929688,17269500
2020-05-13,410.0,416.3999938964844,407.1000061035156,416.0,16244300
2020-05-14,415.0,421.6000061035156,409.6000061035156,409.7999877929688,14918100
2020-05-15,415.2000122070313,415.8999938964844,402.5,405.5,13791100
2020-05-18,405.0,410.5,402.7999877929688,407.2000122070313,8847700
2020-05-19,418.8999938964844,423.7999877929688,414.3999938964844,423.5,15769200
2020-05-20,417.1000061035156,424.7000122070313,415.2999877929688,423.7000122070313,11568200
2020-05-21,427.1000061035156,427.2999877929688,419.6000061035156,421.2999877929688,9943200
2020-05-22,420.7999877929688,423.1000061035156,415.3999938964844,415.8999938964844,9417400
2020-05-25,425.0,425.0,418.7000122070313,425.0,8984700
2020-05-26,426.0,436.2000122070313,424.2999877929688,435.7000122070313,15436500
2020-05-27,437.0,460.8999938964844,433.6000061035156,460.2999877929688,26469600
2020-05-28,468.3999938964844,481.2999877929688,461.2999877929688,473.0,27857500
2020-05-29,465.5,471.8999938964844,458.7999877929688,462.8999938964844,33460400
2020-06-01,466.0,478.7999877929688,465.0,475.2000122070313,16940300
2020-06-02,480.0,496.7000122070313,476.1000061035156,493.1000061035156,24259000
2020-06-03,500.2000122070313,502.2000122070313,481.7000122070313,485.8999938964844,26496800
2020-06-04,499.1000061035156,499.2000122070313,485.2999877929688,487.2000122070313,14920900
2020-06-05,486.7999877929688,498.7999877929688,483.5,498.2999877929688,12401000
2020-06-08,509.0,519.9000244140625,508.2999877929688,516.2999877929688,20014100
2020-06-09,518.0,519.7999877929688,503.6000061035156,509.2999877929688,15245300
2020-06-10,500.6000061035156,509.0,496.6000061035156,506.3999938964844,12810800
2020-06-11,488.3999938964844,497.1000061035156,482.2000122070313,483.6000061035156,16026700
2020-06-12,462.7000122070313,477.6000061035156,457.6000061035156,476.2000122070313,21541100
2020-06-15,468.2000122070313,477.2000122070313,463.3999938964844,463.3999938964844,11322000
2020-06-16,479.0,481.7000122070313,471.2000122070313,478.2999877929688,17779000
2020-06-17,475.6000061035156,479.8999938964844,470.2000122070313,476.2999877929688,9021700
2020-06-18,470.2000122070313,478.1000061035156,468.1000061035156,476.1000061035156,6957000
2020-06-19,481.7999877929688,483.0,476.2000122070313,481.0,16240900
2020-06-22,481.0,489.0,481.0,485.2000122070313,11544000
2020-06-23,488.7000122070313,492.2000122070313,482.2999877929688,488.7999877929688,13314800
2020-06-24,486.3999938964844,492.6000061035156,483.5,488.2000122070313,11698600
2020-06-25,483.3999938964844,484.5,473.6000061035156,475.5,15465000
2020-06-26,482.7000122070313,494.3999938964844,481.2000122070313,492.5,19029000
2020-06-29,490.0,492.7999877929688,482.5,489.6000061035156,14279500
2020-06-30,495.8999938964844,496.8999938964844,480.7000122070313,482.3999938964844,17870700
2020-07-01,486.1000061035156,489.5,475.8999938964844,478.7000122070313,11769100
2020-07-02,476.7000122070313,483.7000122070313,476.2000122070313,478.1000061035156,11923800
2020-07-03,485.0,487.2999877929688,477.0,480.6000061035156,8848300
2020-07-06,480.5,493.2999877929688,478.3999938964844,493.0,12715200
2020-07-07,492.3999938964844,496.2999877929688,490.3999938964844,494.0,11161000
2020-07-08,494.0,499.0,492.5,497.2999877929688,15411300
2020-07-09,497.8999938964844,504.8999938964844,497.1000061035156,502.5,17632800
2020-07-10,497.7999877929688,498.0,482.3999938964844,483.7000122070313,19761600
2020-07-13,492.1000061035156,498.2999877929688,486.2999877929688,492.8999938964844,12102300
2020-07-14,490.5,503.3999938964844,489.0,498.1000061035156,12105700
2020-07-15,498.3999938964844,501.1000061035156,489.7999877929688,496.2999877929688,15983000
2020-07-16,486.7999877929688,494.7999877929688,486.7999877929688,492.7000122070313,15225700
2020-07-17,498.0,500.5,494.5,495.2999877929688,10218600
2020-07-20,495.0,501.7999877929688,491.5,499.1000061035156,8024200
2020-07-21,499.7999877929688,499.7999877929688,492.6000061035156,496.5,8734000
2020-07-22,496.6000061035156,502.2000122070313,493.6000061035156,495.2000122070313,11808400
2020-07-27,488.2999877929688,489.3999938964844,483.2000122070313,485.6000061035156,14826100
2020-07-28,484.5,490.7000122070313,478.8999938964844,483.3999938964844,12472700
2020-07-29,478.5,481.1000061035156,475.3999938964844,479.7999877929688,10825400
2020-07-30,500.8999938964844,506.6000061035156,495.7999877929688,501.3999938964844,29572800
2020-07-31,497.8999938964844,503.6000061035156,488.1000061035156,489.7000122070313,26126600
2020-08-03,495.7999877929688,503.2999877929688,495.2000122070313,503.0,15065500
2020-08-04,510.0,516.9000244140625,505.6000061035156,509.8999938964844,17463900
2020-08-05,521.4000244140625,527.7999877929688,509.1000061035156,515.0,16201300
2020-08-06,520.0999755859375,521.2000122070312,511.0,515.0999755859375,10850900
2020-08-07,518.0999755859375,520.9000244140625,511.7999877929688,514.5,10456700
2020-08-11,528.9000244140625,533.7000122070312,523.4000244140625,533.7000122070312,18189000
2020-08-12,538.0999755859375,540.0999755859375,533.2999877929688,537.0,13183500
2020-08-13,541.2999877929688,542.0,533.5,537.5,11458400
2020-08-14,539.7999877929688,540.0,534.4000244140625,537.7999877929688,11350100
2020-08-17,534.0,539.2000122070312,532.4000244140625,535.4000244140625,6397500
2020-08-18,532.9000244140625,533.0999755859375,528.5,532.7999877929688,8915000
2020-08-19,532.0,540.0,531.5999755859375,539.0,11611400
2020-08-20,535.7000122070312,541.2000122070312,533.7000122070312,534.5,8651600
2020-08-21,539.0,540.0999755859375,533.0,537.0999755859375,6963200
2020-08-24,536.2999877929688,539.7000122070312,535.7000122070312,538.2999877929688,6495700
2020-08-25,544.0,544.5,541.2000122070312,543.4000244140625,11380900
2020-08-26,542.0,545.4000244140625,540.5,545.0,7579500
2020-08-27,541.9000244140625,543.2000122070312,534.7000122070312,541.2999877929688,7492700
2020-08-28,546.0999755859375,556.5999755859375,532.5999755859375,540.5,20438500
2020-08-31,547.2999877929688,553.0999755859375,544.5,544.5,11233600
2020-09-01,540.2999877929688,544.7999877929688,536.7000122070312,544.4000244140625,7272800
2020-09-02,544.2999877929688,544.4000244140625,537.0999755859375,540.5,9104000
2020-09-03,547.0,549.5999755859375,542.2999877929688,544.5999755859375,6976700
2020-09-04,536.4000244140625,544.9000244140625,536.2999877929688,544.2999877929688,6959000
2020-09-07,542.0,544.5999755859375,537.7999877929688,539.7000122070312,6181000
2020-09-08,539.9000244140625,541.2000122070312,534.5,538.7999877929688,8718800
2020-09-09,532.5,535.2999877929688,529.4000244140625,533.4000244140625,11035000
2020-09-10,539.9000244140625,540.9000244140625,533.5,539.7999877929688,12125900
2020-09-11,539.7000122070312,539.7000122070312,532.5999755859375,538.5,11134600
2020-09-14,540.0,540.0,534.0999755859375,534.4000244140625,9213500
2020-09-15,530.9000244140625,534.2000122070312,525.4000244140625,528.4000244140625,8634400
2020-09-16,520.2000122070312,523.9000244140625,516.2999877929688,516.9000244140625,12176500
2020-09-17,517.0999755859375,526.2999877929688,516.5999755859375,519.5999755859375,10778300
2020-09-18,515.0999755859375,516.5999755859375,509.0,510.8999938964844,15714100
2020-09-23,500.2999877929688,504.2000122070313,495.7000122070313,499.5,13557300
2020-09-24,494.7000122070313,496.5,492.2999877929688,493.0,13143100
2020-09-25,498.0,499.7000122070313,494.3999938964844,499.1000061035156,9777000
2020-09-28,500.1000061035156,510.2999877929688,498.5,509.6000061035156,14849500
2020-09-29,496.3999938964844,504.7000122070313,496.2000122070313,501.3999938964844,11431100
2020-09-30,495.6000061035156,496.1000061035156,478.6000061035156,478.6000061035156,13678700
2020-10-02,480.0,486.3999938964844,472.1000061035156,474.8999938964844,13037300
2020-10-05,487.0,489.8999938964844,483.8999938964844,489.5,10331100
2020-10-06,490.8999938964844,493.2000122070313,487.3999938964844,491.2999877929688,7745200
2020-10-07,487.5,495.3999938964844,486.3999938964844,494.1000061035156,7322600
2020-10-08,495.3999938964844,505.7999877929688,495.3999938964844,500.1000061035156,9115500
2020-10-09,498.0,499.0,483.5,486.0,15630700
2020-10-12,486.5,490.7000122070313,483.6000061035156,487.1000061035156,6854800
2020-10-13,488.3999938964844,494.6000061035156,488.1000061035156,490.7999877929688,6134800
2020-10-14,485.0,488.2000122070313,481.7999877929688,487.2000122070313,6407900
2020-10-15,484.7999877929688,488.3999938964844,482.7999877929688,483.5,5834500
2020-10-16,480.0,490.5,479.5,487.2000122070313,8527800
2020-10-19,489.5,494.0,487.7000122070313,493.1000061035156,6173100
2020-10-20,493.0,493.0,486.3999938964844,487.2999877929688,5308300
2020-10-21,490.1000061035156,497.0,489.1000061035156,496.6000061035156,8013500
2020-10-22,492.8999938964844,493.7999877929688,488.3999938964844,490.1000061035156,6789400
2020-10-23,498.6000061035156,498.6000061035156,492.1000061035156,497.7999877929688,7204700
2020-10-26,495.7999877929688,498.8999938964844,490.0,490.7999877929688,5613300
2020-10-27,486.0,491.8999938964844,483.3999938964844,491.8999938964844,6175000
2020-10-28,488.1000061035156,488.7000122070313,476.5,481.7000122070313,9857100
2020-10-29,475.0,477.5,468.2000122070313,475.0,15451400
2020-10-30,476.0,476.0,463.2999877929688,464.5,14869900
2020-11-02,471.0,487.7999877929688,470.8999938964844,483.1000061035156,13750300
2020-11-04,499.1000061035156,503.2999877929688,491.7000122070313,493.6000061035156,14786000
2020-11-05,494.0,494.0,486.2999877929688,491.7999877929688,12945600
2020-11-06,488.7000122070313,499.2000122070313,488.5,497.7999877929688,11410400
2020-11-09,495.5,502.2999877929688,492.0,500.3999938964844,14317700
2020-11-10,524.0,531.4000244140625,514.0999755859375,527.0999755859375,30479900
2020-11-11,539.2000122070312,541.7999877929688,529.7999877929688,535.7000122070312,15365000
2020-11-12,530.5,532.5,514.0,519.9000244140625,12936600
2020-11-13,514.0999755859375,515.0,503.6000061035156,505.7000122070313,14145800
2020-11-16,517.0,522.4000244140625,513.7999877929688,515.5,11515200
2020-11-17,523.0,532.5,520.4000244140625,530.4000244140625,19627900
2020-11-18,527.5,527.5,517.0,520.0,9424800
2020-11-19,515.5999755859375,516.7999877929688,509.2999877929688,513.5999755859375,9664100
2020-11-20,506.3999938964844,514.0,506.3999938964844,509.0,7868900
2020-11-24,528.7999877929688,531.4000244140625,523.5,528.2000122070312,14168800
2020-11-25,539.9000244140625,546.0,536.2000122070312,538.5,21665400
2020-11-26,532.5,538.2999877929688,528.4000244140625,536.5999755859375,8150900
2020-11-27,534.2999877929688,540.9000244140625,533.0,536.7999877929688,12208700
2020-11-30,537.0,540.0,524.0,524.0,19749800
2020-12-01,533.7000122070312,550.0,532.9000244140625,547.4000244140625,18077400
2020-12-02,550.0,564.5999755859375,547.5,560.5999755859375,21901800
2020-12-03,557.4000244140625,567.5999755859375,555.0,558.7000122070312,13235500
2020-12-04,558.7000122070312,562.0999755859375,553.0,560.5,8766000
2020-12-07,566.5999755859375,567.0,547.0,552.5999755859375,11037600
2020-12-08,545.0,552.0,543.4000244140625,547.0999755859375,6968500
2020-12-09,540.0999755859375,545.9000244140625,539.0999755859375,543.2999877929688,10122400
2020-12-10,543.5,554.7999877929688,543.0,548.7999877929688,10745400
2020-12-11,551.2000122070312,557.0999755859375,543.7000122070312,550.9000244140625,10550700
2020-12-14,548.0,552.7999877929688,543.0,544.4000244140625,7260500
2020-12-15,542.5,544.5,537.5,537.5,7983200
2020-12-16,544.5999755859375,548.0,538.7000122070312,540.5999755859375,9326900
2020-12-17,539.0,540.5999755859375,537.0999755859375,537.0999755859375,6809000
2020-12-18,537.4000244140625,539.7000122070312,532.0,534.0,10163100
2020-12-21,533.7999877929688,535.0999755859375,525.5999755859375,532.0999755859375,9928300
2020-12-22,530.2999877929688,534.5999755859375,522.7000122070312,526.0999755859375,10673800
2020-12-23,529.7999877929688,531.5999755859375,523.2000122070312,529.2000122070312,9832900
2020-12-24,535.0,543.0,533.9000244140625,543.0,11907700
2020-12-25,547.0,547.9000244140625,540.7000122070312,543.0,7033800
2020-12-28,541.2999877929688,546.7000122070312,536.9000244140625,539.2999877929688,8714500
2020-12-29,538.5,542.7000122070312,535.0999755859375,542.5999755859375,8889300
2020-12-30,542.7000122070312,548.2000122070312,537.7999877929688,545.0,8438000
2021-01-04,544.9000244140625,546.0,534.5999755859375,539.7000122070312,7964000
2021-01-05,546.2000122070312,561.0999755859375,543.4000244140625,560.0,19576900
2021-01-06,558.0,575.9000244140625,557.2000122070312,571.7000122070312,19288500
2021-01-07,584.9000244140625,589.4000244140625,578.9000244140625,584.2000122070312,18127400
2021-01-08,586.4000244140625,599.0,585.2000122070312,598.9000244140625,18846800
2021-01-12,598.0,598.5999755859375,580.5999755859375,581.2000122070312,20770900
2021-01-13,579.2999877929688,587.0,571.7999877929688,581.9000244140625,13937700
2021-01-14,582.7000122070312,598.0,581.2999877929688,590.0999755859375,16164900
2021-01-15,591.4000244140625,593.0,585.2000122070312,590.4000244140625,10922200
2021-01-18,583.9000244140625,585.0,578.0999755859375,579.7999877929688,7577400
2021-01-19,575.2000122070312,585.0,573.0,577.7999877929688,9277300
2021-01-20,575.0,577.2999877929688,562.5,568.0,13483000
2021-01-21,571.5,574.2000122070312,566.5999755859375,570.2000122070312,11789600
2021-01-22,565.0,567.5999755859375,560.9000244140625,562.5999755859375,10603500
2021-01-25,567.2999877929688,569.7000122070312,562.7999877929688,563.0,7090700
2021-01-26,561.2000122070312,565.0,553.5999755859375,555.2999877929688,13251500
2021-01-27,562.2000122070312,565.4000244140625,549.2000122070312,554.2000122070312,18224100
2021-01-28,537.5999755859375,550.0999755859375,535.2000122070312,544.5999755859375,56558400
2021-01-29,553.0,557.7000122070312,545.7999877929688,551.7000122070312,16390500
2021-02-01,547.2000122070312,556.5999755859375,545.0,549.0999755859375,10229000
2021-02-02,549.0,550.0,540.4000244140625,545.4000244140625,11643200
2021-02-03,555.2999877929688,563.5999755859375,550.4000244140625,562.7999877929688,15518800
2021-02-04,585.0,600.0,581.0,585.7999877929688,29583100
2021-02-05,594.5,597.4000244140625,588.7000122070312,591.0,16799400
2021-02-08,595.0,605.0,594.0999755859375,602.7000122070312,16065100
2021-02-09,612.7000122070312,627.5,612.5,626.2999877929688,23952300
2021-02-10,626.0999755859375,635.0,623.2000122070312,632.5999755859375,17508900
2021-02-12,640.0,648.0,632.7999877929688,643.5999755859375,18173200
2021-02-15,650.2000122070312,662.2000122070312,645.5999755859375,647.9000244140625,16744400
2021-02-16,649.7000122070312,657.9000244140625,646.0,648.4000244140625,13727300
2021-02-17,650.0,653.0999755859375,646.0999755859375,651.2000122070312,12800900
2021-02-18,646.5,648.0,630.4000244140625,630.4000244140625,17363700
2021-02-19,627.0,631.5,615.2999877929688,619.2000122070312,14042600
2021-02-22,631.5,636.0,626.7000122070312,632.0999755859375,11633700
2021-02-24,630.4000244140625,637.2000122070312,624.0,628.5,10545700
2021-02-25,640.0,640.5,630.0,631.7000122070312,11123800
2021-02-26,624.0,627.0,616.7999877929688,618.7999877929688,15480100
2021-03-01,622.2000122070312,635.7000122070312,621.5,630.4000244140625,10660400
2021-03-02,638.9000244140625,642.0999755859375,623.4000244140625,628.7000122070312,11913800
2021-03-03,632.0,639.0,629.9000244140625,639.0,10597800
2021-03-04,639.0,647.0999755859375,634.0,639.5999755859375,13058000
2021-03-05,645.0,646.7999877929688,634.7999877929688,643.0,12173400
2021-03-08,653.0,679.5,652.5,663.4000244140625,28537500
2021-03-09,670.0,676.2999877929688,665.0,671.2999877929688,17080900
2021-03-10,670.5,679.0,668.0,679.0,17098900
2021-03-11,680.0,680.7999877929688,666.0999755859375,667.7000122070312,16288800
2021-03-12,666.7999877929688,672.0,662.2999877929688,670.7000122070312,12049300
2021-03-15,676.2999877929688,678.4000244140625,667.0,674.2999877929688,13029900
2021-03-16,672.5999755859375,674.2000122070312,666.7999877929688,671.9000244140625,13495600
2021-03-17,667.4000244140625,669.5999755859375,662.5999755859375,662.7999877929688,13143200
2021-03-18,670.0,689.5,667.5,689.5,27353900
2021-03-19,686.2999877929688,704.7999877929688,684.5,698.2999877929688,28856600
2021-03-22,703.0,706.5,696.2000122070312,700.9000244140625,16627200
2021-03-23,705.7000122070312,717.5,700.2000122070312,703.5,18767300
2021-03-24,703.2999877929688,707.9000244140625,676.7000122070312,687.0,19085600
2021-03-25,692.0,708.7999877929688,688.4000244140625,708.5999755859375,15102500
2021-03-26,716.2000122070312,721.0,712.0999755859375,720.7000122070312,17946600
2021-03-29,650.0,650.5,597.7000122070312,603.0,148871100
2021-03-30,603.0,604.7999877929688,578.5999755859375,599.0,90906700
2021-03-31,609.0,609.5,581.2000122070312,581.4000244140625,57327900
2021-04-01,584.0,591.9000244140625,574.0,582.7000122070312,38945300
2021-04-02,586.0,587.5,565.5999755859375,572.2000122070312,36908700
2021-04-05,572.0,596.7999877929688,570.4000244140625,596.7999877929688,39973200
2021-04-06,599.5999755859375,599.9000244140625,583.5,596.0,31450100
2021-04-07,590.7999877929688,596.0,581.2000122070312,584.5999755859375,25950600
2021-04-08,586.4000244140625,586.5,572.5,576.7999877929688,25229600
2021-04-09,583.0,592.7999877929688,580.2000122070312,585.0,19497900
2021-04-12,591.0,592.0,579.0,580.0,17594000
2021-04-13,584.0999755859375,587.2000122070312,581.7000122070312,585.2999877929688,17750600
2021-04-14,576.5999755859375,578.0,566.2999877929688,571.0,24479000
2021-04-15,577.0999755859375,584.5999755859375,574.0,582.5,17797200
2021-04-16,582.0,585.5,578.7999877929688,582.0,11956200
2021-04-19,578.5999755859375,579.0999755859375,570.4000244140625,574.7000122070312,15529200
2021-04-20,576.0,577.9000244140625,571.4000244140625,576.5,15719600
2021-04-21,567.0999755859375,569.7000122070312,562.2000122070312,564.5999755859375,16129700
2021-04-22,567.7999877929688,571.2999877929688,562.5,571.0999755859375,13974700
2021-04-23,571.7999877929688,576.5,568.0,574.5,13136500
2021-04-26,573.9000244140625,575.0999755859375,570.4000244140625,571.2000122070312,11710700
2021-04-27,570.2999877929688,584.0,568.0,582.9000244140625,18171000
2021-04-28,595.0,600.0,584.0,591.9000244140625,45928100
2021-04-30,595.0,597.2000122070312,586.5999755859375,586.9000244140625,29798800
2021-05-06,591.9000244140625,592.4000244140625,583.2000122070312,588.0999755859375,23686600
2021-05-07,585.0,586.5,568.5999755859375,570.2999877929688,36172300
2021-05-10,570.0,580.5,569.2999877929688,580.5,21441400
2021-05-11,572.0,577.2000122070312,570.4000244140625,573.5999755859375,18327800
2021-05-12,570.0,570.4000244140625,555.0999755859375,564.2999877929688,27248500
2021-05-13,563.4000244140625,580.9000244140625,561.5,572.2999877929688,19922600
2021-05-14,575.7000122070312,578.9000244140625,570.2999877929688,576.7999877929688,13827000
2021-05-17,578.9000244140625,584.2000122070312,575.7000122070312,581.5999755859375,13410300
2021-05-18,583.9000244140625,592.7000122070312,582.0,589.0999755859375,20402200
2021-05-19,582.7000122070312,593.5999755859375,580.0999755859375,589.4000244140625,16636500
2021-05-20,590.0,601.5,588.4000244140625,594.5,21557800
2021-05-21,592.0,597.5,586.2000122070312,594.7000122070312,18472500
2021-05-24,596.5,600.7999877929688,595.5999755859375,598.5,17117600
2021-05-25,602.7999877929688,612.9000244140625,600.7999877929688,612.7999877929688,26761800
2021-05-26,611.9000244140625,614.7999877929688,601.2999877929688,603.7999877929688,20863000
2021-05-27,601.7000122070312,609.2999877929688,592.2000122070312,609.2999877929688,55859100
2021-05-28,611.0,612.9000244140625,601.4000244140625,605.5,20620600
2021-05-31,605.7999877929688,606.2999877929688,599.5999755859375,601.0,11359700
2021-06-01,601.7000122070312,604.0,594.5,596.5,11396300
2021-06-02,599.9000244140625,607.5999755859375,595.2999877929688,605.5999755859375,15351100
2021-06-03,609.5,609.5,601.2999877929688,602.4000244140625,12362900
2021-06-04,603.0,603.2000122070312,597.2999877929688,602.5,12807500
2021-06-07,607.0,609.5999755859375,603.5,605.0,11018700
2021-06-08,603.5999755859375,605.2999877929688,599.5,601.7000122070312,9828500
2021-06-09,600.0,601.0,590.4000244140625,590.4000244140625,20124200
2021-06-10,591.0999755859375,596.0,590.4000244140625,592.0,11248000
2021-06-11,591.2999877929688,591.4000244140625,586.2000122070312,588.0,16083800
2021-06-14,592.7999877929688,596.5,589.7999877929688,596.2999877929688,8352300
2021-06-15,596.2999877929688,596.7999877929688,585.4000244140625,585.4000244140625,14946500
2021-06-16,583.7000122070312,586.0,578.5999755859375,581.5999755859375,16267500
2021-06-17,586.0,591.7999877929688,582.2999877929688,585.7000122070312,10639500
2021-06-18,579.0,580.0,570.5,571.9000244140625,19834500
2021-06-21,559.5,563.5999755859375,557.0,558.4000244140625,14609700
2021-06-22,572.5,578.2999877929688,570.7000122070312,578.0,15200400
2021-06-23,570.7000122070312,572.9000244140625,565.9000244140625,568.2999877929688,13087100
2021-06-24,571.7999877929688,576.0999755859375,568.5999755859375,574.0999755859375,9664600
2021-06-25,576.7000122070312,576.7999877929688,569.5999755859375,571.9000244140625,14408500
2021-06-28,576.0999755859375,585.5,575.4000244140625,582.7999877929688,11401600
2021-06-29,575.0,577.7000122070312,572.5999755859375,576.2999877929688,11728000
2021-06-30,571.0999755859375,574.5999755859375,567.0,567.7999877929688,15905700
2021-07-01,568.0,569.7000122070312,564.5,566.2999877929688,9498800
2021-07-02,565.0,569.4000244140625,563.0999755859375,567.5999755859375,9003100
2021-07-05,565.7000122070312,567.0,562.4000244140625,563.4000244140625,6382400
2021-07-06,565.9000244140625,565.9000244140625,560.0,560.0,10196400
2021-07-07,552.5,553.9000244140625,548.5999755859375,552.2999877929688,14972900
2021-07-08,549.5999755859375,551.0999755859375,544.5,544.5,14123200
2021-07-09,535.5999755859375,544.0,531.7999877929688,542.2999877929688,16544000
2021-07-12,552.2999877929688,556.4000244140625,549.0999755859375,552.2000122070312,9807500
2021-07-13,554.9000244140625,562.0999755859375,554.5,562.0999755859375,8640600
2021-07-14,555.0,559.7000122070312,555.0,556.2999877929688,7828400
2021-07-15,553.7000122070312,555.9000244140625,550.2000122070312,550.7000122070312,8069800
2021-07-16,550.2999877929688,560.7000122070312,550.0,554.7000122070312,10275100
2021-07-19,552.4000244140625,555.7000122070312,550.4000244140625,555.0,7545500
2021-07-20,545.0,560.0,541.7999877929688,547.4000244140625,10730300
2021-07-21,555.0,557.7999877929688,541.0,549.5,9364000
2021-07-26,554.7999877929688,556.7999877929688,548.2000122070312,549.5999755859375,7625900
2021-07-27,550.2000122070312,556.5999755859375,550.2000122070312,555.2999877929688,6444600
2021-07-28,554.0,557.2999877929688,549.5,549.9000244140625,6641100
2021-07-29,551.5999755859375,552.5,546.2000122070312,548.7000122070312,10493600
2021-07-30,547.2999877929688,551.9000244140625,544.0,548.0999755859375,11347500
2021-08-02,545.2000122070312,546.2999877929688,536.7000122070312,542.0,13739900
2021-08-03,538.0,538.9000244140625,530.0,534.0,15889500
2021-08-04,533.5999755859375,537.5,532.0999755859375,534.7000122070312,8322200
2021-08-05,530.9000244140625,535.7000122070312,530.2000122070312,534.2000122070312,6388100
2021-08-06,535.9000244140625,544.5,535.7999877929688,542.5999755859375,8669300
2021-08-10,544.0,549.7000122070312,541.0,541.2000122070312,8779200
2021-08-11,546.7999877929688,551.4000244140625,545.4000244140625,548.5999755859375,10235000
2021-08-12,550.7000122070312,559.0,549.4000244140625,558.4000244140625,13167300
2021-08-13,555.7000122070312,558.0,554.2000122070312,556.4000244140625,6769800
2021-08-16,549.7999877929688,550.0,545.0999755859375,545.4000244140625,10013000
2021-08-17,542.7999877929688,548.5999755859375,540.0,540.0,9128300
2021-08-18,538.0,541.2999877929688,534.0,536.9000244140625,11363600
2021-08-19,532.0,532.7000122070312,520.5999755859375,520.7000122070312,17598900
2021-08-20,514.7999877929688,523.5999755859375,514.0,519.7999877929688,12841700
2021-08-23,522.9000244140625,527.2999877929688,522.0999755859375,523.2000122070312,8879700
2021-08-24,524.2000122070312,530.9000244140625,523.4000244140625,530.0,7998400
2021-08-25,533.2000122070312,539.9000244140625,531.7000122070312,531.7999877929688,7119700
2021-08-26,531.7000122070312,535.9000244140625,531.0999755859375,532.5,6646700
2021-08-27,530.2000122070312,532.9000244140625,529.7999877929688,532.0,6307300
2021-08-30,534.5999755859375,537.5,531.5,536.9000244140625,9560000
2021-08-31,531.9000244140625,536.0,528.0999755859375,533.5999755859375,13190900
2021-09-01,534.7999877929688,542.9000244140625,534.0999755859375,542.7999877929688,11110400
2021-09-02,543.5,546.2999877929688,538.2999877929688,539.5,7165100
2021-09-03,543.7000122070312,561.9000244140625,540.9000244140625,561.7000122070312,21108600
2021-09-06,572.2000122070312,580.9000244140625,572.0,580.9000244140625,26739000
2021-09-07,585.9000244140625,585.9000244140625,574.5999755859375,575.9000244140625,15486400
2021-09-08,576.7999877929688,579.7999877929688,572.0999755859375,577.7999877929688,13133900
2021-09-09,569.5,573.4000244140625,569.0999755859375,571.2999877929688,10631800
2021-09-10,566.5,578.0,566.5,578.0,14233900
2021-09-13,573.0,578.0,571.2999877929688,576.0999755859375,9803800
2021-09-14,580.0,586.0,579.0,585.7000122070312,17362700
2021-09-15,581.5999755859375,581.7999877929688,570.0999755859375,570.2999877929688,16778300
2021-09-16,574.5,575.7000122070312,563.2999877929688,566.7999877929688,10969000
2021-09-17,569.5999755859375,570.4000244140625,565.7999877929688,568.7999877929688,19060300
2021-09-21,548.7999877929688,553.0999755859375,547.5999755859375,551.0999755859375,16775600
2021-09-22,551.2000122070312,554.7999877929688,549.0999755859375,552.0999755859375,8797900
2021-09-24,569.9000244140625,570.9000244140625,565.0,570.9000244140625,13334700
2021-09-27,575.4000244140625,577.9000244140625,573.0,577.7999877929688,10979800
2021-09-28,580.0,583.5,577.0,583.5,16282400
2021-09-29,572.4000244140625,573.2999877929688,562.4000244140625,565.9000244140625,14995500
2021-09-30,563.0,566.0,553.5999755859375,553.5999755859375,15131400
2021-10-01,543.5999755859375,555.7000122070312,541.5999755859375,543.7000122070312,13634000
2021-10-04,549.7999877929688,552.7000122070312,540.5999755859375,542.0999755859375,11710700
2021-10-05,539.5,547.2999877929688,538.2999877929688,542.9000244140625,10730600
2021-10-06,549.0999755859375,557.7999877929688,543.7000122070312,551.2999877929688,9181300
2021-10-07,551.0999755859375,554.7000122070312,544.2999877929688,548.0999755859375,9309600
2021-10-08,551.5999755859375,553.7999877929688,545.2999877929688,545.2999877929688,8318800
2021-10-11,546.2999877929688,557.7000122070312,546.0999755859375,557.0,9176200
2021-10-12,557.0,560.0,554.2000122070312,555.2999877929688,7337000
2021-10-13,552.9000244140625,555.7000122070312,549.4000244140625,551.7000122070312,6441200
2021-10-14,545.0,547.4000244140625,541.0999755859375,541.7000122070312,10191700
2021-10-15,548.5999755859375,557.5999755859375,547.0,557.4000244140625,10514300
2021-10-18,557.2000122070312,560.5,554.5999755859375,560.2999877929688,8906400
2021-10-19,560.0,563.5999755859375,551.2999877929688,556.7000122070312,7931500
2021-10-20,561.2000122070312,578.7000122070312,560.7999877929688,570.2999877929688,17435900
2021-10-21,570.5999755859375,571.5,562.5999755859375,563.5999755859375,7794800
2021-10-22,556.4000244140625,557.7000122070312,552.2000122070312,554.0,8668400
2021-10-25,552.5999755859375,558.2000122070312,550.7000122070312,550.7000122070312,8040800
2021-10-26,556.4000244140625,559.7999877929688,551.2999877929688,557.2000122070312,7175100
2021-10-27,560.2999877929688,560.4000244140625,554.7999877929688,557.0,5743500
2021-10-28,552.0,557.2000122070312,548.5999755859375,556.5999755859375,7271100
2021-10-29,550.5999755859375,555.5999755859375,546.7000122070312,550.0,8148800
2021-11-01,525.2000122070312,527.2000122070312,506.7000122070313,515.2999877929688,42269300
2021-11-02,513.0,518.0999755859375,508.2000122070313,509.0,23831600
2021-11-04,517.2999877929688,523.7999877929688,514.2000122070312,520.7000122070312,23735800
2021-11-05,520.7000122070312,525.0,513.2999877929688,516.2999877929688,14930900
2021-11-08,516.2999877929688,518.0,510.3999938964844,510.3999938964844,11619400
2021-11-09,513.0,515.2000122070312,505.0,506.3999938964844,12859100
2021-11-10,502.6000061035156,505.7000122070313,501.3999938964844,502.0,9820000
2021-11-11,502.6000061035156,505.7999877929688,500.3999938964844,501.0,11219400
2021-11-12,503.1000061035156,507.5,500.1000061035156,500.1000061035156,18453000
2021-11-15,503.0,508.0,502.8999938964844,505.8999938964844,13357000
2021-11-16,506.0,508.5,505.1000061035156,506.0,12590900
2021-11-17,505.0,505.8999938964844,492.5,492.5,26364100
2021-11-18,491.0,494.6000061035156,488.0,493.1000061035156,18084000
2021-11-19,490.5,490.5,486.7999877929688,489.6000061035156,14966600
2021-11-22,488.7000122070313,494.2999877929688,485.7000122070313,493.2000122070313,10307200
2021-11-24,494.0,501.1000061035156,493.0,493.3999938964844,13159100
2021-11-25,493.0,502.3999938964844,492.6000061035156,501.3999938964844,11098100
2021-11-26,500.5,500.7000122070313,488.6000061035156,491.2999877929688,15685300
2021-11-29,482.7999877929688,483.2000122070313,475.1000061035156,477.6000061035156,18802800
2021-11-30,482.1000061035156,488.8999938964844,476.3999938964844,477.3999938964844,25532100
2021-12-01,477.0,484.3999938964844,473.2000122070313,478.0,19678600
2021-12-02,472.0,477.1000061035156,471.0,474.2000122070313,17485900
2021-12-03,474.2000122070313,486.7999877929688,474.2000122070313,485.3999938964844,14654400
2021-12-06,484.8999938964844,490.8999938964844,482.1000061035156,487.6000061035156,13494600
2021-12-07,489.0,500.6000061035156,489.0,500.1000061035156,14187600
2021-12-08,501.1000061035156,505.3999938964844,500.5,502.7999877929688,15980400
2021-12-09,502.6000061035156,508.2999877929688,502.3999938964844,505.8999938964844,12628600
2021-12-10,507.2999877929688,511.1000061035156,503.6000061035156,503.7000122070313,13022800
2021-12-13,508.0,508.8999938964844,504.1000061035156,504.2000122070313,11933100
2021-12-14,501.8999938964844,504.7000122070313,500.2000122070313,500.8999938964844,12503800
2021-12-15,503.0,516.5,502.2999877929688,514.7999877929688,20949700
2021-12-16,515.0,518.5,513.2000122070312,517.7000122070312,13464800
2021-12-17,519.9000244140625,522.0,514.2999877929688,514.2999877929688,24167200
2021-12-20,509.0,509.5,488.0,488.2999877929688,20863000
2021-12-21,492.0,500.5,492.0,499.8999938964844,13528300
2021-12-22,502.2000122070313,508.7999877929688,502.1000061035156,504.7000122070313,12279000
2021-12-23,506.0,507.3999938964844,499.8999938964844,504.0,9973000
2021-12-24,507.0,509.7999877929688,501.2000122070313,503.3999938964844,7483700
2021-12-27,503.0,505.7999877929688,500.2000122070313,500.7999877929688,7874700
2021-12-28,504.0,506.3999938964844,500.6000061035156,503.6000061035156,9435400
2021-12-29,503.0,505.2999877929688,502.3999938964844,504.7999877929688,6397200
2021-12-30,502.1000061035156,505.2999877929688,500.7999877929688,501.7000122070313,6622900
2022-01-04,510.7999877929688,515.7000122070312,506.8999938964844,513.0,10302300
2022-01-05,518.0,524.7000122070312,517.4000244140625,524.0,14388200
2022-01-06,525.0,528.0,517.2999877929688,519.0999755859375,10988100
2022-01-07,522.0,525.2999877929688,518.0999755859375,522.0999755859375,8372800
2022-01-11,523.7999877929688,532.5,518.7000122070312,532.4000244140625,13324000
2022-01-12,535.0,537.4000244140625,529.0,534.0999755859375,10903300
2022-01-13,536.2000122070312,537.0,533.7000122070312,535.9000244140625,8366400
2022-01-14,535.0,535.0,525.2000122070312,531.5999755859375,12953700
2022-01-17,534.7999877929688,539.2999877929688,532.9000244140625,535.7000122070312,7207900
2022-01-18,533.2000122070312,539.0,527.0999755859375,529.9000244140625,9087700
2022-01-19,519.9000244140625,521.2999877929688,508.2000122070313,509.3999938964844,14637400
2022-01-20,505.7999877929688,517.2999877929688,505.0,512.2999877929688,9138800
2022-01-21,508.0,518.0,506.7999877929688,517.5,8597500
2022-01-24,512.5,516.2999877929688,510.1000061035156,512.4000244140625,7278600
2022-01-25,509.8999938964844,510.1000061035156,500.3999938964844,504.7999877929688,11123500
2022-01-26,510.1000061035156,513.5999755859375,504.2999877929688,504.3999938964844,7772300
2022-01-27,511.5,516.7999877929688,500.5,505.7999877929688,10996500
2022-01-28,510.7000122070313,513.7000122070312,508.2999877929688,508.8999938964844,9255900
2022-01-31,503.2999877929688,506.6000061035156,497.7000122070313,504.8999938964844,10002100
2022-02-01,507.7999877929688,510.6000061035156,504.0,504.5,7815200
2022-02-02,515.5,541.7000122070312,515.5,538.9000244140625,29823900
2022-02-03,539.0999755859375,541.0,531.5999755859375,535.2999877929688,13485300
2022-02-04,537.4000244140625,538.7999877929688,531.9000244140625,538.7000122070312,8213300
2022-02-07,543.0,545.2999877929688,536.0,541.5,10126400
2022-02-08,540.0,554.2000122070312,539.7000122070312,554.0,13921300
2022-02-09,552.5999755859375,553.7000122070312,546.0999755859375,547.2999877929688,10852200
2022-02-10,549.9000244140625,550.4000244140625,543.9000244140625,545.5,8609700
2022-02-14,541.5,547.7000122070312,538.5999755859375,546.5,8806100
2022-02-15,546.2999877929688,547.9000244140625,536.0999755859375,540.2999877929688,8547700
2022-02-16,550.0,551.0999755859375,545.7999877929688,548.2000122070312,8223700
2022-02-17,547.0,550.5,543.0999755859375,545.2999877929688,8876200
2022-02-18,541.2000122070312,545.9000244140625,541.2000122070312,544.0,7585200
2022-02-21,538.5999755859375,541.2999877929688,534.5,538.2999877929688,7160000
2022-02-22,532.5,536.5,531.0,533.7999877929688,8447900
2022-02-24,532.5999755859375,537.7000122070312,523.0999755859375,526.9000244140625,13495500
2022-02-25,521.7999877929688,527.5999755859375,521.2999877929688,525.0,9384600
2022-02-28,525.2000122070312,530.7000122070312,522.0,526.2999877929688,11133500
2022-03-01,528.0,533.7000122070312,522.2000122070312,523.5,10568400
2022-03-02,517.2999877929688,522.5999755859375,510.2000122070313,510.5,11653400
2022-03-03,519.0999755859375,521.9000244140625,512.7000122070312,518.2999877929688,6991300
2022-03-04,516.7999877929688,519.5,506.7999877929688,510.0,8231400
2022-03-07,499.0,499.1000061035156,483.1000061035156,491.7000122070313,12973900
2022-03-08,482.0,487.7000122070313,474.7999877929688,476.2000122070313,13213900
2022-03-09,471.5,476.3999938964844,460.2999877929688,473.2000122070313,14147200
2022-03-10,483.5,494.8999938964844,483.5,490.7000122070313,13143300
2022-03-11,482.7000122070313,490.1000061035156,482.7000122070313,488.3999938964844,8944600
2022-03-14,492.8999938964844,504.6000061035156,492.3999938964844,498.1000061035156,8612000
2022-03-15,501.3999938964844,507.2000122070313,500.0,503.2000122070313,7309400
2022-03-16,505.7999877929688,508.7000122070313,503.6000061035156,506.2999877929688,8419200
2022-03-17,519.7999877929688,520.2000122070312,512.5,519.4000244140625,11087900
2022-03-18,515.4000244140625,519.9000244140625,515.0,516.4000244140625,17844200
2022-03-22,525.0,533.0999755859375,523.7000122070312,532.0999755859375,14563300
2022-03-23,559.9000244140625,562.2000122070312,542.7999877929688,545.5,18107400
2022-03-24,539.5999755859375,542.5,534.2000122070312,541.0,10661400
2022-03-25,545.0,545.7999877929688,538.4000244140625,543.2000122070312,7309600
2022-03-28,545.0999755859375,547.7000122070312,535.7999877929688,539.0,7676900
2022-03-29,543.5,543.5999755859375,538.2000122070312,543.0999755859375,10294300
2022-03-30,531.0,534.9000244140625,525.7999877929688,532.0,8642400
2022-03-31,522.0,525.7999877929688,515.2000122070312,515.2000122070312,12883900
2022-04-01,511.2999877929688,518.5,510.3999938964844,516.7000122070312,6844000
2022-04-04,516.5999755859375,521.9000244140625,515.2999877929688,520.2999877929688,5849200
2022-04-05,521.4000244140625,522.7000122070312,517.7999877929688,518.5999755859375,5862300
2022-04-06,515.5,517.5,510.1000061035156,511.2999877929688,6973500
2022-04-07,502.0,506.0,499.2000122070313,505.5,7901600
2022-04-08,508.2000122070313,511.8999938964844,503.6000061035156,508.5,7635100
2022-04-11,502.7000122070313,509.3999938964844,502.0,509.3999938964844,6801600
2022-04-12,506.8999938964844,514.4000244140625,506.8999938964844,512.0999755859375,6282700
2022-04-13,502.7999877929688,503.1000061035156,491.2999877929688,498.1000061035156,12519700
2022-04-14,501.1000061035156,503.5,499.0,500.8999938964844,6159800
2022-04-15,497.3999938964844,504.0,497.0,504.0,4914500
2022-04-18,500.1000061035156,504.1000061035156,497.0,503.3999938964844,6151300
2022-04-19,508.2999877929688,510.8999938964844,505.0,509.8999938964844,6321900
2022-04-20,515.0,516.2999877929688,511.7000122070313,513.9000244140625,6755800
2022-04-21,514.0,517.5999755859375,513.7999877929688,517.0,6122700
2022-04-22,510.0,515.5999755859375,509.3999938964844,515.0,7740300
2022-04-25,508.5,512.0,507.2000122070313,507.7000122070313,9694700
2022-04-26,505.5,508.2999877929688,501.0,504.3999938964844,8994300
2022-04-27,495.0,495.1000061035156,475.6000061035156,481.5,32677900
2022-04-28,480.1000061035156,500.8999938964844,479.1000061035156,500.0,14264800
2022-05-02,494.2000122070313,501.7000122070313,493.7999877929688,500.7999877929688,9538100
2022-05-06,495.0,500.2999877929688,488.8999938964844,497.8999938964844,16081000
2022-05-09,493.3999938964844,494.7000122070313,488.6000061035156,491.7000122070313,11384400
2022-05-10,483.7000122070313,488.3999938964844,479.3999938964844,484.0,14971700
2022-05-11,480.2999877929688,481.8999938964844,473.2000122070313,473.2000122070313,15417200
2022-05-12,470.0,476.6000061035156,468.3999938964844,468.3999938964844,12069700
2022-05-13,469.0,476.1000061035156,467.3999938964844,474.7000122070313,13192100
2022-05-16,481.3999938964844,482.0,473.2000122070313,473.8999938964844,11384200
2022-05-17,475.8999938964844,477.7000122070313,474.2000122070313,474.7000122070313,12537100
2022-05-18,479.7999877929688,481.5,476.8999938964844,478.3999938964844,12611500
2022-05-19,470.7000122070313,479.8999938964844,469.1000061035156,478.7000122070313,9704100
2022-05-20,480.0,487.7000122070313,479.6000061035156,486.1000061035156,12360000
2022-05-23,491.7999877929688,491.8999938964844,487.0,490.2000122070313,11589000
2022-05-24,492.0,492.3999938964844,489.2000122070313,489.2000122070313,9969000
2022-05-25,493.1000061035156,493.3999938964844,487.6000061035156,490.1000061035156,11941500
2022-05-26,489.0,496.5,487.1000061035156,493.8999938964844,9988300
2022-05-27,496.3999938964844,501.8999938964844,494.3999938964844,501.0,11940600
2022-05-30,503.5,511.2000122070313,500.2000122070313,507.0,21202000
2022-05-31,503.7000122070313,508.8999938964844,502.7000122070313,508.8999938964844,26257200
2022-06-01,505.2000122070313,514.7000122070312,504.2999877929688,513.5999755859375,12170300
2022-06-02,512.2999877929688,515.2999877929688,510.2000122070313,514.4000244140625,9140400
2022-06-03,515.5,516.9000244140625,507.0,507.3999938964844,10647800
2022-06-06,504.0,506.8999938964844,502.6000061035156,503.6000061035156,8944400
2022-06-07,506.1000061035156,511.7000122070313,504.6000061035156,506.8999938964844,10608500
2022-06-08,503.2000122070313,505.0,502.0,504.2999877929688,12826200
2022-06-09,502.2000122070313,505.0,500.7000122070313,501.2000122070313,11058400
2022-06-10,498.0,499.0,492.7999877929688,492.7999877929688,15965200
2022-06-13,485.8999938964844,491.3999938964844,485.5,491.2000122070313,10377200
2022-06-14,483.2999877929688,487.5,482.8999938964844,487.1000061035156,13167400
2022-06-15,489.2000122070313,493.2999877929688,487.7999877929688,490.0,10786000
2022-06-16,492.3999938964844,500.7000122070313,492.2999877929688,494.6000061035156,11967600
2022-06-17,488.0,490.3999938964844,485.2999877929688,489.8999938964844,17283900
2022-06-20,490.0,492.8999938964844,484.5,484.8999938964844,9309900
2022-06-21,489.2000122070313,497.2999877929688,488.0,495.6000061035156,9788000
2022-06-22,503.0,503.0,494.8999938964844,496.5,11326700
2022-06-23,491.7999877929688,503.5,491.0,503.0,11874200
2022-06-24,500.0,502.2999877929688,493.3999938964844,500.8999938964844,12050600
2022-06-27,505.5,508.5,503.5,507.2000122070313,7401900
2022-06-28,506.7999877929688,509.7000122070313,503.7999877929688,505.8999938964844,8289500
2022-06-29,500.7000122070313,501.0,494.2999877929688,495.7000122070313,20545100
2022-06-30,492.0,498.5,490.1000061035156,495.8999938964844,10400000
2022-07-01,492.3999938964844,498.7000122070313,491.6000061035156,493.7000122070313,9717000
2022-07-04,497.0,503.2999877929688,496.6000061035156,503.2999877929688,11023900
2022-07-05,505.7000122070313,506.5,501.5,503.0,6369000
2022-07-06,498.5,499.8999938964844,495.0,496.7000122070313,9144000
2022-07-07,501.7000122070313,504.7000122070313,496.2999877929688,501.0,8681000
2022-07-08,503.2000122070313,510.7999877929688,502.5,506.0,13421600
2022-07-11,512.0,513.9000244140625,508.2999877929688,511.7999877929688,9472400
2022-07-12,506.1000061035156,507.6000061035156,501.2999877929688,503.1000061035156,8341600
2022-07-13,507.7999877929688,508.7000122070313,505.3999938964844,507.2000122070313,7780600
2022-07-14,506.1000061035156,511.2999877929688,505.2000122070313,507.3999938964844,6684700
2022-07-15,506.3999938964844,506.7999877929688,499.6000061035156,500.7999877929688,7448000
2022-07-19,507.7999877929688,511.7000122070313,507.2000122070313,510.2999877929688,7879300
2022-07-20,515.5999755859375,517.4000244140625,513.2000122070312,517.0999755859375,10735000
2022-07-21,507.1000061035156,512.0,504.7999877929688,510.7999877929688,9394200
2022-07-22,507.1000061035156,513.5999755859375,505.2000122070313,511.0,8022900
2022-07-25,510.0,511.0,505.2999877929688,506.1000061035156,7110000
2022-07-26,507.2999877929688,510.7999877929688,507.2999877929688,508.2000122070313,6809100
2022-07-27,505.8999938964844,508.7000122070313,503.6000061035156,504.5,7752800
2022-07-28,504.0,508.3999938964844,503.7000122070313,508.3999938964844,9613000
2022-07-29,506.5,510.3999938964844,505.5,507.6000061035156,9280900
2022-08-01,508.0,509.5,503.5,509.0,8151900
2022-08-02,507.0,507.7000122070313,502.7000122070313,505.2999877929688,6941700
2022-08-03,503.7999877929688,505.3999938964844,501.0,502.6000061035156,7796300
2022-08-04,480.0,493.0,474.1000061035156,490.2000122070313,23153900
2022-08-05,489.8999938964844,497.7999877929688,489.2999877929688,496.5,11389900
2022-08-08,493.5,497.7999877929688,493.5,497.3999938964844,6979200
2022-08-09,497.3999938964844,501.7999877929688,496.6000061035156,500.6000061035156,6537800
2022-08-10,497.0,500.3999938964844,494.3999938964844,499.1000061035156,7183600
2022-08-12,506.0,511.0,505.1000061035156,505.6000061035156,13165600
2022-08-15,506.2999877929688,508.8999938964844,504.6000061035156,507.6000061035156,5928100
2022-08-16,509.7999877929688,509.7999877929688,505.5,507.1000061035156,5973100
2022-08-17,510.7000122070313,516.9000244140625,510.1000061035156,516.2000122070312,11930800
2022-08-18,515.5,515.9000244140625,511.6000061035156,511.8999938964844,5854000
2022-08-19,512.0999755859375,513.0,507.5,510.2000122070313,5487300
2022-08-22,508.5,508.6000061035156,505.7000122070313,507.1000061035156,5139400
2022-08-23,503.6000061035156,506.7999877929688,501.2999877929688,506.5,6280700
2022-08-24,509.3999938964844,510.1000061035156,504.6000061035156,504.7000122070313,6651200
2022-08-25,502.6000061035156,507.5,501.7000122070313,506.3999938964844,5523500
2022-08-26,506.2000122070313,508.3999938964844,503.5,504.0,5469900
2022-08-29,498.5,501.8999938964844,496.3999938964844,501.2000122070313,7920700
2022-08-30,505.1000061035156,506.8999938964844,502.3999938964844,503.2999877929688,6998600
2022-08-31,502.2000122070313,504.8999938964844,502.1000061035156,503.7999877929688,7216500
2022-09-01,500.0,501.0,497.0,499.8999938964844,10006400
2022-09-02,498.2999877929688,503.0,498.2000122070313,503.0,6920500
2022-09-05,501.0,501.2999877929688,497.1000061035156,497.2999877929688,9514800
2022-09-06,497.2000122070313,500.3999938964844,496.1000061035156,497.7000122070313,8041200
2022-09-07,496.0,500.1000061035156,491.2999877929688,492.7999877929688,12058500
2022-09-08,497.0,501.3999938964844,497.0,500.7000122070313,10121200
2022-09-09,497.2000122070313,505.6000061035156,497.2000122070313,504.0,11550600
2022-09-12,508.8999938964844,508.8999938964844,504.0,507.7000122070313,7580000
2022-09-13,507.5,512.2999877929688,507.0,511.2999877929688,7335000
2022-09-14,505.1000061035156,506.0,500.2999877929688,504.6000061035156,11739700
2022-09-15,504.0,507.6000061035156,501.7999877929688,505.7999877929688,6758100
2022-09-16,505.1000061035156,507.6000061035156,502.1000061035156,504.7000122070313,12268100
2022-09-20,506.8999938964844,507.8999938964844,505.2000122070313,505.5,8236500
2022-09-21,502.5,505.3999938964844,500.0,500.2999877929688,10109900
2022-09-22,499.3999938964844,503.2999877929688,497.6000061035156,502.2999877929688,8227700
2022-09-26,498.7999877929688,499.3999938964844,486.7000122070313,488.7000122070313,18390700
2022-09-27,488.8999938964844,495.5,487.7000122070313,489.2999877929688,12238900
2022-09-28,485.0,487.1000061035156,477.0,481.8999938964844,17333100
2022-09-29,480.1000061035156,483.8999938964844,477.6000061035156,482.1000061035156,11033700
2022-09-30,480.3999938964844,483.2000122070313,476.7999877929688,478.3999938964844,10176800
2022-10-03,475.1000061035156,475.8999938964844,464.2999877929688,475.0,12240100
2022-10-04,481.0,488.2999877929688,479.1000061035156,486.2000122070313,11848500
2022-10-05,490.0,491.7999877929688,487.0,490.7000122070313,10772700
2022-10-06,490.0,493.6000061035156,489.1000061035156,492.5,8412900
2022-10-07,487.7000122070313,489.8999938964844,485.1000061035156,488.8999938964844,6949000
2022-10-11,487.2000122070313,488.3999938964844,481.0,482.0,8854900
2022-10-12,476.1000061035156,478.8999938964844,474.2999877929688,475.5,10879500
2022-10-13,476.6000061035156,477.2999877929688,471.2999877929688,472.0,7296400
2022-10-14,480.0,488.8999938964844,479.0,484.8999938964844,13366600
2022-10-17,482.1000061035156,482.8999938964844,476.5,478.2999877929688,10864600
2022-10-18,480.2999877929688,482.6000061035156,477.7000122070313,480.1000061035156,8607800
2022-10-19,479.7000122070313,483.5,477.6000061035156,482.2999877929688,10574700
2022-10-20,479.2999877929688,482.2000122070313,478.7000122070313,481.3999938964844,8250400
2022-10-21,476.0,478.3999938964844,474.5,477.0,9698200
2022-10-24,480.0,480.1000061035156,474.7000122070313,475.1000061035156,7417300
2022-10-25,478.6000061035156,482.2000122070313,476.7000122070313,479.8999938964844,9495800
2022-10-26,481.0,481.6000061035156,478.8999938964844,479.0,8957300
2022-10-27,478.0,478.5,472.5,473.3999938964844,9847500
2022-10-28,477.5,477.6000061035156,473.2999877929688,473.8999938964844,32470500
2022-10-31,478.0,483.2000122070313,477.5,481.7999877929688,13518600
2022-11-01,480.2999877929688,484.2000122070313,478.5,483.2000122070313,8682600
2022-11-02,483.2000122070313,484.0,480.2000122070313,483.2999877929688,12796100
2022-11-04,470.2000122070313,476.0,467.6000061035156,472.3999938964844,22720900
2022-11-07,476.8999938964844,483.8999938964844,475.8999938964844,480.7000122070313,14244900
2022-11-08,481.7000122070313,485.7000122070313,481.3999938964844,484.5,11560300
2022-11-09,484.5,488.0,483.1000061035156,485.7000122070313,6641200
2022-11-10,482.7999877929688,485.5,481.2000122070313,481.5,6707900
2022-11-11,488.1000061035156,495.8999938964844,488.0,494.5,15170200
2022-11-14,494.5,498.7000122070313,493.0,495.1000061035156,10596800
2022-11-15,493.7000122070313,499.0,493.5,498.8999938964844,6272400
2022-11-16,495.0,495.8999938964844,489.3999938964844,491.2000122070313,8480500
2022-11-17,491.3999938964844,493.3999938964844,490.2999877929688,493.3999938964844,5755500
2022-11-18,495.0,495.8999938964844,490.5,491.1000061035156,6035400
2022-11-21,491.6000061035156,493.7999877929688,487.7000122070313,490.0,6045800
2022-11-22,490.2999877929688,496.7999877929688,489.7999877929688,494.8999938964844,7929800
2022-11-24,499.3999938964844,502.8999938964844,498.8999938964844,501.5,11282700
2022-11-25,499.0,503.3999938964844,497.5,502.5,7869900
2022-11-28,505.0,507.8999938964844,498.7000122070313,500.3999938964844,8585700
2022-11-29,497.7000122070313,503.3999938964844,495.7000122070313,502.2999877929688,7578900
2022-11-30,500.1000061035156,504.3999938964844,498.7999877929688,500.7000122070313,11225300
2022-12-01,501.2999877929688,503.0,498.8999938964844,499.5,8251400
2022-12-02,496.8999938964844,496.8999938964844,488.7000122070313,492.5,11168600
2022-12-05,493.3999938964844,493.6000061035156,486.2000122070313,489.2999877929688,9249500
2022-12-06,488.8999938964844,490.6000061035156,487.2999877929688,489.0,7066000
2022-12-07,488.0,490.2999877929688,486.5,487.6000061035156,8161500
2022-12-08,485.8999938964844,486.7000122070313,480.7999877929688,484.2000122070313,10554300
2022-12-09,485.1000061035156,487.7000122070313,481.7999877929688,484.0,9830600
2022-12-12,486.2000122070313,489.5,485.2999877929688,485.5,7625300
2022-12-13,488.1000061035156,490.1000061035156,487.0,487.7000122070313,6777700
2022-12-14,489.6000061035156,491.7000122070313,487.7999877929688,488.7999877929688,6922300
2022-12-15,483.3999938964844,489.8999938964844,483.2000122070313,487.5,5412800
2022-12-16,484.0,486.0,479.6000061035156,480.0,13856200
2022-12-19,476.0,480.7000122070313,476.0,477.2999877929688,8782100
2022-12-20,477.5,481.7999877929688,473.5,476.2000122070313,13534600
2022-12-21,478.6000061035156,482.0,474.3999938964844,475.2000122070313,13137900
2022-12-22,479.5,482.0,477.5,482.0,12863100
2022-12-23,480.0,483.7999877929688,479.7999877929688,483.2999877929688,9557200
2022-12-26,484.8999938964844,489.3999938964844,484.0,486.0,8271400
2022-12-27,488.0,489.5,486.5,487.6000061035156,6116500
2022-12-28,487.2999877929688,488.7000122070313,482.5,483.1000061035156,8954200
2022-12-29,483.0,489.0,481.7999877929688,488.7999877929688,9782600
2022-12-30,488.7999877929688,492.7000122070313,486.7000122070313,488.6000061035156,9093100
2023-01-04,488.2999877929688,490.6000061035156,485.2999877929688,490.0,9502900
2023-01-05,491.6000061035156,493.5,489.0,490.8999938964844,8976200
2023-01-06,489.8999938964844,490.5,486.5,488.8999938964844,7366900
2023-01-10,490.7999877929688,491.7000122070313,487.0,487.3999938964844,8142400
2023-01-11,492.0,496.6000061035156,491.2000122070313,495.7000122070313,10815600
2023-01-12,494.3999938964844,498.3999938964844,493.0,496.7000122070313,8731200
2023-01-13,493.0,504.2999877929688,493.0,502.2000122070313,13396000
2023-01-16,502.3999938964844,511.6000061035156,502.0,503.2000122070313,12349100
2023-01-17,508.0,515.4000244140625,506.2999877929688,512.2000122070312,17883200
2023-01-18,509.6000061035156,515.5999755859375,504.5,513.0,13374500
2023-01-19,510.0,513.0999755859375,507.6000061035156,509.0,8323700
2023-01-20,507.1000061035156,510.2000122070313,506.8999938964844,507.6000061035156,7549300
2023-01-23,510.0,512.0,506.3999938964844,511.1000061035156,7170400
2023-01-24,513.5,516.9000244140625,512.9000244140625,515.9000244140625,8030900
2023-01-25,514.0,518.5,512.7999877929688,517.0,6073500
2023-01-26,515.0999755859375,517.9000244140625,513.7000122070312,516.0,6151600
2023-01-27,519.0,522.4000244140625,517.9000244140625,521.7000122070312,9787600
2023-01-30,520.9000244140625,521.7999877929688,516.5,518.2999877929688,7480800
2023-01-31,518.7000122070312,523.7999877929688,516.9000244140625,517.7000122070312,8144900
2023-02-01,519.0,519.9000244140625,510.5,511.0,8298000
2023-02-02,514.0,519.7999877929688,508.0,519.0999755859375,11202400
2023-02-03,519.2000122070312,535.7000122070312,519.0,531.9000244140625,20877400
2023-02-06,539.0999755859375,546.5999755859375,534.0,539.5,18772500
2023-02-07,540.0,542.5,535.7999877929688,540.7000122070312,8012000
2023-02-08,538.0,540.5,535.5,537.0999755859375,7404400
2023-02-09,536.7999877929688,536.7999877929688,533.0999755859375,535.4000244140625,7080900
2023-02-10,536.9000244140625,543.2000122070312,535.0,540.2999877929688,10604700
2023-02-13,542.0,543.7999877929688,534.2999877929688,535.0,7681300
2023-02-14,537.0,541.5999755859375,536.5,540.5,7467000
2023-02-15,543.0,546.5,541.7999877929688,542.2999877929688,8244300
2023-02-16,545.0,553.7000122070312,544.0,553.0,13623100
2023-02-17,547.0999755859375,550.4000244140625,545.0,548.0999755859375,8481300
2023-02-20,550.0,567.9000244140625,548.5999755859375,565.7999877929688,14484700
2023-02-21,570.0,573.9000244140625,564.2000122070312,572.0,13021600
2023-02-22,568.0,569.0,559.2999877929688,564.0999755859375,11818900
2023-02-24,564.0,564.0,558.4000244140625,560.2000122070312,9098600
2023-02-27,562.9000244140625,572.9000244140625,562.9000244140625,571.0,10454700
2023-02-28,568.2999877929688,569.2999877929688,560.5999755859375,561.2999877929688,15136000
2023-03-01,560.9000244140625,564.9000244140625,560.9000244140625,563.5999755859375,8245800
2023-03-02,563.5999755859375,566.2999877929688,553.0999755859375,553.7999877929688,14300900
2023-03-03,555.2999877929688,562.2000122070312,555.0999755859375,558.7000122070312,10433000
2023-03-06,563.9000244140625,565.2000122070312,560.4000244140625,564.2000122070312,8247500
2023-03-07,563.0,566.5,562.5,566.5,8359900
2023-03-08,564.9000244140625,565.9000244140625,561.0,563.2999877929688,9868000
2023-03-09,565.0999755859375,568.2000122070312,564.4000244140625,568.0999755859375,9180000
2023-03-10,556.4000244140625,559.5,544.9000244140625,547.7999877929688,19018200
2023-03-13,534.7999877929688,535.0,525.4000244140625,528.9000244140625,18231700
2023-03-14,517.0999755859375,517.7999877929688,500.3999938964844,503.5,22673300
2023-03-15,521.0,521.7999877929688,507.7000122070313,510.0,16578800
2023-03-16,490.1000061035156,491.2000122070313,484.2999877929688,489.6000061035156,25355900
2023-03-17,494.2999877929688,495.8999938964844,490.6000061035156,494.3999938964844,13063600
2023-03-20,487.7999877929688,493.6000061035156,482.1000061035156,482.1000061035156,15330500
2023-03-22,497.7999877929688,505.3999938964844,495.2000122070313,503.3999938964844,16531400
2023-03-23,495.6000061035156,502.8999938964844,492.7999877929688,501.6000061035156,12028900
2023-03-24,495.7000122070313,498.1000061035156,493.7999877929688,497.2999877929688,8581000
2023-03-27,502.2000122070313,502.5,495.1000061035156,498.7000122070313,11067200
2023-03-28,505.0,509.1000061035156,502.8999938964844,503.6000061035156,13516500
2023-03-29,506.0,511.7000122070313,504.5,511.2999877929688,14485100
2023-03-30,505.7999877929688,507.7999877929688,499.1000061035156,502.7000122070313,11301900
2023-03-31,508.2000122070313,513.7000122070312,506.0,509.7000122070313,12760100
2023-04-03,514.0,516.5,511.7999877929688,514.5999755859375,9074800
2023-04-04,515.0,518.2999877929688,513.7000122070312,516.2000122070312,7839100
2023-04-05,511.0,513.0999755859375,504.6000061035156,507.0,8855300
2023-04-06,502.0,504.7000122070313,497.2000122070313,498.8999938964844,11804000
2023-04-07,499.0,504.7000122070313,498.8999938964844,501.2000122070313,7271800
2023-04-10,503.0,506.2000122070313,502.1000061035156,503.1000061035156,6288300
2023-04-11,502.0,506.2000122070313,501.2999877929688,504.1000061035156,7358200
2023-04-12,506.1000061035156,509.5,505.5,505.6000061035156,9586200
2023-04-13,502.1000061035156,503.0,497.3999938964844,500.2999877929688,10027000
2023-04-14,501.1000061035156,506.0,499.1000061035156,504.2000122070313,9357700
2023-04-17,510.0,514.4000244140625,509.6000061035156,514.0999755859375,8729000
2023-04-18,516.0999755859375,519.5,515.0,517.0999755859375,7614900
2023-04-19,518.2999877929688,522.9000244140625,516.2000122070312,522.4000244140625,8678200
2023-04-20,524.5,527.5999755859375,521.7000122070312,526.0999755859375,10952700
2023-04-21,523.5,524.5999755859375,519.2000122070312,520.5,9429000
2023-04-24,522.5,522.5,517.4000244140625,517.4000244140625,8787500
2023-04-25,520.9000244140625,532.0,520.4000244140625,528.7000122070312,13967700
2023-04-26,523.0,524.7999877929688,517.7000122070312,523.2999877929688,12072900
2023-04-27,485.2999877929688,487.1000061035156,480.0,485.3999938964844,47301900
2023-04-28,485.0,486.7999877929688,482.0,485.8999938964844,25728100
2023-05-01,489.1000061035156,494.7999877929688,487.1000061035156,489.6000061035156,17586200
2023-05-02,489.6000061035156,489.7000122070313,478.2000122070313,479.8999938964844,25042800
2023-05-08,478.8999938964844,481.3999938964844,476.7000122070313,477.7000122070313,19070000
2023-05-09,478.6000061035156,485.7000122070313,478.2999877929688,485.7000122070313,19562600
2023-05-10,487.0,488.3999938964844,484.2999877929688,485.0,12375600
2023-05-11,484.6000061035156,489.8999938964844,484.3999938964844,489.7999877929688,11494800
2023-05-12,493.1000061035156,494.8999938964844,487.0,489.1000061035156,16850800
2023-05-15,493.6000061035156,497.0,492.2000122070313,497.0,15190900
2023-05-16,500.0,501.7000122070313,493.3999938964844,495.7000122070313,14493000
2023-05-17,493.8999938964844,500.3999938964844,492.6000061035156,500.0,12309000
2023-05-18,505.0,507.2000122070313,500.2999877929688,501.0,12871800
2023-05-19,501.2999877929688,501.6000061035156,494.1000061035156,494.8999938964844,12128200
2023-05-22,496.2999877929688,502.2000122070313,495.7999877929688,501.7999877929688,10032300
2023-05-23,508.2999877929688,511.3999938964844,504.1000061035156,509.1000061035156,19261200
2023-05-24,509.8999938964844,509.8999938964844,504.7999877929688,506.5,9100300
2023-05-25,507.1000061035156,507.1000061035156,499.7000122070313,500.2999877929688,12099200
2023-05-26,501.0,501.5,492.1000061035156,492.1000061035156,15200000
2023-05-29,500.1000061035156,502.6000061035156,498.1000061035156,498.8999938964844,10211300
2023-05-30,498.7000122070313,499.2999877929688,492.5,495.3999938964844,7690200
2023-05-31,491.1000061035156,493.3999938964844,489.0,489.0,21414600
2023-06-01,487.5,495.2999877929688,485.6000061035156,493.2999877929688,9552100
2023-06-02,495.1000061035156,502.3999938964844,493.3999938964844,500.8999938964844,10131000
2023-06-05,511.6000061035156,514.0,510.2999877929688,511.6000061035156,15688300
2023-06-06,507.1000061035156,516.5,506.1000061035156,516.0,13153800
2023-06-07,523.0,526.5,512.9000244140625,512.9000244140625,22041700
2023-06-08,515.5,522.2000122070312,512.0,515.5,10680500
2023-06-09,516.2999877929688,518.9000244140625,514.0999755859375,518.5999755859375,12938000
2023-06-12,519.7999877929688,520.7000122070312,514.7000122070312,515.2000122070312,8965700
2023-06-13,515.0,519.0,512.0999755859375,517.0,9650600
2023-06-14,524.9000244140625,529.2999877929688,522.9000244140625,527.0,13798800
2023-06-15,527.4000244140625,557.5999755859375,524.0999755859375,550.2000122070312,40196500
2023-06-16,550.0,560.0,549.4000244140625,560.0,33639300
2023-06-19,567.0,570.5999755859375,552.0,557.2000122070312,24695900
2023-06-20,553.5999755859375,553.7999877929688,541.7000122070312,546.4000244140625,14503600
2023-06-21,543.0,550.5,540.4000244140625,550.4000244140625,11167300
2023-06-22,554.0,562.0999755859375,552.5,554.5999755859375,16375300
2023-06-23,555.2000122070312,557.0,540.5999755859375,545.2999877929688,14737800
2023-06-26,542.5,544.0999755859375,536.0,541.0,7129100
2023-06-27,543.5,543.9000244140625,532.2999877929688,535.0,8276800
2023-06-28,540.9000244140625,555.0,540.2000122070312,555.0,13426300
2023-06-29,554.5,554.7000122070312,543.5,546.2000122070312,13647500
2023-06-30,545.0,549.4000244140625,542.2999877929688,547.2000122070312,11950400
2023-07-03,548.0,559.2999877929688,547.0999755859375,558.7999877929688,13484800
2023-07-04,557.5,560.0,553.2999877929688,558.2999877929688,12930600
2023-07-05,553.0999755859375,560.0,551.5999755859375,560.0,10452300
2023-07-06,559.0,559.0999755859375,549.7000122070312,551.7000122070312,9572700
2023-07-07,546.0,548.2000122070312,541.4000244140625,542.2000122070312,10573800
2023-07-10,544.0999755859375,546.4000244140625,541.0999755859375,541.4000244140625,10411800
2023-07-11,545.0,547.5999755859375,535.9000244140625,538.2999877929688,6911300
2023-07-12,543.0,544.2999877929688,535.0999755859375,537.2000122070312,5972600
2023-07-13,539.7000122070312,544.5,536.9000244140625,544.4000244140625,7362800
2023-07-14,546.2999877929688,550.9000244140625,541.4000244140625,547.2999877929688,8443900
2023-07-18,545.0,554.2999877929688,545.0,547.0999755859375,6851000
2023-07-19,555.0,563.2999877929688,554.2000122070312,560.2999877929688,13867400
2023-07-20,564.0,565.5999755859375,556.0,557.7999877929688,9350000
2023-07-21,560.0,560.0,555.5999755859375,556.5,8416900
2023-07-24,560.2999877929688,566.4000244140625,558.4000244140625,566.2999877929688,11210800
2023-07-25,568.2000122070312,580.9000244140625,567.5999755859375,577.7999877929688,21026000
2023-07-26,577.7999877929688,577.9000244140625,572.0,575.4000244140625,8731900
2023-07-27,575.0,576.7000122070312,572.2000122070312,576.5999755859375,8147300
2023-07-28,569.2999877929688,583.7000122070312,568.7000122070312,579.2000122070312,21140100
2023-07-31,585.0,588.5999755859375,582.4000244140625,586.5,16683000
2023-08-01,588.7999877929688,592.5,584.0999755859375,592.5,19649500
2023-08-02,552.0,554.7000122070312,541.9000244140625,542.0,51873100
2023-08-03,547.2999877929688,547.2999877929688,537.7000122070312,541.0,23726100
2023-08-04,541.4000244140625,545.5999755859375,539.7000122070312,545.2000122070312,11462500
2023-08-07,544.7999877929688,552.2999877929688,544.4000244140625,550.2000122070312,9801200
2023-08-08,552.2000122070312,553.7000122070312,546.7000122070312,549.0999755859375,7133700
2023-08-09,543.4000244140625,545.0,535.9000244140625,535.9000244140625,13471600
2023-08-10,538.2999877929688,542.7000122070312,536.7999877929688,542.0999755859375,8738200
2023-08-14,542.0999755859375,543.5,536.2999877929688,537.2000122070312,8867300
2023-08-15,538.5999755859375,541.2000122070312,537.2999877929688,539.0,6902000
2023-08-16,531.7000122070312,534.2999877929688,530.0999755859375,532.2000122070312,9078300
2023-08-17,532.0,537.9000244140625,526.2000122070312,537.5,11477300
2023-08-18,530.2000122070312,536.5999755859375,530.2000122070312,533.7999877929688,8612200
2023-08-21,535.2000122070312,538.2000122070312,534.0,536.0,7454400
2023-08-22,538.7000122070312,546.5999755859375,537.0,545.7999877929688,8474400
2023-08-23,541.5,546.9000244140625,539.0999755859375,546.9000244140625,8794100
2023-08-24,546.7999877929688,551.7000122070312,546.0,551.2999877929688,9289400
2023-08-25,547.0,551.7000122070312,546.2000122070312,549.7000122070312,10319100
2023-08-28,553.0999755859375,559.5999755859375,553.0,558.7999877929688,11445700
2023-08-29,560.0,566.4000244140625,558.5999755859375,560.7999877929688,11278900
2023-08-30,564.5999755859375,569.7000122070312,563.2999877929688,565.5999755859375,11737300
2023-08-31,563.7000122070312,569.0,563.0,564.2000122070312,20531300
2023-09-01,567.5,578.7999877929688,566.7999877929688,578.4000244140625,16295300
2023-09-04,580.0,587.0,579.2999877929688,586.9000244140625,15046700
2023-09-05,589.0,591.2999877929688,581.7000122070312,587.4000244140625,12594400
2023-09-06,590.0,607.0,589.9000244140625,600.4000244140625,25173400
2023-09-07,601.0999755859375,603.0,596.5,597.4000244140625,15191900
2023-09-08,599.9000244140625,601.5,596.5999755859375,599.0999755859375,13088400
2023-09-11,605.0,614.7000122070312,604.2999877929688,610.5999755859375,16938400
2023-09-12,614.7999877929688,615.5,608.5,610.9000244140625,13819000
2023-09-13,614.0999755859375,624.9000244140625,612.0999755859375,623.0,17433200
2023-09-14,627.0,638.5,624.5,637.2999877929688,17821100
2023-09-15,649.0999755859375,657.4000244140625,644.4000244140625,646.9000244140625,30236800
2023-09-19,641.7999877929688,652.7000122070312,639.5999755859375,652.2999877929688,19710100
2023-09-20,657.2999877929688,661.7000122070312,643.2999877929688,644.4000244140625,18880600
2023-09-21,640.2999877929688,647.7000122070312,637.5999755859375,639.5999755859375,13904000
2023-09-22,630.0,639.2999877929688,625.2000122070312,635.0,14148300
2023-09-25,635.0999755859375,635.5999755859375,621.2999877929688,622.2999877929688,14742600
2023-09-26,624.2999877929688,626.0,618.7999877929688,622.2999877929688,12615300
2023-09-27,620.0,621.2999877929688,611.5999755859375,620.9000244140625,14772400
2023-09-28,614.7000122070312,615.4000244140625,605.5999755859375,610.7999877929688,13626900
2023-09-29,609.0,609.4000244140625,594.4000244140625,599.0999755859375,18281900
2023-10-02,600.0,612.7999877929688,599.0,599.7999877929688,12034900
2023-10-03,595.2000122070312,598.5,585.0999755859375,587.0999755859375,13197500
2023-10-04,572.9000244140625,576.5999755859375,563.0999755859375,565.7000122070312,17335700
2023-10-05,572.0,589.4000244140625,568.0999755859375,588.4000244140625,16377800
2023-10-06,592.5,604.5999755859375,590.2000122070312,597.5999755859375,16586600
2023-10-10,605.5999755859375,613.0,600.0,611.4000244140625,12372200
2023-10-11,612.2000122070312,615.7000122070312,607.7000122070312,609.7000122070312,9076600
2023-10-12,611.2999877929688,614.5,607.7999877929688,612.0,9057300
2023-10-13,606.0999755859375,613.4000244140625,593.7999877929688,597.2999877929688,13244300
2023-10-16,589.0,594.5,588.2000122070312,592.5999755859375,10748600
2023-10-17,600.0999755859375,605.4000244140625,590.9000244140625,595.9000244140625,8693700
2023-10-18,599.7000122070312,603.9000244140625,596.0,601.5,8904500
2023-10-19,588.2999877929688,595.0,587.0999755859375,587.9000244140625,11429400
2023-10-20,585.5,589.7999877929688,579.5,581.5,8176500
2023-10-23,577.7000122070312,581.2000122070312,574.2999877929688,578.0,9346700
2023-10-24,581.0,581.0,560.7000122070312,575.5,10807500
2023-10-25,579.7000122070312,583.2999877929688,573.7999877929688,576.4000244140625,9769600
2023-10-26,571.0,575.9000244140625,562.4000244140625,563.5999755859375,11766000
2023-10-27,572.5,579.7999877929688,566.9000244140625,577.5999755859375,12536700
2023-10-30,585.0,588.7000122070312,569.5999755859375,571.0,38960600
2023-10-31,576.9000244140625,584.9000244140625,566.5,579.9000244140625,17432700
2023-11-01,591.0999755859375,597.5,586.7999877929688,596.5,16888300
2023-11-02,605.7999877929688,608.7999877929688,600.2999877929688,605.0,15391200
2023-11-06,615.0,622.5,612.0,616.7000122070312,16198400
2023-11-07,615.0,620.7999877929688,610.2000122070312,611.7999877929688,12859600
2023-11-08,613.5999755859375,614.5999755859375,590.0,592.9000244140625,13931400
2023-11-09,590.0,604.5999755859375,587.5,602.4000244140625,8312100
2023-11-10,594.0,604.5,593.7000122070312,602.7999877929688,7689600
2023-11-13,605.0,607.7000122070312,600.2000122070312,604.0,5383000
2023-11-14,606.4000244140625,607.5999755859375,602.0999755859375,602.5,6939800
2023-11-15,612.5,617.5,610.5999755859375,615.0,12173400
2023-11-16,611.2000122070312,613.4000244140625,604.0999755859375,609.0999755859375,8902300
2023-11-17,605.0,615.9000244140625,604.9000244140625,615.9000244140625,8787400
2023-11-20,618.2999877929688,624.7000122070312,616.9000244140625,618.5,11149100
2023-11-21,618.0,618.2000122070312,608.0,610.0,8261400
2023-11-22,606.4000244140625,610.2999877929688,605.2000122070312,609.0999755859375,5724700
2023-11-24,615.7999877929688,616.5999755859375,605.0,605.0,7335100
2023-11-27,605.0,610.0999755859375,602.5999755859375,609.4000244140625,6627600
2023-11-28,607.0,608.2000122070312,597.2000122070312,599.7000122070312,11028000
2023-11-29,598.5,602.0999755859375,592.5999755859375,599.2999877929688,7950300
2023-11-30,591.0,607.2999877929688,588.7999877929688,607.2999877929688,20034500
2023-12-01,609.0,609.9000244140625,604.5,605.2999877929688,7659300
2023-12-04,603.5999755859375,606.7999877929688,598.4000244140625,605.0,7011700
2023-12-05,605.2000122070312,608.0999755859375,596.2999877929688,598.2000122070312,8150600
2023-12-06,601.0,612.0,599.9000244140625,611.7000122070312,9368400
2023-12-07,609.0,609.4000244140625,602.2000122070312,608.2999877929688,8225600
2023-12-08,601.0999755859375,605.7000122070312,593.5999755859375,596.2000122070312,11820000
2023-12-11,605.0,610.5999755859375,601.9000244140625,607.0999755859375,10601700
2023-12-12,609.0,614.7000122070312,607.5999755859375,612.7999877929688,11455900
2023-12-13,616.0,619.0,613.7999877929688,617.7999877929688,12292500
2023-12-14,619.0,619.5,611.0,611.0,13283300
2023-12-15,612.0,620.0,607.0,620.0,16052200
2023-12-18,618.2999877929688,629.7999877929688,612.5,628.2000122070312,17089400
2023-12-19,625.5999755859375,628.5999755859375,618.4000244140625,626.7000122070312,13009100
2023-12-20,625.0,647.0,624.7999877929688,645.4000244140625,19233000
2023-12-21,637.2000122070312,637.9000244140625,632.9000244140625,635.0,12928800
2023-12-22,638.0,645.5,635.0,638.0999755859375,11913900
2023-12-25,643.0,643.0,628.7999877929688,631.7999877929688,7369900
2023-12-26,631.0,631.9000244140625,626.7000122070312,629.2999877929688,6800100
2023-12-27,631.0,636.4000244140625,629.0,636.2000122070312,7524200
2023-12-28,633.7000122070312,637.9000244140625,632.2999877929688,637.9000244140625,5052700
2023-12-29,640.0,646.9000244140625,633.5999755859375,637.7000122070312,8500600
2024-01-04,635.0,645.9000244140625,629.2999877929688,642.5,9924600
2024-01-05,648.0,670.0,647.9000244140625,669.2000122070312,23202000
2024-01-09,680.5999755859375,682.5,672.2000122070312,675.2999877929688,19620400
2024-01-10,672.7999877929688,681.7000122070312,668.0999755859375,676.2000122070312,16996400
2024-01-11,686.2000122070312,699.2999877929688,686.0999755859375,693.7999877929688,23993700
2024-01-12,702.5,708.0,685.0999755859375,690.0,26055900
2024-01-15,689.7999877929688,711.7000122070312,689.2999877929688,709.0999755859375,5379800
2024-01-16,731.0,738.5,728.7000122070312,732.5,28919200
2024-01-17,734.0,752.0999755859375,726.9000244140625,727.5999755859375,30192800
2024-01-18,732.4000244140625,734.0999755859375,721.5999755859375,721.7000122070312,13125000
2024-01-19,732.7999877929688,734.0,720.5999755859375,730.5999755859375,14395300
2024-01-22,742.7999877929688,752.2000122070312,737.2999877929688,752.2000122070312,19395400
2024-01-23,743.5999755859375,749.7999877929688,737.0,742.7000122070312,19885900
2024-01-24,742.0999755859375,743.2000122070312,735.5999755859375,740.7000122070312,12795800
2024-01-25,755.7000122070312,764.7999877929688,752.7000122070312,757.5999755859375,23989400
2024-01-26,751.0,752.9000244140625,742.0,743.2000122070312,16662300
2024-01-29,755.4000244140625,770.0,755.2000122070312,766.0,25818700
2024-01-30,763.9000244140625,764.0,757.5999755859375,759.5,16690500
2024-01-31,759.5,769.2000122070312,753.5999755859375,769.2000122070312,20417600
2024-02-01,810.0,829.9000244140625,801.0,808.7999877929688,49209500
2024-02-02,795.0,798.2000122070312,787.0,792.5999755859375,21265500
2024-02-05,802.2999877929688,813.2999877929688,791.0,811.9000244140625,20643800
2024-02-06,804.0,823.2999877929688,801.0,818.4000244140625,24279800
2024-02-07,810.0,816.4000244140625,800.5999755859375,807.7000122070312,18860300
2024-02-08,813.9000244140625,814.5999755859375,802.2999877929688,809.7000122070312,15098300
2024-02-09,811.5,815.5,803.2000122070312,803.2000122070312,15385600
2024-02-13,811.5999755859375,822.4000244140625,810.9000244140625,816.5999755859375,18614800
2024-02-14,809.0999755859375,810.7000122070312,796.0999755859375,804.7000122070312,18557800
2024-02-15,815.0,815.5999755859375,804.0,808.7000122070312,14225700
2024-02-16,815.0,831.5,813.5,828.0999755859375,30344300
2024-02-19,828.2999877929688,842.0,822.2000122070312,841.7999877929688,19012800
2024-02-20,845.0,854.7000122070312,828.4000244140625,831.2000122070312,22580400
2024-02-21,837.0,839.5999755859375,828.0,836.2999877929688,15502000
2024-02-22,841.5,851.2999877929688,837.7000122070312,849.9000244140625,24917900
2024-02-26,854.0,855.5999755859375,843.5999755859375,846.0999755859375,17398000
2024-02-27,848.2999877929688,871.9000244140625,845.0999755859375,855.5,28562000
2024-02-28,857.2000122070312,864.4000244140625,851.5,860.0999755859375,14801200
2024-02-29,857.0,857.0,842.2999877929688,850.7999877929688,22675000
2024-03-01,853.0999755859375,871.0999755859375,850.0999755859375,871.0999755859375,16455500
2024-03-04,881.0,887.9000244140625,869.2000122070312,877.9000244140625,22176100
2024-03-05,886.2999877929688,912.5,877.0,906.7000122070312,30635500
2024-03-06,908.5999755859376,918.0999755859376,900.0,918.0999755859376,24711400
2024-03-07,927.2000122070312,947.0,912.0,918.9000244140624,34766100
2024-03-08,918.0,930.7999877929688,909.0999755859376,919.4000244140624,21635200
2024-03-11,900.0,901.0,871.5,885.7999877929688,21900200
2024-03-12,875.0,892.5,866.5999755859375,890.7000122070312,16505400
2024-03-13,903.7000122070312,909.9000244140624,883.0999755859375,893.0,16179800
2024-03-14,896.0,908.2000122070312,889.0,906.7999877929688,17156200
2024-03-15,900.0,917.7000122070312,899.7999877929688,911.4000244140624,19140300
2024-03-18,915.0,947.9000244140624,915.0,941.2999877929688,25152400
2024-03-19,943.5,954.0,932.2999877929688,954.0,24722100
2024-03-21,977.0,989.0,971.0,989.0,25680500
2024-03-22,1000.0,1002.0,978.0,984.7999877929688,27819200
2024-03-25,990.0,1006.0,980.4000244140624,980.5999755859376,19039300
2024-03-26,977.0,983.5,968.0,980.0,10747800
2024-03-27,981.5,991.5,976.0999755859376,980.5999755859376,18061300
2024-03-28,969.4000244140624,974.0,958.5,964.2000122070312,17491000
2024-03-29,977.7999877929688,979.7000122070312,967.5,974.2999877929688,6695000
2024-04-01,980.0,985.0,923.2999877929688,924.7000122070312,26572800
2024-04-02,931.7999877929688,941.2999877929688,926.0,930.9000244140624,15253300
2024-04-03,920.0,935.4000244140624,911.2999877929688,929.2000122070312,17524200
2024-04-04,939.9000244140624,954.2999877929688,935.2999877929688,947.7000122070312,16742500
2024-04-05,922.0,928.7000122070312,906.9000244140624,922.7000122070312,20144400
2024-04-08,937.7000122070312,957.5,932.0999755859376,937.2000122070312,18031900
2024-04-09,949.2000122070312,952.7000122070312,942.2000122070312,950.5999755859376,11679800
2024-04-10,932.7999877929688,947.7000122070312,931.2999877929688,941.0,11429000
2024-04-11,942.4000244140624,958.5999755859376,937.0,956.0,15990600
2024-04-12,956.2000122070312,963.4000244140624,949.2999877929688,957.2999877929688,16764100
2024-04-15,938.0,958.0,928.7000122070312,957.2000122070312,18456200
2024-04-16,934.5,940.4000244140624,910.2999877929688,914.4000244140624,21102700
2024-04-17,918.2999877929688,920.0,893.4000244140625,896.2000122070312,21883900
2024-04-18,890.0,910.5999755859376,881.0999755859375,906.2999877929688,18229400
2024-04-19,896.0999755859375,902.2999877929688,864.0,876.4000244140625,25900100
2024-04-22,885.0,904.0999755859376,883.5,897.2999877929688,19388700
2024-04-23,906.2999877929688,916.0,896.4000244140625,904.2000122070312,18480300
2024-04-24,908.0,921.4000244140624,903.2000122070312,921.4000244140624,23059500
2024-04-25,915.0,916.7999877929688,899.4000244140625,900.2000122070312,15401200
2024-04-26,905.0,922.2000122070312,899.2000122070312,914.2000122070312,17797700
2024-04-30,905.0999755859376,919.5999755859376,893.0,900.0,26291800
2024-05-01,877.7999877929688,878.9000244140625,859.0999755859375,868.9000244140625,27293200
2024-05-02,867.9000244140625,876.7000122070312,859.0,876.4000244140625,20396900
2024-05-07,905.0,928.2000122070312,900.0,927.7999877929688,36748100
2024-05-08,917.4000244140624,921.9000244140624,891.5,895.7999877929688,24759100
2024-05-09,893.0,893.7999877929688,874.4000244140625,879.5,20539200
2024-05-10,894.0,895.5999755859375,880.7999877929688,887.2999877929688,12598200
2024-05-13,881.0999755859375,891.2999877929688,880.2999877929688,890.2999877929688,7186000
2024-05-14,887.0,897.0,878.7999877929688,883.5,12998700
2024-05-15,894.7000122070312,907.7000122070312,886.2999877929688,887.5,13623200
2024-05-16,893.2999877929688,918.0999755859376,889.2999877929688,915.9000244140624,20322600
2024-05-17,906.2000122070312,920.2000122070312,900.0,917.2999877929688,14746000
2024-05-20,912.0999755859376,921.7000122070312,902.0999755859376,908.0,17450800
2024-05-21,907.7999877929688,912.7999877929688,901.5,903.5,12910600
2024-05-22,916.2000122070312,930.0,912.0,924.0999755859376,19760300
2024-05-23,928.7000122070312,946.2999877929688,916.5999755859376,946.0999755859376,23043900
2024-05-24,931.2000122070312,937.7000122070312,922.2999877929688,929.0,17089600
2024-05-27,929.2999877929688,943.2000122070312,929.2999877929688,940.7000122070312,11556100
2024-05-28,941.2999877929688,942.5,933.5,936.2999877929688,11553100
2024-05-29,945.0,957.0,926.4000244140624,928.2000122070312,17046800
2024-05-30,916.5999755859376,923.4000244140624,906.0,909.5,16022400
2024-05-31,903.9000244140624,953.7999877929688,902.0,950.5,31563300
2024-06-03,962.5999755859376,996.4000244140624,960.5,988.2999877929688,29780900
2024-06-04,985.0,998.0,980.5999755859376,986.2999877929688,19926500
2024-06-05,972.9000244140624,972.9000244140624,948.4000244140624,961.7000122070312,15219600
2024-06-06,976.7000122070312,992.0,973.0,983.4000244140624,17690800
2024-06-07,978.0,984.5,965.0999755859376,971.5,9252600
2024-06-10,965.7999877929688,976.5,962.5,962.7000122070312,9017600
2024-06-11,969.5999755859376,972.4000244140624,938.0999755859376,939.5,12085300
2024-06-12,919.0,927.5,911.7000122070312,916.0,14894500
2024-06-13,931.0,938.9000244140624,914.0,915.9000244140624,14715000
2024-06-14,909.0999755859376,926.7000122070312,908.2000122070312,924.2999877929688,12017000
2024-06-17,912.0,914.4000244140624,892.5,898.0,12062600
2024-06-18,913.0,913.0999755859376,897.2000122070312,900.5,8083000
2024-06-19,909.7999877929688,909.7999877929688,895.2999877929688,898.7999877929688,7490000
2024-06-20,891.2000122070312,893.4000244140625,877.5999755859375,890.5,9096600
2024-06-21,901.7000122070312,908.5,892.9000244140625,896.7999877929688,24041600
2024-06-24,891.0,906.2999877929688,890.5,901.2999877929688,8763000
2024-06-25,920.0,934.9000244140624,918.5999755859376,934.5999755859376,13612800
2024-06-26,935.7000122070312,946.2000122070312,928.5,938.5,11644900
2024-06-27,930.0,937.2999877929688,912.4000244140624,914.0,15653500
2024-06-28,923.2000122070312,932.0,920.2999877929688,922.0,12664000
2024-07-01,926.0,940.2999877929688,925.5999755859376,937.0,10857300
2024-07-02,942.0,964.4000244140624,939.4000244140624,962.0999755859376,18052900
2024-07-03,969.0,979.4000244140624,956.0999755859376,968.2999877929688,16621300
2024-07-04,968.4000244140624,972.7999877929688,961.7999877929688,966.0,8681600
2024-07-05,962.4000244140624,971.0,953.0,959.0,9220300
2024-07-08,959.5,966.7999877929688,954.0,954.9000244140624,7484200
2024-07-09,952.0,960.0,938.2999877929688,954.2000122070312,10583800
2024-07-10,959.5999755859376,979.0,951.7000122070312,971.2999877929688,13537800
2024-07-11,980.0,983.7000122070312,963.5999755859376,965.2000122070312,10358200
2024-07-12,951.4000244140624,959.9000244140624,947.5,953.7000122070312,8176900
2024-07-16,956.5,989.7000122070312,956.2000122070312,988.5999755859376,16623300
2024-07-17,1000.0,1021.0,989.2999877929688,996.0,20173400
2024-07-18,972.5,993.0,969.5,975.5999755859376,8926700
2024-07-19,971.7999877929688,974.7999877929688,962.2999877929688,971.5,7767100
2024-07-22,970.0,972.0999755859376,951.0999755859376,953.4000244140624,6415700
2024-07-23,964.7999877929688,969.2999877929688,958.0999755859376,962.5,5253800
2024-07-24,952.0,959.0,931.7999877929688,932.0,8111200
2024-07-25,902.0,904.9000244140624,885.4000244140625,886.9000244140625,17693800
2024-07-26,884.0,895.0,870.2000122070312,880.2999877929688,12553100
2024-07-29,893.0,913.2999877929688,888.2000122070312,910.7000122070312,10823400
2024-07-30,897.5,916.9000244140624,892.2000122070312,908.9000244140624,12249500
2024-07-31,910.0,949.2999877929688,882.7999877929688,940.0999755859376,31811300
2024-08-01,940.0,940.0,895.0999755859375,904.4000244140624,18587100
2024-08-02,850.0,852.7999877929688,802.0999755859375,806.7999877929688,31707900
2024-08-05,666.7999877929688,720.0,656.7999877929688,656.7999877929688,30425900
2024-08-06,721.7999877929688,734.7000122070312,693.2999877929688,730.0999755859375,28665200
2024-08-07,695.0,775.9000244140625,695.0,749.5,26491400
2024-08-08,728.7999877929688,745.0,717.0,724.9000244140625,17610600
2024-08-09,759.5999755859375,761.5999755859375,722.0,739.7999877929688,13956000
2024-08-13,761.0999755859375,785.0,754.5,784.2999877929688,13932500
2024-08-14,789.0,806.2999877929688,783.0,792.0999755859375,13902400
2024-08-15,804.7000122070312,831.0,799.9000244140625,817.2999877929688,14208500
2024-08-16,847.2999877929688,855.5999755859375,840.5,854.0999755859375,14242800
2024-08-19,848.0,858.0999755859375,832.5,836.9000244140625,9637900
2024-08-20,851.9000244140625,853.0,835.0,849.9000244140625,7581400
2024-08-21,835.0,847.2000122070312,833.0,847.2000122070312,8301700
2024-08-22,839.5999755859375,843.4000244140625,824.0,834.5999755859375,10331900
2024-08-23,840.0,846.2999877929688,829.7000122070312,846.2999877929688,9339400
2024-08-26,845.0,845.0,825.0,832.7999877929688,7525200
2024-08-27,836.0,838.5999755859375,823.5999755859375,833.7999877929688,5795500
2024-08-28,836.0,836.7999877929688,824.2000122070312,836.7999877929688,6256400
2024-08-29,835.7999877929688,842.0,827.2000122070312,836.7999877929688,7511500
2024-08-30,835.0,848.7000122070312,832.4000244140625,848.2999877929688,11461300
2024-09-02,859.2000122070312,862.0,845.0,852.2999877929688,8707000
2024-09-03,852.2999877929688,866.5999755859375,848.0,864.5,7863800
2024-09-04,828.0,838.2999877929688,809.4000244140625,810.9000244140625,17222200
2024-09-05,791.0,829.7000122070312,790.0,817.7999877929688,14552000
2024-09-06,811.0,817.0999755859375,793.0999755859375,801.9000244140625,10037500
2024-09-09,770.0,788.4000244140625,763.0,787.0,13114100
2024-09-10,790.0,795.0,778.0999755859375,778.4000244140625,11924300
2024-09-11,760.5,763.5,736.7000122070312,749.4000244140625,15965400
2024-09-12,770.0,771.7999877929688,754.2000122070312,768.4000244140625,13693100
2024-09-13,766.7000122070312,768.0,757.2000122070312,763.2999877929688,9858700
2024-09-17,768.7000122070312,773.9000244140625,727.5,743.4000244140625,14378600
2024-09-18,757.9000244140625,761.9000244140625,742.0,754.0,12775600
2024-09-19,784.0,787.0,769.2999877929688,774.9000244140625,11285100
2024-09-20,788.9000244140625,794.5999755859375,782.0,788.0999755859375,13458000
2024-09-24,798.0,801.5999755859375,783.0999755859375,784.5,12589300
2024-09-25,785.2000122070312,789.5999755859375,760.5999755859375,773.0,15090200
2024-09-26,782.2999877929688,799.0999755859375,777.0999755859375,799.0999755859375,13746300
2024-09-27,799.7999877929688,810.5,777.0,808.0999755859375,17496900
2024-09-30,749.0,768.0999755859375,741.2999877929688,743.0,34877000
2024-10-01,758.0,773.7999877929688,750.7999877929688,770.0,12759900
2024-10-02,755.0,771.4000244140625,754.4000244140625,760.4000244140625,11548200
2024-10-03,790.4000244140625,791.4000244140625,772.7999877929688,779.5999755859375,10626700
2024-10-04,780.7999877929688,786.9000244140625,775.0999755859375,779.0999755859375,8252900
2024-10-07,809.0999755859375,825.7999877929688,809.0,823.2999877929688,19036200
2024-10-08,812.0,820.0,793.2000122070312,794.7000122070312,13791300
2024-10-09,804.2999877929688,804.2999877929688,781.7000122070312,791.0,10404700
2024-10-10,802.0,802.0,790.4000244140625,793.2000122070312,7673200
2024-10-11,796.0999755859375,801.0,784.0999755859375,790.0,9856800
2024-10-15,802.5999755859375,807.7999877929688,797.0999755859375,798.5999755859375,11118100
2024-10-16,786.0,800.7000122070312,780.5,790.7999877929688,9992000
2024-10-17,795.7999877929688,807.4000244140625,792.0999755859375,806.2999877929688,10381800
2024-10-18,808.0,808.5,794.2999877929688,800.2000122070312,9725100
2024-10-21,797.7000122070312,798.5,786.7000122070312,792.0,9558600
2024-10-22,785.2000122070312,789.2000122070312,772.2999877929688,780.9000244140625,9594400
2024-10-23,780.0,782.0999755859375,771.2000122070312,776.7000122070312,7659800
2024-10-24,762.5,778.2000122070312,760.0999755859375,772.7999877929688,9209400
2024-10-25,774.5999755859375,775.9000244140625,761.9000244140625,768.7000122070312,10084400
2024-10-28,759.0,788.5,757.9000244140625,783.7000122070312,10336500
2024-10-29,792.4000244140625,803.4000244140625,789.5,802.5,9791000
2024-10-30,801.9000244140625,808.2999877929688,790.5,800.9000244140625,19780500
2024-10-31,794.0,804.7999877929688,790.0999755859375,799.2000122070312,15673800
2024-11-01,780.0,785.0999755859375,772.7000122070312,777.5999755859375,12687400
2024-11-05,807.5999755859375,861.2999877929688,805.0,860.0999755859375,28855500
2024-11-06,860.0,871.2999877929688,841.0,871.2999877929688,20831400
2024-11-07,897.0,900.0,877.7999877929688,886.2000122070312,18248600
2024-11-08,900.0,910.0,897.5,907.7999877929688,20376900
2024-11-11,900.0,906.5999755859376,891.0999755859375,906.2999877929688,11841600
2024-11-12,907.0,936.0,906.5999755859376,919.7999877929688,19540500
2024-11-13,918.5,924.9000244140624,892.7999877929688,900.0,15233600
2024-11-14,906.0,918.2000122070312,901.5999755859376,904.9000244140624,11182800
2024-11-15,919.9000244140624,920.4000244140624,907.7000122070312,915.7000122070312,12609300
2024-11-18,913.2999877929688,930.0,911.2999877929688,925.0999755859376,12277800
2024-11-19,929.4000244140624,942.4000244140624,923.5,939.7999877929688,13049600
2024-11-20,946.0,946.5999755859376,931.4000244140624,932.9000244140624,9947800
2024-11-21,935.0,937.7999877929688,928.5,928.5999755859376,8742200
2024-11-22,938.0999755859376,938.0999755859376,924.0,930.0,8614900
2024-11-25,933.0,946.5999755859376,928.0,933.7000122070312,17135200
2024-11-26,924.7999877929688,928.0,908.4000244140624,922.2999877929688,9927700
2024-11-27,910.5999755859376,914.7000122070312,896.2000122070312,900.0,10657900
2024-11-28,891.0,909.2000122070312,889.7999877929688,902.7999877929688,10343800
2024-11-29,893.9000244140625,902.2999877929688,890.2999877929688,901.4000244140624,11570800
2024-12-02,908.0,927.7999877929688,905.0,921.4000244140624,10957000
2024-12-03,928.5999755859376,941.5,923.5,935.5999755859376,12699900
2024-12-04,935.0999755859376,938.5,923.2999877929688,924.9000244140624,8885600
2024-12-05,932.0,934.9000244140624,923.0,933.4000244140624,8837700
2024-12-06,935.0,936.0999755859376,913.7999877929688,923.5999755859376,8017700
2024-12-09,924.9000244140624,924.9000244140624,908.7999877929688,921.0,8757700
2024-12-10,926.5999755859376,931.7000122070312,918.4000244140624,923.0,7613500
2024-12-11,930.0,931.7000122070312,913.9000244140624,924.0,7063800
2024-12-12,935.2000122070312,935.7000122070312,922.5999755859376,922.5999755859376,8648600
2024-12-13,907.5999755859376,920.7999877929688,906.0,914.7999877929688,8623500
2024-12-16,915.0,921.5999755859376,910.0,914.2999877929688,5564100
2024-12-17,910.0,915.2999877929688,891.0999755859375,891.7000122070312,9604400
2024-12-18,895.0,911.2000122070312,892.5999755859375,904.0,10382400
2024-12-19,887.5999755859375,905.4000244140624,881.2999877929688,896.2000122070312,9609100
2024-12-20,904.5,911.2999877929688,893.2999877929688,893.2999877929688,19758800
2024-12-23,905.5,905.5999755859376,898.0,902.7999877929688,4864900
2024-12-24,901.4000244140624,907.9000244140624,900.2999877929688,907.9000244140624,4853600
2024-12-25,916.4000244140624,916.4000244140624,901.0,911.9000244140624,5806100
2024-12-26,912.0,924.7000122070312,910.2999877929688,923.4000244140624,8510200
2024-12-27,925.0,937.2000122070312,924.2000122070312,936.0,8165000
2024-12-30,936.0,949.2999877929688,928.0999755859376,931.2999877929688,6560700
2025-01-06,933.7000122070312,938.5,906.5999755859376,919.0999755859376,11274800
2025-01-07,925.0,944.5999755859376,916.7999877929688,928.5,10686200
2025-01-08,925.0,926.4000244140624,908.2999877929688,912.7999877929688,11636000
2025-01-09,916.0,919.2999877929688,908.0,909.5999755859376,8892000
2025-01-10,905.0,906.7999877929688,894.5999755859375,899.0999755859375,9278300
2025-01-14,899.5,901.5,887.5999755859375,892.0,10494900
2025-01-15,897.2000122070312,902.9000244140624,885.2999877929688,887.9000244140625,7065100
2025-01-16,908.9000244140624,924.4000244140624,905.2000122070312,916.9000244140624,12838000
2025-01-17,912.0,934.5999755859376,906.0999755859376,932.0,9890000
2025-01-20,938.0,949.9000244140624,935.4000244140624,949.9000244140624,10294500
2025-01-21,953.0,956.0,940.5,951.7000122070312,9906200
2025-01-22,973.0,979.2999877929688,965.7000122070312,965.7000122070312,14044100
2025-01-23,970.0,972.5999755859376,961.0,963.0,10646200
2025-01-24,974.9000244140624,983.7999877929688,968.5,974.0999755859376,11317900
2025-01-27,987.7999877929688,995.7999877929688,982.4000244140624,986.0,10011400
2025-01-28,974.5999755859376,990.9000244140624,972.0,976.5999755859376,11295400
2025-01-29,989.7999877929688,1000.0,985.0999755859376,996.9000244140624,11197400
2025-01-30,996.0,1000.0,990.5999755859376,996.4000244140624,8244600
2025-01-31,996.4000244140624,1024.5,989.5,1019.0,18786700
2025-02-03,989.7999877929688,996.0,979.2999877929688,990.2000122070312,17685400
2025-02-04,1006.5,1006.5,994.5999755859376,998.2999877929688,11141600
2025-02-05,1005.0,1011.5,993.2000122070312,1000.0,11218800
2025-02-06,1050.0,1080.0,1037.5,1037.5,27725400
2025-02-07,1042.0,1052.0,1029.0,1036.0,13637100
2025-02-10,1037.0,1048.0,1033.5,1042.0,8327100
2025-02-12,1023.0,1028.0,999.0999755859376,1003.5,16115300
2025-02-13,1017.0,1054.0,1014.5,1044.5,13681000
2025-02-14,1047.0,1047.5,1026.5,1031.5,8679000
2025-02-17,1038.0,1040.0,1029.0,1031.5,6057500
2025-02-18,1031.0,1032.0,1017.0,1021.5,8587300
2025-02-19,1015.0,1031.5,1012.5,1022.5,7770300
2025-02-20,1013.5,1016.5,996.5,1004.0,8846900
2025-02-21,986.7000122070312,1003.0,978.2999877929688,997.5999755859376,8416900
2025-02-25,980.0999755859376,999.7000122070312,980.0999755859376,992.9000244140624,8337200
2025-02-26,989.0,992.4000244140624,972.7000122070312,982.5999755859376,10026400
2025-02-27,988.0,1003.0,983.0,1000.5,7664300
2025-02-28,984.0,992.9000244140624,964.0999755859376,968.0,19359500
2025-03-03,998.0,1001.0,973.0,991.0999755859376,9792300
2025-03-04,986.0999755859376,987.7000122070312,967.2999877929688,976.0,11613400
2025-03-05,977.0,987.5999755859376,968.2999877929688,983.0,9698100
2025-03-06,989.7999877929688,991.9000244140624,981.4000244140624,985.5,10096600
2025-03-07,975.0,978.5999755859376,963.5999755859376,965.2999877929688,12551500
2025-03-10,965.0,974.2999877929688,958.5,958.5,8339500
2025-03-11,921.0,924.5999755859376,897.2999877929688,916.5999755859376,23856400
2025-03-12,940.7999877929688,949.0999755859376,925.5999755859376,927.0,15648400
2025-03-13,941.4000244140624,943.9000244140624,918.0,918.0,11989400
2025-03-14,909.4000244140624,933.2000122070312,909.4000244140624,928.5999755859376,10317800
2025-03-17,950.0,960.0,947.0,947.0,11249000
2025-03-18,965.0,971.4000244140624,959.2000122070312,964.0999755859376,11077900
2025-03-19,964.0,977.2999877929688,961.0,967.0,9316900
2025-03-21,965.0999755859376,990.7999877929688,961.2999877929688,981.0,15581400
2025-03-24,996.0,1005.5,983.0,988.7999877929688,14340200
2025-03-25,1000.0,1002.0,987.7000122070312,991.0,11388700
2025-03-26,996.0,999.4000244140624,989.2000122070312,999.0,9190600
2025-03-27,989.4000244140624,1008.5,987.7000122070312,1008.5,14631800
2025-03-28,977.0,978.9000244140624,955.4000244140624,961.4000244140624,14047000
2025-03-31,916.4000244140624,924.0999755859376,900.5,908.2000122070312,17692400
2025-04-01,923.2000122070312,932.0,912.7000122070312,914.0,13961400
2025-04-02,923.0,927.5999755859376,906.5999755859376,919.7000122070312,10128100
2025-04-03,850.0,869.7000122070312,840.0,850.0999755859375,36789500
2025-04-04,820.0999755859375,829.0,779.0999755859375,812.5,29111000
2025-04-07,676.0,739.2000122070312,672.0,705.5999755859375,29768000
2025-04-08,750.5999755859375,790.2999877929688,750.0,759.0,25251600
2025-04-09,714.0,739.7000122070312,703.5999755859375,721.2000122070312,24611200
2025-04-10,815.0,815.0,766.2999877929688,787.2999877929688,22087900
2025-04-11,748.5,767.7999877929688,733.2999877929688,763.0,19137300
2025-04-14,779.7999877929688,784.9000244140625,768.0,769.2000122070312,12229700
2025-04-15,778.0,791.2000122070312,774.0,774.0999755859375,11550300
2025-04-16,783.7999877929688,784.2000122070312,761.7000122070312,771.0,11011200
2025-04-17,768.2999877929688,782.9000244140625,763.5,782.2999877929688,8079100
2025-04-18,785.0,795.5999755859375,779.4000244140625,790.9000244140625,6302500
2025-04-21,788.5,788.5,768.0999755859375,775.2000122070312,10095600
2025-04-22,767.5,780.0,763.5,778.7000122070312,12378600
2025-04-23,803.0,804.2999877929688,788.0,796.0999755859375,15308400
2025-04-24,803.0,825.4000244140625,802.2000122070312,811.5999755859375,17073700
2025-04-25,826.0,828.7999877929688,814.0,815.4000244140625,15195800
2025-04-28,815.4000244140625,822.0999755859375,790.2000122070312,791.9000244140625,31464200
2025-04-30,789.0,796.7000122070312,784.0999755859375,791.2000122070312,23420700
2025-05-01,796.9000244140625,800.0999755859375,787.2999877929688,797.0999755859375,14108900
2025-05-02,799.0,803.7999877929688,787.9000244140625,790.0,13622500
2025-05-07,781.0,801.9000244140625,780.0,798.2999877929688,17364000
2025-05-08,803.0,810.2999877929688,794.2999877929688,803.7999877929688,13151700
2025-05-09,818.7999877929688,827.5,812.9000244140625,824.0,16422300
2025-05-12,831.4000244140625,842.9000244140625,827.0,841.2000122070312,11952300
2025-05-13,883.4000244140625,888.7999877929688,871.0,874.0,22015300
2025-05-14,878.0,888.7999877929688,872.2000122070312,887.5999755859375,14863100
2025-05-15,876.5,879.0,861.5999755859375,862.0,13479800
2025-05-16,862.0,876.0999755859375,860.2000122070312,876.0999755859375,14254300
2025-05-19,857.7000122070312,864.0,848.7000122070312,858.5999755859375,13238700
2025-05-20,877.5,877.5,861.7999877929688,861.7999877929688,13126800
2025-05-21,870.9000244140625,872.5,863.7999877929688,865.0,11018400
2025-05-22,858.0,867.5,855.2999877929688,863.7000122070312,11732200
2025-05-23,869.5999755859375,871.0,859.0,859.0,11297500
2025-05-26,860.0999755859375,866.5999755859375,857.0,865.2000122070312,7337000
2025-05-27,866.5999755859375,877.0,863.2000122070312,874.0999755859375,7507400
2025-05-28,886.2000122070312,886.7999877929688,875.4000244140625,875.4000244140625,12032400
2025-05-29,876.2999877929688,885.0999755859375,876.0999755859375,883.7999877929688,10557300
2025-05-30,872.2999877929688,892.0999755859375,871.5999755859375,888.2999877929688,19532200
2025-06-02,884.0,884.5,874.7000122070312,880.5,9376500
2025-06-03,880.4000244140625,883.0,874.0999755859375,876.5,12134000
2025-06-04,881.0,891.5999755859375,880.0999755859375,887.2000122070312,13180800
2025-06-05,887.0,896.4000244140625,883.0,883.0,12594500
2025-06-06,890.0,900.7000122070312,887.5,894.5999755859375,13035400
2025-06-09,900.0,907.0999755859376,896.0999755859375,897.5999755859375,8965000
2025-06-10,899.0999755859375,909.7999877929688,895.0,895.0,10911300
2025-06-11,890.0,894.0,882.5999755859375,891.5,11953200
2025-06-12,891.4000244140625,894.0,885.7999877929688,889.9000244140625,8688400
2025-06-13,886.9000244140625,889.7999877929688,876.5,878.5999755859375,10890300
2025-06-16,880.0,891.4000244140625,880.0,888.2999877929688,8662300
2025-06-17,895.0,895.0999755859375,890.0,893.7000122070312,7811600
2025-06-18,893.5999755859375,916.5,892.7999877929688,916.5,14004100
2025-06-19,919.0,925.0,909.7999877929688,911.5,8243900
2025-06-20,912.0,920.7000122070312,898.2999877929688,898.2999877929688,13817100
2025-06-23,890.5,891.5,881.5999755859375,890.0,7552200
2025-06-24,902.7999877929688,906.2999877929688,894.4000244140625,898.5999755859375,6021300
2025-06-25,912.0,912.7999877929688,895.0,898.7999877929688,8710000
2025-06-26,900.5,907.7999877929688,896.7999877929688,903.5999755859376,8460700
2025-06-27,916.0,952.0,915.5,944.5,31333000
2025-06-30,950.4000244140624,964.7000122070312,948.5,952.0,14989800
2025-07-01,948.0,948.4000244140624,931.7999877929688,936.9000244140624,10613100
2025-07-02,935.0,940.2999877929688,926.0999755859376,934.5999755859376,9853900
2025-07-03,932.2999877929688,934.0,920.7000122070312,927.7999877929688,11250200
2025-07-04,936.0,945.2999877929688,931.4000244140624,933.0999755859376,9783900
2025-07-07,933.0,933.4000244140624,915.2000122070312,918.5,8504300
2025-07-08,911.0999755859376,922.7999877929688,911.0,917.5999755859376,10386200
2025-07-09,923.0,927.9000244140624,917.5999755859376,926.4000244140624,9726800
2025-07-10,926.7000122070312,929.0999755859376,920.0999755859376,928.4000244140624,9518600
2025-07-11,935.0,949.0,930.5999755859376,943.7999877929688,10894200
2025-07-14,941.0,945.5999755859376,932.2999877929688,942.7000122070312,8326100
2025-07-15,942.9000244140624,953.4000244140624,938.0,939.2999877929688,9569500
2025-07-16,936.9000244140624,939.0,924.7000122070312,925.9000244140624,9004700
2025-07-17,928.0,935.9000244140624,926.2000122070312,933.0,8170400
2025-07-18,940.0,943.5999755859376,932.7999877929688,933.7999877929688,7912300
2025-07-22,934.0,951.5999755859376,934.0,943.9000244140624,10082900
2025-07-23,958.9000244140624,988.2000122070312,957.2999877929688,983.4000244140624,21264000
2025-07-24,996.0,1002.0,989.5,991.5999755859376,15531100
2025-07-25,991.0,999.9000244140624,985.2000122070312,995.7999877929688,10192800
2025-07-28,1003.0,1006.0,990.4000244140624,993.0,11587000
2025-07-29,996.2000122070312,1005.5,990.9000244140624,996.2000122070312,13450700
2025-07-30,1008.0,1012.0,978.0,1005.5,22035200
2025-07-31,998.2000122070312,1006.0,990.5,1005.0,13605800
2025-08-01,999.5,1012.5,995.4000244140624,1008.0,12168600
2025-08-04,979.7999877929688,984.7000122070312,969.0,982.0999755859376,13792400
2025-08-05,984.2000122070312,998.0,981.0,996.7999877929688,7928200
2025-08-06,995.5,1004.0,994.5999755859376,1002.0,9858200
2025-08-07,1003.5,1019.0,1003.0,1017.5,8939900
2025-08-08,1018.0,1029.5,1016.5,1025.5,11193600
2025-08-12,1035.0,1058.0,1034.5,1051.0,15403100
2025-08-13,1064.0,1074.5,1058.0,1065.5,14730600
2025-08-14,1058.0,1064.5,1050.5,1059.5,8905500
2025-08-15,1067.5,1088.0,1063.5,1088.0,10845200
2025-08-18,1098.0,1100.0,1083.5,1090.0,10776200
2025-08-19,1099.0,1099.0,1077.0,1077.0,8526500
2025-08-20,1071.0,1071.5,1055.0,1061.0,9348400
2025-08-21,1055.0,1062.0,1046.0,1056.5,8258300
2025-08-22,1053.5,1069.0,1051.5,1067.5,8199600
2025-08-25,1089.0,1092.0,1078.0,1079.0,7415400
2025-08-26,1081.0,1084.5,1058.5,1069.5,10520200
2025-08-27,1061.0,1069.5,1057.0,1059.5,7723600
2025-08-28,1057.0,1069.5,1053.5,1068.5,7186000
2025-08-29,1064.0,1065.0,1055.0,1060.0,6537600
2025-09-01,1055.0,1062.5,1044.5,1046.0,7462700
2025-09-02,1047.0,1062.5,1046.5,1060.0,5946200
2025-09-03,1058.0,1061.0,1028.5,1033.5,9657400
2025-09-04,1040.0,1048.0,1038.0,1044.5,7644800
2025-09-05,1060.0,1064.0,1054.5,1064.0,6447300
2025-09-08,1071.0,1085.0,1069.0,1083.5,9537200
2025-09-09,1090.0,1093.5,1074.0,1076.5,8270700
2025-09-10,1079.0,1091.5,1076.5,1091.5,6666500
2025-09-11,1091.0,1096.5,1085.0,1092.0,7147700
2025-09-12,1102.0,1105.0,1092.5,1099.0,10303700
2025-09-16,1102.0,1115.0,1101.5,1107.5,10203400
2025-09-17,1111.0,1111.0,1087.0,1094.5,7011900
2025-09-18,1101.0,1102.0,1088.5,1096.5,7296300
2025-09-19,1100.0,1109.5,1077.0,1090.5,14087600
2025-09-22,1091.0,1103.5,1089.5,1094.0,7755700
2025-09-24,1105.0,1105.5,1085.5,1089.5,9860800
2025-09-25,1095.0,1109.0,1095.0,1109.0,9595700
2025-09-26,1109.5,1135.0,1106.5,1121.0,16701200
2025-09-29,1100.0,1102.0,1073.5,1076.5,11525400
2025-09-30,1073.0,1087.5,1064.0,1085.5,11443800
2025-10-01,1069.5,1071.0,1044.5,1049.5,10751300
2025-10-02,1048.0,1055.5,1040.0,1042.5,7980800
2025-10-03,1035.0,1057.5,1034.5,1047.0,6848100
2025-10-06,1094.5,1098.5,1076.0,1092.5,15225800
2025-10-07,1099.5,1103.5,1082.0,1082.0,9652900
2025-10-08,1094.0,1104.5,1088.5,1093.0,9082100
2025-10-09,1097.5,1111.5,1093.5,1105.5,10900500
2025-10-10,1092.0,1094.5,1060.0,1060.0,14004800
2025-10-14,1042.0,1056.5,1029.0,1039.0,12439800
2025-10-15,1054.0,1070.0,1051.0,1070.0,8993100
2025-10-16,1082.0,1082.0,1066.0,1074.0,8537600
2025-10-17,1050.0,1062.0,1044.0,1044.0,11385200
2025-10-20,1059.0,1069.0,1053.0,1065.5,9582700
2025-10-21,1070.0,1081.0,1066.0,1071.5,9069700
2025-10-22,1073.0,1077.5,1066.0,1072.5,5491200
2025-10-23,1064.5,1065.5,1054.5,1054.5,6355900
2025-10-24,1050.5,1054.0,1042.0,1049.0,8680800
2025-10-27,1076.0,1090.5,1068.0,1090.5,13264000
2025-10-28,1096.0,1107.5,1088.5,1094.5,13573300
2025-10-29,1093.0,1100.0,1082.0,1085.0,19550800
2025-10-30,1075.0,1090.0,1060.5,1090.0,14551700
2025-10-31,1103.0,1110.0,1089.0,1102.0,16695300
2025-11-04,1103.0,1103.0,1075.0,1078.0,13986600
2025-11-05,1074.5,1075.5,1032.0,1055.5,14398700
2025-11-06,1064.5,1088.0,1064.5,1088.0,11039200
2025-11-07,1077.0,1090.5,1070.5,1090.5,8359100
2025-11-10,1091.0,1101.0,1086.5,1101.0,10467600
2025-11-11,1106.5,1118.5,1093.5,1101.5,8214400
2025-11-12,1111.0,1133.0,1106.5,1132.0,12704700
2025-11-13,1142.5,1173.5,1142.5,1158.5,13559600
2025-11-14,1128.5,1155.0,1124.0,1148.0,8512400
2025-11-17,1138.0,1139.0,1090.0,1096.5,12501200
2025-11-18,1096.0,1098.0,1075.0,1075.0,12581400
2025-11-19,1084.0,1086.5,1060.5,1070.5,9030700
2025-11-20,1105.0,1127.5,1099.5,1124.0,13203400
2025-11-21,1094.0,1119.5,1090.0,1119.5,13309900
2025-11-25,1132.0,1133.0,1106.0,1120.0,9122500
2025-11-26,1140.0,1173.5,1137.5,1173.5,12510600
2025-11-27,1179.0,1181.0,1165.5,1173.0,6537100
2025-11-28,1173.5,1185.5,1170.0,1177.5,5916900
2025-12-01,1185.0,1186.5,1161.5,1176.5,7436100
2025-12-02,1185.0,1189.5,1174.5,1185.0,7245500
2025-12-03,1200.0,1212.0,1185.0,1195.0,10228700
2025-12-04,1200.0,1239.5,1195.5,1239.5,11866600
2025-12-05,1221.0,1226.0,1192.0,1199.0,11492100
2025-12-08,1217.5,1218.5,1197.0,1218.5,6902500
2025-12-09,1225.0,1225.0,1200.5,1208.5,6477300
2025-12-10,1229.0,1260.5,1225.5,1259.0,16228600
2025-12-11,1289.0,1290.0,1264.0,1279.0,13089800
2025-12-12,1291.0,1309.5,1289.0,1308.0,13627100
2025-12-15,1298.5,1298.5,1280.5,1286.5,9333300
2025-12-16,1299.5,1301.0,1250.5,1250.5,10288700
2025-12-17,1251.0,1255.5,1239.0,1248.0,7643800
2025-12-18,1254.5,1271.0,1252.0,1271.0,9346900
2025-12-19,1268.0,1270.5,1253.0,1262.0,12916800
2025-12-22,1305.0,1309.5,1284.0,1290.0,7979100
2025-12-23,1288.5,1301.5,1287.5,1297.5,7016900
2025-12-24,1300.0,1305.0,1287.5,1291.0,7246800
2025-12-25,1307.0,1307.0,1292.0,1303.0,3880300
2025-12-26,1300.5,1325.0,1299.5,1312.0,7461300
2025-12-29,1312.0,1334.0,1306.0,1323.0,7075400
2025-12-30,1321.0,1321.0,1301.0,1301.0,6494500
2026-01-05,1320.0,1349.5,1319.5,1347.0,9772100
2026-01-06,1365.0,1405.0,1363.0,1399.5,12112600
2026-01-07,1386.0,1413.0,1385.5,1406.0,12176400
2026-01-08,1385.0,1398.5,1381.0,1385.5,9796200
2026-01-09,1413.5,1418.0,1398.0,1407.5,8585100
2026-01-13,1470.5,1488.0,1459.0,1476.0,13570200
2026-01-14,1479.0,1485.0,1452.5,1485.0,13283000
2026-01-15,1480.0,1506.5,1477.5,1491.5,11541900
2026-01-16,1491.5,1497.0,1471.0,1477.0,11228100
2026-01-19,1475.0,1480.5,1450.0,1476.5,9150400
2026-01-20,1465.0,1470.0,1436.0,1442.5,9688900
2026-01-21,1382.5,1402.5,1377.0,1399.5,13235400
2026-01-22,1429.5,1430.0,1405.0,1413.5,7725000
2026-01-23,1425.0,1438.5,1411.0,1425.0,6508800
2026-01-26,1390.5,1407.5,1385.0,1385.0,7090300
2026-01-27,1380.5,1394.0,1371.0,1391.0,6616700
2026-01-28,1380.0,1396.5,1371.0,1390.5,6267300
2026-01-29,1407.0,1432.0,1397.0,1423.0,9681600
2026-01-30,1438.0,1439.0,1406.5,1413.0,12283100
2026-02-02,1372.0,1380.5,1304.0,1304.0,21151400
2026-02-03,1346.0,1356.5,1335.5,1356.5,10949000
2026-02-04,1344.0,1371.0,1335.5,1370.0,10043600
2026-02-05,1384.0,1384.0,1337.5,1349.0,10782500
2026-02-06,1352.0,1374.0,1341.0,1370.0,9804100
2026-02-09,1450.0,1450.0,1409.5,1412.0,13057800
2026-02-10,1439.0,1454.0,1435.0,1442.5,10574400
2026-02-12,1436.0,1453.5,1433.0,1443.5,11039800
2026-02-13,1438.5,1456.5,1435.0,1442.0,13566900
2026-02-16,1459.0,1462.0,1422.5,1427.5,12058800
2026-02-17,1450.0,1471.5,1433.0,1434.0,11959200
2026-02-18,1464.0,1481.5,1446.5,1453.5,11386900
2026-02-19,1464.0,1465.0,1444.0,1459.0,10702400
2026-02-20,1445.0,1446.0,1390.5,1404.5,14047400
2026-02-24,1381.0,1389.0,1368.0,1384.0,11887700
2026-02-25,1396.5,1411.0,1385.5,1399.5,10433600
2026-02-26,1421.0,1424.0,1409.0,1412.0,10519200
2026-02-27,1427.0,1454.5,1418.0,1452.5,15176500
2026-03-02,1350.0,1370.0,1336.5,1354.5,21413800
2026-03-03,1354.0,1355.0,1282.0,1285.0,25132900
2026-03-04,1240.5,1263.0,1204.0,1218.5,20737900
2026-03-05,1271.0,1274.5,1228.5,1233.5,20159000
2026-03-06,1215.0,1246.5,1208.5,1246.5,14220600
2026-03-09,1148.0,1190.5,1145.0,1180.5,22342500
2026-03-10,1206.0,1232.0,1192.5,1218.5,19426600
2026-03-11,1239.0,1261.0,1232.0,1233.5,14201900
2026-03-12,1214.5,1218.0,1193.5,1209.5,12926000
2026-03-13,1174.5,1201.0,1173.0,1181.0,19091900
2026-03-16,1185.0,1193.5,1172.0,1181.0,13273800
2026-03-17,1200.0,1204.5,1181.5,1186.5,11133900
2026-03-18,1222.0,1244.0,1216.5,1239.0,14477900
2026-03-19,1218.5,1227.5,1207.0,1218.5,14061900
2026-03-23,1205.5,1226.5,1197.0,1213.5,16007300
2026-03-24,1243.5,1245.5,1216.5,1237.0,12777300
2026-03-25,1263.5,1284.5,1257.5,1274.5,12925200
2026-03-26,1273.0,1276.5,1246.5,1257.5,10707500
2026-03-27,1235.5,1269.0,1235.0,1255.0,14564700
2026-03-30,1185.0,1208.0,1182.5,1203.0,14024000
2026-03-31,1203.0,1232.5,1190.0,1204.0,12882300
2026-04-01,1255.0,1285.0,1235.5,1285.0,12644000
2026-04-02,1292.0,1301.0,1245.0,1254.0,11399200
2026-04-03,1270.0,1278.0,1260.0,1261.0,6862700
2026-04-06,1258.0,1275.5,1255.5,1263.5,6249500
2026-04-07,1279.5,1284.5,1265.0,1275.5,8709700
2026-04-08,1333.0,1338.5,1317.0,1334.5,15230400
2026-04-09,1336.5,1337.0,1304.5,1314.0,12050700
2026-04-10,1322.0,1323.0,1305.0,1305.0,10624500
2026-04-13,1307.0,1314.0,1295.0,1300.5,8041800
2026-04-14,1330.5,1332.5,1316.5,1318.0,10036000
2026-04-15,1356.5,1372.5,1351.0,1363.0,15002200
2026-04-16,1431.0,1436.5,1382.0,1387.5,15801200
2026-04-17,1357.5,1365.0,1329.5,1334.0,10668900
2026-04-20,1340.5,1349.0,1333.5,1341.0,6905300
2026-04-21,1345.0,1352.0,1334.5,1334.5,6874500
2026-04-22,1348.0,1348.5,1325.0,1331.5,7073400
2026-04-23,1332.5,1347.5,1315.5,1332.5,9157800
2026-04-24,1330.0,1330.5,1306.0,1312.0,8661500
2026-04-27,1246.0,1251.5,1227.0,1230.5,21603700
2026-04-28,1255.0,1275.0,1248.0,1274.0,23120300
2026-04-30,1249.0,1260.0,1236.0,1256.5,17254600
2026-05-01,1244.5,1251.0,1214.0,1220.0,11373000
2026-05-07,1230.0,1265.5,1224.5,1250.5,22906700
2026-05-08,1243.5,1246.0,1213.5,1228.5,13871000
2026-05-11,1220.0,1233.0,1210.5,1228.5,9077100
2026-05-12,1233.0,1239.0,1219.0,1235.0,10219100
2026-05-13,1245.0,1275.0,1242.5,1273.5,9756900
2026-05-14,1287.0,1287.5,1259.0,1265.0,10564100
2026-05-15,1270.5,1287.5,1256.5,1273.0,7345900
2026-05-18,1265.0,1273.0,1248.0,1248.0,6858500
2026-05-19,1267.0,1282.0,1256.0,1276.0,7838300
2026-05-20,1276.0,1278.0,1239.5,1250.5,8852000
2026-05-21,1270.0,1298.5,1263.5,1290.5,9575300
2026-05-22,1309.5,1312.0,1287.0,1287.0,8912800
2026-05-25,1293.5,1295.0,1264.5,1273.0,8148600
2026-05-26,1273.5,1275.5,1262.0,1269.0,5669700
2026-05-27,1251.5,1263.5,1247.5,1260.0,8483800
2026-05-28,1250.0,1256.0,1237.0,1250.5,11733700
2026-05-29,1265.0,1307.5,1260.5,1285.0,29233700
2026-06-01,1285.5,1301.5,1281.0,1298.5,11559600
2026-06-02,1296.5,1324.0,1285.0,1324.0,11946000
2026-06-03,1324.0,1354.5,1321.5,1350.5,13692100
2026-06-04,1355.5,1359.5,1336.5,1349.5,8917400
2026-06-05,1375.5,1386.5,1360.5,1361.0,11799500
2026-06-08,1331.0,1359.5,1328.5,1359.5,12836900
2026-06-09,1365.0,1416.0,1365.0,1399.0,15028400
2026-06-10,1414.0,1419.0,1377.0,1387.0,8660800
2026-06-11,1357.0,1365.0,1333.5,1352.5,7003100
2026-06-12,1375.0,1376.0,1351.0,1364.5,9797400
2026-06-15,1408.0,1425.0,1399.5,1414.0,10446400
2026-06-16,1374.5,1416.5,1371.5,1415.0,7963300
2026-06-17,1430.0,1478.0,1428.5,1451.0,14384100
2026-06-18,1430.0,1439.5,1417.0,1435.0,12710100
2026-06-19,1431.0,1443.0,1397.5,1408.5,12442600
2026-06-22,1408.0,1436.5,1403.0,1436.5,8371300
2026-06-23,1430.0,1439.0,1401.0,1401.0,8901400
2026-06-24,1410.0,1429.5,1396.0,1407.0,11416600
2026-06-25,1418.0,1422.5,1400.5,1413.5,9474400
2026-06-26,1434.0,1464.5,1415.5,1423.5,10827500
2026-06-29,1430.0,1432.0,1396.0,1415.0,9621900
2026-06-30,1419.0,1428.5,1402.0,1413.5,9562400
2026-07-01,1428.0,1465.5,1420.0,1439.5,10436300
2026-07-02,1457.0,1458.0,1436.0,1458.0,8388500
2026-07-03,1467.5,1474.5,1452.0,1471.5,7889300
2026-07-06,1472.0,1491.0,1467.0,1490.0,7782800
2026-07-07,1509.0,1546.5,1504.0,1535.0,17154400
2026-07-08,1522.5,1554.0,1516.0,1543.0,11322700
2026-07-09,1503.0,1528.0,1500.5,1526.0,9318900
2026-07-10,1535.5,1554.0,1523.0,1543.0,8748900
2026-07-13,1551.0,1577.0,1542.5,1542.5,8545500
2026-07-14,1546.5,1563.0,1538.5,1553.0,7219400
2026-07-15,1582.0,1631.5,1581.5,1626.0,14545600
2026-07-16,1601.5,1636.0,1591.0,1609.0,12334200
2026-07-17,1580.0,1587.0,1496.5,1520.0,15093000
2026-07-21,1530.0,1586.5,1515.5,1586.5,11177700
2026-07-22,1596.0,1624.5,1579.5,1603.0,9271000
2026-07-23,1597.0,1624.5,1591.0,1624.5,9924300
2026-07-24,1595.0,1618.0,1591.5,1600.0,9472200
2026-07-27,1617.0,1623.0,1597.0,1605.5,9076500
2026-07-28,1594.5,1596.0,1555.0,1571.0,9565300
2026-07-29,1567.0,1579.0,1545.0,1572.5,13171500
2026-07-30,1473.0,1486.0,1459.0,1470.0,20006600
2026-07-31,1490.0,1537.5,1483.0,1520.0,21164100
2026-08-03,1510.0,1510.5,1455.5,1505.5,12762100
2026-08-04,1508.0,1523.5,1493.5,1515.0,9147400
2026-08-05,1548.0,1566.0,1531.5,1558.5,9075900
2026-08-06,1551.5,1580.0,1551.0,1577.0,8448700
2026-08-07,1584.0,1584.0,1545.0,1562.0,8635400
2026-08-10,1557.5,1557.5,1531.5,1550.0,8556800
2026-08-12,1560.0,1567.0,1549.5,1566.0,7812800
2026-08-13,1568.0,1586.5,1553.0,1581.5,7869500
2026-08-14,1572.5,1589.5,1561.5,1570.0,7589400
2026-08-17,1555.5,1563.5,1538.5,1559.0,6250100
2026-08-18,1555.0,1563.0,1548.5,1554.0,6747400
2026-08-19,1546.5,1547.0,1507.5,1509.5,12968700
2026-08-20,1509.5,1525.5,1497.0,1521.0,9578100
2026-08-21,1507.0,1538.5,1498.5,1535.0,6795200
2026-08-24,1531.0,1542.5,1517.5,1539.0,5684200
2026-08-25,1555.0,1576.0,1547.0,1571.5,7871600
2026-08-26,1575.0,1615.0,1574.0,1603.5,12144500
2026-08-27,1600.5,1624.5,1598.0,1611.5,9910900
2026-08-28,1607.0,1652.0,1600.5,1642.0,10516100
2026-08-31,1634.0,1638.0,1615.5,1635.5,9978200
2026-09-01,1622.0,1649.0,1618.0,1640.5,6865300
2026-09-02,1602.0,1625.0,1597.0,1608.5,12891200
2026-09-03,1641.0,1664.5,1632.0,1632.0,11398300
2026-09-04,1670.0,1678.5,1636.0,1669.0,9393000
2026-09-07,1669.5,1678.0,1653.0,1656.0,5632200
2026-09-08,1650.0,1682.0,1638.0,1648.5,8712500
2026-09-09,1625.0,1644.5,1613.5,1616.0,9093700
2026-09-10,1635.0,1668.5,1623.5,1666.0,8062600
2026-09-11,1616.0,1664.5,1614.0,1664.5,9025300
2026-09-14,1658.0,1688.0,1653.5,1675.0,6329000
2026-09-15,1658.5,1670.0,1628.0,1644.5,11720200
2026-09-16,1635.0,1659.0,1631.5,1634.5,8310000
2026-09-17,1635.0,1641.0,1579.0,1590.5,14378300
2026-09-18,1605.0,1606.0,1568.0,1581.0,14002700
2026-09-24,1590.0,1590.5,1549.5,1549.5,10895100
2026-09-25,1566.5,1596.0,1559.5,1586.0,9617000
2026-09-28,1585.5,1604.5,1579.0,1595.0,11483800
2026-09-29,1552.0,1561.5,1523.5,1529.5,11299700
2026-09-30,1532.5,1559.5,1518.5,1551.0,10852500
2026-10-01,1539.0,1559.0,1532.0,1548.5,8571800
