Date,Open,High,Low,Close,Volume
2012-10-01,600.0,603.3333129882812,593.3333129882812,596.6666870117188,4992300
2012-10-02,610.0,640.0,606.6666870117188,623.3333129882812,11438400
2012-10-03,623.3333129882812,636.6666870117188,613.3333129882812,620.0,6186900
2012-10-04,633.3333129882812,646.6666870117188,623.3333129882812,640.0,6122100
2012-10-05,660.0,666.6666870117188,646.6666870117188,656.6666870117188,6266400
2012-10-09,640.0,643.3333129882812,610.0,610.0,5742000
2012-10-10,593.3333129882812,600.0,586.6666870117188,593.3333129882812,6218700
2012-10-11,586.6666870117188,610.0,580.0,590.0,8900400
2012-10-12,603.3333129882812,610.0,590.0,600.0,6272700
2012-10-15,600.0,623.3333129882812,586.6666870117188,613.3333129882812,5641200
2012-10-16,633.3333129882812,650.0,623.3333129882812,650.0,7218300
2012-10-17,666.6666870117188,670.0,650.0,650.0,7889700
2012-10-18,660.0,663.3333129882812,650.0,663.3333129882812,6552300
2012-10-19,653.3333129882812,660.0,640.0,650.0,4915200
2012-10-22,640.0,650.0,626.6666870117188,646.6666870117188,5845500
2012-10-23,660.0,663.3333129882812,636.6666870117188,643.3333129882812,9188100
2012-10-24,626.6666870117188,643.3333129882812,616.6666870117188,636.6666870117188,6621900
2012-10-25,630.0,640.0,626.6666870117188,633.3333129882812,5075400
2012-10-26,636.6666870117188,636.6666870117188,616.6666870117188,616.6666870117188,7249800
2012-10-29,620.0,626.6666870117188,606.6666870117188,610.0,3668400
2012-10-30,613.3333129882812,630.0,610.0,616.6666870117188,6948600
2012-10-31,626.6666870117188,643.3333129882812,616.6666870117188,636.6666870117188,8515200
2012-11-01,630.0,653.3333129882812,626.6666870117188,650.0,7776000
2012-11-02,656.6666870117188,666.6666870117188,636.6666870117188,643.3333129882812,7902600
2012-11-05,646.6666870117188,650.0,630.0,633.3333129882812,4270200
2012-11-06,626.6666870117188,626.6666870117188,606.6666870117188,620.0,4565100
2012-11-07,626.6666870117188,636.6666870117188,620.0,636.6666870117188,3476400
2012-11-08,616.6666870117188,626.6666870117188,613.3333129882812,623.3333129882812,3608400
2012-11-09,613.3333129882812,620.0,610.0,620.0,3619800
2012-11-12,620.0,633.3333129882812,616.6666870117188,616.6666870117188,2618100
2012-11-13,616.6666870117188,623.3333129882812,613.3333129882812,613.3333129882812,1691400
2012-11-14,613.3333129882812,623.3333129882812,613.3333129882812,620.0,2909700
2012-11-15,623.3333129882812,653.3333129882812,616.6666870117188,650.0,6538200
2012-11-16,650.0,653.3333129882812,636.6666870117188,650.0,7642500
2012-11-19,666.6666870117188,670.0,653.3333129882812,656.6666870117188,4485300
2012-11-20,663.3333129882812,696.6666870117188,660.0,680.0,15635700
2012-11-21,693.3333129882812,696.6666870117188,680.0,686.6666870117188,5991600
2012-11-22,700.0,710.0,696.6666870117188,703.3333129882812,6348600
2012-11-26,713.3333129882812,716.6666870117188,693.3333129882812,696.6666870117188,7197300
2012-11-27,693.3333129882812,700.0,676.6666870117188,686.6666870117188,7732200
2012-11-28,680.0,680.0,653.3333129882812,653.3333129882812,8961600
2012-11-29,663.3333129882812,683.3333129882812,653.3333129882812,680.0,8355600
2012-11-30,683.3333129882812,693.3333129882812,670.0,690.0,10310100
2012-12-03,690.0,690.0,670.0,673.3333129882812,5438400
2012-12-04,666.6666870117188,670.0,660.0,663.3333129882812,3552000
2012-12-05,663.3333129882812,673.3333129882812,660.0,663.3333129882812,3328800
2012-12-06,673.3333129882812,683.3333129882812,660.0,676.6666870117188,6356700
2012-12-07,683.3333129882812,690.0,673.3333129882812,683.3333129882812,4377300
2012-12-10,683.3333129882812,686.6666870117188,663.3333129882812,670.0,3285300
2012-12-11,673.3333129882812,673.3333129882812,663.3333129882812,666.6666870117188,2734800
2012-12-12,673.3333129882812,683.3333129882812,670.0,683.3333129882812,3449100
2012-12-13,686.6666870117188,723.3333129882812,683.3333129882812,723.3333129882812,10637700
2012-12-14,710.0,726.6666870117188,703.3333129882812,716.6666870117188,8086800
2012-12-17,733.3333129882812,753.3333129882812,716.6666870117188,740.0,14725200
2012-12-18,740.0,760.0,730.0,753.3333129882812,10907700
2012-12-19,766.6666870117188,766.6666870117188,743.3333129882812,763.3333129882812,7925400
2012-12-20,753.3333129882812,766.6666870117188,743.3333129882812,756.6666870117188,6006300
2012-12-21,766.6666870117188,770.0,746.6666870117188,753.3333129882812,4700400
2012-12-25,766.6666870117188,776.6666870117188,756.6666870117188,760.0,4799100
2012-12-26,763.3333129882812,830.0,760.0,816.6666870117188,15150900
2012-12-27,830.0,870.0,823.3333129882812,853.3333129882812,12358800
2012-12-28,860.0,866.6666870117188,840.0,846.6666870117188,6582600
2013-01-04,886.6666870117188,890.0,863.3333129882812,863.3333129882812,8139300
2013-01-07,870.0,890.0,853.3333129882812,876.6666870117188,7933200
2013-01-08,880.0,903.3333129882812,856.6666870117188,866.6666870117188,10031100
2013-01-09,873.3333129882812,886.6666870117188,860.0,880.0,8975700
2013-01-10,890.0,933.3333129882812,883.3333129882812,910.0,11303400
2013-01-11,930.0,946.6666870117188,926.6666870117188,933.3333129882812,8777700
2013-01-15,950.0,983.3333129882812,943.3333129882812,970.0,13402500
2013-01-16,960.0,960.0,926.6666870117188,930.0,11335500
2013-01-17,940.0,950.0,890.0,916.6666870117188,14965200
2013-01-18,960.0,1003.3333129882812,943.3333129882812,990.0,16366500
2013-01-21,990.0,1026.6666259765625,970.0,1000.0,17827800
2013-01-22,990.0,1000.0,966.6666870117188,990.0,12916800
2013-01-23,956.6666870117188,970.0,923.3333129882812,930.0,11807100
2013-01-24,913.3333129882812,946.6666870117188,910.0,940.0,9447300
2013-01-25,966.6666870117188,970.0,943.3333129882812,956.6666870117188,6356700
2013-01-28,963.3333129882812,963.3333129882812,923.3333129882812,936.6666870117188,9653400
2013-01-29,926.6666870117188,960.0,923.3333129882812,950.0,5028900
2013-01-30,956.6666870117188,960.0,936.6666870117188,950.0,4059000
2013-01-31,946.6666870117188,1016.6666870117188,876.6666870117188,1003.3333129882812,3904020
2013-02-01,993.3333129882812,993.3333129882812,963.3333129882812,986.6666870117188,20002800
2013-02-04,986.6666870117188,1046.6666259765625,956.6666870117188,1026.6666259765625,17683800
2013-02-05,996.6666870117188,1026.6666259765625,993.3333129882812,1020.0,11665500
2013-02-06,1046.6666259765625,1100.0,1040.0,1080.0,14933100
2013-02-07,1080.0,1133.3333740234375,1070.0,1096.6666259765625,13230600
2013-02-08,1083.3333740234375,1096.6666259765625,1053.3333740234375,1060.0,14001600
2013-02-12,1083.3333740234375,1106.6666259765625,1056.6666259765625,1060.0,6372000
2013-02-13,1046.6666259765625,1050.0,1006.6666870117188,1020.0,8071500
2013-02-14,1016.6666870117188,1040.0,1000.0,1020.0,9172800
2013-02-15,1000.0,1010.0,960.0,1000.0,12275400
2013-02-18,1013.3333129882812,1036.6666259765625,1010.0,1023.3333129882812,6519600
2013-02-19,1013.3333129882812,1043.3333740234375,1013.3333129882812,1023.3333129882812,6777300
2013-02-20,1043.3333740234375,1046.6666259765625,1020.0,1023.3333129882812,4969800
2013-02-21,1013.3333129882812,1026.6666259765625,1006.6666870117188,1013.3333129882812,5021400
2013-02-22,1010.0,1033.3333740234375,1000.0,1026.6666259765625,5887200
2013-02-25,1053.3333740234375,1086.6666259765625,1050.0,1073.3333740234375,12044700
2013-02-26,1053.3333740234375,1103.3333740234375,1050.0,1063.3333740234375,11053500
2013-02-27,1073.3333740234375,1083.3333740234375,1053.3333740234375,1063.3333740234375,5233500
2013-02-28,1080.0,1093.3333740234375,1073.3333740234375,1083.3333740234375,5706900
2013-03-01,1086.6666259765625,1090.0,1070.0,1076.6666259765625,7335600
2013-03-04,1086.6666259765625,1093.3333740234375,1050.0,1056.6666259765625,4788000
2013-03-05,1053.3333740234375,1056.6666259765625,1020.0,1026.6666259765625,7908000
2013-03-06,1036.6666259765625,1043.3333740234375,1026.6666259765625,1033.3333740234375,3431100
2013-03-07,1040.0,1050.0,1033.3333740234375,1036.6666259765625,4804200
2013-03-08,1050.0,1076.6666259765625,1043.3333740234375,1063.3333740234375,11293800
2013-03-11,1073.3333740234375,1096.6666259765625,1070.0,1083.3333740234375,5750700
2013-03-12,1090.0,1096.6666259765625,1066.6666259765625,1073.3333740234375,5524200
2013-03-13,1066.6666259765625,1083.3333740234375,1060.0,1076.6666259765625,4651200
2013-03-14,1080.0,1083.3333740234375,1043.3333740234375,1056.6666259765625,5532300
2013-03-15,1063.3333740234375,1130.0,1060.0,1120.0,15777300
2013-03-18,1103.3333740234375,1110.0,1073.3333740234375,1080.0,7565100
2013-03-19,1103.3333740234375,1153.3333740234375,1093.3333740234375,1140.0,12986700
2013-03-21,1153.3333740234375,1166.6666259765625,1103.3333740234375,1116.6666259765625,11568300
2013-03-22,1106.6666259765625,1120.0,1086.6666259765625,1103.3333740234375,5287500
2013-03-25,1103.3333740234375,1113.3333740234375,1083.3333740234375,1086.6666259765625,4221300
2013-03-26,1070.0,1070.0,1056.6666259765625,1066.6666259765625,4704000
2013-03-27,1073.3333740234375,1080.0,1056.6666259765625,1073.3333740234375,4147800
2013-03-28,1073.3333740234375,1073.3333740234375,1020.0,1030.0,7577400
2013-03-29,1026.6666259765625,1033.3333740234375,993.3333129882812,1030.0,6691800
2013-04-01,1026.6666259765625,1026.6666259765625,983.3333129882812,983.3333129882812,5704200
2013-04-02,970.0,1016.6666870117188,956.6666870117188,1006.6666870117188,9120900
2013-04-03,1026.6666259765625,1050.0,1020.0,1023.3333129882812,7905300
2013-04-04,1000.0,1026.6666259765625,960.0,1023.3333129882812,11517000
2013-04-05,1063.3333740234375,1066.6666259765625,1003.3333129882812,1006.6666870117188,9883200
2013-04-08,1043.3333740234375,1090.0,1040.0,1086.6666259765625,9551100
2013-04-09,1106.6666259765625,1113.3333740234375,1066.6666259765625,1076.6666259765625,6116100
2013-04-10,1073.3333740234375,1096.6666259765625,1060.0,1070.0,5786100
2013-04-11,1116.6666259765625,1120.0,1090.0,1110.0,8969700
2013-04-12,1110.0,1196.6666259765625,1106.6666259765625,1193.3333740234375,22063200
2013-04-15,1183.3333740234375,1203.3333740234375,1146.6666259765625,1156.6666259765625,10918200
2013-04-16,1130.0,1180.0,1123.3333740234375,1150.0,11657400
2013-04-17,1176.6666259765625,1230.0,1170.0,1200.0,14566800
2013-04-18,1213.3333740234375,1230.0,1166.6666259765625,1170.0,12205800
2013-04-19,1193.3333740234375,1220.0,1183.3333740234375,1210.0,7883400
2013-04-22,1223.3333740234375,1233.3333740234375,1216.6666259765625,1223.3333740234375,5227800
2013-04-23,1220.0,1246.6666259765625,1203.3333740234375,1230.0,7564500
2013-04-24,1256.6666259765625,1326.6666259765625,1253.3333740234375,1313.3333740234375,16059600
2013-04-25,1293.3333740234375,1306.6666259765625,1273.3333740234375,1286.6666259765625,11811300
2013-04-26,1296.6666259765625,1303.3333740234375,1270.0,1300.0,8029800
2013-04-30,1340.0,1396.6666259765625,1330.0,1350.0,21216000
2013-05-01,1320.0,1416.6666259765625,1300.0,1393.3333740234375,17762700
2013-05-02,1370.0,1380.0,1323.3333740234375,1340.0,11480400
2013-05-07,1373.3333740234375,1403.3333740234375,1356.6666259765625,1373.3333740234375,8942700
2013-05-08,1380.0,1390.0,1370.0,1380.0,5535600
2013-05-09,1380.0,1390.0,1356.6666259765625,1360.0,4329000
2013-05-10,1386.6666259765625,1400.0,1366.6666259765625,1373.3333740234375,8774700
2013-05-13,1396.6666259765625,1420.0,1346.6666259765625,1366.6666259765625,10298400
2013-05-14,1373.3333740234375,1376.6666259765625,1343.3333740234375,1353.3333740234375,4504200
2013-05-15,1366.6666259765625,1380.0,1340.0,1346.6666259765625,5323500
2013-05-16,1346.6666259765625,1350.0,1263.3333740234375,1313.3333740234375,9135000
2013-05-17,1303.3333740234375,1373.3333740234375,1290.0,1353.3333740234375,8419500
2013-05-20,1390.0,1470.0,1383.3333740234375,1456.6666259765625,16310700
2013-05-21,1476.6666259765625,1536.6666259765625,1463.3333740234375,1483.3333740234375,11885700
2013-05-22,1496.6666259765625,1496.6666259765625,1466.6666259765625,1476.6666259765625,5607900
2013-05-23,1500.0,1606.6666259765625,1406.6666259765625,1406.6666259765625,19436700
2013-05-24,1450.0,1493.3333740234375,1333.3333740234375,1396.6666259765625,15232200
2013-05-27,1356.6666259765625,1396.6666259765625,1330.0,1340.0,8180100
2013-05-28,1340.0,1386.6666259765625,1326.6666259765625,1360.0,7328400
2013-05-29,1376.6666259765625,1380.0,1343.3333740234375,1350.0,5750700
2013-05-30,1330.0,1333.3333740234375,1263.3333740234375,1283.3333740234375,10112700
2013-05-31,1293.3333740234375,1296.6666259765625,1210.0,1230.0,10630200
2013-06-03,1203.3333740234375,1210.0,1176.6666259765625,1193.3333740234375,8504700
2013-06-04,1206.6666259765625,1253.3333740234375,1183.3333740234375,1240.0,12406800
2013-06-05,1260.0,1280.0,1200.0,1200.0,9548100
2013-06-06,1176.6666259765625,1186.6666259765625,1136.6666259765625,1163.3333740234375,9785400
2013-06-07,1133.3333740234375,1150.0,1093.3333740234375,1136.6666259765625,8628600
2013-06-10,1173.3333740234375,1196.6666259765625,1163.3333740234375,1186.6666259765625,5490900
2013-06-11,1186.6666259765625,1193.3333740234375,1146.6666259765625,1173.3333740234375,6407400
2013-06-12,1146.6666259765625,1200.0,1136.6666259765625,1183.3333740234375,5447400
2013-06-13,1166.6666259765625,1170.0,1120.0,1133.3333740234375,5683200
2013-06-14,1183.3333740234375,1206.6666259765625,1163.3333740234375,1173.3333740234375,9281700
2013-06-17,1156.6666259765625,1203.3333740234375,1156.6666259765625,1196.6666259765625,4217100
2013-06-18,1206.6666259765625,1293.3333740234375,1203.3333740234375,1270.0,12150600
2013-06-19,1313.3333740234375,1350.0,1270.0,1283.3333740234375,11862900
2013-06-20,1266.6666259765625,1320.0,1263.3333740234375,1296.6666259765625,6447600
2013-06-21,1260.0,1286.6666259765625,1223.3333740234375,1273.3333740234375,6653100
2013-06-24,1296.6666259765625,1310.0,1270.0,1273.3333740234375,4149600
2013-06-25,1270.0,1326.6666259765625,1266.6666259765625,1283.3333740234375,9999900
2013-06-26,1310.0,1310.0,1226.6666259765625,1233.3333740234375,6480900
2013-06-27,1246.6666259765625,1266.6666259765625,1206.6666259765625,1266.6666259765625,5929200
2013-06-28,1283.3333740234375,1310.0,1276.6666259765625,1290.0,4752300
2013-07-01,1310.0,1333.3333740234375,1296.6666259765625,1330.0,5639700
2013-07-02,1336.6666259765625,1376.6666259765625,1333.3333740234375,1373.3333740234375,5597400
2013-07-03,1363.3333740234375,1370.0,1333.3333740234375,1363.3333740234375,4715400
2013-07-04,1350.0,1366.6666259765625,1340.0,1356.6666259765625,4168500
2013-07-05,1366.6666259765625,1383.3333740234375,1360.0,1366.6666259765625,4036800
2013-07-08,1373.3333740234375,1396.6666259765625,1336.6666259765625,1336.6666259765625,5824800
2013-07-09,1346.6666259765625,1373.3333740234375,1346.6666259765625,1366.6666259765625,4447200
2013-07-10,1360.0,1383.3333740234375,1336.6666259765625,1356.6666259765625,5114400
2013-07-11,1340.0,1363.3333740234375,1336.6666259765625,1353.3333740234375,4348200
2013-07-12,1353.3333740234375,1373.3333740234375,1343.3333740234375,1356.6666259765625,5156700
2013-07-16,1380.0,1393.3333740234375,1370.0,1383.3333740234375,6423600
2013-07-17,1373.3333740234375,1406.6666259765625,1373.3333740234375,1403.3333740234375,5459100
2013-07-18,1416.6666259765625,1430.0,1380.0,1400.0,5453700
2013-07-19,1400.0,1403.3333740234375,1356.6666259765625,1380.0,5964000
2013-07-22,1396.6666259765625,1416.6666259765625,1380.0,1406.6666259765625,6208200
2013-07-23,1390.0,1410.0,1383.3333740234375,1403.3333740234375,3133200
2013-07-24,1413.3333740234375,1413.3333740234375,1366.6666259765625,1376.6666259765625,4727100
2013-07-25,1380.0,1380.0,1340.0,1350.0,4467000
2013-07-26,1330.0,1330.0,1293.3333740234375,1303.3333740234375,4533900
2013-07-29,1273.3333740234375,1276.6666259765625,1230.0,1236.6666259765625,4706400
2013-07-30,1246.6666259765625,1290.0,1246.6666259765625,1286.6666259765625,6423900
2013-07-31,1283.3333740234375,1310.0,1253.3333740234375,1260.0,7094700
2013-08-01,1250.0,1263.3333740234375,1233.3333740234375,1253.3333740234375,6500400
2013-08-02,1266.6666259765625,1290.0,1246.6666259765625,1270.0,7660200
2013-08-05,1263.3333740234375,1270.0,1230.0,1263.3333740234375,4772400
2013-08-06,1260.0,1280.0,1250.0,1276.6666259765625,5695200
2013-08-07,1253.3333740234375,1273.3333740234375,1243.3333740234375,1256.6666259765625,4615800
2013-08-08,1256.6666259765625,1283.3333740234375,1246.6666259765625,1246.6666259765625,4731900
2013-08-09,1253.3333740234375,1293.3333740234375,1253.3333740234375,1266.6666259765625,5284500
2013-08-12,1246.6666259765625,1253.3333740234375,1233.3333740234375,1236.6666259765625,3914400
2013-08-13,1250.0,1313.3333740234375,1250.0,1310.0,7158600
2013-08-14,1316.6666259765625,1316.6666259765625,1296.6666259765625,1306.6666259765625,4917300
2013-08-15,1306.6666259765625,1370.0,1306.6666259765625,1353.3333740234375,12234300
2013-08-16,1343.3333740234375,1380.0,1333.3333740234375,1346.6666259765625,10255200
2013-08-19,1350.0,1366.6666259765625,1320.0,1350.0,4367100
2013-08-20,1336.6666259765625,1346.6666259765625,1293.3333740234375,1296.6666259765625,4604400
2013-08-21,1306.6666259765625,1310.0,1276.6666259765625,1293.3333740234375,3700500
2013-08-22,1280.0,1293.3333740234375,1266.6666259765625,1280.0,3126900
2013-08-23,1300.0,1326.6666259765625,1296.6666259765625,1310.0,3465000
2013-08-26,1320.0,1323.3333740234375,1286.6666259765625,1310.0,2653800
2013-08-27,1296.6666259765625,1300.0,1273.3333740234375,1283.3333740234375,2892900
2013-08-28,1256.6666259765625,1280.0,1253.3333740234375,1270.0,2657700
2013-08-29,1276.6666259765625,1303.3333740234375,1276.6666259765625,1296.6666259765625,4243200
2013-08-30,1303.3333740234375,1320.0,1296.6666259765625,1296.6666259765625,3660000
2013-09-02,1300.0,1303.3333740234375,1276.6666259765625,1296.6666259765625,2518200
2013-09-03,1313.3333740234375,1363.3333740234375,1313.3333740234375,1356.6666259765625,5481600
2013-09-04,1346.6666259765625,1406.6666259765625,1346.6666259765625,1386.6666259765625,7769100
2013-09-05,1433.3333740234375,1446.6666259765625,1410.0,1416.6666259765625,8918700
2013-09-06,1433.3333740234375,1456.6666259765625,1406.6666259765625,1420.0,7104300
2013-09-09,1450.0,1460.0,1430.0,1440.0,4793400
2013-09-10,1460.0,1540.0,1460.0,1526.6666259765625,10583700
2013-09-11,1540.0,1563.3333740234375,1490.0,1510.0,7941900
2013-09-12,1503.3333740234375,1556.6666259765625,1503.3333740234375,1536.6666259765625,6558900
2013-09-13,1523.3333740234375,1526.6666259765625,1473.3333740234375,1483.3333740234375,6920100
2013-09-17,1493.3333740234375,1533.3333740234375,1463.3333740234375,1463.3333740234375,6475800
2013-09-18,1493.3333740234375,1536.6666259765625,1473.3333740234375,1523.3333740234375,9247200
2013-09-19,1563.3333740234375,1586.6666259765625,1540.0,1570.0,9792300
2013-09-20,1550.0,1553.3333740234375,1503.3333740234375,1520.0,6948000
2013-09-24,1516.6666259765625,1526.6666259765625,1496.6666259765625,1503.3333740234375,4743000
2013-09-25,1496.6666259765625,1520.0,1483.3333740234375,1506.6666259765625,5662200
2013-09-26,1523.3333740234375,1563.3333740234375,1500.0,1563.3333740234375,8162100
2013-09-27,1546.6666259765625,1553.3333740234375,1520.0,1540.0,4641300
2013-09-30,1500.0,1506.6666259765625,1470.0,1476.6666259765625,5729700
2013-10-01,1470.0,1483.3333740234375,1450.0,1453.3333740234375,5119200
2013-10-02,1460.0,1480.0,1416.6666259765625,1426.6666259765625,6950700
2013-10-03,1433.3333740234375,1450.0,1416.6666259765625,1433.3333740234375,3368700
2013-10-04,1430.0,1430.0,1373.3333740234375,1406.6666259765625,7815000
2013-10-07,1400.0,1416.6666259765625,1370.0,1373.3333740234375,4645200
2013-10-08,1350.0,1400.0,1340.0,1390.0,7685700
2013-10-09,1380.0,1433.3333740234375,1373.3333740234375,1420.0,6069600
2013-10-10,1420.0,1456.6666259765625,1416.6666259765625,1456.6666259765625,7478400
2013-10-11,1463.3333740234375,1476.6666259765625,1450.0,1476.6666259765625,6281100
2013-10-15,1480.0,1516.6666259765625,1476.6666259765625,1476.6666259765625,8183400
2013-10-16,1470.0,1496.6666259765625,1470.0,1483.3333740234375,4605900
2013-10-17,1496.6666259765625,1506.6666259765625,1480.0,1493.3333740234375,3053700
2013-10-18,1503.3333740234375,1526.6666259765625,1490.0,1516.6666259765625,5628300
2013-10-21,1516.6666259765625,1540.0,1513.3333740234375,1530.0,3297900
2013-10-22,1520.0,1523.3333740234375,1503.3333740234375,1510.0,2458800
2013-10-23,1523.3333740234375,1530.0,1466.6666259765625,1470.0,5835900
2013-10-24,1456.6666259765625,1480.0,1450.0,1476.6666259765625,4242900
2013-10-25,1473.3333740234375,1490.0,1450.0,1453.3333740234375,3906000
2013-10-28,1463.3333740234375,1476.6666259765625,1446.6666259765625,1476.6666259765625,2645400
2013-10-29,1466.6666259765625,1470.0,1436.6666259765625,1440.0,3725700
2013-10-30,1463.3333740234375,1493.3333740234375,1453.3333740234375,1476.6666259765625,7209600
2013-10-31,1480.0,1483.3333740234375,1350.0,1380.0,14520300
2013-11-01,1393.3333740234375,1396.6666259765625,1333.3333740234375,1356.6666259765625,5966700
2013-11-05,1366.6666259765625,1376.6666259765625,1350.0,1360.0,4340400
2013-11-06,1356.6666259765625,1396.6666259765625,1356.6666259765625,1383.3333740234375,3517200
2013-11-07,1386.6666259765625,1403.3333740234375,1370.0,1373.3333740234375,3046800
2013-11-08,1356.6666259765625,1376.6666259765625,1346.6666259765625,1366.6666259765625,2331300
2013-11-11,1386.6666259765625,1396.6666259765625,1363.3333740234375,1370.0,2594700
2013-11-12,1370.0,1386.6666259765625,1360.0,1386.6666259765625,2703000
2013-11-13,1360.0,1370.0,1353.3333740234375,1366.6666259765625,3847500
2013-11-14,1376.6666259765625,1400.0,1373.3333740234375,1390.0,3136500
2013-11-15,1413.3333740234375,1450.0,1406.6666259765625,1446.6666259765625,6083400
2013-11-18,1470.0,1473.3333740234375,1436.6666259765625,1446.6666259765625,4300800
2013-11-19,1433.3333740234375,1450.0,1426.6666259765625,1443.3333740234375,2467800
2013-11-20,1450.0,1453.3333740234375,1436.6666259765625,1446.6666259765625,1522500
2013-11-21,1446.6666259765625,1470.0,1443.3333740234375,1456.6666259765625,4849800
2013-11-22,1460.0,1480.0,1443.3333740234375,1453.3333740234375,5430300
2013-11-25,1456.6666259765625,1456.6666259765625,1430.0,1446.6666259765625,3212400
2013-11-26,1436.6666259765625,1446.6666259765625,1423.3333740234375,1426.6666259765625,3078300
2013-11-27,1426.6666259765625,1453.3333740234375,1423.3333740234375,1440.0,3389700
2013-11-28,1470.0,1503.3333740234375,1470.0,1500.0,8781300
2013-11-29,1516.6666259765625,1536.6666259765625,1493.3333740234375,1516.6666259765625,8497200
2013-12-02,1530.0,1543.3333740234375,1516.6666259765625,1523.3333740234375,4394700
2013-12-03,1503.3333740234375,1536.6666259765625,1503.3333740234375,1516.6666259765625,5775900
2013-12-04,1503.3333740234375,1513.3333740234375,1483.3333740234375,1490.0,4257600
2013-12-05,1496.6666259765625,1510.0,1470.0,1476.6666259765625,4241700
2013-12-06,1486.6666259765625,1503.3333740234375,1473.3333740234375,1486.6666259765625,3943500
2013-12-09,1513.3333740234375,1513.3333740234375,1493.3333740234375,1503.3333740234375,2726700
2013-12-10,1503.3333740234375,1503.3333740234375,1486.6666259765625,1496.6666259765625,2060700
2013-12-11,1490.0,1496.6666259765625,1473.3333740234375,1490.0,2389800
2013-12-12,1480.0,1503.3333740234375,1476.6666259765625,1486.6666259765625,3717600
2013-12-13,1486.6666259765625,1503.3333740234375,1483.3333740234375,1493.3333740234375,3983100
2013-12-16,1486.6666259765625,1493.3333740234375,1466.6666259765625,1470.0,2601000
2013-12-17,1476.6666259765625,1483.3333740234375,1460.0,1466.6666259765625,1763700
2013-12-18,1466.6666259765625,1480.0,1463.3333740234375,1473.3333740234375,2466600
2013-12-19,1483.3333740234375,1493.3333740234375,1466.6666259765625,1473.3333740234375,3741000
2013-12-20,1470.0,1490.0,1466.6666259765625,1480.0,4105200
2013-12-24,1490.0,1523.3333740234375,1486.6666259765625,1520.0,7367100
2013-12-25,1520.0,1546.6666259765625,1506.6666259765625,1540.0,5546100
2013-12-26,1543.3333740234375,1576.6666259765625,1540.0,1543.3333740234375,5736900
2013-12-27,1556.6666259765625,1603.3333740234375,1540.0,1590.0,8439000
2013-12-30,1586.6666259765625,1596.6666259765625,1573.3333740234375,1580.0,3685800
2014-01-06,1570.0,1570.0,1543.3333740234375,1553.3333740234375,4017300
2014-01-07,1543.3333740234375,1563.3333740234375,1526.6666259765625,1536.6666259765625,3618900
2014-01-08,1546.6666259765625,1573.3333740234375,1543.3333740234375,1563.3333740234375,3372600
2014-01-09,1563.3333740234375,1603.3333740234375,1560.0,1583.3333740234375,6450600
2014-01-10,1570.0,1593.3333740234375,1550.0,1573.3333740234375,5744400
2014-01-14,1533.3333740234375,1536.6666259765625,1496.6666259765625,1500.0,8810400
2014-01-15,1523.3333740234375,1523.3333740234375,1503.3333740234375,1516.6666259765625,3982500
2014-01-16,1523.3333740234375,1530.0,1513.3333740234375,1516.6666259765625,3627600
2014-01-17,1516.6666259765625,1530.0,1493.3333740234375,1523.3333740234375,6352500
2014-01-20,1530.0,1540.0,1516.6666259765625,1526.6666259765625,4312500
2014-01-21,1560.0,1586.6666259765625,1556.6666259765625,1570.0,9124200
2014-01-22,1566.6666259765625,1593.3333740234375,1563.3333740234375,1583.3333740234375,5951400
2014-01-23,1593.3333740234375,1596.6666259765625,1563.3333740234375,1566.6666259765625,4194600
2014-01-24,1540.0,1560.0,1533.3333740234375,1540.0,4287300
2014-01-27,1506.6666259765625,1510.0,1473.3333740234375,1476.6666259765625,6714600
2014-01-28,1480.0,1490.0,1466.6666259765625,1466.6666259765625,3259800
2014-01-29,1483.3333740234375,1496.6666259765625,1480.0,1490.0,3671700
2014-01-30,1470.0,1470.0,1416.6666259765625,1430.0,6664800
2014-01-31,1436.6666259765625,1466.6666259765625,1416.6666259765625,1420.0,7523700
2014-02-03,1400.0,1426.6666259765625,1380.0,1386.6666259765625,5061900
2014-02-04,1346.6666259765625,1356.6666259765625,1316.6666259765625,1320.0,6084000
2014-02-05,1340.0,1346.6666259765625,1300.0,1320.0,5334300
2014-02-06,1316.6666259765625,1333.3333740234375,1293.3333740234375,1300.0,5318400
2014-02-07,1326.6666259765625,1363.3333740234375,1326.6666259765625,1356.6666259765625,5145900
2014-02-10,1366.6666259765625,1370.0,1343.3333740234375,1356.6666259765625,3554100
2014-02-12,1376.6666259765625,1393.3333740234375,1370.0,1386.6666259765625,4868400
2014-02-13,1386.6666259765625,1393.3333740234375,1366.6666259765625,1373.3333740234375,2961300
2014-02-14,1366.6666259765625,1380.0,1333.3333740234375,1340.0,5050500
2014-02-17,1346.6666259765625,1373.3333740234375,1336.6666259765625,1366.6666259765625,3709800
2014-02-18,1383.3333740234375,1416.6666259765625,1363.3333740234375,1413.3333740234375,5073000
2014-02-19,1400.0,1473.3333740234375,1390.0,1416.6666259765625,7992600
2014-02-20,1403.3333740234375,1410.0,1363.3333740234375,1370.0,5472900
2014-02-21,1376.6666259765625,1390.0,1360.0,1386.6666259765625,3653700
2014-02-24,1383.3333740234375,1393.3333740234375,1360.0,1376.6666259765625,4398000
2014-02-25,1386.6666259765625,1396.6666259765625,1373.3333740234375,1390.0,3282000
2014-02-26,1390.0,1430.0,1383.3333740234375,1413.3333740234375,4487400
2014-02-27,1406.6666259765625,1416.6666259765625,1393.3333740234375,1400.0,2849400
2014-02-28,1406.6666259765625,1413.3333740234375,1393.3333740234375,1406.6666259765625,3321000
2014-03-03,1386.6666259765625,1393.3333740234375,1356.6666259765625,1380.0,4217100
2014-03-04,1363.3333740234375,1386.6666259765625,1360.0,1376.6666259765625,2716800
2014-03-05,1393.3333740234375,1413.3333740234375,1393.3333740234375,1403.3333740234375,3146700
2014-03-06,1416.6666259765625,1433.3333740234375,1406.6666259765625,1430.0,3617400
2014-03-07,1453.3333740234375,1456.6666259765625,1426.6666259765625,1440.0,3246600
2014-03-10,1433.3333740234375,1450.0,1420.0,1430.0,2673300
2014-03-11,1426.6666259765625,1433.3333740234375,1403.3333740234375,1413.3333740234375,2657700
2014-03-12,1393.3333740234375,1400.0,1363.3333740234375,1370.0,4521600
2014-03-13,1353.3333740234375,1356.6666259765625,1333.3333740234375,1340.0,5163000
2014-03-14,1323.3333740234375,1336.6666259765625,1303.3333740234375,1310.0,5470200
2014-03-17,1306.6666259765625,1320.0,1293.3333740234375,1306.6666259765625,3314100
2014-03-18,1316.6666259765625,1320.0,1290.0,1300.0,3194400
2014-03-19,1306.6666259765625,1323.3333740234375,1283.3333740234375,1293.3333740234375,3298200
2014-03-20,1303.3333740234375,1303.3333740234375,1273.3333740234375,1273.3333740234375,2793600
2014-03-24,1266.6666259765625,1313.3333740234375,1266.6666259765625,1296.6666259765625,3923700
2014-03-25,1300.0,1316.6666259765625,1293.3333740234375,1300.0,2109000
2014-03-26,1300.0,1306.6666259765625,1286.6666259765625,1296.6666259765625,2145300
2014-03-27,1273.3333740234375,1310.0,1273.3333740234375,1306.6666259765625,2326800
2014-03-28,1303.3333740234375,1323.3333740234375,1290.0,1323.3333740234375,3029100
2014-03-31,1333.3333740234375,1353.3333740234375,1330.0,1340.0,4017000
2014-04-01,1350.0,1376.6666259765625,1350.0,1366.6666259765625,5087400
2014-04-02,1376.6666259765625,1390.0,1370.0,1383.3333740234375,3367200
2014-04-03,1400.0,1400.0,1380.0,1383.3333740234375,3678900
2014-04-04,1380.0,1393.3333740234375,1376.6666259765625,1390.0,2326200
2014-04-07,1383.3333740234375,1386.6666259765625,1350.0,1353.3333740234375,3615300
2014-04-08,1336.6666259765625,1346.6666259765625,1323.3333740234375,1326.6666259765625,2978400
2014-04-09,1286.6666259765625,1286.6666259765625,1236.6666259765625,1253.3333740234375,9677100
2014-04-10,1266.6666259765625,1276.6666259765625,1246.6666259765625,1256.6666259765625,5180700
2014-04-11,1236.6666259765625,1240.0,1210.0,1230.0,4958400
2014-04-14,1220.0,1230.0,1186.6666259765625,1203.3333740234375,4525800
2014-04-15,1203.3333740234375,1206.6666259765625,1166.6666259765625,1183.3333740234375,4813200
2014-04-16,1193.3333740234375,1213.3333740234375,1190.0,1213.3333740234375,5267100
2014-04-17,1210.0,1230.0,1193.3333740234375,1196.6666259765625,5706300
2014-04-18,1200.0,1206.6666259765625,1186.6666259765625,1196.6666259765625,2489100
2014-04-21,1180.0,1190.0,1170.0,1183.3333740234375,4355400
2014-04-22,1183.3333740234375,1190.0,1170.0,1173.3333740234375,3253500
2014-04-23,1176.6666259765625,1190.0,1173.3333740234375,1186.6666259765625,2641200
2014-04-24,1190.0,1193.3333740234375,1173.3333740234375,1180.0,3957900
2014-04-25,1183.3333740234375,1196.6666259765625,1173.3333740234375,1180.0,2794200
2014-04-28,1166.6666259765625,1173.3333740234375,1143.3333740234375,1156.6666259765625,3907500
2014-04-30,1150.0,1160.0,1126.6666259765625,1136.6666259765625,5766000
2014-05-01,1150.0,1193.3333740234375,1150.0,1186.6666259765625,5246700
2014-05-02,1180.0,1183.3333740234375,1173.3333740234375,1180.0,3234600
2014-05-07,1160.0,1163.3333740234375,1133.3333740234375,1136.6666259765625,5070600
2014-05-08,1150.0,1173.3333740234375,1143.3333740234375,1166.6666259765625,3864600
2014-05-09,1160.0,1183.3333740234375,1156.6666259765625,1163.3333740234375,2864400
2014-05-12,1166.6666259765625,1176.6666259765625,1150.0,1156.6666259765625,2090700
2014-05-13,1170.0,1186.6666259765625,1170.0,1186.6666259765625,2834700
2014-05-14,1186.6666259765625,1210.0,1183.3333740234375,1196.6666259765625,2952000
2014-05-15,1210.0,1230.0,1196.6666259765625,1220.0,4800600
2014-05-16,1200.0,1206.6666259765625,1183.3333740234375,1190.0,3367200
2014-05-19,1200.0,1213.3333740234375,1186.6666259765625,1196.6666259765625,3768900
2014-05-20,1200.0,1226.6666259765625,1193.3333740234375,1213.3333740234375,2796900
2014-05-21,1203.3333740234375,1206.6666259765625,1186.6666259765625,1193.3333740234375,2364900
2014-05-22,1206.6666259765625,1233.3333740234375,1190.0,1230.0,4413600
2014-05-23,1240.0,1253.3333740234375,1226.6666259765625,1236.6666259765625,3519600
2014-05-26,1250.0,1263.3333740234375,1240.0,1256.6666259765625,2574300
2014-05-27,1260.0,1266.6666259765625,1240.0,1243.3333740234375,2615100
2014-05-28,1240.0,1243.3333740234375,1226.6666259765625,1233.3333740234375,2404800
2014-05-29,1233.3333740234375,1236.6666259765625,1220.0,1233.3333740234375,2169600
2014-05-30,1233.3333740234375,1233.3333740234375,1206.6666259765625,1216.6666259765625,4021500
2014-06-02,1230.0,1250.0,1223.3333740234375,1240.0,3236400
2014-06-03,1253.3333740234375,1260.0,1243.3333740234375,1243.3333740234375,3140400
2014-06-04,1250.0,1256.6666259765625,1240.0,1253.3333740234375,3029700
2014-06-05,1246.6666259765625,1253.3333740234375,1233.3333740234375,1250.0,2988000
2014-06-06,1250.0,1280.0,1246.6666259765625,1276.6666259765625,5589900
2014-06-09,1296.6666259765625,1306.6666259765625,1293.3333740234375,1293.3333740234375,4095600
2014-06-10,1290.0,1296.6666259765625,1276.6666259765625,1286.6666259765625,3099300
2014-06-11,1286.6666259765625,1306.6666259765625,1283.3333740234375,1303.3333740234375,2183400
2014-06-12,1296.6666259765625,1330.0,1293.3333740234375,1306.6666259765625,5037600
2014-06-13,1296.6666259765625,1313.3333740234375,1293.3333740234375,1306.6666259765625,4328700
2014-06-16,1313.3333740234375,1313.3333740234375,1280.0,1290.0,3158400
2014-06-17,1276.6666259765625,1280.0,1256.6666259765625,1266.6666259765625,4742400
2014-06-18,1260.0,1263.3333740234375,1243.3333740234375,1253.3333740234375,4173000
2014-06-19,1256.6666259765625,1293.3333740234375,1256.6666259765625,1280.0,4783800
2014-06-20,1290.0,1303.3333740234375,1273.3333740234375,1280.0,3777000
2014-06-23,1283.3333740234375,1293.3333740234375,1273.3333740234375,1276.6666259765625,2345100
2014-06-24,1273.3333740234375,1290.0,1270.0,1276.6666259765625,2845200
2014-06-25,1283.3333740234375,1286.6666259765625,1266.6666259765625,1270.0,2662200
2014-06-26,1270.0,1286.6666259765625,1266.6666259765625,1273.3333740234375,1683300
2014-06-27,1266.6666259765625,1270.0,1243.3333740234375,1253.3333740234375,2913000
2014-06-30,1250.0,1260.0,1243.3333740234375,1256.6666259765625,1845300
2014-07-01,1260.0,1276.6666259765625,1253.3333740234375,1263.3333740234375,2418300
2014-07-02,1273.3333740234375,1293.3333740234375,1270.0,1286.6666259765625,3837000
2014-07-03,1290.0,1296.6666259765625,1283.3333740234375,1283.3333740234375,1521300
2014-07-04,1293.3333740234375,1296.6666259765625,1286.6666259765625,1293.3333740234375,2106300
2014-07-07,1300.0,1310.0,1286.6666259765625,1293.3333740234375,2087400
2014-07-08,1283.3333740234375,1283.3333740234375,1263.3333740234375,1276.6666259765625,3008400
2014-07-09,1266.6666259765625,1270.0,1253.3333740234375,1260.0,2840100
2014-07-10,1263.3333740234375,1263.3333740234375,1236.6666259765625,1240.0,2901900
2014-07-11,1230.0,1230.0,1210.0,1230.0,3866700
2014-07-14,1223.3333740234375,1236.6666259765625,1220.0,1233.3333740234375,1920600
2014-07-15,1236.6666259765625,1253.3333740234375,1233.3333740234375,1236.6666259765625,3127200
2014-07-16,1233.3333740234375,1246.6666259765625,1230.0,1233.3333740234375,2316600
2014-07-17,1233.3333740234375,1243.3333740234375,1223.3333740234375,1223.3333740234375,2471400
2014-07-18,1206.6666259765625,1220.0,1200.0,1220.0,2686800
2014-07-22,1216.6666259765625,1230.0,1216.6666259765625,1220.0,1838700
2014-07-23,1216.6666259765625,1230.0,1213.3333740234375,1220.0,1368300
2014-07-24,1216.6666259765625,1233.3333740234375,1216.6666259765625,1216.6666259765625,1804800
2014-07-25,1226.6666259765625,1233.3333740234375,1220.0,1223.3333740234375,2436600
2014-07-28,1223.3333740234375,1240.0,1223.3333740234375,1233.3333740234375,2420400
2014-07-29,1243.3333740234375,1246.6666259765625,1236.6666259765625,1243.3333740234375,2113800
2014-07-30,1240.0,1240.0,1223.3333740234375,1236.6666259765625,2461200
2014-07-31,1243.3333740234375,1290.0,1230.0,1280.0,13446900
2014-08-01,1256.6666259765625,1266.6666259765625,1236.6666259765625,1246.6666259765625,5965500
2014-08-04,1230.0,1233.3333740234375,1206.6666259765625,1220.0,4230000
2014-08-05,1220.0,1223.3333740234375,1196.6666259765625,1200.0,5479800
2014-08-06,1186.6666259765625,1190.0,1170.0,1180.0,4461900
2014-08-07,1170.0,1183.3333740234375,1160.0,1180.0,3766500
2014-08-08,1163.3333740234375,1170.0,1150.0,1160.0,3910800
2014-08-11,1173.3333740234375,1180.0,1170.0,1170.0,1974900
2014-08-12,1180.0,1190.0,1176.6666259765625,1180.0,2955900
2014-08-13,1190.0,1206.6666259765625,1180.0,1203.3333740234375,5258100
2014-08-14,1213.3333740234375,1226.6666259765625,1210.0,1223.3333740234375,4865700
2014-08-15,1233.3333740234375,1263.3333740234375,1233.3333740234375,1256.6666259765625,7429200
2014-08-18,1256.6666259765625,1276.6666259765625,1253.3333740234375,1256.6666259765625,3556500
2014-08-19,1266.6666259765625,1266.6666259765625,1246.6666259765625,1253.3333740234375,3688200
2014-08-20,1263.3333740234375,1280.0,1260.0,1273.3333740234375,4786500
2014-08-21,1286.6666259765625,1300.0,1283.3333740234375,1286.6666259765625,5556900
2014-08-22,1300.0,1306.6666259765625,1293.3333740234375,1296.6666259765625,4530300
2014-08-25,1303.3333740234375,1310.0,1293.3333740234375,1303.3333740234375,1965300
2014-08-26,1296.6666259765625,1300.0,1283.3333740234375,1290.0,2284800
2014-08-27,1280.0,1293.3333740234375,1280.0,1290.0,3232500
2014-08-28,1280.0,1280.0,1260.0,1266.6666259765625,3569400
2014-08-29,1266.6666259765625,1283.3333740234375,1260.0,1270.0,2408400
2014-09-01,1263.3333740234375,1266.6666259765625,1243.3333740234375,1253.3333740234375,3484500
2014-09-02,1253.3333740234375,1260.0,1243.3333740234375,1250.0,2298600
2014-09-03,1260.0,1283.3333740234375,1256.6666259765625,1266.6666259765625,4857000
2014-09-04,1260.0,1263.3333740234375,1243.3333740234375,1250.0,3004500
2014-09-05,1256.6666259765625,1260.0,1243.3333740234375,1256.6666259765625,2234700
2014-09-08,1260.0,1273.3333740234375,1253.3333740234375,1256.6666259765625,2518800
2014-09-09,1266.6666259765625,1276.6666259765625,1260.0,1263.3333740234375,4438500
2014-09-10,1263.3333740234375,1266.6666259765625,1246.6666259765625,1256.6666259765625,3620700
2014-09-11,1263.3333740234375,1266.6666259765625,1256.6666259765625,1263.3333740234375,2624700
2014-09-12,1256.6666259765625,1263.3333740234375,1253.3333740234375,1260.0,3125700
2014-09-16,1256.6666259765625,1260.0,1233.3333740234375,1240.0,3792900
2014-09-17,1230.0,1233.3333740234375,1193.3333740234375,1196.6666259765625,8345700
2014-09-18,1200.0,1213.3333740234375,1193.3333740234375,1203.3333740234375,4956600
2014-09-19,1210.0,1223.3333740234375,1203.3333740234375,1216.6666259765625,4303500
2014-09-22,1210.0,1216.6666259765625,1193.3333740234375,1203.3333740234375,3618000
2014-09-24,1196.6666259765625,1200.0,1176.6666259765625,1183.3333740234375,4191000
2014-09-25,1193.3333740234375,1196.6666259765625,1183.3333740234375,1193.3333740234375,2462700
2014-09-26,1176.6666259765625,1186.6666259765625,1173.3333740234375,1183.3333740234375,2640600
2014-09-29,1200.0,1203.3333740234375,1176.6666259765625,1180.0,3117000
2014-09-30,1183.3333740234375,1193.3333740234375,1166.6666259765625,1166.6666259765625,4897200
2014-10-01,1173.3333740234375,1180.0,1160.0,1166.6666259765625,3959100
2014-10-02,1153.3333740234375,1156.6666259765625,1133.3333740234375,1136.6666259765625,6634800
2014-10-03,1126.6666259765625,1136.6666259765625,1116.6666259765625,1126.6666259765625,4180200
2014-10-06,1143.3333740234375,1160.0,1140.0,1150.0,4076100
2014-10-07,1143.3333740234375,1156.6666259765625,1136.6666259765625,1146.6666259765625,4797600
2014-10-08,1126.6666259765625,1126.6666259765625,1113.3333740234375,1120.0,4890900
2014-10-09,1123.3333740234375,1126.6666259765625,1110.0,1113.3333740234375,4543500
2014-10-10,1103.3333740234375,1110.0,1093.3333740234375,1103.3333740234375,6601800
2014-10-14,1080.0,1093.3333740234375,1066.6666259765625,1083.3333740234375,8387100
2014-10-15,1083.3333740234375,1110.0,1073.3333740234375,1096.6666259765625,6306600
2014-10-16,1070.0,1076.6666259765625,1026.6666259765625,1033.3333740234375,12609600
2014-10-17,1036.6666259765625,1056.6666259765625,1030.0,1040.0,8622300
2014-10-20,1060.0,1076.6666259765625,1046.6666259765625,1066.6666259765625,5705400
2014-10-21,1063.3333740234375,1066.6666259765625,1046.6666259765625,1053.3333740234375,4512000
2014-10-22,1073.3333740234375,1116.6666259765625,1070.0,1110.0,9394800
2014-10-23,1100.0,1150.0,1096.6666259765625,1130.0,7743600
2014-10-24,1140.0,1146.6666259765625,1110.0,1116.6666259765625,4984200
2014-10-27,1126.6666259765625,1133.3333740234375,1116.6666259765625,1120.0,2281800
2014-10-28,1120.0,1130.0,1100.0,1110.0,3903600
2014-10-29,1120.0,1143.3333740234375,1113.3333740234375,1136.6666259765625,5177700
2014-10-30,1136.6666259765625,1153.3333740234375,1133.3333740234375,1133.3333740234375,4641900
2014-10-31,1136.6666259765625,1163.3333740234375,1110.0,1153.3333740234375,9297600
2014-11-04,1210.0,1230.0,1183.3333740234375,1183.3333740234375,10696800
2014-11-05,1180.0,1183.3333740234375,1156.6666259765625,1176.6666259765625,6674400
2014-11-06,1180.0,1183.3333740234375,1150.0,1150.0,5720400
2014-11-07,1150.0,1156.6666259765625,1140.0,1153.3333740234375,3316200
2014-11-10,1136.6666259765625,1166.6666259765625,1126.6666259765625,1156.6666259765625,5766300
2014-11-11,1156.6666259765625,1166.6666259765625,1153.3333740234375,1160.0,2445000
2014-11-12,1163.3333740234375,1166.6666259765625,1136.6666259765625,1146.6666259765625,6781800
2014-11-13,1133.3333740234375,1150.0,1126.6666259765625,1143.3333740234375,4518000
2014-11-14,1136.6666259765625,1140.0,1113.3333740234375,1126.6666259765625,8120400
2014-11-17,1126.6666259765625,1153.3333740234375,1113.3333740234375,1123.3333740234375,10887000
2014-11-18,1140.0,1146.6666259765625,1126.6666259765625,1136.6666259765625,5133300
2014-11-19,1143.3333740234375,1160.0,1140.0,1146.6666259765625,5997000
2014-11-20,1156.6666259765625,1173.3333740234375,1146.6666259765625,1163.3333740234375,5122500
2014-11-21,1166.6666259765625,1176.6666259765625,1146.6666259765625,1166.6666259765625,5289900
2014-11-25,1176.6666259765625,1183.3333740234375,1166.6666259765625,1180.0,4054200
2014-11-26,1183.3333740234375,1203.3333740234375,1176.6666259765625,1190.0,5815500
2014-11-27,1203.3333740234375,1223.3333740234375,1196.6666259765625,1210.0,10320000
2014-11-28,1226.6666259765625,1270.0,1220.0,1253.3333740234375,13626300
2014-12-01,1270.0,1273.3333740234375,1253.3333740234375,1253.3333740234375,7779300
2014-12-02,1240.0,1270.0,1233.3333740234375,1263.3333740234375,6301500
2014-12-03,1280.0,1283.3333740234375,1253.3333740234375,1260.0,5058000
2014-12-04,1266.6666259765625,1273.3333740234375,1250.0,1270.0,5719800
2014-12-05,1266.6666259765625,1273.3333740234375,1253.3333740234375,1273.3333740234375,4736400
2014-12-08,1283.3333740234375,1293.3333740234375,1273.3333740234375,1276.6666259765625,5736000
2014-12-09,1266.6666259765625,1273.3333740234375,1250.0,1260.0,3421200
2014-12-10,1250.0,1263.3333740234375,1236.6666259765625,1250.0,4289100
2014-12-11,1220.0,1243.3333740234375,1206.6666259765625,1240.0,4136400
2014-12-12,1236.6666259765625,1253.3333740234375,1230.0,1236.6666259765625,3857700
2014-12-15,1226.6666259765625,1246.6666259765625,1216.6666259765625,1236.6666259765625,3018300
2014-12-16,1220.0,1223.3333740234375,1186.6666259765625,1193.3333740234375,6768000
2014-12-17,1183.3333740234375,1220.0,1180.0,1200.0,5521200
2014-12-18,1226.6666259765625,1230.0,1200.0,1206.6666259765625,5255100
2014-12-19,1220.0,1230.0,1196.6666259765625,1226.6666259765625,6073500
2014-12-22,1213.3333740234375,1216.6666259765625,1203.3333740234375,1213.3333740234375,4501500
2014-12-24,1220.0,1230.0,1203.3333740234375,1206.6666259765625,3490500
2014-12-25,1210.0,1210.0,1193.3333740234375,1200.0,2733600
2014-12-26,1196.6666259765625,1213.3333740234375,1196.6666259765625,1206.6666259765625,2440800
2014-12-29,1203.3333740234375,1216.6666259765625,1200.0,1210.0,2936700
2014-12-30,1203.3333740234375,1220.0,1196.6666259765625,1196.6666259765625,4279200
2015-01-05,1190.0,1213.3333740234375,1176.6666259765625,1200.0,4123800
2015-01-06,1183.3333740234375,1203.3333740234375,1180.0,1180.0,4764300
2015-01-07,1170.0,1186.6666259765625,1170.0,1180.0,4380900
2015-01-08,1193.3333740234375,1233.3333740234375,1186.6666259765625,1226.6666259765625,8283600
2015-01-09,1236.6666259765625,1263.3333740234375,1223.3333740234375,1236.6666259765625,11491500
2015-01-13,1230.0,1263.3333740234375,1226.6666259765625,1263.3333740234375,7902000
2015-01-14,1263.3333740234375,1270.0,1236.6666259765625,1243.3333740234375,7013700
2015-01-15,1266.6666259765625,1280.0,1250.0,1270.0,9480600
2015-01-16,1250.0,1253.3333740234375,1216.6666259765625,1223.3333740234375,9428100
2015-01-19,1250.0,1280.0,1243.3333740234375,1253.3333740234375,9893400
2015-01-20,1260.0,1280.0,1260.0,1276.6666259765625,5934900
2015-01-21,1276.6666259765625,1320.0,1273.3333740234375,1293.3333740234375,11680200
2015-01-22,1290.0,1303.3333740234375,1276.6666259765625,1290.0,5888400
2015-01-23,1303.3333740234375,1326.6666259765625,1283.3333740234375,1323.3333740234375,8905500
2015-01-26,1306.6666259765625,1320.0,1290.0,1306.6666259765625,7259700
2015-01-27,1316.6666259765625,1333.3333740234375,1306.6666259765625,1320.0,5272800
2015-01-28,1310.0,1350.0,1310.0,1346.6666259765625,7919100
2015-01-29,1313.3333740234375,1330.0,1300.0,1313.3333740234375,8491800
2015-01-30,1326.6666259765625,1343.3333740234375,1280.0,1333.3333740234375,13509300
2015-02-02,1330.0,1370.0,1330.0,1360.0,8142000
2015-02-03,1370.0,1403.3333740234375,1343.3333740234375,1356.6666259765625,11640300
2015-02-04,1350.0,1376.6666259765625,1336.6666259765625,1370.0,8071500
2015-02-05,1366.6666259765625,1380.0,1346.6666259765625,1350.0,5170800
2015-02-06,1356.6666259765625,1366.6666259765625,1350.0,1356.6666259765625,4191900
2015-02-09,1363.3333740234375,1393.3333740234375,1360.0,1360.0,5209200
2015-02-10,1363.3333740234375,1370.0,1340.0,1356.6666259765625,4172400
2015-02-12,1376.6666259765625,1383.3333740234375,1363.3333740234375,1370.0,6375300
2015-02-13,1363.3333740234375,1373.3333740234375,1346.6666259765625,1360.0,5826000
2015-02-16,1383.3333740234375,1406.6666259765625,1376.6666259765625,1386.6666259765625,6389100
2015-02-17,1400.0,1413.3333740234375,1393.3333740234375,1400.0,4006500
2015-02-18,1416.6666259765625,1436.6666259765625,1396.6666259765625,1426.6666259765625,6478500
2015-02-19,1426.6666259765625,1450.0,1423.3333740234375,1440.0,4004100
2015-02-20,1446.6666259765625,1446.6666259765625,1420.0,1430.0,2541000
2015-02-23,1436.6666259765625,1443.3333740234375,1413.3333740234375,1426.6666259765625,3359400
2015-02-24,1420.0,1423.3333740234375,1400.0,1416.6666259765625,3750000
2015-02-25,1416.6666259765625,1436.6666259765625,1410.0,1423.3333740234375,3215100
2015-02-26,1423.3333740234375,1446.6666259765625,1420.0,1436.6666259765625,4216200
2015-02-27,1436.6666259765625,1436.6666259765625,1413.3333740234375,1423.3333740234375,4772400
2015-03-02,1430.0,1450.0,1423.3333740234375,1443.3333740234375,5957700
2015-03-03,1460.0,1480.0,1443.3333740234375,1460.0,8500200
2015-03-04,1466.6666259765625,1490.0,1463.3333740234375,1476.6666259765625,8025900
2015-03-05,1473.3333740234375,1480.0,1463.3333740234375,1470.0,4797300
2015-03-06,1490.0,1496.6666259765625,1480.0,1486.6666259765625,5074500
2015-03-09,1483.3333740234375,1493.3333740234375,1470.0,1470.0,3548100
2015-03-10,1466.6666259765625,1473.3333740234375,1433.3333740234375,1443.3333740234375,6890700
2015-03-11,1423.3333740234375,1453.3333740234375,1420.0,1433.3333740234375,3458100
2015-03-12,1440.0,1476.6666259765625,1433.3333740234375,1466.6666259765625,5521200
2015-03-13,1493.3333740234375,1500.0,1473.3333740234375,1473.3333740234375,9215700
2015-03-16,1476.6666259765625,1476.6666259765625,1450.0,1463.3333740234375,5823000
2015-03-17,1463.3333740234375,1466.6666259765625,1443.3333740234375,1460.0,6161700
2015-03-18,1460.0,1480.0,1453.3333740234375,1473.3333740234375,2716200
2015-03-19,1466.6666259765625,1470.0,1433.3333740234375,1450.0,6102300
2015-03-20,1453.3333740234375,1466.6666259765625,1440.0,1456.6666259765625,3885000
2015-03-23,1460.0,1460.0,1436.6666259765625,1450.0,2493000
2015-03-24,1436.6666259765625,1440.0,1410.0,1420.0,7064100
2015-03-25,1413.3333740234375,1420.0,1400.0,1410.0,3504000
2015-03-26,1400.0,1403.3333740234375,1383.3333740234375,1386.6666259765625,5467800
2015-03-27,1370.0,1386.6666259765625,1343.3333740234375,1363.3333740234375,9604500
2015-03-30,1370.0,1396.6666259765625,1356.6666259765625,1376.6666259765625,5442900
2015-03-31,1373.3333740234375,1393.3333740234375,1360.0,1360.0,6610200
2015-04-01,1363.3333740234375,1380.0,1353.3333740234375,1356.6666259765625,4335300
2015-04-02,1356.6666259765625,1373.3333740234375,1350.0,1356.6666259765625,3578400
2015-04-03,1353.3333740234375,1360.0,1343.3333740234375,1356.6666259765625,2403300
2015-04-06,1353.3333740234375,1353.3333740234375,1333.3333740234375,1343.3333740234375,2771400
2015-04-07,1346.6666259765625,1366.6666259765625,1346.6666259765625,1360.0,3145200
2015-04-08,1366.6666259765625,1376.6666259765625,1350.0,1356.6666259765625,4681800
2015-04-09,1353.3333740234375,1373.3333740234375,1346.6666259765625,1360.0,2414400
2015-04-10,1346.6666259765625,1350.0,1316.6666259765625,1333.3333740234375,8896800
2015-04-13,1316.6666259765625,1330.0,1306.6666259765625,1326.6666259765625,5160600
2015-04-14,1320.0,1343.3333740234375,1320.0,1340.0,3570900
2015-04-15,1336.6666259765625,1346.6666259765625,1326.6666259765625,1340.0,1797000
2015-04-16,1336.6666259765625,1366.6666259765625,1333.3333740234375,1366.6666259765625,4524300
2015-04-17,1366.6666259765625,1373.3333740234375,1353.3333740234375,1366.6666259765625,3580800
2015-04-20,1356.6666259765625,1386.6666259765625,1353.3333740234375,1376.6666259765625,3618900
2015-04-21,1380.0,1403.3333740234375,1380.0,1386.6666259765625,3903600
2015-04-22,1390.0,1403.3333740234375,1380.0,1390.0,5067900
2015-04-23,1396.6666259765625,1456.6666259765625,1396.6666259765625,1436.6666259765625,10342800
2015-04-24,1433.3333740234375,1436.6666259765625,1413.3333740234375,1436.6666259765625,3733200
2015-04-27,1433.3333740234375,1440.0,1403.3333740234375,1413.3333740234375,3690900
2015-04-28,1430.0,1436.6666259765625,1416.6666259765625,1423.3333740234375,2896800
2015-04-30,1410.0,1423.3333740234375,1386.6666259765625,1410.0,5769600
2015-05-01,1370.0,1376.6666259765625,1333.3333740234375,1366.6666259765625,7665300
2015-05-07,1353.3333740234375,1370.0,1336.6666259765625,1346.6666259765625,6398100
2015-05-08,1346.6666259765625,1363.3333740234375,1346.6666259765625,1353.3333740234375,4295100
2015-05-11,1373.3333740234375,1386.6666259765625,1366.6666259765625,1366.6666259765625,3918300
2015-05-12,1380.0,1386.6666259765625,1363.3333740234375,1386.6666259765625,3415800
2015-05-13,1380.0,1390.0,1366.6666259765625,1383.3333740234375,2899200
2015-05-14,1386.6666259765625,1390.0,1366.6666259765625,1373.3333740234375,2485200
2015-05-15,1383.3333740234375,1386.6666259765625,1366.6666259765625,1380.0,2423400
2015-05-18,1386.6666259765625,1400.0,1383.3333740234375,1400.0,3191700
2015-05-19,1403.3333740234375,1406.6666259765625,1383.3333740234375,1390.0,3642000
2015-05-20,1396.6666259765625,1416.6666259765625,1390.0,1400.0,5506800
2015-05-21,1396.6666259765625,1400.0,1386.6666259765625,1393.3333740234375,3039600
2015-05-22,1400.0,1416.6666259765625,1386.6666259765625,1400.0,5259000
2015-05-25,1406.6666259765625,1423.3333740234375,1403.3333740234375,1410.0,3604200
2015-05-26,1410.0,1433.3333740234375,1406.6666259765625,1426.6666259765625,3191400
2015-05-27,1426.6666259765625,1443.3333740234375,1420.0,1420.0,4593300
2015-05-28,1423.3333740234375,1433.3333740234375,1406.6666259765625,1416.6666259765625,2820300
2015-05-29,1413.3333740234375,1430.0,1413.3333740234375,1423.3333740234375,3830400
2015-06-01,1420.0,1420.0,1396.6666259765625,1413.3333740234375,3237900
2015-06-02,1420.0,1420.0,1390.0,1400.0,3612900
2015-06-03,1390.0,1406.6666259765625,1380.0,1400.0,4417500
2015-06-04,1403.3333740234375,1410.0,1390.0,1406.6666259765625,2505300
2015-06-05,1393.3333740234375,1400.0,1370.0,1393.3333740234375,3872100
2015-06-08,1400.0,1413.3333740234375,1396.6666259765625,1406.6666259765625,2978100
2015-06-09,1393.3333740234375,1410.0,1370.0,1373.3333740234375,5783100
2015-06-10,1373.3333740234375,1376.6666259765625,1336.6666259765625,1343.3333740234375,6361500
2015-06-11,1350.0,1356.6666259765625,1336.6666259765625,1343.3333740234375,3566100
2015-06-12,1336.6666259765625,1343.3333740234375,1330.0,1333.3333740234375,4069200
2015-06-15,1340.0,1350.0,1320.0,1340.0,4324800
2015-06-16,1313.3333740234375,1313.3333740234375,1286.6666259765625,1300.0,7836600
2015-06-17,1296.6666259765625,1300.0,1276.6666259765625,1286.6666259765625,4173300
2015-06-18,1296.6666259765625,1303.3333740234375,1266.6666259765625,1273.3333740234375,5895900
2015-06-19,1300.0,1306.6666259765625,1283.3333740234375,1290.0,4203900
2015-06-22,1306.6666259765625,1320.0,1290.0,1296.6666259765625,6805500
2015-06-23,1313.3333740234375,1313.3333740234375,1296.6666259765625,1306.6666259765625,4315800
2015-06-24,1323.3333740234375,1336.6666259765625,1316.6666259765625,1330.0,5442900
2015-06-25,1326.6666259765625,1330.0,1313.3333740234375,1320.0,3641700
2015-06-26,1316.6666259765625,1333.3333740234375,1296.6666259765625,1323.3333740234375,3777600
2015-06-29,1286.6666259765625,1310.0,1286.6666259765625,1303.3333740234375,4135500
2015-06-30,1293.3333740234375,1310.0,1286.6666259765625,1306.6666259765625,4387500
2015-07-01,1296.6666259765625,1303.3333740234375,1286.6666259765625,1296.6666259765625,2983200
2015-07-02,1303.3333740234375,1303.3333740234375,1286.6666259765625,1290.0,2791800
2015-07-03,1283.3333740234375,1296.6666259765625,1280.0,1293.3333740234375,1440900
2015-07-06,1273.3333740234375,1296.6666259765625,1270.0,1283.3333740234375,3273900
2015-07-07,1293.3333740234375,1313.3333740234375,1286.6666259765625,1290.0,3638700
2015-07-08,1296.6666259765625,1310.0,1260.0,1266.6666259765625,5935500
2015-07-09,1246.6666259765625,1256.6666259765625,1206.6666259765625,1256.6666259765625,6286200
2015-07-10,1250.0,1260.0,1226.6666259765625,1246.6666259765625,4893900
2015-07-13,1263.3333740234375,1273.3333740234375,1256.6666259765625,1266.6666259765625,3984900
2015-07-14,1280.0,1306.6666259765625,1280.0,1293.3333740234375,4074900
2015-07-15,1303.3333740234375,1316.6666259765625,1293.3333740234375,1300.0,3532800
2015-07-16,1303.3333740234375,1306.6666259765625,1286.6666259765625,1296.6666259765625,2155800
2015-07-17,1306.6666259765625,1310.0,1290.0,1300.0,2981700
2015-07-21,1316.6666259765625,1360.0,1316.6666259765625,1356.6666259765625,7332900
2015-07-22,1346.6666259765625,1370.0,1346.6666259765625,1353.3333740234375,3376800
2015-07-23,1356.6666259765625,1363.3333740234375,1333.3333740234375,1336.6666259765625,3657300
2015-07-24,1333.3333740234375,1336.6666259765625,1313.3333740234375,1320.0,2826000
2015-07-27,1320.0,1333.3333740234375,1303.3333740234375,1313.3333740234375,3779100
2015-07-28,1303.3333740234375,1303.3333740234375,1273.3333740234375,1283.3333740234375,5334600
2015-07-29,1283.3333740234375,1283.3333740234375,1246.6666259765625,1253.3333740234375,5629500
2015-07-30,1260.0,1283.3333740234375,1260.0,1266.6666259765625,3499500
2015-07-31,1270.0,1300.0,1230.0,1240.0,8962800
2015-08-03,1246.6666259765625,1273.3333740234375,1243.3333740234375,1263.3333740234375,6131400
2015-08-04,1263.3333740234375,1273.3333740234375,1243.3333740234375,1250.0,3881700
2015-08-05,1253.3333740234375,1286.6666259765625,1240.0,1276.6666259765625,4474200
2015-08-06,1290.0,1296.6666259765625,1273.3333740234375,1286.6666259765625,3523200
2015-08-07,1276.6666259765625,1296.6666259765625,1273.3333740234375,1286.6666259765625,3190200
2015-08-10,1276.6666259765625,1290.0,1270.0,1290.0,1995900
2015-08-11,1293.3333740234375,1303.3333740234375,1283.3333740234375,1286.6666259765625,2562600
2015-08-12,1280.0,1290.0,1266.6666259765625,1273.3333740234375,2695200
2015-08-13,1283.3333740234375,1303.3333740234375,1280.0,1283.3333740234375,5902500
2015-08-14,1270.0,1273.3333740234375,1246.6666259765625,1253.3333740234375,4652100
2015-08-17,1253.3333740234375,1270.0,1246.6666259765625,1260.0,3193500
2015-08-18,1273.3333740234375,1300.0,1270.0,1290.0,3932400
2015-08-19,1280.0,1306.6666259765625,1276.6666259765625,1283.3333740234375,3597900
2015-08-20,1283.3333740234375,1290.0,1270.0,1276.6666259765625,2697900
2015-08-21,1236.6666259765625,1253.3333740234375,1233.3333740234375,1236.6666259765625,5443800
2015-08-24,1196.6666259765625,1216.6666259765625,1176.6666259765625,1183.3333740234375,7692300
2015-08-25,1143.3333740234375,1190.0,1123.3333740234375,1130.0,8579400
2015-08-26,1123.3333740234375,1133.3333740234375,1086.6666259765625,1116.6666259765625,12085800
2015-08-27,1136.6666259765625,1146.6666259765625,1123.3333740234375,1126.6666259765625,6458100
2015-08-28,1150.0,1176.6666259765625,1150.0,1166.6666259765625,5101200
2015-08-31,1153.3333740234375,1160.0,1130.0,1140.0,5134200
2015-09-01,1143.3333740234375,1156.6666259765625,1120.0,1120.0,5563200
2015-09-02,1093.3333740234375,1110.0,1083.3333740234375,1090.0,6971700
2015-09-03,1100.0,1113.3333740234375,1083.3333740234375,1090.0,4381200
2015-09-04,1100.0,1106.6666259765625,1073.3333740234375,1080.0,4846500
2015-09-07,1070.0,1086.6666259765625,1060.0,1080.0,2880300
2015-09-08,1086.6666259765625,1113.3333740234375,1073.3333740234375,1073.3333740234375,4277400
2015-09-09,1110.0,1123.3333740234375,1100.0,1123.3333740234375,5225400
2015-09-10,1100.0,1133.3333740234375,1096.6666259765625,1130.0,5036700
2015-09-11,1113.3333740234375,1126.6666259765625,1103.3333740234375,1113.3333740234375,5284800
2015-09-14,1120.0,1136.6666259765625,1100.0,1106.6666259765625,5484900
2015-09-15,1110.0,1120.0,1096.6666259765625,1100.0,3364200
2015-09-16,1106.6666259765625,1113.3333740234375,1096.6666259765625,1110.0,2448600
2015-09-17,1116.6666259765625,1130.0,1110.0,1130.0,2265300
2015-09-18,1110.0,1113.3333740234375,1086.6666259765625,1096.6666259765625,4687800
2015-09-24,1076.6666259765625,1080.0,1036.6666259765625,1040.0,6561000
2015-09-25,1026.6666259765625,1040.0,1010.0,1040.0,5083500
2015-09-28,1030.0,1046.6666259765625,1026.6666259765625,1036.6666259765625,3770100
2015-09-29,986.6666870117188,990.0,950.0,960.0,13819200
2015-09-30,963.3333129882812,973.3333129882812,946.6666870117188,953.3333129882812,6140400
2015-10-01,963.3333129882812,993.3333129882812,956.6666870117188,976.6666870117188,7032300
2015-10-02,970.0,1000.0,956.6666870117188,976.6666870117188,6674400
2015-10-05,986.6666870117188,1000.0,976.6666870117188,996.6666870117188,5733600
2015-10-06,1020.0,1040.0,1000.0,1003.3333129882812,5929800
2015-10-07,1000.0,1030.0,1000.0,1026.6666259765625,3868500
2015-10-08,1043.3333740234375,1060.0,1033.3333740234375,1036.6666259765625,4404900
2015-10-09,1043.3333740234375,1073.3333740234375,1040.0,1066.6666259765625,6882300
2015-10-13,1066.6666259765625,1080.0,1063.3333740234375,1070.0,3176100
2015-10-14,1050.0,1056.6666259765625,1023.3333129882812,1026.6666259765625,7001400
2015-10-15,1016.6666870117188,1036.6666259765625,1003.3333129882812,1026.6666259765625,10117200
2015-10-16,1036.6666259765625,1056.6666259765625,1033.3333740234375,1050.0,5495100
2015-10-19,1053.3333740234375,1063.3333740234375,1040.0,1046.6666259765625,4556400
2015-10-20,1056.6666259765625,1070.0,1050.0,1063.3333740234375,3847800
2015-10-21,1056.6666259765625,1090.0,1053.3333740234375,1083.3333740234375,4016100
2015-10-22,1076.6666259765625,1103.3333740234375,1073.3333740234375,1090.0,4010700
2015-10-23,1130.0,1143.3333740234375,1113.3333740234375,1116.6666259765625,5820300
2015-10-26,1116.6666259765625,1130.0,1096.6666259765625,1120.0,6027300
2015-10-27,1133.3333740234375,1136.6666259765625,1086.6666259765625,1090.0,5798400
2015-10-28,1080.0,1083.3333740234375,1060.0,1073.3333740234375,5387700
2015-10-29,1076.6666259765625,1080.0,1050.0,1060.0,6840000
2015-10-30,1053.3333740234375,1090.0,1040.0,1083.3333740234375,5981400
2015-11-02,1073.3333740234375,1090.0,1056.6666259765625,1066.6666259765625,7978500
2015-11-04,1066.6666259765625,1070.0,1030.0,1043.3333740234375,7259700
2015-11-05,1040.0,1066.6666259765625,1040.0,1060.0,3851100
2015-11-06,1066.6666259765625,1090.0,1060.0,1083.3333740234375,4390800
2015-11-09,1090.0,1093.3333740234375,1073.3333740234375,1093.3333740234375,2892600
2015-11-10,1093.3333740234375,1113.3333740234375,1090.0,1100.0,4310700
2015-11-11,1093.3333740234375,1100.0,1083.3333740234375,1093.3333740234375,2704200
2015-11-12,1086.6666259765625,1110.0,1083.3333740234375,1110.0,4229400
2015-11-13,1093.3333740234375,1096.6666259765625,1080.0,1086.6666259765625,4116300
2015-11-16,1076.6666259765625,1103.3333740234375,1076.6666259765625,1093.3333740234375,4518900
2015-11-17,1093.3333740234375,1113.3333740234375,1090.0,1110.0,4803300
2015-11-18,1103.3333740234375,1130.0,1103.3333740234375,1116.6666259765625,3684900
2015-11-19,1126.6666259765625,1140.0,1120.0,1130.0,2943000
2015-11-20,1116.6666259765625,1120.0,1106.6666259765625,1110.0,3131100
2015-11-24,1103.3333740234375,1126.6666259765625,1090.0,1123.3333740234375,4252500
2015-11-25,1116.6666259765625,1120.0,1106.6666259765625,1110.0,2301900
2015-11-26,1106.6666259765625,1120.0,1100.0,1113.3333740234375,3309900
2015-11-27,1110.0,1126.6666259765625,1103.3333740234375,1103.3333740234375,3271500
2015-11-30,1090.0,1093.3333740234375,1060.0,1070.0,7107000
2015-12-01,1073.3333740234375,1083.3333740234375,1063.3333740234375,1076.6666259765625,3785400
2015-12-02,1070.0,1073.3333740234375,1060.0,1070.0,3104700
2015-12-03,1063.3333740234375,1076.6666259765625,1063.3333740234375,1073.3333740234375,2297700
2015-12-04,1043.3333740234375,1046.6666259765625,1020.0,1033.3333740234375,8263200
2015-12-07,1040.0,1043.3333740234375,1023.3333129882812,1023.3333129882812,3793800
2015-12-08,1023.3333129882812,1023.3333129882812,1006.6666870117188,1013.3333129882812,3700200
2015-12-09,1006.6666870117188,1026.6666259765625,1003.3333129882812,1016.6666870117188,4202100
2015-12-10,1006.6666870117188,1023.3333129882812,1006.6666870117188,1013.3333129882812,3758700
2015-12-11,1010.0,1030.0,1010.0,1026.6666259765625,4200300
2015-12-14,1010.0,1023.3333129882812,1003.3333129882812,1020.0,3481200
2015-12-15,1003.3333129882812,1010.0,990.0,990.0,4808700
2015-12-16,1010.0,1023.3333129882812,1003.3333129882812,1010.0,4669200
2015-12-17,1016.6666870117188,1040.0,1016.6666870117188,1026.6666259765625,5062500
2015-12-18,1020.0,1030.0,993.3333129882812,993.3333129882812,5773500
2015-12-21,983.3333129882812,1010.0,976.6666870117188,1003.3333129882812,4036200
2015-12-22,996.6666870117188,1010.0,993.3333129882812,1000.0,2328000
2015-12-24,1006.6666870117188,1023.3333129882812,1006.6666870117188,1006.6666870117188,3250200
2015-12-25,1006.6666870117188,1006.6666870117188,1006.6666870117188,1006.6666870117188,0
2015-12-28,993.3333129882812,1036.6666259765625,993.3333129882812,1020.0,4746900
2015-12-29,1020.0,1033.3333740234375,1006.6666870117188,1026.6666259765625,5902800
2015-12-30,1030.0,1043.3333740234375,1023.3333129882812,1023.3333129882812,4758300
2016-01-04,1013.3333129882812,1026.6666259765625,996.6666870117188,1000.0,3216300
2016-01-05,993.3333129882812,1006.6666870117188,993.3333129882812,1000.0,3331800
2016-01-06,996.6666870117188,1006.6666870117188,983.3333129882812,990.0,6412200
2016-01-07,980.0,983.3333129882812,963.3333129882812,963.3333129882812,5336400
2016-01-08,950.0,960.0,943.3333129882812,946.6666870117188,4524000
2016-01-12,933.3333129882812,940.0,880.0,880.0,8605500
2016-01-13,893.3333129882812,900.0,883.3333129882812,893.3333129882812,5210700
2016-01-14,870.0,886.6666870117188,856.6666870117188,870.0,7433100
2016-01-15,876.6666870117188,893.3333129882812,856.6666870117188,863.3333129882812,4729800
2016-01-18,843.3333129882812,856.6666870117188,833.3333129882812,846.6666870117188,5020200
2016-01-19,846.6666870117188,860.0,840.0,856.6666870117188,5417700
2016-01-20,853.3333129882812,853.3333129882812,813.3333129882812,813.3333129882812,6133500
2016-01-21,806.6666870117188,823.3333129882812,773.3333129882812,776.6666870117188,9956700
2016-01-22,800.0,816.6666870117188,790.0,813.3333129882812,9974700
2016-01-25,820.0,826.6666870117188,796.6666870117188,813.3333129882812,5657700
2016-01-26,803.3333129882812,803.3333129882812,786.6666870117188,786.6666870117188,6585600
2016-01-27,803.3333129882812,813.3333129882812,790.0,803.3333129882812,5514300
2016-01-28,793.3333129882812,796.6666870117188,770.0,773.3333129882812,4376100
2016-01-29,780.0,796.6666870117188,743.3333129882812,786.6666870117188,8680800
2016-02-01,790.0,793.3333129882812,773.3333129882812,783.3333129882812,5756100
2016-02-02,783.3333129882812,796.6666870117188,763.3333129882812,766.6666870117188,6414000
2016-02-03,746.6666870117188,750.0,723.3333129882812,730.0,7342200
2016-02-04,716.6666870117188,750.0,710.0,736.6666870117188,7988100
2016-02-05,720.0,763.3333129882812,720.0,740.0,6165000
2016-02-08,730.0,763.3333129882812,730.0,753.3333129882812,6588300
2016-02-09,730.0,743.3333129882812,700.0,700.0,6490500
2016-02-10,703.3333129882812,713.3333129882812,673.3333129882812,680.0,7212600
2016-02-12,660.0,663.3333129882812,610.0,613.3333129882812,11757900
2016-02-15,646.6666870117188,680.0,646.6666870117188,676.6666870117188,5892600
2016-02-16,653.3333129882812,690.0,646.6666870117188,673.3333129882812,7432500
2016-02-17,673.3333129882812,703.3333129882812,670.0,676.6666870117188,6555600
2016-02-18,693.3333129882812,713.3333129882812,683.3333129882812,700.0,6971400
2016-02-19,693.3333129882812,703.3333129882812,686.6666870117188,696.6666870117188,5645700
2016-02-22,690.0,703.3333129882812,680.0,696.6666870117188,2915100
2016-02-23,706.6666870117188,733.3333129882812,703.3333129882812,713.3333129882812,4891800
2016-02-24,700.0,700.0,670.0,693.3333129882812,4410300
2016-02-25,696.6666870117188,710.0,693.3333129882812,706.6666870117188,3802500
2016-02-26,720.0,730.0,710.0,716.6666870117188,3615300
2016-02-29,730.0,736.6666870117188,703.3333129882812,703.3333129882812,3210900
2016-03-01,703.3333129882812,713.3333129882812,690.0,696.6666870117188,3571500
2016-03-02,733.3333129882812,750.0,723.3333129882812,750.0,6689400
2016-03-03,763.3333129882812,823.3333129882812,763.3333129882812,813.3333129882812,8238300
2016-03-04,820.0,853.3333129882812,810.0,846.6666870117188,9080400
2016-03-07,863.3333129882812,876.6666870117188,850.0,860.0,8308800
2016-03-08,863.3333129882812,873.3333129882812,820.0,840.0,7205400
2016-03-09,820.0,820.0,780.0,793.3333129882812,11988300
2016-03-10,813.3333129882812,830.0,803.3333129882812,826.6666870117188,6957300
2016-03-11,813.3333129882812,830.0,803.3333129882812,826.6666870117188,5682900
2016-03-14,843.3333129882812,846.6666870117188,830.0,846.6666870117188,5659800
2016-03-15,836.6666870117188,846.6666870117188,820.0,830.0,3952500
2016-03-16,820.0,820.0,806.6666870117188,813.3333129882812,2750400
2016-03-17,796.6666870117188,826.6666870117188,793.3333129882812,803.3333129882812,5511600
2016-03-18,796.6666870117188,810.0,770.0,780.0,6791100
2016-03-22,793.3333129882812,810.0,786.6666870117188,810.0,4171200
2016-03-23,813.3333129882812,826.6666870117188,790.0,796.6666870117188,3496200
2016-03-24,783.3333129882812,786.6666870117188,750.0,756.6666870117188,5835900
2016-03-25,766.6666870117188,776.6666870117188,753.3333129882812,770.0,3971700
2016-03-28,780.0,793.3333129882812,770.0,793.3333129882812,4893900
2016-03-29,786.6666870117188,806.6666870117188,776.6666870117188,800.0,3526200
2016-03-30,783.3333129882812,786.6666870117188,763.3333129882812,766.6666870117188,4138200
2016-03-31,770.0,780.0,760.0,763.3333129882812,4228200
2016-04-01,763.3333129882812,773.3333129882812,743.3333129882812,743.3333129882812,5922000
2016-04-04,736.6666870117188,763.3333129882812,733.3333129882812,740.0,3657600
2016-04-05,733.3333129882812,736.6666870117188,710.0,710.0,4108500
2016-04-06,710.0,733.3333129882812,703.3333129882812,733.3333129882812,4855500
2016-04-07,736.6666870117188,756.6666870117188,730.0,736.6666870117188,4120500
2016-04-08,716.6666870117188,760.0,713.3333129882812,750.0,7040400
2016-04-11,753.3333129882812,756.6666870117188,726.6666870117188,746.6666870117188,3777000
2016-04-12,756.6666870117188,796.6666870117188,750.0,793.3333129882812,5183700
2016-04-13,810.0,836.6666870117188,803.3333129882812,836.6666870117188,6139200
2016-04-14,860.0,876.6666870117188,853.3333129882812,876.6666870117188,7944300
2016-04-15,866.6666870117188,883.3333129882812,853.3333129882812,870.0,6318600
2016-04-18,816.6666870117188,836.6666870117188,803.3333129882812,813.3333129882812,6631200
2016-04-19,843.3333129882812,853.3333129882812,833.3333129882812,850.0,4690800
2016-04-20,876.6666870117188,883.3333129882812,866.6666870117188,873.3333129882812,5730900
2016-04-21,880.0,906.6666870117188,866.6666870117188,906.6666870117188,7897500
2016-04-22,880.0,936.6666870117188,880.0,933.3333129882812,8978100
2016-04-25,943.3333129882812,943.3333129882812,903.3333129882812,906.6666870117188,8146800
2016-04-26,896.6666870117188,896.6666870117188,850.0,856.6666870117188,8375100
2016-04-27,856.6666870117188,873.3333129882812,846.6666870117188,846.6666870117188,5648700
2016-04-28,866.6666870117188,873.3333129882812,783.3333129882812,790.0,8470800
2016-05-02,773.3333129882812,776.6666870117188,753.3333129882812,756.6666870117188,9350700
2016-05-06,760.0,766.6666870117188,746.6666870117188,750.0,4947300
2016-05-09,756.6666870117188,766.6666870117188,750.0,750.0,3491400
2016-05-10,743.3333129882812,770.0,736.6666870117188,763.3333129882812,5466300
2016-05-11,770.0,790.0,763.3333129882812,766.6666870117188,5274600
2016-05-12,753.3333129882812,766.6666870117188,750.0,760.0,3828600
2016-05-13,766.6666870117188,770.0,740.0,740.0,4342500
2016-05-16,756.6666870117188,763.3333129882812,746.6666870117188,750.0,2142000
2016-05-17,766.6666870117188,790.0,766.6666870117188,790.0,4647300
2016-05-18,790.0,813.3333129882812,783.3333129882812,810.0,5130000
2016-05-19,820.0,826.6666870117188,800.0,806.6666870117188,3753300
2016-05-20,793.3333129882812,820.0,786.6666870117188,813.3333129882812,3435600
2016-05-23,813.3333129882812,833.3333129882812,793.3333129882812,826.6666870117188,4821600
2016-05-24,830.0,833.3333129882812,813.3333129882812,823.3333129882812,4544700
2016-05-25,843.3333129882812,843.3333129882812,826.6666870117188,840.0,2993400
2016-05-26,840.0,840.0,803.3333129882812,806.6666870117188,3807300
2016-05-27,800.0,816.6666870117188,800.0,813.3333129882812,2575800
2016-05-30,816.6666870117188,830.0,813.3333129882812,826.6666870117188,2010600
2016-05-31,823.3333129882812,840.0,816.6666870117188,840.0,2529600
2016-06-01,830.0,863.3333129882812,826.6666870117188,843.3333129882812,4581600
2016-06-02,823.3333129882812,830.0,806.6666870117188,813.3333129882812,5295600
2016-06-03,806.6666870117188,820.0,803.3333129882812,810.0,3218700
2016-06-06,786.6666870117188,796.6666870117188,770.0,796.6666870117188,6156300
2016-06-07,790.0,813.3333129882812,790.0,800.0,2685900
2016-06-08,793.3333129882812,823.3333129882812,790.0,820.0,3702000
2016-06-09,810.0,820.0,796.6666870117188,800.0,3129900
2016-06-10,796.6666870117188,796.6666870117188,780.0,780.0,5026200
2016-06-13,763.3333129882812,773.3333129882812,746.6666870117188,753.3333129882812,4161000
2016-06-14,743.3333129882812,750.0,726.6666870117188,740.0,4380300
2016-06-15,733.3333129882812,760.0,720.0,750.0,3633300
2016-06-16,750.0,770.0,723.3333129882812,723.3333129882812,5590500
2016-06-17,736.6666870117188,743.3333129882812,720.0,736.6666870117188,3935400
2016-06-20,746.6666870117188,796.6666870117188,746.6666870117188,790.0,5187000
2016-06-21,773.3333129882812,800.0,773.3333129882812,786.6666870117188,3881100
2016-06-22,783.3333129882812,786.6666870117188,763.3333129882812,766.6666870117188,3491400
2016-06-23,776.6666870117188,790.0,770.0,786.6666870117188,3783300
2016-06-24,790.0,803.3333129882812,703.3333129882812,720.0,7692600
2016-06-27,720.0,726.6666870117188,690.0,693.3333129882812,3212100
2016-06-28,680.0,696.6666870117188,663.3333129882812,683.3333129882812,4033200
2016-06-29,700.0,730.0,690.0,713.3333129882812,4781700
2016-06-30,730.0,743.3333129882812,716.6666870117188,720.0,3281100
2016-07-01,726.6666870117188,730.0,703.3333129882812,703.3333129882812,3162600
2016-07-04,693.3333129882812,706.6666870117188,690.0,700.0,4265100
2016-07-05,706.6666870117188,713.3333129882812,696.6666870117188,703.3333129882812,2183100
2016-07-06,690.0,696.6666870117188,673.3333129882812,680.0,3784800
2016-07-07,673.3333129882812,686.6666870117188,670.0,676.6666870117188,3373800
2016-07-08,673.3333129882812,686.6666870117188,670.0,673.3333129882812,3558900
2016-07-11,673.3333129882812,673.3333129882812,673.3333129882812,673.3333129882812,0
2016-07-12,726.6666870117188,750.0,723.3333129882812,743.3333129882812,3714300
2016-07-13,766.6666870117188,770.0,750.0,760.0,5569800
2016-07-14,753.3333129882812,763.3333129882812,740.0,753.3333129882812,3412500
2016-07-15,760.0,776.6666870117188,750.0,763.3333129882812,3414300
2016-07-19,780.0,803.3333129882812,776.6666870117188,800.0,3733500
2016-07-20,790.0,796.6666870117188,763.3333129882812,790.0,4012500
2016-07-21,803.3333129882812,816.6666870117188,793.3333129882812,813.3333129882812,3931200
2016-07-22,786.6666870117188,796.6666870117188,770.0,773.3333129882812,5470200
2016-07-25,763.3333129882812,766.6666870117188,733.3333129882812,733.3333129882812,5569200
2016-07-26,726.6666870117188,730.0,703.3333129882812,706.6666870117188,6731700
2016-07-27,706.6666870117188,733.3333129882812,706.6666870117188,726.6666870117188,4742400
2016-07-28,723.3333129882812,723.3333129882812,706.6666870117188,713.3333129882812,3544500
2016-07-29,716.6666870117188,740.0,706.6666870117188,736.6666870117188,4527300
2016-08-01,716.6666870117188,736.6666870117188,710.0,733.3333129882812,3388500
2016-08-02,720.0,723.3333129882812,700.0,700.0,4146000
2016-08-03,680.0,683.3333129882812,670.0,673.3333129882812,4209600
2016-08-04,683.3333129882812,713.3333129882812,680.0,706.6666870117188,4950900
2016-08-05,700.0,716.6666870117188,690.0,703.3333129882812,2937000
2016-08-08,720.0,740.0,713.3333129882812,740.0,2671500
2016-08-09,740.0,756.6666870117188,736.6666870117188,753.3333129882812,2404500
2016-08-10,746.6666870117188,750.0,730.0,733.3333129882812,2153400
2016-08-12,753.3333129882812,753.3333129882812,740.0,746.6666870117188,1908300
2016-08-15,733.3333129882812,740.0,723.3333129882812,723.3333129882812,2139600
2016-08-16,713.3333129882812,723.3333129882812,700.0,700.0,4850400
2016-08-17,700.0,730.0,696.6666870117188,726.6666870117188,2815500
2016-08-18,720.0,736.6666870117188,713.3333129882812,713.3333129882812,2417700
2016-08-19,713.3333129882812,736.6666870117188,710.0,730.0,2624100
2016-08-22,726.6666870117188,746.6666870117188,723.3333129882812,740.0,1754100
2016-08-23,736.6666870117188,740.0,720.0,726.6666870117188,2154000
2016-08-24,736.6666870117188,750.0,730.0,740.0,1944000
2016-08-25,743.3333129882812,746.6666870117188,736.6666870117188,743.3333129882812,1384500
2016-08-26,740.0,743.3333129882812,726.6666870117188,726.6666870117188,1885200
2016-08-29,746.6666870117188,766.6666870117188,743.3333129882812,766.6666870117188,2855400
2016-08-30,770.0,790.0,770.0,786.6666870117188,3310500
2016-08-31,800.0,810.0,790.0,796.6666870117188,3232500
2016-09-01,790.0,793.3333129882812,773.3333129882812,780.0,2138700
2016-09-02,783.3333129882812,813.3333129882812,763.3333129882812,810.0,5037000
2016-09-05,836.6666870117188,876.6666870117188,836.6666870117188,863.3333129882812,9287700
2016-09-06,853.3333129882812,866.6666870117188,823.3333129882812,830.0,6008700
2016-09-07,816.6666870117188,823.3333129882812,810.0,816.6666870117188,4198800
2016-09-08,823.3333129882812,833.3333129882812,816.6666870117188,826.6666870117188,3283800
2016-09-09,833.3333129882812,863.3333129882812,830.0,853.3333129882812,4196100
2016-09-12,833.3333129882812,853.3333129882812,830.0,833.3333129882812,3658800
2016-09-13,846.6666870117188,846.6666870117188,803.3333129882812,810.0,5119500
2016-09-14,793.3333129882812,800.0,776.6666870117188,783.3333129882812,4456200
2016-09-15,773.3333129882812,786.6666870117188,770.0,773.3333129882812,3314100
2016-09-16,780.0,790.0,773.3333129882812,780.0,1821600
2016-09-20,773.3333129882812,786.6666870117188,760.0,776.6666870117188,2982900
2016-09-21,773.3333129882812,806.6666870117188,773.3333129882812,806.6666870117188,3944100
2016-09-23,806.6666870117188,823.3333129882812,800.0,806.6666870117188,3417600
2016-09-26,810.0,813.3333129882812,780.0,780.0,3485700
2016-09-27,770.0,793.3333129882812,766.6666870117188,790.0,4247400
2016-09-28,770.0,780.0,763.3333129882812,770.0,3850800
2016-09-29,780.0,803.3333129882812,780.0,800.0,4137600
2016-09-30,780.0,783.3333129882812,770.0,776.6666870117188,3025500
2016-10-03,796.6666870117188,800.0,773.3333129882812,776.6666870117188,2327100
2016-10-04,786.6666870117188,806.6666870117188,783.3333129882812,796.6666870117188,3876000
2016-10-05,803.3333129882812,806.6666870117188,793.3333129882812,806.6666870117188,2060400
2016-10-06,820.0,826.6666870117188,810.0,813.3333129882812,2834400
2016-10-07,816.6666870117188,850.0,813.3333129882812,840.0,6585000
2016-10-11,830.0,850.0,830.0,846.6666870117188,5041500
2016-10-12,840.0,853.3333129882812,833.3333129882812,836.6666870117188,4340100
2016-10-13,846.6666870117188,853.3333129882812,823.3333129882812,830.0,3751200
2016-10-14,823.3333129882812,840.0,823.3333129882812,833.3333129882812,2839800
2016-10-17,840.0,846.6666870117188,830.0,840.0,1950000
2016-10-18,840.0,850.0,816.6666870117188,846.6666870117188,3207000
2016-10-19,850.0,863.3333129882812,836.6666870117188,846.6666870117188,3013500
2016-10-20,843.3333129882812,863.3333129882812,840.0,860.0,3216900
2016-10-21,856.6666870117188,866.6666870117188,853.3333129882812,863.3333129882812,2337600
2016-10-24,860.0,863.3333129882812,853.3333129882812,860.0,1480800
2016-10-25,863.3333129882812,873.3333129882812,843.3333129882812,846.6666870117188,3388500
2016-10-26,846.6666870117188,850.0,830.0,833.3333129882812,2894700
2016-10-27,826.6666870117188,830.0,806.6666870117188,810.0,4246800
2016-10-28,820.0,836.6666870117188,820.0,830.0,5466900
2016-10-31,816.6666870117188,956.6666870117188,810.0,876.6666870117188,30621300
2016-11-01,856.6666870117188,880.0,843.3333129882812,853.3333129882812,8431500
2016-11-02,836.6666870117188,846.6666870117188,806.6666870117188,810.0,6069000
2016-11-04,800.0,806.6666870117188,786.6666870117188,790.0,4207200
2016-11-07,816.6666870117188,830.0,806.6666870117188,823.3333129882812,4644600
2016-11-08,830.0,856.6666870117188,826.6666870117188,853.3333129882812,6535200
2016-11-09,863.3333129882812,880.0,773.3333129882812,793.3333129882812,11521800
2016-11-10,860.0,863.3333129882812,833.3333129882812,856.6666870117188,5979600
2016-11-11,870.0,890.0,866.6666870117188,886.6666870117188,5070900
2016-11-14,890.0,940.0,890.0,933.3333129882812,5691300
2016-11-15,933.3333129882812,953.3333129882812,916.6666870117188,923.3333129882812,3978900
2016-11-16,953.3333129882812,953.3333129882812,930.0,946.6666870117188,4684800
2016-11-17,933.3333129882812,943.3333129882812,916.6666870117188,943.3333129882812,4990200
2016-11-18,966.6666870117188,976.6666870117188,946.6666870117188,946.6666870117188,6182100
2016-11-21,950.0,963.3333129882812,943.3333129882812,956.6666870117188,4316400
2016-11-22,950.0,960.0,940.0,953.3333129882812,3846900
2016-11-24,966.6666870117188,983.3333129882812,956.6666870117188,983.3333129882812,4680900
2016-11-25,993.3333129882812,1010.0,966.6666870117188,980.0,6743700
2016-11-28,973.3333129882812,983.3333129882812,963.3333129882812,980.0,3051000
2016-11-29,966.6666870117188,973.3333129882812,950.0,973.3333129882812,4423800
2016-11-30,983.3333129882812,990.0,973.3333129882812,980.0,4373700
2016-12-01,1010.0,1023.3333129882812,1003.3333129882812,1006.6666870117188,6348000
2016-12-02,1026.6666259765625,1056.6666259765625,1023.3333129882812,1050.0,9538500
2016-12-05,1040.0,1053.3333740234375,1036.6666259765625,1050.0,4974600
2016-12-06,1063.3333740234375,1093.3333740234375,1056.6666259765625,1093.3333740234375,6376500
2016-12-07,1103.3333740234375,1136.6666259765625,1100.0,1120.0,8023200
2016-12-08,1140.0,1143.3333740234375,1110.0,1136.6666259765625,5418900
2016-12-09,1150.0,1183.3333740234375,1140.0,1166.6666259765625,10363200
2016-12-12,1180.0,1186.6666259765625,1110.0,1123.3333740234375,10545300
2016-12-13,1086.6666259765625,1120.0,1083.3333740234375,1113.3333740234375,8756100
2016-12-14,1120.0,1133.3333740234375,1110.0,1123.3333740234375,5288700
2016-12-15,1133.3333740234375,1153.3333740234375,1123.3333740234375,1136.6666259765625,6228300
2016-12-16,1136.6666259765625,1163.3333740234375,1136.6666259765625,1160.0,5208900
2016-12-19,1136.6666259765625,1143.3333740234375,1113.3333740234375,1116.6666259765625,5507700
2016-12-20,1100.0,1120.0,1096.6666259765625,1120.0,4853700
2016-12-21,1120.0,1126.6666259765625,1096.6666259765625,1106.6666259765625,4629600
2016-12-22,1086.6666259765625,1096.6666259765625,1073.3333740234375,1096.6666259765625,5812500
2016-12-26,1083.3333740234375,1096.6666259765625,1076.6666259765625,1086.6666259765625,4921200
2016-12-27,1083.3333740234375,1106.6666259765625,1076.6666259765625,1093.3333740234375,3984000
2016-12-28,1103.3333740234375,1110.0,1096.6666259765625,1103.3333740234375,2104200
2016-12-29,1086.6666259765625,1093.3333740234375,1070.0,1086.6666259765625,3633000
2016-12-30,1076.6666259765625,1086.6666259765625,1066.6666259765625,1080.0,2596200
2017-01-04,1100.0,1143.3333740234375,1100.0,1140.0,5200500
2017-01-05,1153.3333740234375,1180.0,1146.6666259765625,1153.3333740234375,6223200
2017-01-06,1130.0,1150.0,1126.6666259765625,1140.0,4877400
2017-01-10,1136.6666259765625,1153.3333740234375,1126.6666259765625,1136.6666259765625,3716400
2017-01-11,1146.6666259765625,1166.6666259765625,1143.3333740234375,1160.0,4533300
2017-01-12,1160.0,1163.3333740234375,1130.0,1143.3333740234375,4623000
2017-01-13,1130.0,1160.0,1123.3333740234375,1160.0,4005300
2017-01-16,1143.3333740234375,1150.0,1123.3333740234375,1130.0,3763200
2017-01-17,1126.6666259765625,1146.6666259765625,1113.3333740234375,1123.3333740234375,4117200
2017-01-18,1110.0,1150.0,1110.0,1146.6666259765625,5399700
2017-01-19,1163.3333740234375,1203.3333740234375,1163.3333740234375,1196.6666259765625,11356800
2017-01-20,1193.3333740234375,1216.6666259765625,1183.3333740234375,1206.6666259765625,7830300
2017-01-23,1196.6666259765625,1206.6666259765625,1180.0,1186.6666259765625,5535300
2017-01-24,1176.6666259765625,1213.3333740234375,1173.3333740234375,1200.0,4437000
2017-01-25,1226.6666259765625,1233.3333740234375,1200.0,1206.6666259765625,4971600
2017-01-26,1226.6666259765625,1263.3333740234375,1223.3333740234375,1253.3333740234375,6837300
2017-01-27,1260.0,1263.3333740234375,1226.6666259765625,1233.3333740234375,5114700
2017-01-30,1250.0,1256.6666259765625,1233.3333740234375,1240.0,6186000
2017-01-31,1210.0,1220.0,1170.0,1200.0,6544800
2017-02-01,1170.0,1186.6666259765625,1166.6666259765625,1173.3333740234375,5114700
2017-02-02,1180.0,1183.3333740234375,1143.3333740234375,1150.0,6668700
2017-02-03,1166.6666259765625,1173.3333740234375,1126.6666259765625,1140.0,5129100
2017-02-06,1146.6666259765625,1153.3333740234375,1136.6666259765625,1150.0,2668800
2017-02-07,1143.3333740234375,1163.3333740234375,1143.3333740234375,1143.3333740234375,3842700
2017-02-08,1153.3333740234375,1166.6666259765625,1150.0,1160.0,3351900
2017-02-09,1150.0,1163.3333740234375,1146.6666259765625,1153.3333740234375,2429100
2017-02-10,1176.6666259765625,1206.6666259765625,1173.3333740234375,1203.3333740234375,4722000
2017-02-13,1220.0,1223.3333740234375,1206.6666259765625,1220.0,3181800
2017-02-14,1223.3333740234375,1226.6666259765625,1203.3333740234375,1206.6666259765625,4016700
2017-02-15,1220.0,1240.0,1220.0,1226.6666259765625,2702700
2017-02-16,1216.6666259765625,1226.6666259765625,1206.6666259765625,1223.3333740234375,3094200
2017-02-17,1213.3333740234375,1226.6666259765625,1200.0,1206.6666259765625,3243600
2017-02-20,1200.0,1213.3333740234375,1180.0,1213.3333740234375,2406000
2017-02-21,1213.3333740234375,1223.3333740234375,1200.0,1216.6666259765625,2619300
2017-02-22,1223.3333740234375,1253.3333740234375,1213.3333740234375,1250.0,6157500
2017-02-23,1246.6666259765625,1270.0,1236.6666259765625,1260.0,5727300
2017-02-24,1256.6666259765625,1266.6666259765625,1236.6666259765625,1243.3333740234375,4360800
2017-02-27,1233.3333740234375,1236.6666259765625,1200.0,1223.3333740234375,5351400
2017-02-28,1233.3333740234375,1250.0,1226.6666259765625,1236.6666259765625,4285500
2017-03-01,1246.6666259765625,1250.0,1216.6666259765625,1240.0,4400100
2017-03-02,1263.3333740234375,1273.3333740234375,1246.6666259765625,1246.6666259765625,5292300
2017-03-03,1260.0,1280.0,1256.6666259765625,1270.0,6410400
2017-03-06,1263.3333740234375,1273.3333740234375,1256.6666259765625,1266.6666259765625,2971500
2017-03-07,1276.6666259765625,1296.6666259765625,1276.6666259765625,1280.0,5479800
2017-03-08,1293.3333740234375,1296.6666259765625,1240.0,1263.3333740234375,7680000
2017-03-09,1256.6666259765625,1286.6666259765625,1256.6666259765625,1280.0,3938100
2017-03-10,1270.0,1273.3333740234375,1250.0,1256.6666259765625,6860400
2017-03-13,1263.3333740234375,1263.3333740234375,1250.0,1256.6666259765625,3237600
2017-03-14,1260.0,1263.3333740234375,1240.0,1243.3333740234375,1994400
2017-03-15,1233.3333740234375,1260.0,1233.3333740234375,1253.3333740234375,2893800
2017-03-16,1250.0,1280.0,1246.6666259765625,1276.6666259765625,4563600
2017-03-17,1266.6666259765625,1270.0,1250.0,1253.3333740234375,3274200
2017-03-21,1240.0,1253.3333740234375,1216.6666259765625,1246.6666259765625,2800500
2017-03-22,1220.0,1230.0,1196.6666259765625,1196.6666259765625,4858800
2017-03-23,1200.0,1223.3333740234375,1200.0,1200.0,3369000
2017-03-24,1200.0,1213.3333740234375,1186.6666259765625,1190.0,3183300
2017-03-27,1173.3333740234375,1180.0,1156.6666259765625,1166.6666259765625,3677400
2017-03-28,1166.6666259765625,1190.0,1166.6666259765625,1180.0,2727600
2017-03-29,1210.0,1223.3333740234375,1183.3333740234375,1193.3333740234375,3612900
2017-03-30,1186.6666259765625,1216.6666259765625,1183.3333740234375,1186.6666259765625,3564900
2017-03-31,1196.6666259765625,1200.0,1163.3333740234375,1166.6666259765625,3824400
2017-04-03,1156.6666259765625,1180.0,1143.3333740234375,1176.6666259765625,3820500
2017-04-04,1160.0,1163.3333740234375,1136.6666259765625,1153.3333740234375,4741500
2017-04-05,1160.0,1166.6666259765625,1140.0,1150.0,3719400
2017-04-06,1126.6666259765625,1143.3333740234375,1110.0,1120.0,4965300
2017-04-07,1123.3333740234375,1153.3333740234375,1120.0,1136.6666259765625,6223200
2017-04-10,1156.6666259765625,1156.6666259765625,1140.0,1153.3333740234375,3257700
2017-04-11,1133.3333740234375,1136.6666259765625,1106.6666259765625,1123.3333740234375,4168200
2017-04-12,1100.0,1120.0,1096.6666259765625,1106.6666259765625,4343700
2017-04-13,1083.3333740234375,1093.3333740234375,1073.3333740234375,1086.6666259765625,4841100
2017-04-14,1080.0,1100.0,1070.0,1090.0,3247200
2017-04-17,1090.0,1120.0,1083.3333740234375,1100.0,4752900
2017-04-18,1123.3333740234375,1133.3333740234375,1106.6666259765625,1110.0,3432300
2017-04-19,1100.0,1106.6666259765625,1080.0,1086.6666259765625,4254300
2017-04-20,1086.6666259765625,1096.6666259765625,1073.3333740234375,1073.3333740234375,3265800
2017-04-21,1093.3333740234375,1100.0,1083.3333740234375,1096.6666259765625,2587800
2017-04-24,1113.3333740234375,1116.6666259765625,1096.6666259765625,1103.3333740234375,2840100
2017-04-25,1116.6666259765625,1130.0,1110.0,1126.6666259765625,3357300
2017-04-26,1153.3333740234375,1166.6666259765625,1146.6666259765625,1156.6666259765625,4283700
2017-04-27,1153.3333740234375,1160.0,1140.0,1146.6666259765625,2378700
2017-04-28,1150.0,1156.6666259765625,1133.3333740234375,1136.6666259765625,3199200
2017-05-01,1136.6666259765625,1140.0,1116.6666259765625,1133.3333740234375,2808600
2017-05-02,1126.6666259765625,1140.0,1120.0,1123.3333740234375,2464200
2017-05-08,1146.6666259765625,1146.6666259765625,1110.0,1113.3333740234375,4428300
2017-05-09,1116.6666259765625,1120.0,1090.0,1100.0,4338600
2017-05-10,1093.3333740234375,1116.6666259765625,1090.0,1100.0,3334200
2017-05-11,1110.0,1113.3333740234375,1090.0,1093.3333740234375,2538000
2017-05-12,1093.3333740234375,1100.0,1086.6666259765625,1093.3333740234375,2493300
2017-05-15,1083.3333740234375,1086.6666259765625,1070.0,1080.0,2099700
2017-05-16,1086.6666259765625,1096.6666259765625,1083.3333740234375,1093.3333740234375,3237300
2017-05-17,1083.3333740234375,1086.6666259765625,1056.6666259765625,1056.6666259765625,3335400
2017-05-18,1026.6666259765625,1070.0,1023.3333129882812,1056.6666259765625,7125000
2017-05-19,1060.0,1080.0,1060.0,1076.6666259765625,4112100
2017-05-22,1090.0,1090.0,1066.6666259765625,1073.3333740234375,1745700
2017-05-23,1063.3333740234375,1066.6666259765625,1050.0,1053.3333740234375,2091600
2017-05-24,1063.3333740234375,1083.3333740234375,1056.6666259765625,1076.6666259765625,2447700
2017-05-25,1060.0,1093.3333740234375,1060.0,1086.6666259765625,2855400
2017-05-26,1080.0,1086.6666259765625,1070.0,1073.3333740234375,1412400
2017-05-29,1070.0,1076.6666259765625,1056.6666259765625,1063.3333740234375,2066100
2017-05-30,1063.3333740234375,1063.3333740234375,1053.3333740234375,1060.0,1776300
2017-05-31,1060.0,1063.3333740234375,1050.0,1060.0,3204300
2017-06-01,1056.6666259765625,1076.6666259765625,1053.3333740234375,1070.0,2738400
2017-06-02,1080.0,1130.0,1076.6666259765625,1130.0,7502100
2017-06-05,1120.0,1123.3333740234375,1096.6666259765625,1103.3333740234375,4131000
2017-06-06,1116.6666259765625,1120.0,1076.6666259765625,1076.6666259765625,3544500
2017-06-07,1070.0,1083.3333740234375,1056.6666259765625,1076.6666259765625,3262800
2017-06-08,1073.3333740234375,1083.3333740234375,1070.0,1073.3333740234375,2625600
2017-06-09,1070.0,1080.0,1063.3333740234375,1073.3333740234375,2829600
2017-06-12,1083.3333740234375,1093.3333740234375,1076.6666259765625,1086.6666259765625,3081900
2017-06-13,1100.0,1110.0,1090.0,1096.6666259765625,3216000
2017-06-14,1096.6666259765625,1096.6666259765625,1073.3333740234375,1083.3333740234375,2449500
2017-06-15,1080.0,1080.0,1050.0,1066.6666259765625,4026600
2017-06-16,1086.6666259765625,1110.0,1076.6666259765625,1106.6666259765625,5679600
2017-06-19,1116.6666259765625,1123.3333740234375,1106.6666259765625,1110.0,3529200
2017-06-20,1120.0,1120.0,1100.0,1106.6666259765625,3731400
2017-06-21,1103.3333740234375,1103.3333740234375,1083.3333740234375,1090.0,4108200
2017-06-22,1096.6666259765625,1103.3333740234375,1090.0,1100.0,2580900
2017-06-23,1103.3333740234375,1103.3333740234375,1083.3333740234375,1100.0,2400600
2017-06-26,1090.0,1106.6666259765625,1080.0,1083.3333740234375,2060100
2017-06-27,1093.3333740234375,1100.0,1086.6666259765625,1096.6666259765625,1827300
2017-06-28,1090.0,1106.6666259765625,1080.0,1090.0,3051300
2017-06-29,1096.6666259765625,1110.0,1090.0,1106.6666259765625,3710700
2017-06-30,1093.3333740234375,1103.3333740234375,1093.3333740234375,1100.0,1956300
2017-07-03,1096.6666259765625,1116.6666259765625,1093.3333740234375,1113.3333740234375,2484600
2017-07-04,1120.0,1146.6666259765625,1120.0,1126.6666259765625,5769600
2017-07-05,1123.3333740234375,1126.6666259765625,1103.3333740234375,1126.6666259765625,3063000
2017-07-06,1130.0,1130.0,1113.3333740234375,1123.3333740234375,2694300
2017-07-07,1116.6666259765625,1130.0,1106.6666259765625,1130.0,2984400
2017-07-10,1153.3333740234375,1200.0,1153.3333740234375,1186.6666259765625,9795900
2017-07-11,1180.0,1203.3333740234375,1173.3333740234375,1200.0,4032300
2017-07-12,1193.3333740234375,1210.0,1193.3333740234375,1196.6666259765625,2949000
2017-07-13,1196.6666259765625,1200.0,1173.3333740234375,1176.6666259765625,2937900
2017-07-14,1183.3333740234375,1186.6666259765625,1176.6666259765625,1176.6666259765625,1322400
2017-07-17,1176.6666259765625,1176.6666259765625,1176.6666259765625,1176.6666259765625,0
2017-07-18,1190.0,1193.3333740234375,1153.3333740234375,1156.6666259765625,3041700
2017-07-19,1146.6666259765625,1150.0,1136.6666259765625,1140.0,2283600
2017-07-20,1146.6666259765625,1150.0,1126.6666259765625,1140.0,2826000
2017-07-21,1133.3333740234375,1143.3333740234375,1130.0,1133.3333740234375,1545900
2017-07-24,1130.0,1133.3333740234375,1110.0,1130.0,1907100
2017-07-25,1133.3333740234375,1140.0,1123.3333740234375,1123.3333740234375,1556100
2017-07-26,1130.0,1140.0,1123.3333740234375,1130.0,2170500
2017-07-27,1126.6666259765625,1133.3333740234375,1116.6666259765625,1123.3333740234375,2043300
2017-07-28,1120.0,1123.3333740234375,1110.0,1110.0,1681500
2017-07-31,1106.6666259765625,1163.3333740234375,1103.3333740234375,1146.6666259765625,4722300
2017-08-01,1153.3333740234375,1183.3333740234375,1143.3333740234375,1156.6666259765625,3754200
2017-08-02,1146.6666259765625,1166.6666259765625,1146.6666259765625,1156.6666259765625,1914000
2017-08-03,1160.0,1160.0,1133.3333740234375,1143.3333740234375,2405100
2017-08-04,1126.6666259765625,1133.3333740234375,1116.6666259765625,1133.3333740234375,2181000
2017-08-07,1146.6666259765625,1153.3333740234375,1126.6666259765625,1130.0,2097000
2017-08-08,1130.0,1130.0,1113.3333740234375,1113.3333740234375,1822800
2017-08-09,1113.3333740234375,1120.0,1096.6666259765625,1113.3333740234375,2943300
2017-08-10,1113.3333740234375,1120.0,1100.0,1103.3333740234375,1629000
2017-08-11,1103.3333740234375,1103.3333740234375,1103.3333740234375,1103.3333740234375,0
2017-08-14,1090.0,1116.6666259765625,1083.3333740234375,1103.3333740234375,2102100
2017-08-15,1113.3333740234375,1136.6666259765625,1106.6666259765625,1133.3333740234375,3210600
2017-08-16,1123.3333740234375,1143.3333740234375,1120.0,1123.3333740234375,2491800
2017-08-17,1123.3333740234375,1170.0,1123.3333740234375,1156.6666259765625,4646400
2017-08-18,1150.0,1173.3333740234375,1146.6666259765625,1163.3333740234375,3898500
2017-08-21,1173.3333740234375,1176.6666259765625,1156.6666259765625,1163.3333740234375,1954200
2017-08-22,1160.0,1173.3333740234375,1153.3333740234375,1166.6666259765625,1857600
2017-08-23,1176.6666259765625,1176.6666259765625,1146.6666259765625,1160.0,2143800
2017-08-24,1146.6666259765625,1156.6666259765625,1133.3333740234375,1140.0,2663400
2017-08-25,1146.6666259765625,1146.6666259765625,1136.6666259765625,1143.3333740234375,1477800
2017-08-28,1146.6666259765625,1163.3333740234375,1143.3333740234375,1156.6666259765625,2293200
2017-08-29,1146.6666259765625,1160.0,1136.6666259765625,1153.3333740234375,2268900
2017-08-30,1156.6666259765625,1180.0,1153.3333740234375,1180.0,2855100
2017-08-31,1186.6666259765625,1193.3333740234375,1170.0,1176.6666259765625,2317500
2017-09-01,1190.0,1200.0,1180.0,1190.0,3093900
2017-09-04,1183.3333740234375,1186.6666259765625,1160.0,1163.3333740234375,2339700
2017-09-05,1156.6666259765625,1156.6666259765625,1120.0,1120.0,4793100
2017-09-06,1110.0,1130.0,1100.0,1123.3333740234375,2820900
2017-09-07,1136.6666259765625,1140.0,1100.0,1106.6666259765625,3189300
2017-09-08,1096.6666259765625,1106.6666259765625,1093.3333740234375,1096.6666259765625,2257800
2017-09-11,1110.0,1133.3333740234375,1106.6666259765625,1116.6666259765625,3208800
2017-09-12,1130.0,1136.6666259765625,1116.6666259765625,1130.0,3230400
2017-09-13,1140.0,1143.3333740234375,1126.6666259765625,1130.0,1995900
2017-09-14,1126.6666259765625,1140.0,1126.6666259765625,1126.6666259765625,1992600
2017-09-15,1126.6666259765625,1146.6666259765625,1126.6666259765625,1130.0,3411600
2017-09-18,1130.0,1130.0,1130.0,1130.0,0
2017-09-19,1150.0,1183.3333740234375,1146.6666259765625,1170.0,5094300
2017-09-20,1160.0,1163.3333740234375,1150.0,1163.3333740234375,2735700
2017-09-21,1183.3333740234375,1200.0,1176.6666259765625,1183.3333740234375,4464900
2017-09-22,1183.3333740234375,1190.0,1166.6666259765625,1183.3333740234375,2575800
2017-09-25,1190.0,1200.0,1156.6666259765625,1160.0,3717000
2017-09-26,1156.6666259765625,1163.3333740234375,1146.6666259765625,1146.6666259765625,2497800
2017-09-27,1156.6666259765625,1160.0,1141.6666259765625,1145.0,3652800
2017-09-28,1158.3333740234375,1158.3333740234375,1130.0,1138.3333740234375,3625500
2017-09-29,1128.3333740234375,1138.3333740234375,1123.3333740234375,1136.6666259765625,4394100
2017-10-02,1131.6666259765625,1135.0,1106.6666259765625,1120.0,4301700
2017-10-03,1125.0,1135.0,1115.0,1131.6666259765625,3049200
2017-10-04,1131.6666259765625,1135.0,1123.3333740234375,1131.6666259765625,2746500
2017-10-05,1133.3333740234375,1135.0,1123.3333740234375,1128.3333740234375,2560800
2017-10-06,1136.6666259765625,1143.3333740234375,1133.3333740234375,1140.0,3078600
2017-10-09,1140.0,1140.0,1140.0,1140.0,0
2017-10-10,1141.6666259765625,1141.6666259765625,1126.6666259765625,1131.6666259765625,2659200
2017-10-11,1123.3333740234375,1123.3333740234375,1106.6666259765625,1113.3333740234375,4295400
2017-10-12,1123.3333740234375,1131.6666259765625,1120.0,1120.0,3723000
2017-10-13,1115.0,1133.3333740234375,1110.0,1126.6666259765625,3085500
2017-10-16,1133.3333740234375,1136.6666259765625,1126.6666259765625,1131.6666259765625,2624400
2017-10-17,1141.6666259765625,1150.0,1133.3333740234375,1136.6666259765625,2497200
2017-10-18,1131.6666259765625,1133.3333740234375,1106.6666259765625,1115.0,5070900
2017-10-19,1120.0,1121.6666259765625,1111.6666259765625,1120.0,2646600
2017-10-20,1115.0,1116.6666259765625,1103.3333740234375,1113.3333740234375,3464400
2017-10-23,1126.6666259765625,1126.6666259765625,1113.3333740234375,1115.0,2469900
2017-10-24,1111.6666259765625,1128.3333740234375,1103.3333740234375,1120.0,3157500
2017-10-25,1126.6666259765625,1131.6666259765625,1110.0,1115.0,4711200
2017-10-26,1115.0,1128.3333740234375,1106.6666259765625,1111.6666259765625,3432600
2017-10-27,1116.6666259765625,1126.6666259765625,1108.3333740234375,1125.0,3873600
2017-10-30,1135.0,1136.6666259765625,1116.6666259765625,1125.0,5909100
2017-10-31,1133.3333740234375,1178.3333740234375,1130.0,1150.0,7028700
2017-11-01,1160.0,1161.6666259765625,1151.6666259765625,1156.6666259765625,3490200
2017-11-02,1156.6666259765625,1201.6666259765625,1151.6666259765625,1196.6666259765625,6064800
2017-11-03,1196.6666259765625,1196.6666259765625,1196.6666259765625,1196.6666259765625,0
2017-11-06,1203.3333740234375,1231.6666259765625,1200.0,1213.3333740234375,5290200
2017-11-07,1218.3333740234375,1255.0,1216.6666259765625,1248.3333740234375,5547000
2017-11-08,1246.6666259765625,1265.0,1238.3333740234375,1263.3333740234375,4165200
2017-11-09,1266.6666259765625,1293.3333740234375,1243.3333740234375,1256.6666259765625,5076600
2017-11-10,1233.3333740234375,1260.0,1230.0,1251.6666259765625,3183900
2017-11-13,1246.6666259765625,1246.6666259765625,1208.3333740234375,1218.3333740234375,3789600
2017-11-14,1218.3333740234375,1230.0,1211.6666259765625,1223.3333740234375,2426700
2017-11-15,1216.6666259765625,1221.6666259765625,1176.6666259765625,1188.3333740234375,4113600
2017-11-16,1176.6666259765625,1203.3333740234375,1166.6666259765625,1195.0,2982300
2017-11-17,1216.6666259765625,1218.3333740234375,1180.0,1186.6666259765625,2896500
2017-11-20,1181.6666259765625,1188.3333740234375,1163.3333740234375,1170.0,2436900
2017-11-21,1188.3333740234375,1196.6666259765625,1178.3333740234375,1180.0,2461500
2017-11-22,1188.3333740234375,1201.6666259765625,1181.6666259765625,1196.6666259765625,2795100
2017-11-23,1196.6666259765625,1196.6666259765625,1196.6666259765625,1196.6666259765625,0
2017-11-24,1185.0,1188.3333740234375,1166.6666259765625,1173.3333740234375,3128700
2017-11-27,1185.0,1198.3333740234375,1176.6666259765625,1178.3333740234375,2613600
2017-11-28,1173.3333740234375,1176.6666259765625,1155.0,1158.3333740234375,2854500
2017-11-29,1168.3333740234375,1175.0,1160.0,1163.3333740234375,2076300
2017-11-30,1173.3333740234375,1215.0,1168.3333740234375,1200.0,5187000
2017-12-01,1216.6666259765625,1243.3333740234375,1206.6666259765625,1215.0,3501000
2017-12-04,1226.6666259765625,1226.6666259765625,1210.0,1211.6666259765625,1784700
2017-12-05,1205.0,1253.3333740234375,1201.6666259765625,1248.3333740234375,3836400
2017-12-06,1238.3333740234375,1240.0,1198.3333740234375,1210.0,3534600
2017-12-07,1213.3333740234375,1215.0,1188.3333740234375,1201.6666259765625,3809400
2017-12-08,1195.0,1221.6666259765625,1195.0,1220.0,2769600
2017-12-11,1223.3333740234375,1235.0,1211.6666259765625,1218.3333740234375,2153400
2017-12-12,1230.0,1256.6666259765625,1230.0,1241.6666259765625,3601800
2017-12-13,1263.3333740234375,1270.0,1240.0,1243.3333740234375,3540300
2017-12-14,1233.3333740234375,1240.0,1223.3333740234375,1230.0,1845000
2017-12-15,1215.0,1216.6666259765625,1188.3333740234375,1201.6666259765625,4367700
2017-12-18,1210.0,1226.6666259765625,1203.3333740234375,1223.3333740234375,2293200
2017-12-19,1215.0,1226.6666259765625,1196.6666259765625,1203.3333740234375,2307600
2017-12-20,1203.3333740234375,1221.6666259765625,1200.0,1220.0,2442900
2017-12-21,1216.6666259765625,1235.0,1213.3333740234375,1233.3333740234375,2353200
2017-12-22,1241.6666259765625,1270.0,1236.6666259765625,1250.0,4595700
2017-12-25,1250.0,1256.6666259765625,1240.0,1248.3333740234375,1518300
2017-12-26,1248.3333740234375,1255.0,1241.6666259765625,1245.0,1276200
2017-12-27,1261.6666259765625,1278.3333740234375,1258.3333740234375,1258.3333740234375,2027400
2017-12-28,1261.6666259765625,1270.0,1246.6666259765625,1251.6666259765625,1435500
2017-12-29,1256.6666259765625,1261.6666259765625,1248.3333740234375,1253.3333740234375,1518900
2018-01-01,1253.3333740234375,1253.3333740234375,1253.3333740234375,1253.3333740234375,0
2018-01-02,1253.3333740234375,1253.3333740234375,1253.3333740234375,1253.3333740234375,0
2018-01-03,1253.3333740234375,1253.3333740234375,1253.3333740234375,1253.3333740234375,0
2018-01-04,1273.3333740234375,1315.0,1273.3333740234375,1308.3333740234375,5313000
2018-01-05,1310.0,1340.0,1306.6666259765625,1336.6666259765625,4621500
2018-01-08,1336.6666259765625,1336.6666259765625,1336.6666259765625,1336.6666259765625,0
2018-01-09,1348.3333740234375,1350.0,1325.0,1330.0,3259200
2018-01-10,1333.3333740234375,1356.6666259765625,1331.6666259765625,1340.0,3482400
2018-01-11,1323.3333740234375,1360.0,1320.0,1355.0,3279300
2018-01-12,1356.6666259765625,1373.3333740234375,1343.3333740234375,1360.0,2720100
2018-01-15,1375.0,1390.0,1366.6666259765625,1373.3333740234375,3027900
2018-01-16,1375.0,1376.6666259765625,1351.6666259765625,1360.0,2464500
2018-01-17,1335.0,1351.6666259765625,1333.3333740234375,1343.3333740234375,3620400
2018-01-18,1366.6666259765625,1370.0,1326.6666259765625,1328.3333740234375,3118500
2018-01-19,1336.6666259765625,1348.3333740234375,1325.0,1340.0,2451300
2018-01-22,1333.3333740234375,1335.0,1311.6666259765625,1318.3333740234375,2108400
2018-01-23,1321.6666259765625,1328.3333740234375,1311.6666259765625,1321.6666259765625,2630100
2018-01-24,1325.0,1345.0,1325.0,1333.3333740234375,2637900
2018-01-25,1328.3333740234375,1341.6666259765625,1315.0,1315.0,2338500
2018-01-26,1331.6666259765625,1340.0,1308.3333740234375,1311.6666259765625,2742600
2018-01-29,1316.6666259765625,1325.0,1310.0,1315.0,1610700
2018-01-30,1308.3333740234375,1313.3333740234375,1300.0,1306.6666259765625,1944300
2018-01-31,1310.0,1321.6666259765625,1291.6666259765625,1303.3333740234375,5035200
2018-02-01,1291.6666259765625,1293.3333740234375,1263.3333740234375,1275.0,4468800
2018-02-02,1280.0,1298.3333740234375,1278.3333740234375,1293.3333740234375,3890700
2018-02-05,1263.3333740234375,1266.6666259765625,1253.3333740234375,1261.6666259765625,2925000
2018-02-06,1205.0,1213.3333740234375,1190.0,1208.3333740234375,5283300
2018-02-07,1238.3333740234375,1240.0,1190.0,1191.6666259765625,3337500
2018-02-08,1195.0,1201.6666259765625,1170.0,1176.6666259765625,3321300
2018-02-09,1130.0,1140.0,1113.3333740234375,1126.6666259765625,5700900
2018-02-12,1126.6666259765625,1126.6666259765625,1126.6666259765625,1126.6666259765625,0
2018-02-13,1131.6666259765625,1136.6666259765625,1103.3333740234375,1105.0,2990400
2018-02-14,1110.0,1115.0,1080.0,1090.0,2882400
2018-02-15,1101.6666259765625,1105.0,1083.3333740234375,1093.3333740234375,2632800
2018-02-16,1083.3333740234375,1101.6666259765625,1073.3333740234375,1098.3333740234375,3567600
2018-02-19,1100.0,1128.3333740234375,1095.0,1125.0,2932200
2018-02-20,1123.3333740234375,1130.0,1116.6666259765625,1126.6666259765625,2070000
2018-02-21,1133.3333740234375,1143.3333740234375,1121.6666259765625,1131.6666259765625,3060600
2018-02-22,1125.0,1125.0,1105.0,1113.3333740234375,2379900
2018-02-23,1106.6666259765625,1135.0,1098.3333740234375,1130.0,2426400
2018-02-26,1141.6666259765625,1146.6666259765625,1128.3333740234375,1140.0,2228400
2018-02-27,1153.3333740234375,1153.3333740234375,1130.0,1138.3333740234375,1967700
2018-02-28,1146.6666259765625,1150.0,1123.3333740234375,1123.3333740234375,2424900
2018-03-01,1113.3333740234375,1115.0,1098.3333740234375,1105.0,2403300
2018-03-02,1073.3333740234375,1086.6666259765625,1063.3333740234375,1080.0,3099600
2018-03-05,1063.3333740234375,1065.0,1050.0,1060.0,2912700
2018-03-06,1071.6666259765625,1085.0,1065.0,1066.6666259765625,2639100
2018-03-07,1056.6666259765625,1065.0,1051.6666259765625,1053.3333740234375,1977000
2018-03-08,1063.3333740234375,1063.3333740234375,1036.6666259765625,1045.0,2489400
2018-03-09,1053.3333740234375,1076.6666259765625,1046.6666259765625,1048.3333740234375,2914800
2018-03-12,1066.6666259765625,1080.0,1060.0,1071.6666259765625,1840500
2018-03-13,1065.0,1071.6666259765625,1053.3333740234375,1068.3333740234375,2145300
2018-03-14,1058.3333740234375,1071.6666259765625,1055.0,1058.3333740234375,1854900
2018-03-15,1053.3333740234375,1056.6666259765625,1031.6666259765625,1050.0,3159000
2018-03-16,1053.3333740234375,1056.6666259765625,1041.6666259765625,1046.6666259765625,2167200
2018-03-19,1041.6666259765625,1048.3333740234375,1031.6666259765625,1033.3333740234375,2008200
2018-03-20,1028.3333740234375,1041.6666259765625,1023.3333129882812,1038.3333740234375,2055000
2018-03-21,1038.3333740234375,1038.3333740234375,1038.3333740234375,1038.3333740234375,0
2018-03-22,1018.3333129882812,1035.0,1006.6666870117188,1028.3333740234375,2828400
2018-03-23,1008.3333129882812,1015.0,987.3333129882812,991.0,4400100
2018-03-26,981.3333129882812,987.0,963.6666870117188,986.0,3076200
2018-03-27,1000.0,1016.6666870117188,993.3333129882812,1003.3333129882812,2738700
2018-03-28,983.3333129882812,1005.0,981.3333129882812,1000.0,1845900
2018-03-29,1010.0,1015.0,982.6666870117188,995.0,2054400
2018-03-30,1008.3333129882812,1026.6666259765625,1001.6666870117188,1020.0,3411300
2018-04-02,1015.0,1026.6666259765625,1010.0,1010.0,1648500
2018-04-03,996.6666870117188,1006.6666870117188,993.0,1001.6666870117188,2085600
2018-04-04,1000.0,1003.3333129882812,994.3333129882812,996.0,1748400
2018-04-05,996.0,1005.0,987.3333129882812,998.6666870117188,1762200
2018-04-06,995.0,999.6666870117188,987.0,988.6666870117188,2162700
2018-04-09,978.3333129882812,986.0,968.6666870117188,982.0,2440200
2018-04-10,981.6666870117188,1006.6666870117188,973.0,1000.0,2741700
2018-04-11,1013.3333129882812,1045.0,1013.3333129882812,1028.3333740234375,3449400
2018-04-12,1025.0,1025.0,1005.0,1005.0,1814700
2018-04-13,1020.0,1051.6666259765625,1020.0,1043.3333740234375,2606100
2018-04-16,1048.3333740234375,1051.6666259765625,1033.3333740234375,1038.3333740234375,1578900
2018-04-17,1041.6666259765625,1043.3333740234375,1026.6666259765625,1035.0,1164000
2018-04-18,1038.3333740234375,1066.6666259765625,1035.0,1061.6666259765625,2223300
2018-04-19,1085.0,1103.3333740234375,1063.3333740234375,1066.6666259765625,4380000
2018-04-20,1076.6666259765625,1120.0,1076.6666259765625,1110.0,5228700
2018-04-23,1116.6666259765625,1136.6666259765625,1115.0,1126.6666259765625,3525900
2018-04-24,1150.0,1156.6666259765625,1133.3333740234375,1151.6666259765625,3516000
2018-04-25,1138.3333740234375,1153.3333740234375,1130.0,1151.6666259765625,1989900
2018-04-26,1160.0,1163.3333740234375,1141.6666259765625,1143.3333740234375,1849500
2018-04-27,1133.3333740234375,1143.3333740234375,1068.3333740234375,1081.6666259765625,6568500
2018-04-30,1081.6666259765625,1081.6666259765625,1081.6666259765625,1081.6666259765625,0
2018-05-01,1070.0,1106.6666259765625,1061.6666259765625,1101.6666259765625,3580200
2018-05-02,1120.0,1126.6666259765625,1105.0,1111.6666259765625,2212200
2018-05-03,1111.6666259765625,1111.6666259765625,1111.6666259765625,1111.6666259765625,0
2018-05-04,1111.6666259765625,1111.6666259765625,1111.6666259765625,1111.6666259765625,0
2018-05-07,1125.0,1130.0,1095.0,1098.3333740234375,2071800
2018-05-08,1096.6666259765625,1108.3333740234375,1091.6666259765625,1103.3333740234375,1495200
2018-05-09,1110.0,1113.3333740234375,1076.6666259765625,1086.6666259765625,2500800
2018-05-10,1081.6666259765625,1095.0,1075.0,1090.0,1812900
2018-05-11,1086.6666259765625,1095.0,1076.6666259765625,1093.3333740234375,1835100
2018-05-14,1096.6666259765625,1108.3333740234375,1091.6666259765625,1100.0,1734300
2018-05-15,1096.6666259765625,1111.6666259765625,1096.6666259765625,1101.6666259765625,1278000
2018-05-16,1100.0,1110.0,1093.3333740234375,1096.6666259765625,1286700
2018-05-17,1093.3333740234375,1101.6666259765625,1088.3333740234375,1091.6666259765625,1248300
2018-05-18,1106.6666259765625,1123.3333740234375,1096.6666259765625,1110.0,2053200
2018-05-21,1111.6666259765625,1113.3333740234375,1090.0,1091.6666259765625,2061600
2018-05-22,1093.3333740234375,1095.0,1080.0,1086.6666259765625,1615200
2018-05-23,1078.3333740234375,1078.3333740234375,1055.0,1056.6666259765625,2781300
2018-05-24,1041.6666259765625,1043.3333740234375,1011.6666870117188,1021.6666870117188,3714600
2018-05-25,1006.6666870117188,1013.3333129882812,996.6666870117188,1000.0,3219600
2018-05-28,995.0,1001.6666870117188,987.0,992.6666870117188,2603400
2018-05-29,994.3333129882812,997.0,978.0,982.6666870117188,1965600
2018-05-30,966.0,971.3333129882812,957.6666870117188,970.3333129882812,3077400
2018-05-31,973.3333129882812,975.0,947.6666870117188,959.3333129882812,3575700
2018-06-01,953.6666870117188,971.0,944.0,966.0,2662200
2018-06-04,976.6666870117188,998.6666870117188,975.6666870117188,995.3333129882812,2799000
2018-06-05,1000.0,1013.3333129882812,994.0,998.0,2320200
2018-06-06,995.6666870117188,997.0,984.3333129882812,991.3333129882812,2718000
2018-06-07,997.0,999.3333129882812,979.3333129882812,986.0,2646000
2018-06-08,977.3333129882812,989.3333129882812,965.0,965.3333129882812,3641700
2018-06-11,953.3333129882812,968.0,942.0,962.3333129882812,2397000
2018-06-12,968.6666870117188,970.0,951.0,955.3333129882812,2058300
2018-06-13,956.6666870117188,978.3333129882812,956.6666870117188,960.3333129882812,2857500
2018-06-14,961.3333129882812,986.0,961.3333129882812,972.3333129882812,3329400
2018-06-15,980.6666870117188,988.3333129882812,972.3333129882812,980.0,2536800
2018-06-18,972.3333129882812,972.3333129882812,926.0,931.0,4563600
2018-06-19,925.3333129882812,939.3333129882812,912.3333129882812,916.3333129882812,3587400
2018-06-20,900.0,900.0,876.0,897.0,6393300
2018-06-21,893.3333129882812,895.6666870117188,877.6666870117188,889.0,3648900
2018-06-22,868.3333129882812,881.3333129882812,860.3333129882812,880.6666870117188,3761100
2018-06-25,888.0,905.3333129882812,877.3333129882812,880.6666870117188,3177000
2018-06-26,864.3333129882812,907.3333129882812,860.0,901.6666870117188,3682800
2018-06-27,896.3333129882812,898.3333129882812,868.6666870117188,888.0,2797200
2018-06-28,884.6666870117188,899.6666870117188,882.3333129882812,890.3333129882812,2879700
2018-06-29,893.3333129882812,895.3333129882812,882.3333129882812,889.3333129882812,2027100
2018-07-02,886.6666870117188,897.0,877.3333129882812,877.6666870117188,1924200
2018-07-03,875.3333129882812,879.0,855.3333129882812,866.6666870117188,4102800
2018-07-04,867.0,877.6666870117188,862.3333129882812,862.6666870117188,2126400
2018-07-05,861.6666870117188,865.3333129882812,854.6666870117188,857.6666870117188,2025000
2018-07-06,861.6666870117188,883.6666870117188,861.6666870117188,877.3333129882812,3244800
2018-07-09,880.0,883.0,867.3333129882812,879.3333129882812,1644600
2018-07-10,894.3333129882812,905.0,888.6666870117188,892.0,3985500
2018-07-11,876.6666870117188,880.3333129882812,856.3333129882812,872.0,4525800
2018-07-12,874.6666870117188,875.6666870117188,863.6666870117188,864.6666870117188,1921200
2018-07-13,871.3333129882812,874.6666870117188,862.0,873.0,2776500
2018-07-16,873.0,873.0,873.0,873.0,0
2018-07-17,873.6666870117188,893.0,872.6666870117188,887.3333129882812,2815500
2018-07-18,896.3333129882812,900.3333129882812,884.3333129882812,885.6666870117188,2719200
2018-07-19,896.3333129882812,906.3333129882812,893.0,903.6666870117188,2898900
2018-07-20,896.3333129882812,904.6666870117188,882.0,892.0,2360400
2018-07-23,884.3333129882812,895.0,879.0,891.0,1852800
2018-07-24,896.3333129882812,911.6666870117188,896.3333129882812,910.6666870117188,2689200
2018-07-25,920.3333129882812,923.3333129882812,903.6666870117188,905.3333129882812,1890900
2018-07-26,892.6666870117188,918.0,889.0,917.6666870117188,2931300
2018-07-27,921.0,926.3333129882812,915.0,920.3333129882812,1786800
2018-07-30,916.6666870117188,930.6666870117188,915.3333129882812,923.6666870117188,1824900
2018-07-31,930.0,981.3333129882812,918.0,963.3333129882812,6867000
2018-08-01,961.0,983.6666870117188,949.6666870117188,981.6666870117188,4798800
2018-08-02,974.0,977.3333129882812,947.6666870117188,954.0,3691200
2018-08-03,953.3333129882812,955.3333129882812,937.0,947.0,2112300
2018-08-06,938.3333129882812,954.3333129882812,935.6666870117188,950.3333129882812,1321500
2018-08-07,947.0,963.6666870117188,946.6666870117188,959.3333129882812,1575900
2018-08-08,966.6666870117188,982.6666870117188,961.3333129882812,980.6666870117188,3817200
2018-08-09,973.3333129882812,982.6666870117188,966.0,980.6666870117188,1667700
2018-08-10,984.6666870117188,988.3333129882812,956.6666870117188,959.6666870117188,3443100
2018-08-13,948.0,949.6666870117188,920.6666870117188,927.0,2768400
2018-08-14,936.3333129882812,957.6666870117188,928.0,953.3333129882812,2723100
2018-08-15,958.0,976.3333129882812,958.0,972.3333129882812,3316200
2018-08-16,955.6666870117188,957.6666870117188,937.6666870117188,955.0,3029100
2018-08-17,965.0,982.3333129882812,964.0,979.0,3425400
2018-08-20,979.0,988.0,967.3333129882812,972.0,2397000
2018-08-21,963.6666870117188,970.0,951.0,967.6666870117188,1698600
2018-08-22,969.0,981.0,966.3333129882812,977.0,1823100
2018-08-23,981.0,985.6666870117188,966.0,966.0,1784400
2018-08-24,982.6666870117188,987.6666870117188,969.6666870117188,970.3333129882812,1549500
2018-08-27,969.0,975.0,953.3333129882812,954.6666870117188,3232800
2018-08-28,967.0,984.3333129882812,965.0,975.0,3870600
2018-08-29,988.3333129882812,1020.0,988.3333129882812,1015.0,4573800
2018-08-30,1026.6666259765625,1028.3333740234375,998.6666870117188,1005.0,3960600
2018-08-31,996.3333129882812,1005.0,988.3333129882812,996.0,3083100
2018-09-03,993.0,997.6666870117188,983.6666870117188,988.3333129882812,2437500
2018-09-04,988.3333129882812,992.6666870117188,978.6666870117188,981.6666870117188,2971500
2018-09-05,974.0,974.0,950.6666870117188,963.3333129882812,3067200
2018-09-06,954.6666870117188,975.3333129882812,953.6666870117188,963.6666870117188,2625000
2018-09-07,953.3333129882812,965.0,948.6666870117188,964.0,1542900
2018-09-10,953.3333129882812,971.6666870117188,951.6666870117188,966.0,1579200
2018-09-11,968.6666870117188,973.0,962.3333129882812,970.3333129882812,1335600
2018-09-12,972.3333129882812,974.3333129882812,953.6666870117188,956.3333129882812,1991700
2018-09-13,956.6666870117188,1000.0,956.3333129882812,996.0,3708600
2018-09-14,1013.3333129882812,1038.3333740234375,1008.3333129882812,1035.0,4729200
2018-09-17,1035.0,1035.0,1035.0,1035.0,0
2018-09-18,1023.3333129882812,1065.0,1020.0,1060.0,4056900
2018-09-19,1076.6666259765625,1080.0,1050.0,1053.3333740234375,2823900
2018-09-20,1053.3333740234375,1056.6666259765625,1035.0,1055.0,2572500
2018-09-21,1063.3333740234375,1108.3333740234375,1053.3333740234375,1105.0,5737800
2018-09-24,1105.0,1105.0,1105.0,1105.0,0
2018-09-25,1098.3333740234375,1115.0,1093.3333740234375,1111.6666259765625,3177600
2018-09-26,1106.6666259765625,1106.6666259765625,1080.0,1081.6666259765625,2747400
2018-09-27,1090.0,1103.3333740234375,1081.6666259765625,1090.0,2774400
2018-09-28,1098.3333740234375,1113.3333740234375,1085.0,1105.0,3150000
2018-10-01,1111.6666259765625,1125.0,1100.0,1105.0,1821900
2018-10-02,1115.0,1120.0,1103.3333740234375,1110.0,2307300
2018-10-03,1093.3333740234375,1106.6666259765625,1086.6666259765625,1101.6666259765625,2682900
2018-10-04,1111.6666259765625,1116.6666259765625,1103.3333740234375,1110.0,2532000
2018-10-05,1095.0,1106.6666259765625,1090.0,1100.0,1795800
2018-10-08,1100.0,1100.0,1100.0,1100.0,0
2018-10-09,1078.3333740234375,1086.6666259765625,1066.6666259765625,1085.0,2554500
2018-10-10,1088.3333740234375,1100.0,1081.6666259765625,1091.6666259765625,1674600
2018-10-11,1046.6666259765625,1055.0,1026.6666259765625,1041.6666259765625,3983100
2018-10-12,1028.3333740234375,1040.0,1016.6666870117188,1038.3333740234375,2812500
2018-10-15,1033.3333740234375,1046.6666259765625,1026.6666259765625,1036.6666259765625,1989600
2018-10-16,1030.0,1061.6666259765625,1028.3333740234375,1060.0,2559900
2018-10-17,998.3333129882812,1000.0,952.0,980.3333129882812,11238600
2018-10-18,982.0,986.6666870117188,947.0,950.6666870117188,4621500
2018-10-19,934.0,940.6666870117188,926.6666870117188,934.3333129882812,4251600
2018-10-22,929.6666870117188,947.0,927.0,940.0,2788200
2018-10-23,938.6666870117188,938.6666870117188,911.3333129882812,914.0,3152100
2018-10-24,907.0,911.3333129882812,894.3333129882812,902.3333129882812,3161400
2018-10-25,870.0,883.6666870117188,869.3333129882812,875.3333129882812,3437700
2018-10-26,883.0,884.6666870117188,860.3333129882812,869.3333129882812,3109800
2018-10-29,877.3333129882812,891.6666870117188,875.3333129882812,884.0,2877300
2018-10-30,875.0,904.3333129882812,874.6666870117188,896.0,3875400
2018-10-31,896.6666870117188,926.6666870117188,882.0,918.0,4100400
2018-11-01,911.0,916.6666870117188,882.6666870117188,887.6666870117188,3298800
2018-11-02,890.6666870117188,946.0,883.3333129882812,942.0,6397200
2018-11-05,934.6666870117188,959.0,924.0,924.6666870117188,4159500
2018-11-06,924.0,948.0,923.6666870117188,933.6666870117188,2371500
2018-11-07,942.0,962.3333129882812,917.0,921.6666870117188,3311100
2018-11-08,940.6666870117188,946.6666870117188,928.3333129882812,929.6666870117188,2235900
2018-11-09,929.6666870117188,937.6666870117188,923.6666870117188,928.0,1683300
2018-11-12,917.0,920.0,903.3333129882812,906.0,2732400
2018-11-13,880.0,886.6666870117188,860.3333129882812,882.3333129882812,4497000
2018-11-14,883.3333129882812,892.6666870117188,872.3333129882812,886.0,2062200
2018-11-15,881.0,885.0,868.3333129882812,876.3333129882812,1937700
2018-11-16,886.6666870117188,892.0,875.0,877.0,1645500
2018-11-19,877.6666870117188,889.3333129882812,871.3333129882812,871.6666870117188,1988100
2018-11-20,864.0,884.6666870117188,862.6666870117188,876.3333129882812,1421100
2018-11-21,860.3333129882812,869.3333129882812,853.6666870117188,860.0,3060300
2018-11-22,864.6666870117188,867.0,847.6666870117188,850.3333129882812,2138400
2018-11-23,850.3333129882812,850.3333129882812,850.3333129882812,850.3333129882812,0
2018-11-26,854.6666870117188,875.6666870117188,852.6666870117188,874.0,2817900
2018-11-27,890.6666870117188,910.0,885.6666870117188,891.6666870117188,3580500
2018-11-28,897.0,914.0,896.6666870117188,899.6666870117188,2777700
2018-11-29,906.6666870117188,911.6666870117188,891.0,893.3333129882812,2087100
2018-11-30,890.0,893.0,878.3333129882812,889.6666870117188,2650800
2018-12-03,905.6666870117188,938.0,904.0,925.3333129882812,4049100
2018-12-04,938.0,944.0,887.6666870117188,896.6666870117188,3645900
2018-12-05,880.0,886.6666870117188,859.6666870117188,880.3333129882812,3681900
2018-12-06,874.6666870117188,874.6666870117188,855.6666870117188,870.0,2623800
2018-12-07,872.0,876.3333129882812,854.0,863.3333129882812,2012400
2018-12-10,849.6666870117188,852.6666870117188,834.0,849.0,2188200
2018-12-11,854.6666870117188,858.6666870117188,824.0,841.3333129882812,2962800
2018-12-12,843.6666870117188,868.0,843.6666870117188,863.0,2746200
2018-12-13,869.6666870117188,884.0,868.3333129882812,880.6666870117188,2433600
2018-12-14,868.6666870117188,888.6666870117188,858.0,870.0,2689500
2018-12-17,870.0,883.6666870117188,864.3333129882812,867.3333129882812,1480200
2018-12-18,845.6666870117188,862.0,827.6666870117188,854.3333129882812,3554700
2018-12-19,876.6666870117188,879.0,846.0,862.0,3750000
2018-12-20,845.6666870117188,850.0,797.3333129882812,802.3333129882812,4443000
2018-12-21,786.0,792.6666870117188,767.0,776.6666870117188,5262300
2018-12-24,776.6666870117188,776.6666870117188,776.6666870117188,776.6666870117188,0
2018-12-25,733.6666870117188,757.6666870117188,721.0,747.6666870117188,2893800
2018-12-26,750.0,772.3333129882812,742.0,755.6666870117188,2175000
2018-12-27,794.6666870117188,799.0,787.3333129882812,795.6666870117188,2687400
2018-12-28,794.0,811.6666870117188,789.0,799.6666870117188,1936500
2018-12-31,799.6666870117188,799.6666870117188,799.6666870117188,799.6666870117188,0
2019-01-04,766.6666870117188,778.0,750.3333129882812,772.6666870117188,3339900
2019-01-07,804.3333129882812,823.0,802.3333129882812,810.3333129882812,3090300
2019-01-08,827.0,841.6666870117188,823.3333129882812,829.3333129882812,3511200
2019-01-09,833.3333129882812,838.6666870117188,821.6666870117188,829.6666870117188,1942500
2019-01-10,830.0,841.0,825.3333129882812,837.0,2493300
2019-01-11,837.0,851.3333129882812,830.6666870117188,850.0,3300000
2019-01-15,842.0,871.3333129882812,832.0,863.0,3302400
2019-01-16,873.3333129882812,875.3333129882812,842.3333129882812,848.3333129882812,2370900
2019-01-17,858.3333129882812,861.6666870117188,836.0,838.6666870117188,3020400
2019-01-18,851.6666870117188,873.0,850.3333129882812,861.6666870117188,2893200
2019-01-21,883.0,899.0,881.0,891.6666870117188,3464400
2019-01-22,899.3333129882812,905.6666870117188,877.3333129882812,881.6666870117188,2361600
2019-01-23,867.6666870117188,885.0,865.6666870117188,876.6666870117188,2497200
2019-01-24,865.0,881.0,855.6666870117188,878.3333129882812,2270400
2019-01-25,882.0,896.0,881.0,887.0,2045400
2019-01-28,890.3333129882812,894.3333129882812,871.6666870117188,871.6666870117188,1946700
2019-01-29,863.3333129882812,871.3333129882812,857.3333129882812,869.6666870117188,2197800
2019-01-30,876.6666870117188,882.6666870117188,862.6666870117188,865.0,2730600
2019-01-31,880.0,926.0,862.0,904.0,6143700
2019-02-01,912.6666870117188,914.6666870117188,866.0,876.6666870117188,3758700
2019-02-04,866.6666870117188,874.3333129882812,855.0,865.0,3786000
2019-02-05,864.0,888.0,863.3333129882812,875.3333129882812,2902500
2019-02-06,882.6666870117188,902.3333129882812,878.6666870117188,895.6666870117188,3730200
2019-02-07,891.3333129882812,896.0,872.6666870117188,882.6666870117188,2487600
2019-02-08,860.6666870117188,861.3333129882812,837.0,846.6666870117188,3686100
2019-02-12,843.0,869.3333129882812,835.0,857.3333129882812,3888900
2019-02-13,865.0,871.6666870117188,854.6666870117188,861.0,3164700
2019-02-14,851.6666870117188,863.0,845.3333129882812,860.0,2612100
2019-02-15,857.3333129882812,863.6666870117188,851.6666870117188,863.3333129882812,1755900
2019-02-18,879.6666870117188,884.0,871.3333129882812,878.0,2311500
2019-02-19,883.3333129882812,887.0,876.0,886.0,2439300
2019-02-20,891.6666870117188,899.6666870117188,882.0,883.0,1999200
2019-02-21,882.3333129882812,905.3333129882812,875.3333129882812,902.0,3170700
2019-02-22,885.3333129882812,886.3333129882812,877.6666870117188,880.6666870117188,2433000
2019-02-25,891.6666870117188,903.0,880.3333129882812,888.3333129882812,2515200
2019-02-26,894.3333129882812,896.6666870117188,878.6666870117188,880.0,1565100
2019-02-27,882.3333129882812,889.0,877.3333129882812,884.3333129882812,1765200
2019-02-28,884.3333129882812,885.0,866.0,870.0,2948400
2019-03-01,868.6666870117188,873.3333129882812,844.3333129882812,850.6666870117188,3515700
2019-03-04,860.6666870117188,865.3333129882812,851.6666870117188,859.3333129882812,2206800
2019-03-05,858.6666870117188,862.0,848.3333129882812,849.3333129882812,2205300
2019-03-06,845.3333129882812,857.6666870117188,843.3333129882812,856.6666870117188,2885400
2019-03-07,847.3333129882812,850.6666870117188,835.3333129882812,840.6666870117188,2318100
2019-03-08,826.6666870117188,835.3333129882812,807.3333129882812,815.6666870117188,6281400
2019-03-11,811.6666870117188,811.6666870117188,797.6666870117188,803.6666870117188,2116500
2019-03-12,813.3333129882812,828.3333129882812,812.3333129882812,828.0,1673100
2019-03-13,818.0,830.3333129882812,803.6666870117188,806.6666870117188,1358400
2019-03-14,817.6666870117188,824.3333129882812,807.3333129882812,809.0,1539300
2019-03-15,816.6666870117188,816.6666870117188,805.6666870117188,806.3333129882812,1950300
2019-03-18,810.3333129882812,812.0,802.0,807.3333129882812,1384500
2019-03-19,808.3333129882812,811.0,801.0,803.0,1370100
2019-03-20,800.6666870117188,806.0,800.0,804.6666870117188,1453500
2019-03-22,812.6666870117188,823.6666870117188,808.0,819.0,3757500
2019-03-25,802.3333129882812,802.3333129882812,782.3333129882812,790.3333129882812,2391000
2019-03-26,800.6666870117188,823.3333129882812,793.3333129882812,821.0,1908600
2019-03-27,815.3333129882812,818.3333129882812,802.6666870117188,807.0,1080300
2019-03-28,797.3333129882812,798.6666870117188,779.0,780.3333129882812,2015700
2019-03-29,788.3333129882812,800.3333129882812,788.3333129882812,793.6666870117188,2580300
2019-04-01,806.3333129882812,822.6666870117188,806.0,816.0,1796100
2019-04-02,833.3333129882812,839.0,822.0,830.0,1767900
2019-04-03,827.6666870117188,861.3333129882812,827.6666870117188,856.0,2946600
2019-04-04,861.0,877.6666870117188,856.6666870117188,873.6666870117188,2743500
2019-04-05,870.0,891.6666870117188,869.6666870117188,889.3333129882812,3231000
2019-04-08,895.6666870117188,898.0,876.3333129882812,877.3333129882812,1457100
2019-04-09,863.3333129882812,884.6666870117188,863.3333129882812,882.6666870117188,1464000
2019-04-10,870.3333129882812,884.6666870117188,870.0,882.3333129882812,1105800
2019-04-11,875.0,882.0,866.0,881.3333129882812,1618200
2019-04-12,881.6666870117188,888.3333129882812,867.6666870117188,883.6666870117188,2226600
2019-04-15,896.3333129882812,905.6666870117188,890.6666870117188,903.3333129882812,3182100
2019-04-16,902.3333129882812,911.3333129882812,897.3333129882812,900.3333129882812,2258700
2019-04-17,900.0,925.6666870117188,899.0,922.6666870117188,3757800
2019-04-18,925.3333129882812,925.6666870117188,915.3333129882812,917.3333129882812,1845000
2019-04-19,925.0,926.3333129882812,913.3333129882812,922.0,1986900
2019-04-22,927.0,947.0,919.0,942.6666870117188,3331800
2019-04-23,946.6666870117188,949.0,933.6666870117188,939.3333129882812,2933100
2019-04-24,950.3333129882812,952.6666870117188,935.0,937.3333129882812,3847500
2019-04-25,936.6666870117188,936.6666870117188,922.3333129882812,929.6666870117188,3414900
2019-04-26,929.0,943.3333129882812,919.3333129882812,940.0,4555800
2019-05-07,925.0,930.6666870117188,904.0,909.0,4618500
2019-05-08,888.0,892.3333129882812,882.3333129882812,891.6666870117188,4379100
2019-05-09,873.3333129882812,879.3333129882812,857.6666870117188,872.0,4226700
2019-05-10,862.6666870117188,876.3333129882812,852.0,859.3333129882812,3361500
2019-05-13,856.6666870117188,857.6666870117188,843.6666870117188,852.0,2564100
2019-05-14,823.6666870117188,851.0,823.6666870117188,850.3333129882812,3041700
2019-05-15,850.0,856.6666870117188,840.0,855.0,2753100
2019-05-16,859.0,859.0,832.0,843.0,2633100
2019-05-17,855.0,863.6666870117188,841.6666870117188,855.0,2661000
2019-05-20,856.6666870117188,863.3333129882812,847.6666870117188,857.0,2139600
2019-05-21,836.6666870117188,837.6666870117188,818.6666870117188,823.0,5053800
2019-05-22,825.6666870117188,826.3333129882812,801.6666870117188,811.3333129882812,3665700
2019-05-23,803.3333129882812,809.0,792.6666870117188,800.6666870117188,3983700
2019-05-24,790.6666870117188,800.0,780.3333129882812,793.3333129882812,2561700
2019-05-27,796.3333129882812,798.3333129882812,788.3333129882812,791.6666870117188,1423800
2019-05-28,793.0,797.6666870117188,787.3333129882812,787.3333129882812,2168400
2019-05-29,778.3333129882812,782.0,771.3333129882812,777.0,3464700
2019-05-30,768.6666870117188,785.0,768.6666870117188,784.6666870117188,1941600
2019-05-31,775.6666870117188,780.6666870117188,769.0,772.0,3142500
2019-06-03,760.0,764.3333129882812,744.6666870117188,751.6666870117188,3544500
2019-06-04,756.0,773.0,753.6666870117188,772.6666870117188,4300500
2019-06-05,798.3333129882812,806.6666870117188,789.3333129882812,800.3333129882812,5008800
2019-06-06,792.0,799.6666870117188,784.6666870117188,788.3333129882812,2224800
2019-06-07,788.0,795.0,783.6666870117188,790.0,1789200
2019-06-10,800.3333129882812,804.3333129882812,795.3333129882812,798.6666870117188,2373900
2019-06-11,798.0,817.0,797.6666870117188,811.0,2345400
2019-06-12,805.6666870117188,811.0,802.0,806.6666870117188,1799700
2019-06-13,806.0,807.6666870117188,783.6666870117188,790.0,2982900
2019-06-14,782.0,788.0,771.6666870117188,786.6666870117188,2510700
2019-06-17,780.0,795.3333129882812,780.0,788.3333129882812,1589400
2019-06-18,786.6666870117188,796.0,781.0,785.0,1800000
2019-06-19,800.0,811.6666870117188,799.3333129882812,802.0,2668500
2019-06-20,818.0,821.0,809.3333129882812,819.0,2985900
2019-06-21,824.6666870117188,836.3333129882812,820.3333129882812,824.6666870117188,3898200
2019-06-24,825.3333129882812,834.0,823.0,824.3333129882812,1387500
2019-06-25,831.6666870117188,834.3333129882812,822.3333129882812,824.0,1951500
2019-06-26,818.3333129882812,832.3333129882812,816.0,827.0,2694300
2019-06-27,839.0,856.0,838.0,855.6666870117188,4350900
2019-06-28,856.0,863.6666870117188,851.6666870117188,859.6666870117188,2496000
2019-07-01,879.6666870117188,906.3333129882812,877.0,902.3333129882812,6243900
2019-07-02,897.0,923.0,896.6666870117188,920.6666870117188,3832800
2019-07-03,906.0,906.0,894.3333129882812,904.6666870117188,3455400
2019-07-04,919.6666870117188,929.3333129882812,914.6666870117188,920.3333129882812,3317400
2019-07-05,926.0,929.6666870117188,916.0,929.3333129882812,3228900
2019-07-08,928.6666870117188,929.0,912.6666870117188,916.0,2884500
2019-07-09,912.6666870117188,912.6666870117188,895.6666870117188,900.0,2914800
2019-07-10,891.6666870117188,896.0,884.0,887.6666870117188,4164600
2019-07-11,883.0,894.0,879.6666870117188,889.0,3180000
2019-07-12,899.3333129882812,901.6666870117188,882.0,882.6666870117188,1960800
2019-07-16,882.3333129882812,885.0,875.3333129882812,879.0,2206500
2019-07-17,877.3333129882812,881.3333129882812,868.0,877.3333129882812,2913900
2019-07-18,866.0,866.3333129882812,849.0,854.3333129882812,3881100
2019-07-19,862.3333129882812,871.6666870117188,856.0,865.6666870117188,3218100
2019-07-22,878.6666870117188,880.0,869.3333129882812,871.0,2676300
2019-07-23,879.0,905.3333129882812,875.3333129882812,898.3333129882812,5912400
2019-07-24,915.0,922.3333129882812,908.0,909.0,3815100
2019-07-25,912.3333129882812,917.3333129882812,901.6666870117188,913.6666870117188,3453600
2019-07-26,900.6666870117188,908.6666870117188,898.0,906.3333129882812,2759700
2019-07-29,912.3333129882812,915.0,905.6666870117188,912.3333129882812,2815800
2019-07-30,917.0,918.6666870117188,900.0,910.6666870117188,2892600
2019-07-31,896.0,908.6666870117188,891.3333129882812,895.6666870117188,5308500
2019-08-01,883.3333129882812,891.3333129882812,868.0,885.0,3516000
2019-08-02,851.3333129882812,854.6666870117188,842.3333129882812,853.3333129882812,6561000
2019-08-05,845.0,847.6666870117188,824.0,836.0,5159400
2019-08-06,807.3333129882812,830.6666870117188,803.0,830.6666870117188,4152000
2019-08-07,824.3333129882812,824.3333129882812,811.6666870117188,821.3333129882812,4418700
2019-08-08,820.3333129882812,823.3333129882812,805.3333129882812,809.0,3581700
2019-08-09,815.6666870117188,819.6666870117188,806.0,809.0,2600100
2019-08-13,796.0,797.3333129882812,783.0,796.6666870117188,4349400
2019-08-14,816.6666870117188,822.3333129882812,805.0,806.0,2935800
2019-08-15,785.6666870117188,802.6666870117188,783.6666870117188,802.6666870117188,2541300
2019-08-16,800.0,808.3333129882812,796.6666870117188,804.3333129882812,2376600
2019-08-19,811.0,815.6666870117188,807.3333129882812,815.0,2337000
2019-08-20,824.6666870117188,826.0,813.3333129882812,823.6666870117188,4340100
2019-08-21,819.6666870117188,823.0,812.0,822.3333129882812,1753500
2019-08-22,817.0,821.0,811.3333129882812,818.0,1622400
2019-08-23,826.6666870117188,840.0,823.0,836.6666870117188,3813000
2019-08-26,803.6666870117188,823.3333129882812,798.3333129882812,821.3333129882812,3731100
2019-08-27,830.0,841.6666870117188,829.6666870117188,831.6666870117188,2614800
2019-08-28,833.3333129882812,835.0,829.6666870117188,832.6666870117188,2232900
2019-08-29,833.3333129882812,837.0,828.0,832.0,1905900
2019-08-30,837.6666870117188,839.6666870117188,832.6666870117188,834.0,3902400
2019-09-02,834.3333129882812,847.0,833.0,841.3333129882812,2803800
2019-09-03,843.3333129882812,859.3333129882812,843.3333129882812,851.3333129882812,3131700
2019-09-04,851.3333129882812,871.3333129882812,847.3333129882812,870.3333129882812,3806400
2019-09-05,882.6666870117188,915.0,882.6666870117188,909.6666870117188,6495900
2019-09-06,909.3333129882812,912.3333129882812,898.6666870117188,902.6666870117188,3773100
2019-09-09,902.6666870117188,919.3333129882812,901.3333129882812,915.6666870117188,2744100
2019-09-10,921.0,939.6666870117188,919.6666870117188,936.0,4537500
2019-09-11,950.0,965.3333129882812,950.0,962.3333129882812,5634300
2019-09-12,979.0,984.6666870117188,971.3333129882812,972.0,4891200
2019-09-13,983.6666870117188,985.6666870117188,974.6666870117188,979.6666870117188,4681200
2019-09-17,945.0,971.0,941.3333129882812,959.6666870117188,5988300
2019-09-18,959.3333129882812,977.6666870117188,953.3333129882812,966.6666870117188,3153900
2019-09-19,971.3333129882812,986.3333129882812,966.0,969.3333129882812,3651300
2019-09-20,970.3333129882812,976.6666870117188,951.6666870117188,953.6666870117188,4355700
2019-09-24,945.0,955.0,932.3333129882812,935.0,5337000
2019-09-25,929.3333129882812,936.6666870117188,920.3333129882812,931.3333129882812,4118700
2019-09-26,946.3333129882812,956.3333129882812,939.3333129882812,940.0,3495000
2019-09-27,923.6666870117188,930.0,912.3333129882812,923.3333129882812,3146700
2019-09-30,924.3333129882812,935.6666870117188,907.0,910.0,3921000
2019-10-01,906.6666870117188,929.6666870117188,905.3333129882812,925.0,3345600
2019-10-02,913.0,920.0,906.0,920.0,3045000
2019-10-03,897.6666870117188,922.3333129882812,897.3333129882812,920.6666870117188,3069600
2019-10-04,927.6666870117188,931.6666870117188,908.6666870117188,913.3333129882812,3420600
2019-10-07,927.0,929.3333129882812,910.6666870117188,914.0,1940100
2019-10-08,920.6666870117188,933.0,918.6666870117188,921.0,2019900
2019-10-09,913.3333129882812,920.0,904.6666870117188,916.3333129882812,1984200
2019-10-10,919.3333129882812,932.0,909.0,932.0,2415600
2019-10-11,948.6666870117188,966.6666870117188,947.3333129882812,963.3333129882812,4747800
2019-10-15,986.6666870117188,1016.6666870117188,983.3333129882812,995.0,5672700
2019-10-16,1005.0,1013.3333129882812,981.6666870117188,984.3333129882812,4269900
2019-10-17,983.3333129882812,1013.3333129882812,977.6666870117188,1005.0,3087300
2019-10-18,998.6666870117188,1010.0,996.0,1003.3333129882812,1580100
2019-10-21,986.6666870117188,990.3333129882812,974.3333129882812,980.0,4619400
2019-10-23,984.3333129882812,1011.6666870117188,982.0,1010.0,3462300
2019-10-24,1016.6666870117188,1023.3333129882812,1008.3333129882812,1013.3333129882812,2078400
2019-10-25,1018.3333129882812,1021.6666870117188,1010.0,1021.6666870117188,1644900
2019-10-28,1030.0,1051.6666259765625,1030.0,1036.6666259765625,2454600
2019-10-29,1046.6666259765625,1048.3333740234375,1033.3333740234375,1040.0,1524900
2019-10-30,1033.3333740234375,1033.3333740234375,1016.6666870117188,1026.6666259765625,2765100
2019-10-31,1033.3333740234375,1033.3333740234375,960.3333129882812,992.0,5195400
2019-11-01,966.6666870117188,980.3333129882812,933.6666870117188,977.3333129882812,4368600
2019-11-05,1020.0,1025.0,1001.6666870117188,1006.6666870117188,3128400
2019-11-06,1010.0,1025.0,1008.3333129882812,1025.0,2187900
2019-11-07,1010.0,1018.3333129882812,1000.0,1001.6666870117188,2046900
2019-11-08,1020.0,1020.0,1008.3333129882812,1011.6666870117188,2350200
2019-11-11,1016.6666870117188,1023.3333129882812,1008.3333129882812,1010.0,1581300
2019-11-12,1021.6666870117188,1023.3333129882812,1005.0,1016.6666870117188,1436100
2019-11-13,1011.6666870117188,1016.6666870117188,1000.0,1006.6666870117188,1074600
2019-11-14,1010.0,1010.0,987.6666870117188,992.0,2275800
2019-11-15,990.3333129882812,1011.6666870117188,990.3333129882812,1008.3333129882812,1516500
2019-11-18,1011.6666870117188,1013.3333129882812,1000.0,1008.3333129882812,951000
2019-11-19,1006.6666870117188,1016.6666870117188,1005.0,1010.0,1062600
2019-11-20,991.6666870117188,994.3333129882812,968.6666870117188,975.6666870117188,3571500
2019-11-21,970.6666870117188,980.6666870117188,952.3333129882812,961.0,3539400
2019-11-22,957.3333129882812,967.3333129882812,951.6666870117188,952.0,2552700
2019-11-25,966.0,977.3333129882812,965.0,972.0,2106600
2019-11-26,978.3333129882812,990.6666870117188,968.6666870117188,969.0,3178500
2019-11-27,967.0,973.3333129882812,960.6666870117188,973.3333129882812,2063100
2019-11-28,973.3333129882812,977.0,961.3333129882812,964.6666870117188,1754100
2019-11-29,967.6666870117188,973.0,956.3333129882812,956.6666870117188,2015400
2019-12-02,957.3333129882812,980.6666870117188,957.3333129882812,980.6666870117188,2368200
2019-12-03,964.0,975.6666870117188,961.0,968.6666870117188,2102700
2019-12-04,963.0,965.6666870117188,953.3333129882812,961.6666870117188,2166300
2019-12-05,974.3333129882812,985.3333129882812,971.6666870117188,985.3333129882812,3081300
2019-12-06,982.0,989.6666870117188,980.3333129882812,984.0,1952100
2019-12-09,996.0,1008.3333129882812,992.6666870117188,1006.6666870117188,2604900
2019-12-10,1003.3333129882812,1006.6666870117188,996.0,1001.6666870117188,1599600
2019-12-11,989.0,989.0,973.6666870117188,981.0,2633100
2019-12-12,987.3333129882812,989.0,973.6666870117188,973.6666870117188,2202900
2019-12-13,1000.0,1011.6666870117188,998.3333129882812,1011.6666870117188,2864700
2019-12-16,1011.6666870117188,1018.3333129882812,997.6666870117188,999.0,1341000
2019-12-17,1015.0,1021.6666870117188,1008.3333129882812,1021.6666870117188,2446200
2019-12-18,1005.0,1011.6666870117188,992.3333129882812,992.6666870117188,3341400
2019-12-19,982.6666870117188,982.6666870117188,971.3333129882812,979.0,2285400
2019-12-20,973.3333129882812,988.0,973.3333129882812,985.0,2453100
2019-12-23,987.3333129882812,990.3333129882812,978.3333129882812,980.6666870117188,1251000
2019-12-24,981.3333129882812,985.0,975.0,976.3333129882812,1168800
2019-12-25,984.0,984.0,967.6666870117188,969.3333129882812,964500
2019-12-26,975.0,997.6666870117188,975.0,996.0,2827800
2019-12-27,1001.6666870117188,1020.0,999.3333129882812,1010.0,2102700
2019-12-30,1006.6666870117188,1011.6666870117188,997.0,1008.3333129882812,1478100
2020-01-06,976.3333129882812,980.0,955.0,966.0,4952100
2020-01-07,971.3333129882812,971.6666870117188,957.3333129882812,967.6666870117188,2356500
2020-01-08,943.3333129882812,945.3333129882812,925.0,930.3333129882812,4175700
2020-01-09,963.6666870117188,964.6666870117188,951.0,957.0,3038700
2020-01-10,953.3333129882812,970.6666870117188,951.0,970.3333129882812,2503200
2020-01-14,974.6666870117188,989.0,971.3333129882812,979.3333129882812,2272500
2020-01-15,963.6666870117188,973.0,962.3333129882812,971.6666870117188,1578300
2020-01-16,965.6666870117188,969.6666870117188,957.0,968.3333129882812,1785600
2020-01-17,973.3333129882812,988.0,972.0,982.3333129882812,2424300
2020-01-20,991.6666870117188,998.0,987.6666870117188,988.0,1959900
2020-01-21,995.0,997.6666870117188,975.3333129882812,976.0,2179200
2020-01-22,966.0,977.3333129882812,957.3333129882812,975.0,2062200
2020-01-23,959.6666870117188,959.6666870117188,944.6666870117188,944.6666870117188,3763800
2020-01-24,952.3333129882812,952.3333129882812,938.3333129882812,940.0,1984500
2020-01-27,906.6666870117188,920.3333129882812,900.6666870117188,913.3333129882812,2633100
2020-01-28,900.0,901.6666870117188,890.6666870117188,898.6666870117188,4269600
2020-01-29,930.0,930.6666870117188,917.0,926.3333129882812,4092900
2020-01-30,911.0,921.0,899.0,906.6666870117188,3747300
2020-01-31,906.6666870117188,918.0,884.6666870117188,896.3333129882812,4271400
2020-02-03,833.3333129882812,858.0,823.0,854.0,5287200
2020-02-04,834.3333129882812,850.3333129882812,833.6666870117188,845.6666870117188,3833100
2020-02-05,866.6666870117188,869.0,853.3333129882812,856.0,2859300
2020-02-06,876.0,883.0,868.3333129882812,878.0,4485000
2020-02-07,870.3333129882812,877.0,869.6666870117188,871.3333129882812,2371800
2020-02-10,843.0,861.6666870117188,842.6666870117188,855.3333129882812,3011700
2020-02-12,862.6666870117188,865.0,848.0,855.6666870117188,2513700
2020-02-13,863.6666870117188,864.6666870117188,841.6666870117188,843.0,2746800
2020-02-14,834.3333129882812,838.3333129882812,827.3333129882812,838.0,2610300
2020-02-17,831.3333129882812,833.3333129882812,820.0,832.3333129882812,2220900
2020-02-18,831.0,838.0,826.3333129882812,832.6666870117188,2201100
2020-02-19,837.6666870117188,848.6666870117188,834.3333129882812,843.0,2925000
2020-02-20,866.6666870117188,871.6666870117188,852.6666870117188,855.0,3515700
2020-02-21,847.6666870117188,860.6666870117188,844.3333129882812,851.6666870117188,2374500
2020-02-25,795.3333129882812,812.3333129882812,789.6666870117188,802.6666870117188,5712600
2020-02-26,790.3333129882812,794.3333129882812,777.6666870117188,793.0,3892800
2020-02-27,780.3333129882812,782.6666870117188,765.3333129882812,769.3333129882812,4499400
2020-02-28,737.3333129882812,748.0,726.3333129882812,747.0,5956500
2020-03-02,740.0,770.0,733.3333129882812,753.3333129882812,4205700
2020-03-03,773.6666870117188,777.3333129882812,740.0,740.0,3886500
2020-03-04,725.0,735.6666870117188,717.6666870117188,729.0,2733900
2020-03-05,738.3333129882812,740.3333129882812,725.3333129882812,729.3333129882812,2825700
2020-03-06,715.3333129882812,716.3333129882812,694.3333129882812,698.6666870117188,4216500
2020-03-09,666.6666870117188,679.6666870117188,642.0,644.3333129882812,5061000
2020-03-10,629.3333129882812,643.6666870117188,610.6666870117188,634.6666870117188,5882700
2020-03-11,631.6666870117188,650.6666870117188,626.6666870117188,635.0,5469300
2020-03-12,613.6666870117188,620.3333129882812,581.0,581.3333129882812,6805800
2020-03-13,523.3333129882812,567.6666870117188,520.3333129882812,542.0,8758800
2020-03-16,551.0,562.0,525.3333129882812,526.6666870117188,6953100
2020-03-17,505.3333435058594,538.6666870117188,495.6666564941406,528.3333129882812,7586400
2020-03-18,538.3333129882812,570.6666870117188,532.0,535.0,7873800
2020-03-19,548.3333129882812,549.6666870117188,505.6666564941406,516.6666870117188,7062300
2020-03-23,529.3333129882812,551.0,520.6666870117188,539.3333129882812,6923400
2020-03-24,565.0,580.6666870117188,544.0,578.6666870117188,6042000
2020-03-25,630.0,659.6666870117188,615.0,652.6666870117188,7510500
2020-03-26,624.6666870117188,637.0,592.6666870117188,595.6666870117188,5323500
2020-03-27,620.3333129882812,623.0,586.0,600.0,5182500
2020-03-30,576.6666870117188,598.6666870117188,573.3333129882812,596.3333129882812,4520700
2020-03-31,590.0,610.6666870117188,581.6666870117188,582.3333129882812,3693600
2020-04-01,578.0,596.6666870117188,564.3333129882812,576.6666870117188,3785700
2020-04-02,557.3333129882812,570.3333129882812,554.6666870117188,565.0,3984300
2020-04-03,578.0,594.6666870117188,544.3333129882812,550.6666870117188,2959200
2020-04-06,542.3333129882812,608.6666870117188,534.0,595.6666870117188,5290200
2020-04-07,616.3333129882812,619.3333129882812,575.0,596.3333129882812,4683300
2020-04-08,601.0,602.0,576.0,595.3333129882812,3876900
2020-04-09,601.6666870117188,612.0,596.3333129882812,606.6666870117188,3367500
2020-04-10,610.6666870117188,616.0,598.6666870117188,614.3333129882812,2516100
2020-04-13,601.0,604.0,584.6666870117188,584.6666870117188,2948400
2020-04-14,586.6666870117188,610.0,579.0,607.6666870117188,2657700
2020-04-15,609.3333129882812,610.0,584.6666870117188,585.3333129882812,3576300
2020-04-16,567.3333129882812,575.3333129882812,560.3333129882812,565.0,4004100
2020-04-17,573.3333129882812,594.3333129882812,571.3333129882812,593.3333129882812,4081500
2020-04-20,584.6666870117188,590.3333129882812,582.0,585.3333129882812,1842300
2020-04-21,575.3333129882812,586.6666870117188,570.6666870117188,579.6666870117188,3547200
2020-04-22,570.3333129882812,587.3333129882812,560.3333129882812,571.0,3975900
2020-04-23,573.3333129882812,603.3333129882812,569.6666870117188,603.0,4611000
2020-04-24,603.6666870117188,605.0,592.0,594.3333129882812,3892200
2020-04-27,615.6666870117188,626.0,608.6666870117188,623.6666870117188,4618500
2020-04-28,637.0,646.6666870117188,616.6666870117188,619.0,3642600
2020-04-30,649.3333129882812,667.3333129882812,611.0,631.0,9600000
2020-05-01,614.3333129882812,614.3333129882812,573.6666870117188,573.6666870117188,9604500
2020-05-07,573.3333129882812,579.0,562.3333129882812,569.3333129882812,5765100
2020-05-08,578.0,599.0,569.6666870117188,598.3333129882812,6150000
2020-05-11,607.0,646.0,607.0,640.0,6213300
2020-05-12,634.6666870117188,634.6666870117188,609.0,622.0,5467800
2020-05-13,599.3333129882812,613.3333129882812,591.6666870117188,603.6666870117188,6010800
2020-05-14,592.6666870117188,594.3333129882812,576.6666870117188,577.0,5356500
2020-05-15,588.6666870117188,589.6666870117188,570.3333129882812,582.0,5203500
2020-05-18,578.6666870117188,581.3333129882812,565.3333129882812,576.3333129882812,6416400
2020-05-19,603.3333129882812,609.0,594.6666870117188,604.6666870117188,7599300
2020-05-20,596.0,611.0,591.6666870117188,608.0,5228400
2020-05-21,619.6666870117188,631.3333129882812,618.0,622.6666870117188,5484000
2020-05-22,622.6666870117188,623.3333129882812,593.0,596.3333129882812,4838400
2020-05-25,610.3333129882812,619.0,608.0,617.3333129882812,4610100
2020-05-26,628.6666870117188,650.3333129882812,620.3333129882812,648.6666870117188,6867000
2020-05-27,659.0,688.3333129882812,650.6666870117188,672.3333129882812,9438900
2020-05-28,680.0,690.6666870117188,665.0,670.6666870117188,7461600
2020-05-29,650.0,659.3333129882812,636.3333129882812,636.3333129882812,29513700
2020-06-01,640.6666870117188,660.0,638.0,654.0,8016300
2020-06-02,659.3333129882812,664.6666870117188,653.6666870117188,660.6666870117188,5336100
2020-06-03,672.6666870117188,681.3333129882812,662.3333129882812,670.0,6183600
2020-06-04,686.3333129882812,688.3333129882812,654.3333129882812,660.0,6835500
2020-06-05,668.3333129882812,687.0,662.3333129882812,687.0,6495600
2020-06-08,715.0,719.3333129882812,697.3333129882812,718.0,7572000
2020-06-09,719.6666870117188,719.6666870117188,685.6666870117188,695.6666870117188,6254400
2020-06-10,673.6666870117188,696.3333129882812,672.0,695.0,5069100
2020-06-11,673.3333129882812,675.0,645.0,645.0,7528200
2020-06-12,606.3333129882812,641.3333129882812,602.0,638.0,8539800
2020-06-15,627.6666870117188,637.3333129882812,611.0,612.0,5930700
2020-06-16,645.0,675.0,639.6666870117188,673.0,9035400
2020-06-17,667.6666870117188,673.6666870117188,654.3333129882812,665.0,5108400
2020-06-18,678.3333129882812,688.6666870117188,664.6666870117188,686.3333129882812,9258900
2020-06-19,685.0,687.0,668.6666870117188,672.0,5294400
2020-06-22,665.0,680.6666870117188,660.6666870117188,666.6666870117188,3683700
2020-06-23,678.0,685.3333129882812,664.6666870117188,676.6666870117188,6819900
2020-06-24,672.6666870117188,674.3333129882812,654.3333129882812,654.3333129882812,7721100
2020-06-25,639.6666870117188,640.6666870117188,625.0,632.6666870117188,8011500
2020-06-26,646.0,649.3333129882812,635.6666870117188,637.6666870117188,5206500
2020-06-29,621.0,629.3333129882812,616.6666870117188,622.3333129882812,6024900
2020-06-30,640.6666870117188,655.6666870117188,635.6666870117188,636.0,4497600
2020-07-01,639.6666870117188,643.6666870117188,620.3333129882812,626.3333129882812,5546100
2020-07-02,628.3333129882812,647.3333129882812,625.0,636.6666870117188,3644700
2020-07-03,634.0,641.6666870117188,625.0,631.6666870117188,2469000
2020-07-06,636.6666870117188,660.0,634.0,655.0,4056300
2020-07-07,665.6666870117188,669.3333129882812,652.0,663.6666870117188,6177900
2020-07-08,654.6666870117188,676.3333129882812,651.0,665.3333129882812,6295800
2020-07-09,655.6666870117188,666.0,650.3333129882812,652.0,4501500
2020-07-10,646.0,648.3333129882812,637.0,637.0,4233000
2020-07-13,650.3333129882812,668.3333129882812,650.3333129882812,658.3333129882812,4372200
2020-07-14,654.3333129882812,656.6666870117188,645.6666870117188,647.0,3586800
2020-07-15,660.0,669.0,652.0,656.3333129882812,4453800
2020-07-16,666.3333129882812,668.3333129882812,651.3333129882812,652.3333129882812,6977400
2020-07-17,656.0,657.0,637.3333129882812,640.6666870117188,4209600
2020-07-20,645.0,646.0,631.6666870117188,642.6666870117188,4023000
2020-07-21,638.0,642.0,631.6666870117188,637.3333129882812,4816800
2020-07-22,636.3333129882812,643.6666870117188,633.6666870117188,636.0,3601500
2020-07-27,620.0,624.3333129882812,613.3333129882812,623.6666870117188,4561500
2020-07-28,622.3333129882812,625.3333129882812,616.6666870117188,618.6666870117188,3005100
2020-07-29,623.6666870117188,634.3333129882812,619.6666870117188,623.0,3986100
2020-07-30,635.0,637.6666870117188,613.6666870117188,614.3333129882812,2879700
2020-07-31,604.0,608.6666870117188,574.3333129882812,576.3333129882812,5851500
2020-08-03,586.0,614.0,584.3333129882812,596.3333129882812,5250000
2020-08-04,603.3333129882812,633.0,603.3333129882812,631.0,4235100
2020-08-05,620.0,635.6666870117188,615.3333129882812,632.3333129882812,3844500
2020-08-06,635.0,639.0,623.0,627.3333129882812,2046900
2020-08-07,625.0,638.6666870117188,623.3333129882812,637.3333129882812,2808900
2020-08-11,616.6666870117188,631.0,605.0,631.0,16069800
2020-08-12,638.3333129882812,651.3333129882812,635.0,639.0,5965800
2020-08-13,652.3333129882812,653.3333129882812,625.3333129882812,629.6666870117188,5834100
2020-08-14,623.6666870117188,633.6666870117188,621.3333129882812,625.6666870117188,2611500
2020-08-17,624.6666870117188,639.3333129882812,621.6666870117188,627.3333129882812,3022500
2020-08-18,629.6666870117188,635.0,622.6666870117188,634.6666870117188,2819100
2020-08-19,627.0,635.3333129882812,624.0,635.3333129882812,1612200
2020-08-20,625.6666870117188,633.0,623.3333129882812,627.0,2488500
2020-08-21,626.0,633.6666870117188,623.6666870117188,626.6666870117188,2994000
2020-08-24,627.0,628.3333129882812,608.6666870117188,612.0,2918700
2020-08-25,628.3333129882812,640.6666870117188,622.6666870117188,638.0,5153700
2020-08-26,635.3333129882812,650.0,634.0,649.3333129882812,3304500
2020-08-27,641.6666870117188,643.6666870117188,636.3333129882812,638.0,2088600
2020-08-28,646.3333129882812,663.0,639.6666870117188,646.6666870117188,5592000
2020-08-31,666.0,670.3333129882812,652.3333129882812,654.3333129882812,5019000
2020-09-01,652.0,658.3333129882812,648.0,650.6666870117188,3200400
2020-09-02,654.3333129882812,662.0,644.6666870117188,660.6666870117188,3679500
2020-09-03,668.0,668.6666870117188,653.0,653.6666870117188,2534700
2020-09-04,643.6666870117188,662.0,642.6666870117188,661.0,2394600
2020-09-07,664.6666870117188,676.3333129882812,661.3333129882812,671.3333129882812,3872100
2020-09-08,676.0,676.3333129882812,666.0,674.0,1943400
2020-09-09,676.3333129882812,702.6666870117188,672.3333129882812,700.6666870117188,6021900
2020-09-10,734.0,767.0,727.0,766.6666870117188,15264300
2020-09-11,769.3333129882812,799.3333129882812,760.0,794.6666870117188,11076600
2020-09-14,766.6666870117188,787.3333129882812,741.3333129882812,748.6666870117188,12240000
2020-09-15,734.3333129882812,759.6666870117188,730.0,759.3333129882812,4554600
2020-09-16,752.6666870117188,753.0,734.3333129882812,735.3333129882812,4245900
2020-09-17,731.6666870117188,758.0,729.3333129882812,736.6666870117188,4340100
2020-09-18,751.3333129882812,759.3333129882812,740.3333129882812,744.3333129882812,4901100
2020-09-23,743.3333129882812,756.6666870117188,733.3333129882812,752.3333129882812,3926700
2020-09-24,745.3333129882812,759.0,733.6666870117188,739.0,6948600
2020-09-25,745.3333129882812,749.0,719.3333129882812,722.3333129882812,4550700
2020-09-28,725.0,725.6666870117188,692.6666870117188,703.3333129882812,5705400
2020-09-29,703.0,710.0,692.0,707.0,3812700
2020-09-30,712.0,712.0,685.0,686.0,3821700
2020-10-02,688.0,705.0,680.0,683.3333129882812,4422000
2020-10-05,703.3333129882812,719.0,701.0,714.3333129882812,3497400
2020-10-06,729.0,742.6666870117188,723.6666870117188,728.0,4257600
2020-10-07,731.3333129882812,743.3333129882812,723.6666870117188,742.6666870117188,2797200
2020-10-08,751.0,764.6666870117188,748.3333129882812,754.0,3735300
2020-10-09,755.0,769.6666870117188,755.0,764.0,3723300
2020-10-12,761.6666870117188,767.6666870117188,751.0,757.6666870117188,2041500
2020-10-13,766.3333129882812,767.6666870117188,756.3333129882812,766.6666870117188,2125800
2020-10-14,763.0,765.3333129882812,755.3333129882812,758.3333129882812,1974900
2020-10-15,757.6666870117188,766.3333129882812,755.3333129882812,759.0,1670400
2020-10-16,775.6666870117188,779.0,763.0,767.3333129882812,3185100
2020-10-19,783.3333129882812,801.3333129882812,783.3333129882812,793.0,4753500
2020-10-20,783.0,793.6666870117188,775.3333129882812,788.6666870117188,2443500
2020-10-21,789.0,815.0,787.6666870117188,812.0,3612000
2020-10-22,805.6666870117188,813.3333129882812,800.3333129882812,810.3333129882812,2338800
2020-10-23,818.3333129882812,831.6666870117188,816.3333129882812,829.6666870117188,3137100
2020-10-26,827.6666870117188,835.3333129882812,820.0,824.6666870117188,2531700
2020-10-27,814.6666870117188,821.0,794.0,795.0,3873000
2020-10-28,782.3333129882812,791.3333129882812,778.3333129882812,790.3333129882812,3442800
2020-10-29,775.0,792.3333129882812,771.0,787.0,2663400
2020-10-30,786.6666870117188,799.6666870117188,776.6666870117188,779.6666870117188,3595800
2020-11-02,781.3333129882812,811.6666870117188,778.3333129882812,806.6666870117188,3983400
2020-11-04,830.3333129882812,836.3333129882812,814.3333129882812,815.0,3799200
2020-11-05,821.6666870117188,821.6666870117188,784.0,798.3333129882812,5326200
2020-11-06,797.6666870117188,821.3333129882812,787.6666870117188,820.3333129882812,3342900
2020-11-09,823.0,847.3333129882812,817.3333129882812,840.0,4659900
2020-11-10,880.0,889.3333129882812,832.3333129882812,839.3333129882812,5435400
2020-11-11,862.6666870117188,866.3333129882812,842.3333129882812,863.3333129882812,3406800
2020-11-12,856.6666870117188,864.3333129882812,847.3333129882812,858.6666870117188,2586600
2020-11-13,845.3333129882812,854.0,833.3333129882812,836.0,2879700
2020-11-16,860.6666870117188,886.6666870117188,856.3333129882812,883.3333129882812,5319300
2020-11-17,896.0,897.6666870117188,873.6666870117188,884.6666870117188,3331200
2020-11-18,884.3333129882812,885.3333129882812,868.3333129882812,870.6666870117188,3202800
2020-11-19,866.6666870117188,869.6666870117188,854.6666870117188,861.6666870117188,2691900
2020-11-20,845.0,868.6666870117188,840.6666870117188,868.3333129882812,2813700
2020-11-24,899.6666870117188,904.6666870117188,888.0,889.6666870117188,3006000
2020-11-25,916.6666870117188,935.6666870117188,916.0,920.6666870117188,5640000
2020-11-26,920.0,936.0,917.0,921.0,3180600
2020-11-27,914.3333129882812,930.0,908.0,925.3333129882812,2297100
2020-11-30,926.0,933.0,909.3333129882812,909.3333129882812,3052200
2020-12-01,907.3333129882812,934.6666870117188,903.3333129882812,931.0,2450100
2020-12-02,940.6666870117188,952.3333129882812,934.0,940.6666870117188,3282300
2020-12-03,957.3333129882812,1003.3333129882812,954.6666870117188,984.0,6597000
2020-12-04,990.6666870117188,1001.6666870117188,984.0,998.3333129882812,3543300
2020-12-07,999.0,1021.6666870117188,979.0,982.6666870117188,3363900
2020-12-08,973.3333129882812,993.0,969.3333129882812,986.6666870117188,2288700
2020-12-09,982.3333129882812,1020.0,981.0,1016.6666870117188,3066600
2020-12-10,1025.0,1028.3333740234375,997.3333129882812,997.3333129882812,2170200
2020-12-11,1001.6666870117188,1011.6666870117188,981.3333129882812,988.6666870117188,2959200
2020-12-14,991.0,1026.6666259765625,986.3333129882812,1016.6666870117188,3180900
2020-12-15,1003.3333129882812,1023.3333129882812,1001.6666870117188,1008.3333129882812,2139900
2020-12-16,1035.0,1040.0,1018.3333129882812,1020.0,2983800
2020-12-17,1051.6666259765625,1051.6666259765625,1035.0,1048.3333740234375,3812400
2020-12-18,1048.3333740234375,1066.6666259765625,1040.0,1061.6666259765625,2957700
2020-12-21,1061.6666259765625,1065.0,1028.3333740234375,1043.3333740234375,3044700
2020-12-22,1023.3333129882812,1033.3333740234375,997.3333129882812,1001.6666870117188,3456300
2020-12-23,999.6666870117188,1006.6666870117188,962.0,978.6666870117188,4925100
2020-12-24,995.0,1013.3333129882812,982.6666870117188,987.3333129882812,2472000
2020-12-25,1036.6666259765625,1055.0,1021.6666870117188,1050.0,3408000
2020-12-28,1035.0,1043.3333740234375,1015.0,1026.6666259765625,2572500
2020-12-29,1031.6666259765625,1053.3333740234375,1031.6666259765625,1048.3333740234375,2613300
2020-12-30,1046.6666259765625,1063.3333740234375,1036.6666259765625,1050.0,1975200
2021-01-04,1056.6666259765625,1061.6666259765625,1023.3333129882812,1041.6666259765625,2264400
2021-01-05,1028.3333740234375,1058.3333740234375,1023.3333129882812,1050.0,1878300
2021-01-06,1056.6666259765625,1085.0,1053.3333740234375,1081.6666259765625,3504900
2021-01-07,1100.0,1113.3333740234375,1090.0,1093.3333740234375,2892900
2021-01-08,1096.6666259765625,1105.0,1083.3333740234375,1085.0,2762100
2021-01-12,1081.6666259765625,1086.6666259765625,1071.6666259765625,1075.0,2996100
2021-01-13,1076.6666259765625,1100.0,1071.6666259765625,1095.0,3516600
2021-01-14,1095.0,1105.0,1056.6666259765625,1063.3333740234375,4069800
2021-01-15,1078.3333740234375,1081.6666259765625,1041.6666259765625,1043.3333740234375,4175100
2021-01-18,1025.0,1026.6666259765625,997.3333129882812,1006.6666870117188,5425800
2021-01-19,1013.3333129882812,1025.0,1006.6666870117188,1018.3333129882812,2768700
2021-01-20,1016.6666870117188,1026.6666259765625,981.3333129882812,987.0,6009900
2021-01-21,1000.0,1005.0,983.3333129882812,989.3333129882812,3303600
2021-01-22,979.0,1015.0,968.6666870117188,1005.0,4074900
2021-01-25,1023.3333129882812,1026.6666259765625,983.3333129882812,992.6666870117188,3897000
2021-01-26,990.3333129882812,991.6666870117188,949.3333129882812,957.6666870117188,4578000
2021-01-27,968.3333129882812,972.3333129882812,924.0,932.3333129882812,5238900
2021-01-28,906.6666870117188,950.6666870117188,903.3333129882812,926.3333129882812,6813000
2021-01-29,943.0,986.3333129882812,919.0,943.3333129882812,9450900
2021-02-01,953.6666870117188,978.3333129882812,947.3333129882812,976.0,4887600
2021-02-02,985.3333129882812,1005.0,977.6666870117188,984.6666870117188,5712600
2021-02-03,983.3333129882812,995.6666870117188,966.0,991.6666870117188,4856100
2021-02-04,1000.0,1036.6666259765625,991.3333129882812,1003.3333129882812,5046300
2021-02-05,1013.3333129882812,1020.0,976.6666870117188,987.3333129882812,4946400
2021-02-08,995.0,1031.6666259765625,992.6666870117188,1028.3333740234375,4831200
2021-02-09,1038.3333740234375,1041.6666259765625,1016.6666870117188,1025.0,3912300
2021-02-10,1015.0,1031.6666259765625,1010.0,1028.3333740234375,2086800
2021-02-12,1010.0,1011.6666870117188,970.3333129882812,980.3333129882812,6543300
2021-02-15,985.3333129882812,988.3333129882812,964.3333129882812,972.6666870117188,4053600
2021-02-16,990.0,1026.6666259765625,989.3333129882812,1011.6666870117188,5216700
2021-02-17,1023.3333129882812,1066.6666259765625,1020.0,1056.6666259765625,5397900
2021-02-18,1080.0,1086.6666259765625,1043.3333740234375,1045.0,4453500
2021-02-19,1040.0,1068.3333740234375,1038.3333740234375,1061.6666259765625,3119400
2021-02-22,1085.0,1138.3333740234375,1080.0,1118.3333740234375,7654200
2021-02-24,1138.3333740234375,1161.6666259765625,1108.3333740234375,1115.0,5618700
2021-02-25,1160.0,1160.0,1113.3333740234375,1145.0,3536700
2021-02-26,1135.0,1136.6666259765625,1105.0,1121.6666259765625,3973500
2021-03-01,1121.6666259765625,1121.6666259765625,1086.6666259765625,1113.3333740234375,4176000
2021-03-02,1113.3333740234375,1116.6666259765625,1056.6666259765625,1073.3333740234375,4297800
2021-03-03,1073.3333740234375,1100.0,1063.3333740234375,1096.6666259765625,2931300
2021-03-04,1120.0,1143.3333740234375,1111.6666259765625,1135.0,5763900
2021-03-05,1123.3333740234375,1140.0,1108.3333740234375,1125.0,4971300
2021-03-08,1135.0,1143.3333740234375,1098.3333740234375,1125.0,5912100
2021-03-09,1140.0,1140.0,1118.3333740234375,1133.3333740234375,3086400
2021-03-10,1120.0,1125.0,1106.6666259765625,1118.3333740234375,2669100
2021-03-11,1138.3333740234375,1213.3333740234375,1133.3333740234375,1201.6666259765625,9890700
2021-03-12,1201.6666259765625,1226.6666259765625,1183.3333740234375,1226.6666259765625,6141300
2021-03-15,1238.3333740234375,1288.3333740234375,1238.3333740234375,1260.0,5818500
2021-03-16,1260.0,1305.0,1243.3333740234375,1303.3333740234375,5797800
2021-03-17,1290.0,1310.0,1271.6666259765625,1305.0,4397100
2021-03-18,1316.6666259765625,1341.6666259765625,1298.3333740234375,1323.3333740234375,3778500
2021-03-19,1313.3333740234375,1366.6666259765625,1303.3333740234375,1360.0,4951800
2021-03-22,1380.0,1461.6666259765625,1378.3333740234375,1431.6666259765625,9160200
2021-03-23,1440.0,1443.3333740234375,1345.0,1348.3333740234375,8274300
2021-03-24,1290.0,1305.0,1243.3333740234375,1286.6666259765625,9997200
2021-03-25,1298.3333740234375,1345.0,1290.0,1325.0,8539800
2021-03-26,1356.6666259765625,1365.0,1313.3333740234375,1360.0,6453300
2021-03-29,1366.6666259765625,1373.3333740234375,1268.3333740234375,1275.0,10586400
2021-03-30,1266.6666259765625,1315.0,1263.3333740234375,1311.6666259765625,6220200
2021-03-31,1293.3333740234375,1305.0,1280.0,1291.6666259765625,4265100
2021-04-01,1326.6666259765625,1330.0,1281.6666259765625,1286.6666259765625,4656000
2021-04-02,1293.3333740234375,1301.6666259765625,1250.0,1285.0,4649400
2021-04-05,1308.3333740234375,1360.0,1293.3333740234375,1358.3333740234375,7497900
2021-04-06,1351.6666259765625,1363.3333740234375,1311.6666259765625,1338.3333740234375,5633700
2021-04-07,1338.3333740234375,1381.6666259765625,1333.3333740234375,1373.3333740234375,5979300
2021-04-08,1371.6666259765625,1405.0,1361.6666259765625,1386.6666259765625,5052900
2021-04-09,1386.6666259765625,1421.6666259765625,1383.3333740234375,1405.0,5988000
2021-04-12,1411.6666259765625,1415.0,1328.3333740234375,1328.3333740234375,6649800
2021-04-13,1336.6666259765625,1345.0,1293.3333740234375,1296.6666259765625,7967100
2021-04-14,1298.3333740234375,1308.3333740234375,1246.6666259765625,1261.6666259765625,8264400
2021-04-15,1303.3333740234375,1323.3333740234375,1281.6666259765625,1296.6666259765625,7219500
2021-04-16,1275.0,1290.0,1265.0,1271.6666259765625,5601000
2021-04-19,1281.6666259765625,1320.0,1280.0,1301.6666259765625,6017100
2021-04-20,1281.6666259765625,1328.3333740234375,1275.0,1323.3333740234375,4785900
2021-04-21,1293.3333740234375,1320.0,1286.6666259765625,1311.6666259765625,4663500
2021-04-22,1350.0,1380.0,1336.6666259765625,1361.6666259765625,8900400
2021-04-23,1371.6666259765625,1390.0,1356.6666259765625,1371.6666259765625,5965200
2021-04-26,1365.0,1386.6666259765625,1340.0,1383.3333740234375,4348500
2021-04-27,1386.6666259765625,1426.6666259765625,1370.0,1415.0,7117500
2021-04-28,1396.6666259765625,1416.6666259765625,1368.3333740234375,1393.3333740234375,5662500
2021-04-30,1416.6666259765625,1463.3333740234375,1391.6666259765625,1463.3333740234375,12013500
2021-05-06,1448.3333740234375,1540.0,1445.0,1540.0,11579700
2021-05-07,1520.0,1600.0,1508.3333740234375,1598.3333740234375,11130300
2021-05-10,1606.6666259765625,1636.6666259765625,1540.0,1560.0,10091400
2021-05-11,1536.6666259765625,1610.0,1531.6666259765625,1571.6666259765625,7101000
2021-05-12,1571.6666259765625,1590.0,1455.0,1481.6666259765625,8094000
2021-05-13,1445.0,1495.0,1440.0,1456.6666259765625,5709900
2021-05-14,1491.6666259765625,1501.6666259765625,1458.3333740234375,1466.6666259765625,4203000
2021-05-17,1488.3333740234375,1498.3333740234375,1430.0,1438.3333740234375,5197500
2021-05-18,1461.6666259765625,1470.0,1411.6666259765625,1465.0,5379300
2021-05-19,1441.6666259765625,1476.6666259765625,1433.3333740234375,1458.3333740234375,3808500
2021-05-20,1443.3333740234375,1465.0,1436.6666259765625,1448.3333740234375,3460500
2021-05-21,1446.6666259765625,1460.0,1428.3333740234375,1455.0,3793500
2021-05-24,1476.6666259765625,1531.6666259765625,1476.6666259765625,1521.6666259765625,5241600
2021-05-25,1531.6666259765625,1535.0,1475.0,1486.6666259765625,5342700
2021-05-26,1460.0,1498.3333740234375,1455.0,1466.6666259765625,3050400
2021-05-27,1461.6666259765625,1478.3333740234375,1418.3333740234375,1421.6666259765625,5351700
2021-05-28,1451.6666259765625,1463.3333740234375,1430.0,1458.3333740234375,3849000
2021-05-31,1458.3333740234375,1466.6666259765625,1433.3333740234375,1465.0,3029400
2021-06-01,1471.6666259765625,1501.6666259765625,1456.6666259765625,1500.0,3309000
2021-06-02,1506.6666259765625,1550.0,1483.3333740234375,1546.6666259765625,4971300
2021-06-03,1553.3333740234375,1568.3333740234375,1505.0,1521.6666259765625,5898000
2021-06-04,1533.3333740234375,1553.3333740234375,1515.0,1551.6666259765625,4001400
2021-06-07,1571.6666259765625,1593.3333740234375,1566.6666259765625,1586.6666259765625,4917300
2021-06-08,1586.6666259765625,1626.6666259765625,1575.0,1623.3333740234375,5261100
2021-06-09,1615.0,1623.3333740234375,1560.0,1565.0,5232000
2021-06-10,1546.6666259765625,1618.3333740234375,1541.6666259765625,1615.0,5030700
2021-06-11,1611.6666259765625,1648.3333740234375,1601.6666259765625,1643.3333740234375,5474100
2021-06-14,1665.0,1696.6666259765625,1646.6666259765625,1660.0,4959900
2021-06-15,1650.0,1670.0,1628.3333740234375,1670.0,3741000
2021-06-16,1666.6666259765625,1726.6666259765625,1660.0,1720.0,4802100
2021-06-17,1726.6666259765625,1743.3333740234375,1673.3333740234375,1706.6666259765625,5470800
2021-06-18,1661.6666259765625,1666.6666259765625,1563.3333740234375,1610.0,11525700
2021-06-21,1563.3333740234375,1616.6666259765625,1556.6666259765625,1603.3333740234375,6882000
2021-06-22,1740.0,1796.6666259765625,1710.0,1766.6666259765625,13891800
2021-06-23,1800.0,1806.6666259765625,1703.3333740234375,1746.6666259765625,8381700
2021-06-24,1733.3333740234375,1770.0,1723.3333740234375,1743.3333740234375,4197900
2021-06-25,1750.0,1760.0,1690.0,1720.0,5233800
2021-06-28,1726.6666259765625,1760.0,1716.6666259765625,1756.6666259765625,3700500
2021-06-29,1733.3333740234375,1786.6666259765625,1726.6666259765625,1786.6666259765625,5650200
2021-06-30,1776.6666259765625,1783.3333740234375,1746.6666259765625,1780.0,4235700
2021-07-01,1753.3333740234375,1763.3333740234375,1686.6666259765625,1710.0,7513500
2021-07-02,1720.0,1726.6666259765625,1651.6666259765625,1726.6666259765625,8483100
2021-07-05,1720.0,1763.3333740234375,1703.3333740234375,1753.3333740234375,4249200
2021-07-06,1750.0,1763.3333740234375,1713.3333740234375,1720.0,4070700
2021-07-07,1700.0,1726.6666259765625,1686.6666259765625,1700.0,3228000
2021-07-08,1716.6666259765625,1750.0,1686.6666259765625,1686.6666259765625,5023500
2021-07-09,1653.3333740234375,1683.3333740234375,1610.0,1676.6666259765625,9183300
2021-07-12,1690.0,1696.6666259765625,1646.6666259765625,1660.0,7337700
2021-07-13,1670.0,1700.0,1660.0,1676.6666259765625,3848100
2021-07-14,1658.3333740234375,1670.0,1606.6666259765625,1613.3333740234375,8802000
2021-07-15,1605.0,1628.3333740234375,1598.3333740234375,1611.6666259765625,4575900
2021-07-16,1598.3333740234375,1658.3333740234375,1593.3333740234375,1651.6666259765625,5768700
2021-07-19,1628.3333740234375,1665.0,1608.3333740234375,1646.6666259765625,6617400
2021-07-20,1626.6666259765625,1660.0,1616.6666259765625,1621.6666259765625,5594400
2021-07-21,1665.0,1680.0,1631.6666259765625,1640.0,6012600
2021-07-26,1676.6666259765625,1690.0,1661.6666259765625,1666.6666259765625,4209000
2021-07-27,1676.6666259765625,1676.6666259765625,1646.6666259765625,1656.6666259765625,3590400
2021-07-28,1656.6666259765625,1676.6666259765625,1643.3333740234375,1650.0,3951600
2021-07-29,1645.0,1676.6666259765625,1601.6666259765625,1676.6666259765625,6139800
2021-07-30,1683.3333740234375,1913.3333740234373,1660.0,1883.3333740234373,26644500
2021-08-02,1976.6666259765625,2123.333251953125,1923.3333740234373,2083.333251953125,38503200
2021-08-03,2076.666748046875,2190.0,2060.0,2180.0,24580800
2021-08-04,2176.666748046875,2290.0,2093.333251953125,2153.333251953125,41371800
2021-08-05,2196.666748046875,2316.666748046875,2163.333251953125,2296.666748046875,29903100
2021-08-06,2306.666748046875,2356.666748046875,2236.666748046875,2296.666748046875,20166600
2021-08-10,2300.0,2326.666748046875,2270.0,2286.666748046875,10497600
2021-08-11,2286.666748046875,2376.666748046875,2266.666748046875,2366.666748046875,13270800
2021-08-12,2400.0,2503.333251953125,2366.666748046875,2446.666748046875,18821400
2021-08-13,2460.0,2473.333251953125,2400.0,2433.333251953125,10983900
2021-08-16,2453.333251953125,2470.0,2420.0,2450.0,9677100
2021-08-17,2443.333251953125,2530.0,2426.666748046875,2483.333251953125,12672900
2021-08-18,2486.666748046875,2510.0,2353.333251953125,2450.0,15085500
2021-08-19,2403.333251953125,2453.333251953125,2330.0,2343.333251953125,15221400
2021-08-20,2303.333251953125,2340.0,2126.666748046875,2153.333251953125,23370900
2021-08-23,2156.666748046875,2296.666748046875,2126.666748046875,2270.0,18878700
2021-08-24,2333.333251953125,2400.0,2326.666748046875,2383.333251953125,17045400
2021-08-25,2416.666748046875,2420.0,2336.666748046875,2383.333251953125,13034100
2021-08-26,2360.0,2396.666748046875,2343.333251953125,2376.666748046875,7816500
2021-08-27,2460.0,2616.666748046875,2446.666748046875,2613.333251953125,36902400
2021-08-30,2763.333251953125,2770.0,2653.333251953125,2746.666748046875,32583000
2021-08-31,2706.666748046875,2856.666748046875,2693.333251953125,2833.333251953125,25723800
2021-09-01,2846.666748046875,2903.333251953125,2766.666748046875,2810.0,26527200
2021-09-02,2780.0,2866.666748046875,2766.666748046875,2816.666748046875,19366500
2021-09-03,2843.333251953125,2850.0,2793.333251953125,2816.666748046875,14902800
2021-09-06,2846.666748046875,3020.0,2840.0,2993.333251953125,24933300
2021-09-07,3033.333251953125,3040.0,2926.666748046875,2976.666748046875,19995900
2021-09-08,2933.333251953125,2996.666748046875,2930.0,2973.333251953125,11049900
2021-09-09,2966.666748046875,3033.333251953125,2956.666748046875,2986.666748046875,12324000
2021-09-10,3006.666748046875,3023.333251953125,2976.666748046875,3010.0,10076700
2021-09-13,3000.0,3003.333251953125,2940.0,2973.333251953125,12375000
2021-09-14,2976.666748046875,3083.333251953125,2960.0,3043.333251953125,15121200
2021-09-15,3023.333251953125,3146.666748046875,3013.333251953125,3133.333251953125,15846300
2021-09-16,3173.333251953125,3226.666748046875,2983.333251953125,3070.0,30545400
2021-09-17,3073.333251953125,3176.666748046875,3060.0,3166.666748046875,17536800
2021-09-21,3066.666748046875,3110.0,3026.666748046875,3063.333251953125,16922700
2021-09-22,3066.666748046875,3113.333251953125,3040.0,3083.333251953125,12353700
2021-09-24,3180.0,3296.666748046875,3166.666748046875,3290.0,23607600
2021-09-27,3340.0,3353.333251953125,3050.0,3076.666748046875,34383600
2021-09-28,3026.666748046875,3060.0,2793.333251953125,2860.0,37278000
2021-09-29,2710.0,2916.666748046875,2700.0,2816.666748046875,26759400
2021-09-30,2830.0,2836.666748046875,2506.666748046875,2520.0,27110400
2021-10-01,2433.333251953125,2640.0,2426.666748046875,2503.333251953125,27843600
2021-10-04,2480.0,2546.666748046875,2260.0,2323.333251953125,36856500
2021-10-05,2256.666748046875,2356.666748046875,2120.0,2283.333251953125,47091600
2021-10-06,2316.666748046875,2346.666748046875,2216.666748046875,2273.333251953125,28524600
2021-10-07,2306.666748046875,2400.0,2253.333251953125,2363.333251953125,24501900
2021-10-08,2383.333251953125,2413.333251953125,2216.666748046875,2230.0,30248400
2021-10-11,2296.666748046875,2390.0,2260.0,2306.666748046875,20016000
2021-10-12,2306.666748046875,2376.666748046875,2286.666748046875,2320.0,14545200
2021-10-13,2280.0,2293.333251953125,2203.333251953125,2233.333251953125,13888800
2021-10-14,2223.333251953125,2253.333251953125,2090.0,2123.333251953125,20795100
2021-10-15,2100.0,2170.0,2060.0,2163.333251953125,17714400
2021-10-18,2133.333251953125,2196.666748046875,2120.0,2146.666748046875,12637500
2021-10-19,2170.0,2283.333251953125,2143.333251953125,2283.333251953125,14806200
2021-10-20,2313.333251953125,2330.0,2210.0,2230.0,15632400
2021-10-21,2223.333251953125,2260.0,2193.333251953125,2193.333251953125,10614000
2021-10-22,2193.333251953125,2226.666748046875,2150.0,2186.666748046875,9637500
2021-10-25,2176.666748046875,2243.333251953125,2173.333251953125,2240.0,7456800
2021-10-26,2306.666748046875,2310.0,2243.333251953125,2290.0,11266200
2021-10-27,2256.666748046875,2270.0,2173.333251953125,2210.0,10781100
2021-10-28,2186.666748046875,2223.333251953125,2156.666748046875,2180.0,10456800
2021-10-29,2196.666748046875,2416.666748046875,2166.666748046875,2386.666748046875,35404800
2021-11-01,2466.666748046875,2486.666748046875,2396.666748046875,2416.666748046875,21153600
2021-11-02,2396.666748046875,2440.0,2376.666748046875,2426.666748046875,11472600
2021-11-04,2460.0,2550.0,2316.666748046875,2363.333251953125,29188800
2021-11-05,2350.0,2350.0,2220.0,2226.666748046875,19693500
2021-11-08,2223.333251953125,2340.0,2210.0,2333.333251953125,12220500
2021-11-09,2320.0,2326.666748046875,2256.666748046875,2270.0,10637100
2021-11-10,2286.666748046875,2313.333251953125,2250.0,2260.0,7971900
2021-11-11,2260.0,2283.333251953125,2233.333251953125,2240.0,7770900
2021-11-12,2233.333251953125,2253.333251953125,2183.333251953125,2243.333251953125,11735700
2021-11-15,2246.666748046875,2256.666748046875,2183.333251953125,2200.0,7747800
2021-11-16,2203.333251953125,2216.666748046875,2130.0,2143.333251953125,11685900
2021-11-17,2146.666748046875,2160.0,2120.0,2136.666748046875,8536800
2021-11-18,2126.666748046875,2126.666748046875,2040.0,2086.666748046875,12606000
2021-11-19,2090.0,2123.333251953125,2076.666748046875,2096.666748046875,7706400
2021-11-22,2133.333251953125,2183.333251953125,2080.0,2163.333251953125,11950200
2021-11-24,2146.666748046875,2183.333251953125,2116.666748046875,2146.666748046875,7012500
2021-11-25,2133.333251953125,2183.333251953125,2106.666748046875,2183.333251953125,6679200
2021-11-26,2166.666748046875,2183.333251953125,2126.666748046875,2163.333251953125,7089300
2021-11-29,2130.0,2266.666748046875,2126.666748046875,2213.333251953125,13681800
2021-11-30,2230.0,2250.0,2160.0,2166.666748046875,10171500
2021-12-01,2220.0,2266.666748046875,2166.666748046875,2243.333251953125,13470600
2021-12-02,2276.666748046875,2433.333251953125,2270.0,2413.333251953125,24306900
2021-12-03,2423.333251953125,2566.666748046875,2360.0,2540.0,30273300
2021-12-06,2623.333251953125,2650.0,2500.0,2583.333251953125,25271700
2021-12-07,2593.333251953125,2730.0,2543.333251953125,2716.666748046875,23906400
2021-12-08,2716.666748046875,2760.0,2616.666748046875,2670.0,28216500
2021-12-09,2636.666748046875,2676.666748046875,2600.0,2620.0,13865400
2021-12-10,2613.333251953125,2643.333251953125,2566.666748046875,2606.666748046875,10301400
2021-12-13,2666.666748046875,2693.333251953125,2640.0,2666.666748046875,10188600
2021-12-14,2650.0,2673.333251953125,2636.666748046875,2660.0,8820900
2021-12-15,2633.333251953125,2640.0,2516.666748046875,2586.666748046875,14245200
2021-12-16,2566.666748046875,2700.0,2560.0,2686.666748046875,14637300
2021-12-17,2663.333251953125,2733.333251953125,2653.333251953125,2690.0,12294000
2021-12-20,2673.333251953125,2700.0,2636.666748046875,2636.666748046875,9357600
2021-12-21,2683.333251953125,2733.333251953125,2670.0,2733.333251953125,10170600
2021-12-22,2750.0,2756.666748046875,2686.666748046875,2736.666748046875,10678800
2021-12-23,2753.333251953125,2820.0,2740.0,2790.0,13446900
2021-12-24,2800.0,2833.333251953125,2766.666748046875,2790.0,9469200
2021-12-27,2806.666748046875,2840.0,2786.666748046875,2810.0,8534700
2021-12-28,2816.666748046875,2823.333251953125,2750.0,2790.0,9765300
2021-12-29,2800.0,2863.333251953125,2793.333251953125,2853.333251953125,10496100
2021-12-30,2840.0,2853.333251953125,2810.0,2846.666748046875,9202500
2022-01-04,2900.0,3033.333251953125,2896.666748046875,3033.333251953125,19518000
2022-01-05,3053.333251953125,3126.666748046875,2993.333251953125,3036.666748046875,19793700
2022-01-06,3013.333251953125,3106.666748046875,3006.666748046875,3033.333251953125,12030000
2022-01-07,3083.333251953125,3083.333251953125,3020.0,3063.333251953125,9469200
2022-01-11,3073.333251953125,3073.333251953125,3010.0,3030.0,9468900
2022-01-12,3050.0,3143.333251953125,3016.666748046875,3130.0,13898700
2022-01-13,3126.666748046875,3173.333251953125,3116.666748046875,3123.333251953125,10236000
2022-01-14,3113.333251953125,3166.666748046875,3093.333251953125,3166.666748046875,10671600
2022-01-17,3193.333251953125,3206.666748046875,3126.666748046875,3156.666748046875,11770800
2022-01-18,3153.333251953125,3216.666748046875,3123.333251953125,3170.0,15840900
2022-01-19,3113.333251953125,3156.666748046875,2856.666748046875,2913.333251953125,27003600
2022-01-20,2833.333251953125,2890.0,2633.333251953125,2760.0,32560800
2022-01-21,2630.0,2756.666748046875,2580.0,2746.666748046875,18915300
2022-01-24,2690.0,2880.0,2690.0,2853.333251953125,24655800
2022-01-25,2843.333251953125,2870.0,2653.333251953125,2680.0,19907400
2022-01-26,2743.333251953125,2770.0,2660.0,2690.0,13120500
2022-01-27,2740.0,2790.0,2590.0,2600.0,19425300
2022-01-28,2666.666748046875,2693.333251953125,2610.0,2676.666748046875,14649000
2022-01-31,2726.666748046875,2980.0,2656.666748046875,2933.333251953125,34628400
2022-02-01,3006.666748046875,3153.333251953125,2996.666748046875,3093.333251953125,35334300
2022-02-02,3106.666748046875,3113.333251953125,3040.0,3063.333251953125,17849100
2022-02-03,3033.333251953125,3066.666748046875,2856.666748046875,2953.333251953125,26376000
2022-02-04,2936.666748046875,3040.0,2930.0,2986.666748046875,18591900
2022-02-07,2996.666748046875,2996.666748046875,2863.333251953125,2896.666748046875,14124900
2022-02-08,2933.333251953125,3003.333251953125,2886.666748046875,3000.0,11480100
2022-02-09,2996.666748046875,3026.666748046875,2960.0,3016.666748046875,9240900
2022-02-10,3033.333251953125,3060.0,2996.666748046875,3046.666748046875,11853600
2022-02-14,2963.333251953125,3063.333251953125,2946.666748046875,3036.666748046875,12654000
2022-02-15,3026.666748046875,3063.333251953125,2966.666748046875,2970.0,11640900
2022-02-16,3030.0,3050.0,3000.0,3023.333251953125,11109600
2022-02-17,3036.666748046875,3086.666748046875,3000.0,3013.333251953125,16387200
2022-02-18,3010.0,3136.666748046875,3000.0,3133.333251953125,20004900
2022-02-21,3080.0,3106.666748046875,2986.666748046875,3053.333251953125,21888000
2022-02-22,2996.666748046875,3050.0,2920.0,2926.666748046875,18610800
2022-02-24,2900.0,3016.666748046875,2890.0,2920.0,16399800
2022-02-25,2993.333251953125,3076.666748046875,2980.0,3060.0,16844400
2022-02-28,3093.333251953125,3160.0,3026.666748046875,3113.333251953125,36766200
2022-03-01,3270.0,3383.333251953125,3253.333251953125,3306.666748046875,43094700
2022-03-02,3300.0,3360.0,3276.666748046875,3303.333251953125,23484600
2022-03-03,3363.333251953125,3453.333251953125,3333.333251953125,3453.333251953125,22630200
2022-03-04,3503.333251953125,3713.333251953125,3460.0,3586.666748046875,47237100
2022-03-07,3756.666748046875,3826.666748046875,3596.666748046875,3733.333251953125,35290800
2022-03-08,3670.0,3776.666748046875,3550.0,3566.666748046875,39665400
2022-03-09,3506.666748046875,3640.0,3360.0,3500.0,30728400
2022-03-10,3606.666748046875,3700.0,3543.333251953125,3700.0,21780600
2022-03-11,3700.0,3780.0,3643.333251953125,3723.333251953125,21208200
2022-03-14,3803.333251953125,3863.333251953125,3740.0,3856.666748046875,20690100
2022-03-15,3833.333251953125,3873.333251953125,3733.333251953125,3783.333251953125,20799600
2022-03-16,3826.666748046875,3880.0,3753.333251953125,3800.0,17244900
2022-03-17,3843.333251953125,3860.0,3763.333251953125,3806.666748046875,16794000
2022-03-18,3796.666748046875,3860.0,3760.0,3823.333251953125,22189800
2022-03-22,3853.333251953125,3856.666748046875,3746.666748046875,3813.333251953125,17166600
2022-03-23,3810.0,3836.666748046875,3670.0,3700.0,17785500
2022-03-24,3626.666748046875,3670.0,3356.666748046875,3413.333251953125,29926200
2022-03-25,3376.666748046875,3480.0,3276.666748046875,3443.333251953125,27240000
2022-03-28,3383.333251953125,3430.0,3290.0,3396.666748046875,17627400
2022-03-29,3396.666748046875,3476.666748046875,3386.666748046875,3446.666748046875,43819200
2022-03-30,3125.0,3295.0,3060.0,3275.0,17251100
2022-03-31,3280.0,3455.0,3280.0,3420.0,15328500
2022-04-01,3440.0,3445.0,3180.0,3250.0,16600500
2022-04-04,3200.0,3365.0,3180.0,3350.0,8444900
2022-04-05,3295.0,3330.0,3210.0,3240.0,8254200
2022-04-06,3205.0,3220.0,3070.0,3070.0,10644300
2022-04-07,2956.0,3065.0,2930.0,3010.0,9070900
2022-04-08,3025.0,3085.0,2959.0,2983.0,10692400
2022-04-11,2986.0,3080.0,2971.0,2998.0,7134800
2022-04-12,2950.0,2952.0,2785.0,2816.0,15854500
2022-04-13,2856.0,2957.0,2856.0,2930.0,11800000
2022-04-14,2930.0,3045.0,2905.0,3045.0,8430800
2022-04-15,2975.0,3100.0,2975.0,3070.0,5546500
2022-04-18,3085.0,3135.0,3000.0,3125.0,6026000
2022-04-19,3160.0,3255.0,3105.0,3235.0,7768600
2022-04-20,3270.0,3280.0,3205.0,3235.0,7206000
2022-04-21,3225.0,3275.0,3185.0,3270.0,7433400
2022-04-22,3215.0,3265.0,3165.0,3175.0,5630500
2022-04-25,3065.0,3150.0,3055.0,3075.0,5825600
2022-04-26,3100.0,3120.0,2991.0,3010.0,6820800
2022-04-27,2979.0,3155.0,2945.0,3125.0,9572500
2022-04-28,3145.0,3190.0,2830.0,3070.0,29216600
2022-05-02,3100.0,3270.0,3100.0,3255.0,13012900
2022-05-06,3310.0,3365.0,3260.0,3275.0,10151100
2022-05-09,3310.0,3390.0,3240.0,3300.0,12390000
2022-05-10,3260.0,3275.0,3100.0,3150.0,11095500
2022-05-11,3210.0,3300.0,3145.0,3280.0,7650700
2022-05-12,3235.0,3295.0,3190.0,3230.0,6751900
2022-05-13,3230.0,3315.0,3190.0,3300.0,6536500
2022-05-16,3360.0,3395.0,3255.0,3270.0,7198000
2022-05-17,3310.0,3365.0,3280.0,3330.0,6459700
2022-05-18,3365.0,3400.0,3295.0,3395.0,9051600
2022-05-19,3290.0,3310.0,3185.0,3295.0,11841700
2022-05-20,3320.0,3395.0,3310.0,3375.0,8130100
2022-05-23,3405.0,3500.0,3390.0,3495.0,11344200
2022-05-24,3520.0,3620.0,3485.0,3565.0,14441600
2022-05-25,3600.0,3630.0,3540.0,3600.0,9392500
2022-05-26,3565.0,3625.0,3530.0,3590.0,6977600
2022-05-27,3630.0,3725.0,3625.0,3680.0,12034100
2022-05-30,3740.0,3745.0,3505.0,3565.0,12969800
2022-05-31,3570.0,3615.0,3425.0,3445.0,13058500
2022-06-01,3470.0,3570.0,3460.0,3515.0,8021700
2022-06-02,3550.0,3565.0,3470.0,3505.0,6352200
2022-06-03,3540.0,3560.0,3480.0,3550.0,6275700
2022-06-06,3535.0,3590.0,3515.0,3525.0,4749900
2022-06-07,3525.0,3570.0,3485.0,3550.0,6108500
2022-06-08,3540.0,3545.0,3480.0,3490.0,7716200
2022-06-09,3300.0,3305.0,3200.0,3220.0,19449600
2022-06-10,3180.0,3265.0,3140.0,3230.0,11879300
2022-06-13,3120.0,3210.0,3110.0,3150.0,7758500
2022-06-14,3120.0,3215.0,3080.0,3200.0,7883800
2022-06-15,3235.0,3265.0,3185.0,3205.0,5266000
2022-06-16,3230.0,3235.0,3135.0,3135.0,6438100
2022-06-17,3070.0,3115.0,3020.0,3090.0,9666500
2022-06-20,3090.0,3120.0,3005.0,3030.0,8527300
2022-06-21,3100.0,3125.0,3050.0,3105.0,5913300
2022-06-22,3105.0,3110.0,3010.0,3020.0,7048700
2022-06-23,3010.0,3035.0,2889.0,2911.0,17842600
2022-06-24,2925.0,3025.0,2895.0,3025.0,13300200
2022-06-27,3075.0,3195.0,3035.0,3185.0,10343000
2022-06-28,3210.0,3265.0,3170.0,3215.0,9306100
2022-06-29,3165.0,3210.0,3135.0,3175.0,6410900
2022-06-30,3145.0,3175.0,3090.0,3105.0,7141300
2022-07-01,3125.0,3135.0,3040.0,3060.0,7899900
2022-07-04,3045.0,3100.0,3000.0,3095.0,6313000
2022-07-05,3140.0,3150.0,3005.0,3010.0,9062400
2022-07-06,2979.0,3020.0,2959.0,3010.0,13704500
2022-07-07,2988.0,3010.0,2957.0,2989.0,14359000
2022-07-08,3040.0,3185.0,3040.0,3130.0,15385000
2022-07-11,3175.0,3180.0,3080.0,3100.0,6748600
2022-07-12,3115.0,3125.0,3060.0,3090.0,4908400
2022-07-13,3085.0,3110.0,3065.0,3095.0,4583300
2022-07-14,3100.0,3185.0,3085.0,3170.0,7649100
2022-07-15,3175.0,3205.0,3115.0,3195.0,7987500
2022-07-19,3245.0,3320.0,3240.0,3320.0,12954100
2022-07-20,3385.0,3385.0,3315.0,3345.0,7503800
2022-07-21,3345.0,3425.0,3340.0,3410.0,7838100
2022-07-22,3580.0,3620.0,3495.0,3510.0,21193800
2022-07-25,3520.0,3540.0,3475.0,3505.0,7322600
2022-07-26,3490.0,3495.0,3435.0,3470.0,6788700
2022-07-27,3480.0,3550.0,3480.0,3550.0,7271900
2022-07-28,3550.0,3585.0,3520.0,3580.0,10246700
2022-07-29,3590.0,3740.0,3550.0,3635.0,28726700
2022-08-01,3700.0,3795.0,3685.0,3775.0,17224600
2022-08-02,3765.0,3835.0,3735.0,3795.0,11953000
2022-08-03,3795.0,3845.0,3725.0,3740.0,18511200
2022-08-04,3795.0,3835.0,3725.0,3780.0,12597000
2022-08-05,3785.0,3830.0,3755.0,3805.0,9832400
2022-08-08,3805.0,3810.0,3690.0,3710.0,11628700
2022-08-09,3710.0,3800.0,3695.0,3785.0,9630700
2022-08-10,3790.0,3805.0,3760.0,3795.0,5115400
2022-08-12,3805.0,3845.0,3790.0,3825.0,8111500
2022-08-15,3785.0,3790.0,3690.0,3765.0,12505000
2022-08-16,3685.0,3695.0,3565.0,3610.0,15695100
2022-08-17,3640.0,3745.0,3635.0,3745.0,10227200
2022-08-18,3690.0,3750.0,3680.0,3720.0,7287000
2022-08-19,3750.0,3790.0,3735.0,3740.0,7744000
2022-08-22,3675.0,3735.0,3640.0,3725.0,7195700
2022-08-23,3750.0,3810.0,3745.0,3745.0,8184600
2022-08-24,3755.0,3765.0,3720.0,3725.0,5955700
2022-08-25,3725.0,3755.0,3690.0,3750.0,6404000
2022-08-26,3750.0,3775.0,3745.0,3770.0,5862600
2022-08-29,3680.0,3745.0,3680.0,3700.0,9229000
2022-08-30,3715.0,3750.0,3710.0,3725.0,7314200
2022-08-31,3700.0,3705.0,3640.0,3655.0,15369400
2022-09-01,3630.0,3630.0,3540.0,3545.0,13266200
2022-09-02,3545.0,3595.0,3510.0,3520.0,9934100
2022-09-05,3490.0,3555.0,3430.0,3535.0,13010800
2022-09-06,3535.0,3560.0,3460.0,3495.0,9905000
2022-09-07,3425.0,3435.0,3250.0,3250.0,23837500
2022-09-08,3290.0,3340.0,3260.0,3315.0,14710100
2022-09-09,3310.0,3400.0,3290.0,3385.0,12756300
2022-09-12,3390.0,3420.0,3330.0,3385.0,9930500
2022-09-13,3400.0,3475.0,3380.0,3440.0,10894100
2022-09-14,3350.0,3445.0,3350.0,3425.0,11124900
2022-09-15,3420.0,3425.0,3365.0,3410.0,7000000
2022-09-16,3350.0,3355.0,3305.0,3315.0,11313500
2022-09-20,3260.0,3310.0,3200.0,3280.0,17567300
2022-09-21,3270.0,3340.0,3240.0,3330.0,12322500
2022-09-22,3285.0,3305.0,3230.0,3285.0,11816500
2022-09-26,3230.0,3260.0,3170.0,3185.0,16727800
2022-09-27,3220.0,3245.0,3145.0,3170.0,14935800
2022-09-28,3140.0,3150.0,3040.0,3050.0,23087100
2022-09-29,2700.0,2820.0,2600.0,2653.0,34254400
2022-09-30,2592.0,2648.0,2580.0,2602.0,21320700
2022-10-03,2580.0,2742.0,2578.0,2732.0,20188500
2022-10-04,2800.0,2802.0,2701.0,2776.0,15911300
2022-10-05,2840.0,2895.0,2761.0,2771.0,15683900
2022-10-06,2782.0,2849.0,2753.0,2822.0,13239700
2022-10-07,2772.0,2820.0,2758.0,2775.0,10681400
2022-10-11,2761.0,2838.0,2758.0,2797.0,10185400
2022-10-12,2780.0,2809.0,2736.0,2794.0,7358700
2022-10-13,2778.0,2837.0,2775.0,2807.0,7759800
2022-10-14,2857.0,2882.0,2812.0,2847.0,10808100
2022-10-17,2860.0,2980.0,2851.0,2954.0,14064300
2022-10-18,2935.0,2969.0,2903.0,2962.0,10961200
2022-10-19,2940.0,2972.0,2892.0,2934.0,10616100
2022-10-20,2926.0,2936.0,2871.0,2889.0,9736500
2022-10-21,2909.0,2942.0,2892.0,2912.0,6590400
2022-10-24,2960.0,3050.0,2958.0,3030.0,11784700
2022-10-25,3010.0,3120.0,2992.0,3110.0,11789000
2022-10-26,3070.0,3085.0,3005.0,3010.0,10666300
2022-10-27,2965.0,3015.0,2947.0,2955.0,8590500
2022-10-28,2940.0,2947.0,2863.0,2902.0,11558600
2022-10-31,2952.0,2994.0,2889.0,2951.0,18206000
2022-11-01,2977.0,3010.0,2881.0,2917.0,13351700
2022-11-02,2946.0,2998.0,2933.0,2969.0,10682600
2022-11-04,2890.0,2920.0,2813.0,2897.0,16944500
2022-11-07,2936.0,2972.0,2912.0,2948.0,9775500
2022-11-08,2991.0,3050.0,2981.0,3020.0,10375100
2022-11-09,3040.0,3080.0,3025.0,3060.0,9035100
2022-11-10,3010.0,3085.0,2998.0,3075.0,6322200
2022-11-11,3135.0,3160.0,3055.0,3120.0,9502900
2022-11-14,3115.0,3130.0,3055.0,3100.0,6531400
2022-11-15,3125.0,3155.0,3090.0,3145.0,6625800
2022-11-16,3155.0,3170.0,3095.0,3135.0,5747100
2022-11-17,3105.0,3140.0,3090.0,3125.0,4147900
2022-11-18,3110.0,3120.0,3035.0,3035.0,6531200
2022-11-21,3035.0,3090.0,3020.0,3080.0,5055300
2022-11-22,3080.0,3140.0,3080.0,3125.0,5011100
2022-11-24,3175.0,3265.0,3170.0,3250.0,13599400
2022-11-25,3250.0,3270.0,3205.0,3250.0,5165500
2022-11-28,3270.0,3275.0,3205.0,3245.0,6421800
2022-11-29,3240.0,3270.0,3220.0,3240.0,5133600
2022-11-30,3265.0,3365.0,3260.0,3365.0,16449300
2022-12-01,3395.0,3435.0,3330.0,3355.0,11614400
2022-12-02,3340.0,3345.0,3270.0,3340.0,6975700
2022-12-05,3310.0,3315.0,3250.0,3260.0,7945100
2022-12-06,3260.0,3305.0,3250.0,3270.0,5482300
2022-12-07,3255.0,3280.0,3240.0,3260.0,3217900
2022-12-08,3255.0,3275.0,3225.0,3265.0,4319600
2022-12-09,3255.0,3305.0,3255.0,3265.0,4814400
2022-12-12,3290.0,3350.0,3280.0,3315.0,7142600
2022-12-13,3345.0,3370.0,3325.0,3370.0,6449500
2022-12-14,3360.0,3375.0,3330.0,3370.0,5832500
2022-12-15,3375.0,3425.0,3375.0,3405.0,6178100
2022-12-16,3400.0,3440.0,3390.0,3420.0,9354700
2022-12-19,3415.0,3455.0,3345.0,3345.0,8367400
2022-12-20,3375.0,3425.0,3290.0,3325.0,11289000
2022-12-21,3325.0,3390.0,3325.0,3340.0,6310400
2022-12-22,3385.0,3430.0,3355.0,3420.0,7138800
2022-12-23,3415.0,3415.0,3335.0,3365.0,7677000
2022-12-26,3380.0,3400.0,3345.0,3355.0,3382700
2022-12-27,3380.0,3385.0,3335.0,3355.0,4180100
2022-12-28,3365.0,3390.0,3330.0,3340.0,4847600
2022-12-29,3315.0,3320.0,3220.0,3245.0,8754600
2022-12-30,3270.0,3305.0,3260.0,3290.0,6447900
2023-01-04,3240.0,3240.0,3085.0,3085.0,13073800
2023-01-05,3085.0,3120.0,3045.0,3065.0,9129300
2023-01-06,3085.0,3185.0,3080.0,3165.0,8431000
2023-01-10,3180.0,3220.0,3105.0,3210.0,5613400
2023-01-11,3200.0,3260.0,3185.0,3240.0,4570900
2023-01-12,3240.0,3260.0,3195.0,3245.0,5456100
2023-01-13,3210.0,3255.0,3210.0,3230.0,6358300
2023-01-16,3200.0,3205.0,3150.0,3165.0,6561800
2023-01-17,3205.0,3245.0,3205.0,3230.0,5175100
2023-01-18,3240.0,3340.0,3215.0,3280.0,7826100
2023-01-19,3255.0,3295.0,3235.0,3285.0,5110700
2023-01-20,3290.0,3345.0,3285.0,3345.0,6118000
2023-01-23,3370.0,3385.0,3340.0,3375.0,5499300
2023-01-24,3385.0,3395.0,3345.0,3355.0,7131700
2023-01-25,3375.0,3405.0,3350.0,3395.0,7830500
2023-01-26,3310.0,3330.0,3265.0,3285.0,12150800
2023-01-27,3155.0,3200.0,3110.0,3165.0,19788900
2023-01-30,3125.0,3195.0,3115.0,3165.0,9193300
2023-01-31,3185.0,3230.0,3120.0,3205.0,17256900
2023-02-01,3225.0,3310.0,3225.0,3290.0,12752500
2023-02-02,3310.0,3320.0,3265.0,3265.0,8206000
2023-02-03,3290.0,3325.0,3255.0,3295.0,9589600
2023-02-06,3295.0,3355.0,3295.0,3320.0,9125800
2023-02-07,3330.0,3350.0,3295.0,3300.0,6266800
2023-02-08,3310.0,3320.0,3280.0,3310.0,3736600
2023-02-09,3290.0,3310.0,3285.0,3290.0,4193300
2023-02-10,3305.0,3330.0,3295.0,3300.0,3997000
2023-02-13,3325.0,3370.0,3315.0,3370.0,7582800
2023-02-14,3385.0,3385.0,3355.0,3375.0,4452900
2023-02-15,3380.0,3400.0,3370.0,3390.0,4561500
2023-02-16,3400.0,3440.0,3400.0,3430.0,5465400
2023-02-17,3440.0,3455.0,3375.0,3435.0,8270500
2023-02-20,3450.0,3460.0,3415.0,3420.0,5080500
2023-02-21,3420.0,3465.0,3420.0,3455.0,6445200
2023-02-22,3450.0,3500.0,3440.0,3500.0,8293800
2023-02-24,3545.0,3630.0,3535.0,3620.0,15653900
2023-02-27,3620.0,3650.0,3585.0,3635.0,8164100
2023-02-28,3650.0,3700.0,3545.0,3560.0,14778000
2023-03-01,3540.0,3545.0,3385.0,3505.0,15305000
2023-03-02,3555.0,3560.0,3485.0,3540.0,7487900
2023-03-03,3570.0,3580.0,3525.0,3555.0,6006000
2023-03-06,3580.0,3620.0,3555.0,3605.0,7533700
2023-03-07,3600.0,3600.0,3535.0,3580.0,7436000
2023-03-08,3560.0,3585.0,3530.0,3575.0,8023000
2023-03-09,3580.0,3640.0,3580.0,3640.0,8395200
2023-03-10,3595.0,3665.0,3475.0,3520.0,20735600
2023-03-13,3480.0,3620.0,3470.0,3590.0,13655000
2023-03-14,3560.0,3570.0,3525.0,3540.0,8635000
2023-03-15,3570.0,3615.0,3550.0,3595.0,7550400
2023-03-16,3550.0,3595.0,3520.0,3550.0,10070800
2023-03-17,3545.0,3565.0,3460.0,3530.0,11801300
2023-03-20,3485.0,3495.0,3385.0,3400.0,10828300
2023-03-22,3450.0,3535.0,3445.0,3485.0,7282600
2023-03-23,3450.0,3495.0,3430.0,3485.0,5255200
2023-03-24,3490.0,3525.0,3485.0,3505.0,5494500
2023-03-27,3550.0,3565.0,3485.0,3550.0,7783500
2023-03-28,3550.0,3560.0,3515.0,3560.0,7888600
2023-03-29,3550.0,3570.0,3520.0,3540.0,16776700
2023-03-30,3250.0,3480.0,3245.0,3460.0,25809700
2023-03-31,3440.0,3455.0,3265.0,3310.0,19617400
2023-04-03,3210.0,3320.0,3185.0,3270.0,13785900
2023-04-04,3270.0,3355.0,3260.0,3345.0,10657300
2023-04-05,3320.0,3430.0,3315.0,3385.0,14542400
2023-04-06,3375.0,3375.0,3305.0,3310.0,7182600
2023-04-07,3335.0,3375.0,3325.0,3365.0,6284500
2023-04-10,3425.0,3470.0,3410.0,3450.0,9699400
2023-04-11,3470.0,3500.0,3455.0,3470.0,7635700
2023-04-12,3500.0,3540.0,3490.0,3540.0,10235200
2023-04-13,3550.0,3580.0,3510.0,3525.0,8983200
2023-04-14,3545.0,3545.0,3480.0,3500.0,5841500
2023-04-17,3565.0,3580.0,3545.0,3565.0,11342600
2023-04-18,3575.0,3580.0,3530.0,3560.0,5894100
2023-04-19,3575.0,3590.0,3525.0,3530.0,6596200
2023-04-20,3505.0,3520.0,3475.0,3495.0,5521000
2023-04-21,3485.0,3510.0,3465.0,3495.0,4836200
2023-04-24,3470.0,3470.0,3385.0,3385.0,8732200
2023-04-25,3425.0,3440.0,3360.0,3365.0,5831700
2023-04-26,3335.0,3360.0,3320.0,3350.0,5920800
2023-04-27,3340.0,3350.0,3305.0,3330.0,5772100
2023-04-28,3360.0,3385.0,3260.0,3360.0,16163000
2023-05-01,3240.0,3265.0,3195.0,3250.0,14568100
2023-05-02,3245.0,3280.0,3175.0,3175.0,11244600
2023-05-08,3155.0,3215.0,3140.0,3200.0,8082200
2023-05-09,3235.0,3260.0,3195.0,3245.0,13633000
2023-05-10,3250.0,3280.0,3225.0,3245.0,7621900
2023-05-11,3230.0,3250.0,3190.0,3205.0,4935000
2023-05-12,3205.0,3210.0,3175.0,3190.0,4749300
2023-05-15,3190.0,3200.0,3170.0,3180.0,4505700
2023-05-16,3170.0,3180.0,3080.0,3100.0,8039900
2023-05-17,3090.0,3100.0,3050.0,3080.0,6582500
2023-05-18,3110.0,3150.0,3100.0,3145.0,6628700
2023-05-19,3140.0,3145.0,3120.0,3135.0,3965400
2023-05-22,3135.0,3170.0,3115.0,3170.0,5395200
2023-05-23,3200.0,3220.0,3165.0,3200.0,6453100
2023-05-24,3215.0,3250.0,3200.0,3210.0,5723300
2023-05-25,3195.0,3195.0,3155.0,3170.0,5473900
2023-05-26,3180.0,3200.0,3135.0,3140.0,3870600
2023-05-29,3175.0,3235.0,3170.0,3220.0,7387200
2023-05-30,3225.0,3240.0,3190.0,3200.0,3602200
2023-05-31,3185.0,3195.0,3160.0,3175.0,5834000
2023-06-01,3160.0,3185.0,3150.0,3165.0,4685600
2023-06-02,3190.0,3190.0,3145.0,3150.0,4373600
2023-06-05,3200.0,3256.0,3199.0,3255.0,8406000
2023-06-06,3229.0,3238.0,3197.0,3237.0,4661000
2023-06-07,3259.0,3274.0,3215.0,3217.0,5552700
2023-06-08,3247.0,3297.0,3235.0,3285.0,5649100
2023-06-09,3282.0,3291.0,3257.0,3278.0,5027500
2023-06-12,3228.0,3230.0,3175.0,3212.0,6923400
2023-06-13,3208.0,3209.0,3180.0,3199.0,4587100
2023-06-14,3223.0,3243.0,3212.0,3235.0,4680500
2023-06-15,3239.0,3332.0,3230.0,3316.0,7638000
2023-06-16,3290.0,3304.0,3255.0,3269.0,7125400
2023-06-19,3250.0,3257.0,3215.0,3239.0,3896800
2023-06-20,3258.0,3284.0,3246.0,3257.0,3945800
2023-06-21,3247.0,3294.0,3233.0,3286.0,3430700
2023-06-22,3300.0,3332.0,3300.0,3319.0,3878800
2023-06-23,3330.0,3348.0,3291.0,3319.0,4203900
2023-06-26,3350.0,3420.0,3349.0,3405.0,8409600
2023-06-27,3436.0,3510.0,3435.0,3510.0,12375400
2023-06-28,3515.0,3528.0,3464.0,3486.0,7962900
2023-06-29,3499.0,3517.0,3411.0,3430.0,5301500
2023-06-30,3452.0,3492.0,3438.0,3456.0,5572200
2023-07-03,3479.0,3537.0,3474.0,3526.0,7382600
2023-07-04,3535.0,3556.0,3517.0,3544.0,5455900
2023-07-05,3575.0,3690.0,3575.0,3671.0,15901500
2023-07-06,3668.0,3690.0,3638.0,3653.0,7833200
2023-07-07,3671.0,3695.0,3632.0,3678.0,7121800
2023-07-10,3693.0,3700.0,3575.0,3581.0,5949500
2023-07-11,3580.0,3596.0,3521.0,3528.0,5312300
2023-07-12,3535.0,3566.0,3512.0,3536.0,3842200
2023-07-13,3515.0,3544.0,3481.0,3537.0,3250400
2023-07-14,3572.0,3629.0,3568.0,3576.0,5148400
2023-07-18,3551.0,3625.0,3533.0,3622.0,4716500
2023-07-19,3661.0,3700.0,3657.0,3700.0,7366800
2023-07-20,3730.0,3754.0,3673.0,3728.0,6962800
2023-07-21,3751.0,3768.0,3705.0,3713.0,4546200
2023-07-24,3705.0,3713.0,3661.0,3713.0,4388600
2023-07-25,3742.0,3752.0,3716.0,3730.0,3714900
2023-07-26,3730.0,3735.0,3666.0,3710.0,4069800
2023-07-27,3750.0,3776.0,3728.0,3742.0,4388800
2023-07-28,3749.0,3767.0,3708.0,3748.0,5468400
2023-07-31,3775.0,3820.0,3650.0,3675.0,16620600
2023-08-01,3725.0,3820.0,3707.0,3816.0,11078000
2023-08-02,3799.0,3829.0,3778.0,3790.0,5102300
2023-08-03,3791.0,3918.0,3784.0,3855.0,11420700
2023-08-04,3887.0,4003.0,3884.0,3999.0,11689800
2023-08-07,3972.0,4014.0,3932.0,3975.0,6535100
2023-08-08,4000.0,4046.0,3994.0,4040.0,5885200
2023-08-09,4050.0,4087.0,3987.0,4000.0,5312600
2023-08-10,4023.0,4038.0,3983.0,4027.0,4264200
2023-08-14,4053.0,4110.0,4005.0,4015.0,6141200
2023-08-15,4035.0,4074.0,4016.0,4058.0,3382500
2023-08-16,4065.0,4104.0,3975.0,3975.0,6610900
2023-08-17,3976.0,3998.0,3875.0,3950.0,5304700
2023-08-18,3927.0,3992.0,3924.0,3965.0,4251300
2023-08-21,3974.0,4035.0,3956.0,3978.0,4413300
2023-08-22,3970.0,3970.0,3927.0,3964.0,3643500
2023-08-23,3967.0,3987.0,3935.0,3976.0,2385800
2023-08-24,3990.0,4007.0,3941.0,3992.0,4141400
2023-08-25,4005.0,4060.0,3996.0,3999.0,4228400
2023-08-28,4020.0,4064.0,4012.0,4035.0,3539500
2023-08-29,4050.0,4072.0,4030.0,4065.0,3879700
2023-08-30,4078.0,4113.0,4033.0,4045.0,5368200
2023-08-31,4025.0,4050.0,4017.0,4036.0,3761800
2023-09-01,4020.0,4128.0,4006.0,4124.0,6904300
2023-09-04,4160.0,4260.0,4160.0,4258.0,8381900
2023-09-05,4300.0,4320.0,4221.0,4292.0,7895000
2023-09-06,4282.0,4328.0,4184.0,4259.0,11865600
2023-09-07,4269.0,4302.0,4215.0,4221.0,7278200
2023-09-08,4200.0,4237.0,4190.0,4204.0,3873400
2023-09-11,4211.0,4224.0,4162.0,4170.0,4438700
2023-09-12,4209.0,4241.0,4178.0,4210.0,3879100
2023-09-13,4235.0,4280.0,4218.0,4276.0,4743400
2023-09-14,4306.0,4351.0,4247.0,4351.0,7856300
2023-09-15,4360.0,4434.0,4345.0,4380.0,10176000
2023-09-19,4405.0,4535.0,4397.0,4515.0,11121300
2023-09-20,4575.0,4655.0,4545.0,4559.0,10610800
2023-09-21,4601.0,4655.0,4561.0,4601.0,7555100
2023-09-22,4585.0,4585.0,4466.0,4511.0,8531500
2023-09-25,4538.0,4540.0,4334.0,4423.0,8032600
2023-09-26,4480.0,4529.0,4445.0,4515.0,7539800
2023-09-27,4461.0,4577.0,4425.0,4446.0,11407000
2023-09-28,4266.0,4437.0,4266.0,4340.0,10059700
2023-09-29,4294.0,4313.0,4085.0,4110.0,12286100
2023-10-02,4121.0,4216.0,4110.0,4111.0,7017300
2023-10-03,4069.0,4094.0,4001.0,4065.0,6052600
2023-10-04,4000.0,4075.0,3871.0,3879.0,9902500
2023-10-05,3913.0,3976.0,3867.0,3970.0,6544800
2023-10-06,3975.0,4039.0,3933.0,4016.0,6234300
2023-10-10,4150.0,4278.0,4140.0,4258.0,9344200
2023-10-11,4242.0,4245.0,4137.0,4139.0,6881700
2023-10-12,4145.0,4213.0,4091.0,4136.0,6671900
2023-10-13,4142.0,4200.0,4110.0,4138.0,4639400
2023-10-16,4130.0,4180.0,4049.0,4081.0,4593500
2023-10-17,4139.0,4153.0,4088.0,4105.0,3731700
2023-10-18,4123.0,4157.0,4039.0,4114.0,4209900
2023-10-19,4072.0,4105.0,4042.0,4067.0,3926000
2023-10-20,4031.0,4105.0,3978.0,4088.0,4744700
2023-10-23,4057.0,4124.0,4025.0,4026.0,4066100
2023-10-24,4023.0,4023.0,3887.0,3972.0,7499300
2023-10-25,4013.0,4059.0,3983.0,3991.0,4221700
2023-10-26,3951.0,4010.0,3943.0,3969.0,3775800
2023-10-27,3978.0,4092.0,3975.0,4090.0,4356900
2023-10-30,4041.0,4130.0,4022.0,4122.0,13010900
2023-10-31,4136.0,4166.0,3876.0,3883.0,13516800
2023-11-01,3900.0,3955.0,3865.0,3954.0,10319900
2023-11-02,3982.0,3986.0,3897.0,3913.0,6408100
2023-11-06,3796.0,3823.0,3723.0,3809.0,14074200
2023-11-07,3783.0,3862.0,3776.0,3819.0,6260500
2023-11-08,3818.0,3856.0,3669.0,3710.0,10418800
2023-11-09,3720.0,3787.0,3694.0,3775.0,4903200
2023-11-10,3776.0,3873.0,3753.0,3864.0,5495800
2023-11-13,3855.0,3855.0,3777.0,3809.0,4436200
2023-11-14,3825.0,3858.0,3796.0,3820.0,4197800
2023-11-15,3859.0,3883.0,3810.0,3826.0,4372300
2023-11-16,3800.0,3832.0,3779.0,3831.0,3234200
2023-11-17,3818.0,3881.0,3797.0,3881.0,3763700
2023-11-20,3883.0,3918.0,3870.0,3883.0,3245900
2023-11-21,3875.0,3961.0,3864.0,3941.0,4360200
2023-11-22,3944.0,4021.0,3912.0,4019.0,5320700
2023-11-24,4045.0,4079.0,4011.0,4077.0,4518100
2023-11-27,4100.0,4185.0,4100.0,4158.0,6035700
2023-11-28,4158.0,4159.0,4077.0,4122.0,4187800
2023-11-29,4092.0,4094.0,4005.0,4007.0,4349500
2023-11-30,3996.0,4063.0,3945.0,4061.0,5707800
2023-12-01,4078.0,4100.0,4031.0,4085.0,3925100
2023-12-04,4099.0,4151.0,4082.0,4146.0,4788500
2023-12-05,4141.0,4171.0,4121.0,4150.0,4514100
2023-12-06,4110.0,4192.0,4097.0,4157.0,4031600
2023-12-07,4134.0,4134.0,4038.0,4043.0,3980000
2023-12-08,4004.0,4029.0,3949.0,3970.0,4370800
2023-12-11,4024.0,4056.0,4010.0,4051.0,2625400
2023-12-12,4094.0,4104.0,4048.0,4050.0,2512900
2023-12-13,4051.0,4069.0,3988.0,4003.0,2650800
2023-12-14,4004.0,4024.0,3900.0,3919.0,3530500
2023-12-15,3969.0,4196.0,3967.0,4196.0,10802400
2023-12-18,4336.0,4430.0,4277.0,4393.0,15978400
2023-12-19,4333.0,4417.0,4310.0,4396.0,6836400
2023-12-20,4337.0,4513.0,4314.0,4493.0,9390400
2023-12-21,4490.0,4604.0,4444.0,4604.0,9748100
2023-12-22,4611.0,4712.0,4572.0,4712.0,10716900
2023-12-25,4751.0,4768.0,4389.0,4447.0,10747700
2023-12-26,4517.0,4550.0,4417.0,4515.0,6378400
2023-12-27,4549.0,4716.0,4536.0,4697.0,8419300
2023-12-28,4571.0,4592.0,4471.0,4544.0,5766000
2023-12-29,4521.0,4566.0,4483.0,4517.0,4440800
2024-01-04,4797.0,4926.0,4747.0,4872.0,13546500
2024-01-05,4885.0,4942.0,4801.0,4908.0,8203800
2024-01-09,4788.0,4891.0,4773.0,4802.0,6416800
2024-01-10,4784.0,4815.0,4755.0,4780.0,5132100
2024-01-11,4800.0,4836.0,4767.0,4790.0,4317400
2024-01-12,4830.0,4882.0,4802.0,4844.0,5686600
2024-01-15,4856.0,5035.0,4856.0,5031.0,3675100
2024-01-16,5112.0,5231.0,5087.0,5150.0,10739000
2024-01-17,5188.0,5422.0,5165.0,5166.0,14057400
2024-01-18,5195.0,5282.0,5137.0,5157.0,7923900
2024-01-19,5250.0,5251.0,5056.0,5157.0,7115200
2024-01-22,5069.0,5200.0,4993.0,5200.0,6433000
2024-01-23,5188.0,5266.0,5152.0,5173.0,6300600
2024-01-24,5157.0,5195.0,5115.0,5128.0,4715100
2024-01-25,5180.0,5262.0,5158.0,5232.0,6426300
2024-01-26,5277.0,5305.0,5106.0,5113.0,7456000
2024-01-29,5140.0,5229.0,5113.0,5225.0,4950800
2024-01-30,5229.0,5374.0,5188.0,5328.0,8879800
2024-01-31,5310.0,5339.0,5131.0,5310.0,14640700
2024-02-01,5317.0,5395.0,5274.0,5317.0,6756000
2024-02-02,5200.0,5259.0,5102.0,5208.0,9009900
2024-02-05,5252.0,5267.0,5097.0,5133.0,7273700
2024-02-06,5167.0,5195.0,5118.0,5118.0,4237500
2024-02-07,5122.0,5295.0,5118.0,5285.0,6827000
2024-02-08,5282.0,5305.0,5208.0,5222.0,4132600
2024-02-09,5000.0,5048.0,4948.0,5000.0,8302000
2024-02-13,4979.0,5105.0,4952.0,5099.0,5018900
2024-02-14,5100.0,5239.0,5088.0,5237.0,4860500
2024-02-15,5220.0,5265.0,5152.0,5215.0,4471700
2024-02-16,5230.0,5387.0,5202.0,5287.0,7542000
2024-02-19,5301.0,5310.0,5205.0,5262.0,3968900
2024-02-20,5270.0,5382.0,5256.0,5324.0,6751300
2024-02-21,5290.0,5511.0,5279.0,5351.0,9106300
2024-02-22,5375.0,5467.0,5325.0,5378.0,6352300
2024-02-26,5345.0,5377.0,5257.0,5273.0,5961100
2024-02-27,5254.0,5282.0,5154.0,5165.0,6035400
2024-02-28,5139.0,5182.0,5063.0,5090.0,6119800
2024-02-29,5105.0,5186.0,5100.0,5132.0,6154900
2024-03-01,5100.0,5187.0,5085.0,5175.0,5744100
2024-03-04,5176.0,5182.0,5070.0,5082.0,6299300
2024-03-05,5082.0,5114.0,5000.0,5029.0,5347700
2024-03-06,5016.0,5051.0,4983.0,4993.0,4865400
2024-03-07,5003.0,5006.0,4891.0,4921.0,5940100
2024-03-08,4912.0,4956.0,4855.0,4913.0,4301100
2024-03-11,4867.0,4867.0,4747.0,4789.0,4959700
2024-03-12,4757.0,4800.0,4717.0,4775.0,4386300
2024-03-13,4810.0,4825.0,4645.0,4672.0,5564000
2024-03-14,4701.0,4755.0,4665.0,4747.0,4462000
2024-03-15,4760.0,4763.0,4670.0,4735.0,13161200
2024-03-18,4859.0,4889.0,4786.0,4819.0,4193200
2024-03-19,4808.0,4867.0,4668.0,4772.0,6401200
2024-03-21,4709.0,4735.0,4631.0,4662.0,8692300
2024-03-22,4686.0,4753.0,4670.0,4715.0,6041000
2024-03-25,4756.0,4785.0,4655.0,4715.0,5798400
2024-03-26,4702.0,4744.0,4686.0,4726.0,4539500
2024-03-27,4810.0,4854.0,4755.0,4758.0,6481700
2024-03-28,4683.0,4722.0,4550.0,4612.0,7463400
2024-03-29,4623.0,4633.0,4526.0,4610.0,4096700
2024-04-01,4595.0,4617.0,4494.0,4520.0,4814100
2024-04-02,4535.0,4579.0,4425.0,4429.0,6059800
2024-04-03,4416.0,4537.0,4403.0,4502.0,4859200
2024-04-04,4569.0,4585.0,4503.0,4541.0,3267300
2024-04-05,4550.0,4570.0,4510.0,4525.0,2906500
2024-04-08,4552.0,4575.0,4509.0,4540.0,2857100
2024-04-09,4540.0,4563.0,4496.0,4516.0,2519700
2024-04-10,4510.0,4574.0,4498.0,4563.0,3068600
2024-04-11,4556.0,4610.0,4526.0,4582.0,2573000
2024-04-12,4604.0,4604.0,4513.0,4550.0,2688900
2024-04-15,4552.0,4668.0,4550.0,4664.0,5068900
2024-04-16,4690.0,4697.0,4450.0,4450.0,6735700
2024-04-17,4506.0,4566.0,4493.0,4506.0,4105300
2024-04-18,4509.0,4567.0,4496.0,4538.0,2810600
2024-04-19,4529.0,4685.0,4491.0,4590.0,8209700
2024-04-22,4590.0,4742.0,4564.0,4729.0,5245900
2024-04-23,4720.0,4752.0,4671.0,4687.0,3639800
2024-04-24,4697.0,4726.0,4658.0,4706.0,2974400
2024-04-25,4706.0,4713.0,4611.0,4615.0,2638200
2024-04-26,4615.0,4713.0,4591.0,4713.0,3188900
2024-04-30,4783.0,4990.0,4738.0,4990.0,15775300
2024-05-01,4968.0,4970.0,4729.0,4729.0,8444200
2024-05-02,4714.0,4733.0,4631.0,4660.0,4953100
2024-05-07,4719.0,4782.0,4687.0,4764.0,4978400
2024-05-08,4775.0,4789.0,4670.0,4759.0,5727900
2024-05-09,4791.0,4840.0,4663.0,4816.0,5271200
2024-05-10,4900.0,4999.0,4889.0,4969.0,7603500
2024-05-13,4955.0,5029.0,4923.0,5019.0,5487700
2024-05-14,5031.0,5120.0,5030.0,5110.0,6076400
2024-05-15,5100.0,5101.0,5040.0,5077.0,4010300
2024-05-16,5060.0,5073.0,4973.0,5031.0,3269700
2024-05-17,5059.0,5095.0,5013.0,5064.0,3202800
2024-05-20,5076.0,5133.0,5065.0,5121.0,3989600
2024-05-21,5130.0,5182.0,5116.0,5148.0,3411400
2024-05-22,5116.0,5147.0,5046.0,5047.0,2925800
2024-05-23,5041.0,5095.0,5029.0,5074.0,1598000
2024-05-24,5048.0,5108.0,5040.0,5078.0,2886000
2024-05-27,5159.0,5290.0,5142.0,5184.0,6282500
2024-05-28,5207.0,5287.0,5171.0,5258.0,4224900
2024-05-29,5250.0,5250.0,5156.0,5156.0,3472900
2024-05-30,5119.0,5169.0,5061.0,5105.0,3076700
2024-05-31,5110.0,5195.0,5085.0,5184.0,5397800
2024-06-03,5130.0,5247.0,4987.0,5243.0,5787300
2024-06-04,5212.0,5259.0,5104.0,5116.0,4238200
2024-06-05,5076.0,5083.0,4948.0,5017.0,4142700
2024-06-06,5057.0,5165.0,5046.0,5158.0,3196600
2024-06-07,5180.0,5258.0,5175.0,5209.0,3174200
2024-06-10,5181.0,5193.0,5097.0,5116.0,2716200
2024-06-11,5134.0,5238.0,4920.0,4927.0,7666000
2024-06-12,4857.0,4897.0,4825.0,4860.0,4838400
2024-06-13,4860.0,4871.0,4749.0,4762.0,4876500
2024-06-14,4797.0,4979.0,4771.0,4964.0,5141600
2024-06-17,4920.0,4962.0,4850.0,4850.0,2743300
2024-06-18,4913.0,4922.0,4823.0,4890.0,2548800
2024-06-19,4891.0,4897.0,4771.0,4778.0,2876200
2024-06-20,4772.0,4773.0,4680.0,4718.0,3906800
2024-06-21,4800.0,4852.0,4762.0,4778.0,5951500
2024-06-24,4817.0,4862.0,4803.0,4807.0,2646500
2024-06-25,4840.0,4886.0,4811.0,4868.0,2161200
2024-06-26,4860.0,4867.0,4796.0,4812.0,3130400
2024-06-27,4829.0,4847.0,4768.0,4769.0,2959800
2024-06-28,4804.0,4830.0,4786.0,4818.0,3261000
2024-07-01,4877.0,4982.0,4875.0,4963.0,5619500
2024-07-02,4920.0,5088.0,4908.0,5079.0,6156500
2024-07-03,5079.0,5200.0,5015.0,5179.0,6497600
2024-07-04,5176.0,5360.0,5160.0,5300.0,9396500
2024-07-05,5300.0,5324.0,5090.0,5111.0,5429600
2024-07-08,5110.0,5111.0,4960.0,4990.0,6171100
2024-07-09,4961.0,4996.0,4905.0,4937.0,4576400
2024-07-10,4940.0,5004.0,4927.0,4943.0,3215200
2024-07-11,4980.0,5009.0,4933.0,4937.0,2980700
2024-07-12,4869.0,4923.0,4823.0,4843.0,4453000
2024-07-16,4877.0,4911.0,4815.0,4822.0,3065700
2024-07-17,4863.0,4868.0,4805.0,4815.0,2757500
2024-07-18,4801.0,4839.0,4742.0,4775.0,3965500
2024-07-19,4788.0,4788.0,4670.0,4690.0,4074700
2024-07-22,4651.0,4666.0,4565.0,4569.0,4473400
2024-07-23,4849.0,4859.0,4752.0,4810.0,8640500
2024-07-24,4780.0,4818.0,4640.0,4640.0,5848400
2024-07-25,4574.0,4612.0,4542.0,4578.0,5010800
2024-07-26,4576.0,4626.0,4500.0,4545.0,5208500
2024-07-29,4542.0,4579.0,4488.0,4567.0,4177300
2024-07-30,4577.0,4597.0,4534.0,4573.0,3783000
2024-07-31,4553.0,4816.0,4493.0,4812.0,14110500
2024-08-01,4774.0,4863.0,4750.0,4816.0,10261400
2024-08-02,4612.0,4749.0,4512.0,4692.0,11812900
2024-08-05,4420.0,4457.0,3992.0,4005.0,15618800
2024-08-06,4491.0,4699.0,4451.0,4610.0,10439400
2024-08-07,4540.0,4695.0,4462.0,4586.0,9911400
2024-08-08,4535.0,4690.0,4507.0,4586.0,6278000
2024-08-09,4650.0,4670.0,4502.0,4561.0,6439700
2024-08-13,4657.0,4755.0,4621.0,4753.0,5823400
2024-08-14,4767.0,4793.0,4732.0,4793.0,4527900
2024-08-15,4809.0,4937.0,4803.0,4936.0,5870100
2024-08-16,4986.0,5048.0,4926.0,4977.0,6543900
2024-08-19,4989.0,5111.0,4971.0,4973.0,8276100
2024-08-20,5000.0,5015.0,4927.0,4986.0,5183400
2024-08-21,4940.0,5033.0,4924.0,5033.0,4663900
2024-08-22,5033.0,5053.0,5002.0,5049.0,3398000
2024-08-23,5064.0,5130.0,5031.0,5045.0,4798100
2024-08-26,5001.0,5020.0,4975.0,4986.0,3797200
2024-08-27,5016.0,5117.0,4998.0,5108.0,6758400
2024-08-28,5100.0,5129.0,5046.0,5070.0,4001500
2024-08-29,5052.0,5143.0,5045.0,5125.0,4183900
2024-08-30,5150.0,5242.0,5121.0,5237.0,6842600
2024-09-02,5282.0,5295.0,5180.0,5200.0,5120700
2024-09-03,5232.0,5232.0,5085.0,5095.0,5812400
2024-09-04,4952.0,5083.0,4950.0,5008.0,6106500
2024-09-05,4988.0,5048.0,4901.0,4917.0,6060200
2024-09-06,4950.0,4950.0,4836.0,4889.0,4851200
2024-09-09,4749.0,4799.0,4712.0,4791.0,6561000
2024-09-10,4833.0,4841.0,4685.0,4688.0,6504500
2024-09-11,4650.0,4669.0,4511.0,4545.0,6570000
2024-09-12,4685.0,4757.0,4622.0,4683.0,5437100
2024-09-13,4680.0,4783.0,4658.0,4753.0,5048900
2024-09-17,4823.0,4893.0,4743.0,4802.0,6182400
2024-09-18,4865.0,4865.0,4788.0,4847.0,4743800
2024-09-19,4900.0,5035.0,4887.0,5028.0,7593700
2024-09-20,5062.0,5072.0,4994.0,5000.0,8640900
2024-09-24,5100.0,5140.0,5028.0,5098.0,7563300
2024-09-25,5095.0,5129.0,5060.0,5119.0,6979500
2024-09-26,5112.0,5130.0,5076.0,5122.0,11655500
2024-09-27,4978.0,5077.0,4952.0,5063.0,9900600
2024-09-30,4911.0,5005.0,4901.0,4926.0,5685800
2024-10-01,4995.0,5030.0,4950.0,4984.0,5217700
2024-10-02,5049.0,5133.0,5004.0,5024.0,7592400
2024-10-03,5111.0,5188.0,5086.0,5149.0,8616300
2024-10-04,4840.0,4842.0,4682.0,4820.0,20120600
2024-10-07,4890.0,4891.0,4794.0,4827.0,8473800
2024-10-08,4822.0,4835.0,4730.0,4735.0,5408600
2024-10-09,4734.0,4762.0,4715.0,4741.0,3130600
2024-10-10,4741.0,4810.0,4729.0,4774.0,4323600
2024-10-11,4840.0,4874.0,4790.0,4854.0,5606400
2024-10-15,4860.0,4898.0,4836.0,4850.0,3882600
2024-10-16,4843.0,4855.0,4823.0,4841.0,2502300
2024-10-17,4856.0,4958.0,4840.0,4956.0,4507300
2024-10-18,4950.0,5020.0,4919.0,4994.0,4406200
2024-10-21,5010.0,5094.0,4943.0,5055.0,6018200
2024-10-22,5064.0,5134.0,5004.0,5119.0,7951900
2024-10-23,5077.0,5118.0,5033.0,5065.0,3923900
2024-10-24,4997.0,5034.0,4932.0,5026.0,4934700
2024-10-25,5022.0,5058.0,4861.0,4868.0,5266600
2024-10-28,4880.0,5010.0,4878.0,4989.0,4388000
2024-10-29,5000.0,5068.0,5000.0,5034.0,3696300
2024-10-30,5039.0,5127.0,5003.0,5066.0,12056100
2024-10-31,5125.0,5360.0,5005.0,5223.0,22807200
2024-11-01,5220.0,5295.0,5153.0,5179.0,9533400
2024-11-05,5180.0,5293.0,5180.0,5238.0,7097700
2024-11-06,5300.0,5350.0,5082.0,5140.0,10237000
2024-11-07,5150.0,5289.0,5127.0,5284.0,7166600
2024-11-08,5289.0,5330.0,5219.0,5266.0,4762300
2024-11-11,5255.0,5311.0,5249.0,5288.0,2888900
2024-11-12,5296.0,5340.0,5246.0,5317.0,4487600
2024-11-13,5307.0,5410.0,5267.0,5352.0,5612200
2024-11-14,5378.0,5386.0,5237.0,5250.0,4821400
2024-11-15,5315.0,5390.0,5304.0,5366.0,4855700
2024-11-18,5364.0,5559.0,5346.0,5531.0,8680400
2024-11-19,5500.0,5532.0,5451.0,5529.0,4028000
2024-11-20,5487.0,5540.0,5429.0,5480.0,3784500
2024-11-21,5486.0,5516.0,5424.0,5439.0,2968400
2024-11-22,5439.0,5550.0,5409.0,5430.0,5248200
2024-11-25,5441.0,5450.0,5398.0,5430.0,3536100
2024-11-26,5425.0,5430.0,5307.0,5342.0,4914100
2024-11-27,5275.0,5290.0,5128.0,5170.0,5446500
2024-11-28,5140.0,5193.0,5115.0,5181.0,2985200
2024-11-29,5180.0,5225.0,5115.0,5129.0,3395800
2024-12-02,5130.0,5196.0,5130.0,5153.0,3393200
2024-12-03,5248.0,5370.0,5238.0,5286.0,5232600
2024-12-04,5278.0,5301.0,5178.0,5217.0,4041400
2024-12-05,5217.0,5226.0,5102.0,5124.0,5111500
2024-12-06,5136.0,5149.0,5083.0,5085.0,3847500
2024-12-09,5144.0,5195.0,5077.0,5132.0,3985900
2024-12-10,5182.0,5202.0,5143.0,5168.0,3136300
2024-12-11,5201.0,5239.0,5143.0,5175.0,2708600
2024-12-12,5199.0,5243.0,5162.0,5220.0,3774100
2024-12-13,5183.0,5266.0,5183.0,5266.0,3555200
2024-12-16,5276.0,5298.0,5210.0,5239.0,3596000
2024-12-17,5232.0,5260.0,5206.0,5221.0,2804400
2024-12-18,5244.0,5296.0,5208.0,5231.0,3343300
2024-12-19,5199.0,5299.0,5195.0,5280.0,4010200
2024-12-20,5324.0,5417.0,5206.0,5220.0,6166500
2024-12-23,5231.0,5242.0,5158.0,5208.0,2698000
2024-12-24,5232.0,5315.0,5216.0,5315.0,2664500
2024-12-25,5340.0,5358.0,5296.0,5343.0,2577100
2024-12-26,5347.0,5397.0,5344.0,5396.0,2807400
2024-12-27,5399.0,5433.0,5361.0,5405.0,2961900
2024-12-30,5426.0,5532.0,5426.0,5508.0,4392200
2025-01-06,5570.0,5655.0,5538.0,5643.0,5948400
2025-01-07,5643.0,5645.0,5465.0,5543.0,6204200
2025-01-08,5584.0,5699.0,5554.0,5676.0,5359500
2025-01-09,5675.0,5675.0,5380.0,5421.0,9461700
2025-01-10,5432.0,5447.0,5300.0,5309.0,5200700
2025-01-14,5365.0,5378.0,5240.0,5263.0,4913300
2025-01-15,5300.0,5317.0,5263.0,5291.0,2927300
2025-01-16,5276.0,5276.0,5111.0,5119.0,7014000
2025-01-17,5110.0,5152.0,5023.0,5053.0,5382400
2025-01-20,5058.0,5085.0,5011.0,5045.0,4434000
2025-01-21,5085.0,5129.0,5057.0,5081.0,4127800
2025-01-22,5090.0,5103.0,4989.0,5003.0,7355200
2025-01-23,5008.0,5072.0,4983.0,5042.0,4228000
2025-01-24,5078.0,5119.0,5057.0,5109.0,3813100
2025-01-27,5142.0,5168.0,5076.0,5131.0,4522600
2025-01-28,5131.0,5152.0,5107.0,5124.0,3662700
2025-01-29,5110.0,5146.0,5061.0,5119.0,3008000
2025-01-30,5143.0,5168.0,5123.0,5162.0,2884900
2025-01-31,5173.0,5341.0,5156.0,5288.0,13226200
2025-02-03,5258.0,5330.0,5160.0,5271.0,7663400
2025-02-04,5312.0,5354.0,5263.0,5277.0,6813100
2025-02-05,5302.0,5387.0,5270.0,5345.0,6493000
2025-02-06,5340.0,5390.0,5240.0,5285.0,6786700
2025-02-07,5300.0,5340.0,5260.0,5338.0,3686100
2025-02-10,5391.0,5449.0,5381.0,5417.0,5382100
2025-02-12,5570.0,5635.0,5490.0,5513.0,8404700
2025-02-13,5472.0,5530.0,5421.0,5530.0,4922800
2025-02-14,5537.0,5580.0,5494.0,5524.0,3725600
2025-02-17,5535.0,5542.0,5488.0,5510.0,2774100
2025-02-18,5488.0,5534.0,5460.0,5513.0,3701300
2025-02-19,5525.0,5629.0,5510.0,5540.0,5427400
2025-02-20,5532.0,5555.0,5478.0,5504.0,3219000
2025-02-21,5480.0,5509.0,5426.0,5426.0,4484800
2025-02-25,5450.0,5580.0,5398.0,5502.0,6045400
2025-02-26,5507.0,5536.0,5458.0,5536.0,3755100
2025-02-27,5540.0,5600.0,5506.0,5600.0,3832800
2025-02-28,5565.0,5572.0,5468.0,5542.0,6142300
2025-03-03,5555.0,5602.0,5530.0,5600.0,4264600
2025-03-04,5580.0,5602.0,5492.0,5595.0,6022500
2025-03-05,5590.0,5673.0,5590.0,5619.0,5536600
2025-03-06,5619.0,5620.0,5555.0,5606.0,4291900
2025-03-07,5560.0,5605.0,5528.0,5598.0,4170900
2025-03-10,5614.0,5633.0,5536.0,5563.0,4274400
2025-03-11,5545.0,5559.0,5457.0,5524.0,5876300
2025-03-12,5456.0,5469.0,5396.0,5440.0,5649500
2025-03-13,5476.0,5524.0,5416.0,5521.0,4021000
2025-03-14,5481.0,5549.0,5451.0,5489.0,3881700
2025-03-17,5537.0,5537.0,5470.0,5477.0,4575400
2025-03-18,5490.0,5512.0,5466.0,5504.0,4427900
2025-03-19,5516.0,5543.0,5503.0,5510.0,3898100
2025-03-21,5520.0,5520.0,5467.0,5483.0,7749100
2025-03-24,5502.0,5514.0,5475.0,5488.0,4165100
2025-03-25,5520.0,5524.0,5475.0,5492.0,4732600
2025-03-26,5515.0,5550.0,5504.0,5550.0,6475500
2025-03-27,5548.0,5548.0,5471.0,5504.0,8697700
2025-03-28,5281.0,5400.0,5270.0,5280.0,7130500
2025-03-31,5131.0,5195.0,5120.0,5188.0,5632800
2025-04-01,5270.0,5278.0,5195.0,5219.0,3716600
2025-04-02,5188.0,5203.0,5121.0,5203.0,3444200
2025-04-03,5021.0,5085.0,4846.0,4914.0,10872300
2025-04-04,4774.0,4861.0,4642.0,4825.0,11232600
2025-04-07,4405.0,4700.0,4336.0,4527.0,15477400
2025-04-08,4700.0,4875.0,4700.0,4851.0,7233400
2025-04-09,4783.0,4790.0,4580.0,4668.0,10840600
2025-04-10,5097.0,5097.0,4903.0,4991.0,7843400
2025-04-11,4855.0,5030.0,4820.0,5007.0,6439500
2025-04-14,5048.0,5058.0,4966.0,4968.0,4128200
2025-04-15,5030.0,5057.0,4958.0,4958.0,3781100
2025-04-16,4948.0,4950.0,4772.0,4778.0,5026800
2025-04-17,4793.0,4876.0,4775.0,4852.0,3428300
2025-04-18,4907.0,5025.0,4890.0,4988.0,5481400
2025-04-21,4930.0,4971.0,4837.0,4908.0,4409500
2025-04-22,4850.0,4955.0,4846.0,4908.0,3992900
2025-04-23,5000.0,5011.0,4960.0,5004.0,3811300
2025-04-24,5060.0,5131.0,5050.0,5088.0,4876700
2025-04-25,5146.0,5199.0,5126.0,5195.0,4411700
2025-04-28,5242.0,5324.0,5221.0,5272.0,5558600
2025-04-30,5334.0,5361.0,4422.0,4739.0,41975100
2025-05-01,4689.0,4722.0,4505.0,4563.0,17767100
2025-05-02,4578.0,4687.0,4562.0,4599.0,12543000
2025-05-07,4608.0,4710.0,4574.0,4675.0,8856900
2025-05-08,4620.0,4627.0,4504.0,4588.0,11889200
2025-05-09,4638.0,4667.0,4581.0,4632.0,5326800
2025-05-12,4654.0,4733.0,4642.0,4733.0,5569900
2025-05-13,4975.0,5057.0,4950.0,5045.0,11683400
2025-05-14,5035.0,5075.0,4954.0,5003.0,5369900
2025-05-15,5103.0,5210.0,5082.0,5154.0,7593600
2025-05-16,5161.0,5239.0,5161.0,5213.0,4896700
2025-05-19,5200.0,5205.0,5056.0,5056.0,3748600
2025-05-20,5055.0,5080.0,4976.0,4988.0,3361300
2025-05-21,4970.0,5030.0,4963.0,5007.0,2677600
2025-05-22,4980.0,5025.0,4955.0,5025.0,2312400
2025-05-23,5060.0,5097.0,5021.0,5052.0,3179900
2025-05-26,5051.0,5115.0,5036.0,5109.0,2202400
2025-05-27,5118.0,5154.0,5092.0,5120.0,1987200
2025-05-28,5139.0,5179.0,5121.0,5132.0,2522800
2025-05-29,5149.0,5196.0,5113.0,5118.0,3217200
2025-05-30,5090.0,5150.0,5076.0,5125.0,3479000
2025-06-02,5121.0,5145.0,5038.0,5056.0,2442200
2025-06-03,5054.0,5089.0,5023.0,5077.0,2147700
2025-06-04,5066.0,5098.0,5046.0,5046.0,1677000
2025-06-05,5018.0,5026.0,4840.0,4862.0,4893500
2025-06-06,4900.0,4914.0,4854.0,4901.0,2472600
2025-06-09,4930.0,4960.0,4850.0,4850.0,2324700
2025-06-10,4874.0,4942.0,4851.0,4898.0,2761800
2025-06-11,4870.0,4896.0,4846.0,4896.0,2126200
2025-06-12,4896.0,4911.0,4866.0,4874.0,1960100
2025-06-13,4888.0,5026.0,4838.0,4922.0,5662500
2025-06-16,5000.0,5055.0,4959.0,4993.0,3217500
2025-06-17,4953.0,4957.0,4892.0,4923.0,2311400
2025-06-18,4836.0,4860.0,4808.0,4837.0,5844500
2025-06-19,4800.0,4807.0,4755.0,4793.0,3171300
2025-06-20,4807.0,4836.0,4795.0,4813.0,4317000
2025-06-23,4775.0,4835.0,4756.0,4798.0,2403600
2025-06-24,4771.0,4795.0,4702.0,4730.0,6126800
2025-06-25,4784.0,4789.0,4716.0,4762.0,2795700
2025-06-26,4763.0,4835.0,4750.0,4835.0,2899100
2025-06-27,4839.0,4859.0,4810.0,4836.0,5053700
2025-06-30,4887.0,4892.0,4820.0,4820.0,2774900
2025-07-01,4820.0,4822.0,4786.0,4803.0,1892600
2025-07-02,4781.0,4843.0,4781.0,4828.0,1976900
2025-07-03,4820.0,4888.0,4815.0,4874.0,2257200
2025-07-04,4861.0,4873.0,4774.0,4777.0,2224700
2025-07-07,4762.0,4768.0,4696.0,4706.0,2374400
2025-07-08,4700.0,4772.0,4700.0,4756.0,2302200
2025-07-09,4770.0,4815.0,4762.0,4779.0,2021700
2025-07-10,4758.0,4767.0,4696.0,4707.0,2605800
2025-07-11,4746.0,4802.0,4731.0,4796.0,2391100
2025-07-14,4794.0,4844.0,4784.0,4830.0,1595300
2025-07-15,4828.0,4828.0,4766.0,4766.0,1686700
2025-07-16,4766.0,4767.0,4709.0,4724.0,1937300
2025-07-17,4720.0,4768.0,4715.0,4768.0,1466500
2025-07-18,4762.0,4779.0,4734.0,4765.0,1211200
2025-07-22,4766.0,4782.0,4726.0,4766.0,1604000
2025-07-23,4846.0,4937.0,4815.0,4921.0,5030900
2025-07-24,4961.0,5003.0,4953.0,4975.0,3376800
2025-07-25,5034.0,5069.0,5007.0,5060.0,3756300
2025-07-28,5064.0,5075.0,5025.0,5062.0,2599600
2025-07-29,5028.0,5050.0,5011.0,5042.0,2010800
2025-07-30,5046.0,5114.0,5030.0,5105.0,2712000
2025-07-31,5120.0,5130.0,5068.0,5085.0,3116000
2025-08-01,5100.0,5131.0,4886.0,4921.0,10119800
2025-08-04,4856.0,4897.0,4827.0,4882.0,3791800
2025-08-05,4878.0,4880.0,4800.0,4800.0,4393600
2025-08-06,4830.0,4861.0,4820.0,4820.0,2648000
2025-08-07,4820.0,4837.0,4797.0,4816.0,2648100
2025-08-08,4813.0,4904.0,4812.0,4892.0,3203000
2025-08-12,4890.0,4923.0,4867.0,4897.0,2555700
2025-08-13,4898.0,4916.0,4878.0,4900.0,2505700
2025-08-14,4872.0,4908.0,4855.0,4900.0,1634100
2025-08-15,4897.0,4936.0,4876.0,4935.0,2300000
2025-08-18,4918.0,4924.0,4888.0,4888.0,1943900
2025-08-19,4900.0,4912.0,4881.0,4899.0,1625400
2025-08-20,4918.0,4928.0,4888.0,4906.0,1579500
2025-08-21,4893.0,4894.0,4847.0,4856.0,1911800
2025-08-22,4852.0,4870.0,4838.0,4852.0,1458800
2025-08-25,4840.0,4881.0,4831.0,4845.0,1716700
2025-08-26,4828.0,4832.0,4794.0,4802.0,2261900
2025-08-27,4802.0,4832.0,4794.0,4808.0,1743200
2025-08-28,4801.0,4820.0,4783.0,4814.0,1507600
2025-08-29,4800.0,4804.0,4747.0,4749.0,3532700
2025-09-01,4730.0,4773.0,4720.0,4728.0,2655300
2025-09-02,4740.0,4827.0,4737.0,4827.0,3164400
2025-09-03,4827.0,4840.0,4723.0,4729.0,3444100
2025-09-04,4720.0,4773.0,4702.0,4773.0,2371000
2025-09-05,4773.0,4824.0,4765.0,4813.0,2442100
2025-09-08,4833.0,4863.0,4815.0,4861.0,2726300
2025-09-09,4865.0,4883.0,4798.0,4821.0,2357900
2025-09-10,4800.0,4878.0,4792.0,4878.0,1932400
2025-09-11,4853.0,4864.0,4820.0,4847.0,2277000
2025-09-12,4858.0,4873.0,4826.0,4826.0,1835100
2025-09-16,4850.0,4868.0,4841.0,4843.0,1626700
2025-09-17,4842.0,4845.0,4798.0,4807.0,1990100
2025-09-18,4821.0,4835.0,4792.0,4797.0,1959300
2025-09-19,4770.0,4812.0,4751.0,4776.0,3940000
2025-09-22,4728.0,4730.0,4650.0,4670.0,7370200
2025-09-24,4720.0,4730.0,4680.0,4680.0,2709600
2025-09-25,4701.0,4718.0,4685.0,4704.0,2643300
2025-09-26,4685.0,4713.0,4668.0,4693.0,4329800
2025-09-29,4649.0,4650.0,4547.0,4550.0,5354700
2025-09-30,4535.0,4535.0,4450.0,4494.0,5564000
2025-10-01,4504.0,4525.0,4401.0,4401.0,4706800
2025-10-02,4405.0,4436.0,4392.0,4406.0,2556000
2025-10-03,4400.0,4429.0,4377.0,4394.0,2701400
2025-10-06,4464.0,4477.0,4422.0,4434.0,3177300
2025-10-07,4443.0,4474.0,4434.0,4454.0,2274400
2025-10-08,4488.0,4509.0,4435.0,4442.0,3262800
2025-10-09,4426.0,4429.0,4345.0,4362.0,5228600
2025-10-10,4340.0,4350.0,4307.0,4347.0,2989400
2025-10-14,4301.0,4436.0,4293.0,4378.0,4459900
2025-10-15,4399.0,4428.0,4368.0,4378.0,2318700
2025-10-16,4370.0,4392.0,4355.0,4362.0,2272000
2025-10-17,4346.0,4372.0,4320.0,4346.0,1909500
2025-10-20,4382.0,4415.0,4379.0,4411.0,2458300
2025-10-21,4416.0,4434.0,4380.0,4391.0,2468900
2025-10-22,4429.0,4462.0,4411.0,4430.0,2740400
2025-10-23,4425.0,4465.0,4412.0,4454.0,2715500
2025-10-24,4485.0,4497.0,4468.0,4492.0,2920800
2025-10-27,4520.0,4554.0,4511.0,4554.0,3301200
2025-10-28,4573.0,4590.0,4540.0,4547.0,3058400
2025-10-29,4535.0,4538.0,4487.0,4499.0,2492300
2025-10-30,4503.0,4577.0,4495.0,4569.0,3565300
2025-10-31,4570.0,4595.0,4548.0,4583.0,2486700
2025-11-04,4600.0,4606.0,4344.0,4357.0,9748100
2025-11-05,4328.0,4425.0,4322.0,4403.0,6165400
2025-11-06,4420.0,4458.0,4353.0,4396.0,4796200
2025-11-07,4422.0,4466.0,4422.0,4464.0,2760900
2025-11-10,4478.0,4490.0,4432.0,4443.0,2348000
2025-11-11,4432.0,4432.0,4367.0,4385.0,2508800
2025-11-12,4380.0,4474.0,4367.0,4474.0,2855800
2025-11-13,4461.0,4461.0,4427.0,4454.0,2622500
2025-11-14,4455.0,4490.0,4431.0,4490.0,2148700
2025-11-17,4477.0,4477.0,4410.0,4410.0,2120200
2025-11-18,4387.0,4397.0,4335.0,4356.0,3160600
2025-11-19,4377.0,4406.0,4356.0,4373.0,1745800
2025-11-20,4377.0,4414.0,4366.0,4410.0,1896200
2025-11-21,4390.0,4427.0,4390.0,4408.0,2546300
2025-11-25,4430.0,4444.0,4388.0,4412.0,2383100
2025-11-26,4418.0,4418.0,4377.0,4391.0,2703700
2025-11-27,4405.0,4427.0,4388.0,4389.0,2050800
2025-11-28,4397.0,4435.0,4392.0,4433.0,2533900
2025-12-01,4458.0,4462.0,4394.0,4421.0,2184500
2025-12-02,4427.0,4458.0,4405.0,4439.0,1848500
2025-12-03,4444.0,4450.0,4372.0,4380.0,2691400
2025-12-04,4382.0,4438.0,4367.0,4438.0,3120600
2025-12-05,4412.0,4423.0,4390.0,4405.0,2258800
2025-12-08,4410.0,4425.0,4388.0,4425.0,1922200
2025-12-09,4434.0,4463.0,4424.0,4462.0,2250500
2025-12-10,4455.0,4486.0,4440.0,4465.0,2038400
2025-12-11,4495.0,4522.0,4480.0,4496.0,2685900
2025-12-12,4541.0,4590.0,4538.0,4575.0,3887300
2025-12-15,4582.0,4604.0,4545.0,4580.0,2321600
2025-12-16,4571.0,4571.0,4480.0,4490.0,2890100
2025-12-17,4539.0,4547.0,4493.0,4527.0,2760600
2025-12-18,4535.0,4540.0,4483.0,4523.0,2602600
2025-12-19,4502.0,4542.0,4501.0,4503.0,3162700
2025-12-22,4503.0,4509.0,4475.0,4494.0,2650600
2025-12-23,4498.0,4558.0,4498.0,4558.0,3195700
2025-12-24,4545.0,4594.0,4537.0,4581.0,2279500
2025-12-25,4599.0,4602.0,4562.0,4570.0,1820100
2025-12-26,4585.0,4627.0,4584.0,4622.0,2907400
2025-12-29,4630.0,4696.0,4619.0,4696.0,2846200
2025-12-30,4700.0,4729.0,4692.0,4710.0,2873300
2026-01-05,4740.0,4757.0,4706.0,4736.0,3319100
2026-01-06,4754.0,4822.0,4754.0,4812.0,3688700
2026-01-07,4792.0,4865.0,4755.0,4848.0,3971100
2026-01-08,4863.0,4884.0,4834.0,4849.0,2945400
2026-01-09,4840.0,4898.0,4827.0,4895.0,3061500
2026-01-13,4940.0,4950.0,4874.0,4920.0,4036500
2026-01-14,4913.0,4979.0,4881.0,4979.0,4051300
2026-01-15,4942.0,4983.0,4882.0,4967.0,3298600
2026-01-16,4850.0,4859.0,4718.0,4718.0,9613400
2026-01-19,4735.0,4784.0,4686.0,4756.0,4109900
2026-01-20,4756.0,4779.0,4739.0,4772.0,3214800
2026-01-21,4762.0,4781.0,4730.0,4735.0,3356400
2026-01-22,4768.0,4794.0,4750.0,4750.0,2591700
2026-01-23,4756.0,4763.0,4699.0,4728.0,3055800
2026-01-26,4710.0,4711.0,4650.0,4687.0,3166900
2026-01-27,4700.0,4749.0,4676.0,4736.0,2731300
2026-01-28,4738.0,4804.0,4717.0,4785.0,3473200
2026-01-29,4790.0,4844.0,4758.0,4844.0,3488700
2026-01-30,4886.0,5024.0,4781.0,4839.0,10368400
2026-02-02,4979.0,5037.0,4900.0,4916.0,6259900
2026-02-03,4970.0,5010.0,4939.0,5000.0,4186200
2026-02-04,5014.0,5100.0,5010.0,5100.0,5601400
2026-02-05,5132.0,5148.0,4980.0,5011.0,5118300
2026-02-06,4994.0,5081.0,4961.0,5081.0,4560500
2026-02-09,5100.0,5107.0,5010.0,5026.0,4901100
2026-02-10,5015.0,5069.0,4995.0,5055.0,3614100
2026-02-12,5088.0,5211.0,5080.0,5211.0,6328500
2026-02-13,5199.0,5210.0,5135.0,5140.0,4203200
2026-02-16,5156.0,5216.0,5133.0,5155.0,2781100
2026-02-17,5156.0,5197.0,5127.0,5152.0,2929500
2026-02-18,5161.0,5246.0,5130.0,5228.0,3712400
2026-02-19,5278.0,5438.0,5275.0,5415.0,6905300
2026-02-20,5430.0,5492.0,5350.0,5441.0,4884400
2026-02-24,5454.0,5505.0,5432.0,5505.0,6129100
2026-02-25,5523.0,5528.0,5408.0,5495.0,4535300
2026-02-26,5507.0,5697.0,5500.0,5691.0,7245900
2026-02-27,5691.0,5800.0,5645.0,5798.0,6775300
2026-03-02,5933.0,6080.0,5782.0,6049.0,13491400
2026-03-03,6100.0,6161.0,5963.0,6006.0,7912900
2026-03-04,5906.0,6019.0,5771.0,5898.0,7287200
2026-03-05,5977.0,6069.0,5928.0,6034.0,6264900
2026-03-06,5951.0,5958.0,5793.0,5958.0,4307200
2026-03-09,5835.0,6003.0,5814.0,5961.0,6055500
2026-03-10,5970.0,6040.0,5854.0,6001.0,4745300
2026-03-11,6050.0,6280.0,6025.0,6249.0,5189200
2026-03-12,6230.0,6258.0,6072.0,6174.0,4291900
2026-03-13,6111.0,6250.0,6104.0,6116.0,4121000
2026-03-16,6175.0,6191.0,6008.0,6039.0,2957500
2026-03-17,6100.0,6380.0,6041.0,6276.0,5739800
2026-03-18,6470.0,7060.0,6445.0,7014.0,20924500
2026-03-19,7024.0,7325.0,6964.0,6976.0,15434800
2026-03-23,6834.0,6836.0,6346.0,6382.0,9151800
2026-03-24,6438.0,6511.0,6314.0,6410.0,5787300
2026-03-25,6589.0,6597.0,6338.0,6532.0,4874700
2026-03-26,6782.0,6904.0,6681.0,6862.0,6889100
2026-03-27,6906.0,7053.0,6778.0,7022.0,6052600
2026-03-30,6700.0,6810.0,6655.0,6763.0,5120000
2026-03-31,6750.0,6799.0,6496.0,6496.0,5733700
2026-04-01,6492.0,6518.0,6200.0,6498.0,11491900
2026-04-02,6787.0,6842.0,6481.0,6603.0,7006300
2026-04-03,6801.0,6808.0,6667.0,6766.0,4470300
2026-04-06,6844.0,6948.0,6762.0,6851.0,5201800
2026-04-07,6850.0,6952.0,6792.0,6870.0,4607500
2026-04-08,6890.0,6912.0,6556.0,6593.0,10196700
2026-04-09,6655.0,6716.0,6580.0,6631.0,5595300
2026-04-10,6600.0,6604.0,6423.0,6473.0,5396300
2026-04-13,6500.0,6596.0,6382.0,6387.0,4063300
2026-04-14,6300.0,6475.0,6248.0,6408.0,3725600
2026-04-15,6434.0,6448.0,6231.0,6362.0,4716800
2026-04-16,6300.0,6433.0,6267.0,6380.0,3442200
2026-04-17,6394.0,6419.0,6305.0,6307.0,2317900
2026-04-20,6252.0,6284.0,6090.0,6106.0,3467600
2026-04-21,6100.0,6140.0,6018.0,6088.0,2305800
2026-04-22,6100.0,6156.0,6051.0,6089.0,2322000
2026-04-23,6051.0,6155.0,5921.0,5999.0,2752600
2026-04-24,6088.0,6187.0,6064.0,6122.0,2819100
2026-04-27,5950.0,5950.0,5761.0,5773.0,4504600
2026-04-28,5812.0,6039.0,5775.0,5965.0,4200100
2026-04-30,6000.0,6127.0,5765.0,5935.0,7661200
2026-05-01,5890.0,5992.0,5789.0,5917.0,3181100
2026-05-07,5817.0,5980.0,5723.0,5870.0,4481600
2026-05-08,5796.0,5810.0,5676.0,5774.0,3681700
2026-05-11,5676.0,5898.0,5676.0,5802.0,3547900
2026-05-12,5783.0,5971.0,5751.0,5846.0,2624200
2026-05-13,5804.0,5989.0,5762.0,5873.0,2542200
2026-05-14,5886.0,5901.0,5794.0,5901.0,2998100
2026-05-15,5850.0,5925.0,5809.0,5863.0,2388400
2026-05-18,5861.0,5942.0,5823.0,5851.0,2312700
2026-05-19,5839.0,5888.0,5813.0,5824.0,2194000
2026-05-20,5794.0,5810.0,5680.0,5795.0,2967900
2026-05-21,5827.0,5828.0,5703.0,5709.0,2182800
2026-05-22,5648.0,5705.0,5589.0,5650.0,2208700
2026-05-25,5681.0,5693.0,5507.0,5560.0,3054400
2026-05-26,5569.0,5572.0,5454.0,5554.0,2383300
2026-05-27,5570.0,5581.0,5430.0,5454.0,2733700
2026-05-28,5420.0,5508.0,5397.0,5433.0,2584400
2026-05-29,5400.0,5532.0,5371.0,5476.0,4613300
2026-06-01,5562.0,5566.0,5335.0,5385.0,2656300
2026-06-02,5421.0,5509.0,5361.0,5500.0,3334700
2026-06-03,5484.0,5485.0,5382.0,5459.0,2569800
2026-06-04,5433.0,5608.0,5431.0,5534.0,2829200
2026-06-05,5685.0,5856.0,5650.0,5801.0,3680300
2026-06-08,5784.0,5849.0,5677.0,5767.0,3257400
2026-06-09,5867.0,6028.0,5856.0,5878.0,3537200
2026-06-10,5878.0,5878.0,5613.0,5689.0,2711600
2026-06-11,5636.0,5815.0,5630.0,5712.0,2397100
2026-06-12,5757.0,5785.0,5681.0,5765.0,2554800
2026-06-15,5742.0,5811.0,5570.0,5686.0,3213300
2026-06-16,5686.0,5749.0,5547.0,5559.0,3239900
2026-06-17,5459.0,5532.0,5372.0,5438.0,3724500
2026-06-18,5420.0,5420.0,5330.0,5362.0,3703400
2026-06-19,5343.0,5345.0,5233.0,5264.0,4248600
2026-06-22,5251.0,5333.0,5231.0,5293.0,2490100
2026-06-23,5293.0,5342.0,5254.0,5328.0,3014900
2026-06-24,5388.0,5447.0,5350.0,5370.0,2223000
2026-06-25,5342.0,5380.0,5210.0,5255.0,3199300
2026-06-26,5275.0,5301.0,5195.0,5219.0,2617600
2026-06-29,5230.0,5296.0,5218.0,5234.0,2820200
2026-06-30,5263.0,5290.0,5212.0,5213.0,2545800
2026-07-01,5210.0,5215.0,5010.0,5031.0,3466500
2026-07-02,5050.0,5123.0,5045.0,5121.0,2629600
2026-07-03,5200.0,5277.0,5170.0,5193.0,2025300
2026-07-06,5210.0,5395.0,5195.0,5379.0,2442600
2026-07-07,5285.0,5344.0,5171.0,5322.0,3707700
2026-07-08,5391.0,5491.0,5328.0,5421.0,2819900
2026-07-09,5425.0,5550.0,5425.0,5478.0,2080700
2026-07-10,5460.0,5460.0,5318.0,5324.0,2650600
2026-07-13,5380.0,5398.0,5330.0,5340.0,1602500
2026-07-14,5402.0,5505.0,5370.0,5500.0,2358400
2026-07-15,5539.0,5617.0,5522.0,5605.0,2238300
2026-07-16,5622.0,5642.0,5495.0,5522.0,2042800
2026-07-17,5550.0,5688.0,5534.0,5609.0,2570000
2026-07-21,5629.0,5690.0,5611.0,5670.0,1967600
2026-07-22,5699.0,5784.0,5690.0,5783.0,2304900
2026-07-23,5801.0,5820.0,5743.0,5795.0,1618700
2026-07-24,5795.0,5881.0,5750.0,5843.0,1943800
2026-07-27,5917.0,6022.0,5860.0,5912.0,3032100
2026-07-28,5849.0,5895.0,5782.0,5863.0,1910600
2026-07-29,5930.0,5984.0,5880.0,5953.0,2913000
2026-07-30,5914.0,5955.0,5848.0,5933.0,1951100
2026-07-31,5833.0,5974.0,5801.0,5894.0,2683900
2026-08-03,5813.0,5833.0,5658.0,5801.0,2976000
2026-08-04,5901.0,6064.0,5803.0,6058.0,5016900
2026-08-05,5995.0,6023.0,5922.0,5970.0,3218900
2026-08-06,5920.0,6108.0,5900.0,6036.0,2756300
2026-08-07,6085.0,6226.0,6029.0,6186.0,3250100
2026-08-10,6234.0,6310.0,6166.0,6279.0,2719700
2026-08-12,6222.0,6247.0,6137.0,6166.0,2570100
2026-08-13,6205.0,6324.0,6192.0,6279.0,2577700
2026-08-14,6325.0,6502.0,6295.0,6471.0,3580200
2026-08-17,6543.0,6673.0,6511.0,6629.0,3114900
2026-08-18,6657.0,6950.0,6645.0,6881.0,5085300
2026-08-19,6981.0,6986.0,6774.0,6966.0,4851000
2026-08-20,6891.0,7028.0,6836.0,6957.0,3466500
2026-08-21,7000.0,7278.0,6942.0,7278.0,5966400
2026-08-24,7300.0,7397.0,7210.0,7275.0,3713100
2026-08-25,7310.0,7509.0,7194.0,7214.0,4757300
2026-08-26,7064.0,7210.0,7010.0,7074.0,3764400
2026-08-27,7022.0,7105.0,6933.0,7003.0,3492500
2026-08-28,7002.0,7144.0,6954.0,7096.0,2466100
2026-08-31,7053.0,7077.0,6895.0,7006.0,3733900
2026-09-01,6927.0,7107.0,6921.0,7047.0,2897900
2026-09-02,7127.0,7210.0,7026.0,7038.0,3837000
2026-09-03,7112.0,7275.0,7062.0,7190.0,2909900
2026-09-04,7300.0,7318.0,6883.0,6969.0,4884400
2026-09-07,7025.0,7224.0,6995.0,7164.0,3357500
2026-09-08,7110.0,7196.0,7072.0,7114.0,2091500
2026-09-09,7030.0,7105.0,6967.0,7039.0,2024600
2026-09-10,7007.0,7136.0,6949.0,6980.0,2340300
2026-09-11,6900.0,7129.0,6821.0,7046.0,3717100
2026-09-14,7050.0,7207.0,7020.0,7109.0,2626700
2026-09-15,7120.0,7145.0,7000.0,7025.0,1697500
2026-09-16,7029.0,7203.0,7029.0,7149.0,2380400
2026-09-17,7295.0,7471.0,7279.0,7438.0,3743600
2026-09-18,7480.0,7481.0,7240.0,7240.0,3485600
2026-09-24,7290.0,7320.0,7068.0,7104.0,3374000
2026-09-25,7142.0,7199.0,7047.0,7106.0,2549700
2026-09-28,7066.0,7171.0,7034.0,7121.0,3094500
